instance,cell,orientation,endpoint_net,endpoint_layer,endpoint_bbox,top_component_id,witness_path_shape_count,witness_path_via_count,passed,endpoint_component_id,witness_path_shape_ids
upper_enable_stage/inv_a0,PINV,R0,VDD,m1,"{""by"": 6.055, ""layer"": ""m1"", ""lx"": 46.9, ""rx"": 47.5875, ""uy"": 6.12}",via5_513,23,8,True,via5_513,"[""m1_1582"", ""m1_1523"", ""via1_8"", ""m2_10"", ""via2_14"", ""m3_15"", ""via3_16"", ""m4_17"", ""via4_18"", ""m5_19"", ""via5_20"", ""m6_34"", ""via5_31"", ""m5_30"", ""via4_29"", ""m4_28"", ""via3_27"", ""m3_26"", ""via2_25"", ""m2_24"", ""via1_23"", ""m1_33"", ""m1_4""]"
upper_enable_stage/inv_a0,PINV,R0,VSS,m1,"{""by"": 4.235, ""layer"": ""m1"", ""lx"": 46.9, ""rx"": 47.5875, ""uy"": 4.3}",via5_1035,23,8,True,via5_1035,"[""m1_1593"", ""m1_1553"", ""via1_1555"", ""m2_1556"", ""via2_1559"", ""m3_1560"", ""via3_538"", ""m4_539"", ""via4_540"", ""m5_541"", ""via5_542"", ""m6_556"", ""via5_553"", ""m5_552"", ""via4_551"", ""m4_550"", ""via3_549"", ""m3_548"", ""via2_547"", ""m2_546"", ""via1_545"", ""m1_555"", ""m1_5""]"
upper_enable_stage/inv_a1,PINV,R0,VDD,m1,"{""by"": 6.055, ""layer"": ""m1"", ""lx"": 47.6975, ""rx"": 48.385, ""uy"": 6.12}",via5_513,23,8,True,via5_513,"[""m1_1582"", ""m1_1523"", ""via1_8"", ""m2_10"", ""via2_14"", ""m3_15"", ""via3_16"", ""m4_17"", ""via4_18"", ""m5_19"", ""via5_20"", ""m6_34"", ""via5_31"", ""m5_30"", ""via4_29"", ""m4_28"", ""via3_27"", ""m3_26"", ""via2_25"", ""m2_24"", ""via1_23"", ""m1_33"", ""m1_4""]"
upper_enable_stage/inv_a1,PINV,R0,VSS,m1,"{""by"": 4.235, ""layer"": ""m1"", ""lx"": 47.6975, ""rx"": 48.385, ""uy"": 4.3}",via5_1035,23,8,True,via5_1035,"[""m1_1593"", ""m1_1553"", ""via1_1555"", ""m2_1556"", ""via2_1559"", ""m3_1560"", ""via3_538"", ""m4_539"", ""via4_540"", ""m5_541"", ""via5_542"", ""m6_556"", ""via5_553"", ""m5_552"", ""via4_551"", ""m4_550"", ""via3_549"", ""m3_548"", ""via2_547"", ""m2_546"", ""via1_545"", ""m1_555"", ""m1_5""]"
upper_enable_stage/inv_a2,PINV,R0,VDD,m1,"{""by"": 6.055, ""layer"": ""m1"", ""lx"": 48.495, ""rx"": 49.1825, ""uy"": 6.12}",via5_513,23,8,True,via5_513,"[""m1_1582"", ""m1_1523"", ""via1_8"", ""m2_10"", ""via2_14"", ""m3_15"", ""via3_16"", ""m4_17"", ""via4_18"", ""m5_19"", ""via5_20"", ""m6_34"", ""via5_31"", ""m5_30"", ""via4_29"", ""m4_28"", ""via3_27"", ""m3_26"", ""via2_25"", ""m2_24"", ""via1_23"", ""m1_33"", ""m1_4""]"
upper_enable_stage/inv_a2,PINV,R0,VSS,m1,"{""by"": 4.235, ""layer"": ""m1"", ""lx"": 48.495, ""rx"": 49.1825, ""uy"": 4.3}",via5_1035,23,8,True,via5_1035,"[""m1_1593"", ""m1_1553"", ""via1_1555"", ""m2_1556"", ""via2_1559"", ""m3_1560"", ""via3_538"", ""m4_539"", ""via4_540"", ""m5_541"", ""via5_542"", ""m6_556"", ""via5_553"", ""m5_552"", ""via4_551"", ""m4_550"", ""via3_549"", ""m3_548"", ""via2_547"", ""m2_546"", ""via1_545"", ""m1_555"", ""m1_5""]"
upper_enable_stage/and3_pre_0,AND3,R0,VDD,m1,"{""by"": 6.055, ""layer"": ""m1"", ""lx"": 49.2925, ""rx"": 51.3375, ""uy"": 6.12}",via5_513,23,8,True,via5_513,"[""m1_1582"", ""m1_1523"", ""via1_8"", ""m2_10"", ""via2_14"", ""m3_15"", ""via3_16"", ""m4_17"", ""via4_18"", ""m5_19"", ""via5_20"", ""m6_34"", ""via5_31"", ""m5_30"", ""via4_29"", ""m4_28"", ""via3_27"", ""m3_26"", ""via2_25"", ""m2_24"", ""via1_23"", ""m1_33"", ""m1_4""]"
upper_enable_stage/and3_pre_0,AND3,R0,VSS,m1,"{""by"": 4.235, ""layer"": ""m1"", ""lx"": 49.2925, ""rx"": 51.3375, ""uy"": 4.3}",via5_1035,23,8,True,via5_1035,"[""m1_1593"", ""m1_1553"", ""via1_1555"", ""m2_1556"", ""via2_1559"", ""m3_1560"", ""via3_538"", ""m4_539"", ""via4_540"", ""m5_541"", ""via5_542"", ""m6_556"", ""via5_553"", ""m5_552"", ""via4_551"", ""m4_550"", ""via3_549"", ""m3_548"", ""via2_547"", ""m2_546"", ""via1_545"", ""m1_555"", ""m1_5""]"
upper_enable_stage/and2_en_0,AND2,R0,VDD,m1,"{""by"": 6.055, ""layer"": ""m1"", ""lx"": 51.4475, ""rx"": 53.1475, ""uy"": 6.12}",via5_513,23,8,True,via5_513,"[""m1_1582"", ""m1_1523"", ""via1_8"", ""m2_10"", ""via2_14"", ""m3_15"", ""via3_16"", ""m4_17"", ""via4_18"", ""m5_19"", ""via5_20"", ""m6_34"", ""via5_31"", ""m5_30"", ""via4_29"", ""m4_28"", ""via3_27"", ""m3_26"", ""via2_25"", ""m2_24"", ""via1_23"", ""m1_33"", ""m1_4""]"
upper_enable_stage/and2_en_0,AND2,R0,VSS,m1,"{""by"": 4.235, ""layer"": ""m1"", ""lx"": 51.4475, ""rx"": 53.1475, ""uy"": 4.3}",via5_1035,23,8,True,via5_1035,"[""m1_1593"", ""m1_1553"", ""via1_1555"", ""m2_1556"", ""via2_1559"", ""m3_1560"", ""via3_538"", ""m4_539"", ""via4_540"", ""m5_541"", ""via5_542"", ""m6_556"", ""via5_553"", ""m5_552"", ""via4_551"", ""m4_550"", ""via3_549"", ""m3_548"", ""via2_547"", ""m2_546"", ""via1_545"", ""m1_555"", ""m1_5""]"
upper_enable_stage/and3_pre_2,AND3,R0,VDD,m1,"{""by"": 6.055, ""layer"": ""m1"", ""lx"": 53.2575, ""rx"": 55.3025, ""uy"": 6.12}",via5_513,23,8,True,via5_513,"[""m1_1582"", ""m1_1523"", ""via1_8"", ""m2_10"", ""via2_14"", ""m3_15"", ""via3_16"", ""m4_17"", ""via4_18"", ""m5_19"", ""via5_20"", ""m6_34"", ""via5_31"", ""m5_30"", ""via4_29"", ""m4_28"", ""via3_27"", ""m3_26"", ""via2_25"", ""m2_24"", ""via1_23"", ""m1_33"", ""m1_4""]"
upper_enable_stage/and3_pre_2,AND3,R0,VSS,m1,"{""by"": 4.235, ""layer"": ""m1"", ""lx"": 53.2575, ""rx"": 55.3025, ""uy"": 4.3}",via5_1035,23,8,True,via5_1035,"[""m1_1593"", ""m1_1553"", ""via1_1555"", ""m2_1556"", ""via2_1559"", ""m3_1560"", ""via3_538"", ""m4_539"", ""via4_540"", ""m5_541"", ""via5_542"", ""m6_556"", ""via5_553"", ""m5_552"", ""via4_551"", ""m4_550"", ""via3_549"", ""m3_548"", ""via2_547"", ""m2_546"", ""via1_545"", ""m1_555"", ""m1_5""]"
upper_enable_stage/and2_en_2,AND2,R0,VDD,m1,"{""by"": 6.055, ""layer"": ""m1"", ""lx"": 55.4125, ""rx"": 57.1125, ""uy"": 6.12}",via5_513,23,8,True,via5_513,"[""m1_1582"", ""m1_1523"", ""via1_8"", ""m2_10"", ""via2_14"", ""m3_15"", ""via3_16"", ""m4_17"", ""via4_18"", ""m5_19"", ""via5_20"", ""m6_34"", ""via5_31"", ""m5_30"", ""via4_29"", ""m4_28"", ""via3_27"", ""m3_26"", ""via2_25"", ""m2_24"", ""via1_23"", ""m1_33"", ""m1_4""]"
upper_enable_stage/and2_en_2,AND2,R0,VSS,m1,"{""by"": 4.235, ""layer"": ""m1"", ""lx"": 55.4125, ""rx"": 57.1125, ""uy"": 4.3}",via5_1035,23,8,True,via5_1035,"[""m1_1593"", ""m1_1553"", ""via1_1555"", ""m2_1556"", ""via2_1559"", ""m3_1560"", ""via3_538"", ""m4_539"", ""via4_540"", ""m5_541"", ""via5_542"", ""m6_556"", ""via5_553"", ""m5_552"", ""via4_551"", ""m4_550"", ""via3_549"", ""m3_548"", ""via2_547"", ""m2_546"", ""via1_545"", ""m1_555"", ""m1_5""]"
upper_enable_stage/and3_pre_4,AND3,R0,VDD,m1,"{""by"": 6.055, ""layer"": ""m1"", ""lx"": 57.2225, ""rx"": 59.2675, ""uy"": 6.12}",via5_513,23,8,True,via5_513,"[""m1_1582"", ""m1_1523"", ""via1_8"", ""m2_10"", ""via2_14"", ""m3_15"", ""via3_16"", ""m4_17"", ""via4_18"", ""m5_19"", ""via5_20"", ""m6_34"", ""via5_31"", ""m5_30"", ""via4_29"", ""m4_28"", ""via3_27"", ""m3_26"", ""via2_25"", ""m2_24"", ""via1_23"", ""m1_33"", ""m1_4""]"
upper_enable_stage/and3_pre_4,AND3,R0,VSS,m1,"{""by"": 4.235, ""layer"": ""m1"", ""lx"": 57.2225, ""rx"": 59.2675, ""uy"": 4.3}",via5_1035,23,8,True,via5_1035,"[""m1_1593"", ""m1_1553"", ""via1_1555"", ""m2_1556"", ""via2_1559"", ""m3_1560"", ""via3_538"", ""m4_539"", ""via4_540"", ""m5_541"", ""via5_542"", ""m6_556"", ""via5_553"", ""m5_552"", ""via4_551"", ""m4_550"", ""via3_549"", ""m3_548"", ""via2_547"", ""m2_546"", ""via1_545"", ""m1_555"", ""m1_5""]"
upper_enable_stage/and2_en_4,AND2,R0,VDD,m1,"{""by"": 6.055, ""layer"": ""m1"", ""lx"": 59.3775, ""rx"": 61.0775, ""uy"": 6.12}",via5_513,23,8,True,via5_513,"[""m1_1582"", ""m1_1523"", ""via1_8"", ""m2_10"", ""via2_14"", ""m3_15"", ""via3_16"", ""m4_17"", ""via4_18"", ""m5_19"", ""via5_20"", ""m6_34"", ""via5_31"", ""m5_30"", ""via4_29"", ""m4_28"", ""via3_27"", ""m3_26"", ""via2_25"", ""m2_24"", ""via1_23"", ""m1_33"", ""m1_4""]"
upper_enable_stage/and2_en_4,AND2,R0,VSS,m1,"{""by"": 4.235, ""layer"": ""m1"", ""lx"": 59.3775, ""rx"": 61.0775, ""uy"": 4.3}",via5_1035,23,8,True,via5_1035,"[""m1_1593"", ""m1_1553"", ""via1_1555"", ""m2_1556"", ""via2_1559"", ""m3_1560"", ""via3_538"", ""m4_539"", ""via4_540"", ""m5_541"", ""via5_542"", ""m6_556"", ""via5_553"", ""m5_552"", ""via4_551"", ""m4_550"", ""via3_549"", ""m3_548"", ""via2_547"", ""m2_546"", ""via1_545"", ""m1_555"", ""m1_5""]"
upper_enable_stage/and3_pre_6,AND3,R0,VDD,m1,"{""by"": 6.055, ""layer"": ""m1"", ""lx"": 61.1875, ""rx"": 63.2325, ""uy"": 6.12}",via5_513,23,8,True,via5_513,"[""m1_1582"", ""m1_1523"", ""via1_8"", ""m2_10"", ""via2_14"", ""m3_15"", ""via3_16"", ""m4_17"", ""via4_18"", ""m5_19"", ""via5_20"", ""m6_34"", ""via5_31"", ""m5_30"", ""via4_29"", ""m4_28"", ""via3_27"", ""m3_26"", ""via2_25"", ""m2_24"", ""via1_23"", ""m1_33"", ""m1_4""]"
upper_enable_stage/and3_pre_6,AND3,R0,VSS,m1,"{""by"": 4.235, ""layer"": ""m1"", ""lx"": 61.1875, ""rx"": 63.2325, ""uy"": 4.3}",via5_1035,23,8,True,via5_1035,"[""m1_1593"", ""m1_1553"", ""via1_1555"", ""m2_1556"", ""via2_1559"", ""m3_1560"", ""via3_538"", ""m4_539"", ""via4_540"", ""m5_541"", ""via5_542"", ""m6_556"", ""via5_553"", ""m5_552"", ""via4_551"", ""m4_550"", ""via3_549"", ""m3_548"", ""via2_547"", ""m2_546"", ""via1_545"", ""m1_555"", ""m1_5""]"
upper_enable_stage/and2_en_6,AND2,R0,VDD,m1,"{""by"": 6.055, ""layer"": ""m1"", ""lx"": 63.3425, ""rx"": 65.0425, ""uy"": 6.12}",via5_513,23,8,True,via5_513,"[""m1_1582"", ""m1_1523"", ""via1_8"", ""m2_10"", ""via2_14"", ""m3_15"", ""via3_16"", ""m4_17"", ""via4_18"", ""m5_19"", ""via5_20"", ""m6_34"", ""via5_31"", ""m5_30"", ""via4_29"", ""m4_28"", ""via3_27"", ""m3_26"", ""via2_25"", ""m2_24"", ""via1_23"", ""m1_33"", ""m1_4""]"
upper_enable_stage/and2_en_6,AND2,R0,VSS,m1,"{""by"": 4.235, ""layer"": ""m1"", ""lx"": 63.3425, ""rx"": 65.0425, ""uy"": 4.3}",via5_1035,23,8,True,via5_1035,"[""m1_1593"", ""m1_1553"", ""via1_1555"", ""m2_1556"", ""via2_1559"", ""m3_1560"", ""via3_538"", ""m4_539"", ""via4_540"", ""m5_541"", ""via5_542"", ""m6_556"", ""via5_553"", ""m5_552"", ""via4_551"", ""m4_550"", ""via3_549"", ""m3_548"", ""via2_547"", ""m2_546"", ""via1_545"", ""m1_555"", ""m1_5""]"
upper_enable_stage/and3_pre_1,AND3,R0,VDD,m1,"{""by"": 10.0425, ""layer"": ""m1"", ""lx"": 46.9, ""rx"": 48.945, ""uy"": 10.1075}",via5_513,29,10,True,via5_513,"[""m1_1587"", ""m1_1590"", ""via1_1591"", ""m2_1592"", ""via1_1586"", ""m1_1585"", ""m1_1582"", ""m1_1523"", ""via1_8"", ""m2_10"", ""via2_14"", ""m3_15"", ""via3_16"", ""m4_17"", ""via4_18"", ""m5_19"", ""via5_20"", ""m6_34"", ""via5_31"", ""m5_30"", ""via4_29"", ""m4_28"", ""via3_27"", ""m3_26"", ""via2_25"", ""m2_24"", ""via1_23"", ""m1_33"", ""m1_4""]"
upper_enable_stage/and3_pre_1,AND3,R0,VSS,m1,"{""by"": 8.2225, ""layer"": ""m1"", ""lx"": 46.9, ""rx"": 48.945, ""uy"": 8.2875}",via5_1035,27,10,True,via5_1035,"[""m1_1598"", ""m1_1601"", ""via1_1602"", ""m2_1603"", ""via1_1597"", ""m1_1596"", ""via1_530"", ""m2_532"", ""via2_536"", ""m3_1560"", ""via3_538"", ""m4_539"", ""via4_540"", ""m5_541"", ""via5_542"", ""m6_556"", ""via5_553"", ""m5_552"", ""via4_551"", ""m4_550"", ""via3_549"", ""m3_548"", ""via2_547"", ""m2_546"", ""via1_545"", ""m1_555"", ""m1_5""]"
upper_enable_stage/and2_en_1,AND2,R0,VDD,m1,"{""by"": 10.0425, ""layer"": ""m1"", ""lx"": 49.055, ""rx"": 50.755, ""uy"": 10.1075}",via5_513,29,10,True,via5_513,"[""m1_1587"", ""m1_1590"", ""via1_1591"", ""m2_1592"", ""via1_1586"", ""m1_1585"", ""m1_1582"", ""m1_1523"", ""via1_8"", ""m2_10"", ""via2_14"", ""m3_15"", ""via3_16"", ""m4_17"", ""via4_18"", ""m5_19"", ""via5_20"", ""m6_34"", ""via5_31"", ""m5_30"", ""via4_29"", ""m4_28"", ""via3_27"", ""m3_26"", ""via2_25"", ""m2_24"", ""via1_23"", ""m1_33"", ""m1_4""]"
upper_enable_stage/and2_en_1,AND2,R0,VSS,m1,"{""by"": 8.2225, ""layer"": ""m1"", ""lx"": 49.055, ""rx"": 50.755, ""uy"": 8.2875}",via5_1035,27,10,True,via5_1035,"[""m1_1598"", ""m1_1601"", ""via1_1602"", ""m2_1603"", ""via1_1597"", ""m1_1596"", ""via1_530"", ""m2_532"", ""via2_536"", ""m3_1560"", ""via3_538"", ""m4_539"", ""via4_540"", ""m5_541"", ""via5_542"", ""m6_556"", ""via5_553"", ""m5_552"", ""via4_551"", ""m4_550"", ""via3_549"", ""m3_548"", ""via2_547"", ""m2_546"", ""via1_545"", ""m1_555"", ""m1_5""]"
upper_enable_stage/and3_pre_3,AND3,R0,VDD,m1,"{""by"": 10.0425, ""layer"": ""m1"", ""lx"": 50.865, ""rx"": 52.91, ""uy"": 10.1075}",via5_513,29,10,True,via5_513,"[""m1_1587"", ""m1_1590"", ""via1_1591"", ""m2_1592"", ""via1_1586"", ""m1_1585"", ""m1_1582"", ""m1_1523"", ""via1_8"", ""m2_10"", ""via2_14"", ""m3_15"", ""via3_16"", ""m4_17"", ""via4_18"", ""m5_19"", ""via5_20"", ""m6_34"", ""via5_31"", ""m5_30"", ""via4_29"", ""m4_28"", ""via3_27"", ""m3_26"", ""via2_25"", ""m2_24"", ""via1_23"", ""m1_33"", ""m1_4""]"
upper_enable_stage/and3_pre_3,AND3,R0,VSS,m1,"{""by"": 8.2225, ""layer"": ""m1"", ""lx"": 50.865, ""rx"": 52.91, ""uy"": 8.2875}",via5_1035,27,10,True,via5_1035,"[""m1_1598"", ""m1_1601"", ""via1_1602"", ""m2_1603"", ""via1_1597"", ""m1_1596"", ""via1_530"", ""m2_532"", ""via2_536"", ""m3_1560"", ""via3_538"", ""m4_539"", ""via4_540"", ""m5_541"", ""via5_542"", ""m6_556"", ""via5_553"", ""m5_552"", ""via4_551"", ""m4_550"", ""via3_549"", ""m3_548"", ""via2_547"", ""m2_546"", ""via1_545"", ""m1_555"", ""m1_5""]"
upper_enable_stage/and2_en_3,AND2,R0,VDD,m1,"{""by"": 10.0425, ""layer"": ""m1"", ""lx"": 53.02, ""rx"": 54.72, ""uy"": 10.1075}",via5_513,29,10,True,via5_513,"[""m1_1587"", ""m1_1590"", ""via1_1591"", ""m2_1592"", ""via1_1586"", ""m1_1585"", ""m1_1582"", ""m1_1523"", ""via1_8"", ""m2_10"", ""via2_14"", ""m3_15"", ""via3_16"", ""m4_17"", ""via4_18"", ""m5_19"", ""via5_20"", ""m6_34"", ""via5_31"", ""m5_30"", ""via4_29"", ""m4_28"", ""via3_27"", ""m3_26"", ""via2_25"", ""m2_24"", ""via1_23"", ""m1_33"", ""m1_4""]"
upper_enable_stage/and2_en_3,AND2,R0,VSS,m1,"{""by"": 8.2225, ""layer"": ""m1"", ""lx"": 53.02, ""rx"": 54.72, ""uy"": 8.2875}",via5_1035,27,10,True,via5_1035,"[""m1_1598"", ""m1_1601"", ""via1_1602"", ""m2_1603"", ""via1_1597"", ""m1_1596"", ""via1_530"", ""m2_532"", ""via2_536"", ""m3_1560"", ""via3_538"", ""m4_539"", ""via4_540"", ""m5_541"", ""via5_542"", ""m6_556"", ""via5_553"", ""m5_552"", ""via4_551"", ""m4_550"", ""via3_549"", ""m3_548"", ""via2_547"", ""m2_546"", ""via1_545"", ""m1_555"", ""m1_5""]"
upper_enable_stage/and3_pre_5,AND3,R0,VDD,m1,"{""by"": 10.0425, ""layer"": ""m1"", ""lx"": 54.83, ""rx"": 56.875, ""uy"": 10.1075}",via5_513,29,10,True,via5_513,"[""m1_1587"", ""m1_1590"", ""via1_1591"", ""m2_1592"", ""via1_1586"", ""m1_1585"", ""m1_1582"", ""m1_1523"", ""via1_8"", ""m2_10"", ""via2_14"", ""m3_15"", ""via3_16"", ""m4_17"", ""via4_18"", ""m5_19"", ""via5_20"", ""m6_34"", ""via5_31"", ""m5_30"", ""via4_29"", ""m4_28"", ""via3_27"", ""m3_26"", ""via2_25"", ""m2_24"", ""via1_23"", ""m1_33"", ""m1_4""]"
upper_enable_stage/and3_pre_5,AND3,R0,VSS,m1,"{""by"": 8.2225, ""layer"": ""m1"", ""lx"": 54.83, ""rx"": 56.875, ""uy"": 8.2875}",via5_1035,27,10,True,via5_1035,"[""m1_1598"", ""m1_1601"", ""via1_1602"", ""m2_1603"", ""via1_1597"", ""m1_1596"", ""via1_530"", ""m2_532"", ""via2_536"", ""m3_1560"", ""via3_538"", ""m4_539"", ""via4_540"", ""m5_541"", ""via5_542"", ""m6_556"", ""via5_553"", ""m5_552"", ""via4_551"", ""m4_550"", ""via3_549"", ""m3_548"", ""via2_547"", ""m2_546"", ""via1_545"", ""m1_555"", ""m1_5""]"
upper_enable_stage/and2_en_5,AND2,R0,VDD,m1,"{""by"": 10.0425, ""layer"": ""m1"", ""lx"": 56.985, ""rx"": 58.685, ""uy"": 10.1075}",via5_513,29,10,True,via5_513,"[""m1_1587"", ""m1_1590"", ""via1_1591"", ""m2_1592"", ""via1_1586"", ""m1_1585"", ""m1_1582"", ""m1_1523"", ""via1_8"", ""m2_10"", ""via2_14"", ""m3_15"", ""via3_16"", ""m4_17"", ""via4_18"", ""m5_19"", ""via5_20"", ""m6_34"", ""via5_31"", ""m5_30"", ""via4_29"", ""m4_28"", ""via3_27"", ""m3_26"", ""via2_25"", ""m2_24"", ""via1_23"", ""m1_33"", ""m1_4""]"
upper_enable_stage/and2_en_5,AND2,R0,VSS,m1,"{""by"": 8.2225, ""layer"": ""m1"", ""lx"": 56.985, ""rx"": 58.685, ""uy"": 8.2875}",via5_1035,27,10,True,via5_1035,"[""m1_1598"", ""m1_1601"", ""via1_1602"", ""m2_1603"", ""via1_1597"", ""m1_1596"", ""via1_530"", ""m2_532"", ""via2_536"", ""m3_1560"", ""via3_538"", ""m4_539"", ""via4_540"", ""m5_541"", ""via5_542"", ""m6_556"", ""via5_553"", ""m5_552"", ""via4_551"", ""m4_550"", ""via3_549"", ""m3_548"", ""via2_547"", ""m2_546"", ""via1_545"", ""m1_555"", ""m1_5""]"
upper_enable_stage/and3_pre_7,AND3,R0,VDD,m1,"{""by"": 10.0425, ""layer"": ""m1"", ""lx"": 58.795, ""rx"": 60.84, ""uy"": 10.1075}",via5_513,29,10,True,via5_513,"[""m1_1587"", ""m1_1590"", ""via1_1591"", ""m2_1592"", ""via1_1586"", ""m1_1585"", ""m1_1582"", ""m1_1523"", ""via1_8"", ""m2_10"", ""via2_14"", ""m3_15"", ""via3_16"", ""m4_17"", ""via4_18"", ""m5_19"", ""via5_20"", ""m6_34"", ""via5_31"", ""m5_30"", ""via4_29"", ""m4_28"", ""via3_27"", ""m3_26"", ""via2_25"", ""m2_24"", ""via1_23"", ""m1_33"", ""m1_4""]"
upper_enable_stage/and3_pre_7,AND3,R0,VSS,m1,"{""by"": 8.2225, ""layer"": ""m1"", ""lx"": 58.795, ""rx"": 60.84, ""uy"": 8.2875}",via5_1035,27,10,True,via5_1035,"[""m1_1598"", ""m1_1601"", ""via1_1602"", ""m2_1603"", ""via1_1597"", ""m1_1596"", ""via1_530"", ""m2_532"", ""via2_536"", ""m3_1560"", ""via3_538"", ""m4_539"", ""via4_540"", ""m5_541"", ""via5_542"", ""m6_556"", ""via5_553"", ""m5_552"", ""via4_551"", ""m4_550"", ""via3_549"", ""m3_548"", ""via2_547"", ""m2_546"", ""via1_545"", ""m1_555"", ""m1_5""]"
upper_enable_stage/and2_en_7,AND2,R0,VDD,m1,"{""by"": 10.0425, ""layer"": ""m1"", ""lx"": 60.95, ""rx"": 62.65, ""uy"": 10.1075}",via5_513,29,10,True,via5_513,"[""m1_1587"", ""m1_1590"", ""via1_1591"", ""m2_1592"", ""via1_1586"", ""m1_1585"", ""m1_1582"", ""m1_1523"", ""via1_8"", ""m2_10"", ""via2_14"", ""m3_15"", ""via3_16"", ""m4_17"", ""via4_18"", ""m5_19"", ""via5_20"", ""m6_34"", ""via5_31"", ""m5_30"", ""via4_29"", ""m4_28"", ""via3_27"", ""m3_26"", ""via2_25"", ""m2_24"", ""via1_23"", ""m1_33"", ""m1_4""]"
upper_enable_stage/and2_en_7,AND2,R0,VSS,m1,"{""by"": 8.2225, ""layer"": ""m1"", ""lx"": 60.95, ""rx"": 62.65, ""uy"": 8.2875}",via5_1035,27,10,True,via5_1035,"[""m1_1598"", ""m1_1601"", ""via1_1602"", ""m2_1603"", ""via1_1597"", ""m1_1596"", ""via1_530"", ""m2_532"", ""via2_536"", ""m3_1560"", ""via3_538"", ""m4_539"", ""via4_540"", ""m5_541"", ""via5_542"", ""m6_556"", ""via5_553"", ""m5_552"", ""via4_551"", ""m4_550"", ""via3_549"", ""m3_548"", ""via2_547"", ""m2_546"", ""via1_545"", ""m1_555"", ""m1_5""]"
lower_wordline_stage_0/inv_a0,PINV,R0,VDD,m1,"{""by"": 10.255, ""layer"": ""m1"", ""lx"": 22.9, ""rx"": 23.5875, ""uy"": 10.32}",via5_513,31,12,True,via5_513,"[""m1_5588"", ""m1_1532"", ""via1_1534"", ""m2_1535"", ""via2_1538"", ""m3_1530"", ""via2_1529"", ""m2_1526"", ""via1_1525"", ""m1_1523"", ""via1_8"", ""m2_10"", ""via2_14"", ""m3_15"", ""via3_16"", ""m4_17"", ""via4_18"", ""m5_19"", ""via5_20"", ""m6_34"", ""via5_31"", ""m5_30"", ""via4_29"", ""m4_28"", ""via3_27"", ""m3_26"", ""via2_25"", ""m2_24"", ""via1_23"", ""m1_33"", ""m1_4""]"
lower_wordline_stage_0/inv_a0,PINV,R0,VSS,m1,"{""by"": 8.435, ""layer"": ""m1"", ""lx"": 22.9, ""rx"": 23.5875, ""uy"": 8.5}",via5_1035,23,8,True,via5_1035,"[""m1_5599"", ""m1_1562"", ""via1_1564"", ""m2_1565"", ""via2_1568"", ""m3_1560"", ""via3_538"", ""m4_539"", ""via4_540"", ""m5_541"", ""via5_542"", ""m6_556"", ""via5_553"", ""m5_552"", ""via4_551"", ""m4_550"", ""via3_549"", ""m3_548"", ""via2_547"", ""m2_546"", ""via1_545"", ""m1_555"", ""m1_5""]"
lower_wordline_stage_0/inv_a1,PINV,R0,VDD,m1,"{""by"": 10.255, ""layer"": ""m1"", ""lx"": 23.6975, ""rx"": 24.385, ""uy"": 10.32}",via5_513,31,12,True,via5_513,"[""m1_5588"", ""m1_1532"", ""via1_1534"", ""m2_1535"", ""via2_1538"", ""m3_1530"", ""via2_1529"", ""m2_1526"", ""via1_1525"", ""m1_1523"", ""via1_8"", ""m2_10"", ""via2_14"", ""m3_15"", ""via3_16"", ""m4_17"", ""via4_18"", ""m5_19"", ""via5_20"", ""m6_34"", ""via5_31"", ""m5_30"", ""via4_29"", ""m4_28"", ""via3_27"", ""m3_26"", ""via2_25"", ""m2_24"", ""via1_23"", ""m1_33"", ""m1_4""]"
lower_wordline_stage_0/inv_a1,PINV,R0,VSS,m1,"{""by"": 8.435, ""layer"": ""m1"", ""lx"": 23.6975, ""rx"": 24.385, ""uy"": 8.5}",via5_1035,23,8,True,via5_1035,"[""m1_5599"", ""m1_1562"", ""via1_1564"", ""m2_1565"", ""via2_1568"", ""m3_1560"", ""via3_538"", ""m4_539"", ""via4_540"", ""m5_541"", ""via5_542"", ""m6_556"", ""via5_553"", ""m5_552"", ""via4_551"", ""m4_550"", ""via3_549"", ""m3_548"", ""via2_547"", ""m2_546"", ""via1_545"", ""m1_555"", ""m1_5""]"
lower_wordline_stage_0/inv_a2,PINV,R0,VDD,m1,"{""by"": 10.255, ""layer"": ""m1"", ""lx"": 24.495, ""rx"": 25.1825, ""uy"": 10.32}",via5_513,31,12,True,via5_513,"[""m1_5588"", ""m1_1532"", ""via1_1534"", ""m2_1535"", ""via2_1538"", ""m3_1530"", ""via2_1529"", ""m2_1526"", ""via1_1525"", ""m1_1523"", ""via1_8"", ""m2_10"", ""via2_14"", ""m3_15"", ""via3_16"", ""m4_17"", ""via4_18"", ""m5_19"", ""via5_20"", ""m6_34"", ""via5_31"", ""m5_30"", ""via4_29"", ""m4_28"", ""via3_27"", ""m3_26"", ""via2_25"", ""m2_24"", ""via1_23"", ""m1_33"", ""m1_4""]"
lower_wordline_stage_0/inv_a2,PINV,R0,VSS,m1,"{""by"": 8.435, ""layer"": ""m1"", ""lx"": 24.495, ""rx"": 25.1825, ""uy"": 8.5}",via5_1035,23,8,True,via5_1035,"[""m1_5599"", ""m1_1562"", ""via1_1564"", ""m2_1565"", ""via2_1568"", ""m3_1560"", ""via3_538"", ""m4_539"", ""via4_540"", ""m5_541"", ""via5_542"", ""m6_556"", ""via5_553"", ""m5_552"", ""via4_551"", ""m4_550"", ""via3_549"", ""m3_548"", ""via2_547"", ""m2_546"", ""via1_545"", ""m1_555"", ""m1_5""]"
lower_wordline_stage_0/and3_pre_0,AND3,R0,VDD,m1,"{""by"": 10.255, ""layer"": ""m1"", ""lx"": 25.2925, ""rx"": 27.3375, ""uy"": 10.32}",via5_513,31,12,True,via5_513,"[""m1_5588"", ""m1_1532"", ""via1_1534"", ""m2_1535"", ""via2_1538"", ""m3_1530"", ""via2_1529"", ""m2_1526"", ""via1_1525"", ""m1_1523"", ""via1_8"", ""m2_10"", ""via2_14"", ""m3_15"", ""via3_16"", ""m4_17"", ""via4_18"", ""m5_19"", ""via5_20"", ""m6_34"", ""via5_31"", ""m5_30"", ""via4_29"", ""m4_28"", ""via3_27"", ""m3_26"", ""via2_25"", ""m2_24"", ""via1_23"", ""m1_33"", ""m1_4""]"
lower_wordline_stage_0/and3_pre_0,AND3,R0,VSS,m1,"{""by"": 8.435, ""layer"": ""m1"", ""lx"": 25.2925, ""rx"": 27.3375, ""uy"": 8.5}",via5_1035,23,8,True,via5_1035,"[""m1_5599"", ""m1_1562"", ""via1_1564"", ""m2_1565"", ""via2_1568"", ""m3_1560"", ""via3_538"", ""m4_539"", ""via4_540"", ""m5_541"", ""via5_542"", ""m6_556"", ""via5_553"", ""m5_552"", ""via4_551"", ""m4_550"", ""via3_549"", ""m3_548"", ""via2_547"", ""m2_546"", ""via1_545"", ""m1_555"", ""m1_5""]"
lower_wordline_stage_0/and2_en_0,AND2,R0,VDD,m1,"{""by"": 10.255, ""layer"": ""m1"", ""lx"": 27.4475, ""rx"": 29.1475, ""uy"": 10.32}",via5_513,31,12,True,via5_513,"[""m1_5588"", ""m1_1532"", ""via1_1534"", ""m2_1535"", ""via2_1538"", ""m3_1530"", ""via2_1529"", ""m2_1526"", ""via1_1525"", ""m1_1523"", ""via1_8"", ""m2_10"", ""via2_14"", ""m3_15"", ""via3_16"", ""m4_17"", ""via4_18"", ""m5_19"", ""via5_20"", ""m6_34"", ""via5_31"", ""m5_30"", ""via4_29"", ""m4_28"", ""via3_27"", ""m3_26"", ""via2_25"", ""m2_24"", ""via1_23"", ""m1_33"", ""m1_4""]"
lower_wordline_stage_0/and2_en_0,AND2,R0,VSS,m1,"{""by"": 8.435, ""layer"": ""m1"", ""lx"": 27.4475, ""rx"": 29.1475, ""uy"": 8.5}",via5_1035,23,8,True,via5_1035,"[""m1_5599"", ""m1_1562"", ""via1_1564"", ""m2_1565"", ""via2_1568"", ""m3_1560"", ""via3_538"", ""m4_539"", ""via4_540"", ""m5_541"", ""via5_542"", ""m6_556"", ""via5_553"", ""m5_552"", ""via4_551"", ""m4_550"", ""via3_549"", ""m3_548"", ""via2_547"", ""m2_546"", ""via1_545"", ""m1_555"", ""m1_5""]"
lower_wordline_stage_0/and3_pre_2,AND3,R0,VDD,m1,"{""by"": 10.255, ""layer"": ""m1"", ""lx"": 29.2575, ""rx"": 31.3025, ""uy"": 10.32}",via5_513,31,12,True,via5_513,"[""m1_5588"", ""m1_1532"", ""via1_1534"", ""m2_1535"", ""via2_1538"", ""m3_1530"", ""via2_1529"", ""m2_1526"", ""via1_1525"", ""m1_1523"", ""via1_8"", ""m2_10"", ""via2_14"", ""m3_15"", ""via3_16"", ""m4_17"", ""via4_18"", ""m5_19"", ""via5_20"", ""m6_34"", ""via5_31"", ""m5_30"", ""via4_29"", ""m4_28"", ""via3_27"", ""m3_26"", ""via2_25"", ""m2_24"", ""via1_23"", ""m1_33"", ""m1_4""]"
lower_wordline_stage_0/and3_pre_2,AND3,R0,VSS,m1,"{""by"": 8.435, ""layer"": ""m1"", ""lx"": 29.2575, ""rx"": 31.3025, ""uy"": 8.5}",via5_1035,23,8,True,via5_1035,"[""m1_5599"", ""m1_1562"", ""via1_1564"", ""m2_1565"", ""via2_1568"", ""m3_1560"", ""via3_538"", ""m4_539"", ""via4_540"", ""m5_541"", ""via5_542"", ""m6_556"", ""via5_553"", ""m5_552"", ""via4_551"", ""m4_550"", ""via3_549"", ""m3_548"", ""via2_547"", ""m2_546"", ""via1_545"", ""m1_555"", ""m1_5""]"
lower_wordline_stage_0/and2_en_2,AND2,R0,VDD,m1,"{""by"": 10.255, ""layer"": ""m1"", ""lx"": 31.4125, ""rx"": 33.1125, ""uy"": 10.32}",via5_513,31,12,True,via5_513,"[""m1_5588"", ""m1_1532"", ""via1_1534"", ""m2_1535"", ""via2_1538"", ""m3_1530"", ""via2_1529"", ""m2_1526"", ""via1_1525"", ""m1_1523"", ""via1_8"", ""m2_10"", ""via2_14"", ""m3_15"", ""via3_16"", ""m4_17"", ""via4_18"", ""m5_19"", ""via5_20"", ""m6_34"", ""via5_31"", ""m5_30"", ""via4_29"", ""m4_28"", ""via3_27"", ""m3_26"", ""via2_25"", ""m2_24"", ""via1_23"", ""m1_33"", ""m1_4""]"
lower_wordline_stage_0/and2_en_2,AND2,R0,VSS,m1,"{""by"": 8.435, ""layer"": ""m1"", ""lx"": 31.4125, ""rx"": 33.1125, ""uy"": 8.5}",via5_1035,23,8,True,via5_1035,"[""m1_5599"", ""m1_1562"", ""via1_1564"", ""m2_1565"", ""via2_1568"", ""m3_1560"", ""via3_538"", ""m4_539"", ""via4_540"", ""m5_541"", ""via5_542"", ""m6_556"", ""via5_553"", ""m5_552"", ""via4_551"", ""m4_550"", ""via3_549"", ""m3_548"", ""via2_547"", ""m2_546"", ""via1_545"", ""m1_555"", ""m1_5""]"
lower_wordline_stage_0/and3_pre_4,AND3,R0,VDD,m1,"{""by"": 10.255, ""layer"": ""m1"", ""lx"": 33.2225, ""rx"": 35.2675, ""uy"": 10.32}",via5_513,31,12,True,via5_513,"[""m1_5588"", ""m1_1532"", ""via1_1534"", ""m2_1535"", ""via2_1538"", ""m3_1530"", ""via2_1529"", ""m2_1526"", ""via1_1525"", ""m1_1523"", ""via1_8"", ""m2_10"", ""via2_14"", ""m3_15"", ""via3_16"", ""m4_17"", ""via4_18"", ""m5_19"", ""via5_20"", ""m6_34"", ""via5_31"", ""m5_30"", ""via4_29"", ""m4_28"", ""via3_27"", ""m3_26"", ""via2_25"", ""m2_24"", ""via1_23"", ""m1_33"", ""m1_4""]"
lower_wordline_stage_0/and3_pre_4,AND3,R0,VSS,m1,"{""by"": 8.435, ""layer"": ""m1"", ""lx"": 33.2225, ""rx"": 35.2675, ""uy"": 8.5}",via5_1035,23,8,True,via5_1035,"[""m1_5599"", ""m1_1562"", ""via1_1564"", ""m2_1565"", ""via2_1568"", ""m3_1560"", ""via3_538"", ""m4_539"", ""via4_540"", ""m5_541"", ""via5_542"", ""m6_556"", ""via5_553"", ""m5_552"", ""via4_551"", ""m4_550"", ""via3_549"", ""m3_548"", ""via2_547"", ""m2_546"", ""via1_545"", ""m1_555"", ""m1_5""]"
lower_wordline_stage_0/and2_en_4,AND2,R0,VDD,m1,"{""by"": 10.255, ""layer"": ""m1"", ""lx"": 35.3775, ""rx"": 37.0775, ""uy"": 10.32}",via5_513,31,12,True,via5_513,"[""m1_5588"", ""m1_1532"", ""via1_1534"", ""m2_1535"", ""via2_1538"", ""m3_1530"", ""via2_1529"", ""m2_1526"", ""via1_1525"", ""m1_1523"", ""via1_8"", ""m2_10"", ""via2_14"", ""m3_15"", ""via3_16"", ""m4_17"", ""via4_18"", ""m5_19"", ""via5_20"", ""m6_34"", ""via5_31"", ""m5_30"", ""via4_29"", ""m4_28"", ""via3_27"", ""m3_26"", ""via2_25"", ""m2_24"", ""via1_23"", ""m1_33"", ""m1_4""]"
lower_wordline_stage_0/and2_en_4,AND2,R0,VSS,m1,"{""by"": 8.435, ""layer"": ""m1"", ""lx"": 35.3775, ""rx"": 37.0775, ""uy"": 8.5}",via5_1035,23,8,True,via5_1035,"[""m1_5599"", ""m1_1562"", ""via1_1564"", ""m2_1565"", ""via2_1568"", ""m3_1560"", ""via3_538"", ""m4_539"", ""via4_540"", ""m5_541"", ""via5_542"", ""m6_556"", ""via5_553"", ""m5_552"", ""via4_551"", ""m4_550"", ""via3_549"", ""m3_548"", ""via2_547"", ""m2_546"", ""via1_545"", ""m1_555"", ""m1_5""]"
lower_wordline_stage_0/and3_pre_6,AND3,R0,VDD,m1,"{""by"": 10.255, ""layer"": ""m1"", ""lx"": 37.1875, ""rx"": 39.2325, ""uy"": 10.32}",via5_513,31,12,True,via5_513,"[""m1_5588"", ""m1_1532"", ""via1_1534"", ""m2_1535"", ""via2_1538"", ""m3_1530"", ""via2_1529"", ""m2_1526"", ""via1_1525"", ""m1_1523"", ""via1_8"", ""m2_10"", ""via2_14"", ""m3_15"", ""via3_16"", ""m4_17"", ""via4_18"", ""m5_19"", ""via5_20"", ""m6_34"", ""via5_31"", ""m5_30"", ""via4_29"", ""m4_28"", ""via3_27"", ""m3_26"", ""via2_25"", ""m2_24"", ""via1_23"", ""m1_33"", ""m1_4""]"
lower_wordline_stage_0/and3_pre_6,AND3,R0,VSS,m1,"{""by"": 8.435, ""layer"": ""m1"", ""lx"": 37.1875, ""rx"": 39.2325, ""uy"": 8.5}",via5_1035,23,8,True,via5_1035,"[""m1_5599"", ""m1_1562"", ""via1_1564"", ""m2_1565"", ""via2_1568"", ""m3_1560"", ""via3_538"", ""m4_539"", ""via4_540"", ""m5_541"", ""via5_542"", ""m6_556"", ""via5_553"", ""m5_552"", ""via4_551"", ""m4_550"", ""via3_549"", ""m3_548"", ""via2_547"", ""m2_546"", ""via1_545"", ""m1_555"", ""m1_5""]"
lower_wordline_stage_0/and2_en_6,AND2,R0,VDD,m1,"{""by"": 10.255, ""layer"": ""m1"", ""lx"": 39.3425, ""rx"": 41.0425, ""uy"": 10.32}",via5_513,31,12,True,via5_513,"[""m1_5588"", ""m1_1532"", ""via1_1534"", ""m2_1535"", ""via2_1538"", ""m3_1530"", ""via2_1529"", ""m2_1526"", ""via1_1525"", ""m1_1523"", ""via1_8"", ""m2_10"", ""via2_14"", ""m3_15"", ""via3_16"", ""m4_17"", ""via4_18"", ""m5_19"", ""via5_20"", ""m6_34"", ""via5_31"", ""m5_30"", ""via4_29"", ""m4_28"", ""via3_27"", ""m3_26"", ""via2_25"", ""m2_24"", ""via1_23"", ""m1_33"", ""m1_4""]"
lower_wordline_stage_0/and2_en_6,AND2,R0,VSS,m1,"{""by"": 8.435, ""layer"": ""m1"", ""lx"": 39.3425, ""rx"": 41.0425, ""uy"": 8.5}",via5_1035,23,8,True,via5_1035,"[""m1_5599"", ""m1_1562"", ""via1_1564"", ""m2_1565"", ""via2_1568"", ""m3_1560"", ""via3_538"", ""m4_539"", ""via4_540"", ""m5_541"", ""via5_542"", ""m6_556"", ""via5_553"", ""m5_552"", ""via4_551"", ""m4_550"", ""via3_549"", ""m3_548"", ""via2_547"", ""m2_546"", ""via1_545"", ""m1_555"", ""m1_5""]"
lower_wordline_stage_0/and3_pre_1,AND3,R0,VDD,m1,"{""by"": 14.2425, ""layer"": ""m1"", ""lx"": 22.9, ""rx"": 24.945, ""uy"": 14.3075}",via5_513,35,14,True,via5_513,"[""m1_5593"", ""m1_5596"", ""via1_5597"", ""m2_5598"", ""via1_5592"", ""m1_1532"", ""via1_1534"", ""m2_1535"", ""via2_1538"", ""m3_1530"", ""via2_1529"", ""m2_1526"", ""via1_1525"", ""m1_1523"", ""via1_8"", ""m2_10"", ""via2_14"", ""m3_15"", ""via3_16"", ""m4_17"", ""via4_18"", ""m5_19"", ""via5_20"", ""m6_34"", ""via5_31"", ""m5_30"", ""via4_29"", ""m4_28"", ""via3_27"", ""m3_26"", ""via2_25"", ""m2_24"", ""via1_23"", ""m1_33"", ""m1_4""]"
lower_wordline_stage_0/and3_pre_1,AND3,R0,VSS,m1,"{""by"": 12.4225, ""layer"": ""m1"", ""lx"": 22.9, ""rx"": 24.945, ""uy"": 12.4875}",via5_1035,27,10,True,via5_1035,"[""m1_5604"", ""m1_5607"", ""via1_5608"", ""m2_5609"", ""via1_5603"", ""m1_1562"", ""via1_1564"", ""m2_1565"", ""via2_1568"", ""m3_1560"", ""via3_538"", ""m4_539"", ""via4_540"", ""m5_541"", ""via5_542"", ""m6_556"", ""via5_553"", ""m5_552"", ""via4_551"", ""m4_550"", ""via3_549"", ""m3_548"", ""via2_547"", ""m2_546"", ""via1_545"", ""m1_555"", ""m1_5""]"
lower_wordline_stage_0/and2_en_1,AND2,R0,VDD,m1,"{""by"": 14.2425, ""layer"": ""m1"", ""lx"": 25.055, ""rx"": 26.755, ""uy"": 14.3075}",via5_513,35,14,True,via5_513,"[""m1_5593"", ""m1_5596"", ""via1_5597"", ""m2_5598"", ""via1_5592"", ""m1_1532"", ""via1_1534"", ""m2_1535"", ""via2_1538"", ""m3_1530"", ""via2_1529"", ""m2_1526"", ""via1_1525"", ""m1_1523"", ""via1_8"", ""m2_10"", ""via2_14"", ""m3_15"", ""via3_16"", ""m4_17"", ""via4_18"", ""m5_19"", ""via5_20"", ""m6_34"", ""via5_31"", ""m5_30"", ""via4_29"", ""m4_28"", ""via3_27"", ""m3_26"", ""via2_25"", ""m2_24"", ""via1_23"", ""m1_33"", ""m1_4""]"
lower_wordline_stage_0/and2_en_1,AND2,R0,VSS,m1,"{""by"": 12.4225, ""layer"": ""m1"", ""lx"": 25.055, ""rx"": 26.755, ""uy"": 12.4875}",via5_1035,27,10,True,via5_1035,"[""m1_5604"", ""m1_5607"", ""via1_5608"", ""m2_5609"", ""via1_5603"", ""m1_1562"", ""via1_1564"", ""m2_1565"", ""via2_1568"", ""m3_1560"", ""via3_538"", ""m4_539"", ""via4_540"", ""m5_541"", ""via5_542"", ""m6_556"", ""via5_553"", ""m5_552"", ""via4_551"", ""m4_550"", ""via3_549"", ""m3_548"", ""via2_547"", ""m2_546"", ""via1_545"", ""m1_555"", ""m1_5""]"
lower_wordline_stage_0/and3_pre_3,AND3,R0,VDD,m1,"{""by"": 14.2425, ""layer"": ""m1"", ""lx"": 26.865, ""rx"": 28.91, ""uy"": 14.3075}",via5_513,35,14,True,via5_513,"[""m1_5593"", ""m1_5596"", ""via1_5597"", ""m2_5598"", ""via1_5592"", ""m1_1532"", ""via1_1534"", ""m2_1535"", ""via2_1538"", ""m3_1530"", ""via2_1529"", ""m2_1526"", ""via1_1525"", ""m1_1523"", ""via1_8"", ""m2_10"", ""via2_14"", ""m3_15"", ""via3_16"", ""m4_17"", ""via4_18"", ""m5_19"", ""via5_20"", ""m6_34"", ""via5_31"", ""m5_30"", ""via4_29"", ""m4_28"", ""via3_27"", ""m3_26"", ""via2_25"", ""m2_24"", ""via1_23"", ""m1_33"", ""m1_4""]"
lower_wordline_stage_0/and3_pre_3,AND3,R0,VSS,m1,"{""by"": 12.4225, ""layer"": ""m1"", ""lx"": 26.865, ""rx"": 28.91, ""uy"": 12.4875}",via5_1035,27,10,True,via5_1035,"[""m1_5604"", ""m1_5607"", ""via1_5608"", ""m2_5609"", ""via1_5603"", ""m1_1562"", ""via1_1564"", ""m2_1565"", ""via2_1568"", ""m3_1560"", ""via3_538"", ""m4_539"", ""via4_540"", ""m5_541"", ""via5_542"", ""m6_556"", ""via5_553"", ""m5_552"", ""via4_551"", ""m4_550"", ""via3_549"", ""m3_548"", ""via2_547"", ""m2_546"", ""via1_545"", ""m1_555"", ""m1_5""]"
lower_wordline_stage_0/and2_en_3,AND2,R0,VDD,m1,"{""by"": 14.2425, ""layer"": ""m1"", ""lx"": 29.02, ""rx"": 30.72, ""uy"": 14.3075}",via5_513,35,14,True,via5_513,"[""m1_5593"", ""m1_5596"", ""via1_5597"", ""m2_5598"", ""via1_5592"", ""m1_1532"", ""via1_1534"", ""m2_1535"", ""via2_1538"", ""m3_1530"", ""via2_1529"", ""m2_1526"", ""via1_1525"", ""m1_1523"", ""via1_8"", ""m2_10"", ""via2_14"", ""m3_15"", ""via3_16"", ""m4_17"", ""via4_18"", ""m5_19"", ""via5_20"", ""m6_34"", ""via5_31"", ""m5_30"", ""via4_29"", ""m4_28"", ""via3_27"", ""m3_26"", ""via2_25"", ""m2_24"", ""via1_23"", ""m1_33"", ""m1_4""]"
lower_wordline_stage_0/and2_en_3,AND2,R0,VSS,m1,"{""by"": 12.4225, ""layer"": ""m1"", ""lx"": 29.02, ""rx"": 30.72, ""uy"": 12.4875}",via5_1035,27,10,True,via5_1035,"[""m1_5604"", ""m1_5607"", ""via1_5608"", ""m2_5609"", ""via1_5603"", ""m1_1562"", ""via1_1564"", ""m2_1565"", ""via2_1568"", ""m3_1560"", ""via3_538"", ""m4_539"", ""via4_540"", ""m5_541"", ""via5_542"", ""m6_556"", ""via5_553"", ""m5_552"", ""via4_551"", ""m4_550"", ""via3_549"", ""m3_548"", ""via2_547"", ""m2_546"", ""via1_545"", ""m1_555"", ""m1_5""]"
lower_wordline_stage_0/and3_pre_5,AND3,R0,VDD,m1,"{""by"": 14.2425, ""layer"": ""m1"", ""lx"": 30.83, ""rx"": 32.875, ""uy"": 14.3075}",via5_513,35,14,True,via5_513,"[""m1_5593"", ""m1_5596"", ""via1_5597"", ""m2_5598"", ""via1_5592"", ""m1_1532"", ""via1_1534"", ""m2_1535"", ""via2_1538"", ""m3_1530"", ""via2_1529"", ""m2_1526"", ""via1_1525"", ""m1_1523"", ""via1_8"", ""m2_10"", ""via2_14"", ""m3_15"", ""via3_16"", ""m4_17"", ""via4_18"", ""m5_19"", ""via5_20"", ""m6_34"", ""via5_31"", ""m5_30"", ""via4_29"", ""m4_28"", ""via3_27"", ""m3_26"", ""via2_25"", ""m2_24"", ""via1_23"", ""m1_33"", ""m1_4""]"
lower_wordline_stage_0/and3_pre_5,AND3,R0,VSS,m1,"{""by"": 12.4225, ""layer"": ""m1"", ""lx"": 30.83, ""rx"": 32.875, ""uy"": 12.4875}",via5_1035,27,10,True,via5_1035,"[""m1_5604"", ""m1_5607"", ""via1_5608"", ""m2_5609"", ""via1_5603"", ""m1_1562"", ""via1_1564"", ""m2_1565"", ""via2_1568"", ""m3_1560"", ""via3_538"", ""m4_539"", ""via4_540"", ""m5_541"", ""via5_542"", ""m6_556"", ""via5_553"", ""m5_552"", ""via4_551"", ""m4_550"", ""via3_549"", ""m3_548"", ""via2_547"", ""m2_546"", ""via1_545"", ""m1_555"", ""m1_5""]"
lower_wordline_stage_0/and2_en_5,AND2,R0,VDD,m1,"{""by"": 14.2425, ""layer"": ""m1"", ""lx"": 32.985, ""rx"": 34.685, ""uy"": 14.3075}",via5_513,35,14,True,via5_513,"[""m1_5593"", ""m1_5596"", ""via1_5597"", ""m2_5598"", ""via1_5592"", ""m1_1532"", ""via1_1534"", ""m2_1535"", ""via2_1538"", ""m3_1530"", ""via2_1529"", ""m2_1526"", ""via1_1525"", ""m1_1523"", ""via1_8"", ""m2_10"", ""via2_14"", ""m3_15"", ""via3_16"", ""m4_17"", ""via4_18"", ""m5_19"", ""via5_20"", ""m6_34"", ""via5_31"", ""m5_30"", ""via4_29"", ""m4_28"", ""via3_27"", ""m3_26"", ""via2_25"", ""m2_24"", ""via1_23"", ""m1_33"", ""m1_4""]"
lower_wordline_stage_0/and2_en_5,AND2,R0,VSS,m1,"{""by"": 12.4225, ""layer"": ""m1"", ""lx"": 32.985, ""rx"": 34.685, ""uy"": 12.4875}",via5_1035,27,10,True,via5_1035,"[""m1_5604"", ""m1_5607"", ""via1_5608"", ""m2_5609"", ""via1_5603"", ""m1_1562"", ""via1_1564"", ""m2_1565"", ""via2_1568"", ""m3_1560"", ""via3_538"", ""m4_539"", ""via4_540"", ""m5_541"", ""via5_542"", ""m6_556"", ""via5_553"", ""m5_552"", ""via4_551"", ""m4_550"", ""via3_549"", ""m3_548"", ""via2_547"", ""m2_546"", ""via1_545"", ""m1_555"", ""m1_5""]"
lower_wordline_stage_0/and3_pre_7,AND3,R0,VDD,m1,"{""by"": 14.2425, ""layer"": ""m1"", ""lx"": 34.795, ""rx"": 36.84, ""uy"": 14.3075}",via5_513,35,14,True,via5_513,"[""m1_5593"", ""m1_5596"", ""via1_5597"", ""m2_5598"", ""via1_5592"", ""m1_1532"", ""via1_1534"", ""m2_1535"", ""via2_1538"", ""m3_1530"", ""via2_1529"", ""m2_1526"", ""via1_1525"", ""m1_1523"", ""via1_8"", ""m2_10"", ""via2_14"", ""m3_15"", ""via3_16"", ""m4_17"", ""via4_18"", ""m5_19"", ""via5_20"", ""m6_34"", ""via5_31"", ""m5_30"", ""via4_29"", ""m4_28"", ""via3_27"", ""m3_26"", ""via2_25"", ""m2_24"", ""via1_23"", ""m1_33"", ""m1_4""]"
lower_wordline_stage_0/and3_pre_7,AND3,R0,VSS,m1,"{""by"": 12.4225, ""layer"": ""m1"", ""lx"": 34.795, ""rx"": 36.84, ""uy"": 12.4875}",via5_1035,27,10,True,via5_1035,"[""m1_5604"", ""m1_5607"", ""via1_5608"", ""m2_5609"", ""via1_5603"", ""m1_1562"", ""via1_1564"", ""m2_1565"", ""via2_1568"", ""m3_1560"", ""via3_538"", ""m4_539"", ""via4_540"", ""m5_541"", ""via5_542"", ""m6_556"", ""via5_553"", ""m5_552"", ""via4_551"", ""m4_550"", ""via3_549"", ""m3_548"", ""via2_547"", ""m2_546"", ""via1_545"", ""m1_555"", ""m1_5""]"
lower_wordline_stage_0/and2_en_7,AND2,R0,VDD,m1,"{""by"": 14.2425, ""layer"": ""m1"", ""lx"": 36.95, ""rx"": 38.65, ""uy"": 14.3075}",via5_513,35,14,True,via5_513,"[""m1_5593"", ""m1_5596"", ""via1_5597"", ""m2_5598"", ""via1_5592"", ""m1_1532"", ""via1_1534"", ""m2_1535"", ""via2_1538"", ""m3_1530"", ""via2_1529"", ""m2_1526"", ""via1_1525"", ""m1_1523"", ""via1_8"", ""m2_10"", ""via2_14"", ""m3_15"", ""via3_16"", ""m4_17"", ""via4_18"", ""m5_19"", ""via5_20"", ""m6_34"", ""via5_31"", ""m5_30"", ""via4_29"", ""m4_28"", ""via3_27"", ""m3_26"", ""via2_25"", ""m2_24"", ""via1_23"", ""m1_33"", ""m1_4""]"
lower_wordline_stage_0/and2_en_7,AND2,R0,VSS,m1,"{""by"": 12.4225, ""layer"": ""m1"", ""lx"": 36.95, ""rx"": 38.65, ""uy"": 12.4875}",via5_1035,27,10,True,via5_1035,"[""m1_5604"", ""m1_5607"", ""via1_5608"", ""m2_5609"", ""via1_5603"", ""m1_1562"", ""via1_1564"", ""m2_1565"", ""via2_1568"", ""m3_1560"", ""via3_538"", ""m4_539"", ""via4_540"", ""m5_541"", ""via5_542"", ""m6_556"", ""via5_553"", ""m5_552"", ""via4_551"", ""m4_550"", ""via3_549"", ""m3_548"", ""via2_547"", ""m2_546"", ""via1_545"", ""m1_555"", ""m1_5""]"
lower_wordline_stage_1/inv_a0,PINV,R0,VDD,m1,"{""by"": 1.855, ""layer"": ""m1"", ""lx"": 22.9, ""rx"": 23.5875, ""uy"": 1.92}",via5_513,31,12,True,via5_513,"[""m1_9594"", ""m1_1541"", ""via1_1543"", ""m2_1544"", ""via2_1538"", ""m3_1530"", ""via2_1529"", ""m2_1526"", ""via1_1525"", ""m1_1523"", ""via1_8"", ""m2_10"", ""via2_14"", ""m3_15"", ""via3_16"", ""m4_17"", ""via4_18"", ""m5_19"", ""via5_20"", ""m6_34"", ""via5_31"", ""m5_30"", ""via4_29"", ""m4_28"", ""via3_27"", ""m3_26"", ""via2_25"", ""m2_24"", ""via1_23"", ""m1_33"", ""m1_4""]"
lower_wordline_stage_1/inv_a0,PINV,R0,VSS,m1,"{""by"": 0.035, ""layer"": ""m1"", ""lx"": 22.9, ""rx"": 23.5875, ""uy"": 0.1}",via5_1035,23,8,True,via5_1035,"[""m1_9605"", ""m1_1571"", ""via1_1573"", ""m2_1565"", ""via2_1568"", ""m3_1560"", ""via3_538"", ""m4_539"", ""via4_540"", ""m5_541"", ""via5_542"", ""m6_556"", ""via5_553"", ""m5_552"", ""via4_551"", ""m4_550"", ""via3_549"", ""m3_548"", ""via2_547"", ""m2_546"", ""via1_545"", ""m1_555"", ""m1_5""]"
lower_wordline_stage_1/inv_a1,PINV,R0,VDD,m1,"{""by"": 1.855, ""layer"": ""m1"", ""lx"": 23.6975, ""rx"": 24.385, ""uy"": 1.92}",via5_513,31,12,True,via5_513,"[""m1_9594"", ""m1_1541"", ""via1_1543"", ""m2_1544"", ""via2_1538"", ""m3_1530"", ""via2_1529"", ""m2_1526"", ""via1_1525"", ""m1_1523"", ""via1_8"", ""m2_10"", ""via2_14"", ""m3_15"", ""via3_16"", ""m4_17"", ""via4_18"", ""m5_19"", ""via5_20"", ""m6_34"", ""via5_31"", ""m5_30"", ""via4_29"", ""m4_28"", ""via3_27"", ""m3_26"", ""via2_25"", ""m2_24"", ""via1_23"", ""m1_33"", ""m1_4""]"
lower_wordline_stage_1/inv_a1,PINV,R0,VSS,m1,"{""by"": 0.035, ""layer"": ""m1"", ""lx"": 23.6975, ""rx"": 24.385, ""uy"": 0.1}",via5_1035,23,8,True,via5_1035,"[""m1_9605"", ""m1_1571"", ""via1_1573"", ""m2_1565"", ""via2_1568"", ""m3_1560"", ""via3_538"", ""m4_539"", ""via4_540"", ""m5_541"", ""via5_542"", ""m6_556"", ""via5_553"", ""m5_552"", ""via4_551"", ""m4_550"", ""via3_549"", ""m3_548"", ""via2_547"", ""m2_546"", ""via1_545"", ""m1_555"", ""m1_5""]"
lower_wordline_stage_1/inv_a2,PINV,R0,VDD,m1,"{""by"": 1.855, ""layer"": ""m1"", ""lx"": 24.495, ""rx"": 25.1825, ""uy"": 1.92}",via5_513,31,12,True,via5_513,"[""m1_9594"", ""m1_1541"", ""via1_1543"", ""m2_1544"", ""via2_1538"", ""m3_1530"", ""via2_1529"", ""m2_1526"", ""via1_1525"", ""m1_1523"", ""via1_8"", ""m2_10"", ""via2_14"", ""m3_15"", ""via3_16"", ""m4_17"", ""via4_18"", ""m5_19"", ""via5_20"", ""m6_34"", ""via5_31"", ""m5_30"", ""via4_29"", ""m4_28"", ""via3_27"", ""m3_26"", ""via2_25"", ""m2_24"", ""via1_23"", ""m1_33"", ""m1_4""]"
lower_wordline_stage_1/inv_a2,PINV,R0,VSS,m1,"{""by"": 0.035, ""layer"": ""m1"", ""lx"": 24.495, ""rx"": 25.1825, ""uy"": 0.1}",via5_1035,23,8,True,via5_1035,"[""m1_9605"", ""m1_1571"", ""via1_1573"", ""m2_1565"", ""via2_1568"", ""m3_1560"", ""via3_538"", ""m4_539"", ""via4_540"", ""m5_541"", ""via5_542"", ""m6_556"", ""via5_553"", ""m5_552"", ""via4_551"", ""m4_550"", ""via3_549"", ""m3_548"", ""via2_547"", ""m2_546"", ""via1_545"", ""m1_555"", ""m1_5""]"
lower_wordline_stage_1/and3_pre_0,AND3,R0,VDD,m1,"{""by"": 1.855, ""layer"": ""m1"", ""lx"": 25.2925, ""rx"": 27.3375, ""uy"": 1.92}",via5_513,31,12,True,via5_513,"[""m1_9594"", ""m1_1541"", ""via1_1543"", ""m2_1544"", ""via2_1538"", ""m3_1530"", ""via2_1529"", ""m2_1526"", ""via1_1525"", ""m1_1523"", ""via1_8"", ""m2_10"", ""via2_14"", ""m3_15"", ""via3_16"", ""m4_17"", ""via4_18"", ""m5_19"", ""via5_20"", ""m6_34"", ""via5_31"", ""m5_30"", ""via4_29"", ""m4_28"", ""via3_27"", ""m3_26"", ""via2_25"", ""m2_24"", ""via1_23"", ""m1_33"", ""m1_4""]"
lower_wordline_stage_1/and3_pre_0,AND3,R0,VSS,m1,"{""by"": 0.035, ""layer"": ""m1"", ""lx"": 25.2925, ""rx"": 27.3375, ""uy"": 0.1}",via5_1035,23,8,True,via5_1035,"[""m1_9605"", ""m1_1571"", ""via1_1573"", ""m2_1565"", ""via2_1568"", ""m3_1560"", ""via3_538"", ""m4_539"", ""via4_540"", ""m5_541"", ""via5_542"", ""m6_556"", ""via5_553"", ""m5_552"", ""via4_551"", ""m4_550"", ""via3_549"", ""m3_548"", ""via2_547"", ""m2_546"", ""via1_545"", ""m1_555"", ""m1_5""]"
lower_wordline_stage_1/and2_en_0,AND2,R0,VDD,m1,"{""by"": 1.855, ""layer"": ""m1"", ""lx"": 27.4475, ""rx"": 29.1475, ""uy"": 1.92}",via5_513,31,12,True,via5_513,"[""m1_9594"", ""m1_1541"", ""via1_1543"", ""m2_1544"", ""via2_1538"", ""m3_1530"", ""via2_1529"", ""m2_1526"", ""via1_1525"", ""m1_1523"", ""via1_8"", ""m2_10"", ""via2_14"", ""m3_15"", ""via3_16"", ""m4_17"", ""via4_18"", ""m5_19"", ""via5_20"", ""m6_34"", ""via5_31"", ""m5_30"", ""via4_29"", ""m4_28"", ""via3_27"", ""m3_26"", ""via2_25"", ""m2_24"", ""via1_23"", ""m1_33"", ""m1_4""]"
lower_wordline_stage_1/and2_en_0,AND2,R0,VSS,m1,"{""by"": 0.035, ""layer"": ""m1"", ""lx"": 27.4475, ""rx"": 29.1475, ""uy"": 0.1}",via5_1035,23,8,True,via5_1035,"[""m1_9605"", ""m1_1571"", ""via1_1573"", ""m2_1565"", ""via2_1568"", ""m3_1560"", ""via3_538"", ""m4_539"", ""via4_540"", ""m5_541"", ""via5_542"", ""m6_556"", ""via5_553"", ""m5_552"", ""via4_551"", ""m4_550"", ""via3_549"", ""m3_548"", ""via2_547"", ""m2_546"", ""via1_545"", ""m1_555"", ""m1_5""]"
lower_wordline_stage_1/and3_pre_2,AND3,R0,VDD,m1,"{""by"": 1.855, ""layer"": ""m1"", ""lx"": 29.2575, ""rx"": 31.3025, ""uy"": 1.92}",via5_513,31,12,True,via5_513,"[""m1_9594"", ""m1_1541"", ""via1_1543"", ""m2_1544"", ""via2_1538"", ""m3_1530"", ""via2_1529"", ""m2_1526"", ""via1_1525"", ""m1_1523"", ""via1_8"", ""m2_10"", ""via2_14"", ""m3_15"", ""via3_16"", ""m4_17"", ""via4_18"", ""m5_19"", ""via5_20"", ""m6_34"", ""via5_31"", ""m5_30"", ""via4_29"", ""m4_28"", ""via3_27"", ""m3_26"", ""via2_25"", ""m2_24"", ""via1_23"", ""m1_33"", ""m1_4""]"
lower_wordline_stage_1/and3_pre_2,AND3,R0,VSS,m1,"{""by"": 0.035, ""layer"": ""m1"", ""lx"": 29.2575, ""rx"": 31.3025, ""uy"": 0.1}",via5_1035,23,8,True,via5_1035,"[""m1_9605"", ""m1_1571"", ""via1_1573"", ""m2_1565"", ""via2_1568"", ""m3_1560"", ""via3_538"", ""m4_539"", ""via4_540"", ""m5_541"", ""via5_542"", ""m6_556"", ""via5_553"", ""m5_552"", ""via4_551"", ""m4_550"", ""via3_549"", ""m3_548"", ""via2_547"", ""m2_546"", ""via1_545"", ""m1_555"", ""m1_5""]"
lower_wordline_stage_1/and2_en_2,AND2,R0,VDD,m1,"{""by"": 1.855, ""layer"": ""m1"", ""lx"": 31.4125, ""rx"": 33.1125, ""uy"": 1.92}",via5_513,31,12,True,via5_513,"[""m1_9594"", ""m1_1541"", ""via1_1543"", ""m2_1544"", ""via2_1538"", ""m3_1530"", ""via2_1529"", ""m2_1526"", ""via1_1525"", ""m1_1523"", ""via1_8"", ""m2_10"", ""via2_14"", ""m3_15"", ""via3_16"", ""m4_17"", ""via4_18"", ""m5_19"", ""via5_20"", ""m6_34"", ""via5_31"", ""m5_30"", ""via4_29"", ""m4_28"", ""via3_27"", ""m3_26"", ""via2_25"", ""m2_24"", ""via1_23"", ""m1_33"", ""m1_4""]"
lower_wordline_stage_1/and2_en_2,AND2,R0,VSS,m1,"{""by"": 0.035, ""layer"": ""m1"", ""lx"": 31.4125, ""rx"": 33.1125, ""uy"": 0.1}",via5_1035,23,8,True,via5_1035,"[""m1_9605"", ""m1_1571"", ""via1_1573"", ""m2_1565"", ""via2_1568"", ""m3_1560"", ""via3_538"", ""m4_539"", ""via4_540"", ""m5_541"", ""via5_542"", ""m6_556"", ""via5_553"", ""m5_552"", ""via4_551"", ""m4_550"", ""via3_549"", ""m3_548"", ""via2_547"", ""m2_546"", ""via1_545"", ""m1_555"", ""m1_5""]"
lower_wordline_stage_1/and3_pre_4,AND3,R0,VDD,m1,"{""by"": 1.855, ""layer"": ""m1"", ""lx"": 33.2225, ""rx"": 35.2675, ""uy"": 1.92}",via5_513,31,12,True,via5_513,"[""m1_9594"", ""m1_1541"", ""via1_1543"", ""m2_1544"", ""via2_1538"", ""m3_1530"", ""via2_1529"", ""m2_1526"", ""via1_1525"", ""m1_1523"", ""via1_8"", ""m2_10"", ""via2_14"", ""m3_15"", ""via3_16"", ""m4_17"", ""via4_18"", ""m5_19"", ""via5_20"", ""m6_34"", ""via5_31"", ""m5_30"", ""via4_29"", ""m4_28"", ""via3_27"", ""m3_26"", ""via2_25"", ""m2_24"", ""via1_23"", ""m1_33"", ""m1_4""]"
lower_wordline_stage_1/and3_pre_4,AND3,R0,VSS,m1,"{""by"": 0.035, ""layer"": ""m1"", ""lx"": 33.2225, ""rx"": 35.2675, ""uy"": 0.1}",via5_1035,23,8,True,via5_1035,"[""m1_9605"", ""m1_1571"", ""via1_1573"", ""m2_1565"", ""via2_1568"", ""m3_1560"", ""via3_538"", ""m4_539"", ""via4_540"", ""m5_541"", ""via5_542"", ""m6_556"", ""via5_553"", ""m5_552"", ""via4_551"", ""m4_550"", ""via3_549"", ""m3_548"", ""via2_547"", ""m2_546"", ""via1_545"", ""m1_555"", ""m1_5""]"
lower_wordline_stage_1/and2_en_4,AND2,R0,VDD,m1,"{""by"": 1.855, ""layer"": ""m1"", ""lx"": 35.3775, ""rx"": 37.0775, ""uy"": 1.92}",via5_513,31,12,True,via5_513,"[""m1_9594"", ""m1_1541"", ""via1_1543"", ""m2_1544"", ""via2_1538"", ""m3_1530"", ""via2_1529"", ""m2_1526"", ""via1_1525"", ""m1_1523"", ""via1_8"", ""m2_10"", ""via2_14"", ""m3_15"", ""via3_16"", ""m4_17"", ""via4_18"", ""m5_19"", ""via5_20"", ""m6_34"", ""via5_31"", ""m5_30"", ""via4_29"", ""m4_28"", ""via3_27"", ""m3_26"", ""via2_25"", ""m2_24"", ""via1_23"", ""m1_33"", ""m1_4""]"
lower_wordline_stage_1/and2_en_4,AND2,R0,VSS,m1,"{""by"": 0.035, ""layer"": ""m1"", ""lx"": 35.3775, ""rx"": 37.0775, ""uy"": 0.1}",via5_1035,23,8,True,via5_1035,"[""m1_9605"", ""m1_1571"", ""via1_1573"", ""m2_1565"", ""via2_1568"", ""m3_1560"", ""via3_538"", ""m4_539"", ""via4_540"", ""m5_541"", ""via5_542"", ""m6_556"", ""via5_553"", ""m5_552"", ""via4_551"", ""m4_550"", ""via3_549"", ""m3_548"", ""via2_547"", ""m2_546"", ""via1_545"", ""m1_555"", ""m1_5""]"
lower_wordline_stage_1/and3_pre_6,AND3,R0,VDD,m1,"{""by"": 1.855, ""layer"": ""m1"", ""lx"": 37.1875, ""rx"": 39.2325, ""uy"": 1.92}",via5_513,31,12,True,via5_513,"[""m1_9594"", ""m1_1541"", ""via1_1543"", ""m2_1544"", ""via2_1538"", ""m3_1530"", ""via2_1529"", ""m2_1526"", ""via1_1525"", ""m1_1523"", ""via1_8"", ""m2_10"", ""via2_14"", ""m3_15"", ""via3_16"", ""m4_17"", ""via4_18"", ""m5_19"", ""via5_20"", ""m6_34"", ""via5_31"", ""m5_30"", ""via4_29"", ""m4_28"", ""via3_27"", ""m3_26"", ""via2_25"", ""m2_24"", ""via1_23"", ""m1_33"", ""m1_4""]"
lower_wordline_stage_1/and3_pre_6,AND3,R0,VSS,m1,"{""by"": 0.035, ""layer"": ""m1"", ""lx"": 37.1875, ""rx"": 39.2325, ""uy"": 0.1}",via5_1035,23,8,True,via5_1035,"[""m1_9605"", ""m1_1571"", ""via1_1573"", ""m2_1565"", ""via2_1568"", ""m3_1560"", ""via3_538"", ""m4_539"", ""via4_540"", ""m5_541"", ""via5_542"", ""m6_556"", ""via5_553"", ""m5_552"", ""via4_551"", ""m4_550"", ""via3_549"", ""m3_548"", ""via2_547"", ""m2_546"", ""via1_545"", ""m1_555"", ""m1_5""]"
lower_wordline_stage_1/and2_en_6,AND2,R0,VDD,m1,"{""by"": 1.855, ""layer"": ""m1"", ""lx"": 39.3425, ""rx"": 41.0425, ""uy"": 1.92}",via5_513,31,12,True,via5_513,"[""m1_9594"", ""m1_1541"", ""via1_1543"", ""m2_1544"", ""via2_1538"", ""m3_1530"", ""via2_1529"", ""m2_1526"", ""via1_1525"", ""m1_1523"", ""via1_8"", ""m2_10"", ""via2_14"", ""m3_15"", ""via3_16"", ""m4_17"", ""via4_18"", ""m5_19"", ""via5_20"", ""m6_34"", ""via5_31"", ""m5_30"", ""via4_29"", ""m4_28"", ""via3_27"", ""m3_26"", ""via2_25"", ""m2_24"", ""via1_23"", ""m1_33"", ""m1_4""]"
lower_wordline_stage_1/and2_en_6,AND2,R0,VSS,m1,"{""by"": 0.035, ""layer"": ""m1"", ""lx"": 39.3425, ""rx"": 41.0425, ""uy"": 0.1}",via5_1035,23,8,True,via5_1035,"[""m1_9605"", ""m1_1571"", ""via1_1573"", ""m2_1565"", ""via2_1568"", ""m3_1560"", ""via3_538"", ""m4_539"", ""via4_540"", ""m5_541"", ""via5_542"", ""m6_556"", ""via5_553"", ""m5_552"", ""via4_551"", ""m4_550"", ""via3_549"", ""m3_548"", ""via2_547"", ""m2_546"", ""via1_545"", ""m1_555"", ""m1_5""]"
lower_wordline_stage_1/and3_pre_1,AND3,R0,VDD,m1,"{""by"": 5.8425, ""layer"": ""m1"", ""lx"": 22.9, ""rx"": 24.945, ""uy"": 5.9075}",via5_513,35,14,True,via5_513,"[""m1_11728"", ""m1_9602"", ""via1_9603"", ""m2_9604"", ""via1_9598"", ""m1_1541"", ""via1_1543"", ""m2_1544"", ""via2_1538"", ""m3_1530"", ""via2_1529"", ""m2_1526"", ""via1_1525"", ""m1_1523"", ""via1_8"", ""m2_10"", ""via2_14"", ""m3_15"", ""via3_16"", ""m4_17"", ""via4_18"", ""m5_19"", ""via5_20"", ""m6_34"", ""via5_31"", ""m5_30"", ""via4_29"", ""m4_28"", ""via3_27"", ""m3_26"", ""via2_25"", ""m2_24"", ""via1_23"", ""m1_33"", ""m1_4""]"
lower_wordline_stage_1/and3_pre_1,AND3,R0,VSS,m1,"{""by"": 4.0225, ""layer"": ""m1"", ""lx"": 22.9, ""rx"": 24.945, ""uy"": 4.0875}",via5_1035,27,10,True,via5_1035,"[""m1_11729"", ""m1_9613"", ""via1_9614"", ""m2_9615"", ""via1_9609"", ""m1_1571"", ""via1_1573"", ""m2_1565"", ""via2_1568"", ""m3_1560"", ""via3_538"", ""m4_539"", ""via4_540"", ""m5_541"", ""via5_542"", ""m6_556"", ""via5_553"", ""m5_552"", ""via4_551"", ""m4_550"", ""via3_549"", ""m3_548"", ""via2_547"", ""m2_546"", ""via1_545"", ""m1_555"", ""m1_5""]"
lower_wordline_stage_1/and2_en_1,AND2,R0,VDD,m1,"{""by"": 5.8425, ""layer"": ""m1"", ""lx"": 25.055, ""rx"": 26.755, ""uy"": 5.9075}",via5_513,35,14,True,via5_513,"[""m1_9599"", ""m1_9602"", ""via1_9603"", ""m2_9604"", ""via1_9598"", ""m1_1541"", ""via1_1543"", ""m2_1544"", ""via2_1538"", ""m3_1530"", ""via2_1529"", ""m2_1526"", ""via1_1525"", ""m1_1523"", ""via1_8"", ""m2_10"", ""via2_14"", ""m3_15"", ""via3_16"", ""m4_17"", ""via4_18"", ""m5_19"", ""via5_20"", ""m6_34"", ""via5_31"", ""m5_30"", ""via4_29"", ""m4_28"", ""via3_27"", ""m3_26"", ""via2_25"", ""m2_24"", ""via1_23"", ""m1_33"", ""m1_4""]"
lower_wordline_stage_1/and2_en_1,AND2,R0,VSS,m1,"{""by"": 4.0225, ""layer"": ""m1"", ""lx"": 25.055, ""rx"": 26.755, ""uy"": 4.0875}",via5_1035,27,10,True,via5_1035,"[""m1_9610"", ""m1_9613"", ""via1_9614"", ""m2_9615"", ""via1_9609"", ""m1_1571"", ""via1_1573"", ""m2_1565"", ""via2_1568"", ""m3_1560"", ""via3_538"", ""m4_539"", ""via4_540"", ""m5_541"", ""via5_542"", ""m6_556"", ""via5_553"", ""m5_552"", ""via4_551"", ""m4_550"", ""via3_549"", ""m3_548"", ""via2_547"", ""m2_546"", ""via1_545"", ""m1_555"", ""m1_5""]"
lower_wordline_stage_1/and3_pre_3,AND3,R0,VDD,m1,"{""by"": 5.8425, ""layer"": ""m1"", ""lx"": 26.865, ""rx"": 28.91, ""uy"": 5.9075}",via5_513,35,14,True,via5_513,"[""m1_9599"", ""m1_9602"", ""via1_9603"", ""m2_9604"", ""via1_9598"", ""m1_1541"", ""via1_1543"", ""m2_1544"", ""via2_1538"", ""m3_1530"", ""via2_1529"", ""m2_1526"", ""via1_1525"", ""m1_1523"", ""via1_8"", ""m2_10"", ""via2_14"", ""m3_15"", ""via3_16"", ""m4_17"", ""via4_18"", ""m5_19"", ""via5_20"", ""m6_34"", ""via5_31"", ""m5_30"", ""via4_29"", ""m4_28"", ""via3_27"", ""m3_26"", ""via2_25"", ""m2_24"", ""via1_23"", ""m1_33"", ""m1_4""]"
lower_wordline_stage_1/and3_pre_3,AND3,R0,VSS,m1,"{""by"": 4.0225, ""layer"": ""m1"", ""lx"": 26.865, ""rx"": 28.91, ""uy"": 4.0875}",via5_1035,27,10,True,via5_1035,"[""m1_9610"", ""m1_9613"", ""via1_9614"", ""m2_9615"", ""via1_9609"", ""m1_1571"", ""via1_1573"", ""m2_1565"", ""via2_1568"", ""m3_1560"", ""via3_538"", ""m4_539"", ""via4_540"", ""m5_541"", ""via5_542"", ""m6_556"", ""via5_553"", ""m5_552"", ""via4_551"", ""m4_550"", ""via3_549"", ""m3_548"", ""via2_547"", ""m2_546"", ""via1_545"", ""m1_555"", ""m1_5""]"
lower_wordline_stage_1/and2_en_3,AND2,R0,VDD,m1,"{""by"": 5.8425, ""layer"": ""m1"", ""lx"": 29.02, ""rx"": 30.72, ""uy"": 5.9075}",via5_513,35,14,True,via5_513,"[""m1_9599"", ""m1_9602"", ""via1_9603"", ""m2_9604"", ""via1_9598"", ""m1_1541"", ""via1_1543"", ""m2_1544"", ""via2_1538"", ""m3_1530"", ""via2_1529"", ""m2_1526"", ""via1_1525"", ""m1_1523"", ""via1_8"", ""m2_10"", ""via2_14"", ""m3_15"", ""via3_16"", ""m4_17"", ""via4_18"", ""m5_19"", ""via5_20"", ""m6_34"", ""via5_31"", ""m5_30"", ""via4_29"", ""m4_28"", ""via3_27"", ""m3_26"", ""via2_25"", ""m2_24"", ""via1_23"", ""m1_33"", ""m1_4""]"
lower_wordline_stage_1/and2_en_3,AND2,R0,VSS,m1,"{""by"": 4.0225, ""layer"": ""m1"", ""lx"": 29.02, ""rx"": 30.72, ""uy"": 4.0875}",via5_1035,27,10,True,via5_1035,"[""m1_9610"", ""m1_9613"", ""via1_9614"", ""m2_9615"", ""via1_9609"", ""m1_1571"", ""via1_1573"", ""m2_1565"", ""via2_1568"", ""m3_1560"", ""via3_538"", ""m4_539"", ""via4_540"", ""m5_541"", ""via5_542"", ""m6_556"", ""via5_553"", ""m5_552"", ""via4_551"", ""m4_550"", ""via3_549"", ""m3_548"", ""via2_547"", ""m2_546"", ""via1_545"", ""m1_555"", ""m1_5""]"
lower_wordline_stage_1/and3_pre_5,AND3,R0,VDD,m1,"{""by"": 5.8425, ""layer"": ""m1"", ""lx"": 30.83, ""rx"": 32.875, ""uy"": 5.9075}",via5_513,35,14,True,via5_513,"[""m1_9599"", ""m1_9602"", ""via1_9603"", ""m2_9604"", ""via1_9598"", ""m1_1541"", ""via1_1543"", ""m2_1544"", ""via2_1538"", ""m3_1530"", ""via2_1529"", ""m2_1526"", ""via1_1525"", ""m1_1523"", ""via1_8"", ""m2_10"", ""via2_14"", ""m3_15"", ""via3_16"", ""m4_17"", ""via4_18"", ""m5_19"", ""via5_20"", ""m6_34"", ""via5_31"", ""m5_30"", ""via4_29"", ""m4_28"", ""via3_27"", ""m3_26"", ""via2_25"", ""m2_24"", ""via1_23"", ""m1_33"", ""m1_4""]"
lower_wordline_stage_1/and3_pre_5,AND3,R0,VSS,m1,"{""by"": 4.0225, ""layer"": ""m1"", ""lx"": 30.83, ""rx"": 32.875, ""uy"": 4.0875}",via5_1035,27,10,True,via5_1035,"[""m1_9610"", ""m1_9613"", ""via1_9614"", ""m2_9615"", ""via1_9609"", ""m1_1571"", ""via1_1573"", ""m2_1565"", ""via2_1568"", ""m3_1560"", ""via3_538"", ""m4_539"", ""via4_540"", ""m5_541"", ""via5_542"", ""m6_556"", ""via5_553"", ""m5_552"", ""via4_551"", ""m4_550"", ""via3_549"", ""m3_548"", ""via2_547"", ""m2_546"", ""via1_545"", ""m1_555"", ""m1_5""]"
lower_wordline_stage_1/and2_en_5,AND2,R0,VDD,m1,"{""by"": 5.8425, ""layer"": ""m1"", ""lx"": 32.985, ""rx"": 34.685, ""uy"": 5.9075}",via5_513,35,14,True,via5_513,"[""m1_9599"", ""m1_9602"", ""via1_9603"", ""m2_9604"", ""via1_9598"", ""m1_1541"", ""via1_1543"", ""m2_1544"", ""via2_1538"", ""m3_1530"", ""via2_1529"", ""m2_1526"", ""via1_1525"", ""m1_1523"", ""via1_8"", ""m2_10"", ""via2_14"", ""m3_15"", ""via3_16"", ""m4_17"", ""via4_18"", ""m5_19"", ""via5_20"", ""m6_34"", ""via5_31"", ""m5_30"", ""via4_29"", ""m4_28"", ""via3_27"", ""m3_26"", ""via2_25"", ""m2_24"", ""via1_23"", ""m1_33"", ""m1_4""]"
lower_wordline_stage_1/and2_en_5,AND2,R0,VSS,m1,"{""by"": 4.0225, ""layer"": ""m1"", ""lx"": 32.985, ""rx"": 34.685, ""uy"": 4.0875}",via5_1035,27,10,True,via5_1035,"[""m1_9610"", ""m1_9613"", ""via1_9614"", ""m2_9615"", ""via1_9609"", ""m1_1571"", ""via1_1573"", ""m2_1565"", ""via2_1568"", ""m3_1560"", ""via3_538"", ""m4_539"", ""via4_540"", ""m5_541"", ""via5_542"", ""m6_556"", ""via5_553"", ""m5_552"", ""via4_551"", ""m4_550"", ""via3_549"", ""m3_548"", ""via2_547"", ""m2_546"", ""via1_545"", ""m1_555"", ""m1_5""]"
lower_wordline_stage_1/and3_pre_7,AND3,R0,VDD,m1,"{""by"": 5.8425, ""layer"": ""m1"", ""lx"": 34.795, ""rx"": 36.84, ""uy"": 5.9075}",via5_513,35,14,True,via5_513,"[""m1_9599"", ""m1_9602"", ""via1_9603"", ""m2_9604"", ""via1_9598"", ""m1_1541"", ""via1_1543"", ""m2_1544"", ""via2_1538"", ""m3_1530"", ""via2_1529"", ""m2_1526"", ""via1_1525"", ""m1_1523"", ""via1_8"", ""m2_10"", ""via2_14"", ""m3_15"", ""via3_16"", ""m4_17"", ""via4_18"", ""m5_19"", ""via5_20"", ""m6_34"", ""via5_31"", ""m5_30"", ""via4_29"", ""m4_28"", ""via3_27"", ""m3_26"", ""via2_25"", ""m2_24"", ""via1_23"", ""m1_33"", ""m1_4""]"
lower_wordline_stage_1/and3_pre_7,AND3,R0,VSS,m1,"{""by"": 4.0225, ""layer"": ""m1"", ""lx"": 34.795, ""rx"": 36.84, ""uy"": 4.0875}",via5_1035,27,10,True,via5_1035,"[""m1_9610"", ""m1_9613"", ""via1_9614"", ""m2_9615"", ""via1_9609"", ""m1_1571"", ""via1_1573"", ""m2_1565"", ""via2_1568"", ""m3_1560"", ""via3_538"", ""m4_539"", ""via4_540"", ""m5_541"", ""via5_542"", ""m6_556"", ""via5_553"", ""m5_552"", ""via4_551"", ""m4_550"", ""via3_549"", ""m3_548"", ""via2_547"", ""m2_546"", ""via1_545"", ""m1_555"", ""m1_5""]"
lower_wordline_stage_1/and2_en_7,AND2,R0,VDD,m1,"{""by"": 5.8425, ""layer"": ""m1"", ""lx"": 36.95, ""rx"": 38.65, ""uy"": 5.9075}",via5_513,35,14,True,via5_513,"[""m1_9599"", ""m1_9602"", ""via1_9603"", ""m2_9604"", ""via1_9598"", ""m1_1541"", ""via1_1543"", ""m2_1544"", ""via2_1538"", ""m3_1530"", ""via2_1529"", ""m2_1526"", ""via1_1525"", ""m1_1523"", ""via1_8"", ""m2_10"", ""via2_14"", ""m3_15"", ""via3_16"", ""m4_17"", ""via4_18"", ""m5_19"", ""via5_20"", ""m6_34"", ""via5_31"", ""m5_30"", ""via4_29"", ""m4_28"", ""via3_27"", ""m3_26"", ""via2_25"", ""m2_24"", ""via1_23"", ""m1_33"", ""m1_4""]"
lower_wordline_stage_1/and2_en_7,AND2,R0,VSS,m1,"{""by"": 4.0225, ""layer"": ""m1"", ""lx"": 36.95, ""rx"": 38.65, ""uy"": 4.0875}",via5_1035,27,10,True,via5_1035,"[""m1_9610"", ""m1_9613"", ""via1_9614"", ""m2_9615"", ""via1_9609"", ""m1_1571"", ""via1_1573"", ""m2_1565"", ""via2_1568"", ""m3_1560"", ""via3_538"", ""m4_539"", ""via4_540"", ""m5_541"", ""via5_542"", ""m6_556"", ""via5_553"", ""m5_552"", ""via4_551"", ""m4_550"", ""via3_549"", ""m3_548"", ""via2_547"", ""m2_546"", ""via1_545"", ""m1_555"", ""m1_5""]"
wl_driver_0,wordline_driver_v2,R0,VDD,m1,"{""by"": 4.0625, ""layer"": ""m1"", ""lx"": 66.92, ""rx"": 68.97, ""uy"": 4.1275}",via5_513,23,8,True,via5_513,"[""m1_16825"", ""m1_35"", ""via1_37"", ""m2_155"", ""via2_43"", ""m3_44"", ""via3_45"", ""m4_46"", ""via4_47"", ""m5_48"", ""via5_49"", ""m6_34"", ""via5_31"", ""m5_30"", ""via4_29"", ""m4_28"", ""via3_27"", ""m3_26"", ""via2_25"", ""m2_24"", ""via1_23"", ""m1_33"", ""m1_4""]"
wl_driver_0,wordline_driver_v2,R0,VSS,m1,"{""by"": 2.2425, ""layer"": ""m1"", ""lx"": 66.92, ""rx"": 68.97, ""uy"": 2.3075}",via5_1035,23,8,True,via5_1035,"[""m1_16826"", ""m1_557"", ""via1_559"", ""m2_561"", ""via2_565"", ""m3_1560"", ""via3_538"", ""m4_539"", ""via4_540"", ""m5_541"", ""via5_542"", ""m6_556"", ""via5_553"", ""m5_552"", ""via4_551"", ""m4_550"", ""via3_549"", ""m3_548"", ""via2_547"", ""m2_546"", ""via1_545"", ""m1_555"", ""m1_5""]"
wl_driver_1,wordline_driver_v2,R0,VDD,m1,"{""by"": 6.4725, ""layer"": ""m1"", ""lx"": 71.08, ""rx"": 73.13, ""uy"": 6.5375}",via5_513,23,8,True,via5_513,"[""m1_16610"", ""m1_64"", ""via1_66"", ""m2_126"", ""via2_72"", ""m3_73"", ""via3_74"", ""m4_75"", ""via4_76"", ""m5_77"", ""via5_78"", ""m6_34"", ""via5_31"", ""m5_30"", ""via4_29"", ""m4_28"", ""via3_27"", ""m3_26"", ""via2_25"", ""m2_24"", ""via1_23"", ""m1_33"", ""m1_4""]"
wl_driver_1,wordline_driver_v2,R0,VSS,m1,"{""by"": 4.6525, ""layer"": ""m1"", ""lx"": 71.08, ""rx"": 73.13, ""uy"": 4.7175}",via5_1035,23,8,True,via5_1035,"[""m1_16611"", ""m1_586"", ""via1_588"", ""m2_590"", ""via2_594"", ""m3_595"", ""via3_596"", ""m4_597"", ""via4_598"", ""m5_599"", ""via5_600"", ""m6_556"", ""via5_553"", ""m5_552"", ""via4_551"", ""m4_550"", ""via3_549"", ""m3_548"", ""via2_547"", ""m2_546"", ""via1_545"", ""m1_555"", ""m1_5""]"
wl_driver_2,wordline_driver_v2,R0,VDD,m1,"{""by"": 6.7925, ""layer"": ""m1"", ""lx"": 66.92, ""rx"": 68.97, ""uy"": 6.8575}",via5_513,23,8,True,via5_513,"[""m1_16395"", ""m1_93"", ""via1_95"", ""m2_155"", ""via2_43"", ""m3_44"", ""via3_45"", ""m4_46"", ""via4_47"", ""m5_48"", ""via5_49"", ""m6_34"", ""via5_31"", ""m5_30"", ""via4_29"", ""m4_28"", ""via3_27"", ""m3_26"", ""via2_25"", ""m2_24"", ""via1_23"", ""m1_33"", ""m1_4""]"
wl_driver_2,wordline_driver_v2,R0,VSS,m1,"{""by"": 4.9725, ""layer"": ""m1"", ""lx"": 66.92, ""rx"": 68.97, ""uy"": 5.0375}",via5_1035,23,8,True,via5_1035,"[""m1_16396"", ""m1_615"", ""via1_617"", ""m2_619"", ""via2_565"", ""m3_1560"", ""via3_538"", ""m4_539"", ""via4_540"", ""m5_541"", ""via5_542"", ""m6_556"", ""via5_553"", ""m5_552"", ""via4_551"", ""m4_550"", ""via3_549"", ""m3_548"", ""via2_547"", ""m2_546"", ""via1_545"", ""m1_555"", ""m1_5""]"
wl_driver_3,wordline_driver_v2,R0,VDD,m1,"{""by"": 9.2025, ""layer"": ""m1"", ""lx"": 71.08, ""rx"": 73.13, ""uy"": 9.2675}",via5_513,23,8,True,via5_513,"[""m1_16180"", ""m1_122"", ""via1_124"", ""m2_126"", ""via2_72"", ""m3_73"", ""via3_74"", ""m4_75"", ""via4_76"", ""m5_77"", ""via5_78"", ""m6_34"", ""via5_31"", ""m5_30"", ""via4_29"", ""m4_28"", ""via3_27"", ""m3_26"", ""via2_25"", ""m2_24"", ""via1_23"", ""m1_33"", ""m1_4""]"
wl_driver_3,wordline_driver_v2,R0,VSS,m1,"{""by"": 7.3825, ""layer"": ""m1"", ""lx"": 71.08, ""rx"": 73.13, ""uy"": 7.4475}",via5_1035,23,8,True,via5_1035,"[""m1_16181"", ""m1_644"", ""via1_646"", ""m2_648"", ""via2_594"", ""m3_595"", ""via3_596"", ""m4_597"", ""via4_598"", ""m5_599"", ""via5_600"", ""m6_556"", ""via5_553"", ""m5_552"", ""via4_551"", ""m4_550"", ""via3_549"", ""m3_548"", ""via2_547"", ""m2_546"", ""via1_545"", ""m1_555"", ""m1_5""]"
wl_driver_4,wordline_driver_v2,R0,VDD,m1,"{""by"": 9.5225, ""layer"": ""m1"", ""lx"": 66.92, ""rx"": 68.97, ""uy"": 9.5875}",via5_513,23,8,True,via5_513,"[""m1_15965"", ""m1_151"", ""via1_153"", ""m2_155"", ""via2_43"", ""m3_44"", ""via3_45"", ""m4_46"", ""via4_47"", ""m5_48"", ""via5_49"", ""m6_34"", ""via5_31"", ""m5_30"", ""via4_29"", ""m4_28"", ""via3_27"", ""m3_26"", ""via2_25"", ""m2_24"", ""via1_23"", ""m1_33"", ""m1_4""]"
wl_driver_4,wordline_driver_v2,R0,VSS,m1,"{""by"": 7.7025, ""layer"": ""m1"", ""lx"": 66.92, ""rx"": 68.97, ""uy"": 7.7675}",via5_1035,23,8,True,via5_1035,"[""m1_15966"", ""m1_673"", ""via1_675"", ""m2_677"", ""via2_565"", ""m3_1560"", ""via3_538"", ""m4_539"", ""via4_540"", ""m5_541"", ""via5_542"", ""m6_556"", ""via5_553"", ""m5_552"", ""via4_551"", ""m4_550"", ""via3_549"", ""m3_548"", ""via2_547"", ""m2_546"", ""via1_545"", ""m1_555"", ""m1_5""]"
wl_driver_5,wordline_driver_v2,R0,VDD,m1,"{""by"": 11.9325, ""layer"": ""m1"", ""lx"": 71.08, ""rx"": 73.13, ""uy"": 11.9975}",via5_513,23,8,True,via5_513,"[""m1_15750"", ""m1_180"", ""via1_182"", ""m2_184"", ""via2_72"", ""m3_73"", ""via3_74"", ""m4_75"", ""via4_76"", ""m5_77"", ""via5_78"", ""m6_34"", ""via5_31"", ""m5_30"", ""via4_29"", ""m4_28"", ""via3_27"", ""m3_26"", ""via2_25"", ""m2_24"", ""via1_23"", ""m1_33"", ""m1_4""]"
wl_driver_5,wordline_driver_v2,R0,VSS,m1,"{""by"": 10.1125, ""layer"": ""m1"", ""lx"": 71.08, ""rx"": 73.13, ""uy"": 10.1775}",via5_1035,23,8,True,via5_1035,"[""m1_15751"", ""m1_702"", ""via1_704"", ""m2_706"", ""via2_594"", ""m3_595"", ""via3_596"", ""m4_597"", ""via4_598"", ""m5_599"", ""via5_600"", ""m6_556"", ""via5_553"", ""m5_552"", ""via4_551"", ""m4_550"", ""via3_549"", ""m3_548"", ""via2_547"", ""m2_546"", ""via1_545"", ""m1_555"", ""m1_5""]"
wl_driver_6,wordline_driver_v2,R0,VDD,m1,"{""by"": 12.2525, ""layer"": ""m1"", ""lx"": 66.92, ""rx"": 68.97, ""uy"": 12.3175}",via5_513,23,8,True,via5_513,"[""m1_15535"", ""m1_209"", ""via1_211"", ""m2_213"", ""via2_43"", ""m3_44"", ""via3_45"", ""m4_46"", ""via4_47"", ""m5_48"", ""via5_49"", ""m6_34"", ""via5_31"", ""m5_30"", ""via4_29"", ""m4_28"", ""via3_27"", ""m3_26"", ""via2_25"", ""m2_24"", ""via1_23"", ""m1_33"", ""m1_4""]"
wl_driver_6,wordline_driver_v2,R0,VSS,m1,"{""by"": 10.4325, ""layer"": ""m1"", ""lx"": 66.92, ""rx"": 68.97, ""uy"": 10.4975}",via5_1035,23,8,True,via5_1035,"[""m1_15536"", ""m1_731"", ""via1_733"", ""m2_735"", ""via2_565"", ""m3_1560"", ""via3_538"", ""m4_539"", ""via4_540"", ""m5_541"", ""via5_542"", ""m6_556"", ""via5_553"", ""m5_552"", ""via4_551"", ""m4_550"", ""via3_549"", ""m3_548"", ""via2_547"", ""m2_546"", ""via1_545"", ""m1_555"", ""m1_5""]"
wl_driver_7,wordline_driver_v2,R0,VDD,m1,"{""by"": 14.6625, ""layer"": ""m1"", ""lx"": 71.08, ""rx"": 73.13, ""uy"": 14.7275}",via5_513,23,8,True,via5_513,"[""m1_15320"", ""m1_238"", ""via1_240"", ""m2_242"", ""via2_72"", ""m3_73"", ""via3_74"", ""m4_75"", ""via4_76"", ""m5_77"", ""via5_78"", ""m6_34"", ""via5_31"", ""m5_30"", ""via4_29"", ""m4_28"", ""via3_27"", ""m3_26"", ""via2_25"", ""m2_24"", ""via1_23"", ""m1_33"", ""m1_4""]"
wl_driver_7,wordline_driver_v2,R0,VSS,m1,"{""by"": 12.8425, ""layer"": ""m1"", ""lx"": 71.08, ""rx"": 73.13, ""uy"": 12.9075}",via5_1035,23,8,True,via5_1035,"[""m1_15321"", ""m1_760"", ""via1_762"", ""m2_764"", ""via2_594"", ""m3_595"", ""via3_596"", ""m4_597"", ""via4_598"", ""m5_599"", ""via5_600"", ""m6_556"", ""via5_553"", ""m5_552"", ""via4_551"", ""m4_550"", ""via3_549"", ""m3_548"", ""via2_547"", ""m2_546"", ""via1_545"", ""m1_555"", ""m1_5""]"
wl_driver_8,wordline_driver_v2,R0,VDD,m1,"{""by"": 14.9825, ""layer"": ""m1"", ""lx"": 66.92, ""rx"": 68.97, ""uy"": 15.0475}",via5_513,23,8,True,via5_513,"[""m1_15105"", ""m1_267"", ""via1_269"", ""m2_271"", ""via2_43"", ""m3_44"", ""via3_45"", ""m4_46"", ""via4_47"", ""m5_48"", ""via5_49"", ""m6_34"", ""via5_31"", ""m5_30"", ""via4_29"", ""m4_28"", ""via3_27"", ""m3_26"", ""via2_25"", ""m2_24"", ""via1_23"", ""m1_33"", ""m1_4""]"
wl_driver_8,wordline_driver_v2,R0,VSS,m1,"{""by"": 13.1625, ""layer"": ""m1"", ""lx"": 66.92, ""rx"": 68.97, ""uy"": 13.2275}",via5_1035,23,8,True,via5_1035,"[""m1_15106"", ""m1_789"", ""via1_791"", ""m2_793"", ""via2_565"", ""m3_1560"", ""via3_538"", ""m4_539"", ""via4_540"", ""m5_541"", ""via5_542"", ""m6_556"", ""via5_553"", ""m5_552"", ""via4_551"", ""m4_550"", ""via3_549"", ""m3_548"", ""via2_547"", ""m2_546"", ""via1_545"", ""m1_555"", ""m1_5""]"
wl_driver_9,wordline_driver_v2,R0,VDD,m1,"{""by"": 17.3925, ""layer"": ""m1"", ""lx"": 71.08, ""rx"": 73.13, ""uy"": 17.4575}",via5_513,23,8,True,via5_513,"[""m1_14890"", ""m1_296"", ""via1_298"", ""m2_300"", ""via2_72"", ""m3_73"", ""via3_74"", ""m4_75"", ""via4_76"", ""m5_77"", ""via5_78"", ""m6_34"", ""via5_31"", ""m5_30"", ""via4_29"", ""m4_28"", ""via3_27"", ""m3_26"", ""via2_25"", ""m2_24"", ""via1_23"", ""m1_33"", ""m1_4""]"
wl_driver_9,wordline_driver_v2,R0,VSS,m1,"{""by"": 15.5725, ""layer"": ""m1"", ""lx"": 71.08, ""rx"": 73.13, ""uy"": 15.6375}",via5_1035,23,8,True,via5_1035,"[""m1_14891"", ""m1_818"", ""via1_820"", ""m2_822"", ""via2_594"", ""m3_595"", ""via3_596"", ""m4_597"", ""via4_598"", ""m5_599"", ""via5_600"", ""m6_556"", ""via5_553"", ""m5_552"", ""via4_551"", ""m4_550"", ""via3_549"", ""m3_548"", ""via2_547"", ""m2_546"", ""via1_545"", ""m1_555"", ""m1_5""]"
wl_driver_10,wordline_driver_v2,R0,VDD,m1,"{""by"": 17.7125, ""layer"": ""m1"", ""lx"": 66.92, ""rx"": 68.97, ""uy"": 17.7775}",via5_513,23,8,True,via5_513,"[""m1_14675"", ""m1_325"", ""via1_327"", ""m2_329"", ""via2_43"", ""m3_44"", ""via3_45"", ""m4_46"", ""via4_47"", ""m5_48"", ""via5_49"", ""m6_34"", ""via5_31"", ""m5_30"", ""via4_29"", ""m4_28"", ""via3_27"", ""m3_26"", ""via2_25"", ""m2_24"", ""via1_23"", ""m1_33"", ""m1_4""]"
wl_driver_10,wordline_driver_v2,R0,VSS,m1,"{""by"": 15.8925, ""layer"": ""m1"", ""lx"": 66.92, ""rx"": 68.97, ""uy"": 15.9575}",via5_1035,23,8,True,via5_1035,"[""m1_14676"", ""m1_847"", ""via1_849"", ""m2_851"", ""via2_565"", ""m3_1560"", ""via3_538"", ""m4_539"", ""via4_540"", ""m5_541"", ""via5_542"", ""m6_556"", ""via5_553"", ""m5_552"", ""via4_551"", ""m4_550"", ""via3_549"", ""m3_548"", ""via2_547"", ""m2_546"", ""via1_545"", ""m1_555"", ""m1_5""]"
wl_driver_11,wordline_driver_v2,R0,VDD,m1,"{""by"": 20.1225, ""layer"": ""m1"", ""lx"": 71.08, ""rx"": 73.13, ""uy"": 20.1875}",via5_513,23,8,True,via5_513,"[""m1_14460"", ""m1_354"", ""via1_356"", ""m2_358"", ""via2_72"", ""m3_73"", ""via3_74"", ""m4_75"", ""via4_76"", ""m5_77"", ""via5_78"", ""m6_34"", ""via5_31"", ""m5_30"", ""via4_29"", ""m4_28"", ""via3_27"", ""m3_26"", ""via2_25"", ""m2_24"", ""via1_23"", ""m1_33"", ""m1_4""]"
wl_driver_11,wordline_driver_v2,R0,VSS,m1,"{""by"": 18.3025, ""layer"": ""m1"", ""lx"": 71.08, ""rx"": 73.13, ""uy"": 18.3675}",via5_1035,23,8,True,via5_1035,"[""m1_14461"", ""m1_876"", ""via1_878"", ""m2_880"", ""via2_594"", ""m3_595"", ""via3_596"", ""m4_597"", ""via4_598"", ""m5_599"", ""via5_600"", ""m6_556"", ""via5_553"", ""m5_552"", ""via4_551"", ""m4_550"", ""via3_549"", ""m3_548"", ""via2_547"", ""m2_546"", ""via1_545"", ""m1_555"", ""m1_5""]"
wl_driver_12,wordline_driver_v2,R0,VDD,m1,"{""by"": 20.4425, ""layer"": ""m1"", ""lx"": 66.92, ""rx"": 68.97, ""uy"": 20.5075}",via5_513,23,8,True,via5_513,"[""m1_14245"", ""m1_383"", ""via1_385"", ""m2_387"", ""via2_43"", ""m3_44"", ""via3_45"", ""m4_46"", ""via4_47"", ""m5_48"", ""via5_49"", ""m6_34"", ""via5_31"", ""m5_30"", ""via4_29"", ""m4_28"", ""via3_27"", ""m3_26"", ""via2_25"", ""m2_24"", ""via1_23"", ""m1_33"", ""m1_4""]"
wl_driver_12,wordline_driver_v2,R0,VSS,m1,"{""by"": 18.6225, ""layer"": ""m1"", ""lx"": 66.92, ""rx"": 68.97, ""uy"": 18.6875}",via5_1035,23,8,True,via5_1035,"[""m1_14246"", ""m1_905"", ""via1_907"", ""m2_909"", ""via2_565"", ""m3_1560"", ""via3_538"", ""m4_539"", ""via4_540"", ""m5_541"", ""via5_542"", ""m6_556"", ""via5_553"", ""m5_552"", ""via4_551"", ""m4_550"", ""via3_549"", ""m3_548"", ""via2_547"", ""m2_546"", ""via1_545"", ""m1_555"", ""m1_5""]"
wl_driver_13,wordline_driver_v2,R0,VDD,m1,"{""by"": 22.8525, ""layer"": ""m1"", ""lx"": 71.08, ""rx"": 73.13, ""uy"": 22.9175}",via5_513,23,8,True,via5_513,"[""m1_14030"", ""m1_412"", ""via1_414"", ""m2_416"", ""via2_72"", ""m3_73"", ""via3_74"", ""m4_75"", ""via4_76"", ""m5_77"", ""via5_78"", ""m6_34"", ""via5_31"", ""m5_30"", ""via4_29"", ""m4_28"", ""via3_27"", ""m3_26"", ""via2_25"", ""m2_24"", ""via1_23"", ""m1_33"", ""m1_4""]"
wl_driver_13,wordline_driver_v2,R0,VSS,m1,"{""by"": 21.0325, ""layer"": ""m1"", ""lx"": 71.08, ""rx"": 73.13, ""uy"": 21.0975}",via5_1035,23,8,True,via5_1035,"[""m1_14031"", ""m1_934"", ""via1_936"", ""m2_938"", ""via2_594"", ""m3_595"", ""via3_596"", ""m4_597"", ""via4_598"", ""m5_599"", ""via5_600"", ""m6_556"", ""via5_553"", ""m5_552"", ""via4_551"", ""m4_550"", ""via3_549"", ""m3_548"", ""via2_547"", ""m2_546"", ""via1_545"", ""m1_555"", ""m1_5""]"
wl_driver_14,wordline_driver_v2,R0,VDD,m1,"{""by"": 23.1725, ""layer"": ""m1"", ""lx"": 66.92, ""rx"": 68.97, ""uy"": 23.2375}",via5_513,23,8,True,via5_513,"[""m1_13815"", ""m1_441"", ""via1_443"", ""m2_445"", ""via2_43"", ""m3_44"", ""via3_45"", ""m4_46"", ""via4_47"", ""m5_48"", ""via5_49"", ""m6_34"", ""via5_31"", ""m5_30"", ""via4_29"", ""m4_28"", ""via3_27"", ""m3_26"", ""via2_25"", ""m2_24"", ""via1_23"", ""m1_33"", ""m1_4""]"
wl_driver_14,wordline_driver_v2,R0,VSS,m1,"{""by"": 21.3525, ""layer"": ""m1"", ""lx"": 66.92, ""rx"": 68.97, ""uy"": 21.4175}",via5_1035,23,8,True,via5_1035,"[""m1_13816"", ""m1_963"", ""via1_965"", ""m2_967"", ""via2_565"", ""m3_1560"", ""via3_538"", ""m4_539"", ""via4_540"", ""m5_541"", ""via5_542"", ""m6_556"", ""via5_553"", ""m5_552"", ""via4_551"", ""m4_550"", ""via3_549"", ""m3_548"", ""via2_547"", ""m2_546"", ""via1_545"", ""m1_555"", ""m1_5""]"
wl_driver_15,wordline_driver_v2,R0,VDD,m1,"{""by"": 25.5825, ""layer"": ""m1"", ""lx"": 71.08, ""rx"": 73.13, ""uy"": 25.6475}",via5_513,23,8,True,via5_513,"[""m1_13600"", ""m1_470"", ""via1_472"", ""m2_474"", ""via2_72"", ""m3_73"", ""via3_74"", ""m4_75"", ""via4_76"", ""m5_77"", ""via5_78"", ""m6_34"", ""via5_31"", ""m5_30"", ""via4_29"", ""m4_28"", ""via3_27"", ""m3_26"", ""via2_25"", ""m2_24"", ""via1_23"", ""m1_33"", ""m1_4""]"
wl_driver_15,wordline_driver_v2,R0,VSS,m1,"{""by"": 23.7625, ""layer"": ""m1"", ""lx"": 71.08, ""rx"": 73.13, ""uy"": 23.8275}",via5_1035,23,8,True,via5_1035,"[""m1_13601"", ""m1_992"", ""via1_994"", ""m2_996"", ""via2_594"", ""m3_595"", ""via3_596"", ""m4_597"", ""via4_598"", ""m5_599"", ""via5_600"", ""m6_556"", ""via5_553"", ""m5_552"", ""via4_551"", ""m4_550"", ""via3_549"", ""m3_548"", ""via2_547"", ""m2_546"", ""via1_545"", ""m1_555"", ""m1_5""]"
bitcell_array_quad_0/bitcell_0000,cell_1rw,R0,VDD,m1,"{""by"": 4.3125, ""lx"": 92.6575, ""rx"": 92.7225, ""uy"": 4.3774999999999995}",via5_513,4106,324,True,via5_513,ARRAY_CHILD_WITNESS_PLUS_FINAL_PARENT_COMPONENT
bitcell_array_quad_0/bitcell_0000,cell_1rw,R0,VSS,m1,"{""by"": 2.9475, ""lx"": 92.6575, ""rx"": 92.7225, ""uy"": 3.0125}",via5_1035,43504,13332,True,via5_1035,ARRAY_CHILD_WITNESS_PLUS_FINAL_PARENT_COMPONENT
bitcell_array_quad_0/bitcell_0001,cell_1rw,R0,VDD,m1,"{""by"": 4.3125, ""lx"": 93.3625, ""rx"": 93.4275, ""uy"": 4.3774999999999995}",via5_513,4106,324,True,via5_513,ARRAY_CHILD_WITNESS_PLUS_FINAL_PARENT_COMPONENT
bitcell_array_quad_0/bitcell_0001,cell_1rw,R0,VSS,m1,"{""by"": 2.9475, ""lx"": 93.3625, ""rx"": 93.4275, ""uy"": 3.0125}",via5_1035,43504,13332,True,via5_1035,ARRAY_CHILD_WITNESS_PLUS_FINAL_PARENT_COMPONENT
bitcell_array_quad_0/bitcell_0002,cell_1rw,R0,VDD,m1,"{""by"": 4.3125, ""lx"": 94.0675, ""rx"": 94.1325, ""uy"": 4.3774999999999995}",via5_513,4106,324,True,via5_513,ARRAY_CHILD_WITNESS_PLUS_FINAL_PARENT_COMPONENT
bitcell_array_quad_0/bitcell_0002,cell_1rw,R0,VSS,m1,"{""by"": 2.9475, ""lx"": 94.0675, ""rx"": 94.1325, ""uy"": 3.0125}",via5_1035,43504,13332,True,via5_1035,ARRAY_CHILD_WITNESS_PLUS_FINAL_PARENT_COMPONENT
bitcell_array_quad_0/bitcell_0003,cell_1rw,R0,VDD,m1,"{""by"": 4.3125, ""lx"": 94.77250000000001, ""rx"": 94.8375, ""uy"": 4.3774999999999995}",via5_513,4106,324,True,via5_513,ARRAY_CHILD_WITNESS_PLUS_FINAL_PARENT_COMPONENT
bitcell_array_quad_0/bitcell_0003,cell_1rw,R0,VSS,m1,"{""by"": 2.9475, ""lx"": 94.77250000000001, ""rx"": 94.8375, ""uy"": 3.0125}",via5_1035,43504,13332,True,via5_1035,ARRAY_CHILD_WITNESS_PLUS_FINAL_PARENT_COMPONENT
bitcell_array_quad_0/bitcell_0004,cell_1rw,R0,VDD,m1,"{""by"": 4.3125, ""lx"": 95.4775, ""rx"": 95.5425, ""uy"": 4.3774999999999995}",via5_513,4106,324,True,via5_513,ARRAY_CHILD_WITNESS_PLUS_FINAL_PARENT_COMPONENT
bitcell_array_quad_0/bitcell_0004,cell_1rw,R0,VSS,m1,"{""by"": 2.9475, ""lx"": 95.4775, ""rx"": 95.5425, ""uy"": 3.0125}",via5_1035,43504,13332,True,via5_1035,ARRAY_CHILD_WITNESS_PLUS_FINAL_PARENT_COMPONENT
bitcell_array_quad_0/bitcell_0005,cell_1rw,R0,VDD,m1,"{""by"": 4.3125, ""lx"": 96.1825, ""rx"": 96.2475, ""uy"": 4.3774999999999995}",via5_513,4106,324,True,via5_513,ARRAY_CHILD_WITNESS_PLUS_FINAL_PARENT_COMPONENT
bitcell_array_quad_0/bitcell_0005,cell_1rw,R0,VSS,m1,"{""by"": 2.9475, ""lx"": 96.1825, ""rx"": 96.2475, ""uy"": 3.0125}",via5_1035,43504,13332,True,via5_1035,ARRAY_CHILD_WITNESS_PLUS_FINAL_PARENT_COMPONENT
bitcell_array_quad_0/bitcell_0006,cell_1rw,R0,VDD,m1,"{""by"": 4.3125, ""lx"": 96.8875, ""rx"": 96.9525, ""uy"": 4.3774999999999995}",via5_513,4106,324,True,via5_513,ARRAY_CHILD_WITNESS_PLUS_FINAL_PARENT_COMPONENT
bitcell_array_quad_0/bitcell_0006,cell_1rw,R0,VSS,m1,"{""by"": 2.9475, ""lx"": 96.8875, ""rx"": 96.9525, ""uy"": 3.0125}",via5_1035,43504,13332,True,via5_1035,ARRAY_CHILD_WITNESS_PLUS_FINAL_PARENT_COMPONENT
bitcell_array_quad_0/bitcell_0007,cell_1rw,R0,VDD,m1,"{""by"": 4.3125, ""lx"": 97.5925, ""rx"": 97.6575, ""uy"": 4.3774999999999995}",via5_513,4106,324,True,via5_513,ARRAY_CHILD_WITNESS_PLUS_FINAL_PARENT_COMPONENT
bitcell_array_quad_0/bitcell_0007,cell_1rw,R0,VSS,m1,"{""by"": 2.9475, ""lx"": 97.5925, ""rx"": 97.6575, ""uy"": 3.0125}",via5_1035,43504,13332,True,via5_1035,ARRAY_CHILD_WITNESS_PLUS_FINAL_PARENT_COMPONENT
bitcell_array_quad_0/bitcell_0008,cell_1rw,R0,VDD,m1,"{""by"": 4.3125, ""lx"": 98.2975, ""rx"": 98.3625, ""uy"": 4.3774999999999995}",via5_513,4106,324,True,via5_513,ARRAY_CHILD_WITNESS_PLUS_FINAL_PARENT_COMPONENT
bitcell_array_quad_0/bitcell_0008,cell_1rw,R0,VSS,m1,"{""by"": 2.9475, ""lx"": 98.2975, ""rx"": 98.3625, ""uy"": 3.0125}",via5_1035,43504,13332,True,via5_1035,ARRAY_CHILD_WITNESS_PLUS_FINAL_PARENT_COMPONENT
bitcell_array_quad_0/bitcell_0009,cell_1rw,R0,VDD,m1,"{""by"": 4.3125, ""lx"": 99.0025, ""rx"": 99.0675, ""uy"": 4.3774999999999995}",via5_513,4106,324,True,via5_513,ARRAY_CHILD_WITNESS_PLUS_FINAL_PARENT_COMPONENT
bitcell_array_quad_0/bitcell_0009,cell_1rw,R0,VSS,m1,"{""by"": 2.9475, ""lx"": 99.0025, ""rx"": 99.0675, ""uy"": 3.0125}",via5_1035,43504,13332,True,via5_1035,ARRAY_CHILD_WITNESS_PLUS_FINAL_PARENT_COMPONENT
bitcell_array_quad_0/bitcell_0010,cell_1rw,R0,VDD,m1,"{""by"": 4.3125, ""lx"": 99.7075, ""rx"": 99.7725, ""uy"": 4.3774999999999995}",via5_513,4106,324,True,via5_513,ARRAY_CHILD_WITNESS_PLUS_FINAL_PARENT_COMPONENT
bitcell_array_quad_0/bitcell_0010,cell_1rw,R0,VSS,m1,"{""by"": 2.9475, ""lx"": 99.7075, ""rx"": 99.7725, ""uy"": 3.0125}",via5_1035,43504,13332,True,via5_1035,ARRAY_CHILD_WITNESS_PLUS_FINAL_PARENT_COMPONENT
bitcell_array_quad_0/bitcell_0011,cell_1rw,R0,VDD,m1,"{""by"": 4.3125, ""lx"": 100.4125, ""rx"": 100.47749999999999, ""uy"": 4.3774999999999995}",via5_513,4106,324,True,via5_513,ARRAY_CHILD_WITNESS_PLUS_FINAL_PARENT_COMPONENT
bitcell_array_quad_0/bitcell_0011,cell_1rw,R0,VSS,m1,"{""by"": 2.9475, ""lx"": 100.4125, ""rx"": 100.47749999999999, ""uy"": 3.0125}",via5_1035,43504,13332,True,via5_1035,ARRAY_CHILD_WITNESS_PLUS_FINAL_PARENT_COMPONENT
bitcell_array_quad_0/bitcell_0012,cell_1rw,R0,VDD,m1,"{""by"": 4.3125, ""lx"": 101.1175, ""rx"": 101.1825, ""uy"": 4.3774999999999995}",via5_513,4106,324,True,via5_513,ARRAY_CHILD_WITNESS_PLUS_FINAL_PARENT_COMPONENT
bitcell_array_quad_0/bitcell_0012,cell_1rw,R0,VSS,m1,"{""by"": 2.9475, ""lx"": 101.1175, ""rx"": 101.1825, ""uy"": 3.0125}",via5_1035,43504,13332,True,via5_1035,ARRAY_CHILD_WITNESS_PLUS_FINAL_PARENT_COMPONENT
bitcell_array_quad_0/bitcell_0013,cell_1rw,R0,VDD,m1,"{""by"": 4.3125, ""lx"": 101.8225, ""rx"": 101.8875, ""uy"": 4.3774999999999995}",via5_513,4106,324,True,via5_513,ARRAY_CHILD_WITNESS_PLUS_FINAL_PARENT_COMPONENT
bitcell_array_quad_0/bitcell_0013,cell_1rw,R0,VSS,m1,"{""by"": 2.9475, ""lx"": 101.8225, ""rx"": 101.8875, ""uy"": 3.0125}",via5_1035,43504,13332,True,via5_1035,ARRAY_CHILD_WITNESS_PLUS_FINAL_PARENT_COMPONENT
bitcell_array_quad_0/bitcell_0014,cell_1rw,R0,VDD,m1,"{""by"": 4.3125, ""lx"": 102.5275, ""rx"": 102.5925, ""uy"": 4.3774999999999995}",via5_513,4106,324,True,via5_513,ARRAY_CHILD_WITNESS_PLUS_FINAL_PARENT_COMPONENT
bitcell_array_quad_0/bitcell_0014,cell_1rw,R0,VSS,m1,"{""by"": 2.9475, ""lx"": 102.5275, ""rx"": 102.5925, ""uy"": 3.0125}",via5_1035,43504,13332,True,via5_1035,ARRAY_CHILD_WITNESS_PLUS_FINAL_PARENT_COMPONENT
bitcell_array_quad_0/bitcell_0015,cell_1rw,R0,VDD,m1,"{""by"": 4.3125, ""lx"": 103.2325, ""rx"": 103.2975, ""uy"": 4.3774999999999995}",via5_513,4106,324,True,via5_513,ARRAY_CHILD_WITNESS_PLUS_FINAL_PARENT_COMPONENT
bitcell_array_quad_0/bitcell_0015,cell_1rw,R0,VSS,m1,"{""by"": 2.9475, ""lx"": 103.2325, ""rx"": 103.2975, ""uy"": 3.0125}",via5_1035,43504,13332,True,via5_1035,ARRAY_CHILD_WITNESS_PLUS_FINAL_PARENT_COMPONENT
bitcell_array_quad_0/bitcell_0016,cell_1rw,MX,VDD,m1,"{""by"": 4.3125, ""lx"": 92.6575, ""rx"": 92.7225, ""uy"": 4.3774999999999995}",via5_513,4106,324,True,via5_513,ARRAY_CHILD_WITNESS_PLUS_FINAL_PARENT_COMPONENT
bitcell_array_quad_0/bitcell_0016,cell_1rw,MX,VSS,m1,"{""by"": 5.6775, ""lx"": 92.6575, ""rx"": 92.7225, ""uy"": 5.7425}",via5_1035,43504,13332,True,via5_1035,ARRAY_CHILD_WITNESS_PLUS_FINAL_PARENT_COMPONENT
bitcell_array_quad_0/bitcell_0017,cell_1rw,MX,VDD,m1,"{""by"": 4.3125, ""lx"": 93.3625, ""rx"": 93.4275, ""uy"": 4.3774999999999995}",via5_513,4106,324,True,via5_513,ARRAY_CHILD_WITNESS_PLUS_FINAL_PARENT_COMPONENT
bitcell_array_quad_0/bitcell_0017,cell_1rw,MX,VSS,m1,"{""by"": 5.6775, ""lx"": 93.3625, ""rx"": 93.4275, ""uy"": 5.7425}",via5_1035,43504,13332,True,via5_1035,ARRAY_CHILD_WITNESS_PLUS_FINAL_PARENT_COMPONENT
bitcell_array_quad_0/bitcell_0018,cell_1rw,MX,VDD,m1,"{""by"": 4.3125, ""lx"": 94.0675, ""rx"": 94.1325, ""uy"": 4.3774999999999995}",via5_513,4106,324,True,via5_513,ARRAY_CHILD_WITNESS_PLUS_FINAL_PARENT_COMPONENT
bitcell_array_quad_0/bitcell_0018,cell_1rw,MX,VSS,m1,"{""by"": 5.6775, ""lx"": 94.0675, ""rx"": 94.1325, ""uy"": 5.7425}",via5_1035,43504,13332,True,via5_1035,ARRAY_CHILD_WITNESS_PLUS_FINAL_PARENT_COMPONENT
bitcell_array_quad_0/bitcell_0019,cell_1rw,MX,VDD,m1,"{""by"": 4.3125, ""lx"": 94.77250000000001, ""rx"": 94.8375, ""uy"": 4.3774999999999995}",via5_513,4106,324,True,via5_513,ARRAY_CHILD_WITNESS_PLUS_FINAL_PARENT_COMPONENT
bitcell_array_quad_0/bitcell_0019,cell_1rw,MX,VSS,m1,"{""by"": 5.6775, ""lx"": 94.77250000000001, ""rx"": 94.8375, ""uy"": 5.7425}",via5_1035,43504,13332,True,via5_1035,ARRAY_CHILD_WITNESS_PLUS_FINAL_PARENT_COMPONENT
bitcell_array_quad_0/bitcell_0020,cell_1rw,MX,VDD,m1,"{""by"": 4.3125, ""lx"": 95.4775, ""rx"": 95.5425, ""uy"": 4.3774999999999995}",via5_513,4106,324,True,via5_513,ARRAY_CHILD_WITNESS_PLUS_FINAL_PARENT_COMPONENT
bitcell_array_quad_0/bitcell_0020,cell_1rw,MX,VSS,m1,"{""by"": 5.6775, ""lx"": 95.4775, ""rx"": 95.5425, ""uy"": 5.7425}",via5_1035,43504,13332,True,via5_1035,ARRAY_CHILD_WITNESS_PLUS_FINAL_PARENT_COMPONENT
bitcell_array_quad_0/bitcell_0021,cell_1rw,MX,VDD,m1,"{""by"": 4.3125, ""lx"": 96.1825, ""rx"": 96.2475, ""uy"": 4.3774999999999995}",via5_513,4106,324,True,via5_513,ARRAY_CHILD_WITNESS_PLUS_FINAL_PARENT_COMPONENT
bitcell_array_quad_0/bitcell_0021,cell_1rw,MX,VSS,m1,"{""by"": 5.6775, ""lx"": 96.1825, ""rx"": 96.2475, ""uy"": 5.7425}",via5_1035,43504,13332,True,via5_1035,ARRAY_CHILD_WITNESS_PLUS_FINAL_PARENT_COMPONENT
bitcell_array_quad_0/bitcell_0022,cell_1rw,MX,VDD,m1,"{""by"": 4.3125, ""lx"": 96.8875, ""rx"": 96.9525, ""uy"": 4.3774999999999995}",via5_513,4106,324,True,via5_513,ARRAY_CHILD_WITNESS_PLUS_FINAL_PARENT_COMPONENT
bitcell_array_quad_0/bitcell_0022,cell_1rw,MX,VSS,m1,"{""by"": 5.6775, ""lx"": 96.8875, ""rx"": 96.9525, ""uy"": 5.7425}",via5_1035,43504,13332,True,via5_1035,ARRAY_CHILD_WITNESS_PLUS_FINAL_PARENT_COMPONENT
bitcell_array_quad_0/bitcell_0023,cell_1rw,MX,VDD,m1,"{""by"": 4.3125, ""lx"": 97.5925, ""rx"": 97.6575, ""uy"": 4.3774999999999995}",via5_513,4106,324,True,via5_513,ARRAY_CHILD_WITNESS_PLUS_FINAL_PARENT_COMPONENT
bitcell_array_quad_0/bitcell_0023,cell_1rw,MX,VSS,m1,"{""by"": 5.6775, ""lx"": 97.5925, ""rx"": 97.6575, ""uy"": 5.7425}",via5_1035,43504,13332,True,via5_1035,ARRAY_CHILD_WITNESS_PLUS_FINAL_PARENT_COMPONENT
bitcell_array_quad_0/bitcell_0024,cell_1rw,MX,VDD,m1,"{""by"": 4.3125, ""lx"": 98.2975, ""rx"": 98.3625, ""uy"": 4.3774999999999995}",via5_513,4106,324,True,via5_513,ARRAY_CHILD_WITNESS_PLUS_FINAL_PARENT_COMPONENT
bitcell_array_quad_0/bitcell_0024,cell_1rw,MX,VSS,m1,"{""by"": 5.6775, ""lx"": 98.2975, ""rx"": 98.3625, ""uy"": 5.7425}",via5_1035,43504,13332,True,via5_1035,ARRAY_CHILD_WITNESS_PLUS_FINAL_PARENT_COMPONENT
bitcell_array_quad_0/bitcell_0025,cell_1rw,MX,VDD,m1,"{""by"": 4.3125, ""lx"": 99.0025, ""rx"": 99.0675, ""uy"": 4.3774999999999995}",via5_513,4106,324,True,via5_513,ARRAY_CHILD_WITNESS_PLUS_FINAL_PARENT_COMPONENT
bitcell_array_quad_0/bitcell_0025,cell_1rw,MX,VSS,m1,"{""by"": 5.6775, ""lx"": 99.0025, ""rx"": 99.0675, ""uy"": 5.7425}",via5_1035,43504,13332,True,via5_1035,ARRAY_CHILD_WITNESS_PLUS_FINAL_PARENT_COMPONENT
bitcell_array_quad_0/bitcell_0026,cell_1rw,MX,VDD,m1,"{""by"": 4.3125, ""lx"": 99.7075, ""rx"": 99.7725, ""uy"": 4.3774999999999995}",via5_513,4106,324,True,via5_513,ARRAY_CHILD_WITNESS_PLUS_FINAL_PARENT_COMPONENT
bitcell_array_quad_0/bitcell_0026,cell_1rw,MX,VSS,m1,"{""by"": 5.6775, ""lx"": 99.7075, ""rx"": 99.7725, ""uy"": 5.7425}",via5_1035,43504,13332,True,via5_1035,ARRAY_CHILD_WITNESS_PLUS_FINAL_PARENT_COMPONENT
bitcell_array_quad_0/bitcell_0027,cell_1rw,MX,VDD,m1,"{""by"": 4.3125, ""lx"": 100.4125, ""rx"": 100.47749999999999, ""uy"": 4.3774999999999995}",via5_513,4106,324,True,via5_513,ARRAY_CHILD_WITNESS_PLUS_FINAL_PARENT_COMPONENT
bitcell_array_quad_0/bitcell_0027,cell_1rw,MX,VSS,m1,"{""by"": 5.6775, ""lx"": 100.4125, ""rx"": 100.47749999999999, ""uy"": 5.7425}",via5_1035,43504,13332,True,via5_1035,ARRAY_CHILD_WITNESS_PLUS_FINAL_PARENT_COMPONENT
bitcell_array_quad_0/bitcell_0028,cell_1rw,MX,VDD,m1,"{""by"": 4.3125, ""lx"": 101.1175, ""rx"": 101.1825, ""uy"": 4.3774999999999995}",via5_513,4106,324,True,via5_513,ARRAY_CHILD_WITNESS_PLUS_FINAL_PARENT_COMPONENT
bitcell_array_quad_0/bitcell_0028,cell_1rw,MX,VSS,m1,"{""by"": 5.6775, ""lx"": 101.1175, ""rx"": 101.1825, ""uy"": 5.7425}",via5_1035,43504,13332,True,via5_1035,ARRAY_CHILD_WITNESS_PLUS_FINAL_PARENT_COMPONENT
bitcell_array_quad_0/bitcell_0029,cell_1rw,MX,VDD,m1,"{""by"": 4.3125, ""lx"": 101.8225, ""rx"": 101.8875, ""uy"": 4.3774999999999995}",via5_513,4106,324,True,via5_513,ARRAY_CHILD_WITNESS_PLUS_FINAL_PARENT_COMPONENT
bitcell_array_quad_0/bitcell_0029,cell_1rw,MX,VSS,m1,"{""by"": 5.6775, ""lx"": 101.8225, ""rx"": 101.8875, ""uy"": 5.7425}",via5_1035,43504,13332,True,via5_1035,ARRAY_CHILD_WITNESS_PLUS_FINAL_PARENT_COMPONENT
bitcell_array_quad_0/bitcell_0030,cell_1rw,MX,VDD,m1,"{""by"": 4.3125, ""lx"": 102.5275, ""rx"": 102.5925, ""uy"": 4.3774999999999995}",via5_513,4106,324,True,via5_513,ARRAY_CHILD_WITNESS_PLUS_FINAL_PARENT_COMPONENT
bitcell_array_quad_0/bitcell_0030,cell_1rw,MX,VSS,m1,"{""by"": 5.6775, ""lx"": 102.5275, ""rx"": 102.5925, ""uy"": 5.7425}",via5_1035,43504,13332,True,via5_1035,ARRAY_CHILD_WITNESS_PLUS_FINAL_PARENT_COMPONENT
bitcell_array_quad_0/bitcell_0031,cell_1rw,MX,VDD,m1,"{""by"": 4.3125, ""lx"": 103.2325, ""rx"": 103.2975, ""uy"": 4.3774999999999995}",via5_513,4106,324,True,via5_513,ARRAY_CHILD_WITNESS_PLUS_FINAL_PARENT_COMPONENT
bitcell_array_quad_0/bitcell_0031,cell_1rw,MX,VSS,m1,"{""by"": 5.6775, ""lx"": 103.2325, ""rx"": 103.2975, ""uy"": 5.7425}",via5_1035,43504,13332,True,via5_1035,ARRAY_CHILD_WITNESS_PLUS_FINAL_PARENT_COMPONENT
bitcell_array_quad_0/bitcell_0032,cell_1rw,R0,VDD,m1,"{""by"": 7.0425, ""lx"": 92.6575, ""rx"": 92.7225, ""uy"": 7.1075}",via5_513,4106,324,True,via5_513,ARRAY_CHILD_WITNESS_PLUS_FINAL_PARENT_COMPONENT
bitcell_array_quad_0/bitcell_0032,cell_1rw,R0,VSS,m1,"{""by"": 5.6775, ""lx"": 92.6575, ""rx"": 92.7225, ""uy"": 5.7425}",via5_1035,43504,13332,True,via5_1035,ARRAY_CHILD_WITNESS_PLUS_FINAL_PARENT_COMPONENT
bitcell_array_quad_0/bitcell_0033,cell_1rw,R0,VDD,m1,"{""by"": 7.0425, ""lx"": 93.3625, ""rx"": 93.4275, ""uy"": 7.1075}",via5_513,4106,324,True,via5_513,ARRAY_CHILD_WITNESS_PLUS_FINAL_PARENT_COMPONENT
bitcell_array_quad_0/bitcell_0033,cell_1rw,R0,VSS,m1,"{""by"": 5.6775, ""lx"": 93.3625, ""rx"": 93.4275, ""uy"": 5.7425}",via5_1035,43504,13332,True,via5_1035,ARRAY_CHILD_WITNESS_PLUS_FINAL_PARENT_COMPONENT
bitcell_array_quad_0/bitcell_0034,cell_1rw,R0,VDD,m1,"{""by"": 7.0425, ""lx"": 94.0675, ""rx"": 94.1325, ""uy"": 7.1075}",via5_513,4106,324,True,via5_513,ARRAY_CHILD_WITNESS_PLUS_FINAL_PARENT_COMPONENT
bitcell_array_quad_0/bitcell_0034,cell_1rw,R0,VSS,m1,"{""by"": 5.6775, ""lx"": 94.0675, ""rx"": 94.1325, ""uy"": 5.7425}",via5_1035,43504,13332,True,via5_1035,ARRAY_CHILD_WITNESS_PLUS_FINAL_PARENT_COMPONENT
bitcell_array_quad_0/bitcell_0035,cell_1rw,R0,VDD,m1,"{""by"": 7.0425, ""lx"": 94.77250000000001, ""rx"": 94.8375, ""uy"": 7.1075}",via5_513,4106,324,True,via5_513,ARRAY_CHILD_WITNESS_PLUS_FINAL_PARENT_COMPONENT
bitcell_array_quad_0/bitcell_0035,cell_1rw,R0,VSS,m1,"{""by"": 5.6775, ""lx"": 94.77250000000001, ""rx"": 94.8375, ""uy"": 5.7425}",via5_1035,43504,13332,True,via5_1035,ARRAY_CHILD_WITNESS_PLUS_FINAL_PARENT_COMPONENT
bitcell_array_quad_0/bitcell_0036,cell_1rw,R0,VDD,m1,"{""by"": 7.0425, ""lx"": 95.4775, ""rx"": 95.5425, ""uy"": 7.1075}",via5_513,4106,324,True,via5_513,ARRAY_CHILD_WITNESS_PLUS_FINAL_PARENT_COMPONENT
bitcell_array_quad_0/bitcell_0036,cell_1rw,R0,VSS,m1,"{""by"": 5.6775, ""lx"": 95.4775, ""rx"": 95.5425, ""uy"": 5.7425}",via5_1035,43504,13332,True,via5_1035,ARRAY_CHILD_WITNESS_PLUS_FINAL_PARENT_COMPONENT
bitcell_array_quad_0/bitcell_0037,cell_1rw,R0,VDD,m1,"{""by"": 7.0425, ""lx"": 96.1825, ""rx"": 96.2475, ""uy"": 7.1075}",via5_513,4106,324,True,via5_513,ARRAY_CHILD_WITNESS_PLUS_FINAL_PARENT_COMPONENT
bitcell_array_quad_0/bitcell_0037,cell_1rw,R0,VSS,m1,"{""by"": 5.6775, ""lx"": 96.1825, ""rx"": 96.2475, ""uy"": 5.7425}",via5_1035,43504,13332,True,via5_1035,ARRAY_CHILD_WITNESS_PLUS_FINAL_PARENT_COMPONENT
bitcell_array_quad_0/bitcell_0038,cell_1rw,R0,VDD,m1,"{""by"": 7.0425, ""lx"": 96.8875, ""rx"": 96.9525, ""uy"": 7.1075}",via5_513,4106,324,True,via5_513,ARRAY_CHILD_WITNESS_PLUS_FINAL_PARENT_COMPONENT
bitcell_array_quad_0/bitcell_0038,cell_1rw,R0,VSS,m1,"{""by"": 5.6775, ""lx"": 96.8875, ""rx"": 96.9525, ""uy"": 5.7425}",via5_1035,43504,13332,True,via5_1035,ARRAY_CHILD_WITNESS_PLUS_FINAL_PARENT_COMPONENT
bitcell_array_quad_0/bitcell_0039,cell_1rw,R0,VDD,m1,"{""by"": 7.0425, ""lx"": 97.5925, ""rx"": 97.6575, ""uy"": 7.1075}",via5_513,4106,324,True,via5_513,ARRAY_CHILD_WITNESS_PLUS_FINAL_PARENT_COMPONENT
bitcell_array_quad_0/bitcell_0039,cell_1rw,R0,VSS,m1,"{""by"": 5.6775, ""lx"": 97.5925, ""rx"": 97.6575, ""uy"": 5.7425}",via5_1035,43504,13332,True,via5_1035,ARRAY_CHILD_WITNESS_PLUS_FINAL_PARENT_COMPONENT
bitcell_array_quad_0/bitcell_0040,cell_1rw,R0,VDD,m1,"{""by"": 7.0425, ""lx"": 98.2975, ""rx"": 98.3625, ""uy"": 7.1075}",via5_513,4106,324,True,via5_513,ARRAY_CHILD_WITNESS_PLUS_FINAL_PARENT_COMPONENT
bitcell_array_quad_0/bitcell_0040,cell_1rw,R0,VSS,m1,"{""by"": 5.6775, ""lx"": 98.2975, ""rx"": 98.3625, ""uy"": 5.7425}",via5_1035,43504,13332,True,via5_1035,ARRAY_CHILD_WITNESS_PLUS_FINAL_PARENT_COMPONENT
bitcell_array_quad_0/bitcell_0041,cell_1rw,R0,VDD,m1,"{""by"": 7.0425, ""lx"": 99.0025, ""rx"": 99.0675, ""uy"": 7.1075}",via5_513,4106,324,True,via5_513,ARRAY_CHILD_WITNESS_PLUS_FINAL_PARENT_COMPONENT
bitcell_array_quad_0/bitcell_0041,cell_1rw,R0,VSS,m1,"{""by"": 5.6775, ""lx"": 99.0025, ""rx"": 99.0675, ""uy"": 5.7425}",via5_1035,43504,13332,True,via5_1035,ARRAY_CHILD_WITNESS_PLUS_FINAL_PARENT_COMPONENT
bitcell_array_quad_0/bitcell_0042,cell_1rw,R0,VDD,m1,"{""by"": 7.0425, ""lx"": 99.7075, ""rx"": 99.7725, ""uy"": 7.1075}",via5_513,4106,324,True,via5_513,ARRAY_CHILD_WITNESS_PLUS_FINAL_PARENT_COMPONENT
bitcell_array_quad_0/bitcell_0042,cell_1rw,R0,VSS,m1,"{""by"": 5.6775, ""lx"": 99.7075, ""rx"": 99.7725, ""uy"": 5.7425}",via5_1035,43504,13332,True,via5_1035,ARRAY_CHILD_WITNESS_PLUS_FINAL_PARENT_COMPONENT
bitcell_array_quad_0/bitcell_0043,cell_1rw,R0,VDD,m1,"{""by"": 7.0425, ""lx"": 100.4125, ""rx"": 100.47749999999999, ""uy"": 7.1075}",via5_513,4106,324,True,via5_513,ARRAY_CHILD_WITNESS_PLUS_FINAL_PARENT_COMPONENT
bitcell_array_quad_0/bitcell_0043,cell_1rw,R0,VSS,m1,"{""by"": 5.6775, ""lx"": 100.4125, ""rx"": 100.47749999999999, ""uy"": 5.7425}",via5_1035,43504,13332,True,via5_1035,ARRAY_CHILD_WITNESS_PLUS_FINAL_PARENT_COMPONENT
bitcell_array_quad_0/bitcell_0044,cell_1rw,R0,VDD,m1,"{""by"": 7.0425, ""lx"": 101.1175, ""rx"": 101.1825, ""uy"": 7.1075}",via5_513,4106,324,True,via5_513,ARRAY_CHILD_WITNESS_PLUS_FINAL_PARENT_COMPONENT
bitcell_array_quad_0/bitcell_0044,cell_1rw,R0,VSS,m1,"{""by"": 5.6775, ""lx"": 101.1175, ""rx"": 101.1825, ""uy"": 5.7425}",via5_1035,43504,13332,True,via5_1035,ARRAY_CHILD_WITNESS_PLUS_FINAL_PARENT_COMPONENT
bitcell_array_quad_0/bitcell_0045,cell_1rw,R0,VDD,m1,"{""by"": 7.0425, ""lx"": 101.8225, ""rx"": 101.8875, ""uy"": 7.1075}",via5_513,4106,324,True,via5_513,ARRAY_CHILD_WITNESS_PLUS_FINAL_PARENT_COMPONENT
bitcell_array_quad_0/bitcell_0045,cell_1rw,R0,VSS,m1,"{""by"": 5.6775, ""lx"": 101.8225, ""rx"": 101.8875, ""uy"": 5.7425}",via5_1035,43504,13332,True,via5_1035,ARRAY_CHILD_WITNESS_PLUS_FINAL_PARENT_COMPONENT
bitcell_array_quad_0/bitcell_0046,cell_1rw,R0,VDD,m1,"{""by"": 7.0425, ""lx"": 102.5275, ""rx"": 102.5925, ""uy"": 7.1075}",via5_513,4106,324,True,via5_513,ARRAY_CHILD_WITNESS_PLUS_FINAL_PARENT_COMPONENT
bitcell_array_quad_0/bitcell_0046,cell_1rw,R0,VSS,m1,"{""by"": 5.6775, ""lx"": 102.5275, ""rx"": 102.5925, ""uy"": 5.7425}",via5_1035,43504,13332,True,via5_1035,ARRAY_CHILD_WITNESS_PLUS_FINAL_PARENT_COMPONENT
bitcell_array_quad_0/bitcell_0047,cell_1rw,R0,VDD,m1,"{""by"": 7.0425, ""lx"": 103.2325, ""rx"": 103.2975, ""uy"": 7.1075}",via5_513,4106,324,True,via5_513,ARRAY_CHILD_WITNESS_PLUS_FINAL_PARENT_COMPONENT
bitcell_array_quad_0/bitcell_0047,cell_1rw,R0,VSS,m1,"{""by"": 5.6775, ""lx"": 103.2325, ""rx"": 103.2975, ""uy"": 5.7425}",via5_1035,43504,13332,True,via5_1035,ARRAY_CHILD_WITNESS_PLUS_FINAL_PARENT_COMPONENT
bitcell_array_quad_0/bitcell_0048,cell_1rw,MX,VDD,m1,"{""by"": 7.0425, ""lx"": 92.6575, ""rx"": 92.7225, ""uy"": 7.1075}",via5_513,4106,324,True,via5_513,ARRAY_CHILD_WITNESS_PLUS_FINAL_PARENT_COMPONENT
bitcell_array_quad_0/bitcell_0048,cell_1rw,MX,VSS,m1,"{""by"": 8.407499999999999, ""lx"": 92.6575, ""rx"": 92.7225, ""uy"": 8.4725}",via5_1035,43504,13332,True,via5_1035,ARRAY_CHILD_WITNESS_PLUS_FINAL_PARENT_COMPONENT
bitcell_array_quad_0/bitcell_0049,cell_1rw,MX,VDD,m1,"{""by"": 7.0425, ""lx"": 93.3625, ""rx"": 93.4275, ""uy"": 7.1075}",via5_513,4106,324,True,via5_513,ARRAY_CHILD_WITNESS_PLUS_FINAL_PARENT_COMPONENT
bitcell_array_quad_0/bitcell_0049,cell_1rw,MX,VSS,m1,"{""by"": 8.407499999999999, ""lx"": 93.3625, ""rx"": 93.4275, ""uy"": 8.4725}",via5_1035,43504,13332,True,via5_1035,ARRAY_CHILD_WITNESS_PLUS_FINAL_PARENT_COMPONENT
bitcell_array_quad_0/bitcell_0050,cell_1rw,MX,VDD,m1,"{""by"": 7.0425, ""lx"": 94.0675, ""rx"": 94.1325, ""uy"": 7.1075}",via5_513,4106,324,True,via5_513,ARRAY_CHILD_WITNESS_PLUS_FINAL_PARENT_COMPONENT
bitcell_array_quad_0/bitcell_0050,cell_1rw,MX,VSS,m1,"{""by"": 8.407499999999999, ""lx"": 94.0675, ""rx"": 94.1325, ""uy"": 8.4725}",via5_1035,43504,13332,True,via5_1035,ARRAY_CHILD_WITNESS_PLUS_FINAL_PARENT_COMPONENT
bitcell_array_quad_0/bitcell_0051,cell_1rw,MX,VDD,m1,"{""by"": 7.0425, ""lx"": 94.77250000000001, ""rx"": 94.8375, ""uy"": 7.1075}",via5_513,4106,324,True,via5_513,ARRAY_CHILD_WITNESS_PLUS_FINAL_PARENT_COMPONENT
bitcell_array_quad_0/bitcell_0051,cell_1rw,MX,VSS,m1,"{""by"": 8.407499999999999, ""lx"": 94.77250000000001, ""rx"": 94.8375, ""uy"": 8.4725}",via5_1035,43504,13332,True,via5_1035,ARRAY_CHILD_WITNESS_PLUS_FINAL_PARENT_COMPONENT
bitcell_array_quad_0/bitcell_0052,cell_1rw,MX,VDD,m1,"{""by"": 7.0425, ""lx"": 95.4775, ""rx"": 95.5425, ""uy"": 7.1075}",via5_513,4106,324,True,via5_513,ARRAY_CHILD_WITNESS_PLUS_FINAL_PARENT_COMPONENT
bitcell_array_quad_0/bitcell_0052,cell_1rw,MX,VSS,m1,"{""by"": 8.407499999999999, ""lx"": 95.4775, ""rx"": 95.5425, ""uy"": 8.4725}",via5_1035,43504,13332,True,via5_1035,ARRAY_CHILD_WITNESS_PLUS_FINAL_PARENT_COMPONENT
bitcell_array_quad_0/bitcell_0053,cell_1rw,MX,VDD,m1,"{""by"": 7.0425, ""lx"": 96.1825, ""rx"": 96.2475, ""uy"": 7.1075}",via5_513,4106,324,True,via5_513,ARRAY_CHILD_WITNESS_PLUS_FINAL_PARENT_COMPONENT
bitcell_array_quad_0/bitcell_0053,cell_1rw,MX,VSS,m1,"{""by"": 8.407499999999999, ""lx"": 96.1825, ""rx"": 96.2475, ""uy"": 8.4725}",via5_1035,43504,13332,True,via5_1035,ARRAY_CHILD_WITNESS_PLUS_FINAL_PARENT_COMPONENT
bitcell_array_quad_0/bitcell_0054,cell_1rw,MX,VDD,m1,"{""by"": 7.0425, ""lx"": 96.8875, ""rx"": 96.9525, ""uy"": 7.1075}",via5_513,4106,324,True,via5_513,ARRAY_CHILD_WITNESS_PLUS_FINAL_PARENT_COMPONENT
bitcell_array_quad_0/bitcell_0054,cell_1rw,MX,VSS,m1,"{""by"": 8.407499999999999, ""lx"": 96.8875, ""rx"": 96.9525, ""uy"": 8.4725}",via5_1035,43504,13332,True,via5_1035,ARRAY_CHILD_WITNESS_PLUS_FINAL_PARENT_COMPONENT
bitcell_array_quad_0/bitcell_0055,cell_1rw,MX,VDD,m1,"{""by"": 7.0425, ""lx"": 97.5925, ""rx"": 97.6575, ""uy"": 7.1075}",via5_513,4106,324,True,via5_513,ARRAY_CHILD_WITNESS_PLUS_FINAL_PARENT_COMPONENT
bitcell_array_quad_0/bitcell_0055,cell_1rw,MX,VSS,m1,"{""by"": 8.407499999999999, ""lx"": 97.5925, ""rx"": 97.6575, ""uy"": 8.4725}",via5_1035,43504,13332,True,via5_1035,ARRAY_CHILD_WITNESS_PLUS_FINAL_PARENT_COMPONENT
bitcell_array_quad_0/bitcell_0056,cell_1rw,MX,VDD,m1,"{""by"": 7.0425, ""lx"": 98.2975, ""rx"": 98.3625, ""uy"": 7.1075}",via5_513,4106,324,True,via5_513,ARRAY_CHILD_WITNESS_PLUS_FINAL_PARENT_COMPONENT
bitcell_array_quad_0/bitcell_0056,cell_1rw,MX,VSS,m1,"{""by"": 8.407499999999999, ""lx"": 98.2975, ""rx"": 98.3625, ""uy"": 8.4725}",via5_1035,43504,13332,True,via5_1035,ARRAY_CHILD_WITNESS_PLUS_FINAL_PARENT_COMPONENT
bitcell_array_quad_0/bitcell_0057,cell_1rw,MX,VDD,m1,"{""by"": 7.0425, ""lx"": 99.0025, ""rx"": 99.0675, ""uy"": 7.1075}",via5_513,4106,324,True,via5_513,ARRAY_CHILD_WITNESS_PLUS_FINAL_PARENT_COMPONENT
bitcell_array_quad_0/bitcell_0057,cell_1rw,MX,VSS,m1,"{""by"": 8.407499999999999, ""lx"": 99.0025, ""rx"": 99.0675, ""uy"": 8.4725}",via5_1035,43504,13332,True,via5_1035,ARRAY_CHILD_WITNESS_PLUS_FINAL_PARENT_COMPONENT
bitcell_array_quad_0/bitcell_0058,cell_1rw,MX,VDD,m1,"{""by"": 7.0425, ""lx"": 99.7075, ""rx"": 99.7725, ""uy"": 7.1075}",via5_513,4106,324,True,via5_513,ARRAY_CHILD_WITNESS_PLUS_FINAL_PARENT_COMPONENT
bitcell_array_quad_0/bitcell_0058,cell_1rw,MX,VSS,m1,"{""by"": 8.407499999999999, ""lx"": 99.7075, ""rx"": 99.7725, ""uy"": 8.4725}",via5_1035,43504,13332,True,via5_1035,ARRAY_CHILD_WITNESS_PLUS_FINAL_PARENT_COMPONENT
bitcell_array_quad_0/bitcell_0059,cell_1rw,MX,VDD,m1,"{""by"": 7.0425, ""lx"": 100.4125, ""rx"": 100.47749999999999, ""uy"": 7.1075}",via5_513,4106,324,True,via5_513,ARRAY_CHILD_WITNESS_PLUS_FINAL_PARENT_COMPONENT
bitcell_array_quad_0/bitcell_0059,cell_1rw,MX,VSS,m1,"{""by"": 8.407499999999999, ""lx"": 100.4125, ""rx"": 100.47749999999999, ""uy"": 8.4725}",via5_1035,43504,13332,True,via5_1035,ARRAY_CHILD_WITNESS_PLUS_FINAL_PARENT_COMPONENT
bitcell_array_quad_0/bitcell_0060,cell_1rw,MX,VDD,m1,"{""by"": 7.0425, ""lx"": 101.1175, ""rx"": 101.1825, ""uy"": 7.1075}",via5_513,4106,324,True,via5_513,ARRAY_CHILD_WITNESS_PLUS_FINAL_PARENT_COMPONENT
bitcell_array_quad_0/bitcell_0060,cell_1rw,MX,VSS,m1,"{""by"": 8.407499999999999, ""lx"": 101.1175, ""rx"": 101.1825, ""uy"": 8.4725}",via5_1035,43504,13332,True,via5_1035,ARRAY_CHILD_WITNESS_PLUS_FINAL_PARENT_COMPONENT
bitcell_array_quad_0/bitcell_0061,cell_1rw,MX,VDD,m1,"{""by"": 7.0425, ""lx"": 101.8225, ""rx"": 101.8875, ""uy"": 7.1075}",via5_513,4106,324,True,via5_513,ARRAY_CHILD_WITNESS_PLUS_FINAL_PARENT_COMPONENT
bitcell_array_quad_0/bitcell_0061,cell_1rw,MX,VSS,m1,"{""by"": 8.407499999999999, ""lx"": 101.8225, ""rx"": 101.8875, ""uy"": 8.4725}",via5_1035,43504,13332,True,via5_1035,ARRAY_CHILD_WITNESS_PLUS_FINAL_PARENT_COMPONENT
bitcell_array_quad_0/bitcell_0062,cell_1rw,MX,VDD,m1,"{""by"": 7.0425, ""lx"": 102.5275, ""rx"": 102.5925, ""uy"": 7.1075}",via5_513,4106,324,True,via5_513,ARRAY_CHILD_WITNESS_PLUS_FINAL_PARENT_COMPONENT
bitcell_array_quad_0/bitcell_0062,cell_1rw,MX,VSS,m1,"{""by"": 8.407499999999999, ""lx"": 102.5275, ""rx"": 102.5925, ""uy"": 8.4725}",via5_1035,43504,13332,True,via5_1035,ARRAY_CHILD_WITNESS_PLUS_FINAL_PARENT_COMPONENT
bitcell_array_quad_0/bitcell_0063,cell_1rw,MX,VDD,m1,"{""by"": 7.0425, ""lx"": 103.2325, ""rx"": 103.2975, ""uy"": 7.1075}",via5_513,4106,324,True,via5_513,ARRAY_CHILD_WITNESS_PLUS_FINAL_PARENT_COMPONENT
bitcell_array_quad_0/bitcell_0063,cell_1rw,MX,VSS,m1,"{""by"": 8.407499999999999, ""lx"": 103.2325, ""rx"": 103.2975, ""uy"": 8.4725}",via5_1035,43504,13332,True,via5_1035,ARRAY_CHILD_WITNESS_PLUS_FINAL_PARENT_COMPONENT
bitcell_array_quad_0/bitcell_0064,cell_1rw,R0,VDD,m1,"{""by"": 9.772499999999999, ""lx"": 92.6575, ""rx"": 92.7225, ""uy"": 9.8375}",via5_513,4106,324,True,via5_513,ARRAY_CHILD_WITNESS_PLUS_FINAL_PARENT_COMPONENT
bitcell_array_quad_0/bitcell_0064,cell_1rw,R0,VSS,m1,"{""by"": 8.407499999999999, ""lx"": 92.6575, ""rx"": 92.7225, ""uy"": 8.4725}",via5_1035,43504,13332,True,via5_1035,ARRAY_CHILD_WITNESS_PLUS_FINAL_PARENT_COMPONENT
bitcell_array_quad_0/bitcell_0065,cell_1rw,R0,VDD,m1,"{""by"": 9.772499999999999, ""lx"": 93.3625, ""rx"": 93.4275, ""uy"": 9.8375}",via5_513,4106,324,True,via5_513,ARRAY_CHILD_WITNESS_PLUS_FINAL_PARENT_COMPONENT
bitcell_array_quad_0/bitcell_0065,cell_1rw,R0,VSS,m1,"{""by"": 8.407499999999999, ""lx"": 93.3625, ""rx"": 93.4275, ""uy"": 8.4725}",via5_1035,43504,13332,True,via5_1035,ARRAY_CHILD_WITNESS_PLUS_FINAL_PARENT_COMPONENT
bitcell_array_quad_0/bitcell_0066,cell_1rw,R0,VDD,m1,"{""by"": 9.772499999999999, ""lx"": 94.0675, ""rx"": 94.1325, ""uy"": 9.8375}",via5_513,4106,324,True,via5_513,ARRAY_CHILD_WITNESS_PLUS_FINAL_PARENT_COMPONENT
bitcell_array_quad_0/bitcell_0066,cell_1rw,R0,VSS,m1,"{""by"": 8.407499999999999, ""lx"": 94.0675, ""rx"": 94.1325, ""uy"": 8.4725}",via5_1035,43504,13332,True,via5_1035,ARRAY_CHILD_WITNESS_PLUS_FINAL_PARENT_COMPONENT
bitcell_array_quad_0/bitcell_0067,cell_1rw,R0,VDD,m1,"{""by"": 9.772499999999999, ""lx"": 94.77250000000001, ""rx"": 94.8375, ""uy"": 9.8375}",via5_513,4106,324,True,via5_513,ARRAY_CHILD_WITNESS_PLUS_FINAL_PARENT_COMPONENT
bitcell_array_quad_0/bitcell_0067,cell_1rw,R0,VSS,m1,"{""by"": 8.407499999999999, ""lx"": 94.77250000000001, ""rx"": 94.8375, ""uy"": 8.4725}",via5_1035,43504,13332,True,via5_1035,ARRAY_CHILD_WITNESS_PLUS_FINAL_PARENT_COMPONENT
bitcell_array_quad_0/bitcell_0068,cell_1rw,R0,VDD,m1,"{""by"": 9.772499999999999, ""lx"": 95.4775, ""rx"": 95.5425, ""uy"": 9.8375}",via5_513,4106,324,True,via5_513,ARRAY_CHILD_WITNESS_PLUS_FINAL_PARENT_COMPONENT
bitcell_array_quad_0/bitcell_0068,cell_1rw,R0,VSS,m1,"{""by"": 8.407499999999999, ""lx"": 95.4775, ""rx"": 95.5425, ""uy"": 8.4725}",via5_1035,43504,13332,True,via5_1035,ARRAY_CHILD_WITNESS_PLUS_FINAL_PARENT_COMPONENT
bitcell_array_quad_0/bitcell_0069,cell_1rw,R0,VDD,m1,"{""by"": 9.772499999999999, ""lx"": 96.1825, ""rx"": 96.2475, ""uy"": 9.8375}",via5_513,4106,324,True,via5_513,ARRAY_CHILD_WITNESS_PLUS_FINAL_PARENT_COMPONENT
bitcell_array_quad_0/bitcell_0069,cell_1rw,R0,VSS,m1,"{""by"": 8.407499999999999, ""lx"": 96.1825, ""rx"": 96.2475, ""uy"": 8.4725}",via5_1035,43504,13332,True,via5_1035,ARRAY_CHILD_WITNESS_PLUS_FINAL_PARENT_COMPONENT
bitcell_array_quad_0/bitcell_0070,cell_1rw,R0,VDD,m1,"{""by"": 9.772499999999999, ""lx"": 96.8875, ""rx"": 96.9525, ""uy"": 9.8375}",via5_513,4106,324,True,via5_513,ARRAY_CHILD_WITNESS_PLUS_FINAL_PARENT_COMPONENT
bitcell_array_quad_0/bitcell_0070,cell_1rw,R0,VSS,m1,"{""by"": 8.407499999999999, ""lx"": 96.8875, ""rx"": 96.9525, ""uy"": 8.4725}",via5_1035,43504,13332,True,via5_1035,ARRAY_CHILD_WITNESS_PLUS_FINAL_PARENT_COMPONENT
bitcell_array_quad_0/bitcell_0071,cell_1rw,R0,VDD,m1,"{""by"": 9.772499999999999, ""lx"": 97.5925, ""rx"": 97.6575, ""uy"": 9.8375}",via5_513,4106,324,True,via5_513,ARRAY_CHILD_WITNESS_PLUS_FINAL_PARENT_COMPONENT
bitcell_array_quad_0/bitcell_0071,cell_1rw,R0,VSS,m1,"{""by"": 8.407499999999999, ""lx"": 97.5925, ""rx"": 97.6575, ""uy"": 8.4725}",via5_1035,43504,13332,True,via5_1035,ARRAY_CHILD_WITNESS_PLUS_FINAL_PARENT_COMPONENT
bitcell_array_quad_0/bitcell_0072,cell_1rw,R0,VDD,m1,"{""by"": 9.772499999999999, ""lx"": 98.2975, ""rx"": 98.3625, ""uy"": 9.8375}",via5_513,4106,324,True,via5_513,ARRAY_CHILD_WITNESS_PLUS_FINAL_PARENT_COMPONENT
bitcell_array_quad_0/bitcell_0072,cell_1rw,R0,VSS,m1,"{""by"": 8.407499999999999, ""lx"": 98.2975, ""rx"": 98.3625, ""uy"": 8.4725}",via5_1035,43504,13332,True,via5_1035,ARRAY_CHILD_WITNESS_PLUS_FINAL_PARENT_COMPONENT
bitcell_array_quad_0/bitcell_0073,cell_1rw,R0,VDD,m1,"{""by"": 9.772499999999999, ""lx"": 99.0025, ""rx"": 99.0675, ""uy"": 9.8375}",via5_513,4106,324,True,via5_513,ARRAY_CHILD_WITNESS_PLUS_FINAL_PARENT_COMPONENT
bitcell_array_quad_0/bitcell_0073,cell_1rw,R0,VSS,m1,"{""by"": 8.407499999999999, ""lx"": 99.0025, ""rx"": 99.0675, ""uy"": 8.4725}",via5_1035,43504,13332,True,via5_1035,ARRAY_CHILD_WITNESS_PLUS_FINAL_PARENT_COMPONENT
bitcell_array_quad_0/bitcell_0074,cell_1rw,R0,VDD,m1,"{""by"": 9.772499999999999, ""lx"": 99.7075, ""rx"": 99.7725, ""uy"": 9.8375}",via5_513,4106,324,True,via5_513,ARRAY_CHILD_WITNESS_PLUS_FINAL_PARENT_COMPONENT
bitcell_array_quad_0/bitcell_0074,cell_1rw,R0,VSS,m1,"{""by"": 8.407499999999999, ""lx"": 99.7075, ""rx"": 99.7725, ""uy"": 8.4725}",via5_1035,43504,13332,True,via5_1035,ARRAY_CHILD_WITNESS_PLUS_FINAL_PARENT_COMPONENT
bitcell_array_quad_0/bitcell_0075,cell_1rw,R0,VDD,m1,"{""by"": 9.772499999999999, ""lx"": 100.4125, ""rx"": 100.47749999999999, ""uy"": 9.8375}",via5_513,4106,324,True,via5_513,ARRAY_CHILD_WITNESS_PLUS_FINAL_PARENT_COMPONENT
bitcell_array_quad_0/bitcell_0075,cell_1rw,R0,VSS,m1,"{""by"": 8.407499999999999, ""lx"": 100.4125, ""rx"": 100.47749999999999, ""uy"": 8.4725}",via5_1035,43504,13332,True,via5_1035,ARRAY_CHILD_WITNESS_PLUS_FINAL_PARENT_COMPONENT
bitcell_array_quad_0/bitcell_0076,cell_1rw,R0,VDD,m1,"{""by"": 9.772499999999999, ""lx"": 101.1175, ""rx"": 101.1825, ""uy"": 9.8375}",via5_513,4106,324,True,via5_513,ARRAY_CHILD_WITNESS_PLUS_FINAL_PARENT_COMPONENT
bitcell_array_quad_0/bitcell_0076,cell_1rw,R0,VSS,m1,"{""by"": 8.407499999999999, ""lx"": 101.1175, ""rx"": 101.1825, ""uy"": 8.4725}",via5_1035,43504,13332,True,via5_1035,ARRAY_CHILD_WITNESS_PLUS_FINAL_PARENT_COMPONENT
bitcell_array_quad_0/bitcell_0077,cell_1rw,R0,VDD,m1,"{""by"": 9.772499999999999, ""lx"": 101.8225, ""rx"": 101.8875, ""uy"": 9.8375}",via5_513,4106,324,True,via5_513,ARRAY_CHILD_WITNESS_PLUS_FINAL_PARENT_COMPONENT
bitcell_array_quad_0/bitcell_0077,cell_1rw,R0,VSS,m1,"{""by"": 8.407499999999999, ""lx"": 101.8225, ""rx"": 101.8875, ""uy"": 8.4725}",via5_1035,43504,13332,True,via5_1035,ARRAY_CHILD_WITNESS_PLUS_FINAL_PARENT_COMPONENT
bitcell_array_quad_0/bitcell_0078,cell_1rw,R0,VDD,m1,"{""by"": 9.772499999999999, ""lx"": 102.5275, ""rx"": 102.5925, ""uy"": 9.8375}",via5_513,4106,324,True,via5_513,ARRAY_CHILD_WITNESS_PLUS_FINAL_PARENT_COMPONENT
bitcell_array_quad_0/bitcell_0078,cell_1rw,R0,VSS,m1,"{""by"": 8.407499999999999, ""lx"": 102.5275, ""rx"": 102.5925, ""uy"": 8.4725}",via5_1035,43504,13332,True,via5_1035,ARRAY_CHILD_WITNESS_PLUS_FINAL_PARENT_COMPONENT
bitcell_array_quad_0/bitcell_0079,cell_1rw,R0,VDD,m1,"{""by"": 9.772499999999999, ""lx"": 103.2325, ""rx"": 103.2975, ""uy"": 9.8375}",via5_513,4106,324,True,via5_513,ARRAY_CHILD_WITNESS_PLUS_FINAL_PARENT_COMPONENT
bitcell_array_quad_0/bitcell_0079,cell_1rw,R0,VSS,m1,"{""by"": 8.407499999999999, ""lx"": 103.2325, ""rx"": 103.2975, ""uy"": 8.4725}",via5_1035,43504,13332,True,via5_1035,ARRAY_CHILD_WITNESS_PLUS_FINAL_PARENT_COMPONENT
bitcell_array_quad_0/bitcell_0080,cell_1rw,MX,VDD,m1,"{""by"": 9.772499999999999, ""lx"": 92.6575, ""rx"": 92.7225, ""uy"": 9.8375}",via5_513,4106,324,True,via5_513,ARRAY_CHILD_WITNESS_PLUS_FINAL_PARENT_COMPONENT
bitcell_array_quad_0/bitcell_0080,cell_1rw,MX,VSS,m1,"{""by"": 11.1375, ""lx"": 92.6575, ""rx"": 92.7225, ""uy"": 11.2025}",via5_1035,43504,13332,True,via5_1035,ARRAY_CHILD_WITNESS_PLUS_FINAL_PARENT_COMPONENT
bitcell_array_quad_0/bitcell_0081,cell_1rw,MX,VDD,m1,"{""by"": 9.772499999999999, ""lx"": 93.3625, ""rx"": 93.4275, ""uy"": 9.8375}",via5_513,4106,324,True,via5_513,ARRAY_CHILD_WITNESS_PLUS_FINAL_PARENT_COMPONENT
bitcell_array_quad_0/bitcell_0081,cell_1rw,MX,VSS,m1,"{""by"": 11.1375, ""lx"": 93.3625, ""rx"": 93.4275, ""uy"": 11.2025}",via5_1035,43504,13332,True,via5_1035,ARRAY_CHILD_WITNESS_PLUS_FINAL_PARENT_COMPONENT
bitcell_array_quad_0/bitcell_0082,cell_1rw,MX,VDD,m1,"{""by"": 9.772499999999999, ""lx"": 94.0675, ""rx"": 94.1325, ""uy"": 9.8375}",via5_513,4106,324,True,via5_513,ARRAY_CHILD_WITNESS_PLUS_FINAL_PARENT_COMPONENT
bitcell_array_quad_0/bitcell_0082,cell_1rw,MX,VSS,m1,"{""by"": 11.1375, ""lx"": 94.0675, ""rx"": 94.1325, ""uy"": 11.2025}",via5_1035,43504,13332,True,via5_1035,ARRAY_CHILD_WITNESS_PLUS_FINAL_PARENT_COMPONENT
bitcell_array_quad_0/bitcell_0083,cell_1rw,MX,VDD,m1,"{""by"": 9.772499999999999, ""lx"": 94.77250000000001, ""rx"": 94.8375, ""uy"": 9.8375}",via5_513,4106,324,True,via5_513,ARRAY_CHILD_WITNESS_PLUS_FINAL_PARENT_COMPONENT
bitcell_array_quad_0/bitcell_0083,cell_1rw,MX,VSS,m1,"{""by"": 11.1375, ""lx"": 94.77250000000001, ""rx"": 94.8375, ""uy"": 11.2025}",via5_1035,43504,13332,True,via5_1035,ARRAY_CHILD_WITNESS_PLUS_FINAL_PARENT_COMPONENT
bitcell_array_quad_0/bitcell_0084,cell_1rw,MX,VDD,m1,"{""by"": 9.772499999999999, ""lx"": 95.4775, ""rx"": 95.5425, ""uy"": 9.8375}",via5_513,4106,324,True,via5_513,ARRAY_CHILD_WITNESS_PLUS_FINAL_PARENT_COMPONENT
bitcell_array_quad_0/bitcell_0084,cell_1rw,MX,VSS,m1,"{""by"": 11.1375, ""lx"": 95.4775, ""rx"": 95.5425, ""uy"": 11.2025}",via5_1035,43504,13332,True,via5_1035,ARRAY_CHILD_WITNESS_PLUS_FINAL_PARENT_COMPONENT
bitcell_array_quad_0/bitcell_0085,cell_1rw,MX,VDD,m1,"{""by"": 9.772499999999999, ""lx"": 96.1825, ""rx"": 96.2475, ""uy"": 9.8375}",via5_513,4106,324,True,via5_513,ARRAY_CHILD_WITNESS_PLUS_FINAL_PARENT_COMPONENT
bitcell_array_quad_0/bitcell_0085,cell_1rw,MX,VSS,m1,"{""by"": 11.1375, ""lx"": 96.1825, ""rx"": 96.2475, ""uy"": 11.2025}",via5_1035,43504,13332,True,via5_1035,ARRAY_CHILD_WITNESS_PLUS_FINAL_PARENT_COMPONENT
bitcell_array_quad_0/bitcell_0086,cell_1rw,MX,VDD,m1,"{""by"": 9.772499999999999, ""lx"": 96.8875, ""rx"": 96.9525, ""uy"": 9.8375}",via5_513,4106,324,True,via5_513,ARRAY_CHILD_WITNESS_PLUS_FINAL_PARENT_COMPONENT
bitcell_array_quad_0/bitcell_0086,cell_1rw,MX,VSS,m1,"{""by"": 11.1375, ""lx"": 96.8875, ""rx"": 96.9525, ""uy"": 11.2025}",via5_1035,43504,13332,True,via5_1035,ARRAY_CHILD_WITNESS_PLUS_FINAL_PARENT_COMPONENT
bitcell_array_quad_0/bitcell_0087,cell_1rw,MX,VDD,m1,"{""by"": 9.772499999999999, ""lx"": 97.5925, ""rx"": 97.6575, ""uy"": 9.8375}",via5_513,4106,324,True,via5_513,ARRAY_CHILD_WITNESS_PLUS_FINAL_PARENT_COMPONENT
bitcell_array_quad_0/bitcell_0087,cell_1rw,MX,VSS,m1,"{""by"": 11.1375, ""lx"": 97.5925, ""rx"": 97.6575, ""uy"": 11.2025}",via5_1035,43504,13332,True,via5_1035,ARRAY_CHILD_WITNESS_PLUS_FINAL_PARENT_COMPONENT
bitcell_array_quad_0/bitcell_0088,cell_1rw,MX,VDD,m1,"{""by"": 9.772499999999999, ""lx"": 98.2975, ""rx"": 98.3625, ""uy"": 9.8375}",via5_513,4106,324,True,via5_513,ARRAY_CHILD_WITNESS_PLUS_FINAL_PARENT_COMPONENT
bitcell_array_quad_0/bitcell_0088,cell_1rw,MX,VSS,m1,"{""by"": 11.1375, ""lx"": 98.2975, ""rx"": 98.3625, ""uy"": 11.2025}",via5_1035,43504,13332,True,via5_1035,ARRAY_CHILD_WITNESS_PLUS_FINAL_PARENT_COMPONENT
bitcell_array_quad_0/bitcell_0089,cell_1rw,MX,VDD,m1,"{""by"": 9.772499999999999, ""lx"": 99.0025, ""rx"": 99.0675, ""uy"": 9.8375}",via5_513,4106,324,True,via5_513,ARRAY_CHILD_WITNESS_PLUS_FINAL_PARENT_COMPONENT
bitcell_array_quad_0/bitcell_0089,cell_1rw,MX,VSS,m1,"{""by"": 11.1375, ""lx"": 99.0025, ""rx"": 99.0675, ""uy"": 11.2025}",via5_1035,43504,13332,True,via5_1035,ARRAY_CHILD_WITNESS_PLUS_FINAL_PARENT_COMPONENT
bitcell_array_quad_0/bitcell_0090,cell_1rw,MX,VDD,m1,"{""by"": 9.772499999999999, ""lx"": 99.7075, ""rx"": 99.7725, ""uy"": 9.8375}",via5_513,4106,324,True,via5_513,ARRAY_CHILD_WITNESS_PLUS_FINAL_PARENT_COMPONENT
bitcell_array_quad_0/bitcell_0090,cell_1rw,MX,VSS,m1,"{""by"": 11.1375, ""lx"": 99.7075, ""rx"": 99.7725, ""uy"": 11.2025}",via5_1035,43504,13332,True,via5_1035,ARRAY_CHILD_WITNESS_PLUS_FINAL_PARENT_COMPONENT
bitcell_array_quad_0/bitcell_0091,cell_1rw,MX,VDD,m1,"{""by"": 9.772499999999999, ""lx"": 100.4125, ""rx"": 100.47749999999999, ""uy"": 9.8375}",via5_513,4106,324,True,via5_513,ARRAY_CHILD_WITNESS_PLUS_FINAL_PARENT_COMPONENT
bitcell_array_quad_0/bitcell_0091,cell_1rw,MX,VSS,m1,"{""by"": 11.1375, ""lx"": 100.4125, ""rx"": 100.47749999999999, ""uy"": 11.2025}",via5_1035,43504,13332,True,via5_1035,ARRAY_CHILD_WITNESS_PLUS_FINAL_PARENT_COMPONENT
bitcell_array_quad_0/bitcell_0092,cell_1rw,MX,VDD,m1,"{""by"": 9.772499999999999, ""lx"": 101.1175, ""rx"": 101.1825, ""uy"": 9.8375}",via5_513,4106,324,True,via5_513,ARRAY_CHILD_WITNESS_PLUS_FINAL_PARENT_COMPONENT
bitcell_array_quad_0/bitcell_0092,cell_1rw,MX,VSS,m1,"{""by"": 11.1375, ""lx"": 101.1175, ""rx"": 101.1825, ""uy"": 11.2025}",via5_1035,43504,13332,True,via5_1035,ARRAY_CHILD_WITNESS_PLUS_FINAL_PARENT_COMPONENT
bitcell_array_quad_0/bitcell_0093,cell_1rw,MX,VDD,m1,"{""by"": 9.772499999999999, ""lx"": 101.8225, ""rx"": 101.8875, ""uy"": 9.8375}",via5_513,4106,324,True,via5_513,ARRAY_CHILD_WITNESS_PLUS_FINAL_PARENT_COMPONENT
bitcell_array_quad_0/bitcell_0093,cell_1rw,MX,VSS,m1,"{""by"": 11.1375, ""lx"": 101.8225, ""rx"": 101.8875, ""uy"": 11.2025}",via5_1035,43504,13332,True,via5_1035,ARRAY_CHILD_WITNESS_PLUS_FINAL_PARENT_COMPONENT
bitcell_array_quad_0/bitcell_0094,cell_1rw,MX,VDD,m1,"{""by"": 9.772499999999999, ""lx"": 102.5275, ""rx"": 102.5925, ""uy"": 9.8375}",via5_513,4106,324,True,via5_513,ARRAY_CHILD_WITNESS_PLUS_FINAL_PARENT_COMPONENT
bitcell_array_quad_0/bitcell_0094,cell_1rw,MX,VSS,m1,"{""by"": 11.1375, ""lx"": 102.5275, ""rx"": 102.5925, ""uy"": 11.2025}",via5_1035,43504,13332,True,via5_1035,ARRAY_CHILD_WITNESS_PLUS_FINAL_PARENT_COMPONENT
bitcell_array_quad_0/bitcell_0095,cell_1rw,MX,VDD,m1,"{""by"": 9.772499999999999, ""lx"": 103.2325, ""rx"": 103.2975, ""uy"": 9.8375}",via5_513,4106,324,True,via5_513,ARRAY_CHILD_WITNESS_PLUS_FINAL_PARENT_COMPONENT
bitcell_array_quad_0/bitcell_0095,cell_1rw,MX,VSS,m1,"{""by"": 11.1375, ""lx"": 103.2325, ""rx"": 103.2975, ""uy"": 11.2025}",via5_1035,43504,13332,True,via5_1035,ARRAY_CHILD_WITNESS_PLUS_FINAL_PARENT_COMPONENT
bitcell_array_quad_0/bitcell_0096,cell_1rw,R0,VDD,m1,"{""by"": 12.5025, ""lx"": 92.6575, ""rx"": 92.7225, ""uy"": 12.5675}",via5_513,4106,324,True,via5_513,ARRAY_CHILD_WITNESS_PLUS_FINAL_PARENT_COMPONENT
bitcell_array_quad_0/bitcell_0096,cell_1rw,R0,VSS,m1,"{""by"": 11.1375, ""lx"": 92.6575, ""rx"": 92.7225, ""uy"": 11.2025}",via5_1035,43504,13332,True,via5_1035,ARRAY_CHILD_WITNESS_PLUS_FINAL_PARENT_COMPONENT
bitcell_array_quad_0/bitcell_0097,cell_1rw,R0,VDD,m1,"{""by"": 12.5025, ""lx"": 93.3625, ""rx"": 93.4275, ""uy"": 12.5675}",via5_513,4106,324,True,via5_513,ARRAY_CHILD_WITNESS_PLUS_FINAL_PARENT_COMPONENT
bitcell_array_quad_0/bitcell_0097,cell_1rw,R0,VSS,m1,"{""by"": 11.1375, ""lx"": 93.3625, ""rx"": 93.4275, ""uy"": 11.2025}",via5_1035,43504,13332,True,via5_1035,ARRAY_CHILD_WITNESS_PLUS_FINAL_PARENT_COMPONENT
bitcell_array_quad_0/bitcell_0098,cell_1rw,R0,VDD,m1,"{""by"": 12.5025, ""lx"": 94.0675, ""rx"": 94.1325, ""uy"": 12.5675}",via5_513,4106,324,True,via5_513,ARRAY_CHILD_WITNESS_PLUS_FINAL_PARENT_COMPONENT
bitcell_array_quad_0/bitcell_0098,cell_1rw,R0,VSS,m1,"{""by"": 11.1375, ""lx"": 94.0675, ""rx"": 94.1325, ""uy"": 11.2025}",via5_1035,43504,13332,True,via5_1035,ARRAY_CHILD_WITNESS_PLUS_FINAL_PARENT_COMPONENT
bitcell_array_quad_0/bitcell_0099,cell_1rw,R0,VDD,m1,"{""by"": 12.5025, ""lx"": 94.77250000000001, ""rx"": 94.8375, ""uy"": 12.5675}",via5_513,4106,324,True,via5_513,ARRAY_CHILD_WITNESS_PLUS_FINAL_PARENT_COMPONENT
bitcell_array_quad_0/bitcell_0099,cell_1rw,R0,VSS,m1,"{""by"": 11.1375, ""lx"": 94.77250000000001, ""rx"": 94.8375, ""uy"": 11.2025}",via5_1035,43504,13332,True,via5_1035,ARRAY_CHILD_WITNESS_PLUS_FINAL_PARENT_COMPONENT
bitcell_array_quad_0/bitcell_0100,cell_1rw,R0,VDD,m1,"{""by"": 12.5025, ""lx"": 95.4775, ""rx"": 95.5425, ""uy"": 12.5675}",via5_513,4106,324,True,via5_513,ARRAY_CHILD_WITNESS_PLUS_FINAL_PARENT_COMPONENT
bitcell_array_quad_0/bitcell_0100,cell_1rw,R0,VSS,m1,"{""by"": 11.1375, ""lx"": 95.4775, ""rx"": 95.5425, ""uy"": 11.2025}",via5_1035,43504,13332,True,via5_1035,ARRAY_CHILD_WITNESS_PLUS_FINAL_PARENT_COMPONENT
bitcell_array_quad_0/bitcell_0101,cell_1rw,R0,VDD,m1,"{""by"": 12.5025, ""lx"": 96.1825, ""rx"": 96.2475, ""uy"": 12.5675}",via5_513,4106,324,True,via5_513,ARRAY_CHILD_WITNESS_PLUS_FINAL_PARENT_COMPONENT
bitcell_array_quad_0/bitcell_0101,cell_1rw,R0,VSS,m1,"{""by"": 11.1375, ""lx"": 96.1825, ""rx"": 96.2475, ""uy"": 11.2025}",via5_1035,43504,13332,True,via5_1035,ARRAY_CHILD_WITNESS_PLUS_FINAL_PARENT_COMPONENT
bitcell_array_quad_0/bitcell_0102,cell_1rw,R0,VDD,m1,"{""by"": 12.5025, ""lx"": 96.8875, ""rx"": 96.9525, ""uy"": 12.5675}",via5_513,4106,324,True,via5_513,ARRAY_CHILD_WITNESS_PLUS_FINAL_PARENT_COMPONENT
bitcell_array_quad_0/bitcell_0102,cell_1rw,R0,VSS,m1,"{""by"": 11.1375, ""lx"": 96.8875, ""rx"": 96.9525, ""uy"": 11.2025}",via5_1035,43504,13332,True,via5_1035,ARRAY_CHILD_WITNESS_PLUS_FINAL_PARENT_COMPONENT
bitcell_array_quad_0/bitcell_0103,cell_1rw,R0,VDD,m1,"{""by"": 12.5025, ""lx"": 97.5925, ""rx"": 97.6575, ""uy"": 12.5675}",via5_513,4106,324,True,via5_513,ARRAY_CHILD_WITNESS_PLUS_FINAL_PARENT_COMPONENT
bitcell_array_quad_0/bitcell_0103,cell_1rw,R0,VSS,m1,"{""by"": 11.1375, ""lx"": 97.5925, ""rx"": 97.6575, ""uy"": 11.2025}",via5_1035,43504,13332,True,via5_1035,ARRAY_CHILD_WITNESS_PLUS_FINAL_PARENT_COMPONENT
bitcell_array_quad_0/bitcell_0104,cell_1rw,R0,VDD,m1,"{""by"": 12.5025, ""lx"": 98.2975, ""rx"": 98.3625, ""uy"": 12.5675}",via5_513,4106,324,True,via5_513,ARRAY_CHILD_WITNESS_PLUS_FINAL_PARENT_COMPONENT
bitcell_array_quad_0/bitcell_0104,cell_1rw,R0,VSS,m1,"{""by"": 11.1375, ""lx"": 98.2975, ""rx"": 98.3625, ""uy"": 11.2025}",via5_1035,43504,13332,True,via5_1035,ARRAY_CHILD_WITNESS_PLUS_FINAL_PARENT_COMPONENT
bitcell_array_quad_0/bitcell_0105,cell_1rw,R0,VDD,m1,"{""by"": 12.5025, ""lx"": 99.0025, ""rx"": 99.0675, ""uy"": 12.5675}",via5_513,4106,324,True,via5_513,ARRAY_CHILD_WITNESS_PLUS_FINAL_PARENT_COMPONENT
bitcell_array_quad_0/bitcell_0105,cell_1rw,R0,VSS,m1,"{""by"": 11.1375, ""lx"": 99.0025, ""rx"": 99.0675, ""uy"": 11.2025}",via5_1035,43504,13332,True,via5_1035,ARRAY_CHILD_WITNESS_PLUS_FINAL_PARENT_COMPONENT
bitcell_array_quad_0/bitcell_0106,cell_1rw,R0,VDD,m1,"{""by"": 12.5025, ""lx"": 99.7075, ""rx"": 99.7725, ""uy"": 12.5675}",via5_513,4106,324,True,via5_513,ARRAY_CHILD_WITNESS_PLUS_FINAL_PARENT_COMPONENT
bitcell_array_quad_0/bitcell_0106,cell_1rw,R0,VSS,m1,"{""by"": 11.1375, ""lx"": 99.7075, ""rx"": 99.7725, ""uy"": 11.2025}",via5_1035,43504,13332,True,via5_1035,ARRAY_CHILD_WITNESS_PLUS_FINAL_PARENT_COMPONENT
bitcell_array_quad_0/bitcell_0107,cell_1rw,R0,VDD,m1,"{""by"": 12.5025, ""lx"": 100.4125, ""rx"": 100.47749999999999, ""uy"": 12.5675}",via5_513,4106,324,True,via5_513,ARRAY_CHILD_WITNESS_PLUS_FINAL_PARENT_COMPONENT
bitcell_array_quad_0/bitcell_0107,cell_1rw,R0,VSS,m1,"{""by"": 11.1375, ""lx"": 100.4125, ""rx"": 100.47749999999999, ""uy"": 11.2025}",via5_1035,43504,13332,True,via5_1035,ARRAY_CHILD_WITNESS_PLUS_FINAL_PARENT_COMPONENT
bitcell_array_quad_0/bitcell_0108,cell_1rw,R0,VDD,m1,"{""by"": 12.5025, ""lx"": 101.1175, ""rx"": 101.1825, ""uy"": 12.5675}",via5_513,4106,324,True,via5_513,ARRAY_CHILD_WITNESS_PLUS_FINAL_PARENT_COMPONENT
bitcell_array_quad_0/bitcell_0108,cell_1rw,R0,VSS,m1,"{""by"": 11.1375, ""lx"": 101.1175, ""rx"": 101.1825, ""uy"": 11.2025}",via5_1035,43504,13332,True,via5_1035,ARRAY_CHILD_WITNESS_PLUS_FINAL_PARENT_COMPONENT
bitcell_array_quad_0/bitcell_0109,cell_1rw,R0,VDD,m1,"{""by"": 12.5025, ""lx"": 101.8225, ""rx"": 101.8875, ""uy"": 12.5675}",via5_513,4106,324,True,via5_513,ARRAY_CHILD_WITNESS_PLUS_FINAL_PARENT_COMPONENT
bitcell_array_quad_0/bitcell_0109,cell_1rw,R0,VSS,m1,"{""by"": 11.1375, ""lx"": 101.8225, ""rx"": 101.8875, ""uy"": 11.2025}",via5_1035,43504,13332,True,via5_1035,ARRAY_CHILD_WITNESS_PLUS_FINAL_PARENT_COMPONENT
bitcell_array_quad_0/bitcell_0110,cell_1rw,R0,VDD,m1,"{""by"": 12.5025, ""lx"": 102.5275, ""rx"": 102.5925, ""uy"": 12.5675}",via5_513,4106,324,True,via5_513,ARRAY_CHILD_WITNESS_PLUS_FINAL_PARENT_COMPONENT
bitcell_array_quad_0/bitcell_0110,cell_1rw,R0,VSS,m1,"{""by"": 11.1375, ""lx"": 102.5275, ""rx"": 102.5925, ""uy"": 11.2025}",via5_1035,43504,13332,True,via5_1035,ARRAY_CHILD_WITNESS_PLUS_FINAL_PARENT_COMPONENT
bitcell_array_quad_0/bitcell_0111,cell_1rw,R0,VDD,m1,"{""by"": 12.5025, ""lx"": 103.2325, ""rx"": 103.2975, ""uy"": 12.5675}",via5_513,4106,324,True,via5_513,ARRAY_CHILD_WITNESS_PLUS_FINAL_PARENT_COMPONENT
bitcell_array_quad_0/bitcell_0111,cell_1rw,R0,VSS,m1,"{""by"": 11.1375, ""lx"": 103.2325, ""rx"": 103.2975, ""uy"": 11.2025}",via5_1035,43504,13332,True,via5_1035,ARRAY_CHILD_WITNESS_PLUS_FINAL_PARENT_COMPONENT
bitcell_array_quad_0/bitcell_0112,cell_1rw,MX,VDD,m1,"{""by"": 12.5025, ""lx"": 92.6575, ""rx"": 92.7225, ""uy"": 12.5675}",via5_513,4106,324,True,via5_513,ARRAY_CHILD_WITNESS_PLUS_FINAL_PARENT_COMPONENT
bitcell_array_quad_0/bitcell_0112,cell_1rw,MX,VSS,m1,"{""by"": 13.8675, ""lx"": 92.6575, ""rx"": 92.7225, ""uy"": 13.932500000000001}",via5_1035,43504,13332,True,via5_1035,ARRAY_CHILD_WITNESS_PLUS_FINAL_PARENT_COMPONENT
bitcell_array_quad_0/bitcell_0113,cell_1rw,MX,VDD,m1,"{""by"": 12.5025, ""lx"": 93.3625, ""rx"": 93.4275, ""uy"": 12.5675}",via5_513,4106,324,True,via5_513,ARRAY_CHILD_WITNESS_PLUS_FINAL_PARENT_COMPONENT
bitcell_array_quad_0/bitcell_0113,cell_1rw,MX,VSS,m1,"{""by"": 13.8675, ""lx"": 93.3625, ""rx"": 93.4275, ""uy"": 13.932500000000001}",via5_1035,43504,13332,True,via5_1035,ARRAY_CHILD_WITNESS_PLUS_FINAL_PARENT_COMPONENT
bitcell_array_quad_0/bitcell_0114,cell_1rw,MX,VDD,m1,"{""by"": 12.5025, ""lx"": 94.0675, ""rx"": 94.1325, ""uy"": 12.5675}",via5_513,4106,324,True,via5_513,ARRAY_CHILD_WITNESS_PLUS_FINAL_PARENT_COMPONENT
bitcell_array_quad_0/bitcell_0114,cell_1rw,MX,VSS,m1,"{""by"": 13.8675, ""lx"": 94.0675, ""rx"": 94.1325, ""uy"": 13.932500000000001}",via5_1035,43504,13332,True,via5_1035,ARRAY_CHILD_WITNESS_PLUS_FINAL_PARENT_COMPONENT
bitcell_array_quad_0/bitcell_0115,cell_1rw,MX,VDD,m1,"{""by"": 12.5025, ""lx"": 94.77250000000001, ""rx"": 94.8375, ""uy"": 12.5675}",via5_513,4106,324,True,via5_513,ARRAY_CHILD_WITNESS_PLUS_FINAL_PARENT_COMPONENT
bitcell_array_quad_0/bitcell_0115,cell_1rw,MX,VSS,m1,"{""by"": 13.8675, ""lx"": 94.77250000000001, ""rx"": 94.8375, ""uy"": 13.932500000000001}",via5_1035,43504,13332,True,via5_1035,ARRAY_CHILD_WITNESS_PLUS_FINAL_PARENT_COMPONENT
bitcell_array_quad_0/bitcell_0116,cell_1rw,MX,VDD,m1,"{""by"": 12.5025, ""lx"": 95.4775, ""rx"": 95.5425, ""uy"": 12.5675}",via5_513,4106,324,True,via5_513,ARRAY_CHILD_WITNESS_PLUS_FINAL_PARENT_COMPONENT
bitcell_array_quad_0/bitcell_0116,cell_1rw,MX,VSS,m1,"{""by"": 13.8675, ""lx"": 95.4775, ""rx"": 95.5425, ""uy"": 13.932500000000001}",via5_1035,43504,13332,True,via5_1035,ARRAY_CHILD_WITNESS_PLUS_FINAL_PARENT_COMPONENT
bitcell_array_quad_0/bitcell_0117,cell_1rw,MX,VDD,m1,"{""by"": 12.5025, ""lx"": 96.1825, ""rx"": 96.2475, ""uy"": 12.5675}",via5_513,4106,324,True,via5_513,ARRAY_CHILD_WITNESS_PLUS_FINAL_PARENT_COMPONENT
bitcell_array_quad_0/bitcell_0117,cell_1rw,MX,VSS,m1,"{""by"": 13.8675, ""lx"": 96.1825, ""rx"": 96.2475, ""uy"": 13.932500000000001}",via5_1035,43504,13332,True,via5_1035,ARRAY_CHILD_WITNESS_PLUS_FINAL_PARENT_COMPONENT
bitcell_array_quad_0/bitcell_0118,cell_1rw,MX,VDD,m1,"{""by"": 12.5025, ""lx"": 96.8875, ""rx"": 96.9525, ""uy"": 12.5675}",via5_513,4106,324,True,via5_513,ARRAY_CHILD_WITNESS_PLUS_FINAL_PARENT_COMPONENT
bitcell_array_quad_0/bitcell_0118,cell_1rw,MX,VSS,m1,"{""by"": 13.8675, ""lx"": 96.8875, ""rx"": 96.9525, ""uy"": 13.932500000000001}",via5_1035,43504,13332,True,via5_1035,ARRAY_CHILD_WITNESS_PLUS_FINAL_PARENT_COMPONENT
bitcell_array_quad_0/bitcell_0119,cell_1rw,MX,VDD,m1,"{""by"": 12.5025, ""lx"": 97.5925, ""rx"": 97.6575, ""uy"": 12.5675}",via5_513,4106,324,True,via5_513,ARRAY_CHILD_WITNESS_PLUS_FINAL_PARENT_COMPONENT
bitcell_array_quad_0/bitcell_0119,cell_1rw,MX,VSS,m1,"{""by"": 13.8675, ""lx"": 97.5925, ""rx"": 97.6575, ""uy"": 13.932500000000001}",via5_1035,43504,13332,True,via5_1035,ARRAY_CHILD_WITNESS_PLUS_FINAL_PARENT_COMPONENT
bitcell_array_quad_0/bitcell_0120,cell_1rw,MX,VDD,m1,"{""by"": 12.5025, ""lx"": 98.2975, ""rx"": 98.3625, ""uy"": 12.5675}",via5_513,4106,324,True,via5_513,ARRAY_CHILD_WITNESS_PLUS_FINAL_PARENT_COMPONENT
bitcell_array_quad_0/bitcell_0120,cell_1rw,MX,VSS,m1,"{""by"": 13.8675, ""lx"": 98.2975, ""rx"": 98.3625, ""uy"": 13.932500000000001}",via5_1035,43504,13332,True,via5_1035,ARRAY_CHILD_WITNESS_PLUS_FINAL_PARENT_COMPONENT
bitcell_array_quad_0/bitcell_0121,cell_1rw,MX,VDD,m1,"{""by"": 12.5025, ""lx"": 99.0025, ""rx"": 99.0675, ""uy"": 12.5675}",via5_513,4106,324,True,via5_513,ARRAY_CHILD_WITNESS_PLUS_FINAL_PARENT_COMPONENT
bitcell_array_quad_0/bitcell_0121,cell_1rw,MX,VSS,m1,"{""by"": 13.8675, ""lx"": 99.0025, ""rx"": 99.0675, ""uy"": 13.932500000000001}",via5_1035,43504,13332,True,via5_1035,ARRAY_CHILD_WITNESS_PLUS_FINAL_PARENT_COMPONENT
bitcell_array_quad_0/bitcell_0122,cell_1rw,MX,VDD,m1,"{""by"": 12.5025, ""lx"": 99.7075, ""rx"": 99.7725, ""uy"": 12.5675}",via5_513,4106,324,True,via5_513,ARRAY_CHILD_WITNESS_PLUS_FINAL_PARENT_COMPONENT
bitcell_array_quad_0/bitcell_0122,cell_1rw,MX,VSS,m1,"{""by"": 13.8675, ""lx"": 99.7075, ""rx"": 99.7725, ""uy"": 13.932500000000001}",via5_1035,43504,13332,True,via5_1035,ARRAY_CHILD_WITNESS_PLUS_FINAL_PARENT_COMPONENT
bitcell_array_quad_0/bitcell_0123,cell_1rw,MX,VDD,m1,"{""by"": 12.5025, ""lx"": 100.4125, ""rx"": 100.47749999999999, ""uy"": 12.5675}",via5_513,4106,324,True,via5_513,ARRAY_CHILD_WITNESS_PLUS_FINAL_PARENT_COMPONENT
bitcell_array_quad_0/bitcell_0123,cell_1rw,MX,VSS,m1,"{""by"": 13.8675, ""lx"": 100.4125, ""rx"": 100.47749999999999, ""uy"": 13.932500000000001}",via5_1035,43504,13332,True,via5_1035,ARRAY_CHILD_WITNESS_PLUS_FINAL_PARENT_COMPONENT
bitcell_array_quad_0/bitcell_0124,cell_1rw,MX,VDD,m1,"{""by"": 12.5025, ""lx"": 101.1175, ""rx"": 101.1825, ""uy"": 12.5675}",via5_513,4106,324,True,via5_513,ARRAY_CHILD_WITNESS_PLUS_FINAL_PARENT_COMPONENT
bitcell_array_quad_0/bitcell_0124,cell_1rw,MX,VSS,m1,"{""by"": 13.8675, ""lx"": 101.1175, ""rx"": 101.1825, ""uy"": 13.932500000000001}",via5_1035,43504,13332,True,via5_1035,ARRAY_CHILD_WITNESS_PLUS_FINAL_PARENT_COMPONENT
bitcell_array_quad_0/bitcell_0125,cell_1rw,MX,VDD,m1,"{""by"": 12.5025, ""lx"": 101.8225, ""rx"": 101.8875, ""uy"": 12.5675}",via5_513,4106,324,True,via5_513,ARRAY_CHILD_WITNESS_PLUS_FINAL_PARENT_COMPONENT
bitcell_array_quad_0/bitcell_0125,cell_1rw,MX,VSS,m1,"{""by"": 13.8675, ""lx"": 101.8225, ""rx"": 101.8875, ""uy"": 13.932500000000001}",via5_1035,43504,13332,True,via5_1035,ARRAY_CHILD_WITNESS_PLUS_FINAL_PARENT_COMPONENT
bitcell_array_quad_0/bitcell_0126,cell_1rw,MX,VDD,m1,"{""by"": 12.5025, ""lx"": 102.5275, ""rx"": 102.5925, ""uy"": 12.5675}",via5_513,4106,324,True,via5_513,ARRAY_CHILD_WITNESS_PLUS_FINAL_PARENT_COMPONENT
bitcell_array_quad_0/bitcell_0126,cell_1rw,MX,VSS,m1,"{""by"": 13.8675, ""lx"": 102.5275, ""rx"": 102.5925, ""uy"": 13.932500000000001}",via5_1035,43504,13332,True,via5_1035,ARRAY_CHILD_WITNESS_PLUS_FINAL_PARENT_COMPONENT
bitcell_array_quad_0/bitcell_0127,cell_1rw,MX,VDD,m1,"{""by"": 12.5025, ""lx"": 103.2325, ""rx"": 103.2975, ""uy"": 12.5675}",via5_513,4106,324,True,via5_513,ARRAY_CHILD_WITNESS_PLUS_FINAL_PARENT_COMPONENT
bitcell_array_quad_0/bitcell_0127,cell_1rw,MX,VSS,m1,"{""by"": 13.8675, ""lx"": 103.2325, ""rx"": 103.2975, ""uy"": 13.932500000000001}",via5_1035,43504,13332,True,via5_1035,ARRAY_CHILD_WITNESS_PLUS_FINAL_PARENT_COMPONENT
bitcell_array_quad_0/bitcell_0128,cell_1rw,R0,VDD,m1,"{""by"": 15.2325, ""lx"": 92.6575, ""rx"": 92.7225, ""uy"": 15.297500000000001}",via5_513,4106,324,True,via5_513,ARRAY_CHILD_WITNESS_PLUS_FINAL_PARENT_COMPONENT
bitcell_array_quad_0/bitcell_0128,cell_1rw,R0,VSS,m1,"{""by"": 13.8675, ""lx"": 92.6575, ""rx"": 92.7225, ""uy"": 13.932500000000001}",via5_1035,43504,13332,True,via5_1035,ARRAY_CHILD_WITNESS_PLUS_FINAL_PARENT_COMPONENT
bitcell_array_quad_0/bitcell_0129,cell_1rw,R0,VDD,m1,"{""by"": 15.2325, ""lx"": 93.3625, ""rx"": 93.4275, ""uy"": 15.297500000000001}",via5_513,4106,324,True,via5_513,ARRAY_CHILD_WITNESS_PLUS_FINAL_PARENT_COMPONENT
bitcell_array_quad_0/bitcell_0129,cell_1rw,R0,VSS,m1,"{""by"": 13.8675, ""lx"": 93.3625, ""rx"": 93.4275, ""uy"": 13.932500000000001}",via5_1035,43504,13332,True,via5_1035,ARRAY_CHILD_WITNESS_PLUS_FINAL_PARENT_COMPONENT
bitcell_array_quad_0/bitcell_0130,cell_1rw,R0,VDD,m1,"{""by"": 15.2325, ""lx"": 94.0675, ""rx"": 94.1325, ""uy"": 15.297500000000001}",via5_513,4106,324,True,via5_513,ARRAY_CHILD_WITNESS_PLUS_FINAL_PARENT_COMPONENT
bitcell_array_quad_0/bitcell_0130,cell_1rw,R0,VSS,m1,"{""by"": 13.8675, ""lx"": 94.0675, ""rx"": 94.1325, ""uy"": 13.932500000000001}",via5_1035,43504,13332,True,via5_1035,ARRAY_CHILD_WITNESS_PLUS_FINAL_PARENT_COMPONENT
bitcell_array_quad_0/bitcell_0131,cell_1rw,R0,VDD,m1,"{""by"": 15.2325, ""lx"": 94.77250000000001, ""rx"": 94.8375, ""uy"": 15.297500000000001}",via5_513,4106,324,True,via5_513,ARRAY_CHILD_WITNESS_PLUS_FINAL_PARENT_COMPONENT
bitcell_array_quad_0/bitcell_0131,cell_1rw,R0,VSS,m1,"{""by"": 13.8675, ""lx"": 94.77250000000001, ""rx"": 94.8375, ""uy"": 13.932500000000001}",via5_1035,43504,13332,True,via5_1035,ARRAY_CHILD_WITNESS_PLUS_FINAL_PARENT_COMPONENT
bitcell_array_quad_0/bitcell_0132,cell_1rw,R0,VDD,m1,"{""by"": 15.2325, ""lx"": 95.4775, ""rx"": 95.5425, ""uy"": 15.297500000000001}",via5_513,4106,324,True,via5_513,ARRAY_CHILD_WITNESS_PLUS_FINAL_PARENT_COMPONENT
bitcell_array_quad_0/bitcell_0132,cell_1rw,R0,VSS,m1,"{""by"": 13.8675, ""lx"": 95.4775, ""rx"": 95.5425, ""uy"": 13.932500000000001}",via5_1035,43504,13332,True,via5_1035,ARRAY_CHILD_WITNESS_PLUS_FINAL_PARENT_COMPONENT
bitcell_array_quad_0/bitcell_0133,cell_1rw,R0,VDD,m1,"{""by"": 15.2325, ""lx"": 96.1825, ""rx"": 96.2475, ""uy"": 15.297500000000001}",via5_513,4106,324,True,via5_513,ARRAY_CHILD_WITNESS_PLUS_FINAL_PARENT_COMPONENT
bitcell_array_quad_0/bitcell_0133,cell_1rw,R0,VSS,m1,"{""by"": 13.8675, ""lx"": 96.1825, ""rx"": 96.2475, ""uy"": 13.932500000000001}",via5_1035,43504,13332,True,via5_1035,ARRAY_CHILD_WITNESS_PLUS_FINAL_PARENT_COMPONENT
bitcell_array_quad_0/bitcell_0134,cell_1rw,R0,VDD,m1,"{""by"": 15.2325, ""lx"": 96.8875, ""rx"": 96.9525, ""uy"": 15.297500000000001}",via5_513,4106,324,True,via5_513,ARRAY_CHILD_WITNESS_PLUS_FINAL_PARENT_COMPONENT
bitcell_array_quad_0/bitcell_0134,cell_1rw,R0,VSS,m1,"{""by"": 13.8675, ""lx"": 96.8875, ""rx"": 96.9525, ""uy"": 13.932500000000001}",via5_1035,43504,13332,True,via5_1035,ARRAY_CHILD_WITNESS_PLUS_FINAL_PARENT_COMPONENT
bitcell_array_quad_0/bitcell_0135,cell_1rw,R0,VDD,m1,"{""by"": 15.2325, ""lx"": 97.5925, ""rx"": 97.6575, ""uy"": 15.297500000000001}",via5_513,4106,324,True,via5_513,ARRAY_CHILD_WITNESS_PLUS_FINAL_PARENT_COMPONENT
bitcell_array_quad_0/bitcell_0135,cell_1rw,R0,VSS,m1,"{""by"": 13.8675, ""lx"": 97.5925, ""rx"": 97.6575, ""uy"": 13.932500000000001}",via5_1035,43504,13332,True,via5_1035,ARRAY_CHILD_WITNESS_PLUS_FINAL_PARENT_COMPONENT
bitcell_array_quad_0/bitcell_0136,cell_1rw,R0,VDD,m1,"{""by"": 15.2325, ""lx"": 98.2975, ""rx"": 98.3625, ""uy"": 15.297500000000001}",via5_513,4106,324,True,via5_513,ARRAY_CHILD_WITNESS_PLUS_FINAL_PARENT_COMPONENT
bitcell_array_quad_0/bitcell_0136,cell_1rw,R0,VSS,m1,"{""by"": 13.8675, ""lx"": 98.2975, ""rx"": 98.3625, ""uy"": 13.932500000000001}",via5_1035,43504,13332,True,via5_1035,ARRAY_CHILD_WITNESS_PLUS_FINAL_PARENT_COMPONENT
bitcell_array_quad_0/bitcell_0137,cell_1rw,R0,VDD,m1,"{""by"": 15.2325, ""lx"": 99.0025, ""rx"": 99.0675, ""uy"": 15.297500000000001}",via5_513,4106,324,True,via5_513,ARRAY_CHILD_WITNESS_PLUS_FINAL_PARENT_COMPONENT
bitcell_array_quad_0/bitcell_0137,cell_1rw,R0,VSS,m1,"{""by"": 13.8675, ""lx"": 99.0025, ""rx"": 99.0675, ""uy"": 13.932500000000001}",via5_1035,43504,13332,True,via5_1035,ARRAY_CHILD_WITNESS_PLUS_FINAL_PARENT_COMPONENT
bitcell_array_quad_0/bitcell_0138,cell_1rw,R0,VDD,m1,"{""by"": 15.2325, ""lx"": 99.7075, ""rx"": 99.7725, ""uy"": 15.297500000000001}",via5_513,4106,324,True,via5_513,ARRAY_CHILD_WITNESS_PLUS_FINAL_PARENT_COMPONENT
bitcell_array_quad_0/bitcell_0138,cell_1rw,R0,VSS,m1,"{""by"": 13.8675, ""lx"": 99.7075, ""rx"": 99.7725, ""uy"": 13.932500000000001}",via5_1035,43504,13332,True,via5_1035,ARRAY_CHILD_WITNESS_PLUS_FINAL_PARENT_COMPONENT
bitcell_array_quad_0/bitcell_0139,cell_1rw,R0,VDD,m1,"{""by"": 15.2325, ""lx"": 100.4125, ""rx"": 100.47749999999999, ""uy"": 15.297500000000001}",via5_513,4106,324,True,via5_513,ARRAY_CHILD_WITNESS_PLUS_FINAL_PARENT_COMPONENT
bitcell_array_quad_0/bitcell_0139,cell_1rw,R0,VSS,m1,"{""by"": 13.8675, ""lx"": 100.4125, ""rx"": 100.47749999999999, ""uy"": 13.932500000000001}",via5_1035,43504,13332,True,via5_1035,ARRAY_CHILD_WITNESS_PLUS_FINAL_PARENT_COMPONENT
bitcell_array_quad_0/bitcell_0140,cell_1rw,R0,VDD,m1,"{""by"": 15.2325, ""lx"": 101.1175, ""rx"": 101.1825, ""uy"": 15.297500000000001}",via5_513,4106,324,True,via5_513,ARRAY_CHILD_WITNESS_PLUS_FINAL_PARENT_COMPONENT
bitcell_array_quad_0/bitcell_0140,cell_1rw,R0,VSS,m1,"{""by"": 13.8675, ""lx"": 101.1175, ""rx"": 101.1825, ""uy"": 13.932500000000001}",via5_1035,43504,13332,True,via5_1035,ARRAY_CHILD_WITNESS_PLUS_FINAL_PARENT_COMPONENT
bitcell_array_quad_0/bitcell_0141,cell_1rw,R0,VDD,m1,"{""by"": 15.2325, ""lx"": 101.8225, ""rx"": 101.8875, ""uy"": 15.297500000000001}",via5_513,4106,324,True,via5_513,ARRAY_CHILD_WITNESS_PLUS_FINAL_PARENT_COMPONENT
bitcell_array_quad_0/bitcell_0141,cell_1rw,R0,VSS,m1,"{""by"": 13.8675, ""lx"": 101.8225, ""rx"": 101.8875, ""uy"": 13.932500000000001}",via5_1035,43504,13332,True,via5_1035,ARRAY_CHILD_WITNESS_PLUS_FINAL_PARENT_COMPONENT
bitcell_array_quad_0/bitcell_0142,cell_1rw,R0,VDD,m1,"{""by"": 15.2325, ""lx"": 102.5275, ""rx"": 102.5925, ""uy"": 15.297500000000001}",via5_513,4106,324,True,via5_513,ARRAY_CHILD_WITNESS_PLUS_FINAL_PARENT_COMPONENT
bitcell_array_quad_0/bitcell_0142,cell_1rw,R0,VSS,m1,"{""by"": 13.8675, ""lx"": 102.5275, ""rx"": 102.5925, ""uy"": 13.932500000000001}",via5_1035,43504,13332,True,via5_1035,ARRAY_CHILD_WITNESS_PLUS_FINAL_PARENT_COMPONENT
bitcell_array_quad_0/bitcell_0143,cell_1rw,R0,VDD,m1,"{""by"": 15.2325, ""lx"": 103.2325, ""rx"": 103.2975, ""uy"": 15.297500000000001}",via5_513,4106,324,True,via5_513,ARRAY_CHILD_WITNESS_PLUS_FINAL_PARENT_COMPONENT
bitcell_array_quad_0/bitcell_0143,cell_1rw,R0,VSS,m1,"{""by"": 13.8675, ""lx"": 103.2325, ""rx"": 103.2975, ""uy"": 13.932500000000001}",via5_1035,43504,13332,True,via5_1035,ARRAY_CHILD_WITNESS_PLUS_FINAL_PARENT_COMPONENT
bitcell_array_quad_0/bitcell_0144,cell_1rw,MX,VDD,m1,"{""by"": 15.2325, ""lx"": 92.6575, ""rx"": 92.7225, ""uy"": 15.297500000000001}",via5_513,4106,324,True,via5_513,ARRAY_CHILD_WITNESS_PLUS_FINAL_PARENT_COMPONENT
bitcell_array_quad_0/bitcell_0144,cell_1rw,MX,VSS,m1,"{""by"": 16.5975, ""lx"": 92.6575, ""rx"": 92.7225, ""uy"": 16.662499999999998}",via5_1035,43504,13332,True,via5_1035,ARRAY_CHILD_WITNESS_PLUS_FINAL_PARENT_COMPONENT
bitcell_array_quad_0/bitcell_0145,cell_1rw,MX,VDD,m1,"{""by"": 15.2325, ""lx"": 93.3625, ""rx"": 93.4275, ""uy"": 15.297500000000001}",via5_513,4106,324,True,via5_513,ARRAY_CHILD_WITNESS_PLUS_FINAL_PARENT_COMPONENT
bitcell_array_quad_0/bitcell_0145,cell_1rw,MX,VSS,m1,"{""by"": 16.5975, ""lx"": 93.3625, ""rx"": 93.4275, ""uy"": 16.662499999999998}",via5_1035,43504,13332,True,via5_1035,ARRAY_CHILD_WITNESS_PLUS_FINAL_PARENT_COMPONENT
bitcell_array_quad_0/bitcell_0146,cell_1rw,MX,VDD,m1,"{""by"": 15.2325, ""lx"": 94.0675, ""rx"": 94.1325, ""uy"": 15.297500000000001}",via5_513,4106,324,True,via5_513,ARRAY_CHILD_WITNESS_PLUS_FINAL_PARENT_COMPONENT
bitcell_array_quad_0/bitcell_0146,cell_1rw,MX,VSS,m1,"{""by"": 16.5975, ""lx"": 94.0675, ""rx"": 94.1325, ""uy"": 16.662499999999998}",via5_1035,43504,13332,True,via5_1035,ARRAY_CHILD_WITNESS_PLUS_FINAL_PARENT_COMPONENT
bitcell_array_quad_0/bitcell_0147,cell_1rw,MX,VDD,m1,"{""by"": 15.2325, ""lx"": 94.77250000000001, ""rx"": 94.8375, ""uy"": 15.297500000000001}",via5_513,4106,324,True,via5_513,ARRAY_CHILD_WITNESS_PLUS_FINAL_PARENT_COMPONENT
bitcell_array_quad_0/bitcell_0147,cell_1rw,MX,VSS,m1,"{""by"": 16.5975, ""lx"": 94.77250000000001, ""rx"": 94.8375, ""uy"": 16.662499999999998}",via5_1035,43504,13332,True,via5_1035,ARRAY_CHILD_WITNESS_PLUS_FINAL_PARENT_COMPONENT
bitcell_array_quad_0/bitcell_0148,cell_1rw,MX,VDD,m1,"{""by"": 15.2325, ""lx"": 95.4775, ""rx"": 95.5425, ""uy"": 15.297500000000001}",via5_513,4106,324,True,via5_513,ARRAY_CHILD_WITNESS_PLUS_FINAL_PARENT_COMPONENT
bitcell_array_quad_0/bitcell_0148,cell_1rw,MX,VSS,m1,"{""by"": 16.5975, ""lx"": 95.4775, ""rx"": 95.5425, ""uy"": 16.662499999999998}",via5_1035,43504,13332,True,via5_1035,ARRAY_CHILD_WITNESS_PLUS_FINAL_PARENT_COMPONENT
bitcell_array_quad_0/bitcell_0149,cell_1rw,MX,VDD,m1,"{""by"": 15.2325, ""lx"": 96.1825, ""rx"": 96.2475, ""uy"": 15.297500000000001}",via5_513,4106,324,True,via5_513,ARRAY_CHILD_WITNESS_PLUS_FINAL_PARENT_COMPONENT
bitcell_array_quad_0/bitcell_0149,cell_1rw,MX,VSS,m1,"{""by"": 16.5975, ""lx"": 96.1825, ""rx"": 96.2475, ""uy"": 16.662499999999998}",via5_1035,43504,13332,True,via5_1035,ARRAY_CHILD_WITNESS_PLUS_FINAL_PARENT_COMPONENT
bitcell_array_quad_0/bitcell_0150,cell_1rw,MX,VDD,m1,"{""by"": 15.2325, ""lx"": 96.8875, ""rx"": 96.9525, ""uy"": 15.297500000000001}",via5_513,4106,324,True,via5_513,ARRAY_CHILD_WITNESS_PLUS_FINAL_PARENT_COMPONENT
bitcell_array_quad_0/bitcell_0150,cell_1rw,MX,VSS,m1,"{""by"": 16.5975, ""lx"": 96.8875, ""rx"": 96.9525, ""uy"": 16.662499999999998}",via5_1035,43504,13332,True,via5_1035,ARRAY_CHILD_WITNESS_PLUS_FINAL_PARENT_COMPONENT
bitcell_array_quad_0/bitcell_0151,cell_1rw,MX,VDD,m1,"{""by"": 15.2325, ""lx"": 97.5925, ""rx"": 97.6575, ""uy"": 15.297500000000001}",via5_513,4106,324,True,via5_513,ARRAY_CHILD_WITNESS_PLUS_FINAL_PARENT_COMPONENT
bitcell_array_quad_0/bitcell_0151,cell_1rw,MX,VSS,m1,"{""by"": 16.5975, ""lx"": 97.5925, ""rx"": 97.6575, ""uy"": 16.662499999999998}",via5_1035,43504,13332,True,via5_1035,ARRAY_CHILD_WITNESS_PLUS_FINAL_PARENT_COMPONENT
bitcell_array_quad_0/bitcell_0152,cell_1rw,MX,VDD,m1,"{""by"": 15.2325, ""lx"": 98.2975, ""rx"": 98.3625, ""uy"": 15.297500000000001}",via5_513,4106,324,True,via5_513,ARRAY_CHILD_WITNESS_PLUS_FINAL_PARENT_COMPONENT
bitcell_array_quad_0/bitcell_0152,cell_1rw,MX,VSS,m1,"{""by"": 16.5975, ""lx"": 98.2975, ""rx"": 98.3625, ""uy"": 16.662499999999998}",via5_1035,43504,13332,True,via5_1035,ARRAY_CHILD_WITNESS_PLUS_FINAL_PARENT_COMPONENT
bitcell_array_quad_0/bitcell_0153,cell_1rw,MX,VDD,m1,"{""by"": 15.2325, ""lx"": 99.0025, ""rx"": 99.0675, ""uy"": 15.297500000000001}",via5_513,4106,324,True,via5_513,ARRAY_CHILD_WITNESS_PLUS_FINAL_PARENT_COMPONENT
bitcell_array_quad_0/bitcell_0153,cell_1rw,MX,VSS,m1,"{""by"": 16.5975, ""lx"": 99.0025, ""rx"": 99.0675, ""uy"": 16.662499999999998}",via5_1035,43504,13332,True,via5_1035,ARRAY_CHILD_WITNESS_PLUS_FINAL_PARENT_COMPONENT
bitcell_array_quad_0/bitcell_0154,cell_1rw,MX,VDD,m1,"{""by"": 15.2325, ""lx"": 99.7075, ""rx"": 99.7725, ""uy"": 15.297500000000001}",via5_513,4106,324,True,via5_513,ARRAY_CHILD_WITNESS_PLUS_FINAL_PARENT_COMPONENT
bitcell_array_quad_0/bitcell_0154,cell_1rw,MX,VSS,m1,"{""by"": 16.5975, ""lx"": 99.7075, ""rx"": 99.7725, ""uy"": 16.662499999999998}",via5_1035,43504,13332,True,via5_1035,ARRAY_CHILD_WITNESS_PLUS_FINAL_PARENT_COMPONENT
bitcell_array_quad_0/bitcell_0155,cell_1rw,MX,VDD,m1,"{""by"": 15.2325, ""lx"": 100.4125, ""rx"": 100.47749999999999, ""uy"": 15.297500000000001}",via5_513,4106,324,True,via5_513,ARRAY_CHILD_WITNESS_PLUS_FINAL_PARENT_COMPONENT
bitcell_array_quad_0/bitcell_0155,cell_1rw,MX,VSS,m1,"{""by"": 16.5975, ""lx"": 100.4125, ""rx"": 100.47749999999999, ""uy"": 16.662499999999998}",via5_1035,43504,13332,True,via5_1035,ARRAY_CHILD_WITNESS_PLUS_FINAL_PARENT_COMPONENT
bitcell_array_quad_0/bitcell_0156,cell_1rw,MX,VDD,m1,"{""by"": 15.2325, ""lx"": 101.1175, ""rx"": 101.1825, ""uy"": 15.297500000000001}",via5_513,4106,324,True,via5_513,ARRAY_CHILD_WITNESS_PLUS_FINAL_PARENT_COMPONENT
bitcell_array_quad_0/bitcell_0156,cell_1rw,MX,VSS,m1,"{""by"": 16.5975, ""lx"": 101.1175, ""rx"": 101.1825, ""uy"": 16.662499999999998}",via5_1035,43504,13332,True,via5_1035,ARRAY_CHILD_WITNESS_PLUS_FINAL_PARENT_COMPONENT
bitcell_array_quad_0/bitcell_0157,cell_1rw,MX,VDD,m1,"{""by"": 15.2325, ""lx"": 101.8225, ""rx"": 101.8875, ""uy"": 15.297500000000001}",via5_513,4106,324,True,via5_513,ARRAY_CHILD_WITNESS_PLUS_FINAL_PARENT_COMPONENT
bitcell_array_quad_0/bitcell_0157,cell_1rw,MX,VSS,m1,"{""by"": 16.5975, ""lx"": 101.8225, ""rx"": 101.8875, ""uy"": 16.662499999999998}",via5_1035,43504,13332,True,via5_1035,ARRAY_CHILD_WITNESS_PLUS_FINAL_PARENT_COMPONENT
bitcell_array_quad_0/bitcell_0158,cell_1rw,MX,VDD,m1,"{""by"": 15.2325, ""lx"": 102.5275, ""rx"": 102.5925, ""uy"": 15.297500000000001}",via5_513,4106,324,True,via5_513,ARRAY_CHILD_WITNESS_PLUS_FINAL_PARENT_COMPONENT
bitcell_array_quad_0/bitcell_0158,cell_1rw,MX,VSS,m1,"{""by"": 16.5975, ""lx"": 102.5275, ""rx"": 102.5925, ""uy"": 16.662499999999998}",via5_1035,43504,13332,True,via5_1035,ARRAY_CHILD_WITNESS_PLUS_FINAL_PARENT_COMPONENT
bitcell_array_quad_0/bitcell_0159,cell_1rw,MX,VDD,m1,"{""by"": 15.2325, ""lx"": 103.2325, ""rx"": 103.2975, ""uy"": 15.297500000000001}",via5_513,4106,324,True,via5_513,ARRAY_CHILD_WITNESS_PLUS_FINAL_PARENT_COMPONENT
bitcell_array_quad_0/bitcell_0159,cell_1rw,MX,VSS,m1,"{""by"": 16.5975, ""lx"": 103.2325, ""rx"": 103.2975, ""uy"": 16.662499999999998}",via5_1035,43504,13332,True,via5_1035,ARRAY_CHILD_WITNESS_PLUS_FINAL_PARENT_COMPONENT
bitcell_array_quad_0/bitcell_0160,cell_1rw,R0,VDD,m1,"{""by"": 17.962500000000002, ""lx"": 92.6575, ""rx"": 92.7225, ""uy"": 18.0275}",via5_513,4106,324,True,via5_513,ARRAY_CHILD_WITNESS_PLUS_FINAL_PARENT_COMPONENT
bitcell_array_quad_0/bitcell_0160,cell_1rw,R0,VSS,m1,"{""by"": 16.5975, ""lx"": 92.6575, ""rx"": 92.7225, ""uy"": 16.662499999999998}",via5_1035,43504,13332,True,via5_1035,ARRAY_CHILD_WITNESS_PLUS_FINAL_PARENT_COMPONENT
bitcell_array_quad_0/bitcell_0161,cell_1rw,R0,VDD,m1,"{""by"": 17.962500000000002, ""lx"": 93.3625, ""rx"": 93.4275, ""uy"": 18.0275}",via5_513,4106,324,True,via5_513,ARRAY_CHILD_WITNESS_PLUS_FINAL_PARENT_COMPONENT
bitcell_array_quad_0/bitcell_0161,cell_1rw,R0,VSS,m1,"{""by"": 16.5975, ""lx"": 93.3625, ""rx"": 93.4275, ""uy"": 16.662499999999998}",via5_1035,43504,13332,True,via5_1035,ARRAY_CHILD_WITNESS_PLUS_FINAL_PARENT_COMPONENT
bitcell_array_quad_0/bitcell_0162,cell_1rw,R0,VDD,m1,"{""by"": 17.962500000000002, ""lx"": 94.0675, ""rx"": 94.1325, ""uy"": 18.0275}",via5_513,4106,324,True,via5_513,ARRAY_CHILD_WITNESS_PLUS_FINAL_PARENT_COMPONENT
bitcell_array_quad_0/bitcell_0162,cell_1rw,R0,VSS,m1,"{""by"": 16.5975, ""lx"": 94.0675, ""rx"": 94.1325, ""uy"": 16.662499999999998}",via5_1035,43504,13332,True,via5_1035,ARRAY_CHILD_WITNESS_PLUS_FINAL_PARENT_COMPONENT
bitcell_array_quad_0/bitcell_0163,cell_1rw,R0,VDD,m1,"{""by"": 17.962500000000002, ""lx"": 94.77250000000001, ""rx"": 94.8375, ""uy"": 18.0275}",via5_513,4106,324,True,via5_513,ARRAY_CHILD_WITNESS_PLUS_FINAL_PARENT_COMPONENT
bitcell_array_quad_0/bitcell_0163,cell_1rw,R0,VSS,m1,"{""by"": 16.5975, ""lx"": 94.77250000000001, ""rx"": 94.8375, ""uy"": 16.662499999999998}",via5_1035,43504,13332,True,via5_1035,ARRAY_CHILD_WITNESS_PLUS_FINAL_PARENT_COMPONENT
bitcell_array_quad_0/bitcell_0164,cell_1rw,R0,VDD,m1,"{""by"": 17.962500000000002, ""lx"": 95.4775, ""rx"": 95.5425, ""uy"": 18.0275}",via5_513,4106,324,True,via5_513,ARRAY_CHILD_WITNESS_PLUS_FINAL_PARENT_COMPONENT
bitcell_array_quad_0/bitcell_0164,cell_1rw,R0,VSS,m1,"{""by"": 16.5975, ""lx"": 95.4775, ""rx"": 95.5425, ""uy"": 16.662499999999998}",via5_1035,43504,13332,True,via5_1035,ARRAY_CHILD_WITNESS_PLUS_FINAL_PARENT_COMPONENT
bitcell_array_quad_0/bitcell_0165,cell_1rw,R0,VDD,m1,"{""by"": 17.962500000000002, ""lx"": 96.1825, ""rx"": 96.2475, ""uy"": 18.0275}",via5_513,4106,324,True,via5_513,ARRAY_CHILD_WITNESS_PLUS_FINAL_PARENT_COMPONENT
bitcell_array_quad_0/bitcell_0165,cell_1rw,R0,VSS,m1,"{""by"": 16.5975, ""lx"": 96.1825, ""rx"": 96.2475, ""uy"": 16.662499999999998}",via5_1035,43504,13332,True,via5_1035,ARRAY_CHILD_WITNESS_PLUS_FINAL_PARENT_COMPONENT
bitcell_array_quad_0/bitcell_0166,cell_1rw,R0,VDD,m1,"{""by"": 17.962500000000002, ""lx"": 96.8875, ""rx"": 96.9525, ""uy"": 18.0275}",via5_513,4106,324,True,via5_513,ARRAY_CHILD_WITNESS_PLUS_FINAL_PARENT_COMPONENT
bitcell_array_quad_0/bitcell_0166,cell_1rw,R0,VSS,m1,"{""by"": 16.5975, ""lx"": 96.8875, ""rx"": 96.9525, ""uy"": 16.662499999999998}",via5_1035,43504,13332,True,via5_1035,ARRAY_CHILD_WITNESS_PLUS_FINAL_PARENT_COMPONENT
bitcell_array_quad_0/bitcell_0167,cell_1rw,R0,VDD,m1,"{""by"": 17.962500000000002, ""lx"": 97.5925, ""rx"": 97.6575, ""uy"": 18.0275}",via5_513,4106,324,True,via5_513,ARRAY_CHILD_WITNESS_PLUS_FINAL_PARENT_COMPONENT
bitcell_array_quad_0/bitcell_0167,cell_1rw,R0,VSS,m1,"{""by"": 16.5975, ""lx"": 97.5925, ""rx"": 97.6575, ""uy"": 16.662499999999998}",via5_1035,43504,13332,True,via5_1035,ARRAY_CHILD_WITNESS_PLUS_FINAL_PARENT_COMPONENT
bitcell_array_quad_0/bitcell_0168,cell_1rw,R0,VDD,m1,"{""by"": 17.962500000000002, ""lx"": 98.2975, ""rx"": 98.3625, ""uy"": 18.0275}",via5_513,4106,324,True,via5_513,ARRAY_CHILD_WITNESS_PLUS_FINAL_PARENT_COMPONENT
bitcell_array_quad_0/bitcell_0168,cell_1rw,R0,VSS,m1,"{""by"": 16.5975, ""lx"": 98.2975, ""rx"": 98.3625, ""uy"": 16.662499999999998}",via5_1035,43504,13332,True,via5_1035,ARRAY_CHILD_WITNESS_PLUS_FINAL_PARENT_COMPONENT
bitcell_array_quad_0/bitcell_0169,cell_1rw,R0,VDD,m1,"{""by"": 17.962500000000002, ""lx"": 99.0025, ""rx"": 99.0675, ""uy"": 18.0275}",via5_513,4106,324,True,via5_513,ARRAY_CHILD_WITNESS_PLUS_FINAL_PARENT_COMPONENT
bitcell_array_quad_0/bitcell_0169,cell_1rw,R0,VSS,m1,"{""by"": 16.5975, ""lx"": 99.0025, ""rx"": 99.0675, ""uy"": 16.662499999999998}",via5_1035,43504,13332,True,via5_1035,ARRAY_CHILD_WITNESS_PLUS_FINAL_PARENT_COMPONENT
bitcell_array_quad_0/bitcell_0170,cell_1rw,R0,VDD,m1,"{""by"": 17.962500000000002, ""lx"": 99.7075, ""rx"": 99.7725, ""uy"": 18.0275}",via5_513,4106,324,True,via5_513,ARRAY_CHILD_WITNESS_PLUS_FINAL_PARENT_COMPONENT
bitcell_array_quad_0/bitcell_0170,cell_1rw,R0,VSS,m1,"{""by"": 16.5975, ""lx"": 99.7075, ""rx"": 99.7725, ""uy"": 16.662499999999998}",via5_1035,43504,13332,True,via5_1035,ARRAY_CHILD_WITNESS_PLUS_FINAL_PARENT_COMPONENT
bitcell_array_quad_0/bitcell_0171,cell_1rw,R0,VDD,m1,"{""by"": 17.962500000000002, ""lx"": 100.4125, ""rx"": 100.47749999999999, ""uy"": 18.0275}",via5_513,4106,324,True,via5_513,ARRAY_CHILD_WITNESS_PLUS_FINAL_PARENT_COMPONENT
bitcell_array_quad_0/bitcell_0171,cell_1rw,R0,VSS,m1,"{""by"": 16.5975, ""lx"": 100.4125, ""rx"": 100.47749999999999, ""uy"": 16.662499999999998}",via5_1035,43504,13332,True,via5_1035,ARRAY_CHILD_WITNESS_PLUS_FINAL_PARENT_COMPONENT
bitcell_array_quad_0/bitcell_0172,cell_1rw,R0,VDD,m1,"{""by"": 17.962500000000002, ""lx"": 101.1175, ""rx"": 101.1825, ""uy"": 18.0275}",via5_513,4106,324,True,via5_513,ARRAY_CHILD_WITNESS_PLUS_FINAL_PARENT_COMPONENT
bitcell_array_quad_0/bitcell_0172,cell_1rw,R0,VSS,m1,"{""by"": 16.5975, ""lx"": 101.1175, ""rx"": 101.1825, ""uy"": 16.662499999999998}",via5_1035,43504,13332,True,via5_1035,ARRAY_CHILD_WITNESS_PLUS_FINAL_PARENT_COMPONENT
bitcell_array_quad_0/bitcell_0173,cell_1rw,R0,VDD,m1,"{""by"": 17.962500000000002, ""lx"": 101.8225, ""rx"": 101.8875, ""uy"": 18.0275}",via5_513,4106,324,True,via5_513,ARRAY_CHILD_WITNESS_PLUS_FINAL_PARENT_COMPONENT
bitcell_array_quad_0/bitcell_0173,cell_1rw,R0,VSS,m1,"{""by"": 16.5975, ""lx"": 101.8225, ""rx"": 101.8875, ""uy"": 16.662499999999998}",via5_1035,43504,13332,True,via5_1035,ARRAY_CHILD_WITNESS_PLUS_FINAL_PARENT_COMPONENT
bitcell_array_quad_0/bitcell_0174,cell_1rw,R0,VDD,m1,"{""by"": 17.962500000000002, ""lx"": 102.5275, ""rx"": 102.5925, ""uy"": 18.0275}",via5_513,4106,324,True,via5_513,ARRAY_CHILD_WITNESS_PLUS_FINAL_PARENT_COMPONENT
bitcell_array_quad_0/bitcell_0174,cell_1rw,R0,VSS,m1,"{""by"": 16.5975, ""lx"": 102.5275, ""rx"": 102.5925, ""uy"": 16.662499999999998}",via5_1035,43504,13332,True,via5_1035,ARRAY_CHILD_WITNESS_PLUS_FINAL_PARENT_COMPONENT
bitcell_array_quad_0/bitcell_0175,cell_1rw,R0,VDD,m1,"{""by"": 17.962500000000002, ""lx"": 103.2325, ""rx"": 103.2975, ""uy"": 18.0275}",via5_513,4106,324,True,via5_513,ARRAY_CHILD_WITNESS_PLUS_FINAL_PARENT_COMPONENT
bitcell_array_quad_0/bitcell_0175,cell_1rw,R0,VSS,m1,"{""by"": 16.5975, ""lx"": 103.2325, ""rx"": 103.2975, ""uy"": 16.662499999999998}",via5_1035,43504,13332,True,via5_1035,ARRAY_CHILD_WITNESS_PLUS_FINAL_PARENT_COMPONENT
bitcell_array_quad_0/bitcell_0176,cell_1rw,MX,VDD,m1,"{""by"": 17.962500000000002, ""lx"": 92.6575, ""rx"": 92.7225, ""uy"": 18.0275}",via5_513,4106,324,True,via5_513,ARRAY_CHILD_WITNESS_PLUS_FINAL_PARENT_COMPONENT
bitcell_array_quad_0/bitcell_0176,cell_1rw,MX,VSS,m1,"{""by"": 19.3275, ""lx"": 92.6575, ""rx"": 92.7225, ""uy"": 19.3925}",via5_1035,43504,13332,True,via5_1035,ARRAY_CHILD_WITNESS_PLUS_FINAL_PARENT_COMPONENT
bitcell_array_quad_0/bitcell_0177,cell_1rw,MX,VDD,m1,"{""by"": 17.962500000000002, ""lx"": 93.3625, ""rx"": 93.4275, ""uy"": 18.0275}",via5_513,4106,324,True,via5_513,ARRAY_CHILD_WITNESS_PLUS_FINAL_PARENT_COMPONENT
bitcell_array_quad_0/bitcell_0177,cell_1rw,MX,VSS,m1,"{""by"": 19.3275, ""lx"": 93.3625, ""rx"": 93.4275, ""uy"": 19.3925}",via5_1035,43504,13332,True,via5_1035,ARRAY_CHILD_WITNESS_PLUS_FINAL_PARENT_COMPONENT
bitcell_array_quad_0/bitcell_0178,cell_1rw,MX,VDD,m1,"{""by"": 17.962500000000002, ""lx"": 94.0675, ""rx"": 94.1325, ""uy"": 18.0275}",via5_513,4106,324,True,via5_513,ARRAY_CHILD_WITNESS_PLUS_FINAL_PARENT_COMPONENT
bitcell_array_quad_0/bitcell_0178,cell_1rw,MX,VSS,m1,"{""by"": 19.3275, ""lx"": 94.0675, ""rx"": 94.1325, ""uy"": 19.3925}",via5_1035,43504,13332,True,via5_1035,ARRAY_CHILD_WITNESS_PLUS_FINAL_PARENT_COMPONENT
bitcell_array_quad_0/bitcell_0179,cell_1rw,MX,VDD,m1,"{""by"": 17.962500000000002, ""lx"": 94.77250000000001, ""rx"": 94.8375, ""uy"": 18.0275}",via5_513,4106,324,True,via5_513,ARRAY_CHILD_WITNESS_PLUS_FINAL_PARENT_COMPONENT
bitcell_array_quad_0/bitcell_0179,cell_1rw,MX,VSS,m1,"{""by"": 19.3275, ""lx"": 94.77250000000001, ""rx"": 94.8375, ""uy"": 19.3925}",via5_1035,43504,13332,True,via5_1035,ARRAY_CHILD_WITNESS_PLUS_FINAL_PARENT_COMPONENT
bitcell_array_quad_0/bitcell_0180,cell_1rw,MX,VDD,m1,"{""by"": 17.962500000000002, ""lx"": 95.4775, ""rx"": 95.5425, ""uy"": 18.0275}",via5_513,4106,324,True,via5_513,ARRAY_CHILD_WITNESS_PLUS_FINAL_PARENT_COMPONENT
bitcell_array_quad_0/bitcell_0180,cell_1rw,MX,VSS,m1,"{""by"": 19.3275, ""lx"": 95.4775, ""rx"": 95.5425, ""uy"": 19.3925}",via5_1035,43504,13332,True,via5_1035,ARRAY_CHILD_WITNESS_PLUS_FINAL_PARENT_COMPONENT
bitcell_array_quad_0/bitcell_0181,cell_1rw,MX,VDD,m1,"{""by"": 17.962500000000002, ""lx"": 96.1825, ""rx"": 96.2475, ""uy"": 18.0275}",via5_513,4106,324,True,via5_513,ARRAY_CHILD_WITNESS_PLUS_FINAL_PARENT_COMPONENT
bitcell_array_quad_0/bitcell_0181,cell_1rw,MX,VSS,m1,"{""by"": 19.3275, ""lx"": 96.1825, ""rx"": 96.2475, ""uy"": 19.3925}",via5_1035,43504,13332,True,via5_1035,ARRAY_CHILD_WITNESS_PLUS_FINAL_PARENT_COMPONENT
bitcell_array_quad_0/bitcell_0182,cell_1rw,MX,VDD,m1,"{""by"": 17.962500000000002, ""lx"": 96.8875, ""rx"": 96.9525, ""uy"": 18.0275}",via5_513,4106,324,True,via5_513,ARRAY_CHILD_WITNESS_PLUS_FINAL_PARENT_COMPONENT
bitcell_array_quad_0/bitcell_0182,cell_1rw,MX,VSS,m1,"{""by"": 19.3275, ""lx"": 96.8875, ""rx"": 96.9525, ""uy"": 19.3925}",via5_1035,43504,13332,True,via5_1035,ARRAY_CHILD_WITNESS_PLUS_FINAL_PARENT_COMPONENT
bitcell_array_quad_0/bitcell_0183,cell_1rw,MX,VDD,m1,"{""by"": 17.962500000000002, ""lx"": 97.5925, ""rx"": 97.6575, ""uy"": 18.0275}",via5_513,4106,324,True,via5_513,ARRAY_CHILD_WITNESS_PLUS_FINAL_PARENT_COMPONENT
bitcell_array_quad_0/bitcell_0183,cell_1rw,MX,VSS,m1,"{""by"": 19.3275, ""lx"": 97.5925, ""rx"": 97.6575, ""uy"": 19.3925}",via5_1035,43504,13332,True,via5_1035,ARRAY_CHILD_WITNESS_PLUS_FINAL_PARENT_COMPONENT
bitcell_array_quad_0/bitcell_0184,cell_1rw,MX,VDD,m1,"{""by"": 17.962500000000002, ""lx"": 98.2975, ""rx"": 98.3625, ""uy"": 18.0275}",via5_513,4106,324,True,via5_513,ARRAY_CHILD_WITNESS_PLUS_FINAL_PARENT_COMPONENT
bitcell_array_quad_0/bitcell_0184,cell_1rw,MX,VSS,m1,"{""by"": 19.3275, ""lx"": 98.2975, ""rx"": 98.3625, ""uy"": 19.3925}",via5_1035,43504,13332,True,via5_1035,ARRAY_CHILD_WITNESS_PLUS_FINAL_PARENT_COMPONENT
bitcell_array_quad_0/bitcell_0185,cell_1rw,MX,VDD,m1,"{""by"": 17.962500000000002, ""lx"": 99.0025, ""rx"": 99.0675, ""uy"": 18.0275}",via5_513,4106,324,True,via5_513,ARRAY_CHILD_WITNESS_PLUS_FINAL_PARENT_COMPONENT
bitcell_array_quad_0/bitcell_0185,cell_1rw,MX,VSS,m1,"{""by"": 19.3275, ""lx"": 99.0025, ""rx"": 99.0675, ""uy"": 19.3925}",via5_1035,43504,13332,True,via5_1035,ARRAY_CHILD_WITNESS_PLUS_FINAL_PARENT_COMPONENT
bitcell_array_quad_0/bitcell_0186,cell_1rw,MX,VDD,m1,"{""by"": 17.962500000000002, ""lx"": 99.7075, ""rx"": 99.7725, ""uy"": 18.0275}",via5_513,4106,324,True,via5_513,ARRAY_CHILD_WITNESS_PLUS_FINAL_PARENT_COMPONENT
bitcell_array_quad_0/bitcell_0186,cell_1rw,MX,VSS,m1,"{""by"": 19.3275, ""lx"": 99.7075, ""rx"": 99.7725, ""uy"": 19.3925}",via5_1035,43504,13332,True,via5_1035,ARRAY_CHILD_WITNESS_PLUS_FINAL_PARENT_COMPONENT
bitcell_array_quad_0/bitcell_0187,cell_1rw,MX,VDD,m1,"{""by"": 17.962500000000002, ""lx"": 100.4125, ""rx"": 100.47749999999999, ""uy"": 18.0275}",via5_513,4106,324,True,via5_513,ARRAY_CHILD_WITNESS_PLUS_FINAL_PARENT_COMPONENT
bitcell_array_quad_0/bitcell_0187,cell_1rw,MX,VSS,m1,"{""by"": 19.3275, ""lx"": 100.4125, ""rx"": 100.47749999999999, ""uy"": 19.3925}",via5_1035,43504,13332,True,via5_1035,ARRAY_CHILD_WITNESS_PLUS_FINAL_PARENT_COMPONENT
bitcell_array_quad_0/bitcell_0188,cell_1rw,MX,VDD,m1,"{""by"": 17.962500000000002, ""lx"": 101.1175, ""rx"": 101.1825, ""uy"": 18.0275}",via5_513,4106,324,True,via5_513,ARRAY_CHILD_WITNESS_PLUS_FINAL_PARENT_COMPONENT
bitcell_array_quad_0/bitcell_0188,cell_1rw,MX,VSS,m1,"{""by"": 19.3275, ""lx"": 101.1175, ""rx"": 101.1825, ""uy"": 19.3925}",via5_1035,43504,13332,True,via5_1035,ARRAY_CHILD_WITNESS_PLUS_FINAL_PARENT_COMPONENT
bitcell_array_quad_0/bitcell_0189,cell_1rw,MX,VDD,m1,"{""by"": 17.962500000000002, ""lx"": 101.8225, ""rx"": 101.8875, ""uy"": 18.0275}",via5_513,4106,324,True,via5_513,ARRAY_CHILD_WITNESS_PLUS_FINAL_PARENT_COMPONENT
bitcell_array_quad_0/bitcell_0189,cell_1rw,MX,VSS,m1,"{""by"": 19.3275, ""lx"": 101.8225, ""rx"": 101.8875, ""uy"": 19.3925}",via5_1035,43504,13332,True,via5_1035,ARRAY_CHILD_WITNESS_PLUS_FINAL_PARENT_COMPONENT
bitcell_array_quad_0/bitcell_0190,cell_1rw,MX,VDD,m1,"{""by"": 17.962500000000002, ""lx"": 102.5275, ""rx"": 102.5925, ""uy"": 18.0275}",via5_513,4106,324,True,via5_513,ARRAY_CHILD_WITNESS_PLUS_FINAL_PARENT_COMPONENT
bitcell_array_quad_0/bitcell_0190,cell_1rw,MX,VSS,m1,"{""by"": 19.3275, ""lx"": 102.5275, ""rx"": 102.5925, ""uy"": 19.3925}",via5_1035,43504,13332,True,via5_1035,ARRAY_CHILD_WITNESS_PLUS_FINAL_PARENT_COMPONENT
bitcell_array_quad_0/bitcell_0191,cell_1rw,MX,VDD,m1,"{""by"": 17.962500000000002, ""lx"": 103.2325, ""rx"": 103.2975, ""uy"": 18.0275}",via5_513,4106,324,True,via5_513,ARRAY_CHILD_WITNESS_PLUS_FINAL_PARENT_COMPONENT
bitcell_array_quad_0/bitcell_0191,cell_1rw,MX,VSS,m1,"{""by"": 19.3275, ""lx"": 103.2325, ""rx"": 103.2975, ""uy"": 19.3925}",via5_1035,43504,13332,True,via5_1035,ARRAY_CHILD_WITNESS_PLUS_FINAL_PARENT_COMPONENT
bitcell_array_quad_0/bitcell_0192,cell_1rw,R0,VDD,m1,"{""by"": 20.692500000000003, ""lx"": 92.6575, ""rx"": 92.7225, ""uy"": 20.7575}",via5_513,4106,324,True,via5_513,ARRAY_CHILD_WITNESS_PLUS_FINAL_PARENT_COMPONENT
bitcell_array_quad_0/bitcell_0192,cell_1rw,R0,VSS,m1,"{""by"": 19.3275, ""lx"": 92.6575, ""rx"": 92.7225, ""uy"": 19.3925}",via5_1035,43504,13332,True,via5_1035,ARRAY_CHILD_WITNESS_PLUS_FINAL_PARENT_COMPONENT
bitcell_array_quad_0/bitcell_0193,cell_1rw,R0,VDD,m1,"{""by"": 20.692500000000003, ""lx"": 93.3625, ""rx"": 93.4275, ""uy"": 20.7575}",via5_513,4106,324,True,via5_513,ARRAY_CHILD_WITNESS_PLUS_FINAL_PARENT_COMPONENT
bitcell_array_quad_0/bitcell_0193,cell_1rw,R0,VSS,m1,"{""by"": 19.3275, ""lx"": 93.3625, ""rx"": 93.4275, ""uy"": 19.3925}",via5_1035,43504,13332,True,via5_1035,ARRAY_CHILD_WITNESS_PLUS_FINAL_PARENT_COMPONENT
bitcell_array_quad_0/bitcell_0194,cell_1rw,R0,VDD,m1,"{""by"": 20.692500000000003, ""lx"": 94.0675, ""rx"": 94.1325, ""uy"": 20.7575}",via5_513,4106,324,True,via5_513,ARRAY_CHILD_WITNESS_PLUS_FINAL_PARENT_COMPONENT
bitcell_array_quad_0/bitcell_0194,cell_1rw,R0,VSS,m1,"{""by"": 19.3275, ""lx"": 94.0675, ""rx"": 94.1325, ""uy"": 19.3925}",via5_1035,43504,13332,True,via5_1035,ARRAY_CHILD_WITNESS_PLUS_FINAL_PARENT_COMPONENT
bitcell_array_quad_0/bitcell_0195,cell_1rw,R0,VDD,m1,"{""by"": 20.692500000000003, ""lx"": 94.77250000000001, ""rx"": 94.8375, ""uy"": 20.7575}",via5_513,4106,324,True,via5_513,ARRAY_CHILD_WITNESS_PLUS_FINAL_PARENT_COMPONENT
bitcell_array_quad_0/bitcell_0195,cell_1rw,R0,VSS,m1,"{""by"": 19.3275, ""lx"": 94.77250000000001, ""rx"": 94.8375, ""uy"": 19.3925}",via5_1035,43504,13332,True,via5_1035,ARRAY_CHILD_WITNESS_PLUS_FINAL_PARENT_COMPONENT
bitcell_array_quad_0/bitcell_0196,cell_1rw,R0,VDD,m1,"{""by"": 20.692500000000003, ""lx"": 95.4775, ""rx"": 95.5425, ""uy"": 20.7575}",via5_513,4106,324,True,via5_513,ARRAY_CHILD_WITNESS_PLUS_FINAL_PARENT_COMPONENT
bitcell_array_quad_0/bitcell_0196,cell_1rw,R0,VSS,m1,"{""by"": 19.3275, ""lx"": 95.4775, ""rx"": 95.5425, ""uy"": 19.3925}",via5_1035,43504,13332,True,via5_1035,ARRAY_CHILD_WITNESS_PLUS_FINAL_PARENT_COMPONENT
bitcell_array_quad_0/bitcell_0197,cell_1rw,R0,VDD,m1,"{""by"": 20.692500000000003, ""lx"": 96.1825, ""rx"": 96.2475, ""uy"": 20.7575}",via5_513,4106,324,True,via5_513,ARRAY_CHILD_WITNESS_PLUS_FINAL_PARENT_COMPONENT
bitcell_array_quad_0/bitcell_0197,cell_1rw,R0,VSS,m1,"{""by"": 19.3275, ""lx"": 96.1825, ""rx"": 96.2475, ""uy"": 19.3925}",via5_1035,43504,13332,True,via5_1035,ARRAY_CHILD_WITNESS_PLUS_FINAL_PARENT_COMPONENT
bitcell_array_quad_0/bitcell_0198,cell_1rw,R0,VDD,m1,"{""by"": 20.692500000000003, ""lx"": 96.8875, ""rx"": 96.9525, ""uy"": 20.7575}",via5_513,4106,324,True,via5_513,ARRAY_CHILD_WITNESS_PLUS_FINAL_PARENT_COMPONENT
bitcell_array_quad_0/bitcell_0198,cell_1rw,R0,VSS,m1,"{""by"": 19.3275, ""lx"": 96.8875, ""rx"": 96.9525, ""uy"": 19.3925}",via5_1035,43504,13332,True,via5_1035,ARRAY_CHILD_WITNESS_PLUS_FINAL_PARENT_COMPONENT
bitcell_array_quad_0/bitcell_0199,cell_1rw,R0,VDD,m1,"{""by"": 20.692500000000003, ""lx"": 97.5925, ""rx"": 97.6575, ""uy"": 20.7575}",via5_513,4106,324,True,via5_513,ARRAY_CHILD_WITNESS_PLUS_FINAL_PARENT_COMPONENT
bitcell_array_quad_0/bitcell_0199,cell_1rw,R0,VSS,m1,"{""by"": 19.3275, ""lx"": 97.5925, ""rx"": 97.6575, ""uy"": 19.3925}",via5_1035,43504,13332,True,via5_1035,ARRAY_CHILD_WITNESS_PLUS_FINAL_PARENT_COMPONENT
bitcell_array_quad_0/bitcell_0200,cell_1rw,R0,VDD,m1,"{""by"": 20.692500000000003, ""lx"": 98.2975, ""rx"": 98.3625, ""uy"": 20.7575}",via5_513,4106,324,True,via5_513,ARRAY_CHILD_WITNESS_PLUS_FINAL_PARENT_COMPONENT
bitcell_array_quad_0/bitcell_0200,cell_1rw,R0,VSS,m1,"{""by"": 19.3275, ""lx"": 98.2975, ""rx"": 98.3625, ""uy"": 19.3925}",via5_1035,43504,13332,True,via5_1035,ARRAY_CHILD_WITNESS_PLUS_FINAL_PARENT_COMPONENT
bitcell_array_quad_0/bitcell_0201,cell_1rw,R0,VDD,m1,"{""by"": 20.692500000000003, ""lx"": 99.0025, ""rx"": 99.0675, ""uy"": 20.7575}",via5_513,4106,324,True,via5_513,ARRAY_CHILD_WITNESS_PLUS_FINAL_PARENT_COMPONENT
bitcell_array_quad_0/bitcell_0201,cell_1rw,R0,VSS,m1,"{""by"": 19.3275, ""lx"": 99.0025, ""rx"": 99.0675, ""uy"": 19.3925}",via5_1035,43504,13332,True,via5_1035,ARRAY_CHILD_WITNESS_PLUS_FINAL_PARENT_COMPONENT
bitcell_array_quad_0/bitcell_0202,cell_1rw,R0,VDD,m1,"{""by"": 20.692500000000003, ""lx"": 99.7075, ""rx"": 99.7725, ""uy"": 20.7575}",via5_513,4106,324,True,via5_513,ARRAY_CHILD_WITNESS_PLUS_FINAL_PARENT_COMPONENT
bitcell_array_quad_0/bitcell_0202,cell_1rw,R0,VSS,m1,"{""by"": 19.3275, ""lx"": 99.7075, ""rx"": 99.7725, ""uy"": 19.3925}",via5_1035,43504,13332,True,via5_1035,ARRAY_CHILD_WITNESS_PLUS_FINAL_PARENT_COMPONENT
bitcell_array_quad_0/bitcell_0203,cell_1rw,R0,VDD,m1,"{""by"": 20.692500000000003, ""lx"": 100.4125, ""rx"": 100.47749999999999, ""uy"": 20.7575}",via5_513,4106,324,True,via5_513,ARRAY_CHILD_WITNESS_PLUS_FINAL_PARENT_COMPONENT
bitcell_array_quad_0/bitcell_0203,cell_1rw,R0,VSS,m1,"{""by"": 19.3275, ""lx"": 100.4125, ""rx"": 100.47749999999999, ""uy"": 19.3925}",via5_1035,43504,13332,True,via5_1035,ARRAY_CHILD_WITNESS_PLUS_FINAL_PARENT_COMPONENT
bitcell_array_quad_0/bitcell_0204,cell_1rw,R0,VDD,m1,"{""by"": 20.692500000000003, ""lx"": 101.1175, ""rx"": 101.1825, ""uy"": 20.7575}",via5_513,4106,324,True,via5_513,ARRAY_CHILD_WITNESS_PLUS_FINAL_PARENT_COMPONENT
bitcell_array_quad_0/bitcell_0204,cell_1rw,R0,VSS,m1,"{""by"": 19.3275, ""lx"": 101.1175, ""rx"": 101.1825, ""uy"": 19.3925}",via5_1035,43504,13332,True,via5_1035,ARRAY_CHILD_WITNESS_PLUS_FINAL_PARENT_COMPONENT
bitcell_array_quad_0/bitcell_0205,cell_1rw,R0,VDD,m1,"{""by"": 20.692500000000003, ""lx"": 101.8225, ""rx"": 101.8875, ""uy"": 20.7575}",via5_513,4106,324,True,via5_513,ARRAY_CHILD_WITNESS_PLUS_FINAL_PARENT_COMPONENT
bitcell_array_quad_0/bitcell_0205,cell_1rw,R0,VSS,m1,"{""by"": 19.3275, ""lx"": 101.8225, ""rx"": 101.8875, ""uy"": 19.3925}",via5_1035,43504,13332,True,via5_1035,ARRAY_CHILD_WITNESS_PLUS_FINAL_PARENT_COMPONENT
bitcell_array_quad_0/bitcell_0206,cell_1rw,R0,VDD,m1,"{""by"": 20.692500000000003, ""lx"": 102.5275, ""rx"": 102.5925, ""uy"": 20.7575}",via5_513,4106,324,True,via5_513,ARRAY_CHILD_WITNESS_PLUS_FINAL_PARENT_COMPONENT
bitcell_array_quad_0/bitcell_0206,cell_1rw,R0,VSS,m1,"{""by"": 19.3275, ""lx"": 102.5275, ""rx"": 102.5925, ""uy"": 19.3925}",via5_1035,43504,13332,True,via5_1035,ARRAY_CHILD_WITNESS_PLUS_FINAL_PARENT_COMPONENT
bitcell_array_quad_0/bitcell_0207,cell_1rw,R0,VDD,m1,"{""by"": 20.692500000000003, ""lx"": 103.2325, ""rx"": 103.2975, ""uy"": 20.7575}",via5_513,4106,324,True,via5_513,ARRAY_CHILD_WITNESS_PLUS_FINAL_PARENT_COMPONENT
bitcell_array_quad_0/bitcell_0207,cell_1rw,R0,VSS,m1,"{""by"": 19.3275, ""lx"": 103.2325, ""rx"": 103.2975, ""uy"": 19.3925}",via5_1035,43504,13332,True,via5_1035,ARRAY_CHILD_WITNESS_PLUS_FINAL_PARENT_COMPONENT
bitcell_array_quad_0/bitcell_0208,cell_1rw,MX,VDD,m1,"{""by"": 20.692500000000003, ""lx"": 92.6575, ""rx"": 92.7225, ""uy"": 20.7575}",via5_513,4106,324,True,via5_513,ARRAY_CHILD_WITNESS_PLUS_FINAL_PARENT_COMPONENT
bitcell_array_quad_0/bitcell_0208,cell_1rw,MX,VSS,m1,"{""by"": 22.0575, ""lx"": 92.6575, ""rx"": 92.7225, ""uy"": 22.1225}",via5_1035,43504,13332,True,via5_1035,ARRAY_CHILD_WITNESS_PLUS_FINAL_PARENT_COMPONENT
bitcell_array_quad_0/bitcell_0209,cell_1rw,MX,VDD,m1,"{""by"": 20.692500000000003, ""lx"": 93.3625, ""rx"": 93.4275, ""uy"": 20.7575}",via5_513,4106,324,True,via5_513,ARRAY_CHILD_WITNESS_PLUS_FINAL_PARENT_COMPONENT
bitcell_array_quad_0/bitcell_0209,cell_1rw,MX,VSS,m1,"{""by"": 22.0575, ""lx"": 93.3625, ""rx"": 93.4275, ""uy"": 22.1225}",via5_1035,43504,13332,True,via5_1035,ARRAY_CHILD_WITNESS_PLUS_FINAL_PARENT_COMPONENT
bitcell_array_quad_0/bitcell_0210,cell_1rw,MX,VDD,m1,"{""by"": 20.692500000000003, ""lx"": 94.0675, ""rx"": 94.1325, ""uy"": 20.7575}",via5_513,4106,324,True,via5_513,ARRAY_CHILD_WITNESS_PLUS_FINAL_PARENT_COMPONENT
bitcell_array_quad_0/bitcell_0210,cell_1rw,MX,VSS,m1,"{""by"": 22.0575, ""lx"": 94.0675, ""rx"": 94.1325, ""uy"": 22.1225}",via5_1035,43504,13332,True,via5_1035,ARRAY_CHILD_WITNESS_PLUS_FINAL_PARENT_COMPONENT
bitcell_array_quad_0/bitcell_0211,cell_1rw,MX,VDD,m1,"{""by"": 20.692500000000003, ""lx"": 94.77250000000001, ""rx"": 94.8375, ""uy"": 20.7575}",via5_513,4106,324,True,via5_513,ARRAY_CHILD_WITNESS_PLUS_FINAL_PARENT_COMPONENT
bitcell_array_quad_0/bitcell_0211,cell_1rw,MX,VSS,m1,"{""by"": 22.0575, ""lx"": 94.77250000000001, ""rx"": 94.8375, ""uy"": 22.1225}",via5_1035,43504,13332,True,via5_1035,ARRAY_CHILD_WITNESS_PLUS_FINAL_PARENT_COMPONENT
bitcell_array_quad_0/bitcell_0212,cell_1rw,MX,VDD,m1,"{""by"": 20.692500000000003, ""lx"": 95.4775, ""rx"": 95.5425, ""uy"": 20.7575}",via5_513,4106,324,True,via5_513,ARRAY_CHILD_WITNESS_PLUS_FINAL_PARENT_COMPONENT
bitcell_array_quad_0/bitcell_0212,cell_1rw,MX,VSS,m1,"{""by"": 22.0575, ""lx"": 95.4775, ""rx"": 95.5425, ""uy"": 22.1225}",via5_1035,43504,13332,True,via5_1035,ARRAY_CHILD_WITNESS_PLUS_FINAL_PARENT_COMPONENT
bitcell_array_quad_0/bitcell_0213,cell_1rw,MX,VDD,m1,"{""by"": 20.692500000000003, ""lx"": 96.1825, ""rx"": 96.2475, ""uy"": 20.7575}",via5_513,4106,324,True,via5_513,ARRAY_CHILD_WITNESS_PLUS_FINAL_PARENT_COMPONENT
bitcell_array_quad_0/bitcell_0213,cell_1rw,MX,VSS,m1,"{""by"": 22.0575, ""lx"": 96.1825, ""rx"": 96.2475, ""uy"": 22.1225}",via5_1035,43504,13332,True,via5_1035,ARRAY_CHILD_WITNESS_PLUS_FINAL_PARENT_COMPONENT
bitcell_array_quad_0/bitcell_0214,cell_1rw,MX,VDD,m1,"{""by"": 20.692500000000003, ""lx"": 96.8875, ""rx"": 96.9525, ""uy"": 20.7575}",via5_513,4106,324,True,via5_513,ARRAY_CHILD_WITNESS_PLUS_FINAL_PARENT_COMPONENT
bitcell_array_quad_0/bitcell_0214,cell_1rw,MX,VSS,m1,"{""by"": 22.0575, ""lx"": 96.8875, ""rx"": 96.9525, ""uy"": 22.1225}",via5_1035,43504,13332,True,via5_1035,ARRAY_CHILD_WITNESS_PLUS_FINAL_PARENT_COMPONENT
bitcell_array_quad_0/bitcell_0215,cell_1rw,MX,VDD,m1,"{""by"": 20.692500000000003, ""lx"": 97.5925, ""rx"": 97.6575, ""uy"": 20.7575}",via5_513,4106,324,True,via5_513,ARRAY_CHILD_WITNESS_PLUS_FINAL_PARENT_COMPONENT
bitcell_array_quad_0/bitcell_0215,cell_1rw,MX,VSS,m1,"{""by"": 22.0575, ""lx"": 97.5925, ""rx"": 97.6575, ""uy"": 22.1225}",via5_1035,43504,13332,True,via5_1035,ARRAY_CHILD_WITNESS_PLUS_FINAL_PARENT_COMPONENT
bitcell_array_quad_0/bitcell_0216,cell_1rw,MX,VDD,m1,"{""by"": 20.692500000000003, ""lx"": 98.2975, ""rx"": 98.3625, ""uy"": 20.7575}",via5_513,4106,324,True,via5_513,ARRAY_CHILD_WITNESS_PLUS_FINAL_PARENT_COMPONENT
bitcell_array_quad_0/bitcell_0216,cell_1rw,MX,VSS,m1,"{""by"": 22.0575, ""lx"": 98.2975, ""rx"": 98.3625, ""uy"": 22.1225}",via5_1035,43504,13332,True,via5_1035,ARRAY_CHILD_WITNESS_PLUS_FINAL_PARENT_COMPONENT
bitcell_array_quad_0/bitcell_0217,cell_1rw,MX,VDD,m1,"{""by"": 20.692500000000003, ""lx"": 99.0025, ""rx"": 99.0675, ""uy"": 20.7575}",via5_513,4106,324,True,via5_513,ARRAY_CHILD_WITNESS_PLUS_FINAL_PARENT_COMPONENT
bitcell_array_quad_0/bitcell_0217,cell_1rw,MX,VSS,m1,"{""by"": 22.0575, ""lx"": 99.0025, ""rx"": 99.0675, ""uy"": 22.1225}",via5_1035,43504,13332,True,via5_1035,ARRAY_CHILD_WITNESS_PLUS_FINAL_PARENT_COMPONENT
bitcell_array_quad_0/bitcell_0218,cell_1rw,MX,VDD,m1,"{""by"": 20.692500000000003, ""lx"": 99.7075, ""rx"": 99.7725, ""uy"": 20.7575}",via5_513,4106,324,True,via5_513,ARRAY_CHILD_WITNESS_PLUS_FINAL_PARENT_COMPONENT
bitcell_array_quad_0/bitcell_0218,cell_1rw,MX,VSS,m1,"{""by"": 22.0575, ""lx"": 99.7075, ""rx"": 99.7725, ""uy"": 22.1225}",via5_1035,43504,13332,True,via5_1035,ARRAY_CHILD_WITNESS_PLUS_FINAL_PARENT_COMPONENT
bitcell_array_quad_0/bitcell_0219,cell_1rw,MX,VDD,m1,"{""by"": 20.692500000000003, ""lx"": 100.4125, ""rx"": 100.47749999999999, ""uy"": 20.7575}",via5_513,4106,324,True,via5_513,ARRAY_CHILD_WITNESS_PLUS_FINAL_PARENT_COMPONENT
bitcell_array_quad_0/bitcell_0219,cell_1rw,MX,VSS,m1,"{""by"": 22.0575, ""lx"": 100.4125, ""rx"": 100.47749999999999, ""uy"": 22.1225}",via5_1035,43504,13332,True,via5_1035,ARRAY_CHILD_WITNESS_PLUS_FINAL_PARENT_COMPONENT
bitcell_array_quad_0/bitcell_0220,cell_1rw,MX,VDD,m1,"{""by"": 20.692500000000003, ""lx"": 101.1175, ""rx"": 101.1825, ""uy"": 20.7575}",via5_513,4106,324,True,via5_513,ARRAY_CHILD_WITNESS_PLUS_FINAL_PARENT_COMPONENT
bitcell_array_quad_0/bitcell_0220,cell_1rw,MX,VSS,m1,"{""by"": 22.0575, ""lx"": 101.1175, ""rx"": 101.1825, ""uy"": 22.1225}",via5_1035,43504,13332,True,via5_1035,ARRAY_CHILD_WITNESS_PLUS_FINAL_PARENT_COMPONENT
bitcell_array_quad_0/bitcell_0221,cell_1rw,MX,VDD,m1,"{""by"": 20.692500000000003, ""lx"": 101.8225, ""rx"": 101.8875, ""uy"": 20.7575}",via5_513,4106,324,True,via5_513,ARRAY_CHILD_WITNESS_PLUS_FINAL_PARENT_COMPONENT
bitcell_array_quad_0/bitcell_0221,cell_1rw,MX,VSS,m1,"{""by"": 22.0575, ""lx"": 101.8225, ""rx"": 101.8875, ""uy"": 22.1225}",via5_1035,43504,13332,True,via5_1035,ARRAY_CHILD_WITNESS_PLUS_FINAL_PARENT_COMPONENT
bitcell_array_quad_0/bitcell_0222,cell_1rw,MX,VDD,m1,"{""by"": 20.692500000000003, ""lx"": 102.5275, ""rx"": 102.5925, ""uy"": 20.7575}",via5_513,4106,324,True,via5_513,ARRAY_CHILD_WITNESS_PLUS_FINAL_PARENT_COMPONENT
bitcell_array_quad_0/bitcell_0222,cell_1rw,MX,VSS,m1,"{""by"": 22.0575, ""lx"": 102.5275, ""rx"": 102.5925, ""uy"": 22.1225}",via5_1035,43504,13332,True,via5_1035,ARRAY_CHILD_WITNESS_PLUS_FINAL_PARENT_COMPONENT
bitcell_array_quad_0/bitcell_0223,cell_1rw,MX,VDD,m1,"{""by"": 20.692500000000003, ""lx"": 103.2325, ""rx"": 103.2975, ""uy"": 20.7575}",via5_513,4106,324,True,via5_513,ARRAY_CHILD_WITNESS_PLUS_FINAL_PARENT_COMPONENT
bitcell_array_quad_0/bitcell_0223,cell_1rw,MX,VSS,m1,"{""by"": 22.0575, ""lx"": 103.2325, ""rx"": 103.2975, ""uy"": 22.1225}",via5_1035,43504,13332,True,via5_1035,ARRAY_CHILD_WITNESS_PLUS_FINAL_PARENT_COMPONENT
bitcell_array_quad_0/bitcell_0224,cell_1rw,R0,VDD,m1,"{""by"": 23.4225, ""lx"": 92.6575, ""rx"": 92.7225, ""uy"": 23.487499999999997}",via5_513,4106,324,True,via5_513,ARRAY_CHILD_WITNESS_PLUS_FINAL_PARENT_COMPONENT
bitcell_array_quad_0/bitcell_0224,cell_1rw,R0,VSS,m1,"{""by"": 22.0575, ""lx"": 92.6575, ""rx"": 92.7225, ""uy"": 22.1225}",via5_1035,43504,13332,True,via5_1035,ARRAY_CHILD_WITNESS_PLUS_FINAL_PARENT_COMPONENT
bitcell_array_quad_0/bitcell_0225,cell_1rw,R0,VDD,m1,"{""by"": 23.4225, ""lx"": 93.3625, ""rx"": 93.4275, ""uy"": 23.487499999999997}",via5_513,4106,324,True,via5_513,ARRAY_CHILD_WITNESS_PLUS_FINAL_PARENT_COMPONENT
bitcell_array_quad_0/bitcell_0225,cell_1rw,R0,VSS,m1,"{""by"": 22.0575, ""lx"": 93.3625, ""rx"": 93.4275, ""uy"": 22.1225}",via5_1035,43504,13332,True,via5_1035,ARRAY_CHILD_WITNESS_PLUS_FINAL_PARENT_COMPONENT
bitcell_array_quad_0/bitcell_0226,cell_1rw,R0,VDD,m1,"{""by"": 23.4225, ""lx"": 94.0675, ""rx"": 94.1325, ""uy"": 23.487499999999997}",via5_513,4106,324,True,via5_513,ARRAY_CHILD_WITNESS_PLUS_FINAL_PARENT_COMPONENT
bitcell_array_quad_0/bitcell_0226,cell_1rw,R0,VSS,m1,"{""by"": 22.0575, ""lx"": 94.0675, ""rx"": 94.1325, ""uy"": 22.1225}",via5_1035,43504,13332,True,via5_1035,ARRAY_CHILD_WITNESS_PLUS_FINAL_PARENT_COMPONENT
bitcell_array_quad_0/bitcell_0227,cell_1rw,R0,VDD,m1,"{""by"": 23.4225, ""lx"": 94.77250000000001, ""rx"": 94.8375, ""uy"": 23.487499999999997}",via5_513,4106,324,True,via5_513,ARRAY_CHILD_WITNESS_PLUS_FINAL_PARENT_COMPONENT
bitcell_array_quad_0/bitcell_0227,cell_1rw,R0,VSS,m1,"{""by"": 22.0575, ""lx"": 94.77250000000001, ""rx"": 94.8375, ""uy"": 22.1225}",via5_1035,43504,13332,True,via5_1035,ARRAY_CHILD_WITNESS_PLUS_FINAL_PARENT_COMPONENT
bitcell_array_quad_0/bitcell_0228,cell_1rw,R0,VDD,m1,"{""by"": 23.4225, ""lx"": 95.4775, ""rx"": 95.5425, ""uy"": 23.487499999999997}",via5_513,4106,324,True,via5_513,ARRAY_CHILD_WITNESS_PLUS_FINAL_PARENT_COMPONENT
bitcell_array_quad_0/bitcell_0228,cell_1rw,R0,VSS,m1,"{""by"": 22.0575, ""lx"": 95.4775, ""rx"": 95.5425, ""uy"": 22.1225}",via5_1035,43504,13332,True,via5_1035,ARRAY_CHILD_WITNESS_PLUS_FINAL_PARENT_COMPONENT
bitcell_array_quad_0/bitcell_0229,cell_1rw,R0,VDD,m1,"{""by"": 23.4225, ""lx"": 96.1825, ""rx"": 96.2475, ""uy"": 23.487499999999997}",via5_513,4106,324,True,via5_513,ARRAY_CHILD_WITNESS_PLUS_FINAL_PARENT_COMPONENT
bitcell_array_quad_0/bitcell_0229,cell_1rw,R0,VSS,m1,"{""by"": 22.0575, ""lx"": 96.1825, ""rx"": 96.2475, ""uy"": 22.1225}",via5_1035,43504,13332,True,via5_1035,ARRAY_CHILD_WITNESS_PLUS_FINAL_PARENT_COMPONENT
bitcell_array_quad_0/bitcell_0230,cell_1rw,R0,VDD,m1,"{""by"": 23.4225, ""lx"": 96.8875, ""rx"": 96.9525, ""uy"": 23.487499999999997}",via5_513,4106,324,True,via5_513,ARRAY_CHILD_WITNESS_PLUS_FINAL_PARENT_COMPONENT
bitcell_array_quad_0/bitcell_0230,cell_1rw,R0,VSS,m1,"{""by"": 22.0575, ""lx"": 96.8875, ""rx"": 96.9525, ""uy"": 22.1225}",via5_1035,43504,13332,True,via5_1035,ARRAY_CHILD_WITNESS_PLUS_FINAL_PARENT_COMPONENT
bitcell_array_quad_0/bitcell_0231,cell_1rw,R0,VDD,m1,"{""by"": 23.4225, ""lx"": 97.5925, ""rx"": 97.6575, ""uy"": 23.487499999999997}",via5_513,4106,324,True,via5_513,ARRAY_CHILD_WITNESS_PLUS_FINAL_PARENT_COMPONENT
bitcell_array_quad_0/bitcell_0231,cell_1rw,R0,VSS,m1,"{""by"": 22.0575, ""lx"": 97.5925, ""rx"": 97.6575, ""uy"": 22.1225}",via5_1035,43504,13332,True,via5_1035,ARRAY_CHILD_WITNESS_PLUS_FINAL_PARENT_COMPONENT
bitcell_array_quad_0/bitcell_0232,cell_1rw,R0,VDD,m1,"{""by"": 23.4225, ""lx"": 98.2975, ""rx"": 98.3625, ""uy"": 23.487499999999997}",via5_513,4106,324,True,via5_513,ARRAY_CHILD_WITNESS_PLUS_FINAL_PARENT_COMPONENT
bitcell_array_quad_0/bitcell_0232,cell_1rw,R0,VSS,m1,"{""by"": 22.0575, ""lx"": 98.2975, ""rx"": 98.3625, ""uy"": 22.1225}",via5_1035,43504,13332,True,via5_1035,ARRAY_CHILD_WITNESS_PLUS_FINAL_PARENT_COMPONENT
bitcell_array_quad_0/bitcell_0233,cell_1rw,R0,VDD,m1,"{""by"": 23.4225, ""lx"": 99.0025, ""rx"": 99.0675, ""uy"": 23.487499999999997}",via5_513,4106,324,True,via5_513,ARRAY_CHILD_WITNESS_PLUS_FINAL_PARENT_COMPONENT
bitcell_array_quad_0/bitcell_0233,cell_1rw,R0,VSS,m1,"{""by"": 22.0575, ""lx"": 99.0025, ""rx"": 99.0675, ""uy"": 22.1225}",via5_1035,43504,13332,True,via5_1035,ARRAY_CHILD_WITNESS_PLUS_FINAL_PARENT_COMPONENT
bitcell_array_quad_0/bitcell_0234,cell_1rw,R0,VDD,m1,"{""by"": 23.4225, ""lx"": 99.7075, ""rx"": 99.7725, ""uy"": 23.487499999999997}",via5_513,4106,324,True,via5_513,ARRAY_CHILD_WITNESS_PLUS_FINAL_PARENT_COMPONENT
bitcell_array_quad_0/bitcell_0234,cell_1rw,R0,VSS,m1,"{""by"": 22.0575, ""lx"": 99.7075, ""rx"": 99.7725, ""uy"": 22.1225}",via5_1035,43504,13332,True,via5_1035,ARRAY_CHILD_WITNESS_PLUS_FINAL_PARENT_COMPONENT
bitcell_array_quad_0/bitcell_0235,cell_1rw,R0,VDD,m1,"{""by"": 23.4225, ""lx"": 100.4125, ""rx"": 100.47749999999999, ""uy"": 23.487499999999997}",via5_513,4106,324,True,via5_513,ARRAY_CHILD_WITNESS_PLUS_FINAL_PARENT_COMPONENT
bitcell_array_quad_0/bitcell_0235,cell_1rw,R0,VSS,m1,"{""by"": 22.0575, ""lx"": 100.4125, ""rx"": 100.47749999999999, ""uy"": 22.1225}",via5_1035,43504,13332,True,via5_1035,ARRAY_CHILD_WITNESS_PLUS_FINAL_PARENT_COMPONENT
bitcell_array_quad_0/bitcell_0236,cell_1rw,R0,VDD,m1,"{""by"": 23.4225, ""lx"": 101.1175, ""rx"": 101.1825, ""uy"": 23.487499999999997}",via5_513,4106,324,True,via5_513,ARRAY_CHILD_WITNESS_PLUS_FINAL_PARENT_COMPONENT
bitcell_array_quad_0/bitcell_0236,cell_1rw,R0,VSS,m1,"{""by"": 22.0575, ""lx"": 101.1175, ""rx"": 101.1825, ""uy"": 22.1225}",via5_1035,43504,13332,True,via5_1035,ARRAY_CHILD_WITNESS_PLUS_FINAL_PARENT_COMPONENT
bitcell_array_quad_0/bitcell_0237,cell_1rw,R0,VDD,m1,"{""by"": 23.4225, ""lx"": 101.8225, ""rx"": 101.8875, ""uy"": 23.487499999999997}",via5_513,4106,324,True,via5_513,ARRAY_CHILD_WITNESS_PLUS_FINAL_PARENT_COMPONENT
bitcell_array_quad_0/bitcell_0237,cell_1rw,R0,VSS,m1,"{""by"": 22.0575, ""lx"": 101.8225, ""rx"": 101.8875, ""uy"": 22.1225}",via5_1035,43504,13332,True,via5_1035,ARRAY_CHILD_WITNESS_PLUS_FINAL_PARENT_COMPONENT
bitcell_array_quad_0/bitcell_0238,cell_1rw,R0,VDD,m1,"{""by"": 23.4225, ""lx"": 102.5275, ""rx"": 102.5925, ""uy"": 23.487499999999997}",via5_513,4106,324,True,via5_513,ARRAY_CHILD_WITNESS_PLUS_FINAL_PARENT_COMPONENT
bitcell_array_quad_0/bitcell_0238,cell_1rw,R0,VSS,m1,"{""by"": 22.0575, ""lx"": 102.5275, ""rx"": 102.5925, ""uy"": 22.1225}",via5_1035,43504,13332,True,via5_1035,ARRAY_CHILD_WITNESS_PLUS_FINAL_PARENT_COMPONENT
bitcell_array_quad_0/bitcell_0239,cell_1rw,R0,VDD,m1,"{""by"": 23.4225, ""lx"": 103.2325, ""rx"": 103.2975, ""uy"": 23.487499999999997}",via5_513,4106,324,True,via5_513,ARRAY_CHILD_WITNESS_PLUS_FINAL_PARENT_COMPONENT
bitcell_array_quad_0/bitcell_0239,cell_1rw,R0,VSS,m1,"{""by"": 22.0575, ""lx"": 103.2325, ""rx"": 103.2975, ""uy"": 22.1225}",via5_1035,43504,13332,True,via5_1035,ARRAY_CHILD_WITNESS_PLUS_FINAL_PARENT_COMPONENT
bitcell_array_quad_0/bitcell_0240,cell_1rw,MX,VDD,m1,"{""by"": 23.4225, ""lx"": 92.6575, ""rx"": 92.7225, ""uy"": 23.487499999999997}",via5_513,4106,324,True,via5_513,ARRAY_CHILD_WITNESS_PLUS_FINAL_PARENT_COMPONENT
bitcell_array_quad_0/bitcell_0240,cell_1rw,MX,VSS,m1,"{""by"": 24.7875, ""lx"": 92.6575, ""rx"": 92.7225, ""uy"": 24.8525}",via5_1035,43504,13332,True,via5_1035,ARRAY_CHILD_WITNESS_PLUS_FINAL_PARENT_COMPONENT
bitcell_array_quad_0/bitcell_0241,cell_1rw,MX,VDD,m1,"{""by"": 23.4225, ""lx"": 93.3625, ""rx"": 93.4275, ""uy"": 23.487499999999997}",via5_513,4106,324,True,via5_513,ARRAY_CHILD_WITNESS_PLUS_FINAL_PARENT_COMPONENT
bitcell_array_quad_0/bitcell_0241,cell_1rw,MX,VSS,m1,"{""by"": 24.7875, ""lx"": 93.3625, ""rx"": 93.4275, ""uy"": 24.8525}",via5_1035,43504,13332,True,via5_1035,ARRAY_CHILD_WITNESS_PLUS_FINAL_PARENT_COMPONENT
bitcell_array_quad_0/bitcell_0242,cell_1rw,MX,VDD,m1,"{""by"": 23.4225, ""lx"": 94.0675, ""rx"": 94.1325, ""uy"": 23.487499999999997}",via5_513,4106,324,True,via5_513,ARRAY_CHILD_WITNESS_PLUS_FINAL_PARENT_COMPONENT
bitcell_array_quad_0/bitcell_0242,cell_1rw,MX,VSS,m1,"{""by"": 24.7875, ""lx"": 94.0675, ""rx"": 94.1325, ""uy"": 24.8525}",via5_1035,43504,13332,True,via5_1035,ARRAY_CHILD_WITNESS_PLUS_FINAL_PARENT_COMPONENT
bitcell_array_quad_0/bitcell_0243,cell_1rw,MX,VDD,m1,"{""by"": 23.4225, ""lx"": 94.77250000000001, ""rx"": 94.8375, ""uy"": 23.487499999999997}",via5_513,4106,324,True,via5_513,ARRAY_CHILD_WITNESS_PLUS_FINAL_PARENT_COMPONENT
bitcell_array_quad_0/bitcell_0243,cell_1rw,MX,VSS,m1,"{""by"": 24.7875, ""lx"": 94.77250000000001, ""rx"": 94.8375, ""uy"": 24.8525}",via5_1035,43504,13332,True,via5_1035,ARRAY_CHILD_WITNESS_PLUS_FINAL_PARENT_COMPONENT
bitcell_array_quad_0/bitcell_0244,cell_1rw,MX,VDD,m1,"{""by"": 23.4225, ""lx"": 95.4775, ""rx"": 95.5425, ""uy"": 23.487499999999997}",via5_513,4106,324,True,via5_513,ARRAY_CHILD_WITNESS_PLUS_FINAL_PARENT_COMPONENT
bitcell_array_quad_0/bitcell_0244,cell_1rw,MX,VSS,m1,"{""by"": 24.7875, ""lx"": 95.4775, ""rx"": 95.5425, ""uy"": 24.8525}",via5_1035,43504,13332,True,via5_1035,ARRAY_CHILD_WITNESS_PLUS_FINAL_PARENT_COMPONENT
bitcell_array_quad_0/bitcell_0245,cell_1rw,MX,VDD,m1,"{""by"": 23.4225, ""lx"": 96.1825, ""rx"": 96.2475, ""uy"": 23.487499999999997}",via5_513,4106,324,True,via5_513,ARRAY_CHILD_WITNESS_PLUS_FINAL_PARENT_COMPONENT
bitcell_array_quad_0/bitcell_0245,cell_1rw,MX,VSS,m1,"{""by"": 24.7875, ""lx"": 96.1825, ""rx"": 96.2475, ""uy"": 24.8525}",via5_1035,43504,13332,True,via5_1035,ARRAY_CHILD_WITNESS_PLUS_FINAL_PARENT_COMPONENT
bitcell_array_quad_0/bitcell_0246,cell_1rw,MX,VDD,m1,"{""by"": 23.4225, ""lx"": 96.8875, ""rx"": 96.9525, ""uy"": 23.487499999999997}",via5_513,4106,324,True,via5_513,ARRAY_CHILD_WITNESS_PLUS_FINAL_PARENT_COMPONENT
bitcell_array_quad_0/bitcell_0246,cell_1rw,MX,VSS,m1,"{""by"": 24.7875, ""lx"": 96.8875, ""rx"": 96.9525, ""uy"": 24.8525}",via5_1035,43504,13332,True,via5_1035,ARRAY_CHILD_WITNESS_PLUS_FINAL_PARENT_COMPONENT
bitcell_array_quad_0/bitcell_0247,cell_1rw,MX,VDD,m1,"{""by"": 23.4225, ""lx"": 97.5925, ""rx"": 97.6575, ""uy"": 23.487499999999997}",via5_513,4106,324,True,via5_513,ARRAY_CHILD_WITNESS_PLUS_FINAL_PARENT_COMPONENT
bitcell_array_quad_0/bitcell_0247,cell_1rw,MX,VSS,m1,"{""by"": 24.7875, ""lx"": 97.5925, ""rx"": 97.6575, ""uy"": 24.8525}",via5_1035,43504,13332,True,via5_1035,ARRAY_CHILD_WITNESS_PLUS_FINAL_PARENT_COMPONENT
bitcell_array_quad_0/bitcell_0248,cell_1rw,MX,VDD,m1,"{""by"": 23.4225, ""lx"": 98.2975, ""rx"": 98.3625, ""uy"": 23.487499999999997}",via5_513,4106,324,True,via5_513,ARRAY_CHILD_WITNESS_PLUS_FINAL_PARENT_COMPONENT
bitcell_array_quad_0/bitcell_0248,cell_1rw,MX,VSS,m1,"{""by"": 24.7875, ""lx"": 98.2975, ""rx"": 98.3625, ""uy"": 24.8525}",via5_1035,43504,13332,True,via5_1035,ARRAY_CHILD_WITNESS_PLUS_FINAL_PARENT_COMPONENT
bitcell_array_quad_0/bitcell_0249,cell_1rw,MX,VDD,m1,"{""by"": 23.4225, ""lx"": 99.0025, ""rx"": 99.0675, ""uy"": 23.487499999999997}",via5_513,4106,324,True,via5_513,ARRAY_CHILD_WITNESS_PLUS_FINAL_PARENT_COMPONENT
bitcell_array_quad_0/bitcell_0249,cell_1rw,MX,VSS,m1,"{""by"": 24.7875, ""lx"": 99.0025, ""rx"": 99.0675, ""uy"": 24.8525}",via5_1035,43504,13332,True,via5_1035,ARRAY_CHILD_WITNESS_PLUS_FINAL_PARENT_COMPONENT
bitcell_array_quad_0/bitcell_0250,cell_1rw,MX,VDD,m1,"{""by"": 23.4225, ""lx"": 99.7075, ""rx"": 99.7725, ""uy"": 23.487499999999997}",via5_513,4106,324,True,via5_513,ARRAY_CHILD_WITNESS_PLUS_FINAL_PARENT_COMPONENT
bitcell_array_quad_0/bitcell_0250,cell_1rw,MX,VSS,m1,"{""by"": 24.7875, ""lx"": 99.7075, ""rx"": 99.7725, ""uy"": 24.8525}",via5_1035,43504,13332,True,via5_1035,ARRAY_CHILD_WITNESS_PLUS_FINAL_PARENT_COMPONENT
bitcell_array_quad_0/bitcell_0251,cell_1rw,MX,VDD,m1,"{""by"": 23.4225, ""lx"": 100.4125, ""rx"": 100.47749999999999, ""uy"": 23.487499999999997}",via5_513,4106,324,True,via5_513,ARRAY_CHILD_WITNESS_PLUS_FINAL_PARENT_COMPONENT
bitcell_array_quad_0/bitcell_0251,cell_1rw,MX,VSS,m1,"{""by"": 24.7875, ""lx"": 100.4125, ""rx"": 100.47749999999999, ""uy"": 24.8525}",via5_1035,43504,13332,True,via5_1035,ARRAY_CHILD_WITNESS_PLUS_FINAL_PARENT_COMPONENT
bitcell_array_quad_0/bitcell_0252,cell_1rw,MX,VDD,m1,"{""by"": 23.4225, ""lx"": 101.1175, ""rx"": 101.1825, ""uy"": 23.487499999999997}",via5_513,4106,324,True,via5_513,ARRAY_CHILD_WITNESS_PLUS_FINAL_PARENT_COMPONENT
bitcell_array_quad_0/bitcell_0252,cell_1rw,MX,VSS,m1,"{""by"": 24.7875, ""lx"": 101.1175, ""rx"": 101.1825, ""uy"": 24.8525}",via5_1035,43504,13332,True,via5_1035,ARRAY_CHILD_WITNESS_PLUS_FINAL_PARENT_COMPONENT
bitcell_array_quad_0/bitcell_0253,cell_1rw,MX,VDD,m1,"{""by"": 23.4225, ""lx"": 101.8225, ""rx"": 101.8875, ""uy"": 23.487499999999997}",via5_513,4106,324,True,via5_513,ARRAY_CHILD_WITNESS_PLUS_FINAL_PARENT_COMPONENT
bitcell_array_quad_0/bitcell_0253,cell_1rw,MX,VSS,m1,"{""by"": 24.7875, ""lx"": 101.8225, ""rx"": 101.8875, ""uy"": 24.8525}",via5_1035,43504,13332,True,via5_1035,ARRAY_CHILD_WITNESS_PLUS_FINAL_PARENT_COMPONENT
bitcell_array_quad_0/bitcell_0254,cell_1rw,MX,VDD,m1,"{""by"": 23.4225, ""lx"": 102.5275, ""rx"": 102.5925, ""uy"": 23.487499999999997}",via5_513,4106,324,True,via5_513,ARRAY_CHILD_WITNESS_PLUS_FINAL_PARENT_COMPONENT
bitcell_array_quad_0/bitcell_0254,cell_1rw,MX,VSS,m1,"{""by"": 24.7875, ""lx"": 102.5275, ""rx"": 102.5925, ""uy"": 24.8525}",via5_1035,43504,13332,True,via5_1035,ARRAY_CHILD_WITNESS_PLUS_FINAL_PARENT_COMPONENT
bitcell_array_quad_0/bitcell_0255,cell_1rw,MX,VDD,m1,"{""by"": 23.4225, ""lx"": 103.2325, ""rx"": 103.2975, ""uy"": 23.487499999999997}",via5_513,4106,324,True,via5_513,ARRAY_CHILD_WITNESS_PLUS_FINAL_PARENT_COMPONENT
bitcell_array_quad_0/bitcell_0255,cell_1rw,MX,VSS,m1,"{""by"": 24.7875, ""lx"": 103.2325, ""rx"": 103.2975, ""uy"": 24.8525}",via5_1035,43504,13332,True,via5_1035,ARRAY_CHILD_WITNESS_PLUS_FINAL_PARENT_COMPONENT
bitcell_array_quad_0/dummy_0000,dummy_cell_1rw,R0,VDD,m1,"{""by"": 1.5825, ""lx"": 91.2475, ""rx"": 91.3125, ""uy"": 1.6475}",via5_513,4106,324,True,via5_513,ARRAY_CHILD_WITNESS_PLUS_FINAL_PARENT_COMPONENT
bitcell_array_quad_0/dummy_0000,dummy_cell_1rw,R0,VSS,m1,"{""by"": 0.2175, ""lx"": 91.2475, ""rx"": 91.3125, ""uy"": 0.2825}",via5_1035,43504,13332,True,via5_1035,ARRAY_CHILD_WITNESS_PLUS_FINAL_PARENT_COMPONENT
bitcell_array_quad_0/dummy_0001,dummy_cell_1rw,R0,VDD,m1,"{""by"": 1.5825, ""lx"": 91.9525, ""rx"": 92.0175, ""uy"": 1.6475}",via5_513,4106,324,True,via5_513,ARRAY_CHILD_WITNESS_PLUS_FINAL_PARENT_COMPONENT
bitcell_array_quad_0/dummy_0001,dummy_cell_1rw,R0,VSS,m1,"{""by"": 0.2175, ""lx"": 91.9525, ""rx"": 92.0175, ""uy"": 0.2825}",via5_1035,43504,13332,True,via5_1035,ARRAY_CHILD_WITNESS_PLUS_FINAL_PARENT_COMPONENT
bitcell_array_quad_0/dummy_0002,dummy_cell_1rw,R0,VDD,m1,"{""by"": 1.5825, ""lx"": 92.6575, ""rx"": 92.7225, ""uy"": 1.6475}",via5_513,4106,324,True,via5_513,ARRAY_CHILD_WITNESS_PLUS_FINAL_PARENT_COMPONENT
bitcell_array_quad_0/dummy_0002,dummy_cell_1rw,R0,VSS,m1,"{""by"": 0.2175, ""lx"": 92.6575, ""rx"": 92.7225, ""uy"": 0.2825}",via5_1035,43504,13332,True,via5_1035,ARRAY_CHILD_WITNESS_PLUS_FINAL_PARENT_COMPONENT
bitcell_array_quad_0/dummy_0003,dummy_cell_1rw,R0,VDD,m1,"{""by"": 1.5825, ""lx"": 93.3625, ""rx"": 93.4275, ""uy"": 1.6475}",via5_513,4106,324,True,via5_513,ARRAY_CHILD_WITNESS_PLUS_FINAL_PARENT_COMPONENT
bitcell_array_quad_0/dummy_0003,dummy_cell_1rw,R0,VSS,m1,"{""by"": 0.2175, ""lx"": 93.3625, ""rx"": 93.4275, ""uy"": 0.2825}",via5_1035,43504,13332,True,via5_1035,ARRAY_CHILD_WITNESS_PLUS_FINAL_PARENT_COMPONENT
bitcell_array_quad_0/dummy_0004,dummy_cell_1rw,R0,VDD,m1,"{""by"": 1.5825, ""lx"": 94.0675, ""rx"": 94.1325, ""uy"": 1.6475}",via5_513,4106,324,True,via5_513,ARRAY_CHILD_WITNESS_PLUS_FINAL_PARENT_COMPONENT
bitcell_array_quad_0/dummy_0004,dummy_cell_1rw,R0,VSS,m1,"{""by"": 0.2175, ""lx"": 94.0675, ""rx"": 94.1325, ""uy"": 0.2825}",via5_1035,43504,13332,True,via5_1035,ARRAY_CHILD_WITNESS_PLUS_FINAL_PARENT_COMPONENT
bitcell_array_quad_0/dummy_0005,dummy_cell_1rw,R0,VDD,m1,"{""by"": 1.5825, ""lx"": 94.77250000000001, ""rx"": 94.8375, ""uy"": 1.6475}",via5_513,4106,324,True,via5_513,ARRAY_CHILD_WITNESS_PLUS_FINAL_PARENT_COMPONENT
bitcell_array_quad_0/dummy_0005,dummy_cell_1rw,R0,VSS,m1,"{""by"": 0.2175, ""lx"": 94.77250000000001, ""rx"": 94.8375, ""uy"": 0.2825}",via5_1035,43504,13332,True,via5_1035,ARRAY_CHILD_WITNESS_PLUS_FINAL_PARENT_COMPONENT
bitcell_array_quad_0/dummy_0006,dummy_cell_1rw,R0,VDD,m1,"{""by"": 1.5825, ""lx"": 95.4775, ""rx"": 95.5425, ""uy"": 1.6475}",via5_513,4106,324,True,via5_513,ARRAY_CHILD_WITNESS_PLUS_FINAL_PARENT_COMPONENT
bitcell_array_quad_0/dummy_0006,dummy_cell_1rw,R0,VSS,m1,"{""by"": 0.2175, ""lx"": 95.4775, ""rx"": 95.5425, ""uy"": 0.2825}",via5_1035,43504,13332,True,via5_1035,ARRAY_CHILD_WITNESS_PLUS_FINAL_PARENT_COMPONENT
bitcell_array_quad_0/dummy_0007,dummy_cell_1rw,R0,VDD,m1,"{""by"": 1.5825, ""lx"": 96.1825, ""rx"": 96.2475, ""uy"": 1.6475}",via5_513,4106,324,True,via5_513,ARRAY_CHILD_WITNESS_PLUS_FINAL_PARENT_COMPONENT
bitcell_array_quad_0/dummy_0007,dummy_cell_1rw,R0,VSS,m1,"{""by"": 0.2175, ""lx"": 96.1825, ""rx"": 96.2475, ""uy"": 0.2825}",via5_1035,43504,13332,True,via5_1035,ARRAY_CHILD_WITNESS_PLUS_FINAL_PARENT_COMPONENT
bitcell_array_quad_0/dummy_0008,dummy_cell_1rw,R0,VDD,m1,"{""by"": 1.5825, ""lx"": 96.8875, ""rx"": 96.9525, ""uy"": 1.6475}",via5_513,4106,324,True,via5_513,ARRAY_CHILD_WITNESS_PLUS_FINAL_PARENT_COMPONENT
bitcell_array_quad_0/dummy_0008,dummy_cell_1rw,R0,VSS,m1,"{""by"": 0.2175, ""lx"": 96.8875, ""rx"": 96.9525, ""uy"": 0.2825}",via5_1035,43504,13332,True,via5_1035,ARRAY_CHILD_WITNESS_PLUS_FINAL_PARENT_COMPONENT
bitcell_array_quad_0/dummy_0009,dummy_cell_1rw,R0,VDD,m1,"{""by"": 1.5825, ""lx"": 97.5925, ""rx"": 97.6575, ""uy"": 1.6475}",via5_513,4106,324,True,via5_513,ARRAY_CHILD_WITNESS_PLUS_FINAL_PARENT_COMPONENT
bitcell_array_quad_0/dummy_0009,dummy_cell_1rw,R0,VSS,m1,"{""by"": 0.2175, ""lx"": 97.5925, ""rx"": 97.6575, ""uy"": 0.2825}",via5_1035,43504,13332,True,via5_1035,ARRAY_CHILD_WITNESS_PLUS_FINAL_PARENT_COMPONENT
bitcell_array_quad_0/dummy_0010,dummy_cell_1rw,R0,VDD,m1,"{""by"": 1.5825, ""lx"": 98.2975, ""rx"": 98.3625, ""uy"": 1.6475}",via5_513,4106,324,True,via5_513,ARRAY_CHILD_WITNESS_PLUS_FINAL_PARENT_COMPONENT
bitcell_array_quad_0/dummy_0010,dummy_cell_1rw,R0,VSS,m1,"{""by"": 0.2175, ""lx"": 98.2975, ""rx"": 98.3625, ""uy"": 0.2825}",via5_1035,43504,13332,True,via5_1035,ARRAY_CHILD_WITNESS_PLUS_FINAL_PARENT_COMPONENT
bitcell_array_quad_0/dummy_0011,dummy_cell_1rw,R0,VDD,m1,"{""by"": 1.5825, ""lx"": 99.0025, ""rx"": 99.0675, ""uy"": 1.6475}",via5_513,4106,324,True,via5_513,ARRAY_CHILD_WITNESS_PLUS_FINAL_PARENT_COMPONENT
bitcell_array_quad_0/dummy_0011,dummy_cell_1rw,R0,VSS,m1,"{""by"": 0.2175, ""lx"": 99.0025, ""rx"": 99.0675, ""uy"": 0.2825}",via5_1035,43504,13332,True,via5_1035,ARRAY_CHILD_WITNESS_PLUS_FINAL_PARENT_COMPONENT
bitcell_array_quad_0/dummy_0012,dummy_cell_1rw,R0,VDD,m1,"{""by"": 1.5825, ""lx"": 99.7075, ""rx"": 99.7725, ""uy"": 1.6475}",via5_513,4106,324,True,via5_513,ARRAY_CHILD_WITNESS_PLUS_FINAL_PARENT_COMPONENT
bitcell_array_quad_0/dummy_0012,dummy_cell_1rw,R0,VSS,m1,"{""by"": 0.2175, ""lx"": 99.7075, ""rx"": 99.7725, ""uy"": 0.2825}",via5_1035,43504,13332,True,via5_1035,ARRAY_CHILD_WITNESS_PLUS_FINAL_PARENT_COMPONENT
bitcell_array_quad_0/dummy_0013,dummy_cell_1rw,R0,VDD,m1,"{""by"": 1.5825, ""lx"": 100.4125, ""rx"": 100.47749999999999, ""uy"": 1.6475}",via5_513,4106,324,True,via5_513,ARRAY_CHILD_WITNESS_PLUS_FINAL_PARENT_COMPONENT
bitcell_array_quad_0/dummy_0013,dummy_cell_1rw,R0,VSS,m1,"{""by"": 0.2175, ""lx"": 100.4125, ""rx"": 100.47749999999999, ""uy"": 0.2825}",via5_1035,43504,13332,True,via5_1035,ARRAY_CHILD_WITNESS_PLUS_FINAL_PARENT_COMPONENT
bitcell_array_quad_0/dummy_0014,dummy_cell_1rw,R0,VDD,m1,"{""by"": 1.5825, ""lx"": 101.1175, ""rx"": 101.1825, ""uy"": 1.6475}",via5_513,4106,324,True,via5_513,ARRAY_CHILD_WITNESS_PLUS_FINAL_PARENT_COMPONENT
bitcell_array_quad_0/dummy_0014,dummy_cell_1rw,R0,VSS,m1,"{""by"": 0.2175, ""lx"": 101.1175, ""rx"": 101.1825, ""uy"": 0.2825}",via5_1035,43504,13332,True,via5_1035,ARRAY_CHILD_WITNESS_PLUS_FINAL_PARENT_COMPONENT
bitcell_array_quad_0/dummy_0015,dummy_cell_1rw,R0,VDD,m1,"{""by"": 1.5825, ""lx"": 101.8225, ""rx"": 101.8875, ""uy"": 1.6475}",via5_513,4106,324,True,via5_513,ARRAY_CHILD_WITNESS_PLUS_FINAL_PARENT_COMPONENT
bitcell_array_quad_0/dummy_0015,dummy_cell_1rw,R0,VSS,m1,"{""by"": 0.2175, ""lx"": 101.8225, ""rx"": 101.8875, ""uy"": 0.2825}",via5_1035,43504,13332,True,via5_1035,ARRAY_CHILD_WITNESS_PLUS_FINAL_PARENT_COMPONENT
bitcell_array_quad_0/dummy_0016,dummy_cell_1rw,R0,VDD,m1,"{""by"": 1.5825, ""lx"": 102.5275, ""rx"": 102.5925, ""uy"": 1.6475}",via5_513,4106,324,True,via5_513,ARRAY_CHILD_WITNESS_PLUS_FINAL_PARENT_COMPONENT
bitcell_array_quad_0/dummy_0016,dummy_cell_1rw,R0,VSS,m1,"{""by"": 0.2175, ""lx"": 102.5275, ""rx"": 102.5925, ""uy"": 0.2825}",via5_1035,43504,13332,True,via5_1035,ARRAY_CHILD_WITNESS_PLUS_FINAL_PARENT_COMPONENT
bitcell_array_quad_0/dummy_0017,dummy_cell_1rw,R0,VDD,m1,"{""by"": 1.5825, ""lx"": 103.2325, ""rx"": 103.2975, ""uy"": 1.6475}",via5_513,4106,324,True,via5_513,ARRAY_CHILD_WITNESS_PLUS_FINAL_PARENT_COMPONENT
bitcell_array_quad_0/dummy_0017,dummy_cell_1rw,R0,VSS,m1,"{""by"": 0.2175, ""lx"": 103.2325, ""rx"": 103.2975, ""uy"": 0.2825}",via5_1035,43504,13332,True,via5_1035,ARRAY_CHILD_WITNESS_PLUS_FINAL_PARENT_COMPONENT
bitcell_array_quad_0/dummy_0018,dummy_cell_1rw,R0,VDD,m1,"{""by"": 1.5825, ""lx"": 103.9375, ""rx"": 104.0025, ""uy"": 1.6475}",via5_513,4106,324,True,via5_513,ARRAY_CHILD_WITNESS_PLUS_FINAL_PARENT_COMPONENT
bitcell_array_quad_0/dummy_0018,dummy_cell_1rw,R0,VSS,m1,"{""by"": 0.2175, ""lx"": 103.9375, ""rx"": 104.0025, ""uy"": 0.2825}",via5_1035,43504,13332,True,via5_1035,ARRAY_CHILD_WITNESS_PLUS_FINAL_PARENT_COMPONENT
bitcell_array_quad_0/dummy_0019,dummy_cell_1rw,MX,VDD,m1,"{""by"": 1.5825, ""lx"": 91.2475, ""rx"": 91.3125, ""uy"": 1.6475}",via5_513,4106,324,True,via5_513,ARRAY_CHILD_WITNESS_PLUS_FINAL_PARENT_COMPONENT
bitcell_array_quad_0/dummy_0019,dummy_cell_1rw,MX,VSS,m1,"{""by"": 2.9475, ""lx"": 91.2475, ""rx"": 91.3125, ""uy"": 3.0125}",via5_1035,43504,13332,True,via5_1035,ARRAY_CHILD_WITNESS_PLUS_FINAL_PARENT_COMPONENT
bitcell_array_quad_0/dummy_0020,dummy_cell_1rw,MX,VDD,m1,"{""by"": 1.5825, ""lx"": 92.6575, ""rx"": 92.7225, ""uy"": 1.6475}",via5_513,4106,324,True,via5_513,ARRAY_CHILD_WITNESS_PLUS_FINAL_PARENT_COMPONENT
bitcell_array_quad_0/dummy_0020,dummy_cell_1rw,MX,VSS,m1,"{""by"": 2.9475, ""lx"": 92.6575, ""rx"": 92.7225, ""uy"": 3.0125}",via5_1035,43504,13332,True,via5_1035,ARRAY_CHILD_WITNESS_PLUS_FINAL_PARENT_COMPONENT
bitcell_array_quad_0/dummy_0021,dummy_cell_1rw,MX,VDD,m1,"{""by"": 1.5825, ""lx"": 93.3625, ""rx"": 93.4275, ""uy"": 1.6475}",via5_513,4106,324,True,via5_513,ARRAY_CHILD_WITNESS_PLUS_FINAL_PARENT_COMPONENT
bitcell_array_quad_0/dummy_0021,dummy_cell_1rw,MX,VSS,m1,"{""by"": 2.9475, ""lx"": 93.3625, ""rx"": 93.4275, ""uy"": 3.0125}",via5_1035,43504,13332,True,via5_1035,ARRAY_CHILD_WITNESS_PLUS_FINAL_PARENT_COMPONENT
bitcell_array_quad_0/dummy_0022,dummy_cell_1rw,MX,VDD,m1,"{""by"": 1.5825, ""lx"": 94.0675, ""rx"": 94.1325, ""uy"": 1.6475}",via5_513,4106,324,True,via5_513,ARRAY_CHILD_WITNESS_PLUS_FINAL_PARENT_COMPONENT
bitcell_array_quad_0/dummy_0022,dummy_cell_1rw,MX,VSS,m1,"{""by"": 2.9475, ""lx"": 94.0675, ""rx"": 94.1325, ""uy"": 3.0125}",via5_1035,43504,13332,True,via5_1035,ARRAY_CHILD_WITNESS_PLUS_FINAL_PARENT_COMPONENT
bitcell_array_quad_0/dummy_0023,dummy_cell_1rw,MX,VDD,m1,"{""by"": 1.5825, ""lx"": 94.77250000000001, ""rx"": 94.8375, ""uy"": 1.6475}",via5_513,4106,324,True,via5_513,ARRAY_CHILD_WITNESS_PLUS_FINAL_PARENT_COMPONENT
bitcell_array_quad_0/dummy_0023,dummy_cell_1rw,MX,VSS,m1,"{""by"": 2.9475, ""lx"": 94.77250000000001, ""rx"": 94.8375, ""uy"": 3.0125}",via5_1035,43504,13332,True,via5_1035,ARRAY_CHILD_WITNESS_PLUS_FINAL_PARENT_COMPONENT
bitcell_array_quad_0/dummy_0024,dummy_cell_1rw,MX,VDD,m1,"{""by"": 1.5825, ""lx"": 95.4775, ""rx"": 95.5425, ""uy"": 1.6475}",via5_513,4106,324,True,via5_513,ARRAY_CHILD_WITNESS_PLUS_FINAL_PARENT_COMPONENT
bitcell_array_quad_0/dummy_0024,dummy_cell_1rw,MX,VSS,m1,"{""by"": 2.9475, ""lx"": 95.4775, ""rx"": 95.5425, ""uy"": 3.0125}",via5_1035,43504,13332,True,via5_1035,ARRAY_CHILD_WITNESS_PLUS_FINAL_PARENT_COMPONENT
bitcell_array_quad_0/dummy_0025,dummy_cell_1rw,MX,VDD,m1,"{""by"": 1.5825, ""lx"": 96.1825, ""rx"": 96.2475, ""uy"": 1.6475}",via5_513,4106,324,True,via5_513,ARRAY_CHILD_WITNESS_PLUS_FINAL_PARENT_COMPONENT
bitcell_array_quad_0/dummy_0025,dummy_cell_1rw,MX,VSS,m1,"{""by"": 2.9475, ""lx"": 96.1825, ""rx"": 96.2475, ""uy"": 3.0125}",via5_1035,43504,13332,True,via5_1035,ARRAY_CHILD_WITNESS_PLUS_FINAL_PARENT_COMPONENT
bitcell_array_quad_0/dummy_0026,dummy_cell_1rw,MX,VDD,m1,"{""by"": 1.5825, ""lx"": 96.8875, ""rx"": 96.9525, ""uy"": 1.6475}",via5_513,4106,324,True,via5_513,ARRAY_CHILD_WITNESS_PLUS_FINAL_PARENT_COMPONENT
bitcell_array_quad_0/dummy_0026,dummy_cell_1rw,MX,VSS,m1,"{""by"": 2.9475, ""lx"": 96.8875, ""rx"": 96.9525, ""uy"": 3.0125}",via5_1035,43504,13332,True,via5_1035,ARRAY_CHILD_WITNESS_PLUS_FINAL_PARENT_COMPONENT
bitcell_array_quad_0/dummy_0027,dummy_cell_1rw,MX,VDD,m1,"{""by"": 1.5825, ""lx"": 97.5925, ""rx"": 97.6575, ""uy"": 1.6475}",via5_513,4106,324,True,via5_513,ARRAY_CHILD_WITNESS_PLUS_FINAL_PARENT_COMPONENT
bitcell_array_quad_0/dummy_0027,dummy_cell_1rw,MX,VSS,m1,"{""by"": 2.9475, ""lx"": 97.5925, ""rx"": 97.6575, ""uy"": 3.0125}",via5_1035,43504,13332,True,via5_1035,ARRAY_CHILD_WITNESS_PLUS_FINAL_PARENT_COMPONENT
bitcell_array_quad_0/dummy_0028,dummy_cell_1rw,MX,VDD,m1,"{""by"": 1.5825, ""lx"": 98.2975, ""rx"": 98.3625, ""uy"": 1.6475}",via5_513,4106,324,True,via5_513,ARRAY_CHILD_WITNESS_PLUS_FINAL_PARENT_COMPONENT
bitcell_array_quad_0/dummy_0028,dummy_cell_1rw,MX,VSS,m1,"{""by"": 2.9475, ""lx"": 98.2975, ""rx"": 98.3625, ""uy"": 3.0125}",via5_1035,43504,13332,True,via5_1035,ARRAY_CHILD_WITNESS_PLUS_FINAL_PARENT_COMPONENT
bitcell_array_quad_0/dummy_0029,dummy_cell_1rw,MX,VDD,m1,"{""by"": 1.5825, ""lx"": 99.0025, ""rx"": 99.0675, ""uy"": 1.6475}",via5_513,4106,324,True,via5_513,ARRAY_CHILD_WITNESS_PLUS_FINAL_PARENT_COMPONENT
bitcell_array_quad_0/dummy_0029,dummy_cell_1rw,MX,VSS,m1,"{""by"": 2.9475, ""lx"": 99.0025, ""rx"": 99.0675, ""uy"": 3.0125}",via5_1035,43504,13332,True,via5_1035,ARRAY_CHILD_WITNESS_PLUS_FINAL_PARENT_COMPONENT
bitcell_array_quad_0/dummy_0030,dummy_cell_1rw,MX,VDD,m1,"{""by"": 1.5825, ""lx"": 99.7075, ""rx"": 99.7725, ""uy"": 1.6475}",via5_513,4106,324,True,via5_513,ARRAY_CHILD_WITNESS_PLUS_FINAL_PARENT_COMPONENT
bitcell_array_quad_0/dummy_0030,dummy_cell_1rw,MX,VSS,m1,"{""by"": 2.9475, ""lx"": 99.7075, ""rx"": 99.7725, ""uy"": 3.0125}",via5_1035,43504,13332,True,via5_1035,ARRAY_CHILD_WITNESS_PLUS_FINAL_PARENT_COMPONENT
bitcell_array_quad_0/dummy_0031,dummy_cell_1rw,MX,VDD,m1,"{""by"": 1.5825, ""lx"": 100.4125, ""rx"": 100.47749999999999, ""uy"": 1.6475}",via5_513,4106,324,True,via5_513,ARRAY_CHILD_WITNESS_PLUS_FINAL_PARENT_COMPONENT
bitcell_array_quad_0/dummy_0031,dummy_cell_1rw,MX,VSS,m1,"{""by"": 2.9475, ""lx"": 100.4125, ""rx"": 100.47749999999999, ""uy"": 3.0125}",via5_1035,43504,13332,True,via5_1035,ARRAY_CHILD_WITNESS_PLUS_FINAL_PARENT_COMPONENT
bitcell_array_quad_0/dummy_0032,dummy_cell_1rw,MX,VDD,m1,"{""by"": 1.5825, ""lx"": 101.1175, ""rx"": 101.1825, ""uy"": 1.6475}",via5_513,4106,324,True,via5_513,ARRAY_CHILD_WITNESS_PLUS_FINAL_PARENT_COMPONENT
bitcell_array_quad_0/dummy_0032,dummy_cell_1rw,MX,VSS,m1,"{""by"": 2.9475, ""lx"": 101.1175, ""rx"": 101.1825, ""uy"": 3.0125}",via5_1035,43504,13332,True,via5_1035,ARRAY_CHILD_WITNESS_PLUS_FINAL_PARENT_COMPONENT
bitcell_array_quad_0/dummy_0033,dummy_cell_1rw,MX,VDD,m1,"{""by"": 1.5825, ""lx"": 101.8225, ""rx"": 101.8875, ""uy"": 1.6475}",via5_513,4106,324,True,via5_513,ARRAY_CHILD_WITNESS_PLUS_FINAL_PARENT_COMPONENT
bitcell_array_quad_0/dummy_0033,dummy_cell_1rw,MX,VSS,m1,"{""by"": 2.9475, ""lx"": 101.8225, ""rx"": 101.8875, ""uy"": 3.0125}",via5_1035,43504,13332,True,via5_1035,ARRAY_CHILD_WITNESS_PLUS_FINAL_PARENT_COMPONENT
bitcell_array_quad_0/dummy_0034,dummy_cell_1rw,MX,VDD,m1,"{""by"": 1.5825, ""lx"": 102.5275, ""rx"": 102.5925, ""uy"": 1.6475}",via5_513,4106,324,True,via5_513,ARRAY_CHILD_WITNESS_PLUS_FINAL_PARENT_COMPONENT
bitcell_array_quad_0/dummy_0034,dummy_cell_1rw,MX,VSS,m1,"{""by"": 2.9475, ""lx"": 102.5275, ""rx"": 102.5925, ""uy"": 3.0125}",via5_1035,43504,13332,True,via5_1035,ARRAY_CHILD_WITNESS_PLUS_FINAL_PARENT_COMPONENT
bitcell_array_quad_0/dummy_0035,dummy_cell_1rw,MX,VDD,m1,"{""by"": 1.5825, ""lx"": 103.2325, ""rx"": 103.2975, ""uy"": 1.6475}",via5_513,4106,324,True,via5_513,ARRAY_CHILD_WITNESS_PLUS_FINAL_PARENT_COMPONENT
bitcell_array_quad_0/dummy_0035,dummy_cell_1rw,MX,VSS,m1,"{""by"": 2.9475, ""lx"": 103.2325, ""rx"": 103.2975, ""uy"": 3.0125}",via5_1035,43504,13332,True,via5_1035,ARRAY_CHILD_WITNESS_PLUS_FINAL_PARENT_COMPONENT
bitcell_array_quad_0/dummy_0036,dummy_cell_1rw,MX,VDD,m1,"{""by"": 1.5825, ""lx"": 103.9375, ""rx"": 104.0025, ""uy"": 1.6475}",via5_513,4106,324,True,via5_513,ARRAY_CHILD_WITNESS_PLUS_FINAL_PARENT_COMPONENT
bitcell_array_quad_0/dummy_0036,dummy_cell_1rw,MX,VSS,m1,"{""by"": 2.9475, ""lx"": 103.9375, ""rx"": 104.0025, ""uy"": 3.0125}",via5_1035,43504,13332,True,via5_1035,ARRAY_CHILD_WITNESS_PLUS_FINAL_PARENT_COMPONENT
bitcell_array_quad_0/dummy_0037,dummy_cell_1rw,R0,VDD,m1,"{""by"": 4.3125, ""lx"": 91.2475, ""rx"": 91.3125, ""uy"": 4.3774999999999995}",via5_513,4106,324,True,via5_513,ARRAY_CHILD_WITNESS_PLUS_FINAL_PARENT_COMPONENT
bitcell_array_quad_0/dummy_0037,dummy_cell_1rw,R0,VSS,m1,"{""by"": 2.9475, ""lx"": 91.2475, ""rx"": 91.3125, ""uy"": 3.0125}",via5_1035,43504,13332,True,via5_1035,ARRAY_CHILD_WITNESS_PLUS_FINAL_PARENT_COMPONENT
bitcell_array_quad_0/dummy_0038,dummy_cell_1rw,R0,VDD,m1,"{""by"": 4.3125, ""lx"": 103.9375, ""rx"": 104.0025, ""uy"": 4.3774999999999995}",via5_513,4106,324,True,via5_513,ARRAY_CHILD_WITNESS_PLUS_FINAL_PARENT_COMPONENT
bitcell_array_quad_0/dummy_0038,dummy_cell_1rw,R0,VSS,m1,"{""by"": 2.9475, ""lx"": 103.9375, ""rx"": 104.0025, ""uy"": 3.0125}",via5_1035,43504,13332,True,via5_1035,ARRAY_CHILD_WITNESS_PLUS_FINAL_PARENT_COMPONENT
bitcell_array_quad_0/dummy_0039,dummy_cell_1rw,MX,VDD,m1,"{""by"": 4.3125, ""lx"": 91.2475, ""rx"": 91.3125, ""uy"": 4.3774999999999995}",via5_513,4106,324,True,via5_513,ARRAY_CHILD_WITNESS_PLUS_FINAL_PARENT_COMPONENT
bitcell_array_quad_0/dummy_0039,dummy_cell_1rw,MX,VSS,m1,"{""by"": 5.6775, ""lx"": 91.2475, ""rx"": 91.3125, ""uy"": 5.7425}",via5_1035,43504,13332,True,via5_1035,ARRAY_CHILD_WITNESS_PLUS_FINAL_PARENT_COMPONENT
bitcell_array_quad_0/dummy_0040,dummy_cell_1rw,MX,VDD,m1,"{""by"": 4.3125, ""lx"": 103.9375, ""rx"": 104.0025, ""uy"": 4.3774999999999995}",via5_513,4106,324,True,via5_513,ARRAY_CHILD_WITNESS_PLUS_FINAL_PARENT_COMPONENT
bitcell_array_quad_0/dummy_0040,dummy_cell_1rw,MX,VSS,m1,"{""by"": 5.6775, ""lx"": 103.9375, ""rx"": 104.0025, ""uy"": 5.7425}",via5_1035,43504,13332,True,via5_1035,ARRAY_CHILD_WITNESS_PLUS_FINAL_PARENT_COMPONENT
bitcell_array_quad_0/dummy_0041,dummy_cell_1rw,R0,VDD,m1,"{""by"": 7.0425, ""lx"": 91.2475, ""rx"": 91.3125, ""uy"": 7.1075}",via5_513,4106,324,True,via5_513,ARRAY_CHILD_WITNESS_PLUS_FINAL_PARENT_COMPONENT
bitcell_array_quad_0/dummy_0041,dummy_cell_1rw,R0,VSS,m1,"{""by"": 5.6775, ""lx"": 91.2475, ""rx"": 91.3125, ""uy"": 5.7425}",via5_1035,43504,13332,True,via5_1035,ARRAY_CHILD_WITNESS_PLUS_FINAL_PARENT_COMPONENT
bitcell_array_quad_0/dummy_0042,dummy_cell_1rw,R0,VDD,m1,"{""by"": 7.0425, ""lx"": 103.9375, ""rx"": 104.0025, ""uy"": 7.1075}",via5_513,4106,324,True,via5_513,ARRAY_CHILD_WITNESS_PLUS_FINAL_PARENT_COMPONENT
bitcell_array_quad_0/dummy_0042,dummy_cell_1rw,R0,VSS,m1,"{""by"": 5.6775, ""lx"": 103.9375, ""rx"": 104.0025, ""uy"": 5.7425}",via5_1035,43504,13332,True,via5_1035,ARRAY_CHILD_WITNESS_PLUS_FINAL_PARENT_COMPONENT
bitcell_array_quad_0/dummy_0043,dummy_cell_1rw,MX,VDD,m1,"{""by"": 7.0425, ""lx"": 91.2475, ""rx"": 91.3125, ""uy"": 7.1075}",via5_513,4106,324,True,via5_513,ARRAY_CHILD_WITNESS_PLUS_FINAL_PARENT_COMPONENT
bitcell_array_quad_0/dummy_0043,dummy_cell_1rw,MX,VSS,m1,"{""by"": 8.407499999999999, ""lx"": 91.2475, ""rx"": 91.3125, ""uy"": 8.4725}",via5_1035,43504,13332,True,via5_1035,ARRAY_CHILD_WITNESS_PLUS_FINAL_PARENT_COMPONENT
bitcell_array_quad_0/dummy_0044,dummy_cell_1rw,MX,VDD,m1,"{""by"": 7.0425, ""lx"": 103.9375, ""rx"": 104.0025, ""uy"": 7.1075}",via5_513,4106,324,True,via5_513,ARRAY_CHILD_WITNESS_PLUS_FINAL_PARENT_COMPONENT
bitcell_array_quad_0/dummy_0044,dummy_cell_1rw,MX,VSS,m1,"{""by"": 8.407499999999999, ""lx"": 103.9375, ""rx"": 104.0025, ""uy"": 8.4725}",via5_1035,43504,13332,True,via5_1035,ARRAY_CHILD_WITNESS_PLUS_FINAL_PARENT_COMPONENT
bitcell_array_quad_0/dummy_0045,dummy_cell_1rw,R0,VDD,m1,"{""by"": 9.772499999999999, ""lx"": 91.2475, ""rx"": 91.3125, ""uy"": 9.8375}",via5_513,4106,324,True,via5_513,ARRAY_CHILD_WITNESS_PLUS_FINAL_PARENT_COMPONENT
bitcell_array_quad_0/dummy_0045,dummy_cell_1rw,R0,VSS,m1,"{""by"": 8.407499999999999, ""lx"": 91.2475, ""rx"": 91.3125, ""uy"": 8.4725}",via5_1035,43504,13332,True,via5_1035,ARRAY_CHILD_WITNESS_PLUS_FINAL_PARENT_COMPONENT
bitcell_array_quad_0/dummy_0046,dummy_cell_1rw,R0,VDD,m1,"{""by"": 9.772499999999999, ""lx"": 103.9375, ""rx"": 104.0025, ""uy"": 9.8375}",via5_513,4106,324,True,via5_513,ARRAY_CHILD_WITNESS_PLUS_FINAL_PARENT_COMPONENT
bitcell_array_quad_0/dummy_0046,dummy_cell_1rw,R0,VSS,m1,"{""by"": 8.407499999999999, ""lx"": 103.9375, ""rx"": 104.0025, ""uy"": 8.4725}",via5_1035,43504,13332,True,via5_1035,ARRAY_CHILD_WITNESS_PLUS_FINAL_PARENT_COMPONENT
bitcell_array_quad_0/dummy_0047,dummy_cell_1rw,MX,VDD,m1,"{""by"": 9.772499999999999, ""lx"": 91.2475, ""rx"": 91.3125, ""uy"": 9.8375}",via5_513,4106,324,True,via5_513,ARRAY_CHILD_WITNESS_PLUS_FINAL_PARENT_COMPONENT
bitcell_array_quad_0/dummy_0047,dummy_cell_1rw,MX,VSS,m1,"{""by"": 11.1375, ""lx"": 91.2475, ""rx"": 91.3125, ""uy"": 11.2025}",via5_1035,43504,13332,True,via5_1035,ARRAY_CHILD_WITNESS_PLUS_FINAL_PARENT_COMPONENT
bitcell_array_quad_0/dummy_0048,dummy_cell_1rw,MX,VDD,m1,"{""by"": 9.772499999999999, ""lx"": 103.9375, ""rx"": 104.0025, ""uy"": 9.8375}",via5_513,4106,324,True,via5_513,ARRAY_CHILD_WITNESS_PLUS_FINAL_PARENT_COMPONENT
bitcell_array_quad_0/dummy_0048,dummy_cell_1rw,MX,VSS,m1,"{""by"": 11.1375, ""lx"": 103.9375, ""rx"": 104.0025, ""uy"": 11.2025}",via5_1035,43504,13332,True,via5_1035,ARRAY_CHILD_WITNESS_PLUS_FINAL_PARENT_COMPONENT
bitcell_array_quad_0/dummy_0049,dummy_cell_1rw,R0,VDD,m1,"{""by"": 12.5025, ""lx"": 91.2475, ""rx"": 91.3125, ""uy"": 12.5675}",via5_513,4106,324,True,via5_513,ARRAY_CHILD_WITNESS_PLUS_FINAL_PARENT_COMPONENT
bitcell_array_quad_0/dummy_0049,dummy_cell_1rw,R0,VSS,m1,"{""by"": 11.1375, ""lx"": 91.2475, ""rx"": 91.3125, ""uy"": 11.2025}",via5_1035,43504,13332,True,via5_1035,ARRAY_CHILD_WITNESS_PLUS_FINAL_PARENT_COMPONENT
bitcell_array_quad_0/dummy_0050,dummy_cell_1rw,R0,VDD,m1,"{""by"": 12.5025, ""lx"": 103.9375, ""rx"": 104.0025, ""uy"": 12.5675}",via5_513,4106,324,True,via5_513,ARRAY_CHILD_WITNESS_PLUS_FINAL_PARENT_COMPONENT
bitcell_array_quad_0/dummy_0050,dummy_cell_1rw,R0,VSS,m1,"{""by"": 11.1375, ""lx"": 103.9375, ""rx"": 104.0025, ""uy"": 11.2025}",via5_1035,43504,13332,True,via5_1035,ARRAY_CHILD_WITNESS_PLUS_FINAL_PARENT_COMPONENT
bitcell_array_quad_0/dummy_0051,dummy_cell_1rw,MX,VDD,m1,"{""by"": 12.5025, ""lx"": 91.2475, ""rx"": 91.3125, ""uy"": 12.5675}",via5_513,4106,324,True,via5_513,ARRAY_CHILD_WITNESS_PLUS_FINAL_PARENT_COMPONENT
bitcell_array_quad_0/dummy_0051,dummy_cell_1rw,MX,VSS,m1,"{""by"": 13.8675, ""lx"": 91.2475, ""rx"": 91.3125, ""uy"": 13.932500000000001}",via5_1035,43504,13332,True,via5_1035,ARRAY_CHILD_WITNESS_PLUS_FINAL_PARENT_COMPONENT
bitcell_array_quad_0/dummy_0052,dummy_cell_1rw,MX,VDD,m1,"{""by"": 12.5025, ""lx"": 103.9375, ""rx"": 104.0025, ""uy"": 12.5675}",via5_513,4106,324,True,via5_513,ARRAY_CHILD_WITNESS_PLUS_FINAL_PARENT_COMPONENT
bitcell_array_quad_0/dummy_0052,dummy_cell_1rw,MX,VSS,m1,"{""by"": 13.8675, ""lx"": 103.9375, ""rx"": 104.0025, ""uy"": 13.932500000000001}",via5_1035,43504,13332,True,via5_1035,ARRAY_CHILD_WITNESS_PLUS_FINAL_PARENT_COMPONENT
bitcell_array_quad_0/dummy_0053,dummy_cell_1rw,R0,VDD,m1,"{""by"": 15.2325, ""lx"": 91.2475, ""rx"": 91.3125, ""uy"": 15.297500000000001}",via5_513,4106,324,True,via5_513,ARRAY_CHILD_WITNESS_PLUS_FINAL_PARENT_COMPONENT
bitcell_array_quad_0/dummy_0053,dummy_cell_1rw,R0,VSS,m1,"{""by"": 13.8675, ""lx"": 91.2475, ""rx"": 91.3125, ""uy"": 13.932500000000001}",via5_1035,43504,13332,True,via5_1035,ARRAY_CHILD_WITNESS_PLUS_FINAL_PARENT_COMPONENT
bitcell_array_quad_0/dummy_0054,dummy_cell_1rw,R0,VDD,m1,"{""by"": 15.2325, ""lx"": 103.9375, ""rx"": 104.0025, ""uy"": 15.297500000000001}",via5_513,4106,324,True,via5_513,ARRAY_CHILD_WITNESS_PLUS_FINAL_PARENT_COMPONENT
bitcell_array_quad_0/dummy_0054,dummy_cell_1rw,R0,VSS,m1,"{""by"": 13.8675, ""lx"": 103.9375, ""rx"": 104.0025, ""uy"": 13.932500000000001}",via5_1035,43504,13332,True,via5_1035,ARRAY_CHILD_WITNESS_PLUS_FINAL_PARENT_COMPONENT
bitcell_array_quad_0/dummy_0055,dummy_cell_1rw,MX,VDD,m1,"{""by"": 15.2325, ""lx"": 91.2475, ""rx"": 91.3125, ""uy"": 15.297500000000001}",via5_513,4106,324,True,via5_513,ARRAY_CHILD_WITNESS_PLUS_FINAL_PARENT_COMPONENT
bitcell_array_quad_0/dummy_0055,dummy_cell_1rw,MX,VSS,m1,"{""by"": 16.5975, ""lx"": 91.2475, ""rx"": 91.3125, ""uy"": 16.662499999999998}",via5_1035,43504,13332,True,via5_1035,ARRAY_CHILD_WITNESS_PLUS_FINAL_PARENT_COMPONENT
bitcell_array_quad_0/dummy_0056,dummy_cell_1rw,MX,VDD,m1,"{""by"": 15.2325, ""lx"": 103.9375, ""rx"": 104.0025, ""uy"": 15.297500000000001}",via5_513,4106,324,True,via5_513,ARRAY_CHILD_WITNESS_PLUS_FINAL_PARENT_COMPONENT
bitcell_array_quad_0/dummy_0056,dummy_cell_1rw,MX,VSS,m1,"{""by"": 16.5975, ""lx"": 103.9375, ""rx"": 104.0025, ""uy"": 16.662499999999998}",via5_1035,43504,13332,True,via5_1035,ARRAY_CHILD_WITNESS_PLUS_FINAL_PARENT_COMPONENT
bitcell_array_quad_0/dummy_0057,dummy_cell_1rw,R0,VDD,m1,"{""by"": 17.962500000000002, ""lx"": 91.2475, ""rx"": 91.3125, ""uy"": 18.0275}",via5_513,4106,324,True,via5_513,ARRAY_CHILD_WITNESS_PLUS_FINAL_PARENT_COMPONENT
bitcell_array_quad_0/dummy_0057,dummy_cell_1rw,R0,VSS,m1,"{""by"": 16.5975, ""lx"": 91.2475, ""rx"": 91.3125, ""uy"": 16.662499999999998}",via5_1035,43504,13332,True,via5_1035,ARRAY_CHILD_WITNESS_PLUS_FINAL_PARENT_COMPONENT
bitcell_array_quad_0/dummy_0058,dummy_cell_1rw,R0,VDD,m1,"{""by"": 17.962500000000002, ""lx"": 103.9375, ""rx"": 104.0025, ""uy"": 18.0275}",via5_513,4106,324,True,via5_513,ARRAY_CHILD_WITNESS_PLUS_FINAL_PARENT_COMPONENT
bitcell_array_quad_0/dummy_0058,dummy_cell_1rw,R0,VSS,m1,"{""by"": 16.5975, ""lx"": 103.9375, ""rx"": 104.0025, ""uy"": 16.662499999999998}",via5_1035,43504,13332,True,via5_1035,ARRAY_CHILD_WITNESS_PLUS_FINAL_PARENT_COMPONENT
bitcell_array_quad_0/dummy_0059,dummy_cell_1rw,MX,VDD,m1,"{""by"": 17.962500000000002, ""lx"": 91.2475, ""rx"": 91.3125, ""uy"": 18.0275}",via5_513,4106,324,True,via5_513,ARRAY_CHILD_WITNESS_PLUS_FINAL_PARENT_COMPONENT
bitcell_array_quad_0/dummy_0059,dummy_cell_1rw,MX,VSS,m1,"{""by"": 19.3275, ""lx"": 91.2475, ""rx"": 91.3125, ""uy"": 19.3925}",via5_1035,43504,13332,True,via5_1035,ARRAY_CHILD_WITNESS_PLUS_FINAL_PARENT_COMPONENT
bitcell_array_quad_0/dummy_0060,dummy_cell_1rw,MX,VDD,m1,"{""by"": 17.962500000000002, ""lx"": 103.9375, ""rx"": 104.0025, ""uy"": 18.0275}",via5_513,4106,324,True,via5_513,ARRAY_CHILD_WITNESS_PLUS_FINAL_PARENT_COMPONENT
bitcell_array_quad_0/dummy_0060,dummy_cell_1rw,MX,VSS,m1,"{""by"": 19.3275, ""lx"": 103.9375, ""rx"": 104.0025, ""uy"": 19.3925}",via5_1035,43504,13332,True,via5_1035,ARRAY_CHILD_WITNESS_PLUS_FINAL_PARENT_COMPONENT
bitcell_array_quad_0/dummy_0061,dummy_cell_1rw,R0,VDD,m1,"{""by"": 20.692500000000003, ""lx"": 91.2475, ""rx"": 91.3125, ""uy"": 20.7575}",via5_513,4106,324,True,via5_513,ARRAY_CHILD_WITNESS_PLUS_FINAL_PARENT_COMPONENT
bitcell_array_quad_0/dummy_0061,dummy_cell_1rw,R0,VSS,m1,"{""by"": 19.3275, ""lx"": 91.2475, ""rx"": 91.3125, ""uy"": 19.3925}",via5_1035,43504,13332,True,via5_1035,ARRAY_CHILD_WITNESS_PLUS_FINAL_PARENT_COMPONENT
bitcell_array_quad_0/dummy_0062,dummy_cell_1rw,R0,VDD,m1,"{""by"": 20.692500000000003, ""lx"": 103.9375, ""rx"": 104.0025, ""uy"": 20.7575}",via5_513,4106,324,True,via5_513,ARRAY_CHILD_WITNESS_PLUS_FINAL_PARENT_COMPONENT
bitcell_array_quad_0/dummy_0062,dummy_cell_1rw,R0,VSS,m1,"{""by"": 19.3275, ""lx"": 103.9375, ""rx"": 104.0025, ""uy"": 19.3925}",via5_1035,43504,13332,True,via5_1035,ARRAY_CHILD_WITNESS_PLUS_FINAL_PARENT_COMPONENT
bitcell_array_quad_0/dummy_0063,dummy_cell_1rw,MX,VDD,m1,"{""by"": 20.692500000000003, ""lx"": 91.2475, ""rx"": 91.3125, ""uy"": 20.7575}",via5_513,4106,324,True,via5_513,ARRAY_CHILD_WITNESS_PLUS_FINAL_PARENT_COMPONENT
bitcell_array_quad_0/dummy_0063,dummy_cell_1rw,MX,VSS,m1,"{""by"": 22.0575, ""lx"": 91.2475, ""rx"": 91.3125, ""uy"": 22.1225}",via5_1035,43504,13332,True,via5_1035,ARRAY_CHILD_WITNESS_PLUS_FINAL_PARENT_COMPONENT
bitcell_array_quad_0/dummy_0064,dummy_cell_1rw,MX,VDD,m1,"{""by"": 20.692500000000003, ""lx"": 103.9375, ""rx"": 104.0025, ""uy"": 20.7575}",via5_513,4106,324,True,via5_513,ARRAY_CHILD_WITNESS_PLUS_FINAL_PARENT_COMPONENT
bitcell_array_quad_0/dummy_0064,dummy_cell_1rw,MX,VSS,m1,"{""by"": 22.0575, ""lx"": 103.9375, ""rx"": 104.0025, ""uy"": 22.1225}",via5_1035,43504,13332,True,via5_1035,ARRAY_CHILD_WITNESS_PLUS_FINAL_PARENT_COMPONENT
bitcell_array_quad_0/dummy_0065,dummy_cell_1rw,R0,VDD,m1,"{""by"": 23.4225, ""lx"": 91.2475, ""rx"": 91.3125, ""uy"": 23.487499999999997}",via5_513,4106,324,True,via5_513,ARRAY_CHILD_WITNESS_PLUS_FINAL_PARENT_COMPONENT
bitcell_array_quad_0/dummy_0065,dummy_cell_1rw,R0,VSS,m1,"{""by"": 22.0575, ""lx"": 91.2475, ""rx"": 91.3125, ""uy"": 22.1225}",via5_1035,43504,13332,True,via5_1035,ARRAY_CHILD_WITNESS_PLUS_FINAL_PARENT_COMPONENT
bitcell_array_quad_0/dummy_0066,dummy_cell_1rw,R0,VDD,m1,"{""by"": 23.4225, ""lx"": 103.9375, ""rx"": 104.0025, ""uy"": 23.487499999999997}",via5_513,4106,324,True,via5_513,ARRAY_CHILD_WITNESS_PLUS_FINAL_PARENT_COMPONENT
bitcell_array_quad_0/dummy_0066,dummy_cell_1rw,R0,VSS,m1,"{""by"": 22.0575, ""lx"": 103.9375, ""rx"": 104.0025, ""uy"": 22.1225}",via5_1035,43504,13332,True,via5_1035,ARRAY_CHILD_WITNESS_PLUS_FINAL_PARENT_COMPONENT
bitcell_array_quad_0/dummy_0067,dummy_cell_1rw,MX,VDD,m1,"{""by"": 23.4225, ""lx"": 91.2475, ""rx"": 91.3125, ""uy"": 23.487499999999997}",via5_513,4106,324,True,via5_513,ARRAY_CHILD_WITNESS_PLUS_FINAL_PARENT_COMPONENT
bitcell_array_quad_0/dummy_0067,dummy_cell_1rw,MX,VSS,m1,"{""by"": 24.7875, ""lx"": 91.2475, ""rx"": 91.3125, ""uy"": 24.8525}",via5_1035,43504,13332,True,via5_1035,ARRAY_CHILD_WITNESS_PLUS_FINAL_PARENT_COMPONENT
bitcell_array_quad_0/dummy_0068,dummy_cell_1rw,MX,VDD,m1,"{""by"": 23.4225, ""lx"": 103.9375, ""rx"": 104.0025, ""uy"": 23.487499999999997}",via5_513,4106,324,True,via5_513,ARRAY_CHILD_WITNESS_PLUS_FINAL_PARENT_COMPONENT
bitcell_array_quad_0/dummy_0068,dummy_cell_1rw,MX,VSS,m1,"{""by"": 24.7875, ""lx"": 103.9375, ""rx"": 104.0025, ""uy"": 24.8525}",via5_1035,43504,13332,True,via5_1035,ARRAY_CHILD_WITNESS_PLUS_FINAL_PARENT_COMPONENT
bitcell_array_quad_0/dummy_0069,dummy_cell_1rw,R0,VDD,m1,"{""by"": 26.1525, ""lx"": 91.2475, ""rx"": 91.3125, ""uy"": 26.217499999999998}",via5_513,4106,324,True,via5_513,ARRAY_CHILD_WITNESS_PLUS_FINAL_PARENT_COMPONENT
bitcell_array_quad_0/dummy_0069,dummy_cell_1rw,R0,VSS,m1,"{""by"": 24.7875, ""lx"": 91.2475, ""rx"": 91.3125, ""uy"": 24.8525}",via5_1035,43504,13332,True,via5_1035,ARRAY_CHILD_WITNESS_PLUS_FINAL_PARENT_COMPONENT
bitcell_array_quad_0/dummy_0070,dummy_cell_1rw,R0,VDD,m1,"{""by"": 26.1525, ""lx"": 91.9525, ""rx"": 92.0175, ""uy"": 26.217499999999998}",via5_513,4106,324,True,via5_513,ARRAY_CHILD_WITNESS_PLUS_FINAL_PARENT_COMPONENT
bitcell_array_quad_0/dummy_0070,dummy_cell_1rw,R0,VSS,m1,"{""by"": 24.7875, ""lx"": 91.9525, ""rx"": 92.0175, ""uy"": 24.8525}",via5_1035,43504,13332,True,via5_1035,ARRAY_CHILD_WITNESS_PLUS_FINAL_PARENT_COMPONENT
bitcell_array_quad_0/dummy_0071,dummy_cell_1rw,R0,VDD,m1,"{""by"": 26.1525, ""lx"": 92.6575, ""rx"": 92.7225, ""uy"": 26.217499999999998}",via5_513,4106,324,True,via5_513,ARRAY_CHILD_WITNESS_PLUS_FINAL_PARENT_COMPONENT
bitcell_array_quad_0/dummy_0071,dummy_cell_1rw,R0,VSS,m1,"{""by"": 24.7875, ""lx"": 92.6575, ""rx"": 92.7225, ""uy"": 24.8525}",via5_1035,43504,13332,True,via5_1035,ARRAY_CHILD_WITNESS_PLUS_FINAL_PARENT_COMPONENT
bitcell_array_quad_0/dummy_0072,dummy_cell_1rw,R0,VDD,m1,"{""by"": 26.1525, ""lx"": 93.3625, ""rx"": 93.4275, ""uy"": 26.217499999999998}",via5_513,4106,324,True,via5_513,ARRAY_CHILD_WITNESS_PLUS_FINAL_PARENT_COMPONENT
bitcell_array_quad_0/dummy_0072,dummy_cell_1rw,R0,VSS,m1,"{""by"": 24.7875, ""lx"": 93.3625, ""rx"": 93.4275, ""uy"": 24.8525}",via5_1035,43504,13332,True,via5_1035,ARRAY_CHILD_WITNESS_PLUS_FINAL_PARENT_COMPONENT
bitcell_array_quad_0/dummy_0073,dummy_cell_1rw,R0,VDD,m1,"{""by"": 26.1525, ""lx"": 94.0675, ""rx"": 94.1325, ""uy"": 26.217499999999998}",via5_513,4106,324,True,via5_513,ARRAY_CHILD_WITNESS_PLUS_FINAL_PARENT_COMPONENT
bitcell_array_quad_0/dummy_0073,dummy_cell_1rw,R0,VSS,m1,"{""by"": 24.7875, ""lx"": 94.0675, ""rx"": 94.1325, ""uy"": 24.8525}",via5_1035,43504,13332,True,via5_1035,ARRAY_CHILD_WITNESS_PLUS_FINAL_PARENT_COMPONENT
bitcell_array_quad_0/dummy_0074,dummy_cell_1rw,R0,VDD,m1,"{""by"": 26.1525, ""lx"": 94.77250000000001, ""rx"": 94.8375, ""uy"": 26.217499999999998}",via5_513,4106,324,True,via5_513,ARRAY_CHILD_WITNESS_PLUS_FINAL_PARENT_COMPONENT
bitcell_array_quad_0/dummy_0074,dummy_cell_1rw,R0,VSS,m1,"{""by"": 24.7875, ""lx"": 94.77250000000001, ""rx"": 94.8375, ""uy"": 24.8525}",via5_1035,43504,13332,True,via5_1035,ARRAY_CHILD_WITNESS_PLUS_FINAL_PARENT_COMPONENT
bitcell_array_quad_0/dummy_0075,dummy_cell_1rw,R0,VDD,m1,"{""by"": 26.1525, ""lx"": 95.4775, ""rx"": 95.5425, ""uy"": 26.217499999999998}",via5_513,4106,324,True,via5_513,ARRAY_CHILD_WITNESS_PLUS_FINAL_PARENT_COMPONENT
bitcell_array_quad_0/dummy_0075,dummy_cell_1rw,R0,VSS,m1,"{""by"": 24.7875, ""lx"": 95.4775, ""rx"": 95.5425, ""uy"": 24.8525}",via5_1035,43504,13332,True,via5_1035,ARRAY_CHILD_WITNESS_PLUS_FINAL_PARENT_COMPONENT
bitcell_array_quad_0/dummy_0076,dummy_cell_1rw,R0,VDD,m1,"{""by"": 26.1525, ""lx"": 96.1825, ""rx"": 96.2475, ""uy"": 26.217499999999998}",via5_513,4106,324,True,via5_513,ARRAY_CHILD_WITNESS_PLUS_FINAL_PARENT_COMPONENT
bitcell_array_quad_0/dummy_0076,dummy_cell_1rw,R0,VSS,m1,"{""by"": 24.7875, ""lx"": 96.1825, ""rx"": 96.2475, ""uy"": 24.8525}",via5_1035,43504,13332,True,via5_1035,ARRAY_CHILD_WITNESS_PLUS_FINAL_PARENT_COMPONENT
bitcell_array_quad_0/dummy_0077,dummy_cell_1rw,R0,VDD,m1,"{""by"": 26.1525, ""lx"": 96.8875, ""rx"": 96.9525, ""uy"": 26.217499999999998}",via5_513,4106,324,True,via5_513,ARRAY_CHILD_WITNESS_PLUS_FINAL_PARENT_COMPONENT
bitcell_array_quad_0/dummy_0077,dummy_cell_1rw,R0,VSS,m1,"{""by"": 24.7875, ""lx"": 96.8875, ""rx"": 96.9525, ""uy"": 24.8525}",via5_1035,43504,13332,True,via5_1035,ARRAY_CHILD_WITNESS_PLUS_FINAL_PARENT_COMPONENT
bitcell_array_quad_0/dummy_0078,dummy_cell_1rw,R0,VDD,m1,"{""by"": 26.1525, ""lx"": 97.5925, ""rx"": 97.6575, ""uy"": 26.217499999999998}",via5_513,4106,324,True,via5_513,ARRAY_CHILD_WITNESS_PLUS_FINAL_PARENT_COMPONENT
bitcell_array_quad_0/dummy_0078,dummy_cell_1rw,R0,VSS,m1,"{""by"": 24.7875, ""lx"": 97.5925, ""rx"": 97.6575, ""uy"": 24.8525}",via5_1035,43504,13332,True,via5_1035,ARRAY_CHILD_WITNESS_PLUS_FINAL_PARENT_COMPONENT
bitcell_array_quad_0/dummy_0079,dummy_cell_1rw,R0,VDD,m1,"{""by"": 26.1525, ""lx"": 98.2975, ""rx"": 98.3625, ""uy"": 26.217499999999998}",via5_513,4106,324,True,via5_513,ARRAY_CHILD_WITNESS_PLUS_FINAL_PARENT_COMPONENT
bitcell_array_quad_0/dummy_0079,dummy_cell_1rw,R0,VSS,m1,"{""by"": 24.7875, ""lx"": 98.2975, ""rx"": 98.3625, ""uy"": 24.8525}",via5_1035,43504,13332,True,via5_1035,ARRAY_CHILD_WITNESS_PLUS_FINAL_PARENT_COMPONENT
bitcell_array_quad_0/dummy_0080,dummy_cell_1rw,R0,VDD,m1,"{""by"": 26.1525, ""lx"": 99.0025, ""rx"": 99.0675, ""uy"": 26.217499999999998}",via5_513,4106,324,True,via5_513,ARRAY_CHILD_WITNESS_PLUS_FINAL_PARENT_COMPONENT
bitcell_array_quad_0/dummy_0080,dummy_cell_1rw,R0,VSS,m1,"{""by"": 24.7875, ""lx"": 99.0025, ""rx"": 99.0675, ""uy"": 24.8525}",via5_1035,43504,13332,True,via5_1035,ARRAY_CHILD_WITNESS_PLUS_FINAL_PARENT_COMPONENT
bitcell_array_quad_0/dummy_0081,dummy_cell_1rw,R0,VDD,m1,"{""by"": 26.1525, ""lx"": 99.7075, ""rx"": 99.7725, ""uy"": 26.217499999999998}",via5_513,4106,324,True,via5_513,ARRAY_CHILD_WITNESS_PLUS_FINAL_PARENT_COMPONENT
bitcell_array_quad_0/dummy_0081,dummy_cell_1rw,R0,VSS,m1,"{""by"": 24.7875, ""lx"": 99.7075, ""rx"": 99.7725, ""uy"": 24.8525}",via5_1035,43504,13332,True,via5_1035,ARRAY_CHILD_WITNESS_PLUS_FINAL_PARENT_COMPONENT
bitcell_array_quad_0/dummy_0082,dummy_cell_1rw,R0,VDD,m1,"{""by"": 26.1525, ""lx"": 100.4125, ""rx"": 100.47749999999999, ""uy"": 26.217499999999998}",via5_513,4106,324,True,via5_513,ARRAY_CHILD_WITNESS_PLUS_FINAL_PARENT_COMPONENT
bitcell_array_quad_0/dummy_0082,dummy_cell_1rw,R0,VSS,m1,"{""by"": 24.7875, ""lx"": 100.4125, ""rx"": 100.47749999999999, ""uy"": 24.8525}",via5_1035,43504,13332,True,via5_1035,ARRAY_CHILD_WITNESS_PLUS_FINAL_PARENT_COMPONENT
bitcell_array_quad_0/dummy_0083,dummy_cell_1rw,R0,VDD,m1,"{""by"": 26.1525, ""lx"": 101.1175, ""rx"": 101.1825, ""uy"": 26.217499999999998}",via5_513,4106,324,True,via5_513,ARRAY_CHILD_WITNESS_PLUS_FINAL_PARENT_COMPONENT
bitcell_array_quad_0/dummy_0083,dummy_cell_1rw,R0,VSS,m1,"{""by"": 24.7875, ""lx"": 101.1175, ""rx"": 101.1825, ""uy"": 24.8525}",via5_1035,43504,13332,True,via5_1035,ARRAY_CHILD_WITNESS_PLUS_FINAL_PARENT_COMPONENT
bitcell_array_quad_0/dummy_0084,dummy_cell_1rw,R0,VDD,m1,"{""by"": 26.1525, ""lx"": 101.8225, ""rx"": 101.8875, ""uy"": 26.217499999999998}",via5_513,4106,324,True,via5_513,ARRAY_CHILD_WITNESS_PLUS_FINAL_PARENT_COMPONENT
bitcell_array_quad_0/dummy_0084,dummy_cell_1rw,R0,VSS,m1,"{""by"": 24.7875, ""lx"": 101.8225, ""rx"": 101.8875, ""uy"": 24.8525}",via5_1035,43504,13332,True,via5_1035,ARRAY_CHILD_WITNESS_PLUS_FINAL_PARENT_COMPONENT
bitcell_array_quad_0/dummy_0085,dummy_cell_1rw,R0,VDD,m1,"{""by"": 26.1525, ""lx"": 102.5275, ""rx"": 102.5925, ""uy"": 26.217499999999998}",via5_513,4106,324,True,via5_513,ARRAY_CHILD_WITNESS_PLUS_FINAL_PARENT_COMPONENT
bitcell_array_quad_0/dummy_0085,dummy_cell_1rw,R0,VSS,m1,"{""by"": 24.7875, ""lx"": 102.5275, ""rx"": 102.5925, ""uy"": 24.8525}",via5_1035,43504,13332,True,via5_1035,ARRAY_CHILD_WITNESS_PLUS_FINAL_PARENT_COMPONENT
bitcell_array_quad_0/dummy_0086,dummy_cell_1rw,R0,VDD,m1,"{""by"": 26.1525, ""lx"": 103.2325, ""rx"": 103.2975, ""uy"": 26.217499999999998}",via5_513,4106,324,True,via5_513,ARRAY_CHILD_WITNESS_PLUS_FINAL_PARENT_COMPONENT
bitcell_array_quad_0/dummy_0086,dummy_cell_1rw,R0,VSS,m1,"{""by"": 24.7875, ""lx"": 103.2325, ""rx"": 103.2975, ""uy"": 24.8525}",via5_1035,43504,13332,True,via5_1035,ARRAY_CHILD_WITNESS_PLUS_FINAL_PARENT_COMPONENT
bitcell_array_quad_0/dummy_0087,dummy_cell_1rw,R0,VDD,m1,"{""by"": 26.1525, ""lx"": 103.9375, ""rx"": 104.0025, ""uy"": 26.217499999999998}",via5_513,4106,324,True,via5_513,ARRAY_CHILD_WITNESS_PLUS_FINAL_PARENT_COMPONENT
bitcell_array_quad_0/dummy_0087,dummy_cell_1rw,R0,VSS,m1,"{""by"": 24.7875, ""lx"": 103.9375, ""rx"": 104.0025, ""uy"": 24.8525}",via5_1035,43504,13332,True,via5_1035,ARRAY_CHILD_WITNESS_PLUS_FINAL_PARENT_COMPONENT
bitcell_array_quad_0/replica_0000,replica_cell_1rw,MX,VDD,m1,"{""by"": 1.5825, ""lx"": 91.9575, ""rx"": 92.0225, ""uy"": 1.6475}",via5_513,4106,324,True,via5_513,ARRAY_CHILD_WITNESS_PLUS_FINAL_PARENT_COMPONENT
bitcell_array_quad_0/replica_0000,replica_cell_1rw,MX,VSS,m1,"{""by"": 2.9475, ""lx"": 91.9525, ""rx"": 92.0175, ""uy"": 3.0125}",via5_1035,43504,13332,True,via5_1035,ARRAY_CHILD_WITNESS_PLUS_FINAL_PARENT_COMPONENT
bitcell_array_quad_0/replica_0001,replica_cell_1rw,R0,VDD,m1,"{""by"": 4.3125, ""lx"": 91.9575, ""rx"": 92.0225, ""uy"": 4.3774999999999995}",via5_513,4106,324,True,via5_513,ARRAY_CHILD_WITNESS_PLUS_FINAL_PARENT_COMPONENT
bitcell_array_quad_0/replica_0001,replica_cell_1rw,R0,VSS,m1,"{""by"": 2.9475, ""lx"": 91.9525, ""rx"": 92.0175, ""uy"": 3.0125}",via5_1035,43504,13332,True,via5_1035,ARRAY_CHILD_WITNESS_PLUS_FINAL_PARENT_COMPONENT
bitcell_array_quad_0/replica_0002,replica_cell_1rw,MX,VDD,m1,"{""by"": 4.3125, ""lx"": 91.9575, ""rx"": 92.0225, ""uy"": 4.3774999999999995}",via5_513,4106,324,True,via5_513,ARRAY_CHILD_WITNESS_PLUS_FINAL_PARENT_COMPONENT
bitcell_array_quad_0/replica_0002,replica_cell_1rw,MX,VSS,m1,"{""by"": 5.6775, ""lx"": 91.9525, ""rx"": 92.0175, ""uy"": 5.7425}",via5_1035,43504,13332,True,via5_1035,ARRAY_CHILD_WITNESS_PLUS_FINAL_PARENT_COMPONENT
bitcell_array_quad_0/replica_0003,replica_cell_1rw,R0,VDD,m1,"{""by"": 7.0425, ""lx"": 91.9575, ""rx"": 92.0225, ""uy"": 7.1075}",via5_513,4106,324,True,via5_513,ARRAY_CHILD_WITNESS_PLUS_FINAL_PARENT_COMPONENT
bitcell_array_quad_0/replica_0003,replica_cell_1rw,R0,VSS,m1,"{""by"": 5.6775, ""lx"": 91.9525, ""rx"": 92.0175, ""uy"": 5.7425}",via5_1035,43504,13332,True,via5_1035,ARRAY_CHILD_WITNESS_PLUS_FINAL_PARENT_COMPONENT
bitcell_array_quad_0/replica_0004,replica_cell_1rw,MX,VDD,m1,"{""by"": 7.0425, ""lx"": 91.9575, ""rx"": 92.0225, ""uy"": 7.1075}",via5_513,4106,324,True,via5_513,ARRAY_CHILD_WITNESS_PLUS_FINAL_PARENT_COMPONENT
bitcell_array_quad_0/replica_0004,replica_cell_1rw,MX,VSS,m1,"{""by"": 8.407499999999999, ""lx"": 91.9525, ""rx"": 92.0175, ""uy"": 8.4725}",via5_1035,43504,13332,True,via5_1035,ARRAY_CHILD_WITNESS_PLUS_FINAL_PARENT_COMPONENT
bitcell_array_quad_0/replica_0005,replica_cell_1rw,R0,VDD,m1,"{""by"": 9.772499999999999, ""lx"": 91.9575, ""rx"": 92.0225, ""uy"": 9.8375}",via5_513,4106,324,True,via5_513,ARRAY_CHILD_WITNESS_PLUS_FINAL_PARENT_COMPONENT
bitcell_array_quad_0/replica_0005,replica_cell_1rw,R0,VSS,m1,"{""by"": 8.407499999999999, ""lx"": 91.9525, ""rx"": 92.0175, ""uy"": 8.4725}",via5_1035,43504,13332,True,via5_1035,ARRAY_CHILD_WITNESS_PLUS_FINAL_PARENT_COMPONENT
bitcell_array_quad_0/replica_0006,replica_cell_1rw,MX,VDD,m1,"{""by"": 9.772499999999999, ""lx"": 91.9575, ""rx"": 92.0225, ""uy"": 9.8375}",via5_513,4106,324,True,via5_513,ARRAY_CHILD_WITNESS_PLUS_FINAL_PARENT_COMPONENT
bitcell_array_quad_0/replica_0006,replica_cell_1rw,MX,VSS,m1,"{""by"": 11.1375, ""lx"": 91.9525, ""rx"": 92.0175, ""uy"": 11.2025}",via5_1035,43504,13332,True,via5_1035,ARRAY_CHILD_WITNESS_PLUS_FINAL_PARENT_COMPONENT
bitcell_array_quad_0/replica_0007,replica_cell_1rw,R0,VDD,m1,"{""by"": 12.5025, ""lx"": 91.9575, ""rx"": 92.0225, ""uy"": 12.5675}",via5_513,4106,324,True,via5_513,ARRAY_CHILD_WITNESS_PLUS_FINAL_PARENT_COMPONENT
bitcell_array_quad_0/replica_0007,replica_cell_1rw,R0,VSS,m1,"{""by"": 11.1375, ""lx"": 91.9525, ""rx"": 92.0175, ""uy"": 11.2025}",via5_1035,43504,13332,True,via5_1035,ARRAY_CHILD_WITNESS_PLUS_FINAL_PARENT_COMPONENT
bitcell_array_quad_0/replica_0008,replica_cell_1rw,MX,VDD,m1,"{""by"": 12.5025, ""lx"": 91.9575, ""rx"": 92.0225, ""uy"": 12.5675}",via5_513,4106,324,True,via5_513,ARRAY_CHILD_WITNESS_PLUS_FINAL_PARENT_COMPONENT
bitcell_array_quad_0/replica_0008,replica_cell_1rw,MX,VSS,m1,"{""by"": 13.8675, ""lx"": 91.9525, ""rx"": 92.0175, ""uy"": 13.932500000000001}",via5_1035,43504,13332,True,via5_1035,ARRAY_CHILD_WITNESS_PLUS_FINAL_PARENT_COMPONENT
bitcell_array_quad_0/replica_0009,replica_cell_1rw,R0,VDD,m1,"{""by"": 15.2325, ""lx"": 91.9575, ""rx"": 92.0225, ""uy"": 15.297500000000001}",via5_513,4106,324,True,via5_513,ARRAY_CHILD_WITNESS_PLUS_FINAL_PARENT_COMPONENT
bitcell_array_quad_0/replica_0009,replica_cell_1rw,R0,VSS,m1,"{""by"": 13.8675, ""lx"": 91.9525, ""rx"": 92.0175, ""uy"": 13.932500000000001}",via5_1035,43504,13332,True,via5_1035,ARRAY_CHILD_WITNESS_PLUS_FINAL_PARENT_COMPONENT
bitcell_array_quad_0/replica_0010,replica_cell_1rw,MX,VDD,m1,"{""by"": 15.2325, ""lx"": 91.9575, ""rx"": 92.0225, ""uy"": 15.297500000000001}",via5_513,4106,324,True,via5_513,ARRAY_CHILD_WITNESS_PLUS_FINAL_PARENT_COMPONENT
bitcell_array_quad_0/replica_0010,replica_cell_1rw,MX,VSS,m1,"{""by"": 16.5975, ""lx"": 91.9525, ""rx"": 92.0175, ""uy"": 16.662499999999998}",via5_1035,43504,13332,True,via5_1035,ARRAY_CHILD_WITNESS_PLUS_FINAL_PARENT_COMPONENT
bitcell_array_quad_0/replica_0011,replica_cell_1rw,R0,VDD,m1,"{""by"": 17.962500000000002, ""lx"": 91.9575, ""rx"": 92.0225, ""uy"": 18.0275}",via5_513,4106,324,True,via5_513,ARRAY_CHILD_WITNESS_PLUS_FINAL_PARENT_COMPONENT
bitcell_array_quad_0/replica_0011,replica_cell_1rw,R0,VSS,m1,"{""by"": 16.5975, ""lx"": 91.9525, ""rx"": 92.0175, ""uy"": 16.662499999999998}",via5_1035,43504,13332,True,via5_1035,ARRAY_CHILD_WITNESS_PLUS_FINAL_PARENT_COMPONENT
bitcell_array_quad_0/replica_0012,replica_cell_1rw,MX,VDD,m1,"{""by"": 17.962500000000002, ""lx"": 91.9575, ""rx"": 92.0225, ""uy"": 18.0275}",via5_513,4106,324,True,via5_513,ARRAY_CHILD_WITNESS_PLUS_FINAL_PARENT_COMPONENT
bitcell_array_quad_0/replica_0012,replica_cell_1rw,MX,VSS,m1,"{""by"": 19.3275, ""lx"": 91.9525, ""rx"": 92.0175, ""uy"": 19.3925}",via5_1035,43504,13332,True,via5_1035,ARRAY_CHILD_WITNESS_PLUS_FINAL_PARENT_COMPONENT
bitcell_array_quad_0/replica_0013,replica_cell_1rw,R0,VDD,m1,"{""by"": 20.692500000000003, ""lx"": 91.9575, ""rx"": 92.0225, ""uy"": 20.7575}",via5_513,4106,324,True,via5_513,ARRAY_CHILD_WITNESS_PLUS_FINAL_PARENT_COMPONENT
bitcell_array_quad_0/replica_0013,replica_cell_1rw,R0,VSS,m1,"{""by"": 19.3275, ""lx"": 91.9525, ""rx"": 92.0175, ""uy"": 19.3925}",via5_1035,43504,13332,True,via5_1035,ARRAY_CHILD_WITNESS_PLUS_FINAL_PARENT_COMPONENT
bitcell_array_quad_0/replica_0014,replica_cell_1rw,MX,VDD,m1,"{""by"": 20.692500000000003, ""lx"": 91.9575, ""rx"": 92.0225, ""uy"": 20.7575}",via5_513,4106,324,True,via5_513,ARRAY_CHILD_WITNESS_PLUS_FINAL_PARENT_COMPONENT
bitcell_array_quad_0/replica_0014,replica_cell_1rw,MX,VSS,m1,"{""by"": 22.0575, ""lx"": 91.9525, ""rx"": 92.0175, ""uy"": 22.1225}",via5_1035,43504,13332,True,via5_1035,ARRAY_CHILD_WITNESS_PLUS_FINAL_PARENT_COMPONENT
bitcell_array_quad_0/replica_0015,replica_cell_1rw,R0,VDD,m1,"{""by"": 23.4225, ""lx"": 91.9575, ""rx"": 92.0225, ""uy"": 23.487499999999997}",via5_513,4106,324,True,via5_513,ARRAY_CHILD_WITNESS_PLUS_FINAL_PARENT_COMPONENT
bitcell_array_quad_0/replica_0015,replica_cell_1rw,R0,VSS,m1,"{""by"": 22.0575, ""lx"": 91.9525, ""rx"": 92.0175, ""uy"": 22.1225}",via5_1035,43504,13332,True,via5_1035,ARRAY_CHILD_WITNESS_PLUS_FINAL_PARENT_COMPONENT
bitcell_array_quad_0/replica_0016,replica_cell_1rw,MX,VDD,m1,"{""by"": 23.4225, ""lx"": 91.9575, ""rx"": 92.0225, ""uy"": 23.487499999999997}",via5_513,4106,324,True,via5_513,ARRAY_CHILD_WITNESS_PLUS_FINAL_PARENT_COMPONENT
bitcell_array_quad_0/replica_0016,replica_cell_1rw,MX,VSS,m1,"{""by"": 24.7875, ""lx"": 91.9525, ""rx"": 92.0175, ""uy"": 24.8525}",via5_1035,43504,13332,True,via5_1035,ARRAY_CHILD_WITNESS_PLUS_FINAL_PARENT_COMPONENT
