module_name,net_name,canonical_name,connection_count,is_top_pin,net_role,source_trace,connections
SRAM_6T_CORE_16x16,BL0,bl0,17,False,internal,"{'source_file': 'sram_compiler/testbenches/sram_6t_core_testbench.py::Sram6TCoreTestbench.create_testbench', 'source_class': '', 'source_module_name': 'SRAM_6T_CORE_16x16', 'role_hint': 'EXTRACTED_FROM_GENERATED_NETLIST'}","[{'endpoint_type': 'module_pin', 'endpoint_name': 'BL0'}, {'endpoint_type': 'instance_pin', 'endpoint_name': 'XSRAM_6T_CELL_0_0.BL'}, {'endpoint_type': 'instance_pin', 'endpoint_name': 'XSRAM_6T_CELL_1_0.BL'}, {'endpoint_type': 'instance_pin', 'endpoint_name': 'XSRAM_6T_CELL_2_0.BL'}, {'endpoint_type': 'instance_pin', 'endpoint_name': 'XSRAM_6T_CELL_3_0.BL'}, {'endpoint_type': 'instance_pin', 'endpoint_name': 'XSRAM_6T_CELL_4_0.BL'}, {'endpoint_type': 'instance_pin', 'endpoint_name': 'XSRAM_6T_CELL_5_0.BL'}, {'endpoint_type': 'instance_pin', 'endpoint_name': 'XSRAM_6T_CELL_6_0.BL'}, {'endpoint_type': 'instance_pin', 'endpoint_name': 'XSRAM_6T_CELL_7_0.BL'}, {'endpoint_type': 'instance_pin', 'endpoint_name': 'XSRAM_6T_CELL_8_0.BL'}, {'endpoint_type': 'instance_pin', 'endpoint_name': 'XSRAM_6T_CELL_9_0.BL'}, {'endpoint_type': 'instance_pin', 'endpoint_name': 'XSRAM_6T_CELL_10_0.BL'}, {'endpoint_type': 'instance_pin', 'endpoint_name': 'XSRAM_6T_CELL_11_0.BL'}, {'endpoint_type': 'instance_pin', 'endpoint_name': 'XSRAM_6T_CELL_12_0.BL'}, {'endpoint_type': 'instance_pin', 'endpoint_name': 'XSRAM_6T_CELL_13_0.BL'}, {'endpoint_type': 'instance_pin', 'endpoint_name': 'XSRAM_6T_CELL_14_0.BL'}, {'endpoint_type': 'instance_pin', 'endpoint_name': 'XSRAM_6T_CELL_15_0.BL'}]"
SRAM_6T_CORE_16x16,BL1,bl1,17,False,internal,"{'source_file': 'sram_compiler/testbenches/sram_6t_core_testbench.py::Sram6TCoreTestbench.create_testbench', 'source_class': '', 'source_module_name': 'SRAM_6T_CORE_16x16', 'role_hint': 'EXTRACTED_FROM_GENERATED_NETLIST'}","[{'endpoint_type': 'module_pin', 'endpoint_name': 'BL1'}, {'endpoint_type': 'instance_pin', 'endpoint_name': 'XSRAM_6T_CELL_0_1.BL'}, {'endpoint_type': 'instance_pin', 'endpoint_name': 'XSRAM_6T_CELL_1_1.BL'}, {'endpoint_type': 'instance_pin', 'endpoint_name': 'XSRAM_6T_CELL_2_1.BL'}, {'endpoint_type': 'instance_pin', 'endpoint_name': 'XSRAM_6T_CELL_3_1.BL'}, {'endpoint_type': 'instance_pin', 'endpoint_name': 'XSRAM_6T_CELL_4_1.BL'}, {'endpoint_type': 'instance_pin', 'endpoint_name': 'XSRAM_6T_CELL_5_1.BL'}, {'endpoint_type': 'instance_pin', 'endpoint_name': 'XSRAM_6T_CELL_6_1.BL'}, {'endpoint_type': 'instance_pin', 'endpoint_name': 'XSRAM_6T_CELL_7_1.BL'}, {'endpoint_type': 'instance_pin', 'endpoint_name': 'XSRAM_6T_CELL_8_1.BL'}, {'endpoint_type': 'instance_pin', 'endpoint_name': 'XSRAM_6T_CELL_9_1.BL'}, {'endpoint_type': 'instance_pin', 'endpoint_name': 'XSRAM_6T_CELL_10_1.BL'}, {'endpoint_type': 'instance_pin', 'endpoint_name': 'XSRAM_6T_CELL_11_1.BL'}, {'endpoint_type': 'instance_pin', 'endpoint_name': 'XSRAM_6T_CELL_12_1.BL'}, {'endpoint_type': 'instance_pin', 'endpoint_name': 'XSRAM_6T_CELL_13_1.BL'}, {'endpoint_type': 'instance_pin', 'endpoint_name': 'XSRAM_6T_CELL_14_1.BL'}, {'endpoint_type': 'instance_pin', 'endpoint_name': 'XSRAM_6T_CELL_15_1.BL'}]"
SRAM_6T_CORE_16x16,BL10,bl10,17,False,internal,"{'source_file': 'sram_compiler/testbenches/sram_6t_core_testbench.py::Sram6TCoreTestbench.create_testbench', 'source_class': '', 'source_module_name': 'SRAM_6T_CORE_16x16', 'role_hint': 'EXTRACTED_FROM_GENERATED_NETLIST'}","[{'endpoint_type': 'module_pin', 'endpoint_name': 'BL10'}, {'endpoint_type': 'instance_pin', 'endpoint_name': 'XSRAM_6T_CELL_0_10.BL'}, {'endpoint_type': 'instance_pin', 'endpoint_name': 'XSRAM_6T_CELL_1_10.BL'}, {'endpoint_type': 'instance_pin', 'endpoint_name': 'XSRAM_6T_CELL_2_10.BL'}, {'endpoint_type': 'instance_pin', 'endpoint_name': 'XSRAM_6T_CELL_3_10.BL'}, {'endpoint_type': 'instance_pin', 'endpoint_name': 'XSRAM_6T_CELL_4_10.BL'}, {'endpoint_type': 'instance_pin', 'endpoint_name': 'XSRAM_6T_CELL_5_10.BL'}, {'endpoint_type': 'instance_pin', 'endpoint_name': 'XSRAM_6T_CELL_6_10.BL'}, {'endpoint_type': 'instance_pin', 'endpoint_name': 'XSRAM_6T_CELL_7_10.BL'}, {'endpoint_type': 'instance_pin', 'endpoint_name': 'XSRAM_6T_CELL_8_10.BL'}, {'endpoint_type': 'instance_pin', 'endpoint_name': 'XSRAM_6T_CELL_9_10.BL'}, {'endpoint_type': 'instance_pin', 'endpoint_name': 'XSRAM_6T_CELL_10_10.BL'}, {'endpoint_type': 'instance_pin', 'endpoint_name': 'XSRAM_6T_CELL_11_10.BL'}, {'endpoint_type': 'instance_pin', 'endpoint_name': 'XSRAM_6T_CELL_12_10.BL'}, {'endpoint_type': 'instance_pin', 'endpoint_name': 'XSRAM_6T_CELL_13_10.BL'}, {'endpoint_type': 'instance_pin', 'endpoint_name': 'XSRAM_6T_CELL_14_10.BL'}, {'endpoint_type': 'instance_pin', 'endpoint_name': 'XSRAM_6T_CELL_15_10.BL'}]"
SRAM_6T_CORE_16x16,BL11,bl11,17,False,internal,"{'source_file': 'sram_compiler/testbenches/sram_6t_core_testbench.py::Sram6TCoreTestbench.create_testbench', 'source_class': '', 'source_module_name': 'SRAM_6T_CORE_16x16', 'role_hint': 'EXTRACTED_FROM_GENERATED_NETLIST'}","[{'endpoint_type': 'module_pin', 'endpoint_name': 'BL11'}, {'endpoint_type': 'instance_pin', 'endpoint_name': 'XSRAM_6T_CELL_0_11.BL'}, {'endpoint_type': 'instance_pin', 'endpoint_name': 'XSRAM_6T_CELL_1_11.BL'}, {'endpoint_type': 'instance_pin', 'endpoint_name': 'XSRAM_6T_CELL_2_11.BL'}, {'endpoint_type': 'instance_pin', 'endpoint_name': 'XSRAM_6T_CELL_3_11.BL'}, {'endpoint_type': 'instance_pin', 'endpoint_name': 'XSRAM_6T_CELL_4_11.BL'}, {'endpoint_type': 'instance_pin', 'endpoint_name': 'XSRAM_6T_CELL_5_11.BL'}, {'endpoint_type': 'instance_pin', 'endpoint_name': 'XSRAM_6T_CELL_6_11.BL'}, {'endpoint_type': 'instance_pin', 'endpoint_name': 'XSRAM_6T_CELL_7_11.BL'}, {'endpoint_type': 'instance_pin', 'endpoint_name': 'XSRAM_6T_CELL_8_11.BL'}, {'endpoint_type': 'instance_pin', 'endpoint_name': 'XSRAM_6T_CELL_9_11.BL'}, {'endpoint_type': 'instance_pin', 'endpoint_name': 'XSRAM_6T_CELL_10_11.BL'}, {'endpoint_type': 'instance_pin', 'endpoint_name': 'XSRAM_6T_CELL_11_11.BL'}, {'endpoint_type': 'instance_pin', 'endpoint_name': 'XSRAM_6T_CELL_12_11.BL'}, {'endpoint_type': 'instance_pin', 'endpoint_name': 'XSRAM_6T_CELL_13_11.BL'}, {'endpoint_type': 'instance_pin', 'endpoint_name': 'XSRAM_6T_CELL_14_11.BL'}, {'endpoint_type': 'instance_pin', 'endpoint_name': 'XSRAM_6T_CELL_15_11.BL'}]"
SRAM_6T_CORE_16x16,BL12,bl12,17,False,internal,"{'source_file': 'sram_compiler/testbenches/sram_6t_core_testbench.py::Sram6TCoreTestbench.create_testbench', 'source_class': '', 'source_module_name': 'SRAM_6T_CORE_16x16', 'role_hint': 'EXTRACTED_FROM_GENERATED_NETLIST'}","[{'endpoint_type': 'module_pin', 'endpoint_name': 'BL12'}, {'endpoint_type': 'instance_pin', 'endpoint_name': 'XSRAM_6T_CELL_0_12.BL'}, {'endpoint_type': 'instance_pin', 'endpoint_name': 'XSRAM_6T_CELL_1_12.BL'}, {'endpoint_type': 'instance_pin', 'endpoint_name': 'XSRAM_6T_CELL_2_12.BL'}, {'endpoint_type': 'instance_pin', 'endpoint_name': 'XSRAM_6T_CELL_3_12.BL'}, {'endpoint_type': 'instance_pin', 'endpoint_name': 'XSRAM_6T_CELL_4_12.BL'}, {'endpoint_type': 'instance_pin', 'endpoint_name': 'XSRAM_6T_CELL_5_12.BL'}, {'endpoint_type': 'instance_pin', 'endpoint_name': 'XSRAM_6T_CELL_6_12.BL'}, {'endpoint_type': 'instance_pin', 'endpoint_name': 'XSRAM_6T_CELL_7_12.BL'}, {'endpoint_type': 'instance_pin', 'endpoint_name': 'XSRAM_6T_CELL_8_12.BL'}, {'endpoint_type': 'instance_pin', 'endpoint_name': 'XSRAM_6T_CELL_9_12.BL'}, {'endpoint_type': 'instance_pin', 'endpoint_name': 'XSRAM_6T_CELL_10_12.BL'}, {'endpoint_type': 'instance_pin', 'endpoint_name': 'XSRAM_6T_CELL_11_12.BL'}, {'endpoint_type': 'instance_pin', 'endpoint_name': 'XSRAM_6T_CELL_12_12.BL'}, {'endpoint_type': 'instance_pin', 'endpoint_name': 'XSRAM_6T_CELL_13_12.BL'}, {'endpoint_type': 'instance_pin', 'endpoint_name': 'XSRAM_6T_CELL_14_12.BL'}, {'endpoint_type': 'instance_pin', 'endpoint_name': 'XSRAM_6T_CELL_15_12.BL'}]"
SRAM_6T_CORE_16x16,BL13,bl13,17,False,internal,"{'source_file': 'sram_compiler/testbenches/sram_6t_core_testbench.py::Sram6TCoreTestbench.create_testbench', 'source_class': '', 'source_module_name': 'SRAM_6T_CORE_16x16', 'role_hint': 'EXTRACTED_FROM_GENERATED_NETLIST'}","[{'endpoint_type': 'module_pin', 'endpoint_name': 'BL13'}, {'endpoint_type': 'instance_pin', 'endpoint_name': 'XSRAM_6T_CELL_0_13.BL'}, {'endpoint_type': 'instance_pin', 'endpoint_name': 'XSRAM_6T_CELL_1_13.BL'}, {'endpoint_type': 'instance_pin', 'endpoint_name': 'XSRAM_6T_CELL_2_13.BL'}, {'endpoint_type': 'instance_pin', 'endpoint_name': 'XSRAM_6T_CELL_3_13.BL'}, {'endpoint_type': 'instance_pin', 'endpoint_name': 'XSRAM_6T_CELL_4_13.BL'}, {'endpoint_type': 'instance_pin', 'endpoint_name': 'XSRAM_6T_CELL_5_13.BL'}, {'endpoint_type': 'instance_pin', 'endpoint_name': 'XSRAM_6T_CELL_6_13.BL'}, {'endpoint_type': 'instance_pin', 'endpoint_name': 'XSRAM_6T_CELL_7_13.BL'}, {'endpoint_type': 'instance_pin', 'endpoint_name': 'XSRAM_6T_CELL_8_13.BL'}, {'endpoint_type': 'instance_pin', 'endpoint_name': 'XSRAM_6T_CELL_9_13.BL'}, {'endpoint_type': 'instance_pin', 'endpoint_name': 'XSRAM_6T_CELL_10_13.BL'}, {'endpoint_type': 'instance_pin', 'endpoint_name': 'XSRAM_6T_CELL_11_13.BL'}, {'endpoint_type': 'instance_pin', 'endpoint_name': 'XSRAM_6T_CELL_12_13.BL'}, {'endpoint_type': 'instance_pin', 'endpoint_name': 'XSRAM_6T_CELL_13_13.BL'}, {'endpoint_type': 'instance_pin', 'endpoint_name': 'XSRAM_6T_CELL_14_13.BL'}, {'endpoint_type': 'instance_pin', 'endpoint_name': 'XSRAM_6T_CELL_15_13.BL'}]"
SRAM_6T_CORE_16x16,BL14,bl14,17,False,internal,"{'source_file': 'sram_compiler/testbenches/sram_6t_core_testbench.py::Sram6TCoreTestbench.create_testbench', 'source_class': '', 'source_module_name': 'SRAM_6T_CORE_16x16', 'role_hint': 'EXTRACTED_FROM_GENERATED_NETLIST'}","[{'endpoint_type': 'module_pin', 'endpoint_name': 'BL14'}, {'endpoint_type': 'instance_pin', 'endpoint_name': 'XSRAM_6T_CELL_0_14.BL'}, {'endpoint_type': 'instance_pin', 'endpoint_name': 'XSRAM_6T_CELL_1_14.BL'}, {'endpoint_type': 'instance_pin', 'endpoint_name': 'XSRAM_6T_CELL_2_14.BL'}, {'endpoint_type': 'instance_pin', 'endpoint_name': 'XSRAM_6T_CELL_3_14.BL'}, {'endpoint_type': 'instance_pin', 'endpoint_name': 'XSRAM_6T_CELL_4_14.BL'}, {'endpoint_type': 'instance_pin', 'endpoint_name': 'XSRAM_6T_CELL_5_14.BL'}, {'endpoint_type': 'instance_pin', 'endpoint_name': 'XSRAM_6T_CELL_6_14.BL'}, {'endpoint_type': 'instance_pin', 'endpoint_name': 'XSRAM_6T_CELL_7_14.BL'}, {'endpoint_type': 'instance_pin', 'endpoint_name': 'XSRAM_6T_CELL_8_14.BL'}, {'endpoint_type': 'instance_pin', 'endpoint_name': 'XSRAM_6T_CELL_9_14.BL'}, {'endpoint_type': 'instance_pin', 'endpoint_name': 'XSRAM_6T_CELL_10_14.BL'}, {'endpoint_type': 'instance_pin', 'endpoint_name': 'XSRAM_6T_CELL_11_14.BL'}, {'endpoint_type': 'instance_pin', 'endpoint_name': 'XSRAM_6T_CELL_12_14.BL'}, {'endpoint_type': 'instance_pin', 'endpoint_name': 'XSRAM_6T_CELL_13_14.BL'}, {'endpoint_type': 'instance_pin', 'endpoint_name': 'XSRAM_6T_CELL_14_14.BL'}, {'endpoint_type': 'instance_pin', 'endpoint_name': 'XSRAM_6T_CELL_15_14.BL'}]"
SRAM_6T_CORE_16x16,BL15,bl15,17,False,internal,"{'source_file': 'sram_compiler/testbenches/sram_6t_core_testbench.py::Sram6TCoreTestbench.create_testbench', 'source_class': '', 'source_module_name': 'SRAM_6T_CORE_16x16', 'role_hint': 'EXTRACTED_FROM_GENERATED_NETLIST'}","[{'endpoint_type': 'module_pin', 'endpoint_name': 'BL15'}, {'endpoint_type': 'instance_pin', 'endpoint_name': 'XSRAM_6T_CELL_0_15.BL'}, {'endpoint_type': 'instance_pin', 'endpoint_name': 'XSRAM_6T_CELL_1_15.BL'}, {'endpoint_type': 'instance_pin', 'endpoint_name': 'XSRAM_6T_CELL_2_15.BL'}, {'endpoint_type': 'instance_pin', 'endpoint_name': 'XSRAM_6T_CELL_3_15.BL'}, {'endpoint_type': 'instance_pin', 'endpoint_name': 'XSRAM_6T_CELL_4_15.BL'}, {'endpoint_type': 'instance_pin', 'endpoint_name': 'XSRAM_6T_CELL_5_15.BL'}, {'endpoint_type': 'instance_pin', 'endpoint_name': 'XSRAM_6T_CELL_6_15.BL'}, {'endpoint_type': 'instance_pin', 'endpoint_name': 'XSRAM_6T_CELL_7_15.BL'}, {'endpoint_type': 'instance_pin', 'endpoint_name': 'XSRAM_6T_CELL_8_15.BL'}, {'endpoint_type': 'instance_pin', 'endpoint_name': 'XSRAM_6T_CELL_9_15.BL'}, {'endpoint_type': 'instance_pin', 'endpoint_name': 'XSRAM_6T_CELL_10_15.BL'}, {'endpoint_type': 'instance_pin', 'endpoint_name': 'XSRAM_6T_CELL_11_15.BL'}, {'endpoint_type': 'instance_pin', 'endpoint_name': 'XSRAM_6T_CELL_12_15.BL'}, {'endpoint_type': 'instance_pin', 'endpoint_name': 'XSRAM_6T_CELL_13_15.BL'}, {'endpoint_type': 'instance_pin', 'endpoint_name': 'XSRAM_6T_CELL_14_15.BL'}, {'endpoint_type': 'instance_pin', 'endpoint_name': 'XSRAM_6T_CELL_15_15.BL'}]"
SRAM_6T_CORE_16x16,BL2,bl2,17,False,internal,"{'source_file': 'sram_compiler/testbenches/sram_6t_core_testbench.py::Sram6TCoreTestbench.create_testbench', 'source_class': '', 'source_module_name': 'SRAM_6T_CORE_16x16', 'role_hint': 'EXTRACTED_FROM_GENERATED_NETLIST'}","[{'endpoint_type': 'module_pin', 'endpoint_name': 'BL2'}, {'endpoint_type': 'instance_pin', 'endpoint_name': 'XSRAM_6T_CELL_0_2.BL'}, {'endpoint_type': 'instance_pin', 'endpoint_name': 'XSRAM_6T_CELL_1_2.BL'}, {'endpoint_type': 'instance_pin', 'endpoint_name': 'XSRAM_6T_CELL_2_2.BL'}, {'endpoint_type': 'instance_pin', 'endpoint_name': 'XSRAM_6T_CELL_3_2.BL'}, {'endpoint_type': 'instance_pin', 'endpoint_name': 'XSRAM_6T_CELL_4_2.BL'}, {'endpoint_type': 'instance_pin', 'endpoint_name': 'XSRAM_6T_CELL_5_2.BL'}, {'endpoint_type': 'instance_pin', 'endpoint_name': 'XSRAM_6T_CELL_6_2.BL'}, {'endpoint_type': 'instance_pin', 'endpoint_name': 'XSRAM_6T_CELL_7_2.BL'}, {'endpoint_type': 'instance_pin', 'endpoint_name': 'XSRAM_6T_CELL_8_2.BL'}, {'endpoint_type': 'instance_pin', 'endpoint_name': 'XSRAM_6T_CELL_9_2.BL'}, {'endpoint_type': 'instance_pin', 'endpoint_name': 'XSRAM_6T_CELL_10_2.BL'}, {'endpoint_type': 'instance_pin', 'endpoint_name': 'XSRAM_6T_CELL_11_2.BL'}, {'endpoint_type': 'instance_pin', 'endpoint_name': 'XSRAM_6T_CELL_12_2.BL'}, {'endpoint_type': 'instance_pin', 'endpoint_name': 'XSRAM_6T_CELL_13_2.BL'}, {'endpoint_type': 'instance_pin', 'endpoint_name': 'XSRAM_6T_CELL_14_2.BL'}, {'endpoint_type': 'instance_pin', 'endpoint_name': 'XSRAM_6T_CELL_15_2.BL'}]"
SRAM_6T_CORE_16x16,BL3,bl3,17,False,internal,"{'source_file': 'sram_compiler/testbenches/sram_6t_core_testbench.py::Sram6TCoreTestbench.create_testbench', 'source_class': '', 'source_module_name': 'SRAM_6T_CORE_16x16', 'role_hint': 'EXTRACTED_FROM_GENERATED_NETLIST'}","[{'endpoint_type': 'module_pin', 'endpoint_name': 'BL3'}, {'endpoint_type': 'instance_pin', 'endpoint_name': 'XSRAM_6T_CELL_0_3.BL'}, {'endpoint_type': 'instance_pin', 'endpoint_name': 'XSRAM_6T_CELL_1_3.BL'}, {'endpoint_type': 'instance_pin', 'endpoint_name': 'XSRAM_6T_CELL_2_3.BL'}, {'endpoint_type': 'instance_pin', 'endpoint_name': 'XSRAM_6T_CELL_3_3.BL'}, {'endpoint_type': 'instance_pin', 'endpoint_name': 'XSRAM_6T_CELL_4_3.BL'}, {'endpoint_type': 'instance_pin', 'endpoint_name': 'XSRAM_6T_CELL_5_3.BL'}, {'endpoint_type': 'instance_pin', 'endpoint_name': 'XSRAM_6T_CELL_6_3.BL'}, {'endpoint_type': 'instance_pin', 'endpoint_name': 'XSRAM_6T_CELL_7_3.BL'}, {'endpoint_type': 'instance_pin', 'endpoint_name': 'XSRAM_6T_CELL_8_3.BL'}, {'endpoint_type': 'instance_pin', 'endpoint_name': 'XSRAM_6T_CELL_9_3.BL'}, {'endpoint_type': 'instance_pin', 'endpoint_name': 'XSRAM_6T_CELL_10_3.BL'}, {'endpoint_type': 'instance_pin', 'endpoint_name': 'XSRAM_6T_CELL_11_3.BL'}, {'endpoint_type': 'instance_pin', 'endpoint_name': 'XSRAM_6T_CELL_12_3.BL'}, {'endpoint_type': 'instance_pin', 'endpoint_name': 'XSRAM_6T_CELL_13_3.BL'}, {'endpoint_type': 'instance_pin', 'endpoint_name': 'XSRAM_6T_CELL_14_3.BL'}, {'endpoint_type': 'instance_pin', 'endpoint_name': 'XSRAM_6T_CELL_15_3.BL'}]"
SRAM_6T_CORE_16x16,BL4,bl4,17,False,internal,"{'source_file': 'sram_compiler/testbenches/sram_6t_core_testbench.py::Sram6TCoreTestbench.create_testbench', 'source_class': '', 'source_module_name': 'SRAM_6T_CORE_16x16', 'role_hint': 'EXTRACTED_FROM_GENERATED_NETLIST'}","[{'endpoint_type': 'module_pin', 'endpoint_name': 'BL4'}, {'endpoint_type': 'instance_pin', 'endpoint_name': 'XSRAM_6T_CELL_0_4.BL'}, {'endpoint_type': 'instance_pin', 'endpoint_name': 'XSRAM_6T_CELL_1_4.BL'}, {'endpoint_type': 'instance_pin', 'endpoint_name': 'XSRAM_6T_CELL_2_4.BL'}, {'endpoint_type': 'instance_pin', 'endpoint_name': 'XSRAM_6T_CELL_3_4.BL'}, {'endpoint_type': 'instance_pin', 'endpoint_name': 'XSRAM_6T_CELL_4_4.BL'}, {'endpoint_type': 'instance_pin', 'endpoint_name': 'XSRAM_6T_CELL_5_4.BL'}, {'endpoint_type': 'instance_pin', 'endpoint_name': 'XSRAM_6T_CELL_6_4.BL'}, {'endpoint_type': 'instance_pin', 'endpoint_name': 'XSRAM_6T_CELL_7_4.BL'}, {'endpoint_type': 'instance_pin', 'endpoint_name': 'XSRAM_6T_CELL_8_4.BL'}, {'endpoint_type': 'instance_pin', 'endpoint_name': 'XSRAM_6T_CELL_9_4.BL'}, {'endpoint_type': 'instance_pin', 'endpoint_name': 'XSRAM_6T_CELL_10_4.BL'}, {'endpoint_type': 'instance_pin', 'endpoint_name': 'XSRAM_6T_CELL_11_4.BL'}, {'endpoint_type': 'instance_pin', 'endpoint_name': 'XSRAM_6T_CELL_12_4.BL'}, {'endpoint_type': 'instance_pin', 'endpoint_name': 'XSRAM_6T_CELL_13_4.BL'}, {'endpoint_type': 'instance_pin', 'endpoint_name': 'XSRAM_6T_CELL_14_4.BL'}, {'endpoint_type': 'instance_pin', 'endpoint_name': 'XSRAM_6T_CELL_15_4.BL'}]"
SRAM_6T_CORE_16x16,BL5,bl5,17,False,internal,"{'source_file': 'sram_compiler/testbenches/sram_6t_core_testbench.py::Sram6TCoreTestbench.create_testbench', 'source_class': '', 'source_module_name': 'SRAM_6T_CORE_16x16', 'role_hint': 'EXTRACTED_FROM_GENERATED_NETLIST'}","[{'endpoint_type': 'module_pin', 'endpoint_name': 'BL5'}, {'endpoint_type': 'instance_pin', 'endpoint_name': 'XSRAM_6T_CELL_0_5.BL'}, {'endpoint_type': 'instance_pin', 'endpoint_name': 'XSRAM_6T_CELL_1_5.BL'}, {'endpoint_type': 'instance_pin', 'endpoint_name': 'XSRAM_6T_CELL_2_5.BL'}, {'endpoint_type': 'instance_pin', 'endpoint_name': 'XSRAM_6T_CELL_3_5.BL'}, {'endpoint_type': 'instance_pin', 'endpoint_name': 'XSRAM_6T_CELL_4_5.BL'}, {'endpoint_type': 'instance_pin', 'endpoint_name': 'XSRAM_6T_CELL_5_5.BL'}, {'endpoint_type': 'instance_pin', 'endpoint_name': 'XSRAM_6T_CELL_6_5.BL'}, {'endpoint_type': 'instance_pin', 'endpoint_name': 'XSRAM_6T_CELL_7_5.BL'}, {'endpoint_type': 'instance_pin', 'endpoint_name': 'XSRAM_6T_CELL_8_5.BL'}, {'endpoint_type': 'instance_pin', 'endpoint_name': 'XSRAM_6T_CELL_9_5.BL'}, {'endpoint_type': 'instance_pin', 'endpoint_name': 'XSRAM_6T_CELL_10_5.BL'}, {'endpoint_type': 'instance_pin', 'endpoint_name': 'XSRAM_6T_CELL_11_5.BL'}, {'endpoint_type': 'instance_pin', 'endpoint_name': 'XSRAM_6T_CELL_12_5.BL'}, {'endpoint_type': 'instance_pin', 'endpoint_name': 'XSRAM_6T_CELL_13_5.BL'}, {'endpoint_type': 'instance_pin', 'endpoint_name': 'XSRAM_6T_CELL_14_5.BL'}, {'endpoint_type': 'instance_pin', 'endpoint_name': 'XSRAM_6T_CELL_15_5.BL'}]"
SRAM_6T_CORE_16x16,BL6,bl6,17,False,internal,"{'source_file': 'sram_compiler/testbenches/sram_6t_core_testbench.py::Sram6TCoreTestbench.create_testbench', 'source_class': '', 'source_module_name': 'SRAM_6T_CORE_16x16', 'role_hint': 'EXTRACTED_FROM_GENERATED_NETLIST'}","[{'endpoint_type': 'module_pin', 'endpoint_name': 'BL6'}, {'endpoint_type': 'instance_pin', 'endpoint_name': 'XSRAM_6T_CELL_0_6.BL'}, {'endpoint_type': 'instance_pin', 'endpoint_name': 'XSRAM_6T_CELL_1_6.BL'}, {'endpoint_type': 'instance_pin', 'endpoint_name': 'XSRAM_6T_CELL_2_6.BL'}, {'endpoint_type': 'instance_pin', 'endpoint_name': 'XSRAM_6T_CELL_3_6.BL'}, {'endpoint_type': 'instance_pin', 'endpoint_name': 'XSRAM_6T_CELL_4_6.BL'}, {'endpoint_type': 'instance_pin', 'endpoint_name': 'XSRAM_6T_CELL_5_6.BL'}, {'endpoint_type': 'instance_pin', 'endpoint_name': 'XSRAM_6T_CELL_6_6.BL'}, {'endpoint_type': 'instance_pin', 'endpoint_name': 'XSRAM_6T_CELL_7_6.BL'}, {'endpoint_type': 'instance_pin', 'endpoint_name': 'XSRAM_6T_CELL_8_6.BL'}, {'endpoint_type': 'instance_pin', 'endpoint_name': 'XSRAM_6T_CELL_9_6.BL'}, {'endpoint_type': 'instance_pin', 'endpoint_name': 'XSRAM_6T_CELL_10_6.BL'}, {'endpoint_type': 'instance_pin', 'endpoint_name': 'XSRAM_6T_CELL_11_6.BL'}, {'endpoint_type': 'instance_pin', 'endpoint_name': 'XSRAM_6T_CELL_12_6.BL'}, {'endpoint_type': 'instance_pin', 'endpoint_name': 'XSRAM_6T_CELL_13_6.BL'}, {'endpoint_type': 'instance_pin', 'endpoint_name': 'XSRAM_6T_CELL_14_6.BL'}, {'endpoint_type': 'instance_pin', 'endpoint_name': 'XSRAM_6T_CELL_15_6.BL'}]"
SRAM_6T_CORE_16x16,BL7,bl7,17,False,internal,"{'source_file': 'sram_compiler/testbenches/sram_6t_core_testbench.py::Sram6TCoreTestbench.create_testbench', 'source_class': '', 'source_module_name': 'SRAM_6T_CORE_16x16', 'role_hint': 'EXTRACTED_FROM_GENERATED_NETLIST'}","[{'endpoint_type': 'module_pin', 'endpoint_name': 'BL7'}, {'endpoint_type': 'instance_pin', 'endpoint_name': 'XSRAM_6T_CELL_0_7.BL'}, {'endpoint_type': 'instance_pin', 'endpoint_name': 'XSRAM_6T_CELL_1_7.BL'}, {'endpoint_type': 'instance_pin', 'endpoint_name': 'XSRAM_6T_CELL_2_7.BL'}, {'endpoint_type': 'instance_pin', 'endpoint_name': 'XSRAM_6T_CELL_3_7.BL'}, {'endpoint_type': 'instance_pin', 'endpoint_name': 'XSRAM_6T_CELL_4_7.BL'}, {'endpoint_type': 'instance_pin', 'endpoint_name': 'XSRAM_6T_CELL_5_7.BL'}, {'endpoint_type': 'instance_pin', 'endpoint_name': 'XSRAM_6T_CELL_6_7.BL'}, {'endpoint_type': 'instance_pin', 'endpoint_name': 'XSRAM_6T_CELL_7_7.BL'}, {'endpoint_type': 'instance_pin', 'endpoint_name': 'XSRAM_6T_CELL_8_7.BL'}, {'endpoint_type': 'instance_pin', 'endpoint_name': 'XSRAM_6T_CELL_9_7.BL'}, {'endpoint_type': 'instance_pin', 'endpoint_name': 'XSRAM_6T_CELL_10_7.BL'}, {'endpoint_type': 'instance_pin', 'endpoint_name': 'XSRAM_6T_CELL_11_7.BL'}, {'endpoint_type': 'instance_pin', 'endpoint_name': 'XSRAM_6T_CELL_12_7.BL'}, {'endpoint_type': 'instance_pin', 'endpoint_name': 'XSRAM_6T_CELL_13_7.BL'}, {'endpoint_type': 'instance_pin', 'endpoint_name': 'XSRAM_6T_CELL_14_7.BL'}, {'endpoint_type': 'instance_pin', 'endpoint_name': 'XSRAM_6T_CELL_15_7.BL'}]"
SRAM_6T_CORE_16x16,BL8,bl8,17,False,internal,"{'source_file': 'sram_compiler/testbenches/sram_6t_core_testbench.py::Sram6TCoreTestbench.create_testbench', 'source_class': '', 'source_module_name': 'SRAM_6T_CORE_16x16', 'role_hint': 'EXTRACTED_FROM_GENERATED_NETLIST'}","[{'endpoint_type': 'module_pin', 'endpoint_name': 'BL8'}, {'endpoint_type': 'instance_pin', 'endpoint_name': 'XSRAM_6T_CELL_0_8.BL'}, {'endpoint_type': 'instance_pin', 'endpoint_name': 'XSRAM_6T_CELL_1_8.BL'}, {'endpoint_type': 'instance_pin', 'endpoint_name': 'XSRAM_6T_CELL_2_8.BL'}, {'endpoint_type': 'instance_pin', 'endpoint_name': 'XSRAM_6T_CELL_3_8.BL'}, {'endpoint_type': 'instance_pin', 'endpoint_name': 'XSRAM_6T_CELL_4_8.BL'}, {'endpoint_type': 'instance_pin', 'endpoint_name': 'XSRAM_6T_CELL_5_8.BL'}, {'endpoint_type': 'instance_pin', 'endpoint_name': 'XSRAM_6T_CELL_6_8.BL'}, {'endpoint_type': 'instance_pin', 'endpoint_name': 'XSRAM_6T_CELL_7_8.BL'}, {'endpoint_type': 'instance_pin', 'endpoint_name': 'XSRAM_6T_CELL_8_8.BL'}, {'endpoint_type': 'instance_pin', 'endpoint_name': 'XSRAM_6T_CELL_9_8.BL'}, {'endpoint_type': 'instance_pin', 'endpoint_name': 'XSRAM_6T_CELL_10_8.BL'}, {'endpoint_type': 'instance_pin', 'endpoint_name': 'XSRAM_6T_CELL_11_8.BL'}, {'endpoint_type': 'instance_pin', 'endpoint_name': 'XSRAM_6T_CELL_12_8.BL'}, {'endpoint_type': 'instance_pin', 'endpoint_name': 'XSRAM_6T_CELL_13_8.BL'}, {'endpoint_type': 'instance_pin', 'endpoint_name': 'XSRAM_6T_CELL_14_8.BL'}, {'endpoint_type': 'instance_pin', 'endpoint_name': 'XSRAM_6T_CELL_15_8.BL'}]"
SRAM_6T_CORE_16x16,BL9,bl9,17,False,internal,"{'source_file': 'sram_compiler/testbenches/sram_6t_core_testbench.py::Sram6TCoreTestbench.create_testbench', 'source_class': '', 'source_module_name': 'SRAM_6T_CORE_16x16', 'role_hint': 'EXTRACTED_FROM_GENERATED_NETLIST'}","[{'endpoint_type': 'module_pin', 'endpoint_name': 'BL9'}, {'endpoint_type': 'instance_pin', 'endpoint_name': 'XSRAM_6T_CELL_0_9.BL'}, {'endpoint_type': 'instance_pin', 'endpoint_name': 'XSRAM_6T_CELL_1_9.BL'}, {'endpoint_type': 'instance_pin', 'endpoint_name': 'XSRAM_6T_CELL_2_9.BL'}, {'endpoint_type': 'instance_pin', 'endpoint_name': 'XSRAM_6T_CELL_3_9.BL'}, {'endpoint_type': 'instance_pin', 'endpoint_name': 'XSRAM_6T_CELL_4_9.BL'}, {'endpoint_type': 'instance_pin', 'endpoint_name': 'XSRAM_6T_CELL_5_9.BL'}, {'endpoint_type': 'instance_pin', 'endpoint_name': 'XSRAM_6T_CELL_6_9.BL'}, {'endpoint_type': 'instance_pin', 'endpoint_name': 'XSRAM_6T_CELL_7_9.BL'}, {'endpoint_type': 'instance_pin', 'endpoint_name': 'XSRAM_6T_CELL_8_9.BL'}, {'endpoint_type': 'instance_pin', 'endpoint_name': 'XSRAM_6T_CELL_9_9.BL'}, {'endpoint_type': 'instance_pin', 'endpoint_name': 'XSRAM_6T_CELL_10_9.BL'}, {'endpoint_type': 'instance_pin', 'endpoint_name': 'XSRAM_6T_CELL_11_9.BL'}, {'endpoint_type': 'instance_pin', 'endpoint_name': 'XSRAM_6T_CELL_12_9.BL'}, {'endpoint_type': 'instance_pin', 'endpoint_name': 'XSRAM_6T_CELL_13_9.BL'}, {'endpoint_type': 'instance_pin', 'endpoint_name': 'XSRAM_6T_CELL_14_9.BL'}, {'endpoint_type': 'instance_pin', 'endpoint_name': 'XSRAM_6T_CELL_15_9.BL'}]"
SRAM_6T_CORE_16x16,BLB0,blb0,17,False,internal,"{'source_file': 'sram_compiler/testbenches/sram_6t_core_testbench.py::Sram6TCoreTestbench.create_testbench', 'source_class': '', 'source_module_name': 'SRAM_6T_CORE_16x16', 'role_hint': 'EXTRACTED_FROM_GENERATED_NETLIST'}","[{'endpoint_type': 'module_pin', 'endpoint_name': 'BLB0'}, {'endpoint_type': 'instance_pin', 'endpoint_name': 'XSRAM_6T_CELL_0_0.BLB'}, {'endpoint_type': 'instance_pin', 'endpoint_name': 'XSRAM_6T_CELL_1_0.BLB'}, {'endpoint_type': 'instance_pin', 'endpoint_name': 'XSRAM_6T_CELL_2_0.BLB'}, {'endpoint_type': 'instance_pin', 'endpoint_name': 'XSRAM_6T_CELL_3_0.BLB'}, {'endpoint_type': 'instance_pin', 'endpoint_name': 'XSRAM_6T_CELL_4_0.BLB'}, {'endpoint_type': 'instance_pin', 'endpoint_name': 'XSRAM_6T_CELL_5_0.BLB'}, {'endpoint_type': 'instance_pin', 'endpoint_name': 'XSRAM_6T_CELL_6_0.BLB'}, {'endpoint_type': 'instance_pin', 'endpoint_name': 'XSRAM_6T_CELL_7_0.BLB'}, {'endpoint_type': 'instance_pin', 'endpoint_name': 'XSRAM_6T_CELL_8_0.BLB'}, {'endpoint_type': 'instance_pin', 'endpoint_name': 'XSRAM_6T_CELL_9_0.BLB'}, {'endpoint_type': 'instance_pin', 'endpoint_name': 'XSRAM_6T_CELL_10_0.BLB'}, {'endpoint_type': 'instance_pin', 'endpoint_name': 'XSRAM_6T_CELL_11_0.BLB'}, {'endpoint_type': 'instance_pin', 'endpoint_name': 'XSRAM_6T_CELL_12_0.BLB'}, {'endpoint_type': 'instance_pin', 'endpoint_name': 'XSRAM_6T_CELL_13_0.BLB'}, {'endpoint_type': 'instance_pin', 'endpoint_name': 'XSRAM_6T_CELL_14_0.BLB'}, {'endpoint_type': 'instance_pin', 'endpoint_name': 'XSRAM_6T_CELL_15_0.BLB'}]"
SRAM_6T_CORE_16x16,BLB1,blb1,17,False,internal,"{'source_file': 'sram_compiler/testbenches/sram_6t_core_testbench.py::Sram6TCoreTestbench.create_testbench', 'source_class': '', 'source_module_name': 'SRAM_6T_CORE_16x16', 'role_hint': 'EXTRACTED_FROM_GENERATED_NETLIST'}","[{'endpoint_type': 'module_pin', 'endpoint_name': 'BLB1'}, {'endpoint_type': 'instance_pin', 'endpoint_name': 'XSRAM_6T_CELL_0_1.BLB'}, {'endpoint_type': 'instance_pin', 'endpoint_name': 'XSRAM_6T_CELL_1_1.BLB'}, {'endpoint_type': 'instance_pin', 'endpoint_name': 'XSRAM_6T_CELL_2_1.BLB'}, {'endpoint_type': 'instance_pin', 'endpoint_name': 'XSRAM_6T_CELL_3_1.BLB'}, {'endpoint_type': 'instance_pin', 'endpoint_name': 'XSRAM_6T_CELL_4_1.BLB'}, {'endpoint_type': 'instance_pin', 'endpoint_name': 'XSRAM_6T_CELL_5_1.BLB'}, {'endpoint_type': 'instance_pin', 'endpoint_name': 'XSRAM_6T_CELL_6_1.BLB'}, {'endpoint_type': 'instance_pin', 'endpoint_name': 'XSRAM_6T_CELL_7_1.BLB'}, {'endpoint_type': 'instance_pin', 'endpoint_name': 'XSRAM_6T_CELL_8_1.BLB'}, {'endpoint_type': 'instance_pin', 'endpoint_name': 'XSRAM_6T_CELL_9_1.BLB'}, {'endpoint_type': 'instance_pin', 'endpoint_name': 'XSRAM_6T_CELL_10_1.BLB'}, {'endpoint_type': 'instance_pin', 'endpoint_name': 'XSRAM_6T_CELL_11_1.BLB'}, {'endpoint_type': 'instance_pin', 'endpoint_name': 'XSRAM_6T_CELL_12_1.BLB'}, {'endpoint_type': 'instance_pin', 'endpoint_name': 'XSRAM_6T_CELL_13_1.BLB'}, {'endpoint_type': 'instance_pin', 'endpoint_name': 'XSRAM_6T_CELL_14_1.BLB'}, {'endpoint_type': 'instance_pin', 'endpoint_name': 'XSRAM_6T_CELL_15_1.BLB'}]"
SRAM_6T_CORE_16x16,BLB10,blb10,17,False,internal,"{'source_file': 'sram_compiler/testbenches/sram_6t_core_testbench.py::Sram6TCoreTestbench.create_testbench', 'source_class': '', 'source_module_name': 'SRAM_6T_CORE_16x16', 'role_hint': 'EXTRACTED_FROM_GENERATED_NETLIST'}","[{'endpoint_type': 'module_pin', 'endpoint_name': 'BLB10'}, {'endpoint_type': 'instance_pin', 'endpoint_name': 'XSRAM_6T_CELL_0_10.BLB'}, {'endpoint_type': 'instance_pin', 'endpoint_name': 'XSRAM_6T_CELL_1_10.BLB'}, {'endpoint_type': 'instance_pin', 'endpoint_name': 'XSRAM_6T_CELL_2_10.BLB'}, {'endpoint_type': 'instance_pin', 'endpoint_name': 'XSRAM_6T_CELL_3_10.BLB'}, {'endpoint_type': 'instance_pin', 'endpoint_name': 'XSRAM_6T_CELL_4_10.BLB'}, {'endpoint_type': 'instance_pin', 'endpoint_name': 'XSRAM_6T_CELL_5_10.BLB'}, {'endpoint_type': 'instance_pin', 'endpoint_name': 'XSRAM_6T_CELL_6_10.BLB'}, {'endpoint_type': 'instance_pin', 'endpoint_name': 'XSRAM_6T_CELL_7_10.BLB'}, {'endpoint_type': 'instance_pin', 'endpoint_name': 'XSRAM_6T_CELL_8_10.BLB'}, {'endpoint_type': 'instance_pin', 'endpoint_name': 'XSRAM_6T_CELL_9_10.BLB'}, {'endpoint_type': 'instance_pin', 'endpoint_name': 'XSRAM_6T_CELL_10_10.BLB'}, {'endpoint_type': 'instance_pin', 'endpoint_name': 'XSRAM_6T_CELL_11_10.BLB'}, {'endpoint_type': 'instance_pin', 'endpoint_name': 'XSRAM_6T_CELL_12_10.BLB'}, {'endpoint_type': 'instance_pin', 'endpoint_name': 'XSRAM_6T_CELL_13_10.BLB'}, {'endpoint_type': 'instance_pin', 'endpoint_name': 'XSRAM_6T_CELL_14_10.BLB'}, {'endpoint_type': 'instance_pin', 'endpoint_name': 'XSRAM_6T_CELL_15_10.BLB'}]"
SRAM_6T_CORE_16x16,BLB11,blb11,17,False,internal,"{'source_file': 'sram_compiler/testbenches/sram_6t_core_testbench.py::Sram6TCoreTestbench.create_testbench', 'source_class': '', 'source_module_name': 'SRAM_6T_CORE_16x16', 'role_hint': 'EXTRACTED_FROM_GENERATED_NETLIST'}","[{'endpoint_type': 'module_pin', 'endpoint_name': 'BLB11'}, {'endpoint_type': 'instance_pin', 'endpoint_name': 'XSRAM_6T_CELL_0_11.BLB'}, {'endpoint_type': 'instance_pin', 'endpoint_name': 'XSRAM_6T_CELL_1_11.BLB'}, {'endpoint_type': 'instance_pin', 'endpoint_name': 'XSRAM_6T_CELL_2_11.BLB'}, {'endpoint_type': 'instance_pin', 'endpoint_name': 'XSRAM_6T_CELL_3_11.BLB'}, {'endpoint_type': 'instance_pin', 'endpoint_name': 'XSRAM_6T_CELL_4_11.BLB'}, {'endpoint_type': 'instance_pin', 'endpoint_name': 'XSRAM_6T_CELL_5_11.BLB'}, {'endpoint_type': 'instance_pin', 'endpoint_name': 'XSRAM_6T_CELL_6_11.BLB'}, {'endpoint_type': 'instance_pin', 'endpoint_name': 'XSRAM_6T_CELL_7_11.BLB'}, {'endpoint_type': 'instance_pin', 'endpoint_name': 'XSRAM_6T_CELL_8_11.BLB'}, {'endpoint_type': 'instance_pin', 'endpoint_name': 'XSRAM_6T_CELL_9_11.BLB'}, {'endpoint_type': 'instance_pin', 'endpoint_name': 'XSRAM_6T_CELL_10_11.BLB'}, {'endpoint_type': 'instance_pin', 'endpoint_name': 'XSRAM_6T_CELL_11_11.BLB'}, {'endpoint_type': 'instance_pin', 'endpoint_name': 'XSRAM_6T_CELL_12_11.BLB'}, {'endpoint_type': 'instance_pin', 'endpoint_name': 'XSRAM_6T_CELL_13_11.BLB'}, {'endpoint_type': 'instance_pin', 'endpoint_name': 'XSRAM_6T_CELL_14_11.BLB'}, {'endpoint_type': 'instance_pin', 'endpoint_name': 'XSRAM_6T_CELL_15_11.BLB'}]"
SRAM_6T_CORE_16x16,BLB12,blb12,17,False,internal,"{'source_file': 'sram_compiler/testbenches/sram_6t_core_testbench.py::Sram6TCoreTestbench.create_testbench', 'source_class': '', 'source_module_name': 'SRAM_6T_CORE_16x16', 'role_hint': 'EXTRACTED_FROM_GENERATED_NETLIST'}","[{'endpoint_type': 'module_pin', 'endpoint_name': 'BLB12'}, {'endpoint_type': 'instance_pin', 'endpoint_name': 'XSRAM_6T_CELL_0_12.BLB'}, {'endpoint_type': 'instance_pin', 'endpoint_name': 'XSRAM_6T_CELL_1_12.BLB'}, {'endpoint_type': 'instance_pin', 'endpoint_name': 'XSRAM_6T_CELL_2_12.BLB'}, {'endpoint_type': 'instance_pin', 'endpoint_name': 'XSRAM_6T_CELL_3_12.BLB'}, {'endpoint_type': 'instance_pin', 'endpoint_name': 'XSRAM_6T_CELL_4_12.BLB'}, {'endpoint_type': 'instance_pin', 'endpoint_name': 'XSRAM_6T_CELL_5_12.BLB'}, {'endpoint_type': 'instance_pin', 'endpoint_name': 'XSRAM_6T_CELL_6_12.BLB'}, {'endpoint_type': 'instance_pin', 'endpoint_name': 'XSRAM_6T_CELL_7_12.BLB'}, {'endpoint_type': 'instance_pin', 'endpoint_name': 'XSRAM_6T_CELL_8_12.BLB'}, {'endpoint_type': 'instance_pin', 'endpoint_name': 'XSRAM_6T_CELL_9_12.BLB'}, {'endpoint_type': 'instance_pin', 'endpoint_name': 'XSRAM_6T_CELL_10_12.BLB'}, {'endpoint_type': 'instance_pin', 'endpoint_name': 'XSRAM_6T_CELL_11_12.BLB'}, {'endpoint_type': 'instance_pin', 'endpoint_name': 'XSRAM_6T_CELL_12_12.BLB'}, {'endpoint_type': 'instance_pin', 'endpoint_name': 'XSRAM_6T_CELL_13_12.BLB'}, {'endpoint_type': 'instance_pin', 'endpoint_name': 'XSRAM_6T_CELL_14_12.BLB'}, {'endpoint_type': 'instance_pin', 'endpoint_name': 'XSRAM_6T_CELL_15_12.BLB'}]"
SRAM_6T_CORE_16x16,BLB13,blb13,17,False,internal,"{'source_file': 'sram_compiler/testbenches/sram_6t_core_testbench.py::Sram6TCoreTestbench.create_testbench', 'source_class': '', 'source_module_name': 'SRAM_6T_CORE_16x16', 'role_hint': 'EXTRACTED_FROM_GENERATED_NETLIST'}","[{'endpoint_type': 'module_pin', 'endpoint_name': 'BLB13'}, {'endpoint_type': 'instance_pin', 'endpoint_name': 'XSRAM_6T_CELL_0_13.BLB'}, {'endpoint_type': 'instance_pin', 'endpoint_name': 'XSRAM_6T_CELL_1_13.BLB'}, {'endpoint_type': 'instance_pin', 'endpoint_name': 'XSRAM_6T_CELL_2_13.BLB'}, {'endpoint_type': 'instance_pin', 'endpoint_name': 'XSRAM_6T_CELL_3_13.BLB'}, {'endpoint_type': 'instance_pin', 'endpoint_name': 'XSRAM_6T_CELL_4_13.BLB'}, {'endpoint_type': 'instance_pin', 'endpoint_name': 'XSRAM_6T_CELL_5_13.BLB'}, {'endpoint_type': 'instance_pin', 'endpoint_name': 'XSRAM_6T_CELL_6_13.BLB'}, {'endpoint_type': 'instance_pin', 'endpoint_name': 'XSRAM_6T_CELL_7_13.BLB'}, {'endpoint_type': 'instance_pin', 'endpoint_name': 'XSRAM_6T_CELL_8_13.BLB'}, {'endpoint_type': 'instance_pin', 'endpoint_name': 'XSRAM_6T_CELL_9_13.BLB'}, {'endpoint_type': 'instance_pin', 'endpoint_name': 'XSRAM_6T_CELL_10_13.BLB'}, {'endpoint_type': 'instance_pin', 'endpoint_name': 'XSRAM_6T_CELL_11_13.BLB'}, {'endpoint_type': 'instance_pin', 'endpoint_name': 'XSRAM_6T_CELL_12_13.BLB'}, {'endpoint_type': 'instance_pin', 'endpoint_name': 'XSRAM_6T_CELL_13_13.BLB'}, {'endpoint_type': 'instance_pin', 'endpoint_name': 'XSRAM_6T_CELL_14_13.BLB'}, {'endpoint_type': 'instance_pin', 'endpoint_name': 'XSRAM_6T_CELL_15_13.BLB'}]"
SRAM_6T_CORE_16x16,BLB14,blb14,17,False,internal,"{'source_file': 'sram_compiler/testbenches/sram_6t_core_testbench.py::Sram6TCoreTestbench.create_testbench', 'source_class': '', 'source_module_name': 'SRAM_6T_CORE_16x16', 'role_hint': 'EXTRACTED_FROM_GENERATED_NETLIST'}","[{'endpoint_type': 'module_pin', 'endpoint_name': 'BLB14'}, {'endpoint_type': 'instance_pin', 'endpoint_name': 'XSRAM_6T_CELL_0_14.BLB'}, {'endpoint_type': 'instance_pin', 'endpoint_name': 'XSRAM_6T_CELL_1_14.BLB'}, {'endpoint_type': 'instance_pin', 'endpoint_name': 'XSRAM_6T_CELL_2_14.BLB'}, {'endpoint_type': 'instance_pin', 'endpoint_name': 'XSRAM_6T_CELL_3_14.BLB'}, {'endpoint_type': 'instance_pin', 'endpoint_name': 'XSRAM_6T_CELL_4_14.BLB'}, {'endpoint_type': 'instance_pin', 'endpoint_name': 'XSRAM_6T_CELL_5_14.BLB'}, {'endpoint_type': 'instance_pin', 'endpoint_name': 'XSRAM_6T_CELL_6_14.BLB'}, {'endpoint_type': 'instance_pin', 'endpoint_name': 'XSRAM_6T_CELL_7_14.BLB'}, {'endpoint_type': 'instance_pin', 'endpoint_name': 'XSRAM_6T_CELL_8_14.BLB'}, {'endpoint_type': 'instance_pin', 'endpoint_name': 'XSRAM_6T_CELL_9_14.BLB'}, {'endpoint_type': 'instance_pin', 'endpoint_name': 'XSRAM_6T_CELL_10_14.BLB'}, {'endpoint_type': 'instance_pin', 'endpoint_name': 'XSRAM_6T_CELL_11_14.BLB'}, {'endpoint_type': 'instance_pin', 'endpoint_name': 'XSRAM_6T_CELL_12_14.BLB'}, {'endpoint_type': 'instance_pin', 'endpoint_name': 'XSRAM_6T_CELL_13_14.BLB'}, {'endpoint_type': 'instance_pin', 'endpoint_name': 'XSRAM_6T_CELL_14_14.BLB'}, {'endpoint_type': 'instance_pin', 'endpoint_name': 'XSRAM_6T_CELL_15_14.BLB'}]"
SRAM_6T_CORE_16x16,BLB15,blb15,17,False,internal,"{'source_file': 'sram_compiler/testbenches/sram_6t_core_testbench.py::Sram6TCoreTestbench.create_testbench', 'source_class': '', 'source_module_name': 'SRAM_6T_CORE_16x16', 'role_hint': 'EXTRACTED_FROM_GENERATED_NETLIST'}","[{'endpoint_type': 'module_pin', 'endpoint_name': 'BLB15'}, {'endpoint_type': 'instance_pin', 'endpoint_name': 'XSRAM_6T_CELL_0_15.BLB'}, {'endpoint_type': 'instance_pin', 'endpoint_name': 'XSRAM_6T_CELL_1_15.BLB'}, {'endpoint_type': 'instance_pin', 'endpoint_name': 'XSRAM_6T_CELL_2_15.BLB'}, {'endpoint_type': 'instance_pin', 'endpoint_name': 'XSRAM_6T_CELL_3_15.BLB'}, {'endpoint_type': 'instance_pin', 'endpoint_name': 'XSRAM_6T_CELL_4_15.BLB'}, {'endpoint_type': 'instance_pin', 'endpoint_name': 'XSRAM_6T_CELL_5_15.BLB'}, {'endpoint_type': 'instance_pin', 'endpoint_name': 'XSRAM_6T_CELL_6_15.BLB'}, {'endpoint_type': 'instance_pin', 'endpoint_name': 'XSRAM_6T_CELL_7_15.BLB'}, {'endpoint_type': 'instance_pin', 'endpoint_name': 'XSRAM_6T_CELL_8_15.BLB'}, {'endpoint_type': 'instance_pin', 'endpoint_name': 'XSRAM_6T_CELL_9_15.BLB'}, {'endpoint_type': 'instance_pin', 'endpoint_name': 'XSRAM_6T_CELL_10_15.BLB'}, {'endpoint_type': 'instance_pin', 'endpoint_name': 'XSRAM_6T_CELL_11_15.BLB'}, {'endpoint_type': 'instance_pin', 'endpoint_name': 'XSRAM_6T_CELL_12_15.BLB'}, {'endpoint_type': 'instance_pin', 'endpoint_name': 'XSRAM_6T_CELL_13_15.BLB'}, {'endpoint_type': 'instance_pin', 'endpoint_name': 'XSRAM_6T_CELL_14_15.BLB'}, {'endpoint_type': 'instance_pin', 'endpoint_name': 'XSRAM_6T_CELL_15_15.BLB'}]"
SRAM_6T_CORE_16x16,BLB2,blb2,17,False,internal,"{'source_file': 'sram_compiler/testbenches/sram_6t_core_testbench.py::Sram6TCoreTestbench.create_testbench', 'source_class': '', 'source_module_name': 'SRAM_6T_CORE_16x16', 'role_hint': 'EXTRACTED_FROM_GENERATED_NETLIST'}","[{'endpoint_type': 'module_pin', 'endpoint_name': 'BLB2'}, {'endpoint_type': 'instance_pin', 'endpoint_name': 'XSRAM_6T_CELL_0_2.BLB'}, {'endpoint_type': 'instance_pin', 'endpoint_name': 'XSRAM_6T_CELL_1_2.BLB'}, {'endpoint_type': 'instance_pin', 'endpoint_name': 'XSRAM_6T_CELL_2_2.BLB'}, {'endpoint_type': 'instance_pin', 'endpoint_name': 'XSRAM_6T_CELL_3_2.BLB'}, {'endpoint_type': 'instance_pin', 'endpoint_name': 'XSRAM_6T_CELL_4_2.BLB'}, {'endpoint_type': 'instance_pin', 'endpoint_name': 'XSRAM_6T_CELL_5_2.BLB'}, {'endpoint_type': 'instance_pin', 'endpoint_name': 'XSRAM_6T_CELL_6_2.BLB'}, {'endpoint_type': 'instance_pin', 'endpoint_name': 'XSRAM_6T_CELL_7_2.BLB'}, {'endpoint_type': 'instance_pin', 'endpoint_name': 'XSRAM_6T_CELL_8_2.BLB'}, {'endpoint_type': 'instance_pin', 'endpoint_name': 'XSRAM_6T_CELL_9_2.BLB'}, {'endpoint_type': 'instance_pin', 'endpoint_name': 'XSRAM_6T_CELL_10_2.BLB'}, {'endpoint_type': 'instance_pin', 'endpoint_name': 'XSRAM_6T_CELL_11_2.BLB'}, {'endpoint_type': 'instance_pin', 'endpoint_name': 'XSRAM_6T_CELL_12_2.BLB'}, {'endpoint_type': 'instance_pin', 'endpoint_name': 'XSRAM_6T_CELL_13_2.BLB'}, {'endpoint_type': 'instance_pin', 'endpoint_name': 'XSRAM_6T_CELL_14_2.BLB'}, {'endpoint_type': 'instance_pin', 'endpoint_name': 'XSRAM_6T_CELL_15_2.BLB'}]"
SRAM_6T_CORE_16x16,BLB3,blb3,17,False,internal,"{'source_file': 'sram_compiler/testbenches/sram_6t_core_testbench.py::Sram6TCoreTestbench.create_testbench', 'source_class': '', 'source_module_name': 'SRAM_6T_CORE_16x16', 'role_hint': 'EXTRACTED_FROM_GENERATED_NETLIST'}","[{'endpoint_type': 'module_pin', 'endpoint_name': 'BLB3'}, {'endpoint_type': 'instance_pin', 'endpoint_name': 'XSRAM_6T_CELL_0_3.BLB'}, {'endpoint_type': 'instance_pin', 'endpoint_name': 'XSRAM_6T_CELL_1_3.BLB'}, {'endpoint_type': 'instance_pin', 'endpoint_name': 'XSRAM_6T_CELL_2_3.BLB'}, {'endpoint_type': 'instance_pin', 'endpoint_name': 'XSRAM_6T_CELL_3_3.BLB'}, {'endpoint_type': 'instance_pin', 'endpoint_name': 'XSRAM_6T_CELL_4_3.BLB'}, {'endpoint_type': 'instance_pin', 'endpoint_name': 'XSRAM_6T_CELL_5_3.BLB'}, {'endpoint_type': 'instance_pin', 'endpoint_name': 'XSRAM_6T_CELL_6_3.BLB'}, {'endpoint_type': 'instance_pin', 'endpoint_name': 'XSRAM_6T_CELL_7_3.BLB'}, {'endpoint_type': 'instance_pin', 'endpoint_name': 'XSRAM_6T_CELL_8_3.BLB'}, {'endpoint_type': 'instance_pin', 'endpoint_name': 'XSRAM_6T_CELL_9_3.BLB'}, {'endpoint_type': 'instance_pin', 'endpoint_name': 'XSRAM_6T_CELL_10_3.BLB'}, {'endpoint_type': 'instance_pin', 'endpoint_name': 'XSRAM_6T_CELL_11_3.BLB'}, {'endpoint_type': 'instance_pin', 'endpoint_name': 'XSRAM_6T_CELL_12_3.BLB'}, {'endpoint_type': 'instance_pin', 'endpoint_name': 'XSRAM_6T_CELL_13_3.BLB'}, {'endpoint_type': 'instance_pin', 'endpoint_name': 'XSRAM_6T_CELL_14_3.BLB'}, {'endpoint_type': 'instance_pin', 'endpoint_name': 'XSRAM_6T_CELL_15_3.BLB'}]"
SRAM_6T_CORE_16x16,BLB4,blb4,17,False,internal,"{'source_file': 'sram_compiler/testbenches/sram_6t_core_testbench.py::Sram6TCoreTestbench.create_testbench', 'source_class': '', 'source_module_name': 'SRAM_6T_CORE_16x16', 'role_hint': 'EXTRACTED_FROM_GENERATED_NETLIST'}","[{'endpoint_type': 'module_pin', 'endpoint_name': 'BLB4'}, {'endpoint_type': 'instance_pin', 'endpoint_name': 'XSRAM_6T_CELL_0_4.BLB'}, {'endpoint_type': 'instance_pin', 'endpoint_name': 'XSRAM_6T_CELL_1_4.BLB'}, {'endpoint_type': 'instance_pin', 'endpoint_name': 'XSRAM_6T_CELL_2_4.BLB'}, {'endpoint_type': 'instance_pin', 'endpoint_name': 'XSRAM_6T_CELL_3_4.BLB'}, {'endpoint_type': 'instance_pin', 'endpoint_name': 'XSRAM_6T_CELL_4_4.BLB'}, {'endpoint_type': 'instance_pin', 'endpoint_name': 'XSRAM_6T_CELL_5_4.BLB'}, {'endpoint_type': 'instance_pin', 'endpoint_name': 'XSRAM_6T_CELL_6_4.BLB'}, {'endpoint_type': 'instance_pin', 'endpoint_name': 'XSRAM_6T_CELL_7_4.BLB'}, {'endpoint_type': 'instance_pin', 'endpoint_name': 'XSRAM_6T_CELL_8_4.BLB'}, {'endpoint_type': 'instance_pin', 'endpoint_name': 'XSRAM_6T_CELL_9_4.BLB'}, {'endpoint_type': 'instance_pin', 'endpoint_name': 'XSRAM_6T_CELL_10_4.BLB'}, {'endpoint_type': 'instance_pin', 'endpoint_name': 'XSRAM_6T_CELL_11_4.BLB'}, {'endpoint_type': 'instance_pin', 'endpoint_name': 'XSRAM_6T_CELL_12_4.BLB'}, {'endpoint_type': 'instance_pin', 'endpoint_name': 'XSRAM_6T_CELL_13_4.BLB'}, {'endpoint_type': 'instance_pin', 'endpoint_name': 'XSRAM_6T_CELL_14_4.BLB'}, {'endpoint_type': 'instance_pin', 'endpoint_name': 'XSRAM_6T_CELL_15_4.BLB'}]"
SRAM_6T_CORE_16x16,BLB5,blb5,17,False,internal,"{'source_file': 'sram_compiler/testbenches/sram_6t_core_testbench.py::Sram6TCoreTestbench.create_testbench', 'source_class': '', 'source_module_name': 'SRAM_6T_CORE_16x16', 'role_hint': 'EXTRACTED_FROM_GENERATED_NETLIST'}","[{'endpoint_type': 'module_pin', 'endpoint_name': 'BLB5'}, {'endpoint_type': 'instance_pin', 'endpoint_name': 'XSRAM_6T_CELL_0_5.BLB'}, {'endpoint_type': 'instance_pin', 'endpoint_name': 'XSRAM_6T_CELL_1_5.BLB'}, {'endpoint_type': 'instance_pin', 'endpoint_name': 'XSRAM_6T_CELL_2_5.BLB'}, {'endpoint_type': 'instance_pin', 'endpoint_name': 'XSRAM_6T_CELL_3_5.BLB'}, {'endpoint_type': 'instance_pin', 'endpoint_name': 'XSRAM_6T_CELL_4_5.BLB'}, {'endpoint_type': 'instance_pin', 'endpoint_name': 'XSRAM_6T_CELL_5_5.BLB'}, {'endpoint_type': 'instance_pin', 'endpoint_name': 'XSRAM_6T_CELL_6_5.BLB'}, {'endpoint_type': 'instance_pin', 'endpoint_name': 'XSRAM_6T_CELL_7_5.BLB'}, {'endpoint_type': 'instance_pin', 'endpoint_name': 'XSRAM_6T_CELL_8_5.BLB'}, {'endpoint_type': 'instance_pin', 'endpoint_name': 'XSRAM_6T_CELL_9_5.BLB'}, {'endpoint_type': 'instance_pin', 'endpoint_name': 'XSRAM_6T_CELL_10_5.BLB'}, {'endpoint_type': 'instance_pin', 'endpoint_name': 'XSRAM_6T_CELL_11_5.BLB'}, {'endpoint_type': 'instance_pin', 'endpoint_name': 'XSRAM_6T_CELL_12_5.BLB'}, {'endpoint_type': 'instance_pin', 'endpoint_name': 'XSRAM_6T_CELL_13_5.BLB'}, {'endpoint_type': 'instance_pin', 'endpoint_name': 'XSRAM_6T_CELL_14_5.BLB'}, {'endpoint_type': 'instance_pin', 'endpoint_name': 'XSRAM_6T_CELL_15_5.BLB'}]"
SRAM_6T_CORE_16x16,BLB6,blb6,17,False,internal,"{'source_file': 'sram_compiler/testbenches/sram_6t_core_testbench.py::Sram6TCoreTestbench.create_testbench', 'source_class': '', 'source_module_name': 'SRAM_6T_CORE_16x16', 'role_hint': 'EXTRACTED_FROM_GENERATED_NETLIST'}","[{'endpoint_type': 'module_pin', 'endpoint_name': 'BLB6'}, {'endpoint_type': 'instance_pin', 'endpoint_name': 'XSRAM_6T_CELL_0_6.BLB'}, {'endpoint_type': 'instance_pin', 'endpoint_name': 'XSRAM_6T_CELL_1_6.BLB'}, {'endpoint_type': 'instance_pin', 'endpoint_name': 'XSRAM_6T_CELL_2_6.BLB'}, {'endpoint_type': 'instance_pin', 'endpoint_name': 'XSRAM_6T_CELL_3_6.BLB'}, {'endpoint_type': 'instance_pin', 'endpoint_name': 'XSRAM_6T_CELL_4_6.BLB'}, {'endpoint_type': 'instance_pin', 'endpoint_name': 'XSRAM_6T_CELL_5_6.BLB'}, {'endpoint_type': 'instance_pin', 'endpoint_name': 'XSRAM_6T_CELL_6_6.BLB'}, {'endpoint_type': 'instance_pin', 'endpoint_name': 'XSRAM_6T_CELL_7_6.BLB'}, {'endpoint_type': 'instance_pin', 'endpoint_name': 'XSRAM_6T_CELL_8_6.BLB'}, {'endpoint_type': 'instance_pin', 'endpoint_name': 'XSRAM_6T_CELL_9_6.BLB'}, {'endpoint_type': 'instance_pin', 'endpoint_name': 'XSRAM_6T_CELL_10_6.BLB'}, {'endpoint_type': 'instance_pin', 'endpoint_name': 'XSRAM_6T_CELL_11_6.BLB'}, {'endpoint_type': 'instance_pin', 'endpoint_name': 'XSRAM_6T_CELL_12_6.BLB'}, {'endpoint_type': 'instance_pin', 'endpoint_name': 'XSRAM_6T_CELL_13_6.BLB'}, {'endpoint_type': 'instance_pin', 'endpoint_name': 'XSRAM_6T_CELL_14_6.BLB'}, {'endpoint_type': 'instance_pin', 'endpoint_name': 'XSRAM_6T_CELL_15_6.BLB'}]"
SRAM_6T_CORE_16x16,BLB7,blb7,17,False,internal,"{'source_file': 'sram_compiler/testbenches/sram_6t_core_testbench.py::Sram6TCoreTestbench.create_testbench', 'source_class': '', 'source_module_name': 'SRAM_6T_CORE_16x16', 'role_hint': 'EXTRACTED_FROM_GENERATED_NETLIST'}","[{'endpoint_type': 'module_pin', 'endpoint_name': 'BLB7'}, {'endpoint_type': 'instance_pin', 'endpoint_name': 'XSRAM_6T_CELL_0_7.BLB'}, {'endpoint_type': 'instance_pin', 'endpoint_name': 'XSRAM_6T_CELL_1_7.BLB'}, {'endpoint_type': 'instance_pin', 'endpoint_name': 'XSRAM_6T_CELL_2_7.BLB'}, {'endpoint_type': 'instance_pin', 'endpoint_name': 'XSRAM_6T_CELL_3_7.BLB'}, {'endpoint_type': 'instance_pin', 'endpoint_name': 'XSRAM_6T_CELL_4_7.BLB'}, {'endpoint_type': 'instance_pin', 'endpoint_name': 'XSRAM_6T_CELL_5_7.BLB'}, {'endpoint_type': 'instance_pin', 'endpoint_name': 'XSRAM_6T_CELL_6_7.BLB'}, {'endpoint_type': 'instance_pin', 'endpoint_name': 'XSRAM_6T_CELL_7_7.BLB'}, {'endpoint_type': 'instance_pin', 'endpoint_name': 'XSRAM_6T_CELL_8_7.BLB'}, {'endpoint_type': 'instance_pin', 'endpoint_name': 'XSRAM_6T_CELL_9_7.BLB'}, {'endpoint_type': 'instance_pin', 'endpoint_name': 'XSRAM_6T_CELL_10_7.BLB'}, {'endpoint_type': 'instance_pin', 'endpoint_name': 'XSRAM_6T_CELL_11_7.BLB'}, {'endpoint_type': 'instance_pin', 'endpoint_name': 'XSRAM_6T_CELL_12_7.BLB'}, {'endpoint_type': 'instance_pin', 'endpoint_name': 'XSRAM_6T_CELL_13_7.BLB'}, {'endpoint_type': 'instance_pin', 'endpoint_name': 'XSRAM_6T_CELL_14_7.BLB'}, {'endpoint_type': 'instance_pin', 'endpoint_name': 'XSRAM_6T_CELL_15_7.BLB'}]"
SRAM_6T_CORE_16x16,BLB8,blb8,17,False,internal,"{'source_file': 'sram_compiler/testbenches/sram_6t_core_testbench.py::Sram6TCoreTestbench.create_testbench', 'source_class': '', 'source_module_name': 'SRAM_6T_CORE_16x16', 'role_hint': 'EXTRACTED_FROM_GENERATED_NETLIST'}","[{'endpoint_type': 'module_pin', 'endpoint_name': 'BLB8'}, {'endpoint_type': 'instance_pin', 'endpoint_name': 'XSRAM_6T_CELL_0_8.BLB'}, {'endpoint_type': 'instance_pin', 'endpoint_name': 'XSRAM_6T_CELL_1_8.BLB'}, {'endpoint_type': 'instance_pin', 'endpoint_name': 'XSRAM_6T_CELL_2_8.BLB'}, {'endpoint_type': 'instance_pin', 'endpoint_name': 'XSRAM_6T_CELL_3_8.BLB'}, {'endpoint_type': 'instance_pin', 'endpoint_name': 'XSRAM_6T_CELL_4_8.BLB'}, {'endpoint_type': 'instance_pin', 'endpoint_name': 'XSRAM_6T_CELL_5_8.BLB'}, {'endpoint_type': 'instance_pin', 'endpoint_name': 'XSRAM_6T_CELL_6_8.BLB'}, {'endpoint_type': 'instance_pin', 'endpoint_name': 'XSRAM_6T_CELL_7_8.BLB'}, {'endpoint_type': 'instance_pin', 'endpoint_name': 'XSRAM_6T_CELL_8_8.BLB'}, {'endpoint_type': 'instance_pin', 'endpoint_name': 'XSRAM_6T_CELL_9_8.BLB'}, {'endpoint_type': 'instance_pin', 'endpoint_name': 'XSRAM_6T_CELL_10_8.BLB'}, {'endpoint_type': 'instance_pin', 'endpoint_name': 'XSRAM_6T_CELL_11_8.BLB'}, {'endpoint_type': 'instance_pin', 'endpoint_name': 'XSRAM_6T_CELL_12_8.BLB'}, {'endpoint_type': 'instance_pin', 'endpoint_name': 'XSRAM_6T_CELL_13_8.BLB'}, {'endpoint_type': 'instance_pin', 'endpoint_name': 'XSRAM_6T_CELL_14_8.BLB'}, {'endpoint_type': 'instance_pin', 'endpoint_name': 'XSRAM_6T_CELL_15_8.BLB'}]"
SRAM_6T_CORE_16x16,BLB9,blb9,17,False,internal,"{'source_file': 'sram_compiler/testbenches/sram_6t_core_testbench.py::Sram6TCoreTestbench.create_testbench', 'source_class': '', 'source_module_name': 'SRAM_6T_CORE_16x16', 'role_hint': 'EXTRACTED_FROM_GENERATED_NETLIST'}","[{'endpoint_type': 'module_pin', 'endpoint_name': 'BLB9'}, {'endpoint_type': 'instance_pin', 'endpoint_name': 'XSRAM_6T_CELL_0_9.BLB'}, {'endpoint_type': 'instance_pin', 'endpoint_name': 'XSRAM_6T_CELL_1_9.BLB'}, {'endpoint_type': 'instance_pin', 'endpoint_name': 'XSRAM_6T_CELL_2_9.BLB'}, {'endpoint_type': 'instance_pin', 'endpoint_name': 'XSRAM_6T_CELL_3_9.BLB'}, {'endpoint_type': 'instance_pin', 'endpoint_name': 'XSRAM_6T_CELL_4_9.BLB'}, {'endpoint_type': 'instance_pin', 'endpoint_name': 'XSRAM_6T_CELL_5_9.BLB'}, {'endpoint_type': 'instance_pin', 'endpoint_name': 'XSRAM_6T_CELL_6_9.BLB'}, {'endpoint_type': 'instance_pin', 'endpoint_name': 'XSRAM_6T_CELL_7_9.BLB'}, {'endpoint_type': 'instance_pin', 'endpoint_name': 'XSRAM_6T_CELL_8_9.BLB'}, {'endpoint_type': 'instance_pin', 'endpoint_name': 'XSRAM_6T_CELL_9_9.BLB'}, {'endpoint_type': 'instance_pin', 'endpoint_name': 'XSRAM_6T_CELL_10_9.BLB'}, {'endpoint_type': 'instance_pin', 'endpoint_name': 'XSRAM_6T_CELL_11_9.BLB'}, {'endpoint_type': 'instance_pin', 'endpoint_name': 'XSRAM_6T_CELL_12_9.BLB'}, {'endpoint_type': 'instance_pin', 'endpoint_name': 'XSRAM_6T_CELL_13_9.BLB'}, {'endpoint_type': 'instance_pin', 'endpoint_name': 'XSRAM_6T_CELL_14_9.BLB'}, {'endpoint_type': 'instance_pin', 'endpoint_name': 'XSRAM_6T_CELL_15_9.BLB'}]"
SRAM_6T_CORE_16x16,VDD,vdd,257,False,power,"{'source_file': 'sram_compiler/testbenches/sram_6t_core_testbench.py::Sram6TCoreTestbench.create_testbench', 'source_class': '', 'source_module_name': 'SRAM_6T_CORE_16x16', 'role_hint': 'EXTRACTED_FROM_GENERATED_NETLIST'}","[{'endpoint_type': 'module_pin', 'endpoint_name': 'VDD'}, {'endpoint_type': 'instance_pin', 'endpoint_name': 'XSRAM_6T_CELL_0_0.VDD'}, {'endpoint_type': 'instance_pin', 'endpoint_name': 'XSRAM_6T_CELL_0_1.VDD'}, {'endpoint_type': 'instance_pin', 'endpoint_name': 'XSRAM_6T_CELL_0_2.VDD'}, {'endpoint_type': 'instance_pin', 'endpoint_name': 'XSRAM_6T_CELL_0_3.VDD'}, {'endpoint_type': 'instance_pin', 'endpoint_name': 'XSRAM_6T_CELL_0_4.VDD'}, {'endpoint_type': 'instance_pin', 'endpoint_name': 'XSRAM_6T_CELL_0_5.VDD'}, {'endpoint_type': 'instance_pin', 'endpoint_name': 'XSRAM_6T_CELL_0_6.VDD'}, {'endpoint_type': 'instance_pin', 'endpoint_name': 'XSRAM_6T_CELL_0_7.VDD'}, {'endpoint_type': 'instance_pin', 'endpoint_name': 'XSRAM_6T_CELL_0_8.VDD'}, {'endpoint_type': 'instance_pin', 'endpoint_name': 'XSRAM_6T_CELL_0_9.VDD'}, {'endpoint_type': 'instance_pin', 'endpoint_name': 'XSRAM_6T_CELL_0_10.VDD'}, {'endpoint_type': 'instance_pin', 'endpoint_name': 'XSRAM_6T_CELL_0_11.VDD'}, {'endpoint_type': 'instance_pin', 'endpoint_name': 'XSRAM_6T_CELL_0_12.VDD'}, {'endpoint_type': 'instance_pin', 'endpoint_name': 'XSRAM_6T_CELL_0_13.VDD'}, {'endpoint_type': 'instance_pin', 'endpoint_name': 'XSRAM_6T_CELL_0_14.VDD'}, {'endpoint_type': 'instance_pin', 'endpoint_name': 'XSRAM_6T_CELL_0_15.VDD'}, {'endpoint_type': 'instance_pin', 'endpoint_name': 'XSRAM_6T_CELL_1_0.VDD'}, {'endpoint_type': 'instance_pin', 'endpoint_name': 'XSRAM_6T_CELL_1_1.VDD'}, {'endpoint_type': 'instance_pin', 'endpoint_name': 'XSRAM_6T_CELL_1_2.VDD'}, {'endpoint_type': 'instance_pin', 'endpoint_name': 'XSRAM_6T_CELL_1_3.VDD'}, {'endpoint_type': 'instance_pin', 'endpoint_name': 'XSRAM_6T_CELL_1_4.VDD'}, {'endpoint_type': 'instance_pin', 'endpoint_name': 'XSRAM_6T_CELL_1_5.VDD'}, {'endpoint_type': 'instance_pin', 'endpoint_name': 'XSRAM_6T_CELL_1_6.VDD'}, {'endpoint_type': 'instance_pin', 'endpoint_name': 'XSRAM_6T_CELL_1_7.VDD'}, {'endpoint_type': 'instance_pin', 'endpoint_name': 'XSRAM_6T_CELL_1_8.VDD'}, {'endpoint_type': 'instance_pin', 'endpoint_name': 'XSRAM_6T_CELL_1_9.VDD'}, {'endpoint_type': 'instance_pin', 'endpoint_name': 'XSRAM_6T_CELL_1_10.VDD'}, {'endpoint_type': 'instance_pin', 'endpoint_name': 'XSRAM_6T_CELL_1_11.VDD'}, {'endpoint_type': 'instance_pin', 'endpoint_name': 'XSRAM_6T_CELL_1_12.VDD'}, {'endpoint_type': 'instance_pin', 'endpoint_name': 'XSRAM_6T_CELL_1_13.VDD'}, {'endpoint_type': 'instance_pin', 'endpoint_name': 'XSRAM_6T_CELL_1_14.VDD'}, {'endpoint_type': 'instance_pin', 'endpoint_name': 'XSRAM_6T_CELL_1_15.VDD'}, {'endpoint_type': 'instance_pin', 'endpoint_name': 'XSRAM_6T_CELL_2_0.VDD'}, {'endpoint_type': 'instance_pin', 'endpoint_name': 'XSRAM_6T_CELL_2_1.VDD'}, {'endpoint_type': 'instance_pin', 'endpoint_name': 'XSRAM_6T_CELL_2_2.VDD'}, {'endpoint_type': 'instance_pin', 'endpoint_name': 'XSRAM_6T_CELL_2_3.VDD'}, {'endpoint_type': 'instance_pin', 'endpoint_name': 'XSRAM_6T_CELL_2_4.VDD'}, {'endpoint_type': 'instance_pin', 'endpoint_name': 'XSRAM_6T_CELL_2_5.VDD'}, {'endpoint_type': 'instance_pin', 'endpoint_name': 'XSRAM_6T_CELL_2_6.VDD'}, {'endpoint_type': 'instance_pin', 'endpoint_name': 'XSRAM_6T_CELL_2_7.VDD'}, {'endpoint_type': 'instance_pin', 'endpoint_name': 'XSRAM_6T_CELL_2_8.VDD'}, {'endpoint_type': 'instance_pin', 'endpoint_name': 'XSRAM_6T_CELL_2_9.VDD'}, {'endpoint_type': 'instance_pin', 'endpoint_name': 'XSRAM_6T_CELL_2_10.VDD'}, {'endpoint_type': 'instance_pin', 'endpoint_name': 'XSRAM_6T_CELL_2_11.VDD'}, {'endpoint_type': 'instance_pin', 'endpoint_name': 'XSRAM_6T_CELL_2_12.VDD'}, {'endpoint_type': 'instance_pin', 'endpoint_name': 'XSRAM_6T_CELL_2_13.VDD'}, {'endpoint_type': 'instance_pin', 'endpoint_name': 'XSRAM_6T_CELL_2_14.VDD'}, {'endpoint_type': 'instance_pin', 'endpoint_name': 'XSRAM_6T_CELL_2_15.VDD'}, {'endpoint_type': 'instance_pin', 'endpoint_name': 'XSRAM_6T_CELL_3_0.VDD'}, {'endpoint_type': 'instance_pin', 'endpoint_name': 'XSRAM_6T_CELL_3_1.VDD'}, {'endpoint_type': 'instance_pin', 'endpoint_name': 'XSRAM_6T_CELL_3_2.VDD'}, {'endpoint_type': 'instance_pin', 'endpoint_name': 'XSRAM_6T_CELL_3_3.VDD'}, {'endpoint_type': 'instance_pin', 'endpoint_name': 'XSRAM_6T_CELL_3_4.VDD'}, {'endpoint_type': 'instance_pin', 'endpoint_name': 'XSRAM_6T_CELL_3_5.VDD'}, {'endpoint_type': 'instance_pin', 'endpoint_name': 'XSRAM_6T_CELL_3_6.VDD'}, {'endpoint_type': 'instance_pin', 'endpoint_name': 'XSRAM_6T_CELL_3_7.VDD'}, {'endpoint_type': 'instance_pin', 'endpoint_name': 'XSRAM_6T_CELL_3_8.VDD'}, {'endpoint_type': 'instance_pin', 'endpoint_name': 'XSRAM_6T_CELL_3_9.VDD'}, {'endpoint_type': 'instance_pin', 'endpoint_name': 'XSRAM_6T_CELL_3_10.VDD'}, {'endpoint_type': 'instance_pin', 'endpoint_name': 'XSRAM_6T_CELL_3_11.VDD'}, {'endpoint_type': 'instance_pin', 'endpoint_name': 'XSRAM_6T_CELL_3_12.VDD'}, {'endpoint_type': 'instance_pin', 'endpoint_name': 'XSRAM_6T_CELL_3_13.VDD'}, {'endpoint_type': 'instance_pin', 'endpoint_name': 'XSRAM_6T_CELL_3_14.VDD'}, {'endpoint_type': 'instance_pin', 'endpoint_name': 'XSRAM_6T_CELL_3_15.VDD'}, {'endpoint_type': 'instance_pin', 'endpoint_name': 'XSRAM_6T_CELL_4_0.VDD'}, {'endpoint_type': 'instance_pin', 'endpoint_name': 'XSRAM_6T_CELL_4_1.VDD'}, {'endpoint_type': 'instance_pin', 'endpoint_name': 'XSRAM_6T_CELL_4_2.VDD'}, {'endpoint_type': 'instance_pin', 'endpoint_name': 'XSRAM_6T_CELL_4_3.VDD'}, {'endpoint_type': 'instance_pin', 'endpoint_name': 'XSRAM_6T_CELL_4_4.VDD'}, {'endpoint_type': 'instance_pin', 'endpoint_name': 'XSRAM_6T_CELL_4_5.VDD'}, {'endpoint_type': 'instance_pin', 'endpoint_name': 'XSRAM_6T_CELL_4_6.VDD'}, {'endpoint_type': 'instance_pin', 'endpoint_name': 'XSRAM_6T_CELL_4_7.VDD'}, {'endpoint_type': 'instance_pin', 'endpoint_name': 'XSRAM_6T_CELL_4_8.VDD'}, {'endpoint_type': 'instance_pin', 'endpoint_name': 'XSRAM_6T_CELL_4_9.VDD'}, {'endpoint_type': 'instance_pin', 'endpoint_name': 'XSRAM_6T_CELL_4_10.VDD'}, {'endpoint_type': 'instance_pin', 'endpoint_name': 'XSRAM_6T_CELL_4_11.VDD'}, {'endpoint_type': 'instance_pin', 'endpoint_name': 'XSRAM_6T_CELL_4_12.VDD'}, {'endpoint_type': 'instance_pin', 'endpoint_name': 'XSRAM_6T_CELL_4_13.VDD'}, {'endpoint_type': 'instance_pin', 'endpoint_name': 'XSRAM_6T_CELL_4_14.VDD'}, {'endpoint_type': 'instance_pin', 'endpoint_name': 'XSRAM_6T_CELL_4_15.VDD'}, {'endpoint_type': 'instance_pin', 'endpoint_name': 'XSRAM_6T_CELL_5_0.VDD'}, {'endpoint_type': 'instance_pin', 'endpoint_name': 'XSRAM_6T_CELL_5_1.VDD'}, {'endpoint_type': 'instance_pin', 'endpoint_name': 'XSRAM_6T_CELL_5_2.VDD'}, {'endpoint_type': 'instance_pin', 'endpoint_name': 'XSRAM_6T_CELL_5_3.VDD'}, {'endpoint_type': 'instance_pin', 'endpoint_name': 'XSRAM_6T_CELL_5_4.VDD'}, {'endpoint_type': 'instance_pin', 'endpoint_name': 'XSRAM_6T_CELL_5_5.VDD'}, {'endpoint_type': 'instance_pin', 'endpoint_name': 'XSRAM_6T_CELL_5_6.VDD'}, {'endpoint_type': 'instance_pin', 'endpoint_name': 'XSRAM_6T_CELL_5_7.VDD'}, {'endpoint_type': 'instance_pin', 'endpoint_name': 'XSRAM_6T_CELL_5_8.VDD'}, {'endpoint_type': 'instance_pin', 'endpoint_name': 'XSRAM_6T_CELL_5_9.VDD'}, {'endpoint_type': 'instance_pin', 'endpoint_name': 'XSRAM_6T_CELL_5_10.VDD'}, {'endpoint_type': 'instance_pin', 'endpoint_name': 'XSRAM_6T_CELL_5_11.VDD'}, {'endpoint_type': 'instance_pin', 'endpoint_name': 'XSRAM_6T_CELL_5_12.VDD'}, {'endpoint_type': 'instance_pin', 'endpoint_name': 'XSRAM_6T_CELL_5_13.VDD'}, {'endpoint_type': 'instance_pin', 'endpoint_name': 'XSRAM_6T_CELL_5_14.VDD'}, {'endpoint_type': 'instance_pin', 'endpoint_name': 'XSRAM_6T_CELL_5_15.VDD'}, {'endpoint_type': 'instance_pin', 'endpoint_name': 'XSRAM_6T_CELL_6_0.VDD'}, {'endpoint_type': 'instance_pin', 'endpoint_name': 'XSRAM_6T_CELL_6_1.VDD'}, {'endpoint_type': 'instance_pin', 'endpoint_name': 'XSRAM_6T_CELL_6_2.VDD'}, {'endpoint_type': 'instance_pin', 'endpoint_name': 'XSRAM_6T_CELL_6_3.VDD'}, {'endpoint_type': 'instance_pin', 'endpoint_name': 'XSRAM_6T_CELL_6_4.VDD'}, {'endpoint_type': 'instance_pin', 'endpoint_name': 'XSRAM_6T_CELL_6_5.VDD'}, {'endpoint_type': 'instance_pin', 'endpoint_name': 'XSRAM_6T_CELL_6_6.VDD'}, {'endpoint_type': 'instance_pin', 'endpoint_name': 'XSRAM_6T_CELL_6_7.VDD'}, {'endpoint_type': 'instance_pin', 'endpoint_name': 'XSRAM_6T_CELL_6_8.VDD'}, {'endpoint_type': 'instance_pin', 'endpoint_name': 'XSRAM_6T_CELL_6_9.VDD'}, {'endpoint_type': 'instance_pin', 'endpoint_name': 'XSRAM_6T_CELL_6_10.VDD'}, {'endpoint_type': 'instance_pin', 'endpoint_name': 'XSRAM_6T_CELL_6_11.VDD'}, {'endpoint_type': 'instance_pin', 'endpoint_name': 'XSRAM_6T_CELL_6_12.VDD'}, {'endpoint_type': 'instance_pin', 'endpoint_name': 'XSRAM_6T_CELL_6_13.VDD'}, {'endpoint_type': 'instance_pin', 'endpoint_name': 'XSRAM_6T_CELL_6_14.VDD'}, {'endpoint_type': 'instance_pin', 'endpoint_name': 'XSRAM_6T_CELL_6_15.VDD'}, {'endpoint_type': 'instance_pin', 'endpoint_name': 'XSRAM_6T_CELL_7_0.VDD'}, {'endpoint_type': 'instance_pin', 'endpoint_name': 'XSRAM_6T_CELL_7_1.VDD'}, {'endpoint_type': 'instance_pin', 'endpoint_name': 'XSRAM_6T_CELL_7_2.VDD'}, {'endpoint_type': 'instance_pin', 'endpoint_name': 'XSRAM_6T_CELL_7_3.VDD'}, {'endpoint_type': 'instance_pin', 'endpoint_name': 'XSRAM_6T_CELL_7_4.VDD'}, {'endpoint_type': 'instance_pin', 'endpoint_name': 'XSRAM_6T_CELL_7_5.VDD'}, {'endpoint_type': 'instance_pin', 'endpoint_name': 'XSRAM_6T_CELL_7_6.VDD'}, {'endpoint_type': 'instance_pin', 'endpoint_name': 'XSRAM_6T_CELL_7_7.VDD'}, {'endpoint_type': 'instance_pin', 'endpoint_name': 'XSRAM_6T_CELL_7_8.VDD'}, {'endpoint_type': 'instance_pin', 'endpoint_name': 'XSRAM_6T_CELL_7_9.VDD'}, {'endpoint_type': 'instance_pin', 'endpoint_name': 'XSRAM_6T_CELL_7_10.VDD'}, {'endpoint_type': 'instance_pin', 'endpoint_name': 'XSRAM_6T_CELL_7_11.VDD'}, {'endpoint_type': 'instance_pin', 'endpoint_name': 'XSRAM_6T_CELL_7_12.VDD'}, {'endpoint_type': 'instance_pin', 'endpoint_name': 'XSRAM_6T_CELL_7_13.VDD'}, {'endpoint_type': 'instance_pin', 'endpoint_name': 'XSRAM_6T_CELL_7_14.VDD'}, {'endpoint_type': 'instance_pin', 'endpoint_name': 'XSRAM_6T_CELL_7_15.VDD'}, {'endpoint_type': 'instance_pin', 'endpoint_name': 'XSRAM_6T_CELL_8_0.VDD'}, {'endpoint_type': 'instance_pin', 'endpoint_name': 'XSRAM_6T_CELL_8_1.VDD'}, {'endpoint_type': 'instance_pin', 'endpoint_name': 'XSRAM_6T_CELL_8_2.VDD'}, {'endpoint_type': 'instance_pin', 'endpoint_name': 'XSRAM_6T_CELL_8_3.VDD'}, {'endpoint_type': 'instance_pin', 'endpoint_name': 'XSRAM_6T_CELL_8_4.VDD'}, {'endpoint_type': 'instance_pin', 'endpoint_name': 'XSRAM_6T_CELL_8_5.VDD'}, {'endpoint_type': 'instance_pin', 'endpoint_name': 'XSRAM_6T_CELL_8_6.VDD'}, {'endpoint_type': 'instance_pin', 'endpoint_name': 'XSRAM_6T_CELL_8_7.VDD'}, {'endpoint_type': 'instance_pin', 'endpoint_name': 'XSRAM_6T_CELL_8_8.VDD'}, {'endpoint_type': 'instance_pin', 'endpoint_name': 'XSRAM_6T_CELL_8_9.VDD'}, {'endpoint_type': 'instance_pin', 'endpoint_name': 'XSRAM_6T_CELL_8_10.VDD'}, {'endpoint_type': 'instance_pin', 'endpoint_name': 'XSRAM_6T_CELL_8_11.VDD'}, {'endpoint_type': 'instance_pin', 'endpoint_name': 'XSRAM_6T_CELL_8_12.VDD'}, {'endpoint_type': 'instance_pin', 'endpoint_name': 'XSRAM_6T_CELL_8_13.VDD'}, {'endpoint_type': 'instance_pin', 'endpoint_name': 'XSRAM_6T_CELL_8_14.VDD'}, {'endpoint_type': 'instance_pin', 'endpoint_name': 'XSRAM_6T_CELL_8_15.VDD'}, {'endpoint_type': 'instance_pin', 'endpoint_name': 'XSRAM_6T_CELL_9_0.VDD'}, {'endpoint_type': 'instance_pin', 'endpoint_name': 'XSRAM_6T_CELL_9_1.VDD'}, {'endpoint_type': 'instance_pin', 'endpoint_name': 'XSRAM_6T_CELL_9_2.VDD'}, {'endpoint_type': 'instance_pin', 'endpoint_name': 'XSRAM_6T_CELL_9_3.VDD'}, {'endpoint_type': 'instance_pin', 'endpoint_name': 'XSRAM_6T_CELL_9_4.VDD'}, {'endpoint_type': 'instance_pin', 'endpoint_name': 'XSRAM_6T_CELL_9_5.VDD'}, {'endpoint_type': 'instance_pin', 'endpoint_name': 'XSRAM_6T_CELL_9_6.VDD'}, {'endpoint_type': 'instance_pin', 'endpoint_name': 'XSRAM_6T_CELL_9_7.VDD'}, {'endpoint_type': 'instance_pin', 'endpoint_name': 'XSRAM_6T_CELL_9_8.VDD'}, {'endpoint_type': 'instance_pin', 'endpoint_name': 'XSRAM_6T_CELL_9_9.VDD'}, {'endpoint_type': 'instance_pin', 'endpoint_name': 'XSRAM_6T_CELL_9_10.VDD'}, {'endpoint_type': 'instance_pin', 'endpoint_name': 'XSRAM_6T_CELL_9_11.VDD'}, {'endpoint_type': 'instance_pin', 'endpoint_name': 'XSRAM_6T_CELL_9_12.VDD'}, {'endpoint_type': 'instance_pin', 'endpoint_name': 'XSRAM_6T_CELL_9_13.VDD'}, {'endpoint_type': 'instance_pin', 'endpoint_name': 'XSRAM_6T_CELL_9_14.VDD'}, {'endpoint_type': 'instance_pin', 'endpoint_name': 'XSRAM_6T_CELL_9_15.VDD'}, {'endpoint_type': 'instance_pin', 'endpoint_name': 'XSRAM_6T_CELL_10_0.VDD'}, {'endpoint_type': 'instance_pin', 'endpoint_name': 'XSRAM_6T_CELL_10_1.VDD'}, {'endpoint_type': 'instance_pin', 'endpoint_name': 'XSRAM_6T_CELL_10_2.VDD'}, {'endpoint_type': 'instance_pin', 'endpoint_name': 'XSRAM_6T_CELL_10_3.VDD'}, {'endpoint_type': 'instance_pin', 'endpoint_name': 'XSRAM_6T_CELL_10_4.VDD'}, {'endpoint_type': 'instance_pin', 'endpoint_name': 'XSRAM_6T_CELL_10_5.VDD'}, {'endpoint_type': 'instance_pin', 'endpoint_name': 'XSRAM_6T_CELL_10_6.VDD'}, {'endpoint_type': 'instance_pin', 'endpoint_name': 'XSRAM_6T_CELL_10_7.VDD'}, {'endpoint_type': 'instance_pin', 'endpoint_name': 'XSRAM_6T_CELL_10_8.VDD'}, {'endpoint_type': 'instance_pin', 'endpoint_name': 'XSRAM_6T_CELL_10_9.VDD'}, {'endpoint_type': 'instance_pin', 'endpoint_name': 'XSRAM_6T_CELL_10_10.VDD'}, {'endpoint_type': 'instance_pin', 'endpoint_name': 'XSRAM_6T_CELL_10_11.VDD'}, {'endpoint_type': 'instance_pin', 'endpoint_name': 'XSRAM_6T_CELL_10_12.VDD'}, {'endpoint_type': 'instance_pin', 'endpoint_name': 'XSRAM_6T_CELL_10_13.VDD'}, {'endpoint_type': 'instance_pin', 'endpoint_name': 'XSRAM_6T_CELL_10_14.VDD'}, {'endpoint_type': 'instance_pin', 'endpoint_name': 'XSRAM_6T_CELL_10_15.VDD'}, {'endpoint_type': 'instance_pin', 'endpoint_name': 'XSRAM_6T_CELL_11_0.VDD'}, {'endpoint_type': 'instance_pin', 'endpoint_name': 'XSRAM_6T_CELL_11_1.VDD'}, {'endpoint_type': 'instance_pin', 'endpoint_name': 'XSRAM_6T_CELL_11_2.VDD'}, {'endpoint_type': 'instance_pin', 'endpoint_name': 'XSRAM_6T_CELL_11_3.VDD'}, {'endpoint_type': 'instance_pin', 'endpoint_name': 'XSRAM_6T_CELL_11_4.VDD'}, {'endpoint_type': 'instance_pin', 'endpoint_name': 'XSRAM_6T_CELL_11_5.VDD'}, {'endpoint_type': 'instance_pin', 'endpoint_name': 'XSRAM_6T_CELL_11_6.VDD'}, {'endpoint_type': 'instance_pin', 'endpoint_name': 'XSRAM_6T_CELL_11_7.VDD'}, {'endpoint_type': 'instance_pin', 'endpoint_name': 'XSRAM_6T_CELL_11_8.VDD'}, {'endpoint_type': 'instance_pin', 'endpoint_name': 'XSRAM_6T_CELL_11_9.VDD'}, {'endpoint_type': 'instance_pin', 'endpoint_name': 'XSRAM_6T_CELL_11_10.VDD'}, {'endpoint_type': 'instance_pin', 'endpoint_name': 'XSRAM_6T_CELL_11_11.VDD'}, {'endpoint_type': 'instance_pin', 'endpoint_name': 'XSRAM_6T_CELL_11_12.VDD'}, {'endpoint_type': 'instance_pin', 'endpoint_name': 'XSRAM_6T_CELL_11_13.VDD'}, {'endpoint_type': 'instance_pin', 'endpoint_name': 'XSRAM_6T_CELL_11_14.VDD'}, {'endpoint_type': 'instance_pin', 'endpoint_name': 'XSRAM_6T_CELL_11_15.VDD'}, {'endpoint_type': 'instance_pin', 'endpoint_name': 'XSRAM_6T_CELL_12_0.VDD'}, {'endpoint_type': 'instance_pin', 'endpoint_name': 'XSRAM_6T_CELL_12_1.VDD'}, {'endpoint_type': 'instance_pin', 'endpoint_name': 'XSRAM_6T_CELL_12_2.VDD'}, {'endpoint_type': 'instance_pin', 'endpoint_name': 'XSRAM_6T_CELL_12_3.VDD'}, {'endpoint_type': 'instance_pin', 'endpoint_name': 'XSRAM_6T_CELL_12_4.VDD'}, {'endpoint_type': 'instance_pin', 'endpoint_name': 'XSRAM_6T_CELL_12_5.VDD'}, {'endpoint_type': 'instance_pin', 'endpoint_name': 'XSRAM_6T_CELL_12_6.VDD'}, {'endpoint_type': 'instance_pin', 'endpoint_name': 'XSRAM_6T_CELL_12_7.VDD'}, {'endpoint_type': 'instance_pin', 'endpoint_name': 'XSRAM_6T_CELL_12_8.VDD'}, {'endpoint_type': 'instance_pin', 'endpoint_name': 'XSRAM_6T_CELL_12_9.VDD'}, {'endpoint_type': 'instance_pin', 'endpoint_name': 'XSRAM_6T_CELL_12_10.VDD'}, {'endpoint_type': 'instance_pin', 'endpoint_name': 'XSRAM_6T_CELL_12_11.VDD'}, {'endpoint_type': 'instance_pin', 'endpoint_name': 'XSRAM_6T_CELL_12_12.VDD'}, {'endpoint_type': 'instance_pin', 'endpoint_name': 'XSRAM_6T_CELL_12_13.VDD'}, {'endpoint_type': 'instance_pin', 'endpoint_name': 'XSRAM_6T_CELL_12_14.VDD'}, {'endpoint_type': 'instance_pin', 'endpoint_name': 'XSRAM_6T_CELL_12_15.VDD'}, {'endpoint_type': 'instance_pin', 'endpoint_name': 'XSRAM_6T_CELL_13_0.VDD'}, {'endpoint_type': 'instance_pin', 'endpoint_name': 'XSRAM_6T_CELL_13_1.VDD'}, {'endpoint_type': 'instance_pin', 'endpoint_name': 'XSRAM_6T_CELL_13_2.VDD'}, {'endpoint_type': 'instance_pin', 'endpoint_name': 'XSRAM_6T_CELL_13_3.VDD'}, {'endpoint_type': 'instance_pin', 'endpoint_name': 'XSRAM_6T_CELL_13_4.VDD'}, {'endpoint_type': 'instance_pin', 'endpoint_name': 'XSRAM_6T_CELL_13_5.VDD'}, {'endpoint_type': 'instance_pin', 'endpoint_name': 'XSRAM_6T_CELL_13_6.VDD'}, {'endpoint_type': 'instance_pin', 'endpoint_name': 'XSRAM_6T_CELL_13_7.VDD'}, {'endpoint_type': 'instance_pin', 'endpoint_name': 'XSRAM_6T_CELL_13_8.VDD'}, {'endpoint_type': 'instance_pin', 'endpoint_name': 'XSRAM_6T_CELL_13_9.VDD'}, {'endpoint_type': 'instance_pin', 'endpoint_name': 'XSRAM_6T_CELL_13_10.VDD'}, {'endpoint_type': 'instance_pin', 'endpoint_name': 'XSRAM_6T_CELL_13_11.VDD'}, {'endpoint_type': 'instance_pin', 'endpoint_name': 'XSRAM_6T_CELL_13_12.VDD'}, {'endpoint_type': 'instance_pin', 'endpoint_name': 'XSRAM_6T_CELL_13_13.VDD'}, {'endpoint_type': 'instance_pin', 'endpoint_name': 'XSRAM_6T_CELL_13_14.VDD'}, {'endpoint_type': 'instance_pin', 'endpoint_name': 'XSRAM_6T_CELL_13_15.VDD'}, {'endpoint_type': 'instance_pin', 'endpoint_name': 'XSRAM_6T_CELL_14_0.VDD'}, {'endpoint_type': 'instance_pin', 'endpoint_name': 'XSRAM_6T_CELL_14_1.VDD'}, {'endpoint_type': 'instance_pin', 'endpoint_name': 'XSRAM_6T_CELL_14_2.VDD'}, {'endpoint_type': 'instance_pin', 'endpoint_name': 'XSRAM_6T_CELL_14_3.VDD'}, {'endpoint_type': 'instance_pin', 'endpoint_name': 'XSRAM_6T_CELL_14_4.VDD'}, {'endpoint_type': 'instance_pin', 'endpoint_name': 'XSRAM_6T_CELL_14_5.VDD'}, {'endpoint_type': 'instance_pin', 'endpoint_name': 'XSRAM_6T_CELL_14_6.VDD'}, {'endpoint_type': 'instance_pin', 'endpoint_name': 'XSRAM_6T_CELL_14_7.VDD'}, {'endpoint_type': 'instance_pin', 'endpoint_name': 'XSRAM_6T_CELL_14_8.VDD'}, {'endpoint_type': 'instance_pin', 'endpoint_name': 'XSRAM_6T_CELL_14_9.VDD'}, {'endpoint_type': 'instance_pin', 'endpoint_name': 'XSRAM_6T_CELL_14_10.VDD'}, {'endpoint_type': 'instance_pin', 'endpoint_name': 'XSRAM_6T_CELL_14_11.VDD'}, {'endpoint_type': 'instance_pin', 'endpoint_name': 'XSRAM_6T_CELL_14_12.VDD'}, {'endpoint_type': 'instance_pin', 'endpoint_name': 'XSRAM_6T_CELL_14_13.VDD'}, {'endpoint_type': 'instance_pin', 'endpoint_name': 'XSRAM_6T_CELL_14_14.VDD'}, {'endpoint_type': 'instance_pin', 'endpoint_name': 'XSRAM_6T_CELL_14_15.VDD'}, {'endpoint_type': 'instance_pin', 'endpoint_name': 'XSRAM_6T_CELL_15_0.VDD'}, {'endpoint_type': 'instance_pin', 'endpoint_name': 'XSRAM_6T_CELL_15_1.VDD'}, {'endpoint_type': 'instance_pin', 'endpoint_name': 'XSRAM_6T_CELL_15_2.VDD'}, {'endpoint_type': 'instance_pin', 'endpoint_name': 'XSRAM_6T_CELL_15_3.VDD'}, {'endpoint_type': 'instance_pin', 'endpoint_name': 'XSRAM_6T_CELL_15_4.VDD'}, {'endpoint_type': 'instance_pin', 'endpoint_name': 'XSRAM_6T_CELL_15_5.VDD'}, {'endpoint_type': 'instance_pin', 'endpoint_name': 'XSRAM_6T_CELL_15_6.VDD'}, {'endpoint_type': 'instance_pin', 'endpoint_name': 'XSRAM_6T_CELL_15_7.VDD'}, {'endpoint_type': 'instance_pin', 'endpoint_name': 'XSRAM_6T_CELL_15_8.VDD'}, {'endpoint_type': 'instance_pin', 'endpoint_name': 'XSRAM_6T_CELL_15_9.VDD'}, {'endpoint_type': 'instance_pin', 'endpoint_name': 'XSRAM_6T_CELL_15_10.VDD'}, {'endpoint_type': 'instance_pin', 'endpoint_name': 'XSRAM_6T_CELL_15_11.VDD'}, {'endpoint_type': 'instance_pin', 'endpoint_name': 'XSRAM_6T_CELL_15_12.VDD'}, {'endpoint_type': 'instance_pin', 'endpoint_name': 'XSRAM_6T_CELL_15_13.VDD'}, {'endpoint_type': 'instance_pin', 'endpoint_name': 'XSRAM_6T_CELL_15_14.VDD'}, {'endpoint_type': 'instance_pin', 'endpoint_name': 'XSRAM_6T_CELL_15_15.VDD'}]"
SRAM_6T_CORE_16x16,VSS,vss,257,False,ground,"{'source_file': 'sram_compiler/testbenches/sram_6t_core_testbench.py::Sram6TCoreTestbench.create_testbench', 'source_class': '', 'source_module_name': 'SRAM_6T_CORE_16x16', 'role_hint': 'EXTRACTED_FROM_GENERATED_NETLIST'}","[{'endpoint_type': 'module_pin', 'endpoint_name': 'VSS'}, {'endpoint_type': 'instance_pin', 'endpoint_name': 'XSRAM_6T_CELL_0_0.VSS'}, {'endpoint_type': 'instance_pin', 'endpoint_name': 'XSRAM_6T_CELL_0_1.VSS'}, {'endpoint_type': 'instance_pin', 'endpoint_name': 'XSRAM_6T_CELL_0_2.VSS'}, {'endpoint_type': 'instance_pin', 'endpoint_name': 'XSRAM_6T_CELL_0_3.VSS'}, {'endpoint_type': 'instance_pin', 'endpoint_name': 'XSRAM_6T_CELL_0_4.VSS'}, {'endpoint_type': 'instance_pin', 'endpoint_name': 'XSRAM_6T_CELL_0_5.VSS'}, {'endpoint_type': 'instance_pin', 'endpoint_name': 'XSRAM_6T_CELL_0_6.VSS'}, {'endpoint_type': 'instance_pin', 'endpoint_name': 'XSRAM_6T_CELL_0_7.VSS'}, {'endpoint_type': 'instance_pin', 'endpoint_name': 'XSRAM_6T_CELL_0_8.VSS'}, {'endpoint_type': 'instance_pin', 'endpoint_name': 'XSRAM_6T_CELL_0_9.VSS'}, {'endpoint_type': 'instance_pin', 'endpoint_name': 'XSRAM_6T_CELL_0_10.VSS'}, {'endpoint_type': 'instance_pin', 'endpoint_name': 'XSRAM_6T_CELL_0_11.VSS'}, {'endpoint_type': 'instance_pin', 'endpoint_name': 'XSRAM_6T_CELL_0_12.VSS'}, {'endpoint_type': 'instance_pin', 'endpoint_name': 'XSRAM_6T_CELL_0_13.VSS'}, {'endpoint_type': 'instance_pin', 'endpoint_name': 'XSRAM_6T_CELL_0_14.VSS'}, {'endpoint_type': 'instance_pin', 'endpoint_name': 'XSRAM_6T_CELL_0_15.VSS'}, {'endpoint_type': 'instance_pin', 'endpoint_name': 'XSRAM_6T_CELL_1_0.VSS'}, {'endpoint_type': 'instance_pin', 'endpoint_name': 'XSRAM_6T_CELL_1_1.VSS'}, {'endpoint_type': 'instance_pin', 'endpoint_name': 'XSRAM_6T_CELL_1_2.VSS'}, {'endpoint_type': 'instance_pin', 'endpoint_name': 'XSRAM_6T_CELL_1_3.VSS'}, {'endpoint_type': 'instance_pin', 'endpoint_name': 'XSRAM_6T_CELL_1_4.VSS'}, {'endpoint_type': 'instance_pin', 'endpoint_name': 'XSRAM_6T_CELL_1_5.VSS'}, {'endpoint_type': 'instance_pin', 'endpoint_name': 'XSRAM_6T_CELL_1_6.VSS'}, {'endpoint_type': 'instance_pin', 'endpoint_name': 'XSRAM_6T_CELL_1_7.VSS'}, {'endpoint_type': 'instance_pin', 'endpoint_name': 'XSRAM_6T_CELL_1_8.VSS'}, {'endpoint_type': 'instance_pin', 'endpoint_name': 'XSRAM_6T_CELL_1_9.VSS'}, {'endpoint_type': 'instance_pin', 'endpoint_name': 'XSRAM_6T_CELL_1_10.VSS'}, {'endpoint_type': 'instance_pin', 'endpoint_name': 'XSRAM_6T_CELL_1_11.VSS'}, {'endpoint_type': 'instance_pin', 'endpoint_name': 'XSRAM_6T_CELL_1_12.VSS'}, {'endpoint_type': 'instance_pin', 'endpoint_name': 'XSRAM_6T_CELL_1_13.VSS'}, {'endpoint_type': 'instance_pin', 'endpoint_name': 'XSRAM_6T_CELL_1_14.VSS'}, {'endpoint_type': 'instance_pin', 'endpoint_name': 'XSRAM_6T_CELL_1_15.VSS'}, {'endpoint_type': 'instance_pin', 'endpoint_name': 'XSRAM_6T_CELL_2_0.VSS'}, {'endpoint_type': 'instance_pin', 'endpoint_name': 'XSRAM_6T_CELL_2_1.VSS'}, {'endpoint_type': 'instance_pin', 'endpoint_name': 'XSRAM_6T_CELL_2_2.VSS'}, {'endpoint_type': 'instance_pin', 'endpoint_name': 'XSRAM_6T_CELL_2_3.VSS'}, {'endpoint_type': 'instance_pin', 'endpoint_name': 'XSRAM_6T_CELL_2_4.VSS'}, {'endpoint_type': 'instance_pin', 'endpoint_name': 'XSRAM_6T_CELL_2_5.VSS'}, {'endpoint_type': 'instance_pin', 'endpoint_name': 'XSRAM_6T_CELL_2_6.VSS'}, {'endpoint_type': 'instance_pin', 'endpoint_name': 'XSRAM_6T_CELL_2_7.VSS'}, {'endpoint_type': 'instance_pin', 'endpoint_name': 'XSRAM_6T_CELL_2_8.VSS'}, {'endpoint_type': 'instance_pin', 'endpoint_name': 'XSRAM_6T_CELL_2_9.VSS'}, {'endpoint_type': 'instance_pin', 'endpoint_name': 'XSRAM_6T_CELL_2_10.VSS'}, {'endpoint_type': 'instance_pin', 'endpoint_name': 'XSRAM_6T_CELL_2_11.VSS'}, {'endpoint_type': 'instance_pin', 'endpoint_name': 'XSRAM_6T_CELL_2_12.VSS'}, {'endpoint_type': 'instance_pin', 'endpoint_name': 'XSRAM_6T_CELL_2_13.VSS'}, {'endpoint_type': 'instance_pin', 'endpoint_name': 'XSRAM_6T_CELL_2_14.VSS'}, {'endpoint_type': 'instance_pin', 'endpoint_name': 'XSRAM_6T_CELL_2_15.VSS'}, {'endpoint_type': 'instance_pin', 'endpoint_name': 'XSRAM_6T_CELL_3_0.VSS'}, {'endpoint_type': 'instance_pin', 'endpoint_name': 'XSRAM_6T_CELL_3_1.VSS'}, {'endpoint_type': 'instance_pin', 'endpoint_name': 'XSRAM_6T_CELL_3_2.VSS'}, {'endpoint_type': 'instance_pin', 'endpoint_name': 'XSRAM_6T_CELL_3_3.VSS'}, {'endpoint_type': 'instance_pin', 'endpoint_name': 'XSRAM_6T_CELL_3_4.VSS'}, {'endpoint_type': 'instance_pin', 'endpoint_name': 'XSRAM_6T_CELL_3_5.VSS'}, {'endpoint_type': 'instance_pin', 'endpoint_name': 'XSRAM_6T_CELL_3_6.VSS'}, {'endpoint_type': 'instance_pin', 'endpoint_name': 'XSRAM_6T_CELL_3_7.VSS'}, {'endpoint_type': 'instance_pin', 'endpoint_name': 'XSRAM_6T_CELL_3_8.VSS'}, {'endpoint_type': 'instance_pin', 'endpoint_name': 'XSRAM_6T_CELL_3_9.VSS'}, {'endpoint_type': 'instance_pin', 'endpoint_name': 'XSRAM_6T_CELL_3_10.VSS'}, {'endpoint_type': 'instance_pin', 'endpoint_name': 'XSRAM_6T_CELL_3_11.VSS'}, {'endpoint_type': 'instance_pin', 'endpoint_name': 'XSRAM_6T_CELL_3_12.VSS'}, {'endpoint_type': 'instance_pin', 'endpoint_name': 'XSRAM_6T_CELL_3_13.VSS'}, {'endpoint_type': 'instance_pin', 'endpoint_name': 'XSRAM_6T_CELL_3_14.VSS'}, {'endpoint_type': 'instance_pin', 'endpoint_name': 'XSRAM_6T_CELL_3_15.VSS'}, {'endpoint_type': 'instance_pin', 'endpoint_name': 'XSRAM_6T_CELL_4_0.VSS'}, {'endpoint_type': 'instance_pin', 'endpoint_name': 'XSRAM_6T_CELL_4_1.VSS'}, {'endpoint_type': 'instance_pin', 'endpoint_name': 'XSRAM_6T_CELL_4_2.VSS'}, {'endpoint_type': 'instance_pin', 'endpoint_name': 'XSRAM_6T_CELL_4_3.VSS'}, {'endpoint_type': 'instance_pin', 'endpoint_name': 'XSRAM_6T_CELL_4_4.VSS'}, {'endpoint_type': 'instance_pin', 'endpoint_name': 'XSRAM_6T_CELL_4_5.VSS'}, {'endpoint_type': 'instance_pin', 'endpoint_name': 'XSRAM_6T_CELL_4_6.VSS'}, {'endpoint_type': 'instance_pin', 'endpoint_name': 'XSRAM_6T_CELL_4_7.VSS'}, {'endpoint_type': 'instance_pin', 'endpoint_name': 'XSRAM_6T_CELL_4_8.VSS'}, {'endpoint_type': 'instance_pin', 'endpoint_name': 'XSRAM_6T_CELL_4_9.VSS'}, {'endpoint_type': 'instance_pin', 'endpoint_name': 'XSRAM_6T_CELL_4_10.VSS'}, {'endpoint_type': 'instance_pin', 'endpoint_name': 'XSRAM_6T_CELL_4_11.VSS'}, {'endpoint_type': 'instance_pin', 'endpoint_name': 'XSRAM_6T_CELL_4_12.VSS'}, {'endpoint_type': 'instance_pin', 'endpoint_name': 'XSRAM_6T_CELL_4_13.VSS'}, {'endpoint_type': 'instance_pin', 'endpoint_name': 'XSRAM_6T_CELL_4_14.VSS'}, {'endpoint_type': 'instance_pin', 'endpoint_name': 'XSRAM_6T_CELL_4_15.VSS'}, {'endpoint_type': 'instance_pin', 'endpoint_name': 'XSRAM_6T_CELL_5_0.VSS'}, {'endpoint_type': 'instance_pin', 'endpoint_name': 'XSRAM_6T_CELL_5_1.VSS'}, {'endpoint_type': 'instance_pin', 'endpoint_name': 'XSRAM_6T_CELL_5_2.VSS'}, {'endpoint_type': 'instance_pin', 'endpoint_name': 'XSRAM_6T_CELL_5_3.VSS'}, {'endpoint_type': 'instance_pin', 'endpoint_name': 'XSRAM_6T_CELL_5_4.VSS'}, {'endpoint_type': 'instance_pin', 'endpoint_name': 'XSRAM_6T_CELL_5_5.VSS'}, {'endpoint_type': 'instance_pin', 'endpoint_name': 'XSRAM_6T_CELL_5_6.VSS'}, {'endpoint_type': 'instance_pin', 'endpoint_name': 'XSRAM_6T_CELL_5_7.VSS'}, {'endpoint_type': 'instance_pin', 'endpoint_name': 'XSRAM_6T_CELL_5_8.VSS'}, {'endpoint_type': 'instance_pin', 'endpoint_name': 'XSRAM_6T_CELL_5_9.VSS'}, {'endpoint_type': 'instance_pin', 'endpoint_name': 'XSRAM_6T_CELL_5_10.VSS'}, {'endpoint_type': 'instance_pin', 'endpoint_name': 'XSRAM_6T_CELL_5_11.VSS'}, {'endpoint_type': 'instance_pin', 'endpoint_name': 'XSRAM_6T_CELL_5_12.VSS'}, {'endpoint_type': 'instance_pin', 'endpoint_name': 'XSRAM_6T_CELL_5_13.VSS'}, {'endpoint_type': 'instance_pin', 'endpoint_name': 'XSRAM_6T_CELL_5_14.VSS'}, {'endpoint_type': 'instance_pin', 'endpoint_name': 'XSRAM_6T_CELL_5_15.VSS'}, {'endpoint_type': 'instance_pin', 'endpoint_name': 'XSRAM_6T_CELL_6_0.VSS'}, {'endpoint_type': 'instance_pin', 'endpoint_name': 'XSRAM_6T_CELL_6_1.VSS'}, {'endpoint_type': 'instance_pin', 'endpoint_name': 'XSRAM_6T_CELL_6_2.VSS'}, {'endpoint_type': 'instance_pin', 'endpoint_name': 'XSRAM_6T_CELL_6_3.VSS'}, {'endpoint_type': 'instance_pin', 'endpoint_name': 'XSRAM_6T_CELL_6_4.VSS'}, {'endpoint_type': 'instance_pin', 'endpoint_name': 'XSRAM_6T_CELL_6_5.VSS'}, {'endpoint_type': 'instance_pin', 'endpoint_name': 'XSRAM_6T_CELL_6_6.VSS'}, {'endpoint_type': 'instance_pin', 'endpoint_name': 'XSRAM_6T_CELL_6_7.VSS'}, {'endpoint_type': 'instance_pin', 'endpoint_name': 'XSRAM_6T_CELL_6_8.VSS'}, {'endpoint_type': 'instance_pin', 'endpoint_name': 'XSRAM_6T_CELL_6_9.VSS'}, {'endpoint_type': 'instance_pin', 'endpoint_name': 'XSRAM_6T_CELL_6_10.VSS'}, {'endpoint_type': 'instance_pin', 'endpoint_name': 'XSRAM_6T_CELL_6_11.VSS'}, {'endpoint_type': 'instance_pin', 'endpoint_name': 'XSRAM_6T_CELL_6_12.VSS'}, {'endpoint_type': 'instance_pin', 'endpoint_name': 'XSRAM_6T_CELL_6_13.VSS'}, {'endpoint_type': 'instance_pin', 'endpoint_name': 'XSRAM_6T_CELL_6_14.VSS'}, {'endpoint_type': 'instance_pin', 'endpoint_name': 'XSRAM_6T_CELL_6_15.VSS'}, {'endpoint_type': 'instance_pin', 'endpoint_name': 'XSRAM_6T_CELL_7_0.VSS'}, {'endpoint_type': 'instance_pin', 'endpoint_name': 'XSRAM_6T_CELL_7_1.VSS'}, {'endpoint_type': 'instance_pin', 'endpoint_name': 'XSRAM_6T_CELL_7_2.VSS'}, {'endpoint_type': 'instance_pin', 'endpoint_name': 'XSRAM_6T_CELL_7_3.VSS'}, {'endpoint_type': 'instance_pin', 'endpoint_name': 'XSRAM_6T_CELL_7_4.VSS'}, {'endpoint_type': 'instance_pin', 'endpoint_name': 'XSRAM_6T_CELL_7_5.VSS'}, {'endpoint_type': 'instance_pin', 'endpoint_name': 'XSRAM_6T_CELL_7_6.VSS'}, {'endpoint_type': 'instance_pin', 'endpoint_name': 'XSRAM_6T_CELL_7_7.VSS'}, {'endpoint_type': 'instance_pin', 'endpoint_name': 'XSRAM_6T_CELL_7_8.VSS'}, {'endpoint_type': 'instance_pin', 'endpoint_name': 'XSRAM_6T_CELL_7_9.VSS'}, {'endpoint_type': 'instance_pin', 'endpoint_name': 'XSRAM_6T_CELL_7_10.VSS'}, {'endpoint_type': 'instance_pin', 'endpoint_name': 'XSRAM_6T_CELL_7_11.VSS'}, {'endpoint_type': 'instance_pin', 'endpoint_name': 'XSRAM_6T_CELL_7_12.VSS'}, {'endpoint_type': 'instance_pin', 'endpoint_name': 'XSRAM_6T_CELL_7_13.VSS'}, {'endpoint_type': 'instance_pin', 'endpoint_name': 'XSRAM_6T_CELL_7_14.VSS'}, {'endpoint_type': 'instance_pin', 'endpoint_name': 'XSRAM_6T_CELL_7_15.VSS'}, {'endpoint_type': 'instance_pin', 'endpoint_name': 'XSRAM_6T_CELL_8_0.VSS'}, {'endpoint_type': 'instance_pin', 'endpoint_name': 'XSRAM_6T_CELL_8_1.VSS'}, {'endpoint_type': 'instance_pin', 'endpoint_name': 'XSRAM_6T_CELL_8_2.VSS'}, {'endpoint_type': 'instance_pin', 'endpoint_name': 'XSRAM_6T_CELL_8_3.VSS'}, {'endpoint_type': 'instance_pin', 'endpoint_name': 'XSRAM_6T_CELL_8_4.VSS'}, {'endpoint_type': 'instance_pin', 'endpoint_name': 'XSRAM_6T_CELL_8_5.VSS'}, {'endpoint_type': 'instance_pin', 'endpoint_name': 'XSRAM_6T_CELL_8_6.VSS'}, {'endpoint_type': 'instance_pin', 'endpoint_name': 'XSRAM_6T_CELL_8_7.VSS'}, {'endpoint_type': 'instance_pin', 'endpoint_name': 'XSRAM_6T_CELL_8_8.VSS'}, {'endpoint_type': 'instance_pin', 'endpoint_name': 'XSRAM_6T_CELL_8_9.VSS'}, {'endpoint_type': 'instance_pin', 'endpoint_name': 'XSRAM_6T_CELL_8_10.VSS'}, {'endpoint_type': 'instance_pin', 'endpoint_name': 'XSRAM_6T_CELL_8_11.VSS'}, {'endpoint_type': 'instance_pin', 'endpoint_name': 'XSRAM_6T_CELL_8_12.VSS'}, {'endpoint_type': 'instance_pin', 'endpoint_name': 'XSRAM_6T_CELL_8_13.VSS'}, {'endpoint_type': 'instance_pin', 'endpoint_name': 'XSRAM_6T_CELL_8_14.VSS'}, {'endpoint_type': 'instance_pin', 'endpoint_name': 'XSRAM_6T_CELL_8_15.VSS'}, {'endpoint_type': 'instance_pin', 'endpoint_name': 'XSRAM_6T_CELL_9_0.VSS'}, {'endpoint_type': 'instance_pin', 'endpoint_name': 'XSRAM_6T_CELL_9_1.VSS'}, {'endpoint_type': 'instance_pin', 'endpoint_name': 'XSRAM_6T_CELL_9_2.VSS'}, {'endpoint_type': 'instance_pin', 'endpoint_name': 'XSRAM_6T_CELL_9_3.VSS'}, {'endpoint_type': 'instance_pin', 'endpoint_name': 'XSRAM_6T_CELL_9_4.VSS'}, {'endpoint_type': 'instance_pin', 'endpoint_name': 'XSRAM_6T_CELL_9_5.VSS'}, {'endpoint_type': 'instance_pin', 'endpoint_name': 'XSRAM_6T_CELL_9_6.VSS'}, {'endpoint_type': 'instance_pin', 'endpoint_name': 'XSRAM_6T_CELL_9_7.VSS'}, {'endpoint_type': 'instance_pin', 'endpoint_name': 'XSRAM_6T_CELL_9_8.VSS'}, {'endpoint_type': 'instance_pin', 'endpoint_name': 'XSRAM_6T_CELL_9_9.VSS'}, {'endpoint_type': 'instance_pin', 'endpoint_name': 'XSRAM_6T_CELL_9_10.VSS'}, {'endpoint_type': 'instance_pin', 'endpoint_name': 'XSRAM_6T_CELL_9_11.VSS'}, {'endpoint_type': 'instance_pin', 'endpoint_name': 'XSRAM_6T_CELL_9_12.VSS'}, {'endpoint_type': 'instance_pin', 'endpoint_name': 'XSRAM_6T_CELL_9_13.VSS'}, {'endpoint_type': 'instance_pin', 'endpoint_name': 'XSRAM_6T_CELL_9_14.VSS'}, {'endpoint_type': 'instance_pin', 'endpoint_name': 'XSRAM_6T_CELL_9_15.VSS'}, {'endpoint_type': 'instance_pin', 'endpoint_name': 'XSRAM_6T_CELL_10_0.VSS'}, {'endpoint_type': 'instance_pin', 'endpoint_name': 'XSRAM_6T_CELL_10_1.VSS'}, {'endpoint_type': 'instance_pin', 'endpoint_name': 'XSRAM_6T_CELL_10_2.VSS'}, {'endpoint_type': 'instance_pin', 'endpoint_name': 'XSRAM_6T_CELL_10_3.VSS'}, {'endpoint_type': 'instance_pin', 'endpoint_name': 'XSRAM_6T_CELL_10_4.VSS'}, {'endpoint_type': 'instance_pin', 'endpoint_name': 'XSRAM_6T_CELL_10_5.VSS'}, {'endpoint_type': 'instance_pin', 'endpoint_name': 'XSRAM_6T_CELL_10_6.VSS'}, {'endpoint_type': 'instance_pin', 'endpoint_name': 'XSRAM_6T_CELL_10_7.VSS'}, {'endpoint_type': 'instance_pin', 'endpoint_name': 'XSRAM_6T_CELL_10_8.VSS'}, {'endpoint_type': 'instance_pin', 'endpoint_name': 'XSRAM_6T_CELL_10_9.VSS'}, {'endpoint_type': 'instance_pin', 'endpoint_name': 'XSRAM_6T_CELL_10_10.VSS'}, {'endpoint_type': 'instance_pin', 'endpoint_name': 'XSRAM_6T_CELL_10_11.VSS'}, {'endpoint_type': 'instance_pin', 'endpoint_name': 'XSRAM_6T_CELL_10_12.VSS'}, {'endpoint_type': 'instance_pin', 'endpoint_name': 'XSRAM_6T_CELL_10_13.VSS'}, {'endpoint_type': 'instance_pin', 'endpoint_name': 'XSRAM_6T_CELL_10_14.VSS'}, {'endpoint_type': 'instance_pin', 'endpoint_name': 'XSRAM_6T_CELL_10_15.VSS'}, {'endpoint_type': 'instance_pin', 'endpoint_name': 'XSRAM_6T_CELL_11_0.VSS'}, {'endpoint_type': 'instance_pin', 'endpoint_name': 'XSRAM_6T_CELL_11_1.VSS'}, {'endpoint_type': 'instance_pin', 'endpoint_name': 'XSRAM_6T_CELL_11_2.VSS'}, {'endpoint_type': 'instance_pin', 'endpoint_name': 'XSRAM_6T_CELL_11_3.VSS'}, {'endpoint_type': 'instance_pin', 'endpoint_name': 'XSRAM_6T_CELL_11_4.VSS'}, {'endpoint_type': 'instance_pin', 'endpoint_name': 'XSRAM_6T_CELL_11_5.VSS'}, {'endpoint_type': 'instance_pin', 'endpoint_name': 'XSRAM_6T_CELL_11_6.VSS'}, {'endpoint_type': 'instance_pin', 'endpoint_name': 'XSRAM_6T_CELL_11_7.VSS'}, {'endpoint_type': 'instance_pin', 'endpoint_name': 'XSRAM_6T_CELL_11_8.VSS'}, {'endpoint_type': 'instance_pin', 'endpoint_name': 'XSRAM_6T_CELL_11_9.VSS'}, {'endpoint_type': 'instance_pin', 'endpoint_name': 'XSRAM_6T_CELL_11_10.VSS'}, {'endpoint_type': 'instance_pin', 'endpoint_name': 'XSRAM_6T_CELL_11_11.VSS'}, {'endpoint_type': 'instance_pin', 'endpoint_name': 'XSRAM_6T_CELL_11_12.VSS'}, {'endpoint_type': 'instance_pin', 'endpoint_name': 'XSRAM_6T_CELL_11_13.VSS'}, {'endpoint_type': 'instance_pin', 'endpoint_name': 'XSRAM_6T_CELL_11_14.VSS'}, {'endpoint_type': 'instance_pin', 'endpoint_name': 'XSRAM_6T_CELL_11_15.VSS'}, {'endpoint_type': 'instance_pin', 'endpoint_name': 'XSRAM_6T_CELL_12_0.VSS'}, {'endpoint_type': 'instance_pin', 'endpoint_name': 'XSRAM_6T_CELL_12_1.VSS'}, {'endpoint_type': 'instance_pin', 'endpoint_name': 'XSRAM_6T_CELL_12_2.VSS'}, {'endpoint_type': 'instance_pin', 'endpoint_name': 'XSRAM_6T_CELL_12_3.VSS'}, {'endpoint_type': 'instance_pin', 'endpoint_name': 'XSRAM_6T_CELL_12_4.VSS'}, {'endpoint_type': 'instance_pin', 'endpoint_name': 'XSRAM_6T_CELL_12_5.VSS'}, {'endpoint_type': 'instance_pin', 'endpoint_name': 'XSRAM_6T_CELL_12_6.VSS'}, {'endpoint_type': 'instance_pin', 'endpoint_name': 'XSRAM_6T_CELL_12_7.VSS'}, {'endpoint_type': 'instance_pin', 'endpoint_name': 'XSRAM_6T_CELL_12_8.VSS'}, {'endpoint_type': 'instance_pin', 'endpoint_name': 'XSRAM_6T_CELL_12_9.VSS'}, {'endpoint_type': 'instance_pin', 'endpoint_name': 'XSRAM_6T_CELL_12_10.VSS'}, {'endpoint_type': 'instance_pin', 'endpoint_name': 'XSRAM_6T_CELL_12_11.VSS'}, {'endpoint_type': 'instance_pin', 'endpoint_name': 'XSRAM_6T_CELL_12_12.VSS'}, {'endpoint_type': 'instance_pin', 'endpoint_name': 'XSRAM_6T_CELL_12_13.VSS'}, {'endpoint_type': 'instance_pin', 'endpoint_name': 'XSRAM_6T_CELL_12_14.VSS'}, {'endpoint_type': 'instance_pin', 'endpoint_name': 'XSRAM_6T_CELL_12_15.VSS'}, {'endpoint_type': 'instance_pin', 'endpoint_name': 'XSRAM_6T_CELL_13_0.VSS'}, {'endpoint_type': 'instance_pin', 'endpoint_name': 'XSRAM_6T_CELL_13_1.VSS'}, {'endpoint_type': 'instance_pin', 'endpoint_name': 'XSRAM_6T_CELL_13_2.VSS'}, {'endpoint_type': 'instance_pin', 'endpoint_name': 'XSRAM_6T_CELL_13_3.VSS'}, {'endpoint_type': 'instance_pin', 'endpoint_name': 'XSRAM_6T_CELL_13_4.VSS'}, {'endpoint_type': 'instance_pin', 'endpoint_name': 'XSRAM_6T_CELL_13_5.VSS'}, {'endpoint_type': 'instance_pin', 'endpoint_name': 'XSRAM_6T_CELL_13_6.VSS'}, {'endpoint_type': 'instance_pin', 'endpoint_name': 'XSRAM_6T_CELL_13_7.VSS'}, {'endpoint_type': 'instance_pin', 'endpoint_name': 'XSRAM_6T_CELL_13_8.VSS'}, {'endpoint_type': 'instance_pin', 'endpoint_name': 'XSRAM_6T_CELL_13_9.VSS'}, {'endpoint_type': 'instance_pin', 'endpoint_name': 'XSRAM_6T_CELL_13_10.VSS'}, {'endpoint_type': 'instance_pin', 'endpoint_name': 'XSRAM_6T_CELL_13_11.VSS'}, {'endpoint_type': 'instance_pin', 'endpoint_name': 'XSRAM_6T_CELL_13_12.VSS'}, {'endpoint_type': 'instance_pin', 'endpoint_name': 'XSRAM_6T_CELL_13_13.VSS'}, {'endpoint_type': 'instance_pin', 'endpoint_name': 'XSRAM_6T_CELL_13_14.VSS'}, {'endpoint_type': 'instance_pin', 'endpoint_name': 'XSRAM_6T_CELL_13_15.VSS'}, {'endpoint_type': 'instance_pin', 'endpoint_name': 'XSRAM_6T_CELL_14_0.VSS'}, {'endpoint_type': 'instance_pin', 'endpoint_name': 'XSRAM_6T_CELL_14_1.VSS'}, {'endpoint_type': 'instance_pin', 'endpoint_name': 'XSRAM_6T_CELL_14_2.VSS'}, {'endpoint_type': 'instance_pin', 'endpoint_name': 'XSRAM_6T_CELL_14_3.VSS'}, {'endpoint_type': 'instance_pin', 'endpoint_name': 'XSRAM_6T_CELL_14_4.VSS'}, {'endpoint_type': 'instance_pin', 'endpoint_name': 'XSRAM_6T_CELL_14_5.VSS'}, {'endpoint_type': 'instance_pin', 'endpoint_name': 'XSRAM_6T_CELL_14_6.VSS'}, {'endpoint_type': 'instance_pin', 'endpoint_name': 'XSRAM_6T_CELL_14_7.VSS'}, {'endpoint_type': 'instance_pin', 'endpoint_name': 'XSRAM_6T_CELL_14_8.VSS'}, {'endpoint_type': 'instance_pin', 'endpoint_name': 'XSRAM_6T_CELL_14_9.VSS'}, {'endpoint_type': 'instance_pin', 'endpoint_name': 'XSRAM_6T_CELL_14_10.VSS'}, {'endpoint_type': 'instance_pin', 'endpoint_name': 'XSRAM_6T_CELL_14_11.VSS'}, {'endpoint_type': 'instance_pin', 'endpoint_name': 'XSRAM_6T_CELL_14_12.VSS'}, {'endpoint_type': 'instance_pin', 'endpoint_name': 'XSRAM_6T_CELL_14_13.VSS'}, {'endpoint_type': 'instance_pin', 'endpoint_name': 'XSRAM_6T_CELL_14_14.VSS'}, {'endpoint_type': 'instance_pin', 'endpoint_name': 'XSRAM_6T_CELL_14_15.VSS'}, {'endpoint_type': 'instance_pin', 'endpoint_name': 'XSRAM_6T_CELL_15_0.VSS'}, {'endpoint_type': 'instance_pin', 'endpoint_name': 'XSRAM_6T_CELL_15_1.VSS'}, {'endpoint_type': 'instance_pin', 'endpoint_name': 'XSRAM_6T_CELL_15_2.VSS'}, {'endpoint_type': 'instance_pin', 'endpoint_name': 'XSRAM_6T_CELL_15_3.VSS'}, {'endpoint_type': 'instance_pin', 'endpoint_name': 'XSRAM_6T_CELL_15_4.VSS'}, {'endpoint_type': 'instance_pin', 'endpoint_name': 'XSRAM_6T_CELL_15_5.VSS'}, {'endpoint_type': 'instance_pin', 'endpoint_name': 'XSRAM_6T_CELL_15_6.VSS'}, {'endpoint_type': 'instance_pin', 'endpoint_name': 'XSRAM_6T_CELL_15_7.VSS'}, {'endpoint_type': 'instance_pin', 'endpoint_name': 'XSRAM_6T_CELL_15_8.VSS'}, {'endpoint_type': 'instance_pin', 'endpoint_name': 'XSRAM_6T_CELL_15_9.VSS'}, {'endpoint_type': 'instance_pin', 'endpoint_name': 'XSRAM_6T_CELL_15_10.VSS'}, {'endpoint_type': 'instance_pin', 'endpoint_name': 'XSRAM_6T_CELL_15_11.VSS'}, {'endpoint_type': 'instance_pin', 'endpoint_name': 'XSRAM_6T_CELL_15_12.VSS'}, {'endpoint_type': 'instance_pin', 'endpoint_name': 'XSRAM_6T_CELL_15_13.VSS'}, {'endpoint_type': 'instance_pin', 'endpoint_name': 'XSRAM_6T_CELL_15_14.VSS'}, {'endpoint_type': 'instance_pin', 'endpoint_name': 'XSRAM_6T_CELL_15_15.VSS'}]"
SRAM_6T_CORE_16x16,WL0,wl0,17,False,internal,"{'source_file': 'sram_compiler/testbenches/sram_6t_core_testbench.py::Sram6TCoreTestbench.create_testbench', 'source_class': '', 'source_module_name': 'SRAM_6T_CORE_16x16', 'role_hint': 'EXTRACTED_FROM_GENERATED_NETLIST'}","[{'endpoint_type': 'module_pin', 'endpoint_name': 'WL0'}, {'endpoint_type': 'instance_pin', 'endpoint_name': 'XSRAM_6T_CELL_0_0.WL'}, {'endpoint_type': 'instance_pin', 'endpoint_name': 'XSRAM_6T_CELL_0_1.WL'}, {'endpoint_type': 'instance_pin', 'endpoint_name': 'XSRAM_6T_CELL_0_2.WL'}, {'endpoint_type': 'instance_pin', 'endpoint_name': 'XSRAM_6T_CELL_0_3.WL'}, {'endpoint_type': 'instance_pin', 'endpoint_name': 'XSRAM_6T_CELL_0_4.WL'}, {'endpoint_type': 'instance_pin', 'endpoint_name': 'XSRAM_6T_CELL_0_5.WL'}, {'endpoint_type': 'instance_pin', 'endpoint_name': 'XSRAM_6T_CELL_0_6.WL'}, {'endpoint_type': 'instance_pin', 'endpoint_name': 'XSRAM_6T_CELL_0_7.WL'}, {'endpoint_type': 'instance_pin', 'endpoint_name': 'XSRAM_6T_CELL_0_8.WL'}, {'endpoint_type': 'instance_pin', 'endpoint_name': 'XSRAM_6T_CELL_0_9.WL'}, {'endpoint_type': 'instance_pin', 'endpoint_name': 'XSRAM_6T_CELL_0_10.WL'}, {'endpoint_type': 'instance_pin', 'endpoint_name': 'XSRAM_6T_CELL_0_11.WL'}, {'endpoint_type': 'instance_pin', 'endpoint_name': 'XSRAM_6T_CELL_0_12.WL'}, {'endpoint_type': 'instance_pin', 'endpoint_name': 'XSRAM_6T_CELL_0_13.WL'}, {'endpoint_type': 'instance_pin', 'endpoint_name': 'XSRAM_6T_CELL_0_14.WL'}, {'endpoint_type': 'instance_pin', 'endpoint_name': 'XSRAM_6T_CELL_0_15.WL'}]"
SRAM_6T_CORE_16x16,WL1,wl1,17,False,internal,"{'source_file': 'sram_compiler/testbenches/sram_6t_core_testbench.py::Sram6TCoreTestbench.create_testbench', 'source_class': '', 'source_module_name': 'SRAM_6T_CORE_16x16', 'role_hint': 'EXTRACTED_FROM_GENERATED_NETLIST'}","[{'endpoint_type': 'module_pin', 'endpoint_name': 'WL1'}, {'endpoint_type': 'instance_pin', 'endpoint_name': 'XSRAM_6T_CELL_1_0.WL'}, {'endpoint_type': 'instance_pin', 'endpoint_name': 'XSRAM_6T_CELL_1_1.WL'}, {'endpoint_type': 'instance_pin', 'endpoint_name': 'XSRAM_6T_CELL_1_2.WL'}, {'endpoint_type': 'instance_pin', 'endpoint_name': 'XSRAM_6T_CELL_1_3.WL'}, {'endpoint_type': 'instance_pin', 'endpoint_name': 'XSRAM_6T_CELL_1_4.WL'}, {'endpoint_type': 'instance_pin', 'endpoint_name': 'XSRAM_6T_CELL_1_5.WL'}, {'endpoint_type': 'instance_pin', 'endpoint_name': 'XSRAM_6T_CELL_1_6.WL'}, {'endpoint_type': 'instance_pin', 'endpoint_name': 'XSRAM_6T_CELL_1_7.WL'}, {'endpoint_type': 'instance_pin', 'endpoint_name': 'XSRAM_6T_CELL_1_8.WL'}, {'endpoint_type': 'instance_pin', 'endpoint_name': 'XSRAM_6T_CELL_1_9.WL'}, {'endpoint_type': 'instance_pin', 'endpoint_name': 'XSRAM_6T_CELL_1_10.WL'}, {'endpoint_type': 'instance_pin', 'endpoint_name': 'XSRAM_6T_CELL_1_11.WL'}, {'endpoint_type': 'instance_pin', 'endpoint_name': 'XSRAM_6T_CELL_1_12.WL'}, {'endpoint_type': 'instance_pin', 'endpoint_name': 'XSRAM_6T_CELL_1_13.WL'}, {'endpoint_type': 'instance_pin', 'endpoint_name': 'XSRAM_6T_CELL_1_14.WL'}, {'endpoint_type': 'instance_pin', 'endpoint_name': 'XSRAM_6T_CELL_1_15.WL'}]"
SRAM_6T_CORE_16x16,WL10,wl10,17,False,internal,"{'source_file': 'sram_compiler/testbenches/sram_6t_core_testbench.py::Sram6TCoreTestbench.create_testbench', 'source_class': '', 'source_module_name': 'SRAM_6T_CORE_16x16', 'role_hint': 'EXTRACTED_FROM_GENERATED_NETLIST'}","[{'endpoint_type': 'module_pin', 'endpoint_name': 'WL10'}, {'endpoint_type': 'instance_pin', 'endpoint_name': 'XSRAM_6T_CELL_10_0.WL'}, {'endpoint_type': 'instance_pin', 'endpoint_name': 'XSRAM_6T_CELL_10_1.WL'}, {'endpoint_type': 'instance_pin', 'endpoint_name': 'XSRAM_6T_CELL_10_2.WL'}, {'endpoint_type': 'instance_pin', 'endpoint_name': 'XSRAM_6T_CELL_10_3.WL'}, {'endpoint_type': 'instance_pin', 'endpoint_name': 'XSRAM_6T_CELL_10_4.WL'}, {'endpoint_type': 'instance_pin', 'endpoint_name': 'XSRAM_6T_CELL_10_5.WL'}, {'endpoint_type': 'instance_pin', 'endpoint_name': 'XSRAM_6T_CELL_10_6.WL'}, {'endpoint_type': 'instance_pin', 'endpoint_name': 'XSRAM_6T_CELL_10_7.WL'}, {'endpoint_type': 'instance_pin', 'endpoint_name': 'XSRAM_6T_CELL_10_8.WL'}, {'endpoint_type': 'instance_pin', 'endpoint_name': 'XSRAM_6T_CELL_10_9.WL'}, {'endpoint_type': 'instance_pin', 'endpoint_name': 'XSRAM_6T_CELL_10_10.WL'}, {'endpoint_type': 'instance_pin', 'endpoint_name': 'XSRAM_6T_CELL_10_11.WL'}, {'endpoint_type': 'instance_pin', 'endpoint_name': 'XSRAM_6T_CELL_10_12.WL'}, {'endpoint_type': 'instance_pin', 'endpoint_name': 'XSRAM_6T_CELL_10_13.WL'}, {'endpoint_type': 'instance_pin', 'endpoint_name': 'XSRAM_6T_CELL_10_14.WL'}, {'endpoint_type': 'instance_pin', 'endpoint_name': 'XSRAM_6T_CELL_10_15.WL'}]"
SRAM_6T_CORE_16x16,WL11,wl11,17,False,internal,"{'source_file': 'sram_compiler/testbenches/sram_6t_core_testbench.py::Sram6TCoreTestbench.create_testbench', 'source_class': '', 'source_module_name': 'SRAM_6T_CORE_16x16', 'role_hint': 'EXTRACTED_FROM_GENERATED_NETLIST'}","[{'endpoint_type': 'module_pin', 'endpoint_name': 'WL11'}, {'endpoint_type': 'instance_pin', 'endpoint_name': 'XSRAM_6T_CELL_11_0.WL'}, {'endpoint_type': 'instance_pin', 'endpoint_name': 'XSRAM_6T_CELL_11_1.WL'}, {'endpoint_type': 'instance_pin', 'endpoint_name': 'XSRAM_6T_CELL_11_2.WL'}, {'endpoint_type': 'instance_pin', 'endpoint_name': 'XSRAM_6T_CELL_11_3.WL'}, {'endpoint_type': 'instance_pin', 'endpoint_name': 'XSRAM_6T_CELL_11_4.WL'}, {'endpoint_type': 'instance_pin', 'endpoint_name': 'XSRAM_6T_CELL_11_5.WL'}, {'endpoint_type': 'instance_pin', 'endpoint_name': 'XSRAM_6T_CELL_11_6.WL'}, {'endpoint_type': 'instance_pin', 'endpoint_name': 'XSRAM_6T_CELL_11_7.WL'}, {'endpoint_type': 'instance_pin', 'endpoint_name': 'XSRAM_6T_CELL_11_8.WL'}, {'endpoint_type': 'instance_pin', 'endpoint_name': 'XSRAM_6T_CELL_11_9.WL'}, {'endpoint_type': 'instance_pin', 'endpoint_name': 'XSRAM_6T_CELL_11_10.WL'}, {'endpoint_type': 'instance_pin', 'endpoint_name': 'XSRAM_6T_CELL_11_11.WL'}, {'endpoint_type': 'instance_pin', 'endpoint_name': 'XSRAM_6T_CELL_11_12.WL'}, {'endpoint_type': 'instance_pin', 'endpoint_name': 'XSRAM_6T_CELL_11_13.WL'}, {'endpoint_type': 'instance_pin', 'endpoint_name': 'XSRAM_6T_CELL_11_14.WL'}, {'endpoint_type': 'instance_pin', 'endpoint_name': 'XSRAM_6T_CELL_11_15.WL'}]"
SRAM_6T_CORE_16x16,WL12,wl12,17,False,internal,"{'source_file': 'sram_compiler/testbenches/sram_6t_core_testbench.py::Sram6TCoreTestbench.create_testbench', 'source_class': '', 'source_module_name': 'SRAM_6T_CORE_16x16', 'role_hint': 'EXTRACTED_FROM_GENERATED_NETLIST'}","[{'endpoint_type': 'module_pin', 'endpoint_name': 'WL12'}, {'endpoint_type': 'instance_pin', 'endpoint_name': 'XSRAM_6T_CELL_12_0.WL'}, {'endpoint_type': 'instance_pin', 'endpoint_name': 'XSRAM_6T_CELL_12_1.WL'}, {'endpoint_type': 'instance_pin', 'endpoint_name': 'XSRAM_6T_CELL_12_2.WL'}, {'endpoint_type': 'instance_pin', 'endpoint_name': 'XSRAM_6T_CELL_12_3.WL'}, {'endpoint_type': 'instance_pin', 'endpoint_name': 'XSRAM_6T_CELL_12_4.WL'}, {'endpoint_type': 'instance_pin', 'endpoint_name': 'XSRAM_6T_CELL_12_5.WL'}, {'endpoint_type': 'instance_pin', 'endpoint_name': 'XSRAM_6T_CELL_12_6.WL'}, {'endpoint_type': 'instance_pin', 'endpoint_name': 'XSRAM_6T_CELL_12_7.WL'}, {'endpoint_type': 'instance_pin', 'endpoint_name': 'XSRAM_6T_CELL_12_8.WL'}, {'endpoint_type': 'instance_pin', 'endpoint_name': 'XSRAM_6T_CELL_12_9.WL'}, {'endpoint_type': 'instance_pin', 'endpoint_name': 'XSRAM_6T_CELL_12_10.WL'}, {'endpoint_type': 'instance_pin', 'endpoint_name': 'XSRAM_6T_CELL_12_11.WL'}, {'endpoint_type': 'instance_pin', 'endpoint_name': 'XSRAM_6T_CELL_12_12.WL'}, {'endpoint_type': 'instance_pin', 'endpoint_name': 'XSRAM_6T_CELL_12_13.WL'}, {'endpoint_type': 'instance_pin', 'endpoint_name': 'XSRAM_6T_CELL_12_14.WL'}, {'endpoint_type': 'instance_pin', 'endpoint_name': 'XSRAM_6T_CELL_12_15.WL'}]"
SRAM_6T_CORE_16x16,WL13,wl13,17,False,internal,"{'source_file': 'sram_compiler/testbenches/sram_6t_core_testbench.py::Sram6TCoreTestbench.create_testbench', 'source_class': '', 'source_module_name': 'SRAM_6T_CORE_16x16', 'role_hint': 'EXTRACTED_FROM_GENERATED_NETLIST'}","[{'endpoint_type': 'module_pin', 'endpoint_name': 'WL13'}, {'endpoint_type': 'instance_pin', 'endpoint_name': 'XSRAM_6T_CELL_13_0.WL'}, {'endpoint_type': 'instance_pin', 'endpoint_name': 'XSRAM_6T_CELL_13_1.WL'}, {'endpoint_type': 'instance_pin', 'endpoint_name': 'XSRAM_6T_CELL_13_2.WL'}, {'endpoint_type': 'instance_pin', 'endpoint_name': 'XSRAM_6T_CELL_13_3.WL'}, {'endpoint_type': 'instance_pin', 'endpoint_name': 'XSRAM_6T_CELL_13_4.WL'}, {'endpoint_type': 'instance_pin', 'endpoint_name': 'XSRAM_6T_CELL_13_5.WL'}, {'endpoint_type': 'instance_pin', 'endpoint_name': 'XSRAM_6T_CELL_13_6.WL'}, {'endpoint_type': 'instance_pin', 'endpoint_name': 'XSRAM_6T_CELL_13_7.WL'}, {'endpoint_type': 'instance_pin', 'endpoint_name': 'XSRAM_6T_CELL_13_8.WL'}, {'endpoint_type': 'instance_pin', 'endpoint_name': 'XSRAM_6T_CELL_13_9.WL'}, {'endpoint_type': 'instance_pin', 'endpoint_name': 'XSRAM_6T_CELL_13_10.WL'}, {'endpoint_type': 'instance_pin', 'endpoint_name': 'XSRAM_6T_CELL_13_11.WL'}, {'endpoint_type': 'instance_pin', 'endpoint_name': 'XSRAM_6T_CELL_13_12.WL'}, {'endpoint_type': 'instance_pin', 'endpoint_name': 'XSRAM_6T_CELL_13_13.WL'}, {'endpoint_type': 'instance_pin', 'endpoint_name': 'XSRAM_6T_CELL_13_14.WL'}, {'endpoint_type': 'instance_pin', 'endpoint_name': 'XSRAM_6T_CELL_13_15.WL'}]"
SRAM_6T_CORE_16x16,WL14,wl14,17,False,internal,"{'source_file': 'sram_compiler/testbenches/sram_6t_core_testbench.py::Sram6TCoreTestbench.create_testbench', 'source_class': '', 'source_module_name': 'SRAM_6T_CORE_16x16', 'role_hint': 'EXTRACTED_FROM_GENERATED_NETLIST'}","[{'endpoint_type': 'module_pin', 'endpoint_name': 'WL14'}, {'endpoint_type': 'instance_pin', 'endpoint_name': 'XSRAM_6T_CELL_14_0.WL'}, {'endpoint_type': 'instance_pin', 'endpoint_name': 'XSRAM_6T_CELL_14_1.WL'}, {'endpoint_type': 'instance_pin', 'endpoint_name': 'XSRAM_6T_CELL_14_2.WL'}, {'endpoint_type': 'instance_pin', 'endpoint_name': 'XSRAM_6T_CELL_14_3.WL'}, {'endpoint_type': 'instance_pin', 'endpoint_name': 'XSRAM_6T_CELL_14_4.WL'}, {'endpoint_type': 'instance_pin', 'endpoint_name': 'XSRAM_6T_CELL_14_5.WL'}, {'endpoint_type': 'instance_pin', 'endpoint_name': 'XSRAM_6T_CELL_14_6.WL'}, {'endpoint_type': 'instance_pin', 'endpoint_name': 'XSRAM_6T_CELL_14_7.WL'}, {'endpoint_type': 'instance_pin', 'endpoint_name': 'XSRAM_6T_CELL_14_8.WL'}, {'endpoint_type': 'instance_pin', 'endpoint_name': 'XSRAM_6T_CELL_14_9.WL'}, {'endpoint_type': 'instance_pin', 'endpoint_name': 'XSRAM_6T_CELL_14_10.WL'}, {'endpoint_type': 'instance_pin', 'endpoint_name': 'XSRAM_6T_CELL_14_11.WL'}, {'endpoint_type': 'instance_pin', 'endpoint_name': 'XSRAM_6T_CELL_14_12.WL'}, {'endpoint_type': 'instance_pin', 'endpoint_name': 'XSRAM_6T_CELL_14_13.WL'}, {'endpoint_type': 'instance_pin', 'endpoint_name': 'XSRAM_6T_CELL_14_14.WL'}, {'endpoint_type': 'instance_pin', 'endpoint_name': 'XSRAM_6T_CELL_14_15.WL'}]"
SRAM_6T_CORE_16x16,WL15,wl15,17,False,internal,"{'source_file': 'sram_compiler/testbenches/sram_6t_core_testbench.py::Sram6TCoreTestbench.create_testbench', 'source_class': '', 'source_module_name': 'SRAM_6T_CORE_16x16', 'role_hint': 'EXTRACTED_FROM_GENERATED_NETLIST'}","[{'endpoint_type': 'module_pin', 'endpoint_name': 'WL15'}, {'endpoint_type': 'instance_pin', 'endpoint_name': 'XSRAM_6T_CELL_15_0.WL'}, {'endpoint_type': 'instance_pin', 'endpoint_name': 'XSRAM_6T_CELL_15_1.WL'}, {'endpoint_type': 'instance_pin', 'endpoint_name': 'XSRAM_6T_CELL_15_2.WL'}, {'endpoint_type': 'instance_pin', 'endpoint_name': 'XSRAM_6T_CELL_15_3.WL'}, {'endpoint_type': 'instance_pin', 'endpoint_name': 'XSRAM_6T_CELL_15_4.WL'}, {'endpoint_type': 'instance_pin', 'endpoint_name': 'XSRAM_6T_CELL_15_5.WL'}, {'endpoint_type': 'instance_pin', 'endpoint_name': 'XSRAM_6T_CELL_15_6.WL'}, {'endpoint_type': 'instance_pin', 'endpoint_name': 'XSRAM_6T_CELL_15_7.WL'}, {'endpoint_type': 'instance_pin', 'endpoint_name': 'XSRAM_6T_CELL_15_8.WL'}, {'endpoint_type': 'instance_pin', 'endpoint_name': 'XSRAM_6T_CELL_15_9.WL'}, {'endpoint_type': 'instance_pin', 'endpoint_name': 'XSRAM_6T_CELL_15_10.WL'}, {'endpoint_type': 'instance_pin', 'endpoint_name': 'XSRAM_6T_CELL_15_11.WL'}, {'endpoint_type': 'instance_pin', 'endpoint_name': 'XSRAM_6T_CELL_15_12.WL'}, {'endpoint_type': 'instance_pin', 'endpoint_name': 'XSRAM_6T_CELL_15_13.WL'}, {'endpoint_type': 'instance_pin', 'endpoint_name': 'XSRAM_6T_CELL_15_14.WL'}, {'endpoint_type': 'instance_pin', 'endpoint_name': 'XSRAM_6T_CELL_15_15.WL'}]"
SRAM_6T_CORE_16x16,WL2,wl2,17,False,internal,"{'source_file': 'sram_compiler/testbenches/sram_6t_core_testbench.py::Sram6TCoreTestbench.create_testbench', 'source_class': '', 'source_module_name': 'SRAM_6T_CORE_16x16', 'role_hint': 'EXTRACTED_FROM_GENERATED_NETLIST'}","[{'endpoint_type': 'module_pin', 'endpoint_name': 'WL2'}, {'endpoint_type': 'instance_pin', 'endpoint_name': 'XSRAM_6T_CELL_2_0.WL'}, {'endpoint_type': 'instance_pin', 'endpoint_name': 'XSRAM_6T_CELL_2_1.WL'}, {'endpoint_type': 'instance_pin', 'endpoint_name': 'XSRAM_6T_CELL_2_2.WL'}, {'endpoint_type': 'instance_pin', 'endpoint_name': 'XSRAM_6T_CELL_2_3.WL'}, {'endpoint_type': 'instance_pin', 'endpoint_name': 'XSRAM_6T_CELL_2_4.WL'}, {'endpoint_type': 'instance_pin', 'endpoint_name': 'XSRAM_6T_CELL_2_5.WL'}, {'endpoint_type': 'instance_pin', 'endpoint_name': 'XSRAM_6T_CELL_2_6.WL'}, {'endpoint_type': 'instance_pin', 'endpoint_name': 'XSRAM_6T_CELL_2_7.WL'}, {'endpoint_type': 'instance_pin', 'endpoint_name': 'XSRAM_6T_CELL_2_8.WL'}, {'endpoint_type': 'instance_pin', 'endpoint_name': 'XSRAM_6T_CELL_2_9.WL'}, {'endpoint_type': 'instance_pin', 'endpoint_name': 'XSRAM_6T_CELL_2_10.WL'}, {'endpoint_type': 'instance_pin', 'endpoint_name': 'XSRAM_6T_CELL_2_11.WL'}, {'endpoint_type': 'instance_pin', 'endpoint_name': 'XSRAM_6T_CELL_2_12.WL'}, {'endpoint_type': 'instance_pin', 'endpoint_name': 'XSRAM_6T_CELL_2_13.WL'}, {'endpoint_type': 'instance_pin', 'endpoint_name': 'XSRAM_6T_CELL_2_14.WL'}, {'endpoint_type': 'instance_pin', 'endpoint_name': 'XSRAM_6T_CELL_2_15.WL'}]"
SRAM_6T_CORE_16x16,WL3,wl3,17,False,internal,"{'source_file': 'sram_compiler/testbenches/sram_6t_core_testbench.py::Sram6TCoreTestbench.create_testbench', 'source_class': '', 'source_module_name': 'SRAM_6T_CORE_16x16', 'role_hint': 'EXTRACTED_FROM_GENERATED_NETLIST'}","[{'endpoint_type': 'module_pin', 'endpoint_name': 'WL3'}, {'endpoint_type': 'instance_pin', 'endpoint_name': 'XSRAM_6T_CELL_3_0.WL'}, {'endpoint_type': 'instance_pin', 'endpoint_name': 'XSRAM_6T_CELL_3_1.WL'}, {'endpoint_type': 'instance_pin', 'endpoint_name': 'XSRAM_6T_CELL_3_2.WL'}, {'endpoint_type': 'instance_pin', 'endpoint_name': 'XSRAM_6T_CELL_3_3.WL'}, {'endpoint_type': 'instance_pin', 'endpoint_name': 'XSRAM_6T_CELL_3_4.WL'}, {'endpoint_type': 'instance_pin', 'endpoint_name': 'XSRAM_6T_CELL_3_5.WL'}, {'endpoint_type': 'instance_pin', 'endpoint_name': 'XSRAM_6T_CELL_3_6.WL'}, {'endpoint_type': 'instance_pin', 'endpoint_name': 'XSRAM_6T_CELL_3_7.WL'}, {'endpoint_type': 'instance_pin', 'endpoint_name': 'XSRAM_6T_CELL_3_8.WL'}, {'endpoint_type': 'instance_pin', 'endpoint_name': 'XSRAM_6T_CELL_3_9.WL'}, {'endpoint_type': 'instance_pin', 'endpoint_name': 'XSRAM_6T_CELL_3_10.WL'}, {'endpoint_type': 'instance_pin', 'endpoint_name': 'XSRAM_6T_CELL_3_11.WL'}, {'endpoint_type': 'instance_pin', 'endpoint_name': 'XSRAM_6T_CELL_3_12.WL'}, {'endpoint_type': 'instance_pin', 'endpoint_name': 'XSRAM_6T_CELL_3_13.WL'}, {'endpoint_type': 'instance_pin', 'endpoint_name': 'XSRAM_6T_CELL_3_14.WL'}, {'endpoint_type': 'instance_pin', 'endpoint_name': 'XSRAM_6T_CELL_3_15.WL'}]"
SRAM_6T_CORE_16x16,WL4,wl4,17,False,internal,"{'source_file': 'sram_compiler/testbenches/sram_6t_core_testbench.py::Sram6TCoreTestbench.create_testbench', 'source_class': '', 'source_module_name': 'SRAM_6T_CORE_16x16', 'role_hint': 'EXTRACTED_FROM_GENERATED_NETLIST'}","[{'endpoint_type': 'module_pin', 'endpoint_name': 'WL4'}, {'endpoint_type': 'instance_pin', 'endpoint_name': 'XSRAM_6T_CELL_4_0.WL'}, {'endpoint_type': 'instance_pin', 'endpoint_name': 'XSRAM_6T_CELL_4_1.WL'}, {'endpoint_type': 'instance_pin', 'endpoint_name': 'XSRAM_6T_CELL_4_2.WL'}, {'endpoint_type': 'instance_pin', 'endpoint_name': 'XSRAM_6T_CELL_4_3.WL'}, {'endpoint_type': 'instance_pin', 'endpoint_name': 'XSRAM_6T_CELL_4_4.WL'}, {'endpoint_type': 'instance_pin', 'endpoint_name': 'XSRAM_6T_CELL_4_5.WL'}, {'endpoint_type': 'instance_pin', 'endpoint_name': 'XSRAM_6T_CELL_4_6.WL'}, {'endpoint_type': 'instance_pin', 'endpoint_name': 'XSRAM_6T_CELL_4_7.WL'}, {'endpoint_type': 'instance_pin', 'endpoint_name': 'XSRAM_6T_CELL_4_8.WL'}, {'endpoint_type': 'instance_pin', 'endpoint_name': 'XSRAM_6T_CELL_4_9.WL'}, {'endpoint_type': 'instance_pin', 'endpoint_name': 'XSRAM_6T_CELL_4_10.WL'}, {'endpoint_type': 'instance_pin', 'endpoint_name': 'XSRAM_6T_CELL_4_11.WL'}, {'endpoint_type': 'instance_pin', 'endpoint_name': 'XSRAM_6T_CELL_4_12.WL'}, {'endpoint_type': 'instance_pin', 'endpoint_name': 'XSRAM_6T_CELL_4_13.WL'}, {'endpoint_type': 'instance_pin', 'endpoint_name': 'XSRAM_6T_CELL_4_14.WL'}, {'endpoint_type': 'instance_pin', 'endpoint_name': 'XSRAM_6T_CELL_4_15.WL'}]"
SRAM_6T_CORE_16x16,WL5,wl5,17,False,internal,"{'source_file': 'sram_compiler/testbenches/sram_6t_core_testbench.py::Sram6TCoreTestbench.create_testbench', 'source_class': '', 'source_module_name': 'SRAM_6T_CORE_16x16', 'role_hint': 'EXTRACTED_FROM_GENERATED_NETLIST'}","[{'endpoint_type': 'module_pin', 'endpoint_name': 'WL5'}, {'endpoint_type': 'instance_pin', 'endpoint_name': 'XSRAM_6T_CELL_5_0.WL'}, {'endpoint_type': 'instance_pin', 'endpoint_name': 'XSRAM_6T_CELL_5_1.WL'}, {'endpoint_type': 'instance_pin', 'endpoint_name': 'XSRAM_6T_CELL_5_2.WL'}, {'endpoint_type': 'instance_pin', 'endpoint_name': 'XSRAM_6T_CELL_5_3.WL'}, {'endpoint_type': 'instance_pin', 'endpoint_name': 'XSRAM_6T_CELL_5_4.WL'}, {'endpoint_type': 'instance_pin', 'endpoint_name': 'XSRAM_6T_CELL_5_5.WL'}, {'endpoint_type': 'instance_pin', 'endpoint_name': 'XSRAM_6T_CELL_5_6.WL'}, {'endpoint_type': 'instance_pin', 'endpoint_name': 'XSRAM_6T_CELL_5_7.WL'}, {'endpoint_type': 'instance_pin', 'endpoint_name': 'XSRAM_6T_CELL_5_8.WL'}, {'endpoint_type': 'instance_pin', 'endpoint_name': 'XSRAM_6T_CELL_5_9.WL'}, {'endpoint_type': 'instance_pin', 'endpoint_name': 'XSRAM_6T_CELL_5_10.WL'}, {'endpoint_type': 'instance_pin', 'endpoint_name': 'XSRAM_6T_CELL_5_11.WL'}, {'endpoint_type': 'instance_pin', 'endpoint_name': 'XSRAM_6T_CELL_5_12.WL'}, {'endpoint_type': 'instance_pin', 'endpoint_name': 'XSRAM_6T_CELL_5_13.WL'}, {'endpoint_type': 'instance_pin', 'endpoint_name': 'XSRAM_6T_CELL_5_14.WL'}, {'endpoint_type': 'instance_pin', 'endpoint_name': 'XSRAM_6T_CELL_5_15.WL'}]"
SRAM_6T_CORE_16x16,WL6,wl6,17,False,internal,"{'source_file': 'sram_compiler/testbenches/sram_6t_core_testbench.py::Sram6TCoreTestbench.create_testbench', 'source_class': '', 'source_module_name': 'SRAM_6T_CORE_16x16', 'role_hint': 'EXTRACTED_FROM_GENERATED_NETLIST'}","[{'endpoint_type': 'module_pin', 'endpoint_name': 'WL6'}, {'endpoint_type': 'instance_pin', 'endpoint_name': 'XSRAM_6T_CELL_6_0.WL'}, {'endpoint_type': 'instance_pin', 'endpoint_name': 'XSRAM_6T_CELL_6_1.WL'}, {'endpoint_type': 'instance_pin', 'endpoint_name': 'XSRAM_6T_CELL_6_2.WL'}, {'endpoint_type': 'instance_pin', 'endpoint_name': 'XSRAM_6T_CELL_6_3.WL'}, {'endpoint_type': 'instance_pin', 'endpoint_name': 'XSRAM_6T_CELL_6_4.WL'}, {'endpoint_type': 'instance_pin', 'endpoint_name': 'XSRAM_6T_CELL_6_5.WL'}, {'endpoint_type': 'instance_pin', 'endpoint_name': 'XSRAM_6T_CELL_6_6.WL'}, {'endpoint_type': 'instance_pin', 'endpoint_name': 'XSRAM_6T_CELL_6_7.WL'}, {'endpoint_type': 'instance_pin', 'endpoint_name': 'XSRAM_6T_CELL_6_8.WL'}, {'endpoint_type': 'instance_pin', 'endpoint_name': 'XSRAM_6T_CELL_6_9.WL'}, {'endpoint_type': 'instance_pin', 'endpoint_name': 'XSRAM_6T_CELL_6_10.WL'}, {'endpoint_type': 'instance_pin', 'endpoint_name': 'XSRAM_6T_CELL_6_11.WL'}, {'endpoint_type': 'instance_pin', 'endpoint_name': 'XSRAM_6T_CELL_6_12.WL'}, {'endpoint_type': 'instance_pin', 'endpoint_name': 'XSRAM_6T_CELL_6_13.WL'}, {'endpoint_type': 'instance_pin', 'endpoint_name': 'XSRAM_6T_CELL_6_14.WL'}, {'endpoint_type': 'instance_pin', 'endpoint_name': 'XSRAM_6T_CELL_6_15.WL'}]"
SRAM_6T_CORE_16x16,WL7,wl7,17,False,internal,"{'source_file': 'sram_compiler/testbenches/sram_6t_core_testbench.py::Sram6TCoreTestbench.create_testbench', 'source_class': '', 'source_module_name': 'SRAM_6T_CORE_16x16', 'role_hint': 'EXTRACTED_FROM_GENERATED_NETLIST'}","[{'endpoint_type': 'module_pin', 'endpoint_name': 'WL7'}, {'endpoint_type': 'instance_pin', 'endpoint_name': 'XSRAM_6T_CELL_7_0.WL'}, {'endpoint_type': 'instance_pin', 'endpoint_name': 'XSRAM_6T_CELL_7_1.WL'}, {'endpoint_type': 'instance_pin', 'endpoint_name': 'XSRAM_6T_CELL_7_2.WL'}, {'endpoint_type': 'instance_pin', 'endpoint_name': 'XSRAM_6T_CELL_7_3.WL'}, {'endpoint_type': 'instance_pin', 'endpoint_name': 'XSRAM_6T_CELL_7_4.WL'}, {'endpoint_type': 'instance_pin', 'endpoint_name': 'XSRAM_6T_CELL_7_5.WL'}, {'endpoint_type': 'instance_pin', 'endpoint_name': 'XSRAM_6T_CELL_7_6.WL'}, {'endpoint_type': 'instance_pin', 'endpoint_name': 'XSRAM_6T_CELL_7_7.WL'}, {'endpoint_type': 'instance_pin', 'endpoint_name': 'XSRAM_6T_CELL_7_8.WL'}, {'endpoint_type': 'instance_pin', 'endpoint_name': 'XSRAM_6T_CELL_7_9.WL'}, {'endpoint_type': 'instance_pin', 'endpoint_name': 'XSRAM_6T_CELL_7_10.WL'}, {'endpoint_type': 'instance_pin', 'endpoint_name': 'XSRAM_6T_CELL_7_11.WL'}, {'endpoint_type': 'instance_pin', 'endpoint_name': 'XSRAM_6T_CELL_7_12.WL'}, {'endpoint_type': 'instance_pin', 'endpoint_name': 'XSRAM_6T_CELL_7_13.WL'}, {'endpoint_type': 'instance_pin', 'endpoint_name': 'XSRAM_6T_CELL_7_14.WL'}, {'endpoint_type': 'instance_pin', 'endpoint_name': 'XSRAM_6T_CELL_7_15.WL'}]"
SRAM_6T_CORE_16x16,WL8,wl8,17,False,internal,"{'source_file': 'sram_compiler/testbenches/sram_6t_core_testbench.py::Sram6TCoreTestbench.create_testbench', 'source_class': '', 'source_module_name': 'SRAM_6T_CORE_16x16', 'role_hint': 'EXTRACTED_FROM_GENERATED_NETLIST'}","[{'endpoint_type': 'module_pin', 'endpoint_name': 'WL8'}, {'endpoint_type': 'instance_pin', 'endpoint_name': 'XSRAM_6T_CELL_8_0.WL'}, {'endpoint_type': 'instance_pin', 'endpoint_name': 'XSRAM_6T_CELL_8_1.WL'}, {'endpoint_type': 'instance_pin', 'endpoint_name': 'XSRAM_6T_CELL_8_2.WL'}, {'endpoint_type': 'instance_pin', 'endpoint_name': 'XSRAM_6T_CELL_8_3.WL'}, {'endpoint_type': 'instance_pin', 'endpoint_name': 'XSRAM_6T_CELL_8_4.WL'}, {'endpoint_type': 'instance_pin', 'endpoint_name': 'XSRAM_6T_CELL_8_5.WL'}, {'endpoint_type': 'instance_pin', 'endpoint_name': 'XSRAM_6T_CELL_8_6.WL'}, {'endpoint_type': 'instance_pin', 'endpoint_name': 'XSRAM_6T_CELL_8_7.WL'}, {'endpoint_type': 'instance_pin', 'endpoint_name': 'XSRAM_6T_CELL_8_8.WL'}, {'endpoint_type': 'instance_pin', 'endpoint_name': 'XSRAM_6T_CELL_8_9.WL'}, {'endpoint_type': 'instance_pin', 'endpoint_name': 'XSRAM_6T_CELL_8_10.WL'}, {'endpoint_type': 'instance_pin', 'endpoint_name': 'XSRAM_6T_CELL_8_11.WL'}, {'endpoint_type': 'instance_pin', 'endpoint_name': 'XSRAM_6T_CELL_8_12.WL'}, {'endpoint_type': 'instance_pin', 'endpoint_name': 'XSRAM_6T_CELL_8_13.WL'}, {'endpoint_type': 'instance_pin', 'endpoint_name': 'XSRAM_6T_CELL_8_14.WL'}, {'endpoint_type': 'instance_pin', 'endpoint_name': 'XSRAM_6T_CELL_8_15.WL'}]"
SRAM_6T_CORE_16x16,WL9,wl9,17,False,internal,"{'source_file': 'sram_compiler/testbenches/sram_6t_core_testbench.py::Sram6TCoreTestbench.create_testbench', 'source_class': '', 'source_module_name': 'SRAM_6T_CORE_16x16', 'role_hint': 'EXTRACTED_FROM_GENERATED_NETLIST'}","[{'endpoint_type': 'module_pin', 'endpoint_name': 'WL9'}, {'endpoint_type': 'instance_pin', 'endpoint_name': 'XSRAM_6T_CELL_9_0.WL'}, {'endpoint_type': 'instance_pin', 'endpoint_name': 'XSRAM_6T_CELL_9_1.WL'}, {'endpoint_type': 'instance_pin', 'endpoint_name': 'XSRAM_6T_CELL_9_2.WL'}, {'endpoint_type': 'instance_pin', 'endpoint_name': 'XSRAM_6T_CELL_9_3.WL'}, {'endpoint_type': 'instance_pin', 'endpoint_name': 'XSRAM_6T_CELL_9_4.WL'}, {'endpoint_type': 'instance_pin', 'endpoint_name': 'XSRAM_6T_CELL_9_5.WL'}, {'endpoint_type': 'instance_pin', 'endpoint_name': 'XSRAM_6T_CELL_9_6.WL'}, {'endpoint_type': 'instance_pin', 'endpoint_name': 'XSRAM_6T_CELL_9_7.WL'}, {'endpoint_type': 'instance_pin', 'endpoint_name': 'XSRAM_6T_CELL_9_8.WL'}, {'endpoint_type': 'instance_pin', 'endpoint_name': 'XSRAM_6T_CELL_9_9.WL'}, {'endpoint_type': 'instance_pin', 'endpoint_name': 'XSRAM_6T_CELL_9_10.WL'}, {'endpoint_type': 'instance_pin', 'endpoint_name': 'XSRAM_6T_CELL_9_11.WL'}, {'endpoint_type': 'instance_pin', 'endpoint_name': 'XSRAM_6T_CELL_9_12.WL'}, {'endpoint_type': 'instance_pin', 'endpoint_name': 'XSRAM_6T_CELL_9_13.WL'}, {'endpoint_type': 'instance_pin', 'endpoint_name': 'XSRAM_6T_CELL_9_14.WL'}, {'endpoint_type': 'instance_pin', 'endpoint_name': 'XSRAM_6T_CELL_9_15.WL'}]"
SRAM_6T_CELL,BL,bl,2,False,internal,"{'source_file': 'sram_compiler/subcircuits/sram_6t_core.py', 'source_class': 'Sram6TCell', 'source_module_name': 'SRAM_6T_CELL', 'role_hint': 'bitcell'}","[{'endpoint_type': 'module_pin', 'endpoint_name': 'BL'}, {'endpoint_type': 'instance_pin', 'endpoint_name': 'MPGL.D'}]"
SRAM_6T_CELL,BLB,blb,2,False,internal,"{'source_file': 'sram_compiler/subcircuits/sram_6t_core.py', 'source_class': 'Sram6TCell', 'source_module_name': 'SRAM_6T_CELL', 'role_hint': 'bitcell'}","[{'endpoint_type': 'module_pin', 'endpoint_name': 'BLB'}, {'endpoint_type': 'instance_pin', 'endpoint_name': 'MPGR.D'}]"
SRAM_6T_CELL,q,q,5,False,internal,"{'source_file': 'sram_compiler/subcircuits/sram_6t_core.py', 'source_class': 'Sram6TCell', 'source_module_name': 'SRAM_6T_CELL', 'role_hint': 'bitcell'}","[{'endpoint_type': 'instance_pin', 'endpoint_name': 'MPGL.S'}, {'endpoint_type': 'instance_pin', 'endpoint_name': 'MPDL.D'}, {'endpoint_type': 'instance_pin', 'endpoint_name': 'MPDR.G'}, {'endpoint_type': 'instance_pin', 'endpoint_name': 'MPUL.D'}, {'endpoint_type': 'instance_pin', 'endpoint_name': 'MPUR.G'}]"
SRAM_6T_CELL,qb,qb,5,False,internal,"{'source_file': 'sram_compiler/subcircuits/sram_6t_core.py', 'source_class': 'Sram6TCell', 'source_module_name': 'SRAM_6T_CELL', 'role_hint': 'bitcell'}","[{'endpoint_type': 'instance_pin', 'endpoint_name': 'MPGR.S'}, {'endpoint_type': 'instance_pin', 'endpoint_name': 'MPDL.G'}, {'endpoint_type': 'instance_pin', 'endpoint_name': 'MPDR.D'}, {'endpoint_type': 'instance_pin', 'endpoint_name': 'MPUL.G'}, {'endpoint_type': 'instance_pin', 'endpoint_name': 'MPUR.D'}]"
SRAM_6T_CELL,VDD,vdd,5,False,power,"{'source_file': 'sram_compiler/subcircuits/sram_6t_core.py', 'source_class': 'Sram6TCell', 'source_module_name': 'SRAM_6T_CELL', 'role_hint': 'bitcell'}","[{'endpoint_type': 'module_pin', 'endpoint_name': 'VDD'}, {'endpoint_type': 'instance_pin', 'endpoint_name': 'MPUL.S'}, {'endpoint_type': 'instance_pin', 'endpoint_name': 'MPUL.B'}, {'endpoint_type': 'instance_pin', 'endpoint_name': 'MPUR.S'}, {'endpoint_type': 'instance_pin', 'endpoint_name': 'MPUR.B'}]"
SRAM_6T_CELL,VSS,vss,7,False,ground,"{'source_file': 'sram_compiler/subcircuits/sram_6t_core.py', 'source_class': 'Sram6TCell', 'source_module_name': 'SRAM_6T_CELL', 'role_hint': 'bitcell'}","[{'endpoint_type': 'module_pin', 'endpoint_name': 'VSS'}, {'endpoint_type': 'instance_pin', 'endpoint_name': 'MPGL.B'}, {'endpoint_type': 'instance_pin', 'endpoint_name': 'MPGR.B'}, {'endpoint_type': 'instance_pin', 'endpoint_name': 'MPDL.S'}, {'endpoint_type': 'instance_pin', 'endpoint_name': 'MPDL.B'}, {'endpoint_type': 'instance_pin', 'endpoint_name': 'MPDR.S'}, {'endpoint_type': 'instance_pin', 'endpoint_name': 'MPDR.B'}]"
SRAM_6T_CELL,WL,wl,3,False,internal,"{'source_file': 'sram_compiler/subcircuits/sram_6t_core.py', 'source_class': 'Sram6TCell', 'source_module_name': 'SRAM_6T_CELL', 'role_hint': 'bitcell'}","[{'endpoint_type': 'module_pin', 'endpoint_name': 'WL'}, {'endpoint_type': 'instance_pin', 'endpoint_name': 'MPGL.G'}, {'endpoint_type': 'instance_pin', 'endpoint_name': 'MPGR.G'}]"
sram_17x1_replica_column,RBL,rbl,18,False,internal,"{'source_file': 'sram_compiler/testbenches/sram_6t_core_testbench.py::Sram6TCoreTestbench.create_testbench', 'source_class': '', 'source_module_name': 'sram_17x1_replica_column', 'role_hint': 'EXTRACTED_FROM_GENERATED_NETLIST'}","[{'endpoint_type': 'module_pin', 'endpoint_name': 'RBL'}, {'endpoint_type': 'instance_pin', 'endpoint_name': 'XReplica_CELL_0.RBL'}, {'endpoint_type': 'instance_pin', 'endpoint_name': 'XReplica_CELL_1.RBL'}, {'endpoint_type': 'instance_pin', 'endpoint_name': 'XReplica_CELL_2.RBL'}, {'endpoint_type': 'instance_pin', 'endpoint_name': 'XReplica_CELL_3.RBL'}, {'endpoint_type': 'instance_pin', 'endpoint_name': 'XReplica_CELL_4.RBL'}, {'endpoint_type': 'instance_pin', 'endpoint_name': 'XReplica_CELL_5.RBL'}, {'endpoint_type': 'instance_pin', 'endpoint_name': 'XReplica_CELL_6.RBL'}, {'endpoint_type': 'instance_pin', 'endpoint_name': 'XReplica_CELL_7.RBL'}, {'endpoint_type': 'instance_pin', 'endpoint_name': 'XReplica_CELL_8.RBL'}, {'endpoint_type': 'instance_pin', 'endpoint_name': 'XReplica_CELL_9.RBL'}, {'endpoint_type': 'instance_pin', 'endpoint_name': 'XReplica_CELL_10.RBL'}, {'endpoint_type': 'instance_pin', 'endpoint_name': 'XReplica_CELL_11.RBL'}, {'endpoint_type': 'instance_pin', 'endpoint_name': 'XReplica_CELL_12.RBL'}, {'endpoint_type': 'instance_pin', 'endpoint_name': 'XReplica_CELL_13.RBL'}, {'endpoint_type': 'instance_pin', 'endpoint_name': 'XReplica_CELL_14.RBL'}, {'endpoint_type': 'instance_pin', 'endpoint_name': 'XReplica_CELL_15.RBL'}, {'endpoint_type': 'instance_pin', 'endpoint_name': 'XReplica_CELL_16.RBL'}]"
sram_17x1_replica_column,RBLB,rblb,18,False,internal,"{'source_file': 'sram_compiler/testbenches/sram_6t_core_testbench.py::Sram6TCoreTestbench.create_testbench', 'source_class': '', 'source_module_name': 'sram_17x1_replica_column', 'role_hint': 'EXTRACTED_FROM_GENERATED_NETLIST'}","[{'endpoint_type': 'module_pin', 'endpoint_name': 'RBLB'}, {'endpoint_type': 'instance_pin', 'endpoint_name': 'XReplica_CELL_0.RBLB'}, {'endpoint_type': 'instance_pin', 'endpoint_name': 'XReplica_CELL_1.RBLB'}, {'endpoint_type': 'instance_pin', 'endpoint_name': 'XReplica_CELL_2.RBLB'}, {'endpoint_type': 'instance_pin', 'endpoint_name': 'XReplica_CELL_3.RBLB'}, {'endpoint_type': 'instance_pin', 'endpoint_name': 'XReplica_CELL_4.RBLB'}, {'endpoint_type': 'instance_pin', 'endpoint_name': 'XReplica_CELL_5.RBLB'}, {'endpoint_type': 'instance_pin', 'endpoint_name': 'XReplica_CELL_6.RBLB'}, {'endpoint_type': 'instance_pin', 'endpoint_name': 'XReplica_CELL_7.RBLB'}, {'endpoint_type': 'instance_pin', 'endpoint_name': 'XReplica_CELL_8.RBLB'}, {'endpoint_type': 'instance_pin', 'endpoint_name': 'XReplica_CELL_9.RBLB'}, {'endpoint_type': 'instance_pin', 'endpoint_name': 'XReplica_CELL_10.RBLB'}, {'endpoint_type': 'instance_pin', 'endpoint_name': 'XReplica_CELL_11.RBLB'}, {'endpoint_type': 'instance_pin', 'endpoint_name': 'XReplica_CELL_12.RBLB'}, {'endpoint_type': 'instance_pin', 'endpoint_name': 'XReplica_CELL_13.RBLB'}, {'endpoint_type': 'instance_pin', 'endpoint_name': 'XReplica_CELL_14.RBLB'}, {'endpoint_type': 'instance_pin', 'endpoint_name': 'XReplica_CELL_15.RBLB'}, {'endpoint_type': 'instance_pin', 'endpoint_name': 'XReplica_CELL_16.RBLB'}]"
sram_17x1_replica_column,VDD,vdd,18,False,power,"{'source_file': 'sram_compiler/testbenches/sram_6t_core_testbench.py::Sram6TCoreTestbench.create_testbench', 'source_class': '', 'source_module_name': 'sram_17x1_replica_column', 'role_hint': 'EXTRACTED_FROM_GENERATED_NETLIST'}","[{'endpoint_type': 'module_pin', 'endpoint_name': 'VDD'}, {'endpoint_type': 'instance_pin', 'endpoint_name': 'XReplica_CELL_0.VDD'}, {'endpoint_type': 'instance_pin', 'endpoint_name': 'XReplica_CELL_1.VDD'}, {'endpoint_type': 'instance_pin', 'endpoint_name': 'XReplica_CELL_2.VDD'}, {'endpoint_type': 'instance_pin', 'endpoint_name': 'XReplica_CELL_3.VDD'}, {'endpoint_type': 'instance_pin', 'endpoint_name': 'XReplica_CELL_4.VDD'}, {'endpoint_type': 'instance_pin', 'endpoint_name': 'XReplica_CELL_5.VDD'}, {'endpoint_type': 'instance_pin', 'endpoint_name': 'XReplica_CELL_6.VDD'}, {'endpoint_type': 'instance_pin', 'endpoint_name': 'XReplica_CELL_7.VDD'}, {'endpoint_type': 'instance_pin', 'endpoint_name': 'XReplica_CELL_8.VDD'}, {'endpoint_type': 'instance_pin', 'endpoint_name': 'XReplica_CELL_9.VDD'}, {'endpoint_type': 'instance_pin', 'endpoint_name': 'XReplica_CELL_10.VDD'}, {'endpoint_type': 'instance_pin', 'endpoint_name': 'XReplica_CELL_11.VDD'}, {'endpoint_type': 'instance_pin', 'endpoint_name': 'XReplica_CELL_12.VDD'}, {'endpoint_type': 'instance_pin', 'endpoint_name': 'XReplica_CELL_13.VDD'}, {'endpoint_type': 'instance_pin', 'endpoint_name': 'XReplica_CELL_14.VDD'}, {'endpoint_type': 'instance_pin', 'endpoint_name': 'XReplica_CELL_15.VDD'}, {'endpoint_type': 'instance_pin', 'endpoint_name': 'XReplica_CELL_16.VDD'}]"
sram_17x1_replica_column,VSS,vss,18,False,ground,"{'source_file': 'sram_compiler/testbenches/sram_6t_core_testbench.py::Sram6TCoreTestbench.create_testbench', 'source_class': '', 'source_module_name': 'sram_17x1_replica_column', 'role_hint': 'EXTRACTED_FROM_GENERATED_NETLIST'}","[{'endpoint_type': 'module_pin', 'endpoint_name': 'VSS'}, {'endpoint_type': 'instance_pin', 'endpoint_name': 'XReplica_CELL_0.VSS'}, {'endpoint_type': 'instance_pin', 'endpoint_name': 'XReplica_CELL_1.VSS'}, {'endpoint_type': 'instance_pin', 'endpoint_name': 'XReplica_CELL_2.VSS'}, {'endpoint_type': 'instance_pin', 'endpoint_name': 'XReplica_CELL_3.VSS'}, {'endpoint_type': 'instance_pin', 'endpoint_name': 'XReplica_CELL_4.VSS'}, {'endpoint_type': 'instance_pin', 'endpoint_name': 'XReplica_CELL_5.VSS'}, {'endpoint_type': 'instance_pin', 'endpoint_name': 'XReplica_CELL_6.VSS'}, {'endpoint_type': 'instance_pin', 'endpoint_name': 'XReplica_CELL_7.VSS'}, {'endpoint_type': 'instance_pin', 'endpoint_name': 'XReplica_CELL_8.VSS'}, {'endpoint_type': 'instance_pin', 'endpoint_name': 'XReplica_CELL_9.VSS'}, {'endpoint_type': 'instance_pin', 'endpoint_name': 'XReplica_CELL_10.VSS'}, {'endpoint_type': 'instance_pin', 'endpoint_name': 'XReplica_CELL_11.VSS'}, {'endpoint_type': 'instance_pin', 'endpoint_name': 'XReplica_CELL_12.VSS'}, {'endpoint_type': 'instance_pin', 'endpoint_name': 'XReplica_CELL_13.VSS'}, {'endpoint_type': 'instance_pin', 'endpoint_name': 'XReplica_CELL_14.VSS'}, {'endpoint_type': 'instance_pin', 'endpoint_name': 'XReplica_CELL_15.VSS'}, {'endpoint_type': 'instance_pin', 'endpoint_name': 'XReplica_CELL_16.VSS'}]"
sram_17x1_replica_column,WL0,wl0,2,False,internal,"{'source_file': 'sram_compiler/testbenches/sram_6t_core_testbench.py::Sram6TCoreTestbench.create_testbench', 'source_class': '', 'source_module_name': 'sram_17x1_replica_column', 'role_hint': 'EXTRACTED_FROM_GENERATED_NETLIST'}","[{'endpoint_type': 'module_pin', 'endpoint_name': 'WL0'}, {'endpoint_type': 'instance_pin', 'endpoint_name': 'XReplica_CELL_0.WL'}]"
sram_17x1_replica_column,WL1,wl1,2,False,internal,"{'source_file': 'sram_compiler/testbenches/sram_6t_core_testbench.py::Sram6TCoreTestbench.create_testbench', 'source_class': '', 'source_module_name': 'sram_17x1_replica_column', 'role_hint': 'EXTRACTED_FROM_GENERATED_NETLIST'}","[{'endpoint_type': 'module_pin', 'endpoint_name': 'WL1'}, {'endpoint_type': 'instance_pin', 'endpoint_name': 'XReplica_CELL_1.WL'}]"
sram_17x1_replica_column,WL10,wl10,2,False,internal,"{'source_file': 'sram_compiler/testbenches/sram_6t_core_testbench.py::Sram6TCoreTestbench.create_testbench', 'source_class': '', 'source_module_name': 'sram_17x1_replica_column', 'role_hint': 'EXTRACTED_FROM_GENERATED_NETLIST'}","[{'endpoint_type': 'module_pin', 'endpoint_name': 'WL10'}, {'endpoint_type': 'instance_pin', 'endpoint_name': 'XReplica_CELL_10.WL'}]"
sram_17x1_replica_column,WL11,wl11,2,False,internal,"{'source_file': 'sram_compiler/testbenches/sram_6t_core_testbench.py::Sram6TCoreTestbench.create_testbench', 'source_class': '', 'source_module_name': 'sram_17x1_replica_column', 'role_hint': 'EXTRACTED_FROM_GENERATED_NETLIST'}","[{'endpoint_type': 'module_pin', 'endpoint_name': 'WL11'}, {'endpoint_type': 'instance_pin', 'endpoint_name': 'XReplica_CELL_11.WL'}]"
sram_17x1_replica_column,WL12,wl12,2,False,internal,"{'source_file': 'sram_compiler/testbenches/sram_6t_core_testbench.py::Sram6TCoreTestbench.create_testbench', 'source_class': '', 'source_module_name': 'sram_17x1_replica_column', 'role_hint': 'EXTRACTED_FROM_GENERATED_NETLIST'}","[{'endpoint_type': 'module_pin', 'endpoint_name': 'WL12'}, {'endpoint_type': 'instance_pin', 'endpoint_name': 'XReplica_CELL_12.WL'}]"
sram_17x1_replica_column,WL13,wl13,2,False,internal,"{'source_file': 'sram_compiler/testbenches/sram_6t_core_testbench.py::Sram6TCoreTestbench.create_testbench', 'source_class': '', 'source_module_name': 'sram_17x1_replica_column', 'role_hint': 'EXTRACTED_FROM_GENERATED_NETLIST'}","[{'endpoint_type': 'module_pin', 'endpoint_name': 'WL13'}, {'endpoint_type': 'instance_pin', 'endpoint_name': 'XReplica_CELL_13.WL'}]"
sram_17x1_replica_column,WL14,wl14,2,False,internal,"{'source_file': 'sram_compiler/testbenches/sram_6t_core_testbench.py::Sram6TCoreTestbench.create_testbench', 'source_class': '', 'source_module_name': 'sram_17x1_replica_column', 'role_hint': 'EXTRACTED_FROM_GENERATED_NETLIST'}","[{'endpoint_type': 'module_pin', 'endpoint_name': 'WL14'}, {'endpoint_type': 'instance_pin', 'endpoint_name': 'XReplica_CELL_14.WL'}]"
sram_17x1_replica_column,WL15,wl15,2,False,internal,"{'source_file': 'sram_compiler/testbenches/sram_6t_core_testbench.py::Sram6TCoreTestbench.create_testbench', 'source_class': '', 'source_module_name': 'sram_17x1_replica_column', 'role_hint': 'EXTRACTED_FROM_GENERATED_NETLIST'}","[{'endpoint_type': 'module_pin', 'endpoint_name': 'WL15'}, {'endpoint_type': 'instance_pin', 'endpoint_name': 'XReplica_CELL_15.WL'}]"
sram_17x1_replica_column,WL16,wl16,2,False,internal,"{'source_file': 'sram_compiler/testbenches/sram_6t_core_testbench.py::Sram6TCoreTestbench.create_testbench', 'source_class': '', 'source_module_name': 'sram_17x1_replica_column', 'role_hint': 'EXTRACTED_FROM_GENERATED_NETLIST'}","[{'endpoint_type': 'module_pin', 'endpoint_name': 'WL16'}, {'endpoint_type': 'instance_pin', 'endpoint_name': 'XReplica_CELL_16.WL'}]"
sram_17x1_replica_column,WL2,wl2,2,False,internal,"{'source_file': 'sram_compiler/testbenches/sram_6t_core_testbench.py::Sram6TCoreTestbench.create_testbench', 'source_class': '', 'source_module_name': 'sram_17x1_replica_column', 'role_hint': 'EXTRACTED_FROM_GENERATED_NETLIST'}","[{'endpoint_type': 'module_pin', 'endpoint_name': 'WL2'}, {'endpoint_type': 'instance_pin', 'endpoint_name': 'XReplica_CELL_2.WL'}]"
sram_17x1_replica_column,WL3,wl3,2,False,internal,"{'source_file': 'sram_compiler/testbenches/sram_6t_core_testbench.py::Sram6TCoreTestbench.create_testbench', 'source_class': '', 'source_module_name': 'sram_17x1_replica_column', 'role_hint': 'EXTRACTED_FROM_GENERATED_NETLIST'}","[{'endpoint_type': 'module_pin', 'endpoint_name': 'WL3'}, {'endpoint_type': 'instance_pin', 'endpoint_name': 'XReplica_CELL_3.WL'}]"
sram_17x1_replica_column,WL4,wl4,2,False,internal,"{'source_file': 'sram_compiler/testbenches/sram_6t_core_testbench.py::Sram6TCoreTestbench.create_testbench', 'source_class': '', 'source_module_name': 'sram_17x1_replica_column', 'role_hint': 'EXTRACTED_FROM_GENERATED_NETLIST'}","[{'endpoint_type': 'module_pin', 'endpoint_name': 'WL4'}, {'endpoint_type': 'instance_pin', 'endpoint_name': 'XReplica_CELL_4.WL'}]"
sram_17x1_replica_column,WL5,wl5,2,False,internal,"{'source_file': 'sram_compiler/testbenches/sram_6t_core_testbench.py::Sram6TCoreTestbench.create_testbench', 'source_class': '', 'source_module_name': 'sram_17x1_replica_column', 'role_hint': 'EXTRACTED_FROM_GENERATED_NETLIST'}","[{'endpoint_type': 'module_pin', 'endpoint_name': 'WL5'}, {'endpoint_type': 'instance_pin', 'endpoint_name': 'XReplica_CELL_5.WL'}]"
sram_17x1_replica_column,WL6,wl6,2,False,internal,"{'source_file': 'sram_compiler/testbenches/sram_6t_core_testbench.py::Sram6TCoreTestbench.create_testbench', 'source_class': '', 'source_module_name': 'sram_17x1_replica_column', 'role_hint': 'EXTRACTED_FROM_GENERATED_NETLIST'}","[{'endpoint_type': 'module_pin', 'endpoint_name': 'WL6'}, {'endpoint_type': 'instance_pin', 'endpoint_name': 'XReplica_CELL_6.WL'}]"
sram_17x1_replica_column,WL7,wl7,2,False,internal,"{'source_file': 'sram_compiler/testbenches/sram_6t_core_testbench.py::Sram6TCoreTestbench.create_testbench', 'source_class': '', 'source_module_name': 'sram_17x1_replica_column', 'role_hint': 'EXTRACTED_FROM_GENERATED_NETLIST'}","[{'endpoint_type': 'module_pin', 'endpoint_name': 'WL7'}, {'endpoint_type': 'instance_pin', 'endpoint_name': 'XReplica_CELL_7.WL'}]"
sram_17x1_replica_column,WL8,wl8,2,False,internal,"{'source_file': 'sram_compiler/testbenches/sram_6t_core_testbench.py::Sram6TCoreTestbench.create_testbench', 'source_class': '', 'source_module_name': 'sram_17x1_replica_column', 'role_hint': 'EXTRACTED_FROM_GENERATED_NETLIST'}","[{'endpoint_type': 'module_pin', 'endpoint_name': 'WL8'}, {'endpoint_type': 'instance_pin', 'endpoint_name': 'XReplica_CELL_8.WL'}]"
sram_17x1_replica_column,WL9,wl9,2,False,internal,"{'source_file': 'sram_compiler/testbenches/sram_6t_core_testbench.py::Sram6TCoreTestbench.create_testbench', 'source_class': '', 'source_module_name': 'sram_17x1_replica_column', 'role_hint': 'EXTRACTED_FROM_GENERATED_NETLIST'}","[{'endpoint_type': 'module_pin', 'endpoint_name': 'WL9'}, {'endpoint_type': 'instance_pin', 'endpoint_name': 'XReplica_CELL_9.WL'}]"
Replica_CELL,q,q,5,False,internal,"{'source_file': 'sram_compiler/subcircuits/replica_column.py', 'source_class': 'Replica_Cell', 'source_module_name': 'Replica_CELL', 'role_hint': 'replica'}","[{'endpoint_type': 'instance_pin', 'endpoint_name': 'MPGL.S'}, {'endpoint_type': 'instance_pin', 'endpoint_name': 'MPDL.D'}, {'endpoint_type': 'instance_pin', 'endpoint_name': 'MPUL.D'}, {'endpoint_type': 'instance_pin', 'endpoint_name': 'MPDR.G'}, {'endpoint_type': 'instance_pin', 'endpoint_name': 'MPUR.G'}]"
Replica_CELL,RBL,rbl,2,False,internal,"{'source_file': 'sram_compiler/subcircuits/replica_column.py', 'source_class': 'Replica_Cell', 'source_module_name': 'Replica_CELL', 'role_hint': 'replica'}","[{'endpoint_type': 'module_pin', 'endpoint_name': 'RBL'}, {'endpoint_type': 'instance_pin', 'endpoint_name': 'MPGL.D'}]"
Replica_CELL,RBLB,rblb,2,False,internal,"{'source_file': 'sram_compiler/subcircuits/replica_column.py', 'source_class': 'Replica_Cell', 'source_module_name': 'Replica_CELL', 'role_hint': 'replica'}","[{'endpoint_type': 'module_pin', 'endpoint_name': 'RBLB'}, {'endpoint_type': 'instance_pin', 'endpoint_name': 'MPGR.D'}]"
Replica_CELL,VDD,vdd,10,False,power,"{'source_file': 'sram_compiler/subcircuits/replica_column.py', 'source_class': 'Replica_Cell', 'source_module_name': 'Replica_CELL', 'role_hint': 'replica'}","[{'endpoint_type': 'module_pin', 'endpoint_name': 'VDD'}, {'endpoint_type': 'instance_pin', 'endpoint_name': 'MPGR.S'}, {'endpoint_type': 'instance_pin', 'endpoint_name': 'MPDL.G'}, {'endpoint_type': 'instance_pin', 'endpoint_name': 'MPUL.G'}, {'endpoint_type': 'instance_pin', 'endpoint_name': 'MPUL.S'}, {'endpoint_type': 'instance_pin', 'endpoint_name': 'MPUL.B'}, {'endpoint_type': 'instance_pin', 'endpoint_name': 'MPDR.D'}, {'endpoint_type': 'instance_pin', 'endpoint_name': 'MPUR.D'}, {'endpoint_type': 'instance_pin', 'endpoint_name': 'MPUR.S'}, {'endpoint_type': 'instance_pin', 'endpoint_name': 'MPUR.B'}]"
Replica_CELL,VSS,vss,7,False,ground,"{'source_file': 'sram_compiler/subcircuits/replica_column.py', 'source_class': 'Replica_Cell', 'source_module_name': 'Replica_CELL', 'role_hint': 'replica'}","[{'endpoint_type': 'module_pin', 'endpoint_name': 'VSS'}, {'endpoint_type': 'instance_pin', 'endpoint_name': 'MPGL.B'}, {'endpoint_type': 'instance_pin', 'endpoint_name': 'MPGR.B'}, {'endpoint_type': 'instance_pin', 'endpoint_name': 'MPDL.S'}, {'endpoint_type': 'instance_pin', 'endpoint_name': 'MPDL.B'}, {'endpoint_type': 'instance_pin', 'endpoint_name': 'MPDR.S'}, {'endpoint_type': 'instance_pin', 'endpoint_name': 'MPDR.B'}]"
Replica_CELL,WL,wl,3,False,internal,"{'source_file': 'sram_compiler/subcircuits/replica_column.py', 'source_class': 'Replica_Cell', 'source_module_name': 'Replica_CELL', 'role_hint': 'replica'}","[{'endpoint_type': 'module_pin', 'endpoint_name': 'WL'}, {'endpoint_type': 'instance_pin', 'endpoint_name': 'MPGL.G'}, {'endpoint_type': 'instance_pin', 'endpoint_name': 'MPGR.G'}]"
AND2,A,a,2,False,internal,"{'source_file': 'sram_compiler/subcircuits/standard_cell.py', 'source_class': 'AND2', 'source_module_name': 'AND2', 'role_hint': 'support_cell'}","[{'endpoint_type': 'module_pin', 'endpoint_name': 'A'}, {'endpoint_type': 'instance_pin', 'endpoint_name': 'XPNAND3.A'}]"
AND2,B,b,2,False,internal,"{'source_file': 'sram_compiler/subcircuits/standard_cell.py', 'source_class': 'AND2', 'source_module_name': 'AND2', 'role_hint': 'support_cell'}","[{'endpoint_type': 'module_pin', 'endpoint_name': 'B'}, {'endpoint_type': 'instance_pin', 'endpoint_name': 'XPNAND3.B'}]"
AND2,VDD,vdd,3,False,power,"{'source_file': 'sram_compiler/subcircuits/standard_cell.py', 'source_class': 'AND2', 'source_module_name': 'AND2', 'role_hint': 'support_cell'}","[{'endpoint_type': 'module_pin', 'endpoint_name': 'VDD'}, {'endpoint_type': 'instance_pin', 'endpoint_name': 'XPNAND3.VDD'}, {'endpoint_type': 'instance_pin', 'endpoint_name': 'XPINV.VDD'}]"
AND2,VSS,vss,3,False,ground,"{'source_file': 'sram_compiler/subcircuits/standard_cell.py', 'source_class': 'AND2', 'source_module_name': 'AND2', 'role_hint': 'support_cell'}","[{'endpoint_type': 'module_pin', 'endpoint_name': 'VSS'}, {'endpoint_type': 'instance_pin', 'endpoint_name': 'XPNAND3.VSS'}, {'endpoint_type': 'instance_pin', 'endpoint_name': 'XPINV.VSS'}]"
AND2,Z,z,2,False,internal,"{'source_file': 'sram_compiler/subcircuits/standard_cell.py', 'source_class': 'AND2', 'source_module_name': 'AND2', 'role_hint': 'support_cell'}","[{'endpoint_type': 'module_pin', 'endpoint_name': 'Z'}, {'endpoint_type': 'instance_pin', 'endpoint_name': 'XPINV.Z'}]"
AND2,zb_int,zb_int,2,False,internal,"{'source_file': 'sram_compiler/subcircuits/standard_cell.py', 'source_class': 'AND2', 'source_module_name': 'AND2', 'role_hint': 'support_cell'}","[{'endpoint_type': 'instance_pin', 'endpoint_name': 'XPNAND3.Z'}, {'endpoint_type': 'instance_pin', 'endpoint_name': 'XPINV.A'}]"
PNAND2,A,a,3,False,internal,"{'source_file': 'sram_compiler/subcircuits/standard_cell.py', 'source_class': 'PNAND2', 'source_module_name': 'PNAND2', 'role_hint': 'support_cell'}","[{'endpoint_type': 'module_pin', 'endpoint_name': 'A'}, {'endpoint_type': 'instance_pin', 'endpoint_name': 'Mpnand2_pmos1.G'}, {'endpoint_type': 'instance_pin', 'endpoint_name': 'Mpnand2_nmos2.G'}]"
PNAND2,B,b,3,False,internal,"{'source_file': 'sram_compiler/subcircuits/standard_cell.py', 'source_class': 'PNAND2', 'source_module_name': 'PNAND2', 'role_hint': 'support_cell'}","[{'endpoint_type': 'module_pin', 'endpoint_name': 'B'}, {'endpoint_type': 'instance_pin', 'endpoint_name': 'Mpnand2_pmos2.G'}, {'endpoint_type': 'instance_pin', 'endpoint_name': 'Mpnand2_nmos1.G'}]"
PNAND2,net1,net1,2,False,internal,"{'source_file': 'sram_compiler/subcircuits/standard_cell.py', 'source_class': 'PNAND2', 'source_module_name': 'PNAND2', 'role_hint': 'support_cell'}","[{'endpoint_type': 'instance_pin', 'endpoint_name': 'Mpnand2_nmos1.S'}, {'endpoint_type': 'instance_pin', 'endpoint_name': 'Mpnand2_nmos2.D'}]"
PNAND2,VDD,vdd,5,False,power,"{'source_file': 'sram_compiler/subcircuits/standard_cell.py', 'source_class': 'PNAND2', 'source_module_name': 'PNAND2', 'role_hint': 'support_cell'}","[{'endpoint_type': 'module_pin', 'endpoint_name': 'VDD'}, {'endpoint_type': 'instance_pin', 'endpoint_name': 'Mpnand2_pmos1.S'}, {'endpoint_type': 'instance_pin', 'endpoint_name': 'Mpnand2_pmos1.B'}, {'endpoint_type': 'instance_pin', 'endpoint_name': 'Mpnand2_pmos2.S'}, {'endpoint_type': 'instance_pin', 'endpoint_name': 'Mpnand2_pmos2.B'}]"
PNAND2,VSS,vss,4,False,ground,"{'source_file': 'sram_compiler/subcircuits/standard_cell.py', 'source_class': 'PNAND2', 'source_module_name': 'PNAND2', 'role_hint': 'support_cell'}","[{'endpoint_type': 'module_pin', 'endpoint_name': 'VSS'}, {'endpoint_type': 'instance_pin', 'endpoint_name': 'Mpnand2_nmos1.B'}, {'endpoint_type': 'instance_pin', 'endpoint_name': 'Mpnand2_nmos2.S'}, {'endpoint_type': 'instance_pin', 'endpoint_name': 'Mpnand2_nmos2.B'}]"
PNAND2,Z,z,4,False,internal,"{'source_file': 'sram_compiler/subcircuits/standard_cell.py', 'source_class': 'PNAND2', 'source_module_name': 'PNAND2', 'role_hint': 'support_cell'}","[{'endpoint_type': 'module_pin', 'endpoint_name': 'Z'}, {'endpoint_type': 'instance_pin', 'endpoint_name': 'Mpnand2_pmos1.D'}, {'endpoint_type': 'instance_pin', 'endpoint_name': 'Mpnand2_pmos2.D'}, {'endpoint_type': 'instance_pin', 'endpoint_name': 'Mpnand2_nmos1.D'}]"
PINV,A,a,3,False,internal,"{'source_file': 'sram_compiler/testbenches/sram_6t_core_testbench.py::Sram6TCoreTestbench.create_testbench', 'source_class': '', 'source_module_name': 'PINV', 'role_hint': 'EXTRACTED_FROM_GENERATED_NETLIST'}","[{'endpoint_type': 'module_pin', 'endpoint_name': 'A'}, {'endpoint_type': 'instance_pin', 'endpoint_name': 'Mpinv_pmos.G'}, {'endpoint_type': 'instance_pin', 'endpoint_name': 'Mpinv_nmos.G'}]"
PINV,VDD,vdd,3,False,power,"{'source_file': 'sram_compiler/testbenches/sram_6t_core_testbench.py::Sram6TCoreTestbench.create_testbench', 'source_class': '', 'source_module_name': 'PINV', 'role_hint': 'EXTRACTED_FROM_GENERATED_NETLIST'}","[{'endpoint_type': 'module_pin', 'endpoint_name': 'VDD'}, {'endpoint_type': 'instance_pin', 'endpoint_name': 'Mpinv_pmos.S'}, {'endpoint_type': 'instance_pin', 'endpoint_name': 'Mpinv_pmos.B'}]"
PINV,VSS,vss,3,False,ground,"{'source_file': 'sram_compiler/testbenches/sram_6t_core_testbench.py::Sram6TCoreTestbench.create_testbench', 'source_class': '', 'source_module_name': 'PINV', 'role_hint': 'EXTRACTED_FROM_GENERATED_NETLIST'}","[{'endpoint_type': 'module_pin', 'endpoint_name': 'VSS'}, {'endpoint_type': 'instance_pin', 'endpoint_name': 'Mpinv_nmos.S'}, {'endpoint_type': 'instance_pin', 'endpoint_name': 'Mpinv_nmos.B'}]"
PINV,Z,z,3,False,internal,"{'source_file': 'sram_compiler/testbenches/sram_6t_core_testbench.py::Sram6TCoreTestbench.create_testbench', 'source_class': '', 'source_module_name': 'PINV', 'role_hint': 'EXTRACTED_FROM_GENERATED_NETLIST'}","[{'endpoint_type': 'module_pin', 'endpoint_name': 'Z'}, {'endpoint_type': 'instance_pin', 'endpoint_name': 'Mpinv_pmos.D'}, {'endpoint_type': 'instance_pin', 'endpoint_name': 'Mpinv_nmos.D'}]"
TIME,A0,a0,2,False,address,"{'source_file': 'sram_compiler/subcircuits/time_generate.py', 'source_class': 'TIME', 'source_module_name': 'TIME', 'role_hint': 'control_timing'}","[{'endpoint_type': 'module_pin', 'endpoint_name': 'A0'}, {'endpoint_type': 'instance_pin', 'endpoint_name': 'Xdff_buf_addr.A0'}]"
TIME,A1,a1,2,False,address,"{'source_file': 'sram_compiler/subcircuits/time_generate.py', 'source_class': 'TIME', 'source_module_name': 'TIME', 'role_hint': 'control_timing'}","[{'endpoint_type': 'module_pin', 'endpoint_name': 'A1'}, {'endpoint_type': 'instance_pin', 'endpoint_name': 'Xdff_buf_addr.A1'}]"
TIME,A2,a2,2,False,address,"{'source_file': 'sram_compiler/subcircuits/time_generate.py', 'source_class': 'TIME', 'source_module_name': 'TIME', 'role_hint': 'control_timing'}","[{'endpoint_type': 'module_pin', 'endpoint_name': 'A2'}, {'endpoint_type': 'instance_pin', 'endpoint_name': 'Xdff_buf_addr.A2'}]"
TIME,A3,a3,2,False,address,"{'source_file': 'sram_compiler/subcircuits/time_generate.py', 'source_class': 'TIME', 'source_module_name': 'TIME', 'role_hint': 'control_timing'}","[{'endpoint_type': 'module_pin', 'endpoint_name': 'A3'}, {'endpoint_type': 'instance_pin', 'endpoint_name': 'Xdff_buf_addr.A3'}]"
TIME,A_dff0,a_dff0,2,False,internal,"{'source_file': 'sram_compiler/subcircuits/time_generate.py', 'source_class': 'TIME', 'source_module_name': 'TIME', 'role_hint': 'control_timing'}","[{'endpoint_type': 'module_pin', 'endpoint_name': 'A_dff0'}, {'endpoint_type': 'instance_pin', 'endpoint_name': 'Xdff_buf_addr.A_dff0'}]"
TIME,A_dff1,a_dff1,2,False,internal,"{'source_file': 'sram_compiler/subcircuits/time_generate.py', 'source_class': 'TIME', 'source_module_name': 'TIME', 'role_hint': 'control_timing'}","[{'endpoint_type': 'module_pin', 'endpoint_name': 'A_dff1'}, {'endpoint_type': 'instance_pin', 'endpoint_name': 'Xdff_buf_addr.A_dff1'}]"
TIME,A_dff2,a_dff2,2,False,internal,"{'source_file': 'sram_compiler/subcircuits/time_generate.py', 'source_class': 'TIME', 'source_module_name': 'TIME', 'role_hint': 'control_timing'}","[{'endpoint_type': 'module_pin', 'endpoint_name': 'A_dff2'}, {'endpoint_type': 'instance_pin', 'endpoint_name': 'Xdff_buf_addr.A_dff2'}]"
TIME,A_dff3,a_dff3,2,False,internal,"{'source_file': 'sram_compiler/subcircuits/time_generate.py', 'source_class': 'TIME', 'source_module_name': 'TIME', 'role_hint': 'control_timing'}","[{'endpoint_type': 'module_pin', 'endpoint_name': 'A_dff3'}, {'endpoint_type': 'instance_pin', 'endpoint_name': 'Xdff_buf_addr.A_dff3'}]"
TIME,clk,clk,2,False,clock,"{'source_file': 'sram_compiler/subcircuits/time_generate.py', 'source_class': 'TIME', 'source_module_name': 'TIME', 'role_hint': 'control_timing'}","[{'endpoint_type': 'module_pin', 'endpoint_name': 'clk'}, {'endpoint_type': 'instance_pin', 'endpoint_name': 'Xclkbuf.A'}]"
TIME,clk_bar,clk_bar,3,False,internal,"{'source_file': 'sram_compiler/subcircuits/time_generate.py', 'source_class': 'TIME', 'source_module_name': 'TIME', 'role_hint': 'control_timing'}","[{'endpoint_type': 'module_pin', 'endpoint_name': 'clk_bar'}, {'endpoint_type': 'instance_pin', 'endpoint_name': 'Xinv_clk_bar.Z'}, {'endpoint_type': 'instance_pin', 'endpoint_name': 'Xand2_gated_clk_bar.B'}]"
TIME,clk_buf,clk_buf,8,False,internal,"{'source_file': 'sram_compiler/subcircuits/time_generate.py', 'source_class': 'TIME', 'source_module_name': 'TIME', 'role_hint': 'control_timing'}","[{'endpoint_type': 'module_pin', 'endpoint_name': 'clk_buf'}, {'endpoint_type': 'instance_pin', 'endpoint_name': 'Xdff_buf_addr.CLK'}, {'endpoint_type': 'instance_pin', 'endpoint_name': 'Xdff_buf_data.CLK'}, {'endpoint_type': 'instance_pin', 'endpoint_name': 'Xclkbuf.Z'}, {'endpoint_type': 'instance_pin', 'endpoint_name': 'Xinv_clk_bar.A'}, {'endpoint_type': 'instance_pin', 'endpoint_name': 'Xdff_buf.CLK'}, {'endpoint_type': 'instance_pin', 'endpoint_name': 'Xdff_buf1.CLK'}, {'endpoint_type': 'instance_pin', 'endpoint_name': 'Xand2_gated_clk_buf.B'}]"
TIME,cs,cs,4,False,internal,"{'source_file': 'sram_compiler/subcircuits/time_generate.py', 'source_class': 'TIME', 'source_module_name': 'TIME', 'role_hint': 'control_timing'}","[{'endpoint_type': 'module_pin', 'endpoint_name': 'cs'}, {'endpoint_type': 'instance_pin', 'endpoint_name': 'Xdff_buf.QB'}, {'endpoint_type': 'instance_pin', 'endpoint_name': 'Xand2_gated_clk_bar.A'}, {'endpoint_type': 'instance_pin', 'endpoint_name': 'Xand2_gated_clk_buf.A'}]"
TIME,cs_bar,cs_bar,2,False,internal,"{'source_file': 'sram_compiler/subcircuits/time_generate.py', 'source_class': 'TIME', 'source_module_name': 'TIME', 'role_hint': 'control_timing'}","[{'endpoint_type': 'module_pin', 'endpoint_name': 'cs_bar'}, {'endpoint_type': 'instance_pin', 'endpoint_name': 'Xdff_buf.Q'}]"
TIME,csb,csb,2,False,chip_select_bar,"{'source_file': 'sram_compiler/subcircuits/time_generate.py', 'source_class': 'TIME', 'source_module_name': 'TIME', 'role_hint': 'control_timing'}","[{'endpoint_type': 'module_pin', 'endpoint_name': 'csb'}, {'endpoint_type': 'instance_pin', 'endpoint_name': 'Xdff_buf.D'}]"
TIME,DIN0,din0,2,False,data_input,"{'source_file': 'sram_compiler/subcircuits/time_generate.py', 'source_class': 'TIME', 'source_module_name': 'TIME', 'role_hint': 'control_timing'}","[{'endpoint_type': 'module_pin', 'endpoint_name': 'DIN0'}, {'endpoint_type': 'instance_pin', 'endpoint_name': 'Xdff_buf_data.DIN0'}]"
TIME,DIN1,din1,2,False,data_input,"{'source_file': 'sram_compiler/subcircuits/time_generate.py', 'source_class': 'TIME', 'source_module_name': 'TIME', 'role_hint': 'control_timing'}","[{'endpoint_type': 'module_pin', 'endpoint_name': 'DIN1'}, {'endpoint_type': 'instance_pin', 'endpoint_name': 'Xdff_buf_data.DIN1'}]"
TIME,DIN10,din10,2,False,data_input,"{'source_file': 'sram_compiler/subcircuits/time_generate.py', 'source_class': 'TIME', 'source_module_name': 'TIME', 'role_hint': 'control_timing'}","[{'endpoint_type': 'module_pin', 'endpoint_name': 'DIN10'}, {'endpoint_type': 'instance_pin', 'endpoint_name': 'Xdff_buf_data.DIN10'}]"
TIME,DIN11,din11,2,False,data_input,"{'source_file': 'sram_compiler/subcircuits/time_generate.py', 'source_class': 'TIME', 'source_module_name': 'TIME', 'role_hint': 'control_timing'}","[{'endpoint_type': 'module_pin', 'endpoint_name': 'DIN11'}, {'endpoint_type': 'instance_pin', 'endpoint_name': 'Xdff_buf_data.DIN11'}]"
TIME,DIN12,din12,2,False,data_input,"{'source_file': 'sram_compiler/subcircuits/time_generate.py', 'source_class': 'TIME', 'source_module_name': 'TIME', 'role_hint': 'control_timing'}","[{'endpoint_type': 'module_pin', 'endpoint_name': 'DIN12'}, {'endpoint_type': 'instance_pin', 'endpoint_name': 'Xdff_buf_data.DIN12'}]"
TIME,DIN13,din13,2,False,data_input,"{'source_file': 'sram_compiler/subcircuits/time_generate.py', 'source_class': 'TIME', 'source_module_name': 'TIME', 'role_hint': 'control_timing'}","[{'endpoint_type': 'module_pin', 'endpoint_name': 'DIN13'}, {'endpoint_type': 'instance_pin', 'endpoint_name': 'Xdff_buf_data.DIN13'}]"
TIME,DIN14,din14,2,False,data_input,"{'source_file': 'sram_compiler/subcircuits/time_generate.py', 'source_class': 'TIME', 'source_module_name': 'TIME', 'role_hint': 'control_timing'}","[{'endpoint_type': 'module_pin', 'endpoint_name': 'DIN14'}, {'endpoint_type': 'instance_pin', 'endpoint_name': 'Xdff_buf_data.DIN14'}]"
TIME,DIN15,din15,2,False,data_input,"{'source_file': 'sram_compiler/subcircuits/time_generate.py', 'source_class': 'TIME', 'source_module_name': 'TIME', 'role_hint': 'control_timing'}","[{'endpoint_type': 'module_pin', 'endpoint_name': 'DIN15'}, {'endpoint_type': 'instance_pin', 'endpoint_name': 'Xdff_buf_data.DIN15'}]"
TIME,DIN2,din2,2,False,data_input,"{'source_file': 'sram_compiler/subcircuits/time_generate.py', 'source_class': 'TIME', 'source_module_name': 'TIME', 'role_hint': 'control_timing'}","[{'endpoint_type': 'module_pin', 'endpoint_name': 'DIN2'}, {'endpoint_type': 'instance_pin', 'endpoint_name': 'Xdff_buf_data.DIN2'}]"
TIME,DIN3,din3,2,False,data_input,"{'source_file': 'sram_compiler/subcircuits/time_generate.py', 'source_class': 'TIME', 'source_module_name': 'TIME', 'role_hint': 'control_timing'}","[{'endpoint_type': 'module_pin', 'endpoint_name': 'DIN3'}, {'endpoint_type': 'instance_pin', 'endpoint_name': 'Xdff_buf_data.DIN3'}]"
TIME,DIN4,din4,2,False,data_input,"{'source_file': 'sram_compiler/subcircuits/time_generate.py', 'source_class': 'TIME', 'source_module_name': 'TIME', 'role_hint': 'control_timing'}","[{'endpoint_type': 'module_pin', 'endpoint_name': 'DIN4'}, {'endpoint_type': 'instance_pin', 'endpoint_name': 'Xdff_buf_data.DIN4'}]"
TIME,DIN5,din5,2,False,data_input,"{'source_file': 'sram_compiler/subcircuits/time_generate.py', 'source_class': 'TIME', 'source_module_name': 'TIME', 'role_hint': 'control_timing'}","[{'endpoint_type': 'module_pin', 'endpoint_name': 'DIN5'}, {'endpoint_type': 'instance_pin', 'endpoint_name': 'Xdff_buf_data.DIN5'}]"
TIME,DIN6,din6,2,False,data_input,"{'source_file': 'sram_compiler/subcircuits/time_generate.py', 'source_class': 'TIME', 'source_module_name': 'TIME', 'role_hint': 'control_timing'}","[{'endpoint_type': 'module_pin', 'endpoint_name': 'DIN6'}, {'endpoint_type': 'instance_pin', 'endpoint_name': 'Xdff_buf_data.DIN6'}]"
TIME,DIN7,din7,2,False,data_input,"{'source_file': 'sram_compiler/subcircuits/time_generate.py', 'source_class': 'TIME', 'source_module_name': 'TIME', 'role_hint': 'control_timing'}","[{'endpoint_type': 'module_pin', 'endpoint_name': 'DIN7'}, {'endpoint_type': 'instance_pin', 'endpoint_name': 'Xdff_buf_data.DIN7'}]"
TIME,DIN8,din8,2,False,data_input,"{'source_file': 'sram_compiler/subcircuits/time_generate.py', 'source_class': 'TIME', 'source_module_name': 'TIME', 'role_hint': 'control_timing'}","[{'endpoint_type': 'module_pin', 'endpoint_name': 'DIN8'}, {'endpoint_type': 'instance_pin', 'endpoint_name': 'Xdff_buf_data.DIN8'}]"
TIME,DIN9,din9,2,False,data_input,"{'source_file': 'sram_compiler/subcircuits/time_generate.py', 'source_class': 'TIME', 'source_module_name': 'TIME', 'role_hint': 'control_timing'}","[{'endpoint_type': 'module_pin', 'endpoint_name': 'DIN9'}, {'endpoint_type': 'instance_pin', 'endpoint_name': 'Xdff_buf_data.DIN9'}]"
TIME,DIN_dff0,din_dff0,2,False,internal,"{'source_file': 'sram_compiler/subcircuits/time_generate.py', 'source_class': 'TIME', 'source_module_name': 'TIME', 'role_hint': 'control_timing'}","[{'endpoint_type': 'module_pin', 'endpoint_name': 'DIN_dff0'}, {'endpoint_type': 'instance_pin', 'endpoint_name': 'Xdff_buf_data.DIN_dff0'}]"
TIME,DIN_dff1,din_dff1,2,False,internal,"{'source_file': 'sram_compiler/subcircuits/time_generate.py', 'source_class': 'TIME', 'source_module_name': 'TIME', 'role_hint': 'control_timing'}","[{'endpoint_type': 'module_pin', 'endpoint_name': 'DIN_dff1'}, {'endpoint_type': 'instance_pin', 'endpoint_name': 'Xdff_buf_data.DIN_dff1'}]"
TIME,DIN_dff10,din_dff10,2,False,internal,"{'source_file': 'sram_compiler/subcircuits/time_generate.py', 'source_class': 'TIME', 'source_module_name': 'TIME', 'role_hint': 'control_timing'}","[{'endpoint_type': 'module_pin', 'endpoint_name': 'DIN_dff10'}, {'endpoint_type': 'instance_pin', 'endpoint_name': 'Xdff_buf_data.DIN_dff10'}]"
TIME,DIN_dff11,din_dff11,2,False,internal,"{'source_file': 'sram_compiler/subcircuits/time_generate.py', 'source_class': 'TIME', 'source_module_name': 'TIME', 'role_hint': 'control_timing'}","[{'endpoint_type': 'module_pin', 'endpoint_name': 'DIN_dff11'}, {'endpoint_type': 'instance_pin', 'endpoint_name': 'Xdff_buf_data.DIN_dff11'}]"
TIME,DIN_dff12,din_dff12,2,False,internal,"{'source_file': 'sram_compiler/subcircuits/time_generate.py', 'source_class': 'TIME', 'source_module_name': 'TIME', 'role_hint': 'control_timing'}","[{'endpoint_type': 'module_pin', 'endpoint_name': 'DIN_dff12'}, {'endpoint_type': 'instance_pin', 'endpoint_name': 'Xdff_buf_data.DIN_dff12'}]"
TIME,DIN_dff13,din_dff13,2,False,internal,"{'source_file': 'sram_compiler/subcircuits/time_generate.py', 'source_class': 'TIME', 'source_module_name': 'TIME', 'role_hint': 'control_timing'}","[{'endpoint_type': 'module_pin', 'endpoint_name': 'DIN_dff13'}, {'endpoint_type': 'instance_pin', 'endpoint_name': 'Xdff_buf_data.DIN_dff13'}]"
TIME,DIN_dff14,din_dff14,2,False,internal,"{'source_file': 'sram_compiler/subcircuits/time_generate.py', 'source_class': 'TIME', 'source_module_name': 'TIME', 'role_hint': 'control_timing'}","[{'endpoint_type': 'module_pin', 'endpoint_name': 'DIN_dff14'}, {'endpoint_type': 'instance_pin', 'endpoint_name': 'Xdff_buf_data.DIN_dff14'}]"
TIME,DIN_dff15,din_dff15,2,False,internal,"{'source_file': 'sram_compiler/subcircuits/time_generate.py', 'source_class': 'TIME', 'source_module_name': 'TIME', 'role_hint': 'control_timing'}","[{'endpoint_type': 'module_pin', 'endpoint_name': 'DIN_dff15'}, {'endpoint_type': 'instance_pin', 'endpoint_name': 'Xdff_buf_data.DIN_dff15'}]"
TIME,DIN_dff2,din_dff2,2,False,internal,"{'source_file': 'sram_compiler/subcircuits/time_generate.py', 'source_class': 'TIME', 'source_module_name': 'TIME', 'role_hint': 'control_timing'}","[{'endpoint_type': 'module_pin', 'endpoint_name': 'DIN_dff2'}, {'endpoint_type': 'instance_pin', 'endpoint_name': 'Xdff_buf_data.DIN_dff2'}]"
TIME,DIN_dff3,din_dff3,2,False,internal,"{'source_file': 'sram_compiler/subcircuits/time_generate.py', 'source_class': 'TIME', 'source_module_name': 'TIME', 'role_hint': 'control_timing'}","[{'endpoint_type': 'module_pin', 'endpoint_name': 'DIN_dff3'}, {'endpoint_type': 'instance_pin', 'endpoint_name': 'Xdff_buf_data.DIN_dff3'}]"
TIME,DIN_dff4,din_dff4,2,False,internal,"{'source_file': 'sram_compiler/subcircuits/time_generate.py', 'source_class': 'TIME', 'source_module_name': 'TIME', 'role_hint': 'control_timing'}","[{'endpoint_type': 'module_pin', 'endpoint_name': 'DIN_dff4'}, {'endpoint_type': 'instance_pin', 'endpoint_name': 'Xdff_buf_data.DIN_dff4'}]"
TIME,DIN_dff5,din_dff5,2,False,internal,"{'source_file': 'sram_compiler/subcircuits/time_generate.py', 'source_class': 'TIME', 'source_module_name': 'TIME', 'role_hint': 'control_timing'}","[{'endpoint_type': 'module_pin', 'endpoint_name': 'DIN_dff5'}, {'endpoint_type': 'instance_pin', 'endpoint_name': 'Xdff_buf_data.DIN_dff5'}]"
TIME,DIN_dff6,din_dff6,2,False,internal,"{'source_file': 'sram_compiler/subcircuits/time_generate.py', 'source_class': 'TIME', 'source_module_name': 'TIME', 'role_hint': 'control_timing'}","[{'endpoint_type': 'module_pin', 'endpoint_name': 'DIN_dff6'}, {'endpoint_type': 'instance_pin', 'endpoint_name': 'Xdff_buf_data.DIN_dff6'}]"
TIME,DIN_dff7,din_dff7,2,False,internal,"{'source_file': 'sram_compiler/subcircuits/time_generate.py', 'source_class': 'TIME', 'source_module_name': 'TIME', 'role_hint': 'control_timing'}","[{'endpoint_type': 'module_pin', 'endpoint_name': 'DIN_dff7'}, {'endpoint_type': 'instance_pin', 'endpoint_name': 'Xdff_buf_data.DIN_dff7'}]"
TIME,DIN_dff8,din_dff8,2,False,internal,"{'source_file': 'sram_compiler/subcircuits/time_generate.py', 'source_class': 'TIME', 'source_module_name': 'TIME', 'role_hint': 'control_timing'}","[{'endpoint_type': 'module_pin', 'endpoint_name': 'DIN_dff8'}, {'endpoint_type': 'instance_pin', 'endpoint_name': 'Xdff_buf_data.DIN_dff8'}]"
TIME,DIN_dff9,din_dff9,2,False,internal,"{'source_file': 'sram_compiler/subcircuits/time_generate.py', 'source_class': 'TIME', 'source_module_name': 'TIME', 'role_hint': 'control_timing'}","[{'endpoint_type': 'module_pin', 'endpoint_name': 'DIN_dff9'}, {'endpoint_type': 'instance_pin', 'endpoint_name': 'Xdff_buf_data.DIN_dff9'}]"
TIME,gated_clk_bar,gated_clk_bar,5,False,internal,"{'source_file': 'sram_compiler/subcircuits/time_generate.py', 'source_class': 'TIME', 'source_module_name': 'TIME', 'role_hint': 'control_timing'}","[{'endpoint_type': 'module_pin', 'endpoint_name': 'gated_clk_bar'}, {'endpoint_type': 'instance_pin', 'endpoint_name': 'Xand2_gated_clk_bar.Z'}, {'endpoint_type': 'instance_pin', 'endpoint_name': 'Xwl_en.A'}, {'endpoint_type': 'instance_pin', 'endpoint_name': 'Xw_en.B'}, {'endpoint_type': 'instance_pin', 'endpoint_name': 'Xs_en.B'}]"
TIME,gated_clk_buf,gated_clk_buf,3,False,internal,"{'source_file': 'sram_compiler/subcircuits/time_generate.py', 'source_class': 'TIME', 'source_module_name': 'TIME', 'role_hint': 'control_timing'}","[{'endpoint_type': 'module_pin', 'endpoint_name': 'gated_clk_buf'}, {'endpoint_type': 'instance_pin', 'endpoint_name': 'Xand2_gated_clk_buf.Z'}, {'endpoint_type': 'instance_pin', 'endpoint_name': 'Xpre_unbuf.A'}]"
TIME,PRE,pre,2,False,internal,"{'source_file': 'sram_compiler/subcircuits/time_generate.py', 'source_class': 'TIME', 'source_module_name': 'TIME', 'role_hint': 'control_timing'}","[{'endpoint_type': 'module_pin', 'endpoint_name': 'PRE'}, {'endpoint_type': 'instance_pin', 'endpoint_name': 'Xpre.Z'}]"
TIME,pre_unbuf,pre_unbuf,2,False,internal,"{'source_file': 'sram_compiler/subcircuits/time_generate.py', 'source_class': 'TIME', 'source_module_name': 'TIME', 'role_hint': 'control_timing'}","[{'endpoint_type': 'instance_pin', 'endpoint_name': 'Xpre_unbuf.Z'}, {'endpoint_type': 'instance_pin', 'endpoint_name': 'Xpre.A'}]"
TIME,rbl,rbl,2,False,internal,"{'source_file': 'sram_compiler/subcircuits/time_generate.py', 'source_class': 'TIME', 'source_module_name': 'TIME', 'role_hint': 'control_timing'}","[{'endpoint_type': 'module_pin', 'endpoint_name': 'rbl'}, {'endpoint_type': 'instance_pin', 'endpoint_name': 'Xdelaychain.in'}]"
TIME,rbl_delay,rbl_delay,5,False,internal,"{'source_file': 'sram_compiler/subcircuits/time_generate.py', 'source_class': 'TIME', 'source_module_name': 'TIME', 'role_hint': 'control_timing'}","[{'endpoint_type': 'module_pin', 'endpoint_name': 'rbl_delay'}, {'endpoint_type': 'instance_pin', 'endpoint_name': 'Xdelaychain.out'}, {'endpoint_type': 'instance_pin', 'endpoint_name': 'Xinv_rbl_delay_bar.A'}, {'endpoint_type': 'instance_pin', 'endpoint_name': 'Xs_en.A'}, {'endpoint_type': 'instance_pin', 'endpoint_name': 'Xpre_unbuf.B'}]"
TIME,rbl_delay_bar,rbl_delay_bar,3,False,internal,"{'source_file': 'sram_compiler/subcircuits/time_generate.py', 'source_class': 'TIME', 'source_module_name': 'TIME', 'role_hint': 'control_timing'}","[{'endpoint_type': 'module_pin', 'endpoint_name': 'rbl_delay_bar'}, {'endpoint_type': 'instance_pin', 'endpoint_name': 'Xinv_rbl_delay_bar.Z'}, {'endpoint_type': 'instance_pin', 'endpoint_name': 'Xw_en.A'}]"
TIME,s_en,s_en,2,False,internal,"{'source_file': 'sram_compiler/subcircuits/time_generate.py', 'source_class': 'TIME', 'source_module_name': 'TIME', 'role_hint': 'control_timing'}","[{'endpoint_type': 'module_pin', 'endpoint_name': 's_en'}, {'endpoint_type': 'instance_pin', 'endpoint_name': 'Xs_en.Z'}]"
TIME,VDD,vdd,17,False,power,"{'source_file': 'sram_compiler/subcircuits/time_generate.py', 'source_class': 'TIME', 'source_module_name': 'TIME', 'role_hint': 'control_timing'}","[{'endpoint_type': 'module_pin', 'endpoint_name': 'VDD'}, {'endpoint_type': 'instance_pin', 'endpoint_name': 'Xdff_buf_addr.VDD'}, {'endpoint_type': 'instance_pin', 'endpoint_name': 'Xdff_buf_data.VDD'}, {'endpoint_type': 'instance_pin', 'endpoint_name': 'Xclkbuf.VDD'}, {'endpoint_type': 'instance_pin', 'endpoint_name': 'Xinv_clk_bar.VDD'}, {'endpoint_type': 'instance_pin', 'endpoint_name': 'Xdff_buf.VDD'}, {'endpoint_type': 'instance_pin', 'endpoint_name': 'Xdff_buf1.VDD'}, {'endpoint_type': 'instance_pin', 'endpoint_name': 'Xand2_gated_clk_bar.VDD'}, {'endpoint_type': 'instance_pin', 'endpoint_name': 'Xand2_gated_clk_buf.VDD'}, {'endpoint_type': 'instance_pin', 'endpoint_name': 'Xwl_en.VDD'}, {'endpoint_type': 'instance_pin', 'endpoint_name': 'Xinv_wl_en_bar.VDD'}, {'endpoint_type': 'instance_pin', 'endpoint_name': 'Xdelaychain.VDD'}, {'endpoint_type': 'instance_pin', 'endpoint_name': 'Xinv_rbl_delay_bar.VDD'}, {'endpoint_type': 'instance_pin', 'endpoint_name': 'Xw_en.VDD'}, {'endpoint_type': 'instance_pin', 'endpoint_name': 'Xs_en.VDD'}, {'endpoint_type': 'instance_pin', 'endpoint_name': 'Xpre_unbuf.VDD'}, {'endpoint_type': 'instance_pin', 'endpoint_name': 'Xpre.VDD'}]"
TIME,VSS,vss,17,False,ground,"{'source_file': 'sram_compiler/subcircuits/time_generate.py', 'source_class': 'TIME', 'source_module_name': 'TIME', 'role_hint': 'control_timing'}","[{'endpoint_type': 'module_pin', 'endpoint_name': 'VSS'}, {'endpoint_type': 'instance_pin', 'endpoint_name': 'Xdff_buf_addr.VSS'}, {'endpoint_type': 'instance_pin', 'endpoint_name': 'Xdff_buf_data.VSS'}, {'endpoint_type': 'instance_pin', 'endpoint_name': 'Xclkbuf.VSS'}, {'endpoint_type': 'instance_pin', 'endpoint_name': 'Xinv_clk_bar.VSS'}, {'endpoint_type': 'instance_pin', 'endpoint_name': 'Xdff_buf.VSS'}, {'endpoint_type': 'instance_pin', 'endpoint_name': 'Xdff_buf1.VSS'}, {'endpoint_type': 'instance_pin', 'endpoint_name': 'Xand2_gated_clk_bar.VSS'}, {'endpoint_type': 'instance_pin', 'endpoint_name': 'Xand2_gated_clk_buf.VSS'}, {'endpoint_type': 'instance_pin', 'endpoint_name': 'Xwl_en.VSS'}, {'endpoint_type': 'instance_pin', 'endpoint_name': 'Xinv_wl_en_bar.VSS'}, {'endpoint_type': 'instance_pin', 'endpoint_name': 'Xdelaychain.VSS'}, {'endpoint_type': 'instance_pin', 'endpoint_name': 'Xinv_rbl_delay_bar.VSS'}, {'endpoint_type': 'instance_pin', 'endpoint_name': 'Xw_en.VSS'}, {'endpoint_type': 'instance_pin', 'endpoint_name': 'Xs_en.VSS'}, {'endpoint_type': 'instance_pin', 'endpoint_name': 'Xpre_unbuf.VSS'}, {'endpoint_type': 'instance_pin', 'endpoint_name': 'Xpre.VSS'}]"
TIME,w_en,w_en,2,False,internal,"{'source_file': 'sram_compiler/subcircuits/time_generate.py', 'source_class': 'TIME', 'source_module_name': 'TIME', 'role_hint': 'control_timing'}","[{'endpoint_type': 'module_pin', 'endpoint_name': 'w_en'}, {'endpoint_type': 'instance_pin', 'endpoint_name': 'Xw_en.Z'}]"
TIME,we,we,3,False,internal,"{'source_file': 'sram_compiler/subcircuits/time_generate.py', 'source_class': 'TIME', 'source_module_name': 'TIME', 'role_hint': 'control_timing'}","[{'endpoint_type': 'module_pin', 'endpoint_name': 'we'}, {'endpoint_type': 'instance_pin', 'endpoint_name': 'Xdff_buf1.QB'}, {'endpoint_type': 'instance_pin', 'endpoint_name': 'Xw_en.C'}]"
TIME,we_bar,we_bar,3,False,internal,"{'source_file': 'sram_compiler/subcircuits/time_generate.py', 'source_class': 'TIME', 'source_module_name': 'TIME', 'role_hint': 'control_timing'}","[{'endpoint_type': 'module_pin', 'endpoint_name': 'we_bar'}, {'endpoint_type': 'instance_pin', 'endpoint_name': 'Xdff_buf1.Q'}, {'endpoint_type': 'instance_pin', 'endpoint_name': 'Xs_en.C'}]"
TIME,web,web,2,False,write_enable_bar,"{'source_file': 'sram_compiler/subcircuits/time_generate.py', 'source_class': 'TIME', 'source_module_name': 'TIME', 'role_hint': 'control_timing'}","[{'endpoint_type': 'module_pin', 'endpoint_name': 'web'}, {'endpoint_type': 'instance_pin', 'endpoint_name': 'Xdff_buf1.D'}]"
TIME,wl_en,wl_en,3,False,internal,"{'source_file': 'sram_compiler/subcircuits/time_generate.py', 'source_class': 'TIME', 'source_module_name': 'TIME', 'role_hint': 'control_timing'}","[{'endpoint_type': 'module_pin', 'endpoint_name': 'wl_en'}, {'endpoint_type': 'instance_pin', 'endpoint_name': 'Xwl_en.Z'}, {'endpoint_type': 'instance_pin', 'endpoint_name': 'Xinv_wl_en_bar.A'}]"
TIME,wl_en_bar,wl_en_bar,2,False,internal,"{'source_file': 'sram_compiler/subcircuits/time_generate.py', 'source_class': 'TIME', 'source_module_name': 'TIME', 'role_hint': 'control_timing'}","[{'endpoint_type': 'instance_pin', 'endpoint_name': 'Xinv_wl_en_bar.Z'}, {'endpoint_type': 'instance_pin', 'endpoint_name': 'Xpre_unbuf.C'}]"
ADDR_DFF,A0,a0,2,False,address,"{'source_file': 'sram_compiler/subcircuits/time_generate.py', 'source_class': 'ADDR_DFF', 'source_module_name': 'ADDR_DFF', 'role_hint': 'control_timing'}","[{'endpoint_type': 'module_pin', 'endpoint_name': 'A0'}, {'endpoint_type': 'instance_pin', 'endpoint_name': 'Xdff_0.D'}]"
ADDR_DFF,A1,a1,2,False,address,"{'source_file': 'sram_compiler/subcircuits/time_generate.py', 'source_class': 'ADDR_DFF', 'source_module_name': 'ADDR_DFF', 'role_hint': 'control_timing'}","[{'endpoint_type': 'module_pin', 'endpoint_name': 'A1'}, {'endpoint_type': 'instance_pin', 'endpoint_name': 'Xdff_1.D'}]"
ADDR_DFF,A2,a2,2,False,address,"{'source_file': 'sram_compiler/subcircuits/time_generate.py', 'source_class': 'ADDR_DFF', 'source_module_name': 'ADDR_DFF', 'role_hint': 'control_timing'}","[{'endpoint_type': 'module_pin', 'endpoint_name': 'A2'}, {'endpoint_type': 'instance_pin', 'endpoint_name': 'Xdff_2.D'}]"
ADDR_DFF,A3,a3,2,False,address,"{'source_file': 'sram_compiler/subcircuits/time_generate.py', 'source_class': 'ADDR_DFF', 'source_module_name': 'ADDR_DFF', 'role_hint': 'control_timing'}","[{'endpoint_type': 'module_pin', 'endpoint_name': 'A3'}, {'endpoint_type': 'instance_pin', 'endpoint_name': 'Xdff_3.D'}]"
ADDR_DFF,A_dff0,a_dff0,2,False,internal,"{'source_file': 'sram_compiler/subcircuits/time_generate.py', 'source_class': 'ADDR_DFF', 'source_module_name': 'ADDR_DFF', 'role_hint': 'control_timing'}","[{'endpoint_type': 'module_pin', 'endpoint_name': 'A_dff0'}, {'endpoint_type': 'instance_pin', 'endpoint_name': 'Xdff_0.Q'}]"
ADDR_DFF,A_dff1,a_dff1,2,False,internal,"{'source_file': 'sram_compiler/subcircuits/time_generate.py', 'source_class': 'ADDR_DFF', 'source_module_name': 'ADDR_DFF', 'role_hint': 'control_timing'}","[{'endpoint_type': 'module_pin', 'endpoint_name': 'A_dff1'}, {'endpoint_type': 'instance_pin', 'endpoint_name': 'Xdff_1.Q'}]"
ADDR_DFF,A_dff2,a_dff2,2,False,internal,"{'source_file': 'sram_compiler/subcircuits/time_generate.py', 'source_class': 'ADDR_DFF', 'source_module_name': 'ADDR_DFF', 'role_hint': 'control_timing'}","[{'endpoint_type': 'module_pin', 'endpoint_name': 'A_dff2'}, {'endpoint_type': 'instance_pin', 'endpoint_name': 'Xdff_2.Q'}]"
ADDR_DFF,A_dff3,a_dff3,2,False,internal,"{'source_file': 'sram_compiler/subcircuits/time_generate.py', 'source_class': 'ADDR_DFF', 'source_module_name': 'ADDR_DFF', 'role_hint': 'control_timing'}","[{'endpoint_type': 'module_pin', 'endpoint_name': 'A_dff3'}, {'endpoint_type': 'instance_pin', 'endpoint_name': 'Xdff_3.Q'}]"
ADDR_DFF,clk,clk,5,False,clock,"{'source_file': 'sram_compiler/subcircuits/time_generate.py', 'source_class': 'ADDR_DFF', 'source_module_name': 'ADDR_DFF', 'role_hint': 'control_timing'}","[{'endpoint_type': 'module_pin', 'endpoint_name': 'CLK'}, {'endpoint_type': 'instance_pin', 'endpoint_name': 'Xdff_0.CLK'}, {'endpoint_type': 'instance_pin', 'endpoint_name': 'Xdff_1.CLK'}, {'endpoint_type': 'instance_pin', 'endpoint_name': 'Xdff_2.CLK'}, {'endpoint_type': 'instance_pin', 'endpoint_name': 'Xdff_3.CLK'}]"
ADDR_DFF,VDD,vdd,5,False,power,"{'source_file': 'sram_compiler/subcircuits/time_generate.py', 'source_class': 'ADDR_DFF', 'source_module_name': 'ADDR_DFF', 'role_hint': 'control_timing'}","[{'endpoint_type': 'module_pin', 'endpoint_name': 'VDD'}, {'endpoint_type': 'instance_pin', 'endpoint_name': 'Xdff_0.VDD'}, {'endpoint_type': 'instance_pin', 'endpoint_name': 'Xdff_1.VDD'}, {'endpoint_type': 'instance_pin', 'endpoint_name': 'Xdff_2.VDD'}, {'endpoint_type': 'instance_pin', 'endpoint_name': 'Xdff_3.VDD'}]"
ADDR_DFF,VSS,vss,5,False,ground,"{'source_file': 'sram_compiler/subcircuits/time_generate.py', 'source_class': 'ADDR_DFF', 'source_module_name': 'ADDR_DFF', 'role_hint': 'control_timing'}","[{'endpoint_type': 'module_pin', 'endpoint_name': 'VSS'}, {'endpoint_type': 'instance_pin', 'endpoint_name': 'Xdff_0.VSS'}, {'endpoint_type': 'instance_pin', 'endpoint_name': 'Xdff_1.VSS'}, {'endpoint_type': 'instance_pin', 'endpoint_name': 'Xdff_2.VSS'}, {'endpoint_type': 'instance_pin', 'endpoint_name': 'Xdff_3.VSS'}]"
DFF,clk,clk,6,False,clock,"{'source_file': 'sram_compiler/subcircuits/time_generate.py', 'source_class': 'dff', 'source_module_name': 'DFF', 'role_hint': 'control_timing'}","[{'endpoint_type': 'module_pin', 'endpoint_name': 'CLK'}, {'endpoint_type': 'instance_pin', 'endpoint_name': 'Xinv1_clk.A'}, {'endpoint_type': 'instance_pin', 'endpoint_name': 'Xtg1.CTR_P'}, {'endpoint_type': 'instance_pin', 'endpoint_name': 'Xtg2.CTR_N'}, {'endpoint_type': 'instance_pin', 'endpoint_name': 'Xtg3.CTR_N'}, {'endpoint_type': 'instance_pin', 'endpoint_name': 'Xtg4.CTR_P'}]"
DFF,clkb,clkb,5,False,internal,"{'source_file': 'sram_compiler/subcircuits/time_generate.py', 'source_class': 'dff', 'source_module_name': 'DFF', 'role_hint': 'control_timing'}","[{'endpoint_type': 'instance_pin', 'endpoint_name': 'Xinv1_clk.Z'}, {'endpoint_type': 'instance_pin', 'endpoint_name': 'Xtg1.CTR_N'}, {'endpoint_type': 'instance_pin', 'endpoint_name': 'Xtg2.CTR_P'}, {'endpoint_type': 'instance_pin', 'endpoint_name': 'Xtg3.CTR_P'}, {'endpoint_type': 'instance_pin', 'endpoint_name': 'Xtg4.CTR_N'}]"
DFF,D,d,2,False,internal,"{'source_file': 'sram_compiler/subcircuits/time_generate.py', 'source_class': 'dff', 'source_module_name': 'DFF', 'role_hint': 'control_timing'}","[{'endpoint_type': 'module_pin', 'endpoint_name': 'D'}, {'endpoint_type': 'instance_pin', 'endpoint_name': 'Xinv2_D.A'}]"
DFF,d_b,d_b,2,False,internal,"{'source_file': 'sram_compiler/subcircuits/time_generate.py', 'source_class': 'dff', 'source_module_name': 'DFF', 'role_hint': 'control_timing'}","[{'endpoint_type': 'instance_pin', 'endpoint_name': 'Xinv2_D.Z'}, {'endpoint_type': 'instance_pin', 'endpoint_name': 'Xtg1.IN'}]"
DFF,Q,q,3,False,internal,"{'source_file': 'sram_compiler/subcircuits/time_generate.py', 'source_class': 'dff', 'source_module_name': 'DFF', 'role_hint': 'control_timing'}","[{'endpoint_type': 'module_pin', 'endpoint_name': 'Q'}, {'endpoint_type': 'instance_pin', 'endpoint_name': 'Xinv6.Z'}, {'endpoint_type': 'instance_pin', 'endpoint_name': 'Xinv7.A'}]"
DFF,qb,qb,2,False,internal,"{'source_file': 'sram_compiler/subcircuits/time_generate.py', 'source_class': 'dff', 'source_module_name': 'DFF', 'role_hint': 'control_timing'}","[{'endpoint_type': 'instance_pin', 'endpoint_name': 'Xinv7.Z'}, {'endpoint_type': 'instance_pin', 'endpoint_name': 'Xtg4.IN'}]"
DFF,VDD,vdd,12,False,power,"{'source_file': 'sram_compiler/subcircuits/time_generate.py', 'source_class': 'dff', 'source_module_name': 'DFF', 'role_hint': 'control_timing'}","[{'endpoint_type': 'module_pin', 'endpoint_name': 'VDD'}, {'endpoint_type': 'instance_pin', 'endpoint_name': 'Xinv1_clk.VDD'}, {'endpoint_type': 'instance_pin', 'endpoint_name': 'Xinv2_D.VDD'}, {'endpoint_type': 'instance_pin', 'endpoint_name': 'Xtg1.VDD'}, {'endpoint_type': 'instance_pin', 'endpoint_name': 'Xinv3.VDD'}, {'endpoint_type': 'instance_pin', 'endpoint_name': 'Xinv4.VDD'}, {'endpoint_type': 'instance_pin', 'endpoint_name': 'Xtg2.VDD'}, {'endpoint_type': 'instance_pin', 'endpoint_name': 'Xinv5.VDD'}, {'endpoint_type': 'instance_pin', 'endpoint_name': 'Xtg3.VDD'}, {'endpoint_type': 'instance_pin', 'endpoint_name': 'Xinv6.VDD'}, {'endpoint_type': 'instance_pin', 'endpoint_name': 'Xinv7.VDD'}, {'endpoint_type': 'instance_pin', 'endpoint_name': 'Xtg4.VDD'}]"
DFF,VSS,vss,12,False,ground,"{'source_file': 'sram_compiler/subcircuits/time_generate.py', 'source_class': 'dff', 'source_module_name': 'DFF', 'role_hint': 'control_timing'}","[{'endpoint_type': 'module_pin', 'endpoint_name': 'VSS'}, {'endpoint_type': 'instance_pin', 'endpoint_name': 'Xinv1_clk.VSS'}, {'endpoint_type': 'instance_pin', 'endpoint_name': 'Xinv2_D.VSS'}, {'endpoint_type': 'instance_pin', 'endpoint_name': 'Xtg1.VSS'}, {'endpoint_type': 'instance_pin', 'endpoint_name': 'Xinv3.VSS'}, {'endpoint_type': 'instance_pin', 'endpoint_name': 'Xinv4.VSS'}, {'endpoint_type': 'instance_pin', 'endpoint_name': 'Xtg2.VSS'}, {'endpoint_type': 'instance_pin', 'endpoint_name': 'Xinv5.VSS'}, {'endpoint_type': 'instance_pin', 'endpoint_name': 'Xtg3.VSS'}, {'endpoint_type': 'instance_pin', 'endpoint_name': 'Xinv6.VSS'}, {'endpoint_type': 'instance_pin', 'endpoint_name': 'Xinv7.VSS'}, {'endpoint_type': 'instance_pin', 'endpoint_name': 'Xtg4.VSS'}]"
DFF,z1,z1,3,False,internal,"{'source_file': 'sram_compiler/subcircuits/time_generate.py', 'source_class': 'dff', 'source_module_name': 'DFF', 'role_hint': 'control_timing'}","[{'endpoint_type': 'instance_pin', 'endpoint_name': 'Xtg1.OUT'}, {'endpoint_type': 'instance_pin', 'endpoint_name': 'Xinv3.A'}, {'endpoint_type': 'instance_pin', 'endpoint_name': 'Xtg2.OUT'}]"
DFF,z2,z2,3,False,internal,"{'source_file': 'sram_compiler/subcircuits/time_generate.py', 'source_class': 'dff', 'source_module_name': 'DFF', 'role_hint': 'control_timing'}","[{'endpoint_type': 'instance_pin', 'endpoint_name': 'Xinv3.Z'}, {'endpoint_type': 'instance_pin', 'endpoint_name': 'Xinv4.A'}, {'endpoint_type': 'instance_pin', 'endpoint_name': 'Xinv5.A'}]"
DFF,z3,z3,2,False,internal,"{'source_file': 'sram_compiler/subcircuits/time_generate.py', 'source_class': 'dff', 'source_module_name': 'DFF', 'role_hint': 'control_timing'}","[{'endpoint_type': 'instance_pin', 'endpoint_name': 'Xinv4.Z'}, {'endpoint_type': 'instance_pin', 'endpoint_name': 'Xtg2.IN'}]"
DFF,z4,z4,2,False,internal,"{'source_file': 'sram_compiler/subcircuits/time_generate.py', 'source_class': 'dff', 'source_module_name': 'DFF', 'role_hint': 'control_timing'}","[{'endpoint_type': 'instance_pin', 'endpoint_name': 'Xinv5.Z'}, {'endpoint_type': 'instance_pin', 'endpoint_name': 'Xtg3.IN'}]"
DFF,z5,z5,3,False,internal,"{'source_file': 'sram_compiler/subcircuits/time_generate.py', 'source_class': 'dff', 'source_module_name': 'DFF', 'role_hint': 'control_timing'}","[{'endpoint_type': 'instance_pin', 'endpoint_name': 'Xtg3.OUT'}, {'endpoint_type': 'instance_pin', 'endpoint_name': 'Xinv6.A'}, {'endpoint_type': 'instance_pin', 'endpoint_name': 'Xtg4.OUT'}]"
PINV1,A,a,3,False,internal,"{'source_file': 'sram_compiler/testbenches/sram_6t_core_testbench.py::Sram6TCoreTestbench.create_testbench', 'source_class': '', 'source_module_name': 'PINV1', 'role_hint': 'EXTRACTED_FROM_GENERATED_NETLIST'}","[{'endpoint_type': 'module_pin', 'endpoint_name': 'A'}, {'endpoint_type': 'instance_pin', 'endpoint_name': 'Mpinv_pmos.G'}, {'endpoint_type': 'instance_pin', 'endpoint_name': 'Mpinv_nmos.G'}]"
PINV1,VDD,vdd,3,False,power,"{'source_file': 'sram_compiler/testbenches/sram_6t_core_testbench.py::Sram6TCoreTestbench.create_testbench', 'source_class': '', 'source_module_name': 'PINV1', 'role_hint': 'EXTRACTED_FROM_GENERATED_NETLIST'}","[{'endpoint_type': 'module_pin', 'endpoint_name': 'VDD'}, {'endpoint_type': 'instance_pin', 'endpoint_name': 'Mpinv_pmos.S'}, {'endpoint_type': 'instance_pin', 'endpoint_name': 'Mpinv_pmos.B'}]"
PINV1,VSS,vss,3,False,ground,"{'source_file': 'sram_compiler/testbenches/sram_6t_core_testbench.py::Sram6TCoreTestbench.create_testbench', 'source_class': '', 'source_module_name': 'PINV1', 'role_hint': 'EXTRACTED_FROM_GENERATED_NETLIST'}","[{'endpoint_type': 'module_pin', 'endpoint_name': 'VSS'}, {'endpoint_type': 'instance_pin', 'endpoint_name': 'Mpinv_nmos.S'}, {'endpoint_type': 'instance_pin', 'endpoint_name': 'Mpinv_nmos.B'}]"
PINV1,Z,z,3,False,internal,"{'source_file': 'sram_compiler/testbenches/sram_6t_core_testbench.py::Sram6TCoreTestbench.create_testbench', 'source_class': '', 'source_module_name': 'PINV1', 'role_hint': 'EXTRACTED_FROM_GENERATED_NETLIST'}","[{'endpoint_type': 'module_pin', 'endpoint_name': 'Z'}, {'endpoint_type': 'instance_pin', 'endpoint_name': 'Mpinv_pmos.D'}, {'endpoint_type': 'instance_pin', 'endpoint_name': 'Mpinv_nmos.D'}]"
TRANSMISSION_GATE,CTR_N,ctr_n,2,False,internal,"{'source_file': 'sram_compiler/subcircuits/time_generate.py', 'source_class': 'TransmissionGate', 'source_module_name': 'TRANSMISSION_GATE', 'role_hint': 'support_cell'}","[{'endpoint_type': 'module_pin', 'endpoint_name': 'CTR_N'}, {'endpoint_type': 'instance_pin', 'endpoint_name': 'Mtransnmos.G'}]"
TRANSMISSION_GATE,CTR_P,ctr_p,2,False,internal,"{'source_file': 'sram_compiler/subcircuits/time_generate.py', 'source_class': 'TransmissionGate', 'source_module_name': 'TRANSMISSION_GATE', 'role_hint': 'support_cell'}","[{'endpoint_type': 'module_pin', 'endpoint_name': 'CTR_P'}, {'endpoint_type': 'instance_pin', 'endpoint_name': 'Mtranspmos.G'}]"
TRANSMISSION_GATE,IN,in,3,False,internal,"{'source_file': 'sram_compiler/subcircuits/time_generate.py', 'source_class': 'TransmissionGate', 'source_module_name': 'TRANSMISSION_GATE', 'role_hint': 'support_cell'}","[{'endpoint_type': 'module_pin', 'endpoint_name': 'IN'}, {'endpoint_type': 'instance_pin', 'endpoint_name': 'Mtranspmos.S'}, {'endpoint_type': 'instance_pin', 'endpoint_name': 'Mtransnmos.D'}]"
TRANSMISSION_GATE,OUT,out,3,False,internal,"{'source_file': 'sram_compiler/subcircuits/time_generate.py', 'source_class': 'TransmissionGate', 'source_module_name': 'TRANSMISSION_GATE', 'role_hint': 'support_cell'}","[{'endpoint_type': 'module_pin', 'endpoint_name': 'OUT'}, {'endpoint_type': 'instance_pin', 'endpoint_name': 'Mtranspmos.D'}, {'endpoint_type': 'instance_pin', 'endpoint_name': 'Mtransnmos.S'}]"
TRANSMISSION_GATE,VDD,vdd,2,False,power,"{'source_file': 'sram_compiler/subcircuits/time_generate.py', 'source_class': 'TransmissionGate', 'source_module_name': 'TRANSMISSION_GATE', 'role_hint': 'support_cell'}","[{'endpoint_type': 'module_pin', 'endpoint_name': 'VDD'}, {'endpoint_type': 'instance_pin', 'endpoint_name': 'Mtranspmos.B'}]"
TRANSMISSION_GATE,VSS,vss,2,False,ground,"{'source_file': 'sram_compiler/subcircuits/time_generate.py', 'source_class': 'TransmissionGate', 'source_module_name': 'TRANSMISSION_GATE', 'role_hint': 'support_cell'}","[{'endpoint_type': 'module_pin', 'endpoint_name': 'VSS'}, {'endpoint_type': 'instance_pin', 'endpoint_name': 'Mtransnmos.B'}]"
DATA_DFF,clk,clk,17,False,clock,"{'source_file': 'sram_compiler/subcircuits/time_generate.py', 'source_class': 'DATA_DFF', 'source_module_name': 'DATA_DFF', 'role_hint': 'control_timing'}","[{'endpoint_type': 'module_pin', 'endpoint_name': 'CLK'}, {'endpoint_type': 'instance_pin', 'endpoint_name': 'Xdff_0.CLK'}, {'endpoint_type': 'instance_pin', 'endpoint_name': 'Xdff_1.CLK'}, {'endpoint_type': 'instance_pin', 'endpoint_name': 'Xdff_2.CLK'}, {'endpoint_type': 'instance_pin', 'endpoint_name': 'Xdff_3.CLK'}, {'endpoint_type': 'instance_pin', 'endpoint_name': 'Xdff_4.CLK'}, {'endpoint_type': 'instance_pin', 'endpoint_name': 'Xdff_5.CLK'}, {'endpoint_type': 'instance_pin', 'endpoint_name': 'Xdff_6.CLK'}, {'endpoint_type': 'instance_pin', 'endpoint_name': 'Xdff_7.CLK'}, {'endpoint_type': 'instance_pin', 'endpoint_name': 'Xdff_8.CLK'}, {'endpoint_type': 'instance_pin', 'endpoint_name': 'Xdff_9.CLK'}, {'endpoint_type': 'instance_pin', 'endpoint_name': 'Xdff_10.CLK'}, {'endpoint_type': 'instance_pin', 'endpoint_name': 'Xdff_11.CLK'}, {'endpoint_type': 'instance_pin', 'endpoint_name': 'Xdff_12.CLK'}, {'endpoint_type': 'instance_pin', 'endpoint_name': 'Xdff_13.CLK'}, {'endpoint_type': 'instance_pin', 'endpoint_name': 'Xdff_14.CLK'}, {'endpoint_type': 'instance_pin', 'endpoint_name': 'Xdff_15.CLK'}]"
DATA_DFF,DIN0,din0,2,False,data_input,"{'source_file': 'sram_compiler/subcircuits/time_generate.py', 'source_class': 'DATA_DFF', 'source_module_name': 'DATA_DFF', 'role_hint': 'control_timing'}","[{'endpoint_type': 'module_pin', 'endpoint_name': 'DIN0'}, {'endpoint_type': 'instance_pin', 'endpoint_name': 'Xdff_0.D'}]"
DATA_DFF,DIN1,din1,2,False,data_input,"{'source_file': 'sram_compiler/subcircuits/time_generate.py', 'source_class': 'DATA_DFF', 'source_module_name': 'DATA_DFF', 'role_hint': 'control_timing'}","[{'endpoint_type': 'module_pin', 'endpoint_name': 'DIN1'}, {'endpoint_type': 'instance_pin', 'endpoint_name': 'Xdff_1.D'}]"
DATA_DFF,DIN10,din10,2,False,data_input,"{'source_file': 'sram_compiler/subcircuits/time_generate.py', 'source_class': 'DATA_DFF', 'source_module_name': 'DATA_DFF', 'role_hint': 'control_timing'}","[{'endpoint_type': 'module_pin', 'endpoint_name': 'DIN10'}, {'endpoint_type': 'instance_pin', 'endpoint_name': 'Xdff_10.D'}]"
DATA_DFF,DIN11,din11,2,False,data_input,"{'source_file': 'sram_compiler/subcircuits/time_generate.py', 'source_class': 'DATA_DFF', 'source_module_name': 'DATA_DFF', 'role_hint': 'control_timing'}","[{'endpoint_type': 'module_pin', 'endpoint_name': 'DIN11'}, {'endpoint_type': 'instance_pin', 'endpoint_name': 'Xdff_11.D'}]"
DATA_DFF,DIN12,din12,2,False,data_input,"{'source_file': 'sram_compiler/subcircuits/time_generate.py', 'source_class': 'DATA_DFF', 'source_module_name': 'DATA_DFF', 'role_hint': 'control_timing'}","[{'endpoint_type': 'module_pin', 'endpoint_name': 'DIN12'}, {'endpoint_type': 'instance_pin', 'endpoint_name': 'Xdff_12.D'}]"
DATA_DFF,DIN13,din13,2,False,data_input,"{'source_file': 'sram_compiler/subcircuits/time_generate.py', 'source_class': 'DATA_DFF', 'source_module_name': 'DATA_DFF', 'role_hint': 'control_timing'}","[{'endpoint_type': 'module_pin', 'endpoint_name': 'DIN13'}, {'endpoint_type': 'instance_pin', 'endpoint_name': 'Xdff_13.D'}]"
DATA_DFF,DIN14,din14,2,False,data_input,"{'source_file': 'sram_compiler/subcircuits/time_generate.py', 'source_class': 'DATA_DFF', 'source_module_name': 'DATA_DFF', 'role_hint': 'control_timing'}","[{'endpoint_type': 'module_pin', 'endpoint_name': 'DIN14'}, {'endpoint_type': 'instance_pin', 'endpoint_name': 'Xdff_14.D'}]"
DATA_DFF,DIN15,din15,2,False,data_input,"{'source_file': 'sram_compiler/subcircuits/time_generate.py', 'source_class': 'DATA_DFF', 'source_module_name': 'DATA_DFF', 'role_hint': 'control_timing'}","[{'endpoint_type': 'module_pin', 'endpoint_name': 'DIN15'}, {'endpoint_type': 'instance_pin', 'endpoint_name': 'Xdff_15.D'}]"
DATA_DFF,DIN2,din2,2,False,data_input,"{'source_file': 'sram_compiler/subcircuits/time_generate.py', 'source_class': 'DATA_DFF', 'source_module_name': 'DATA_DFF', 'role_hint': 'control_timing'}","[{'endpoint_type': 'module_pin', 'endpoint_name': 'DIN2'}, {'endpoint_type': 'instance_pin', 'endpoint_name': 'Xdff_2.D'}]"
DATA_DFF,DIN3,din3,2,False,data_input,"{'source_file': 'sram_compiler/subcircuits/time_generate.py', 'source_class': 'DATA_DFF', 'source_module_name': 'DATA_DFF', 'role_hint': 'control_timing'}","[{'endpoint_type': 'module_pin', 'endpoint_name': 'DIN3'}, {'endpoint_type': 'instance_pin', 'endpoint_name': 'Xdff_3.D'}]"
DATA_DFF,DIN4,din4,2,False,data_input,"{'source_file': 'sram_compiler/subcircuits/time_generate.py', 'source_class': 'DATA_DFF', 'source_module_name': 'DATA_DFF', 'role_hint': 'control_timing'}","[{'endpoint_type': 'module_pin', 'endpoint_name': 'DIN4'}, {'endpoint_type': 'instance_pin', 'endpoint_name': 'Xdff_4.D'}]"
DATA_DFF,DIN5,din5,2,False,data_input,"{'source_file': 'sram_compiler/subcircuits/time_generate.py', 'source_class': 'DATA_DFF', 'source_module_name': 'DATA_DFF', 'role_hint': 'control_timing'}","[{'endpoint_type': 'module_pin', 'endpoint_name': 'DIN5'}, {'endpoint_type': 'instance_pin', 'endpoint_name': 'Xdff_5.D'}]"
DATA_DFF,DIN6,din6,2,False,data_input,"{'source_file': 'sram_compiler/subcircuits/time_generate.py', 'source_class': 'DATA_DFF', 'source_module_name': 'DATA_DFF', 'role_hint': 'control_timing'}","[{'endpoint_type': 'module_pin', 'endpoint_name': 'DIN6'}, {'endpoint_type': 'instance_pin', 'endpoint_name': 'Xdff_6.D'}]"
DATA_DFF,DIN7,din7,2,False,data_input,"{'source_file': 'sram_compiler/subcircuits/time_generate.py', 'source_class': 'DATA_DFF', 'source_module_name': 'DATA_DFF', 'role_hint': 'control_timing'}","[{'endpoint_type': 'module_pin', 'endpoint_name': 'DIN7'}, {'endpoint_type': 'instance_pin', 'endpoint_name': 'Xdff_7.D'}]"
DATA_DFF,DIN8,din8,2,False,data_input,"{'source_file': 'sram_compiler/subcircuits/time_generate.py', 'source_class': 'DATA_DFF', 'source_module_name': 'DATA_DFF', 'role_hint': 'control_timing'}","[{'endpoint_type': 'module_pin', 'endpoint_name': 'DIN8'}, {'endpoint_type': 'instance_pin', 'endpoint_name': 'Xdff_8.D'}]"
DATA_DFF,DIN9,din9,2,False,data_input,"{'source_file': 'sram_compiler/subcircuits/time_generate.py', 'source_class': 'DATA_DFF', 'source_module_name': 'DATA_DFF', 'role_hint': 'control_timing'}","[{'endpoint_type': 'module_pin', 'endpoint_name': 'DIN9'}, {'endpoint_type': 'instance_pin', 'endpoint_name': 'Xdff_9.D'}]"
DATA_DFF,DIN_dff0,din_dff0,2,False,internal,"{'source_file': 'sram_compiler/subcircuits/time_generate.py', 'source_class': 'DATA_DFF', 'source_module_name': 'DATA_DFF', 'role_hint': 'control_timing'}","[{'endpoint_type': 'module_pin', 'endpoint_name': 'DIN_dff0'}, {'endpoint_type': 'instance_pin', 'endpoint_name': 'Xdff_0.Q'}]"
DATA_DFF,DIN_dff1,din_dff1,2,False,internal,"{'source_file': 'sram_compiler/subcircuits/time_generate.py', 'source_class': 'DATA_DFF', 'source_module_name': 'DATA_DFF', 'role_hint': 'control_timing'}","[{'endpoint_type': 'module_pin', 'endpoint_name': 'DIN_dff1'}, {'endpoint_type': 'instance_pin', 'endpoint_name': 'Xdff_1.Q'}]"
DATA_DFF,DIN_dff10,din_dff10,2,False,internal,"{'source_file': 'sram_compiler/subcircuits/time_generate.py', 'source_class': 'DATA_DFF', 'source_module_name': 'DATA_DFF', 'role_hint': 'control_timing'}","[{'endpoint_type': 'module_pin', 'endpoint_name': 'DIN_dff10'}, {'endpoint_type': 'instance_pin', 'endpoint_name': 'Xdff_10.Q'}]"
DATA_DFF,DIN_dff11,din_dff11,2,False,internal,"{'source_file': 'sram_compiler/subcircuits/time_generate.py', 'source_class': 'DATA_DFF', 'source_module_name': 'DATA_DFF', 'role_hint': 'control_timing'}","[{'endpoint_type': 'module_pin', 'endpoint_name': 'DIN_dff11'}, {'endpoint_type': 'instance_pin', 'endpoint_name': 'Xdff_11.Q'}]"
DATA_DFF,DIN_dff12,din_dff12,2,False,internal,"{'source_file': 'sram_compiler/subcircuits/time_generate.py', 'source_class': 'DATA_DFF', 'source_module_name': 'DATA_DFF', 'role_hint': 'control_timing'}","[{'endpoint_type': 'module_pin', 'endpoint_name': 'DIN_dff12'}, {'endpoint_type': 'instance_pin', 'endpoint_name': 'Xdff_12.Q'}]"
DATA_DFF,DIN_dff13,din_dff13,2,False,internal,"{'source_file': 'sram_compiler/subcircuits/time_generate.py', 'source_class': 'DATA_DFF', 'source_module_name': 'DATA_DFF', 'role_hint': 'control_timing'}","[{'endpoint_type': 'module_pin', 'endpoint_name': 'DIN_dff13'}, {'endpoint_type': 'instance_pin', 'endpoint_name': 'Xdff_13.Q'}]"
DATA_DFF,DIN_dff14,din_dff14,2,False,internal,"{'source_file': 'sram_compiler/subcircuits/time_generate.py', 'source_class': 'DATA_DFF', 'source_module_name': 'DATA_DFF', 'role_hint': 'control_timing'}","[{'endpoint_type': 'module_pin', 'endpoint_name': 'DIN_dff14'}, {'endpoint_type': 'instance_pin', 'endpoint_name': 'Xdff_14.Q'}]"
DATA_DFF,DIN_dff15,din_dff15,2,False,internal,"{'source_file': 'sram_compiler/subcircuits/time_generate.py', 'source_class': 'DATA_DFF', 'source_module_name': 'DATA_DFF', 'role_hint': 'control_timing'}","[{'endpoint_type': 'module_pin', 'endpoint_name': 'DIN_dff15'}, {'endpoint_type': 'instance_pin', 'endpoint_name': 'Xdff_15.Q'}]"
DATA_DFF,DIN_dff2,din_dff2,2,False,internal,"{'source_file': 'sram_compiler/subcircuits/time_generate.py', 'source_class': 'DATA_DFF', 'source_module_name': 'DATA_DFF', 'role_hint': 'control_timing'}","[{'endpoint_type': 'module_pin', 'endpoint_name': 'DIN_dff2'}, {'endpoint_type': 'instance_pin', 'endpoint_name': 'Xdff_2.Q'}]"
DATA_DFF,DIN_dff3,din_dff3,2,False,internal,"{'source_file': 'sram_compiler/subcircuits/time_generate.py', 'source_class': 'DATA_DFF', 'source_module_name': 'DATA_DFF', 'role_hint': 'control_timing'}","[{'endpoint_type': 'module_pin', 'endpoint_name': 'DIN_dff3'}, {'endpoint_type': 'instance_pin', 'endpoint_name': 'Xdff_3.Q'}]"
DATA_DFF,DIN_dff4,din_dff4,2,False,internal,"{'source_file': 'sram_compiler/subcircuits/time_generate.py', 'source_class': 'DATA_DFF', 'source_module_name': 'DATA_DFF', 'role_hint': 'control_timing'}","[{'endpoint_type': 'module_pin', 'endpoint_name': 'DIN_dff4'}, {'endpoint_type': 'instance_pin', 'endpoint_name': 'Xdff_4.Q'}]"
DATA_DFF,DIN_dff5,din_dff5,2,False,internal,"{'source_file': 'sram_compiler/subcircuits/time_generate.py', 'source_class': 'DATA_DFF', 'source_module_name': 'DATA_DFF', 'role_hint': 'control_timing'}","[{'endpoint_type': 'module_pin', 'endpoint_name': 'DIN_dff5'}, {'endpoint_type': 'instance_pin', 'endpoint_name': 'Xdff_5.Q'}]"
DATA_DFF,DIN_dff6,din_dff6,2,False,internal,"{'source_file': 'sram_compiler/subcircuits/time_generate.py', 'source_class': 'DATA_DFF', 'source_module_name': 'DATA_DFF', 'role_hint': 'control_timing'}","[{'endpoint_type': 'module_pin', 'endpoint_name': 'DIN_dff6'}, {'endpoint_type': 'instance_pin', 'endpoint_name': 'Xdff_6.Q'}]"
DATA_DFF,DIN_dff7,din_dff7,2,False,internal,"{'source_file': 'sram_compiler/subcircuits/time_generate.py', 'source_class': 'DATA_DFF', 'source_module_name': 'DATA_DFF', 'role_hint': 'control_timing'}","[{'endpoint_type': 'module_pin', 'endpoint_name': 'DIN_dff7'}, {'endpoint_type': 'instance_pin', 'endpoint_name': 'Xdff_7.Q'}]"
DATA_DFF,DIN_dff8,din_dff8,2,False,internal,"{'source_file': 'sram_compiler/subcircuits/time_generate.py', 'source_class': 'DATA_DFF', 'source_module_name': 'DATA_DFF', 'role_hint': 'control_timing'}","[{'endpoint_type': 'module_pin', 'endpoint_name': 'DIN_dff8'}, {'endpoint_type': 'instance_pin', 'endpoint_name': 'Xdff_8.Q'}]"
DATA_DFF,DIN_dff9,din_dff9,2,False,internal,"{'source_file': 'sram_compiler/subcircuits/time_generate.py', 'source_class': 'DATA_DFF', 'source_module_name': 'DATA_DFF', 'role_hint': 'control_timing'}","[{'endpoint_type': 'module_pin', 'endpoint_name': 'DIN_dff9'}, {'endpoint_type': 'instance_pin', 'endpoint_name': 'Xdff_9.Q'}]"
DATA_DFF,VDD,vdd,17,False,power,"{'source_file': 'sram_compiler/subcircuits/time_generate.py', 'source_class': 'DATA_DFF', 'source_module_name': 'DATA_DFF', 'role_hint': 'control_timing'}","[{'endpoint_type': 'module_pin', 'endpoint_name': 'VDD'}, {'endpoint_type': 'instance_pin', 'endpoint_name': 'Xdff_0.VDD'}, {'endpoint_type': 'instance_pin', 'endpoint_name': 'Xdff_1.VDD'}, {'endpoint_type': 'instance_pin', 'endpoint_name': 'Xdff_2.VDD'}, {'endpoint_type': 'instance_pin', 'endpoint_name': 'Xdff_3.VDD'}, {'endpoint_type': 'instance_pin', 'endpoint_name': 'Xdff_4.VDD'}, {'endpoint_type': 'instance_pin', 'endpoint_name': 'Xdff_5.VDD'}, {'endpoint_type': 'instance_pin', 'endpoint_name': 'Xdff_6.VDD'}, {'endpoint_type': 'instance_pin', 'endpoint_name': 'Xdff_7.VDD'}, {'endpoint_type': 'instance_pin', 'endpoint_name': 'Xdff_8.VDD'}, {'endpoint_type': 'instance_pin', 'endpoint_name': 'Xdff_9.VDD'}, {'endpoint_type': 'instance_pin', 'endpoint_name': 'Xdff_10.VDD'}, {'endpoint_type': 'instance_pin', 'endpoint_name': 'Xdff_11.VDD'}, {'endpoint_type': 'instance_pin', 'endpoint_name': 'Xdff_12.VDD'}, {'endpoint_type': 'instance_pin', 'endpoint_name': 'Xdff_13.VDD'}, {'endpoint_type': 'instance_pin', 'endpoint_name': 'Xdff_14.VDD'}, {'endpoint_type': 'instance_pin', 'endpoint_name': 'Xdff_15.VDD'}]"
DATA_DFF,VSS,vss,17,False,ground,"{'source_file': 'sram_compiler/subcircuits/time_generate.py', 'source_class': 'DATA_DFF', 'source_module_name': 'DATA_DFF', 'role_hint': 'control_timing'}","[{'endpoint_type': 'module_pin', 'endpoint_name': 'VSS'}, {'endpoint_type': 'instance_pin', 'endpoint_name': 'Xdff_0.VSS'}, {'endpoint_type': 'instance_pin', 'endpoint_name': 'Xdff_1.VSS'}, {'endpoint_type': 'instance_pin', 'endpoint_name': 'Xdff_2.VSS'}, {'endpoint_type': 'instance_pin', 'endpoint_name': 'Xdff_3.VSS'}, {'endpoint_type': 'instance_pin', 'endpoint_name': 'Xdff_4.VSS'}, {'endpoint_type': 'instance_pin', 'endpoint_name': 'Xdff_5.VSS'}, {'endpoint_type': 'instance_pin', 'endpoint_name': 'Xdff_6.VSS'}, {'endpoint_type': 'instance_pin', 'endpoint_name': 'Xdff_7.VSS'}, {'endpoint_type': 'instance_pin', 'endpoint_name': 'Xdff_8.VSS'}, {'endpoint_type': 'instance_pin', 'endpoint_name': 'Xdff_9.VSS'}, {'endpoint_type': 'instance_pin', 'endpoint_name': 'Xdff_10.VSS'}, {'endpoint_type': 'instance_pin', 'endpoint_name': 'Xdff_11.VSS'}, {'endpoint_type': 'instance_pin', 'endpoint_name': 'Xdff_12.VSS'}, {'endpoint_type': 'instance_pin', 'endpoint_name': 'Xdff_13.VSS'}, {'endpoint_type': 'instance_pin', 'endpoint_name': 'Xdff_14.VSS'}, {'endpoint_type': 'instance_pin', 'endpoint_name': 'Xdff_15.VSS'}]"
DFF,clk,clk,6,False,clock,"{'source_file': 'sram_compiler/subcircuits/time_generate.py', 'source_class': 'dff', 'source_module_name': 'DFF', 'role_hint': 'control_timing'}","[{'endpoint_type': 'module_pin', 'endpoint_name': 'CLK'}, {'endpoint_type': 'instance_pin', 'endpoint_name': 'Xinv1_clk.A'}, {'endpoint_type': 'instance_pin', 'endpoint_name': 'Xtg1.CTR_P'}, {'endpoint_type': 'instance_pin', 'endpoint_name': 'Xtg2.CTR_N'}, {'endpoint_type': 'instance_pin', 'endpoint_name': 'Xtg3.CTR_N'}, {'endpoint_type': 'instance_pin', 'endpoint_name': 'Xtg4.CTR_P'}]"
DFF,clkb,clkb,5,False,internal,"{'source_file': 'sram_compiler/subcircuits/time_generate.py', 'source_class': 'dff', 'source_module_name': 'DFF', 'role_hint': 'control_timing'}","[{'endpoint_type': 'instance_pin', 'endpoint_name': 'Xinv1_clk.Z'}, {'endpoint_type': 'instance_pin', 'endpoint_name': 'Xtg1.CTR_N'}, {'endpoint_type': 'instance_pin', 'endpoint_name': 'Xtg2.CTR_P'}, {'endpoint_type': 'instance_pin', 'endpoint_name': 'Xtg3.CTR_P'}, {'endpoint_type': 'instance_pin', 'endpoint_name': 'Xtg4.CTR_N'}]"
DFF,D,d,2,False,internal,"{'source_file': 'sram_compiler/subcircuits/time_generate.py', 'source_class': 'dff', 'source_module_name': 'DFF', 'role_hint': 'control_timing'}","[{'endpoint_type': 'module_pin', 'endpoint_name': 'D'}, {'endpoint_type': 'instance_pin', 'endpoint_name': 'Xinv2_D.A'}]"
DFF,d_b,d_b,2,False,internal,"{'source_file': 'sram_compiler/subcircuits/time_generate.py', 'source_class': 'dff', 'source_module_name': 'DFF', 'role_hint': 'control_timing'}","[{'endpoint_type': 'instance_pin', 'endpoint_name': 'Xinv2_D.Z'}, {'endpoint_type': 'instance_pin', 'endpoint_name': 'Xtg1.IN'}]"
DFF,Q,q,3,False,internal,"{'source_file': 'sram_compiler/subcircuits/time_generate.py', 'source_class': 'dff', 'source_module_name': 'DFF', 'role_hint': 'control_timing'}","[{'endpoint_type': 'module_pin', 'endpoint_name': 'Q'}, {'endpoint_type': 'instance_pin', 'endpoint_name': 'Xinv6.Z'}, {'endpoint_type': 'instance_pin', 'endpoint_name': 'Xinv7.A'}]"
DFF,qb,qb,2,False,internal,"{'source_file': 'sram_compiler/subcircuits/time_generate.py', 'source_class': 'dff', 'source_module_name': 'DFF', 'role_hint': 'control_timing'}","[{'endpoint_type': 'instance_pin', 'endpoint_name': 'Xinv7.Z'}, {'endpoint_type': 'instance_pin', 'endpoint_name': 'Xtg4.IN'}]"
DFF,VDD,vdd,12,False,power,"{'source_file': 'sram_compiler/subcircuits/time_generate.py', 'source_class': 'dff', 'source_module_name': 'DFF', 'role_hint': 'control_timing'}","[{'endpoint_type': 'module_pin', 'endpoint_name': 'VDD'}, {'endpoint_type': 'instance_pin', 'endpoint_name': 'Xinv1_clk.VDD'}, {'endpoint_type': 'instance_pin', 'endpoint_name': 'Xinv2_D.VDD'}, {'endpoint_type': 'instance_pin', 'endpoint_name': 'Xtg1.VDD'}, {'endpoint_type': 'instance_pin', 'endpoint_name': 'Xinv3.VDD'}, {'endpoint_type': 'instance_pin', 'endpoint_name': 'Xinv4.VDD'}, {'endpoint_type': 'instance_pin', 'endpoint_name': 'Xtg2.VDD'}, {'endpoint_type': 'instance_pin', 'endpoint_name': 'Xinv5.VDD'}, {'endpoint_type': 'instance_pin', 'endpoint_name': 'Xtg3.VDD'}, {'endpoint_type': 'instance_pin', 'endpoint_name': 'Xinv6.VDD'}, {'endpoint_type': 'instance_pin', 'endpoint_name': 'Xinv7.VDD'}, {'endpoint_type': 'instance_pin', 'endpoint_name': 'Xtg4.VDD'}]"
DFF,VSS,vss,12,False,ground,"{'source_file': 'sram_compiler/subcircuits/time_generate.py', 'source_class': 'dff', 'source_module_name': 'DFF', 'role_hint': 'control_timing'}","[{'endpoint_type': 'module_pin', 'endpoint_name': 'VSS'}, {'endpoint_type': 'instance_pin', 'endpoint_name': 'Xinv1_clk.VSS'}, {'endpoint_type': 'instance_pin', 'endpoint_name': 'Xinv2_D.VSS'}, {'endpoint_type': 'instance_pin', 'endpoint_name': 'Xtg1.VSS'}, {'endpoint_type': 'instance_pin', 'endpoint_name': 'Xinv3.VSS'}, {'endpoint_type': 'instance_pin', 'endpoint_name': 'Xinv4.VSS'}, {'endpoint_type': 'instance_pin', 'endpoint_name': 'Xtg2.VSS'}, {'endpoint_type': 'instance_pin', 'endpoint_name': 'Xinv5.VSS'}, {'endpoint_type': 'instance_pin', 'endpoint_name': 'Xtg3.VSS'}, {'endpoint_type': 'instance_pin', 'endpoint_name': 'Xinv6.VSS'}, {'endpoint_type': 'instance_pin', 'endpoint_name': 'Xinv7.VSS'}, {'endpoint_type': 'instance_pin', 'endpoint_name': 'Xtg4.VSS'}]"
DFF,z1,z1,3,False,internal,"{'source_file': 'sram_compiler/subcircuits/time_generate.py', 'source_class': 'dff', 'source_module_name': 'DFF', 'role_hint': 'control_timing'}","[{'endpoint_type': 'instance_pin', 'endpoint_name': 'Xtg1.OUT'}, {'endpoint_type': 'instance_pin', 'endpoint_name': 'Xinv3.A'}, {'endpoint_type': 'instance_pin', 'endpoint_name': 'Xtg2.OUT'}]"
DFF,z2,z2,3,False,internal,"{'source_file': 'sram_compiler/subcircuits/time_generate.py', 'source_class': 'dff', 'source_module_name': 'DFF', 'role_hint': 'control_timing'}","[{'endpoint_type': 'instance_pin', 'endpoint_name': 'Xinv3.Z'}, {'endpoint_type': 'instance_pin', 'endpoint_name': 'Xinv4.A'}, {'endpoint_type': 'instance_pin', 'endpoint_name': 'Xinv5.A'}]"
DFF,z3,z3,2,False,internal,"{'source_file': 'sram_compiler/subcircuits/time_generate.py', 'source_class': 'dff', 'source_module_name': 'DFF', 'role_hint': 'control_timing'}","[{'endpoint_type': 'instance_pin', 'endpoint_name': 'Xinv4.Z'}, {'endpoint_type': 'instance_pin', 'endpoint_name': 'Xtg2.IN'}]"
DFF,z4,z4,2,False,internal,"{'source_file': 'sram_compiler/subcircuits/time_generate.py', 'source_class': 'dff', 'source_module_name': 'DFF', 'role_hint': 'control_timing'}","[{'endpoint_type': 'instance_pin', 'endpoint_name': 'Xinv5.Z'}, {'endpoint_type': 'instance_pin', 'endpoint_name': 'Xtg3.IN'}]"
DFF,z5,z5,3,False,internal,"{'source_file': 'sram_compiler/subcircuits/time_generate.py', 'source_class': 'dff', 'source_module_name': 'DFF', 'role_hint': 'control_timing'}","[{'endpoint_type': 'instance_pin', 'endpoint_name': 'Xtg3.OUT'}, {'endpoint_type': 'instance_pin', 'endpoint_name': 'Xinv6.A'}, {'endpoint_type': 'instance_pin', 'endpoint_name': 'Xtg4.OUT'}]"
PINV1,A,a,3,False,internal,"{'source_file': 'sram_compiler/testbenches/sram_6t_core_testbench.py::Sram6TCoreTestbench.create_testbench', 'source_class': '', 'source_module_name': 'PINV1', 'role_hint': 'EXTRACTED_FROM_GENERATED_NETLIST'}","[{'endpoint_type': 'module_pin', 'endpoint_name': 'A'}, {'endpoint_type': 'instance_pin', 'endpoint_name': 'Mpinv_pmos.G'}, {'endpoint_type': 'instance_pin', 'endpoint_name': 'Mpinv_nmos.G'}]"
PINV1,VDD,vdd,3,False,power,"{'source_file': 'sram_compiler/testbenches/sram_6t_core_testbench.py::Sram6TCoreTestbench.create_testbench', 'source_class': '', 'source_module_name': 'PINV1', 'role_hint': 'EXTRACTED_FROM_GENERATED_NETLIST'}","[{'endpoint_type': 'module_pin', 'endpoint_name': 'VDD'}, {'endpoint_type': 'instance_pin', 'endpoint_name': 'Mpinv_pmos.S'}, {'endpoint_type': 'instance_pin', 'endpoint_name': 'Mpinv_pmos.B'}]"
PINV1,VSS,vss,3,False,ground,"{'source_file': 'sram_compiler/testbenches/sram_6t_core_testbench.py::Sram6TCoreTestbench.create_testbench', 'source_class': '', 'source_module_name': 'PINV1', 'role_hint': 'EXTRACTED_FROM_GENERATED_NETLIST'}","[{'endpoint_type': 'module_pin', 'endpoint_name': 'VSS'}, {'endpoint_type': 'instance_pin', 'endpoint_name': 'Mpinv_nmos.S'}, {'endpoint_type': 'instance_pin', 'endpoint_name': 'Mpinv_nmos.B'}]"
PINV1,Z,z,3,False,internal,"{'source_file': 'sram_compiler/testbenches/sram_6t_core_testbench.py::Sram6TCoreTestbench.create_testbench', 'source_class': '', 'source_module_name': 'PINV1', 'role_hint': 'EXTRACTED_FROM_GENERATED_NETLIST'}","[{'endpoint_type': 'module_pin', 'endpoint_name': 'Z'}, {'endpoint_type': 'instance_pin', 'endpoint_name': 'Mpinv_pmos.D'}, {'endpoint_type': 'instance_pin', 'endpoint_name': 'Mpinv_nmos.D'}]"
TRANSMISSION_GATE,CTR_N,ctr_n,2,False,internal,"{'source_file': 'sram_compiler/subcircuits/time_generate.py', 'source_class': 'TransmissionGate', 'source_module_name': 'TRANSMISSION_GATE', 'role_hint': 'support_cell'}","[{'endpoint_type': 'module_pin', 'endpoint_name': 'CTR_N'}, {'endpoint_type': 'instance_pin', 'endpoint_name': 'Mtransnmos.G'}]"
TRANSMISSION_GATE,CTR_P,ctr_p,2,False,internal,"{'source_file': 'sram_compiler/subcircuits/time_generate.py', 'source_class': 'TransmissionGate', 'source_module_name': 'TRANSMISSION_GATE', 'role_hint': 'support_cell'}","[{'endpoint_type': 'module_pin', 'endpoint_name': 'CTR_P'}, {'endpoint_type': 'instance_pin', 'endpoint_name': 'Mtranspmos.G'}]"
TRANSMISSION_GATE,IN,in,3,False,internal,"{'source_file': 'sram_compiler/subcircuits/time_generate.py', 'source_class': 'TransmissionGate', 'source_module_name': 'TRANSMISSION_GATE', 'role_hint': 'support_cell'}","[{'endpoint_type': 'module_pin', 'endpoint_name': 'IN'}, {'endpoint_type': 'instance_pin', 'endpoint_name': 'Mtranspmos.S'}, {'endpoint_type': 'instance_pin', 'endpoint_name': 'Mtransnmos.D'}]"
TRANSMISSION_GATE,OUT,out,3,False,internal,"{'source_file': 'sram_compiler/subcircuits/time_generate.py', 'source_class': 'TransmissionGate', 'source_module_name': 'TRANSMISSION_GATE', 'role_hint': 'support_cell'}","[{'endpoint_type': 'module_pin', 'endpoint_name': 'OUT'}, {'endpoint_type': 'instance_pin', 'endpoint_name': 'Mtranspmos.D'}, {'endpoint_type': 'instance_pin', 'endpoint_name': 'Mtransnmos.S'}]"
TRANSMISSION_GATE,VDD,vdd,2,False,power,"{'source_file': 'sram_compiler/subcircuits/time_generate.py', 'source_class': 'TransmissionGate', 'source_module_name': 'TRANSMISSION_GATE', 'role_hint': 'support_cell'}","[{'endpoint_type': 'module_pin', 'endpoint_name': 'VDD'}, {'endpoint_type': 'instance_pin', 'endpoint_name': 'Mtranspmos.B'}]"
TRANSMISSION_GATE,VSS,vss,2,False,ground,"{'source_file': 'sram_compiler/subcircuits/time_generate.py', 'source_class': 'TransmissionGate', 'source_module_name': 'TRANSMISSION_GATE', 'role_hint': 'support_cell'}","[{'endpoint_type': 'module_pin', 'endpoint_name': 'VSS'}, {'endpoint_type': 'instance_pin', 'endpoint_name': 'Mtransnmos.B'}]"
pdrive,A,a,2,False,internal,"{'source_file': 'sram_compiler/subcircuits/time_generate.py', 'source_class': 'pdrive', 'source_module_name': 'pdrive', 'role_hint': 'support_cell'}","[{'endpoint_type': 'module_pin', 'endpoint_name': 'A'}, {'endpoint_type': 'instance_pin', 'endpoint_name': 'Xbuf_inv1.A'}]"
pdrive,VDD,vdd,5,False,power,"{'source_file': 'sram_compiler/subcircuits/time_generate.py', 'source_class': 'pdrive', 'source_module_name': 'pdrive', 'role_hint': 'support_cell'}","[{'endpoint_type': 'module_pin', 'endpoint_name': 'VDD'}, {'endpoint_type': 'instance_pin', 'endpoint_name': 'Xbuf_inv1.VDD'}, {'endpoint_type': 'instance_pin', 'endpoint_name': 'Xbuf_inv2.VDD'}, {'endpoint_type': 'instance_pin', 'endpoint_name': 'Xbuf_inv3.VDD'}, {'endpoint_type': 'instance_pin', 'endpoint_name': 'Xbuf_inv4.VDD'}]"
pdrive,VSS,vss,5,False,ground,"{'source_file': 'sram_compiler/subcircuits/time_generate.py', 'source_class': 'pdrive', 'source_module_name': 'pdrive', 'role_hint': 'support_cell'}","[{'endpoint_type': 'module_pin', 'endpoint_name': 'VSS'}, {'endpoint_type': 'instance_pin', 'endpoint_name': 'Xbuf_inv1.VSS'}, {'endpoint_type': 'instance_pin', 'endpoint_name': 'Xbuf_inv2.VSS'}, {'endpoint_type': 'instance_pin', 'endpoint_name': 'Xbuf_inv3.VSS'}, {'endpoint_type': 'instance_pin', 'endpoint_name': 'Xbuf_inv4.VSS'}]"
pdrive,Z,z,2,False,internal,"{'source_file': 'sram_compiler/subcircuits/time_generate.py', 'source_class': 'pdrive', 'source_module_name': 'pdrive', 'role_hint': 'support_cell'}","[{'endpoint_type': 'module_pin', 'endpoint_name': 'Z'}, {'endpoint_type': 'instance_pin', 'endpoint_name': 'Xbuf_inv4.Z'}]"
pdrive,zb1_node,zb1_node,2,False,internal,"{'source_file': 'sram_compiler/subcircuits/time_generate.py', 'source_class': 'pdrive', 'source_module_name': 'pdrive', 'role_hint': 'support_cell'}","[{'endpoint_type': 'instance_pin', 'endpoint_name': 'Xbuf_inv1.Z'}, {'endpoint_type': 'instance_pin', 'endpoint_name': 'Xbuf_inv2.A'}]"
pdrive,zb2_node,zb2_node,2,False,internal,"{'source_file': 'sram_compiler/subcircuits/time_generate.py', 'source_class': 'pdrive', 'source_module_name': 'pdrive', 'role_hint': 'support_cell'}","[{'endpoint_type': 'instance_pin', 'endpoint_name': 'Xbuf_inv2.Z'}, {'endpoint_type': 'instance_pin', 'endpoint_name': 'Xbuf_inv3.A'}]"
pdrive,zb3_node,zb3_node,2,False,internal,"{'source_file': 'sram_compiler/subcircuits/time_generate.py', 'source_class': 'pdrive', 'source_module_name': 'pdrive', 'role_hint': 'support_cell'}","[{'endpoint_type': 'instance_pin', 'endpoint_name': 'Xbuf_inv3.Z'}, {'endpoint_type': 'instance_pin', 'endpoint_name': 'Xbuf_inv4.A'}]"
PINV1,A,a,3,False,internal,"{'source_file': 'sram_compiler/testbenches/sram_6t_core_testbench.py::Sram6TCoreTestbench.create_testbench', 'source_class': '', 'source_module_name': 'PINV1', 'role_hint': 'EXTRACTED_FROM_GENERATED_NETLIST'}","[{'endpoint_type': 'module_pin', 'endpoint_name': 'A'}, {'endpoint_type': 'instance_pin', 'endpoint_name': 'Mpinv_pmos.G'}, {'endpoint_type': 'instance_pin', 'endpoint_name': 'Mpinv_nmos.G'}]"
PINV1,VDD,vdd,3,False,power,"{'source_file': 'sram_compiler/testbenches/sram_6t_core_testbench.py::Sram6TCoreTestbench.create_testbench', 'source_class': '', 'source_module_name': 'PINV1', 'role_hint': 'EXTRACTED_FROM_GENERATED_NETLIST'}","[{'endpoint_type': 'module_pin', 'endpoint_name': 'VDD'}, {'endpoint_type': 'instance_pin', 'endpoint_name': 'Mpinv_pmos.S'}, {'endpoint_type': 'instance_pin', 'endpoint_name': 'Mpinv_pmos.B'}]"
PINV1,VSS,vss,3,False,ground,"{'source_file': 'sram_compiler/testbenches/sram_6t_core_testbench.py::Sram6TCoreTestbench.create_testbench', 'source_class': '', 'source_module_name': 'PINV1', 'role_hint': 'EXTRACTED_FROM_GENERATED_NETLIST'}","[{'endpoint_type': 'module_pin', 'endpoint_name': 'VSS'}, {'endpoint_type': 'instance_pin', 'endpoint_name': 'Mpinv_nmos.S'}, {'endpoint_type': 'instance_pin', 'endpoint_name': 'Mpinv_nmos.B'}]"
PINV1,Z,z,3,False,internal,"{'source_file': 'sram_compiler/testbenches/sram_6t_core_testbench.py::Sram6TCoreTestbench.create_testbench', 'source_class': '', 'source_module_name': 'PINV1', 'role_hint': 'EXTRACTED_FROM_GENERATED_NETLIST'}","[{'endpoint_type': 'module_pin', 'endpoint_name': 'Z'}, {'endpoint_type': 'instance_pin', 'endpoint_name': 'Mpinv_pmos.D'}, {'endpoint_type': 'instance_pin', 'endpoint_name': 'Mpinv_nmos.D'}]"
PINV2,A,a,3,False,internal,"{'source_file': 'sram_compiler/testbenches/sram_6t_core_testbench.py::Sram6TCoreTestbench.create_testbench', 'source_class': '', 'source_module_name': 'PINV2', 'role_hint': 'EXTRACTED_FROM_GENERATED_NETLIST'}","[{'endpoint_type': 'module_pin', 'endpoint_name': 'A'}, {'endpoint_type': 'instance_pin', 'endpoint_name': 'Mpinv_pmos.G'}, {'endpoint_type': 'instance_pin', 'endpoint_name': 'Mpinv_nmos.G'}]"
PINV2,VDD,vdd,3,False,power,"{'source_file': 'sram_compiler/testbenches/sram_6t_core_testbench.py::Sram6TCoreTestbench.create_testbench', 'source_class': '', 'source_module_name': 'PINV2', 'role_hint': 'EXTRACTED_FROM_GENERATED_NETLIST'}","[{'endpoint_type': 'module_pin', 'endpoint_name': 'VDD'}, {'endpoint_type': 'instance_pin', 'endpoint_name': 'Mpinv_pmos.S'}, {'endpoint_type': 'instance_pin', 'endpoint_name': 'Mpinv_pmos.B'}]"
PINV2,VSS,vss,3,False,ground,"{'source_file': 'sram_compiler/testbenches/sram_6t_core_testbench.py::Sram6TCoreTestbench.create_testbench', 'source_class': '', 'source_module_name': 'PINV2', 'role_hint': 'EXTRACTED_FROM_GENERATED_NETLIST'}","[{'endpoint_type': 'module_pin', 'endpoint_name': 'VSS'}, {'endpoint_type': 'instance_pin', 'endpoint_name': 'Mpinv_nmos.S'}, {'endpoint_type': 'instance_pin', 'endpoint_name': 'Mpinv_nmos.B'}]"
PINV2,Z,z,3,False,internal,"{'source_file': 'sram_compiler/testbenches/sram_6t_core_testbench.py::Sram6TCoreTestbench.create_testbench', 'source_class': '', 'source_module_name': 'PINV2', 'role_hint': 'EXTRACTED_FROM_GENERATED_NETLIST'}","[{'endpoint_type': 'module_pin', 'endpoint_name': 'Z'}, {'endpoint_type': 'instance_pin', 'endpoint_name': 'Mpinv_pmos.D'}, {'endpoint_type': 'instance_pin', 'endpoint_name': 'Mpinv_nmos.D'}]"
PINV3,A,a,3,False,internal,"{'source_file': 'sram_compiler/testbenches/sram_6t_core_testbench.py::Sram6TCoreTestbench.create_testbench', 'source_class': '', 'source_module_name': 'PINV3', 'role_hint': 'EXTRACTED_FROM_GENERATED_NETLIST'}","[{'endpoint_type': 'module_pin', 'endpoint_name': 'A'}, {'endpoint_type': 'instance_pin', 'endpoint_name': 'Mpinv_pmos.G'}, {'endpoint_type': 'instance_pin', 'endpoint_name': 'Mpinv_nmos.G'}]"
PINV3,VDD,vdd,3,False,power,"{'source_file': 'sram_compiler/testbenches/sram_6t_core_testbench.py::Sram6TCoreTestbench.create_testbench', 'source_class': '', 'source_module_name': 'PINV3', 'role_hint': 'EXTRACTED_FROM_GENERATED_NETLIST'}","[{'endpoint_type': 'module_pin', 'endpoint_name': 'VDD'}, {'endpoint_type': 'instance_pin', 'endpoint_name': 'Mpinv_pmos.S'}, {'endpoint_type': 'instance_pin', 'endpoint_name': 'Mpinv_pmos.B'}]"
PINV3,VSS,vss,3,False,ground,"{'source_file': 'sram_compiler/testbenches/sram_6t_core_testbench.py::Sram6TCoreTestbench.create_testbench', 'source_class': '', 'source_module_name': 'PINV3', 'role_hint': 'EXTRACTED_FROM_GENERATED_NETLIST'}","[{'endpoint_type': 'module_pin', 'endpoint_name': 'VSS'}, {'endpoint_type': 'instance_pin', 'endpoint_name': 'Mpinv_nmos.S'}, {'endpoint_type': 'instance_pin', 'endpoint_name': 'Mpinv_nmos.B'}]"
PINV3,Z,z,3,False,internal,"{'source_file': 'sram_compiler/testbenches/sram_6t_core_testbench.py::Sram6TCoreTestbench.create_testbench', 'source_class': '', 'source_module_name': 'PINV3', 'role_hint': 'EXTRACTED_FROM_GENERATED_NETLIST'}","[{'endpoint_type': 'module_pin', 'endpoint_name': 'Z'}, {'endpoint_type': 'instance_pin', 'endpoint_name': 'Mpinv_pmos.D'}, {'endpoint_type': 'instance_pin', 'endpoint_name': 'Mpinv_nmos.D'}]"
PINV4,A,a,3,False,internal,"{'source_file': 'sram_compiler/testbenches/sram_6t_core_testbench.py::Sram6TCoreTestbench.create_testbench', 'source_class': '', 'source_module_name': 'PINV4', 'role_hint': 'EXTRACTED_FROM_GENERATED_NETLIST'}","[{'endpoint_type': 'module_pin', 'endpoint_name': 'A'}, {'endpoint_type': 'instance_pin', 'endpoint_name': 'Mpinv_pmos.G'}, {'endpoint_type': 'instance_pin', 'endpoint_name': 'Mpinv_nmos.G'}]"
PINV4,VDD,vdd,3,False,power,"{'source_file': 'sram_compiler/testbenches/sram_6t_core_testbench.py::Sram6TCoreTestbench.create_testbench', 'source_class': '', 'source_module_name': 'PINV4', 'role_hint': 'EXTRACTED_FROM_GENERATED_NETLIST'}","[{'endpoint_type': 'module_pin', 'endpoint_name': 'VDD'}, {'endpoint_type': 'instance_pin', 'endpoint_name': 'Mpinv_pmos.S'}, {'endpoint_type': 'instance_pin', 'endpoint_name': 'Mpinv_pmos.B'}]"
PINV4,VSS,vss,3,False,ground,"{'source_file': 'sram_compiler/testbenches/sram_6t_core_testbench.py::Sram6TCoreTestbench.create_testbench', 'source_class': '', 'source_module_name': 'PINV4', 'role_hint': 'EXTRACTED_FROM_GENERATED_NETLIST'}","[{'endpoint_type': 'module_pin', 'endpoint_name': 'VSS'}, {'endpoint_type': 'instance_pin', 'endpoint_name': 'Mpinv_nmos.S'}, {'endpoint_type': 'instance_pin', 'endpoint_name': 'Mpinv_nmos.B'}]"
PINV4,Z,z,3,False,internal,"{'source_file': 'sram_compiler/testbenches/sram_6t_core_testbench.py::Sram6TCoreTestbench.create_testbench', 'source_class': '', 'source_module_name': 'PINV4', 'role_hint': 'EXTRACTED_FROM_GENERATED_NETLIST'}","[{'endpoint_type': 'module_pin', 'endpoint_name': 'Z'}, {'endpoint_type': 'instance_pin', 'endpoint_name': 'Mpinv_pmos.D'}, {'endpoint_type': 'instance_pin', 'endpoint_name': 'Mpinv_nmos.D'}]"
PINV,A,a,3,False,internal,"{'source_file': 'sram_compiler/testbenches/sram_6t_core_testbench.py::Sram6TCoreTestbench.create_testbench', 'source_class': '', 'source_module_name': 'PINV', 'role_hint': 'EXTRACTED_FROM_GENERATED_NETLIST'}","[{'endpoint_type': 'module_pin', 'endpoint_name': 'A'}, {'endpoint_type': 'instance_pin', 'endpoint_name': 'Mpinv_pmos.G'}, {'endpoint_type': 'instance_pin', 'endpoint_name': 'Mpinv_nmos.G'}]"
PINV,VDD,vdd,3,False,power,"{'source_file': 'sram_compiler/testbenches/sram_6t_core_testbench.py::Sram6TCoreTestbench.create_testbench', 'source_class': '', 'source_module_name': 'PINV', 'role_hint': 'EXTRACTED_FROM_GENERATED_NETLIST'}","[{'endpoint_type': 'module_pin', 'endpoint_name': 'VDD'}, {'endpoint_type': 'instance_pin', 'endpoint_name': 'Mpinv_pmos.S'}, {'endpoint_type': 'instance_pin', 'endpoint_name': 'Mpinv_pmos.B'}]"
PINV,VSS,vss,3,False,ground,"{'source_file': 'sram_compiler/testbenches/sram_6t_core_testbench.py::Sram6TCoreTestbench.create_testbench', 'source_class': '', 'source_module_name': 'PINV', 'role_hint': 'EXTRACTED_FROM_GENERATED_NETLIST'}","[{'endpoint_type': 'module_pin', 'endpoint_name': 'VSS'}, {'endpoint_type': 'instance_pin', 'endpoint_name': 'Mpinv_nmos.S'}, {'endpoint_type': 'instance_pin', 'endpoint_name': 'Mpinv_nmos.B'}]"
PINV,Z,z,3,False,internal,"{'source_file': 'sram_compiler/testbenches/sram_6t_core_testbench.py::Sram6TCoreTestbench.create_testbench', 'source_class': '', 'source_module_name': 'PINV', 'role_hint': 'EXTRACTED_FROM_GENERATED_NETLIST'}","[{'endpoint_type': 'module_pin', 'endpoint_name': 'Z'}, {'endpoint_type': 'instance_pin', 'endpoint_name': 'Mpinv_pmos.D'}, {'endpoint_type': 'instance_pin', 'endpoint_name': 'Mpinv_nmos.D'}]"
DFF_BUF,clk,clk,2,False,clock,"{'source_file': 'sram_compiler/subcircuits/time_generate.py', 'source_class': 'DFF_BUF', 'source_module_name': 'DFF_BUF', 'role_hint': 'support_cell'}","[{'endpoint_type': 'module_pin', 'endpoint_name': 'CLK'}, {'endpoint_type': 'instance_pin', 'endpoint_name': 'Xdff.CLK'}]"
DFF_BUF,D,d,2,False,internal,"{'source_file': 'sram_compiler/subcircuits/time_generate.py', 'source_class': 'DFF_BUF', 'source_module_name': 'DFF_BUF', 'role_hint': 'support_cell'}","[{'endpoint_type': 'module_pin', 'endpoint_name': 'D'}, {'endpoint_type': 'instance_pin', 'endpoint_name': 'Xdff.D'}]"
DFF_BUF,Q,q,2,False,internal,"{'source_file': 'sram_compiler/subcircuits/time_generate.py', 'source_class': 'DFF_BUF', 'source_module_name': 'DFF_BUF', 'role_hint': 'support_cell'}","[{'endpoint_type': 'module_pin', 'endpoint_name': 'Q'}, {'endpoint_type': 'instance_pin', 'endpoint_name': 'Xinv2.Z'}]"
DFF_BUF,QB,qb,3,False,internal,"{'source_file': 'sram_compiler/subcircuits/time_generate.py', 'source_class': 'DFF_BUF', 'source_module_name': 'DFF_BUF', 'role_hint': 'support_cell'}","[{'endpoint_type': 'module_pin', 'endpoint_name': 'QB'}, {'endpoint_type': 'instance_pin', 'endpoint_name': 'Xinv1.Z'}, {'endpoint_type': 'instance_pin', 'endpoint_name': 'Xinv2.A'}]"
DFF_BUF,qint,qint,2,False,internal,"{'source_file': 'sram_compiler/subcircuits/time_generate.py', 'source_class': 'DFF_BUF', 'source_module_name': 'DFF_BUF', 'role_hint': 'support_cell'}","[{'endpoint_type': 'instance_pin', 'endpoint_name': 'Xdff.Q'}, {'endpoint_type': 'instance_pin', 'endpoint_name': 'Xinv1.A'}]"
DFF_BUF,VDD,vdd,4,False,power,"{'source_file': 'sram_compiler/subcircuits/time_generate.py', 'source_class': 'DFF_BUF', 'source_module_name': 'DFF_BUF', 'role_hint': 'support_cell'}","[{'endpoint_type': 'module_pin', 'endpoint_name': 'VDD'}, {'endpoint_type': 'instance_pin', 'endpoint_name': 'Xdff.VDD'}, {'endpoint_type': 'instance_pin', 'endpoint_name': 'Xinv1.VDD'}, {'endpoint_type': 'instance_pin', 'endpoint_name': 'Xinv2.VDD'}]"
DFF_BUF,VSS,vss,4,False,ground,"{'source_file': 'sram_compiler/subcircuits/time_generate.py', 'source_class': 'DFF_BUF', 'source_module_name': 'DFF_BUF', 'role_hint': 'support_cell'}","[{'endpoint_type': 'module_pin', 'endpoint_name': 'VSS'}, {'endpoint_type': 'instance_pin', 'endpoint_name': 'Xdff.VSS'}, {'endpoint_type': 'instance_pin', 'endpoint_name': 'Xinv1.VSS'}, {'endpoint_type': 'instance_pin', 'endpoint_name': 'Xinv2.VSS'}]"
DFF,clk,clk,6,False,clock,"{'source_file': 'sram_compiler/subcircuits/time_generate.py', 'source_class': 'dff', 'source_module_name': 'DFF', 'role_hint': 'control_timing'}","[{'endpoint_type': 'module_pin', 'endpoint_name': 'CLK'}, {'endpoint_type': 'instance_pin', 'endpoint_name': 'Xinv1_clk.A'}, {'endpoint_type': 'instance_pin', 'endpoint_name': 'Xtg1.CTR_P'}, {'endpoint_type': 'instance_pin', 'endpoint_name': 'Xtg2.CTR_N'}, {'endpoint_type': 'instance_pin', 'endpoint_name': 'Xtg3.CTR_N'}, {'endpoint_type': 'instance_pin', 'endpoint_name': 'Xtg4.CTR_P'}]"
DFF,clkb,clkb,5,False,internal,"{'source_file': 'sram_compiler/subcircuits/time_generate.py', 'source_class': 'dff', 'source_module_name': 'DFF', 'role_hint': 'control_timing'}","[{'endpoint_type': 'instance_pin', 'endpoint_name': 'Xinv1_clk.Z'}, {'endpoint_type': 'instance_pin', 'endpoint_name': 'Xtg1.CTR_N'}, {'endpoint_type': 'instance_pin', 'endpoint_name': 'Xtg2.CTR_P'}, {'endpoint_type': 'instance_pin', 'endpoint_name': 'Xtg3.CTR_P'}, {'endpoint_type': 'instance_pin', 'endpoint_name': 'Xtg4.CTR_N'}]"
DFF,D,d,2,False,internal,"{'source_file': 'sram_compiler/subcircuits/time_generate.py', 'source_class': 'dff', 'source_module_name': 'DFF', 'role_hint': 'control_timing'}","[{'endpoint_type': 'module_pin', 'endpoint_name': 'D'}, {'endpoint_type': 'instance_pin', 'endpoint_name': 'Xinv2_D.A'}]"
DFF,d_b,d_b,2,False,internal,"{'source_file': 'sram_compiler/subcircuits/time_generate.py', 'source_class': 'dff', 'source_module_name': 'DFF', 'role_hint': 'control_timing'}","[{'endpoint_type': 'instance_pin', 'endpoint_name': 'Xinv2_D.Z'}, {'endpoint_type': 'instance_pin', 'endpoint_name': 'Xtg1.IN'}]"
DFF,Q,q,3,False,internal,"{'source_file': 'sram_compiler/subcircuits/time_generate.py', 'source_class': 'dff', 'source_module_name': 'DFF', 'role_hint': 'control_timing'}","[{'endpoint_type': 'module_pin', 'endpoint_name': 'Q'}, {'endpoint_type': 'instance_pin', 'endpoint_name': 'Xinv6.Z'}, {'endpoint_type': 'instance_pin', 'endpoint_name': 'Xinv7.A'}]"
DFF,qb,qb,2,False,internal,"{'source_file': 'sram_compiler/subcircuits/time_generate.py', 'source_class': 'dff', 'source_module_name': 'DFF', 'role_hint': 'control_timing'}","[{'endpoint_type': 'instance_pin', 'endpoint_name': 'Xinv7.Z'}, {'endpoint_type': 'instance_pin', 'endpoint_name': 'Xtg4.IN'}]"
DFF,VDD,vdd,12,False,power,"{'source_file': 'sram_compiler/subcircuits/time_generate.py', 'source_class': 'dff', 'source_module_name': 'DFF', 'role_hint': 'control_timing'}","[{'endpoint_type': 'module_pin', 'endpoint_name': 'VDD'}, {'endpoint_type': 'instance_pin', 'endpoint_name': 'Xinv1_clk.VDD'}, {'endpoint_type': 'instance_pin', 'endpoint_name': 'Xinv2_D.VDD'}, {'endpoint_type': 'instance_pin', 'endpoint_name': 'Xtg1.VDD'}, {'endpoint_type': 'instance_pin', 'endpoint_name': 'Xinv3.VDD'}, {'endpoint_type': 'instance_pin', 'endpoint_name': 'Xinv4.VDD'}, {'endpoint_type': 'instance_pin', 'endpoint_name': 'Xtg2.VDD'}, {'endpoint_type': 'instance_pin', 'endpoint_name': 'Xinv5.VDD'}, {'endpoint_type': 'instance_pin', 'endpoint_name': 'Xtg3.VDD'}, {'endpoint_type': 'instance_pin', 'endpoint_name': 'Xinv6.VDD'}, {'endpoint_type': 'instance_pin', 'endpoint_name': 'Xinv7.VDD'}, {'endpoint_type': 'instance_pin', 'endpoint_name': 'Xtg4.VDD'}]"
DFF,VSS,vss,12,False,ground,"{'source_file': 'sram_compiler/subcircuits/time_generate.py', 'source_class': 'dff', 'source_module_name': 'DFF', 'role_hint': 'control_timing'}","[{'endpoint_type': 'module_pin', 'endpoint_name': 'VSS'}, {'endpoint_type': 'instance_pin', 'endpoint_name': 'Xinv1_clk.VSS'}, {'endpoint_type': 'instance_pin', 'endpoint_name': 'Xinv2_D.VSS'}, {'endpoint_type': 'instance_pin', 'endpoint_name': 'Xtg1.VSS'}, {'endpoint_type': 'instance_pin', 'endpoint_name': 'Xinv3.VSS'}, {'endpoint_type': 'instance_pin', 'endpoint_name': 'Xinv4.VSS'}, {'endpoint_type': 'instance_pin', 'endpoint_name': 'Xtg2.VSS'}, {'endpoint_type': 'instance_pin', 'endpoint_name': 'Xinv5.VSS'}, {'endpoint_type': 'instance_pin', 'endpoint_name': 'Xtg3.VSS'}, {'endpoint_type': 'instance_pin', 'endpoint_name': 'Xinv6.VSS'}, {'endpoint_type': 'instance_pin', 'endpoint_name': 'Xinv7.VSS'}, {'endpoint_type': 'instance_pin', 'endpoint_name': 'Xtg4.VSS'}]"
DFF,z1,z1,3,False,internal,"{'source_file': 'sram_compiler/subcircuits/time_generate.py', 'source_class': 'dff', 'source_module_name': 'DFF', 'role_hint': 'control_timing'}","[{'endpoint_type': 'instance_pin', 'endpoint_name': 'Xtg1.OUT'}, {'endpoint_type': 'instance_pin', 'endpoint_name': 'Xinv3.A'}, {'endpoint_type': 'instance_pin', 'endpoint_name': 'Xtg2.OUT'}]"
DFF,z2,z2,3,False,internal,"{'source_file': 'sram_compiler/subcircuits/time_generate.py', 'source_class': 'dff', 'source_module_name': 'DFF', 'role_hint': 'control_timing'}","[{'endpoint_type': 'instance_pin', 'endpoint_name': 'Xinv3.Z'}, {'endpoint_type': 'instance_pin', 'endpoint_name': 'Xinv4.A'}, {'endpoint_type': 'instance_pin', 'endpoint_name': 'Xinv5.A'}]"
DFF,z3,z3,2,False,internal,"{'source_file': 'sram_compiler/subcircuits/time_generate.py', 'source_class': 'dff', 'source_module_name': 'DFF', 'role_hint': 'control_timing'}","[{'endpoint_type': 'instance_pin', 'endpoint_name': 'Xinv4.Z'}, {'endpoint_type': 'instance_pin', 'endpoint_name': 'Xtg2.IN'}]"
DFF,z4,z4,2,False,internal,"{'source_file': 'sram_compiler/subcircuits/time_generate.py', 'source_class': 'dff', 'source_module_name': 'DFF', 'role_hint': 'control_timing'}","[{'endpoint_type': 'instance_pin', 'endpoint_name': 'Xinv5.Z'}, {'endpoint_type': 'instance_pin', 'endpoint_name': 'Xtg3.IN'}]"
DFF,z5,z5,3,False,internal,"{'source_file': 'sram_compiler/subcircuits/time_generate.py', 'source_class': 'dff', 'source_module_name': 'DFF', 'role_hint': 'control_timing'}","[{'endpoint_type': 'instance_pin', 'endpoint_name': 'Xtg3.OUT'}, {'endpoint_type': 'instance_pin', 'endpoint_name': 'Xinv6.A'}, {'endpoint_type': 'instance_pin', 'endpoint_name': 'Xtg4.OUT'}]"
PINV1,A,a,3,False,internal,"{'source_file': 'sram_compiler/testbenches/sram_6t_core_testbench.py::Sram6TCoreTestbench.create_testbench', 'source_class': '', 'source_module_name': 'PINV1', 'role_hint': 'EXTRACTED_FROM_GENERATED_NETLIST'}","[{'endpoint_type': 'module_pin', 'endpoint_name': 'A'}, {'endpoint_type': 'instance_pin', 'endpoint_name': 'Mpinv_pmos.G'}, {'endpoint_type': 'instance_pin', 'endpoint_name': 'Mpinv_nmos.G'}]"
PINV1,VDD,vdd,3,False,power,"{'source_file': 'sram_compiler/testbenches/sram_6t_core_testbench.py::Sram6TCoreTestbench.create_testbench', 'source_class': '', 'source_module_name': 'PINV1', 'role_hint': 'EXTRACTED_FROM_GENERATED_NETLIST'}","[{'endpoint_type': 'module_pin', 'endpoint_name': 'VDD'}, {'endpoint_type': 'instance_pin', 'endpoint_name': 'Mpinv_pmos.S'}, {'endpoint_type': 'instance_pin', 'endpoint_name': 'Mpinv_pmos.B'}]"
PINV1,VSS,vss,3,False,ground,"{'source_file': 'sram_compiler/testbenches/sram_6t_core_testbench.py::Sram6TCoreTestbench.create_testbench', 'source_class': '', 'source_module_name': 'PINV1', 'role_hint': 'EXTRACTED_FROM_GENERATED_NETLIST'}","[{'endpoint_type': 'module_pin', 'endpoint_name': 'VSS'}, {'endpoint_type': 'instance_pin', 'endpoint_name': 'Mpinv_nmos.S'}, {'endpoint_type': 'instance_pin', 'endpoint_name': 'Mpinv_nmos.B'}]"
PINV1,Z,z,3,False,internal,"{'source_file': 'sram_compiler/testbenches/sram_6t_core_testbench.py::Sram6TCoreTestbench.create_testbench', 'source_class': '', 'source_module_name': 'PINV1', 'role_hint': 'EXTRACTED_FROM_GENERATED_NETLIST'}","[{'endpoint_type': 'module_pin', 'endpoint_name': 'Z'}, {'endpoint_type': 'instance_pin', 'endpoint_name': 'Mpinv_pmos.D'}, {'endpoint_type': 'instance_pin', 'endpoint_name': 'Mpinv_nmos.D'}]"
TRANSMISSION_GATE,CTR_N,ctr_n,2,False,internal,"{'source_file': 'sram_compiler/subcircuits/time_generate.py', 'source_class': 'TransmissionGate', 'source_module_name': 'TRANSMISSION_GATE', 'role_hint': 'support_cell'}","[{'endpoint_type': 'module_pin', 'endpoint_name': 'CTR_N'}, {'endpoint_type': 'instance_pin', 'endpoint_name': 'Mtransnmos.G'}]"
TRANSMISSION_GATE,CTR_P,ctr_p,2,False,internal,"{'source_file': 'sram_compiler/subcircuits/time_generate.py', 'source_class': 'TransmissionGate', 'source_module_name': 'TRANSMISSION_GATE', 'role_hint': 'support_cell'}","[{'endpoint_type': 'module_pin', 'endpoint_name': 'CTR_P'}, {'endpoint_type': 'instance_pin', 'endpoint_name': 'Mtranspmos.G'}]"
TRANSMISSION_GATE,IN,in,3,False,internal,"{'source_file': 'sram_compiler/subcircuits/time_generate.py', 'source_class': 'TransmissionGate', 'source_module_name': 'TRANSMISSION_GATE', 'role_hint': 'support_cell'}","[{'endpoint_type': 'module_pin', 'endpoint_name': 'IN'}, {'endpoint_type': 'instance_pin', 'endpoint_name': 'Mtranspmos.S'}, {'endpoint_type': 'instance_pin', 'endpoint_name': 'Mtransnmos.D'}]"
TRANSMISSION_GATE,OUT,out,3,False,internal,"{'source_file': 'sram_compiler/subcircuits/time_generate.py', 'source_class': 'TransmissionGate', 'source_module_name': 'TRANSMISSION_GATE', 'role_hint': 'support_cell'}","[{'endpoint_type': 'module_pin', 'endpoint_name': 'OUT'}, {'endpoint_type': 'instance_pin', 'endpoint_name': 'Mtranspmos.D'}, {'endpoint_type': 'instance_pin', 'endpoint_name': 'Mtransnmos.S'}]"
TRANSMISSION_GATE,VDD,vdd,2,False,power,"{'source_file': 'sram_compiler/subcircuits/time_generate.py', 'source_class': 'TransmissionGate', 'source_module_name': 'TRANSMISSION_GATE', 'role_hint': 'support_cell'}","[{'endpoint_type': 'module_pin', 'endpoint_name': 'VDD'}, {'endpoint_type': 'instance_pin', 'endpoint_name': 'Mtranspmos.B'}]"
TRANSMISSION_GATE,VSS,vss,2,False,ground,"{'source_file': 'sram_compiler/subcircuits/time_generate.py', 'source_class': 'TransmissionGate', 'source_module_name': 'TRANSMISSION_GATE', 'role_hint': 'support_cell'}","[{'endpoint_type': 'module_pin', 'endpoint_name': 'VSS'}, {'endpoint_type': 'instance_pin', 'endpoint_name': 'Mtransnmos.B'}]"
PINV1,A,a,3,False,internal,"{'source_file': 'sram_compiler/testbenches/sram_6t_core_testbench.py::Sram6TCoreTestbench.create_testbench', 'source_class': '', 'source_module_name': 'PINV1', 'role_hint': 'EXTRACTED_FROM_GENERATED_NETLIST'}","[{'endpoint_type': 'module_pin', 'endpoint_name': 'A'}, {'endpoint_type': 'instance_pin', 'endpoint_name': 'Mpinv_pmos.G'}, {'endpoint_type': 'instance_pin', 'endpoint_name': 'Mpinv_nmos.G'}]"
PINV1,VDD,vdd,3,False,power,"{'source_file': 'sram_compiler/testbenches/sram_6t_core_testbench.py::Sram6TCoreTestbench.create_testbench', 'source_class': '', 'source_module_name': 'PINV1', 'role_hint': 'EXTRACTED_FROM_GENERATED_NETLIST'}","[{'endpoint_type': 'module_pin', 'endpoint_name': 'VDD'}, {'endpoint_type': 'instance_pin', 'endpoint_name': 'Mpinv_pmos.S'}, {'endpoint_type': 'instance_pin', 'endpoint_name': 'Mpinv_pmos.B'}]"
PINV1,VSS,vss,3,False,ground,"{'source_file': 'sram_compiler/testbenches/sram_6t_core_testbench.py::Sram6TCoreTestbench.create_testbench', 'source_class': '', 'source_module_name': 'PINV1', 'role_hint': 'EXTRACTED_FROM_GENERATED_NETLIST'}","[{'endpoint_type': 'module_pin', 'endpoint_name': 'VSS'}, {'endpoint_type': 'instance_pin', 'endpoint_name': 'Mpinv_nmos.S'}, {'endpoint_type': 'instance_pin', 'endpoint_name': 'Mpinv_nmos.B'}]"
PINV1,Z,z,3,False,internal,"{'source_file': 'sram_compiler/testbenches/sram_6t_core_testbench.py::Sram6TCoreTestbench.create_testbench', 'source_class': '', 'source_module_name': 'PINV1', 'role_hint': 'EXTRACTED_FROM_GENERATED_NETLIST'}","[{'endpoint_type': 'module_pin', 'endpoint_name': 'Z'}, {'endpoint_type': 'instance_pin', 'endpoint_name': 'Mpinv_pmos.D'}, {'endpoint_type': 'instance_pin', 'endpoint_name': 'Mpinv_nmos.D'}]"
PINV2,A,a,3,False,internal,"{'source_file': 'sram_compiler/testbenches/sram_6t_core_testbench.py::Sram6TCoreTestbench.create_testbench', 'source_class': '', 'source_module_name': 'PINV2', 'role_hint': 'EXTRACTED_FROM_GENERATED_NETLIST'}","[{'endpoint_type': 'module_pin', 'endpoint_name': 'A'}, {'endpoint_type': 'instance_pin', 'endpoint_name': 'Mpinv_pmos.G'}, {'endpoint_type': 'instance_pin', 'endpoint_name': 'Mpinv_nmos.G'}]"
PINV2,VDD,vdd,3,False,power,"{'source_file': 'sram_compiler/testbenches/sram_6t_core_testbench.py::Sram6TCoreTestbench.create_testbench', 'source_class': '', 'source_module_name': 'PINV2', 'role_hint': 'EXTRACTED_FROM_GENERATED_NETLIST'}","[{'endpoint_type': 'module_pin', 'endpoint_name': 'VDD'}, {'endpoint_type': 'instance_pin', 'endpoint_name': 'Mpinv_pmos.S'}, {'endpoint_type': 'instance_pin', 'endpoint_name': 'Mpinv_pmos.B'}]"
PINV2,VSS,vss,3,False,ground,"{'source_file': 'sram_compiler/testbenches/sram_6t_core_testbench.py::Sram6TCoreTestbench.create_testbench', 'source_class': '', 'source_module_name': 'PINV2', 'role_hint': 'EXTRACTED_FROM_GENERATED_NETLIST'}","[{'endpoint_type': 'module_pin', 'endpoint_name': 'VSS'}, {'endpoint_type': 'instance_pin', 'endpoint_name': 'Mpinv_nmos.S'}, {'endpoint_type': 'instance_pin', 'endpoint_name': 'Mpinv_nmos.B'}]"
PINV2,Z,z,3,False,internal,"{'source_file': 'sram_compiler/testbenches/sram_6t_core_testbench.py::Sram6TCoreTestbench.create_testbench', 'source_class': '', 'source_module_name': 'PINV2', 'role_hint': 'EXTRACTED_FROM_GENERATED_NETLIST'}","[{'endpoint_type': 'module_pin', 'endpoint_name': 'Z'}, {'endpoint_type': 'instance_pin', 'endpoint_name': 'Mpinv_pmos.D'}, {'endpoint_type': 'instance_pin', 'endpoint_name': 'Mpinv_nmos.D'}]"
AND2,A,a,2,False,internal,"{'source_file': 'sram_compiler/subcircuits/standard_cell.py', 'source_class': 'AND2', 'source_module_name': 'AND2', 'role_hint': 'support_cell'}","[{'endpoint_type': 'module_pin', 'endpoint_name': 'A'}, {'endpoint_type': 'instance_pin', 'endpoint_name': 'XPNAND3.A'}]"
AND2,B,b,2,False,internal,"{'source_file': 'sram_compiler/subcircuits/standard_cell.py', 'source_class': 'AND2', 'source_module_name': 'AND2', 'role_hint': 'support_cell'}","[{'endpoint_type': 'module_pin', 'endpoint_name': 'B'}, {'endpoint_type': 'instance_pin', 'endpoint_name': 'XPNAND3.B'}]"
AND2,VDD,vdd,3,False,power,"{'source_file': 'sram_compiler/subcircuits/standard_cell.py', 'source_class': 'AND2', 'source_module_name': 'AND2', 'role_hint': 'support_cell'}","[{'endpoint_type': 'module_pin', 'endpoint_name': 'VDD'}, {'endpoint_type': 'instance_pin', 'endpoint_name': 'XPNAND3.VDD'}, {'endpoint_type': 'instance_pin', 'endpoint_name': 'XPINV.VDD'}]"
AND2,VSS,vss,3,False,ground,"{'source_file': 'sram_compiler/subcircuits/standard_cell.py', 'source_class': 'AND2', 'source_module_name': 'AND2', 'role_hint': 'support_cell'}","[{'endpoint_type': 'module_pin', 'endpoint_name': 'VSS'}, {'endpoint_type': 'instance_pin', 'endpoint_name': 'XPNAND3.VSS'}, {'endpoint_type': 'instance_pin', 'endpoint_name': 'XPINV.VSS'}]"
AND2,Z,z,2,False,internal,"{'source_file': 'sram_compiler/subcircuits/standard_cell.py', 'source_class': 'AND2', 'source_module_name': 'AND2', 'role_hint': 'support_cell'}","[{'endpoint_type': 'module_pin', 'endpoint_name': 'Z'}, {'endpoint_type': 'instance_pin', 'endpoint_name': 'XPINV.Z'}]"
AND2,zb_int,zb_int,2,False,internal,"{'source_file': 'sram_compiler/subcircuits/standard_cell.py', 'source_class': 'AND2', 'source_module_name': 'AND2', 'role_hint': 'support_cell'}","[{'endpoint_type': 'instance_pin', 'endpoint_name': 'XPNAND3.Z'}, {'endpoint_type': 'instance_pin', 'endpoint_name': 'XPINV.A'}]"
PNAND2,A,a,3,False,internal,"{'source_file': 'sram_compiler/subcircuits/standard_cell.py', 'source_class': 'PNAND2', 'source_module_name': 'PNAND2', 'role_hint': 'support_cell'}","[{'endpoint_type': 'module_pin', 'endpoint_name': 'A'}, {'endpoint_type': 'instance_pin', 'endpoint_name': 'Mpnand2_pmos1.G'}, {'endpoint_type': 'instance_pin', 'endpoint_name': 'Mpnand2_nmos2.G'}]"
PNAND2,B,b,3,False,internal,"{'source_file': 'sram_compiler/subcircuits/standard_cell.py', 'source_class': 'PNAND2', 'source_module_name': 'PNAND2', 'role_hint': 'support_cell'}","[{'endpoint_type': 'module_pin', 'endpoint_name': 'B'}, {'endpoint_type': 'instance_pin', 'endpoint_name': 'Mpnand2_pmos2.G'}, {'endpoint_type': 'instance_pin', 'endpoint_name': 'Mpnand2_nmos1.G'}]"
PNAND2,net1,net1,2,False,internal,"{'source_file': 'sram_compiler/subcircuits/standard_cell.py', 'source_class': 'PNAND2', 'source_module_name': 'PNAND2', 'role_hint': 'support_cell'}","[{'endpoint_type': 'instance_pin', 'endpoint_name': 'Mpnand2_nmos1.S'}, {'endpoint_type': 'instance_pin', 'endpoint_name': 'Mpnand2_nmos2.D'}]"
PNAND2,VDD,vdd,5,False,power,"{'source_file': 'sram_compiler/subcircuits/standard_cell.py', 'source_class': 'PNAND2', 'source_module_name': 'PNAND2', 'role_hint': 'support_cell'}","[{'endpoint_type': 'module_pin', 'endpoint_name': 'VDD'}, {'endpoint_type': 'instance_pin', 'endpoint_name': 'Mpnand2_pmos1.S'}, {'endpoint_type': 'instance_pin', 'endpoint_name': 'Mpnand2_pmos1.B'}, {'endpoint_type': 'instance_pin', 'endpoint_name': 'Mpnand2_pmos2.S'}, {'endpoint_type': 'instance_pin', 'endpoint_name': 'Mpnand2_pmos2.B'}]"
PNAND2,VSS,vss,4,False,ground,"{'source_file': 'sram_compiler/subcircuits/standard_cell.py', 'source_class': 'PNAND2', 'source_module_name': 'PNAND2', 'role_hint': 'support_cell'}","[{'endpoint_type': 'module_pin', 'endpoint_name': 'VSS'}, {'endpoint_type': 'instance_pin', 'endpoint_name': 'Mpnand2_nmos1.B'}, {'endpoint_type': 'instance_pin', 'endpoint_name': 'Mpnand2_nmos2.S'}, {'endpoint_type': 'instance_pin', 'endpoint_name': 'Mpnand2_nmos2.B'}]"
PNAND2,Z,z,4,False,internal,"{'source_file': 'sram_compiler/subcircuits/standard_cell.py', 'source_class': 'PNAND2', 'source_module_name': 'PNAND2', 'role_hint': 'support_cell'}","[{'endpoint_type': 'module_pin', 'endpoint_name': 'Z'}, {'endpoint_type': 'instance_pin', 'endpoint_name': 'Mpnand2_pmos1.D'}, {'endpoint_type': 'instance_pin', 'endpoint_name': 'Mpnand2_pmos2.D'}, {'endpoint_type': 'instance_pin', 'endpoint_name': 'Mpnand2_nmos1.D'}]"
PINV,A,a,3,False,internal,"{'source_file': 'sram_compiler/testbenches/sram_6t_core_testbench.py::Sram6TCoreTestbench.create_testbench', 'source_class': '', 'source_module_name': 'PINV', 'role_hint': 'EXTRACTED_FROM_GENERATED_NETLIST'}","[{'endpoint_type': 'module_pin', 'endpoint_name': 'A'}, {'endpoint_type': 'instance_pin', 'endpoint_name': 'Mpinv_pmos.G'}, {'endpoint_type': 'instance_pin', 'endpoint_name': 'Mpinv_nmos.G'}]"
PINV,VDD,vdd,3,False,power,"{'source_file': 'sram_compiler/testbenches/sram_6t_core_testbench.py::Sram6TCoreTestbench.create_testbench', 'source_class': '', 'source_module_name': 'PINV', 'role_hint': 'EXTRACTED_FROM_GENERATED_NETLIST'}","[{'endpoint_type': 'module_pin', 'endpoint_name': 'VDD'}, {'endpoint_type': 'instance_pin', 'endpoint_name': 'Mpinv_pmos.S'}, {'endpoint_type': 'instance_pin', 'endpoint_name': 'Mpinv_pmos.B'}]"
PINV,VSS,vss,3,False,ground,"{'source_file': 'sram_compiler/testbenches/sram_6t_core_testbench.py::Sram6TCoreTestbench.create_testbench', 'source_class': '', 'source_module_name': 'PINV', 'role_hint': 'EXTRACTED_FROM_GENERATED_NETLIST'}","[{'endpoint_type': 'module_pin', 'endpoint_name': 'VSS'}, {'endpoint_type': 'instance_pin', 'endpoint_name': 'Mpinv_nmos.S'}, {'endpoint_type': 'instance_pin', 'endpoint_name': 'Mpinv_nmos.B'}]"
PINV,Z,z,3,False,internal,"{'source_file': 'sram_compiler/testbenches/sram_6t_core_testbench.py::Sram6TCoreTestbench.create_testbench', 'source_class': '', 'source_module_name': 'PINV', 'role_hint': 'EXTRACTED_FROM_GENERATED_NETLIST'}","[{'endpoint_type': 'module_pin', 'endpoint_name': 'Z'}, {'endpoint_type': 'instance_pin', 'endpoint_name': 'Mpinv_pmos.D'}, {'endpoint_type': 'instance_pin', 'endpoint_name': 'Mpinv_nmos.D'}]"
wl_pdrive,A,a,2,False,internal,"{'source_file': 'sram_compiler/subcircuits/time_generate.py', 'source_class': 'wl_pdrive', 'source_module_name': 'wl_pdrive', 'role_hint': 'support_cell'}","[{'endpoint_type': 'module_pin', 'endpoint_name': 'A'}, {'endpoint_type': 'instance_pin', 'endpoint_name': 'Xbuf_inv1.A'}]"
wl_pdrive,VDD,vdd,3,False,power,"{'source_file': 'sram_compiler/subcircuits/time_generate.py', 'source_class': 'wl_pdrive', 'source_module_name': 'wl_pdrive', 'role_hint': 'support_cell'}","[{'endpoint_type': 'module_pin', 'endpoint_name': 'VDD'}, {'endpoint_type': 'instance_pin', 'endpoint_name': 'Xbuf_inv1.VDD'}, {'endpoint_type': 'instance_pin', 'endpoint_name': 'Xbuf_inv2.VDD'}]"
wl_pdrive,VSS,vss,3,False,ground,"{'source_file': 'sram_compiler/subcircuits/time_generate.py', 'source_class': 'wl_pdrive', 'source_module_name': 'wl_pdrive', 'role_hint': 'support_cell'}","[{'endpoint_type': 'module_pin', 'endpoint_name': 'VSS'}, {'endpoint_type': 'instance_pin', 'endpoint_name': 'Xbuf_inv1.VSS'}, {'endpoint_type': 'instance_pin', 'endpoint_name': 'Xbuf_inv2.VSS'}]"
wl_pdrive,Z,z,2,False,internal,"{'source_file': 'sram_compiler/subcircuits/time_generate.py', 'source_class': 'wl_pdrive', 'source_module_name': 'wl_pdrive', 'role_hint': 'support_cell'}","[{'endpoint_type': 'module_pin', 'endpoint_name': 'Z'}, {'endpoint_type': 'instance_pin', 'endpoint_name': 'Xbuf_inv2.Z'}]"
wl_pdrive,zb1_node,zb1_node,2,False,internal,"{'source_file': 'sram_compiler/subcircuits/time_generate.py', 'source_class': 'wl_pdrive', 'source_module_name': 'wl_pdrive', 'role_hint': 'support_cell'}","[{'endpoint_type': 'instance_pin', 'endpoint_name': 'Xbuf_inv1.Z'}, {'endpoint_type': 'instance_pin', 'endpoint_name': 'Xbuf_inv2.A'}]"
PINV1,A,a,3,False,internal,"{'source_file': 'sram_compiler/testbenches/sram_6t_core_testbench.py::Sram6TCoreTestbench.create_testbench', 'source_class': '', 'source_module_name': 'PINV1', 'role_hint': 'EXTRACTED_FROM_GENERATED_NETLIST'}","[{'endpoint_type': 'module_pin', 'endpoint_name': 'A'}, {'endpoint_type': 'instance_pin', 'endpoint_name': 'Mpinv_pmos.G'}, {'endpoint_type': 'instance_pin', 'endpoint_name': 'Mpinv_nmos.G'}]"
PINV1,VDD,vdd,3,False,power,"{'source_file': 'sram_compiler/testbenches/sram_6t_core_testbench.py::Sram6TCoreTestbench.create_testbench', 'source_class': '', 'source_module_name': 'PINV1', 'role_hint': 'EXTRACTED_FROM_GENERATED_NETLIST'}","[{'endpoint_type': 'module_pin', 'endpoint_name': 'VDD'}, {'endpoint_type': 'instance_pin', 'endpoint_name': 'Mpinv_pmos.S'}, {'endpoint_type': 'instance_pin', 'endpoint_name': 'Mpinv_pmos.B'}]"
PINV1,VSS,vss,3,False,ground,"{'source_file': 'sram_compiler/testbenches/sram_6t_core_testbench.py::Sram6TCoreTestbench.create_testbench', 'source_class': '', 'source_module_name': 'PINV1', 'role_hint': 'EXTRACTED_FROM_GENERATED_NETLIST'}","[{'endpoint_type': 'module_pin', 'endpoint_name': 'VSS'}, {'endpoint_type': 'instance_pin', 'endpoint_name': 'Mpinv_nmos.S'}, {'endpoint_type': 'instance_pin', 'endpoint_name': 'Mpinv_nmos.B'}]"
PINV1,Z,z,3,False,internal,"{'source_file': 'sram_compiler/testbenches/sram_6t_core_testbench.py::Sram6TCoreTestbench.create_testbench', 'source_class': '', 'source_module_name': 'PINV1', 'role_hint': 'EXTRACTED_FROM_GENERATED_NETLIST'}","[{'endpoint_type': 'module_pin', 'endpoint_name': 'Z'}, {'endpoint_type': 'instance_pin', 'endpoint_name': 'Mpinv_pmos.D'}, {'endpoint_type': 'instance_pin', 'endpoint_name': 'Mpinv_nmos.D'}]"
PINV2,A,a,3,False,internal,"{'source_file': 'sram_compiler/testbenches/sram_6t_core_testbench.py::Sram6TCoreTestbench.create_testbench', 'source_class': '', 'source_module_name': 'PINV2', 'role_hint': 'EXTRACTED_FROM_GENERATED_NETLIST'}","[{'endpoint_type': 'module_pin', 'endpoint_name': 'A'}, {'endpoint_type': 'instance_pin', 'endpoint_name': 'Mpinv_pmos.G'}, {'endpoint_type': 'instance_pin', 'endpoint_name': 'Mpinv_nmos.G'}]"
PINV2,VDD,vdd,3,False,power,"{'source_file': 'sram_compiler/testbenches/sram_6t_core_testbench.py::Sram6TCoreTestbench.create_testbench', 'source_class': '', 'source_module_name': 'PINV2', 'role_hint': 'EXTRACTED_FROM_GENERATED_NETLIST'}","[{'endpoint_type': 'module_pin', 'endpoint_name': 'VDD'}, {'endpoint_type': 'instance_pin', 'endpoint_name': 'Mpinv_pmos.S'}, {'endpoint_type': 'instance_pin', 'endpoint_name': 'Mpinv_pmos.B'}]"
PINV2,VSS,vss,3,False,ground,"{'source_file': 'sram_compiler/testbenches/sram_6t_core_testbench.py::Sram6TCoreTestbench.create_testbench', 'source_class': '', 'source_module_name': 'PINV2', 'role_hint': 'EXTRACTED_FROM_GENERATED_NETLIST'}","[{'endpoint_type': 'module_pin', 'endpoint_name': 'VSS'}, {'endpoint_type': 'instance_pin', 'endpoint_name': 'Mpinv_nmos.S'}, {'endpoint_type': 'instance_pin', 'endpoint_name': 'Mpinv_nmos.B'}]"
PINV2,Z,z,3,False,internal,"{'source_file': 'sram_compiler/testbenches/sram_6t_core_testbench.py::Sram6TCoreTestbench.create_testbench', 'source_class': '', 'source_module_name': 'PINV2', 'role_hint': 'EXTRACTED_FROM_GENERATED_NETLIST'}","[{'endpoint_type': 'module_pin', 'endpoint_name': 'Z'}, {'endpoint_type': 'instance_pin', 'endpoint_name': 'Mpinv_pmos.D'}, {'endpoint_type': 'instance_pin', 'endpoint_name': 'Mpinv_nmos.D'}]"
PINV_wl_en_bar,A,a,3,False,internal,"{'source_file': 'sram_compiler/testbenches/sram_6t_core_testbench.py::Sram6TCoreTestbench.create_testbench', 'source_class': '', 'source_module_name': 'PINV_wl_en_bar', 'role_hint': 'EXTRACTED_FROM_GENERATED_NETLIST'}","[{'endpoint_type': 'module_pin', 'endpoint_name': 'A'}, {'endpoint_type': 'instance_pin', 'endpoint_name': 'Mpinv_pmos.G'}, {'endpoint_type': 'instance_pin', 'endpoint_name': 'Mpinv_nmos.G'}]"
PINV_wl_en_bar,VDD,vdd,3,False,power,"{'source_file': 'sram_compiler/testbenches/sram_6t_core_testbench.py::Sram6TCoreTestbench.create_testbench', 'source_class': '', 'source_module_name': 'PINV_wl_en_bar', 'role_hint': 'EXTRACTED_FROM_GENERATED_NETLIST'}","[{'endpoint_type': 'module_pin', 'endpoint_name': 'VDD'}, {'endpoint_type': 'instance_pin', 'endpoint_name': 'Mpinv_pmos.S'}, {'endpoint_type': 'instance_pin', 'endpoint_name': 'Mpinv_pmos.B'}]"
PINV_wl_en_bar,VSS,vss,3,False,ground,"{'source_file': 'sram_compiler/testbenches/sram_6t_core_testbench.py::Sram6TCoreTestbench.create_testbench', 'source_class': '', 'source_module_name': 'PINV_wl_en_bar', 'role_hint': 'EXTRACTED_FROM_GENERATED_NETLIST'}","[{'endpoint_type': 'module_pin', 'endpoint_name': 'VSS'}, {'endpoint_type': 'instance_pin', 'endpoint_name': 'Mpinv_nmos.S'}, {'endpoint_type': 'instance_pin', 'endpoint_name': 'Mpinv_nmos.B'}]"
PINV_wl_en_bar,Z,z,3,False,internal,"{'source_file': 'sram_compiler/testbenches/sram_6t_core_testbench.py::Sram6TCoreTestbench.create_testbench', 'source_class': '', 'source_module_name': 'PINV_wl_en_bar', 'role_hint': 'EXTRACTED_FROM_GENERATED_NETLIST'}","[{'endpoint_type': 'module_pin', 'endpoint_name': 'Z'}, {'endpoint_type': 'instance_pin', 'endpoint_name': 'Mpinv_pmos.D'}, {'endpoint_type': 'instance_pin', 'endpoint_name': 'Mpinv_nmos.D'}]"
delay_chain,dout_1,dout_1,6,False,internal,"{'source_file': 'sram_compiler/subcircuits/time_generate.py', 'source_class': 'DelayChain', 'source_module_name': 'delay_chain', 'role_hint': 'control_timing'}","[{'endpoint_type': 'instance_pin', 'endpoint_name': 'Xdinv0.Z'}, {'endpoint_type': 'instance_pin', 'endpoint_name': 'Xdload_0_0.A'}, {'endpoint_type': 'instance_pin', 'endpoint_name': 'Xdload_0_1.A'}, {'endpoint_type': 'instance_pin', 'endpoint_name': 'Xdload_0_2.A'}, {'endpoint_type': 'instance_pin', 'endpoint_name': 'Xdload_0_3.A'}, {'endpoint_type': 'instance_pin', 'endpoint_name': 'Xdinv1.A'}]"
delay_chain,dout_2,dout_2,6,False,internal,"{'source_file': 'sram_compiler/subcircuits/time_generate.py', 'source_class': 'DelayChain', 'source_module_name': 'delay_chain', 'role_hint': 'control_timing'}","[{'endpoint_type': 'instance_pin', 'endpoint_name': 'Xdinv1.Z'}, {'endpoint_type': 'instance_pin', 'endpoint_name': 'Xdload_1_0.A'}, {'endpoint_type': 'instance_pin', 'endpoint_name': 'Xdload_1_1.A'}, {'endpoint_type': 'instance_pin', 'endpoint_name': 'Xdload_1_2.A'}, {'endpoint_type': 'instance_pin', 'endpoint_name': 'Xdload_1_3.A'}, {'endpoint_type': 'instance_pin', 'endpoint_name': 'Xdinv2.A'}]"
delay_chain,dout_3,dout_3,6,False,internal,"{'source_file': 'sram_compiler/subcircuits/time_generate.py', 'source_class': 'DelayChain', 'source_module_name': 'delay_chain', 'role_hint': 'control_timing'}","[{'endpoint_type': 'instance_pin', 'endpoint_name': 'Xdinv2.Z'}, {'endpoint_type': 'instance_pin', 'endpoint_name': 'Xdload_2_0.A'}, {'endpoint_type': 'instance_pin', 'endpoint_name': 'Xdload_2_1.A'}, {'endpoint_type': 'instance_pin', 'endpoint_name': 'Xdload_2_2.A'}, {'endpoint_type': 'instance_pin', 'endpoint_name': 'Xdload_2_3.A'}, {'endpoint_type': 'instance_pin', 'endpoint_name': 'Xdinv3.A'}]"
delay_chain,dout_4,dout_4,6,False,internal,"{'source_file': 'sram_compiler/subcircuits/time_generate.py', 'source_class': 'DelayChain', 'source_module_name': 'delay_chain', 'role_hint': 'control_timing'}","[{'endpoint_type': 'instance_pin', 'endpoint_name': 'Xdinv3.Z'}, {'endpoint_type': 'instance_pin', 'endpoint_name': 'Xdload_3_0.A'}, {'endpoint_type': 'instance_pin', 'endpoint_name': 'Xdload_3_1.A'}, {'endpoint_type': 'instance_pin', 'endpoint_name': 'Xdload_3_2.A'}, {'endpoint_type': 'instance_pin', 'endpoint_name': 'Xdload_3_3.A'}, {'endpoint_type': 'instance_pin', 'endpoint_name': 'Xdinv4.A'}]"
delay_chain,dout_5,dout_5,6,False,internal,"{'source_file': 'sram_compiler/subcircuits/time_generate.py', 'source_class': 'DelayChain', 'source_module_name': 'delay_chain', 'role_hint': 'control_timing'}","[{'endpoint_type': 'instance_pin', 'endpoint_name': 'Xdinv4.Z'}, {'endpoint_type': 'instance_pin', 'endpoint_name': 'Xdload_4_0.A'}, {'endpoint_type': 'instance_pin', 'endpoint_name': 'Xdload_4_1.A'}, {'endpoint_type': 'instance_pin', 'endpoint_name': 'Xdload_4_2.A'}, {'endpoint_type': 'instance_pin', 'endpoint_name': 'Xdload_4_3.A'}, {'endpoint_type': 'instance_pin', 'endpoint_name': 'Xdinv5.A'}]"
delay_chain,dout_6,dout_6,6,False,internal,"{'source_file': 'sram_compiler/subcircuits/time_generate.py', 'source_class': 'DelayChain', 'source_module_name': 'delay_chain', 'role_hint': 'control_timing'}","[{'endpoint_type': 'instance_pin', 'endpoint_name': 'Xdinv5.Z'}, {'endpoint_type': 'instance_pin', 'endpoint_name': 'Xdload_5_0.A'}, {'endpoint_type': 'instance_pin', 'endpoint_name': 'Xdload_5_1.A'}, {'endpoint_type': 'instance_pin', 'endpoint_name': 'Xdload_5_2.A'}, {'endpoint_type': 'instance_pin', 'endpoint_name': 'Xdload_5_3.A'}, {'endpoint_type': 'instance_pin', 'endpoint_name': 'Xdinv6.A'}]"
delay_chain,dout_7,dout_7,6,False,internal,"{'source_file': 'sram_compiler/subcircuits/time_generate.py', 'source_class': 'DelayChain', 'source_module_name': 'delay_chain', 'role_hint': 'control_timing'}","[{'endpoint_type': 'instance_pin', 'endpoint_name': 'Xdinv6.Z'}, {'endpoint_type': 'instance_pin', 'endpoint_name': 'Xdload_6_0.A'}, {'endpoint_type': 'instance_pin', 'endpoint_name': 'Xdload_6_1.A'}, {'endpoint_type': 'instance_pin', 'endpoint_name': 'Xdload_6_2.A'}, {'endpoint_type': 'instance_pin', 'endpoint_name': 'Xdload_6_3.A'}, {'endpoint_type': 'instance_pin', 'endpoint_name': 'Xdinv7.A'}]"
delay_chain,dout_8,dout_8,6,False,internal,"{'source_file': 'sram_compiler/subcircuits/time_generate.py', 'source_class': 'DelayChain', 'source_module_name': 'delay_chain', 'role_hint': 'control_timing'}","[{'endpoint_type': 'instance_pin', 'endpoint_name': 'Xdinv7.Z'}, {'endpoint_type': 'instance_pin', 'endpoint_name': 'Xdload_7_0.A'}, {'endpoint_type': 'instance_pin', 'endpoint_name': 'Xdload_7_1.A'}, {'endpoint_type': 'instance_pin', 'endpoint_name': 'Xdload_7_2.A'}, {'endpoint_type': 'instance_pin', 'endpoint_name': 'Xdload_7_3.A'}, {'endpoint_type': 'instance_pin', 'endpoint_name': 'Xdinv8.A'}]"
delay_chain,in,in,2,False,internal,"{'source_file': 'sram_compiler/subcircuits/time_generate.py', 'source_class': 'DelayChain', 'source_module_name': 'delay_chain', 'role_hint': 'control_timing'}","[{'endpoint_type': 'module_pin', 'endpoint_name': 'in'}, {'endpoint_type': 'instance_pin', 'endpoint_name': 'Xdinv0.A'}]"
delay_chain,n_0_0,n_0_0,1,False,internal,"{'source_file': 'sram_compiler/subcircuits/time_generate.py', 'source_class': 'DelayChain', 'source_module_name': 'delay_chain', 'role_hint': 'control_timing'}","[{'endpoint_type': 'instance_pin', 'endpoint_name': 'Xdload_0_0.Z'}]"
delay_chain,n_0_1,n_0_1,1,False,internal,"{'source_file': 'sram_compiler/subcircuits/time_generate.py', 'source_class': 'DelayChain', 'source_module_name': 'delay_chain', 'role_hint': 'control_timing'}","[{'endpoint_type': 'instance_pin', 'endpoint_name': 'Xdload_0_1.Z'}]"
delay_chain,n_0_2,n_0_2,1,False,internal,"{'source_file': 'sram_compiler/subcircuits/time_generate.py', 'source_class': 'DelayChain', 'source_module_name': 'delay_chain', 'role_hint': 'control_timing'}","[{'endpoint_type': 'instance_pin', 'endpoint_name': 'Xdload_0_2.Z'}]"
delay_chain,n_0_3,n_0_3,1,False,internal,"{'source_file': 'sram_compiler/subcircuits/time_generate.py', 'source_class': 'DelayChain', 'source_module_name': 'delay_chain', 'role_hint': 'control_timing'}","[{'endpoint_type': 'instance_pin', 'endpoint_name': 'Xdload_0_3.Z'}]"
delay_chain,n_1_0,n_1_0,1,False,internal,"{'source_file': 'sram_compiler/subcircuits/time_generate.py', 'source_class': 'DelayChain', 'source_module_name': 'delay_chain', 'role_hint': 'control_timing'}","[{'endpoint_type': 'instance_pin', 'endpoint_name': 'Xdload_1_0.Z'}]"
delay_chain,n_1_1,n_1_1,1,False,internal,"{'source_file': 'sram_compiler/subcircuits/time_generate.py', 'source_class': 'DelayChain', 'source_module_name': 'delay_chain', 'role_hint': 'control_timing'}","[{'endpoint_type': 'instance_pin', 'endpoint_name': 'Xdload_1_1.Z'}]"
delay_chain,n_1_2,n_1_2,1,False,internal,"{'source_file': 'sram_compiler/subcircuits/time_generate.py', 'source_class': 'DelayChain', 'source_module_name': 'delay_chain', 'role_hint': 'control_timing'}","[{'endpoint_type': 'instance_pin', 'endpoint_name': 'Xdload_1_2.Z'}]"
delay_chain,n_1_3,n_1_3,1,False,internal,"{'source_file': 'sram_compiler/subcircuits/time_generate.py', 'source_class': 'DelayChain', 'source_module_name': 'delay_chain', 'role_hint': 'control_timing'}","[{'endpoint_type': 'instance_pin', 'endpoint_name': 'Xdload_1_3.Z'}]"
delay_chain,n_2_0,n_2_0,1,False,internal,"{'source_file': 'sram_compiler/subcircuits/time_generate.py', 'source_class': 'DelayChain', 'source_module_name': 'delay_chain', 'role_hint': 'control_timing'}","[{'endpoint_type': 'instance_pin', 'endpoint_name': 'Xdload_2_0.Z'}]"
delay_chain,n_2_1,n_2_1,1,False,internal,"{'source_file': 'sram_compiler/subcircuits/time_generate.py', 'source_class': 'DelayChain', 'source_module_name': 'delay_chain', 'role_hint': 'control_timing'}","[{'endpoint_type': 'instance_pin', 'endpoint_name': 'Xdload_2_1.Z'}]"
delay_chain,n_2_2,n_2_2,1,False,internal,"{'source_file': 'sram_compiler/subcircuits/time_generate.py', 'source_class': 'DelayChain', 'source_module_name': 'delay_chain', 'role_hint': 'control_timing'}","[{'endpoint_type': 'instance_pin', 'endpoint_name': 'Xdload_2_2.Z'}]"
delay_chain,n_2_3,n_2_3,1,False,internal,"{'source_file': 'sram_compiler/subcircuits/time_generate.py', 'source_class': 'DelayChain', 'source_module_name': 'delay_chain', 'role_hint': 'control_timing'}","[{'endpoint_type': 'instance_pin', 'endpoint_name': 'Xdload_2_3.Z'}]"
delay_chain,n_3_0,n_3_0,1,False,internal,"{'source_file': 'sram_compiler/subcircuits/time_generate.py', 'source_class': 'DelayChain', 'source_module_name': 'delay_chain', 'role_hint': 'control_timing'}","[{'endpoint_type': 'instance_pin', 'endpoint_name': 'Xdload_3_0.Z'}]"
delay_chain,n_3_1,n_3_1,1,False,internal,"{'source_file': 'sram_compiler/subcircuits/time_generate.py', 'source_class': 'DelayChain', 'source_module_name': 'delay_chain', 'role_hint': 'control_timing'}","[{'endpoint_type': 'instance_pin', 'endpoint_name': 'Xdload_3_1.Z'}]"
delay_chain,n_3_2,n_3_2,1,False,internal,"{'source_file': 'sram_compiler/subcircuits/time_generate.py', 'source_class': 'DelayChain', 'source_module_name': 'delay_chain', 'role_hint': 'control_timing'}","[{'endpoint_type': 'instance_pin', 'endpoint_name': 'Xdload_3_2.Z'}]"
delay_chain,n_3_3,n_3_3,1,False,internal,"{'source_file': 'sram_compiler/subcircuits/time_generate.py', 'source_class': 'DelayChain', 'source_module_name': 'delay_chain', 'role_hint': 'control_timing'}","[{'endpoint_type': 'instance_pin', 'endpoint_name': 'Xdload_3_3.Z'}]"
delay_chain,n_4_0,n_4_0,1,False,internal,"{'source_file': 'sram_compiler/subcircuits/time_generate.py', 'source_class': 'DelayChain', 'source_module_name': 'delay_chain', 'role_hint': 'control_timing'}","[{'endpoint_type': 'instance_pin', 'endpoint_name': 'Xdload_4_0.Z'}]"
delay_chain,n_4_1,n_4_1,1,False,internal,"{'source_file': 'sram_compiler/subcircuits/time_generate.py', 'source_class': 'DelayChain', 'source_module_name': 'delay_chain', 'role_hint': 'control_timing'}","[{'endpoint_type': 'instance_pin', 'endpoint_name': 'Xdload_4_1.Z'}]"
delay_chain,n_4_2,n_4_2,1,False,internal,"{'source_file': 'sram_compiler/subcircuits/time_generate.py', 'source_class': 'DelayChain', 'source_module_name': 'delay_chain', 'role_hint': 'control_timing'}","[{'endpoint_type': 'instance_pin', 'endpoint_name': 'Xdload_4_2.Z'}]"
delay_chain,n_4_3,n_4_3,1,False,internal,"{'source_file': 'sram_compiler/subcircuits/time_generate.py', 'source_class': 'DelayChain', 'source_module_name': 'delay_chain', 'role_hint': 'control_timing'}","[{'endpoint_type': 'instance_pin', 'endpoint_name': 'Xdload_4_3.Z'}]"
delay_chain,n_5_0,n_5_0,1,False,internal,"{'source_file': 'sram_compiler/subcircuits/time_generate.py', 'source_class': 'DelayChain', 'source_module_name': 'delay_chain', 'role_hint': 'control_timing'}","[{'endpoint_type': 'instance_pin', 'endpoint_name': 'Xdload_5_0.Z'}]"
delay_chain,n_5_1,n_5_1,1,False,internal,"{'source_file': 'sram_compiler/subcircuits/time_generate.py', 'source_class': 'DelayChain', 'source_module_name': 'delay_chain', 'role_hint': 'control_timing'}","[{'endpoint_type': 'instance_pin', 'endpoint_name': 'Xdload_5_1.Z'}]"
delay_chain,n_5_2,n_5_2,1,False,internal,"{'source_file': 'sram_compiler/subcircuits/time_generate.py', 'source_class': 'DelayChain', 'source_module_name': 'delay_chain', 'role_hint': 'control_timing'}","[{'endpoint_type': 'instance_pin', 'endpoint_name': 'Xdload_5_2.Z'}]"
delay_chain,n_5_3,n_5_3,1,False,internal,"{'source_file': 'sram_compiler/subcircuits/time_generate.py', 'source_class': 'DelayChain', 'source_module_name': 'delay_chain', 'role_hint': 'control_timing'}","[{'endpoint_type': 'instance_pin', 'endpoint_name': 'Xdload_5_3.Z'}]"
delay_chain,n_6_0,n_6_0,1,False,internal,"{'source_file': 'sram_compiler/subcircuits/time_generate.py', 'source_class': 'DelayChain', 'source_module_name': 'delay_chain', 'role_hint': 'control_timing'}","[{'endpoint_type': 'instance_pin', 'endpoint_name': 'Xdload_6_0.Z'}]"
delay_chain,n_6_1,n_6_1,1,False,internal,"{'source_file': 'sram_compiler/subcircuits/time_generate.py', 'source_class': 'DelayChain', 'source_module_name': 'delay_chain', 'role_hint': 'control_timing'}","[{'endpoint_type': 'instance_pin', 'endpoint_name': 'Xdload_6_1.Z'}]"
delay_chain,n_6_2,n_6_2,1,False,internal,"{'source_file': 'sram_compiler/subcircuits/time_generate.py', 'source_class': 'DelayChain', 'source_module_name': 'delay_chain', 'role_hint': 'control_timing'}","[{'endpoint_type': 'instance_pin', 'endpoint_name': 'Xdload_6_2.Z'}]"
delay_chain,n_6_3,n_6_3,1,False,internal,"{'source_file': 'sram_compiler/subcircuits/time_generate.py', 'source_class': 'DelayChain', 'source_module_name': 'delay_chain', 'role_hint': 'control_timing'}","[{'endpoint_type': 'instance_pin', 'endpoint_name': 'Xdload_6_3.Z'}]"
delay_chain,n_7_0,n_7_0,1,False,internal,"{'source_file': 'sram_compiler/subcircuits/time_generate.py', 'source_class': 'DelayChain', 'source_module_name': 'delay_chain', 'role_hint': 'control_timing'}","[{'endpoint_type': 'instance_pin', 'endpoint_name': 'Xdload_7_0.Z'}]"
delay_chain,n_7_1,n_7_1,1,False,internal,"{'source_file': 'sram_compiler/subcircuits/time_generate.py', 'source_class': 'DelayChain', 'source_module_name': 'delay_chain', 'role_hint': 'control_timing'}","[{'endpoint_type': 'instance_pin', 'endpoint_name': 'Xdload_7_1.Z'}]"
delay_chain,n_7_2,n_7_2,1,False,internal,"{'source_file': 'sram_compiler/subcircuits/time_generate.py', 'source_class': 'DelayChain', 'source_module_name': 'delay_chain', 'role_hint': 'control_timing'}","[{'endpoint_type': 'instance_pin', 'endpoint_name': 'Xdload_7_2.Z'}]"
delay_chain,n_7_3,n_7_3,1,False,internal,"{'source_file': 'sram_compiler/subcircuits/time_generate.py', 'source_class': 'DelayChain', 'source_module_name': 'delay_chain', 'role_hint': 'control_timing'}","[{'endpoint_type': 'instance_pin', 'endpoint_name': 'Xdload_7_3.Z'}]"
delay_chain,n_8_0,n_8_0,1,False,internal,"{'source_file': 'sram_compiler/subcircuits/time_generate.py', 'source_class': 'DelayChain', 'source_module_name': 'delay_chain', 'role_hint': 'control_timing'}","[{'endpoint_type': 'instance_pin', 'endpoint_name': 'Xdload_8_0.Z'}]"
delay_chain,n_8_1,n_8_1,1,False,internal,"{'source_file': 'sram_compiler/subcircuits/time_generate.py', 'source_class': 'DelayChain', 'source_module_name': 'delay_chain', 'role_hint': 'control_timing'}","[{'endpoint_type': 'instance_pin', 'endpoint_name': 'Xdload_8_1.Z'}]"
delay_chain,n_8_2,n_8_2,1,False,internal,"{'source_file': 'sram_compiler/subcircuits/time_generate.py', 'source_class': 'DelayChain', 'source_module_name': 'delay_chain', 'role_hint': 'control_timing'}","[{'endpoint_type': 'instance_pin', 'endpoint_name': 'Xdload_8_2.Z'}]"
delay_chain,n_8_3,n_8_3,1,False,internal,"{'source_file': 'sram_compiler/subcircuits/time_generate.py', 'source_class': 'DelayChain', 'source_module_name': 'delay_chain', 'role_hint': 'control_timing'}","[{'endpoint_type': 'instance_pin', 'endpoint_name': 'Xdload_8_3.Z'}]"
delay_chain,out,out,6,False,internal,"{'source_file': 'sram_compiler/subcircuits/time_generate.py', 'source_class': 'DelayChain', 'source_module_name': 'delay_chain', 'role_hint': 'control_timing'}","[{'endpoint_type': 'module_pin', 'endpoint_name': 'out'}, {'endpoint_type': 'instance_pin', 'endpoint_name': 'Xdinv8.Z'}, {'endpoint_type': 'instance_pin', 'endpoint_name': 'Xdload_8_0.A'}, {'endpoint_type': 'instance_pin', 'endpoint_name': 'Xdload_8_1.A'}, {'endpoint_type': 'instance_pin', 'endpoint_name': 'Xdload_8_2.A'}, {'endpoint_type': 'instance_pin', 'endpoint_name': 'Xdload_8_3.A'}]"
delay_chain,VDD,vdd,46,False,power,"{'source_file': 'sram_compiler/subcircuits/time_generate.py', 'source_class': 'DelayChain', 'source_module_name': 'delay_chain', 'role_hint': 'control_timing'}","[{'endpoint_type': 'module_pin', 'endpoint_name': 'VDD'}, {'endpoint_type': 'instance_pin', 'endpoint_name': 'Xdinv0.VDD'}, {'endpoint_type': 'instance_pin', 'endpoint_name': 'Xdload_0_0.VDD'}, {'endpoint_type': 'instance_pin', 'endpoint_name': 'Xdload_0_1.VDD'}, {'endpoint_type': 'instance_pin', 'endpoint_name': 'Xdload_0_2.VDD'}, {'endpoint_type': 'instance_pin', 'endpoint_name': 'Xdload_0_3.VDD'}, {'endpoint_type': 'instance_pin', 'endpoint_name': 'Xdinv1.VDD'}, {'endpoint_type': 'instance_pin', 'endpoint_name': 'Xdload_1_0.VDD'}, {'endpoint_type': 'instance_pin', 'endpoint_name': 'Xdload_1_1.VDD'}, {'endpoint_type': 'instance_pin', 'endpoint_name': 'Xdload_1_2.VDD'}, {'endpoint_type': 'instance_pin', 'endpoint_name': 'Xdload_1_3.VDD'}, {'endpoint_type': 'instance_pin', 'endpoint_name': 'Xdinv2.VDD'}, {'endpoint_type': 'instance_pin', 'endpoint_name': 'Xdload_2_0.VDD'}, {'endpoint_type': 'instance_pin', 'endpoint_name': 'Xdload_2_1.VDD'}, {'endpoint_type': 'instance_pin', 'endpoint_name': 'Xdload_2_2.VDD'}, {'endpoint_type': 'instance_pin', 'endpoint_name': 'Xdload_2_3.VDD'}, {'endpoint_type': 'instance_pin', 'endpoint_name': 'Xdinv3.VDD'}, {'endpoint_type': 'instance_pin', 'endpoint_name': 'Xdload_3_0.VDD'}, {'endpoint_type': 'instance_pin', 'endpoint_name': 'Xdload_3_1.VDD'}, {'endpoint_type': 'instance_pin', 'endpoint_name': 'Xdload_3_2.VDD'}, {'endpoint_type': 'instance_pin', 'endpoint_name': 'Xdload_3_3.VDD'}, {'endpoint_type': 'instance_pin', 'endpoint_name': 'Xdinv4.VDD'}, {'endpoint_type': 'instance_pin', 'endpoint_name': 'Xdload_4_0.VDD'}, {'endpoint_type': 'instance_pin', 'endpoint_name': 'Xdload_4_1.VDD'}, {'endpoint_type': 'instance_pin', 'endpoint_name': 'Xdload_4_2.VDD'}, {'endpoint_type': 'instance_pin', 'endpoint_name': 'Xdload_4_3.VDD'}, {'endpoint_type': 'instance_pin', 'endpoint_name': 'Xdinv5.VDD'}, {'endpoint_type': 'instance_pin', 'endpoint_name': 'Xdload_5_0.VDD'}, {'endpoint_type': 'instance_pin', 'endpoint_name': 'Xdload_5_1.VDD'}, {'endpoint_type': 'instance_pin', 'endpoint_name': 'Xdload_5_2.VDD'}, {'endpoint_type': 'instance_pin', 'endpoint_name': 'Xdload_5_3.VDD'}, {'endpoint_type': 'instance_pin', 'endpoint_name': 'Xdinv6.VDD'}, {'endpoint_type': 'instance_pin', 'endpoint_name': 'Xdload_6_0.VDD'}, {'endpoint_type': 'instance_pin', 'endpoint_name': 'Xdload_6_1.VDD'}, {'endpoint_type': 'instance_pin', 'endpoint_name': 'Xdload_6_2.VDD'}, {'endpoint_type': 'instance_pin', 'endpoint_name': 'Xdload_6_3.VDD'}, {'endpoint_type': 'instance_pin', 'endpoint_name': 'Xdinv7.VDD'}, {'endpoint_type': 'instance_pin', 'endpoint_name': 'Xdload_7_0.VDD'}, {'endpoint_type': 'instance_pin', 'endpoint_name': 'Xdload_7_1.VDD'}, {'endpoint_type': 'instance_pin', 'endpoint_name': 'Xdload_7_2.VDD'}, {'endpoint_type': 'instance_pin', 'endpoint_name': 'Xdload_7_3.VDD'}, {'endpoint_type': 'instance_pin', 'endpoint_name': 'Xdinv8.VDD'}, {'endpoint_type': 'instance_pin', 'endpoint_name': 'Xdload_8_0.VDD'}, {'endpoint_type': 'instance_pin', 'endpoint_name': 'Xdload_8_1.VDD'}, {'endpoint_type': 'instance_pin', 'endpoint_name': 'Xdload_8_2.VDD'}, {'endpoint_type': 'instance_pin', 'endpoint_name': 'Xdload_8_3.VDD'}]"
delay_chain,VSS,vss,46,False,ground,"{'source_file': 'sram_compiler/subcircuits/time_generate.py', 'source_class': 'DelayChain', 'source_module_name': 'delay_chain', 'role_hint': 'control_timing'}","[{'endpoint_type': 'module_pin', 'endpoint_name': 'VSS'}, {'endpoint_type': 'instance_pin', 'endpoint_name': 'Xdinv0.VSS'}, {'endpoint_type': 'instance_pin', 'endpoint_name': 'Xdload_0_0.VSS'}, {'endpoint_type': 'instance_pin', 'endpoint_name': 'Xdload_0_1.VSS'}, {'endpoint_type': 'instance_pin', 'endpoint_name': 'Xdload_0_2.VSS'}, {'endpoint_type': 'instance_pin', 'endpoint_name': 'Xdload_0_3.VSS'}, {'endpoint_type': 'instance_pin', 'endpoint_name': 'Xdinv1.VSS'}, {'endpoint_type': 'instance_pin', 'endpoint_name': 'Xdload_1_0.VSS'}, {'endpoint_type': 'instance_pin', 'endpoint_name': 'Xdload_1_1.VSS'}, {'endpoint_type': 'instance_pin', 'endpoint_name': 'Xdload_1_2.VSS'}, {'endpoint_type': 'instance_pin', 'endpoint_name': 'Xdload_1_3.VSS'}, {'endpoint_type': 'instance_pin', 'endpoint_name': 'Xdinv2.VSS'}, {'endpoint_type': 'instance_pin', 'endpoint_name': 'Xdload_2_0.VSS'}, {'endpoint_type': 'instance_pin', 'endpoint_name': 'Xdload_2_1.VSS'}, {'endpoint_type': 'instance_pin', 'endpoint_name': 'Xdload_2_2.VSS'}, {'endpoint_type': 'instance_pin', 'endpoint_name': 'Xdload_2_3.VSS'}, {'endpoint_type': 'instance_pin', 'endpoint_name': 'Xdinv3.VSS'}, {'endpoint_type': 'instance_pin', 'endpoint_name': 'Xdload_3_0.VSS'}, {'endpoint_type': 'instance_pin', 'endpoint_name': 'Xdload_3_1.VSS'}, {'endpoint_type': 'instance_pin', 'endpoint_name': 'Xdload_3_2.VSS'}, {'endpoint_type': 'instance_pin', 'endpoint_name': 'Xdload_3_3.VSS'}, {'endpoint_type': 'instance_pin', 'endpoint_name': 'Xdinv4.VSS'}, {'endpoint_type': 'instance_pin', 'endpoint_name': 'Xdload_4_0.VSS'}, {'endpoint_type': 'instance_pin', 'endpoint_name': 'Xdload_4_1.VSS'}, {'endpoint_type': 'instance_pin', 'endpoint_name': 'Xdload_4_2.VSS'}, {'endpoint_type': 'instance_pin', 'endpoint_name': 'Xdload_4_3.VSS'}, {'endpoint_type': 'instance_pin', 'endpoint_name': 'Xdinv5.VSS'}, {'endpoint_type': 'instance_pin', 'endpoint_name': 'Xdload_5_0.VSS'}, {'endpoint_type': 'instance_pin', 'endpoint_name': 'Xdload_5_1.VSS'}, {'endpoint_type': 'instance_pin', 'endpoint_name': 'Xdload_5_2.VSS'}, {'endpoint_type': 'instance_pin', 'endpoint_name': 'Xdload_5_3.VSS'}, {'endpoint_type': 'instance_pin', 'endpoint_name': 'Xdinv6.VSS'}, {'endpoint_type': 'instance_pin', 'endpoint_name': 'Xdload_6_0.VSS'}, {'endpoint_type': 'instance_pin', 'endpoint_name': 'Xdload_6_1.VSS'}, {'endpoint_type': 'instance_pin', 'endpoint_name': 'Xdload_6_2.VSS'}, {'endpoint_type': 'instance_pin', 'endpoint_name': 'Xdload_6_3.VSS'}, {'endpoint_type': 'instance_pin', 'endpoint_name': 'Xdinv7.VSS'}, {'endpoint_type': 'instance_pin', 'endpoint_name': 'Xdload_7_0.VSS'}, {'endpoint_type': 'instance_pin', 'endpoint_name': 'Xdload_7_1.VSS'}, {'endpoint_type': 'instance_pin', 'endpoint_name': 'Xdload_7_2.VSS'}, {'endpoint_type': 'instance_pin', 'endpoint_name': 'Xdload_7_3.VSS'}, {'endpoint_type': 'instance_pin', 'endpoint_name': 'Xdinv8.VSS'}, {'endpoint_type': 'instance_pin', 'endpoint_name': 'Xdload_8_0.VSS'}, {'endpoint_type': 'instance_pin', 'endpoint_name': 'Xdload_8_1.VSS'}, {'endpoint_type': 'instance_pin', 'endpoint_name': 'Xdload_8_2.VSS'}, {'endpoint_type': 'instance_pin', 'endpoint_name': 'Xdload_8_3.VSS'}]"
PINV1,A,a,3,False,internal,"{'source_file': 'sram_compiler/testbenches/sram_6t_core_testbench.py::Sram6TCoreTestbench.create_testbench', 'source_class': '', 'source_module_name': 'PINV1', 'role_hint': 'EXTRACTED_FROM_GENERATED_NETLIST'}","[{'endpoint_type': 'module_pin', 'endpoint_name': 'A'}, {'endpoint_type': 'instance_pin', 'endpoint_name': 'Mpinv_pmos.G'}, {'endpoint_type': 'instance_pin', 'endpoint_name': 'Mpinv_nmos.G'}]"
PINV1,VDD,vdd,3,False,power,"{'source_file': 'sram_compiler/testbenches/sram_6t_core_testbench.py::Sram6TCoreTestbench.create_testbench', 'source_class': '', 'source_module_name': 'PINV1', 'role_hint': 'EXTRACTED_FROM_GENERATED_NETLIST'}","[{'endpoint_type': 'module_pin', 'endpoint_name': 'VDD'}, {'endpoint_type': 'instance_pin', 'endpoint_name': 'Mpinv_pmos.S'}, {'endpoint_type': 'instance_pin', 'endpoint_name': 'Mpinv_pmos.B'}]"
PINV1,VSS,vss,3,False,ground,"{'source_file': 'sram_compiler/testbenches/sram_6t_core_testbench.py::Sram6TCoreTestbench.create_testbench', 'source_class': '', 'source_module_name': 'PINV1', 'role_hint': 'EXTRACTED_FROM_GENERATED_NETLIST'}","[{'endpoint_type': 'module_pin', 'endpoint_name': 'VSS'}, {'endpoint_type': 'instance_pin', 'endpoint_name': 'Mpinv_nmos.S'}, {'endpoint_type': 'instance_pin', 'endpoint_name': 'Mpinv_nmos.B'}]"
PINV1,Z,z,3,False,internal,"{'source_file': 'sram_compiler/testbenches/sram_6t_core_testbench.py::Sram6TCoreTestbench.create_testbench', 'source_class': '', 'source_module_name': 'PINV1', 'role_hint': 'EXTRACTED_FROM_GENERATED_NETLIST'}","[{'endpoint_type': 'module_pin', 'endpoint_name': 'Z'}, {'endpoint_type': 'instance_pin', 'endpoint_name': 'Mpinv_pmos.D'}, {'endpoint_type': 'instance_pin', 'endpoint_name': 'Mpinv_nmos.D'}]"
AND3,A,a,2,False,internal,"{'source_file': 'sram_compiler/subcircuits/standard_cell.py', 'source_class': 'AND3', 'source_module_name': 'AND3', 'role_hint': 'support_cell'}","[{'endpoint_type': 'module_pin', 'endpoint_name': 'A'}, {'endpoint_type': 'instance_pin', 'endpoint_name': 'XPNAND3.A'}]"
AND3,B,b,2,False,internal,"{'source_file': 'sram_compiler/subcircuits/standard_cell.py', 'source_class': 'AND3', 'source_module_name': 'AND3', 'role_hint': 'support_cell'}","[{'endpoint_type': 'module_pin', 'endpoint_name': 'B'}, {'endpoint_type': 'instance_pin', 'endpoint_name': 'XPNAND3.B'}]"
AND3,C,c,2,False,internal,"{'source_file': 'sram_compiler/subcircuits/standard_cell.py', 'source_class': 'AND3', 'source_module_name': 'AND3', 'role_hint': 'support_cell'}","[{'endpoint_type': 'module_pin', 'endpoint_name': 'C'}, {'endpoint_type': 'instance_pin', 'endpoint_name': 'XPNAND3.C'}]"
AND3,VDD,vdd,3,False,power,"{'source_file': 'sram_compiler/subcircuits/standard_cell.py', 'source_class': 'AND3', 'source_module_name': 'AND3', 'role_hint': 'support_cell'}","[{'endpoint_type': 'module_pin', 'endpoint_name': 'VDD'}, {'endpoint_type': 'instance_pin', 'endpoint_name': 'XPNAND3.VDD'}, {'endpoint_type': 'instance_pin', 'endpoint_name': 'XPINV.VDD'}]"
AND3,VSS,vss,3,False,ground,"{'source_file': 'sram_compiler/subcircuits/standard_cell.py', 'source_class': 'AND3', 'source_module_name': 'AND3', 'role_hint': 'support_cell'}","[{'endpoint_type': 'module_pin', 'endpoint_name': 'VSS'}, {'endpoint_type': 'instance_pin', 'endpoint_name': 'XPNAND3.VSS'}, {'endpoint_type': 'instance_pin', 'endpoint_name': 'XPINV.VSS'}]"
AND3,Z,z,2,False,internal,"{'source_file': 'sram_compiler/subcircuits/standard_cell.py', 'source_class': 'AND3', 'source_module_name': 'AND3', 'role_hint': 'support_cell'}","[{'endpoint_type': 'module_pin', 'endpoint_name': 'Z'}, {'endpoint_type': 'instance_pin', 'endpoint_name': 'XPINV.Z'}]"
AND3,zb_int,zb_int,2,False,internal,"{'source_file': 'sram_compiler/subcircuits/standard_cell.py', 'source_class': 'AND3', 'source_module_name': 'AND3', 'role_hint': 'support_cell'}","[{'endpoint_type': 'instance_pin', 'endpoint_name': 'XPNAND3.Z'}, {'endpoint_type': 'instance_pin', 'endpoint_name': 'XPINV.A'}]"
PNAND3,A,a,3,False,internal,"{'source_file': 'sram_compiler/subcircuits/standard_cell.py', 'source_class': 'PNAND3', 'source_module_name': 'PNAND3', 'role_hint': 'support_cell'}","[{'endpoint_type': 'module_pin', 'endpoint_name': 'A'}, {'endpoint_type': 'instance_pin', 'endpoint_name': 'Mpnand3_pmos1.G'}, {'endpoint_type': 'instance_pin', 'endpoint_name': 'Mpnand3_nmos1.G'}]"
PNAND3,B,b,3,False,internal,"{'source_file': 'sram_compiler/subcircuits/standard_cell.py', 'source_class': 'PNAND3', 'source_module_name': 'PNAND3', 'role_hint': 'support_cell'}","[{'endpoint_type': 'module_pin', 'endpoint_name': 'B'}, {'endpoint_type': 'instance_pin', 'endpoint_name': 'Mpnand3_pmos2.G'}, {'endpoint_type': 'instance_pin', 'endpoint_name': 'Mpnand3_nmos2.G'}]"
PNAND3,C,c,3,False,internal,"{'source_file': 'sram_compiler/subcircuits/standard_cell.py', 'source_class': 'PNAND3', 'source_module_name': 'PNAND3', 'role_hint': 'support_cell'}","[{'endpoint_type': 'module_pin', 'endpoint_name': 'C'}, {'endpoint_type': 'instance_pin', 'endpoint_name': 'Mpnand3_pmos3.G'}, {'endpoint_type': 'instance_pin', 'endpoint_name': 'Mpnand3_nmos3.G'}]"
PNAND3,net1,net1,2,False,internal,"{'source_file': 'sram_compiler/subcircuits/standard_cell.py', 'source_class': 'PNAND3', 'source_module_name': 'PNAND3', 'role_hint': 'support_cell'}","[{'endpoint_type': 'instance_pin', 'endpoint_name': 'Mpnand3_nmos1.S'}, {'endpoint_type': 'instance_pin', 'endpoint_name': 'Mpnand3_nmos2.D'}]"
PNAND3,net2,net2,2,False,internal,"{'source_file': 'sram_compiler/subcircuits/standard_cell.py', 'source_class': 'PNAND3', 'source_module_name': 'PNAND3', 'role_hint': 'support_cell'}","[{'endpoint_type': 'instance_pin', 'endpoint_name': 'Mpnand3_nmos2.S'}, {'endpoint_type': 'instance_pin', 'endpoint_name': 'Mpnand3_nmos3.D'}]"
PNAND3,VDD,vdd,7,False,power,"{'source_file': 'sram_compiler/subcircuits/standard_cell.py', 'source_class': 'PNAND3', 'source_module_name': 'PNAND3', 'role_hint': 'support_cell'}","[{'endpoint_type': 'module_pin', 'endpoint_name': 'VDD'}, {'endpoint_type': 'instance_pin', 'endpoint_name': 'Mpnand3_pmos1.S'}, {'endpoint_type': 'instance_pin', 'endpoint_name': 'Mpnand3_pmos1.B'}, {'endpoint_type': 'instance_pin', 'endpoint_name': 'Mpnand3_pmos2.S'}, {'endpoint_type': 'instance_pin', 'endpoint_name': 'Mpnand3_pmos2.B'}, {'endpoint_type': 'instance_pin', 'endpoint_name': 'Mpnand3_pmos3.S'}, {'endpoint_type': 'instance_pin', 'endpoint_name': 'Mpnand3_pmos3.B'}]"
PNAND3,VSS,vss,5,False,ground,"{'source_file': 'sram_compiler/subcircuits/standard_cell.py', 'source_class': 'PNAND3', 'source_module_name': 'PNAND3', 'role_hint': 'support_cell'}","[{'endpoint_type': 'module_pin', 'endpoint_name': 'VSS'}, {'endpoint_type': 'instance_pin', 'endpoint_name': 'Mpnand3_nmos1.B'}, {'endpoint_type': 'instance_pin', 'endpoint_name': 'Mpnand3_nmos2.B'}, {'endpoint_type': 'instance_pin', 'endpoint_name': 'Mpnand3_nmos3.S'}, {'endpoint_type': 'instance_pin', 'endpoint_name': 'Mpnand3_nmos3.B'}]"
PNAND3,Z,z,5,False,internal,"{'source_file': 'sram_compiler/subcircuits/standard_cell.py', 'source_class': 'PNAND3', 'source_module_name': 'PNAND3', 'role_hint': 'support_cell'}","[{'endpoint_type': 'module_pin', 'endpoint_name': 'Z'}, {'endpoint_type': 'instance_pin', 'endpoint_name': 'Mpnand3_pmos1.D'}, {'endpoint_type': 'instance_pin', 'endpoint_name': 'Mpnand3_pmos2.D'}, {'endpoint_type': 'instance_pin', 'endpoint_name': 'Mpnand3_pmos3.D'}, {'endpoint_type': 'instance_pin', 'endpoint_name': 'Mpnand3_nmos1.D'}]"
PINV,A,a,3,False,internal,"{'source_file': 'sram_compiler/testbenches/sram_6t_core_testbench.py::Sram6TCoreTestbench.create_testbench', 'source_class': '', 'source_module_name': 'PINV', 'role_hint': 'EXTRACTED_FROM_GENERATED_NETLIST'}","[{'endpoint_type': 'module_pin', 'endpoint_name': 'A'}, {'endpoint_type': 'instance_pin', 'endpoint_name': 'Mpinv_pmos.G'}, {'endpoint_type': 'instance_pin', 'endpoint_name': 'Mpinv_nmos.G'}]"
PINV,VDD,vdd,3,False,power,"{'source_file': 'sram_compiler/testbenches/sram_6t_core_testbench.py::Sram6TCoreTestbench.create_testbench', 'source_class': '', 'source_module_name': 'PINV', 'role_hint': 'EXTRACTED_FROM_GENERATED_NETLIST'}","[{'endpoint_type': 'module_pin', 'endpoint_name': 'VDD'}, {'endpoint_type': 'instance_pin', 'endpoint_name': 'Mpinv_pmos.S'}, {'endpoint_type': 'instance_pin', 'endpoint_name': 'Mpinv_pmos.B'}]"
PINV,VSS,vss,3,False,ground,"{'source_file': 'sram_compiler/testbenches/sram_6t_core_testbench.py::Sram6TCoreTestbench.create_testbench', 'source_class': '', 'source_module_name': 'PINV', 'role_hint': 'EXTRACTED_FROM_GENERATED_NETLIST'}","[{'endpoint_type': 'module_pin', 'endpoint_name': 'VSS'}, {'endpoint_type': 'instance_pin', 'endpoint_name': 'Mpinv_nmos.S'}, {'endpoint_type': 'instance_pin', 'endpoint_name': 'Mpinv_nmos.B'}]"
PINV,Z,z,3,False,internal,"{'source_file': 'sram_compiler/testbenches/sram_6t_core_testbench.py::Sram6TCoreTestbench.create_testbench', 'source_class': '', 'source_module_name': 'PINV', 'role_hint': 'EXTRACTED_FROM_GENERATED_NETLIST'}","[{'endpoint_type': 'module_pin', 'endpoint_name': 'Z'}, {'endpoint_type': 'instance_pin', 'endpoint_name': 'Mpinv_pmos.D'}, {'endpoint_type': 'instance_pin', 'endpoint_name': 'Mpinv_nmos.D'}]"
PNAND3,A,a,3,False,internal,"{'source_file': 'sram_compiler/subcircuits/standard_cell.py', 'source_class': 'PNAND3', 'source_module_name': 'PNAND3', 'role_hint': 'support_cell'}","[{'endpoint_type': 'module_pin', 'endpoint_name': 'A'}, {'endpoint_type': 'instance_pin', 'endpoint_name': 'Mpnand3_pmos1.G'}, {'endpoint_type': 'instance_pin', 'endpoint_name': 'Mpnand3_nmos1.G'}]"
PNAND3,B,b,3,False,internal,"{'source_file': 'sram_compiler/subcircuits/standard_cell.py', 'source_class': 'PNAND3', 'source_module_name': 'PNAND3', 'role_hint': 'support_cell'}","[{'endpoint_type': 'module_pin', 'endpoint_name': 'B'}, {'endpoint_type': 'instance_pin', 'endpoint_name': 'Mpnand3_pmos2.G'}, {'endpoint_type': 'instance_pin', 'endpoint_name': 'Mpnand3_nmos2.G'}]"
PNAND3,C,c,3,False,internal,"{'source_file': 'sram_compiler/subcircuits/standard_cell.py', 'source_class': 'PNAND3', 'source_module_name': 'PNAND3', 'role_hint': 'support_cell'}","[{'endpoint_type': 'module_pin', 'endpoint_name': 'C'}, {'endpoint_type': 'instance_pin', 'endpoint_name': 'Mpnand3_pmos3.G'}, {'endpoint_type': 'instance_pin', 'endpoint_name': 'Mpnand3_nmos3.G'}]"
PNAND3,net1,net1,2,False,internal,"{'source_file': 'sram_compiler/subcircuits/standard_cell.py', 'source_class': 'PNAND3', 'source_module_name': 'PNAND3', 'role_hint': 'support_cell'}","[{'endpoint_type': 'instance_pin', 'endpoint_name': 'Mpnand3_nmos1.S'}, {'endpoint_type': 'instance_pin', 'endpoint_name': 'Mpnand3_nmos2.D'}]"
PNAND3,net2,net2,2,False,internal,"{'source_file': 'sram_compiler/subcircuits/standard_cell.py', 'source_class': 'PNAND3', 'source_module_name': 'PNAND3', 'role_hint': 'support_cell'}","[{'endpoint_type': 'instance_pin', 'endpoint_name': 'Mpnand3_nmos2.S'}, {'endpoint_type': 'instance_pin', 'endpoint_name': 'Mpnand3_nmos3.D'}]"
PNAND3,VDD,vdd,7,False,power,"{'source_file': 'sram_compiler/subcircuits/standard_cell.py', 'source_class': 'PNAND3', 'source_module_name': 'PNAND3', 'role_hint': 'support_cell'}","[{'endpoint_type': 'module_pin', 'endpoint_name': 'VDD'}, {'endpoint_type': 'instance_pin', 'endpoint_name': 'Mpnand3_pmos1.S'}, {'endpoint_type': 'instance_pin', 'endpoint_name': 'Mpnand3_pmos1.B'}, {'endpoint_type': 'instance_pin', 'endpoint_name': 'Mpnand3_pmos2.S'}, {'endpoint_type': 'instance_pin', 'endpoint_name': 'Mpnand3_pmos2.B'}, {'endpoint_type': 'instance_pin', 'endpoint_name': 'Mpnand3_pmos3.S'}, {'endpoint_type': 'instance_pin', 'endpoint_name': 'Mpnand3_pmos3.B'}]"
PNAND3,VSS,vss,5,False,ground,"{'source_file': 'sram_compiler/subcircuits/standard_cell.py', 'source_class': 'PNAND3', 'source_module_name': 'PNAND3', 'role_hint': 'support_cell'}","[{'endpoint_type': 'module_pin', 'endpoint_name': 'VSS'}, {'endpoint_type': 'instance_pin', 'endpoint_name': 'Mpnand3_nmos1.B'}, {'endpoint_type': 'instance_pin', 'endpoint_name': 'Mpnand3_nmos2.B'}, {'endpoint_type': 'instance_pin', 'endpoint_name': 'Mpnand3_nmos3.S'}, {'endpoint_type': 'instance_pin', 'endpoint_name': 'Mpnand3_nmos3.B'}]"
PNAND3,Z,z,5,False,internal,"{'source_file': 'sram_compiler/subcircuits/standard_cell.py', 'source_class': 'PNAND3', 'source_module_name': 'PNAND3', 'role_hint': 'support_cell'}","[{'endpoint_type': 'module_pin', 'endpoint_name': 'Z'}, {'endpoint_type': 'instance_pin', 'endpoint_name': 'Mpnand3_pmos1.D'}, {'endpoint_type': 'instance_pin', 'endpoint_name': 'Mpnand3_pmos2.D'}, {'endpoint_type': 'instance_pin', 'endpoint_name': 'Mpnand3_pmos3.D'}, {'endpoint_type': 'instance_pin', 'endpoint_name': 'Mpnand3_nmos1.D'}]"
pdrive2_for_pre,A,a,2,False,internal,"{'source_file': 'sram_compiler/subcircuits/time_generate.py', 'source_class': 'pdrive2_for_pre', 'source_module_name': 'pdrive2_for_pre', 'role_hint': 'support_cell'}","[{'endpoint_type': 'module_pin', 'endpoint_name': 'A'}, {'endpoint_type': 'instance_pin', 'endpoint_name': 'Xbuf_inv1.A'}]"
pdrive2_for_pre,VDD,vdd,3,False,power,"{'source_file': 'sram_compiler/subcircuits/time_generate.py', 'source_class': 'pdrive2_for_pre', 'source_module_name': 'pdrive2_for_pre', 'role_hint': 'support_cell'}","[{'endpoint_type': 'module_pin', 'endpoint_name': 'VDD'}, {'endpoint_type': 'instance_pin', 'endpoint_name': 'Xbuf_inv1.VDD'}, {'endpoint_type': 'instance_pin', 'endpoint_name': 'Xbuf_inv2.VDD'}]"
pdrive2_for_pre,VSS,vss,3,False,ground,"{'source_file': 'sram_compiler/subcircuits/time_generate.py', 'source_class': 'pdrive2_for_pre', 'source_module_name': 'pdrive2_for_pre', 'role_hint': 'support_cell'}","[{'endpoint_type': 'module_pin', 'endpoint_name': 'VSS'}, {'endpoint_type': 'instance_pin', 'endpoint_name': 'Xbuf_inv1.VSS'}, {'endpoint_type': 'instance_pin', 'endpoint_name': 'Xbuf_inv2.VSS'}]"
pdrive2_for_pre,Z,z,2,False,internal,"{'source_file': 'sram_compiler/subcircuits/time_generate.py', 'source_class': 'pdrive2_for_pre', 'source_module_name': 'pdrive2_for_pre', 'role_hint': 'support_cell'}","[{'endpoint_type': 'module_pin', 'endpoint_name': 'Z'}, {'endpoint_type': 'instance_pin', 'endpoint_name': 'Xbuf_inv2.Z'}]"
pdrive2_for_pre,zb1_node,zb1_node,2,False,internal,"{'source_file': 'sram_compiler/subcircuits/time_generate.py', 'source_class': 'pdrive2_for_pre', 'source_module_name': 'pdrive2_for_pre', 'role_hint': 'support_cell'}","[{'endpoint_type': 'instance_pin', 'endpoint_name': 'Xbuf_inv1.Z'}, {'endpoint_type': 'instance_pin', 'endpoint_name': 'Xbuf_inv2.A'}]"
PINV1,A,a,3,False,internal,"{'source_file': 'sram_compiler/testbenches/sram_6t_core_testbench.py::Sram6TCoreTestbench.create_testbench', 'source_class': '', 'source_module_name': 'PINV1', 'role_hint': 'EXTRACTED_FROM_GENERATED_NETLIST'}","[{'endpoint_type': 'module_pin', 'endpoint_name': 'A'}, {'endpoint_type': 'instance_pin', 'endpoint_name': 'Mpinv_pmos.G'}, {'endpoint_type': 'instance_pin', 'endpoint_name': 'Mpinv_nmos.G'}]"
PINV1,VDD,vdd,3,False,power,"{'source_file': 'sram_compiler/testbenches/sram_6t_core_testbench.py::Sram6TCoreTestbench.create_testbench', 'source_class': '', 'source_module_name': 'PINV1', 'role_hint': 'EXTRACTED_FROM_GENERATED_NETLIST'}","[{'endpoint_type': 'module_pin', 'endpoint_name': 'VDD'}, {'endpoint_type': 'instance_pin', 'endpoint_name': 'Mpinv_pmos.S'}, {'endpoint_type': 'instance_pin', 'endpoint_name': 'Mpinv_pmos.B'}]"
PINV1,VSS,vss,3,False,ground,"{'source_file': 'sram_compiler/testbenches/sram_6t_core_testbench.py::Sram6TCoreTestbench.create_testbench', 'source_class': '', 'source_module_name': 'PINV1', 'role_hint': 'EXTRACTED_FROM_GENERATED_NETLIST'}","[{'endpoint_type': 'module_pin', 'endpoint_name': 'VSS'}, {'endpoint_type': 'instance_pin', 'endpoint_name': 'Mpinv_nmos.S'}, {'endpoint_type': 'instance_pin', 'endpoint_name': 'Mpinv_nmos.B'}]"
PINV1,Z,z,3,False,internal,"{'source_file': 'sram_compiler/testbenches/sram_6t_core_testbench.py::Sram6TCoreTestbench.create_testbench', 'source_class': '', 'source_module_name': 'PINV1', 'role_hint': 'EXTRACTED_FROM_GENERATED_NETLIST'}","[{'endpoint_type': 'module_pin', 'endpoint_name': 'Z'}, {'endpoint_type': 'instance_pin', 'endpoint_name': 'Mpinv_pmos.D'}, {'endpoint_type': 'instance_pin', 'endpoint_name': 'Mpinv_nmos.D'}]"
PINV2,A,a,3,False,internal,"{'source_file': 'sram_compiler/testbenches/sram_6t_core_testbench.py::Sram6TCoreTestbench.create_testbench', 'source_class': '', 'source_module_name': 'PINV2', 'role_hint': 'EXTRACTED_FROM_GENERATED_NETLIST'}","[{'endpoint_type': 'module_pin', 'endpoint_name': 'A'}, {'endpoint_type': 'instance_pin', 'endpoint_name': 'Mpinv_pmos.G'}, {'endpoint_type': 'instance_pin', 'endpoint_name': 'Mpinv_nmos.G'}]"
PINV2,VDD,vdd,3,False,power,"{'source_file': 'sram_compiler/testbenches/sram_6t_core_testbench.py::Sram6TCoreTestbench.create_testbench', 'source_class': '', 'source_module_name': 'PINV2', 'role_hint': 'EXTRACTED_FROM_GENERATED_NETLIST'}","[{'endpoint_type': 'module_pin', 'endpoint_name': 'VDD'}, {'endpoint_type': 'instance_pin', 'endpoint_name': 'Mpinv_pmos.S'}, {'endpoint_type': 'instance_pin', 'endpoint_name': 'Mpinv_pmos.B'}]"
PINV2,VSS,vss,3,False,ground,"{'source_file': 'sram_compiler/testbenches/sram_6t_core_testbench.py::Sram6TCoreTestbench.create_testbench', 'source_class': '', 'source_module_name': 'PINV2', 'role_hint': 'EXTRACTED_FROM_GENERATED_NETLIST'}","[{'endpoint_type': 'module_pin', 'endpoint_name': 'VSS'}, {'endpoint_type': 'instance_pin', 'endpoint_name': 'Mpinv_nmos.S'}, {'endpoint_type': 'instance_pin', 'endpoint_name': 'Mpinv_nmos.B'}]"
PINV2,Z,z,3,False,internal,"{'source_file': 'sram_compiler/testbenches/sram_6t_core_testbench.py::Sram6TCoreTestbench.create_testbench', 'source_class': '', 'source_module_name': 'PINV2', 'role_hint': 'EXTRACTED_FROM_GENERATED_NETLIST'}","[{'endpoint_type': 'module_pin', 'endpoint_name': 'Z'}, {'endpoint_type': 'instance_pin', 'endpoint_name': 'Mpinv_pmos.D'}, {'endpoint_type': 'instance_pin', 'endpoint_name': 'Mpinv_nmos.D'}]"
DECODER_CASCADE,A0,a0,3,False,address,"{'source_file': 'sram_compiler/subcircuits/decoder.py', 'source_class': 'DECODER_CASCADE', 'source_module_name': 'DECODER_CASCADE', 'role_hint': 'decoder'}","[{'endpoint_type': 'module_pin', 'endpoint_name': 'A0'}, {'endpoint_type': 'instance_pin', 'endpoint_name': 'XDEC_1_0.A2'}, {'endpoint_type': 'instance_pin', 'endpoint_name': 'XDEC_1_1.A2'}]"
DECODER_CASCADE,A1,a1,3,False,address,"{'source_file': 'sram_compiler/subcircuits/decoder.py', 'source_class': 'DECODER_CASCADE', 'source_module_name': 'DECODER_CASCADE', 'role_hint': 'decoder'}","[{'endpoint_type': 'module_pin', 'endpoint_name': 'A1'}, {'endpoint_type': 'instance_pin', 'endpoint_name': 'XDEC_1_0.A1'}, {'endpoint_type': 'instance_pin', 'endpoint_name': 'XDEC_1_1.A1'}]"
DECODER_CASCADE,A2,a2,3,False,address,"{'source_file': 'sram_compiler/subcircuits/decoder.py', 'source_class': 'DECODER_CASCADE', 'source_module_name': 'DECODER_CASCADE', 'role_hint': 'decoder'}","[{'endpoint_type': 'module_pin', 'endpoint_name': 'A2'}, {'endpoint_type': 'instance_pin', 'endpoint_name': 'XDEC_1_0.A0'}, {'endpoint_type': 'instance_pin', 'endpoint_name': 'XDEC_1_1.A0'}]"
DECODER_CASCADE,A3,a3,2,False,address,"{'source_file': 'sram_compiler/subcircuits/decoder.py', 'source_class': 'DECODER_CASCADE', 'source_module_name': 'DECODER_CASCADE', 'role_hint': 'decoder'}","[{'endpoint_type': 'module_pin', 'endpoint_name': 'A3'}, {'endpoint_type': 'instance_pin', 'endpoint_name': 'XDEC_0_0.A2'}]"
DECODER_CASCADE,en_0_0_0,en_0_0_0,2,False,internal,"{'source_file': 'sram_compiler/subcircuits/decoder.py', 'source_class': 'DECODER_CASCADE', 'source_module_name': 'DECODER_CASCADE', 'role_hint': 'decoder'}","[{'endpoint_type': 'instance_pin', 'endpoint_name': 'XDEC_0_0.WL0'}, {'endpoint_type': 'instance_pin', 'endpoint_name': 'XDEC_1_0.EN'}]"
DECODER_CASCADE,en_0_0_1,en_0_0_1,2,False,internal,"{'source_file': 'sram_compiler/subcircuits/decoder.py', 'source_class': 'DECODER_CASCADE', 'source_module_name': 'DECODER_CASCADE', 'role_hint': 'decoder'}","[{'endpoint_type': 'instance_pin', 'endpoint_name': 'XDEC_0_0.WL1'}, {'endpoint_type': 'instance_pin', 'endpoint_name': 'XDEC_1_1.EN'}]"
DECODER_CASCADE,en_0_0_2,en_0_0_2,1,False,internal,"{'source_file': 'sram_compiler/subcircuits/decoder.py', 'source_class': 'DECODER_CASCADE', 'source_module_name': 'DECODER_CASCADE', 'role_hint': 'decoder'}","[{'endpoint_type': 'instance_pin', 'endpoint_name': 'XDEC_0_0.WL2'}]"
DECODER_CASCADE,en_0_0_3,en_0_0_3,1,False,internal,"{'source_file': 'sram_compiler/subcircuits/decoder.py', 'source_class': 'DECODER_CASCADE', 'source_module_name': 'DECODER_CASCADE', 'role_hint': 'decoder'}","[{'endpoint_type': 'instance_pin', 'endpoint_name': 'XDEC_0_0.WL3'}]"
DECODER_CASCADE,en_0_0_4,en_0_0_4,1,False,internal,"{'source_file': 'sram_compiler/subcircuits/decoder.py', 'source_class': 'DECODER_CASCADE', 'source_module_name': 'DECODER_CASCADE', 'role_hint': 'decoder'}","[{'endpoint_type': 'instance_pin', 'endpoint_name': 'XDEC_0_0.WL4'}]"
DECODER_CASCADE,en_0_0_5,en_0_0_5,1,False,internal,"{'source_file': 'sram_compiler/subcircuits/decoder.py', 'source_class': 'DECODER_CASCADE', 'source_module_name': 'DECODER_CASCADE', 'role_hint': 'decoder'}","[{'endpoint_type': 'instance_pin', 'endpoint_name': 'XDEC_0_0.WL5'}]"
DECODER_CASCADE,en_0_0_6,en_0_0_6,1,False,internal,"{'source_file': 'sram_compiler/subcircuits/decoder.py', 'source_class': 'DECODER_CASCADE', 'source_module_name': 'DECODER_CASCADE', 'role_hint': 'decoder'}","[{'endpoint_type': 'instance_pin', 'endpoint_name': 'XDEC_0_0.WL6'}]"
DECODER_CASCADE,en_0_0_7,en_0_0_7,1,False,internal,"{'source_file': 'sram_compiler/subcircuits/decoder.py', 'source_class': 'DECODER_CASCADE', 'source_module_name': 'DECODER_CASCADE', 'role_hint': 'decoder'}","[{'endpoint_type': 'instance_pin', 'endpoint_name': 'XDEC_0_0.WL7'}]"
DECODER_CASCADE,VDD,vdd,5,False,power,"{'source_file': 'sram_compiler/subcircuits/decoder.py', 'source_class': 'DECODER_CASCADE', 'source_module_name': 'DECODER_CASCADE', 'role_hint': 'decoder'}","[{'endpoint_type': 'module_pin', 'endpoint_name': 'VDD'}, {'endpoint_type': 'instance_pin', 'endpoint_name': 'XDEC_0_0.VDD'}, {'endpoint_type': 'instance_pin', 'endpoint_name': 'XDEC_0_0.EN'}, {'endpoint_type': 'instance_pin', 'endpoint_name': 'XDEC_1_0.VDD'}, {'endpoint_type': 'instance_pin', 'endpoint_name': 'XDEC_1_1.VDD'}]"
DECODER_CASCADE,VSS,vss,6,False,ground,"{'source_file': 'sram_compiler/subcircuits/decoder.py', 'source_class': 'DECODER_CASCADE', 'source_module_name': 'DECODER_CASCADE', 'role_hint': 'decoder'}","[{'endpoint_type': 'module_pin', 'endpoint_name': 'VSS'}, {'endpoint_type': 'instance_pin', 'endpoint_name': 'XDEC_0_0.VSS'}, {'endpoint_type': 'instance_pin', 'endpoint_name': 'XDEC_0_0.A0'}, {'endpoint_type': 'instance_pin', 'endpoint_name': 'XDEC_0_0.A1'}, {'endpoint_type': 'instance_pin', 'endpoint_name': 'XDEC_1_0.VSS'}, {'endpoint_type': 'instance_pin', 'endpoint_name': 'XDEC_1_1.VSS'}]"
DECODER_CASCADE,WL0,wl0,2,False,internal,"{'source_file': 'sram_compiler/subcircuits/decoder.py', 'source_class': 'DECODER_CASCADE', 'source_module_name': 'DECODER_CASCADE', 'role_hint': 'decoder'}","[{'endpoint_type': 'module_pin', 'endpoint_name': 'WL0'}, {'endpoint_type': 'instance_pin', 'endpoint_name': 'XDEC_1_0.WL0'}]"
DECODER_CASCADE,WL1,wl1,2,False,internal,"{'source_file': 'sram_compiler/subcircuits/decoder.py', 'source_class': 'DECODER_CASCADE', 'source_module_name': 'DECODER_CASCADE', 'role_hint': 'decoder'}","[{'endpoint_type': 'module_pin', 'endpoint_name': 'WL1'}, {'endpoint_type': 'instance_pin', 'endpoint_name': 'XDEC_1_0.WL1'}]"
DECODER_CASCADE,WL10,wl10,2,False,internal,"{'source_file': 'sram_compiler/subcircuits/decoder.py', 'source_class': 'DECODER_CASCADE', 'source_module_name': 'DECODER_CASCADE', 'role_hint': 'decoder'}","[{'endpoint_type': 'module_pin', 'endpoint_name': 'WL10'}, {'endpoint_type': 'instance_pin', 'endpoint_name': 'XDEC_1_1.WL2'}]"
DECODER_CASCADE,WL11,wl11,2,False,internal,"{'source_file': 'sram_compiler/subcircuits/decoder.py', 'source_class': 'DECODER_CASCADE', 'source_module_name': 'DECODER_CASCADE', 'role_hint': 'decoder'}","[{'endpoint_type': 'module_pin', 'endpoint_name': 'WL11'}, {'endpoint_type': 'instance_pin', 'endpoint_name': 'XDEC_1_1.WL3'}]"
DECODER_CASCADE,WL12,wl12,2,False,internal,"{'source_file': 'sram_compiler/subcircuits/decoder.py', 'source_class': 'DECODER_CASCADE', 'source_module_name': 'DECODER_CASCADE', 'role_hint': 'decoder'}","[{'endpoint_type': 'module_pin', 'endpoint_name': 'WL12'}, {'endpoint_type': 'instance_pin', 'endpoint_name': 'XDEC_1_1.WL4'}]"
DECODER_CASCADE,WL13,wl13,2,False,internal,"{'source_file': 'sram_compiler/subcircuits/decoder.py', 'source_class': 'DECODER_CASCADE', 'source_module_name': 'DECODER_CASCADE', 'role_hint': 'decoder'}","[{'endpoint_type': 'module_pin', 'endpoint_name': 'WL13'}, {'endpoint_type': 'instance_pin', 'endpoint_name': 'XDEC_1_1.WL5'}]"
DECODER_CASCADE,WL14,wl14,2,False,internal,"{'source_file': 'sram_compiler/subcircuits/decoder.py', 'source_class': 'DECODER_CASCADE', 'source_module_name': 'DECODER_CASCADE', 'role_hint': 'decoder'}","[{'endpoint_type': 'module_pin', 'endpoint_name': 'WL14'}, {'endpoint_type': 'instance_pin', 'endpoint_name': 'XDEC_1_1.WL6'}]"
DECODER_CASCADE,WL15,wl15,2,False,internal,"{'source_file': 'sram_compiler/subcircuits/decoder.py', 'source_class': 'DECODER_CASCADE', 'source_module_name': 'DECODER_CASCADE', 'role_hint': 'decoder'}","[{'endpoint_type': 'module_pin', 'endpoint_name': 'WL15'}, {'endpoint_type': 'instance_pin', 'endpoint_name': 'XDEC_1_1.WL7'}]"
DECODER_CASCADE,WL2,wl2,2,False,internal,"{'source_file': 'sram_compiler/subcircuits/decoder.py', 'source_class': 'DECODER_CASCADE', 'source_module_name': 'DECODER_CASCADE', 'role_hint': 'decoder'}","[{'endpoint_type': 'module_pin', 'endpoint_name': 'WL2'}, {'endpoint_type': 'instance_pin', 'endpoint_name': 'XDEC_1_0.WL2'}]"
DECODER_CASCADE,WL3,wl3,2,False,internal,"{'source_file': 'sram_compiler/subcircuits/decoder.py', 'source_class': 'DECODER_CASCADE', 'source_module_name': 'DECODER_CASCADE', 'role_hint': 'decoder'}","[{'endpoint_type': 'module_pin', 'endpoint_name': 'WL3'}, {'endpoint_type': 'instance_pin', 'endpoint_name': 'XDEC_1_0.WL3'}]"
DECODER_CASCADE,WL4,wl4,2,False,internal,"{'source_file': 'sram_compiler/subcircuits/decoder.py', 'source_class': 'DECODER_CASCADE', 'source_module_name': 'DECODER_CASCADE', 'role_hint': 'decoder'}","[{'endpoint_type': 'module_pin', 'endpoint_name': 'WL4'}, {'endpoint_type': 'instance_pin', 'endpoint_name': 'XDEC_1_0.WL4'}]"
DECODER_CASCADE,WL5,wl5,2,False,internal,"{'source_file': 'sram_compiler/subcircuits/decoder.py', 'source_class': 'DECODER_CASCADE', 'source_module_name': 'DECODER_CASCADE', 'role_hint': 'decoder'}","[{'endpoint_type': 'module_pin', 'endpoint_name': 'WL5'}, {'endpoint_type': 'instance_pin', 'endpoint_name': 'XDEC_1_0.WL5'}]"
DECODER_CASCADE,WL6,wl6,2,False,internal,"{'source_file': 'sram_compiler/subcircuits/decoder.py', 'source_class': 'DECODER_CASCADE', 'source_module_name': 'DECODER_CASCADE', 'role_hint': 'decoder'}","[{'endpoint_type': 'module_pin', 'endpoint_name': 'WL6'}, {'endpoint_type': 'instance_pin', 'endpoint_name': 'XDEC_1_0.WL6'}]"
DECODER_CASCADE,WL7,wl7,2,False,internal,"{'source_file': 'sram_compiler/subcircuits/decoder.py', 'source_class': 'DECODER_CASCADE', 'source_module_name': 'DECODER_CASCADE', 'role_hint': 'decoder'}","[{'endpoint_type': 'module_pin', 'endpoint_name': 'WL7'}, {'endpoint_type': 'instance_pin', 'endpoint_name': 'XDEC_1_0.WL7'}]"
DECODER_CASCADE,WL8,wl8,2,False,internal,"{'source_file': 'sram_compiler/subcircuits/decoder.py', 'source_class': 'DECODER_CASCADE', 'source_module_name': 'DECODER_CASCADE', 'role_hint': 'decoder'}","[{'endpoint_type': 'module_pin', 'endpoint_name': 'WL8'}, {'endpoint_type': 'instance_pin', 'endpoint_name': 'XDEC_1_1.WL0'}]"
DECODER_CASCADE,WL9,wl9,2,False,internal,"{'source_file': 'sram_compiler/subcircuits/decoder.py', 'source_class': 'DECODER_CASCADE', 'source_module_name': 'DECODER_CASCADE', 'role_hint': 'decoder'}","[{'endpoint_type': 'module_pin', 'endpoint_name': 'WL9'}, {'endpoint_type': 'instance_pin', 'endpoint_name': 'XDEC_1_1.WL1'}]"
DECODER3_8,A0,a0,6,False,address,"{'source_file': 'sram_compiler/subcircuits/decoder.py', 'source_class': 'DECODER3_8', 'source_module_name': 'DECODER3_8', 'role_hint': 'decoder'}","[{'endpoint_type': 'module_pin', 'endpoint_name': 'A0'}, {'endpoint_type': 'instance_pin', 'endpoint_name': 'XINV_A1.A'}, {'endpoint_type': 'instance_pin', 'endpoint_name': 'XAND4.A'}, {'endpoint_type': 'instance_pin', 'endpoint_name': 'XAND5.A'}, {'endpoint_type': 'instance_pin', 'endpoint_name': 'XAND6.A'}, {'endpoint_type': 'instance_pin', 'endpoint_name': 'XAND7.A'}]"
DECODER3_8,a0b,a0b,5,False,internal,"{'source_file': 'sram_compiler/subcircuits/decoder.py', 'source_class': 'DECODER3_8', 'source_module_name': 'DECODER3_8', 'role_hint': 'decoder'}","[{'endpoint_type': 'instance_pin', 'endpoint_name': 'XINV_A1.Z'}, {'endpoint_type': 'instance_pin', 'endpoint_name': 'XAND0.A'}, {'endpoint_type': 'instance_pin', 'endpoint_name': 'XAND1.A'}, {'endpoint_type': 'instance_pin', 'endpoint_name': 'XAND2.A'}, {'endpoint_type': 'instance_pin', 'endpoint_name': 'XAND3.A'}]"
DECODER3_8,A1,a1,6,False,address,"{'source_file': 'sram_compiler/subcircuits/decoder.py', 'source_class': 'DECODER3_8', 'source_module_name': 'DECODER3_8', 'role_hint': 'decoder'}","[{'endpoint_type': 'module_pin', 'endpoint_name': 'A1'}, {'endpoint_type': 'instance_pin', 'endpoint_name': 'XINV_A2.A'}, {'endpoint_type': 'instance_pin', 'endpoint_name': 'XAND2.B'}, {'endpoint_type': 'instance_pin', 'endpoint_name': 'XAND3.B'}, {'endpoint_type': 'instance_pin', 'endpoint_name': 'XAND6.B'}, {'endpoint_type': 'instance_pin', 'endpoint_name': 'XAND7.B'}]"
DECODER3_8,a1b,a1b,5,False,internal,"{'source_file': 'sram_compiler/subcircuits/decoder.py', 'source_class': 'DECODER3_8', 'source_module_name': 'DECODER3_8', 'role_hint': 'decoder'}","[{'endpoint_type': 'instance_pin', 'endpoint_name': 'XINV_A2.Z'}, {'endpoint_type': 'instance_pin', 'endpoint_name': 'XAND0.B'}, {'endpoint_type': 'instance_pin', 'endpoint_name': 'XAND1.B'}, {'endpoint_type': 'instance_pin', 'endpoint_name': 'XAND4.B'}, {'endpoint_type': 'instance_pin', 'endpoint_name': 'XAND5.B'}]"
DECODER3_8,A2,a2,6,False,address,"{'source_file': 'sram_compiler/subcircuits/decoder.py', 'source_class': 'DECODER3_8', 'source_module_name': 'DECODER3_8', 'role_hint': 'decoder'}","[{'endpoint_type': 'module_pin', 'endpoint_name': 'A2'}, {'endpoint_type': 'instance_pin', 'endpoint_name': 'XINV_A3.A'}, {'endpoint_type': 'instance_pin', 'endpoint_name': 'XAND1.C'}, {'endpoint_type': 'instance_pin', 'endpoint_name': 'XAND3.C'}, {'endpoint_type': 'instance_pin', 'endpoint_name': 'XAND5.C'}, {'endpoint_type': 'instance_pin', 'endpoint_name': 'XAND7.C'}]"
DECODER3_8,a2b,a2b,5,False,internal,"{'source_file': 'sram_compiler/subcircuits/decoder.py', 'source_class': 'DECODER3_8', 'source_module_name': 'DECODER3_8', 'role_hint': 'decoder'}","[{'endpoint_type': 'instance_pin', 'endpoint_name': 'XINV_A3.Z'}, {'endpoint_type': 'instance_pin', 'endpoint_name': 'XAND0.C'}, {'endpoint_type': 'instance_pin', 'endpoint_name': 'XAND2.C'}, {'endpoint_type': 'instance_pin', 'endpoint_name': 'XAND4.C'}, {'endpoint_type': 'instance_pin', 'endpoint_name': 'XAND6.C'}]"
DECODER3_8,EN,en,9,False,internal,"{'source_file': 'sram_compiler/subcircuits/decoder.py', 'source_class': 'DECODER3_8', 'source_module_name': 'DECODER3_8', 'role_hint': 'decoder'}","[{'endpoint_type': 'module_pin', 'endpoint_name': 'EN'}, {'endpoint_type': 'instance_pin', 'endpoint_name': 'XAND_EN0.B'}, {'endpoint_type': 'instance_pin', 'endpoint_name': 'XAND_EN1.B'}, {'endpoint_type': 'instance_pin', 'endpoint_name': 'XAND_EN2.B'}, {'endpoint_type': 'instance_pin', 'endpoint_name': 'XAND_EN3.B'}, {'endpoint_type': 'instance_pin', 'endpoint_name': 'XAND_EN4.B'}, {'endpoint_type': 'instance_pin', 'endpoint_name': 'XAND_EN5.B'}, {'endpoint_type': 'instance_pin', 'endpoint_name': 'XAND_EN6.B'}, {'endpoint_type': 'instance_pin', 'endpoint_name': 'XAND_EN7.B'}]"
DECODER3_8,VDD,vdd,20,False,power,"{'source_file': 'sram_compiler/subcircuits/decoder.py', 'source_class': 'DECODER3_8', 'source_module_name': 'DECODER3_8', 'role_hint': 'decoder'}","[{'endpoint_type': 'module_pin', 'endpoint_name': 'VDD'}, {'endpoint_type': 'instance_pin', 'endpoint_name': 'XINV_A1.VDD'}, {'endpoint_type': 'instance_pin', 'endpoint_name': 'XINV_A2.VDD'}, {'endpoint_type': 'instance_pin', 'endpoint_name': 'XINV_A3.VDD'}, {'endpoint_type': 'instance_pin', 'endpoint_name': 'XAND0.VDD'}, {'endpoint_type': 'instance_pin', 'endpoint_name': 'XAND_EN0.VDD'}, {'endpoint_type': 'instance_pin', 'endpoint_name': 'XAND1.VDD'}, {'endpoint_type': 'instance_pin', 'endpoint_name': 'XAND_EN1.VDD'}, {'endpoint_type': 'instance_pin', 'endpoint_name': 'XAND2.VDD'}, {'endpoint_type': 'instance_pin', 'endpoint_name': 'XAND_EN2.VDD'}, {'endpoint_type': 'instance_pin', 'endpoint_name': 'XAND3.VDD'}, {'endpoint_type': 'instance_pin', 'endpoint_name': 'XAND_EN3.VDD'}, {'endpoint_type': 'instance_pin', 'endpoint_name': 'XAND4.VDD'}, {'endpoint_type': 'instance_pin', 'endpoint_name': 'XAND_EN4.VDD'}, {'endpoint_type': 'instance_pin', 'endpoint_name': 'XAND5.VDD'}, {'endpoint_type': 'instance_pin', 'endpoint_name': 'XAND_EN5.VDD'}, {'endpoint_type': 'instance_pin', 'endpoint_name': 'XAND6.VDD'}, {'endpoint_type': 'instance_pin', 'endpoint_name': 'XAND_EN6.VDD'}, {'endpoint_type': 'instance_pin', 'endpoint_name': 'XAND7.VDD'}, {'endpoint_type': 'instance_pin', 'endpoint_name': 'XAND_EN7.VDD'}]"
DECODER3_8,VSS,vss,20,False,ground,"{'source_file': 'sram_compiler/subcircuits/decoder.py', 'source_class': 'DECODER3_8', 'source_module_name': 'DECODER3_8', 'role_hint': 'decoder'}","[{'endpoint_type': 'module_pin', 'endpoint_name': 'VSS'}, {'endpoint_type': 'instance_pin', 'endpoint_name': 'XINV_A1.VSS'}, {'endpoint_type': 'instance_pin', 'endpoint_name': 'XINV_A2.VSS'}, {'endpoint_type': 'instance_pin', 'endpoint_name': 'XINV_A3.VSS'}, {'endpoint_type': 'instance_pin', 'endpoint_name': 'XAND0.VSS'}, {'endpoint_type': 'instance_pin', 'endpoint_name': 'XAND_EN0.VSS'}, {'endpoint_type': 'instance_pin', 'endpoint_name': 'XAND1.VSS'}, {'endpoint_type': 'instance_pin', 'endpoint_name': 'XAND_EN1.VSS'}, {'endpoint_type': 'instance_pin', 'endpoint_name': 'XAND2.VSS'}, {'endpoint_type': 'instance_pin', 'endpoint_name': 'XAND_EN2.VSS'}, {'endpoint_type': 'instance_pin', 'endpoint_name': 'XAND3.VSS'}, {'endpoint_type': 'instance_pin', 'endpoint_name': 'XAND_EN3.VSS'}, {'endpoint_type': 'instance_pin', 'endpoint_name': 'XAND4.VSS'}, {'endpoint_type': 'instance_pin', 'endpoint_name': 'XAND_EN4.VSS'}, {'endpoint_type': 'instance_pin', 'endpoint_name': 'XAND5.VSS'}, {'endpoint_type': 'instance_pin', 'endpoint_name': 'XAND_EN5.VSS'}, {'endpoint_type': 'instance_pin', 'endpoint_name': 'XAND6.VSS'}, {'endpoint_type': 'instance_pin', 'endpoint_name': 'XAND_EN6.VSS'}, {'endpoint_type': 'instance_pin', 'endpoint_name': 'XAND7.VSS'}, {'endpoint_type': 'instance_pin', 'endpoint_name': 'XAND_EN7.VSS'}]"
DECODER3_8,WL0,wl0,2,False,internal,"{'source_file': 'sram_compiler/subcircuits/decoder.py', 'source_class': 'DECODER3_8', 'source_module_name': 'DECODER3_8', 'role_hint': 'decoder'}","[{'endpoint_type': 'module_pin', 'endpoint_name': 'WL0'}, {'endpoint_type': 'instance_pin', 'endpoint_name': 'XAND_EN0.Z'}]"
DECODER3_8,wl0_pre,wl0_pre,2,False,internal,"{'source_file': 'sram_compiler/subcircuits/decoder.py', 'source_class': 'DECODER3_8', 'source_module_name': 'DECODER3_8', 'role_hint': 'decoder'}","[{'endpoint_type': 'instance_pin', 'endpoint_name': 'XAND0.Z'}, {'endpoint_type': 'instance_pin', 'endpoint_name': 'XAND_EN0.A'}]"
DECODER3_8,WL1,wl1,2,False,internal,"{'source_file': 'sram_compiler/subcircuits/decoder.py', 'source_class': 'DECODER3_8', 'source_module_name': 'DECODER3_8', 'role_hint': 'decoder'}","[{'endpoint_type': 'module_pin', 'endpoint_name': 'WL1'}, {'endpoint_type': 'instance_pin', 'endpoint_name': 'XAND_EN1.Z'}]"
DECODER3_8,wl1_pre,wl1_pre,2,False,internal,"{'source_file': 'sram_compiler/subcircuits/decoder.py', 'source_class': 'DECODER3_8', 'source_module_name': 'DECODER3_8', 'role_hint': 'decoder'}","[{'endpoint_type': 'instance_pin', 'endpoint_name': 'XAND1.Z'}, {'endpoint_type': 'instance_pin', 'endpoint_name': 'XAND_EN1.A'}]"
DECODER3_8,WL2,wl2,2,False,internal,"{'source_file': 'sram_compiler/subcircuits/decoder.py', 'source_class': 'DECODER3_8', 'source_module_name': 'DECODER3_8', 'role_hint': 'decoder'}","[{'endpoint_type': 'module_pin', 'endpoint_name': 'WL2'}, {'endpoint_type': 'instance_pin', 'endpoint_name': 'XAND_EN2.Z'}]"
DECODER3_8,wl2_pre,wl2_pre,2,False,internal,"{'source_file': 'sram_compiler/subcircuits/decoder.py', 'source_class': 'DECODER3_8', 'source_module_name': 'DECODER3_8', 'role_hint': 'decoder'}","[{'endpoint_type': 'instance_pin', 'endpoint_name': 'XAND2.Z'}, {'endpoint_type': 'instance_pin', 'endpoint_name': 'XAND_EN2.A'}]"
DECODER3_8,WL3,wl3,2,False,internal,"{'source_file': 'sram_compiler/subcircuits/decoder.py', 'source_class': 'DECODER3_8', 'source_module_name': 'DECODER3_8', 'role_hint': 'decoder'}","[{'endpoint_type': 'module_pin', 'endpoint_name': 'WL3'}, {'endpoint_type': 'instance_pin', 'endpoint_name': 'XAND_EN3.Z'}]"
DECODER3_8,wl3_pre,wl3_pre,2,False,internal,"{'source_file': 'sram_compiler/subcircuits/decoder.py', 'source_class': 'DECODER3_8', 'source_module_name': 'DECODER3_8', 'role_hint': 'decoder'}","[{'endpoint_type': 'instance_pin', 'endpoint_name': 'XAND3.Z'}, {'endpoint_type': 'instance_pin', 'endpoint_name': 'XAND_EN3.A'}]"
DECODER3_8,WL4,wl4,2,False,internal,"{'source_file': 'sram_compiler/subcircuits/decoder.py', 'source_class': 'DECODER3_8', 'source_module_name': 'DECODER3_8', 'role_hint': 'decoder'}","[{'endpoint_type': 'module_pin', 'endpoint_name': 'WL4'}, {'endpoint_type': 'instance_pin', 'endpoint_name': 'XAND_EN4.Z'}]"
DECODER3_8,wl4_pre,wl4_pre,2,False,internal,"{'source_file': 'sram_compiler/subcircuits/decoder.py', 'source_class': 'DECODER3_8', 'source_module_name': 'DECODER3_8', 'role_hint': 'decoder'}","[{'endpoint_type': 'instance_pin', 'endpoint_name': 'XAND4.Z'}, {'endpoint_type': 'instance_pin', 'endpoint_name': 'XAND_EN4.A'}]"
DECODER3_8,WL5,wl5,2,False,internal,"{'source_file': 'sram_compiler/subcircuits/decoder.py', 'source_class': 'DECODER3_8', 'source_module_name': 'DECODER3_8', 'role_hint': 'decoder'}","[{'endpoint_type': 'module_pin', 'endpoint_name': 'WL5'}, {'endpoint_type': 'instance_pin', 'endpoint_name': 'XAND_EN5.Z'}]"
DECODER3_8,wl5_pre,wl5_pre,2,False,internal,"{'source_file': 'sram_compiler/subcircuits/decoder.py', 'source_class': 'DECODER3_8', 'source_module_name': 'DECODER3_8', 'role_hint': 'decoder'}","[{'endpoint_type': 'instance_pin', 'endpoint_name': 'XAND5.Z'}, {'endpoint_type': 'instance_pin', 'endpoint_name': 'XAND_EN5.A'}]"
DECODER3_8,WL6,wl6,2,False,internal,"{'source_file': 'sram_compiler/subcircuits/decoder.py', 'source_class': 'DECODER3_8', 'source_module_name': 'DECODER3_8', 'role_hint': 'decoder'}","[{'endpoint_type': 'module_pin', 'endpoint_name': 'WL6'}, {'endpoint_type': 'instance_pin', 'endpoint_name': 'XAND_EN6.Z'}]"
DECODER3_8,wl6_pre,wl6_pre,2,False,internal,"{'source_file': 'sram_compiler/subcircuits/decoder.py', 'source_class': 'DECODER3_8', 'source_module_name': 'DECODER3_8', 'role_hint': 'decoder'}","[{'endpoint_type': 'instance_pin', 'endpoint_name': 'XAND6.Z'}, {'endpoint_type': 'instance_pin', 'endpoint_name': 'XAND_EN6.A'}]"
DECODER3_8,WL7,wl7,2,False,internal,"{'source_file': 'sram_compiler/subcircuits/decoder.py', 'source_class': 'DECODER3_8', 'source_module_name': 'DECODER3_8', 'role_hint': 'decoder'}","[{'endpoint_type': 'module_pin', 'endpoint_name': 'WL7'}, {'endpoint_type': 'instance_pin', 'endpoint_name': 'XAND_EN7.Z'}]"
DECODER3_8,wl7_pre,wl7_pre,2,False,internal,"{'source_file': 'sram_compiler/subcircuits/decoder.py', 'source_class': 'DECODER3_8', 'source_module_name': 'DECODER3_8', 'role_hint': 'decoder'}","[{'endpoint_type': 'instance_pin', 'endpoint_name': 'XAND7.Z'}, {'endpoint_type': 'instance_pin', 'endpoint_name': 'XAND_EN7.A'}]"
PINV,A,a,3,False,internal,"{'source_file': 'sram_compiler/testbenches/sram_6t_core_testbench.py::Sram6TCoreTestbench.create_testbench', 'source_class': '', 'source_module_name': 'PINV', 'role_hint': 'EXTRACTED_FROM_GENERATED_NETLIST'}","[{'endpoint_type': 'module_pin', 'endpoint_name': 'A'}, {'endpoint_type': 'instance_pin', 'endpoint_name': 'Mpinv_pmos.G'}, {'endpoint_type': 'instance_pin', 'endpoint_name': 'Mpinv_nmos.G'}]"
PINV,VDD,vdd,3,False,power,"{'source_file': 'sram_compiler/testbenches/sram_6t_core_testbench.py::Sram6TCoreTestbench.create_testbench', 'source_class': '', 'source_module_name': 'PINV', 'role_hint': 'EXTRACTED_FROM_GENERATED_NETLIST'}","[{'endpoint_type': 'module_pin', 'endpoint_name': 'VDD'}, {'endpoint_type': 'instance_pin', 'endpoint_name': 'Mpinv_pmos.S'}, {'endpoint_type': 'instance_pin', 'endpoint_name': 'Mpinv_pmos.B'}]"
PINV,VSS,vss,3,False,ground,"{'source_file': 'sram_compiler/testbenches/sram_6t_core_testbench.py::Sram6TCoreTestbench.create_testbench', 'source_class': '', 'source_module_name': 'PINV', 'role_hint': 'EXTRACTED_FROM_GENERATED_NETLIST'}","[{'endpoint_type': 'module_pin', 'endpoint_name': 'VSS'}, {'endpoint_type': 'instance_pin', 'endpoint_name': 'Mpinv_nmos.S'}, {'endpoint_type': 'instance_pin', 'endpoint_name': 'Mpinv_nmos.B'}]"
PINV,Z,z,3,False,internal,"{'source_file': 'sram_compiler/testbenches/sram_6t_core_testbench.py::Sram6TCoreTestbench.create_testbench', 'source_class': '', 'source_module_name': 'PINV', 'role_hint': 'EXTRACTED_FROM_GENERATED_NETLIST'}","[{'endpoint_type': 'module_pin', 'endpoint_name': 'Z'}, {'endpoint_type': 'instance_pin', 'endpoint_name': 'Mpinv_pmos.D'}, {'endpoint_type': 'instance_pin', 'endpoint_name': 'Mpinv_nmos.D'}]"
AND3,A,a,2,False,internal,"{'source_file': 'sram_compiler/subcircuits/standard_cell.py', 'source_class': 'AND3', 'source_module_name': 'AND3', 'role_hint': 'support_cell'}","[{'endpoint_type': 'module_pin', 'endpoint_name': 'A'}, {'endpoint_type': 'instance_pin', 'endpoint_name': 'XPNAND3.A'}]"
AND3,B,b,2,False,internal,"{'source_file': 'sram_compiler/subcircuits/standard_cell.py', 'source_class': 'AND3', 'source_module_name': 'AND3', 'role_hint': 'support_cell'}","[{'endpoint_type': 'module_pin', 'endpoint_name': 'B'}, {'endpoint_type': 'instance_pin', 'endpoint_name': 'XPNAND3.B'}]"
AND3,C,c,2,False,internal,"{'source_file': 'sram_compiler/subcircuits/standard_cell.py', 'source_class': 'AND3', 'source_module_name': 'AND3', 'role_hint': 'support_cell'}","[{'endpoint_type': 'module_pin', 'endpoint_name': 'C'}, {'endpoint_type': 'instance_pin', 'endpoint_name': 'XPNAND3.C'}]"
AND3,VDD,vdd,3,False,power,"{'source_file': 'sram_compiler/subcircuits/standard_cell.py', 'source_class': 'AND3', 'source_module_name': 'AND3', 'role_hint': 'support_cell'}","[{'endpoint_type': 'module_pin', 'endpoint_name': 'VDD'}, {'endpoint_type': 'instance_pin', 'endpoint_name': 'XPNAND3.VDD'}, {'endpoint_type': 'instance_pin', 'endpoint_name': 'XPINV.VDD'}]"
AND3,VSS,vss,3,False,ground,"{'source_file': 'sram_compiler/subcircuits/standard_cell.py', 'source_class': 'AND3', 'source_module_name': 'AND3', 'role_hint': 'support_cell'}","[{'endpoint_type': 'module_pin', 'endpoint_name': 'VSS'}, {'endpoint_type': 'instance_pin', 'endpoint_name': 'XPNAND3.VSS'}, {'endpoint_type': 'instance_pin', 'endpoint_name': 'XPINV.VSS'}]"
AND3,Z,z,2,False,internal,"{'source_file': 'sram_compiler/subcircuits/standard_cell.py', 'source_class': 'AND3', 'source_module_name': 'AND3', 'role_hint': 'support_cell'}","[{'endpoint_type': 'module_pin', 'endpoint_name': 'Z'}, {'endpoint_type': 'instance_pin', 'endpoint_name': 'XPINV.Z'}]"
AND3,zb_int,zb_int,2,False,internal,"{'source_file': 'sram_compiler/subcircuits/standard_cell.py', 'source_class': 'AND3', 'source_module_name': 'AND3', 'role_hint': 'support_cell'}","[{'endpoint_type': 'instance_pin', 'endpoint_name': 'XPNAND3.Z'}, {'endpoint_type': 'instance_pin', 'endpoint_name': 'XPINV.A'}]"
PNAND3,A,a,3,False,internal,"{'source_file': 'sram_compiler/subcircuits/standard_cell.py', 'source_class': 'PNAND3', 'source_module_name': 'PNAND3', 'role_hint': 'support_cell'}","[{'endpoint_type': 'module_pin', 'endpoint_name': 'A'}, {'endpoint_type': 'instance_pin', 'endpoint_name': 'Mpnand3_pmos1.G'}, {'endpoint_type': 'instance_pin', 'endpoint_name': 'Mpnand3_nmos1.G'}]"
PNAND3,B,b,3,False,internal,"{'source_file': 'sram_compiler/subcircuits/standard_cell.py', 'source_class': 'PNAND3', 'source_module_name': 'PNAND3', 'role_hint': 'support_cell'}","[{'endpoint_type': 'module_pin', 'endpoint_name': 'B'}, {'endpoint_type': 'instance_pin', 'endpoint_name': 'Mpnand3_pmos2.G'}, {'endpoint_type': 'instance_pin', 'endpoint_name': 'Mpnand3_nmos2.G'}]"
PNAND3,C,c,3,False,internal,"{'source_file': 'sram_compiler/subcircuits/standard_cell.py', 'source_class': 'PNAND3', 'source_module_name': 'PNAND3', 'role_hint': 'support_cell'}","[{'endpoint_type': 'module_pin', 'endpoint_name': 'C'}, {'endpoint_type': 'instance_pin', 'endpoint_name': 'Mpnand3_pmos3.G'}, {'endpoint_type': 'instance_pin', 'endpoint_name': 'Mpnand3_nmos3.G'}]"
PNAND3,net1,net1,2,False,internal,"{'source_file': 'sram_compiler/subcircuits/standard_cell.py', 'source_class': 'PNAND3', 'source_module_name': 'PNAND3', 'role_hint': 'support_cell'}","[{'endpoint_type': 'instance_pin', 'endpoint_name': 'Mpnand3_nmos1.S'}, {'endpoint_type': 'instance_pin', 'endpoint_name': 'Mpnand3_nmos2.D'}]"
PNAND3,net2,net2,2,False,internal,"{'source_file': 'sram_compiler/subcircuits/standard_cell.py', 'source_class': 'PNAND3', 'source_module_name': 'PNAND3', 'role_hint': 'support_cell'}","[{'endpoint_type': 'instance_pin', 'endpoint_name': 'Mpnand3_nmos2.S'}, {'endpoint_type': 'instance_pin', 'endpoint_name': 'Mpnand3_nmos3.D'}]"
PNAND3,VDD,vdd,7,False,power,"{'source_file': 'sram_compiler/subcircuits/standard_cell.py', 'source_class': 'PNAND3', 'source_module_name': 'PNAND3', 'role_hint': 'support_cell'}","[{'endpoint_type': 'module_pin', 'endpoint_name': 'VDD'}, {'endpoint_type': 'instance_pin', 'endpoint_name': 'Mpnand3_pmos1.S'}, {'endpoint_type': 'instance_pin', 'endpoint_name': 'Mpnand3_pmos1.B'}, {'endpoint_type': 'instance_pin', 'endpoint_name': 'Mpnand3_pmos2.S'}, {'endpoint_type': 'instance_pin', 'endpoint_name': 'Mpnand3_pmos2.B'}, {'endpoint_type': 'instance_pin', 'endpoint_name': 'Mpnand3_pmos3.S'}, {'endpoint_type': 'instance_pin', 'endpoint_name': 'Mpnand3_pmos3.B'}]"
PNAND3,VSS,vss,5,False,ground,"{'source_file': 'sram_compiler/subcircuits/standard_cell.py', 'source_class': 'PNAND3', 'source_module_name': 'PNAND3', 'role_hint': 'support_cell'}","[{'endpoint_type': 'module_pin', 'endpoint_name': 'VSS'}, {'endpoint_type': 'instance_pin', 'endpoint_name': 'Mpnand3_nmos1.B'}, {'endpoint_type': 'instance_pin', 'endpoint_name': 'Mpnand3_nmos2.B'}, {'endpoint_type': 'instance_pin', 'endpoint_name': 'Mpnand3_nmos3.S'}, {'endpoint_type': 'instance_pin', 'endpoint_name': 'Mpnand3_nmos3.B'}]"
PNAND3,Z,z,5,False,internal,"{'source_file': 'sram_compiler/subcircuits/standard_cell.py', 'source_class': 'PNAND3', 'source_module_name': 'PNAND3', 'role_hint': 'support_cell'}","[{'endpoint_type': 'module_pin', 'endpoint_name': 'Z'}, {'endpoint_type': 'instance_pin', 'endpoint_name': 'Mpnand3_pmos1.D'}, {'endpoint_type': 'instance_pin', 'endpoint_name': 'Mpnand3_pmos2.D'}, {'endpoint_type': 'instance_pin', 'endpoint_name': 'Mpnand3_pmos3.D'}, {'endpoint_type': 'instance_pin', 'endpoint_name': 'Mpnand3_nmos1.D'}]"
PINV,A,a,3,False,internal,"{'source_file': 'sram_compiler/testbenches/sram_6t_core_testbench.py::Sram6TCoreTestbench.create_testbench', 'source_class': '', 'source_module_name': 'PINV', 'role_hint': 'EXTRACTED_FROM_GENERATED_NETLIST'}","[{'endpoint_type': 'module_pin', 'endpoint_name': 'A'}, {'endpoint_type': 'instance_pin', 'endpoint_name': 'Mpinv_pmos.G'}, {'endpoint_type': 'instance_pin', 'endpoint_name': 'Mpinv_nmos.G'}]"
PINV,VDD,vdd,3,False,power,"{'source_file': 'sram_compiler/testbenches/sram_6t_core_testbench.py::Sram6TCoreTestbench.create_testbench', 'source_class': '', 'source_module_name': 'PINV', 'role_hint': 'EXTRACTED_FROM_GENERATED_NETLIST'}","[{'endpoint_type': 'module_pin', 'endpoint_name': 'VDD'}, {'endpoint_type': 'instance_pin', 'endpoint_name': 'Mpinv_pmos.S'}, {'endpoint_type': 'instance_pin', 'endpoint_name': 'Mpinv_pmos.B'}]"
PINV,VSS,vss,3,False,ground,"{'source_file': 'sram_compiler/testbenches/sram_6t_core_testbench.py::Sram6TCoreTestbench.create_testbench', 'source_class': '', 'source_module_name': 'PINV', 'role_hint': 'EXTRACTED_FROM_GENERATED_NETLIST'}","[{'endpoint_type': 'module_pin', 'endpoint_name': 'VSS'}, {'endpoint_type': 'instance_pin', 'endpoint_name': 'Mpinv_nmos.S'}, {'endpoint_type': 'instance_pin', 'endpoint_name': 'Mpinv_nmos.B'}]"
PINV,Z,z,3,False,internal,"{'source_file': 'sram_compiler/testbenches/sram_6t_core_testbench.py::Sram6TCoreTestbench.create_testbench', 'source_class': '', 'source_module_name': 'PINV', 'role_hint': 'EXTRACTED_FROM_GENERATED_NETLIST'}","[{'endpoint_type': 'module_pin', 'endpoint_name': 'Z'}, {'endpoint_type': 'instance_pin', 'endpoint_name': 'Mpinv_pmos.D'}, {'endpoint_type': 'instance_pin', 'endpoint_name': 'Mpinv_nmos.D'}]"
AND2,A,a,2,False,internal,"{'source_file': 'sram_compiler/subcircuits/standard_cell.py', 'source_class': 'AND2', 'source_module_name': 'AND2', 'role_hint': 'support_cell'}","[{'endpoint_type': 'module_pin', 'endpoint_name': 'A'}, {'endpoint_type': 'instance_pin', 'endpoint_name': 'XPNAND3.A'}]"
AND2,B,b,2,False,internal,"{'source_file': 'sram_compiler/subcircuits/standard_cell.py', 'source_class': 'AND2', 'source_module_name': 'AND2', 'role_hint': 'support_cell'}","[{'endpoint_type': 'module_pin', 'endpoint_name': 'B'}, {'endpoint_type': 'instance_pin', 'endpoint_name': 'XPNAND3.B'}]"
AND2,VDD,vdd,3,False,power,"{'source_file': 'sram_compiler/subcircuits/standard_cell.py', 'source_class': 'AND2', 'source_module_name': 'AND2', 'role_hint': 'support_cell'}","[{'endpoint_type': 'module_pin', 'endpoint_name': 'VDD'}, {'endpoint_type': 'instance_pin', 'endpoint_name': 'XPNAND3.VDD'}, {'endpoint_type': 'instance_pin', 'endpoint_name': 'XPINV.VDD'}]"
AND2,VSS,vss,3,False,ground,"{'source_file': 'sram_compiler/subcircuits/standard_cell.py', 'source_class': 'AND2', 'source_module_name': 'AND2', 'role_hint': 'support_cell'}","[{'endpoint_type': 'module_pin', 'endpoint_name': 'VSS'}, {'endpoint_type': 'instance_pin', 'endpoint_name': 'XPNAND3.VSS'}, {'endpoint_type': 'instance_pin', 'endpoint_name': 'XPINV.VSS'}]"
AND2,Z,z,2,False,internal,"{'source_file': 'sram_compiler/subcircuits/standard_cell.py', 'source_class': 'AND2', 'source_module_name': 'AND2', 'role_hint': 'support_cell'}","[{'endpoint_type': 'module_pin', 'endpoint_name': 'Z'}, {'endpoint_type': 'instance_pin', 'endpoint_name': 'XPINV.Z'}]"
AND2,zb_int,zb_int,2,False,internal,"{'source_file': 'sram_compiler/subcircuits/standard_cell.py', 'source_class': 'AND2', 'source_module_name': 'AND2', 'role_hint': 'support_cell'}","[{'endpoint_type': 'instance_pin', 'endpoint_name': 'XPNAND3.Z'}, {'endpoint_type': 'instance_pin', 'endpoint_name': 'XPINV.A'}]"
PNAND2,A,a,3,False,internal,"{'source_file': 'sram_compiler/subcircuits/standard_cell.py', 'source_class': 'PNAND2', 'source_module_name': 'PNAND2', 'role_hint': 'support_cell'}","[{'endpoint_type': 'module_pin', 'endpoint_name': 'A'}, {'endpoint_type': 'instance_pin', 'endpoint_name': 'Mpnand2_pmos1.G'}, {'endpoint_type': 'instance_pin', 'endpoint_name': 'Mpnand2_nmos2.G'}]"
PNAND2,B,b,3,False,internal,"{'source_file': 'sram_compiler/subcircuits/standard_cell.py', 'source_class': 'PNAND2', 'source_module_name': 'PNAND2', 'role_hint': 'support_cell'}","[{'endpoint_type': 'module_pin', 'endpoint_name': 'B'}, {'endpoint_type': 'instance_pin', 'endpoint_name': 'Mpnand2_pmos2.G'}, {'endpoint_type': 'instance_pin', 'endpoint_name': 'Mpnand2_nmos1.G'}]"
PNAND2,net1,net1,2,False,internal,"{'source_file': 'sram_compiler/subcircuits/standard_cell.py', 'source_class': 'PNAND2', 'source_module_name': 'PNAND2', 'role_hint': 'support_cell'}","[{'endpoint_type': 'instance_pin', 'endpoint_name': 'Mpnand2_nmos1.S'}, {'endpoint_type': 'instance_pin', 'endpoint_name': 'Mpnand2_nmos2.D'}]"
PNAND2,VDD,vdd,5,False,power,"{'source_file': 'sram_compiler/subcircuits/standard_cell.py', 'source_class': 'PNAND2', 'source_module_name': 'PNAND2', 'role_hint': 'support_cell'}","[{'endpoint_type': 'module_pin', 'endpoint_name': 'VDD'}, {'endpoint_type': 'instance_pin', 'endpoint_name': 'Mpnand2_pmos1.S'}, {'endpoint_type': 'instance_pin', 'endpoint_name': 'Mpnand2_pmos1.B'}, {'endpoint_type': 'instance_pin', 'endpoint_name': 'Mpnand2_pmos2.S'}, {'endpoint_type': 'instance_pin', 'endpoint_name': 'Mpnand2_pmos2.B'}]"
PNAND2,VSS,vss,4,False,ground,"{'source_file': 'sram_compiler/subcircuits/standard_cell.py', 'source_class': 'PNAND2', 'source_module_name': 'PNAND2', 'role_hint': 'support_cell'}","[{'endpoint_type': 'module_pin', 'endpoint_name': 'VSS'}, {'endpoint_type': 'instance_pin', 'endpoint_name': 'Mpnand2_nmos1.B'}, {'endpoint_type': 'instance_pin', 'endpoint_name': 'Mpnand2_nmos2.S'}, {'endpoint_type': 'instance_pin', 'endpoint_name': 'Mpnand2_nmos2.B'}]"
PNAND2,Z,z,4,False,internal,"{'source_file': 'sram_compiler/subcircuits/standard_cell.py', 'source_class': 'PNAND2', 'source_module_name': 'PNAND2', 'role_hint': 'support_cell'}","[{'endpoint_type': 'module_pin', 'endpoint_name': 'Z'}, {'endpoint_type': 'instance_pin', 'endpoint_name': 'Mpnand2_pmos1.D'}, {'endpoint_type': 'instance_pin', 'endpoint_name': 'Mpnand2_pmos2.D'}, {'endpoint_type': 'instance_pin', 'endpoint_name': 'Mpnand2_nmos1.D'}]"
PINV,A,a,3,False,internal,"{'source_file': 'sram_compiler/testbenches/sram_6t_core_testbench.py::Sram6TCoreTestbench.create_testbench', 'source_class': '', 'source_module_name': 'PINV', 'role_hint': 'EXTRACTED_FROM_GENERATED_NETLIST'}","[{'endpoint_type': 'module_pin', 'endpoint_name': 'A'}, {'endpoint_type': 'instance_pin', 'endpoint_name': 'Mpinv_pmos.G'}, {'endpoint_type': 'instance_pin', 'endpoint_name': 'Mpinv_nmos.G'}]"
PINV,VDD,vdd,3,False,power,"{'source_file': 'sram_compiler/testbenches/sram_6t_core_testbench.py::Sram6TCoreTestbench.create_testbench', 'source_class': '', 'source_module_name': 'PINV', 'role_hint': 'EXTRACTED_FROM_GENERATED_NETLIST'}","[{'endpoint_type': 'module_pin', 'endpoint_name': 'VDD'}, {'endpoint_type': 'instance_pin', 'endpoint_name': 'Mpinv_pmos.S'}, {'endpoint_type': 'instance_pin', 'endpoint_name': 'Mpinv_pmos.B'}]"
PINV,VSS,vss,3,False,ground,"{'source_file': 'sram_compiler/testbenches/sram_6t_core_testbench.py::Sram6TCoreTestbench.create_testbench', 'source_class': '', 'source_module_name': 'PINV', 'role_hint': 'EXTRACTED_FROM_GENERATED_NETLIST'}","[{'endpoint_type': 'module_pin', 'endpoint_name': 'VSS'}, {'endpoint_type': 'instance_pin', 'endpoint_name': 'Mpinv_nmos.S'}, {'endpoint_type': 'instance_pin', 'endpoint_name': 'Mpinv_nmos.B'}]"
PINV,Z,z,3,False,internal,"{'source_file': 'sram_compiler/testbenches/sram_6t_core_testbench.py::Sram6TCoreTestbench.create_testbench', 'source_class': '', 'source_module_name': 'PINV', 'role_hint': 'EXTRACTED_FROM_GENERATED_NETLIST'}","[{'endpoint_type': 'module_pin', 'endpoint_name': 'Z'}, {'endpoint_type': 'instance_pin', 'endpoint_name': 'Mpinv_pmos.D'}, {'endpoint_type': 'instance_pin', 'endpoint_name': 'Mpinv_nmos.D'}]"
WORDLINEDRIVER,A,a,2,False,internal,"{'source_file': 'sram_compiler/subcircuits/wordline_driver.py', 'source_class': 'WordlineDriver', 'source_module_name': 'WORDLINEDRIVER', 'role_hint': 'wordline_driver'}","[{'endpoint_type': 'module_pin', 'endpoint_name': 'A'}, {'endpoint_type': 'instance_pin', 'endpoint_name': 'XPNAND2.A'}]"
WORDLINEDRIVER,B,b,2,False,internal,"{'source_file': 'sram_compiler/subcircuits/wordline_driver.py', 'source_class': 'WordlineDriver', 'source_module_name': 'WORDLINEDRIVER', 'role_hint': 'wordline_driver'}","[{'endpoint_type': 'module_pin', 'endpoint_name': 'B'}, {'endpoint_type': 'instance_pin', 'endpoint_name': 'XPNAND2.B'}]"
WORDLINEDRIVER,VDD,vdd,3,False,power,"{'source_file': 'sram_compiler/subcircuits/wordline_driver.py', 'source_class': 'WordlineDriver', 'source_module_name': 'WORDLINEDRIVER', 'role_hint': 'wordline_driver'}","[{'endpoint_type': 'module_pin', 'endpoint_name': 'VDD'}, {'endpoint_type': 'instance_pin', 'endpoint_name': 'XPNAND2.VDD'}, {'endpoint_type': 'instance_pin', 'endpoint_name': 'XPINV.VDD'}]"
WORDLINEDRIVER,VSS,vss,3,False,ground,"{'source_file': 'sram_compiler/subcircuits/wordline_driver.py', 'source_class': 'WordlineDriver', 'source_module_name': 'WORDLINEDRIVER', 'role_hint': 'wordline_driver'}","[{'endpoint_type': 'module_pin', 'endpoint_name': 'VSS'}, {'endpoint_type': 'instance_pin', 'endpoint_name': 'XPNAND2.VSS'}, {'endpoint_type': 'instance_pin', 'endpoint_name': 'XPINV.VSS'}]"
WORDLINEDRIVER,Z,z,2,False,internal,"{'source_file': 'sram_compiler/subcircuits/wordline_driver.py', 'source_class': 'WordlineDriver', 'source_module_name': 'WORDLINEDRIVER', 'role_hint': 'wordline_driver'}","[{'endpoint_type': 'module_pin', 'endpoint_name': 'Z'}, {'endpoint_type': 'instance_pin', 'endpoint_name': 'XPINV.Z'}]"
WORDLINEDRIVER,zb_int,zb_int,2,False,internal,"{'source_file': 'sram_compiler/subcircuits/wordline_driver.py', 'source_class': 'WordlineDriver', 'source_module_name': 'WORDLINEDRIVER', 'role_hint': 'wordline_driver'}","[{'endpoint_type': 'instance_pin', 'endpoint_name': 'XPNAND2.Z'}, {'endpoint_type': 'instance_pin', 'endpoint_name': 'XPINV.A'}]"
PNAND2,A,a,3,False,internal,"{'source_file': 'sram_compiler/subcircuits/standard_cell.py', 'source_class': 'PNAND2', 'source_module_name': 'PNAND2', 'role_hint': 'support_cell'}","[{'endpoint_type': 'module_pin', 'endpoint_name': 'A'}, {'endpoint_type': 'instance_pin', 'endpoint_name': 'Mpnand2_pmos1.G'}, {'endpoint_type': 'instance_pin', 'endpoint_name': 'Mpnand2_nmos2.G'}]"
PNAND2,B,b,3,False,internal,"{'source_file': 'sram_compiler/subcircuits/standard_cell.py', 'source_class': 'PNAND2', 'source_module_name': 'PNAND2', 'role_hint': 'support_cell'}","[{'endpoint_type': 'module_pin', 'endpoint_name': 'B'}, {'endpoint_type': 'instance_pin', 'endpoint_name': 'Mpnand2_pmos2.G'}, {'endpoint_type': 'instance_pin', 'endpoint_name': 'Mpnand2_nmos1.G'}]"
PNAND2,net1,net1,2,False,internal,"{'source_file': 'sram_compiler/subcircuits/standard_cell.py', 'source_class': 'PNAND2', 'source_module_name': 'PNAND2', 'role_hint': 'support_cell'}","[{'endpoint_type': 'instance_pin', 'endpoint_name': 'Mpnand2_nmos1.S'}, {'endpoint_type': 'instance_pin', 'endpoint_name': 'Mpnand2_nmos2.D'}]"
PNAND2,VDD,vdd,5,False,power,"{'source_file': 'sram_compiler/subcircuits/standard_cell.py', 'source_class': 'PNAND2', 'source_module_name': 'PNAND2', 'role_hint': 'support_cell'}","[{'endpoint_type': 'module_pin', 'endpoint_name': 'VDD'}, {'endpoint_type': 'instance_pin', 'endpoint_name': 'Mpnand2_pmos1.S'}, {'endpoint_type': 'instance_pin', 'endpoint_name': 'Mpnand2_pmos1.B'}, {'endpoint_type': 'instance_pin', 'endpoint_name': 'Mpnand2_pmos2.S'}, {'endpoint_type': 'instance_pin', 'endpoint_name': 'Mpnand2_pmos2.B'}]"
PNAND2,VSS,vss,4,False,ground,"{'source_file': 'sram_compiler/subcircuits/standard_cell.py', 'source_class': 'PNAND2', 'source_module_name': 'PNAND2', 'role_hint': 'support_cell'}","[{'endpoint_type': 'module_pin', 'endpoint_name': 'VSS'}, {'endpoint_type': 'instance_pin', 'endpoint_name': 'Mpnand2_nmos1.B'}, {'endpoint_type': 'instance_pin', 'endpoint_name': 'Mpnand2_nmos2.S'}, {'endpoint_type': 'instance_pin', 'endpoint_name': 'Mpnand2_nmos2.B'}]"
PNAND2,Z,z,4,False,internal,"{'source_file': 'sram_compiler/subcircuits/standard_cell.py', 'source_class': 'PNAND2', 'source_module_name': 'PNAND2', 'role_hint': 'support_cell'}","[{'endpoint_type': 'module_pin', 'endpoint_name': 'Z'}, {'endpoint_type': 'instance_pin', 'endpoint_name': 'Mpnand2_pmos1.D'}, {'endpoint_type': 'instance_pin', 'endpoint_name': 'Mpnand2_pmos2.D'}, {'endpoint_type': 'instance_pin', 'endpoint_name': 'Mpnand2_nmos1.D'}]"
PINV,A,a,3,False,internal,"{'source_file': 'sram_compiler/testbenches/sram_6t_core_testbench.py::Sram6TCoreTestbench.create_testbench', 'source_class': '', 'source_module_name': 'PINV', 'role_hint': 'EXTRACTED_FROM_GENERATED_NETLIST'}","[{'endpoint_type': 'module_pin', 'endpoint_name': 'A'}, {'endpoint_type': 'instance_pin', 'endpoint_name': 'Mpinv_pmos.G'}, {'endpoint_type': 'instance_pin', 'endpoint_name': 'Mpinv_nmos.G'}]"
PINV,VDD,vdd,3,False,power,"{'source_file': 'sram_compiler/testbenches/sram_6t_core_testbench.py::Sram6TCoreTestbench.create_testbench', 'source_class': '', 'source_module_name': 'PINV', 'role_hint': 'EXTRACTED_FROM_GENERATED_NETLIST'}","[{'endpoint_type': 'module_pin', 'endpoint_name': 'VDD'}, {'endpoint_type': 'instance_pin', 'endpoint_name': 'Mpinv_pmos.S'}, {'endpoint_type': 'instance_pin', 'endpoint_name': 'Mpinv_pmos.B'}]"
PINV,VSS,vss,3,False,ground,"{'source_file': 'sram_compiler/testbenches/sram_6t_core_testbench.py::Sram6TCoreTestbench.create_testbench', 'source_class': '', 'source_module_name': 'PINV', 'role_hint': 'EXTRACTED_FROM_GENERATED_NETLIST'}","[{'endpoint_type': 'module_pin', 'endpoint_name': 'VSS'}, {'endpoint_type': 'instance_pin', 'endpoint_name': 'Mpinv_nmos.S'}, {'endpoint_type': 'instance_pin', 'endpoint_name': 'Mpinv_nmos.B'}]"
PINV,Z,z,3,False,internal,"{'source_file': 'sram_compiler/testbenches/sram_6t_core_testbench.py::Sram6TCoreTestbench.create_testbench', 'source_class': '', 'source_module_name': 'PINV', 'role_hint': 'EXTRACTED_FROM_GENERATED_NETLIST'}","[{'endpoint_type': 'module_pin', 'endpoint_name': 'Z'}, {'endpoint_type': 'instance_pin', 'endpoint_name': 'Mpinv_pmos.D'}, {'endpoint_type': 'instance_pin', 'endpoint_name': 'Mpinv_nmos.D'}]"
D_LATCH,D,d,3,False,internal,"{'source_file': 'sram_compiler/subcircuits/standard_cell.py', 'source_class': 'D_latch', 'source_module_name': 'D_LATCH', 'role_hint': 'support_cell'}","[{'endpoint_type': 'module_pin', 'endpoint_name': 'D'}, {'endpoint_type': 'instance_pin', 'endpoint_name': 'XINV1.A'}, {'endpoint_type': 'instance_pin', 'endpoint_name': 'XNAND1.A'}]"
D_LATCH,db,db,2,False,internal,"{'source_file': 'sram_compiler/subcircuits/standard_cell.py', 'source_class': 'D_latch', 'source_module_name': 'D_LATCH', 'role_hint': 'support_cell'}","[{'endpoint_type': 'instance_pin', 'endpoint_name': 'XINV1.Z'}, {'endpoint_type': 'instance_pin', 'endpoint_name': 'XNAND2.A'}]"
D_LATCH,EN,en,3,False,internal,"{'source_file': 'sram_compiler/subcircuits/standard_cell.py', 'source_class': 'D_latch', 'source_module_name': 'D_LATCH', 'role_hint': 'support_cell'}","[{'endpoint_type': 'module_pin', 'endpoint_name': 'EN'}, {'endpoint_type': 'instance_pin', 'endpoint_name': 'XNAND1.B'}, {'endpoint_type': 'instance_pin', 'endpoint_name': 'XNAND2.B'}]"
D_LATCH,int1,int1,2,False,internal,"{'source_file': 'sram_compiler/subcircuits/standard_cell.py', 'source_class': 'D_latch', 'source_module_name': 'D_LATCH', 'role_hint': 'support_cell'}","[{'endpoint_type': 'instance_pin', 'endpoint_name': 'XNAND1.Z'}, {'endpoint_type': 'instance_pin', 'endpoint_name': 'XNAND3.A'}]"
D_LATCH,int2,int2,2,False,internal,"{'source_file': 'sram_compiler/subcircuits/standard_cell.py', 'source_class': 'D_latch', 'source_module_name': 'D_LATCH', 'role_hint': 'support_cell'}","[{'endpoint_type': 'instance_pin', 'endpoint_name': 'XNAND2.Z'}, {'endpoint_type': 'instance_pin', 'endpoint_name': 'XNAND4.A'}]"
D_LATCH,Q,q,3,False,internal,"{'source_file': 'sram_compiler/subcircuits/standard_cell.py', 'source_class': 'D_latch', 'source_module_name': 'D_LATCH', 'role_hint': 'support_cell'}","[{'endpoint_type': 'module_pin', 'endpoint_name': 'Q'}, {'endpoint_type': 'instance_pin', 'endpoint_name': 'XNAND3.Z'}, {'endpoint_type': 'instance_pin', 'endpoint_name': 'XNAND4.B'}]"
D_LATCH,QB,qb,3,False,internal,"{'source_file': 'sram_compiler/subcircuits/standard_cell.py', 'source_class': 'D_latch', 'source_module_name': 'D_LATCH', 'role_hint': 'support_cell'}","[{'endpoint_type': 'module_pin', 'endpoint_name': 'QB'}, {'endpoint_type': 'instance_pin', 'endpoint_name': 'XNAND3.B'}, {'endpoint_type': 'instance_pin', 'endpoint_name': 'XNAND4.Z'}]"
D_LATCH,VDD,vdd,6,False,power,"{'source_file': 'sram_compiler/subcircuits/standard_cell.py', 'source_class': 'D_latch', 'source_module_name': 'D_LATCH', 'role_hint': 'support_cell'}","[{'endpoint_type': 'module_pin', 'endpoint_name': 'VDD'}, {'endpoint_type': 'instance_pin', 'endpoint_name': 'XINV1.VDD'}, {'endpoint_type': 'instance_pin', 'endpoint_name': 'XNAND1.VDD'}, {'endpoint_type': 'instance_pin', 'endpoint_name': 'XNAND2.VDD'}, {'endpoint_type': 'instance_pin', 'endpoint_name': 'XNAND3.VDD'}, {'endpoint_type': 'instance_pin', 'endpoint_name': 'XNAND4.VDD'}]"
D_LATCH,VSS,vss,6,False,ground,"{'source_file': 'sram_compiler/subcircuits/standard_cell.py', 'source_class': 'D_latch', 'source_module_name': 'D_LATCH', 'role_hint': 'support_cell'}","[{'endpoint_type': 'module_pin', 'endpoint_name': 'VSS'}, {'endpoint_type': 'instance_pin', 'endpoint_name': 'XINV1.VSS'}, {'endpoint_type': 'instance_pin', 'endpoint_name': 'XNAND1.VSS'}, {'endpoint_type': 'instance_pin', 'endpoint_name': 'XNAND2.VSS'}, {'endpoint_type': 'instance_pin', 'endpoint_name': 'XNAND3.VSS'}, {'endpoint_type': 'instance_pin', 'endpoint_name': 'XNAND4.VSS'}]"
PNAND2,A,a,3,False,internal,"{'source_file': 'sram_compiler/subcircuits/standard_cell.py', 'source_class': 'PNAND2', 'source_module_name': 'PNAND2', 'role_hint': 'support_cell'}","[{'endpoint_type': 'module_pin', 'endpoint_name': 'A'}, {'endpoint_type': 'instance_pin', 'endpoint_name': 'Mpnand2_pmos1.G'}, {'endpoint_type': 'instance_pin', 'endpoint_name': 'Mpnand2_nmos2.G'}]"
PNAND2,B,b,3,False,internal,"{'source_file': 'sram_compiler/subcircuits/standard_cell.py', 'source_class': 'PNAND2', 'source_module_name': 'PNAND2', 'role_hint': 'support_cell'}","[{'endpoint_type': 'module_pin', 'endpoint_name': 'B'}, {'endpoint_type': 'instance_pin', 'endpoint_name': 'Mpnand2_pmos2.G'}, {'endpoint_type': 'instance_pin', 'endpoint_name': 'Mpnand2_nmos1.G'}]"
PNAND2,net1,net1,2,False,internal,"{'source_file': 'sram_compiler/subcircuits/standard_cell.py', 'source_class': 'PNAND2', 'source_module_name': 'PNAND2', 'role_hint': 'support_cell'}","[{'endpoint_type': 'instance_pin', 'endpoint_name': 'Mpnand2_nmos1.S'}, {'endpoint_type': 'instance_pin', 'endpoint_name': 'Mpnand2_nmos2.D'}]"
PNAND2,VDD,vdd,5,False,power,"{'source_file': 'sram_compiler/subcircuits/standard_cell.py', 'source_class': 'PNAND2', 'source_module_name': 'PNAND2', 'role_hint': 'support_cell'}","[{'endpoint_type': 'module_pin', 'endpoint_name': 'VDD'}, {'endpoint_type': 'instance_pin', 'endpoint_name': 'Mpnand2_pmos1.S'}, {'endpoint_type': 'instance_pin', 'endpoint_name': 'Mpnand2_pmos1.B'}, {'endpoint_type': 'instance_pin', 'endpoint_name': 'Mpnand2_pmos2.S'}, {'endpoint_type': 'instance_pin', 'endpoint_name': 'Mpnand2_pmos2.B'}]"
PNAND2,VSS,vss,4,False,ground,"{'source_file': 'sram_compiler/subcircuits/standard_cell.py', 'source_class': 'PNAND2', 'source_module_name': 'PNAND2', 'role_hint': 'support_cell'}","[{'endpoint_type': 'module_pin', 'endpoint_name': 'VSS'}, {'endpoint_type': 'instance_pin', 'endpoint_name': 'Mpnand2_nmos1.B'}, {'endpoint_type': 'instance_pin', 'endpoint_name': 'Mpnand2_nmos2.S'}, {'endpoint_type': 'instance_pin', 'endpoint_name': 'Mpnand2_nmos2.B'}]"
PNAND2,Z,z,4,False,internal,"{'source_file': 'sram_compiler/subcircuits/standard_cell.py', 'source_class': 'PNAND2', 'source_module_name': 'PNAND2', 'role_hint': 'support_cell'}","[{'endpoint_type': 'module_pin', 'endpoint_name': 'Z'}, {'endpoint_type': 'instance_pin', 'endpoint_name': 'Mpnand2_pmos1.D'}, {'endpoint_type': 'instance_pin', 'endpoint_name': 'Mpnand2_pmos2.D'}, {'endpoint_type': 'instance_pin', 'endpoint_name': 'Mpnand2_nmos1.D'}]"
PINV,A,a,3,False,internal,"{'source_file': 'sram_compiler/testbenches/sram_6t_core_testbench.py::Sram6TCoreTestbench.create_testbench', 'source_class': '', 'source_module_name': 'PINV', 'role_hint': 'EXTRACTED_FROM_GENERATED_NETLIST'}","[{'endpoint_type': 'module_pin', 'endpoint_name': 'A'}, {'endpoint_type': 'instance_pin', 'endpoint_name': 'Mpinv_pmos.G'}, {'endpoint_type': 'instance_pin', 'endpoint_name': 'Mpinv_nmos.G'}]"
PINV,VDD,vdd,3,False,power,"{'source_file': 'sram_compiler/testbenches/sram_6t_core_testbench.py::Sram6TCoreTestbench.create_testbench', 'source_class': '', 'source_module_name': 'PINV', 'role_hint': 'EXTRACTED_FROM_GENERATED_NETLIST'}","[{'endpoint_type': 'module_pin', 'endpoint_name': 'VDD'}, {'endpoint_type': 'instance_pin', 'endpoint_name': 'Mpinv_pmos.S'}, {'endpoint_type': 'instance_pin', 'endpoint_name': 'Mpinv_pmos.B'}]"
PINV,VSS,vss,3,False,ground,"{'source_file': 'sram_compiler/testbenches/sram_6t_core_testbench.py::Sram6TCoreTestbench.create_testbench', 'source_class': '', 'source_module_name': 'PINV', 'role_hint': 'EXTRACTED_FROM_GENERATED_NETLIST'}","[{'endpoint_type': 'module_pin', 'endpoint_name': 'VSS'}, {'endpoint_type': 'instance_pin', 'endpoint_name': 'Mpinv_nmos.S'}, {'endpoint_type': 'instance_pin', 'endpoint_name': 'Mpinv_nmos.B'}]"
PINV,Z,z,3,False,internal,"{'source_file': 'sram_compiler/testbenches/sram_6t_core_testbench.py::Sram6TCoreTestbench.create_testbench', 'source_class': '', 'source_module_name': 'PINV', 'role_hint': 'EXTRACTED_FROM_GENERATED_NETLIST'}","[{'endpoint_type': 'module_pin', 'endpoint_name': 'Z'}, {'endpoint_type': 'instance_pin', 'endpoint_name': 'Mpinv_pmos.D'}, {'endpoint_type': 'instance_pin', 'endpoint_name': 'Mpinv_nmos.D'}]"
PRECHARGE,BL,bl,3,False,internal,"{'source_file': 'sram_compiler/subcircuits/precharge_and_write_driver.py', 'source_class': 'Precharge', 'source_module_name': 'PRECHARGE', 'role_hint': 'precharge'}","[{'endpoint_type': 'module_pin', 'endpoint_name': 'BL'}, {'endpoint_type': 'instance_pin', 'endpoint_name': 'M1.D'}, {'endpoint_type': 'instance_pin', 'endpoint_name': 'M3.D'}]"
PRECHARGE,BLB,blb,3,False,internal,"{'source_file': 'sram_compiler/subcircuits/precharge_and_write_driver.py', 'source_class': 'Precharge', 'source_module_name': 'PRECHARGE', 'role_hint': 'precharge'}","[{'endpoint_type': 'module_pin', 'endpoint_name': 'BLB'}, {'endpoint_type': 'instance_pin', 'endpoint_name': 'M2.D'}, {'endpoint_type': 'instance_pin', 'endpoint_name': 'M3.S'}]"
PRECHARGE,ENB,enb,4,False,internal,"{'source_file': 'sram_compiler/subcircuits/precharge_and_write_driver.py', 'source_class': 'Precharge', 'source_module_name': 'PRECHARGE', 'role_hint': 'precharge'}","[{'endpoint_type': 'module_pin', 'endpoint_name': 'ENB'}, {'endpoint_type': 'instance_pin', 'endpoint_name': 'M1.G'}, {'endpoint_type': 'instance_pin', 'endpoint_name': 'M2.G'}, {'endpoint_type': 'instance_pin', 'endpoint_name': 'M3.G'}]"
PRECHARGE,VDD,vdd,6,False,power,"{'source_file': 'sram_compiler/subcircuits/precharge_and_write_driver.py', 'source_class': 'Precharge', 'source_module_name': 'PRECHARGE', 'role_hint': 'precharge'}","[{'endpoint_type': 'module_pin', 'endpoint_name': 'VDD'}, {'endpoint_type': 'instance_pin', 'endpoint_name': 'M1.S'}, {'endpoint_type': 'instance_pin', 'endpoint_name': 'M1.B'}, {'endpoint_type': 'instance_pin', 'endpoint_name': 'M2.S'}, {'endpoint_type': 'instance_pin', 'endpoint_name': 'M2.B'}, {'endpoint_type': 'instance_pin', 'endpoint_name': 'M3.B'}]"
SENSEAMP,EN,en,4,False,internal,"{'source_file': 'sram_compiler/subcircuits/mux_and_sa.py', 'source_class': 'SenseAmp', 'source_module_name': 'SENSEAMP', 'role_hint': 'sense_amp'}","[{'endpoint_type': 'module_pin', 'endpoint_name': 'EN'}, {'endpoint_type': 'instance_pin', 'endpoint_name': 'M5.G'}, {'endpoint_type': 'instance_pin', 'endpoint_name': 'M6.G'}, {'endpoint_type': 'instance_pin', 'endpoint_name': 'M7.G'}]"
SENSEAMP,IN,in,2,False,internal,"{'source_file': 'sram_compiler/subcircuits/mux_and_sa.py', 'source_class': 'SenseAmp', 'source_module_name': 'SENSEAMP', 'role_hint': 'sense_amp'}","[{'endpoint_type': 'module_pin', 'endpoint_name': 'IN'}, {'endpoint_type': 'instance_pin', 'endpoint_name': 'M5.S'}]"
SENSEAMP,INB,inb,2,False,internal,"{'source_file': 'sram_compiler/subcircuits/mux_and_sa.py', 'source_class': 'SenseAmp', 'source_module_name': 'SENSEAMP', 'role_hint': 'sense_amp'}","[{'endpoint_type': 'module_pin', 'endpoint_name': 'INB'}, {'endpoint_type': 'instance_pin', 'endpoint_name': 'M6.S'}]"
SENSEAMP,net1,net1,3,False,internal,"{'source_file': 'sram_compiler/subcircuits/mux_and_sa.py', 'source_class': 'SenseAmp', 'source_module_name': 'SENSEAMP', 'role_hint': 'sense_amp'}","[{'endpoint_type': 'instance_pin', 'endpoint_name': 'M1.S'}, {'endpoint_type': 'instance_pin', 'endpoint_name': 'M3.S'}, {'endpoint_type': 'instance_pin', 'endpoint_name': 'M7.D'}]"
SENSEAMP,Q,q,6,False,internal,"{'source_file': 'sram_compiler/subcircuits/mux_and_sa.py', 'source_class': 'SenseAmp', 'source_module_name': 'SENSEAMP', 'role_hint': 'sense_amp'}","[{'endpoint_type': 'module_pin', 'endpoint_name': 'Q'}, {'endpoint_type': 'instance_pin', 'endpoint_name': 'M1.D'}, {'endpoint_type': 'instance_pin', 'endpoint_name': 'M2.D'}, {'endpoint_type': 'instance_pin', 'endpoint_name': 'M3.G'}, {'endpoint_type': 'instance_pin', 'endpoint_name': 'M4.G'}, {'endpoint_type': 'instance_pin', 'endpoint_name': 'M5.D'}]"
SENSEAMP,QB,qb,6,False,internal,"{'source_file': 'sram_compiler/subcircuits/mux_and_sa.py', 'source_class': 'SenseAmp', 'source_module_name': 'SENSEAMP', 'role_hint': 'sense_amp'}","[{'endpoint_type': 'module_pin', 'endpoint_name': 'QB'}, {'endpoint_type': 'instance_pin', 'endpoint_name': 'M1.G'}, {'endpoint_type': 'instance_pin', 'endpoint_name': 'M2.G'}, {'endpoint_type': 'instance_pin', 'endpoint_name': 'M3.D'}, {'endpoint_type': 'instance_pin', 'endpoint_name': 'M4.D'}, {'endpoint_type': 'instance_pin', 'endpoint_name': 'M6.D'}]"
SENSEAMP,VDD,vdd,7,False,power,"{'source_file': 'sram_compiler/subcircuits/mux_and_sa.py', 'source_class': 'SenseAmp', 'source_module_name': 'SENSEAMP', 'role_hint': 'sense_amp'}","[{'endpoint_type': 'module_pin', 'endpoint_name': 'VDD'}, {'endpoint_type': 'instance_pin', 'endpoint_name': 'M2.S'}, {'endpoint_type': 'instance_pin', 'endpoint_name': 'M2.B'}, {'endpoint_type': 'instance_pin', 'endpoint_name': 'M4.S'}, {'endpoint_type': 'instance_pin', 'endpoint_name': 'M4.B'}, {'endpoint_type': 'instance_pin', 'endpoint_name': 'M5.B'}, {'endpoint_type': 'instance_pin', 'endpoint_name': 'M6.B'}]"
SENSEAMP,VSS,vss,5,False,ground,"{'source_file': 'sram_compiler/subcircuits/mux_and_sa.py', 'source_class': 'SenseAmp', 'source_module_name': 'SENSEAMP', 'role_hint': 'sense_amp'}","[{'endpoint_type': 'module_pin', 'endpoint_name': 'VSS'}, {'endpoint_type': 'instance_pin', 'endpoint_name': 'M1.B'}, {'endpoint_type': 'instance_pin', 'endpoint_name': 'M3.B'}, {'endpoint_type': 'instance_pin', 'endpoint_name': 'M7.S'}, {'endpoint_type': 'instance_pin', 'endpoint_name': 'M7.B'}]"
WRITEDRIVER,BL,bl,3,False,internal,"{'source_file': 'sram_compiler/subcircuits/precharge_and_write_driver.py', 'source_class': 'WriteDriver', 'source_module_name': 'WRITEDRIVER', 'role_hint': 'write_driver'}","[{'endpoint_type': 'module_pin', 'endpoint_name': 'BL'}, {'endpoint_type': 'instance_pin', 'endpoint_name': 'M6.D'}, {'endpoint_type': 'instance_pin', 'endpoint_name': 'M7.D'}]"
WRITEDRIVER,BLB,blb,3,False,internal,"{'source_file': 'sram_compiler/subcircuits/precharge_and_write_driver.py', 'source_class': 'WriteDriver', 'source_module_name': 'WRITEDRIVER', 'role_hint': 'write_driver'}","[{'endpoint_type': 'module_pin', 'endpoint_name': 'BLB'}, {'endpoint_type': 'instance_pin', 'endpoint_name': 'M10.D'}, {'endpoint_type': 'instance_pin', 'endpoint_name': 'M11.D'}]"
WRITEDRIVER,DIN,din,5,False,internal,"{'source_file': 'sram_compiler/subcircuits/precharge_and_write_driver.py', 'source_class': 'WriteDriver', 'source_module_name': 'WRITEDRIVER', 'role_hint': 'write_driver'}","[{'endpoint_type': 'module_pin', 'endpoint_name': 'DIN'}, {'endpoint_type': 'instance_pin', 'endpoint_name': 'M1.G'}, {'endpoint_type': 'instance_pin', 'endpoint_name': 'M2.G'}, {'endpoint_type': 'instance_pin', 'endpoint_name': 'M9.G'}, {'endpoint_type': 'instance_pin', 'endpoint_name': 'M12.G'}]"
WRITEDRIVER,dinb,dinb,4,False,internal,"{'source_file': 'sram_compiler/subcircuits/precharge_and_write_driver.py', 'source_class': 'WriteDriver', 'source_module_name': 'WRITEDRIVER', 'role_hint': 'write_driver'}","[{'endpoint_type': 'instance_pin', 'endpoint_name': 'M1.D'}, {'endpoint_type': 'instance_pin', 'endpoint_name': 'M2.D'}, {'endpoint_type': 'instance_pin', 'endpoint_name': 'M5.G'}, {'endpoint_type': 'instance_pin', 'endpoint_name': 'M8.G'}]"
WRITEDRIVER,EN,en,5,False,internal,"{'source_file': 'sram_compiler/subcircuits/precharge_and_write_driver.py', 'source_class': 'WriteDriver', 'source_module_name': 'WRITEDRIVER', 'role_hint': 'write_driver'}","[{'endpoint_type': 'module_pin', 'endpoint_name': 'EN'}, {'endpoint_type': 'instance_pin', 'endpoint_name': 'M3.G'}, {'endpoint_type': 'instance_pin', 'endpoint_name': 'M4.G'}, {'endpoint_type': 'instance_pin', 'endpoint_name': 'M7.G'}, {'endpoint_type': 'instance_pin', 'endpoint_name': 'M11.G'}]"
WRITEDRIVER,enb,enb,4,False,internal,"{'source_file': 'sram_compiler/subcircuits/precharge_and_write_driver.py', 'source_class': 'WriteDriver', 'source_module_name': 'WRITEDRIVER', 'role_hint': 'write_driver'}","[{'endpoint_type': 'instance_pin', 'endpoint_name': 'M3.D'}, {'endpoint_type': 'instance_pin', 'endpoint_name': 'M4.D'}, {'endpoint_type': 'instance_pin', 'endpoint_name': 'M6.G'}, {'endpoint_type': 'instance_pin', 'endpoint_name': 'M10.G'}]"
WRITEDRIVER,int1,int1,2,False,internal,"{'source_file': 'sram_compiler/subcircuits/precharge_and_write_driver.py', 'source_class': 'WriteDriver', 'source_module_name': 'WRITEDRIVER', 'role_hint': 'write_driver'}","[{'endpoint_type': 'instance_pin', 'endpoint_name': 'M5.D'}, {'endpoint_type': 'instance_pin', 'endpoint_name': 'M6.S'}]"
WRITEDRIVER,int2,int2,2,False,internal,"{'source_file': 'sram_compiler/subcircuits/precharge_and_write_driver.py', 'source_class': 'WriteDriver', 'source_module_name': 'WRITEDRIVER', 'role_hint': 'write_driver'}","[{'endpoint_type': 'instance_pin', 'endpoint_name': 'M7.S'}, {'endpoint_type': 'instance_pin', 'endpoint_name': 'M8.D'}]"
WRITEDRIVER,int3,int3,2,False,internal,"{'source_file': 'sram_compiler/subcircuits/precharge_and_write_driver.py', 'source_class': 'WriteDriver', 'source_module_name': 'WRITEDRIVER', 'role_hint': 'write_driver'}","[{'endpoint_type': 'instance_pin', 'endpoint_name': 'M9.D'}, {'endpoint_type': 'instance_pin', 'endpoint_name': 'M10.S'}]"
WRITEDRIVER,int4,int4,2,False,internal,"{'source_file': 'sram_compiler/subcircuits/precharge_and_write_driver.py', 'source_class': 'WriteDriver', 'source_module_name': 'WRITEDRIVER', 'role_hint': 'write_driver'}","[{'endpoint_type': 'instance_pin', 'endpoint_name': 'M11.S'}, {'endpoint_type': 'instance_pin', 'endpoint_name': 'M12.D'}]"
WRITEDRIVER,VDD,vdd,11,False,power,"{'source_file': 'sram_compiler/subcircuits/precharge_and_write_driver.py', 'source_class': 'WriteDriver', 'source_module_name': 'WRITEDRIVER', 'role_hint': 'write_driver'}","[{'endpoint_type': 'module_pin', 'endpoint_name': 'VDD'}, {'endpoint_type': 'instance_pin', 'endpoint_name': 'M1.S'}, {'endpoint_type': 'instance_pin', 'endpoint_name': 'M1.B'}, {'endpoint_type': 'instance_pin', 'endpoint_name': 'M3.S'}, {'endpoint_type': 'instance_pin', 'endpoint_name': 'M3.B'}, {'endpoint_type': 'instance_pin', 'endpoint_name': 'M5.S'}, {'endpoint_type': 'instance_pin', 'endpoint_name': 'M5.B'}, {'endpoint_type': 'instance_pin', 'endpoint_name': 'M6.B'}, {'endpoint_type': 'instance_pin', 'endpoint_name': 'M9.S'}, {'endpoint_type': 'instance_pin', 'endpoint_name': 'M9.B'}, {'endpoint_type': 'instance_pin', 'endpoint_name': 'M10.B'}]"
WRITEDRIVER,VSS,vss,11,False,ground,"{'source_file': 'sram_compiler/subcircuits/precharge_and_write_driver.py', 'source_class': 'WriteDriver', 'source_module_name': 'WRITEDRIVER', 'role_hint': 'write_driver'}","[{'endpoint_type': 'module_pin', 'endpoint_name': 'VSS'}, {'endpoint_type': 'instance_pin', 'endpoint_name': 'M2.S'}, {'endpoint_type': 'instance_pin', 'endpoint_name': 'M2.B'}, {'endpoint_type': 'instance_pin', 'endpoint_name': 'M4.S'}, {'endpoint_type': 'instance_pin', 'endpoint_name': 'M4.B'}, {'endpoint_type': 'instance_pin', 'endpoint_name': 'M7.B'}, {'endpoint_type': 'instance_pin', 'endpoint_name': 'M8.S'}, {'endpoint_type': 'instance_pin', 'endpoint_name': 'M8.B'}, {'endpoint_type': 'instance_pin', 'endpoint_name': 'M11.B'}, {'endpoint_type': 'instance_pin', 'endpoint_name': 'M12.S'}, {'endpoint_type': 'instance_pin', 'endpoint_name': 'M12.B'}]"
OPENYIELD_SRAM_TOP_V1,A0,a0,2,True,address,"{'source_file': 'sram_compiler/testbenches/sram_6t_core_testbench.py::Sram6TCoreTestbench.create_testbench', 'source_class': '', 'source_module_name': 'OPENYIELD_SRAM_TOP_V1', 'role_hint': 'EXTRACTED_FROM_GENERATED_NETLIST'}","[{'endpoint_type': 'module_pin', 'endpoint_name': 'A0'}, {'endpoint_type': 'instance_pin', 'endpoint_name': 'XTIME.A0'}]"
OPENYIELD_SRAM_TOP_V1,A1,a1,2,True,address,"{'source_file': 'sram_compiler/testbenches/sram_6t_core_testbench.py::Sram6TCoreTestbench.create_testbench', 'source_class': '', 'source_module_name': 'OPENYIELD_SRAM_TOP_V1', 'role_hint': 'EXTRACTED_FROM_GENERATED_NETLIST'}","[{'endpoint_type': 'module_pin', 'endpoint_name': 'A1'}, {'endpoint_type': 'instance_pin', 'endpoint_name': 'XTIME.A1'}]"
OPENYIELD_SRAM_TOP_V1,A2,a2,2,True,address,"{'source_file': 'sram_compiler/testbenches/sram_6t_core_testbench.py::Sram6TCoreTestbench.create_testbench', 'source_class': '', 'source_module_name': 'OPENYIELD_SRAM_TOP_V1', 'role_hint': 'EXTRACTED_FROM_GENERATED_NETLIST'}","[{'endpoint_type': 'module_pin', 'endpoint_name': 'A2'}, {'endpoint_type': 'instance_pin', 'endpoint_name': 'XTIME.A2'}]"
OPENYIELD_SRAM_TOP_V1,A3,a3,2,True,address,"{'source_file': 'sram_compiler/testbenches/sram_6t_core_testbench.py::Sram6TCoreTestbench.create_testbench', 'source_class': '', 'source_module_name': 'OPENYIELD_SRAM_TOP_V1', 'role_hint': 'EXTRACTED_FROM_GENERATED_NETLIST'}","[{'endpoint_type': 'module_pin', 'endpoint_name': 'A3'}, {'endpoint_type': 'instance_pin', 'endpoint_name': 'XTIME.A3'}]"
OPENYIELD_SRAM_TOP_V1,a_dff0,a_dff0,2,False,internal,"{'source_file': 'sram_compiler/testbenches/sram_6t_core_testbench.py::Sram6TCoreTestbench.create_testbench', 'source_class': '', 'source_module_name': 'OPENYIELD_SRAM_TOP_V1', 'role_hint': 'EXTRACTED_FROM_GENERATED_NETLIST'}","[{'endpoint_type': 'instance_pin', 'endpoint_name': 'XTIME.A_dff0'}, {'endpoint_type': 'instance_pin', 'endpoint_name': 'XDECODER.A0'}]"
OPENYIELD_SRAM_TOP_V1,a_dff1,a_dff1,2,False,internal,"{'source_file': 'sram_compiler/testbenches/sram_6t_core_testbench.py::Sram6TCoreTestbench.create_testbench', 'source_class': '', 'source_module_name': 'OPENYIELD_SRAM_TOP_V1', 'role_hint': 'EXTRACTED_FROM_GENERATED_NETLIST'}","[{'endpoint_type': 'instance_pin', 'endpoint_name': 'XTIME.A_dff1'}, {'endpoint_type': 'instance_pin', 'endpoint_name': 'XDECODER.A1'}]"
OPENYIELD_SRAM_TOP_V1,a_dff2,a_dff2,2,False,internal,"{'source_file': 'sram_compiler/testbenches/sram_6t_core_testbench.py::Sram6TCoreTestbench.create_testbench', 'source_class': '', 'source_module_name': 'OPENYIELD_SRAM_TOP_V1', 'role_hint': 'EXTRACTED_FROM_GENERATED_NETLIST'}","[{'endpoint_type': 'instance_pin', 'endpoint_name': 'XTIME.A_dff2'}, {'endpoint_type': 'instance_pin', 'endpoint_name': 'XDECODER.A2'}]"
OPENYIELD_SRAM_TOP_V1,a_dff3,a_dff3,2,False,internal,"{'source_file': 'sram_compiler/testbenches/sram_6t_core_testbench.py::Sram6TCoreTestbench.create_testbench', 'source_class': '', 'source_module_name': 'OPENYIELD_SRAM_TOP_V1', 'role_hint': 'EXTRACTED_FROM_GENERATED_NETLIST'}","[{'endpoint_type': 'instance_pin', 'endpoint_name': 'XTIME.A_dff3'}, {'endpoint_type': 'instance_pin', 'endpoint_name': 'XDECODER.A3'}]"
OPENYIELD_SRAM_TOP_V1,bl0,bl0,4,False,internal,"{'source_file': 'sram_compiler/testbenches/sram_6t_core_testbench.py::Sram6TCoreTestbench.create_testbench', 'source_class': '', 'source_module_name': 'OPENYIELD_SRAM_TOP_V1', 'role_hint': 'EXTRACTED_FROM_GENERATED_NETLIST'}","[{'endpoint_type': 'instance_pin', 'endpoint_name': 'XSRAM_6T_CORE_16x16.BL0'}, {'endpoint_type': 'instance_pin', 'endpoint_name': 'XPRECHARGE_0.BL'}, {'endpoint_type': 'instance_pin', 'endpoint_name': 'XSENSEAMP_0.IN'}, {'endpoint_type': 'instance_pin', 'endpoint_name': 'XWRITEDRIVER_0.BL'}]"
OPENYIELD_SRAM_TOP_V1,bl1,bl1,4,False,internal,"{'source_file': 'sram_compiler/testbenches/sram_6t_core_testbench.py::Sram6TCoreTestbench.create_testbench', 'source_class': '', 'source_module_name': 'OPENYIELD_SRAM_TOP_V1', 'role_hint': 'EXTRACTED_FROM_GENERATED_NETLIST'}","[{'endpoint_type': 'instance_pin', 'endpoint_name': 'XSRAM_6T_CORE_16x16.BL1'}, {'endpoint_type': 'instance_pin', 'endpoint_name': 'XPRECHARGE_1.BL'}, {'endpoint_type': 'instance_pin', 'endpoint_name': 'XSENSEAMP_1.IN'}, {'endpoint_type': 'instance_pin', 'endpoint_name': 'XWRITEDRIVER_1.BL'}]"
OPENYIELD_SRAM_TOP_V1,bl10,bl10,4,False,internal,"{'source_file': 'sram_compiler/testbenches/sram_6t_core_testbench.py::Sram6TCoreTestbench.create_testbench', 'source_class': '', 'source_module_name': 'OPENYIELD_SRAM_TOP_V1', 'role_hint': 'EXTRACTED_FROM_GENERATED_NETLIST'}","[{'endpoint_type': 'instance_pin', 'endpoint_name': 'XSRAM_6T_CORE_16x16.BL10'}, {'endpoint_type': 'instance_pin', 'endpoint_name': 'XPRECHARGE_10.BL'}, {'endpoint_type': 'instance_pin', 'endpoint_name': 'XSENSEAMP_10.IN'}, {'endpoint_type': 'instance_pin', 'endpoint_name': 'XWRITEDRIVER_10.BL'}]"
OPENYIELD_SRAM_TOP_V1,bl11,bl11,4,False,internal,"{'source_file': 'sram_compiler/testbenches/sram_6t_core_testbench.py::Sram6TCoreTestbench.create_testbench', 'source_class': '', 'source_module_name': 'OPENYIELD_SRAM_TOP_V1', 'role_hint': 'EXTRACTED_FROM_GENERATED_NETLIST'}","[{'endpoint_type': 'instance_pin', 'endpoint_name': 'XSRAM_6T_CORE_16x16.BL11'}, {'endpoint_type': 'instance_pin', 'endpoint_name': 'XPRECHARGE_11.BL'}, {'endpoint_type': 'instance_pin', 'endpoint_name': 'XSENSEAMP_11.IN'}, {'endpoint_type': 'instance_pin', 'endpoint_name': 'XWRITEDRIVER_11.BL'}]"
OPENYIELD_SRAM_TOP_V1,bl12,bl12,4,False,internal,"{'source_file': 'sram_compiler/testbenches/sram_6t_core_testbench.py::Sram6TCoreTestbench.create_testbench', 'source_class': '', 'source_module_name': 'OPENYIELD_SRAM_TOP_V1', 'role_hint': 'EXTRACTED_FROM_GENERATED_NETLIST'}","[{'endpoint_type': 'instance_pin', 'endpoint_name': 'XSRAM_6T_CORE_16x16.BL12'}, {'endpoint_type': 'instance_pin', 'endpoint_name': 'XPRECHARGE_12.BL'}, {'endpoint_type': 'instance_pin', 'endpoint_name': 'XSENSEAMP_12.IN'}, {'endpoint_type': 'instance_pin', 'endpoint_name': 'XWRITEDRIVER_12.BL'}]"
OPENYIELD_SRAM_TOP_V1,bl13,bl13,4,False,internal,"{'source_file': 'sram_compiler/testbenches/sram_6t_core_testbench.py::Sram6TCoreTestbench.create_testbench', 'source_class': '', 'source_module_name': 'OPENYIELD_SRAM_TOP_V1', 'role_hint': 'EXTRACTED_FROM_GENERATED_NETLIST'}","[{'endpoint_type': 'instance_pin', 'endpoint_name': 'XSRAM_6T_CORE_16x16.BL13'}, {'endpoint_type': 'instance_pin', 'endpoint_name': 'XPRECHARGE_13.BL'}, {'endpoint_type': 'instance_pin', 'endpoint_name': 'XSENSEAMP_13.IN'}, {'endpoint_type': 'instance_pin', 'endpoint_name': 'XWRITEDRIVER_13.BL'}]"
OPENYIELD_SRAM_TOP_V1,bl14,bl14,4,False,internal,"{'source_file': 'sram_compiler/testbenches/sram_6t_core_testbench.py::Sram6TCoreTestbench.create_testbench', 'source_class': '', 'source_module_name': 'OPENYIELD_SRAM_TOP_V1', 'role_hint': 'EXTRACTED_FROM_GENERATED_NETLIST'}","[{'endpoint_type': 'instance_pin', 'endpoint_name': 'XSRAM_6T_CORE_16x16.BL14'}, {'endpoint_type': 'instance_pin', 'endpoint_name': 'XPRECHARGE_14.BL'}, {'endpoint_type': 'instance_pin', 'endpoint_name': 'XSENSEAMP_14.IN'}, {'endpoint_type': 'instance_pin', 'endpoint_name': 'XWRITEDRIVER_14.BL'}]"
OPENYIELD_SRAM_TOP_V1,bl15,bl15,4,False,internal,"{'source_file': 'sram_compiler/testbenches/sram_6t_core_testbench.py::Sram6TCoreTestbench.create_testbench', 'source_class': '', 'source_module_name': 'OPENYIELD_SRAM_TOP_V1', 'role_hint': 'EXTRACTED_FROM_GENERATED_NETLIST'}","[{'endpoint_type': 'instance_pin', 'endpoint_name': 'XSRAM_6T_CORE_16x16.BL15'}, {'endpoint_type': 'instance_pin', 'endpoint_name': 'XPRECHARGE_15.BL'}, {'endpoint_type': 'instance_pin', 'endpoint_name': 'XSENSEAMP_15.IN'}, {'endpoint_type': 'instance_pin', 'endpoint_name': 'XWRITEDRIVER_15.BL'}]"
OPENYIELD_SRAM_TOP_V1,bl2,bl2,4,False,internal,"{'source_file': 'sram_compiler/testbenches/sram_6t_core_testbench.py::Sram6TCoreTestbench.create_testbench', 'source_class': '', 'source_module_name': 'OPENYIELD_SRAM_TOP_V1', 'role_hint': 'EXTRACTED_FROM_GENERATED_NETLIST'}","[{'endpoint_type': 'instance_pin', 'endpoint_name': 'XSRAM_6T_CORE_16x16.BL2'}, {'endpoint_type': 'instance_pin', 'endpoint_name': 'XPRECHARGE_2.BL'}, {'endpoint_type': 'instance_pin', 'endpoint_name': 'XSENSEAMP_2.IN'}, {'endpoint_type': 'instance_pin', 'endpoint_name': 'XWRITEDRIVER_2.BL'}]"
OPENYIELD_SRAM_TOP_V1,bl3,bl3,4,False,internal,"{'source_file': 'sram_compiler/testbenches/sram_6t_core_testbench.py::Sram6TCoreTestbench.create_testbench', 'source_class': '', 'source_module_name': 'OPENYIELD_SRAM_TOP_V1', 'role_hint': 'EXTRACTED_FROM_GENERATED_NETLIST'}","[{'endpoint_type': 'instance_pin', 'endpoint_name': 'XSRAM_6T_CORE_16x16.BL3'}, {'endpoint_type': 'instance_pin', 'endpoint_name': 'XPRECHARGE_3.BL'}, {'endpoint_type': 'instance_pin', 'endpoint_name': 'XSENSEAMP_3.IN'}, {'endpoint_type': 'instance_pin', 'endpoint_name': 'XWRITEDRIVER_3.BL'}]"
OPENYIELD_SRAM_TOP_V1,bl4,bl4,4,False,internal,"{'source_file': 'sram_compiler/testbenches/sram_6t_core_testbench.py::Sram6TCoreTestbench.create_testbench', 'source_class': '', 'source_module_name': 'OPENYIELD_SRAM_TOP_V1', 'role_hint': 'EXTRACTED_FROM_GENERATED_NETLIST'}","[{'endpoint_type': 'instance_pin', 'endpoint_name': 'XSRAM_6T_CORE_16x16.BL4'}, {'endpoint_type': 'instance_pin', 'endpoint_name': 'XPRECHARGE_4.BL'}, {'endpoint_type': 'instance_pin', 'endpoint_name': 'XSENSEAMP_4.IN'}, {'endpoint_type': 'instance_pin', 'endpoint_name': 'XWRITEDRIVER_4.BL'}]"
OPENYIELD_SRAM_TOP_V1,bl5,bl5,4,False,internal,"{'source_file': 'sram_compiler/testbenches/sram_6t_core_testbench.py::Sram6TCoreTestbench.create_testbench', 'source_class': '', 'source_module_name': 'OPENYIELD_SRAM_TOP_V1', 'role_hint': 'EXTRACTED_FROM_GENERATED_NETLIST'}","[{'endpoint_type': 'instance_pin', 'endpoint_name': 'XSRAM_6T_CORE_16x16.BL5'}, {'endpoint_type': 'instance_pin', 'endpoint_name': 'XPRECHARGE_5.BL'}, {'endpoint_type': 'instance_pin', 'endpoint_name': 'XSENSEAMP_5.IN'}, {'endpoint_type': 'instance_pin', 'endpoint_name': 'XWRITEDRIVER_5.BL'}]"
OPENYIELD_SRAM_TOP_V1,bl6,bl6,4,False,internal,"{'source_file': 'sram_compiler/testbenches/sram_6t_core_testbench.py::Sram6TCoreTestbench.create_testbench', 'source_class': '', 'source_module_name': 'OPENYIELD_SRAM_TOP_V1', 'role_hint': 'EXTRACTED_FROM_GENERATED_NETLIST'}","[{'endpoint_type': 'instance_pin', 'endpoint_name': 'XSRAM_6T_CORE_16x16.BL6'}, {'endpoint_type': 'instance_pin', 'endpoint_name': 'XPRECHARGE_6.BL'}, {'endpoint_type': 'instance_pin', 'endpoint_name': 'XSENSEAMP_6.IN'}, {'endpoint_type': 'instance_pin', 'endpoint_name': 'XWRITEDRIVER_6.BL'}]"
OPENYIELD_SRAM_TOP_V1,bl7,bl7,4,False,internal,"{'source_file': 'sram_compiler/testbenches/sram_6t_core_testbench.py::Sram6TCoreTestbench.create_testbench', 'source_class': '', 'source_module_name': 'OPENYIELD_SRAM_TOP_V1', 'role_hint': 'EXTRACTED_FROM_GENERATED_NETLIST'}","[{'endpoint_type': 'instance_pin', 'endpoint_name': 'XSRAM_6T_CORE_16x16.BL7'}, {'endpoint_type': 'instance_pin', 'endpoint_name': 'XPRECHARGE_7.BL'}, {'endpoint_type': 'instance_pin', 'endpoint_name': 'XSENSEAMP_7.IN'}, {'endpoint_type': 'instance_pin', 'endpoint_name': 'XWRITEDRIVER_7.BL'}]"
OPENYIELD_SRAM_TOP_V1,bl8,bl8,4,False,internal,"{'source_file': 'sram_compiler/testbenches/sram_6t_core_testbench.py::Sram6TCoreTestbench.create_testbench', 'source_class': '', 'source_module_name': 'OPENYIELD_SRAM_TOP_V1', 'role_hint': 'EXTRACTED_FROM_GENERATED_NETLIST'}","[{'endpoint_type': 'instance_pin', 'endpoint_name': 'XSRAM_6T_CORE_16x16.BL8'}, {'endpoint_type': 'instance_pin', 'endpoint_name': 'XPRECHARGE_8.BL'}, {'endpoint_type': 'instance_pin', 'endpoint_name': 'XSENSEAMP_8.IN'}, {'endpoint_type': 'instance_pin', 'endpoint_name': 'XWRITEDRIVER_8.BL'}]"
OPENYIELD_SRAM_TOP_V1,bl9,bl9,4,False,internal,"{'source_file': 'sram_compiler/testbenches/sram_6t_core_testbench.py::Sram6TCoreTestbench.create_testbench', 'source_class': '', 'source_module_name': 'OPENYIELD_SRAM_TOP_V1', 'role_hint': 'EXTRACTED_FROM_GENERATED_NETLIST'}","[{'endpoint_type': 'instance_pin', 'endpoint_name': 'XSRAM_6T_CORE_16x16.BL9'}, {'endpoint_type': 'instance_pin', 'endpoint_name': 'XPRECHARGE_9.BL'}, {'endpoint_type': 'instance_pin', 'endpoint_name': 'XSENSEAMP_9.IN'}, {'endpoint_type': 'instance_pin', 'endpoint_name': 'XWRITEDRIVER_9.BL'}]"
OPENYIELD_SRAM_TOP_V1,blb0,blb0,4,False,internal,"{'source_file': 'sram_compiler/testbenches/sram_6t_core_testbench.py::Sram6TCoreTestbench.create_testbench', 'source_class': '', 'source_module_name': 'OPENYIELD_SRAM_TOP_V1', 'role_hint': 'EXTRACTED_FROM_GENERATED_NETLIST'}","[{'endpoint_type': 'instance_pin', 'endpoint_name': 'XSRAM_6T_CORE_16x16.BLB0'}, {'endpoint_type': 'instance_pin', 'endpoint_name': 'XPRECHARGE_0.BLB'}, {'endpoint_type': 'instance_pin', 'endpoint_name': 'XSENSEAMP_0.INB'}, {'endpoint_type': 'instance_pin', 'endpoint_name': 'XWRITEDRIVER_0.BLB'}]"
OPENYIELD_SRAM_TOP_V1,blb1,blb1,4,False,internal,"{'source_file': 'sram_compiler/testbenches/sram_6t_core_testbench.py::Sram6TCoreTestbench.create_testbench', 'source_class': '', 'source_module_name': 'OPENYIELD_SRAM_TOP_V1', 'role_hint': 'EXTRACTED_FROM_GENERATED_NETLIST'}","[{'endpoint_type': 'instance_pin', 'endpoint_name': 'XSRAM_6T_CORE_16x16.BLB1'}, {'endpoint_type': 'instance_pin', 'endpoint_name': 'XPRECHARGE_1.BLB'}, {'endpoint_type': 'instance_pin', 'endpoint_name': 'XSENSEAMP_1.INB'}, {'endpoint_type': 'instance_pin', 'endpoint_name': 'XWRITEDRIVER_1.BLB'}]"
OPENYIELD_SRAM_TOP_V1,blb10,blb10,4,False,internal,"{'source_file': 'sram_compiler/testbenches/sram_6t_core_testbench.py::Sram6TCoreTestbench.create_testbench', 'source_class': '', 'source_module_name': 'OPENYIELD_SRAM_TOP_V1', 'role_hint': 'EXTRACTED_FROM_GENERATED_NETLIST'}","[{'endpoint_type': 'instance_pin', 'endpoint_name': 'XSRAM_6T_CORE_16x16.BLB10'}, {'endpoint_type': 'instance_pin', 'endpoint_name': 'XPRECHARGE_10.BLB'}, {'endpoint_type': 'instance_pin', 'endpoint_name': 'XSENSEAMP_10.INB'}, {'endpoint_type': 'instance_pin', 'endpoint_name': 'XWRITEDRIVER_10.BLB'}]"
OPENYIELD_SRAM_TOP_V1,blb11,blb11,4,False,internal,"{'source_file': 'sram_compiler/testbenches/sram_6t_core_testbench.py::Sram6TCoreTestbench.create_testbench', 'source_class': '', 'source_module_name': 'OPENYIELD_SRAM_TOP_V1', 'role_hint': 'EXTRACTED_FROM_GENERATED_NETLIST'}","[{'endpoint_type': 'instance_pin', 'endpoint_name': 'XSRAM_6T_CORE_16x16.BLB11'}, {'endpoint_type': 'instance_pin', 'endpoint_name': 'XPRECHARGE_11.BLB'}, {'endpoint_type': 'instance_pin', 'endpoint_name': 'XSENSEAMP_11.INB'}, {'endpoint_type': 'instance_pin', 'endpoint_name': 'XWRITEDRIVER_11.BLB'}]"
OPENYIELD_SRAM_TOP_V1,blb12,blb12,4,False,internal,"{'source_file': 'sram_compiler/testbenches/sram_6t_core_testbench.py::Sram6TCoreTestbench.create_testbench', 'source_class': '', 'source_module_name': 'OPENYIELD_SRAM_TOP_V1', 'role_hint': 'EXTRACTED_FROM_GENERATED_NETLIST'}","[{'endpoint_type': 'instance_pin', 'endpoint_name': 'XSRAM_6T_CORE_16x16.BLB12'}, {'endpoint_type': 'instance_pin', 'endpoint_name': 'XPRECHARGE_12.BLB'}, {'endpoint_type': 'instance_pin', 'endpoint_name': 'XSENSEAMP_12.INB'}, {'endpoint_type': 'instance_pin', 'endpoint_name': 'XWRITEDRIVER_12.BLB'}]"
OPENYIELD_SRAM_TOP_V1,blb13,blb13,4,False,internal,"{'source_file': 'sram_compiler/testbenches/sram_6t_core_testbench.py::Sram6TCoreTestbench.create_testbench', 'source_class': '', 'source_module_name': 'OPENYIELD_SRAM_TOP_V1', 'role_hint': 'EXTRACTED_FROM_GENERATED_NETLIST'}","[{'endpoint_type': 'instance_pin', 'endpoint_name': 'XSRAM_6T_CORE_16x16.BLB13'}, {'endpoint_type': 'instance_pin', 'endpoint_name': 'XPRECHARGE_13.BLB'}, {'endpoint_type': 'instance_pin', 'endpoint_name': 'XSENSEAMP_13.INB'}, {'endpoint_type': 'instance_pin', 'endpoint_name': 'XWRITEDRIVER_13.BLB'}]"
OPENYIELD_SRAM_TOP_V1,blb14,blb14,4,False,internal,"{'source_file': 'sram_compiler/testbenches/sram_6t_core_testbench.py::Sram6TCoreTestbench.create_testbench', 'source_class': '', 'source_module_name': 'OPENYIELD_SRAM_TOP_V1', 'role_hint': 'EXTRACTED_FROM_GENERATED_NETLIST'}","[{'endpoint_type': 'instance_pin', 'endpoint_name': 'XSRAM_6T_CORE_16x16.BLB14'}, {'endpoint_type': 'instance_pin', 'endpoint_name': 'XPRECHARGE_14.BLB'}, {'endpoint_type': 'instance_pin', 'endpoint_name': 'XSENSEAMP_14.INB'}, {'endpoint_type': 'instance_pin', 'endpoint_name': 'XWRITEDRIVER_14.BLB'}]"
OPENYIELD_SRAM_TOP_V1,blb15,blb15,4,False,internal,"{'source_file': 'sram_compiler/testbenches/sram_6t_core_testbench.py::Sram6TCoreTestbench.create_testbench', 'source_class': '', 'source_module_name': 'OPENYIELD_SRAM_TOP_V1', 'role_hint': 'EXTRACTED_FROM_GENERATED_NETLIST'}","[{'endpoint_type': 'instance_pin', 'endpoint_name': 'XSRAM_6T_CORE_16x16.BLB15'}, {'endpoint_type': 'instance_pin', 'endpoint_name': 'XPRECHARGE_15.BLB'}, {'endpoint_type': 'instance_pin', 'endpoint_name': 'XSENSEAMP_15.INB'}, {'endpoint_type': 'instance_pin', 'endpoint_name': 'XWRITEDRIVER_15.BLB'}]"
OPENYIELD_SRAM_TOP_V1,blb2,blb2,4,False,internal,"{'source_file': 'sram_compiler/testbenches/sram_6t_core_testbench.py::Sram6TCoreTestbench.create_testbench', 'source_class': '', 'source_module_name': 'OPENYIELD_SRAM_TOP_V1', 'role_hint': 'EXTRACTED_FROM_GENERATED_NETLIST'}","[{'endpoint_type': 'instance_pin', 'endpoint_name': 'XSRAM_6T_CORE_16x16.BLB2'}, {'endpoint_type': 'instance_pin', 'endpoint_name': 'XPRECHARGE_2.BLB'}, {'endpoint_type': 'instance_pin', 'endpoint_name': 'XSENSEAMP_2.INB'}, {'endpoint_type': 'instance_pin', 'endpoint_name': 'XWRITEDRIVER_2.BLB'}]"
OPENYIELD_SRAM_TOP_V1,blb3,blb3,4,False,internal,"{'source_file': 'sram_compiler/testbenches/sram_6t_core_testbench.py::Sram6TCoreTestbench.create_testbench', 'source_class': '', 'source_module_name': 'OPENYIELD_SRAM_TOP_V1', 'role_hint': 'EXTRACTED_FROM_GENERATED_NETLIST'}","[{'endpoint_type': 'instance_pin', 'endpoint_name': 'XSRAM_6T_CORE_16x16.BLB3'}, {'endpoint_type': 'instance_pin', 'endpoint_name': 'XPRECHARGE_3.BLB'}, {'endpoint_type': 'instance_pin', 'endpoint_name': 'XSENSEAMP_3.INB'}, {'endpoint_type': 'instance_pin', 'endpoint_name': 'XWRITEDRIVER_3.BLB'}]"
OPENYIELD_SRAM_TOP_V1,blb4,blb4,4,False,internal,"{'source_file': 'sram_compiler/testbenches/sram_6t_core_testbench.py::Sram6TCoreTestbench.create_testbench', 'source_class': '', 'source_module_name': 'OPENYIELD_SRAM_TOP_V1', 'role_hint': 'EXTRACTED_FROM_GENERATED_NETLIST'}","[{'endpoint_type': 'instance_pin', 'endpoint_name': 'XSRAM_6T_CORE_16x16.BLB4'}, {'endpoint_type': 'instance_pin', 'endpoint_name': 'XPRECHARGE_4.BLB'}, {'endpoint_type': 'instance_pin', 'endpoint_name': 'XSENSEAMP_4.INB'}, {'endpoint_type': 'instance_pin', 'endpoint_name': 'XWRITEDRIVER_4.BLB'}]"
OPENYIELD_SRAM_TOP_V1,blb5,blb5,4,False,internal,"{'source_file': 'sram_compiler/testbenches/sram_6t_core_testbench.py::Sram6TCoreTestbench.create_testbench', 'source_class': '', 'source_module_name': 'OPENYIELD_SRAM_TOP_V1', 'role_hint': 'EXTRACTED_FROM_GENERATED_NETLIST'}","[{'endpoint_type': 'instance_pin', 'endpoint_name': 'XSRAM_6T_CORE_16x16.BLB5'}, {'endpoint_type': 'instance_pin', 'endpoint_name': 'XPRECHARGE_5.BLB'}, {'endpoint_type': 'instance_pin', 'endpoint_name': 'XSENSEAMP_5.INB'}, {'endpoint_type': 'instance_pin', 'endpoint_name': 'XWRITEDRIVER_5.BLB'}]"
OPENYIELD_SRAM_TOP_V1,blb6,blb6,4,False,internal,"{'source_file': 'sram_compiler/testbenches/sram_6t_core_testbench.py::Sram6TCoreTestbench.create_testbench', 'source_class': '', 'source_module_name': 'OPENYIELD_SRAM_TOP_V1', 'role_hint': 'EXTRACTED_FROM_GENERATED_NETLIST'}","[{'endpoint_type': 'instance_pin', 'endpoint_name': 'XSRAM_6T_CORE_16x16.BLB6'}, {'endpoint_type': 'instance_pin', 'endpoint_name': 'XPRECHARGE_6.BLB'}, {'endpoint_type': 'instance_pin', 'endpoint_name': 'XSENSEAMP_6.INB'}, {'endpoint_type': 'instance_pin', 'endpoint_name': 'XWRITEDRIVER_6.BLB'}]"
OPENYIELD_SRAM_TOP_V1,blb7,blb7,4,False,internal,"{'source_file': 'sram_compiler/testbenches/sram_6t_core_testbench.py::Sram6TCoreTestbench.create_testbench', 'source_class': '', 'source_module_name': 'OPENYIELD_SRAM_TOP_V1', 'role_hint': 'EXTRACTED_FROM_GENERATED_NETLIST'}","[{'endpoint_type': 'instance_pin', 'endpoint_name': 'XSRAM_6T_CORE_16x16.BLB7'}, {'endpoint_type': 'instance_pin', 'endpoint_name': 'XPRECHARGE_7.BLB'}, {'endpoint_type': 'instance_pin', 'endpoint_name': 'XSENSEAMP_7.INB'}, {'endpoint_type': 'instance_pin', 'endpoint_name': 'XWRITEDRIVER_7.BLB'}]"
OPENYIELD_SRAM_TOP_V1,blb8,blb8,4,False,internal,"{'source_file': 'sram_compiler/testbenches/sram_6t_core_testbench.py::Sram6TCoreTestbench.create_testbench', 'source_class': '', 'source_module_name': 'OPENYIELD_SRAM_TOP_V1', 'role_hint': 'EXTRACTED_FROM_GENERATED_NETLIST'}","[{'endpoint_type': 'instance_pin', 'endpoint_name': 'XSRAM_6T_CORE_16x16.BLB8'}, {'endpoint_type': 'instance_pin', 'endpoint_name': 'XPRECHARGE_8.BLB'}, {'endpoint_type': 'instance_pin', 'endpoint_name': 'XSENSEAMP_8.INB'}, {'endpoint_type': 'instance_pin', 'endpoint_name': 'XWRITEDRIVER_8.BLB'}]"
OPENYIELD_SRAM_TOP_V1,blb9,blb9,4,False,internal,"{'source_file': 'sram_compiler/testbenches/sram_6t_core_testbench.py::Sram6TCoreTestbench.create_testbench', 'source_class': '', 'source_module_name': 'OPENYIELD_SRAM_TOP_V1', 'role_hint': 'EXTRACTED_FROM_GENERATED_NETLIST'}","[{'endpoint_type': 'instance_pin', 'endpoint_name': 'XSRAM_6T_CORE_16x16.BLB9'}, {'endpoint_type': 'instance_pin', 'endpoint_name': 'XPRECHARGE_9.BLB'}, {'endpoint_type': 'instance_pin', 'endpoint_name': 'XSENSEAMP_9.INB'}, {'endpoint_type': 'instance_pin', 'endpoint_name': 'XWRITEDRIVER_9.BLB'}]"
OPENYIELD_SRAM_TOP_V1,clk,clk,2,True,clock,"{'source_file': 'sram_compiler/testbenches/sram_6t_core_testbench.py::Sram6TCoreTestbench.create_testbench', 'source_class': '', 'source_module_name': 'OPENYIELD_SRAM_TOP_V1', 'role_hint': 'EXTRACTED_FROM_GENERATED_NETLIST'}","[{'endpoint_type': 'module_pin', 'endpoint_name': 'clk'}, {'endpoint_type': 'instance_pin', 'endpoint_name': 'XTIME.clk'}]"
OPENYIELD_SRAM_TOP_V1,clk_bar,clk_bar,1,False,internal,"{'source_file': 'sram_compiler/testbenches/sram_6t_core_testbench.py::Sram6TCoreTestbench.create_testbench', 'source_class': '', 'source_module_name': 'OPENYIELD_SRAM_TOP_V1', 'role_hint': 'EXTRACTED_FROM_GENERATED_NETLIST'}","[{'endpoint_type': 'instance_pin', 'endpoint_name': 'XTIME.clk_bar'}]"
OPENYIELD_SRAM_TOP_V1,clk_buf,clk_buf,1,False,internal,"{'source_file': 'sram_compiler/testbenches/sram_6t_core_testbench.py::Sram6TCoreTestbench.create_testbench', 'source_class': '', 'source_module_name': 'OPENYIELD_SRAM_TOP_V1', 'role_hint': 'EXTRACTED_FROM_GENERATED_NETLIST'}","[{'endpoint_type': 'instance_pin', 'endpoint_name': 'XTIME.clk_buf'}]"
OPENYIELD_SRAM_TOP_V1,cs,cs,1,False,internal,"{'source_file': 'sram_compiler/testbenches/sram_6t_core_testbench.py::Sram6TCoreTestbench.create_testbench', 'source_class': '', 'source_module_name': 'OPENYIELD_SRAM_TOP_V1', 'role_hint': 'EXTRACTED_FROM_GENERATED_NETLIST'}","[{'endpoint_type': 'instance_pin', 'endpoint_name': 'XTIME.cs'}]"
OPENYIELD_SRAM_TOP_V1,cs_bar,cs_bar,1,False,internal,"{'source_file': 'sram_compiler/testbenches/sram_6t_core_testbench.py::Sram6TCoreTestbench.create_testbench', 'source_class': '', 'source_module_name': 'OPENYIELD_SRAM_TOP_V1', 'role_hint': 'EXTRACTED_FROM_GENERATED_NETLIST'}","[{'endpoint_type': 'instance_pin', 'endpoint_name': 'XTIME.cs_bar'}]"
OPENYIELD_SRAM_TOP_V1,csb,csb,2,True,chip_select_bar,"{'source_file': 'sram_compiler/testbenches/sram_6t_core_testbench.py::Sram6TCoreTestbench.create_testbench', 'source_class': '', 'source_module_name': 'OPENYIELD_SRAM_TOP_V1', 'role_hint': 'EXTRACTED_FROM_GENERATED_NETLIST'}","[{'endpoint_type': 'module_pin', 'endpoint_name': 'csb'}, {'endpoint_type': 'instance_pin', 'endpoint_name': 'XTIME.csb'}]"
OPENYIELD_SRAM_TOP_V1,dec_wl0,dec_wl0,2,False,internal,"{'source_file': 'sram_compiler/testbenches/sram_6t_core_testbench.py::Sram6TCoreTestbench.create_testbench', 'source_class': '', 'source_module_name': 'OPENYIELD_SRAM_TOP_V1', 'role_hint': 'EXTRACTED_FROM_GENERATED_NETLIST'}","[{'endpoint_type': 'instance_pin', 'endpoint_name': 'XDECODER.WL0'}, {'endpoint_type': 'instance_pin', 'endpoint_name': 'XWL_DRV_0.A'}]"
OPENYIELD_SRAM_TOP_V1,dec_wl1,dec_wl1,2,False,internal,"{'source_file': 'sram_compiler/testbenches/sram_6t_core_testbench.py::Sram6TCoreTestbench.create_testbench', 'source_class': '', 'source_module_name': 'OPENYIELD_SRAM_TOP_V1', 'role_hint': 'EXTRACTED_FROM_GENERATED_NETLIST'}","[{'endpoint_type': 'instance_pin', 'endpoint_name': 'XDECODER.WL1'}, {'endpoint_type': 'instance_pin', 'endpoint_name': 'XWL_DRV_1.A'}]"
OPENYIELD_SRAM_TOP_V1,dec_wl10,dec_wl10,2,False,internal,"{'source_file': 'sram_compiler/testbenches/sram_6t_core_testbench.py::Sram6TCoreTestbench.create_testbench', 'source_class': '', 'source_module_name': 'OPENYIELD_SRAM_TOP_V1', 'role_hint': 'EXTRACTED_FROM_GENERATED_NETLIST'}","[{'endpoint_type': 'instance_pin', 'endpoint_name': 'XDECODER.WL10'}, {'endpoint_type': 'instance_pin', 'endpoint_name': 'XWL_DRV_10.A'}]"
OPENYIELD_SRAM_TOP_V1,dec_wl11,dec_wl11,2,False,internal,"{'source_file': 'sram_compiler/testbenches/sram_6t_core_testbench.py::Sram6TCoreTestbench.create_testbench', 'source_class': '', 'source_module_name': 'OPENYIELD_SRAM_TOP_V1', 'role_hint': 'EXTRACTED_FROM_GENERATED_NETLIST'}","[{'endpoint_type': 'instance_pin', 'endpoint_name': 'XDECODER.WL11'}, {'endpoint_type': 'instance_pin', 'endpoint_name': 'XWL_DRV_11.A'}]"
OPENYIELD_SRAM_TOP_V1,dec_wl12,dec_wl12,2,False,internal,"{'source_file': 'sram_compiler/testbenches/sram_6t_core_testbench.py::Sram6TCoreTestbench.create_testbench', 'source_class': '', 'source_module_name': 'OPENYIELD_SRAM_TOP_V1', 'role_hint': 'EXTRACTED_FROM_GENERATED_NETLIST'}","[{'endpoint_type': 'instance_pin', 'endpoint_name': 'XDECODER.WL12'}, {'endpoint_type': 'instance_pin', 'endpoint_name': 'XWL_DRV_12.A'}]"
OPENYIELD_SRAM_TOP_V1,dec_wl13,dec_wl13,2,False,internal,"{'source_file': 'sram_compiler/testbenches/sram_6t_core_testbench.py::Sram6TCoreTestbench.create_testbench', 'source_class': '', 'source_module_name': 'OPENYIELD_SRAM_TOP_V1', 'role_hint': 'EXTRACTED_FROM_GENERATED_NETLIST'}","[{'endpoint_type': 'instance_pin', 'endpoint_name': 'XDECODER.WL13'}, {'endpoint_type': 'instance_pin', 'endpoint_name': 'XWL_DRV_13.A'}]"
OPENYIELD_SRAM_TOP_V1,dec_wl14,dec_wl14,2,False,internal,"{'source_file': 'sram_compiler/testbenches/sram_6t_core_testbench.py::Sram6TCoreTestbench.create_testbench', 'source_class': '', 'source_module_name': 'OPENYIELD_SRAM_TOP_V1', 'role_hint': 'EXTRACTED_FROM_GENERATED_NETLIST'}","[{'endpoint_type': 'instance_pin', 'endpoint_name': 'XDECODER.WL14'}, {'endpoint_type': 'instance_pin', 'endpoint_name': 'XWL_DRV_14.A'}]"
OPENYIELD_SRAM_TOP_V1,dec_wl15,dec_wl15,2,False,internal,"{'source_file': 'sram_compiler/testbenches/sram_6t_core_testbench.py::Sram6TCoreTestbench.create_testbench', 'source_class': '', 'source_module_name': 'OPENYIELD_SRAM_TOP_V1', 'role_hint': 'EXTRACTED_FROM_GENERATED_NETLIST'}","[{'endpoint_type': 'instance_pin', 'endpoint_name': 'XDECODER.WL15'}, {'endpoint_type': 'instance_pin', 'endpoint_name': 'XWL_DRV_15.A'}]"
OPENYIELD_SRAM_TOP_V1,dec_wl2,dec_wl2,2,False,internal,"{'source_file': 'sram_compiler/testbenches/sram_6t_core_testbench.py::Sram6TCoreTestbench.create_testbench', 'source_class': '', 'source_module_name': 'OPENYIELD_SRAM_TOP_V1', 'role_hint': 'EXTRACTED_FROM_GENERATED_NETLIST'}","[{'endpoint_type': 'instance_pin', 'endpoint_name': 'XDECODER.WL2'}, {'endpoint_type': 'instance_pin', 'endpoint_name': 'XWL_DRV_2.A'}]"
OPENYIELD_SRAM_TOP_V1,dec_wl3,dec_wl3,2,False,internal,"{'source_file': 'sram_compiler/testbenches/sram_6t_core_testbench.py::Sram6TCoreTestbench.create_testbench', 'source_class': '', 'source_module_name': 'OPENYIELD_SRAM_TOP_V1', 'role_hint': 'EXTRACTED_FROM_GENERATED_NETLIST'}","[{'endpoint_type': 'instance_pin', 'endpoint_name': 'XDECODER.WL3'}, {'endpoint_type': 'instance_pin', 'endpoint_name': 'XWL_DRV_3.A'}]"
OPENYIELD_SRAM_TOP_V1,dec_wl4,dec_wl4,2,False,internal,"{'source_file': 'sram_compiler/testbenches/sram_6t_core_testbench.py::Sram6TCoreTestbench.create_testbench', 'source_class': '', 'source_module_name': 'OPENYIELD_SRAM_TOP_V1', 'role_hint': 'EXTRACTED_FROM_GENERATED_NETLIST'}","[{'endpoint_type': 'instance_pin', 'endpoint_name': 'XDECODER.WL4'}, {'endpoint_type': 'instance_pin', 'endpoint_name': 'XWL_DRV_4.A'}]"
OPENYIELD_SRAM_TOP_V1,dec_wl5,dec_wl5,2,False,internal,"{'source_file': 'sram_compiler/testbenches/sram_6t_core_testbench.py::Sram6TCoreTestbench.create_testbench', 'source_class': '', 'source_module_name': 'OPENYIELD_SRAM_TOP_V1', 'role_hint': 'EXTRACTED_FROM_GENERATED_NETLIST'}","[{'endpoint_type': 'instance_pin', 'endpoint_name': 'XDECODER.WL5'}, {'endpoint_type': 'instance_pin', 'endpoint_name': 'XWL_DRV_5.A'}]"
OPENYIELD_SRAM_TOP_V1,dec_wl6,dec_wl6,2,False,internal,"{'source_file': 'sram_compiler/testbenches/sram_6t_core_testbench.py::Sram6TCoreTestbench.create_testbench', 'source_class': '', 'source_module_name': 'OPENYIELD_SRAM_TOP_V1', 'role_hint': 'EXTRACTED_FROM_GENERATED_NETLIST'}","[{'endpoint_type': 'instance_pin', 'endpoint_name': 'XDECODER.WL6'}, {'endpoint_type': 'instance_pin', 'endpoint_name': 'XWL_DRV_6.A'}]"
OPENYIELD_SRAM_TOP_V1,dec_wl7,dec_wl7,2,False,internal,"{'source_file': 'sram_compiler/testbenches/sram_6t_core_testbench.py::Sram6TCoreTestbench.create_testbench', 'source_class': '', 'source_module_name': 'OPENYIELD_SRAM_TOP_V1', 'role_hint': 'EXTRACTED_FROM_GENERATED_NETLIST'}","[{'endpoint_type': 'instance_pin', 'endpoint_name': 'XDECODER.WL7'}, {'endpoint_type': 'instance_pin', 'endpoint_name': 'XWL_DRV_7.A'}]"
OPENYIELD_SRAM_TOP_V1,dec_wl8,dec_wl8,2,False,internal,"{'source_file': 'sram_compiler/testbenches/sram_6t_core_testbench.py::Sram6TCoreTestbench.create_testbench', 'source_class': '', 'source_module_name': 'OPENYIELD_SRAM_TOP_V1', 'role_hint': 'EXTRACTED_FROM_GENERATED_NETLIST'}","[{'endpoint_type': 'instance_pin', 'endpoint_name': 'XDECODER.WL8'}, {'endpoint_type': 'instance_pin', 'endpoint_name': 'XWL_DRV_8.A'}]"
OPENYIELD_SRAM_TOP_V1,dec_wl9,dec_wl9,2,False,internal,"{'source_file': 'sram_compiler/testbenches/sram_6t_core_testbench.py::Sram6TCoreTestbench.create_testbench', 'source_class': '', 'source_module_name': 'OPENYIELD_SRAM_TOP_V1', 'role_hint': 'EXTRACTED_FROM_GENERATED_NETLIST'}","[{'endpoint_type': 'instance_pin', 'endpoint_name': 'XDECODER.WL9'}, {'endpoint_type': 'instance_pin', 'endpoint_name': 'XWL_DRV_9.A'}]"
OPENYIELD_SRAM_TOP_V1,DIN0,din0,2,True,data_input,"{'source_file': 'sram_compiler/testbenches/sram_6t_core_testbench.py::Sram6TCoreTestbench.create_testbench', 'source_class': '', 'source_module_name': 'OPENYIELD_SRAM_TOP_V1', 'role_hint': 'EXTRACTED_FROM_GENERATED_NETLIST'}","[{'endpoint_type': 'module_pin', 'endpoint_name': 'DIN0'}, {'endpoint_type': 'instance_pin', 'endpoint_name': 'XTIME.DIN0'}]"
OPENYIELD_SRAM_TOP_V1,DIN1,din1,2,True,data_input,"{'source_file': 'sram_compiler/testbenches/sram_6t_core_testbench.py::Sram6TCoreTestbench.create_testbench', 'source_class': '', 'source_module_name': 'OPENYIELD_SRAM_TOP_V1', 'role_hint': 'EXTRACTED_FROM_GENERATED_NETLIST'}","[{'endpoint_type': 'module_pin', 'endpoint_name': 'DIN1'}, {'endpoint_type': 'instance_pin', 'endpoint_name': 'XTIME.DIN1'}]"
OPENYIELD_SRAM_TOP_V1,DIN10,din10,2,True,data_input,"{'source_file': 'sram_compiler/testbenches/sram_6t_core_testbench.py::Sram6TCoreTestbench.create_testbench', 'source_class': '', 'source_module_name': 'OPENYIELD_SRAM_TOP_V1', 'role_hint': 'EXTRACTED_FROM_GENERATED_NETLIST'}","[{'endpoint_type': 'module_pin', 'endpoint_name': 'DIN10'}, {'endpoint_type': 'instance_pin', 'endpoint_name': 'XTIME.DIN10'}]"
OPENYIELD_SRAM_TOP_V1,DIN11,din11,2,True,data_input,"{'source_file': 'sram_compiler/testbenches/sram_6t_core_testbench.py::Sram6TCoreTestbench.create_testbench', 'source_class': '', 'source_module_name': 'OPENYIELD_SRAM_TOP_V1', 'role_hint': 'EXTRACTED_FROM_GENERATED_NETLIST'}","[{'endpoint_type': 'module_pin', 'endpoint_name': 'DIN11'}, {'endpoint_type': 'instance_pin', 'endpoint_name': 'XTIME.DIN11'}]"
OPENYIELD_SRAM_TOP_V1,DIN12,din12,2,True,data_input,"{'source_file': 'sram_compiler/testbenches/sram_6t_core_testbench.py::Sram6TCoreTestbench.create_testbench', 'source_class': '', 'source_module_name': 'OPENYIELD_SRAM_TOP_V1', 'role_hint': 'EXTRACTED_FROM_GENERATED_NETLIST'}","[{'endpoint_type': 'module_pin', 'endpoint_name': 'DIN12'}, {'endpoint_type': 'instance_pin', 'endpoint_name': 'XTIME.DIN12'}]"
OPENYIELD_SRAM_TOP_V1,DIN13,din13,2,True,data_input,"{'source_file': 'sram_compiler/testbenches/sram_6t_core_testbench.py::Sram6TCoreTestbench.create_testbench', 'source_class': '', 'source_module_name': 'OPENYIELD_SRAM_TOP_V1', 'role_hint': 'EXTRACTED_FROM_GENERATED_NETLIST'}","[{'endpoint_type': 'module_pin', 'endpoint_name': 'DIN13'}, {'endpoint_type': 'instance_pin', 'endpoint_name': 'XTIME.DIN13'}]"
OPENYIELD_SRAM_TOP_V1,DIN14,din14,2,True,data_input,"{'source_file': 'sram_compiler/testbenches/sram_6t_core_testbench.py::Sram6TCoreTestbench.create_testbench', 'source_class': '', 'source_module_name': 'OPENYIELD_SRAM_TOP_V1', 'role_hint': 'EXTRACTED_FROM_GENERATED_NETLIST'}","[{'endpoint_type': 'module_pin', 'endpoint_name': 'DIN14'}, {'endpoint_type': 'instance_pin', 'endpoint_name': 'XTIME.DIN14'}]"
OPENYIELD_SRAM_TOP_V1,DIN15,din15,2,True,data_input,"{'source_file': 'sram_compiler/testbenches/sram_6t_core_testbench.py::Sram6TCoreTestbench.create_testbench', 'source_class': '', 'source_module_name': 'OPENYIELD_SRAM_TOP_V1', 'role_hint': 'EXTRACTED_FROM_GENERATED_NETLIST'}","[{'endpoint_type': 'module_pin', 'endpoint_name': 'DIN15'}, {'endpoint_type': 'instance_pin', 'endpoint_name': 'XTIME.DIN15'}]"
OPENYIELD_SRAM_TOP_V1,DIN2,din2,2,True,data_input,"{'source_file': 'sram_compiler/testbenches/sram_6t_core_testbench.py::Sram6TCoreTestbench.create_testbench', 'source_class': '', 'source_module_name': 'OPENYIELD_SRAM_TOP_V1', 'role_hint': 'EXTRACTED_FROM_GENERATED_NETLIST'}","[{'endpoint_type': 'module_pin', 'endpoint_name': 'DIN2'}, {'endpoint_type': 'instance_pin', 'endpoint_name': 'XTIME.DIN2'}]"
OPENYIELD_SRAM_TOP_V1,DIN3,din3,2,True,data_input,"{'source_file': 'sram_compiler/testbenches/sram_6t_core_testbench.py::Sram6TCoreTestbench.create_testbench', 'source_class': '', 'source_module_name': 'OPENYIELD_SRAM_TOP_V1', 'role_hint': 'EXTRACTED_FROM_GENERATED_NETLIST'}","[{'endpoint_type': 'module_pin', 'endpoint_name': 'DIN3'}, {'endpoint_type': 'instance_pin', 'endpoint_name': 'XTIME.DIN3'}]"
OPENYIELD_SRAM_TOP_V1,DIN4,din4,2,True,data_input,"{'source_file': 'sram_compiler/testbenches/sram_6t_core_testbench.py::Sram6TCoreTestbench.create_testbench', 'source_class': '', 'source_module_name': 'OPENYIELD_SRAM_TOP_V1', 'role_hint': 'EXTRACTED_FROM_GENERATED_NETLIST'}","[{'endpoint_type': 'module_pin', 'endpoint_name': 'DIN4'}, {'endpoint_type': 'instance_pin', 'endpoint_name': 'XTIME.DIN4'}]"
OPENYIELD_SRAM_TOP_V1,DIN5,din5,2,True,data_input,"{'source_file': 'sram_compiler/testbenches/sram_6t_core_testbench.py::Sram6TCoreTestbench.create_testbench', 'source_class': '', 'source_module_name': 'OPENYIELD_SRAM_TOP_V1', 'role_hint': 'EXTRACTED_FROM_GENERATED_NETLIST'}","[{'endpoint_type': 'module_pin', 'endpoint_name': 'DIN5'}, {'endpoint_type': 'instance_pin', 'endpoint_name': 'XTIME.DIN5'}]"
OPENYIELD_SRAM_TOP_V1,DIN6,din6,2,True,data_input,"{'source_file': 'sram_compiler/testbenches/sram_6t_core_testbench.py::Sram6TCoreTestbench.create_testbench', 'source_class': '', 'source_module_name': 'OPENYIELD_SRAM_TOP_V1', 'role_hint': 'EXTRACTED_FROM_GENERATED_NETLIST'}","[{'endpoint_type': 'module_pin', 'endpoint_name': 'DIN6'}, {'endpoint_type': 'instance_pin', 'endpoint_name': 'XTIME.DIN6'}]"
OPENYIELD_SRAM_TOP_V1,DIN7,din7,2,True,data_input,"{'source_file': 'sram_compiler/testbenches/sram_6t_core_testbench.py::Sram6TCoreTestbench.create_testbench', 'source_class': '', 'source_module_name': 'OPENYIELD_SRAM_TOP_V1', 'role_hint': 'EXTRACTED_FROM_GENERATED_NETLIST'}","[{'endpoint_type': 'module_pin', 'endpoint_name': 'DIN7'}, {'endpoint_type': 'instance_pin', 'endpoint_name': 'XTIME.DIN7'}]"
OPENYIELD_SRAM_TOP_V1,DIN8,din8,2,True,data_input,"{'source_file': 'sram_compiler/testbenches/sram_6t_core_testbench.py::Sram6TCoreTestbench.create_testbench', 'source_class': '', 'source_module_name': 'OPENYIELD_SRAM_TOP_V1', 'role_hint': 'EXTRACTED_FROM_GENERATED_NETLIST'}","[{'endpoint_type': 'module_pin', 'endpoint_name': 'DIN8'}, {'endpoint_type': 'instance_pin', 'endpoint_name': 'XTIME.DIN8'}]"
OPENYIELD_SRAM_TOP_V1,DIN9,din9,2,True,data_input,"{'source_file': 'sram_compiler/testbenches/sram_6t_core_testbench.py::Sram6TCoreTestbench.create_testbench', 'source_class': '', 'source_module_name': 'OPENYIELD_SRAM_TOP_V1', 'role_hint': 'EXTRACTED_FROM_GENERATED_NETLIST'}","[{'endpoint_type': 'module_pin', 'endpoint_name': 'DIN9'}, {'endpoint_type': 'instance_pin', 'endpoint_name': 'XTIME.DIN9'}]"
OPENYIELD_SRAM_TOP_V1,din_dff0,din_dff0,2,False,internal,"{'source_file': 'sram_compiler/testbenches/sram_6t_core_testbench.py::Sram6TCoreTestbench.create_testbench', 'source_class': '', 'source_module_name': 'OPENYIELD_SRAM_TOP_V1', 'role_hint': 'EXTRACTED_FROM_GENERATED_NETLIST'}","[{'endpoint_type': 'instance_pin', 'endpoint_name': 'XTIME.DIN_dff0'}, {'endpoint_type': 'instance_pin', 'endpoint_name': 'XWRITEDRIVER_0.DIN'}]"
OPENYIELD_SRAM_TOP_V1,din_dff1,din_dff1,2,False,internal,"{'source_file': 'sram_compiler/testbenches/sram_6t_core_testbench.py::Sram6TCoreTestbench.create_testbench', 'source_class': '', 'source_module_name': 'OPENYIELD_SRAM_TOP_V1', 'role_hint': 'EXTRACTED_FROM_GENERATED_NETLIST'}","[{'endpoint_type': 'instance_pin', 'endpoint_name': 'XTIME.DIN_dff1'}, {'endpoint_type': 'instance_pin', 'endpoint_name': 'XWRITEDRIVER_1.DIN'}]"
OPENYIELD_SRAM_TOP_V1,din_dff10,din_dff10,2,False,internal,"{'source_file': 'sram_compiler/testbenches/sram_6t_core_testbench.py::Sram6TCoreTestbench.create_testbench', 'source_class': '', 'source_module_name': 'OPENYIELD_SRAM_TOP_V1', 'role_hint': 'EXTRACTED_FROM_GENERATED_NETLIST'}","[{'endpoint_type': 'instance_pin', 'endpoint_name': 'XTIME.DIN_dff10'}, {'endpoint_type': 'instance_pin', 'endpoint_name': 'XWRITEDRIVER_10.DIN'}]"
OPENYIELD_SRAM_TOP_V1,din_dff11,din_dff11,2,False,internal,"{'source_file': 'sram_compiler/testbenches/sram_6t_core_testbench.py::Sram6TCoreTestbench.create_testbench', 'source_class': '', 'source_module_name': 'OPENYIELD_SRAM_TOP_V1', 'role_hint': 'EXTRACTED_FROM_GENERATED_NETLIST'}","[{'endpoint_type': 'instance_pin', 'endpoint_name': 'XTIME.DIN_dff11'}, {'endpoint_type': 'instance_pin', 'endpoint_name': 'XWRITEDRIVER_11.DIN'}]"
OPENYIELD_SRAM_TOP_V1,din_dff12,din_dff12,2,False,internal,"{'source_file': 'sram_compiler/testbenches/sram_6t_core_testbench.py::Sram6TCoreTestbench.create_testbench', 'source_class': '', 'source_module_name': 'OPENYIELD_SRAM_TOP_V1', 'role_hint': 'EXTRACTED_FROM_GENERATED_NETLIST'}","[{'endpoint_type': 'instance_pin', 'endpoint_name': 'XTIME.DIN_dff12'}, {'endpoint_type': 'instance_pin', 'endpoint_name': 'XWRITEDRIVER_12.DIN'}]"
OPENYIELD_SRAM_TOP_V1,din_dff13,din_dff13,2,False,internal,"{'source_file': 'sram_compiler/testbenches/sram_6t_core_testbench.py::Sram6TCoreTestbench.create_testbench', 'source_class': '', 'source_module_name': 'OPENYIELD_SRAM_TOP_V1', 'role_hint': 'EXTRACTED_FROM_GENERATED_NETLIST'}","[{'endpoint_type': 'instance_pin', 'endpoint_name': 'XTIME.DIN_dff13'}, {'endpoint_type': 'instance_pin', 'endpoint_name': 'XWRITEDRIVER_13.DIN'}]"
OPENYIELD_SRAM_TOP_V1,din_dff14,din_dff14,2,False,internal,"{'source_file': 'sram_compiler/testbenches/sram_6t_core_testbench.py::Sram6TCoreTestbench.create_testbench', 'source_class': '', 'source_module_name': 'OPENYIELD_SRAM_TOP_V1', 'role_hint': 'EXTRACTED_FROM_GENERATED_NETLIST'}","[{'endpoint_type': 'instance_pin', 'endpoint_name': 'XTIME.DIN_dff14'}, {'endpoint_type': 'instance_pin', 'endpoint_name': 'XWRITEDRIVER_14.DIN'}]"
OPENYIELD_SRAM_TOP_V1,din_dff15,din_dff15,2,False,internal,"{'source_file': 'sram_compiler/testbenches/sram_6t_core_testbench.py::Sram6TCoreTestbench.create_testbench', 'source_class': '', 'source_module_name': 'OPENYIELD_SRAM_TOP_V1', 'role_hint': 'EXTRACTED_FROM_GENERATED_NETLIST'}","[{'endpoint_type': 'instance_pin', 'endpoint_name': 'XTIME.DIN_dff15'}, {'endpoint_type': 'instance_pin', 'endpoint_name': 'XWRITEDRIVER_15.DIN'}]"
OPENYIELD_SRAM_TOP_V1,din_dff2,din_dff2,2,False,internal,"{'source_file': 'sram_compiler/testbenches/sram_6t_core_testbench.py::Sram6TCoreTestbench.create_testbench', 'source_class': '', 'source_module_name': 'OPENYIELD_SRAM_TOP_V1', 'role_hint': 'EXTRACTED_FROM_GENERATED_NETLIST'}","[{'endpoint_type': 'instance_pin', 'endpoint_name': 'XTIME.DIN_dff2'}, {'endpoint_type': 'instance_pin', 'endpoint_name': 'XWRITEDRIVER_2.DIN'}]"
OPENYIELD_SRAM_TOP_V1,din_dff3,din_dff3,2,False,internal,"{'source_file': 'sram_compiler/testbenches/sram_6t_core_testbench.py::Sram6TCoreTestbench.create_testbench', 'source_class': '', 'source_module_name': 'OPENYIELD_SRAM_TOP_V1', 'role_hint': 'EXTRACTED_FROM_GENERATED_NETLIST'}","[{'endpoint_type': 'instance_pin', 'endpoint_name': 'XTIME.DIN_dff3'}, {'endpoint_type': 'instance_pin', 'endpoint_name': 'XWRITEDRIVER_3.DIN'}]"
OPENYIELD_SRAM_TOP_V1,din_dff4,din_dff4,2,False,internal,"{'source_file': 'sram_compiler/testbenches/sram_6t_core_testbench.py::Sram6TCoreTestbench.create_testbench', 'source_class': '', 'source_module_name': 'OPENYIELD_SRAM_TOP_V1', 'role_hint': 'EXTRACTED_FROM_GENERATED_NETLIST'}","[{'endpoint_type': 'instance_pin', 'endpoint_name': 'XTIME.DIN_dff4'}, {'endpoint_type': 'instance_pin', 'endpoint_name': 'XWRITEDRIVER_4.DIN'}]"
OPENYIELD_SRAM_TOP_V1,din_dff5,din_dff5,2,False,internal,"{'source_file': 'sram_compiler/testbenches/sram_6t_core_testbench.py::Sram6TCoreTestbench.create_testbench', 'source_class': '', 'source_module_name': 'OPENYIELD_SRAM_TOP_V1', 'role_hint': 'EXTRACTED_FROM_GENERATED_NETLIST'}","[{'endpoint_type': 'instance_pin', 'endpoint_name': 'XTIME.DIN_dff5'}, {'endpoint_type': 'instance_pin', 'endpoint_name': 'XWRITEDRIVER_5.DIN'}]"
OPENYIELD_SRAM_TOP_V1,din_dff6,din_dff6,2,False,internal,"{'source_file': 'sram_compiler/testbenches/sram_6t_core_testbench.py::Sram6TCoreTestbench.create_testbench', 'source_class': '', 'source_module_name': 'OPENYIELD_SRAM_TOP_V1', 'role_hint': 'EXTRACTED_FROM_GENERATED_NETLIST'}","[{'endpoint_type': 'instance_pin', 'endpoint_name': 'XTIME.DIN_dff6'}, {'endpoint_type': 'instance_pin', 'endpoint_name': 'XWRITEDRIVER_6.DIN'}]"
OPENYIELD_SRAM_TOP_V1,din_dff7,din_dff7,2,False,internal,"{'source_file': 'sram_compiler/testbenches/sram_6t_core_testbench.py::Sram6TCoreTestbench.create_testbench', 'source_class': '', 'source_module_name': 'OPENYIELD_SRAM_TOP_V1', 'role_hint': 'EXTRACTED_FROM_GENERATED_NETLIST'}","[{'endpoint_type': 'instance_pin', 'endpoint_name': 'XTIME.DIN_dff7'}, {'endpoint_type': 'instance_pin', 'endpoint_name': 'XWRITEDRIVER_7.DIN'}]"
OPENYIELD_SRAM_TOP_V1,din_dff8,din_dff8,2,False,internal,"{'source_file': 'sram_compiler/testbenches/sram_6t_core_testbench.py::Sram6TCoreTestbench.create_testbench', 'source_class': '', 'source_module_name': 'OPENYIELD_SRAM_TOP_V1', 'role_hint': 'EXTRACTED_FROM_GENERATED_NETLIST'}","[{'endpoint_type': 'instance_pin', 'endpoint_name': 'XTIME.DIN_dff8'}, {'endpoint_type': 'instance_pin', 'endpoint_name': 'XWRITEDRIVER_8.DIN'}]"
OPENYIELD_SRAM_TOP_V1,din_dff9,din_dff9,2,False,internal,"{'source_file': 'sram_compiler/testbenches/sram_6t_core_testbench.py::Sram6TCoreTestbench.create_testbench', 'source_class': '', 'source_module_name': 'OPENYIELD_SRAM_TOP_V1', 'role_hint': 'EXTRACTED_FROM_GENERATED_NETLIST'}","[{'endpoint_type': 'instance_pin', 'endpoint_name': 'XTIME.DIN_dff9'}, {'endpoint_type': 'instance_pin', 'endpoint_name': 'XWRITEDRIVER_9.DIN'}]"
OPENYIELD_SRAM_TOP_V1,gated_clk_bar,gated_clk_bar,1,False,internal,"{'source_file': 'sram_compiler/testbenches/sram_6t_core_testbench.py::Sram6TCoreTestbench.create_testbench', 'source_class': '', 'source_module_name': 'OPENYIELD_SRAM_TOP_V1', 'role_hint': 'EXTRACTED_FROM_GENERATED_NETLIST'}","[{'endpoint_type': 'instance_pin', 'endpoint_name': 'XTIME.gated_clk_bar'}]"
OPENYIELD_SRAM_TOP_V1,gated_clk_buf,gated_clk_buf,1,False,internal,"{'source_file': 'sram_compiler/testbenches/sram_6t_core_testbench.py::Sram6TCoreTestbench.create_testbench', 'source_class': '', 'source_module_name': 'OPENYIELD_SRAM_TOP_V1', 'role_hint': 'EXTRACTED_FROM_GENERATED_NETLIST'}","[{'endpoint_type': 'instance_pin', 'endpoint_name': 'XTIME.gated_clk_buf'}]"
OPENYIELD_SRAM_TOP_V1,pre,pre,18,False,internal,"{'source_file': 'sram_compiler/testbenches/sram_6t_core_testbench.py::Sram6TCoreTestbench.create_testbench', 'source_class': '', 'source_module_name': 'OPENYIELD_SRAM_TOP_V1', 'role_hint': 'EXTRACTED_FROM_GENERATED_NETLIST'}","[{'endpoint_type': 'instance_pin', 'endpoint_name': 'XTIME.PRE'}, {'endpoint_type': 'instance_pin', 'endpoint_name': 'XPRECHARGE_0.ENB'}, {'endpoint_type': 'instance_pin', 'endpoint_name': 'XPRECHARGE_1.ENB'}, {'endpoint_type': 'instance_pin', 'endpoint_name': 'XPRECHARGE_2.ENB'}, {'endpoint_type': 'instance_pin', 'endpoint_name': 'XPRECHARGE_3.ENB'}, {'endpoint_type': 'instance_pin', 'endpoint_name': 'XPRECHARGE_4.ENB'}, {'endpoint_type': 'instance_pin', 'endpoint_name': 'XPRECHARGE_5.ENB'}, {'endpoint_type': 'instance_pin', 'endpoint_name': 'XPRECHARGE_6.ENB'}, {'endpoint_type': 'instance_pin', 'endpoint_name': 'XPRECHARGE_7.ENB'}, {'endpoint_type': 'instance_pin', 'endpoint_name': 'XPRECHARGE_8.ENB'}, {'endpoint_type': 'instance_pin', 'endpoint_name': 'XPRECHARGE_9.ENB'}, {'endpoint_type': 'instance_pin', 'endpoint_name': 'XPRECHARGE_10.ENB'}, {'endpoint_type': 'instance_pin', 'endpoint_name': 'XPRECHARGE_11.ENB'}, {'endpoint_type': 'instance_pin', 'endpoint_name': 'XPRECHARGE_12.ENB'}, {'endpoint_type': 'instance_pin', 'endpoint_name': 'XPRECHARGE_13.ENB'}, {'endpoint_type': 'instance_pin', 'endpoint_name': 'XPRECHARGE_14.ENB'}, {'endpoint_type': 'instance_pin', 'endpoint_name': 'XPRECHARGE_15.ENB'}, {'endpoint_type': 'instance_pin', 'endpoint_name': 'XPRECHARGE_RBL.ENB'}]"
OPENYIELD_SRAM_TOP_V1,rbl,rbl,3,False,internal,"{'source_file': 'sram_compiler/testbenches/sram_6t_core_testbench.py::Sram6TCoreTestbench.create_testbench', 'source_class': '', 'source_module_name': 'OPENYIELD_SRAM_TOP_V1', 'role_hint': 'EXTRACTED_FROM_GENERATED_NETLIST'}","[{'endpoint_type': 'instance_pin', 'endpoint_name': 'Xsram_17x1_replica_column.RBL'}, {'endpoint_type': 'instance_pin', 'endpoint_name': 'XTIME.rbl'}, {'endpoint_type': 'instance_pin', 'endpoint_name': 'XPRECHARGE_RBL.BL'}]"
OPENYIELD_SRAM_TOP_V1,rbl_delay,rbl_delay,1,False,internal,"{'source_file': 'sram_compiler/testbenches/sram_6t_core_testbench.py::Sram6TCoreTestbench.create_testbench', 'source_class': '', 'source_module_name': 'OPENYIELD_SRAM_TOP_V1', 'role_hint': 'EXTRACTED_FROM_GENERATED_NETLIST'}","[{'endpoint_type': 'instance_pin', 'endpoint_name': 'XTIME.rbl_delay'}]"
OPENYIELD_SRAM_TOP_V1,rbl_delay_bar,rbl_delay_bar,1,False,internal,"{'source_file': 'sram_compiler/testbenches/sram_6t_core_testbench.py::Sram6TCoreTestbench.create_testbench', 'source_class': '', 'source_module_name': 'OPENYIELD_SRAM_TOP_V1', 'role_hint': 'EXTRACTED_FROM_GENERATED_NETLIST'}","[{'endpoint_type': 'instance_pin', 'endpoint_name': 'XTIME.rbl_delay_bar'}]"
OPENYIELD_SRAM_TOP_V1,rblb,rblb,2,False,internal,"{'source_file': 'sram_compiler/testbenches/sram_6t_core_testbench.py::Sram6TCoreTestbench.create_testbench', 'source_class': '', 'source_module_name': 'OPENYIELD_SRAM_TOP_V1', 'role_hint': 'EXTRACTED_FROM_GENERATED_NETLIST'}","[{'endpoint_type': 'instance_pin', 'endpoint_name': 'Xsram_17x1_replica_column.RBLB'}, {'endpoint_type': 'instance_pin', 'endpoint_name': 'XPRECHARGE_RBL.BLB'}]"
OPENYIELD_SRAM_TOP_V1,rwl,rwl,2,False,internal,"{'source_file': 'sram_compiler/testbenches/sram_6t_core_testbench.py::Sram6TCoreTestbench.create_testbench', 'source_class': '', 'source_module_name': 'OPENYIELD_SRAM_TOP_V1', 'role_hint': 'EXTRACTED_FROM_GENERATED_NETLIST'}","[{'endpoint_type': 'instance_pin', 'endpoint_name': 'Xsram_17x1_replica_column.WL0'}, {'endpoint_type': 'instance_pin', 'endpoint_name': 'XRWL.Z'}]"
OPENYIELD_SRAM_TOP_V1,s_en,s_en,17,False,internal,"{'source_file': 'sram_compiler/testbenches/sram_6t_core_testbench.py::Sram6TCoreTestbench.create_testbench', 'source_class': '', 'source_module_name': 'OPENYIELD_SRAM_TOP_V1', 'role_hint': 'EXTRACTED_FROM_GENERATED_NETLIST'}","[{'endpoint_type': 'instance_pin', 'endpoint_name': 'XTIME.s_en'}, {'endpoint_type': 'instance_pin', 'endpoint_name': 'XSENSEAMP_0.EN'}, {'endpoint_type': 'instance_pin', 'endpoint_name': 'XSENSEAMP_1.EN'}, {'endpoint_type': 'instance_pin', 'endpoint_name': 'XSENSEAMP_2.EN'}, {'endpoint_type': 'instance_pin', 'endpoint_name': 'XSENSEAMP_3.EN'}, {'endpoint_type': 'instance_pin', 'endpoint_name': 'XSENSEAMP_4.EN'}, {'endpoint_type': 'instance_pin', 'endpoint_name': 'XSENSEAMP_5.EN'}, {'endpoint_type': 'instance_pin', 'endpoint_name': 'XSENSEAMP_6.EN'}, {'endpoint_type': 'instance_pin', 'endpoint_name': 'XSENSEAMP_7.EN'}, {'endpoint_type': 'instance_pin', 'endpoint_name': 'XSENSEAMP_8.EN'}, {'endpoint_type': 'instance_pin', 'endpoint_name': 'XSENSEAMP_9.EN'}, {'endpoint_type': 'instance_pin', 'endpoint_name': 'XSENSEAMP_10.EN'}, {'endpoint_type': 'instance_pin', 'endpoint_name': 'XSENSEAMP_11.EN'}, {'endpoint_type': 'instance_pin', 'endpoint_name': 'XSENSEAMP_12.EN'}, {'endpoint_type': 'instance_pin', 'endpoint_name': 'XSENSEAMP_13.EN'}, {'endpoint_type': 'instance_pin', 'endpoint_name': 'XSENSEAMP_14.EN'}, {'endpoint_type': 'instance_pin', 'endpoint_name': 'XSENSEAMP_15.EN'}]"
OPENYIELD_SRAM_TOP_V1,SA_Q0,sa_q0,2,True,data_output,"{'source_file': 'sram_compiler/testbenches/sram_6t_core_testbench.py::Sram6TCoreTestbench.create_testbench', 'source_class': '', 'source_module_name': 'OPENYIELD_SRAM_TOP_V1', 'role_hint': 'EXTRACTED_FROM_GENERATED_NETLIST'}","[{'endpoint_type': 'module_pin', 'endpoint_name': 'SA_Q0'}, {'endpoint_type': 'instance_pin', 'endpoint_name': 'XSENSEAMP_0.Q'}]"
OPENYIELD_SRAM_TOP_V1,SA_Q1,sa_q1,2,True,data_output,"{'source_file': 'sram_compiler/testbenches/sram_6t_core_testbench.py::Sram6TCoreTestbench.create_testbench', 'source_class': '', 'source_module_name': 'OPENYIELD_SRAM_TOP_V1', 'role_hint': 'EXTRACTED_FROM_GENERATED_NETLIST'}","[{'endpoint_type': 'module_pin', 'endpoint_name': 'SA_Q1'}, {'endpoint_type': 'instance_pin', 'endpoint_name': 'XSENSEAMP_1.Q'}]"
OPENYIELD_SRAM_TOP_V1,SA_Q10,sa_q10,2,True,data_output,"{'source_file': 'sram_compiler/testbenches/sram_6t_core_testbench.py::Sram6TCoreTestbench.create_testbench', 'source_class': '', 'source_module_name': 'OPENYIELD_SRAM_TOP_V1', 'role_hint': 'EXTRACTED_FROM_GENERATED_NETLIST'}","[{'endpoint_type': 'module_pin', 'endpoint_name': 'SA_Q10'}, {'endpoint_type': 'instance_pin', 'endpoint_name': 'XSENSEAMP_10.Q'}]"
OPENYIELD_SRAM_TOP_V1,SA_Q11,sa_q11,2,True,data_output,"{'source_file': 'sram_compiler/testbenches/sram_6t_core_testbench.py::Sram6TCoreTestbench.create_testbench', 'source_class': '', 'source_module_name': 'OPENYIELD_SRAM_TOP_V1', 'role_hint': 'EXTRACTED_FROM_GENERATED_NETLIST'}","[{'endpoint_type': 'module_pin', 'endpoint_name': 'SA_Q11'}, {'endpoint_type': 'instance_pin', 'endpoint_name': 'XSENSEAMP_11.Q'}]"
OPENYIELD_SRAM_TOP_V1,SA_Q12,sa_q12,2,True,data_output,"{'source_file': 'sram_compiler/testbenches/sram_6t_core_testbench.py::Sram6TCoreTestbench.create_testbench', 'source_class': '', 'source_module_name': 'OPENYIELD_SRAM_TOP_V1', 'role_hint': 'EXTRACTED_FROM_GENERATED_NETLIST'}","[{'endpoint_type': 'module_pin', 'endpoint_name': 'SA_Q12'}, {'endpoint_type': 'instance_pin', 'endpoint_name': 'XSENSEAMP_12.Q'}]"
OPENYIELD_SRAM_TOP_V1,SA_Q13,sa_q13,2,True,data_output,"{'source_file': 'sram_compiler/testbenches/sram_6t_core_testbench.py::Sram6TCoreTestbench.create_testbench', 'source_class': '', 'source_module_name': 'OPENYIELD_SRAM_TOP_V1', 'role_hint': 'EXTRACTED_FROM_GENERATED_NETLIST'}","[{'endpoint_type': 'module_pin', 'endpoint_name': 'SA_Q13'}, {'endpoint_type': 'instance_pin', 'endpoint_name': 'XSENSEAMP_13.Q'}]"
OPENYIELD_SRAM_TOP_V1,SA_Q14,sa_q14,2,True,data_output,"{'source_file': 'sram_compiler/testbenches/sram_6t_core_testbench.py::Sram6TCoreTestbench.create_testbench', 'source_class': '', 'source_module_name': 'OPENYIELD_SRAM_TOP_V1', 'role_hint': 'EXTRACTED_FROM_GENERATED_NETLIST'}","[{'endpoint_type': 'module_pin', 'endpoint_name': 'SA_Q14'}, {'endpoint_type': 'instance_pin', 'endpoint_name': 'XSENSEAMP_14.Q'}]"
OPENYIELD_SRAM_TOP_V1,SA_Q15,sa_q15,2,True,data_output,"{'source_file': 'sram_compiler/testbenches/sram_6t_core_testbench.py::Sram6TCoreTestbench.create_testbench', 'source_class': '', 'source_module_name': 'OPENYIELD_SRAM_TOP_V1', 'role_hint': 'EXTRACTED_FROM_GENERATED_NETLIST'}","[{'endpoint_type': 'module_pin', 'endpoint_name': 'SA_Q15'}, {'endpoint_type': 'instance_pin', 'endpoint_name': 'XSENSEAMP_15.Q'}]"
OPENYIELD_SRAM_TOP_V1,SA_Q2,sa_q2,2,True,data_output,"{'source_file': 'sram_compiler/testbenches/sram_6t_core_testbench.py::Sram6TCoreTestbench.create_testbench', 'source_class': '', 'source_module_name': 'OPENYIELD_SRAM_TOP_V1', 'role_hint': 'EXTRACTED_FROM_GENERATED_NETLIST'}","[{'endpoint_type': 'module_pin', 'endpoint_name': 'SA_Q2'}, {'endpoint_type': 'instance_pin', 'endpoint_name': 'XSENSEAMP_2.Q'}]"
OPENYIELD_SRAM_TOP_V1,SA_Q3,sa_q3,2,True,data_output,"{'source_file': 'sram_compiler/testbenches/sram_6t_core_testbench.py::Sram6TCoreTestbench.create_testbench', 'source_class': '', 'source_module_name': 'OPENYIELD_SRAM_TOP_V1', 'role_hint': 'EXTRACTED_FROM_GENERATED_NETLIST'}","[{'endpoint_type': 'module_pin', 'endpoint_name': 'SA_Q3'}, {'endpoint_type': 'instance_pin', 'endpoint_name': 'XSENSEAMP_3.Q'}]"
OPENYIELD_SRAM_TOP_V1,SA_Q4,sa_q4,2,True,data_output,"{'source_file': 'sram_compiler/testbenches/sram_6t_core_testbench.py::Sram6TCoreTestbench.create_testbench', 'source_class': '', 'source_module_name': 'OPENYIELD_SRAM_TOP_V1', 'role_hint': 'EXTRACTED_FROM_GENERATED_NETLIST'}","[{'endpoint_type': 'module_pin', 'endpoint_name': 'SA_Q4'}, {'endpoint_type': 'instance_pin', 'endpoint_name': 'XSENSEAMP_4.Q'}]"
OPENYIELD_SRAM_TOP_V1,SA_Q5,sa_q5,2,True,data_output,"{'source_file': 'sram_compiler/testbenches/sram_6t_core_testbench.py::Sram6TCoreTestbench.create_testbench', 'source_class': '', 'source_module_name': 'OPENYIELD_SRAM_TOP_V1', 'role_hint': 'EXTRACTED_FROM_GENERATED_NETLIST'}","[{'endpoint_type': 'module_pin', 'endpoint_name': 'SA_Q5'}, {'endpoint_type': 'instance_pin', 'endpoint_name': 'XSENSEAMP_5.Q'}]"
OPENYIELD_SRAM_TOP_V1,SA_Q6,sa_q6,2,True,data_output,"{'source_file': 'sram_compiler/testbenches/sram_6t_core_testbench.py::Sram6TCoreTestbench.create_testbench', 'source_class': '', 'source_module_name': 'OPENYIELD_SRAM_TOP_V1', 'role_hint': 'EXTRACTED_FROM_GENERATED_NETLIST'}","[{'endpoint_type': 'module_pin', 'endpoint_name': 'SA_Q6'}, {'endpoint_type': 'instance_pin', 'endpoint_name': 'XSENSEAMP_6.Q'}]"
OPENYIELD_SRAM_TOP_V1,SA_Q7,sa_q7,2,True,data_output,"{'source_file': 'sram_compiler/testbenches/sram_6t_core_testbench.py::Sram6TCoreTestbench.create_testbench', 'source_class': '', 'source_module_name': 'OPENYIELD_SRAM_TOP_V1', 'role_hint': 'EXTRACTED_FROM_GENERATED_NETLIST'}","[{'endpoint_type': 'module_pin', 'endpoint_name': 'SA_Q7'}, {'endpoint_type': 'instance_pin', 'endpoint_name': 'XSENSEAMP_7.Q'}]"
OPENYIELD_SRAM_TOP_V1,SA_Q8,sa_q8,2,True,data_output,"{'source_file': 'sram_compiler/testbenches/sram_6t_core_testbench.py::Sram6TCoreTestbench.create_testbench', 'source_class': '', 'source_module_name': 'OPENYIELD_SRAM_TOP_V1', 'role_hint': 'EXTRACTED_FROM_GENERATED_NETLIST'}","[{'endpoint_type': 'module_pin', 'endpoint_name': 'SA_Q8'}, {'endpoint_type': 'instance_pin', 'endpoint_name': 'XSENSEAMP_8.Q'}]"
OPENYIELD_SRAM_TOP_V1,SA_Q9,sa_q9,2,True,data_output,"{'source_file': 'sram_compiler/testbenches/sram_6t_core_testbench.py::Sram6TCoreTestbench.create_testbench', 'source_class': '', 'source_module_name': 'OPENYIELD_SRAM_TOP_V1', 'role_hint': 'EXTRACTED_FROM_GENERATED_NETLIST'}","[{'endpoint_type': 'module_pin', 'endpoint_name': 'SA_Q9'}, {'endpoint_type': 'instance_pin', 'endpoint_name': 'XSENSEAMP_9.Q'}]"
OPENYIELD_SRAM_TOP_V1,SA_QB0,sa_qb0,2,True,data_output_bar,"{'source_file': 'sram_compiler/testbenches/sram_6t_core_testbench.py::Sram6TCoreTestbench.create_testbench', 'source_class': '', 'source_module_name': 'OPENYIELD_SRAM_TOP_V1', 'role_hint': 'EXTRACTED_FROM_GENERATED_NETLIST'}","[{'endpoint_type': 'module_pin', 'endpoint_name': 'SA_QB0'}, {'endpoint_type': 'instance_pin', 'endpoint_name': 'XSENSEAMP_0.QB'}]"
OPENYIELD_SRAM_TOP_V1,SA_QB1,sa_qb1,2,True,data_output_bar,"{'source_file': 'sram_compiler/testbenches/sram_6t_core_testbench.py::Sram6TCoreTestbench.create_testbench', 'source_class': '', 'source_module_name': 'OPENYIELD_SRAM_TOP_V1', 'role_hint': 'EXTRACTED_FROM_GENERATED_NETLIST'}","[{'endpoint_type': 'module_pin', 'endpoint_name': 'SA_QB1'}, {'endpoint_type': 'instance_pin', 'endpoint_name': 'XSENSEAMP_1.QB'}]"
OPENYIELD_SRAM_TOP_V1,SA_QB10,sa_qb10,2,True,data_output_bar,"{'source_file': 'sram_compiler/testbenches/sram_6t_core_testbench.py::Sram6TCoreTestbench.create_testbench', 'source_class': '', 'source_module_name': 'OPENYIELD_SRAM_TOP_V1', 'role_hint': 'EXTRACTED_FROM_GENERATED_NETLIST'}","[{'endpoint_type': 'module_pin', 'endpoint_name': 'SA_QB10'}, {'endpoint_type': 'instance_pin', 'endpoint_name': 'XSENSEAMP_10.QB'}]"
OPENYIELD_SRAM_TOP_V1,SA_QB11,sa_qb11,2,True,data_output_bar,"{'source_file': 'sram_compiler/testbenches/sram_6t_core_testbench.py::Sram6TCoreTestbench.create_testbench', 'source_class': '', 'source_module_name': 'OPENYIELD_SRAM_TOP_V1', 'role_hint': 'EXTRACTED_FROM_GENERATED_NETLIST'}","[{'endpoint_type': 'module_pin', 'endpoint_name': 'SA_QB11'}, {'endpoint_type': 'instance_pin', 'endpoint_name': 'XSENSEAMP_11.QB'}]"
OPENYIELD_SRAM_TOP_V1,SA_QB12,sa_qb12,2,True,data_output_bar,"{'source_file': 'sram_compiler/testbenches/sram_6t_core_testbench.py::Sram6TCoreTestbench.create_testbench', 'source_class': '', 'source_module_name': 'OPENYIELD_SRAM_TOP_V1', 'role_hint': 'EXTRACTED_FROM_GENERATED_NETLIST'}","[{'endpoint_type': 'module_pin', 'endpoint_name': 'SA_QB12'}, {'endpoint_type': 'instance_pin', 'endpoint_name': 'XSENSEAMP_12.QB'}]"
OPENYIELD_SRAM_TOP_V1,SA_QB13,sa_qb13,2,True,data_output_bar,"{'source_file': 'sram_compiler/testbenches/sram_6t_core_testbench.py::Sram6TCoreTestbench.create_testbench', 'source_class': '', 'source_module_name': 'OPENYIELD_SRAM_TOP_V1', 'role_hint': 'EXTRACTED_FROM_GENERATED_NETLIST'}","[{'endpoint_type': 'module_pin', 'endpoint_name': 'SA_QB13'}, {'endpoint_type': 'instance_pin', 'endpoint_name': 'XSENSEAMP_13.QB'}]"
OPENYIELD_SRAM_TOP_V1,SA_QB14,sa_qb14,2,True,data_output_bar,"{'source_file': 'sram_compiler/testbenches/sram_6t_core_testbench.py::Sram6TCoreTestbench.create_testbench', 'source_class': '', 'source_module_name': 'OPENYIELD_SRAM_TOP_V1', 'role_hint': 'EXTRACTED_FROM_GENERATED_NETLIST'}","[{'endpoint_type': 'module_pin', 'endpoint_name': 'SA_QB14'}, {'endpoint_type': 'instance_pin', 'endpoint_name': 'XSENSEAMP_14.QB'}]"
OPENYIELD_SRAM_TOP_V1,SA_QB15,sa_qb15,2,True,data_output_bar,"{'source_file': 'sram_compiler/testbenches/sram_6t_core_testbench.py::Sram6TCoreTestbench.create_testbench', 'source_class': '', 'source_module_name': 'OPENYIELD_SRAM_TOP_V1', 'role_hint': 'EXTRACTED_FROM_GENERATED_NETLIST'}","[{'endpoint_type': 'module_pin', 'endpoint_name': 'SA_QB15'}, {'endpoint_type': 'instance_pin', 'endpoint_name': 'XSENSEAMP_15.QB'}]"
OPENYIELD_SRAM_TOP_V1,SA_QB2,sa_qb2,2,True,data_output_bar,"{'source_file': 'sram_compiler/testbenches/sram_6t_core_testbench.py::Sram6TCoreTestbench.create_testbench', 'source_class': '', 'source_module_name': 'OPENYIELD_SRAM_TOP_V1', 'role_hint': 'EXTRACTED_FROM_GENERATED_NETLIST'}","[{'endpoint_type': 'module_pin', 'endpoint_name': 'SA_QB2'}, {'endpoint_type': 'instance_pin', 'endpoint_name': 'XSENSEAMP_2.QB'}]"
OPENYIELD_SRAM_TOP_V1,SA_QB3,sa_qb3,2,True,data_output_bar,"{'source_file': 'sram_compiler/testbenches/sram_6t_core_testbench.py::Sram6TCoreTestbench.create_testbench', 'source_class': '', 'source_module_name': 'OPENYIELD_SRAM_TOP_V1', 'role_hint': 'EXTRACTED_FROM_GENERATED_NETLIST'}","[{'endpoint_type': 'module_pin', 'endpoint_name': 'SA_QB3'}, {'endpoint_type': 'instance_pin', 'endpoint_name': 'XSENSEAMP_3.QB'}]"
OPENYIELD_SRAM_TOP_V1,SA_QB4,sa_qb4,2,True,data_output_bar,"{'source_file': 'sram_compiler/testbenches/sram_6t_core_testbench.py::Sram6TCoreTestbench.create_testbench', 'source_class': '', 'source_module_name': 'OPENYIELD_SRAM_TOP_V1', 'role_hint': 'EXTRACTED_FROM_GENERATED_NETLIST'}","[{'endpoint_type': 'module_pin', 'endpoint_name': 'SA_QB4'}, {'endpoint_type': 'instance_pin', 'endpoint_name': 'XSENSEAMP_4.QB'}]"
OPENYIELD_SRAM_TOP_V1,SA_QB5,sa_qb5,2,True,data_output_bar,"{'source_file': 'sram_compiler/testbenches/sram_6t_core_testbench.py::Sram6TCoreTestbench.create_testbench', 'source_class': '', 'source_module_name': 'OPENYIELD_SRAM_TOP_V1', 'role_hint': 'EXTRACTED_FROM_GENERATED_NETLIST'}","[{'endpoint_type': 'module_pin', 'endpoint_name': 'SA_QB5'}, {'endpoint_type': 'instance_pin', 'endpoint_name': 'XSENSEAMP_5.QB'}]"
OPENYIELD_SRAM_TOP_V1,SA_QB6,sa_qb6,2,True,data_output_bar,"{'source_file': 'sram_compiler/testbenches/sram_6t_core_testbench.py::Sram6TCoreTestbench.create_testbench', 'source_class': '', 'source_module_name': 'OPENYIELD_SRAM_TOP_V1', 'role_hint': 'EXTRACTED_FROM_GENERATED_NETLIST'}","[{'endpoint_type': 'module_pin', 'endpoint_name': 'SA_QB6'}, {'endpoint_type': 'instance_pin', 'endpoint_name': 'XSENSEAMP_6.QB'}]"
OPENYIELD_SRAM_TOP_V1,SA_QB7,sa_qb7,2,True,data_output_bar,"{'source_file': 'sram_compiler/testbenches/sram_6t_core_testbench.py::Sram6TCoreTestbench.create_testbench', 'source_class': '', 'source_module_name': 'OPENYIELD_SRAM_TOP_V1', 'role_hint': 'EXTRACTED_FROM_GENERATED_NETLIST'}","[{'endpoint_type': 'module_pin', 'endpoint_name': 'SA_QB7'}, {'endpoint_type': 'instance_pin', 'endpoint_name': 'XSENSEAMP_7.QB'}]"
OPENYIELD_SRAM_TOP_V1,SA_QB8,sa_qb8,2,True,data_output_bar,"{'source_file': 'sram_compiler/testbenches/sram_6t_core_testbench.py::Sram6TCoreTestbench.create_testbench', 'source_class': '', 'source_module_name': 'OPENYIELD_SRAM_TOP_V1', 'role_hint': 'EXTRACTED_FROM_GENERATED_NETLIST'}","[{'endpoint_type': 'module_pin', 'endpoint_name': 'SA_QB8'}, {'endpoint_type': 'instance_pin', 'endpoint_name': 'XSENSEAMP_8.QB'}]"
OPENYIELD_SRAM_TOP_V1,SA_QB9,sa_qb9,2,True,data_output_bar,"{'source_file': 'sram_compiler/testbenches/sram_6t_core_testbench.py::Sram6TCoreTestbench.create_testbench', 'source_class': '', 'source_module_name': 'OPENYIELD_SRAM_TOP_V1', 'role_hint': 'EXTRACTED_FROM_GENERATED_NETLIST'}","[{'endpoint_type': 'module_pin', 'endpoint_name': 'SA_QB9'}, {'endpoint_type': 'instance_pin', 'endpoint_name': 'XSENSEAMP_9.QB'}]"
OPENYIELD_SRAM_TOP_V1,VDD,vdd,72,True,power,"{'source_file': 'sram_compiler/testbenches/sram_6t_core_testbench.py::Sram6TCoreTestbench.create_testbench', 'source_class': '', 'source_module_name': 'OPENYIELD_SRAM_TOP_V1', 'role_hint': 'EXTRACTED_FROM_GENERATED_NETLIST'}","[{'endpoint_type': 'module_pin', 'endpoint_name': 'VDD'}, {'endpoint_type': 'instance_pin', 'endpoint_name': 'XSRAM_6T_CORE_16x16.VDD'}, {'endpoint_type': 'instance_pin', 'endpoint_name': 'Xsram_17x1_replica_column.VDD'}, {'endpoint_type': 'instance_pin', 'endpoint_name': 'XRWL.VDD'}, {'endpoint_type': 'instance_pin', 'endpoint_name': 'XRWL.B'}, {'endpoint_type': 'instance_pin', 'endpoint_name': 'XTIME.VDD'}, {'endpoint_type': 'instance_pin', 'endpoint_name': 'XDECODER.VDD'}, {'endpoint_type': 'instance_pin', 'endpoint_name': 'XWL_DRV_0.VDD'}, {'endpoint_type': 'instance_pin', 'endpoint_name': 'XWL_DRV_1.VDD'}, {'endpoint_type': 'instance_pin', 'endpoint_name': 'XWL_DRV_2.VDD'}, {'endpoint_type': 'instance_pin', 'endpoint_name': 'XWL_DRV_3.VDD'}, {'endpoint_type': 'instance_pin', 'endpoint_name': 'XWL_DRV_4.VDD'}, {'endpoint_type': 'instance_pin', 'endpoint_name': 'XWL_DRV_5.VDD'}, {'endpoint_type': 'instance_pin', 'endpoint_name': 'XWL_DRV_6.VDD'}, {'endpoint_type': 'instance_pin', 'endpoint_name': 'XWL_DRV_7.VDD'}, {'endpoint_type': 'instance_pin', 'endpoint_name': 'XWL_DRV_8.VDD'}, {'endpoint_type': 'instance_pin', 'endpoint_name': 'XWL_DRV_9.VDD'}, {'endpoint_type': 'instance_pin', 'endpoint_name': 'XWL_DRV_10.VDD'}, {'endpoint_type': 'instance_pin', 'endpoint_name': 'XWL_DRV_11.VDD'}, {'endpoint_type': 'instance_pin', 'endpoint_name': 'XWL_DRV_12.VDD'}, {'endpoint_type': 'instance_pin', 'endpoint_name': 'XWL_DRV_13.VDD'}, {'endpoint_type': 'instance_pin', 'endpoint_name': 'XWL_DRV_14.VDD'}, {'endpoint_type': 'instance_pin', 'endpoint_name': 'XWL_DRV_15.VDD'}, {'endpoint_type': 'instance_pin', 'endpoint_name': 'XPRECHARGE_0.VDD'}, {'endpoint_type': 'instance_pin', 'endpoint_name': 'XPRECHARGE_1.VDD'}, {'endpoint_type': 'instance_pin', 'endpoint_name': 'XPRECHARGE_2.VDD'}, {'endpoint_type': 'instance_pin', 'endpoint_name': 'XPRECHARGE_3.VDD'}, {'endpoint_type': 'instance_pin', 'endpoint_name': 'XPRECHARGE_4.VDD'}, {'endpoint_type': 'instance_pin', 'endpoint_name': 'XPRECHARGE_5.VDD'}, {'endpoint_type': 'instance_pin', 'endpoint_name': 'XPRECHARGE_6.VDD'}, {'endpoint_type': 'instance_pin', 'endpoint_name': 'XPRECHARGE_7.VDD'}, {'endpoint_type': 'instance_pin', 'endpoint_name': 'XPRECHARGE_8.VDD'}, {'endpoint_type': 'instance_pin', 'endpoint_name': 'XPRECHARGE_9.VDD'}, {'endpoint_type': 'instance_pin', 'endpoint_name': 'XPRECHARGE_10.VDD'}, {'endpoint_type': 'instance_pin', 'endpoint_name': 'XPRECHARGE_11.VDD'}, {'endpoint_type': 'instance_pin', 'endpoint_name': 'XPRECHARGE_12.VDD'}, {'endpoint_type': 'instance_pin', 'endpoint_name': 'XPRECHARGE_13.VDD'}, {'endpoint_type': 'instance_pin', 'endpoint_name': 'XPRECHARGE_14.VDD'}, {'endpoint_type': 'instance_pin', 'endpoint_name': 'XPRECHARGE_15.VDD'}, {'endpoint_type': 'instance_pin', 'endpoint_name': 'XPRECHARGE_RBL.VDD'}, {'endpoint_type': 'instance_pin', 'endpoint_name': 'XSENSEAMP_0.VDD'}, {'endpoint_type': 'instance_pin', 'endpoint_name': 'XSENSEAMP_1.VDD'}, {'endpoint_type': 'instance_pin', 'endpoint_name': 'XSENSEAMP_2.VDD'}, {'endpoint_type': 'instance_pin', 'endpoint_name': 'XSENSEAMP_3.VDD'}, {'endpoint_type': 'instance_pin', 'endpoint_name': 'XSENSEAMP_4.VDD'}, {'endpoint_type': 'instance_pin', 'endpoint_name': 'XSENSEAMP_5.VDD'}, {'endpoint_type': 'instance_pin', 'endpoint_name': 'XSENSEAMP_6.VDD'}, {'endpoint_type': 'instance_pin', 'endpoint_name': 'XSENSEAMP_7.VDD'}, {'endpoint_type': 'instance_pin', 'endpoint_name': 'XSENSEAMP_8.VDD'}, {'endpoint_type': 'instance_pin', 'endpoint_name': 'XSENSEAMP_9.VDD'}, {'endpoint_type': 'instance_pin', 'endpoint_name': 'XSENSEAMP_10.VDD'}, {'endpoint_type': 'instance_pin', 'endpoint_name': 'XSENSEAMP_11.VDD'}, {'endpoint_type': 'instance_pin', 'endpoint_name': 'XSENSEAMP_12.VDD'}, {'endpoint_type': 'instance_pin', 'endpoint_name': 'XSENSEAMP_13.VDD'}, {'endpoint_type': 'instance_pin', 'endpoint_name': 'XSENSEAMP_14.VDD'}, {'endpoint_type': 'instance_pin', 'endpoint_name': 'XSENSEAMP_15.VDD'}, {'endpoint_type': 'instance_pin', 'endpoint_name': 'XWRITEDRIVER_0.VDD'}, {'endpoint_type': 'instance_pin', 'endpoint_name': 'XWRITEDRIVER_1.VDD'}, {'endpoint_type': 'instance_pin', 'endpoint_name': 'XWRITEDRIVER_2.VDD'}, {'endpoint_type': 'instance_pin', 'endpoint_name': 'XWRITEDRIVER_3.VDD'}, {'endpoint_type': 'instance_pin', 'endpoint_name': 'XWRITEDRIVER_4.VDD'}, {'endpoint_type': 'instance_pin', 'endpoint_name': 'XWRITEDRIVER_5.VDD'}, {'endpoint_type': 'instance_pin', 'endpoint_name': 'XWRITEDRIVER_6.VDD'}, {'endpoint_type': 'instance_pin', 'endpoint_name': 'XWRITEDRIVER_7.VDD'}, {'endpoint_type': 'instance_pin', 'endpoint_name': 'XWRITEDRIVER_8.VDD'}, {'endpoint_type': 'instance_pin', 'endpoint_name': 'XWRITEDRIVER_9.VDD'}, {'endpoint_type': 'instance_pin', 'endpoint_name': 'XWRITEDRIVER_10.VDD'}, {'endpoint_type': 'instance_pin', 'endpoint_name': 'XWRITEDRIVER_11.VDD'}, {'endpoint_type': 'instance_pin', 'endpoint_name': 'XWRITEDRIVER_12.VDD'}, {'endpoint_type': 'instance_pin', 'endpoint_name': 'XWRITEDRIVER_13.VDD'}, {'endpoint_type': 'instance_pin', 'endpoint_name': 'XWRITEDRIVER_14.VDD'}, {'endpoint_type': 'instance_pin', 'endpoint_name': 'XWRITEDRIVER_15.VDD'}]"
OPENYIELD_SRAM_TOP_V1,VSS,vss,54,True,ground,"{'source_file': 'sram_compiler/testbenches/sram_6t_core_testbench.py::Sram6TCoreTestbench.create_testbench', 'source_class': '', 'source_module_name': 'OPENYIELD_SRAM_TOP_V1', 'role_hint': 'EXTRACTED_FROM_GENERATED_NETLIST'}","[{'endpoint_type': 'module_pin', 'endpoint_name': 'VSS'}, {'endpoint_type': 'instance_pin', 'endpoint_name': 'XSRAM_6T_CORE_16x16.VSS'}, {'endpoint_type': 'instance_pin', 'endpoint_name': 'Xsram_17x1_replica_column.VSS'}, {'endpoint_type': 'instance_pin', 'endpoint_name': 'XRWL.VSS'}, {'endpoint_type': 'instance_pin', 'endpoint_name': 'XTIME.VSS'}, {'endpoint_type': 'instance_pin', 'endpoint_name': 'XDECODER.VSS'}, {'endpoint_type': 'instance_pin', 'endpoint_name': 'XWL_DRV_0.VSS'}, {'endpoint_type': 'instance_pin', 'endpoint_name': 'XWL_DRV_1.VSS'}, {'endpoint_type': 'instance_pin', 'endpoint_name': 'XWL_DRV_2.VSS'}, {'endpoint_type': 'instance_pin', 'endpoint_name': 'XWL_DRV_3.VSS'}, {'endpoint_type': 'instance_pin', 'endpoint_name': 'XWL_DRV_4.VSS'}, {'endpoint_type': 'instance_pin', 'endpoint_name': 'XWL_DRV_5.VSS'}, {'endpoint_type': 'instance_pin', 'endpoint_name': 'XWL_DRV_6.VSS'}, {'endpoint_type': 'instance_pin', 'endpoint_name': 'XWL_DRV_7.VSS'}, {'endpoint_type': 'instance_pin', 'endpoint_name': 'XWL_DRV_8.VSS'}, {'endpoint_type': 'instance_pin', 'endpoint_name': 'XWL_DRV_9.VSS'}, {'endpoint_type': 'instance_pin', 'endpoint_name': 'XWL_DRV_10.VSS'}, {'endpoint_type': 'instance_pin', 'endpoint_name': 'XWL_DRV_11.VSS'}, {'endpoint_type': 'instance_pin', 'endpoint_name': 'XWL_DRV_12.VSS'}, {'endpoint_type': 'instance_pin', 'endpoint_name': 'XWL_DRV_13.VSS'}, {'endpoint_type': 'instance_pin', 'endpoint_name': 'XWL_DRV_14.VSS'}, {'endpoint_type': 'instance_pin', 'endpoint_name': 'XWL_DRV_15.VSS'}, {'endpoint_type': 'instance_pin', 'endpoint_name': 'XSENSEAMP_0.VSS'}, {'endpoint_type': 'instance_pin', 'endpoint_name': 'XSENSEAMP_1.VSS'}, {'endpoint_type': 'instance_pin', 'endpoint_name': 'XSENSEAMP_2.VSS'}, {'endpoint_type': 'instance_pin', 'endpoint_name': 'XSENSEAMP_3.VSS'}, {'endpoint_type': 'instance_pin', 'endpoint_name': 'XSENSEAMP_4.VSS'}, {'endpoint_type': 'instance_pin', 'endpoint_name': 'XSENSEAMP_5.VSS'}, {'endpoint_type': 'instance_pin', 'endpoint_name': 'XSENSEAMP_6.VSS'}, {'endpoint_type': 'instance_pin', 'endpoint_name': 'XSENSEAMP_7.VSS'}, {'endpoint_type': 'instance_pin', 'endpoint_name': 'XSENSEAMP_8.VSS'}, {'endpoint_type': 'instance_pin', 'endpoint_name': 'XSENSEAMP_9.VSS'}, {'endpoint_type': 'instance_pin', 'endpoint_name': 'XSENSEAMP_10.VSS'}, {'endpoint_type': 'instance_pin', 'endpoint_name': 'XSENSEAMP_11.VSS'}, {'endpoint_type': 'instance_pin', 'endpoint_name': 'XSENSEAMP_12.VSS'}, {'endpoint_type': 'instance_pin', 'endpoint_name': 'XSENSEAMP_13.VSS'}, {'endpoint_type': 'instance_pin', 'endpoint_name': 'XSENSEAMP_14.VSS'}, {'endpoint_type': 'instance_pin', 'endpoint_name': 'XSENSEAMP_15.VSS'}, {'endpoint_type': 'instance_pin', 'endpoint_name': 'XWRITEDRIVER_0.VSS'}, {'endpoint_type': 'instance_pin', 'endpoint_name': 'XWRITEDRIVER_1.VSS'}, {'endpoint_type': 'instance_pin', 'endpoint_name': 'XWRITEDRIVER_2.VSS'}, {'endpoint_type': 'instance_pin', 'endpoint_name': 'XWRITEDRIVER_3.VSS'}, {'endpoint_type': 'instance_pin', 'endpoint_name': 'XWRITEDRIVER_4.VSS'}, {'endpoint_type': 'instance_pin', 'endpoint_name': 'XWRITEDRIVER_5.VSS'}, {'endpoint_type': 'instance_pin', 'endpoint_name': 'XWRITEDRIVER_6.VSS'}, {'endpoint_type': 'instance_pin', 'endpoint_name': 'XWRITEDRIVER_7.VSS'}, {'endpoint_type': 'instance_pin', 'endpoint_name': 'XWRITEDRIVER_8.VSS'}, {'endpoint_type': 'instance_pin', 'endpoint_name': 'XWRITEDRIVER_9.VSS'}, {'endpoint_type': 'instance_pin', 'endpoint_name': 'XWRITEDRIVER_10.VSS'}, {'endpoint_type': 'instance_pin', 'endpoint_name': 'XWRITEDRIVER_11.VSS'}, {'endpoint_type': 'instance_pin', 'endpoint_name': 'XWRITEDRIVER_12.VSS'}, {'endpoint_type': 'instance_pin', 'endpoint_name': 'XWRITEDRIVER_13.VSS'}, {'endpoint_type': 'instance_pin', 'endpoint_name': 'XWRITEDRIVER_14.VSS'}, {'endpoint_type': 'instance_pin', 'endpoint_name': 'XWRITEDRIVER_15.VSS'}]"
OPENYIELD_SRAM_TOP_V1,w_en,w_en,17,False,internal,"{'source_file': 'sram_compiler/testbenches/sram_6t_core_testbench.py::Sram6TCoreTestbench.create_testbench', 'source_class': '', 'source_module_name': 'OPENYIELD_SRAM_TOP_V1', 'role_hint': 'EXTRACTED_FROM_GENERATED_NETLIST'}","[{'endpoint_type': 'instance_pin', 'endpoint_name': 'XTIME.w_en'}, {'endpoint_type': 'instance_pin', 'endpoint_name': 'XWRITEDRIVER_0.EN'}, {'endpoint_type': 'instance_pin', 'endpoint_name': 'XWRITEDRIVER_1.EN'}, {'endpoint_type': 'instance_pin', 'endpoint_name': 'XWRITEDRIVER_2.EN'}, {'endpoint_type': 'instance_pin', 'endpoint_name': 'XWRITEDRIVER_3.EN'}, {'endpoint_type': 'instance_pin', 'endpoint_name': 'XWRITEDRIVER_4.EN'}, {'endpoint_type': 'instance_pin', 'endpoint_name': 'XWRITEDRIVER_5.EN'}, {'endpoint_type': 'instance_pin', 'endpoint_name': 'XWRITEDRIVER_6.EN'}, {'endpoint_type': 'instance_pin', 'endpoint_name': 'XWRITEDRIVER_7.EN'}, {'endpoint_type': 'instance_pin', 'endpoint_name': 'XWRITEDRIVER_8.EN'}, {'endpoint_type': 'instance_pin', 'endpoint_name': 'XWRITEDRIVER_9.EN'}, {'endpoint_type': 'instance_pin', 'endpoint_name': 'XWRITEDRIVER_10.EN'}, {'endpoint_type': 'instance_pin', 'endpoint_name': 'XWRITEDRIVER_11.EN'}, {'endpoint_type': 'instance_pin', 'endpoint_name': 'XWRITEDRIVER_12.EN'}, {'endpoint_type': 'instance_pin', 'endpoint_name': 'XWRITEDRIVER_13.EN'}, {'endpoint_type': 'instance_pin', 'endpoint_name': 'XWRITEDRIVER_14.EN'}, {'endpoint_type': 'instance_pin', 'endpoint_name': 'XWRITEDRIVER_15.EN'}]"
OPENYIELD_SRAM_TOP_V1,we,we,1,False,internal,"{'source_file': 'sram_compiler/testbenches/sram_6t_core_testbench.py::Sram6TCoreTestbench.create_testbench', 'source_class': '', 'source_module_name': 'OPENYIELD_SRAM_TOP_V1', 'role_hint': 'EXTRACTED_FROM_GENERATED_NETLIST'}","[{'endpoint_type': 'instance_pin', 'endpoint_name': 'XTIME.we'}]"
OPENYIELD_SRAM_TOP_V1,we_bar,we_bar,1,False,internal,"{'source_file': 'sram_compiler/testbenches/sram_6t_core_testbench.py::Sram6TCoreTestbench.create_testbench', 'source_class': '', 'source_module_name': 'OPENYIELD_SRAM_TOP_V1', 'role_hint': 'EXTRACTED_FROM_GENERATED_NETLIST'}","[{'endpoint_type': 'instance_pin', 'endpoint_name': 'XTIME.we_bar'}]"
OPENYIELD_SRAM_TOP_V1,web,web,2,True,write_enable_bar,"{'source_file': 'sram_compiler/testbenches/sram_6t_core_testbench.py::Sram6TCoreTestbench.create_testbench', 'source_class': '', 'source_module_name': 'OPENYIELD_SRAM_TOP_V1', 'role_hint': 'EXTRACTED_FROM_GENERATED_NETLIST'}","[{'endpoint_type': 'module_pin', 'endpoint_name': 'web'}, {'endpoint_type': 'instance_pin', 'endpoint_name': 'XTIME.web'}]"
OPENYIELD_SRAM_TOP_V1,wl0,wl0,3,False,internal,"{'source_file': 'sram_compiler/testbenches/sram_6t_core_testbench.py::Sram6TCoreTestbench.create_testbench', 'source_class': '', 'source_module_name': 'OPENYIELD_SRAM_TOP_V1', 'role_hint': 'EXTRACTED_FROM_GENERATED_NETLIST'}","[{'endpoint_type': 'instance_pin', 'endpoint_name': 'XSRAM_6T_CORE_16x16.WL0'}, {'endpoint_type': 'instance_pin', 'endpoint_name': 'Xsram_17x1_replica_column.WL1'}, {'endpoint_type': 'instance_pin', 'endpoint_name': 'XWL_DRV_0.Z'}]"
OPENYIELD_SRAM_TOP_V1,wl1,wl1,3,False,internal,"{'source_file': 'sram_compiler/testbenches/sram_6t_core_testbench.py::Sram6TCoreTestbench.create_testbench', 'source_class': '', 'source_module_name': 'OPENYIELD_SRAM_TOP_V1', 'role_hint': 'EXTRACTED_FROM_GENERATED_NETLIST'}","[{'endpoint_type': 'instance_pin', 'endpoint_name': 'XSRAM_6T_CORE_16x16.WL1'}, {'endpoint_type': 'instance_pin', 'endpoint_name': 'Xsram_17x1_replica_column.WL2'}, {'endpoint_type': 'instance_pin', 'endpoint_name': 'XWL_DRV_1.Z'}]"
OPENYIELD_SRAM_TOP_V1,wl10,wl10,3,False,internal,"{'source_file': 'sram_compiler/testbenches/sram_6t_core_testbench.py::Sram6TCoreTestbench.create_testbench', 'source_class': '', 'source_module_name': 'OPENYIELD_SRAM_TOP_V1', 'role_hint': 'EXTRACTED_FROM_GENERATED_NETLIST'}","[{'endpoint_type': 'instance_pin', 'endpoint_name': 'XSRAM_6T_CORE_16x16.WL10'}, {'endpoint_type': 'instance_pin', 'endpoint_name': 'Xsram_17x1_replica_column.WL11'}, {'endpoint_type': 'instance_pin', 'endpoint_name': 'XWL_DRV_10.Z'}]"
OPENYIELD_SRAM_TOP_V1,wl11,wl11,3,False,internal,"{'source_file': 'sram_compiler/testbenches/sram_6t_core_testbench.py::Sram6TCoreTestbench.create_testbench', 'source_class': '', 'source_module_name': 'OPENYIELD_SRAM_TOP_V1', 'role_hint': 'EXTRACTED_FROM_GENERATED_NETLIST'}","[{'endpoint_type': 'instance_pin', 'endpoint_name': 'XSRAM_6T_CORE_16x16.WL11'}, {'endpoint_type': 'instance_pin', 'endpoint_name': 'Xsram_17x1_replica_column.WL12'}, {'endpoint_type': 'instance_pin', 'endpoint_name': 'XWL_DRV_11.Z'}]"
OPENYIELD_SRAM_TOP_V1,wl12,wl12,3,False,internal,"{'source_file': 'sram_compiler/testbenches/sram_6t_core_testbench.py::Sram6TCoreTestbench.create_testbench', 'source_class': '', 'source_module_name': 'OPENYIELD_SRAM_TOP_V1', 'role_hint': 'EXTRACTED_FROM_GENERATED_NETLIST'}","[{'endpoint_type': 'instance_pin', 'endpoint_name': 'XSRAM_6T_CORE_16x16.WL12'}, {'endpoint_type': 'instance_pin', 'endpoint_name': 'Xsram_17x1_replica_column.WL13'}, {'endpoint_type': 'instance_pin', 'endpoint_name': 'XWL_DRV_12.Z'}]"
OPENYIELD_SRAM_TOP_V1,wl13,wl13,3,False,internal,"{'source_file': 'sram_compiler/testbenches/sram_6t_core_testbench.py::Sram6TCoreTestbench.create_testbench', 'source_class': '', 'source_module_name': 'OPENYIELD_SRAM_TOP_V1', 'role_hint': 'EXTRACTED_FROM_GENERATED_NETLIST'}","[{'endpoint_type': 'instance_pin', 'endpoint_name': 'XSRAM_6T_CORE_16x16.WL13'}, {'endpoint_type': 'instance_pin', 'endpoint_name': 'Xsram_17x1_replica_column.WL14'}, {'endpoint_type': 'instance_pin', 'endpoint_name': 'XWL_DRV_13.Z'}]"
OPENYIELD_SRAM_TOP_V1,wl14,wl14,3,False,internal,"{'source_file': 'sram_compiler/testbenches/sram_6t_core_testbench.py::Sram6TCoreTestbench.create_testbench', 'source_class': '', 'source_module_name': 'OPENYIELD_SRAM_TOP_V1', 'role_hint': 'EXTRACTED_FROM_GENERATED_NETLIST'}","[{'endpoint_type': 'instance_pin', 'endpoint_name': 'XSRAM_6T_CORE_16x16.WL14'}, {'endpoint_type': 'instance_pin', 'endpoint_name': 'Xsram_17x1_replica_column.WL15'}, {'endpoint_type': 'instance_pin', 'endpoint_name': 'XWL_DRV_14.Z'}]"
OPENYIELD_SRAM_TOP_V1,wl15,wl15,3,False,internal,"{'source_file': 'sram_compiler/testbenches/sram_6t_core_testbench.py::Sram6TCoreTestbench.create_testbench', 'source_class': '', 'source_module_name': 'OPENYIELD_SRAM_TOP_V1', 'role_hint': 'EXTRACTED_FROM_GENERATED_NETLIST'}","[{'endpoint_type': 'instance_pin', 'endpoint_name': 'XSRAM_6T_CORE_16x16.WL15'}, {'endpoint_type': 'instance_pin', 'endpoint_name': 'Xsram_17x1_replica_column.WL16'}, {'endpoint_type': 'instance_pin', 'endpoint_name': 'XWL_DRV_15.Z'}]"
OPENYIELD_SRAM_TOP_V1,wl2,wl2,3,False,internal,"{'source_file': 'sram_compiler/testbenches/sram_6t_core_testbench.py::Sram6TCoreTestbench.create_testbench', 'source_class': '', 'source_module_name': 'OPENYIELD_SRAM_TOP_V1', 'role_hint': 'EXTRACTED_FROM_GENERATED_NETLIST'}","[{'endpoint_type': 'instance_pin', 'endpoint_name': 'XSRAM_6T_CORE_16x16.WL2'}, {'endpoint_type': 'instance_pin', 'endpoint_name': 'Xsram_17x1_replica_column.WL3'}, {'endpoint_type': 'instance_pin', 'endpoint_name': 'XWL_DRV_2.Z'}]"
OPENYIELD_SRAM_TOP_V1,wl3,wl3,3,False,internal,"{'source_file': 'sram_compiler/testbenches/sram_6t_core_testbench.py::Sram6TCoreTestbench.create_testbench', 'source_class': '', 'source_module_name': 'OPENYIELD_SRAM_TOP_V1', 'role_hint': 'EXTRACTED_FROM_GENERATED_NETLIST'}","[{'endpoint_type': 'instance_pin', 'endpoint_name': 'XSRAM_6T_CORE_16x16.WL3'}, {'endpoint_type': 'instance_pin', 'endpoint_name': 'Xsram_17x1_replica_column.WL4'}, {'endpoint_type': 'instance_pin', 'endpoint_name': 'XWL_DRV_3.Z'}]"
OPENYIELD_SRAM_TOP_V1,wl4,wl4,3,False,internal,"{'source_file': 'sram_compiler/testbenches/sram_6t_core_testbench.py::Sram6TCoreTestbench.create_testbench', 'source_class': '', 'source_module_name': 'OPENYIELD_SRAM_TOP_V1', 'role_hint': 'EXTRACTED_FROM_GENERATED_NETLIST'}","[{'endpoint_type': 'instance_pin', 'endpoint_name': 'XSRAM_6T_CORE_16x16.WL4'}, {'endpoint_type': 'instance_pin', 'endpoint_name': 'Xsram_17x1_replica_column.WL5'}, {'endpoint_type': 'instance_pin', 'endpoint_name': 'XWL_DRV_4.Z'}]"
OPENYIELD_SRAM_TOP_V1,wl5,wl5,3,False,internal,"{'source_file': 'sram_compiler/testbenches/sram_6t_core_testbench.py::Sram6TCoreTestbench.create_testbench', 'source_class': '', 'source_module_name': 'OPENYIELD_SRAM_TOP_V1', 'role_hint': 'EXTRACTED_FROM_GENERATED_NETLIST'}","[{'endpoint_type': 'instance_pin', 'endpoint_name': 'XSRAM_6T_CORE_16x16.WL5'}, {'endpoint_type': 'instance_pin', 'endpoint_name': 'Xsram_17x1_replica_column.WL6'}, {'endpoint_type': 'instance_pin', 'endpoint_name': 'XWL_DRV_5.Z'}]"
OPENYIELD_SRAM_TOP_V1,wl6,wl6,3,False,internal,"{'source_file': 'sram_compiler/testbenches/sram_6t_core_testbench.py::Sram6TCoreTestbench.create_testbench', 'source_class': '', 'source_module_name': 'OPENYIELD_SRAM_TOP_V1', 'role_hint': 'EXTRACTED_FROM_GENERATED_NETLIST'}","[{'endpoint_type': 'instance_pin', 'endpoint_name': 'XSRAM_6T_CORE_16x16.WL6'}, {'endpoint_type': 'instance_pin', 'endpoint_name': 'Xsram_17x1_replica_column.WL7'}, {'endpoint_type': 'instance_pin', 'endpoint_name': 'XWL_DRV_6.Z'}]"
OPENYIELD_SRAM_TOP_V1,wl7,wl7,3,False,internal,"{'source_file': 'sram_compiler/testbenches/sram_6t_core_testbench.py::Sram6TCoreTestbench.create_testbench', 'source_class': '', 'source_module_name': 'OPENYIELD_SRAM_TOP_V1', 'role_hint': 'EXTRACTED_FROM_GENERATED_NETLIST'}","[{'endpoint_type': 'instance_pin', 'endpoint_name': 'XSRAM_6T_CORE_16x16.WL7'}, {'endpoint_type': 'instance_pin', 'endpoint_name': 'Xsram_17x1_replica_column.WL8'}, {'endpoint_type': 'instance_pin', 'endpoint_name': 'XWL_DRV_7.Z'}]"
OPENYIELD_SRAM_TOP_V1,wl8,wl8,3,False,internal,"{'source_file': 'sram_compiler/testbenches/sram_6t_core_testbench.py::Sram6TCoreTestbench.create_testbench', 'source_class': '', 'source_module_name': 'OPENYIELD_SRAM_TOP_V1', 'role_hint': 'EXTRACTED_FROM_GENERATED_NETLIST'}","[{'endpoint_type': 'instance_pin', 'endpoint_name': 'XSRAM_6T_CORE_16x16.WL8'}, {'endpoint_type': 'instance_pin', 'endpoint_name': 'Xsram_17x1_replica_column.WL9'}, {'endpoint_type': 'instance_pin', 'endpoint_name': 'XWL_DRV_8.Z'}]"
OPENYIELD_SRAM_TOP_V1,wl9,wl9,3,False,internal,"{'source_file': 'sram_compiler/testbenches/sram_6t_core_testbench.py::Sram6TCoreTestbench.create_testbench', 'source_class': '', 'source_module_name': 'OPENYIELD_SRAM_TOP_V1', 'role_hint': 'EXTRACTED_FROM_GENERATED_NETLIST'}","[{'endpoint_type': 'instance_pin', 'endpoint_name': 'XSRAM_6T_CORE_16x16.WL9'}, {'endpoint_type': 'instance_pin', 'endpoint_name': 'Xsram_17x1_replica_column.WL10'}, {'endpoint_type': 'instance_pin', 'endpoint_name': 'XWL_DRV_9.Z'}]"
OPENYIELD_SRAM_TOP_V1,wl_en,wl_en,18,False,internal,"{'source_file': 'sram_compiler/testbenches/sram_6t_core_testbench.py::Sram6TCoreTestbench.create_testbench', 'source_class': '', 'source_module_name': 'OPENYIELD_SRAM_TOP_V1', 'role_hint': 'EXTRACTED_FROM_GENERATED_NETLIST'}","[{'endpoint_type': 'instance_pin', 'endpoint_name': 'XRWL.A'}, {'endpoint_type': 'instance_pin', 'endpoint_name': 'XTIME.wl_en'}, {'endpoint_type': 'instance_pin', 'endpoint_name': 'XWL_DRV_0.B'}, {'endpoint_type': 'instance_pin', 'endpoint_name': 'XWL_DRV_1.B'}, {'endpoint_type': 'instance_pin', 'endpoint_name': 'XWL_DRV_2.B'}, {'endpoint_type': 'instance_pin', 'endpoint_name': 'XWL_DRV_3.B'}, {'endpoint_type': 'instance_pin', 'endpoint_name': 'XWL_DRV_4.B'}, {'endpoint_type': 'instance_pin', 'endpoint_name': 'XWL_DRV_5.B'}, {'endpoint_type': 'instance_pin', 'endpoint_name': 'XWL_DRV_6.B'}, {'endpoint_type': 'instance_pin', 'endpoint_name': 'XWL_DRV_7.B'}, {'endpoint_type': 'instance_pin', 'endpoint_name': 'XWL_DRV_8.B'}, {'endpoint_type': 'instance_pin', 'endpoint_name': 'XWL_DRV_9.B'}, {'endpoint_type': 'instance_pin', 'endpoint_name': 'XWL_DRV_10.B'}, {'endpoint_type': 'instance_pin', 'endpoint_name': 'XWL_DRV_11.B'}, {'endpoint_type': 'instance_pin', 'endpoint_name': 'XWL_DRV_12.B'}, {'endpoint_type': 'instance_pin', 'endpoint_name': 'XWL_DRV_13.B'}, {'endpoint_type': 'instance_pin', 'endpoint_name': 'XWL_DRV_14.B'}, {'endpoint_type': 'instance_pin', 'endpoint_name': 'XWL_DRV_15.B'}]"
