instance_id,parent_module,instance_name,instance_type,module_name,pin_count,nets,source_trace
SRAM_6T_CORE_16x16.XSRAM_6T_CELL_0_0,SRAM_6T_CORE_16x16,XSRAM_6T_CELL_0_0,X,SRAM_6T_CELL,5,"['VDD', 'VSS', 'BL0', 'BLB0', 'WL0']","{'source_file': 'sram_compiler/subcircuits/sram_6t_core.py', 'source_class': 'Sram6TCell', 'source_module_name': 'SRAM_6T_CELL', 'role_hint': 'bitcell'}"
SRAM_6T_CORE_16x16.XSRAM_6T_CELL_0_1,SRAM_6T_CORE_16x16,XSRAM_6T_CELL_0_1,X,SRAM_6T_CELL,5,"['VDD', 'VSS', 'BL1', 'BLB1', 'WL0']","{'source_file': 'sram_compiler/subcircuits/sram_6t_core.py', 'source_class': 'Sram6TCell', 'source_module_name': 'SRAM_6T_CELL', 'role_hint': 'bitcell'}"
SRAM_6T_CORE_16x16.XSRAM_6T_CELL_0_2,SRAM_6T_CORE_16x16,XSRAM_6T_CELL_0_2,X,SRAM_6T_CELL,5,"['VDD', 'VSS', 'BL2', 'BLB2', 'WL0']","{'source_file': 'sram_compiler/subcircuits/sram_6t_core.py', 'source_class': 'Sram6TCell', 'source_module_name': 'SRAM_6T_CELL', 'role_hint': 'bitcell'}"
SRAM_6T_CORE_16x16.XSRAM_6T_CELL_0_3,SRAM_6T_CORE_16x16,XSRAM_6T_CELL_0_3,X,SRAM_6T_CELL,5,"['VDD', 'VSS', 'BL3', 'BLB3', 'WL0']","{'source_file': 'sram_compiler/subcircuits/sram_6t_core.py', 'source_class': 'Sram6TCell', 'source_module_name': 'SRAM_6T_CELL', 'role_hint': 'bitcell'}"
SRAM_6T_CORE_16x16.XSRAM_6T_CELL_0_4,SRAM_6T_CORE_16x16,XSRAM_6T_CELL_0_4,X,SRAM_6T_CELL,5,"['VDD', 'VSS', 'BL4', 'BLB4', 'WL0']","{'source_file': 'sram_compiler/subcircuits/sram_6t_core.py', 'source_class': 'Sram6TCell', 'source_module_name': 'SRAM_6T_CELL', 'role_hint': 'bitcell'}"
SRAM_6T_CORE_16x16.XSRAM_6T_CELL_0_5,SRAM_6T_CORE_16x16,XSRAM_6T_CELL_0_5,X,SRAM_6T_CELL,5,"['VDD', 'VSS', 'BL5', 'BLB5', 'WL0']","{'source_file': 'sram_compiler/subcircuits/sram_6t_core.py', 'source_class': 'Sram6TCell', 'source_module_name': 'SRAM_6T_CELL', 'role_hint': 'bitcell'}"
SRAM_6T_CORE_16x16.XSRAM_6T_CELL_0_6,SRAM_6T_CORE_16x16,XSRAM_6T_CELL_0_6,X,SRAM_6T_CELL,5,"['VDD', 'VSS', 'BL6', 'BLB6', 'WL0']","{'source_file': 'sram_compiler/subcircuits/sram_6t_core.py', 'source_class': 'Sram6TCell', 'source_module_name': 'SRAM_6T_CELL', 'role_hint': 'bitcell'}"
SRAM_6T_CORE_16x16.XSRAM_6T_CELL_0_7,SRAM_6T_CORE_16x16,XSRAM_6T_CELL_0_7,X,SRAM_6T_CELL,5,"['VDD', 'VSS', 'BL7', 'BLB7', 'WL0']","{'source_file': 'sram_compiler/subcircuits/sram_6t_core.py', 'source_class': 'Sram6TCell', 'source_module_name': 'SRAM_6T_CELL', 'role_hint': 'bitcell'}"
SRAM_6T_CORE_16x16.XSRAM_6T_CELL_0_8,SRAM_6T_CORE_16x16,XSRAM_6T_CELL_0_8,X,SRAM_6T_CELL,5,"['VDD', 'VSS', 'BL8', 'BLB8', 'WL0']","{'source_file': 'sram_compiler/subcircuits/sram_6t_core.py', 'source_class': 'Sram6TCell', 'source_module_name': 'SRAM_6T_CELL', 'role_hint': 'bitcell'}"
SRAM_6T_CORE_16x16.XSRAM_6T_CELL_0_9,SRAM_6T_CORE_16x16,XSRAM_6T_CELL_0_9,X,SRAM_6T_CELL,5,"['VDD', 'VSS', 'BL9', 'BLB9', 'WL0']","{'source_file': 'sram_compiler/subcircuits/sram_6t_core.py', 'source_class': 'Sram6TCell', 'source_module_name': 'SRAM_6T_CELL', 'role_hint': 'bitcell'}"
SRAM_6T_CORE_16x16.XSRAM_6T_CELL_0_10,SRAM_6T_CORE_16x16,XSRAM_6T_CELL_0_10,X,SRAM_6T_CELL,5,"['VDD', 'VSS', 'BL10', 'BLB10', 'WL0']","{'source_file': 'sram_compiler/subcircuits/sram_6t_core.py', 'source_class': 'Sram6TCell', 'source_module_name': 'SRAM_6T_CELL', 'role_hint': 'bitcell'}"
SRAM_6T_CORE_16x16.XSRAM_6T_CELL_0_11,SRAM_6T_CORE_16x16,XSRAM_6T_CELL_0_11,X,SRAM_6T_CELL,5,"['VDD', 'VSS', 'BL11', 'BLB11', 'WL0']","{'source_file': 'sram_compiler/subcircuits/sram_6t_core.py', 'source_class': 'Sram6TCell', 'source_module_name': 'SRAM_6T_CELL', 'role_hint': 'bitcell'}"
SRAM_6T_CORE_16x16.XSRAM_6T_CELL_0_12,SRAM_6T_CORE_16x16,XSRAM_6T_CELL_0_12,X,SRAM_6T_CELL,5,"['VDD', 'VSS', 'BL12', 'BLB12', 'WL0']","{'source_file': 'sram_compiler/subcircuits/sram_6t_core.py', 'source_class': 'Sram6TCell', 'source_module_name': 'SRAM_6T_CELL', 'role_hint': 'bitcell'}"
SRAM_6T_CORE_16x16.XSRAM_6T_CELL_0_13,SRAM_6T_CORE_16x16,XSRAM_6T_CELL_0_13,X,SRAM_6T_CELL,5,"['VDD', 'VSS', 'BL13', 'BLB13', 'WL0']","{'source_file': 'sram_compiler/subcircuits/sram_6t_core.py', 'source_class': 'Sram6TCell', 'source_module_name': 'SRAM_6T_CELL', 'role_hint': 'bitcell'}"
SRAM_6T_CORE_16x16.XSRAM_6T_CELL_0_14,SRAM_6T_CORE_16x16,XSRAM_6T_CELL_0_14,X,SRAM_6T_CELL,5,"['VDD', 'VSS', 'BL14', 'BLB14', 'WL0']","{'source_file': 'sram_compiler/subcircuits/sram_6t_core.py', 'source_class': 'Sram6TCell', 'source_module_name': 'SRAM_6T_CELL', 'role_hint': 'bitcell'}"
SRAM_6T_CORE_16x16.XSRAM_6T_CELL_0_15,SRAM_6T_CORE_16x16,XSRAM_6T_CELL_0_15,X,SRAM_6T_CELL,5,"['VDD', 'VSS', 'BL15', 'BLB15', 'WL0']","{'source_file': 'sram_compiler/subcircuits/sram_6t_core.py', 'source_class': 'Sram6TCell', 'source_module_name': 'SRAM_6T_CELL', 'role_hint': 'bitcell'}"
SRAM_6T_CORE_16x16.XSRAM_6T_CELL_1_0,SRAM_6T_CORE_16x16,XSRAM_6T_CELL_1_0,X,SRAM_6T_CELL,5,"['VDD', 'VSS', 'BL0', 'BLB0', 'WL1']","{'source_file': 'sram_compiler/subcircuits/sram_6t_core.py', 'source_class': 'Sram6TCell', 'source_module_name': 'SRAM_6T_CELL', 'role_hint': 'bitcell'}"
SRAM_6T_CORE_16x16.XSRAM_6T_CELL_1_1,SRAM_6T_CORE_16x16,XSRAM_6T_CELL_1_1,X,SRAM_6T_CELL,5,"['VDD', 'VSS', 'BL1', 'BLB1', 'WL1']","{'source_file': 'sram_compiler/subcircuits/sram_6t_core.py', 'source_class': 'Sram6TCell', 'source_module_name': 'SRAM_6T_CELL', 'role_hint': 'bitcell'}"
SRAM_6T_CORE_16x16.XSRAM_6T_CELL_1_2,SRAM_6T_CORE_16x16,XSRAM_6T_CELL_1_2,X,SRAM_6T_CELL,5,"['VDD', 'VSS', 'BL2', 'BLB2', 'WL1']","{'source_file': 'sram_compiler/subcircuits/sram_6t_core.py', 'source_class': 'Sram6TCell', 'source_module_name': 'SRAM_6T_CELL', 'role_hint': 'bitcell'}"
SRAM_6T_CORE_16x16.XSRAM_6T_CELL_1_3,SRAM_6T_CORE_16x16,XSRAM_6T_CELL_1_3,X,SRAM_6T_CELL,5,"['VDD', 'VSS', 'BL3', 'BLB3', 'WL1']","{'source_file': 'sram_compiler/subcircuits/sram_6t_core.py', 'source_class': 'Sram6TCell', 'source_module_name': 'SRAM_6T_CELL', 'role_hint': 'bitcell'}"
SRAM_6T_CORE_16x16.XSRAM_6T_CELL_1_4,SRAM_6T_CORE_16x16,XSRAM_6T_CELL_1_4,X,SRAM_6T_CELL,5,"['VDD', 'VSS', 'BL4', 'BLB4', 'WL1']","{'source_file': 'sram_compiler/subcircuits/sram_6t_core.py', 'source_class': 'Sram6TCell', 'source_module_name': 'SRAM_6T_CELL', 'role_hint': 'bitcell'}"
SRAM_6T_CORE_16x16.XSRAM_6T_CELL_1_5,SRAM_6T_CORE_16x16,XSRAM_6T_CELL_1_5,X,SRAM_6T_CELL,5,"['VDD', 'VSS', 'BL5', 'BLB5', 'WL1']","{'source_file': 'sram_compiler/subcircuits/sram_6t_core.py', 'source_class': 'Sram6TCell', 'source_module_name': 'SRAM_6T_CELL', 'role_hint': 'bitcell'}"
SRAM_6T_CORE_16x16.XSRAM_6T_CELL_1_6,SRAM_6T_CORE_16x16,XSRAM_6T_CELL_1_6,X,SRAM_6T_CELL,5,"['VDD', 'VSS', 'BL6', 'BLB6', 'WL1']","{'source_file': 'sram_compiler/subcircuits/sram_6t_core.py', 'source_class': 'Sram6TCell', 'source_module_name': 'SRAM_6T_CELL', 'role_hint': 'bitcell'}"
SRAM_6T_CORE_16x16.XSRAM_6T_CELL_1_7,SRAM_6T_CORE_16x16,XSRAM_6T_CELL_1_7,X,SRAM_6T_CELL,5,"['VDD', 'VSS', 'BL7', 'BLB7', 'WL1']","{'source_file': 'sram_compiler/subcircuits/sram_6t_core.py', 'source_class': 'Sram6TCell', 'source_module_name': 'SRAM_6T_CELL', 'role_hint': 'bitcell'}"
SRAM_6T_CORE_16x16.XSRAM_6T_CELL_1_8,SRAM_6T_CORE_16x16,XSRAM_6T_CELL_1_8,X,SRAM_6T_CELL,5,"['VDD', 'VSS', 'BL8', 'BLB8', 'WL1']","{'source_file': 'sram_compiler/subcircuits/sram_6t_core.py', 'source_class': 'Sram6TCell', 'source_module_name': 'SRAM_6T_CELL', 'role_hint': 'bitcell'}"
SRAM_6T_CORE_16x16.XSRAM_6T_CELL_1_9,SRAM_6T_CORE_16x16,XSRAM_6T_CELL_1_9,X,SRAM_6T_CELL,5,"['VDD', 'VSS', 'BL9', 'BLB9', 'WL1']","{'source_file': 'sram_compiler/subcircuits/sram_6t_core.py', 'source_class': 'Sram6TCell', 'source_module_name': 'SRAM_6T_CELL', 'role_hint': 'bitcell'}"
SRAM_6T_CORE_16x16.XSRAM_6T_CELL_1_10,SRAM_6T_CORE_16x16,XSRAM_6T_CELL_1_10,X,SRAM_6T_CELL,5,"['VDD', 'VSS', 'BL10', 'BLB10', 'WL1']","{'source_file': 'sram_compiler/subcircuits/sram_6t_core.py', 'source_class': 'Sram6TCell', 'source_module_name': 'SRAM_6T_CELL', 'role_hint': 'bitcell'}"
SRAM_6T_CORE_16x16.XSRAM_6T_CELL_1_11,SRAM_6T_CORE_16x16,XSRAM_6T_CELL_1_11,X,SRAM_6T_CELL,5,"['VDD', 'VSS', 'BL11', 'BLB11', 'WL1']","{'source_file': 'sram_compiler/subcircuits/sram_6t_core.py', 'source_class': 'Sram6TCell', 'source_module_name': 'SRAM_6T_CELL', 'role_hint': 'bitcell'}"
SRAM_6T_CORE_16x16.XSRAM_6T_CELL_1_12,SRAM_6T_CORE_16x16,XSRAM_6T_CELL_1_12,X,SRAM_6T_CELL,5,"['VDD', 'VSS', 'BL12', 'BLB12', 'WL1']","{'source_file': 'sram_compiler/subcircuits/sram_6t_core.py', 'source_class': 'Sram6TCell', 'source_module_name': 'SRAM_6T_CELL', 'role_hint': 'bitcell'}"
SRAM_6T_CORE_16x16.XSRAM_6T_CELL_1_13,SRAM_6T_CORE_16x16,XSRAM_6T_CELL_1_13,X,SRAM_6T_CELL,5,"['VDD', 'VSS', 'BL13', 'BLB13', 'WL1']","{'source_file': 'sram_compiler/subcircuits/sram_6t_core.py', 'source_class': 'Sram6TCell', 'source_module_name': 'SRAM_6T_CELL', 'role_hint': 'bitcell'}"
SRAM_6T_CORE_16x16.XSRAM_6T_CELL_1_14,SRAM_6T_CORE_16x16,XSRAM_6T_CELL_1_14,X,SRAM_6T_CELL,5,"['VDD', 'VSS', 'BL14', 'BLB14', 'WL1']","{'source_file': 'sram_compiler/subcircuits/sram_6t_core.py', 'source_class': 'Sram6TCell', 'source_module_name': 'SRAM_6T_CELL', 'role_hint': 'bitcell'}"
SRAM_6T_CORE_16x16.XSRAM_6T_CELL_1_15,SRAM_6T_CORE_16x16,XSRAM_6T_CELL_1_15,X,SRAM_6T_CELL,5,"['VDD', 'VSS', 'BL15', 'BLB15', 'WL1']","{'source_file': 'sram_compiler/subcircuits/sram_6t_core.py', 'source_class': 'Sram6TCell', 'source_module_name': 'SRAM_6T_CELL', 'role_hint': 'bitcell'}"
SRAM_6T_CORE_16x16.XSRAM_6T_CELL_2_0,SRAM_6T_CORE_16x16,XSRAM_6T_CELL_2_0,X,SRAM_6T_CELL,5,"['VDD', 'VSS', 'BL0', 'BLB0', 'WL2']","{'source_file': 'sram_compiler/subcircuits/sram_6t_core.py', 'source_class': 'Sram6TCell', 'source_module_name': 'SRAM_6T_CELL', 'role_hint': 'bitcell'}"
SRAM_6T_CORE_16x16.XSRAM_6T_CELL_2_1,SRAM_6T_CORE_16x16,XSRAM_6T_CELL_2_1,X,SRAM_6T_CELL,5,"['VDD', 'VSS', 'BL1', 'BLB1', 'WL2']","{'source_file': 'sram_compiler/subcircuits/sram_6t_core.py', 'source_class': 'Sram6TCell', 'source_module_name': 'SRAM_6T_CELL', 'role_hint': 'bitcell'}"
SRAM_6T_CORE_16x16.XSRAM_6T_CELL_2_2,SRAM_6T_CORE_16x16,XSRAM_6T_CELL_2_2,X,SRAM_6T_CELL,5,"['VDD', 'VSS', 'BL2', 'BLB2', 'WL2']","{'source_file': 'sram_compiler/subcircuits/sram_6t_core.py', 'source_class': 'Sram6TCell', 'source_module_name': 'SRAM_6T_CELL', 'role_hint': 'bitcell'}"
SRAM_6T_CORE_16x16.XSRAM_6T_CELL_2_3,SRAM_6T_CORE_16x16,XSRAM_6T_CELL_2_3,X,SRAM_6T_CELL,5,"['VDD', 'VSS', 'BL3', 'BLB3', 'WL2']","{'source_file': 'sram_compiler/subcircuits/sram_6t_core.py', 'source_class': 'Sram6TCell', 'source_module_name': 'SRAM_6T_CELL', 'role_hint': 'bitcell'}"
SRAM_6T_CORE_16x16.XSRAM_6T_CELL_2_4,SRAM_6T_CORE_16x16,XSRAM_6T_CELL_2_4,X,SRAM_6T_CELL,5,"['VDD', 'VSS', 'BL4', 'BLB4', 'WL2']","{'source_file': 'sram_compiler/subcircuits/sram_6t_core.py', 'source_class': 'Sram6TCell', 'source_module_name': 'SRAM_6T_CELL', 'role_hint': 'bitcell'}"
SRAM_6T_CORE_16x16.XSRAM_6T_CELL_2_5,SRAM_6T_CORE_16x16,XSRAM_6T_CELL_2_5,X,SRAM_6T_CELL,5,"['VDD', 'VSS', 'BL5', 'BLB5', 'WL2']","{'source_file': 'sram_compiler/subcircuits/sram_6t_core.py', 'source_class': 'Sram6TCell', 'source_module_name': 'SRAM_6T_CELL', 'role_hint': 'bitcell'}"
SRAM_6T_CORE_16x16.XSRAM_6T_CELL_2_6,SRAM_6T_CORE_16x16,XSRAM_6T_CELL_2_6,X,SRAM_6T_CELL,5,"['VDD', 'VSS', 'BL6', 'BLB6', 'WL2']","{'source_file': 'sram_compiler/subcircuits/sram_6t_core.py', 'source_class': 'Sram6TCell', 'source_module_name': 'SRAM_6T_CELL', 'role_hint': 'bitcell'}"
SRAM_6T_CORE_16x16.XSRAM_6T_CELL_2_7,SRAM_6T_CORE_16x16,XSRAM_6T_CELL_2_7,X,SRAM_6T_CELL,5,"['VDD', 'VSS', 'BL7', 'BLB7', 'WL2']","{'source_file': 'sram_compiler/subcircuits/sram_6t_core.py', 'source_class': 'Sram6TCell', 'source_module_name': 'SRAM_6T_CELL', 'role_hint': 'bitcell'}"
SRAM_6T_CORE_16x16.XSRAM_6T_CELL_2_8,SRAM_6T_CORE_16x16,XSRAM_6T_CELL_2_8,X,SRAM_6T_CELL,5,"['VDD', 'VSS', 'BL8', 'BLB8', 'WL2']","{'source_file': 'sram_compiler/subcircuits/sram_6t_core.py', 'source_class': 'Sram6TCell', 'source_module_name': 'SRAM_6T_CELL', 'role_hint': 'bitcell'}"
SRAM_6T_CORE_16x16.XSRAM_6T_CELL_2_9,SRAM_6T_CORE_16x16,XSRAM_6T_CELL_2_9,X,SRAM_6T_CELL,5,"['VDD', 'VSS', 'BL9', 'BLB9', 'WL2']","{'source_file': 'sram_compiler/subcircuits/sram_6t_core.py', 'source_class': 'Sram6TCell', 'source_module_name': 'SRAM_6T_CELL', 'role_hint': 'bitcell'}"
SRAM_6T_CORE_16x16.XSRAM_6T_CELL_2_10,SRAM_6T_CORE_16x16,XSRAM_6T_CELL_2_10,X,SRAM_6T_CELL,5,"['VDD', 'VSS', 'BL10', 'BLB10', 'WL2']","{'source_file': 'sram_compiler/subcircuits/sram_6t_core.py', 'source_class': 'Sram6TCell', 'source_module_name': 'SRAM_6T_CELL', 'role_hint': 'bitcell'}"
SRAM_6T_CORE_16x16.XSRAM_6T_CELL_2_11,SRAM_6T_CORE_16x16,XSRAM_6T_CELL_2_11,X,SRAM_6T_CELL,5,"['VDD', 'VSS', 'BL11', 'BLB11', 'WL2']","{'source_file': 'sram_compiler/subcircuits/sram_6t_core.py', 'source_class': 'Sram6TCell', 'source_module_name': 'SRAM_6T_CELL', 'role_hint': 'bitcell'}"
SRAM_6T_CORE_16x16.XSRAM_6T_CELL_2_12,SRAM_6T_CORE_16x16,XSRAM_6T_CELL_2_12,X,SRAM_6T_CELL,5,"['VDD', 'VSS', 'BL12', 'BLB12', 'WL2']","{'source_file': 'sram_compiler/subcircuits/sram_6t_core.py', 'source_class': 'Sram6TCell', 'source_module_name': 'SRAM_6T_CELL', 'role_hint': 'bitcell'}"
SRAM_6T_CORE_16x16.XSRAM_6T_CELL_2_13,SRAM_6T_CORE_16x16,XSRAM_6T_CELL_2_13,X,SRAM_6T_CELL,5,"['VDD', 'VSS', 'BL13', 'BLB13', 'WL2']","{'source_file': 'sram_compiler/subcircuits/sram_6t_core.py', 'source_class': 'Sram6TCell', 'source_module_name': 'SRAM_6T_CELL', 'role_hint': 'bitcell'}"
SRAM_6T_CORE_16x16.XSRAM_6T_CELL_2_14,SRAM_6T_CORE_16x16,XSRAM_6T_CELL_2_14,X,SRAM_6T_CELL,5,"['VDD', 'VSS', 'BL14', 'BLB14', 'WL2']","{'source_file': 'sram_compiler/subcircuits/sram_6t_core.py', 'source_class': 'Sram6TCell', 'source_module_name': 'SRAM_6T_CELL', 'role_hint': 'bitcell'}"
SRAM_6T_CORE_16x16.XSRAM_6T_CELL_2_15,SRAM_6T_CORE_16x16,XSRAM_6T_CELL_2_15,X,SRAM_6T_CELL,5,"['VDD', 'VSS', 'BL15', 'BLB15', 'WL2']","{'source_file': 'sram_compiler/subcircuits/sram_6t_core.py', 'source_class': 'Sram6TCell', 'source_module_name': 'SRAM_6T_CELL', 'role_hint': 'bitcell'}"
SRAM_6T_CORE_16x16.XSRAM_6T_CELL_3_0,SRAM_6T_CORE_16x16,XSRAM_6T_CELL_3_0,X,SRAM_6T_CELL,5,"['VDD', 'VSS', 'BL0', 'BLB0', 'WL3']","{'source_file': 'sram_compiler/subcircuits/sram_6t_core.py', 'source_class': 'Sram6TCell', 'source_module_name': 'SRAM_6T_CELL', 'role_hint': 'bitcell'}"
SRAM_6T_CORE_16x16.XSRAM_6T_CELL_3_1,SRAM_6T_CORE_16x16,XSRAM_6T_CELL_3_1,X,SRAM_6T_CELL,5,"['VDD', 'VSS', 'BL1', 'BLB1', 'WL3']","{'source_file': 'sram_compiler/subcircuits/sram_6t_core.py', 'source_class': 'Sram6TCell', 'source_module_name': 'SRAM_6T_CELL', 'role_hint': 'bitcell'}"
SRAM_6T_CORE_16x16.XSRAM_6T_CELL_3_2,SRAM_6T_CORE_16x16,XSRAM_6T_CELL_3_2,X,SRAM_6T_CELL,5,"['VDD', 'VSS', 'BL2', 'BLB2', 'WL3']","{'source_file': 'sram_compiler/subcircuits/sram_6t_core.py', 'source_class': 'Sram6TCell', 'source_module_name': 'SRAM_6T_CELL', 'role_hint': 'bitcell'}"
SRAM_6T_CORE_16x16.XSRAM_6T_CELL_3_3,SRAM_6T_CORE_16x16,XSRAM_6T_CELL_3_3,X,SRAM_6T_CELL,5,"['VDD', 'VSS', 'BL3', 'BLB3', 'WL3']","{'source_file': 'sram_compiler/subcircuits/sram_6t_core.py', 'source_class': 'Sram6TCell', 'source_module_name': 'SRAM_6T_CELL', 'role_hint': 'bitcell'}"
SRAM_6T_CORE_16x16.XSRAM_6T_CELL_3_4,SRAM_6T_CORE_16x16,XSRAM_6T_CELL_3_4,X,SRAM_6T_CELL,5,"['VDD', 'VSS', 'BL4', 'BLB4', 'WL3']","{'source_file': 'sram_compiler/subcircuits/sram_6t_core.py', 'source_class': 'Sram6TCell', 'source_module_name': 'SRAM_6T_CELL', 'role_hint': 'bitcell'}"
SRAM_6T_CORE_16x16.XSRAM_6T_CELL_3_5,SRAM_6T_CORE_16x16,XSRAM_6T_CELL_3_5,X,SRAM_6T_CELL,5,"['VDD', 'VSS', 'BL5', 'BLB5', 'WL3']","{'source_file': 'sram_compiler/subcircuits/sram_6t_core.py', 'source_class': 'Sram6TCell', 'source_module_name': 'SRAM_6T_CELL', 'role_hint': 'bitcell'}"
SRAM_6T_CORE_16x16.XSRAM_6T_CELL_3_6,SRAM_6T_CORE_16x16,XSRAM_6T_CELL_3_6,X,SRAM_6T_CELL,5,"['VDD', 'VSS', 'BL6', 'BLB6', 'WL3']","{'source_file': 'sram_compiler/subcircuits/sram_6t_core.py', 'source_class': 'Sram6TCell', 'source_module_name': 'SRAM_6T_CELL', 'role_hint': 'bitcell'}"
SRAM_6T_CORE_16x16.XSRAM_6T_CELL_3_7,SRAM_6T_CORE_16x16,XSRAM_6T_CELL_3_7,X,SRAM_6T_CELL,5,"['VDD', 'VSS', 'BL7', 'BLB7', 'WL3']","{'source_file': 'sram_compiler/subcircuits/sram_6t_core.py', 'source_class': 'Sram6TCell', 'source_module_name': 'SRAM_6T_CELL', 'role_hint': 'bitcell'}"
SRAM_6T_CORE_16x16.XSRAM_6T_CELL_3_8,SRAM_6T_CORE_16x16,XSRAM_6T_CELL_3_8,X,SRAM_6T_CELL,5,"['VDD', 'VSS', 'BL8', 'BLB8', 'WL3']","{'source_file': 'sram_compiler/subcircuits/sram_6t_core.py', 'source_class': 'Sram6TCell', 'source_module_name': 'SRAM_6T_CELL', 'role_hint': 'bitcell'}"
SRAM_6T_CORE_16x16.XSRAM_6T_CELL_3_9,SRAM_6T_CORE_16x16,XSRAM_6T_CELL_3_9,X,SRAM_6T_CELL,5,"['VDD', 'VSS', 'BL9', 'BLB9', 'WL3']","{'source_file': 'sram_compiler/subcircuits/sram_6t_core.py', 'source_class': 'Sram6TCell', 'source_module_name': 'SRAM_6T_CELL', 'role_hint': 'bitcell'}"
SRAM_6T_CORE_16x16.XSRAM_6T_CELL_3_10,SRAM_6T_CORE_16x16,XSRAM_6T_CELL_3_10,X,SRAM_6T_CELL,5,"['VDD', 'VSS', 'BL10', 'BLB10', 'WL3']","{'source_file': 'sram_compiler/subcircuits/sram_6t_core.py', 'source_class': 'Sram6TCell', 'source_module_name': 'SRAM_6T_CELL', 'role_hint': 'bitcell'}"
SRAM_6T_CORE_16x16.XSRAM_6T_CELL_3_11,SRAM_6T_CORE_16x16,XSRAM_6T_CELL_3_11,X,SRAM_6T_CELL,5,"['VDD', 'VSS', 'BL11', 'BLB11', 'WL3']","{'source_file': 'sram_compiler/subcircuits/sram_6t_core.py', 'source_class': 'Sram6TCell', 'source_module_name': 'SRAM_6T_CELL', 'role_hint': 'bitcell'}"
SRAM_6T_CORE_16x16.XSRAM_6T_CELL_3_12,SRAM_6T_CORE_16x16,XSRAM_6T_CELL_3_12,X,SRAM_6T_CELL,5,"['VDD', 'VSS', 'BL12', 'BLB12', 'WL3']","{'source_file': 'sram_compiler/subcircuits/sram_6t_core.py', 'source_class': 'Sram6TCell', 'source_module_name': 'SRAM_6T_CELL', 'role_hint': 'bitcell'}"
SRAM_6T_CORE_16x16.XSRAM_6T_CELL_3_13,SRAM_6T_CORE_16x16,XSRAM_6T_CELL_3_13,X,SRAM_6T_CELL,5,"['VDD', 'VSS', 'BL13', 'BLB13', 'WL3']","{'source_file': 'sram_compiler/subcircuits/sram_6t_core.py', 'source_class': 'Sram6TCell', 'source_module_name': 'SRAM_6T_CELL', 'role_hint': 'bitcell'}"
SRAM_6T_CORE_16x16.XSRAM_6T_CELL_3_14,SRAM_6T_CORE_16x16,XSRAM_6T_CELL_3_14,X,SRAM_6T_CELL,5,"['VDD', 'VSS', 'BL14', 'BLB14', 'WL3']","{'source_file': 'sram_compiler/subcircuits/sram_6t_core.py', 'source_class': 'Sram6TCell', 'source_module_name': 'SRAM_6T_CELL', 'role_hint': 'bitcell'}"
SRAM_6T_CORE_16x16.XSRAM_6T_CELL_3_15,SRAM_6T_CORE_16x16,XSRAM_6T_CELL_3_15,X,SRAM_6T_CELL,5,"['VDD', 'VSS', 'BL15', 'BLB15', 'WL3']","{'source_file': 'sram_compiler/subcircuits/sram_6t_core.py', 'source_class': 'Sram6TCell', 'source_module_name': 'SRAM_6T_CELL', 'role_hint': 'bitcell'}"
SRAM_6T_CORE_16x16.XSRAM_6T_CELL_4_0,SRAM_6T_CORE_16x16,XSRAM_6T_CELL_4_0,X,SRAM_6T_CELL,5,"['VDD', 'VSS', 'BL0', 'BLB0', 'WL4']","{'source_file': 'sram_compiler/subcircuits/sram_6t_core.py', 'source_class': 'Sram6TCell', 'source_module_name': 'SRAM_6T_CELL', 'role_hint': 'bitcell'}"
SRAM_6T_CORE_16x16.XSRAM_6T_CELL_4_1,SRAM_6T_CORE_16x16,XSRAM_6T_CELL_4_1,X,SRAM_6T_CELL,5,"['VDD', 'VSS', 'BL1', 'BLB1', 'WL4']","{'source_file': 'sram_compiler/subcircuits/sram_6t_core.py', 'source_class': 'Sram6TCell', 'source_module_name': 'SRAM_6T_CELL', 'role_hint': 'bitcell'}"
SRAM_6T_CORE_16x16.XSRAM_6T_CELL_4_2,SRAM_6T_CORE_16x16,XSRAM_6T_CELL_4_2,X,SRAM_6T_CELL,5,"['VDD', 'VSS', 'BL2', 'BLB2', 'WL4']","{'source_file': 'sram_compiler/subcircuits/sram_6t_core.py', 'source_class': 'Sram6TCell', 'source_module_name': 'SRAM_6T_CELL', 'role_hint': 'bitcell'}"
SRAM_6T_CORE_16x16.XSRAM_6T_CELL_4_3,SRAM_6T_CORE_16x16,XSRAM_6T_CELL_4_3,X,SRAM_6T_CELL,5,"['VDD', 'VSS', 'BL3', 'BLB3', 'WL4']","{'source_file': 'sram_compiler/subcircuits/sram_6t_core.py', 'source_class': 'Sram6TCell', 'source_module_name': 'SRAM_6T_CELL', 'role_hint': 'bitcell'}"
SRAM_6T_CORE_16x16.XSRAM_6T_CELL_4_4,SRAM_6T_CORE_16x16,XSRAM_6T_CELL_4_4,X,SRAM_6T_CELL,5,"['VDD', 'VSS', 'BL4', 'BLB4', 'WL4']","{'source_file': 'sram_compiler/subcircuits/sram_6t_core.py', 'source_class': 'Sram6TCell', 'source_module_name': 'SRAM_6T_CELL', 'role_hint': 'bitcell'}"
SRAM_6T_CORE_16x16.XSRAM_6T_CELL_4_5,SRAM_6T_CORE_16x16,XSRAM_6T_CELL_4_5,X,SRAM_6T_CELL,5,"['VDD', 'VSS', 'BL5', 'BLB5', 'WL4']","{'source_file': 'sram_compiler/subcircuits/sram_6t_core.py', 'source_class': 'Sram6TCell', 'source_module_name': 'SRAM_6T_CELL', 'role_hint': 'bitcell'}"
SRAM_6T_CORE_16x16.XSRAM_6T_CELL_4_6,SRAM_6T_CORE_16x16,XSRAM_6T_CELL_4_6,X,SRAM_6T_CELL,5,"['VDD', 'VSS', 'BL6', 'BLB6', 'WL4']","{'source_file': 'sram_compiler/subcircuits/sram_6t_core.py', 'source_class': 'Sram6TCell', 'source_module_name': 'SRAM_6T_CELL', 'role_hint': 'bitcell'}"
SRAM_6T_CORE_16x16.XSRAM_6T_CELL_4_7,SRAM_6T_CORE_16x16,XSRAM_6T_CELL_4_7,X,SRAM_6T_CELL,5,"['VDD', 'VSS', 'BL7', 'BLB7', 'WL4']","{'source_file': 'sram_compiler/subcircuits/sram_6t_core.py', 'source_class': 'Sram6TCell', 'source_module_name': 'SRAM_6T_CELL', 'role_hint': 'bitcell'}"
SRAM_6T_CORE_16x16.XSRAM_6T_CELL_4_8,SRAM_6T_CORE_16x16,XSRAM_6T_CELL_4_8,X,SRAM_6T_CELL,5,"['VDD', 'VSS', 'BL8', 'BLB8', 'WL4']","{'source_file': 'sram_compiler/subcircuits/sram_6t_core.py', 'source_class': 'Sram6TCell', 'source_module_name': 'SRAM_6T_CELL', 'role_hint': 'bitcell'}"
SRAM_6T_CORE_16x16.XSRAM_6T_CELL_4_9,SRAM_6T_CORE_16x16,XSRAM_6T_CELL_4_9,X,SRAM_6T_CELL,5,"['VDD', 'VSS', 'BL9', 'BLB9', 'WL4']","{'source_file': 'sram_compiler/subcircuits/sram_6t_core.py', 'source_class': 'Sram6TCell', 'source_module_name': 'SRAM_6T_CELL', 'role_hint': 'bitcell'}"
SRAM_6T_CORE_16x16.XSRAM_6T_CELL_4_10,SRAM_6T_CORE_16x16,XSRAM_6T_CELL_4_10,X,SRAM_6T_CELL,5,"['VDD', 'VSS', 'BL10', 'BLB10', 'WL4']","{'source_file': 'sram_compiler/subcircuits/sram_6t_core.py', 'source_class': 'Sram6TCell', 'source_module_name': 'SRAM_6T_CELL', 'role_hint': 'bitcell'}"
SRAM_6T_CORE_16x16.XSRAM_6T_CELL_4_11,SRAM_6T_CORE_16x16,XSRAM_6T_CELL_4_11,X,SRAM_6T_CELL,5,"['VDD', 'VSS', 'BL11', 'BLB11', 'WL4']","{'source_file': 'sram_compiler/subcircuits/sram_6t_core.py', 'source_class': 'Sram6TCell', 'source_module_name': 'SRAM_6T_CELL', 'role_hint': 'bitcell'}"
SRAM_6T_CORE_16x16.XSRAM_6T_CELL_4_12,SRAM_6T_CORE_16x16,XSRAM_6T_CELL_4_12,X,SRAM_6T_CELL,5,"['VDD', 'VSS', 'BL12', 'BLB12', 'WL4']","{'source_file': 'sram_compiler/subcircuits/sram_6t_core.py', 'source_class': 'Sram6TCell', 'source_module_name': 'SRAM_6T_CELL', 'role_hint': 'bitcell'}"
SRAM_6T_CORE_16x16.XSRAM_6T_CELL_4_13,SRAM_6T_CORE_16x16,XSRAM_6T_CELL_4_13,X,SRAM_6T_CELL,5,"['VDD', 'VSS', 'BL13', 'BLB13', 'WL4']","{'source_file': 'sram_compiler/subcircuits/sram_6t_core.py', 'source_class': 'Sram6TCell', 'source_module_name': 'SRAM_6T_CELL', 'role_hint': 'bitcell'}"
SRAM_6T_CORE_16x16.XSRAM_6T_CELL_4_14,SRAM_6T_CORE_16x16,XSRAM_6T_CELL_4_14,X,SRAM_6T_CELL,5,"['VDD', 'VSS', 'BL14', 'BLB14', 'WL4']","{'source_file': 'sram_compiler/subcircuits/sram_6t_core.py', 'source_class': 'Sram6TCell', 'source_module_name': 'SRAM_6T_CELL', 'role_hint': 'bitcell'}"
SRAM_6T_CORE_16x16.XSRAM_6T_CELL_4_15,SRAM_6T_CORE_16x16,XSRAM_6T_CELL_4_15,X,SRAM_6T_CELL,5,"['VDD', 'VSS', 'BL15', 'BLB15', 'WL4']","{'source_file': 'sram_compiler/subcircuits/sram_6t_core.py', 'source_class': 'Sram6TCell', 'source_module_name': 'SRAM_6T_CELL', 'role_hint': 'bitcell'}"
SRAM_6T_CORE_16x16.XSRAM_6T_CELL_5_0,SRAM_6T_CORE_16x16,XSRAM_6T_CELL_5_0,X,SRAM_6T_CELL,5,"['VDD', 'VSS', 'BL0', 'BLB0', 'WL5']","{'source_file': 'sram_compiler/subcircuits/sram_6t_core.py', 'source_class': 'Sram6TCell', 'source_module_name': 'SRAM_6T_CELL', 'role_hint': 'bitcell'}"
SRAM_6T_CORE_16x16.XSRAM_6T_CELL_5_1,SRAM_6T_CORE_16x16,XSRAM_6T_CELL_5_1,X,SRAM_6T_CELL,5,"['VDD', 'VSS', 'BL1', 'BLB1', 'WL5']","{'source_file': 'sram_compiler/subcircuits/sram_6t_core.py', 'source_class': 'Sram6TCell', 'source_module_name': 'SRAM_6T_CELL', 'role_hint': 'bitcell'}"
SRAM_6T_CORE_16x16.XSRAM_6T_CELL_5_2,SRAM_6T_CORE_16x16,XSRAM_6T_CELL_5_2,X,SRAM_6T_CELL,5,"['VDD', 'VSS', 'BL2', 'BLB2', 'WL5']","{'source_file': 'sram_compiler/subcircuits/sram_6t_core.py', 'source_class': 'Sram6TCell', 'source_module_name': 'SRAM_6T_CELL', 'role_hint': 'bitcell'}"
SRAM_6T_CORE_16x16.XSRAM_6T_CELL_5_3,SRAM_6T_CORE_16x16,XSRAM_6T_CELL_5_3,X,SRAM_6T_CELL,5,"['VDD', 'VSS', 'BL3', 'BLB3', 'WL5']","{'source_file': 'sram_compiler/subcircuits/sram_6t_core.py', 'source_class': 'Sram6TCell', 'source_module_name': 'SRAM_6T_CELL', 'role_hint': 'bitcell'}"
SRAM_6T_CORE_16x16.XSRAM_6T_CELL_5_4,SRAM_6T_CORE_16x16,XSRAM_6T_CELL_5_4,X,SRAM_6T_CELL,5,"['VDD', 'VSS', 'BL4', 'BLB4', 'WL5']","{'source_file': 'sram_compiler/subcircuits/sram_6t_core.py', 'source_class': 'Sram6TCell', 'source_module_name': 'SRAM_6T_CELL', 'role_hint': 'bitcell'}"
SRAM_6T_CORE_16x16.XSRAM_6T_CELL_5_5,SRAM_6T_CORE_16x16,XSRAM_6T_CELL_5_5,X,SRAM_6T_CELL,5,"['VDD', 'VSS', 'BL5', 'BLB5', 'WL5']","{'source_file': 'sram_compiler/subcircuits/sram_6t_core.py', 'source_class': 'Sram6TCell', 'source_module_name': 'SRAM_6T_CELL', 'role_hint': 'bitcell'}"
SRAM_6T_CORE_16x16.XSRAM_6T_CELL_5_6,SRAM_6T_CORE_16x16,XSRAM_6T_CELL_5_6,X,SRAM_6T_CELL,5,"['VDD', 'VSS', 'BL6', 'BLB6', 'WL5']","{'source_file': 'sram_compiler/subcircuits/sram_6t_core.py', 'source_class': 'Sram6TCell', 'source_module_name': 'SRAM_6T_CELL', 'role_hint': 'bitcell'}"
SRAM_6T_CORE_16x16.XSRAM_6T_CELL_5_7,SRAM_6T_CORE_16x16,XSRAM_6T_CELL_5_7,X,SRAM_6T_CELL,5,"['VDD', 'VSS', 'BL7', 'BLB7', 'WL5']","{'source_file': 'sram_compiler/subcircuits/sram_6t_core.py', 'source_class': 'Sram6TCell', 'source_module_name': 'SRAM_6T_CELL', 'role_hint': 'bitcell'}"
SRAM_6T_CORE_16x16.XSRAM_6T_CELL_5_8,SRAM_6T_CORE_16x16,XSRAM_6T_CELL_5_8,X,SRAM_6T_CELL,5,"['VDD', 'VSS', 'BL8', 'BLB8', 'WL5']","{'source_file': 'sram_compiler/subcircuits/sram_6t_core.py', 'source_class': 'Sram6TCell', 'source_module_name': 'SRAM_6T_CELL', 'role_hint': 'bitcell'}"
SRAM_6T_CORE_16x16.XSRAM_6T_CELL_5_9,SRAM_6T_CORE_16x16,XSRAM_6T_CELL_5_9,X,SRAM_6T_CELL,5,"['VDD', 'VSS', 'BL9', 'BLB9', 'WL5']","{'source_file': 'sram_compiler/subcircuits/sram_6t_core.py', 'source_class': 'Sram6TCell', 'source_module_name': 'SRAM_6T_CELL', 'role_hint': 'bitcell'}"
SRAM_6T_CORE_16x16.XSRAM_6T_CELL_5_10,SRAM_6T_CORE_16x16,XSRAM_6T_CELL_5_10,X,SRAM_6T_CELL,5,"['VDD', 'VSS', 'BL10', 'BLB10', 'WL5']","{'source_file': 'sram_compiler/subcircuits/sram_6t_core.py', 'source_class': 'Sram6TCell', 'source_module_name': 'SRAM_6T_CELL', 'role_hint': 'bitcell'}"
SRAM_6T_CORE_16x16.XSRAM_6T_CELL_5_11,SRAM_6T_CORE_16x16,XSRAM_6T_CELL_5_11,X,SRAM_6T_CELL,5,"['VDD', 'VSS', 'BL11', 'BLB11', 'WL5']","{'source_file': 'sram_compiler/subcircuits/sram_6t_core.py', 'source_class': 'Sram6TCell', 'source_module_name': 'SRAM_6T_CELL', 'role_hint': 'bitcell'}"
SRAM_6T_CORE_16x16.XSRAM_6T_CELL_5_12,SRAM_6T_CORE_16x16,XSRAM_6T_CELL_5_12,X,SRAM_6T_CELL,5,"['VDD', 'VSS', 'BL12', 'BLB12', 'WL5']","{'source_file': 'sram_compiler/subcircuits/sram_6t_core.py', 'source_class': 'Sram6TCell', 'source_module_name': 'SRAM_6T_CELL', 'role_hint': 'bitcell'}"
SRAM_6T_CORE_16x16.XSRAM_6T_CELL_5_13,SRAM_6T_CORE_16x16,XSRAM_6T_CELL_5_13,X,SRAM_6T_CELL,5,"['VDD', 'VSS', 'BL13', 'BLB13', 'WL5']","{'source_file': 'sram_compiler/subcircuits/sram_6t_core.py', 'source_class': 'Sram6TCell', 'source_module_name': 'SRAM_6T_CELL', 'role_hint': 'bitcell'}"
SRAM_6T_CORE_16x16.XSRAM_6T_CELL_5_14,SRAM_6T_CORE_16x16,XSRAM_6T_CELL_5_14,X,SRAM_6T_CELL,5,"['VDD', 'VSS', 'BL14', 'BLB14', 'WL5']","{'source_file': 'sram_compiler/subcircuits/sram_6t_core.py', 'source_class': 'Sram6TCell', 'source_module_name': 'SRAM_6T_CELL', 'role_hint': 'bitcell'}"
SRAM_6T_CORE_16x16.XSRAM_6T_CELL_5_15,SRAM_6T_CORE_16x16,XSRAM_6T_CELL_5_15,X,SRAM_6T_CELL,5,"['VDD', 'VSS', 'BL15', 'BLB15', 'WL5']","{'source_file': 'sram_compiler/subcircuits/sram_6t_core.py', 'source_class': 'Sram6TCell', 'source_module_name': 'SRAM_6T_CELL', 'role_hint': 'bitcell'}"
SRAM_6T_CORE_16x16.XSRAM_6T_CELL_6_0,SRAM_6T_CORE_16x16,XSRAM_6T_CELL_6_0,X,SRAM_6T_CELL,5,"['VDD', 'VSS', 'BL0', 'BLB0', 'WL6']","{'source_file': 'sram_compiler/subcircuits/sram_6t_core.py', 'source_class': 'Sram6TCell', 'source_module_name': 'SRAM_6T_CELL', 'role_hint': 'bitcell'}"
SRAM_6T_CORE_16x16.XSRAM_6T_CELL_6_1,SRAM_6T_CORE_16x16,XSRAM_6T_CELL_6_1,X,SRAM_6T_CELL,5,"['VDD', 'VSS', 'BL1', 'BLB1', 'WL6']","{'source_file': 'sram_compiler/subcircuits/sram_6t_core.py', 'source_class': 'Sram6TCell', 'source_module_name': 'SRAM_6T_CELL', 'role_hint': 'bitcell'}"
SRAM_6T_CORE_16x16.XSRAM_6T_CELL_6_2,SRAM_6T_CORE_16x16,XSRAM_6T_CELL_6_2,X,SRAM_6T_CELL,5,"['VDD', 'VSS', 'BL2', 'BLB2', 'WL6']","{'source_file': 'sram_compiler/subcircuits/sram_6t_core.py', 'source_class': 'Sram6TCell', 'source_module_name': 'SRAM_6T_CELL', 'role_hint': 'bitcell'}"
SRAM_6T_CORE_16x16.XSRAM_6T_CELL_6_3,SRAM_6T_CORE_16x16,XSRAM_6T_CELL_6_3,X,SRAM_6T_CELL,5,"['VDD', 'VSS', 'BL3', 'BLB3', 'WL6']","{'source_file': 'sram_compiler/subcircuits/sram_6t_core.py', 'source_class': 'Sram6TCell', 'source_module_name': 'SRAM_6T_CELL', 'role_hint': 'bitcell'}"
SRAM_6T_CORE_16x16.XSRAM_6T_CELL_6_4,SRAM_6T_CORE_16x16,XSRAM_6T_CELL_6_4,X,SRAM_6T_CELL,5,"['VDD', 'VSS', 'BL4', 'BLB4', 'WL6']","{'source_file': 'sram_compiler/subcircuits/sram_6t_core.py', 'source_class': 'Sram6TCell', 'source_module_name': 'SRAM_6T_CELL', 'role_hint': 'bitcell'}"
SRAM_6T_CORE_16x16.XSRAM_6T_CELL_6_5,SRAM_6T_CORE_16x16,XSRAM_6T_CELL_6_5,X,SRAM_6T_CELL,5,"['VDD', 'VSS', 'BL5', 'BLB5', 'WL6']","{'source_file': 'sram_compiler/subcircuits/sram_6t_core.py', 'source_class': 'Sram6TCell', 'source_module_name': 'SRAM_6T_CELL', 'role_hint': 'bitcell'}"
SRAM_6T_CORE_16x16.XSRAM_6T_CELL_6_6,SRAM_6T_CORE_16x16,XSRAM_6T_CELL_6_6,X,SRAM_6T_CELL,5,"['VDD', 'VSS', 'BL6', 'BLB6', 'WL6']","{'source_file': 'sram_compiler/subcircuits/sram_6t_core.py', 'source_class': 'Sram6TCell', 'source_module_name': 'SRAM_6T_CELL', 'role_hint': 'bitcell'}"
SRAM_6T_CORE_16x16.XSRAM_6T_CELL_6_7,SRAM_6T_CORE_16x16,XSRAM_6T_CELL_6_7,X,SRAM_6T_CELL,5,"['VDD', 'VSS', 'BL7', 'BLB7', 'WL6']","{'source_file': 'sram_compiler/subcircuits/sram_6t_core.py', 'source_class': 'Sram6TCell', 'source_module_name': 'SRAM_6T_CELL', 'role_hint': 'bitcell'}"
SRAM_6T_CORE_16x16.XSRAM_6T_CELL_6_8,SRAM_6T_CORE_16x16,XSRAM_6T_CELL_6_8,X,SRAM_6T_CELL,5,"['VDD', 'VSS', 'BL8', 'BLB8', 'WL6']","{'source_file': 'sram_compiler/subcircuits/sram_6t_core.py', 'source_class': 'Sram6TCell', 'source_module_name': 'SRAM_6T_CELL', 'role_hint': 'bitcell'}"
SRAM_6T_CORE_16x16.XSRAM_6T_CELL_6_9,SRAM_6T_CORE_16x16,XSRAM_6T_CELL_6_9,X,SRAM_6T_CELL,5,"['VDD', 'VSS', 'BL9', 'BLB9', 'WL6']","{'source_file': 'sram_compiler/subcircuits/sram_6t_core.py', 'source_class': 'Sram6TCell', 'source_module_name': 'SRAM_6T_CELL', 'role_hint': 'bitcell'}"
SRAM_6T_CORE_16x16.XSRAM_6T_CELL_6_10,SRAM_6T_CORE_16x16,XSRAM_6T_CELL_6_10,X,SRAM_6T_CELL,5,"['VDD', 'VSS', 'BL10', 'BLB10', 'WL6']","{'source_file': 'sram_compiler/subcircuits/sram_6t_core.py', 'source_class': 'Sram6TCell', 'source_module_name': 'SRAM_6T_CELL', 'role_hint': 'bitcell'}"
SRAM_6T_CORE_16x16.XSRAM_6T_CELL_6_11,SRAM_6T_CORE_16x16,XSRAM_6T_CELL_6_11,X,SRAM_6T_CELL,5,"['VDD', 'VSS', 'BL11', 'BLB11', 'WL6']","{'source_file': 'sram_compiler/subcircuits/sram_6t_core.py', 'source_class': 'Sram6TCell', 'source_module_name': 'SRAM_6T_CELL', 'role_hint': 'bitcell'}"
SRAM_6T_CORE_16x16.XSRAM_6T_CELL_6_12,SRAM_6T_CORE_16x16,XSRAM_6T_CELL_6_12,X,SRAM_6T_CELL,5,"['VDD', 'VSS', 'BL12', 'BLB12', 'WL6']","{'source_file': 'sram_compiler/subcircuits/sram_6t_core.py', 'source_class': 'Sram6TCell', 'source_module_name': 'SRAM_6T_CELL', 'role_hint': 'bitcell'}"
SRAM_6T_CORE_16x16.XSRAM_6T_CELL_6_13,SRAM_6T_CORE_16x16,XSRAM_6T_CELL_6_13,X,SRAM_6T_CELL,5,"['VDD', 'VSS', 'BL13', 'BLB13', 'WL6']","{'source_file': 'sram_compiler/subcircuits/sram_6t_core.py', 'source_class': 'Sram6TCell', 'source_module_name': 'SRAM_6T_CELL', 'role_hint': 'bitcell'}"
SRAM_6T_CORE_16x16.XSRAM_6T_CELL_6_14,SRAM_6T_CORE_16x16,XSRAM_6T_CELL_6_14,X,SRAM_6T_CELL,5,"['VDD', 'VSS', 'BL14', 'BLB14', 'WL6']","{'source_file': 'sram_compiler/subcircuits/sram_6t_core.py', 'source_class': 'Sram6TCell', 'source_module_name': 'SRAM_6T_CELL', 'role_hint': 'bitcell'}"
SRAM_6T_CORE_16x16.XSRAM_6T_CELL_6_15,SRAM_6T_CORE_16x16,XSRAM_6T_CELL_6_15,X,SRAM_6T_CELL,5,"['VDD', 'VSS', 'BL15', 'BLB15', 'WL6']","{'source_file': 'sram_compiler/subcircuits/sram_6t_core.py', 'source_class': 'Sram6TCell', 'source_module_name': 'SRAM_6T_CELL', 'role_hint': 'bitcell'}"
SRAM_6T_CORE_16x16.XSRAM_6T_CELL_7_0,SRAM_6T_CORE_16x16,XSRAM_6T_CELL_7_0,X,SRAM_6T_CELL,5,"['VDD', 'VSS', 'BL0', 'BLB0', 'WL7']","{'source_file': 'sram_compiler/subcircuits/sram_6t_core.py', 'source_class': 'Sram6TCell', 'source_module_name': 'SRAM_6T_CELL', 'role_hint': 'bitcell'}"
SRAM_6T_CORE_16x16.XSRAM_6T_CELL_7_1,SRAM_6T_CORE_16x16,XSRAM_6T_CELL_7_1,X,SRAM_6T_CELL,5,"['VDD', 'VSS', 'BL1', 'BLB1', 'WL7']","{'source_file': 'sram_compiler/subcircuits/sram_6t_core.py', 'source_class': 'Sram6TCell', 'source_module_name': 'SRAM_6T_CELL', 'role_hint': 'bitcell'}"
SRAM_6T_CORE_16x16.XSRAM_6T_CELL_7_2,SRAM_6T_CORE_16x16,XSRAM_6T_CELL_7_2,X,SRAM_6T_CELL,5,"['VDD', 'VSS', 'BL2', 'BLB2', 'WL7']","{'source_file': 'sram_compiler/subcircuits/sram_6t_core.py', 'source_class': 'Sram6TCell', 'source_module_name': 'SRAM_6T_CELL', 'role_hint': 'bitcell'}"
SRAM_6T_CORE_16x16.XSRAM_6T_CELL_7_3,SRAM_6T_CORE_16x16,XSRAM_6T_CELL_7_3,X,SRAM_6T_CELL,5,"['VDD', 'VSS', 'BL3', 'BLB3', 'WL7']","{'source_file': 'sram_compiler/subcircuits/sram_6t_core.py', 'source_class': 'Sram6TCell', 'source_module_name': 'SRAM_6T_CELL', 'role_hint': 'bitcell'}"
SRAM_6T_CORE_16x16.XSRAM_6T_CELL_7_4,SRAM_6T_CORE_16x16,XSRAM_6T_CELL_7_4,X,SRAM_6T_CELL,5,"['VDD', 'VSS', 'BL4', 'BLB4', 'WL7']","{'source_file': 'sram_compiler/subcircuits/sram_6t_core.py', 'source_class': 'Sram6TCell', 'source_module_name': 'SRAM_6T_CELL', 'role_hint': 'bitcell'}"
SRAM_6T_CORE_16x16.XSRAM_6T_CELL_7_5,SRAM_6T_CORE_16x16,XSRAM_6T_CELL_7_5,X,SRAM_6T_CELL,5,"['VDD', 'VSS', 'BL5', 'BLB5', 'WL7']","{'source_file': 'sram_compiler/subcircuits/sram_6t_core.py', 'source_class': 'Sram6TCell', 'source_module_name': 'SRAM_6T_CELL', 'role_hint': 'bitcell'}"
SRAM_6T_CORE_16x16.XSRAM_6T_CELL_7_6,SRAM_6T_CORE_16x16,XSRAM_6T_CELL_7_6,X,SRAM_6T_CELL,5,"['VDD', 'VSS', 'BL6', 'BLB6', 'WL7']","{'source_file': 'sram_compiler/subcircuits/sram_6t_core.py', 'source_class': 'Sram6TCell', 'source_module_name': 'SRAM_6T_CELL', 'role_hint': 'bitcell'}"
SRAM_6T_CORE_16x16.XSRAM_6T_CELL_7_7,SRAM_6T_CORE_16x16,XSRAM_6T_CELL_7_7,X,SRAM_6T_CELL,5,"['VDD', 'VSS', 'BL7', 'BLB7', 'WL7']","{'source_file': 'sram_compiler/subcircuits/sram_6t_core.py', 'source_class': 'Sram6TCell', 'source_module_name': 'SRAM_6T_CELL', 'role_hint': 'bitcell'}"
SRAM_6T_CORE_16x16.XSRAM_6T_CELL_7_8,SRAM_6T_CORE_16x16,XSRAM_6T_CELL_7_8,X,SRAM_6T_CELL,5,"['VDD', 'VSS', 'BL8', 'BLB8', 'WL7']","{'source_file': 'sram_compiler/subcircuits/sram_6t_core.py', 'source_class': 'Sram6TCell', 'source_module_name': 'SRAM_6T_CELL', 'role_hint': 'bitcell'}"
SRAM_6T_CORE_16x16.XSRAM_6T_CELL_7_9,SRAM_6T_CORE_16x16,XSRAM_6T_CELL_7_9,X,SRAM_6T_CELL,5,"['VDD', 'VSS', 'BL9', 'BLB9', 'WL7']","{'source_file': 'sram_compiler/subcircuits/sram_6t_core.py', 'source_class': 'Sram6TCell', 'source_module_name': 'SRAM_6T_CELL', 'role_hint': 'bitcell'}"
SRAM_6T_CORE_16x16.XSRAM_6T_CELL_7_10,SRAM_6T_CORE_16x16,XSRAM_6T_CELL_7_10,X,SRAM_6T_CELL,5,"['VDD', 'VSS', 'BL10', 'BLB10', 'WL7']","{'source_file': 'sram_compiler/subcircuits/sram_6t_core.py', 'source_class': 'Sram6TCell', 'source_module_name': 'SRAM_6T_CELL', 'role_hint': 'bitcell'}"
SRAM_6T_CORE_16x16.XSRAM_6T_CELL_7_11,SRAM_6T_CORE_16x16,XSRAM_6T_CELL_7_11,X,SRAM_6T_CELL,5,"['VDD', 'VSS', 'BL11', 'BLB11', 'WL7']","{'source_file': 'sram_compiler/subcircuits/sram_6t_core.py', 'source_class': 'Sram6TCell', 'source_module_name': 'SRAM_6T_CELL', 'role_hint': 'bitcell'}"
SRAM_6T_CORE_16x16.XSRAM_6T_CELL_7_12,SRAM_6T_CORE_16x16,XSRAM_6T_CELL_7_12,X,SRAM_6T_CELL,5,"['VDD', 'VSS', 'BL12', 'BLB12', 'WL7']","{'source_file': 'sram_compiler/subcircuits/sram_6t_core.py', 'source_class': 'Sram6TCell', 'source_module_name': 'SRAM_6T_CELL', 'role_hint': 'bitcell'}"
SRAM_6T_CORE_16x16.XSRAM_6T_CELL_7_13,SRAM_6T_CORE_16x16,XSRAM_6T_CELL_7_13,X,SRAM_6T_CELL,5,"['VDD', 'VSS', 'BL13', 'BLB13', 'WL7']","{'source_file': 'sram_compiler/subcircuits/sram_6t_core.py', 'source_class': 'Sram6TCell', 'source_module_name': 'SRAM_6T_CELL', 'role_hint': 'bitcell'}"
SRAM_6T_CORE_16x16.XSRAM_6T_CELL_7_14,SRAM_6T_CORE_16x16,XSRAM_6T_CELL_7_14,X,SRAM_6T_CELL,5,"['VDD', 'VSS', 'BL14', 'BLB14', 'WL7']","{'source_file': 'sram_compiler/subcircuits/sram_6t_core.py', 'source_class': 'Sram6TCell', 'source_module_name': 'SRAM_6T_CELL', 'role_hint': 'bitcell'}"
SRAM_6T_CORE_16x16.XSRAM_6T_CELL_7_15,SRAM_6T_CORE_16x16,XSRAM_6T_CELL_7_15,X,SRAM_6T_CELL,5,"['VDD', 'VSS', 'BL15', 'BLB15', 'WL7']","{'source_file': 'sram_compiler/subcircuits/sram_6t_core.py', 'source_class': 'Sram6TCell', 'source_module_name': 'SRAM_6T_CELL', 'role_hint': 'bitcell'}"
SRAM_6T_CORE_16x16.XSRAM_6T_CELL_8_0,SRAM_6T_CORE_16x16,XSRAM_6T_CELL_8_0,X,SRAM_6T_CELL,5,"['VDD', 'VSS', 'BL0', 'BLB0', 'WL8']","{'source_file': 'sram_compiler/subcircuits/sram_6t_core.py', 'source_class': 'Sram6TCell', 'source_module_name': 'SRAM_6T_CELL', 'role_hint': 'bitcell'}"
SRAM_6T_CORE_16x16.XSRAM_6T_CELL_8_1,SRAM_6T_CORE_16x16,XSRAM_6T_CELL_8_1,X,SRAM_6T_CELL,5,"['VDD', 'VSS', 'BL1', 'BLB1', 'WL8']","{'source_file': 'sram_compiler/subcircuits/sram_6t_core.py', 'source_class': 'Sram6TCell', 'source_module_name': 'SRAM_6T_CELL', 'role_hint': 'bitcell'}"
SRAM_6T_CORE_16x16.XSRAM_6T_CELL_8_2,SRAM_6T_CORE_16x16,XSRAM_6T_CELL_8_2,X,SRAM_6T_CELL,5,"['VDD', 'VSS', 'BL2', 'BLB2', 'WL8']","{'source_file': 'sram_compiler/subcircuits/sram_6t_core.py', 'source_class': 'Sram6TCell', 'source_module_name': 'SRAM_6T_CELL', 'role_hint': 'bitcell'}"
SRAM_6T_CORE_16x16.XSRAM_6T_CELL_8_3,SRAM_6T_CORE_16x16,XSRAM_6T_CELL_8_3,X,SRAM_6T_CELL,5,"['VDD', 'VSS', 'BL3', 'BLB3', 'WL8']","{'source_file': 'sram_compiler/subcircuits/sram_6t_core.py', 'source_class': 'Sram6TCell', 'source_module_name': 'SRAM_6T_CELL', 'role_hint': 'bitcell'}"
SRAM_6T_CORE_16x16.XSRAM_6T_CELL_8_4,SRAM_6T_CORE_16x16,XSRAM_6T_CELL_8_4,X,SRAM_6T_CELL,5,"['VDD', 'VSS', 'BL4', 'BLB4', 'WL8']","{'source_file': 'sram_compiler/subcircuits/sram_6t_core.py', 'source_class': 'Sram6TCell', 'source_module_name': 'SRAM_6T_CELL', 'role_hint': 'bitcell'}"
SRAM_6T_CORE_16x16.XSRAM_6T_CELL_8_5,SRAM_6T_CORE_16x16,XSRAM_6T_CELL_8_5,X,SRAM_6T_CELL,5,"['VDD', 'VSS', 'BL5', 'BLB5', 'WL8']","{'source_file': 'sram_compiler/subcircuits/sram_6t_core.py', 'source_class': 'Sram6TCell', 'source_module_name': 'SRAM_6T_CELL', 'role_hint': 'bitcell'}"
SRAM_6T_CORE_16x16.XSRAM_6T_CELL_8_6,SRAM_6T_CORE_16x16,XSRAM_6T_CELL_8_6,X,SRAM_6T_CELL,5,"['VDD', 'VSS', 'BL6', 'BLB6', 'WL8']","{'source_file': 'sram_compiler/subcircuits/sram_6t_core.py', 'source_class': 'Sram6TCell', 'source_module_name': 'SRAM_6T_CELL', 'role_hint': 'bitcell'}"
SRAM_6T_CORE_16x16.XSRAM_6T_CELL_8_7,SRAM_6T_CORE_16x16,XSRAM_6T_CELL_8_7,X,SRAM_6T_CELL,5,"['VDD', 'VSS', 'BL7', 'BLB7', 'WL8']","{'source_file': 'sram_compiler/subcircuits/sram_6t_core.py', 'source_class': 'Sram6TCell', 'source_module_name': 'SRAM_6T_CELL', 'role_hint': 'bitcell'}"
SRAM_6T_CORE_16x16.XSRAM_6T_CELL_8_8,SRAM_6T_CORE_16x16,XSRAM_6T_CELL_8_8,X,SRAM_6T_CELL,5,"['VDD', 'VSS', 'BL8', 'BLB8', 'WL8']","{'source_file': 'sram_compiler/subcircuits/sram_6t_core.py', 'source_class': 'Sram6TCell', 'source_module_name': 'SRAM_6T_CELL', 'role_hint': 'bitcell'}"
SRAM_6T_CORE_16x16.XSRAM_6T_CELL_8_9,SRAM_6T_CORE_16x16,XSRAM_6T_CELL_8_9,X,SRAM_6T_CELL,5,"['VDD', 'VSS', 'BL9', 'BLB9', 'WL8']","{'source_file': 'sram_compiler/subcircuits/sram_6t_core.py', 'source_class': 'Sram6TCell', 'source_module_name': 'SRAM_6T_CELL', 'role_hint': 'bitcell'}"
SRAM_6T_CORE_16x16.XSRAM_6T_CELL_8_10,SRAM_6T_CORE_16x16,XSRAM_6T_CELL_8_10,X,SRAM_6T_CELL,5,"['VDD', 'VSS', 'BL10', 'BLB10', 'WL8']","{'source_file': 'sram_compiler/subcircuits/sram_6t_core.py', 'source_class': 'Sram6TCell', 'source_module_name': 'SRAM_6T_CELL', 'role_hint': 'bitcell'}"
SRAM_6T_CORE_16x16.XSRAM_6T_CELL_8_11,SRAM_6T_CORE_16x16,XSRAM_6T_CELL_8_11,X,SRAM_6T_CELL,5,"['VDD', 'VSS', 'BL11', 'BLB11', 'WL8']","{'source_file': 'sram_compiler/subcircuits/sram_6t_core.py', 'source_class': 'Sram6TCell', 'source_module_name': 'SRAM_6T_CELL', 'role_hint': 'bitcell'}"
SRAM_6T_CORE_16x16.XSRAM_6T_CELL_8_12,SRAM_6T_CORE_16x16,XSRAM_6T_CELL_8_12,X,SRAM_6T_CELL,5,"['VDD', 'VSS', 'BL12', 'BLB12', 'WL8']","{'source_file': 'sram_compiler/subcircuits/sram_6t_core.py', 'source_class': 'Sram6TCell', 'source_module_name': 'SRAM_6T_CELL', 'role_hint': 'bitcell'}"
SRAM_6T_CORE_16x16.XSRAM_6T_CELL_8_13,SRAM_6T_CORE_16x16,XSRAM_6T_CELL_8_13,X,SRAM_6T_CELL,5,"['VDD', 'VSS', 'BL13', 'BLB13', 'WL8']","{'source_file': 'sram_compiler/subcircuits/sram_6t_core.py', 'source_class': 'Sram6TCell', 'source_module_name': 'SRAM_6T_CELL', 'role_hint': 'bitcell'}"
SRAM_6T_CORE_16x16.XSRAM_6T_CELL_8_14,SRAM_6T_CORE_16x16,XSRAM_6T_CELL_8_14,X,SRAM_6T_CELL,5,"['VDD', 'VSS', 'BL14', 'BLB14', 'WL8']","{'source_file': 'sram_compiler/subcircuits/sram_6t_core.py', 'source_class': 'Sram6TCell', 'source_module_name': 'SRAM_6T_CELL', 'role_hint': 'bitcell'}"
SRAM_6T_CORE_16x16.XSRAM_6T_CELL_8_15,SRAM_6T_CORE_16x16,XSRAM_6T_CELL_8_15,X,SRAM_6T_CELL,5,"['VDD', 'VSS', 'BL15', 'BLB15', 'WL8']","{'source_file': 'sram_compiler/subcircuits/sram_6t_core.py', 'source_class': 'Sram6TCell', 'source_module_name': 'SRAM_6T_CELL', 'role_hint': 'bitcell'}"
SRAM_6T_CORE_16x16.XSRAM_6T_CELL_9_0,SRAM_6T_CORE_16x16,XSRAM_6T_CELL_9_0,X,SRAM_6T_CELL,5,"['VDD', 'VSS', 'BL0', 'BLB0', 'WL9']","{'source_file': 'sram_compiler/subcircuits/sram_6t_core.py', 'source_class': 'Sram6TCell', 'source_module_name': 'SRAM_6T_CELL', 'role_hint': 'bitcell'}"
SRAM_6T_CORE_16x16.XSRAM_6T_CELL_9_1,SRAM_6T_CORE_16x16,XSRAM_6T_CELL_9_1,X,SRAM_6T_CELL,5,"['VDD', 'VSS', 'BL1', 'BLB1', 'WL9']","{'source_file': 'sram_compiler/subcircuits/sram_6t_core.py', 'source_class': 'Sram6TCell', 'source_module_name': 'SRAM_6T_CELL', 'role_hint': 'bitcell'}"
SRAM_6T_CORE_16x16.XSRAM_6T_CELL_9_2,SRAM_6T_CORE_16x16,XSRAM_6T_CELL_9_2,X,SRAM_6T_CELL,5,"['VDD', 'VSS', 'BL2', 'BLB2', 'WL9']","{'source_file': 'sram_compiler/subcircuits/sram_6t_core.py', 'source_class': 'Sram6TCell', 'source_module_name': 'SRAM_6T_CELL', 'role_hint': 'bitcell'}"
SRAM_6T_CORE_16x16.XSRAM_6T_CELL_9_3,SRAM_6T_CORE_16x16,XSRAM_6T_CELL_9_3,X,SRAM_6T_CELL,5,"['VDD', 'VSS', 'BL3', 'BLB3', 'WL9']","{'source_file': 'sram_compiler/subcircuits/sram_6t_core.py', 'source_class': 'Sram6TCell', 'source_module_name': 'SRAM_6T_CELL', 'role_hint': 'bitcell'}"
SRAM_6T_CORE_16x16.XSRAM_6T_CELL_9_4,SRAM_6T_CORE_16x16,XSRAM_6T_CELL_9_4,X,SRAM_6T_CELL,5,"['VDD', 'VSS', 'BL4', 'BLB4', 'WL9']","{'source_file': 'sram_compiler/subcircuits/sram_6t_core.py', 'source_class': 'Sram6TCell', 'source_module_name': 'SRAM_6T_CELL', 'role_hint': 'bitcell'}"
SRAM_6T_CORE_16x16.XSRAM_6T_CELL_9_5,SRAM_6T_CORE_16x16,XSRAM_6T_CELL_9_5,X,SRAM_6T_CELL,5,"['VDD', 'VSS', 'BL5', 'BLB5', 'WL9']","{'source_file': 'sram_compiler/subcircuits/sram_6t_core.py', 'source_class': 'Sram6TCell', 'source_module_name': 'SRAM_6T_CELL', 'role_hint': 'bitcell'}"
SRAM_6T_CORE_16x16.XSRAM_6T_CELL_9_6,SRAM_6T_CORE_16x16,XSRAM_6T_CELL_9_6,X,SRAM_6T_CELL,5,"['VDD', 'VSS', 'BL6', 'BLB6', 'WL9']","{'source_file': 'sram_compiler/subcircuits/sram_6t_core.py', 'source_class': 'Sram6TCell', 'source_module_name': 'SRAM_6T_CELL', 'role_hint': 'bitcell'}"
SRAM_6T_CORE_16x16.XSRAM_6T_CELL_9_7,SRAM_6T_CORE_16x16,XSRAM_6T_CELL_9_7,X,SRAM_6T_CELL,5,"['VDD', 'VSS', 'BL7', 'BLB7', 'WL9']","{'source_file': 'sram_compiler/subcircuits/sram_6t_core.py', 'source_class': 'Sram6TCell', 'source_module_name': 'SRAM_6T_CELL', 'role_hint': 'bitcell'}"
SRAM_6T_CORE_16x16.XSRAM_6T_CELL_9_8,SRAM_6T_CORE_16x16,XSRAM_6T_CELL_9_8,X,SRAM_6T_CELL,5,"['VDD', 'VSS', 'BL8', 'BLB8', 'WL9']","{'source_file': 'sram_compiler/subcircuits/sram_6t_core.py', 'source_class': 'Sram6TCell', 'source_module_name': 'SRAM_6T_CELL', 'role_hint': 'bitcell'}"
SRAM_6T_CORE_16x16.XSRAM_6T_CELL_9_9,SRAM_6T_CORE_16x16,XSRAM_6T_CELL_9_9,X,SRAM_6T_CELL,5,"['VDD', 'VSS', 'BL9', 'BLB9', 'WL9']","{'source_file': 'sram_compiler/subcircuits/sram_6t_core.py', 'source_class': 'Sram6TCell', 'source_module_name': 'SRAM_6T_CELL', 'role_hint': 'bitcell'}"
SRAM_6T_CORE_16x16.XSRAM_6T_CELL_9_10,SRAM_6T_CORE_16x16,XSRAM_6T_CELL_9_10,X,SRAM_6T_CELL,5,"['VDD', 'VSS', 'BL10', 'BLB10', 'WL9']","{'source_file': 'sram_compiler/subcircuits/sram_6t_core.py', 'source_class': 'Sram6TCell', 'source_module_name': 'SRAM_6T_CELL', 'role_hint': 'bitcell'}"
SRAM_6T_CORE_16x16.XSRAM_6T_CELL_9_11,SRAM_6T_CORE_16x16,XSRAM_6T_CELL_9_11,X,SRAM_6T_CELL,5,"['VDD', 'VSS', 'BL11', 'BLB11', 'WL9']","{'source_file': 'sram_compiler/subcircuits/sram_6t_core.py', 'source_class': 'Sram6TCell', 'source_module_name': 'SRAM_6T_CELL', 'role_hint': 'bitcell'}"
SRAM_6T_CORE_16x16.XSRAM_6T_CELL_9_12,SRAM_6T_CORE_16x16,XSRAM_6T_CELL_9_12,X,SRAM_6T_CELL,5,"['VDD', 'VSS', 'BL12', 'BLB12', 'WL9']","{'source_file': 'sram_compiler/subcircuits/sram_6t_core.py', 'source_class': 'Sram6TCell', 'source_module_name': 'SRAM_6T_CELL', 'role_hint': 'bitcell'}"
SRAM_6T_CORE_16x16.XSRAM_6T_CELL_9_13,SRAM_6T_CORE_16x16,XSRAM_6T_CELL_9_13,X,SRAM_6T_CELL,5,"['VDD', 'VSS', 'BL13', 'BLB13', 'WL9']","{'source_file': 'sram_compiler/subcircuits/sram_6t_core.py', 'source_class': 'Sram6TCell', 'source_module_name': 'SRAM_6T_CELL', 'role_hint': 'bitcell'}"
SRAM_6T_CORE_16x16.XSRAM_6T_CELL_9_14,SRAM_6T_CORE_16x16,XSRAM_6T_CELL_9_14,X,SRAM_6T_CELL,5,"['VDD', 'VSS', 'BL14', 'BLB14', 'WL9']","{'source_file': 'sram_compiler/subcircuits/sram_6t_core.py', 'source_class': 'Sram6TCell', 'source_module_name': 'SRAM_6T_CELL', 'role_hint': 'bitcell'}"
SRAM_6T_CORE_16x16.XSRAM_6T_CELL_9_15,SRAM_6T_CORE_16x16,XSRAM_6T_CELL_9_15,X,SRAM_6T_CELL,5,"['VDD', 'VSS', 'BL15', 'BLB15', 'WL9']","{'source_file': 'sram_compiler/subcircuits/sram_6t_core.py', 'source_class': 'Sram6TCell', 'source_module_name': 'SRAM_6T_CELL', 'role_hint': 'bitcell'}"
SRAM_6T_CORE_16x16.XSRAM_6T_CELL_10_0,SRAM_6T_CORE_16x16,XSRAM_6T_CELL_10_0,X,SRAM_6T_CELL,5,"['VDD', 'VSS', 'BL0', 'BLB0', 'WL10']","{'source_file': 'sram_compiler/subcircuits/sram_6t_core.py', 'source_class': 'Sram6TCell', 'source_module_name': 'SRAM_6T_CELL', 'role_hint': 'bitcell'}"
SRAM_6T_CORE_16x16.XSRAM_6T_CELL_10_1,SRAM_6T_CORE_16x16,XSRAM_6T_CELL_10_1,X,SRAM_6T_CELL,5,"['VDD', 'VSS', 'BL1', 'BLB1', 'WL10']","{'source_file': 'sram_compiler/subcircuits/sram_6t_core.py', 'source_class': 'Sram6TCell', 'source_module_name': 'SRAM_6T_CELL', 'role_hint': 'bitcell'}"
SRAM_6T_CORE_16x16.XSRAM_6T_CELL_10_2,SRAM_6T_CORE_16x16,XSRAM_6T_CELL_10_2,X,SRAM_6T_CELL,5,"['VDD', 'VSS', 'BL2', 'BLB2', 'WL10']","{'source_file': 'sram_compiler/subcircuits/sram_6t_core.py', 'source_class': 'Sram6TCell', 'source_module_name': 'SRAM_6T_CELL', 'role_hint': 'bitcell'}"
SRAM_6T_CORE_16x16.XSRAM_6T_CELL_10_3,SRAM_6T_CORE_16x16,XSRAM_6T_CELL_10_3,X,SRAM_6T_CELL,5,"['VDD', 'VSS', 'BL3', 'BLB3', 'WL10']","{'source_file': 'sram_compiler/subcircuits/sram_6t_core.py', 'source_class': 'Sram6TCell', 'source_module_name': 'SRAM_6T_CELL', 'role_hint': 'bitcell'}"
SRAM_6T_CORE_16x16.XSRAM_6T_CELL_10_4,SRAM_6T_CORE_16x16,XSRAM_6T_CELL_10_4,X,SRAM_6T_CELL,5,"['VDD', 'VSS', 'BL4', 'BLB4', 'WL10']","{'source_file': 'sram_compiler/subcircuits/sram_6t_core.py', 'source_class': 'Sram6TCell', 'source_module_name': 'SRAM_6T_CELL', 'role_hint': 'bitcell'}"
SRAM_6T_CORE_16x16.XSRAM_6T_CELL_10_5,SRAM_6T_CORE_16x16,XSRAM_6T_CELL_10_5,X,SRAM_6T_CELL,5,"['VDD', 'VSS', 'BL5', 'BLB5', 'WL10']","{'source_file': 'sram_compiler/subcircuits/sram_6t_core.py', 'source_class': 'Sram6TCell', 'source_module_name': 'SRAM_6T_CELL', 'role_hint': 'bitcell'}"
SRAM_6T_CORE_16x16.XSRAM_6T_CELL_10_6,SRAM_6T_CORE_16x16,XSRAM_6T_CELL_10_6,X,SRAM_6T_CELL,5,"['VDD', 'VSS', 'BL6', 'BLB6', 'WL10']","{'source_file': 'sram_compiler/subcircuits/sram_6t_core.py', 'source_class': 'Sram6TCell', 'source_module_name': 'SRAM_6T_CELL', 'role_hint': 'bitcell'}"
SRAM_6T_CORE_16x16.XSRAM_6T_CELL_10_7,SRAM_6T_CORE_16x16,XSRAM_6T_CELL_10_7,X,SRAM_6T_CELL,5,"['VDD', 'VSS', 'BL7', 'BLB7', 'WL10']","{'source_file': 'sram_compiler/subcircuits/sram_6t_core.py', 'source_class': 'Sram6TCell', 'source_module_name': 'SRAM_6T_CELL', 'role_hint': 'bitcell'}"
SRAM_6T_CORE_16x16.XSRAM_6T_CELL_10_8,SRAM_6T_CORE_16x16,XSRAM_6T_CELL_10_8,X,SRAM_6T_CELL,5,"['VDD', 'VSS', 'BL8', 'BLB8', 'WL10']","{'source_file': 'sram_compiler/subcircuits/sram_6t_core.py', 'source_class': 'Sram6TCell', 'source_module_name': 'SRAM_6T_CELL', 'role_hint': 'bitcell'}"
SRAM_6T_CORE_16x16.XSRAM_6T_CELL_10_9,SRAM_6T_CORE_16x16,XSRAM_6T_CELL_10_9,X,SRAM_6T_CELL,5,"['VDD', 'VSS', 'BL9', 'BLB9', 'WL10']","{'source_file': 'sram_compiler/subcircuits/sram_6t_core.py', 'source_class': 'Sram6TCell', 'source_module_name': 'SRAM_6T_CELL', 'role_hint': 'bitcell'}"
SRAM_6T_CORE_16x16.XSRAM_6T_CELL_10_10,SRAM_6T_CORE_16x16,XSRAM_6T_CELL_10_10,X,SRAM_6T_CELL,5,"['VDD', 'VSS', 'BL10', 'BLB10', 'WL10']","{'source_file': 'sram_compiler/subcircuits/sram_6t_core.py', 'source_class': 'Sram6TCell', 'source_module_name': 'SRAM_6T_CELL', 'role_hint': 'bitcell'}"
SRAM_6T_CORE_16x16.XSRAM_6T_CELL_10_11,SRAM_6T_CORE_16x16,XSRAM_6T_CELL_10_11,X,SRAM_6T_CELL,5,"['VDD', 'VSS', 'BL11', 'BLB11', 'WL10']","{'source_file': 'sram_compiler/subcircuits/sram_6t_core.py', 'source_class': 'Sram6TCell', 'source_module_name': 'SRAM_6T_CELL', 'role_hint': 'bitcell'}"
SRAM_6T_CORE_16x16.XSRAM_6T_CELL_10_12,SRAM_6T_CORE_16x16,XSRAM_6T_CELL_10_12,X,SRAM_6T_CELL,5,"['VDD', 'VSS', 'BL12', 'BLB12', 'WL10']","{'source_file': 'sram_compiler/subcircuits/sram_6t_core.py', 'source_class': 'Sram6TCell', 'source_module_name': 'SRAM_6T_CELL', 'role_hint': 'bitcell'}"
SRAM_6T_CORE_16x16.XSRAM_6T_CELL_10_13,SRAM_6T_CORE_16x16,XSRAM_6T_CELL_10_13,X,SRAM_6T_CELL,5,"['VDD', 'VSS', 'BL13', 'BLB13', 'WL10']","{'source_file': 'sram_compiler/subcircuits/sram_6t_core.py', 'source_class': 'Sram6TCell', 'source_module_name': 'SRAM_6T_CELL', 'role_hint': 'bitcell'}"
SRAM_6T_CORE_16x16.XSRAM_6T_CELL_10_14,SRAM_6T_CORE_16x16,XSRAM_6T_CELL_10_14,X,SRAM_6T_CELL,5,"['VDD', 'VSS', 'BL14', 'BLB14', 'WL10']","{'source_file': 'sram_compiler/subcircuits/sram_6t_core.py', 'source_class': 'Sram6TCell', 'source_module_name': 'SRAM_6T_CELL', 'role_hint': 'bitcell'}"
SRAM_6T_CORE_16x16.XSRAM_6T_CELL_10_15,SRAM_6T_CORE_16x16,XSRAM_6T_CELL_10_15,X,SRAM_6T_CELL,5,"['VDD', 'VSS', 'BL15', 'BLB15', 'WL10']","{'source_file': 'sram_compiler/subcircuits/sram_6t_core.py', 'source_class': 'Sram6TCell', 'source_module_name': 'SRAM_6T_CELL', 'role_hint': 'bitcell'}"
SRAM_6T_CORE_16x16.XSRAM_6T_CELL_11_0,SRAM_6T_CORE_16x16,XSRAM_6T_CELL_11_0,X,SRAM_6T_CELL,5,"['VDD', 'VSS', 'BL0', 'BLB0', 'WL11']","{'source_file': 'sram_compiler/subcircuits/sram_6t_core.py', 'source_class': 'Sram6TCell', 'source_module_name': 'SRAM_6T_CELL', 'role_hint': 'bitcell'}"
SRAM_6T_CORE_16x16.XSRAM_6T_CELL_11_1,SRAM_6T_CORE_16x16,XSRAM_6T_CELL_11_1,X,SRAM_6T_CELL,5,"['VDD', 'VSS', 'BL1', 'BLB1', 'WL11']","{'source_file': 'sram_compiler/subcircuits/sram_6t_core.py', 'source_class': 'Sram6TCell', 'source_module_name': 'SRAM_6T_CELL', 'role_hint': 'bitcell'}"
SRAM_6T_CORE_16x16.XSRAM_6T_CELL_11_2,SRAM_6T_CORE_16x16,XSRAM_6T_CELL_11_2,X,SRAM_6T_CELL,5,"['VDD', 'VSS', 'BL2', 'BLB2', 'WL11']","{'source_file': 'sram_compiler/subcircuits/sram_6t_core.py', 'source_class': 'Sram6TCell', 'source_module_name': 'SRAM_6T_CELL', 'role_hint': 'bitcell'}"
SRAM_6T_CORE_16x16.XSRAM_6T_CELL_11_3,SRAM_6T_CORE_16x16,XSRAM_6T_CELL_11_3,X,SRAM_6T_CELL,5,"['VDD', 'VSS', 'BL3', 'BLB3', 'WL11']","{'source_file': 'sram_compiler/subcircuits/sram_6t_core.py', 'source_class': 'Sram6TCell', 'source_module_name': 'SRAM_6T_CELL', 'role_hint': 'bitcell'}"
SRAM_6T_CORE_16x16.XSRAM_6T_CELL_11_4,SRAM_6T_CORE_16x16,XSRAM_6T_CELL_11_4,X,SRAM_6T_CELL,5,"['VDD', 'VSS', 'BL4', 'BLB4', 'WL11']","{'source_file': 'sram_compiler/subcircuits/sram_6t_core.py', 'source_class': 'Sram6TCell', 'source_module_name': 'SRAM_6T_CELL', 'role_hint': 'bitcell'}"
SRAM_6T_CORE_16x16.XSRAM_6T_CELL_11_5,SRAM_6T_CORE_16x16,XSRAM_6T_CELL_11_5,X,SRAM_6T_CELL,5,"['VDD', 'VSS', 'BL5', 'BLB5', 'WL11']","{'source_file': 'sram_compiler/subcircuits/sram_6t_core.py', 'source_class': 'Sram6TCell', 'source_module_name': 'SRAM_6T_CELL', 'role_hint': 'bitcell'}"
SRAM_6T_CORE_16x16.XSRAM_6T_CELL_11_6,SRAM_6T_CORE_16x16,XSRAM_6T_CELL_11_6,X,SRAM_6T_CELL,5,"['VDD', 'VSS', 'BL6', 'BLB6', 'WL11']","{'source_file': 'sram_compiler/subcircuits/sram_6t_core.py', 'source_class': 'Sram6TCell', 'source_module_name': 'SRAM_6T_CELL', 'role_hint': 'bitcell'}"
SRAM_6T_CORE_16x16.XSRAM_6T_CELL_11_7,SRAM_6T_CORE_16x16,XSRAM_6T_CELL_11_7,X,SRAM_6T_CELL,5,"['VDD', 'VSS', 'BL7', 'BLB7', 'WL11']","{'source_file': 'sram_compiler/subcircuits/sram_6t_core.py', 'source_class': 'Sram6TCell', 'source_module_name': 'SRAM_6T_CELL', 'role_hint': 'bitcell'}"
SRAM_6T_CORE_16x16.XSRAM_6T_CELL_11_8,SRAM_6T_CORE_16x16,XSRAM_6T_CELL_11_8,X,SRAM_6T_CELL,5,"['VDD', 'VSS', 'BL8', 'BLB8', 'WL11']","{'source_file': 'sram_compiler/subcircuits/sram_6t_core.py', 'source_class': 'Sram6TCell', 'source_module_name': 'SRAM_6T_CELL', 'role_hint': 'bitcell'}"
SRAM_6T_CORE_16x16.XSRAM_6T_CELL_11_9,SRAM_6T_CORE_16x16,XSRAM_6T_CELL_11_9,X,SRAM_6T_CELL,5,"['VDD', 'VSS', 'BL9', 'BLB9', 'WL11']","{'source_file': 'sram_compiler/subcircuits/sram_6t_core.py', 'source_class': 'Sram6TCell', 'source_module_name': 'SRAM_6T_CELL', 'role_hint': 'bitcell'}"
SRAM_6T_CORE_16x16.XSRAM_6T_CELL_11_10,SRAM_6T_CORE_16x16,XSRAM_6T_CELL_11_10,X,SRAM_6T_CELL,5,"['VDD', 'VSS', 'BL10', 'BLB10', 'WL11']","{'source_file': 'sram_compiler/subcircuits/sram_6t_core.py', 'source_class': 'Sram6TCell', 'source_module_name': 'SRAM_6T_CELL', 'role_hint': 'bitcell'}"
SRAM_6T_CORE_16x16.XSRAM_6T_CELL_11_11,SRAM_6T_CORE_16x16,XSRAM_6T_CELL_11_11,X,SRAM_6T_CELL,5,"['VDD', 'VSS', 'BL11', 'BLB11', 'WL11']","{'source_file': 'sram_compiler/subcircuits/sram_6t_core.py', 'source_class': 'Sram6TCell', 'source_module_name': 'SRAM_6T_CELL', 'role_hint': 'bitcell'}"
SRAM_6T_CORE_16x16.XSRAM_6T_CELL_11_12,SRAM_6T_CORE_16x16,XSRAM_6T_CELL_11_12,X,SRAM_6T_CELL,5,"['VDD', 'VSS', 'BL12', 'BLB12', 'WL11']","{'source_file': 'sram_compiler/subcircuits/sram_6t_core.py', 'source_class': 'Sram6TCell', 'source_module_name': 'SRAM_6T_CELL', 'role_hint': 'bitcell'}"
SRAM_6T_CORE_16x16.XSRAM_6T_CELL_11_13,SRAM_6T_CORE_16x16,XSRAM_6T_CELL_11_13,X,SRAM_6T_CELL,5,"['VDD', 'VSS', 'BL13', 'BLB13', 'WL11']","{'source_file': 'sram_compiler/subcircuits/sram_6t_core.py', 'source_class': 'Sram6TCell', 'source_module_name': 'SRAM_6T_CELL', 'role_hint': 'bitcell'}"
SRAM_6T_CORE_16x16.XSRAM_6T_CELL_11_14,SRAM_6T_CORE_16x16,XSRAM_6T_CELL_11_14,X,SRAM_6T_CELL,5,"['VDD', 'VSS', 'BL14', 'BLB14', 'WL11']","{'source_file': 'sram_compiler/subcircuits/sram_6t_core.py', 'source_class': 'Sram6TCell', 'source_module_name': 'SRAM_6T_CELL', 'role_hint': 'bitcell'}"
SRAM_6T_CORE_16x16.XSRAM_6T_CELL_11_15,SRAM_6T_CORE_16x16,XSRAM_6T_CELL_11_15,X,SRAM_6T_CELL,5,"['VDD', 'VSS', 'BL15', 'BLB15', 'WL11']","{'source_file': 'sram_compiler/subcircuits/sram_6t_core.py', 'source_class': 'Sram6TCell', 'source_module_name': 'SRAM_6T_CELL', 'role_hint': 'bitcell'}"
SRAM_6T_CORE_16x16.XSRAM_6T_CELL_12_0,SRAM_6T_CORE_16x16,XSRAM_6T_CELL_12_0,X,SRAM_6T_CELL,5,"['VDD', 'VSS', 'BL0', 'BLB0', 'WL12']","{'source_file': 'sram_compiler/subcircuits/sram_6t_core.py', 'source_class': 'Sram6TCell', 'source_module_name': 'SRAM_6T_CELL', 'role_hint': 'bitcell'}"
SRAM_6T_CORE_16x16.XSRAM_6T_CELL_12_1,SRAM_6T_CORE_16x16,XSRAM_6T_CELL_12_1,X,SRAM_6T_CELL,5,"['VDD', 'VSS', 'BL1', 'BLB1', 'WL12']","{'source_file': 'sram_compiler/subcircuits/sram_6t_core.py', 'source_class': 'Sram6TCell', 'source_module_name': 'SRAM_6T_CELL', 'role_hint': 'bitcell'}"
SRAM_6T_CORE_16x16.XSRAM_6T_CELL_12_2,SRAM_6T_CORE_16x16,XSRAM_6T_CELL_12_2,X,SRAM_6T_CELL,5,"['VDD', 'VSS', 'BL2', 'BLB2', 'WL12']","{'source_file': 'sram_compiler/subcircuits/sram_6t_core.py', 'source_class': 'Sram6TCell', 'source_module_name': 'SRAM_6T_CELL', 'role_hint': 'bitcell'}"
SRAM_6T_CORE_16x16.XSRAM_6T_CELL_12_3,SRAM_6T_CORE_16x16,XSRAM_6T_CELL_12_3,X,SRAM_6T_CELL,5,"['VDD', 'VSS', 'BL3', 'BLB3', 'WL12']","{'source_file': 'sram_compiler/subcircuits/sram_6t_core.py', 'source_class': 'Sram6TCell', 'source_module_name': 'SRAM_6T_CELL', 'role_hint': 'bitcell'}"
SRAM_6T_CORE_16x16.XSRAM_6T_CELL_12_4,SRAM_6T_CORE_16x16,XSRAM_6T_CELL_12_4,X,SRAM_6T_CELL,5,"['VDD', 'VSS', 'BL4', 'BLB4', 'WL12']","{'source_file': 'sram_compiler/subcircuits/sram_6t_core.py', 'source_class': 'Sram6TCell', 'source_module_name': 'SRAM_6T_CELL', 'role_hint': 'bitcell'}"
SRAM_6T_CORE_16x16.XSRAM_6T_CELL_12_5,SRAM_6T_CORE_16x16,XSRAM_6T_CELL_12_5,X,SRAM_6T_CELL,5,"['VDD', 'VSS', 'BL5', 'BLB5', 'WL12']","{'source_file': 'sram_compiler/subcircuits/sram_6t_core.py', 'source_class': 'Sram6TCell', 'source_module_name': 'SRAM_6T_CELL', 'role_hint': 'bitcell'}"
SRAM_6T_CORE_16x16.XSRAM_6T_CELL_12_6,SRAM_6T_CORE_16x16,XSRAM_6T_CELL_12_6,X,SRAM_6T_CELL,5,"['VDD', 'VSS', 'BL6', 'BLB6', 'WL12']","{'source_file': 'sram_compiler/subcircuits/sram_6t_core.py', 'source_class': 'Sram6TCell', 'source_module_name': 'SRAM_6T_CELL', 'role_hint': 'bitcell'}"
SRAM_6T_CORE_16x16.XSRAM_6T_CELL_12_7,SRAM_6T_CORE_16x16,XSRAM_6T_CELL_12_7,X,SRAM_6T_CELL,5,"['VDD', 'VSS', 'BL7', 'BLB7', 'WL12']","{'source_file': 'sram_compiler/subcircuits/sram_6t_core.py', 'source_class': 'Sram6TCell', 'source_module_name': 'SRAM_6T_CELL', 'role_hint': 'bitcell'}"
SRAM_6T_CORE_16x16.XSRAM_6T_CELL_12_8,SRAM_6T_CORE_16x16,XSRAM_6T_CELL_12_8,X,SRAM_6T_CELL,5,"['VDD', 'VSS', 'BL8', 'BLB8', 'WL12']","{'source_file': 'sram_compiler/subcircuits/sram_6t_core.py', 'source_class': 'Sram6TCell', 'source_module_name': 'SRAM_6T_CELL', 'role_hint': 'bitcell'}"
SRAM_6T_CORE_16x16.XSRAM_6T_CELL_12_9,SRAM_6T_CORE_16x16,XSRAM_6T_CELL_12_9,X,SRAM_6T_CELL,5,"['VDD', 'VSS', 'BL9', 'BLB9', 'WL12']","{'source_file': 'sram_compiler/subcircuits/sram_6t_core.py', 'source_class': 'Sram6TCell', 'source_module_name': 'SRAM_6T_CELL', 'role_hint': 'bitcell'}"
SRAM_6T_CORE_16x16.XSRAM_6T_CELL_12_10,SRAM_6T_CORE_16x16,XSRAM_6T_CELL_12_10,X,SRAM_6T_CELL,5,"['VDD', 'VSS', 'BL10', 'BLB10', 'WL12']","{'source_file': 'sram_compiler/subcircuits/sram_6t_core.py', 'source_class': 'Sram6TCell', 'source_module_name': 'SRAM_6T_CELL', 'role_hint': 'bitcell'}"
SRAM_6T_CORE_16x16.XSRAM_6T_CELL_12_11,SRAM_6T_CORE_16x16,XSRAM_6T_CELL_12_11,X,SRAM_6T_CELL,5,"['VDD', 'VSS', 'BL11', 'BLB11', 'WL12']","{'source_file': 'sram_compiler/subcircuits/sram_6t_core.py', 'source_class': 'Sram6TCell', 'source_module_name': 'SRAM_6T_CELL', 'role_hint': 'bitcell'}"
SRAM_6T_CORE_16x16.XSRAM_6T_CELL_12_12,SRAM_6T_CORE_16x16,XSRAM_6T_CELL_12_12,X,SRAM_6T_CELL,5,"['VDD', 'VSS', 'BL12', 'BLB12', 'WL12']","{'source_file': 'sram_compiler/subcircuits/sram_6t_core.py', 'source_class': 'Sram6TCell', 'source_module_name': 'SRAM_6T_CELL', 'role_hint': 'bitcell'}"
SRAM_6T_CORE_16x16.XSRAM_6T_CELL_12_13,SRAM_6T_CORE_16x16,XSRAM_6T_CELL_12_13,X,SRAM_6T_CELL,5,"['VDD', 'VSS', 'BL13', 'BLB13', 'WL12']","{'source_file': 'sram_compiler/subcircuits/sram_6t_core.py', 'source_class': 'Sram6TCell', 'source_module_name': 'SRAM_6T_CELL', 'role_hint': 'bitcell'}"
SRAM_6T_CORE_16x16.XSRAM_6T_CELL_12_14,SRAM_6T_CORE_16x16,XSRAM_6T_CELL_12_14,X,SRAM_6T_CELL,5,"['VDD', 'VSS', 'BL14', 'BLB14', 'WL12']","{'source_file': 'sram_compiler/subcircuits/sram_6t_core.py', 'source_class': 'Sram6TCell', 'source_module_name': 'SRAM_6T_CELL', 'role_hint': 'bitcell'}"
SRAM_6T_CORE_16x16.XSRAM_6T_CELL_12_15,SRAM_6T_CORE_16x16,XSRAM_6T_CELL_12_15,X,SRAM_6T_CELL,5,"['VDD', 'VSS', 'BL15', 'BLB15', 'WL12']","{'source_file': 'sram_compiler/subcircuits/sram_6t_core.py', 'source_class': 'Sram6TCell', 'source_module_name': 'SRAM_6T_CELL', 'role_hint': 'bitcell'}"
SRAM_6T_CORE_16x16.XSRAM_6T_CELL_13_0,SRAM_6T_CORE_16x16,XSRAM_6T_CELL_13_0,X,SRAM_6T_CELL,5,"['VDD', 'VSS', 'BL0', 'BLB0', 'WL13']","{'source_file': 'sram_compiler/subcircuits/sram_6t_core.py', 'source_class': 'Sram6TCell', 'source_module_name': 'SRAM_6T_CELL', 'role_hint': 'bitcell'}"
SRAM_6T_CORE_16x16.XSRAM_6T_CELL_13_1,SRAM_6T_CORE_16x16,XSRAM_6T_CELL_13_1,X,SRAM_6T_CELL,5,"['VDD', 'VSS', 'BL1', 'BLB1', 'WL13']","{'source_file': 'sram_compiler/subcircuits/sram_6t_core.py', 'source_class': 'Sram6TCell', 'source_module_name': 'SRAM_6T_CELL', 'role_hint': 'bitcell'}"
SRAM_6T_CORE_16x16.XSRAM_6T_CELL_13_2,SRAM_6T_CORE_16x16,XSRAM_6T_CELL_13_2,X,SRAM_6T_CELL,5,"['VDD', 'VSS', 'BL2', 'BLB2', 'WL13']","{'source_file': 'sram_compiler/subcircuits/sram_6t_core.py', 'source_class': 'Sram6TCell', 'source_module_name': 'SRAM_6T_CELL', 'role_hint': 'bitcell'}"
SRAM_6T_CORE_16x16.XSRAM_6T_CELL_13_3,SRAM_6T_CORE_16x16,XSRAM_6T_CELL_13_3,X,SRAM_6T_CELL,5,"['VDD', 'VSS', 'BL3', 'BLB3', 'WL13']","{'source_file': 'sram_compiler/subcircuits/sram_6t_core.py', 'source_class': 'Sram6TCell', 'source_module_name': 'SRAM_6T_CELL', 'role_hint': 'bitcell'}"
SRAM_6T_CORE_16x16.XSRAM_6T_CELL_13_4,SRAM_6T_CORE_16x16,XSRAM_6T_CELL_13_4,X,SRAM_6T_CELL,5,"['VDD', 'VSS', 'BL4', 'BLB4', 'WL13']","{'source_file': 'sram_compiler/subcircuits/sram_6t_core.py', 'source_class': 'Sram6TCell', 'source_module_name': 'SRAM_6T_CELL', 'role_hint': 'bitcell'}"
SRAM_6T_CORE_16x16.XSRAM_6T_CELL_13_5,SRAM_6T_CORE_16x16,XSRAM_6T_CELL_13_5,X,SRAM_6T_CELL,5,"['VDD', 'VSS', 'BL5', 'BLB5', 'WL13']","{'source_file': 'sram_compiler/subcircuits/sram_6t_core.py', 'source_class': 'Sram6TCell', 'source_module_name': 'SRAM_6T_CELL', 'role_hint': 'bitcell'}"
SRAM_6T_CORE_16x16.XSRAM_6T_CELL_13_6,SRAM_6T_CORE_16x16,XSRAM_6T_CELL_13_6,X,SRAM_6T_CELL,5,"['VDD', 'VSS', 'BL6', 'BLB6', 'WL13']","{'source_file': 'sram_compiler/subcircuits/sram_6t_core.py', 'source_class': 'Sram6TCell', 'source_module_name': 'SRAM_6T_CELL', 'role_hint': 'bitcell'}"
SRAM_6T_CORE_16x16.XSRAM_6T_CELL_13_7,SRAM_6T_CORE_16x16,XSRAM_6T_CELL_13_7,X,SRAM_6T_CELL,5,"['VDD', 'VSS', 'BL7', 'BLB7', 'WL13']","{'source_file': 'sram_compiler/subcircuits/sram_6t_core.py', 'source_class': 'Sram6TCell', 'source_module_name': 'SRAM_6T_CELL', 'role_hint': 'bitcell'}"
SRAM_6T_CORE_16x16.XSRAM_6T_CELL_13_8,SRAM_6T_CORE_16x16,XSRAM_6T_CELL_13_8,X,SRAM_6T_CELL,5,"['VDD', 'VSS', 'BL8', 'BLB8', 'WL13']","{'source_file': 'sram_compiler/subcircuits/sram_6t_core.py', 'source_class': 'Sram6TCell', 'source_module_name': 'SRAM_6T_CELL', 'role_hint': 'bitcell'}"
SRAM_6T_CORE_16x16.XSRAM_6T_CELL_13_9,SRAM_6T_CORE_16x16,XSRAM_6T_CELL_13_9,X,SRAM_6T_CELL,5,"['VDD', 'VSS', 'BL9', 'BLB9', 'WL13']","{'source_file': 'sram_compiler/subcircuits/sram_6t_core.py', 'source_class': 'Sram6TCell', 'source_module_name': 'SRAM_6T_CELL', 'role_hint': 'bitcell'}"
SRAM_6T_CORE_16x16.XSRAM_6T_CELL_13_10,SRAM_6T_CORE_16x16,XSRAM_6T_CELL_13_10,X,SRAM_6T_CELL,5,"['VDD', 'VSS', 'BL10', 'BLB10', 'WL13']","{'source_file': 'sram_compiler/subcircuits/sram_6t_core.py', 'source_class': 'Sram6TCell', 'source_module_name': 'SRAM_6T_CELL', 'role_hint': 'bitcell'}"
SRAM_6T_CORE_16x16.XSRAM_6T_CELL_13_11,SRAM_6T_CORE_16x16,XSRAM_6T_CELL_13_11,X,SRAM_6T_CELL,5,"['VDD', 'VSS', 'BL11', 'BLB11', 'WL13']","{'source_file': 'sram_compiler/subcircuits/sram_6t_core.py', 'source_class': 'Sram6TCell', 'source_module_name': 'SRAM_6T_CELL', 'role_hint': 'bitcell'}"
SRAM_6T_CORE_16x16.XSRAM_6T_CELL_13_12,SRAM_6T_CORE_16x16,XSRAM_6T_CELL_13_12,X,SRAM_6T_CELL,5,"['VDD', 'VSS', 'BL12', 'BLB12', 'WL13']","{'source_file': 'sram_compiler/subcircuits/sram_6t_core.py', 'source_class': 'Sram6TCell', 'source_module_name': 'SRAM_6T_CELL', 'role_hint': 'bitcell'}"
SRAM_6T_CORE_16x16.XSRAM_6T_CELL_13_13,SRAM_6T_CORE_16x16,XSRAM_6T_CELL_13_13,X,SRAM_6T_CELL,5,"['VDD', 'VSS', 'BL13', 'BLB13', 'WL13']","{'source_file': 'sram_compiler/subcircuits/sram_6t_core.py', 'source_class': 'Sram6TCell', 'source_module_name': 'SRAM_6T_CELL', 'role_hint': 'bitcell'}"
SRAM_6T_CORE_16x16.XSRAM_6T_CELL_13_14,SRAM_6T_CORE_16x16,XSRAM_6T_CELL_13_14,X,SRAM_6T_CELL,5,"['VDD', 'VSS', 'BL14', 'BLB14', 'WL13']","{'source_file': 'sram_compiler/subcircuits/sram_6t_core.py', 'source_class': 'Sram6TCell', 'source_module_name': 'SRAM_6T_CELL', 'role_hint': 'bitcell'}"
SRAM_6T_CORE_16x16.XSRAM_6T_CELL_13_15,SRAM_6T_CORE_16x16,XSRAM_6T_CELL_13_15,X,SRAM_6T_CELL,5,"['VDD', 'VSS', 'BL15', 'BLB15', 'WL13']","{'source_file': 'sram_compiler/subcircuits/sram_6t_core.py', 'source_class': 'Sram6TCell', 'source_module_name': 'SRAM_6T_CELL', 'role_hint': 'bitcell'}"
SRAM_6T_CORE_16x16.XSRAM_6T_CELL_14_0,SRAM_6T_CORE_16x16,XSRAM_6T_CELL_14_0,X,SRAM_6T_CELL,5,"['VDD', 'VSS', 'BL0', 'BLB0', 'WL14']","{'source_file': 'sram_compiler/subcircuits/sram_6t_core.py', 'source_class': 'Sram6TCell', 'source_module_name': 'SRAM_6T_CELL', 'role_hint': 'bitcell'}"
SRAM_6T_CORE_16x16.XSRAM_6T_CELL_14_1,SRAM_6T_CORE_16x16,XSRAM_6T_CELL_14_1,X,SRAM_6T_CELL,5,"['VDD', 'VSS', 'BL1', 'BLB1', 'WL14']","{'source_file': 'sram_compiler/subcircuits/sram_6t_core.py', 'source_class': 'Sram6TCell', 'source_module_name': 'SRAM_6T_CELL', 'role_hint': 'bitcell'}"
SRAM_6T_CORE_16x16.XSRAM_6T_CELL_14_2,SRAM_6T_CORE_16x16,XSRAM_6T_CELL_14_2,X,SRAM_6T_CELL,5,"['VDD', 'VSS', 'BL2', 'BLB2', 'WL14']","{'source_file': 'sram_compiler/subcircuits/sram_6t_core.py', 'source_class': 'Sram6TCell', 'source_module_name': 'SRAM_6T_CELL', 'role_hint': 'bitcell'}"
SRAM_6T_CORE_16x16.XSRAM_6T_CELL_14_3,SRAM_6T_CORE_16x16,XSRAM_6T_CELL_14_3,X,SRAM_6T_CELL,5,"['VDD', 'VSS', 'BL3', 'BLB3', 'WL14']","{'source_file': 'sram_compiler/subcircuits/sram_6t_core.py', 'source_class': 'Sram6TCell', 'source_module_name': 'SRAM_6T_CELL', 'role_hint': 'bitcell'}"
SRAM_6T_CORE_16x16.XSRAM_6T_CELL_14_4,SRAM_6T_CORE_16x16,XSRAM_6T_CELL_14_4,X,SRAM_6T_CELL,5,"['VDD', 'VSS', 'BL4', 'BLB4', 'WL14']","{'source_file': 'sram_compiler/subcircuits/sram_6t_core.py', 'source_class': 'Sram6TCell', 'source_module_name': 'SRAM_6T_CELL', 'role_hint': 'bitcell'}"
SRAM_6T_CORE_16x16.XSRAM_6T_CELL_14_5,SRAM_6T_CORE_16x16,XSRAM_6T_CELL_14_5,X,SRAM_6T_CELL,5,"['VDD', 'VSS', 'BL5', 'BLB5', 'WL14']","{'source_file': 'sram_compiler/subcircuits/sram_6t_core.py', 'source_class': 'Sram6TCell', 'source_module_name': 'SRAM_6T_CELL', 'role_hint': 'bitcell'}"
SRAM_6T_CORE_16x16.XSRAM_6T_CELL_14_6,SRAM_6T_CORE_16x16,XSRAM_6T_CELL_14_6,X,SRAM_6T_CELL,5,"['VDD', 'VSS', 'BL6', 'BLB6', 'WL14']","{'source_file': 'sram_compiler/subcircuits/sram_6t_core.py', 'source_class': 'Sram6TCell', 'source_module_name': 'SRAM_6T_CELL', 'role_hint': 'bitcell'}"
SRAM_6T_CORE_16x16.XSRAM_6T_CELL_14_7,SRAM_6T_CORE_16x16,XSRAM_6T_CELL_14_7,X,SRAM_6T_CELL,5,"['VDD', 'VSS', 'BL7', 'BLB7', 'WL14']","{'source_file': 'sram_compiler/subcircuits/sram_6t_core.py', 'source_class': 'Sram6TCell', 'source_module_name': 'SRAM_6T_CELL', 'role_hint': 'bitcell'}"
SRAM_6T_CORE_16x16.XSRAM_6T_CELL_14_8,SRAM_6T_CORE_16x16,XSRAM_6T_CELL_14_8,X,SRAM_6T_CELL,5,"['VDD', 'VSS', 'BL8', 'BLB8', 'WL14']","{'source_file': 'sram_compiler/subcircuits/sram_6t_core.py', 'source_class': 'Sram6TCell', 'source_module_name': 'SRAM_6T_CELL', 'role_hint': 'bitcell'}"
SRAM_6T_CORE_16x16.XSRAM_6T_CELL_14_9,SRAM_6T_CORE_16x16,XSRAM_6T_CELL_14_9,X,SRAM_6T_CELL,5,"['VDD', 'VSS', 'BL9', 'BLB9', 'WL14']","{'source_file': 'sram_compiler/subcircuits/sram_6t_core.py', 'source_class': 'Sram6TCell', 'source_module_name': 'SRAM_6T_CELL', 'role_hint': 'bitcell'}"
SRAM_6T_CORE_16x16.XSRAM_6T_CELL_14_10,SRAM_6T_CORE_16x16,XSRAM_6T_CELL_14_10,X,SRAM_6T_CELL,5,"['VDD', 'VSS', 'BL10', 'BLB10', 'WL14']","{'source_file': 'sram_compiler/subcircuits/sram_6t_core.py', 'source_class': 'Sram6TCell', 'source_module_name': 'SRAM_6T_CELL', 'role_hint': 'bitcell'}"
SRAM_6T_CORE_16x16.XSRAM_6T_CELL_14_11,SRAM_6T_CORE_16x16,XSRAM_6T_CELL_14_11,X,SRAM_6T_CELL,5,"['VDD', 'VSS', 'BL11', 'BLB11', 'WL14']","{'source_file': 'sram_compiler/subcircuits/sram_6t_core.py', 'source_class': 'Sram6TCell', 'source_module_name': 'SRAM_6T_CELL', 'role_hint': 'bitcell'}"
SRAM_6T_CORE_16x16.XSRAM_6T_CELL_14_12,SRAM_6T_CORE_16x16,XSRAM_6T_CELL_14_12,X,SRAM_6T_CELL,5,"['VDD', 'VSS', 'BL12', 'BLB12', 'WL14']","{'source_file': 'sram_compiler/subcircuits/sram_6t_core.py', 'source_class': 'Sram6TCell', 'source_module_name': 'SRAM_6T_CELL', 'role_hint': 'bitcell'}"
SRAM_6T_CORE_16x16.XSRAM_6T_CELL_14_13,SRAM_6T_CORE_16x16,XSRAM_6T_CELL_14_13,X,SRAM_6T_CELL,5,"['VDD', 'VSS', 'BL13', 'BLB13', 'WL14']","{'source_file': 'sram_compiler/subcircuits/sram_6t_core.py', 'source_class': 'Sram6TCell', 'source_module_name': 'SRAM_6T_CELL', 'role_hint': 'bitcell'}"
SRAM_6T_CORE_16x16.XSRAM_6T_CELL_14_14,SRAM_6T_CORE_16x16,XSRAM_6T_CELL_14_14,X,SRAM_6T_CELL,5,"['VDD', 'VSS', 'BL14', 'BLB14', 'WL14']","{'source_file': 'sram_compiler/subcircuits/sram_6t_core.py', 'source_class': 'Sram6TCell', 'source_module_name': 'SRAM_6T_CELL', 'role_hint': 'bitcell'}"
SRAM_6T_CORE_16x16.XSRAM_6T_CELL_14_15,SRAM_6T_CORE_16x16,XSRAM_6T_CELL_14_15,X,SRAM_6T_CELL,5,"['VDD', 'VSS', 'BL15', 'BLB15', 'WL14']","{'source_file': 'sram_compiler/subcircuits/sram_6t_core.py', 'source_class': 'Sram6TCell', 'source_module_name': 'SRAM_6T_CELL', 'role_hint': 'bitcell'}"
SRAM_6T_CORE_16x16.XSRAM_6T_CELL_15_0,SRAM_6T_CORE_16x16,XSRAM_6T_CELL_15_0,X,SRAM_6T_CELL,5,"['VDD', 'VSS', 'BL0', 'BLB0', 'WL15']","{'source_file': 'sram_compiler/subcircuits/sram_6t_core.py', 'source_class': 'Sram6TCell', 'source_module_name': 'SRAM_6T_CELL', 'role_hint': 'bitcell'}"
SRAM_6T_CORE_16x16.XSRAM_6T_CELL_15_1,SRAM_6T_CORE_16x16,XSRAM_6T_CELL_15_1,X,SRAM_6T_CELL,5,"['VDD', 'VSS', 'BL1', 'BLB1', 'WL15']","{'source_file': 'sram_compiler/subcircuits/sram_6t_core.py', 'source_class': 'Sram6TCell', 'source_module_name': 'SRAM_6T_CELL', 'role_hint': 'bitcell'}"
SRAM_6T_CORE_16x16.XSRAM_6T_CELL_15_2,SRAM_6T_CORE_16x16,XSRAM_6T_CELL_15_2,X,SRAM_6T_CELL,5,"['VDD', 'VSS', 'BL2', 'BLB2', 'WL15']","{'source_file': 'sram_compiler/subcircuits/sram_6t_core.py', 'source_class': 'Sram6TCell', 'source_module_name': 'SRAM_6T_CELL', 'role_hint': 'bitcell'}"
SRAM_6T_CORE_16x16.XSRAM_6T_CELL_15_3,SRAM_6T_CORE_16x16,XSRAM_6T_CELL_15_3,X,SRAM_6T_CELL,5,"['VDD', 'VSS', 'BL3', 'BLB3', 'WL15']","{'source_file': 'sram_compiler/subcircuits/sram_6t_core.py', 'source_class': 'Sram6TCell', 'source_module_name': 'SRAM_6T_CELL', 'role_hint': 'bitcell'}"
SRAM_6T_CORE_16x16.XSRAM_6T_CELL_15_4,SRAM_6T_CORE_16x16,XSRAM_6T_CELL_15_4,X,SRAM_6T_CELL,5,"['VDD', 'VSS', 'BL4', 'BLB4', 'WL15']","{'source_file': 'sram_compiler/subcircuits/sram_6t_core.py', 'source_class': 'Sram6TCell', 'source_module_name': 'SRAM_6T_CELL', 'role_hint': 'bitcell'}"
SRAM_6T_CORE_16x16.XSRAM_6T_CELL_15_5,SRAM_6T_CORE_16x16,XSRAM_6T_CELL_15_5,X,SRAM_6T_CELL,5,"['VDD', 'VSS', 'BL5', 'BLB5', 'WL15']","{'source_file': 'sram_compiler/subcircuits/sram_6t_core.py', 'source_class': 'Sram6TCell', 'source_module_name': 'SRAM_6T_CELL', 'role_hint': 'bitcell'}"
SRAM_6T_CORE_16x16.XSRAM_6T_CELL_15_6,SRAM_6T_CORE_16x16,XSRAM_6T_CELL_15_6,X,SRAM_6T_CELL,5,"['VDD', 'VSS', 'BL6', 'BLB6', 'WL15']","{'source_file': 'sram_compiler/subcircuits/sram_6t_core.py', 'source_class': 'Sram6TCell', 'source_module_name': 'SRAM_6T_CELL', 'role_hint': 'bitcell'}"
SRAM_6T_CORE_16x16.XSRAM_6T_CELL_15_7,SRAM_6T_CORE_16x16,XSRAM_6T_CELL_15_7,X,SRAM_6T_CELL,5,"['VDD', 'VSS', 'BL7', 'BLB7', 'WL15']","{'source_file': 'sram_compiler/subcircuits/sram_6t_core.py', 'source_class': 'Sram6TCell', 'source_module_name': 'SRAM_6T_CELL', 'role_hint': 'bitcell'}"
SRAM_6T_CORE_16x16.XSRAM_6T_CELL_15_8,SRAM_6T_CORE_16x16,XSRAM_6T_CELL_15_8,X,SRAM_6T_CELL,5,"['VDD', 'VSS', 'BL8', 'BLB8', 'WL15']","{'source_file': 'sram_compiler/subcircuits/sram_6t_core.py', 'source_class': 'Sram6TCell', 'source_module_name': 'SRAM_6T_CELL', 'role_hint': 'bitcell'}"
SRAM_6T_CORE_16x16.XSRAM_6T_CELL_15_9,SRAM_6T_CORE_16x16,XSRAM_6T_CELL_15_9,X,SRAM_6T_CELL,5,"['VDD', 'VSS', 'BL9', 'BLB9', 'WL15']","{'source_file': 'sram_compiler/subcircuits/sram_6t_core.py', 'source_class': 'Sram6TCell', 'source_module_name': 'SRAM_6T_CELL', 'role_hint': 'bitcell'}"
SRAM_6T_CORE_16x16.XSRAM_6T_CELL_15_10,SRAM_6T_CORE_16x16,XSRAM_6T_CELL_15_10,X,SRAM_6T_CELL,5,"['VDD', 'VSS', 'BL10', 'BLB10', 'WL15']","{'source_file': 'sram_compiler/subcircuits/sram_6t_core.py', 'source_class': 'Sram6TCell', 'source_module_name': 'SRAM_6T_CELL', 'role_hint': 'bitcell'}"
SRAM_6T_CORE_16x16.XSRAM_6T_CELL_15_11,SRAM_6T_CORE_16x16,XSRAM_6T_CELL_15_11,X,SRAM_6T_CELL,5,"['VDD', 'VSS', 'BL11', 'BLB11', 'WL15']","{'source_file': 'sram_compiler/subcircuits/sram_6t_core.py', 'source_class': 'Sram6TCell', 'source_module_name': 'SRAM_6T_CELL', 'role_hint': 'bitcell'}"
SRAM_6T_CORE_16x16.XSRAM_6T_CELL_15_12,SRAM_6T_CORE_16x16,XSRAM_6T_CELL_15_12,X,SRAM_6T_CELL,5,"['VDD', 'VSS', 'BL12', 'BLB12', 'WL15']","{'source_file': 'sram_compiler/subcircuits/sram_6t_core.py', 'source_class': 'Sram6TCell', 'source_module_name': 'SRAM_6T_CELL', 'role_hint': 'bitcell'}"
SRAM_6T_CORE_16x16.XSRAM_6T_CELL_15_13,SRAM_6T_CORE_16x16,XSRAM_6T_CELL_15_13,X,SRAM_6T_CELL,5,"['VDD', 'VSS', 'BL13', 'BLB13', 'WL15']","{'source_file': 'sram_compiler/subcircuits/sram_6t_core.py', 'source_class': 'Sram6TCell', 'source_module_name': 'SRAM_6T_CELL', 'role_hint': 'bitcell'}"
SRAM_6T_CORE_16x16.XSRAM_6T_CELL_15_14,SRAM_6T_CORE_16x16,XSRAM_6T_CELL_15_14,X,SRAM_6T_CELL,5,"['VDD', 'VSS', 'BL14', 'BLB14', 'WL15']","{'source_file': 'sram_compiler/subcircuits/sram_6t_core.py', 'source_class': 'Sram6TCell', 'source_module_name': 'SRAM_6T_CELL', 'role_hint': 'bitcell'}"
SRAM_6T_CORE_16x16.XSRAM_6T_CELL_15_15,SRAM_6T_CORE_16x16,XSRAM_6T_CELL_15_15,X,SRAM_6T_CELL,5,"['VDD', 'VSS', 'BL15', 'BLB15', 'WL15']","{'source_file': 'sram_compiler/subcircuits/sram_6t_core.py', 'source_class': 'Sram6TCell', 'source_module_name': 'SRAM_6T_CELL', 'role_hint': 'bitcell'}"
SRAM_6T_CELL.MPGL,SRAM_6T_CELL,MPGL,M,NMOS_VTG,4,"['BL', 'WL', 'Q', 'VSS']","{'source_file': 'sram_compiler/testbenches/sram_6t_core_testbench.py::Sram6TCoreTestbench.create_testbench', 'source_class': '', 'source_module_name': 'NMOS_VTG', 'role_hint': 'EXTRACTED_FROM_GENERATED_NETLIST'}"
SRAM_6T_CELL.MPGR,SRAM_6T_CELL,MPGR,M,NMOS_VTG,4,"['BLB', 'WL', 'QB', 'VSS']","{'source_file': 'sram_compiler/testbenches/sram_6t_core_testbench.py::Sram6TCoreTestbench.create_testbench', 'source_class': '', 'source_module_name': 'NMOS_VTG', 'role_hint': 'EXTRACTED_FROM_GENERATED_NETLIST'}"
SRAM_6T_CELL.MPDL,SRAM_6T_CELL,MPDL,M,NMOS_VTG,4,"['Q', 'QB', 'VSS', 'VSS']","{'source_file': 'sram_compiler/testbenches/sram_6t_core_testbench.py::Sram6TCoreTestbench.create_testbench', 'source_class': '', 'source_module_name': 'NMOS_VTG', 'role_hint': 'EXTRACTED_FROM_GENERATED_NETLIST'}"
SRAM_6T_CELL.MPDR,SRAM_6T_CELL,MPDR,M,NMOS_VTG,4,"['QB', 'Q', 'VSS', 'VSS']","{'source_file': 'sram_compiler/testbenches/sram_6t_core_testbench.py::Sram6TCoreTestbench.create_testbench', 'source_class': '', 'source_module_name': 'NMOS_VTG', 'role_hint': 'EXTRACTED_FROM_GENERATED_NETLIST'}"
SRAM_6T_CELL.MPUL,SRAM_6T_CELL,MPUL,M,PMOS_VTG,4,"['Q', 'QB', 'VDD', 'VDD']","{'source_file': 'sram_compiler/testbenches/sram_6t_core_testbench.py::Sram6TCoreTestbench.create_testbench', 'source_class': '', 'source_module_name': 'PMOS_VTG', 'role_hint': 'EXTRACTED_FROM_GENERATED_NETLIST'}"
SRAM_6T_CELL.MPUR,SRAM_6T_CELL,MPUR,M,PMOS_VTG,4,"['QB', 'Q', 'VDD', 'VDD']","{'source_file': 'sram_compiler/testbenches/sram_6t_core_testbench.py::Sram6TCoreTestbench.create_testbench', 'source_class': '', 'source_module_name': 'PMOS_VTG', 'role_hint': 'EXTRACTED_FROM_GENERATED_NETLIST'}"
sram_17x1_replica_column.XReplica_CELL_0,sram_17x1_replica_column,XReplica_CELL_0,X,Replica_CELL,5,"['VDD', 'VSS', 'RBL', 'RBLB', 'WL0']","{'source_file': 'sram_compiler/subcircuits/replica_column.py', 'source_class': 'Replica_Cell', 'source_module_name': 'Replica_CELL', 'role_hint': 'replica'}"
sram_17x1_replica_column.XReplica_CELL_1,sram_17x1_replica_column,XReplica_CELL_1,X,Replica_CELL,5,"['VDD', 'VSS', 'RBL', 'RBLB', 'WL1']","{'source_file': 'sram_compiler/subcircuits/replica_column.py', 'source_class': 'Replica_Cell', 'source_module_name': 'Replica_CELL', 'role_hint': 'replica'}"
sram_17x1_replica_column.XReplica_CELL_2,sram_17x1_replica_column,XReplica_CELL_2,X,Replica_CELL,5,"['VDD', 'VSS', 'RBL', 'RBLB', 'WL2']","{'source_file': 'sram_compiler/subcircuits/replica_column.py', 'source_class': 'Replica_Cell', 'source_module_name': 'Replica_CELL', 'role_hint': 'replica'}"
sram_17x1_replica_column.XReplica_CELL_3,sram_17x1_replica_column,XReplica_CELL_3,X,Replica_CELL,5,"['VDD', 'VSS', 'RBL', 'RBLB', 'WL3']","{'source_file': 'sram_compiler/subcircuits/replica_column.py', 'source_class': 'Replica_Cell', 'source_module_name': 'Replica_CELL', 'role_hint': 'replica'}"
sram_17x1_replica_column.XReplica_CELL_4,sram_17x1_replica_column,XReplica_CELL_4,X,Replica_CELL,5,"['VDD', 'VSS', 'RBL', 'RBLB', 'WL4']","{'source_file': 'sram_compiler/subcircuits/replica_column.py', 'source_class': 'Replica_Cell', 'source_module_name': 'Replica_CELL', 'role_hint': 'replica'}"
sram_17x1_replica_column.XReplica_CELL_5,sram_17x1_replica_column,XReplica_CELL_5,X,Replica_CELL,5,"['VDD', 'VSS', 'RBL', 'RBLB', 'WL5']","{'source_file': 'sram_compiler/subcircuits/replica_column.py', 'source_class': 'Replica_Cell', 'source_module_name': 'Replica_CELL', 'role_hint': 'replica'}"
sram_17x1_replica_column.XReplica_CELL_6,sram_17x1_replica_column,XReplica_CELL_6,X,Replica_CELL,5,"['VDD', 'VSS', 'RBL', 'RBLB', 'WL6']","{'source_file': 'sram_compiler/subcircuits/replica_column.py', 'source_class': 'Replica_Cell', 'source_module_name': 'Replica_CELL', 'role_hint': 'replica'}"
sram_17x1_replica_column.XReplica_CELL_7,sram_17x1_replica_column,XReplica_CELL_7,X,Replica_CELL,5,"['VDD', 'VSS', 'RBL', 'RBLB', 'WL7']","{'source_file': 'sram_compiler/subcircuits/replica_column.py', 'source_class': 'Replica_Cell', 'source_module_name': 'Replica_CELL', 'role_hint': 'replica'}"
sram_17x1_replica_column.XReplica_CELL_8,sram_17x1_replica_column,XReplica_CELL_8,X,Replica_CELL,5,"['VDD', 'VSS', 'RBL', 'RBLB', 'WL8']","{'source_file': 'sram_compiler/subcircuits/replica_column.py', 'source_class': 'Replica_Cell', 'source_module_name': 'Replica_CELL', 'role_hint': 'replica'}"
sram_17x1_replica_column.XReplica_CELL_9,sram_17x1_replica_column,XReplica_CELL_9,X,Replica_CELL,5,"['VDD', 'VSS', 'RBL', 'RBLB', 'WL9']","{'source_file': 'sram_compiler/subcircuits/replica_column.py', 'source_class': 'Replica_Cell', 'source_module_name': 'Replica_CELL', 'role_hint': 'replica'}"
sram_17x1_replica_column.XReplica_CELL_10,sram_17x1_replica_column,XReplica_CELL_10,X,Replica_CELL,5,"['VDD', 'VSS', 'RBL', 'RBLB', 'WL10']","{'source_file': 'sram_compiler/subcircuits/replica_column.py', 'source_class': 'Replica_Cell', 'source_module_name': 'Replica_CELL', 'role_hint': 'replica'}"
sram_17x1_replica_column.XReplica_CELL_11,sram_17x1_replica_column,XReplica_CELL_11,X,Replica_CELL,5,"['VDD', 'VSS', 'RBL', 'RBLB', 'WL11']","{'source_file': 'sram_compiler/subcircuits/replica_column.py', 'source_class': 'Replica_Cell', 'source_module_name': 'Replica_CELL', 'role_hint': 'replica'}"
sram_17x1_replica_column.XReplica_CELL_12,sram_17x1_replica_column,XReplica_CELL_12,X,Replica_CELL,5,"['VDD', 'VSS', 'RBL', 'RBLB', 'WL12']","{'source_file': 'sram_compiler/subcircuits/replica_column.py', 'source_class': 'Replica_Cell', 'source_module_name': 'Replica_CELL', 'role_hint': 'replica'}"
sram_17x1_replica_column.XReplica_CELL_13,sram_17x1_replica_column,XReplica_CELL_13,X,Replica_CELL,5,"['VDD', 'VSS', 'RBL', 'RBLB', 'WL13']","{'source_file': 'sram_compiler/subcircuits/replica_column.py', 'source_class': 'Replica_Cell', 'source_module_name': 'Replica_CELL', 'role_hint': 'replica'}"
sram_17x1_replica_column.XReplica_CELL_14,sram_17x1_replica_column,XReplica_CELL_14,X,Replica_CELL,5,"['VDD', 'VSS', 'RBL', 'RBLB', 'WL14']","{'source_file': 'sram_compiler/subcircuits/replica_column.py', 'source_class': 'Replica_Cell', 'source_module_name': 'Replica_CELL', 'role_hint': 'replica'}"
sram_17x1_replica_column.XReplica_CELL_15,sram_17x1_replica_column,XReplica_CELL_15,X,Replica_CELL,5,"['VDD', 'VSS', 'RBL', 'RBLB', 'WL15']","{'source_file': 'sram_compiler/subcircuits/replica_column.py', 'source_class': 'Replica_Cell', 'source_module_name': 'Replica_CELL', 'role_hint': 'replica'}"
sram_17x1_replica_column.XReplica_CELL_16,sram_17x1_replica_column,XReplica_CELL_16,X,Replica_CELL,5,"['VDD', 'VSS', 'RBL', 'RBLB', 'WL16']","{'source_file': 'sram_compiler/subcircuits/replica_column.py', 'source_class': 'Replica_Cell', 'source_module_name': 'Replica_CELL', 'role_hint': 'replica'}"
Replica_CELL.MPGL,Replica_CELL,MPGL,M,NMOS_VTG,4,"['RBL', 'WL', 'Q', 'VSS']","{'source_file': 'sram_compiler/testbenches/sram_6t_core_testbench.py::Sram6TCoreTestbench.create_testbench', 'source_class': '', 'source_module_name': 'NMOS_VTG', 'role_hint': 'EXTRACTED_FROM_GENERATED_NETLIST'}"
Replica_CELL.MPGR,Replica_CELL,MPGR,M,NMOS_VTG,4,"['RBLB', 'WL', 'VDD', 'VSS']","{'source_file': 'sram_compiler/testbenches/sram_6t_core_testbench.py::Sram6TCoreTestbench.create_testbench', 'source_class': '', 'source_module_name': 'NMOS_VTG', 'role_hint': 'EXTRACTED_FROM_GENERATED_NETLIST'}"
Replica_CELL.MPDL,Replica_CELL,MPDL,M,NMOS_VTG,4,"['Q', 'VDD', 'VSS', 'VSS']","{'source_file': 'sram_compiler/testbenches/sram_6t_core_testbench.py::Sram6TCoreTestbench.create_testbench', 'source_class': '', 'source_module_name': 'NMOS_VTG', 'role_hint': 'EXTRACTED_FROM_GENERATED_NETLIST'}"
Replica_CELL.MPUL,Replica_CELL,MPUL,M,PMOS_VTG,4,"['Q', 'VDD', 'VDD', 'VDD']","{'source_file': 'sram_compiler/testbenches/sram_6t_core_testbench.py::Sram6TCoreTestbench.create_testbench', 'source_class': '', 'source_module_name': 'PMOS_VTG', 'role_hint': 'EXTRACTED_FROM_GENERATED_NETLIST'}"
Replica_CELL.MPDR,Replica_CELL,MPDR,M,NMOS_VTG,4,"['VDD', 'Q', 'VSS', 'VSS']","{'source_file': 'sram_compiler/testbenches/sram_6t_core_testbench.py::Sram6TCoreTestbench.create_testbench', 'source_class': '', 'source_module_name': 'NMOS_VTG', 'role_hint': 'EXTRACTED_FROM_GENERATED_NETLIST'}"
Replica_CELL.MPUR,Replica_CELL,MPUR,M,PMOS_VTG,4,"['VDD', 'Q', 'VDD', 'VDD']","{'source_file': 'sram_compiler/testbenches/sram_6t_core_testbench.py::Sram6TCoreTestbench.create_testbench', 'source_class': '', 'source_module_name': 'PMOS_VTG', 'role_hint': 'EXTRACTED_FROM_GENERATED_NETLIST'}"
AND2.XPNAND3,AND2,XPNAND3,X,PNAND2,5,"['VDD', 'VSS', 'A', 'B', 'zb_int']","{'source_file': 'sram_compiler/subcircuits/standard_cell.py', 'source_class': 'PNAND2', 'source_module_name': 'PNAND2', 'role_hint': 'support_cell'}"
AND2.XPINV,AND2,XPINV,X,PINV,4,"['VDD', 'VSS', 'zb_int', 'Z']","{'source_file': 'sram_compiler/testbenches/sram_6t_core_testbench.py::Sram6TCoreTestbench.create_testbench', 'source_class': '', 'source_module_name': 'PINV', 'role_hint': 'EXTRACTED_FROM_GENERATED_NETLIST'}"
PNAND2.Mpnand2_pmos1,PNAND2,Mpnand2_pmos1,M,PMOS_VTG,4,"['Z', 'A', 'VDD', 'VDD']","{'source_file': 'sram_compiler/testbenches/sram_6t_core_testbench.py::Sram6TCoreTestbench.create_testbench', 'source_class': '', 'source_module_name': 'PMOS_VTG', 'role_hint': 'EXTRACTED_FROM_GENERATED_NETLIST'}"
PNAND2.Mpnand2_pmos2,PNAND2,Mpnand2_pmos2,M,PMOS_VTG,4,"['Z', 'B', 'VDD', 'VDD']","{'source_file': 'sram_compiler/testbenches/sram_6t_core_testbench.py::Sram6TCoreTestbench.create_testbench', 'source_class': '', 'source_module_name': 'PMOS_VTG', 'role_hint': 'EXTRACTED_FROM_GENERATED_NETLIST'}"
PNAND2.Mpnand2_nmos1,PNAND2,Mpnand2_nmos1,M,NMOS_VTG,4,"['Z', 'B', 'net1', 'VSS']","{'source_file': 'sram_compiler/testbenches/sram_6t_core_testbench.py::Sram6TCoreTestbench.create_testbench', 'source_class': '', 'source_module_name': 'NMOS_VTG', 'role_hint': 'EXTRACTED_FROM_GENERATED_NETLIST'}"
PNAND2.Mpnand2_nmos2,PNAND2,Mpnand2_nmos2,M,NMOS_VTG,4,"['net1', 'A', 'VSS', 'VSS']","{'source_file': 'sram_compiler/testbenches/sram_6t_core_testbench.py::Sram6TCoreTestbench.create_testbench', 'source_class': '', 'source_module_name': 'NMOS_VTG', 'role_hint': 'EXTRACTED_FROM_GENERATED_NETLIST'}"
PINV.Mpinv_pmos,PINV,Mpinv_pmos,M,PMOS_VTG,4,"['Z', 'A', 'VDD', 'VDD']","{'source_file': 'sram_compiler/testbenches/sram_6t_core_testbench.py::Sram6TCoreTestbench.create_testbench', 'source_class': '', 'source_module_name': 'PMOS_VTG', 'role_hint': 'EXTRACTED_FROM_GENERATED_NETLIST'}"
PINV.Mpinv_nmos,PINV,Mpinv_nmos,M,NMOS_VTG,4,"['Z', 'A', 'VSS', 'VSS']","{'source_file': 'sram_compiler/testbenches/sram_6t_core_testbench.py::Sram6TCoreTestbench.create_testbench', 'source_class': '', 'source_module_name': 'NMOS_VTG', 'role_hint': 'EXTRACTED_FROM_GENERATED_NETLIST'}"
TIME.Xdff_buf_addr,TIME,Xdff_buf_addr,X,ADDR_DFF,11,"['VDD', 'VSS', 'clk_buf', 'A0', 'A1', 'A2', 'A3', 'A_dff0', 'A_dff1', 'A_dff2', 'A_dff3']","{'source_file': 'sram_compiler/subcircuits/time_generate.py', 'source_class': 'ADDR_DFF', 'source_module_name': 'ADDR_DFF', 'role_hint': 'control_timing'}"
TIME.Xdff_buf_data,TIME,Xdff_buf_data,X,DATA_DFF,35,"['VDD', 'VSS', 'clk_buf', 'DIN0', 'DIN1', 'DIN2', 'DIN3', 'DIN4', 'DIN5', 'DIN6', 'DIN7', 'DIN8', 'DIN9', 'DIN10', 'DIN11', 'DIN12', 'DIN13', 'DIN14', 'DIN15', 'DIN_dff0', 'DIN_dff1', 'DIN_dff2', 'DIN_dff3', 'DIN_dff4', 'DIN_dff5', 'DIN_dff6', 'DIN_dff7', 'DIN_dff8', 'DIN_dff9', 'DIN_dff10', 'DIN_dff11', 'DIN_dff12', 'DIN_dff13', 'DIN_dff14', 'DIN_dff15']","{'source_file': 'sram_compiler/subcircuits/time_generate.py', 'source_class': 'DATA_DFF', 'source_module_name': 'DATA_DFF', 'role_hint': 'control_timing'}"
TIME.Xclkbuf,TIME,Xclkbuf,X,pdrive,4,"['VDD', 'VSS', 'clk', 'clk_buf']","{'source_file': 'sram_compiler/subcircuits/time_generate.py', 'source_class': 'pdrive', 'source_module_name': 'pdrive', 'role_hint': 'support_cell'}"
TIME.Xinv_clk_bar,TIME,Xinv_clk_bar,X,PINV,4,"['VDD', 'VSS', 'clk_buf', 'clk_bar']","{'source_file': 'sram_compiler/testbenches/sram_6t_core_testbench.py::Sram6TCoreTestbench.create_testbench', 'source_class': '', 'source_module_name': 'PINV', 'role_hint': 'EXTRACTED_FROM_GENERATED_NETLIST'}"
TIME.Xdff_buf,TIME,Xdff_buf,X,DFF_BUF,6,"['VDD', 'VSS', 'csb', 'cs_bar', 'cs', 'clk_buf']","{'source_file': 'sram_compiler/subcircuits/time_generate.py', 'source_class': 'DFF_BUF', 'source_module_name': 'DFF_BUF', 'role_hint': 'support_cell'}"
TIME.Xdff_buf1,TIME,Xdff_buf1,X,DFF_BUF,6,"['VDD', 'VSS', 'web', 'we_bar', 'we', 'clk_buf']","{'source_file': 'sram_compiler/subcircuits/time_generate.py', 'source_class': 'DFF_BUF', 'source_module_name': 'DFF_BUF', 'role_hint': 'support_cell'}"
TIME.Xand2_gated_clk_bar,TIME,Xand2_gated_clk_bar,X,AND2,5,"['VDD', 'VSS', 'cs', 'clk_bar', 'gated_clk_bar']","{'source_file': 'sram_compiler/subcircuits/standard_cell.py', 'source_class': 'AND2', 'source_module_name': 'AND2', 'role_hint': 'support_cell'}"
TIME.Xand2_gated_clk_buf,TIME,Xand2_gated_clk_buf,X,AND2,5,"['VDD', 'VSS', 'cs', 'clk_buf', 'gated_clk_buf']","{'source_file': 'sram_compiler/subcircuits/standard_cell.py', 'source_class': 'AND2', 'source_module_name': 'AND2', 'role_hint': 'support_cell'}"
TIME.Xwl_en,TIME,Xwl_en,X,wl_pdrive,4,"['VDD', 'VSS', 'gated_clk_bar', 'wl_en']","{'source_file': 'sram_compiler/subcircuits/time_generate.py', 'source_class': 'wl_pdrive', 'source_module_name': 'wl_pdrive', 'role_hint': 'support_cell'}"
TIME.Xinv_wl_en_bar,TIME,Xinv_wl_en_bar,X,PINV_wl_en_bar,4,"['VDD', 'VSS', 'wl_en', 'wl_en_bar']","{'source_file': 'sram_compiler/testbenches/sram_6t_core_testbench.py::Sram6TCoreTestbench.create_testbench', 'source_class': '', 'source_module_name': 'PINV_wl_en_bar', 'role_hint': 'EXTRACTED_FROM_GENERATED_NETLIST'}"
TIME.Xdelaychain,TIME,Xdelaychain,X,delay_chain,4,"['VDD', 'VSS', 'rbl', 'rbl_delay']","{'source_file': 'sram_compiler/subcircuits/time_generate.py', 'source_class': 'DelayChain', 'source_module_name': 'delay_chain', 'role_hint': 'control_timing'}"
TIME.Xinv_rbl_delay_bar,TIME,Xinv_rbl_delay_bar,X,PINV,4,"['VDD', 'VSS', 'rbl_delay', 'rbl_delay_bar']","{'source_file': 'sram_compiler/testbenches/sram_6t_core_testbench.py::Sram6TCoreTestbench.create_testbench', 'source_class': '', 'source_module_name': 'PINV', 'role_hint': 'EXTRACTED_FROM_GENERATED_NETLIST'}"
TIME.Xw_en,TIME,Xw_en,X,AND3,6,"['VDD', 'VSS', 'rbl_delay_bar', 'gated_clk_bar', 'we', 'w_en']","{'source_file': 'sram_compiler/subcircuits/standard_cell.py', 'source_class': 'AND3', 'source_module_name': 'AND3', 'role_hint': 'support_cell'}"
TIME.Xs_en,TIME,Xs_en,X,AND3,6,"['VDD', 'VSS', 'rbl_delay', 'gated_clk_bar', 'we_bar', 's_en']","{'source_file': 'sram_compiler/subcircuits/standard_cell.py', 'source_class': 'AND3', 'source_module_name': 'AND3', 'role_hint': 'support_cell'}"
TIME.Xpre_unbuf,TIME,Xpre_unbuf,X,PNAND3,6,"['VDD', 'VSS', 'gated_clk_buf', 'rbl_delay', 'wl_en_bar', 'PRE_UNBUF']","{'source_file': 'sram_compiler/subcircuits/standard_cell.py', 'source_class': 'PNAND3', 'source_module_name': 'PNAND3', 'role_hint': 'support_cell'}"
TIME.Xpre,TIME,Xpre,X,pdrive2_for_pre,4,"['VDD', 'VSS', 'PRE_UNBUF', 'PRE']","{'source_file': 'sram_compiler/subcircuits/time_generate.py', 'source_class': 'pdrive2_for_pre', 'source_module_name': 'pdrive2_for_pre', 'role_hint': 'support_cell'}"
ADDR_DFF.Xdff_0,ADDR_DFF,Xdff_0,X,DFF,5,"['VDD', 'VSS', 'A0', 'A_dff0', 'CLK']","{'source_file': 'sram_compiler/subcircuits/time_generate.py', 'source_class': 'dff', 'source_module_name': 'DFF', 'role_hint': 'control_timing'}"
ADDR_DFF.Xdff_1,ADDR_DFF,Xdff_1,X,DFF,5,"['VDD', 'VSS', 'A1', 'A_dff1', 'CLK']","{'source_file': 'sram_compiler/subcircuits/time_generate.py', 'source_class': 'dff', 'source_module_name': 'DFF', 'role_hint': 'control_timing'}"
ADDR_DFF.Xdff_2,ADDR_DFF,Xdff_2,X,DFF,5,"['VDD', 'VSS', 'A2', 'A_dff2', 'CLK']","{'source_file': 'sram_compiler/subcircuits/time_generate.py', 'source_class': 'dff', 'source_module_name': 'DFF', 'role_hint': 'control_timing'}"
ADDR_DFF.Xdff_3,ADDR_DFF,Xdff_3,X,DFF,5,"['VDD', 'VSS', 'A3', 'A_dff3', 'CLK']","{'source_file': 'sram_compiler/subcircuits/time_generate.py', 'source_class': 'dff', 'source_module_name': 'DFF', 'role_hint': 'control_timing'}"
DFF.Xinv1_clk,DFF,Xinv1_clk,X,PINV1,4,"['VDD', 'VSS', 'CLK', 'CLKB']","{'source_file': 'sram_compiler/testbenches/sram_6t_core_testbench.py::Sram6TCoreTestbench.create_testbench', 'source_class': '', 'source_module_name': 'PINV1', 'role_hint': 'EXTRACTED_FROM_GENERATED_NETLIST'}"
DFF.Xinv2_D,DFF,Xinv2_D,X,PINV1,4,"['VDD', 'VSS', 'D', 'D_b']","{'source_file': 'sram_compiler/testbenches/sram_6t_core_testbench.py::Sram6TCoreTestbench.create_testbench', 'source_class': '', 'source_module_name': 'PINV1', 'role_hint': 'EXTRACTED_FROM_GENERATED_NETLIST'}"
DFF.Xtg1,DFF,Xtg1,X,TRANSMISSION_GATE,6,"['VDD', 'VSS', 'D_b', 'z1', 'CLK', 'CLKB']","{'source_file': 'sram_compiler/subcircuits/time_generate.py', 'source_class': 'TransmissionGate', 'source_module_name': 'TRANSMISSION_GATE', 'role_hint': 'support_cell'}"
DFF.Xinv3,DFF,Xinv3,X,PINV1,4,"['VDD', 'VSS', 'z1', 'z2']","{'source_file': 'sram_compiler/testbenches/sram_6t_core_testbench.py::Sram6TCoreTestbench.create_testbench', 'source_class': '', 'source_module_name': 'PINV1', 'role_hint': 'EXTRACTED_FROM_GENERATED_NETLIST'}"
DFF.Xinv4,DFF,Xinv4,X,PINV1,4,"['VDD', 'VSS', 'z2', 'z3']","{'source_file': 'sram_compiler/testbenches/sram_6t_core_testbench.py::Sram6TCoreTestbench.create_testbench', 'source_class': '', 'source_module_name': 'PINV1', 'role_hint': 'EXTRACTED_FROM_GENERATED_NETLIST'}"
DFF.Xtg2,DFF,Xtg2,X,TRANSMISSION_GATE,6,"['VDD', 'VSS', 'z3', 'z1', 'CLKB', 'CLK']","{'source_file': 'sram_compiler/subcircuits/time_generate.py', 'source_class': 'TransmissionGate', 'source_module_name': 'TRANSMISSION_GATE', 'role_hint': 'support_cell'}"
DFF.Xinv5,DFF,Xinv5,X,PINV1,4,"['VDD', 'VSS', 'z2', 'z4']","{'source_file': 'sram_compiler/testbenches/sram_6t_core_testbench.py::Sram6TCoreTestbench.create_testbench', 'source_class': '', 'source_module_name': 'PINV1', 'role_hint': 'EXTRACTED_FROM_GENERATED_NETLIST'}"
DFF.Xtg3,DFF,Xtg3,X,TRANSMISSION_GATE,6,"['VDD', 'VSS', 'z4', 'z5', 'CLKB', 'CLK']","{'source_file': 'sram_compiler/subcircuits/time_generate.py', 'source_class': 'TransmissionGate', 'source_module_name': 'TRANSMISSION_GATE', 'role_hint': 'support_cell'}"
DFF.Xinv6,DFF,Xinv6,X,PINV1,4,"['VDD', 'VSS', 'z5', 'Q']","{'source_file': 'sram_compiler/testbenches/sram_6t_core_testbench.py::Sram6TCoreTestbench.create_testbench', 'source_class': '', 'source_module_name': 'PINV1', 'role_hint': 'EXTRACTED_FROM_GENERATED_NETLIST'}"
DFF.Xinv7,DFF,Xinv7,X,PINV1,4,"['VDD', 'VSS', 'Q', 'QB']","{'source_file': 'sram_compiler/testbenches/sram_6t_core_testbench.py::Sram6TCoreTestbench.create_testbench', 'source_class': '', 'source_module_name': 'PINV1', 'role_hint': 'EXTRACTED_FROM_GENERATED_NETLIST'}"
DFF.Xtg4,DFF,Xtg4,X,TRANSMISSION_GATE,6,"['VDD', 'VSS', 'QB', 'z5', 'CLK', 'CLKB']","{'source_file': 'sram_compiler/subcircuits/time_generate.py', 'source_class': 'TransmissionGate', 'source_module_name': 'TRANSMISSION_GATE', 'role_hint': 'support_cell'}"
PINV1.Mpinv_pmos,PINV1,Mpinv_pmos,M,PMOS_VTG,4,"['Z', 'A', 'VDD', 'VDD']","{'source_file': 'sram_compiler/testbenches/sram_6t_core_testbench.py::Sram6TCoreTestbench.create_testbench', 'source_class': '', 'source_module_name': 'PMOS_VTG', 'role_hint': 'EXTRACTED_FROM_GENERATED_NETLIST'}"
PINV1.Mpinv_nmos,PINV1,Mpinv_nmos,M,NMOS_VTG,4,"['Z', 'A', 'VSS', 'VSS']","{'source_file': 'sram_compiler/testbenches/sram_6t_core_testbench.py::Sram6TCoreTestbench.create_testbench', 'source_class': '', 'source_module_name': 'NMOS_VTG', 'role_hint': 'EXTRACTED_FROM_GENERATED_NETLIST'}"
TRANSMISSION_GATE.Mtranspmos,TRANSMISSION_GATE,Mtranspmos,M,PMOS_VTG,4,"['OUT', 'CTR_P', 'IN', 'VDD']","{'source_file': 'sram_compiler/testbenches/sram_6t_core_testbench.py::Sram6TCoreTestbench.create_testbench', 'source_class': '', 'source_module_name': 'PMOS_VTG', 'role_hint': 'EXTRACTED_FROM_GENERATED_NETLIST'}"
TRANSMISSION_GATE.Mtransnmos,TRANSMISSION_GATE,Mtransnmos,M,NMOS_VTG,4,"['IN', 'CTR_N', 'OUT', 'VSS']","{'source_file': 'sram_compiler/testbenches/sram_6t_core_testbench.py::Sram6TCoreTestbench.create_testbench', 'source_class': '', 'source_module_name': 'NMOS_VTG', 'role_hint': 'EXTRACTED_FROM_GENERATED_NETLIST'}"
DATA_DFF.Xdff_0,DATA_DFF,Xdff_0,X,DFF,5,"['VDD', 'VSS', 'DIN0', 'DIN_dff0', 'CLK']","{'source_file': 'sram_compiler/subcircuits/time_generate.py', 'source_class': 'dff', 'source_module_name': 'DFF', 'role_hint': 'control_timing'}"
DATA_DFF.Xdff_1,DATA_DFF,Xdff_1,X,DFF,5,"['VDD', 'VSS', 'DIN1', 'DIN_dff1', 'CLK']","{'source_file': 'sram_compiler/subcircuits/time_generate.py', 'source_class': 'dff', 'source_module_name': 'DFF', 'role_hint': 'control_timing'}"
DATA_DFF.Xdff_2,DATA_DFF,Xdff_2,X,DFF,5,"['VDD', 'VSS', 'DIN2', 'DIN_dff2', 'CLK']","{'source_file': 'sram_compiler/subcircuits/time_generate.py', 'source_class': 'dff', 'source_module_name': 'DFF', 'role_hint': 'control_timing'}"
DATA_DFF.Xdff_3,DATA_DFF,Xdff_3,X,DFF,5,"['VDD', 'VSS', 'DIN3', 'DIN_dff3', 'CLK']","{'source_file': 'sram_compiler/subcircuits/time_generate.py', 'source_class': 'dff', 'source_module_name': 'DFF', 'role_hint': 'control_timing'}"
DATA_DFF.Xdff_4,DATA_DFF,Xdff_4,X,DFF,5,"['VDD', 'VSS', 'DIN4', 'DIN_dff4', 'CLK']","{'source_file': 'sram_compiler/subcircuits/time_generate.py', 'source_class': 'dff', 'source_module_name': 'DFF', 'role_hint': 'control_timing'}"
DATA_DFF.Xdff_5,DATA_DFF,Xdff_5,X,DFF,5,"['VDD', 'VSS', 'DIN5', 'DIN_dff5', 'CLK']","{'source_file': 'sram_compiler/subcircuits/time_generate.py', 'source_class': 'dff', 'source_module_name': 'DFF', 'role_hint': 'control_timing'}"
DATA_DFF.Xdff_6,DATA_DFF,Xdff_6,X,DFF,5,"['VDD', 'VSS', 'DIN6', 'DIN_dff6', 'CLK']","{'source_file': 'sram_compiler/subcircuits/time_generate.py', 'source_class': 'dff', 'source_module_name': 'DFF', 'role_hint': 'control_timing'}"
DATA_DFF.Xdff_7,DATA_DFF,Xdff_7,X,DFF,5,"['VDD', 'VSS', 'DIN7', 'DIN_dff7', 'CLK']","{'source_file': 'sram_compiler/subcircuits/time_generate.py', 'source_class': 'dff', 'source_module_name': 'DFF', 'role_hint': 'control_timing'}"
DATA_DFF.Xdff_8,DATA_DFF,Xdff_8,X,DFF,5,"['VDD', 'VSS', 'DIN8', 'DIN_dff8', 'CLK']","{'source_file': 'sram_compiler/subcircuits/time_generate.py', 'source_class': 'dff', 'source_module_name': 'DFF', 'role_hint': 'control_timing'}"
DATA_DFF.Xdff_9,DATA_DFF,Xdff_9,X,DFF,5,"['VDD', 'VSS', 'DIN9', 'DIN_dff9', 'CLK']","{'source_file': 'sram_compiler/subcircuits/time_generate.py', 'source_class': 'dff', 'source_module_name': 'DFF', 'role_hint': 'control_timing'}"
DATA_DFF.Xdff_10,DATA_DFF,Xdff_10,X,DFF,5,"['VDD', 'VSS', 'DIN10', 'DIN_dff10', 'CLK']","{'source_file': 'sram_compiler/subcircuits/time_generate.py', 'source_class': 'dff', 'source_module_name': 'DFF', 'role_hint': 'control_timing'}"
DATA_DFF.Xdff_11,DATA_DFF,Xdff_11,X,DFF,5,"['VDD', 'VSS', 'DIN11', 'DIN_dff11', 'CLK']","{'source_file': 'sram_compiler/subcircuits/time_generate.py', 'source_class': 'dff', 'source_module_name': 'DFF', 'role_hint': 'control_timing'}"
DATA_DFF.Xdff_12,DATA_DFF,Xdff_12,X,DFF,5,"['VDD', 'VSS', 'DIN12', 'DIN_dff12', 'CLK']","{'source_file': 'sram_compiler/subcircuits/time_generate.py', 'source_class': 'dff', 'source_module_name': 'DFF', 'role_hint': 'control_timing'}"
DATA_DFF.Xdff_13,DATA_DFF,Xdff_13,X,DFF,5,"['VDD', 'VSS', 'DIN13', 'DIN_dff13', 'CLK']","{'source_file': 'sram_compiler/subcircuits/time_generate.py', 'source_class': 'dff', 'source_module_name': 'DFF', 'role_hint': 'control_timing'}"
DATA_DFF.Xdff_14,DATA_DFF,Xdff_14,X,DFF,5,"['VDD', 'VSS', 'DIN14', 'DIN_dff14', 'CLK']","{'source_file': 'sram_compiler/subcircuits/time_generate.py', 'source_class': 'dff', 'source_module_name': 'DFF', 'role_hint': 'control_timing'}"
DATA_DFF.Xdff_15,DATA_DFF,Xdff_15,X,DFF,5,"['VDD', 'VSS', 'DIN15', 'DIN_dff15', 'CLK']","{'source_file': 'sram_compiler/subcircuits/time_generate.py', 'source_class': 'dff', 'source_module_name': 'DFF', 'role_hint': 'control_timing'}"
DFF.Xinv1_clk,DFF,Xinv1_clk,X,PINV1,4,"['VDD', 'VSS', 'CLK', 'CLKB']","{'source_file': 'sram_compiler/testbenches/sram_6t_core_testbench.py::Sram6TCoreTestbench.create_testbench', 'source_class': '', 'source_module_name': 'PINV1', 'role_hint': 'EXTRACTED_FROM_GENERATED_NETLIST'}"
DFF.Xinv2_D,DFF,Xinv2_D,X,PINV1,4,"['VDD', 'VSS', 'D', 'D_b']","{'source_file': 'sram_compiler/testbenches/sram_6t_core_testbench.py::Sram6TCoreTestbench.create_testbench', 'source_class': '', 'source_module_name': 'PINV1', 'role_hint': 'EXTRACTED_FROM_GENERATED_NETLIST'}"
DFF.Xtg1,DFF,Xtg1,X,TRANSMISSION_GATE,6,"['VDD', 'VSS', 'D_b', 'z1', 'CLK', 'CLKB']","{'source_file': 'sram_compiler/subcircuits/time_generate.py', 'source_class': 'TransmissionGate', 'source_module_name': 'TRANSMISSION_GATE', 'role_hint': 'support_cell'}"
DFF.Xinv3,DFF,Xinv3,X,PINV1,4,"['VDD', 'VSS', 'z1', 'z2']","{'source_file': 'sram_compiler/testbenches/sram_6t_core_testbench.py::Sram6TCoreTestbench.create_testbench', 'source_class': '', 'source_module_name': 'PINV1', 'role_hint': 'EXTRACTED_FROM_GENERATED_NETLIST'}"
DFF.Xinv4,DFF,Xinv4,X,PINV1,4,"['VDD', 'VSS', 'z2', 'z3']","{'source_file': 'sram_compiler/testbenches/sram_6t_core_testbench.py::Sram6TCoreTestbench.create_testbench', 'source_class': '', 'source_module_name': 'PINV1', 'role_hint': 'EXTRACTED_FROM_GENERATED_NETLIST'}"
DFF.Xtg2,DFF,Xtg2,X,TRANSMISSION_GATE,6,"['VDD', 'VSS', 'z3', 'z1', 'CLKB', 'CLK']","{'source_file': 'sram_compiler/subcircuits/time_generate.py', 'source_class': 'TransmissionGate', 'source_module_name': 'TRANSMISSION_GATE', 'role_hint': 'support_cell'}"
DFF.Xinv5,DFF,Xinv5,X,PINV1,4,"['VDD', 'VSS', 'z2', 'z4']","{'source_file': 'sram_compiler/testbenches/sram_6t_core_testbench.py::Sram6TCoreTestbench.create_testbench', 'source_class': '', 'source_module_name': 'PINV1', 'role_hint': 'EXTRACTED_FROM_GENERATED_NETLIST'}"
DFF.Xtg3,DFF,Xtg3,X,TRANSMISSION_GATE,6,"['VDD', 'VSS', 'z4', 'z5', 'CLKB', 'CLK']","{'source_file': 'sram_compiler/subcircuits/time_generate.py', 'source_class': 'TransmissionGate', 'source_module_name': 'TRANSMISSION_GATE', 'role_hint': 'support_cell'}"
DFF.Xinv6,DFF,Xinv6,X,PINV1,4,"['VDD', 'VSS', 'z5', 'Q']","{'source_file': 'sram_compiler/testbenches/sram_6t_core_testbench.py::Sram6TCoreTestbench.create_testbench', 'source_class': '', 'source_module_name': 'PINV1', 'role_hint': 'EXTRACTED_FROM_GENERATED_NETLIST'}"
DFF.Xinv7,DFF,Xinv7,X,PINV1,4,"['VDD', 'VSS', 'Q', 'QB']","{'source_file': 'sram_compiler/testbenches/sram_6t_core_testbench.py::Sram6TCoreTestbench.create_testbench', 'source_class': '', 'source_module_name': 'PINV1', 'role_hint': 'EXTRACTED_FROM_GENERATED_NETLIST'}"
DFF.Xtg4,DFF,Xtg4,X,TRANSMISSION_GATE,6,"['VDD', 'VSS', 'QB', 'z5', 'CLK', 'CLKB']","{'source_file': 'sram_compiler/subcircuits/time_generate.py', 'source_class': 'TransmissionGate', 'source_module_name': 'TRANSMISSION_GATE', 'role_hint': 'support_cell'}"
PINV1.Mpinv_pmos,PINV1,Mpinv_pmos,M,PMOS_VTG,4,"['Z', 'A', 'VDD', 'VDD']","{'source_file': 'sram_compiler/testbenches/sram_6t_core_testbench.py::Sram6TCoreTestbench.create_testbench', 'source_class': '', 'source_module_name': 'PMOS_VTG', 'role_hint': 'EXTRACTED_FROM_GENERATED_NETLIST'}"
PINV1.Mpinv_nmos,PINV1,Mpinv_nmos,M,NMOS_VTG,4,"['Z', 'A', 'VSS', 'VSS']","{'source_file': 'sram_compiler/testbenches/sram_6t_core_testbench.py::Sram6TCoreTestbench.create_testbench', 'source_class': '', 'source_module_name': 'NMOS_VTG', 'role_hint': 'EXTRACTED_FROM_GENERATED_NETLIST'}"
TRANSMISSION_GATE.Mtranspmos,TRANSMISSION_GATE,Mtranspmos,M,PMOS_VTG,4,"['OUT', 'CTR_P', 'IN', 'VDD']","{'source_file': 'sram_compiler/testbenches/sram_6t_core_testbench.py::Sram6TCoreTestbench.create_testbench', 'source_class': '', 'source_module_name': 'PMOS_VTG', 'role_hint': 'EXTRACTED_FROM_GENERATED_NETLIST'}"
TRANSMISSION_GATE.Mtransnmos,TRANSMISSION_GATE,Mtransnmos,M,NMOS_VTG,4,"['IN', 'CTR_N', 'OUT', 'VSS']","{'source_file': 'sram_compiler/testbenches/sram_6t_core_testbench.py::Sram6TCoreTestbench.create_testbench', 'source_class': '', 'source_module_name': 'NMOS_VTG', 'role_hint': 'EXTRACTED_FROM_GENERATED_NETLIST'}"
pdrive.Xbuf_inv1,pdrive,Xbuf_inv1,X,PINV1,4,"['VDD', 'VSS', 'A', 'zb1_node']","{'source_file': 'sram_compiler/testbenches/sram_6t_core_testbench.py::Sram6TCoreTestbench.create_testbench', 'source_class': '', 'source_module_name': 'PINV1', 'role_hint': 'EXTRACTED_FROM_GENERATED_NETLIST'}"
pdrive.Xbuf_inv2,pdrive,Xbuf_inv2,X,PINV2,4,"['VDD', 'VSS', 'zb1_node', 'zb2_node']","{'source_file': 'sram_compiler/testbenches/sram_6t_core_testbench.py::Sram6TCoreTestbench.create_testbench', 'source_class': '', 'source_module_name': 'PINV2', 'role_hint': 'EXTRACTED_FROM_GENERATED_NETLIST'}"
pdrive.Xbuf_inv3,pdrive,Xbuf_inv3,X,PINV3,4,"['VDD', 'VSS', 'zb2_node', 'zb3_node']","{'source_file': 'sram_compiler/testbenches/sram_6t_core_testbench.py::Sram6TCoreTestbench.create_testbench', 'source_class': '', 'source_module_name': 'PINV3', 'role_hint': 'EXTRACTED_FROM_GENERATED_NETLIST'}"
pdrive.Xbuf_inv4,pdrive,Xbuf_inv4,X,PINV4,4,"['VDD', 'VSS', 'zb3_node', 'Z']","{'source_file': 'sram_compiler/testbenches/sram_6t_core_testbench.py::Sram6TCoreTestbench.create_testbench', 'source_class': '', 'source_module_name': 'PINV4', 'role_hint': 'EXTRACTED_FROM_GENERATED_NETLIST'}"
PINV1.Mpinv_pmos,PINV1,Mpinv_pmos,M,PMOS_VTG,4,"['Z', 'A', 'VDD', 'VDD']","{'source_file': 'sram_compiler/testbenches/sram_6t_core_testbench.py::Sram6TCoreTestbench.create_testbench', 'source_class': '', 'source_module_name': 'PMOS_VTG', 'role_hint': 'EXTRACTED_FROM_GENERATED_NETLIST'}"
PINV1.Mpinv_nmos,PINV1,Mpinv_nmos,M,NMOS_VTG,4,"['Z', 'A', 'VSS', 'VSS']","{'source_file': 'sram_compiler/testbenches/sram_6t_core_testbench.py::Sram6TCoreTestbench.create_testbench', 'source_class': '', 'source_module_name': 'NMOS_VTG', 'role_hint': 'EXTRACTED_FROM_GENERATED_NETLIST'}"
PINV2.Mpinv_pmos,PINV2,Mpinv_pmos,M,PMOS_VTG,4,"['Z', 'A', 'VDD', 'VDD']","{'source_file': 'sram_compiler/testbenches/sram_6t_core_testbench.py::Sram6TCoreTestbench.create_testbench', 'source_class': '', 'source_module_name': 'PMOS_VTG', 'role_hint': 'EXTRACTED_FROM_GENERATED_NETLIST'}"
PINV2.Mpinv_nmos,PINV2,Mpinv_nmos,M,NMOS_VTG,4,"['Z', 'A', 'VSS', 'VSS']","{'source_file': 'sram_compiler/testbenches/sram_6t_core_testbench.py::Sram6TCoreTestbench.create_testbench', 'source_class': '', 'source_module_name': 'NMOS_VTG', 'role_hint': 'EXTRACTED_FROM_GENERATED_NETLIST'}"
PINV3.Mpinv_pmos,PINV3,Mpinv_pmos,M,PMOS_VTG,4,"['Z', 'A', 'VDD', 'VDD']","{'source_file': 'sram_compiler/testbenches/sram_6t_core_testbench.py::Sram6TCoreTestbench.create_testbench', 'source_class': '', 'source_module_name': 'PMOS_VTG', 'role_hint': 'EXTRACTED_FROM_GENERATED_NETLIST'}"
PINV3.Mpinv_nmos,PINV3,Mpinv_nmos,M,NMOS_VTG,4,"['Z', 'A', 'VSS', 'VSS']","{'source_file': 'sram_compiler/testbenches/sram_6t_core_testbench.py::Sram6TCoreTestbench.create_testbench', 'source_class': '', 'source_module_name': 'NMOS_VTG', 'role_hint': 'EXTRACTED_FROM_GENERATED_NETLIST'}"
PINV4.Mpinv_pmos,PINV4,Mpinv_pmos,M,PMOS_VTG,4,"['Z', 'A', 'VDD', 'VDD']","{'source_file': 'sram_compiler/testbenches/sram_6t_core_testbench.py::Sram6TCoreTestbench.create_testbench', 'source_class': '', 'source_module_name': 'PMOS_VTG', 'role_hint': 'EXTRACTED_FROM_GENERATED_NETLIST'}"
PINV4.Mpinv_nmos,PINV4,Mpinv_nmos,M,NMOS_VTG,4,"['Z', 'A', 'VSS', 'VSS']","{'source_file': 'sram_compiler/testbenches/sram_6t_core_testbench.py::Sram6TCoreTestbench.create_testbench', 'source_class': '', 'source_module_name': 'NMOS_VTG', 'role_hint': 'EXTRACTED_FROM_GENERATED_NETLIST'}"
PINV.Mpinv_pmos,PINV,Mpinv_pmos,M,PMOS_VTG,4,"['Z', 'A', 'VDD', 'VDD']","{'source_file': 'sram_compiler/testbenches/sram_6t_core_testbench.py::Sram6TCoreTestbench.create_testbench', 'source_class': '', 'source_module_name': 'PMOS_VTG', 'role_hint': 'EXTRACTED_FROM_GENERATED_NETLIST'}"
PINV.Mpinv_nmos,PINV,Mpinv_nmos,M,NMOS_VTG,4,"['Z', 'A', 'VSS', 'VSS']","{'source_file': 'sram_compiler/testbenches/sram_6t_core_testbench.py::Sram6TCoreTestbench.create_testbench', 'source_class': '', 'source_module_name': 'NMOS_VTG', 'role_hint': 'EXTRACTED_FROM_GENERATED_NETLIST'}"
DFF_BUF.Xdff,DFF_BUF,Xdff,X,DFF,5,"['VDD', 'VSS', 'D', 'qint', 'CLK']","{'source_file': 'sram_compiler/subcircuits/time_generate.py', 'source_class': 'dff', 'source_module_name': 'DFF', 'role_hint': 'control_timing'}"
DFF_BUF.Xinv1,DFF_BUF,Xinv1,X,PINV1,4,"['VDD', 'VSS', 'qint', 'QB']","{'source_file': 'sram_compiler/testbenches/sram_6t_core_testbench.py::Sram6TCoreTestbench.create_testbench', 'source_class': '', 'source_module_name': 'PINV1', 'role_hint': 'EXTRACTED_FROM_GENERATED_NETLIST'}"
DFF_BUF.Xinv2,DFF_BUF,Xinv2,X,PINV2,4,"['VDD', 'VSS', 'QB', 'Q']","{'source_file': 'sram_compiler/testbenches/sram_6t_core_testbench.py::Sram6TCoreTestbench.create_testbench', 'source_class': '', 'source_module_name': 'PINV2', 'role_hint': 'EXTRACTED_FROM_GENERATED_NETLIST'}"
DFF.Xinv1_clk,DFF,Xinv1_clk,X,PINV1,4,"['VDD', 'VSS', 'CLK', 'CLKB']","{'source_file': 'sram_compiler/testbenches/sram_6t_core_testbench.py::Sram6TCoreTestbench.create_testbench', 'source_class': '', 'source_module_name': 'PINV1', 'role_hint': 'EXTRACTED_FROM_GENERATED_NETLIST'}"
DFF.Xinv2_D,DFF,Xinv2_D,X,PINV1,4,"['VDD', 'VSS', 'D', 'D_b']","{'source_file': 'sram_compiler/testbenches/sram_6t_core_testbench.py::Sram6TCoreTestbench.create_testbench', 'source_class': '', 'source_module_name': 'PINV1', 'role_hint': 'EXTRACTED_FROM_GENERATED_NETLIST'}"
DFF.Xtg1,DFF,Xtg1,X,TRANSMISSION_GATE,6,"['VDD', 'VSS', 'D_b', 'z1', 'CLK', 'CLKB']","{'source_file': 'sram_compiler/subcircuits/time_generate.py', 'source_class': 'TransmissionGate', 'source_module_name': 'TRANSMISSION_GATE', 'role_hint': 'support_cell'}"
DFF.Xinv3,DFF,Xinv3,X,PINV1,4,"['VDD', 'VSS', 'z1', 'z2']","{'source_file': 'sram_compiler/testbenches/sram_6t_core_testbench.py::Sram6TCoreTestbench.create_testbench', 'source_class': '', 'source_module_name': 'PINV1', 'role_hint': 'EXTRACTED_FROM_GENERATED_NETLIST'}"
DFF.Xinv4,DFF,Xinv4,X,PINV1,4,"['VDD', 'VSS', 'z2', 'z3']","{'source_file': 'sram_compiler/testbenches/sram_6t_core_testbench.py::Sram6TCoreTestbench.create_testbench', 'source_class': '', 'source_module_name': 'PINV1', 'role_hint': 'EXTRACTED_FROM_GENERATED_NETLIST'}"
DFF.Xtg2,DFF,Xtg2,X,TRANSMISSION_GATE,6,"['VDD', 'VSS', 'z3', 'z1', 'CLKB', 'CLK']","{'source_file': 'sram_compiler/subcircuits/time_generate.py', 'source_class': 'TransmissionGate', 'source_module_name': 'TRANSMISSION_GATE', 'role_hint': 'support_cell'}"
DFF.Xinv5,DFF,Xinv5,X,PINV1,4,"['VDD', 'VSS', 'z2', 'z4']","{'source_file': 'sram_compiler/testbenches/sram_6t_core_testbench.py::Sram6TCoreTestbench.create_testbench', 'source_class': '', 'source_module_name': 'PINV1', 'role_hint': 'EXTRACTED_FROM_GENERATED_NETLIST'}"
DFF.Xtg3,DFF,Xtg3,X,TRANSMISSION_GATE,6,"['VDD', 'VSS', 'z4', 'z5', 'CLKB', 'CLK']","{'source_file': 'sram_compiler/subcircuits/time_generate.py', 'source_class': 'TransmissionGate', 'source_module_name': 'TRANSMISSION_GATE', 'role_hint': 'support_cell'}"
DFF.Xinv6,DFF,Xinv6,X,PINV1,4,"['VDD', 'VSS', 'z5', 'Q']","{'source_file': 'sram_compiler/testbenches/sram_6t_core_testbench.py::Sram6TCoreTestbench.create_testbench', 'source_class': '', 'source_module_name': 'PINV1', 'role_hint': 'EXTRACTED_FROM_GENERATED_NETLIST'}"
DFF.Xinv7,DFF,Xinv7,X,PINV1,4,"['VDD', 'VSS', 'Q', 'QB']","{'source_file': 'sram_compiler/testbenches/sram_6t_core_testbench.py::Sram6TCoreTestbench.create_testbench', 'source_class': '', 'source_module_name': 'PINV1', 'role_hint': 'EXTRACTED_FROM_GENERATED_NETLIST'}"
DFF.Xtg4,DFF,Xtg4,X,TRANSMISSION_GATE,6,"['VDD', 'VSS', 'QB', 'z5', 'CLK', 'CLKB']","{'source_file': 'sram_compiler/subcircuits/time_generate.py', 'source_class': 'TransmissionGate', 'source_module_name': 'TRANSMISSION_GATE', 'role_hint': 'support_cell'}"
PINV1.Mpinv_pmos,PINV1,Mpinv_pmos,M,PMOS_VTG,4,"['Z', 'A', 'VDD', 'VDD']","{'source_file': 'sram_compiler/testbenches/sram_6t_core_testbench.py::Sram6TCoreTestbench.create_testbench', 'source_class': '', 'source_module_name': 'PMOS_VTG', 'role_hint': 'EXTRACTED_FROM_GENERATED_NETLIST'}"
PINV1.Mpinv_nmos,PINV1,Mpinv_nmos,M,NMOS_VTG,4,"['Z', 'A', 'VSS', 'VSS']","{'source_file': 'sram_compiler/testbenches/sram_6t_core_testbench.py::Sram6TCoreTestbench.create_testbench', 'source_class': '', 'source_module_name': 'NMOS_VTG', 'role_hint': 'EXTRACTED_FROM_GENERATED_NETLIST'}"
TRANSMISSION_GATE.Mtranspmos,TRANSMISSION_GATE,Mtranspmos,M,PMOS_VTG,4,"['OUT', 'CTR_P', 'IN', 'VDD']","{'source_file': 'sram_compiler/testbenches/sram_6t_core_testbench.py::Sram6TCoreTestbench.create_testbench', 'source_class': '', 'source_module_name': 'PMOS_VTG', 'role_hint': 'EXTRACTED_FROM_GENERATED_NETLIST'}"
TRANSMISSION_GATE.Mtransnmos,TRANSMISSION_GATE,Mtransnmos,M,NMOS_VTG,4,"['IN', 'CTR_N', 'OUT', 'VSS']","{'source_file': 'sram_compiler/testbenches/sram_6t_core_testbench.py::Sram6TCoreTestbench.create_testbench', 'source_class': '', 'source_module_name': 'NMOS_VTG', 'role_hint': 'EXTRACTED_FROM_GENERATED_NETLIST'}"
PINV1.Mpinv_pmos,PINV1,Mpinv_pmos,M,PMOS_VTG,4,"['Z', 'A', 'VDD', 'VDD']","{'source_file': 'sram_compiler/testbenches/sram_6t_core_testbench.py::Sram6TCoreTestbench.create_testbench', 'source_class': '', 'source_module_name': 'PMOS_VTG', 'role_hint': 'EXTRACTED_FROM_GENERATED_NETLIST'}"
PINV1.Mpinv_nmos,PINV1,Mpinv_nmos,M,NMOS_VTG,4,"['Z', 'A', 'VSS', 'VSS']","{'source_file': 'sram_compiler/testbenches/sram_6t_core_testbench.py::Sram6TCoreTestbench.create_testbench', 'source_class': '', 'source_module_name': 'NMOS_VTG', 'role_hint': 'EXTRACTED_FROM_GENERATED_NETLIST'}"
PINV2.Mpinv_pmos,PINV2,Mpinv_pmos,M,PMOS_VTG,4,"['Z', 'A', 'VDD', 'VDD']","{'source_file': 'sram_compiler/testbenches/sram_6t_core_testbench.py::Sram6TCoreTestbench.create_testbench', 'source_class': '', 'source_module_name': 'PMOS_VTG', 'role_hint': 'EXTRACTED_FROM_GENERATED_NETLIST'}"
PINV2.Mpinv_nmos,PINV2,Mpinv_nmos,M,NMOS_VTG,4,"['Z', 'A', 'VSS', 'VSS']","{'source_file': 'sram_compiler/testbenches/sram_6t_core_testbench.py::Sram6TCoreTestbench.create_testbench', 'source_class': '', 'source_module_name': 'NMOS_VTG', 'role_hint': 'EXTRACTED_FROM_GENERATED_NETLIST'}"
AND2.XPNAND3,AND2,XPNAND3,X,PNAND2,5,"['VDD', 'VSS', 'A', 'B', 'zb_int']","{'source_file': 'sram_compiler/subcircuits/standard_cell.py', 'source_class': 'PNAND2', 'source_module_name': 'PNAND2', 'role_hint': 'support_cell'}"
AND2.XPINV,AND2,XPINV,X,PINV,4,"['VDD', 'VSS', 'zb_int', 'Z']","{'source_file': 'sram_compiler/testbenches/sram_6t_core_testbench.py::Sram6TCoreTestbench.create_testbench', 'source_class': '', 'source_module_name': 'PINV', 'role_hint': 'EXTRACTED_FROM_GENERATED_NETLIST'}"
PNAND2.Mpnand2_pmos1,PNAND2,Mpnand2_pmos1,M,PMOS_VTG,4,"['Z', 'A', 'VDD', 'VDD']","{'source_file': 'sram_compiler/testbenches/sram_6t_core_testbench.py::Sram6TCoreTestbench.create_testbench', 'source_class': '', 'source_module_name': 'PMOS_VTG', 'role_hint': 'EXTRACTED_FROM_GENERATED_NETLIST'}"
PNAND2.Mpnand2_pmos2,PNAND2,Mpnand2_pmos2,M,PMOS_VTG,4,"['Z', 'B', 'VDD', 'VDD']","{'source_file': 'sram_compiler/testbenches/sram_6t_core_testbench.py::Sram6TCoreTestbench.create_testbench', 'source_class': '', 'source_module_name': 'PMOS_VTG', 'role_hint': 'EXTRACTED_FROM_GENERATED_NETLIST'}"
PNAND2.Mpnand2_nmos1,PNAND2,Mpnand2_nmos1,M,NMOS_VTG,4,"['Z', 'B', 'net1', 'VSS']","{'source_file': 'sram_compiler/testbenches/sram_6t_core_testbench.py::Sram6TCoreTestbench.create_testbench', 'source_class': '', 'source_module_name': 'NMOS_VTG', 'role_hint': 'EXTRACTED_FROM_GENERATED_NETLIST'}"
PNAND2.Mpnand2_nmos2,PNAND2,Mpnand2_nmos2,M,NMOS_VTG,4,"['net1', 'A', 'VSS', 'VSS']","{'source_file': 'sram_compiler/testbenches/sram_6t_core_testbench.py::Sram6TCoreTestbench.create_testbench', 'source_class': '', 'source_module_name': 'NMOS_VTG', 'role_hint': 'EXTRACTED_FROM_GENERATED_NETLIST'}"
PINV.Mpinv_pmos,PINV,Mpinv_pmos,M,PMOS_VTG,4,"['Z', 'A', 'VDD', 'VDD']","{'source_file': 'sram_compiler/testbenches/sram_6t_core_testbench.py::Sram6TCoreTestbench.create_testbench', 'source_class': '', 'source_module_name': 'PMOS_VTG', 'role_hint': 'EXTRACTED_FROM_GENERATED_NETLIST'}"
PINV.Mpinv_nmos,PINV,Mpinv_nmos,M,NMOS_VTG,4,"['Z', 'A', 'VSS', 'VSS']","{'source_file': 'sram_compiler/testbenches/sram_6t_core_testbench.py::Sram6TCoreTestbench.create_testbench', 'source_class': '', 'source_module_name': 'NMOS_VTG', 'role_hint': 'EXTRACTED_FROM_GENERATED_NETLIST'}"
wl_pdrive.Xbuf_inv1,wl_pdrive,Xbuf_inv1,X,PINV1,4,"['VDD', 'VSS', 'A', 'zb1_node']","{'source_file': 'sram_compiler/testbenches/sram_6t_core_testbench.py::Sram6TCoreTestbench.create_testbench', 'source_class': '', 'source_module_name': 'PINV1', 'role_hint': 'EXTRACTED_FROM_GENERATED_NETLIST'}"
wl_pdrive.Xbuf_inv2,wl_pdrive,Xbuf_inv2,X,PINV2,4,"['VDD', 'VSS', 'zb1_node', 'Z']","{'source_file': 'sram_compiler/testbenches/sram_6t_core_testbench.py::Sram6TCoreTestbench.create_testbench', 'source_class': '', 'source_module_name': 'PINV2', 'role_hint': 'EXTRACTED_FROM_GENERATED_NETLIST'}"
PINV1.Mpinv_pmos,PINV1,Mpinv_pmos,M,PMOS_VTG,4,"['Z', 'A', 'VDD', 'VDD']","{'source_file': 'sram_compiler/testbenches/sram_6t_core_testbench.py::Sram6TCoreTestbench.create_testbench', 'source_class': '', 'source_module_name': 'PMOS_VTG', 'role_hint': 'EXTRACTED_FROM_GENERATED_NETLIST'}"
PINV1.Mpinv_nmos,PINV1,Mpinv_nmos,M,NMOS_VTG,4,"['Z', 'A', 'VSS', 'VSS']","{'source_file': 'sram_compiler/testbenches/sram_6t_core_testbench.py::Sram6TCoreTestbench.create_testbench', 'source_class': '', 'source_module_name': 'NMOS_VTG', 'role_hint': 'EXTRACTED_FROM_GENERATED_NETLIST'}"
PINV2.Mpinv_pmos,PINV2,Mpinv_pmos,M,PMOS_VTG,4,"['Z', 'A', 'VDD', 'VDD']","{'source_file': 'sram_compiler/testbenches/sram_6t_core_testbench.py::Sram6TCoreTestbench.create_testbench', 'source_class': '', 'source_module_name': 'PMOS_VTG', 'role_hint': 'EXTRACTED_FROM_GENERATED_NETLIST'}"
PINV2.Mpinv_nmos,PINV2,Mpinv_nmos,M,NMOS_VTG,4,"['Z', 'A', 'VSS', 'VSS']","{'source_file': 'sram_compiler/testbenches/sram_6t_core_testbench.py::Sram6TCoreTestbench.create_testbench', 'source_class': '', 'source_module_name': 'NMOS_VTG', 'role_hint': 'EXTRACTED_FROM_GENERATED_NETLIST'}"
PINV_wl_en_bar.Mpinv_pmos,PINV_wl_en_bar,Mpinv_pmos,M,PMOS_VTG,4,"['Z', 'A', 'VDD', 'VDD']","{'source_file': 'sram_compiler/testbenches/sram_6t_core_testbench.py::Sram6TCoreTestbench.create_testbench', 'source_class': '', 'source_module_name': 'PMOS_VTG', 'role_hint': 'EXTRACTED_FROM_GENERATED_NETLIST'}"
PINV_wl_en_bar.Mpinv_nmos,PINV_wl_en_bar,Mpinv_nmos,M,NMOS_VTG,4,"['Z', 'A', 'VSS', 'VSS']","{'source_file': 'sram_compiler/testbenches/sram_6t_core_testbench.py::Sram6TCoreTestbench.create_testbench', 'source_class': '', 'source_module_name': 'NMOS_VTG', 'role_hint': 'EXTRACTED_FROM_GENERATED_NETLIST'}"
delay_chain.Xdinv0,delay_chain,Xdinv0,X,PINV1,4,"['VDD', 'VSS', 'in', 'dout_1']","{'source_file': 'sram_compiler/testbenches/sram_6t_core_testbench.py::Sram6TCoreTestbench.create_testbench', 'source_class': '', 'source_module_name': 'PINV1', 'role_hint': 'EXTRACTED_FROM_GENERATED_NETLIST'}"
delay_chain.Xdload_0_0,delay_chain,Xdload_0_0,X,PINV1,4,"['VDD', 'VSS', 'dout_1', 'n_0_0']","{'source_file': 'sram_compiler/testbenches/sram_6t_core_testbench.py::Sram6TCoreTestbench.create_testbench', 'source_class': '', 'source_module_name': 'PINV1', 'role_hint': 'EXTRACTED_FROM_GENERATED_NETLIST'}"
delay_chain.Xdload_0_1,delay_chain,Xdload_0_1,X,PINV1,4,"['VDD', 'VSS', 'dout_1', 'n_0_1']","{'source_file': 'sram_compiler/testbenches/sram_6t_core_testbench.py::Sram6TCoreTestbench.create_testbench', 'source_class': '', 'source_module_name': 'PINV1', 'role_hint': 'EXTRACTED_FROM_GENERATED_NETLIST'}"
delay_chain.Xdload_0_2,delay_chain,Xdload_0_2,X,PINV1,4,"['VDD', 'VSS', 'dout_1', 'n_0_2']","{'source_file': 'sram_compiler/testbenches/sram_6t_core_testbench.py::Sram6TCoreTestbench.create_testbench', 'source_class': '', 'source_module_name': 'PINV1', 'role_hint': 'EXTRACTED_FROM_GENERATED_NETLIST'}"
delay_chain.Xdload_0_3,delay_chain,Xdload_0_3,X,PINV1,4,"['VDD', 'VSS', 'dout_1', 'n_0_3']","{'source_file': 'sram_compiler/testbenches/sram_6t_core_testbench.py::Sram6TCoreTestbench.create_testbench', 'source_class': '', 'source_module_name': 'PINV1', 'role_hint': 'EXTRACTED_FROM_GENERATED_NETLIST'}"
delay_chain.Xdinv1,delay_chain,Xdinv1,X,PINV1,4,"['VDD', 'VSS', 'dout_1', 'dout_2']","{'source_file': 'sram_compiler/testbenches/sram_6t_core_testbench.py::Sram6TCoreTestbench.create_testbench', 'source_class': '', 'source_module_name': 'PINV1', 'role_hint': 'EXTRACTED_FROM_GENERATED_NETLIST'}"
delay_chain.Xdload_1_0,delay_chain,Xdload_1_0,X,PINV1,4,"['VDD', 'VSS', 'dout_2', 'n_1_0']","{'source_file': 'sram_compiler/testbenches/sram_6t_core_testbench.py::Sram6TCoreTestbench.create_testbench', 'source_class': '', 'source_module_name': 'PINV1', 'role_hint': 'EXTRACTED_FROM_GENERATED_NETLIST'}"
delay_chain.Xdload_1_1,delay_chain,Xdload_1_1,X,PINV1,4,"['VDD', 'VSS', 'dout_2', 'n_1_1']","{'source_file': 'sram_compiler/testbenches/sram_6t_core_testbench.py::Sram6TCoreTestbench.create_testbench', 'source_class': '', 'source_module_name': 'PINV1', 'role_hint': 'EXTRACTED_FROM_GENERATED_NETLIST'}"
delay_chain.Xdload_1_2,delay_chain,Xdload_1_2,X,PINV1,4,"['VDD', 'VSS', 'dout_2', 'n_1_2']","{'source_file': 'sram_compiler/testbenches/sram_6t_core_testbench.py::Sram6TCoreTestbench.create_testbench', 'source_class': '', 'source_module_name': 'PINV1', 'role_hint': 'EXTRACTED_FROM_GENERATED_NETLIST'}"
delay_chain.Xdload_1_3,delay_chain,Xdload_1_3,X,PINV1,4,"['VDD', 'VSS', 'dout_2', 'n_1_3']","{'source_file': 'sram_compiler/testbenches/sram_6t_core_testbench.py::Sram6TCoreTestbench.create_testbench', 'source_class': '', 'source_module_name': 'PINV1', 'role_hint': 'EXTRACTED_FROM_GENERATED_NETLIST'}"
delay_chain.Xdinv2,delay_chain,Xdinv2,X,PINV1,4,"['VDD', 'VSS', 'dout_2', 'dout_3']","{'source_file': 'sram_compiler/testbenches/sram_6t_core_testbench.py::Sram6TCoreTestbench.create_testbench', 'source_class': '', 'source_module_name': 'PINV1', 'role_hint': 'EXTRACTED_FROM_GENERATED_NETLIST'}"
delay_chain.Xdload_2_0,delay_chain,Xdload_2_0,X,PINV1,4,"['VDD', 'VSS', 'dout_3', 'n_2_0']","{'source_file': 'sram_compiler/testbenches/sram_6t_core_testbench.py::Sram6TCoreTestbench.create_testbench', 'source_class': '', 'source_module_name': 'PINV1', 'role_hint': 'EXTRACTED_FROM_GENERATED_NETLIST'}"
delay_chain.Xdload_2_1,delay_chain,Xdload_2_1,X,PINV1,4,"['VDD', 'VSS', 'dout_3', 'n_2_1']","{'source_file': 'sram_compiler/testbenches/sram_6t_core_testbench.py::Sram6TCoreTestbench.create_testbench', 'source_class': '', 'source_module_name': 'PINV1', 'role_hint': 'EXTRACTED_FROM_GENERATED_NETLIST'}"
delay_chain.Xdload_2_2,delay_chain,Xdload_2_2,X,PINV1,4,"['VDD', 'VSS', 'dout_3', 'n_2_2']","{'source_file': 'sram_compiler/testbenches/sram_6t_core_testbench.py::Sram6TCoreTestbench.create_testbench', 'source_class': '', 'source_module_name': 'PINV1', 'role_hint': 'EXTRACTED_FROM_GENERATED_NETLIST'}"
delay_chain.Xdload_2_3,delay_chain,Xdload_2_3,X,PINV1,4,"['VDD', 'VSS', 'dout_3', 'n_2_3']","{'source_file': 'sram_compiler/testbenches/sram_6t_core_testbench.py::Sram6TCoreTestbench.create_testbench', 'source_class': '', 'source_module_name': 'PINV1', 'role_hint': 'EXTRACTED_FROM_GENERATED_NETLIST'}"
delay_chain.Xdinv3,delay_chain,Xdinv3,X,PINV1,4,"['VDD', 'VSS', 'dout_3', 'dout_4']","{'source_file': 'sram_compiler/testbenches/sram_6t_core_testbench.py::Sram6TCoreTestbench.create_testbench', 'source_class': '', 'source_module_name': 'PINV1', 'role_hint': 'EXTRACTED_FROM_GENERATED_NETLIST'}"
delay_chain.Xdload_3_0,delay_chain,Xdload_3_0,X,PINV1,4,"['VDD', 'VSS', 'dout_4', 'n_3_0']","{'source_file': 'sram_compiler/testbenches/sram_6t_core_testbench.py::Sram6TCoreTestbench.create_testbench', 'source_class': '', 'source_module_name': 'PINV1', 'role_hint': 'EXTRACTED_FROM_GENERATED_NETLIST'}"
delay_chain.Xdload_3_1,delay_chain,Xdload_3_1,X,PINV1,4,"['VDD', 'VSS', 'dout_4', 'n_3_1']","{'source_file': 'sram_compiler/testbenches/sram_6t_core_testbench.py::Sram6TCoreTestbench.create_testbench', 'source_class': '', 'source_module_name': 'PINV1', 'role_hint': 'EXTRACTED_FROM_GENERATED_NETLIST'}"
delay_chain.Xdload_3_2,delay_chain,Xdload_3_2,X,PINV1,4,"['VDD', 'VSS', 'dout_4', 'n_3_2']","{'source_file': 'sram_compiler/testbenches/sram_6t_core_testbench.py::Sram6TCoreTestbench.create_testbench', 'source_class': '', 'source_module_name': 'PINV1', 'role_hint': 'EXTRACTED_FROM_GENERATED_NETLIST'}"
delay_chain.Xdload_3_3,delay_chain,Xdload_3_3,X,PINV1,4,"['VDD', 'VSS', 'dout_4', 'n_3_3']","{'source_file': 'sram_compiler/testbenches/sram_6t_core_testbench.py::Sram6TCoreTestbench.create_testbench', 'source_class': '', 'source_module_name': 'PINV1', 'role_hint': 'EXTRACTED_FROM_GENERATED_NETLIST'}"
delay_chain.Xdinv4,delay_chain,Xdinv4,X,PINV1,4,"['VDD', 'VSS', 'dout_4', 'dout_5']","{'source_file': 'sram_compiler/testbenches/sram_6t_core_testbench.py::Sram6TCoreTestbench.create_testbench', 'source_class': '', 'source_module_name': 'PINV1', 'role_hint': 'EXTRACTED_FROM_GENERATED_NETLIST'}"
delay_chain.Xdload_4_0,delay_chain,Xdload_4_0,X,PINV1,4,"['VDD', 'VSS', 'dout_5', 'n_4_0']","{'source_file': 'sram_compiler/testbenches/sram_6t_core_testbench.py::Sram6TCoreTestbench.create_testbench', 'source_class': '', 'source_module_name': 'PINV1', 'role_hint': 'EXTRACTED_FROM_GENERATED_NETLIST'}"
delay_chain.Xdload_4_1,delay_chain,Xdload_4_1,X,PINV1,4,"['VDD', 'VSS', 'dout_5', 'n_4_1']","{'source_file': 'sram_compiler/testbenches/sram_6t_core_testbench.py::Sram6TCoreTestbench.create_testbench', 'source_class': '', 'source_module_name': 'PINV1', 'role_hint': 'EXTRACTED_FROM_GENERATED_NETLIST'}"
delay_chain.Xdload_4_2,delay_chain,Xdload_4_2,X,PINV1,4,"['VDD', 'VSS', 'dout_5', 'n_4_2']","{'source_file': 'sram_compiler/testbenches/sram_6t_core_testbench.py::Sram6TCoreTestbench.create_testbench', 'source_class': '', 'source_module_name': 'PINV1', 'role_hint': 'EXTRACTED_FROM_GENERATED_NETLIST'}"
delay_chain.Xdload_4_3,delay_chain,Xdload_4_3,X,PINV1,4,"['VDD', 'VSS', 'dout_5', 'n_4_3']","{'source_file': 'sram_compiler/testbenches/sram_6t_core_testbench.py::Sram6TCoreTestbench.create_testbench', 'source_class': '', 'source_module_name': 'PINV1', 'role_hint': 'EXTRACTED_FROM_GENERATED_NETLIST'}"
delay_chain.Xdinv5,delay_chain,Xdinv5,X,PINV1,4,"['VDD', 'VSS', 'dout_5', 'dout_6']","{'source_file': 'sram_compiler/testbenches/sram_6t_core_testbench.py::Sram6TCoreTestbench.create_testbench', 'source_class': '', 'source_module_name': 'PINV1', 'role_hint': 'EXTRACTED_FROM_GENERATED_NETLIST'}"
delay_chain.Xdload_5_0,delay_chain,Xdload_5_0,X,PINV1,4,"['VDD', 'VSS', 'dout_6', 'n_5_0']","{'source_file': 'sram_compiler/testbenches/sram_6t_core_testbench.py::Sram6TCoreTestbench.create_testbench', 'source_class': '', 'source_module_name': 'PINV1', 'role_hint': 'EXTRACTED_FROM_GENERATED_NETLIST'}"
delay_chain.Xdload_5_1,delay_chain,Xdload_5_1,X,PINV1,4,"['VDD', 'VSS', 'dout_6', 'n_5_1']","{'source_file': 'sram_compiler/testbenches/sram_6t_core_testbench.py::Sram6TCoreTestbench.create_testbench', 'source_class': '', 'source_module_name': 'PINV1', 'role_hint': 'EXTRACTED_FROM_GENERATED_NETLIST'}"
delay_chain.Xdload_5_2,delay_chain,Xdload_5_2,X,PINV1,4,"['VDD', 'VSS', 'dout_6', 'n_5_2']","{'source_file': 'sram_compiler/testbenches/sram_6t_core_testbench.py::Sram6TCoreTestbench.create_testbench', 'source_class': '', 'source_module_name': 'PINV1', 'role_hint': 'EXTRACTED_FROM_GENERATED_NETLIST'}"
delay_chain.Xdload_5_3,delay_chain,Xdload_5_3,X,PINV1,4,"['VDD', 'VSS', 'dout_6', 'n_5_3']","{'source_file': 'sram_compiler/testbenches/sram_6t_core_testbench.py::Sram6TCoreTestbench.create_testbench', 'source_class': '', 'source_module_name': 'PINV1', 'role_hint': 'EXTRACTED_FROM_GENERATED_NETLIST'}"
delay_chain.Xdinv6,delay_chain,Xdinv6,X,PINV1,4,"['VDD', 'VSS', 'dout_6', 'dout_7']","{'source_file': 'sram_compiler/testbenches/sram_6t_core_testbench.py::Sram6TCoreTestbench.create_testbench', 'source_class': '', 'source_module_name': 'PINV1', 'role_hint': 'EXTRACTED_FROM_GENERATED_NETLIST'}"
delay_chain.Xdload_6_0,delay_chain,Xdload_6_0,X,PINV1,4,"['VDD', 'VSS', 'dout_7', 'n_6_0']","{'source_file': 'sram_compiler/testbenches/sram_6t_core_testbench.py::Sram6TCoreTestbench.create_testbench', 'source_class': '', 'source_module_name': 'PINV1', 'role_hint': 'EXTRACTED_FROM_GENERATED_NETLIST'}"
delay_chain.Xdload_6_1,delay_chain,Xdload_6_1,X,PINV1,4,"['VDD', 'VSS', 'dout_7', 'n_6_1']","{'source_file': 'sram_compiler/testbenches/sram_6t_core_testbench.py::Sram6TCoreTestbench.create_testbench', 'source_class': '', 'source_module_name': 'PINV1', 'role_hint': 'EXTRACTED_FROM_GENERATED_NETLIST'}"
delay_chain.Xdload_6_2,delay_chain,Xdload_6_2,X,PINV1,4,"['VDD', 'VSS', 'dout_7', 'n_6_2']","{'source_file': 'sram_compiler/testbenches/sram_6t_core_testbench.py::Sram6TCoreTestbench.create_testbench', 'source_class': '', 'source_module_name': 'PINV1', 'role_hint': 'EXTRACTED_FROM_GENERATED_NETLIST'}"
delay_chain.Xdload_6_3,delay_chain,Xdload_6_3,X,PINV1,4,"['VDD', 'VSS', 'dout_7', 'n_6_3']","{'source_file': 'sram_compiler/testbenches/sram_6t_core_testbench.py::Sram6TCoreTestbench.create_testbench', 'source_class': '', 'source_module_name': 'PINV1', 'role_hint': 'EXTRACTED_FROM_GENERATED_NETLIST'}"
delay_chain.Xdinv7,delay_chain,Xdinv7,X,PINV1,4,"['VDD', 'VSS', 'dout_7', 'dout_8']","{'source_file': 'sram_compiler/testbenches/sram_6t_core_testbench.py::Sram6TCoreTestbench.create_testbench', 'source_class': '', 'source_module_name': 'PINV1', 'role_hint': 'EXTRACTED_FROM_GENERATED_NETLIST'}"
delay_chain.Xdload_7_0,delay_chain,Xdload_7_0,X,PINV1,4,"['VDD', 'VSS', 'dout_8', 'n_7_0']","{'source_file': 'sram_compiler/testbenches/sram_6t_core_testbench.py::Sram6TCoreTestbench.create_testbench', 'source_class': '', 'source_module_name': 'PINV1', 'role_hint': 'EXTRACTED_FROM_GENERATED_NETLIST'}"
delay_chain.Xdload_7_1,delay_chain,Xdload_7_1,X,PINV1,4,"['VDD', 'VSS', 'dout_8', 'n_7_1']","{'source_file': 'sram_compiler/testbenches/sram_6t_core_testbench.py::Sram6TCoreTestbench.create_testbench', 'source_class': '', 'source_module_name': 'PINV1', 'role_hint': 'EXTRACTED_FROM_GENERATED_NETLIST'}"
delay_chain.Xdload_7_2,delay_chain,Xdload_7_2,X,PINV1,4,"['VDD', 'VSS', 'dout_8', 'n_7_2']","{'source_file': 'sram_compiler/testbenches/sram_6t_core_testbench.py::Sram6TCoreTestbench.create_testbench', 'source_class': '', 'source_module_name': 'PINV1', 'role_hint': 'EXTRACTED_FROM_GENERATED_NETLIST'}"
delay_chain.Xdload_7_3,delay_chain,Xdload_7_3,X,PINV1,4,"['VDD', 'VSS', 'dout_8', 'n_7_3']","{'source_file': 'sram_compiler/testbenches/sram_6t_core_testbench.py::Sram6TCoreTestbench.create_testbench', 'source_class': '', 'source_module_name': 'PINV1', 'role_hint': 'EXTRACTED_FROM_GENERATED_NETLIST'}"
delay_chain.Xdinv8,delay_chain,Xdinv8,X,PINV1,4,"['VDD', 'VSS', 'dout_8', 'out']","{'source_file': 'sram_compiler/testbenches/sram_6t_core_testbench.py::Sram6TCoreTestbench.create_testbench', 'source_class': '', 'source_module_name': 'PINV1', 'role_hint': 'EXTRACTED_FROM_GENERATED_NETLIST'}"
delay_chain.Xdload_8_0,delay_chain,Xdload_8_0,X,PINV1,4,"['VDD', 'VSS', 'out', 'n_8_0']","{'source_file': 'sram_compiler/testbenches/sram_6t_core_testbench.py::Sram6TCoreTestbench.create_testbench', 'source_class': '', 'source_module_name': 'PINV1', 'role_hint': 'EXTRACTED_FROM_GENERATED_NETLIST'}"
delay_chain.Xdload_8_1,delay_chain,Xdload_8_1,X,PINV1,4,"['VDD', 'VSS', 'out', 'n_8_1']","{'source_file': 'sram_compiler/testbenches/sram_6t_core_testbench.py::Sram6TCoreTestbench.create_testbench', 'source_class': '', 'source_module_name': 'PINV1', 'role_hint': 'EXTRACTED_FROM_GENERATED_NETLIST'}"
delay_chain.Xdload_8_2,delay_chain,Xdload_8_2,X,PINV1,4,"['VDD', 'VSS', 'out', 'n_8_2']","{'source_file': 'sram_compiler/testbenches/sram_6t_core_testbench.py::Sram6TCoreTestbench.create_testbench', 'source_class': '', 'source_module_name': 'PINV1', 'role_hint': 'EXTRACTED_FROM_GENERATED_NETLIST'}"
delay_chain.Xdload_8_3,delay_chain,Xdload_8_3,X,PINV1,4,"['VDD', 'VSS', 'out', 'n_8_3']","{'source_file': 'sram_compiler/testbenches/sram_6t_core_testbench.py::Sram6TCoreTestbench.create_testbench', 'source_class': '', 'source_module_name': 'PINV1', 'role_hint': 'EXTRACTED_FROM_GENERATED_NETLIST'}"
PINV1.Mpinv_pmos,PINV1,Mpinv_pmos,M,PMOS_VTG,4,"['Z', 'A', 'VDD', 'VDD']","{'source_file': 'sram_compiler/testbenches/sram_6t_core_testbench.py::Sram6TCoreTestbench.create_testbench', 'source_class': '', 'source_module_name': 'PMOS_VTG', 'role_hint': 'EXTRACTED_FROM_GENERATED_NETLIST'}"
PINV1.Mpinv_nmos,PINV1,Mpinv_nmos,M,NMOS_VTG,4,"['Z', 'A', 'VSS', 'VSS']","{'source_file': 'sram_compiler/testbenches/sram_6t_core_testbench.py::Sram6TCoreTestbench.create_testbench', 'source_class': '', 'source_module_name': 'NMOS_VTG', 'role_hint': 'EXTRACTED_FROM_GENERATED_NETLIST'}"
AND3.XPNAND3,AND3,XPNAND3,X,PNAND3,6,"['VDD', 'VSS', 'A', 'B', 'C', 'zb_int']","{'source_file': 'sram_compiler/subcircuits/standard_cell.py', 'source_class': 'PNAND3', 'source_module_name': 'PNAND3', 'role_hint': 'support_cell'}"
AND3.XPINV,AND3,XPINV,X,PINV,4,"['VDD', 'VSS', 'zb_int', 'Z']","{'source_file': 'sram_compiler/testbenches/sram_6t_core_testbench.py::Sram6TCoreTestbench.create_testbench', 'source_class': '', 'source_module_name': 'PINV', 'role_hint': 'EXTRACTED_FROM_GENERATED_NETLIST'}"
PNAND3.Mpnand3_pmos1,PNAND3,Mpnand3_pmos1,M,PMOS_VTG,4,"['Z', 'A', 'VDD', 'VDD']","{'source_file': 'sram_compiler/testbenches/sram_6t_core_testbench.py::Sram6TCoreTestbench.create_testbench', 'source_class': '', 'source_module_name': 'PMOS_VTG', 'role_hint': 'EXTRACTED_FROM_GENERATED_NETLIST'}"
PNAND3.Mpnand3_pmos2,PNAND3,Mpnand3_pmos2,M,PMOS_VTG,4,"['Z', 'B', 'VDD', 'VDD']","{'source_file': 'sram_compiler/testbenches/sram_6t_core_testbench.py::Sram6TCoreTestbench.create_testbench', 'source_class': '', 'source_module_name': 'PMOS_VTG', 'role_hint': 'EXTRACTED_FROM_GENERATED_NETLIST'}"
PNAND3.Mpnand3_pmos3,PNAND3,Mpnand3_pmos3,M,PMOS_VTG,4,"['Z', 'C', 'VDD', 'VDD']","{'source_file': 'sram_compiler/testbenches/sram_6t_core_testbench.py::Sram6TCoreTestbench.create_testbench', 'source_class': '', 'source_module_name': 'PMOS_VTG', 'role_hint': 'EXTRACTED_FROM_GENERATED_NETLIST'}"
PNAND3.Mpnand3_nmos1,PNAND3,Mpnand3_nmos1,M,NMOS_VTG,4,"['Z', 'A', 'net1', 'VSS']","{'source_file': 'sram_compiler/testbenches/sram_6t_core_testbench.py::Sram6TCoreTestbench.create_testbench', 'source_class': '', 'source_module_name': 'NMOS_VTG', 'role_hint': 'EXTRACTED_FROM_GENERATED_NETLIST'}"
PNAND3.Mpnand3_nmos2,PNAND3,Mpnand3_nmos2,M,NMOS_VTG,4,"['net1', 'B', 'net2', 'VSS']","{'source_file': 'sram_compiler/testbenches/sram_6t_core_testbench.py::Sram6TCoreTestbench.create_testbench', 'source_class': '', 'source_module_name': 'NMOS_VTG', 'role_hint': 'EXTRACTED_FROM_GENERATED_NETLIST'}"
PNAND3.Mpnand3_nmos3,PNAND3,Mpnand3_nmos3,M,NMOS_VTG,4,"['net2', 'C', 'VSS', 'VSS']","{'source_file': 'sram_compiler/testbenches/sram_6t_core_testbench.py::Sram6TCoreTestbench.create_testbench', 'source_class': '', 'source_module_name': 'NMOS_VTG', 'role_hint': 'EXTRACTED_FROM_GENERATED_NETLIST'}"
PINV.Mpinv_pmos,PINV,Mpinv_pmos,M,PMOS_VTG,4,"['Z', 'A', 'VDD', 'VDD']","{'source_file': 'sram_compiler/testbenches/sram_6t_core_testbench.py::Sram6TCoreTestbench.create_testbench', 'source_class': '', 'source_module_name': 'PMOS_VTG', 'role_hint': 'EXTRACTED_FROM_GENERATED_NETLIST'}"
PINV.Mpinv_nmos,PINV,Mpinv_nmos,M,NMOS_VTG,4,"['Z', 'A', 'VSS', 'VSS']","{'source_file': 'sram_compiler/testbenches/sram_6t_core_testbench.py::Sram6TCoreTestbench.create_testbench', 'source_class': '', 'source_module_name': 'NMOS_VTG', 'role_hint': 'EXTRACTED_FROM_GENERATED_NETLIST'}"
PNAND3.Mpnand3_pmos1,PNAND3,Mpnand3_pmos1,M,PMOS_VTG,4,"['Z', 'A', 'VDD', 'VDD']","{'source_file': 'sram_compiler/testbenches/sram_6t_core_testbench.py::Sram6TCoreTestbench.create_testbench', 'source_class': '', 'source_module_name': 'PMOS_VTG', 'role_hint': 'EXTRACTED_FROM_GENERATED_NETLIST'}"
PNAND3.Mpnand3_pmos2,PNAND3,Mpnand3_pmos2,M,PMOS_VTG,4,"['Z', 'B', 'VDD', 'VDD']","{'source_file': 'sram_compiler/testbenches/sram_6t_core_testbench.py::Sram6TCoreTestbench.create_testbench', 'source_class': '', 'source_module_name': 'PMOS_VTG', 'role_hint': 'EXTRACTED_FROM_GENERATED_NETLIST'}"
PNAND3.Mpnand3_pmos3,PNAND3,Mpnand3_pmos3,M,PMOS_VTG,4,"['Z', 'C', 'VDD', 'VDD']","{'source_file': 'sram_compiler/testbenches/sram_6t_core_testbench.py::Sram6TCoreTestbench.create_testbench', 'source_class': '', 'source_module_name': 'PMOS_VTG', 'role_hint': 'EXTRACTED_FROM_GENERATED_NETLIST'}"
PNAND3.Mpnand3_nmos1,PNAND3,Mpnand3_nmos1,M,NMOS_VTG,4,"['Z', 'A', 'net1', 'VSS']","{'source_file': 'sram_compiler/testbenches/sram_6t_core_testbench.py::Sram6TCoreTestbench.create_testbench', 'source_class': '', 'source_module_name': 'NMOS_VTG', 'role_hint': 'EXTRACTED_FROM_GENERATED_NETLIST'}"
PNAND3.Mpnand3_nmos2,PNAND3,Mpnand3_nmos2,M,NMOS_VTG,4,"['net1', 'B', 'net2', 'VSS']","{'source_file': 'sram_compiler/testbenches/sram_6t_core_testbench.py::Sram6TCoreTestbench.create_testbench', 'source_class': '', 'source_module_name': 'NMOS_VTG', 'role_hint': 'EXTRACTED_FROM_GENERATED_NETLIST'}"
PNAND3.Mpnand3_nmos3,PNAND3,Mpnand3_nmos3,M,NMOS_VTG,4,"['net2', 'C', 'VSS', 'VSS']","{'source_file': 'sram_compiler/testbenches/sram_6t_core_testbench.py::Sram6TCoreTestbench.create_testbench', 'source_class': '', 'source_module_name': 'NMOS_VTG', 'role_hint': 'EXTRACTED_FROM_GENERATED_NETLIST'}"
pdrive2_for_pre.Xbuf_inv1,pdrive2_for_pre,Xbuf_inv1,X,PINV1,4,"['VDD', 'VSS', 'A', 'zb1_node']","{'source_file': 'sram_compiler/testbenches/sram_6t_core_testbench.py::Sram6TCoreTestbench.create_testbench', 'source_class': '', 'source_module_name': 'PINV1', 'role_hint': 'EXTRACTED_FROM_GENERATED_NETLIST'}"
pdrive2_for_pre.Xbuf_inv2,pdrive2_for_pre,Xbuf_inv2,X,PINV2,4,"['VDD', 'VSS', 'zb1_node', 'Z']","{'source_file': 'sram_compiler/testbenches/sram_6t_core_testbench.py::Sram6TCoreTestbench.create_testbench', 'source_class': '', 'source_module_name': 'PINV2', 'role_hint': 'EXTRACTED_FROM_GENERATED_NETLIST'}"
PINV1.Mpinv_pmos,PINV1,Mpinv_pmos,M,PMOS_VTG,4,"['Z', 'A', 'VDD', 'VDD']","{'source_file': 'sram_compiler/testbenches/sram_6t_core_testbench.py::Sram6TCoreTestbench.create_testbench', 'source_class': '', 'source_module_name': 'PMOS_VTG', 'role_hint': 'EXTRACTED_FROM_GENERATED_NETLIST'}"
PINV1.Mpinv_nmos,PINV1,Mpinv_nmos,M,NMOS_VTG,4,"['Z', 'A', 'VSS', 'VSS']","{'source_file': 'sram_compiler/testbenches/sram_6t_core_testbench.py::Sram6TCoreTestbench.create_testbench', 'source_class': '', 'source_module_name': 'NMOS_VTG', 'role_hint': 'EXTRACTED_FROM_GENERATED_NETLIST'}"
PINV2.Mpinv_pmos,PINV2,Mpinv_pmos,M,PMOS_VTG,4,"['Z', 'A', 'VDD', 'VDD']","{'source_file': 'sram_compiler/testbenches/sram_6t_core_testbench.py::Sram6TCoreTestbench.create_testbench', 'source_class': '', 'source_module_name': 'PMOS_VTG', 'role_hint': 'EXTRACTED_FROM_GENERATED_NETLIST'}"
PINV2.Mpinv_nmos,PINV2,Mpinv_nmos,M,NMOS_VTG,4,"['Z', 'A', 'VSS', 'VSS']","{'source_file': 'sram_compiler/testbenches/sram_6t_core_testbench.py::Sram6TCoreTestbench.create_testbench', 'source_class': '', 'source_module_name': 'NMOS_VTG', 'role_hint': 'EXTRACTED_FROM_GENERATED_NETLIST'}"
DECODER_CASCADE.XDEC_0_0,DECODER_CASCADE,XDEC_0_0,X,DECODER3_8,14,"['VDD', 'VSS', 'VDD', 'VSS', 'VSS', 'A3', 'EN_0_0_0', 'EN_0_0_1', 'EN_0_0_2', 'EN_0_0_3', 'EN_0_0_4', 'EN_0_0_5', 'EN_0_0_6', 'EN_0_0_7']","{'source_file': 'sram_compiler/subcircuits/decoder.py', 'source_class': 'DECODER3_8', 'source_module_name': 'DECODER3_8', 'role_hint': 'decoder'}"
DECODER_CASCADE.XDEC_1_0,DECODER_CASCADE,XDEC_1_0,X,DECODER3_8,14,"['VDD', 'VSS', 'EN_0_0_0', 'A2', 'A1', 'A0', 'WL0', 'WL1', 'WL2', 'WL3', 'WL4', 'WL5', 'WL6', 'WL7']","{'source_file': 'sram_compiler/subcircuits/decoder.py', 'source_class': 'DECODER3_8', 'source_module_name': 'DECODER3_8', 'role_hint': 'decoder'}"
DECODER_CASCADE.XDEC_1_1,DECODER_CASCADE,XDEC_1_1,X,DECODER3_8,14,"['VDD', 'VSS', 'EN_0_0_1', 'A2', 'A1', 'A0', 'WL8', 'WL9', 'WL10', 'WL11', 'WL12', 'WL13', 'WL14', 'WL15']","{'source_file': 'sram_compiler/subcircuits/decoder.py', 'source_class': 'DECODER3_8', 'source_module_name': 'DECODER3_8', 'role_hint': 'decoder'}"
DECODER3_8.XINV_A1,DECODER3_8,XINV_A1,X,PINV,4,"['VDD', 'VSS', 'A0', 'A0b']","{'source_file': 'sram_compiler/testbenches/sram_6t_core_testbench.py::Sram6TCoreTestbench.create_testbench', 'source_class': '', 'source_module_name': 'PINV', 'role_hint': 'EXTRACTED_FROM_GENERATED_NETLIST'}"
DECODER3_8.XINV_A2,DECODER3_8,XINV_A2,X,PINV,4,"['VDD', 'VSS', 'A1', 'A1b']","{'source_file': 'sram_compiler/testbenches/sram_6t_core_testbench.py::Sram6TCoreTestbench.create_testbench', 'source_class': '', 'source_module_name': 'PINV', 'role_hint': 'EXTRACTED_FROM_GENERATED_NETLIST'}"
DECODER3_8.XINV_A3,DECODER3_8,XINV_A3,X,PINV,4,"['VDD', 'VSS', 'A2', 'A2b']","{'source_file': 'sram_compiler/testbenches/sram_6t_core_testbench.py::Sram6TCoreTestbench.create_testbench', 'source_class': '', 'source_module_name': 'PINV', 'role_hint': 'EXTRACTED_FROM_GENERATED_NETLIST'}"
DECODER3_8.XAND0,DECODER3_8,XAND0,X,AND3,6,"['VDD', 'VSS', 'A0b', 'A1b', 'A2b', 'WL0_pre']","{'source_file': 'sram_compiler/subcircuits/standard_cell.py', 'source_class': 'AND3', 'source_module_name': 'AND3', 'role_hint': 'support_cell'}"
DECODER3_8.XAND_EN0,DECODER3_8,XAND_EN0,X,AND2,5,"['VDD', 'VSS', 'WL0_pre', 'EN', 'WL0']","{'source_file': 'sram_compiler/subcircuits/standard_cell.py', 'source_class': 'AND2', 'source_module_name': 'AND2', 'role_hint': 'support_cell'}"
DECODER3_8.XAND1,DECODER3_8,XAND1,X,AND3,6,"['VDD', 'VSS', 'A0b', 'A1b', 'A2', 'WL1_pre']","{'source_file': 'sram_compiler/subcircuits/standard_cell.py', 'source_class': 'AND3', 'source_module_name': 'AND3', 'role_hint': 'support_cell'}"
DECODER3_8.XAND_EN1,DECODER3_8,XAND_EN1,X,AND2,5,"['VDD', 'VSS', 'WL1_pre', 'EN', 'WL1']","{'source_file': 'sram_compiler/subcircuits/standard_cell.py', 'source_class': 'AND2', 'source_module_name': 'AND2', 'role_hint': 'support_cell'}"
DECODER3_8.XAND2,DECODER3_8,XAND2,X,AND3,6,"['VDD', 'VSS', 'A0b', 'A1', 'A2b', 'WL2_pre']","{'source_file': 'sram_compiler/subcircuits/standard_cell.py', 'source_class': 'AND3', 'source_module_name': 'AND3', 'role_hint': 'support_cell'}"
DECODER3_8.XAND_EN2,DECODER3_8,XAND_EN2,X,AND2,5,"['VDD', 'VSS', 'WL2_pre', 'EN', 'WL2']","{'source_file': 'sram_compiler/subcircuits/standard_cell.py', 'source_class': 'AND2', 'source_module_name': 'AND2', 'role_hint': 'support_cell'}"
DECODER3_8.XAND3,DECODER3_8,XAND3,X,AND3,6,"['VDD', 'VSS', 'A0b', 'A1', 'A2', 'WL3_pre']","{'source_file': 'sram_compiler/subcircuits/standard_cell.py', 'source_class': 'AND3', 'source_module_name': 'AND3', 'role_hint': 'support_cell'}"
DECODER3_8.XAND_EN3,DECODER3_8,XAND_EN3,X,AND2,5,"['VDD', 'VSS', 'WL3_pre', 'EN', 'WL3']","{'source_file': 'sram_compiler/subcircuits/standard_cell.py', 'source_class': 'AND2', 'source_module_name': 'AND2', 'role_hint': 'support_cell'}"
DECODER3_8.XAND4,DECODER3_8,XAND4,X,AND3,6,"['VDD', 'VSS', 'A0', 'A1b', 'A2b', 'WL4_pre']","{'source_file': 'sram_compiler/subcircuits/standard_cell.py', 'source_class': 'AND3', 'source_module_name': 'AND3', 'role_hint': 'support_cell'}"
DECODER3_8.XAND_EN4,DECODER3_8,XAND_EN4,X,AND2,5,"['VDD', 'VSS', 'WL4_pre', 'EN', 'WL4']","{'source_file': 'sram_compiler/subcircuits/standard_cell.py', 'source_class': 'AND2', 'source_module_name': 'AND2', 'role_hint': 'support_cell'}"
DECODER3_8.XAND5,DECODER3_8,XAND5,X,AND3,6,"['VDD', 'VSS', 'A0', 'A1b', 'A2', 'WL5_pre']","{'source_file': 'sram_compiler/subcircuits/standard_cell.py', 'source_class': 'AND3', 'source_module_name': 'AND3', 'role_hint': 'support_cell'}"
DECODER3_8.XAND_EN5,DECODER3_8,XAND_EN5,X,AND2,5,"['VDD', 'VSS', 'WL5_pre', 'EN', 'WL5']","{'source_file': 'sram_compiler/subcircuits/standard_cell.py', 'source_class': 'AND2', 'source_module_name': 'AND2', 'role_hint': 'support_cell'}"
DECODER3_8.XAND6,DECODER3_8,XAND6,X,AND3,6,"['VDD', 'VSS', 'A0', 'A1', 'A2b', 'WL6_pre']","{'source_file': 'sram_compiler/subcircuits/standard_cell.py', 'source_class': 'AND3', 'source_module_name': 'AND3', 'role_hint': 'support_cell'}"
DECODER3_8.XAND_EN6,DECODER3_8,XAND_EN6,X,AND2,5,"['VDD', 'VSS', 'WL6_pre', 'EN', 'WL6']","{'source_file': 'sram_compiler/subcircuits/standard_cell.py', 'source_class': 'AND2', 'source_module_name': 'AND2', 'role_hint': 'support_cell'}"
DECODER3_8.XAND7,DECODER3_8,XAND7,X,AND3,6,"['VDD', 'VSS', 'A0', 'A1', 'A2', 'WL7_pre']","{'source_file': 'sram_compiler/subcircuits/standard_cell.py', 'source_class': 'AND3', 'source_module_name': 'AND3', 'role_hint': 'support_cell'}"
DECODER3_8.XAND_EN7,DECODER3_8,XAND_EN7,X,AND2,5,"['VDD', 'VSS', 'WL7_pre', 'EN', 'WL7']","{'source_file': 'sram_compiler/subcircuits/standard_cell.py', 'source_class': 'AND2', 'source_module_name': 'AND2', 'role_hint': 'support_cell'}"
PINV.Mpinv_pmos,PINV,Mpinv_pmos,M,PMOS_VTG,4,"['Z', 'A', 'VDD', 'VDD']","{'source_file': 'sram_compiler/testbenches/sram_6t_core_testbench.py::Sram6TCoreTestbench.create_testbench', 'source_class': '', 'source_module_name': 'PMOS_VTG', 'role_hint': 'EXTRACTED_FROM_GENERATED_NETLIST'}"
PINV.Mpinv_nmos,PINV,Mpinv_nmos,M,NMOS_VTG,4,"['Z', 'A', 'VSS', 'VSS']","{'source_file': 'sram_compiler/testbenches/sram_6t_core_testbench.py::Sram6TCoreTestbench.create_testbench', 'source_class': '', 'source_module_name': 'NMOS_VTG', 'role_hint': 'EXTRACTED_FROM_GENERATED_NETLIST'}"
AND3.XPNAND3,AND3,XPNAND3,X,PNAND3,6,"['VDD', 'VSS', 'A', 'B', 'C', 'zb_int']","{'source_file': 'sram_compiler/subcircuits/standard_cell.py', 'source_class': 'PNAND3', 'source_module_name': 'PNAND3', 'role_hint': 'support_cell'}"
AND3.XPINV,AND3,XPINV,X,PINV,4,"['VDD', 'VSS', 'zb_int', 'Z']","{'source_file': 'sram_compiler/testbenches/sram_6t_core_testbench.py::Sram6TCoreTestbench.create_testbench', 'source_class': '', 'source_module_name': 'PINV', 'role_hint': 'EXTRACTED_FROM_GENERATED_NETLIST'}"
PNAND3.Mpnand3_pmos1,PNAND3,Mpnand3_pmos1,M,PMOS_VTG,4,"['Z', 'A', 'VDD', 'VDD']","{'source_file': 'sram_compiler/testbenches/sram_6t_core_testbench.py::Sram6TCoreTestbench.create_testbench', 'source_class': '', 'source_module_name': 'PMOS_VTG', 'role_hint': 'EXTRACTED_FROM_GENERATED_NETLIST'}"
PNAND3.Mpnand3_pmos2,PNAND3,Mpnand3_pmos2,M,PMOS_VTG,4,"['Z', 'B', 'VDD', 'VDD']","{'source_file': 'sram_compiler/testbenches/sram_6t_core_testbench.py::Sram6TCoreTestbench.create_testbench', 'source_class': '', 'source_module_name': 'PMOS_VTG', 'role_hint': 'EXTRACTED_FROM_GENERATED_NETLIST'}"
PNAND3.Mpnand3_pmos3,PNAND3,Mpnand3_pmos3,M,PMOS_VTG,4,"['Z', 'C', 'VDD', 'VDD']","{'source_file': 'sram_compiler/testbenches/sram_6t_core_testbench.py::Sram6TCoreTestbench.create_testbench', 'source_class': '', 'source_module_name': 'PMOS_VTG', 'role_hint': 'EXTRACTED_FROM_GENERATED_NETLIST'}"
PNAND3.Mpnand3_nmos1,PNAND3,Mpnand3_nmos1,M,NMOS_VTG,4,"['Z', 'A', 'net1', 'VSS']","{'source_file': 'sram_compiler/testbenches/sram_6t_core_testbench.py::Sram6TCoreTestbench.create_testbench', 'source_class': '', 'source_module_name': 'NMOS_VTG', 'role_hint': 'EXTRACTED_FROM_GENERATED_NETLIST'}"
PNAND3.Mpnand3_nmos2,PNAND3,Mpnand3_nmos2,M,NMOS_VTG,4,"['net1', 'B', 'net2', 'VSS']","{'source_file': 'sram_compiler/testbenches/sram_6t_core_testbench.py::Sram6TCoreTestbench.create_testbench', 'source_class': '', 'source_module_name': 'NMOS_VTG', 'role_hint': 'EXTRACTED_FROM_GENERATED_NETLIST'}"
PNAND3.Mpnand3_nmos3,PNAND3,Mpnand3_nmos3,M,NMOS_VTG,4,"['net2', 'C', 'VSS', 'VSS']","{'source_file': 'sram_compiler/testbenches/sram_6t_core_testbench.py::Sram6TCoreTestbench.create_testbench', 'source_class': '', 'source_module_name': 'NMOS_VTG', 'role_hint': 'EXTRACTED_FROM_GENERATED_NETLIST'}"
PINV.Mpinv_pmos,PINV,Mpinv_pmos,M,PMOS_VTG,4,"['Z', 'A', 'VDD', 'VDD']","{'source_file': 'sram_compiler/testbenches/sram_6t_core_testbench.py::Sram6TCoreTestbench.create_testbench', 'source_class': '', 'source_module_name': 'PMOS_VTG', 'role_hint': 'EXTRACTED_FROM_GENERATED_NETLIST'}"
PINV.Mpinv_nmos,PINV,Mpinv_nmos,M,NMOS_VTG,4,"['Z', 'A', 'VSS', 'VSS']","{'source_file': 'sram_compiler/testbenches/sram_6t_core_testbench.py::Sram6TCoreTestbench.create_testbench', 'source_class': '', 'source_module_name': 'NMOS_VTG', 'role_hint': 'EXTRACTED_FROM_GENERATED_NETLIST'}"
AND2.XPNAND3,AND2,XPNAND3,X,PNAND2,5,"['VDD', 'VSS', 'A', 'B', 'zb_int']","{'source_file': 'sram_compiler/subcircuits/standard_cell.py', 'source_class': 'PNAND2', 'source_module_name': 'PNAND2', 'role_hint': 'support_cell'}"
AND2.XPINV,AND2,XPINV,X,PINV,4,"['VDD', 'VSS', 'zb_int', 'Z']","{'source_file': 'sram_compiler/testbenches/sram_6t_core_testbench.py::Sram6TCoreTestbench.create_testbench', 'source_class': '', 'source_module_name': 'PINV', 'role_hint': 'EXTRACTED_FROM_GENERATED_NETLIST'}"
PNAND2.Mpnand2_pmos1,PNAND2,Mpnand2_pmos1,M,PMOS_VTG,4,"['Z', 'A', 'VDD', 'VDD']","{'source_file': 'sram_compiler/testbenches/sram_6t_core_testbench.py::Sram6TCoreTestbench.create_testbench', 'source_class': '', 'source_module_name': 'PMOS_VTG', 'role_hint': 'EXTRACTED_FROM_GENERATED_NETLIST'}"
PNAND2.Mpnand2_pmos2,PNAND2,Mpnand2_pmos2,M,PMOS_VTG,4,"['Z', 'B', 'VDD', 'VDD']","{'source_file': 'sram_compiler/testbenches/sram_6t_core_testbench.py::Sram6TCoreTestbench.create_testbench', 'source_class': '', 'source_module_name': 'PMOS_VTG', 'role_hint': 'EXTRACTED_FROM_GENERATED_NETLIST'}"
PNAND2.Mpnand2_nmos1,PNAND2,Mpnand2_nmos1,M,NMOS_VTG,4,"['Z', 'B', 'net1', 'VSS']","{'source_file': 'sram_compiler/testbenches/sram_6t_core_testbench.py::Sram6TCoreTestbench.create_testbench', 'source_class': '', 'source_module_name': 'NMOS_VTG', 'role_hint': 'EXTRACTED_FROM_GENERATED_NETLIST'}"
PNAND2.Mpnand2_nmos2,PNAND2,Mpnand2_nmos2,M,NMOS_VTG,4,"['net1', 'A', 'VSS', 'VSS']","{'source_file': 'sram_compiler/testbenches/sram_6t_core_testbench.py::Sram6TCoreTestbench.create_testbench', 'source_class': '', 'source_module_name': 'NMOS_VTG', 'role_hint': 'EXTRACTED_FROM_GENERATED_NETLIST'}"
PINV.Mpinv_pmos,PINV,Mpinv_pmos,M,PMOS_VTG,4,"['Z', 'A', 'VDD', 'VDD']","{'source_file': 'sram_compiler/testbenches/sram_6t_core_testbench.py::Sram6TCoreTestbench.create_testbench', 'source_class': '', 'source_module_name': 'PMOS_VTG', 'role_hint': 'EXTRACTED_FROM_GENERATED_NETLIST'}"
PINV.Mpinv_nmos,PINV,Mpinv_nmos,M,NMOS_VTG,4,"['Z', 'A', 'VSS', 'VSS']","{'source_file': 'sram_compiler/testbenches/sram_6t_core_testbench.py::Sram6TCoreTestbench.create_testbench', 'source_class': '', 'source_module_name': 'NMOS_VTG', 'role_hint': 'EXTRACTED_FROM_GENERATED_NETLIST'}"
WORDLINEDRIVER.XPNAND2,WORDLINEDRIVER,XPNAND2,X,PNAND2,5,"['VDD', 'VSS', 'A', 'B', 'zb_int']","{'source_file': 'sram_compiler/subcircuits/standard_cell.py', 'source_class': 'PNAND2', 'source_module_name': 'PNAND2', 'role_hint': 'support_cell'}"
WORDLINEDRIVER.XPINV,WORDLINEDRIVER,XPINV,X,PINV,4,"['VDD', 'VSS', 'zb_int', 'Z']","{'source_file': 'sram_compiler/testbenches/sram_6t_core_testbench.py::Sram6TCoreTestbench.create_testbench', 'source_class': '', 'source_module_name': 'PINV', 'role_hint': 'EXTRACTED_FROM_GENERATED_NETLIST'}"
PNAND2.Mpnand2_pmos1,PNAND2,Mpnand2_pmos1,M,PMOS_VTG,4,"['Z', 'A', 'VDD', 'VDD']","{'source_file': 'sram_compiler/testbenches/sram_6t_core_testbench.py::Sram6TCoreTestbench.create_testbench', 'source_class': '', 'source_module_name': 'PMOS_VTG', 'role_hint': 'EXTRACTED_FROM_GENERATED_NETLIST'}"
PNAND2.Mpnand2_pmos2,PNAND2,Mpnand2_pmos2,M,PMOS_VTG,4,"['Z', 'B', 'VDD', 'VDD']","{'source_file': 'sram_compiler/testbenches/sram_6t_core_testbench.py::Sram6TCoreTestbench.create_testbench', 'source_class': '', 'source_module_name': 'PMOS_VTG', 'role_hint': 'EXTRACTED_FROM_GENERATED_NETLIST'}"
PNAND2.Mpnand2_nmos1,PNAND2,Mpnand2_nmos1,M,NMOS_VTG,4,"['Z', 'B', 'net1', 'VSS']","{'source_file': 'sram_compiler/testbenches/sram_6t_core_testbench.py::Sram6TCoreTestbench.create_testbench', 'source_class': '', 'source_module_name': 'NMOS_VTG', 'role_hint': 'EXTRACTED_FROM_GENERATED_NETLIST'}"
PNAND2.Mpnand2_nmos2,PNAND2,Mpnand2_nmos2,M,NMOS_VTG,4,"['net1', 'A', 'VSS', 'VSS']","{'source_file': 'sram_compiler/testbenches/sram_6t_core_testbench.py::Sram6TCoreTestbench.create_testbench', 'source_class': '', 'source_module_name': 'NMOS_VTG', 'role_hint': 'EXTRACTED_FROM_GENERATED_NETLIST'}"
PINV.Mpinv_pmos,PINV,Mpinv_pmos,M,PMOS_VTG,4,"['Z', 'A', 'VDD', 'VDD']","{'source_file': 'sram_compiler/testbenches/sram_6t_core_testbench.py::Sram6TCoreTestbench.create_testbench', 'source_class': '', 'source_module_name': 'PMOS_VTG', 'role_hint': 'EXTRACTED_FROM_GENERATED_NETLIST'}"
PINV.Mpinv_nmos,PINV,Mpinv_nmos,M,NMOS_VTG,4,"['Z', 'A', 'VSS', 'VSS']","{'source_file': 'sram_compiler/testbenches/sram_6t_core_testbench.py::Sram6TCoreTestbench.create_testbench', 'source_class': '', 'source_module_name': 'NMOS_VTG', 'role_hint': 'EXTRACTED_FROM_GENERATED_NETLIST'}"
D_LATCH.XINV1,D_LATCH,XINV1,X,PINV,4,"['VDD', 'VSS', 'D', 'DB']","{'source_file': 'sram_compiler/testbenches/sram_6t_core_testbench.py::Sram6TCoreTestbench.create_testbench', 'source_class': '', 'source_module_name': 'PINV', 'role_hint': 'EXTRACTED_FROM_GENERATED_NETLIST'}"
D_LATCH.XNAND1,D_LATCH,XNAND1,X,PNAND2,5,"['VDD', 'VSS', 'D', 'EN', 'INT1']","{'source_file': 'sram_compiler/subcircuits/standard_cell.py', 'source_class': 'PNAND2', 'source_module_name': 'PNAND2', 'role_hint': 'support_cell'}"
D_LATCH.XNAND2,D_LATCH,XNAND2,X,PNAND2,5,"['VDD', 'VSS', 'DB', 'EN', 'INT2']","{'source_file': 'sram_compiler/subcircuits/standard_cell.py', 'source_class': 'PNAND2', 'source_module_name': 'PNAND2', 'role_hint': 'support_cell'}"
D_LATCH.XNAND3,D_LATCH,XNAND3,X,PNAND2,5,"['VDD', 'VSS', 'INT1', 'QB', 'Q']","{'source_file': 'sram_compiler/subcircuits/standard_cell.py', 'source_class': 'PNAND2', 'source_module_name': 'PNAND2', 'role_hint': 'support_cell'}"
D_LATCH.XNAND4,D_LATCH,XNAND4,X,PNAND2,5,"['VDD', 'VSS', 'INT2', 'Q', 'QB']","{'source_file': 'sram_compiler/subcircuits/standard_cell.py', 'source_class': 'PNAND2', 'source_module_name': 'PNAND2', 'role_hint': 'support_cell'}"
PNAND2.Mpnand2_pmos1,PNAND2,Mpnand2_pmos1,M,PMOS_VTG,4,"['Z', 'A', 'VDD', 'VDD']","{'source_file': 'sram_compiler/testbenches/sram_6t_core_testbench.py::Sram6TCoreTestbench.create_testbench', 'source_class': '', 'source_module_name': 'PMOS_VTG', 'role_hint': 'EXTRACTED_FROM_GENERATED_NETLIST'}"
PNAND2.Mpnand2_pmos2,PNAND2,Mpnand2_pmos2,M,PMOS_VTG,4,"['Z', 'B', 'VDD', 'VDD']","{'source_file': 'sram_compiler/testbenches/sram_6t_core_testbench.py::Sram6TCoreTestbench.create_testbench', 'source_class': '', 'source_module_name': 'PMOS_VTG', 'role_hint': 'EXTRACTED_FROM_GENERATED_NETLIST'}"
PNAND2.Mpnand2_nmos1,PNAND2,Mpnand2_nmos1,M,NMOS_VTG,4,"['Z', 'B', 'net1', 'VSS']","{'source_file': 'sram_compiler/testbenches/sram_6t_core_testbench.py::Sram6TCoreTestbench.create_testbench', 'source_class': '', 'source_module_name': 'NMOS_VTG', 'role_hint': 'EXTRACTED_FROM_GENERATED_NETLIST'}"
PNAND2.Mpnand2_nmos2,PNAND2,Mpnand2_nmos2,M,NMOS_VTG,4,"['net1', 'A', 'VSS', 'VSS']","{'source_file': 'sram_compiler/testbenches/sram_6t_core_testbench.py::Sram6TCoreTestbench.create_testbench', 'source_class': '', 'source_module_name': 'NMOS_VTG', 'role_hint': 'EXTRACTED_FROM_GENERATED_NETLIST'}"
PINV.Mpinv_pmos,PINV,Mpinv_pmos,M,PMOS_VTG,4,"['Z', 'A', 'VDD', 'VDD']","{'source_file': 'sram_compiler/testbenches/sram_6t_core_testbench.py::Sram6TCoreTestbench.create_testbench', 'source_class': '', 'source_module_name': 'PMOS_VTG', 'role_hint': 'EXTRACTED_FROM_GENERATED_NETLIST'}"
PINV.Mpinv_nmos,PINV,Mpinv_nmos,M,NMOS_VTG,4,"['Z', 'A', 'VSS', 'VSS']","{'source_file': 'sram_compiler/testbenches/sram_6t_core_testbench.py::Sram6TCoreTestbench.create_testbench', 'source_class': '', 'source_module_name': 'NMOS_VTG', 'role_hint': 'EXTRACTED_FROM_GENERATED_NETLIST'}"
PRECHARGE.M1,PRECHARGE,M1,M,PMOS_VTG,4,"['BL', 'ENB', 'VDD', 'VDD']","{'source_file': 'sram_compiler/testbenches/sram_6t_core_testbench.py::Sram6TCoreTestbench.create_testbench', 'source_class': '', 'source_module_name': 'PMOS_VTG', 'role_hint': 'EXTRACTED_FROM_GENERATED_NETLIST'}"
PRECHARGE.M2,PRECHARGE,M2,M,PMOS_VTG,4,"['BLB', 'ENB', 'VDD', 'VDD']","{'source_file': 'sram_compiler/testbenches/sram_6t_core_testbench.py::Sram6TCoreTestbench.create_testbench', 'source_class': '', 'source_module_name': 'PMOS_VTG', 'role_hint': 'EXTRACTED_FROM_GENERATED_NETLIST'}"
PRECHARGE.M3,PRECHARGE,M3,M,PMOS_VTG,4,"['BL', 'ENB', 'BLB', 'VDD']","{'source_file': 'sram_compiler/testbenches/sram_6t_core_testbench.py::Sram6TCoreTestbench.create_testbench', 'source_class': '', 'source_module_name': 'PMOS_VTG', 'role_hint': 'EXTRACTED_FROM_GENERATED_NETLIST'}"
SENSEAMP.M1,SENSEAMP,M1,M,NMOS_VTG,4,"['Q', 'QB', 'net1', 'VSS']","{'source_file': 'sram_compiler/testbenches/sram_6t_core_testbench.py::Sram6TCoreTestbench.create_testbench', 'source_class': '', 'source_module_name': 'NMOS_VTG', 'role_hint': 'EXTRACTED_FROM_GENERATED_NETLIST'}"
SENSEAMP.M2,SENSEAMP,M2,M,PMOS_VTG,4,"['Q', 'QB', 'VDD', 'VDD']","{'source_file': 'sram_compiler/testbenches/sram_6t_core_testbench.py::Sram6TCoreTestbench.create_testbench', 'source_class': '', 'source_module_name': 'PMOS_VTG', 'role_hint': 'EXTRACTED_FROM_GENERATED_NETLIST'}"
SENSEAMP.M3,SENSEAMP,M3,M,NMOS_VTG,4,"['QB', 'Q', 'net1', 'VSS']","{'source_file': 'sram_compiler/testbenches/sram_6t_core_testbench.py::Sram6TCoreTestbench.create_testbench', 'source_class': '', 'source_module_name': 'NMOS_VTG', 'role_hint': 'EXTRACTED_FROM_GENERATED_NETLIST'}"
SENSEAMP.M4,SENSEAMP,M4,M,PMOS_VTG,4,"['QB', 'Q', 'VDD', 'VDD']","{'source_file': 'sram_compiler/testbenches/sram_6t_core_testbench.py::Sram6TCoreTestbench.create_testbench', 'source_class': '', 'source_module_name': 'PMOS_VTG', 'role_hint': 'EXTRACTED_FROM_GENERATED_NETLIST'}"
SENSEAMP.M5,SENSEAMP,M5,M,PMOS_VTG,4,"['Q', 'EN', 'IN', 'VDD']","{'source_file': 'sram_compiler/testbenches/sram_6t_core_testbench.py::Sram6TCoreTestbench.create_testbench', 'source_class': '', 'source_module_name': 'PMOS_VTG', 'role_hint': 'EXTRACTED_FROM_GENERATED_NETLIST'}"
SENSEAMP.M6,SENSEAMP,M6,M,PMOS_VTG,4,"['QB', 'EN', 'INB', 'VDD']","{'source_file': 'sram_compiler/testbenches/sram_6t_core_testbench.py::Sram6TCoreTestbench.create_testbench', 'source_class': '', 'source_module_name': 'PMOS_VTG', 'role_hint': 'EXTRACTED_FROM_GENERATED_NETLIST'}"
SENSEAMP.M7,SENSEAMP,M7,M,NMOS_VTG,4,"['net1', 'EN', 'VSS', 'VSS']","{'source_file': 'sram_compiler/testbenches/sram_6t_core_testbench.py::Sram6TCoreTestbench.create_testbench', 'source_class': '', 'source_module_name': 'NMOS_VTG', 'role_hint': 'EXTRACTED_FROM_GENERATED_NETLIST'}"
WRITEDRIVER.M1,WRITEDRIVER,M1,M,PMOS_VTG,4,"['DINB', 'DIN', 'VDD', 'VDD']","{'source_file': 'sram_compiler/testbenches/sram_6t_core_testbench.py::Sram6TCoreTestbench.create_testbench', 'source_class': '', 'source_module_name': 'PMOS_VTG', 'role_hint': 'EXTRACTED_FROM_GENERATED_NETLIST'}"
WRITEDRIVER.M2,WRITEDRIVER,M2,M,NMOS_VTG,4,"['DINB', 'DIN', 'VSS', 'VSS']","{'source_file': 'sram_compiler/testbenches/sram_6t_core_testbench.py::Sram6TCoreTestbench.create_testbench', 'source_class': '', 'source_module_name': 'NMOS_VTG', 'role_hint': 'EXTRACTED_FROM_GENERATED_NETLIST'}"
WRITEDRIVER.M3,WRITEDRIVER,M3,M,PMOS_VTG,4,"['ENB', 'EN', 'VDD', 'VDD']","{'source_file': 'sram_compiler/testbenches/sram_6t_core_testbench.py::Sram6TCoreTestbench.create_testbench', 'source_class': '', 'source_module_name': 'PMOS_VTG', 'role_hint': 'EXTRACTED_FROM_GENERATED_NETLIST'}"
WRITEDRIVER.M4,WRITEDRIVER,M4,M,NMOS_VTG,4,"['ENB', 'EN', 'VSS', 'VSS']","{'source_file': 'sram_compiler/testbenches/sram_6t_core_testbench.py::Sram6TCoreTestbench.create_testbench', 'source_class': '', 'source_module_name': 'NMOS_VTG', 'role_hint': 'EXTRACTED_FROM_GENERATED_NETLIST'}"
WRITEDRIVER.M5,WRITEDRIVER,M5,M,PMOS_VTG,4,"['int1', 'DINB', 'VDD', 'VDD']","{'source_file': 'sram_compiler/testbenches/sram_6t_core_testbench.py::Sram6TCoreTestbench.create_testbench', 'source_class': '', 'source_module_name': 'PMOS_VTG', 'role_hint': 'EXTRACTED_FROM_GENERATED_NETLIST'}"
WRITEDRIVER.M6,WRITEDRIVER,M6,M,PMOS_VTG,4,"['BL', 'ENB', 'int1', 'VDD']","{'source_file': 'sram_compiler/testbenches/sram_6t_core_testbench.py::Sram6TCoreTestbench.create_testbench', 'source_class': '', 'source_module_name': 'PMOS_VTG', 'role_hint': 'EXTRACTED_FROM_GENERATED_NETLIST'}"
WRITEDRIVER.M7,WRITEDRIVER,M7,M,NMOS_VTG,4,"['BL', 'EN', 'int2', 'VSS']","{'source_file': 'sram_compiler/testbenches/sram_6t_core_testbench.py::Sram6TCoreTestbench.create_testbench', 'source_class': '', 'source_module_name': 'NMOS_VTG', 'role_hint': 'EXTRACTED_FROM_GENERATED_NETLIST'}"
WRITEDRIVER.M8,WRITEDRIVER,M8,M,NMOS_VTG,4,"['int2', 'DINB', 'VSS', 'VSS']","{'source_file': 'sram_compiler/testbenches/sram_6t_core_testbench.py::Sram6TCoreTestbench.create_testbench', 'source_class': '', 'source_module_name': 'NMOS_VTG', 'role_hint': 'EXTRACTED_FROM_GENERATED_NETLIST'}"
WRITEDRIVER.M9,WRITEDRIVER,M9,M,PMOS_VTG,4,"['int3', 'DIN', 'VDD', 'VDD']","{'source_file': 'sram_compiler/testbenches/sram_6t_core_testbench.py::Sram6TCoreTestbench.create_testbench', 'source_class': '', 'source_module_name': 'PMOS_VTG', 'role_hint': 'EXTRACTED_FROM_GENERATED_NETLIST'}"
WRITEDRIVER.M10,WRITEDRIVER,M10,M,PMOS_VTG,4,"['BLB', 'ENB', 'int3', 'VDD']","{'source_file': 'sram_compiler/testbenches/sram_6t_core_testbench.py::Sram6TCoreTestbench.create_testbench', 'source_class': '', 'source_module_name': 'PMOS_VTG', 'role_hint': 'EXTRACTED_FROM_GENERATED_NETLIST'}"
WRITEDRIVER.M11,WRITEDRIVER,M11,M,NMOS_VTG,4,"['BLB', 'EN', 'int4', 'VSS']","{'source_file': 'sram_compiler/testbenches/sram_6t_core_testbench.py::Sram6TCoreTestbench.create_testbench', 'source_class': '', 'source_module_name': 'NMOS_VTG', 'role_hint': 'EXTRACTED_FROM_GENERATED_NETLIST'}"
WRITEDRIVER.M12,WRITEDRIVER,M12,M,NMOS_VTG,4,"['int4', 'DIN', 'VSS', 'VSS']","{'source_file': 'sram_compiler/testbenches/sram_6t_core_testbench.py::Sram6TCoreTestbench.create_testbench', 'source_class': '', 'source_module_name': 'NMOS_VTG', 'role_hint': 'EXTRACTED_FROM_GENERATED_NETLIST'}"
OPENYIELD_SRAM_TOP_V1.XSRAM_6T_CORE_16x16,OPENYIELD_SRAM_TOP_V1,XSRAM_6T_CORE_16x16,X,SRAM_6T_CORE_16x16,50,"['VDD', 'VSS', 'BL0', 'BL1', 'BL2', 'BL3', 'BL4', 'BL5', 'BL6', 'BL7', 'BL8', 'BL9', 'BL10', 'BL11', 'BL12', 'BL13', 'BL14', 'BL15', 'BLB0', 'BLB1', 'BLB2', 'BLB3', 'BLB4', 'BLB5', 'BLB6', 'BLB7', 'BLB8', 'BLB9', 'BLB10', 'BLB11', 'BLB12', 'BLB13', 'BLB14', 'BLB15', 'WL0', 'WL1', 'WL2', 'WL3', 'WL4', 'WL5', 'WL6', 'WL7', 'WL8', 'WL9', 'WL10', 'WL11', 'WL12', 'WL13', 'WL14', 'WL15']","{'source_file': 'sram_compiler/testbenches/sram_6t_core_testbench.py::Sram6TCoreTestbench.create_testbench', 'source_class': '', 'source_module_name': 'SRAM_6T_CORE_16x16', 'role_hint': 'EXTRACTED_FROM_GENERATED_NETLIST'}"
OPENYIELD_SRAM_TOP_V1.Xsram_17x1_replica_column,OPENYIELD_SRAM_TOP_V1,Xsram_17x1_replica_column,X,sram_17x1_replica_column,21,"['VDD', 'VSS', 'RBL', 'RBLB', 'RWL', 'WL0', 'WL1', 'WL2', 'WL3', 'WL4', 'WL5', 'WL6', 'WL7', 'WL8', 'WL9', 'WL10', 'WL11', 'WL12', 'WL13', 'WL14', 'WL15']","{'source_file': 'sram_compiler/testbenches/sram_6t_core_testbench.py::Sram6TCoreTestbench.create_testbench', 'source_class': '', 'source_module_name': 'sram_17x1_replica_column', 'role_hint': 'EXTRACTED_FROM_GENERATED_NETLIST'}"
OPENYIELD_SRAM_TOP_V1.XRWL,OPENYIELD_SRAM_TOP_V1,XRWL,X,AND2,5,"['VDD', 'VSS', 'wl_en', 'VDD', 'RWL']","{'source_file': 'sram_compiler/subcircuits/standard_cell.py', 'source_class': 'AND2', 'source_module_name': 'AND2', 'role_hint': 'support_cell'}"
OPENYIELD_SRAM_TOP_V1.XTIME,OPENYIELD_SRAM_TOP_V1,XTIME,X,TIME,60,"['VDD', 'VSS', 'clk', 'csb', 'web', 'clk_buf', 'clk_bar', 'cs_bar', 'cs', 'we_bar', 'we', 'gated_clk_bar', 'gated_clk_buf', 'wl_en', 'A0', 'A1', 'A2', 'A3', 'A_dff0', 'A_dff1', 'A_dff2', 'A_dff3', 'DIN0', 'DIN1', 'DIN2', 'DIN3', 'DIN4', 'DIN5', 'DIN6', 'DIN7', 'DIN8', 'DIN9', 'DIN10', 'DIN11', 'DIN12', 'DIN13', 'DIN14', 'DIN15', 'DIN_dff0', 'DIN_dff1', 'DIN_dff2', 'DIN_dff3', 'DIN_dff4', 'DIN_dff5', 'DIN_dff6', 'DIN_dff7', 'DIN_dff8', 'DIN_dff9', 'DIN_dff10', 'DIN_dff11', 'DIN_dff12', 'DIN_dff13', 'DIN_dff14', 'DIN_dff15', 'rbl', 'rbl_delay', 'rbl_delay_bar', 's_en', 'w_en', 'PRE']","{'source_file': 'sram_compiler/subcircuits/time_generate.py', 'source_class': 'TIME', 'source_module_name': 'TIME', 'role_hint': 'control_timing'}"
OPENYIELD_SRAM_TOP_V1.XDECODER,OPENYIELD_SRAM_TOP_V1,XDECODER,X,DECODER_CASCADE,22,"['VDD', 'VSS', 'A_dff0', 'A_dff1', 'A_dff2', 'A_dff3', 'DEC_WL0', 'DEC_WL1', 'DEC_WL2', 'DEC_WL3', 'DEC_WL4', 'DEC_WL5', 'DEC_WL6', 'DEC_WL7', 'DEC_WL8', 'DEC_WL9', 'DEC_WL10', 'DEC_WL11', 'DEC_WL12', 'DEC_WL13', 'DEC_WL14', 'DEC_WL15']","{'source_file': 'sram_compiler/subcircuits/decoder.py', 'source_class': 'DECODER_CASCADE', 'source_module_name': 'DECODER_CASCADE', 'role_hint': 'decoder'}"
OPENYIELD_SRAM_TOP_V1.XWL_DRV_0,OPENYIELD_SRAM_TOP_V1,XWL_DRV_0,X,WORDLINEDRIVER,5,"['VDD', 'VSS', 'DEC_WL0', 'WL_EN', 'WL0']","{'source_file': 'sram_compiler/subcircuits/wordline_driver.py', 'source_class': 'WordlineDriver', 'source_module_name': 'WORDLINEDRIVER', 'role_hint': 'wordline_driver'}"
OPENYIELD_SRAM_TOP_V1.XWL_DRV_1,OPENYIELD_SRAM_TOP_V1,XWL_DRV_1,X,WORDLINEDRIVER,5,"['VDD', 'VSS', 'DEC_WL1', 'WL_EN', 'WL1']","{'source_file': 'sram_compiler/subcircuits/wordline_driver.py', 'source_class': 'WordlineDriver', 'source_module_name': 'WORDLINEDRIVER', 'role_hint': 'wordline_driver'}"
OPENYIELD_SRAM_TOP_V1.XWL_DRV_2,OPENYIELD_SRAM_TOP_V1,XWL_DRV_2,X,WORDLINEDRIVER,5,"['VDD', 'VSS', 'DEC_WL2', 'WL_EN', 'WL2']","{'source_file': 'sram_compiler/subcircuits/wordline_driver.py', 'source_class': 'WordlineDriver', 'source_module_name': 'WORDLINEDRIVER', 'role_hint': 'wordline_driver'}"
OPENYIELD_SRAM_TOP_V1.XWL_DRV_3,OPENYIELD_SRAM_TOP_V1,XWL_DRV_3,X,WORDLINEDRIVER,5,"['VDD', 'VSS', 'DEC_WL3', 'WL_EN', 'WL3']","{'source_file': 'sram_compiler/subcircuits/wordline_driver.py', 'source_class': 'WordlineDriver', 'source_module_name': 'WORDLINEDRIVER', 'role_hint': 'wordline_driver'}"
OPENYIELD_SRAM_TOP_V1.XWL_DRV_4,OPENYIELD_SRAM_TOP_V1,XWL_DRV_4,X,WORDLINEDRIVER,5,"['VDD', 'VSS', 'DEC_WL4', 'WL_EN', 'WL4']","{'source_file': 'sram_compiler/subcircuits/wordline_driver.py', 'source_class': 'WordlineDriver', 'source_module_name': 'WORDLINEDRIVER', 'role_hint': 'wordline_driver'}"
OPENYIELD_SRAM_TOP_V1.XWL_DRV_5,OPENYIELD_SRAM_TOP_V1,XWL_DRV_5,X,WORDLINEDRIVER,5,"['VDD', 'VSS', 'DEC_WL5', 'WL_EN', 'WL5']","{'source_file': 'sram_compiler/subcircuits/wordline_driver.py', 'source_class': 'WordlineDriver', 'source_module_name': 'WORDLINEDRIVER', 'role_hint': 'wordline_driver'}"
OPENYIELD_SRAM_TOP_V1.XWL_DRV_6,OPENYIELD_SRAM_TOP_V1,XWL_DRV_6,X,WORDLINEDRIVER,5,"['VDD', 'VSS', 'DEC_WL6', 'WL_EN', 'WL6']","{'source_file': 'sram_compiler/subcircuits/wordline_driver.py', 'source_class': 'WordlineDriver', 'source_module_name': 'WORDLINEDRIVER', 'role_hint': 'wordline_driver'}"
OPENYIELD_SRAM_TOP_V1.XWL_DRV_7,OPENYIELD_SRAM_TOP_V1,XWL_DRV_7,X,WORDLINEDRIVER,5,"['VDD', 'VSS', 'DEC_WL7', 'WL_EN', 'WL7']","{'source_file': 'sram_compiler/subcircuits/wordline_driver.py', 'source_class': 'WordlineDriver', 'source_module_name': 'WORDLINEDRIVER', 'role_hint': 'wordline_driver'}"
OPENYIELD_SRAM_TOP_V1.XWL_DRV_8,OPENYIELD_SRAM_TOP_V1,XWL_DRV_8,X,WORDLINEDRIVER,5,"['VDD', 'VSS', 'DEC_WL8', 'WL_EN', 'WL8']","{'source_file': 'sram_compiler/subcircuits/wordline_driver.py', 'source_class': 'WordlineDriver', 'source_module_name': 'WORDLINEDRIVER', 'role_hint': 'wordline_driver'}"
OPENYIELD_SRAM_TOP_V1.XWL_DRV_9,OPENYIELD_SRAM_TOP_V1,XWL_DRV_9,X,WORDLINEDRIVER,5,"['VDD', 'VSS', 'DEC_WL9', 'WL_EN', 'WL9']","{'source_file': 'sram_compiler/subcircuits/wordline_driver.py', 'source_class': 'WordlineDriver', 'source_module_name': 'WORDLINEDRIVER', 'role_hint': 'wordline_driver'}"
OPENYIELD_SRAM_TOP_V1.XWL_DRV_10,OPENYIELD_SRAM_TOP_V1,XWL_DRV_10,X,WORDLINEDRIVER,5,"['VDD', 'VSS', 'DEC_WL10', 'WL_EN', 'WL10']","{'source_file': 'sram_compiler/subcircuits/wordline_driver.py', 'source_class': 'WordlineDriver', 'source_module_name': 'WORDLINEDRIVER', 'role_hint': 'wordline_driver'}"
OPENYIELD_SRAM_TOP_V1.XWL_DRV_11,OPENYIELD_SRAM_TOP_V1,XWL_DRV_11,X,WORDLINEDRIVER,5,"['VDD', 'VSS', 'DEC_WL11', 'WL_EN', 'WL11']","{'source_file': 'sram_compiler/subcircuits/wordline_driver.py', 'source_class': 'WordlineDriver', 'source_module_name': 'WORDLINEDRIVER', 'role_hint': 'wordline_driver'}"
OPENYIELD_SRAM_TOP_V1.XWL_DRV_12,OPENYIELD_SRAM_TOP_V1,XWL_DRV_12,X,WORDLINEDRIVER,5,"['VDD', 'VSS', 'DEC_WL12', 'WL_EN', 'WL12']","{'source_file': 'sram_compiler/subcircuits/wordline_driver.py', 'source_class': 'WordlineDriver', 'source_module_name': 'WORDLINEDRIVER', 'role_hint': 'wordline_driver'}"
OPENYIELD_SRAM_TOP_V1.XWL_DRV_13,OPENYIELD_SRAM_TOP_V1,XWL_DRV_13,X,WORDLINEDRIVER,5,"['VDD', 'VSS', 'DEC_WL13', 'WL_EN', 'WL13']","{'source_file': 'sram_compiler/subcircuits/wordline_driver.py', 'source_class': 'WordlineDriver', 'source_module_name': 'WORDLINEDRIVER', 'role_hint': 'wordline_driver'}"
OPENYIELD_SRAM_TOP_V1.XWL_DRV_14,OPENYIELD_SRAM_TOP_V1,XWL_DRV_14,X,WORDLINEDRIVER,5,"['VDD', 'VSS', 'DEC_WL14', 'WL_EN', 'WL14']","{'source_file': 'sram_compiler/subcircuits/wordline_driver.py', 'source_class': 'WordlineDriver', 'source_module_name': 'WORDLINEDRIVER', 'role_hint': 'wordline_driver'}"
OPENYIELD_SRAM_TOP_V1.XWL_DRV_15,OPENYIELD_SRAM_TOP_V1,XWL_DRV_15,X,WORDLINEDRIVER,5,"['VDD', 'VSS', 'DEC_WL15', 'WL_EN', 'WL15']","{'source_file': 'sram_compiler/subcircuits/wordline_driver.py', 'source_class': 'WordlineDriver', 'source_module_name': 'WORDLINEDRIVER', 'role_hint': 'wordline_driver'}"
OPENYIELD_SRAM_TOP_V1.XPRECHARGE_0,OPENYIELD_SRAM_TOP_V1,XPRECHARGE_0,X,PRECHARGE,4,"['VDD', 'PRE', 'BL0', 'BLB0']","{'source_file': 'sram_compiler/subcircuits/precharge_and_write_driver.py', 'source_class': 'Precharge', 'source_module_name': 'PRECHARGE', 'role_hint': 'precharge'}"
OPENYIELD_SRAM_TOP_V1.XPRECHARGE_1,OPENYIELD_SRAM_TOP_V1,XPRECHARGE_1,X,PRECHARGE,4,"['VDD', 'PRE', 'BL1', 'BLB1']","{'source_file': 'sram_compiler/subcircuits/precharge_and_write_driver.py', 'source_class': 'Precharge', 'source_module_name': 'PRECHARGE', 'role_hint': 'precharge'}"
OPENYIELD_SRAM_TOP_V1.XPRECHARGE_2,OPENYIELD_SRAM_TOP_V1,XPRECHARGE_2,X,PRECHARGE,4,"['VDD', 'PRE', 'BL2', 'BLB2']","{'source_file': 'sram_compiler/subcircuits/precharge_and_write_driver.py', 'source_class': 'Precharge', 'source_module_name': 'PRECHARGE', 'role_hint': 'precharge'}"
OPENYIELD_SRAM_TOP_V1.XPRECHARGE_3,OPENYIELD_SRAM_TOP_V1,XPRECHARGE_3,X,PRECHARGE,4,"['VDD', 'PRE', 'BL3', 'BLB3']","{'source_file': 'sram_compiler/subcircuits/precharge_and_write_driver.py', 'source_class': 'Precharge', 'source_module_name': 'PRECHARGE', 'role_hint': 'precharge'}"
OPENYIELD_SRAM_TOP_V1.XPRECHARGE_4,OPENYIELD_SRAM_TOP_V1,XPRECHARGE_4,X,PRECHARGE,4,"['VDD', 'PRE', 'BL4', 'BLB4']","{'source_file': 'sram_compiler/subcircuits/precharge_and_write_driver.py', 'source_class': 'Precharge', 'source_module_name': 'PRECHARGE', 'role_hint': 'precharge'}"
OPENYIELD_SRAM_TOP_V1.XPRECHARGE_5,OPENYIELD_SRAM_TOP_V1,XPRECHARGE_5,X,PRECHARGE,4,"['VDD', 'PRE', 'BL5', 'BLB5']","{'source_file': 'sram_compiler/subcircuits/precharge_and_write_driver.py', 'source_class': 'Precharge', 'source_module_name': 'PRECHARGE', 'role_hint': 'precharge'}"
OPENYIELD_SRAM_TOP_V1.XPRECHARGE_6,OPENYIELD_SRAM_TOP_V1,XPRECHARGE_6,X,PRECHARGE,4,"['VDD', 'PRE', 'BL6', 'BLB6']","{'source_file': 'sram_compiler/subcircuits/precharge_and_write_driver.py', 'source_class': 'Precharge', 'source_module_name': 'PRECHARGE', 'role_hint': 'precharge'}"
OPENYIELD_SRAM_TOP_V1.XPRECHARGE_7,OPENYIELD_SRAM_TOP_V1,XPRECHARGE_7,X,PRECHARGE,4,"['VDD', 'PRE', 'BL7', 'BLB7']","{'source_file': 'sram_compiler/subcircuits/precharge_and_write_driver.py', 'source_class': 'Precharge', 'source_module_name': 'PRECHARGE', 'role_hint': 'precharge'}"
OPENYIELD_SRAM_TOP_V1.XPRECHARGE_8,OPENYIELD_SRAM_TOP_V1,XPRECHARGE_8,X,PRECHARGE,4,"['VDD', 'PRE', 'BL8', 'BLB8']","{'source_file': 'sram_compiler/subcircuits/precharge_and_write_driver.py', 'source_class': 'Precharge', 'source_module_name': 'PRECHARGE', 'role_hint': 'precharge'}"
OPENYIELD_SRAM_TOP_V1.XPRECHARGE_9,OPENYIELD_SRAM_TOP_V1,XPRECHARGE_9,X,PRECHARGE,4,"['VDD', 'PRE', 'BL9', 'BLB9']","{'source_file': 'sram_compiler/subcircuits/precharge_and_write_driver.py', 'source_class': 'Precharge', 'source_module_name': 'PRECHARGE', 'role_hint': 'precharge'}"
OPENYIELD_SRAM_TOP_V1.XPRECHARGE_10,OPENYIELD_SRAM_TOP_V1,XPRECHARGE_10,X,PRECHARGE,4,"['VDD', 'PRE', 'BL10', 'BLB10']","{'source_file': 'sram_compiler/subcircuits/precharge_and_write_driver.py', 'source_class': 'Precharge', 'source_module_name': 'PRECHARGE', 'role_hint': 'precharge'}"
OPENYIELD_SRAM_TOP_V1.XPRECHARGE_11,OPENYIELD_SRAM_TOP_V1,XPRECHARGE_11,X,PRECHARGE,4,"['VDD', 'PRE', 'BL11', 'BLB11']","{'source_file': 'sram_compiler/subcircuits/precharge_and_write_driver.py', 'source_class': 'Precharge', 'source_module_name': 'PRECHARGE', 'role_hint': 'precharge'}"
OPENYIELD_SRAM_TOP_V1.XPRECHARGE_12,OPENYIELD_SRAM_TOP_V1,XPRECHARGE_12,X,PRECHARGE,4,"['VDD', 'PRE', 'BL12', 'BLB12']","{'source_file': 'sram_compiler/subcircuits/precharge_and_write_driver.py', 'source_class': 'Precharge', 'source_module_name': 'PRECHARGE', 'role_hint': 'precharge'}"
OPENYIELD_SRAM_TOP_V1.XPRECHARGE_13,OPENYIELD_SRAM_TOP_V1,XPRECHARGE_13,X,PRECHARGE,4,"['VDD', 'PRE', 'BL13', 'BLB13']","{'source_file': 'sram_compiler/subcircuits/precharge_and_write_driver.py', 'source_class': 'Precharge', 'source_module_name': 'PRECHARGE', 'role_hint': 'precharge'}"
OPENYIELD_SRAM_TOP_V1.XPRECHARGE_14,OPENYIELD_SRAM_TOP_V1,XPRECHARGE_14,X,PRECHARGE,4,"['VDD', 'PRE', 'BL14', 'BLB14']","{'source_file': 'sram_compiler/subcircuits/precharge_and_write_driver.py', 'source_class': 'Precharge', 'source_module_name': 'PRECHARGE', 'role_hint': 'precharge'}"
OPENYIELD_SRAM_TOP_V1.XPRECHARGE_15,OPENYIELD_SRAM_TOP_V1,XPRECHARGE_15,X,PRECHARGE,4,"['VDD', 'PRE', 'BL15', 'BLB15']","{'source_file': 'sram_compiler/subcircuits/precharge_and_write_driver.py', 'source_class': 'Precharge', 'source_module_name': 'PRECHARGE', 'role_hint': 'precharge'}"
OPENYIELD_SRAM_TOP_V1.XPRECHARGE_RBL,OPENYIELD_SRAM_TOP_V1,XPRECHARGE_RBL,X,PRECHARGE,4,"['VDD', 'PRE', 'RBL', 'RBLB']","{'source_file': 'sram_compiler/subcircuits/precharge_and_write_driver.py', 'source_class': 'Precharge', 'source_module_name': 'PRECHARGE', 'role_hint': 'precharge'}"
OPENYIELD_SRAM_TOP_V1.XSENSEAMP_0,OPENYIELD_SRAM_TOP_V1,XSENSEAMP_0,X,SENSEAMP,7,"['VDD', 'VSS', 's_en', 'BL0', 'BLB0', 'SA_Q0', 'SA_QB0']","{'source_file': 'sram_compiler/subcircuits/mux_and_sa.py', 'source_class': 'SenseAmp', 'source_module_name': 'SENSEAMP', 'role_hint': 'sense_amp'}"
OPENYIELD_SRAM_TOP_V1.XSENSEAMP_1,OPENYIELD_SRAM_TOP_V1,XSENSEAMP_1,X,SENSEAMP,7,"['VDD', 'VSS', 's_en', 'BL1', 'BLB1', 'SA_Q1', 'SA_QB1']","{'source_file': 'sram_compiler/subcircuits/mux_and_sa.py', 'source_class': 'SenseAmp', 'source_module_name': 'SENSEAMP', 'role_hint': 'sense_amp'}"
OPENYIELD_SRAM_TOP_V1.XSENSEAMP_2,OPENYIELD_SRAM_TOP_V1,XSENSEAMP_2,X,SENSEAMP,7,"['VDD', 'VSS', 's_en', 'BL2', 'BLB2', 'SA_Q2', 'SA_QB2']","{'source_file': 'sram_compiler/subcircuits/mux_and_sa.py', 'source_class': 'SenseAmp', 'source_module_name': 'SENSEAMP', 'role_hint': 'sense_amp'}"
OPENYIELD_SRAM_TOP_V1.XSENSEAMP_3,OPENYIELD_SRAM_TOP_V1,XSENSEAMP_3,X,SENSEAMP,7,"['VDD', 'VSS', 's_en', 'BL3', 'BLB3', 'SA_Q3', 'SA_QB3']","{'source_file': 'sram_compiler/subcircuits/mux_and_sa.py', 'source_class': 'SenseAmp', 'source_module_name': 'SENSEAMP', 'role_hint': 'sense_amp'}"
OPENYIELD_SRAM_TOP_V1.XSENSEAMP_4,OPENYIELD_SRAM_TOP_V1,XSENSEAMP_4,X,SENSEAMP,7,"['VDD', 'VSS', 's_en', 'BL4', 'BLB4', 'SA_Q4', 'SA_QB4']","{'source_file': 'sram_compiler/subcircuits/mux_and_sa.py', 'source_class': 'SenseAmp', 'source_module_name': 'SENSEAMP', 'role_hint': 'sense_amp'}"
OPENYIELD_SRAM_TOP_V1.XSENSEAMP_5,OPENYIELD_SRAM_TOP_V1,XSENSEAMP_5,X,SENSEAMP,7,"['VDD', 'VSS', 's_en', 'BL5', 'BLB5', 'SA_Q5', 'SA_QB5']","{'source_file': 'sram_compiler/subcircuits/mux_and_sa.py', 'source_class': 'SenseAmp', 'source_module_name': 'SENSEAMP', 'role_hint': 'sense_amp'}"
OPENYIELD_SRAM_TOP_V1.XSENSEAMP_6,OPENYIELD_SRAM_TOP_V1,XSENSEAMP_6,X,SENSEAMP,7,"['VDD', 'VSS', 's_en', 'BL6', 'BLB6', 'SA_Q6', 'SA_QB6']","{'source_file': 'sram_compiler/subcircuits/mux_and_sa.py', 'source_class': 'SenseAmp', 'source_module_name': 'SENSEAMP', 'role_hint': 'sense_amp'}"
OPENYIELD_SRAM_TOP_V1.XSENSEAMP_7,OPENYIELD_SRAM_TOP_V1,XSENSEAMP_7,X,SENSEAMP,7,"['VDD', 'VSS', 's_en', 'BL7', 'BLB7', 'SA_Q7', 'SA_QB7']","{'source_file': 'sram_compiler/subcircuits/mux_and_sa.py', 'source_class': 'SenseAmp', 'source_module_name': 'SENSEAMP', 'role_hint': 'sense_amp'}"
OPENYIELD_SRAM_TOP_V1.XSENSEAMP_8,OPENYIELD_SRAM_TOP_V1,XSENSEAMP_8,X,SENSEAMP,7,"['VDD', 'VSS', 's_en', 'BL8', 'BLB8', 'SA_Q8', 'SA_QB8']","{'source_file': 'sram_compiler/subcircuits/mux_and_sa.py', 'source_class': 'SenseAmp', 'source_module_name': 'SENSEAMP', 'role_hint': 'sense_amp'}"
OPENYIELD_SRAM_TOP_V1.XSENSEAMP_9,OPENYIELD_SRAM_TOP_V1,XSENSEAMP_9,X,SENSEAMP,7,"['VDD', 'VSS', 's_en', 'BL9', 'BLB9', 'SA_Q9', 'SA_QB9']","{'source_file': 'sram_compiler/subcircuits/mux_and_sa.py', 'source_class': 'SenseAmp', 'source_module_name': 'SENSEAMP', 'role_hint': 'sense_amp'}"
OPENYIELD_SRAM_TOP_V1.XSENSEAMP_10,OPENYIELD_SRAM_TOP_V1,XSENSEAMP_10,X,SENSEAMP,7,"['VDD', 'VSS', 's_en', 'BL10', 'BLB10', 'SA_Q10', 'SA_QB10']","{'source_file': 'sram_compiler/subcircuits/mux_and_sa.py', 'source_class': 'SenseAmp', 'source_module_name': 'SENSEAMP', 'role_hint': 'sense_amp'}"
OPENYIELD_SRAM_TOP_V1.XSENSEAMP_11,OPENYIELD_SRAM_TOP_V1,XSENSEAMP_11,X,SENSEAMP,7,"['VDD', 'VSS', 's_en', 'BL11', 'BLB11', 'SA_Q11', 'SA_QB11']","{'source_file': 'sram_compiler/subcircuits/mux_and_sa.py', 'source_class': 'SenseAmp', 'source_module_name': 'SENSEAMP', 'role_hint': 'sense_amp'}"
OPENYIELD_SRAM_TOP_V1.XSENSEAMP_12,OPENYIELD_SRAM_TOP_V1,XSENSEAMP_12,X,SENSEAMP,7,"['VDD', 'VSS', 's_en', 'BL12', 'BLB12', 'SA_Q12', 'SA_QB12']","{'source_file': 'sram_compiler/subcircuits/mux_and_sa.py', 'source_class': 'SenseAmp', 'source_module_name': 'SENSEAMP', 'role_hint': 'sense_amp'}"
OPENYIELD_SRAM_TOP_V1.XSENSEAMP_13,OPENYIELD_SRAM_TOP_V1,XSENSEAMP_13,X,SENSEAMP,7,"['VDD', 'VSS', 's_en', 'BL13', 'BLB13', 'SA_Q13', 'SA_QB13']","{'source_file': 'sram_compiler/subcircuits/mux_and_sa.py', 'source_class': 'SenseAmp', 'source_module_name': 'SENSEAMP', 'role_hint': 'sense_amp'}"
OPENYIELD_SRAM_TOP_V1.XSENSEAMP_14,OPENYIELD_SRAM_TOP_V1,XSENSEAMP_14,X,SENSEAMP,7,"['VDD', 'VSS', 's_en', 'BL14', 'BLB14', 'SA_Q14', 'SA_QB14']","{'source_file': 'sram_compiler/subcircuits/mux_and_sa.py', 'source_class': 'SenseAmp', 'source_module_name': 'SENSEAMP', 'role_hint': 'sense_amp'}"
OPENYIELD_SRAM_TOP_V1.XSENSEAMP_15,OPENYIELD_SRAM_TOP_V1,XSENSEAMP_15,X,SENSEAMP,7,"['VDD', 'VSS', 's_en', 'BL15', 'BLB15', 'SA_Q15', 'SA_QB15']","{'source_file': 'sram_compiler/subcircuits/mux_and_sa.py', 'source_class': 'SenseAmp', 'source_module_name': 'SENSEAMP', 'role_hint': 'sense_amp'}"
OPENYIELD_SRAM_TOP_V1.XWRITEDRIVER_0,OPENYIELD_SRAM_TOP_V1,XWRITEDRIVER_0,X,WRITEDRIVER,6,"['VDD', 'VSS', 'w_en', 'DIN_dff0', 'BL0', 'BLB0']","{'source_file': 'sram_compiler/subcircuits/precharge_and_write_driver.py', 'source_class': 'WriteDriver', 'source_module_name': 'WRITEDRIVER', 'role_hint': 'write_driver'}"
OPENYIELD_SRAM_TOP_V1.XWRITEDRIVER_1,OPENYIELD_SRAM_TOP_V1,XWRITEDRIVER_1,X,WRITEDRIVER,6,"['VDD', 'VSS', 'w_en', 'DIN_dff1', 'BL1', 'BLB1']","{'source_file': 'sram_compiler/subcircuits/precharge_and_write_driver.py', 'source_class': 'WriteDriver', 'source_module_name': 'WRITEDRIVER', 'role_hint': 'write_driver'}"
OPENYIELD_SRAM_TOP_V1.XWRITEDRIVER_2,OPENYIELD_SRAM_TOP_V1,XWRITEDRIVER_2,X,WRITEDRIVER,6,"['VDD', 'VSS', 'w_en', 'DIN_dff2', 'BL2', 'BLB2']","{'source_file': 'sram_compiler/subcircuits/precharge_and_write_driver.py', 'source_class': 'WriteDriver', 'source_module_name': 'WRITEDRIVER', 'role_hint': 'write_driver'}"
OPENYIELD_SRAM_TOP_V1.XWRITEDRIVER_3,OPENYIELD_SRAM_TOP_V1,XWRITEDRIVER_3,X,WRITEDRIVER,6,"['VDD', 'VSS', 'w_en', 'DIN_dff3', 'BL3', 'BLB3']","{'source_file': 'sram_compiler/subcircuits/precharge_and_write_driver.py', 'source_class': 'WriteDriver', 'source_module_name': 'WRITEDRIVER', 'role_hint': 'write_driver'}"
OPENYIELD_SRAM_TOP_V1.XWRITEDRIVER_4,OPENYIELD_SRAM_TOP_V1,XWRITEDRIVER_4,X,WRITEDRIVER,6,"['VDD', 'VSS', 'w_en', 'DIN_dff4', 'BL4', 'BLB4']","{'source_file': 'sram_compiler/subcircuits/precharge_and_write_driver.py', 'source_class': 'WriteDriver', 'source_module_name': 'WRITEDRIVER', 'role_hint': 'write_driver'}"
OPENYIELD_SRAM_TOP_V1.XWRITEDRIVER_5,OPENYIELD_SRAM_TOP_V1,XWRITEDRIVER_5,X,WRITEDRIVER,6,"['VDD', 'VSS', 'w_en', 'DIN_dff5', 'BL5', 'BLB5']","{'source_file': 'sram_compiler/subcircuits/precharge_and_write_driver.py', 'source_class': 'WriteDriver', 'source_module_name': 'WRITEDRIVER', 'role_hint': 'write_driver'}"
OPENYIELD_SRAM_TOP_V1.XWRITEDRIVER_6,OPENYIELD_SRAM_TOP_V1,XWRITEDRIVER_6,X,WRITEDRIVER,6,"['VDD', 'VSS', 'w_en', 'DIN_dff6', 'BL6', 'BLB6']","{'source_file': 'sram_compiler/subcircuits/precharge_and_write_driver.py', 'source_class': 'WriteDriver', 'source_module_name': 'WRITEDRIVER', 'role_hint': 'write_driver'}"
OPENYIELD_SRAM_TOP_V1.XWRITEDRIVER_7,OPENYIELD_SRAM_TOP_V1,XWRITEDRIVER_7,X,WRITEDRIVER,6,"['VDD', 'VSS', 'w_en', 'DIN_dff7', 'BL7', 'BLB7']","{'source_file': 'sram_compiler/subcircuits/precharge_and_write_driver.py', 'source_class': 'WriteDriver', 'source_module_name': 'WRITEDRIVER', 'role_hint': 'write_driver'}"
OPENYIELD_SRAM_TOP_V1.XWRITEDRIVER_8,OPENYIELD_SRAM_TOP_V1,XWRITEDRIVER_8,X,WRITEDRIVER,6,"['VDD', 'VSS', 'w_en', 'DIN_dff8', 'BL8', 'BLB8']","{'source_file': 'sram_compiler/subcircuits/precharge_and_write_driver.py', 'source_class': 'WriteDriver', 'source_module_name': 'WRITEDRIVER', 'role_hint': 'write_driver'}"
OPENYIELD_SRAM_TOP_V1.XWRITEDRIVER_9,OPENYIELD_SRAM_TOP_V1,XWRITEDRIVER_9,X,WRITEDRIVER,6,"['VDD', 'VSS', 'w_en', 'DIN_dff9', 'BL9', 'BLB9']","{'source_file': 'sram_compiler/subcircuits/precharge_and_write_driver.py', 'source_class': 'WriteDriver', 'source_module_name': 'WRITEDRIVER', 'role_hint': 'write_driver'}"
OPENYIELD_SRAM_TOP_V1.XWRITEDRIVER_10,OPENYIELD_SRAM_TOP_V1,XWRITEDRIVER_10,X,WRITEDRIVER,6,"['VDD', 'VSS', 'w_en', 'DIN_dff10', 'BL10', 'BLB10']","{'source_file': 'sram_compiler/subcircuits/precharge_and_write_driver.py', 'source_class': 'WriteDriver', 'source_module_name': 'WRITEDRIVER', 'role_hint': 'write_driver'}"
OPENYIELD_SRAM_TOP_V1.XWRITEDRIVER_11,OPENYIELD_SRAM_TOP_V1,XWRITEDRIVER_11,X,WRITEDRIVER,6,"['VDD', 'VSS', 'w_en', 'DIN_dff11', 'BL11', 'BLB11']","{'source_file': 'sram_compiler/subcircuits/precharge_and_write_driver.py', 'source_class': 'WriteDriver', 'source_module_name': 'WRITEDRIVER', 'role_hint': 'write_driver'}"
OPENYIELD_SRAM_TOP_V1.XWRITEDRIVER_12,OPENYIELD_SRAM_TOP_V1,XWRITEDRIVER_12,X,WRITEDRIVER,6,"['VDD', 'VSS', 'w_en', 'DIN_dff12', 'BL12', 'BLB12']","{'source_file': 'sram_compiler/subcircuits/precharge_and_write_driver.py', 'source_class': 'WriteDriver', 'source_module_name': 'WRITEDRIVER', 'role_hint': 'write_driver'}"
OPENYIELD_SRAM_TOP_V1.XWRITEDRIVER_13,OPENYIELD_SRAM_TOP_V1,XWRITEDRIVER_13,X,WRITEDRIVER,6,"['VDD', 'VSS', 'w_en', 'DIN_dff13', 'BL13', 'BLB13']","{'source_file': 'sram_compiler/subcircuits/precharge_and_write_driver.py', 'source_class': 'WriteDriver', 'source_module_name': 'WRITEDRIVER', 'role_hint': 'write_driver'}"
OPENYIELD_SRAM_TOP_V1.XWRITEDRIVER_14,OPENYIELD_SRAM_TOP_V1,XWRITEDRIVER_14,X,WRITEDRIVER,6,"['VDD', 'VSS', 'w_en', 'DIN_dff14', 'BL14', 'BLB14']","{'source_file': 'sram_compiler/subcircuits/precharge_and_write_driver.py', 'source_class': 'WriteDriver', 'source_module_name': 'WRITEDRIVER', 'role_hint': 'write_driver'}"
OPENYIELD_SRAM_TOP_V1.XWRITEDRIVER_15,OPENYIELD_SRAM_TOP_V1,XWRITEDRIVER_15,X,WRITEDRIVER,6,"['VDD', 'VSS', 'w_en', 'DIN_dff15', 'BL15', 'BLB15']","{'source_file': 'sram_compiler/subcircuits/precharge_and_write_driver.py', 'source_class': 'WriteDriver', 'source_module_name': 'WRITEDRIVER', 'role_hint': 'write_driver'}"
