config_id,hierarchical_instance_path,parent_instance_path,parent_module,child_module,source_instance_template,source_line,loop_variable_values,branch_condition,branch_active,concrete_parameters,child_pin_order,parent_net_connections,normalized_parent_net_connections,instance_classification,resolved_physical_cell_name
16x16_read&write,TIME.dff_buf_addr,TIME,TIME,ADDR_DFF,'dff_buf_addr',536,{},,True,"{""nmos_model"": ""NMOS_VTG"", ""num_rows"": 16, ""pmos_model"": ""PMOS_VTG""}","[""VDD"", ""VSS"", ""CLK"", ""A0"", ""A1"", ""A2"", ""A3"", ""A_dff0"", ""A_dff1"", ""A_dff2"", ""A_dff3""]","[""VDD"", ""VSS"", ""clk_buf"", ""A0"", ""A1"", ""A2"", ""A3"", ""A_dff0"", ""A_dff1"", ""A_dff2"", ""A_dff3""]","[""VDD"", ""VSS"", ""clk_buf"", ""A0"", ""A1"", ""A2"", ""A3"", ""A_dff0"", ""A_dff1"", ""A_dff2"", ""A_dff3""]",COMPOSITE_INSTANCE,
16x16_read&write,TIME.dff_buf_addr.dff_0,TIME.dff_buf_addr,ADDR_DFF,DFF,f'dff_{i}',440,"{""i"": 0}",,True,"{""nmos_model"": ""NMOS_VTG"", ""pmos_model"": ""PMOS_VTG""}","[""VDD"", ""VSS"", ""D"", ""Q"", ""CLK""]","[""VDD"", ""VSS"", ""A0"", ""A_dff0"", ""CLK""]","[""VDD"", ""VSS"", ""A0"", ""A_dff0"", ""clk_buf""]",COMPOSITE_INSTANCE,
16x16_read&write,TIME.dff_buf_addr.dff_0.inv1_clk,TIME.dff_buf_addr.dff_0,DFF,PINV,'inv1_clk',216,{},,True,"{""length"": 5e-08, ""nmos_model"": ""NMOS_VTG"", ""nmos_width"": 2.5e-07, ""num"": 1, ""pmos_model"": ""PMOS_VTG"", ""pmos_width"": 5e-07}","[""VDD"", ""VSS"", ""A"", ""Z""]","[""VDD"", ""VSS"", ""CLK"", ""CLKB""]","[""VDD"", ""VSS"", ""clk_buf"", ""TIME.dff_buf_addr.dff_0.CLKB""]",APPROVED_LEAF_PRIMITIVE,PINV_NW250_PW500_L50
16x16_read&write,TIME.dff_buf_addr.dff_0.inv2_D,TIME.dff_buf_addr.dff_0,DFF,PINV,'inv2_D',220,{},,True,"{""length"": 5e-08, ""nmos_model"": ""NMOS_VTG"", ""nmos_width"": 2.5e-07, ""num"": 1, ""pmos_model"": ""PMOS_VTG"", ""pmos_width"": 5e-07}","[""VDD"", ""VSS"", ""A"", ""Z""]","[""VDD"", ""VSS"", ""D"", ""D_b""]","[""VDD"", ""VSS"", ""A0"", ""TIME.dff_buf_addr.dff_0.D_b""]",APPROVED_LEAF_PRIMITIVE,PINV_NW250_PW500_L50
16x16_read&write,TIME.dff_buf_addr.dff_0.tg1,TIME.dff_buf_addr.dff_0,DFF,TRANSMISSION_GATE,'tg1',223,{},,True,"{""nmos_model"": ""NMOS_VTG"", ""pmos_model"": ""PMOS_VTG""}","[""VDD"", ""VSS"", ""IN"", ""OUT"", ""CTR_P"", ""CTR_N""]","[""VDD"", ""VSS"", ""D_b"", ""z1"", ""CLK"", ""CLKB""]","[""VDD"", ""VSS"", ""TIME.dff_buf_addr.dff_0.D_b"", ""TIME.dff_buf_addr.dff_0.z1"", ""clk_buf"", ""TIME.dff_buf_addr.dff_0.CLKB""]",APPROVED_LEAF_PRIMITIVE,TRANSMISSION_GATE_NW250_PW500_L50
16x16_read&write,TIME.dff_buf_addr.dff_0.inv3,TIME.dff_buf_addr.dff_0,DFF,PINV,'inv3',227,{},,True,"{""length"": 5e-08, ""nmos_model"": ""NMOS_VTG"", ""nmos_width"": 2.5e-07, ""num"": 1, ""pmos_model"": ""PMOS_VTG"", ""pmos_width"": 5e-07}","[""VDD"", ""VSS"", ""A"", ""Z""]","[""VDD"", ""VSS"", ""z1"", ""z2""]","[""VDD"", ""VSS"", ""TIME.dff_buf_addr.dff_0.z1"", ""TIME.dff_buf_addr.dff_0.z2""]",APPROVED_LEAF_PRIMITIVE,PINV_NW250_PW500_L50
16x16_read&write,TIME.dff_buf_addr.dff_0.inv4,TIME.dff_buf_addr.dff_0,DFF,PINV,'inv4',231,{},,True,"{""length"": 5e-08, ""nmos_model"": ""NMOS_VTG"", ""nmos_width"": 2.5e-07, ""num"": 1, ""pmos_model"": ""PMOS_VTG"", ""pmos_width"": 5e-07}","[""VDD"", ""VSS"", ""A"", ""Z""]","[""VDD"", ""VSS"", ""z2"", ""z3""]","[""VDD"", ""VSS"", ""TIME.dff_buf_addr.dff_0.z2"", ""TIME.dff_buf_addr.dff_0.z3""]",APPROVED_LEAF_PRIMITIVE,PINV_NW250_PW500_L50
16x16_read&write,TIME.dff_buf_addr.dff_0.tg2,TIME.dff_buf_addr.dff_0,DFF,TRANSMISSION_GATE,'tg2',234,{},,True,"{""nmos_model"": ""NMOS_VTG"", ""pmos_model"": ""PMOS_VTG""}","[""VDD"", ""VSS"", ""IN"", ""OUT"", ""CTR_P"", ""CTR_N""]","[""VDD"", ""VSS"", ""z3"", ""z1"", ""CLKB"", ""CLK""]","[""VDD"", ""VSS"", ""TIME.dff_buf_addr.dff_0.z3"", ""TIME.dff_buf_addr.dff_0.z1"", ""TIME.dff_buf_addr.dff_0.CLKB"", ""clk_buf""]",APPROVED_LEAF_PRIMITIVE,TRANSMISSION_GATE_NW250_PW500_L50
16x16_read&write,TIME.dff_buf_addr.dff_0.inv5,TIME.dff_buf_addr.dff_0,DFF,PINV,'inv5',239,{},,True,"{""length"": 5e-08, ""nmos_model"": ""NMOS_VTG"", ""nmos_width"": 2.5e-07, ""num"": 1, ""pmos_model"": ""PMOS_VTG"", ""pmos_width"": 5e-07}","[""VDD"", ""VSS"", ""A"", ""Z""]","[""VDD"", ""VSS"", ""z2"", ""z4""]","[""VDD"", ""VSS"", ""TIME.dff_buf_addr.dff_0.z2"", ""TIME.dff_buf_addr.dff_0.z4""]",APPROVED_LEAF_PRIMITIVE,PINV_NW250_PW500_L50
16x16_read&write,TIME.dff_buf_addr.dff_0.tg3,TIME.dff_buf_addr.dff_0,DFF,TRANSMISSION_GATE,'tg3',242,{},,True,"{""nmos_model"": ""NMOS_VTG"", ""pmos_model"": ""PMOS_VTG""}","[""VDD"", ""VSS"", ""IN"", ""OUT"", ""CTR_P"", ""CTR_N""]","[""VDD"", ""VSS"", ""z4"", ""z5"", ""CLKB"", ""CLK""]","[""VDD"", ""VSS"", ""TIME.dff_buf_addr.dff_0.z4"", ""TIME.dff_buf_addr.dff_0.z5"", ""TIME.dff_buf_addr.dff_0.CLKB"", ""clk_buf""]",APPROVED_LEAF_PRIMITIVE,TRANSMISSION_GATE_NW250_PW500_L50
16x16_read&write,TIME.dff_buf_addr.dff_0.inv6,TIME.dff_buf_addr.dff_0,DFF,PINV,'inv6',246,{},,True,"{""length"": 5e-08, ""nmos_model"": ""NMOS_VTG"", ""nmos_width"": 2.5e-07, ""num"": 1, ""pmos_model"": ""PMOS_VTG"", ""pmos_width"": 5e-07}","[""VDD"", ""VSS"", ""A"", ""Z""]","[""VDD"", ""VSS"", ""z5"", ""Q""]","[""VDD"", ""VSS"", ""TIME.dff_buf_addr.dff_0.z5"", ""A_dff0""]",APPROVED_LEAF_PRIMITIVE,PINV_NW250_PW500_L50
16x16_read&write,TIME.dff_buf_addr.dff_0.inv7,TIME.dff_buf_addr.dff_0,DFF,PINV,'inv7',250,{},,True,"{""length"": 5e-08, ""nmos_model"": ""NMOS_VTG"", ""nmos_width"": 2.5e-07, ""num"": 1, ""pmos_model"": ""PMOS_VTG"", ""pmos_width"": 5e-07}","[""VDD"", ""VSS"", ""A"", ""Z""]","[""VDD"", ""VSS"", ""Q"", ""QB""]","[""VDD"", ""VSS"", ""A_dff0"", ""TIME.dff_buf_addr.dff_0.QB""]",APPROVED_LEAF_PRIMITIVE,PINV_NW250_PW500_L50
16x16_read&write,TIME.dff_buf_addr.dff_0.tg4,TIME.dff_buf_addr.dff_0,DFF,TRANSMISSION_GATE,'tg4',254,{},,True,"{""nmos_model"": ""NMOS_VTG"", ""pmos_model"": ""PMOS_VTG""}","[""VDD"", ""VSS"", ""IN"", ""OUT"", ""CTR_P"", ""CTR_N""]","[""VDD"", ""VSS"", ""QB"", ""z5"", ""CLK"", ""CLKB""]","[""VDD"", ""VSS"", ""TIME.dff_buf_addr.dff_0.QB"", ""TIME.dff_buf_addr.dff_0.z5"", ""clk_buf"", ""TIME.dff_buf_addr.dff_0.CLKB""]",APPROVED_LEAF_PRIMITIVE,TRANSMISSION_GATE_NW250_PW500_L50
16x16_read&write,TIME.dff_buf_addr.dff_1,TIME.dff_buf_addr,ADDR_DFF,DFF,f'dff_{i}',440,"{""i"": 1}",,True,"{""nmos_model"": ""NMOS_VTG"", ""pmos_model"": ""PMOS_VTG""}","[""VDD"", ""VSS"", ""D"", ""Q"", ""CLK""]","[""VDD"", ""VSS"", ""A1"", ""A_dff1"", ""CLK""]","[""VDD"", ""VSS"", ""A1"", ""A_dff1"", ""clk_buf""]",COMPOSITE_INSTANCE,
16x16_read&write,TIME.dff_buf_addr.dff_1.inv1_clk,TIME.dff_buf_addr.dff_1,DFF,PINV,'inv1_clk',216,{},,True,"{""length"": 5e-08, ""nmos_model"": ""NMOS_VTG"", ""nmos_width"": 2.5e-07, ""num"": 1, ""pmos_model"": ""PMOS_VTG"", ""pmos_width"": 5e-07}","[""VDD"", ""VSS"", ""A"", ""Z""]","[""VDD"", ""VSS"", ""CLK"", ""CLKB""]","[""VDD"", ""VSS"", ""clk_buf"", ""TIME.dff_buf_addr.dff_1.CLKB""]",APPROVED_LEAF_PRIMITIVE,PINV_NW250_PW500_L50
16x16_read&write,TIME.dff_buf_addr.dff_1.inv2_D,TIME.dff_buf_addr.dff_1,DFF,PINV,'inv2_D',220,{},,True,"{""length"": 5e-08, ""nmos_model"": ""NMOS_VTG"", ""nmos_width"": 2.5e-07, ""num"": 1, ""pmos_model"": ""PMOS_VTG"", ""pmos_width"": 5e-07}","[""VDD"", ""VSS"", ""A"", ""Z""]","[""VDD"", ""VSS"", ""D"", ""D_b""]","[""VDD"", ""VSS"", ""A1"", ""TIME.dff_buf_addr.dff_1.D_b""]",APPROVED_LEAF_PRIMITIVE,PINV_NW250_PW500_L50
16x16_read&write,TIME.dff_buf_addr.dff_1.tg1,TIME.dff_buf_addr.dff_1,DFF,TRANSMISSION_GATE,'tg1',223,{},,True,"{""nmos_model"": ""NMOS_VTG"", ""pmos_model"": ""PMOS_VTG""}","[""VDD"", ""VSS"", ""IN"", ""OUT"", ""CTR_P"", ""CTR_N""]","[""VDD"", ""VSS"", ""D_b"", ""z1"", ""CLK"", ""CLKB""]","[""VDD"", ""VSS"", ""TIME.dff_buf_addr.dff_1.D_b"", ""TIME.dff_buf_addr.dff_1.z1"", ""clk_buf"", ""TIME.dff_buf_addr.dff_1.CLKB""]",APPROVED_LEAF_PRIMITIVE,TRANSMISSION_GATE_NW250_PW500_L50
16x16_read&write,TIME.dff_buf_addr.dff_1.inv3,TIME.dff_buf_addr.dff_1,DFF,PINV,'inv3',227,{},,True,"{""length"": 5e-08, ""nmos_model"": ""NMOS_VTG"", ""nmos_width"": 2.5e-07, ""num"": 1, ""pmos_model"": ""PMOS_VTG"", ""pmos_width"": 5e-07}","[""VDD"", ""VSS"", ""A"", ""Z""]","[""VDD"", ""VSS"", ""z1"", ""z2""]","[""VDD"", ""VSS"", ""TIME.dff_buf_addr.dff_1.z1"", ""TIME.dff_buf_addr.dff_1.z2""]",APPROVED_LEAF_PRIMITIVE,PINV_NW250_PW500_L50
16x16_read&write,TIME.dff_buf_addr.dff_1.inv4,TIME.dff_buf_addr.dff_1,DFF,PINV,'inv4',231,{},,True,"{""length"": 5e-08, ""nmos_model"": ""NMOS_VTG"", ""nmos_width"": 2.5e-07, ""num"": 1, ""pmos_model"": ""PMOS_VTG"", ""pmos_width"": 5e-07}","[""VDD"", ""VSS"", ""A"", ""Z""]","[""VDD"", ""VSS"", ""z2"", ""z3""]","[""VDD"", ""VSS"", ""TIME.dff_buf_addr.dff_1.z2"", ""TIME.dff_buf_addr.dff_1.z3""]",APPROVED_LEAF_PRIMITIVE,PINV_NW250_PW500_L50
16x16_read&write,TIME.dff_buf_addr.dff_1.tg2,TIME.dff_buf_addr.dff_1,DFF,TRANSMISSION_GATE,'tg2',234,{},,True,"{""nmos_model"": ""NMOS_VTG"", ""pmos_model"": ""PMOS_VTG""}","[""VDD"", ""VSS"", ""IN"", ""OUT"", ""CTR_P"", ""CTR_N""]","[""VDD"", ""VSS"", ""z3"", ""z1"", ""CLKB"", ""CLK""]","[""VDD"", ""VSS"", ""TIME.dff_buf_addr.dff_1.z3"", ""TIME.dff_buf_addr.dff_1.z1"", ""TIME.dff_buf_addr.dff_1.CLKB"", ""clk_buf""]",APPROVED_LEAF_PRIMITIVE,TRANSMISSION_GATE_NW250_PW500_L50
16x16_read&write,TIME.dff_buf_addr.dff_1.inv5,TIME.dff_buf_addr.dff_1,DFF,PINV,'inv5',239,{},,True,"{""length"": 5e-08, ""nmos_model"": ""NMOS_VTG"", ""nmos_width"": 2.5e-07, ""num"": 1, ""pmos_model"": ""PMOS_VTG"", ""pmos_width"": 5e-07}","[""VDD"", ""VSS"", ""A"", ""Z""]","[""VDD"", ""VSS"", ""z2"", ""z4""]","[""VDD"", ""VSS"", ""TIME.dff_buf_addr.dff_1.z2"", ""TIME.dff_buf_addr.dff_1.z4""]",APPROVED_LEAF_PRIMITIVE,PINV_NW250_PW500_L50
16x16_read&write,TIME.dff_buf_addr.dff_1.tg3,TIME.dff_buf_addr.dff_1,DFF,TRANSMISSION_GATE,'tg3',242,{},,True,"{""nmos_model"": ""NMOS_VTG"", ""pmos_model"": ""PMOS_VTG""}","[""VDD"", ""VSS"", ""IN"", ""OUT"", ""CTR_P"", ""CTR_N""]","[""VDD"", ""VSS"", ""z4"", ""z5"", ""CLKB"", ""CLK""]","[""VDD"", ""VSS"", ""TIME.dff_buf_addr.dff_1.z4"", ""TIME.dff_buf_addr.dff_1.z5"", ""TIME.dff_buf_addr.dff_1.CLKB"", ""clk_buf""]",APPROVED_LEAF_PRIMITIVE,TRANSMISSION_GATE_NW250_PW500_L50
16x16_read&write,TIME.dff_buf_addr.dff_1.inv6,TIME.dff_buf_addr.dff_1,DFF,PINV,'inv6',246,{},,True,"{""length"": 5e-08, ""nmos_model"": ""NMOS_VTG"", ""nmos_width"": 2.5e-07, ""num"": 1, ""pmos_model"": ""PMOS_VTG"", ""pmos_width"": 5e-07}","[""VDD"", ""VSS"", ""A"", ""Z""]","[""VDD"", ""VSS"", ""z5"", ""Q""]","[""VDD"", ""VSS"", ""TIME.dff_buf_addr.dff_1.z5"", ""A_dff1""]",APPROVED_LEAF_PRIMITIVE,PINV_NW250_PW500_L50
16x16_read&write,TIME.dff_buf_addr.dff_1.inv7,TIME.dff_buf_addr.dff_1,DFF,PINV,'inv7',250,{},,True,"{""length"": 5e-08, ""nmos_model"": ""NMOS_VTG"", ""nmos_width"": 2.5e-07, ""num"": 1, ""pmos_model"": ""PMOS_VTG"", ""pmos_width"": 5e-07}","[""VDD"", ""VSS"", ""A"", ""Z""]","[""VDD"", ""VSS"", ""Q"", ""QB""]","[""VDD"", ""VSS"", ""A_dff1"", ""TIME.dff_buf_addr.dff_1.QB""]",APPROVED_LEAF_PRIMITIVE,PINV_NW250_PW500_L50
16x16_read&write,TIME.dff_buf_addr.dff_1.tg4,TIME.dff_buf_addr.dff_1,DFF,TRANSMISSION_GATE,'tg4',254,{},,True,"{""nmos_model"": ""NMOS_VTG"", ""pmos_model"": ""PMOS_VTG""}","[""VDD"", ""VSS"", ""IN"", ""OUT"", ""CTR_P"", ""CTR_N""]","[""VDD"", ""VSS"", ""QB"", ""z5"", ""CLK"", ""CLKB""]","[""VDD"", ""VSS"", ""TIME.dff_buf_addr.dff_1.QB"", ""TIME.dff_buf_addr.dff_1.z5"", ""clk_buf"", ""TIME.dff_buf_addr.dff_1.CLKB""]",APPROVED_LEAF_PRIMITIVE,TRANSMISSION_GATE_NW250_PW500_L50
16x16_read&write,TIME.dff_buf_addr.dff_2,TIME.dff_buf_addr,ADDR_DFF,DFF,f'dff_{i}',440,"{""i"": 2}",,True,"{""nmos_model"": ""NMOS_VTG"", ""pmos_model"": ""PMOS_VTG""}","[""VDD"", ""VSS"", ""D"", ""Q"", ""CLK""]","[""VDD"", ""VSS"", ""A2"", ""A_dff2"", ""CLK""]","[""VDD"", ""VSS"", ""A2"", ""A_dff2"", ""clk_buf""]",COMPOSITE_INSTANCE,
16x16_read&write,TIME.dff_buf_addr.dff_2.inv1_clk,TIME.dff_buf_addr.dff_2,DFF,PINV,'inv1_clk',216,{},,True,"{""length"": 5e-08, ""nmos_model"": ""NMOS_VTG"", ""nmos_width"": 2.5e-07, ""num"": 1, ""pmos_model"": ""PMOS_VTG"", ""pmos_width"": 5e-07}","[""VDD"", ""VSS"", ""A"", ""Z""]","[""VDD"", ""VSS"", ""CLK"", ""CLKB""]","[""VDD"", ""VSS"", ""clk_buf"", ""TIME.dff_buf_addr.dff_2.CLKB""]",APPROVED_LEAF_PRIMITIVE,PINV_NW250_PW500_L50
16x16_read&write,TIME.dff_buf_addr.dff_2.inv2_D,TIME.dff_buf_addr.dff_2,DFF,PINV,'inv2_D',220,{},,True,"{""length"": 5e-08, ""nmos_model"": ""NMOS_VTG"", ""nmos_width"": 2.5e-07, ""num"": 1, ""pmos_model"": ""PMOS_VTG"", ""pmos_width"": 5e-07}","[""VDD"", ""VSS"", ""A"", ""Z""]","[""VDD"", ""VSS"", ""D"", ""D_b""]","[""VDD"", ""VSS"", ""A2"", ""TIME.dff_buf_addr.dff_2.D_b""]",APPROVED_LEAF_PRIMITIVE,PINV_NW250_PW500_L50
16x16_read&write,TIME.dff_buf_addr.dff_2.tg1,TIME.dff_buf_addr.dff_2,DFF,TRANSMISSION_GATE,'tg1',223,{},,True,"{""nmos_model"": ""NMOS_VTG"", ""pmos_model"": ""PMOS_VTG""}","[""VDD"", ""VSS"", ""IN"", ""OUT"", ""CTR_P"", ""CTR_N""]","[""VDD"", ""VSS"", ""D_b"", ""z1"", ""CLK"", ""CLKB""]","[""VDD"", ""VSS"", ""TIME.dff_buf_addr.dff_2.D_b"", ""TIME.dff_buf_addr.dff_2.z1"", ""clk_buf"", ""TIME.dff_buf_addr.dff_2.CLKB""]",APPROVED_LEAF_PRIMITIVE,TRANSMISSION_GATE_NW250_PW500_L50
16x16_read&write,TIME.dff_buf_addr.dff_2.inv3,TIME.dff_buf_addr.dff_2,DFF,PINV,'inv3',227,{},,True,"{""length"": 5e-08, ""nmos_model"": ""NMOS_VTG"", ""nmos_width"": 2.5e-07, ""num"": 1, ""pmos_model"": ""PMOS_VTG"", ""pmos_width"": 5e-07}","[""VDD"", ""VSS"", ""A"", ""Z""]","[""VDD"", ""VSS"", ""z1"", ""z2""]","[""VDD"", ""VSS"", ""TIME.dff_buf_addr.dff_2.z1"", ""TIME.dff_buf_addr.dff_2.z2""]",APPROVED_LEAF_PRIMITIVE,PINV_NW250_PW500_L50
16x16_read&write,TIME.dff_buf_addr.dff_2.inv4,TIME.dff_buf_addr.dff_2,DFF,PINV,'inv4',231,{},,True,"{""length"": 5e-08, ""nmos_model"": ""NMOS_VTG"", ""nmos_width"": 2.5e-07, ""num"": 1, ""pmos_model"": ""PMOS_VTG"", ""pmos_width"": 5e-07}","[""VDD"", ""VSS"", ""A"", ""Z""]","[""VDD"", ""VSS"", ""z2"", ""z3""]","[""VDD"", ""VSS"", ""TIME.dff_buf_addr.dff_2.z2"", ""TIME.dff_buf_addr.dff_2.z3""]",APPROVED_LEAF_PRIMITIVE,PINV_NW250_PW500_L50
16x16_read&write,TIME.dff_buf_addr.dff_2.tg2,TIME.dff_buf_addr.dff_2,DFF,TRANSMISSION_GATE,'tg2',234,{},,True,"{""nmos_model"": ""NMOS_VTG"", ""pmos_model"": ""PMOS_VTG""}","[""VDD"", ""VSS"", ""IN"", ""OUT"", ""CTR_P"", ""CTR_N""]","[""VDD"", ""VSS"", ""z3"", ""z1"", ""CLKB"", ""CLK""]","[""VDD"", ""VSS"", ""TIME.dff_buf_addr.dff_2.z3"", ""TIME.dff_buf_addr.dff_2.z1"", ""TIME.dff_buf_addr.dff_2.CLKB"", ""clk_buf""]",APPROVED_LEAF_PRIMITIVE,TRANSMISSION_GATE_NW250_PW500_L50
16x16_read&write,TIME.dff_buf_addr.dff_2.inv5,TIME.dff_buf_addr.dff_2,DFF,PINV,'inv5',239,{},,True,"{""length"": 5e-08, ""nmos_model"": ""NMOS_VTG"", ""nmos_width"": 2.5e-07, ""num"": 1, ""pmos_model"": ""PMOS_VTG"", ""pmos_width"": 5e-07}","[""VDD"", ""VSS"", ""A"", ""Z""]","[""VDD"", ""VSS"", ""z2"", ""z4""]","[""VDD"", ""VSS"", ""TIME.dff_buf_addr.dff_2.z2"", ""TIME.dff_buf_addr.dff_2.z4""]",APPROVED_LEAF_PRIMITIVE,PINV_NW250_PW500_L50
16x16_read&write,TIME.dff_buf_addr.dff_2.tg3,TIME.dff_buf_addr.dff_2,DFF,TRANSMISSION_GATE,'tg3',242,{},,True,"{""nmos_model"": ""NMOS_VTG"", ""pmos_model"": ""PMOS_VTG""}","[""VDD"", ""VSS"", ""IN"", ""OUT"", ""CTR_P"", ""CTR_N""]","[""VDD"", ""VSS"", ""z4"", ""z5"", ""CLKB"", ""CLK""]","[""VDD"", ""VSS"", ""TIME.dff_buf_addr.dff_2.z4"", ""TIME.dff_buf_addr.dff_2.z5"", ""TIME.dff_buf_addr.dff_2.CLKB"", ""clk_buf""]",APPROVED_LEAF_PRIMITIVE,TRANSMISSION_GATE_NW250_PW500_L50
16x16_read&write,TIME.dff_buf_addr.dff_2.inv6,TIME.dff_buf_addr.dff_2,DFF,PINV,'inv6',246,{},,True,"{""length"": 5e-08, ""nmos_model"": ""NMOS_VTG"", ""nmos_width"": 2.5e-07, ""num"": 1, ""pmos_model"": ""PMOS_VTG"", ""pmos_width"": 5e-07}","[""VDD"", ""VSS"", ""A"", ""Z""]","[""VDD"", ""VSS"", ""z5"", ""Q""]","[""VDD"", ""VSS"", ""TIME.dff_buf_addr.dff_2.z5"", ""A_dff2""]",APPROVED_LEAF_PRIMITIVE,PINV_NW250_PW500_L50
16x16_read&write,TIME.dff_buf_addr.dff_2.inv7,TIME.dff_buf_addr.dff_2,DFF,PINV,'inv7',250,{},,True,"{""length"": 5e-08, ""nmos_model"": ""NMOS_VTG"", ""nmos_width"": 2.5e-07, ""num"": 1, ""pmos_model"": ""PMOS_VTG"", ""pmos_width"": 5e-07}","[""VDD"", ""VSS"", ""A"", ""Z""]","[""VDD"", ""VSS"", ""Q"", ""QB""]","[""VDD"", ""VSS"", ""A_dff2"", ""TIME.dff_buf_addr.dff_2.QB""]",APPROVED_LEAF_PRIMITIVE,PINV_NW250_PW500_L50
16x16_read&write,TIME.dff_buf_addr.dff_2.tg4,TIME.dff_buf_addr.dff_2,DFF,TRANSMISSION_GATE,'tg4',254,{},,True,"{""nmos_model"": ""NMOS_VTG"", ""pmos_model"": ""PMOS_VTG""}","[""VDD"", ""VSS"", ""IN"", ""OUT"", ""CTR_P"", ""CTR_N""]","[""VDD"", ""VSS"", ""QB"", ""z5"", ""CLK"", ""CLKB""]","[""VDD"", ""VSS"", ""TIME.dff_buf_addr.dff_2.QB"", ""TIME.dff_buf_addr.dff_2.z5"", ""clk_buf"", ""TIME.dff_buf_addr.dff_2.CLKB""]",APPROVED_LEAF_PRIMITIVE,TRANSMISSION_GATE_NW250_PW500_L50
16x16_read&write,TIME.dff_buf_addr.dff_3,TIME.dff_buf_addr,ADDR_DFF,DFF,f'dff_{i}',440,"{""i"": 3}",,True,"{""nmos_model"": ""NMOS_VTG"", ""pmos_model"": ""PMOS_VTG""}","[""VDD"", ""VSS"", ""D"", ""Q"", ""CLK""]","[""VDD"", ""VSS"", ""A3"", ""A_dff3"", ""CLK""]","[""VDD"", ""VSS"", ""A3"", ""A_dff3"", ""clk_buf""]",COMPOSITE_INSTANCE,
16x16_read&write,TIME.dff_buf_addr.dff_3.inv1_clk,TIME.dff_buf_addr.dff_3,DFF,PINV,'inv1_clk',216,{},,True,"{""length"": 5e-08, ""nmos_model"": ""NMOS_VTG"", ""nmos_width"": 2.5e-07, ""num"": 1, ""pmos_model"": ""PMOS_VTG"", ""pmos_width"": 5e-07}","[""VDD"", ""VSS"", ""A"", ""Z""]","[""VDD"", ""VSS"", ""CLK"", ""CLKB""]","[""VDD"", ""VSS"", ""clk_buf"", ""TIME.dff_buf_addr.dff_3.CLKB""]",APPROVED_LEAF_PRIMITIVE,PINV_NW250_PW500_L50
16x16_read&write,TIME.dff_buf_addr.dff_3.inv2_D,TIME.dff_buf_addr.dff_3,DFF,PINV,'inv2_D',220,{},,True,"{""length"": 5e-08, ""nmos_model"": ""NMOS_VTG"", ""nmos_width"": 2.5e-07, ""num"": 1, ""pmos_model"": ""PMOS_VTG"", ""pmos_width"": 5e-07}","[""VDD"", ""VSS"", ""A"", ""Z""]","[""VDD"", ""VSS"", ""D"", ""D_b""]","[""VDD"", ""VSS"", ""A3"", ""TIME.dff_buf_addr.dff_3.D_b""]",APPROVED_LEAF_PRIMITIVE,PINV_NW250_PW500_L50
16x16_read&write,TIME.dff_buf_addr.dff_3.tg1,TIME.dff_buf_addr.dff_3,DFF,TRANSMISSION_GATE,'tg1',223,{},,True,"{""nmos_model"": ""NMOS_VTG"", ""pmos_model"": ""PMOS_VTG""}","[""VDD"", ""VSS"", ""IN"", ""OUT"", ""CTR_P"", ""CTR_N""]","[""VDD"", ""VSS"", ""D_b"", ""z1"", ""CLK"", ""CLKB""]","[""VDD"", ""VSS"", ""TIME.dff_buf_addr.dff_3.D_b"", ""TIME.dff_buf_addr.dff_3.z1"", ""clk_buf"", ""TIME.dff_buf_addr.dff_3.CLKB""]",APPROVED_LEAF_PRIMITIVE,TRANSMISSION_GATE_NW250_PW500_L50
16x16_read&write,TIME.dff_buf_addr.dff_3.inv3,TIME.dff_buf_addr.dff_3,DFF,PINV,'inv3',227,{},,True,"{""length"": 5e-08, ""nmos_model"": ""NMOS_VTG"", ""nmos_width"": 2.5e-07, ""num"": 1, ""pmos_model"": ""PMOS_VTG"", ""pmos_width"": 5e-07}","[""VDD"", ""VSS"", ""A"", ""Z""]","[""VDD"", ""VSS"", ""z1"", ""z2""]","[""VDD"", ""VSS"", ""TIME.dff_buf_addr.dff_3.z1"", ""TIME.dff_buf_addr.dff_3.z2""]",APPROVED_LEAF_PRIMITIVE,PINV_NW250_PW500_L50
16x16_read&write,TIME.dff_buf_addr.dff_3.inv4,TIME.dff_buf_addr.dff_3,DFF,PINV,'inv4',231,{},,True,"{""length"": 5e-08, ""nmos_model"": ""NMOS_VTG"", ""nmos_width"": 2.5e-07, ""num"": 1, ""pmos_model"": ""PMOS_VTG"", ""pmos_width"": 5e-07}","[""VDD"", ""VSS"", ""A"", ""Z""]","[""VDD"", ""VSS"", ""z2"", ""z3""]","[""VDD"", ""VSS"", ""TIME.dff_buf_addr.dff_3.z2"", ""TIME.dff_buf_addr.dff_3.z3""]",APPROVED_LEAF_PRIMITIVE,PINV_NW250_PW500_L50
16x16_read&write,TIME.dff_buf_addr.dff_3.tg2,TIME.dff_buf_addr.dff_3,DFF,TRANSMISSION_GATE,'tg2',234,{},,True,"{""nmos_model"": ""NMOS_VTG"", ""pmos_model"": ""PMOS_VTG""}","[""VDD"", ""VSS"", ""IN"", ""OUT"", ""CTR_P"", ""CTR_N""]","[""VDD"", ""VSS"", ""z3"", ""z1"", ""CLKB"", ""CLK""]","[""VDD"", ""VSS"", ""TIME.dff_buf_addr.dff_3.z3"", ""TIME.dff_buf_addr.dff_3.z1"", ""TIME.dff_buf_addr.dff_3.CLKB"", ""clk_buf""]",APPROVED_LEAF_PRIMITIVE,TRANSMISSION_GATE_NW250_PW500_L50
16x16_read&write,TIME.dff_buf_addr.dff_3.inv5,TIME.dff_buf_addr.dff_3,DFF,PINV,'inv5',239,{},,True,"{""length"": 5e-08, ""nmos_model"": ""NMOS_VTG"", ""nmos_width"": 2.5e-07, ""num"": 1, ""pmos_model"": ""PMOS_VTG"", ""pmos_width"": 5e-07}","[""VDD"", ""VSS"", ""A"", ""Z""]","[""VDD"", ""VSS"", ""z2"", ""z4""]","[""VDD"", ""VSS"", ""TIME.dff_buf_addr.dff_3.z2"", ""TIME.dff_buf_addr.dff_3.z4""]",APPROVED_LEAF_PRIMITIVE,PINV_NW250_PW500_L50
16x16_read&write,TIME.dff_buf_addr.dff_3.tg3,TIME.dff_buf_addr.dff_3,DFF,TRANSMISSION_GATE,'tg3',242,{},,True,"{""nmos_model"": ""NMOS_VTG"", ""pmos_model"": ""PMOS_VTG""}","[""VDD"", ""VSS"", ""IN"", ""OUT"", ""CTR_P"", ""CTR_N""]","[""VDD"", ""VSS"", ""z4"", ""z5"", ""CLKB"", ""CLK""]","[""VDD"", ""VSS"", ""TIME.dff_buf_addr.dff_3.z4"", ""TIME.dff_buf_addr.dff_3.z5"", ""TIME.dff_buf_addr.dff_3.CLKB"", ""clk_buf""]",APPROVED_LEAF_PRIMITIVE,TRANSMISSION_GATE_NW250_PW500_L50
16x16_read&write,TIME.dff_buf_addr.dff_3.inv6,TIME.dff_buf_addr.dff_3,DFF,PINV,'inv6',246,{},,True,"{""length"": 5e-08, ""nmos_model"": ""NMOS_VTG"", ""nmos_width"": 2.5e-07, ""num"": 1, ""pmos_model"": ""PMOS_VTG"", ""pmos_width"": 5e-07}","[""VDD"", ""VSS"", ""A"", ""Z""]","[""VDD"", ""VSS"", ""z5"", ""Q""]","[""VDD"", ""VSS"", ""TIME.dff_buf_addr.dff_3.z5"", ""A_dff3""]",APPROVED_LEAF_PRIMITIVE,PINV_NW250_PW500_L50
16x16_read&write,TIME.dff_buf_addr.dff_3.inv7,TIME.dff_buf_addr.dff_3,DFF,PINV,'inv7',250,{},,True,"{""length"": 5e-08, ""nmos_model"": ""NMOS_VTG"", ""nmos_width"": 2.5e-07, ""num"": 1, ""pmos_model"": ""PMOS_VTG"", ""pmos_width"": 5e-07}","[""VDD"", ""VSS"", ""A"", ""Z""]","[""VDD"", ""VSS"", ""Q"", ""QB""]","[""VDD"", ""VSS"", ""A_dff3"", ""TIME.dff_buf_addr.dff_3.QB""]",APPROVED_LEAF_PRIMITIVE,PINV_NW250_PW500_L50
16x16_read&write,TIME.dff_buf_addr.dff_3.tg4,TIME.dff_buf_addr.dff_3,DFF,TRANSMISSION_GATE,'tg4',254,{},,True,"{""nmos_model"": ""NMOS_VTG"", ""pmos_model"": ""PMOS_VTG""}","[""VDD"", ""VSS"", ""IN"", ""OUT"", ""CTR_P"", ""CTR_N""]","[""VDD"", ""VSS"", ""QB"", ""z5"", ""CLK"", ""CLKB""]","[""VDD"", ""VSS"", ""TIME.dff_buf_addr.dff_3.QB"", ""TIME.dff_buf_addr.dff_3.z5"", ""clk_buf"", ""TIME.dff_buf_addr.dff_3.CLKB""]",APPROVED_LEAF_PRIMITIVE,TRANSMISSION_GATE_NW250_PW500_L50
16x16_read&write,TIME.dff_buf_data,TIME,TIME,DATA_DFF,'dff_buf_data',554,{},operation == 'write' or operation == 'read&write',True,"{""nmos_model"": ""NMOS_VTG"", ""num_cols"": 16, ""pmos_model"": ""PMOS_VTG""}","[""VDD"", ""VSS"", ""CLK"", ""DIN0"", ""DIN1"", ""DIN2"", ""DIN3"", ""DIN4"", ""DIN5"", ""DIN6"", ""DIN7"", ""DIN_dff0"", ""DIN_dff1"", ""DIN_dff2"", ""DIN_dff3"", ""DIN_dff4"", ""DIN_dff5"", ""DIN_dff6"", ""DIN_dff7""]","[""VDD"", ""VSS"", ""clk_buf"", ""DIN0"", ""DIN1"", ""DIN2"", ""DIN3"", ""DIN4"", ""DIN5"", ""DIN6"", ""DIN7"", ""DIN8"", ""DIN9"", ""DIN10"", ""DIN11"", ""DIN12"", ""DIN13"", ""DIN14"", ""DIN15"", ""DIN_dff0"", ""DIN_dff1"", ""DIN_dff2"", ""DIN_dff3"", ""DIN_dff4"", ""DIN_dff5"", ""DIN_dff6"", ""DIN_dff7"", ""DIN_dff8"", ""DIN_dff9"", ""DIN_dff10"", ""DIN_dff11"", ""DIN_dff12"", ""DIN_dff13"", ""DIN_dff14"", ""DIN_dff15""]","[""VDD"", ""VSS"", ""clk_buf"", ""TIME.DIN0"", ""TIME.DIN1"", ""TIME.DIN2"", ""TIME.DIN3"", ""TIME.DIN4"", ""TIME.DIN5"", ""TIME.DIN6"", ""TIME.DIN7"", ""TIME.DIN8"", ""TIME.DIN9"", ""TIME.DIN10"", ""TIME.DIN11"", ""TIME.DIN12"", ""TIME.DIN13"", ""TIME.DIN14"", ""TIME.DIN15"", ""TIME.DIN_dff0"", ""TIME.DIN_dff1"", ""TIME.DIN_dff2"", ""TIME.DIN_dff3"", ""TIME.DIN_dff4"", ""TIME.DIN_dff5"", ""TIME.DIN_dff6"", ""TIME.DIN_dff7"", ""TIME.DIN_dff8"", ""TIME.DIN_dff9"", ""TIME.DIN_dff10"", ""TIME.DIN_dff11"", ""TIME.DIN_dff12"", ""TIME.DIN_dff13"", ""TIME.DIN_dff14"", ""TIME.DIN_dff15""]",COMPOSITE_INSTANCE,
16x16_read&write,TIME.dff_buf_data.dff_0,TIME.dff_buf_data,DATA_DFF,DFF,f'dff_{i}',479,"{""i"": 0}",,True,"{""nmos_model"": ""NMOS_VTG"", ""pmos_model"": ""PMOS_VTG"", ""pmos_width"": 5e-08}","[""VDD"", ""VSS"", ""D"", ""Q"", ""CLK""]","[""VDD"", ""VSS"", ""DIN0"", ""DIN_dff0"", ""CLK""]","[""VDD"", ""VSS"", ""TIME.DIN0"", ""TIME.DIN8"", ""clk_buf""]",COMPOSITE_INSTANCE,
16x16_read&write,TIME.dff_buf_data.dff_0.inv1_clk,TIME.dff_buf_data.dff_0,DFF,PINV,'inv1_clk',216,{},,True,"{""length"": 5e-08, ""nmos_model"": ""NMOS_VTG"", ""nmos_width"": 2.5e-07, ""num"": 1, ""pmos_model"": ""PMOS_VTG"", ""pmos_width"": 5e-07}","[""VDD"", ""VSS"", ""A"", ""Z""]","[""VDD"", ""VSS"", ""CLK"", ""CLKB""]","[""VDD"", ""VSS"", ""clk_buf"", ""TIME.dff_buf_data.dff_0.CLKB""]",APPROVED_LEAF_PRIMITIVE,PINV_NW250_PW500_L50
16x16_read&write,TIME.dff_buf_data.dff_0.inv2_D,TIME.dff_buf_data.dff_0,DFF,PINV,'inv2_D',220,{},,True,"{""length"": 5e-08, ""nmos_model"": ""NMOS_VTG"", ""nmos_width"": 2.5e-07, ""num"": 1, ""pmos_model"": ""PMOS_VTG"", ""pmos_width"": 5e-07}","[""VDD"", ""VSS"", ""A"", ""Z""]","[""VDD"", ""VSS"", ""D"", ""D_b""]","[""VDD"", ""VSS"", ""TIME.DIN0"", ""TIME.dff_buf_data.dff_0.D_b""]",APPROVED_LEAF_PRIMITIVE,PINV_NW250_PW500_L50
16x16_read&write,TIME.dff_buf_data.dff_0.tg1,TIME.dff_buf_data.dff_0,DFF,TRANSMISSION_GATE,'tg1',223,{},,True,"{""nmos_model"": ""NMOS_VTG"", ""pmos_model"": ""PMOS_VTG""}","[""VDD"", ""VSS"", ""IN"", ""OUT"", ""CTR_P"", ""CTR_N""]","[""VDD"", ""VSS"", ""D_b"", ""z1"", ""CLK"", ""CLKB""]","[""VDD"", ""VSS"", ""TIME.dff_buf_data.dff_0.D_b"", ""TIME.dff_buf_data.dff_0.z1"", ""clk_buf"", ""TIME.dff_buf_data.dff_0.CLKB""]",APPROVED_LEAF_PRIMITIVE,TRANSMISSION_GATE_NW250_PW500_L50
16x16_read&write,TIME.dff_buf_data.dff_0.inv3,TIME.dff_buf_data.dff_0,DFF,PINV,'inv3',227,{},,True,"{""length"": 5e-08, ""nmos_model"": ""NMOS_VTG"", ""nmos_width"": 2.5e-07, ""num"": 1, ""pmos_model"": ""PMOS_VTG"", ""pmos_width"": 5e-07}","[""VDD"", ""VSS"", ""A"", ""Z""]","[""VDD"", ""VSS"", ""z1"", ""z2""]","[""VDD"", ""VSS"", ""TIME.dff_buf_data.dff_0.z1"", ""TIME.dff_buf_data.dff_0.z2""]",APPROVED_LEAF_PRIMITIVE,PINV_NW250_PW500_L50
16x16_read&write,TIME.dff_buf_data.dff_0.inv4,TIME.dff_buf_data.dff_0,DFF,PINV,'inv4',231,{},,True,"{""length"": 5e-08, ""nmos_model"": ""NMOS_VTG"", ""nmos_width"": 2.5e-07, ""num"": 1, ""pmos_model"": ""PMOS_VTG"", ""pmos_width"": 5e-07}","[""VDD"", ""VSS"", ""A"", ""Z""]","[""VDD"", ""VSS"", ""z2"", ""z3""]","[""VDD"", ""VSS"", ""TIME.dff_buf_data.dff_0.z2"", ""TIME.dff_buf_data.dff_0.z3""]",APPROVED_LEAF_PRIMITIVE,PINV_NW250_PW500_L50
16x16_read&write,TIME.dff_buf_data.dff_0.tg2,TIME.dff_buf_data.dff_0,DFF,TRANSMISSION_GATE,'tg2',234,{},,True,"{""nmos_model"": ""NMOS_VTG"", ""pmos_model"": ""PMOS_VTG""}","[""VDD"", ""VSS"", ""IN"", ""OUT"", ""CTR_P"", ""CTR_N""]","[""VDD"", ""VSS"", ""z3"", ""z1"", ""CLKB"", ""CLK""]","[""VDD"", ""VSS"", ""TIME.dff_buf_data.dff_0.z3"", ""TIME.dff_buf_data.dff_0.z1"", ""TIME.dff_buf_data.dff_0.CLKB"", ""clk_buf""]",APPROVED_LEAF_PRIMITIVE,TRANSMISSION_GATE_NW250_PW500_L50
16x16_read&write,TIME.dff_buf_data.dff_0.inv5,TIME.dff_buf_data.dff_0,DFF,PINV,'inv5',239,{},,True,"{""length"": 5e-08, ""nmos_model"": ""NMOS_VTG"", ""nmos_width"": 2.5e-07, ""num"": 1, ""pmos_model"": ""PMOS_VTG"", ""pmos_width"": 5e-07}","[""VDD"", ""VSS"", ""A"", ""Z""]","[""VDD"", ""VSS"", ""z2"", ""z4""]","[""VDD"", ""VSS"", ""TIME.dff_buf_data.dff_0.z2"", ""TIME.dff_buf_data.dff_0.z4""]",APPROVED_LEAF_PRIMITIVE,PINV_NW250_PW500_L50
16x16_read&write,TIME.dff_buf_data.dff_0.tg3,TIME.dff_buf_data.dff_0,DFF,TRANSMISSION_GATE,'tg3',242,{},,True,"{""nmos_model"": ""NMOS_VTG"", ""pmos_model"": ""PMOS_VTG""}","[""VDD"", ""VSS"", ""IN"", ""OUT"", ""CTR_P"", ""CTR_N""]","[""VDD"", ""VSS"", ""z4"", ""z5"", ""CLKB"", ""CLK""]","[""VDD"", ""VSS"", ""TIME.dff_buf_data.dff_0.z4"", ""TIME.dff_buf_data.dff_0.z5"", ""TIME.dff_buf_data.dff_0.CLKB"", ""clk_buf""]",APPROVED_LEAF_PRIMITIVE,TRANSMISSION_GATE_NW250_PW500_L50
16x16_read&write,TIME.dff_buf_data.dff_0.inv6,TIME.dff_buf_data.dff_0,DFF,PINV,'inv6',246,{},,True,"{""length"": 5e-08, ""nmos_model"": ""NMOS_VTG"", ""nmos_width"": 2.5e-07, ""num"": 1, ""pmos_model"": ""PMOS_VTG"", ""pmos_width"": 5e-07}","[""VDD"", ""VSS"", ""A"", ""Z""]","[""VDD"", ""VSS"", ""z5"", ""Q""]","[""VDD"", ""VSS"", ""TIME.dff_buf_data.dff_0.z5"", ""TIME.DIN8""]",APPROVED_LEAF_PRIMITIVE,PINV_NW250_PW500_L50
16x16_read&write,TIME.dff_buf_data.dff_0.inv7,TIME.dff_buf_data.dff_0,DFF,PINV,'inv7',250,{},,True,"{""length"": 5e-08, ""nmos_model"": ""NMOS_VTG"", ""nmos_width"": 2.5e-07, ""num"": 1, ""pmos_model"": ""PMOS_VTG"", ""pmos_width"": 5e-07}","[""VDD"", ""VSS"", ""A"", ""Z""]","[""VDD"", ""VSS"", ""Q"", ""QB""]","[""VDD"", ""VSS"", ""TIME.DIN8"", ""TIME.dff_buf_data.dff_0.QB""]",APPROVED_LEAF_PRIMITIVE,PINV_NW250_PW500_L50
16x16_read&write,TIME.dff_buf_data.dff_0.tg4,TIME.dff_buf_data.dff_0,DFF,TRANSMISSION_GATE,'tg4',254,{},,True,"{""nmos_model"": ""NMOS_VTG"", ""pmos_model"": ""PMOS_VTG""}","[""VDD"", ""VSS"", ""IN"", ""OUT"", ""CTR_P"", ""CTR_N""]","[""VDD"", ""VSS"", ""QB"", ""z5"", ""CLK"", ""CLKB""]","[""VDD"", ""VSS"", ""TIME.dff_buf_data.dff_0.QB"", ""TIME.dff_buf_data.dff_0.z5"", ""clk_buf"", ""TIME.dff_buf_data.dff_0.CLKB""]",APPROVED_LEAF_PRIMITIVE,TRANSMISSION_GATE_NW250_PW500_L50
16x16_read&write,TIME.dff_buf_data.dff_1,TIME.dff_buf_data,DATA_DFF,DFF,f'dff_{i}',479,"{""i"": 1}",,True,"{""nmos_model"": ""NMOS_VTG"", ""pmos_model"": ""PMOS_VTG"", ""pmos_width"": 5e-08}","[""VDD"", ""VSS"", ""D"", ""Q"", ""CLK""]","[""VDD"", ""VSS"", ""DIN1"", ""DIN_dff1"", ""CLK""]","[""VDD"", ""VSS"", ""TIME.DIN1"", ""TIME.DIN9"", ""clk_buf""]",COMPOSITE_INSTANCE,
16x16_read&write,TIME.dff_buf_data.dff_1.inv1_clk,TIME.dff_buf_data.dff_1,DFF,PINV,'inv1_clk',216,{},,True,"{""length"": 5e-08, ""nmos_model"": ""NMOS_VTG"", ""nmos_width"": 2.5e-07, ""num"": 1, ""pmos_model"": ""PMOS_VTG"", ""pmos_width"": 5e-07}","[""VDD"", ""VSS"", ""A"", ""Z""]","[""VDD"", ""VSS"", ""CLK"", ""CLKB""]","[""VDD"", ""VSS"", ""clk_buf"", ""TIME.dff_buf_data.dff_1.CLKB""]",APPROVED_LEAF_PRIMITIVE,PINV_NW250_PW500_L50
16x16_read&write,TIME.dff_buf_data.dff_1.inv2_D,TIME.dff_buf_data.dff_1,DFF,PINV,'inv2_D',220,{},,True,"{""length"": 5e-08, ""nmos_model"": ""NMOS_VTG"", ""nmos_width"": 2.5e-07, ""num"": 1, ""pmos_model"": ""PMOS_VTG"", ""pmos_width"": 5e-07}","[""VDD"", ""VSS"", ""A"", ""Z""]","[""VDD"", ""VSS"", ""D"", ""D_b""]","[""VDD"", ""VSS"", ""TIME.DIN1"", ""TIME.dff_buf_data.dff_1.D_b""]",APPROVED_LEAF_PRIMITIVE,PINV_NW250_PW500_L50
16x16_read&write,TIME.dff_buf_data.dff_1.tg1,TIME.dff_buf_data.dff_1,DFF,TRANSMISSION_GATE,'tg1',223,{},,True,"{""nmos_model"": ""NMOS_VTG"", ""pmos_model"": ""PMOS_VTG""}","[""VDD"", ""VSS"", ""IN"", ""OUT"", ""CTR_P"", ""CTR_N""]","[""VDD"", ""VSS"", ""D_b"", ""z1"", ""CLK"", ""CLKB""]","[""VDD"", ""VSS"", ""TIME.dff_buf_data.dff_1.D_b"", ""TIME.dff_buf_data.dff_1.z1"", ""clk_buf"", ""TIME.dff_buf_data.dff_1.CLKB""]",APPROVED_LEAF_PRIMITIVE,TRANSMISSION_GATE_NW250_PW500_L50
16x16_read&write,TIME.dff_buf_data.dff_1.inv3,TIME.dff_buf_data.dff_1,DFF,PINV,'inv3',227,{},,True,"{""length"": 5e-08, ""nmos_model"": ""NMOS_VTG"", ""nmos_width"": 2.5e-07, ""num"": 1, ""pmos_model"": ""PMOS_VTG"", ""pmos_width"": 5e-07}","[""VDD"", ""VSS"", ""A"", ""Z""]","[""VDD"", ""VSS"", ""z1"", ""z2""]","[""VDD"", ""VSS"", ""TIME.dff_buf_data.dff_1.z1"", ""TIME.dff_buf_data.dff_1.z2""]",APPROVED_LEAF_PRIMITIVE,PINV_NW250_PW500_L50
16x16_read&write,TIME.dff_buf_data.dff_1.inv4,TIME.dff_buf_data.dff_1,DFF,PINV,'inv4',231,{},,True,"{""length"": 5e-08, ""nmos_model"": ""NMOS_VTG"", ""nmos_width"": 2.5e-07, ""num"": 1, ""pmos_model"": ""PMOS_VTG"", ""pmos_width"": 5e-07}","[""VDD"", ""VSS"", ""A"", ""Z""]","[""VDD"", ""VSS"", ""z2"", ""z3""]","[""VDD"", ""VSS"", ""TIME.dff_buf_data.dff_1.z2"", ""TIME.dff_buf_data.dff_1.z3""]",APPROVED_LEAF_PRIMITIVE,PINV_NW250_PW500_L50
16x16_read&write,TIME.dff_buf_data.dff_1.tg2,TIME.dff_buf_data.dff_1,DFF,TRANSMISSION_GATE,'tg2',234,{},,True,"{""nmos_model"": ""NMOS_VTG"", ""pmos_model"": ""PMOS_VTG""}","[""VDD"", ""VSS"", ""IN"", ""OUT"", ""CTR_P"", ""CTR_N""]","[""VDD"", ""VSS"", ""z3"", ""z1"", ""CLKB"", ""CLK""]","[""VDD"", ""VSS"", ""TIME.dff_buf_data.dff_1.z3"", ""TIME.dff_buf_data.dff_1.z1"", ""TIME.dff_buf_data.dff_1.CLKB"", ""clk_buf""]",APPROVED_LEAF_PRIMITIVE,TRANSMISSION_GATE_NW250_PW500_L50
16x16_read&write,TIME.dff_buf_data.dff_1.inv5,TIME.dff_buf_data.dff_1,DFF,PINV,'inv5',239,{},,True,"{""length"": 5e-08, ""nmos_model"": ""NMOS_VTG"", ""nmos_width"": 2.5e-07, ""num"": 1, ""pmos_model"": ""PMOS_VTG"", ""pmos_width"": 5e-07}","[""VDD"", ""VSS"", ""A"", ""Z""]","[""VDD"", ""VSS"", ""z2"", ""z4""]","[""VDD"", ""VSS"", ""TIME.dff_buf_data.dff_1.z2"", ""TIME.dff_buf_data.dff_1.z4""]",APPROVED_LEAF_PRIMITIVE,PINV_NW250_PW500_L50
16x16_read&write,TIME.dff_buf_data.dff_1.tg3,TIME.dff_buf_data.dff_1,DFF,TRANSMISSION_GATE,'tg3',242,{},,True,"{""nmos_model"": ""NMOS_VTG"", ""pmos_model"": ""PMOS_VTG""}","[""VDD"", ""VSS"", ""IN"", ""OUT"", ""CTR_P"", ""CTR_N""]","[""VDD"", ""VSS"", ""z4"", ""z5"", ""CLKB"", ""CLK""]","[""VDD"", ""VSS"", ""TIME.dff_buf_data.dff_1.z4"", ""TIME.dff_buf_data.dff_1.z5"", ""TIME.dff_buf_data.dff_1.CLKB"", ""clk_buf""]",APPROVED_LEAF_PRIMITIVE,TRANSMISSION_GATE_NW250_PW500_L50
16x16_read&write,TIME.dff_buf_data.dff_1.inv6,TIME.dff_buf_data.dff_1,DFF,PINV,'inv6',246,{},,True,"{""length"": 5e-08, ""nmos_model"": ""NMOS_VTG"", ""nmos_width"": 2.5e-07, ""num"": 1, ""pmos_model"": ""PMOS_VTG"", ""pmos_width"": 5e-07}","[""VDD"", ""VSS"", ""A"", ""Z""]","[""VDD"", ""VSS"", ""z5"", ""Q""]","[""VDD"", ""VSS"", ""TIME.dff_buf_data.dff_1.z5"", ""TIME.DIN9""]",APPROVED_LEAF_PRIMITIVE,PINV_NW250_PW500_L50
16x16_read&write,TIME.dff_buf_data.dff_1.inv7,TIME.dff_buf_data.dff_1,DFF,PINV,'inv7',250,{},,True,"{""length"": 5e-08, ""nmos_model"": ""NMOS_VTG"", ""nmos_width"": 2.5e-07, ""num"": 1, ""pmos_model"": ""PMOS_VTG"", ""pmos_width"": 5e-07}","[""VDD"", ""VSS"", ""A"", ""Z""]","[""VDD"", ""VSS"", ""Q"", ""QB""]","[""VDD"", ""VSS"", ""TIME.DIN9"", ""TIME.dff_buf_data.dff_1.QB""]",APPROVED_LEAF_PRIMITIVE,PINV_NW250_PW500_L50
16x16_read&write,TIME.dff_buf_data.dff_1.tg4,TIME.dff_buf_data.dff_1,DFF,TRANSMISSION_GATE,'tg4',254,{},,True,"{""nmos_model"": ""NMOS_VTG"", ""pmos_model"": ""PMOS_VTG""}","[""VDD"", ""VSS"", ""IN"", ""OUT"", ""CTR_P"", ""CTR_N""]","[""VDD"", ""VSS"", ""QB"", ""z5"", ""CLK"", ""CLKB""]","[""VDD"", ""VSS"", ""TIME.dff_buf_data.dff_1.QB"", ""TIME.dff_buf_data.dff_1.z5"", ""clk_buf"", ""TIME.dff_buf_data.dff_1.CLKB""]",APPROVED_LEAF_PRIMITIVE,TRANSMISSION_GATE_NW250_PW500_L50
16x16_read&write,TIME.dff_buf_data.dff_2,TIME.dff_buf_data,DATA_DFF,DFF,f'dff_{i}',479,"{""i"": 2}",,True,"{""nmos_model"": ""NMOS_VTG"", ""pmos_model"": ""PMOS_VTG"", ""pmos_width"": 5e-08}","[""VDD"", ""VSS"", ""D"", ""Q"", ""CLK""]","[""VDD"", ""VSS"", ""DIN2"", ""DIN_dff2"", ""CLK""]","[""VDD"", ""VSS"", ""TIME.DIN2"", ""TIME.DIN10"", ""clk_buf""]",COMPOSITE_INSTANCE,
16x16_read&write,TIME.dff_buf_data.dff_2.inv1_clk,TIME.dff_buf_data.dff_2,DFF,PINV,'inv1_clk',216,{},,True,"{""length"": 5e-08, ""nmos_model"": ""NMOS_VTG"", ""nmos_width"": 2.5e-07, ""num"": 1, ""pmos_model"": ""PMOS_VTG"", ""pmos_width"": 5e-07}","[""VDD"", ""VSS"", ""A"", ""Z""]","[""VDD"", ""VSS"", ""CLK"", ""CLKB""]","[""VDD"", ""VSS"", ""clk_buf"", ""TIME.dff_buf_data.dff_2.CLKB""]",APPROVED_LEAF_PRIMITIVE,PINV_NW250_PW500_L50
16x16_read&write,TIME.dff_buf_data.dff_2.inv2_D,TIME.dff_buf_data.dff_2,DFF,PINV,'inv2_D',220,{},,True,"{""length"": 5e-08, ""nmos_model"": ""NMOS_VTG"", ""nmos_width"": 2.5e-07, ""num"": 1, ""pmos_model"": ""PMOS_VTG"", ""pmos_width"": 5e-07}","[""VDD"", ""VSS"", ""A"", ""Z""]","[""VDD"", ""VSS"", ""D"", ""D_b""]","[""VDD"", ""VSS"", ""TIME.DIN2"", ""TIME.dff_buf_data.dff_2.D_b""]",APPROVED_LEAF_PRIMITIVE,PINV_NW250_PW500_L50
16x16_read&write,TIME.dff_buf_data.dff_2.tg1,TIME.dff_buf_data.dff_2,DFF,TRANSMISSION_GATE,'tg1',223,{},,True,"{""nmos_model"": ""NMOS_VTG"", ""pmos_model"": ""PMOS_VTG""}","[""VDD"", ""VSS"", ""IN"", ""OUT"", ""CTR_P"", ""CTR_N""]","[""VDD"", ""VSS"", ""D_b"", ""z1"", ""CLK"", ""CLKB""]","[""VDD"", ""VSS"", ""TIME.dff_buf_data.dff_2.D_b"", ""TIME.dff_buf_data.dff_2.z1"", ""clk_buf"", ""TIME.dff_buf_data.dff_2.CLKB""]",APPROVED_LEAF_PRIMITIVE,TRANSMISSION_GATE_NW250_PW500_L50
16x16_read&write,TIME.dff_buf_data.dff_2.inv3,TIME.dff_buf_data.dff_2,DFF,PINV,'inv3',227,{},,True,"{""length"": 5e-08, ""nmos_model"": ""NMOS_VTG"", ""nmos_width"": 2.5e-07, ""num"": 1, ""pmos_model"": ""PMOS_VTG"", ""pmos_width"": 5e-07}","[""VDD"", ""VSS"", ""A"", ""Z""]","[""VDD"", ""VSS"", ""z1"", ""z2""]","[""VDD"", ""VSS"", ""TIME.dff_buf_data.dff_2.z1"", ""TIME.dff_buf_data.dff_2.z2""]",APPROVED_LEAF_PRIMITIVE,PINV_NW250_PW500_L50
16x16_read&write,TIME.dff_buf_data.dff_2.inv4,TIME.dff_buf_data.dff_2,DFF,PINV,'inv4',231,{},,True,"{""length"": 5e-08, ""nmos_model"": ""NMOS_VTG"", ""nmos_width"": 2.5e-07, ""num"": 1, ""pmos_model"": ""PMOS_VTG"", ""pmos_width"": 5e-07}","[""VDD"", ""VSS"", ""A"", ""Z""]","[""VDD"", ""VSS"", ""z2"", ""z3""]","[""VDD"", ""VSS"", ""TIME.dff_buf_data.dff_2.z2"", ""TIME.dff_buf_data.dff_2.z3""]",APPROVED_LEAF_PRIMITIVE,PINV_NW250_PW500_L50
16x16_read&write,TIME.dff_buf_data.dff_2.tg2,TIME.dff_buf_data.dff_2,DFF,TRANSMISSION_GATE,'tg2',234,{},,True,"{""nmos_model"": ""NMOS_VTG"", ""pmos_model"": ""PMOS_VTG""}","[""VDD"", ""VSS"", ""IN"", ""OUT"", ""CTR_P"", ""CTR_N""]","[""VDD"", ""VSS"", ""z3"", ""z1"", ""CLKB"", ""CLK""]","[""VDD"", ""VSS"", ""TIME.dff_buf_data.dff_2.z3"", ""TIME.dff_buf_data.dff_2.z1"", ""TIME.dff_buf_data.dff_2.CLKB"", ""clk_buf""]",APPROVED_LEAF_PRIMITIVE,TRANSMISSION_GATE_NW250_PW500_L50
16x16_read&write,TIME.dff_buf_data.dff_2.inv5,TIME.dff_buf_data.dff_2,DFF,PINV,'inv5',239,{},,True,"{""length"": 5e-08, ""nmos_model"": ""NMOS_VTG"", ""nmos_width"": 2.5e-07, ""num"": 1, ""pmos_model"": ""PMOS_VTG"", ""pmos_width"": 5e-07}","[""VDD"", ""VSS"", ""A"", ""Z""]","[""VDD"", ""VSS"", ""z2"", ""z4""]","[""VDD"", ""VSS"", ""TIME.dff_buf_data.dff_2.z2"", ""TIME.dff_buf_data.dff_2.z4""]",APPROVED_LEAF_PRIMITIVE,PINV_NW250_PW500_L50
16x16_read&write,TIME.dff_buf_data.dff_2.tg3,TIME.dff_buf_data.dff_2,DFF,TRANSMISSION_GATE,'tg3',242,{},,True,"{""nmos_model"": ""NMOS_VTG"", ""pmos_model"": ""PMOS_VTG""}","[""VDD"", ""VSS"", ""IN"", ""OUT"", ""CTR_P"", ""CTR_N""]","[""VDD"", ""VSS"", ""z4"", ""z5"", ""CLKB"", ""CLK""]","[""VDD"", ""VSS"", ""TIME.dff_buf_data.dff_2.z4"", ""TIME.dff_buf_data.dff_2.z5"", ""TIME.dff_buf_data.dff_2.CLKB"", ""clk_buf""]",APPROVED_LEAF_PRIMITIVE,TRANSMISSION_GATE_NW250_PW500_L50
16x16_read&write,TIME.dff_buf_data.dff_2.inv6,TIME.dff_buf_data.dff_2,DFF,PINV,'inv6',246,{},,True,"{""length"": 5e-08, ""nmos_model"": ""NMOS_VTG"", ""nmos_width"": 2.5e-07, ""num"": 1, ""pmos_model"": ""PMOS_VTG"", ""pmos_width"": 5e-07}","[""VDD"", ""VSS"", ""A"", ""Z""]","[""VDD"", ""VSS"", ""z5"", ""Q""]","[""VDD"", ""VSS"", ""TIME.dff_buf_data.dff_2.z5"", ""TIME.DIN10""]",APPROVED_LEAF_PRIMITIVE,PINV_NW250_PW500_L50
16x16_read&write,TIME.dff_buf_data.dff_2.inv7,TIME.dff_buf_data.dff_2,DFF,PINV,'inv7',250,{},,True,"{""length"": 5e-08, ""nmos_model"": ""NMOS_VTG"", ""nmos_width"": 2.5e-07, ""num"": 1, ""pmos_model"": ""PMOS_VTG"", ""pmos_width"": 5e-07}","[""VDD"", ""VSS"", ""A"", ""Z""]","[""VDD"", ""VSS"", ""Q"", ""QB""]","[""VDD"", ""VSS"", ""TIME.DIN10"", ""TIME.dff_buf_data.dff_2.QB""]",APPROVED_LEAF_PRIMITIVE,PINV_NW250_PW500_L50
16x16_read&write,TIME.dff_buf_data.dff_2.tg4,TIME.dff_buf_data.dff_2,DFF,TRANSMISSION_GATE,'tg4',254,{},,True,"{""nmos_model"": ""NMOS_VTG"", ""pmos_model"": ""PMOS_VTG""}","[""VDD"", ""VSS"", ""IN"", ""OUT"", ""CTR_P"", ""CTR_N""]","[""VDD"", ""VSS"", ""QB"", ""z5"", ""CLK"", ""CLKB""]","[""VDD"", ""VSS"", ""TIME.dff_buf_data.dff_2.QB"", ""TIME.dff_buf_data.dff_2.z5"", ""clk_buf"", ""TIME.dff_buf_data.dff_2.CLKB""]",APPROVED_LEAF_PRIMITIVE,TRANSMISSION_GATE_NW250_PW500_L50
16x16_read&write,TIME.dff_buf_data.dff_3,TIME.dff_buf_data,DATA_DFF,DFF,f'dff_{i}',479,"{""i"": 3}",,True,"{""nmos_model"": ""NMOS_VTG"", ""pmos_model"": ""PMOS_VTG"", ""pmos_width"": 5e-08}","[""VDD"", ""VSS"", ""D"", ""Q"", ""CLK""]","[""VDD"", ""VSS"", ""DIN3"", ""DIN_dff3"", ""CLK""]","[""VDD"", ""VSS"", ""TIME.DIN3"", ""TIME.DIN11"", ""clk_buf""]",COMPOSITE_INSTANCE,
16x16_read&write,TIME.dff_buf_data.dff_3.inv1_clk,TIME.dff_buf_data.dff_3,DFF,PINV,'inv1_clk',216,{},,True,"{""length"": 5e-08, ""nmos_model"": ""NMOS_VTG"", ""nmos_width"": 2.5e-07, ""num"": 1, ""pmos_model"": ""PMOS_VTG"", ""pmos_width"": 5e-07}","[""VDD"", ""VSS"", ""A"", ""Z""]","[""VDD"", ""VSS"", ""CLK"", ""CLKB""]","[""VDD"", ""VSS"", ""clk_buf"", ""TIME.dff_buf_data.dff_3.CLKB""]",APPROVED_LEAF_PRIMITIVE,PINV_NW250_PW500_L50
16x16_read&write,TIME.dff_buf_data.dff_3.inv2_D,TIME.dff_buf_data.dff_3,DFF,PINV,'inv2_D',220,{},,True,"{""length"": 5e-08, ""nmos_model"": ""NMOS_VTG"", ""nmos_width"": 2.5e-07, ""num"": 1, ""pmos_model"": ""PMOS_VTG"", ""pmos_width"": 5e-07}","[""VDD"", ""VSS"", ""A"", ""Z""]","[""VDD"", ""VSS"", ""D"", ""D_b""]","[""VDD"", ""VSS"", ""TIME.DIN3"", ""TIME.dff_buf_data.dff_3.D_b""]",APPROVED_LEAF_PRIMITIVE,PINV_NW250_PW500_L50
16x16_read&write,TIME.dff_buf_data.dff_3.tg1,TIME.dff_buf_data.dff_3,DFF,TRANSMISSION_GATE,'tg1',223,{},,True,"{""nmos_model"": ""NMOS_VTG"", ""pmos_model"": ""PMOS_VTG""}","[""VDD"", ""VSS"", ""IN"", ""OUT"", ""CTR_P"", ""CTR_N""]","[""VDD"", ""VSS"", ""D_b"", ""z1"", ""CLK"", ""CLKB""]","[""VDD"", ""VSS"", ""TIME.dff_buf_data.dff_3.D_b"", ""TIME.dff_buf_data.dff_3.z1"", ""clk_buf"", ""TIME.dff_buf_data.dff_3.CLKB""]",APPROVED_LEAF_PRIMITIVE,TRANSMISSION_GATE_NW250_PW500_L50
16x16_read&write,TIME.dff_buf_data.dff_3.inv3,TIME.dff_buf_data.dff_3,DFF,PINV,'inv3',227,{},,True,"{""length"": 5e-08, ""nmos_model"": ""NMOS_VTG"", ""nmos_width"": 2.5e-07, ""num"": 1, ""pmos_model"": ""PMOS_VTG"", ""pmos_width"": 5e-07}","[""VDD"", ""VSS"", ""A"", ""Z""]","[""VDD"", ""VSS"", ""z1"", ""z2""]","[""VDD"", ""VSS"", ""TIME.dff_buf_data.dff_3.z1"", ""TIME.dff_buf_data.dff_3.z2""]",APPROVED_LEAF_PRIMITIVE,PINV_NW250_PW500_L50
16x16_read&write,TIME.dff_buf_data.dff_3.inv4,TIME.dff_buf_data.dff_3,DFF,PINV,'inv4',231,{},,True,"{""length"": 5e-08, ""nmos_model"": ""NMOS_VTG"", ""nmos_width"": 2.5e-07, ""num"": 1, ""pmos_model"": ""PMOS_VTG"", ""pmos_width"": 5e-07}","[""VDD"", ""VSS"", ""A"", ""Z""]","[""VDD"", ""VSS"", ""z2"", ""z3""]","[""VDD"", ""VSS"", ""TIME.dff_buf_data.dff_3.z2"", ""TIME.dff_buf_data.dff_3.z3""]",APPROVED_LEAF_PRIMITIVE,PINV_NW250_PW500_L50
16x16_read&write,TIME.dff_buf_data.dff_3.tg2,TIME.dff_buf_data.dff_3,DFF,TRANSMISSION_GATE,'tg2',234,{},,True,"{""nmos_model"": ""NMOS_VTG"", ""pmos_model"": ""PMOS_VTG""}","[""VDD"", ""VSS"", ""IN"", ""OUT"", ""CTR_P"", ""CTR_N""]","[""VDD"", ""VSS"", ""z3"", ""z1"", ""CLKB"", ""CLK""]","[""VDD"", ""VSS"", ""TIME.dff_buf_data.dff_3.z3"", ""TIME.dff_buf_data.dff_3.z1"", ""TIME.dff_buf_data.dff_3.CLKB"", ""clk_buf""]",APPROVED_LEAF_PRIMITIVE,TRANSMISSION_GATE_NW250_PW500_L50
16x16_read&write,TIME.dff_buf_data.dff_3.inv5,TIME.dff_buf_data.dff_3,DFF,PINV,'inv5',239,{},,True,"{""length"": 5e-08, ""nmos_model"": ""NMOS_VTG"", ""nmos_width"": 2.5e-07, ""num"": 1, ""pmos_model"": ""PMOS_VTG"", ""pmos_width"": 5e-07}","[""VDD"", ""VSS"", ""A"", ""Z""]","[""VDD"", ""VSS"", ""z2"", ""z4""]","[""VDD"", ""VSS"", ""TIME.dff_buf_data.dff_3.z2"", ""TIME.dff_buf_data.dff_3.z4""]",APPROVED_LEAF_PRIMITIVE,PINV_NW250_PW500_L50
16x16_read&write,TIME.dff_buf_data.dff_3.tg3,TIME.dff_buf_data.dff_3,DFF,TRANSMISSION_GATE,'tg3',242,{},,True,"{""nmos_model"": ""NMOS_VTG"", ""pmos_model"": ""PMOS_VTG""}","[""VDD"", ""VSS"", ""IN"", ""OUT"", ""CTR_P"", ""CTR_N""]","[""VDD"", ""VSS"", ""z4"", ""z5"", ""CLKB"", ""CLK""]","[""VDD"", ""VSS"", ""TIME.dff_buf_data.dff_3.z4"", ""TIME.dff_buf_data.dff_3.z5"", ""TIME.dff_buf_data.dff_3.CLKB"", ""clk_buf""]",APPROVED_LEAF_PRIMITIVE,TRANSMISSION_GATE_NW250_PW500_L50
16x16_read&write,TIME.dff_buf_data.dff_3.inv6,TIME.dff_buf_data.dff_3,DFF,PINV,'inv6',246,{},,True,"{""length"": 5e-08, ""nmos_model"": ""NMOS_VTG"", ""nmos_width"": 2.5e-07, ""num"": 1, ""pmos_model"": ""PMOS_VTG"", ""pmos_width"": 5e-07}","[""VDD"", ""VSS"", ""A"", ""Z""]","[""VDD"", ""VSS"", ""z5"", ""Q""]","[""VDD"", ""VSS"", ""TIME.dff_buf_data.dff_3.z5"", ""TIME.DIN11""]",APPROVED_LEAF_PRIMITIVE,PINV_NW250_PW500_L50
16x16_read&write,TIME.dff_buf_data.dff_3.inv7,TIME.dff_buf_data.dff_3,DFF,PINV,'inv7',250,{},,True,"{""length"": 5e-08, ""nmos_model"": ""NMOS_VTG"", ""nmos_width"": 2.5e-07, ""num"": 1, ""pmos_model"": ""PMOS_VTG"", ""pmos_width"": 5e-07}","[""VDD"", ""VSS"", ""A"", ""Z""]","[""VDD"", ""VSS"", ""Q"", ""QB""]","[""VDD"", ""VSS"", ""TIME.DIN11"", ""TIME.dff_buf_data.dff_3.QB""]",APPROVED_LEAF_PRIMITIVE,PINV_NW250_PW500_L50
16x16_read&write,TIME.dff_buf_data.dff_3.tg4,TIME.dff_buf_data.dff_3,DFF,TRANSMISSION_GATE,'tg4',254,{},,True,"{""nmos_model"": ""NMOS_VTG"", ""pmos_model"": ""PMOS_VTG""}","[""VDD"", ""VSS"", ""IN"", ""OUT"", ""CTR_P"", ""CTR_N""]","[""VDD"", ""VSS"", ""QB"", ""z5"", ""CLK"", ""CLKB""]","[""VDD"", ""VSS"", ""TIME.dff_buf_data.dff_3.QB"", ""TIME.dff_buf_data.dff_3.z5"", ""clk_buf"", ""TIME.dff_buf_data.dff_3.CLKB""]",APPROVED_LEAF_PRIMITIVE,TRANSMISSION_GATE_NW250_PW500_L50
16x16_read&write,TIME.dff_buf_data.dff_4,TIME.dff_buf_data,DATA_DFF,DFF,f'dff_{i}',479,"{""i"": 4}",,True,"{""nmos_model"": ""NMOS_VTG"", ""pmos_model"": ""PMOS_VTG"", ""pmos_width"": 5e-08}","[""VDD"", ""VSS"", ""D"", ""Q"", ""CLK""]","[""VDD"", ""VSS"", ""DIN4"", ""DIN_dff4"", ""CLK""]","[""VDD"", ""VSS"", ""TIME.DIN4"", ""TIME.DIN12"", ""clk_buf""]",COMPOSITE_INSTANCE,
16x16_read&write,TIME.dff_buf_data.dff_4.inv1_clk,TIME.dff_buf_data.dff_4,DFF,PINV,'inv1_clk',216,{},,True,"{""length"": 5e-08, ""nmos_model"": ""NMOS_VTG"", ""nmos_width"": 2.5e-07, ""num"": 1, ""pmos_model"": ""PMOS_VTG"", ""pmos_width"": 5e-07}","[""VDD"", ""VSS"", ""A"", ""Z""]","[""VDD"", ""VSS"", ""CLK"", ""CLKB""]","[""VDD"", ""VSS"", ""clk_buf"", ""TIME.dff_buf_data.dff_4.CLKB""]",APPROVED_LEAF_PRIMITIVE,PINV_NW250_PW500_L50
16x16_read&write,TIME.dff_buf_data.dff_4.inv2_D,TIME.dff_buf_data.dff_4,DFF,PINV,'inv2_D',220,{},,True,"{""length"": 5e-08, ""nmos_model"": ""NMOS_VTG"", ""nmos_width"": 2.5e-07, ""num"": 1, ""pmos_model"": ""PMOS_VTG"", ""pmos_width"": 5e-07}","[""VDD"", ""VSS"", ""A"", ""Z""]","[""VDD"", ""VSS"", ""D"", ""D_b""]","[""VDD"", ""VSS"", ""TIME.DIN4"", ""TIME.dff_buf_data.dff_4.D_b""]",APPROVED_LEAF_PRIMITIVE,PINV_NW250_PW500_L50
16x16_read&write,TIME.dff_buf_data.dff_4.tg1,TIME.dff_buf_data.dff_4,DFF,TRANSMISSION_GATE,'tg1',223,{},,True,"{""nmos_model"": ""NMOS_VTG"", ""pmos_model"": ""PMOS_VTG""}","[""VDD"", ""VSS"", ""IN"", ""OUT"", ""CTR_P"", ""CTR_N""]","[""VDD"", ""VSS"", ""D_b"", ""z1"", ""CLK"", ""CLKB""]","[""VDD"", ""VSS"", ""TIME.dff_buf_data.dff_4.D_b"", ""TIME.dff_buf_data.dff_4.z1"", ""clk_buf"", ""TIME.dff_buf_data.dff_4.CLKB""]",APPROVED_LEAF_PRIMITIVE,TRANSMISSION_GATE_NW250_PW500_L50
16x16_read&write,TIME.dff_buf_data.dff_4.inv3,TIME.dff_buf_data.dff_4,DFF,PINV,'inv3',227,{},,True,"{""length"": 5e-08, ""nmos_model"": ""NMOS_VTG"", ""nmos_width"": 2.5e-07, ""num"": 1, ""pmos_model"": ""PMOS_VTG"", ""pmos_width"": 5e-07}","[""VDD"", ""VSS"", ""A"", ""Z""]","[""VDD"", ""VSS"", ""z1"", ""z2""]","[""VDD"", ""VSS"", ""TIME.dff_buf_data.dff_4.z1"", ""TIME.dff_buf_data.dff_4.z2""]",APPROVED_LEAF_PRIMITIVE,PINV_NW250_PW500_L50
16x16_read&write,TIME.dff_buf_data.dff_4.inv4,TIME.dff_buf_data.dff_4,DFF,PINV,'inv4',231,{},,True,"{""length"": 5e-08, ""nmos_model"": ""NMOS_VTG"", ""nmos_width"": 2.5e-07, ""num"": 1, ""pmos_model"": ""PMOS_VTG"", ""pmos_width"": 5e-07}","[""VDD"", ""VSS"", ""A"", ""Z""]","[""VDD"", ""VSS"", ""z2"", ""z3""]","[""VDD"", ""VSS"", ""TIME.dff_buf_data.dff_4.z2"", ""TIME.dff_buf_data.dff_4.z3""]",APPROVED_LEAF_PRIMITIVE,PINV_NW250_PW500_L50
16x16_read&write,TIME.dff_buf_data.dff_4.tg2,TIME.dff_buf_data.dff_4,DFF,TRANSMISSION_GATE,'tg2',234,{},,True,"{""nmos_model"": ""NMOS_VTG"", ""pmos_model"": ""PMOS_VTG""}","[""VDD"", ""VSS"", ""IN"", ""OUT"", ""CTR_P"", ""CTR_N""]","[""VDD"", ""VSS"", ""z3"", ""z1"", ""CLKB"", ""CLK""]","[""VDD"", ""VSS"", ""TIME.dff_buf_data.dff_4.z3"", ""TIME.dff_buf_data.dff_4.z1"", ""TIME.dff_buf_data.dff_4.CLKB"", ""clk_buf""]",APPROVED_LEAF_PRIMITIVE,TRANSMISSION_GATE_NW250_PW500_L50
16x16_read&write,TIME.dff_buf_data.dff_4.inv5,TIME.dff_buf_data.dff_4,DFF,PINV,'inv5',239,{},,True,"{""length"": 5e-08, ""nmos_model"": ""NMOS_VTG"", ""nmos_width"": 2.5e-07, ""num"": 1, ""pmos_model"": ""PMOS_VTG"", ""pmos_width"": 5e-07}","[""VDD"", ""VSS"", ""A"", ""Z""]","[""VDD"", ""VSS"", ""z2"", ""z4""]","[""VDD"", ""VSS"", ""TIME.dff_buf_data.dff_4.z2"", ""TIME.dff_buf_data.dff_4.z4""]",APPROVED_LEAF_PRIMITIVE,PINV_NW250_PW500_L50
16x16_read&write,TIME.dff_buf_data.dff_4.tg3,TIME.dff_buf_data.dff_4,DFF,TRANSMISSION_GATE,'tg3',242,{},,True,"{""nmos_model"": ""NMOS_VTG"", ""pmos_model"": ""PMOS_VTG""}","[""VDD"", ""VSS"", ""IN"", ""OUT"", ""CTR_P"", ""CTR_N""]","[""VDD"", ""VSS"", ""z4"", ""z5"", ""CLKB"", ""CLK""]","[""VDD"", ""VSS"", ""TIME.dff_buf_data.dff_4.z4"", ""TIME.dff_buf_data.dff_4.z5"", ""TIME.dff_buf_data.dff_4.CLKB"", ""clk_buf""]",APPROVED_LEAF_PRIMITIVE,TRANSMISSION_GATE_NW250_PW500_L50
16x16_read&write,TIME.dff_buf_data.dff_4.inv6,TIME.dff_buf_data.dff_4,DFF,PINV,'inv6',246,{},,True,"{""length"": 5e-08, ""nmos_model"": ""NMOS_VTG"", ""nmos_width"": 2.5e-07, ""num"": 1, ""pmos_model"": ""PMOS_VTG"", ""pmos_width"": 5e-07}","[""VDD"", ""VSS"", ""A"", ""Z""]","[""VDD"", ""VSS"", ""z5"", ""Q""]","[""VDD"", ""VSS"", ""TIME.dff_buf_data.dff_4.z5"", ""TIME.DIN12""]",APPROVED_LEAF_PRIMITIVE,PINV_NW250_PW500_L50
16x16_read&write,TIME.dff_buf_data.dff_4.inv7,TIME.dff_buf_data.dff_4,DFF,PINV,'inv7',250,{},,True,"{""length"": 5e-08, ""nmos_model"": ""NMOS_VTG"", ""nmos_width"": 2.5e-07, ""num"": 1, ""pmos_model"": ""PMOS_VTG"", ""pmos_width"": 5e-07}","[""VDD"", ""VSS"", ""A"", ""Z""]","[""VDD"", ""VSS"", ""Q"", ""QB""]","[""VDD"", ""VSS"", ""TIME.DIN12"", ""TIME.dff_buf_data.dff_4.QB""]",APPROVED_LEAF_PRIMITIVE,PINV_NW250_PW500_L50
16x16_read&write,TIME.dff_buf_data.dff_4.tg4,TIME.dff_buf_data.dff_4,DFF,TRANSMISSION_GATE,'tg4',254,{},,True,"{""nmos_model"": ""NMOS_VTG"", ""pmos_model"": ""PMOS_VTG""}","[""VDD"", ""VSS"", ""IN"", ""OUT"", ""CTR_P"", ""CTR_N""]","[""VDD"", ""VSS"", ""QB"", ""z5"", ""CLK"", ""CLKB""]","[""VDD"", ""VSS"", ""TIME.dff_buf_data.dff_4.QB"", ""TIME.dff_buf_data.dff_4.z5"", ""clk_buf"", ""TIME.dff_buf_data.dff_4.CLKB""]",APPROVED_LEAF_PRIMITIVE,TRANSMISSION_GATE_NW250_PW500_L50
16x16_read&write,TIME.dff_buf_data.dff_5,TIME.dff_buf_data,DATA_DFF,DFF,f'dff_{i}',479,"{""i"": 5}",,True,"{""nmos_model"": ""NMOS_VTG"", ""pmos_model"": ""PMOS_VTG"", ""pmos_width"": 5e-08}","[""VDD"", ""VSS"", ""D"", ""Q"", ""CLK""]","[""VDD"", ""VSS"", ""DIN5"", ""DIN_dff5"", ""CLK""]","[""VDD"", ""VSS"", ""TIME.DIN5"", ""TIME.DIN13"", ""clk_buf""]",COMPOSITE_INSTANCE,
16x16_read&write,TIME.dff_buf_data.dff_5.inv1_clk,TIME.dff_buf_data.dff_5,DFF,PINV,'inv1_clk',216,{},,True,"{""length"": 5e-08, ""nmos_model"": ""NMOS_VTG"", ""nmos_width"": 2.5e-07, ""num"": 1, ""pmos_model"": ""PMOS_VTG"", ""pmos_width"": 5e-07}","[""VDD"", ""VSS"", ""A"", ""Z""]","[""VDD"", ""VSS"", ""CLK"", ""CLKB""]","[""VDD"", ""VSS"", ""clk_buf"", ""TIME.dff_buf_data.dff_5.CLKB""]",APPROVED_LEAF_PRIMITIVE,PINV_NW250_PW500_L50
16x16_read&write,TIME.dff_buf_data.dff_5.inv2_D,TIME.dff_buf_data.dff_5,DFF,PINV,'inv2_D',220,{},,True,"{""length"": 5e-08, ""nmos_model"": ""NMOS_VTG"", ""nmos_width"": 2.5e-07, ""num"": 1, ""pmos_model"": ""PMOS_VTG"", ""pmos_width"": 5e-07}","[""VDD"", ""VSS"", ""A"", ""Z""]","[""VDD"", ""VSS"", ""D"", ""D_b""]","[""VDD"", ""VSS"", ""TIME.DIN5"", ""TIME.dff_buf_data.dff_5.D_b""]",APPROVED_LEAF_PRIMITIVE,PINV_NW250_PW500_L50
16x16_read&write,TIME.dff_buf_data.dff_5.tg1,TIME.dff_buf_data.dff_5,DFF,TRANSMISSION_GATE,'tg1',223,{},,True,"{""nmos_model"": ""NMOS_VTG"", ""pmos_model"": ""PMOS_VTG""}","[""VDD"", ""VSS"", ""IN"", ""OUT"", ""CTR_P"", ""CTR_N""]","[""VDD"", ""VSS"", ""D_b"", ""z1"", ""CLK"", ""CLKB""]","[""VDD"", ""VSS"", ""TIME.dff_buf_data.dff_5.D_b"", ""TIME.dff_buf_data.dff_5.z1"", ""clk_buf"", ""TIME.dff_buf_data.dff_5.CLKB""]",APPROVED_LEAF_PRIMITIVE,TRANSMISSION_GATE_NW250_PW500_L50
16x16_read&write,TIME.dff_buf_data.dff_5.inv3,TIME.dff_buf_data.dff_5,DFF,PINV,'inv3',227,{},,True,"{""length"": 5e-08, ""nmos_model"": ""NMOS_VTG"", ""nmos_width"": 2.5e-07, ""num"": 1, ""pmos_model"": ""PMOS_VTG"", ""pmos_width"": 5e-07}","[""VDD"", ""VSS"", ""A"", ""Z""]","[""VDD"", ""VSS"", ""z1"", ""z2""]","[""VDD"", ""VSS"", ""TIME.dff_buf_data.dff_5.z1"", ""TIME.dff_buf_data.dff_5.z2""]",APPROVED_LEAF_PRIMITIVE,PINV_NW250_PW500_L50
16x16_read&write,TIME.dff_buf_data.dff_5.inv4,TIME.dff_buf_data.dff_5,DFF,PINV,'inv4',231,{},,True,"{""length"": 5e-08, ""nmos_model"": ""NMOS_VTG"", ""nmos_width"": 2.5e-07, ""num"": 1, ""pmos_model"": ""PMOS_VTG"", ""pmos_width"": 5e-07}","[""VDD"", ""VSS"", ""A"", ""Z""]","[""VDD"", ""VSS"", ""z2"", ""z3""]","[""VDD"", ""VSS"", ""TIME.dff_buf_data.dff_5.z2"", ""TIME.dff_buf_data.dff_5.z3""]",APPROVED_LEAF_PRIMITIVE,PINV_NW250_PW500_L50
16x16_read&write,TIME.dff_buf_data.dff_5.tg2,TIME.dff_buf_data.dff_5,DFF,TRANSMISSION_GATE,'tg2',234,{},,True,"{""nmos_model"": ""NMOS_VTG"", ""pmos_model"": ""PMOS_VTG""}","[""VDD"", ""VSS"", ""IN"", ""OUT"", ""CTR_P"", ""CTR_N""]","[""VDD"", ""VSS"", ""z3"", ""z1"", ""CLKB"", ""CLK""]","[""VDD"", ""VSS"", ""TIME.dff_buf_data.dff_5.z3"", ""TIME.dff_buf_data.dff_5.z1"", ""TIME.dff_buf_data.dff_5.CLKB"", ""clk_buf""]",APPROVED_LEAF_PRIMITIVE,TRANSMISSION_GATE_NW250_PW500_L50
16x16_read&write,TIME.dff_buf_data.dff_5.inv5,TIME.dff_buf_data.dff_5,DFF,PINV,'inv5',239,{},,True,"{""length"": 5e-08, ""nmos_model"": ""NMOS_VTG"", ""nmos_width"": 2.5e-07, ""num"": 1, ""pmos_model"": ""PMOS_VTG"", ""pmos_width"": 5e-07}","[""VDD"", ""VSS"", ""A"", ""Z""]","[""VDD"", ""VSS"", ""z2"", ""z4""]","[""VDD"", ""VSS"", ""TIME.dff_buf_data.dff_5.z2"", ""TIME.dff_buf_data.dff_5.z4""]",APPROVED_LEAF_PRIMITIVE,PINV_NW250_PW500_L50
16x16_read&write,TIME.dff_buf_data.dff_5.tg3,TIME.dff_buf_data.dff_5,DFF,TRANSMISSION_GATE,'tg3',242,{},,True,"{""nmos_model"": ""NMOS_VTG"", ""pmos_model"": ""PMOS_VTG""}","[""VDD"", ""VSS"", ""IN"", ""OUT"", ""CTR_P"", ""CTR_N""]","[""VDD"", ""VSS"", ""z4"", ""z5"", ""CLKB"", ""CLK""]","[""VDD"", ""VSS"", ""TIME.dff_buf_data.dff_5.z4"", ""TIME.dff_buf_data.dff_5.z5"", ""TIME.dff_buf_data.dff_5.CLKB"", ""clk_buf""]",APPROVED_LEAF_PRIMITIVE,TRANSMISSION_GATE_NW250_PW500_L50
16x16_read&write,TIME.dff_buf_data.dff_5.inv6,TIME.dff_buf_data.dff_5,DFF,PINV,'inv6',246,{},,True,"{""length"": 5e-08, ""nmos_model"": ""NMOS_VTG"", ""nmos_width"": 2.5e-07, ""num"": 1, ""pmos_model"": ""PMOS_VTG"", ""pmos_width"": 5e-07}","[""VDD"", ""VSS"", ""A"", ""Z""]","[""VDD"", ""VSS"", ""z5"", ""Q""]","[""VDD"", ""VSS"", ""TIME.dff_buf_data.dff_5.z5"", ""TIME.DIN13""]",APPROVED_LEAF_PRIMITIVE,PINV_NW250_PW500_L50
16x16_read&write,TIME.dff_buf_data.dff_5.inv7,TIME.dff_buf_data.dff_5,DFF,PINV,'inv7',250,{},,True,"{""length"": 5e-08, ""nmos_model"": ""NMOS_VTG"", ""nmos_width"": 2.5e-07, ""num"": 1, ""pmos_model"": ""PMOS_VTG"", ""pmos_width"": 5e-07}","[""VDD"", ""VSS"", ""A"", ""Z""]","[""VDD"", ""VSS"", ""Q"", ""QB""]","[""VDD"", ""VSS"", ""TIME.DIN13"", ""TIME.dff_buf_data.dff_5.QB""]",APPROVED_LEAF_PRIMITIVE,PINV_NW250_PW500_L50
16x16_read&write,TIME.dff_buf_data.dff_5.tg4,TIME.dff_buf_data.dff_5,DFF,TRANSMISSION_GATE,'tg4',254,{},,True,"{""nmos_model"": ""NMOS_VTG"", ""pmos_model"": ""PMOS_VTG""}","[""VDD"", ""VSS"", ""IN"", ""OUT"", ""CTR_P"", ""CTR_N""]","[""VDD"", ""VSS"", ""QB"", ""z5"", ""CLK"", ""CLKB""]","[""VDD"", ""VSS"", ""TIME.dff_buf_data.dff_5.QB"", ""TIME.dff_buf_data.dff_5.z5"", ""clk_buf"", ""TIME.dff_buf_data.dff_5.CLKB""]",APPROVED_LEAF_PRIMITIVE,TRANSMISSION_GATE_NW250_PW500_L50
16x16_read&write,TIME.dff_buf_data.dff_6,TIME.dff_buf_data,DATA_DFF,DFF,f'dff_{i}',479,"{""i"": 6}",,True,"{""nmos_model"": ""NMOS_VTG"", ""pmos_model"": ""PMOS_VTG"", ""pmos_width"": 5e-08}","[""VDD"", ""VSS"", ""D"", ""Q"", ""CLK""]","[""VDD"", ""VSS"", ""DIN6"", ""DIN_dff6"", ""CLK""]","[""VDD"", ""VSS"", ""TIME.DIN6"", ""TIME.DIN14"", ""clk_buf""]",COMPOSITE_INSTANCE,
16x16_read&write,TIME.dff_buf_data.dff_6.inv1_clk,TIME.dff_buf_data.dff_6,DFF,PINV,'inv1_clk',216,{},,True,"{""length"": 5e-08, ""nmos_model"": ""NMOS_VTG"", ""nmos_width"": 2.5e-07, ""num"": 1, ""pmos_model"": ""PMOS_VTG"", ""pmos_width"": 5e-07}","[""VDD"", ""VSS"", ""A"", ""Z""]","[""VDD"", ""VSS"", ""CLK"", ""CLKB""]","[""VDD"", ""VSS"", ""clk_buf"", ""TIME.dff_buf_data.dff_6.CLKB""]",APPROVED_LEAF_PRIMITIVE,PINV_NW250_PW500_L50
16x16_read&write,TIME.dff_buf_data.dff_6.inv2_D,TIME.dff_buf_data.dff_6,DFF,PINV,'inv2_D',220,{},,True,"{""length"": 5e-08, ""nmos_model"": ""NMOS_VTG"", ""nmos_width"": 2.5e-07, ""num"": 1, ""pmos_model"": ""PMOS_VTG"", ""pmos_width"": 5e-07}","[""VDD"", ""VSS"", ""A"", ""Z""]","[""VDD"", ""VSS"", ""D"", ""D_b""]","[""VDD"", ""VSS"", ""TIME.DIN6"", ""TIME.dff_buf_data.dff_6.D_b""]",APPROVED_LEAF_PRIMITIVE,PINV_NW250_PW500_L50
16x16_read&write,TIME.dff_buf_data.dff_6.tg1,TIME.dff_buf_data.dff_6,DFF,TRANSMISSION_GATE,'tg1',223,{},,True,"{""nmos_model"": ""NMOS_VTG"", ""pmos_model"": ""PMOS_VTG""}","[""VDD"", ""VSS"", ""IN"", ""OUT"", ""CTR_P"", ""CTR_N""]","[""VDD"", ""VSS"", ""D_b"", ""z1"", ""CLK"", ""CLKB""]","[""VDD"", ""VSS"", ""TIME.dff_buf_data.dff_6.D_b"", ""TIME.dff_buf_data.dff_6.z1"", ""clk_buf"", ""TIME.dff_buf_data.dff_6.CLKB""]",APPROVED_LEAF_PRIMITIVE,TRANSMISSION_GATE_NW250_PW500_L50
16x16_read&write,TIME.dff_buf_data.dff_6.inv3,TIME.dff_buf_data.dff_6,DFF,PINV,'inv3',227,{},,True,"{""length"": 5e-08, ""nmos_model"": ""NMOS_VTG"", ""nmos_width"": 2.5e-07, ""num"": 1, ""pmos_model"": ""PMOS_VTG"", ""pmos_width"": 5e-07}","[""VDD"", ""VSS"", ""A"", ""Z""]","[""VDD"", ""VSS"", ""z1"", ""z2""]","[""VDD"", ""VSS"", ""TIME.dff_buf_data.dff_6.z1"", ""TIME.dff_buf_data.dff_6.z2""]",APPROVED_LEAF_PRIMITIVE,PINV_NW250_PW500_L50
16x16_read&write,TIME.dff_buf_data.dff_6.inv4,TIME.dff_buf_data.dff_6,DFF,PINV,'inv4',231,{},,True,"{""length"": 5e-08, ""nmos_model"": ""NMOS_VTG"", ""nmos_width"": 2.5e-07, ""num"": 1, ""pmos_model"": ""PMOS_VTG"", ""pmos_width"": 5e-07}","[""VDD"", ""VSS"", ""A"", ""Z""]","[""VDD"", ""VSS"", ""z2"", ""z3""]","[""VDD"", ""VSS"", ""TIME.dff_buf_data.dff_6.z2"", ""TIME.dff_buf_data.dff_6.z3""]",APPROVED_LEAF_PRIMITIVE,PINV_NW250_PW500_L50
16x16_read&write,TIME.dff_buf_data.dff_6.tg2,TIME.dff_buf_data.dff_6,DFF,TRANSMISSION_GATE,'tg2',234,{},,True,"{""nmos_model"": ""NMOS_VTG"", ""pmos_model"": ""PMOS_VTG""}","[""VDD"", ""VSS"", ""IN"", ""OUT"", ""CTR_P"", ""CTR_N""]","[""VDD"", ""VSS"", ""z3"", ""z1"", ""CLKB"", ""CLK""]","[""VDD"", ""VSS"", ""TIME.dff_buf_data.dff_6.z3"", ""TIME.dff_buf_data.dff_6.z1"", ""TIME.dff_buf_data.dff_6.CLKB"", ""clk_buf""]",APPROVED_LEAF_PRIMITIVE,TRANSMISSION_GATE_NW250_PW500_L50
16x16_read&write,TIME.dff_buf_data.dff_6.inv5,TIME.dff_buf_data.dff_6,DFF,PINV,'inv5',239,{},,True,"{""length"": 5e-08, ""nmos_model"": ""NMOS_VTG"", ""nmos_width"": 2.5e-07, ""num"": 1, ""pmos_model"": ""PMOS_VTG"", ""pmos_width"": 5e-07}","[""VDD"", ""VSS"", ""A"", ""Z""]","[""VDD"", ""VSS"", ""z2"", ""z4""]","[""VDD"", ""VSS"", ""TIME.dff_buf_data.dff_6.z2"", ""TIME.dff_buf_data.dff_6.z4""]",APPROVED_LEAF_PRIMITIVE,PINV_NW250_PW500_L50
16x16_read&write,TIME.dff_buf_data.dff_6.tg3,TIME.dff_buf_data.dff_6,DFF,TRANSMISSION_GATE,'tg3',242,{},,True,"{""nmos_model"": ""NMOS_VTG"", ""pmos_model"": ""PMOS_VTG""}","[""VDD"", ""VSS"", ""IN"", ""OUT"", ""CTR_P"", ""CTR_N""]","[""VDD"", ""VSS"", ""z4"", ""z5"", ""CLKB"", ""CLK""]","[""VDD"", ""VSS"", ""TIME.dff_buf_data.dff_6.z4"", ""TIME.dff_buf_data.dff_6.z5"", ""TIME.dff_buf_data.dff_6.CLKB"", ""clk_buf""]",APPROVED_LEAF_PRIMITIVE,TRANSMISSION_GATE_NW250_PW500_L50
16x16_read&write,TIME.dff_buf_data.dff_6.inv6,TIME.dff_buf_data.dff_6,DFF,PINV,'inv6',246,{},,True,"{""length"": 5e-08, ""nmos_model"": ""NMOS_VTG"", ""nmos_width"": 2.5e-07, ""num"": 1, ""pmos_model"": ""PMOS_VTG"", ""pmos_width"": 5e-07}","[""VDD"", ""VSS"", ""A"", ""Z""]","[""VDD"", ""VSS"", ""z5"", ""Q""]","[""VDD"", ""VSS"", ""TIME.dff_buf_data.dff_6.z5"", ""TIME.DIN14""]",APPROVED_LEAF_PRIMITIVE,PINV_NW250_PW500_L50
16x16_read&write,TIME.dff_buf_data.dff_6.inv7,TIME.dff_buf_data.dff_6,DFF,PINV,'inv7',250,{},,True,"{""length"": 5e-08, ""nmos_model"": ""NMOS_VTG"", ""nmos_width"": 2.5e-07, ""num"": 1, ""pmos_model"": ""PMOS_VTG"", ""pmos_width"": 5e-07}","[""VDD"", ""VSS"", ""A"", ""Z""]","[""VDD"", ""VSS"", ""Q"", ""QB""]","[""VDD"", ""VSS"", ""TIME.DIN14"", ""TIME.dff_buf_data.dff_6.QB""]",APPROVED_LEAF_PRIMITIVE,PINV_NW250_PW500_L50
16x16_read&write,TIME.dff_buf_data.dff_6.tg4,TIME.dff_buf_data.dff_6,DFF,TRANSMISSION_GATE,'tg4',254,{},,True,"{""nmos_model"": ""NMOS_VTG"", ""pmos_model"": ""PMOS_VTG""}","[""VDD"", ""VSS"", ""IN"", ""OUT"", ""CTR_P"", ""CTR_N""]","[""VDD"", ""VSS"", ""QB"", ""z5"", ""CLK"", ""CLKB""]","[""VDD"", ""VSS"", ""TIME.dff_buf_data.dff_6.QB"", ""TIME.dff_buf_data.dff_6.z5"", ""clk_buf"", ""TIME.dff_buf_data.dff_6.CLKB""]",APPROVED_LEAF_PRIMITIVE,TRANSMISSION_GATE_NW250_PW500_L50
16x16_read&write,TIME.dff_buf_data.dff_7,TIME.dff_buf_data,DATA_DFF,DFF,f'dff_{i}',479,"{""i"": 7}",,True,"{""nmos_model"": ""NMOS_VTG"", ""pmos_model"": ""PMOS_VTG"", ""pmos_width"": 5e-08}","[""VDD"", ""VSS"", ""D"", ""Q"", ""CLK""]","[""VDD"", ""VSS"", ""DIN7"", ""DIN_dff7"", ""CLK""]","[""VDD"", ""VSS"", ""TIME.DIN7"", ""TIME.DIN15"", ""clk_buf""]",COMPOSITE_INSTANCE,
16x16_read&write,TIME.dff_buf_data.dff_7.inv1_clk,TIME.dff_buf_data.dff_7,DFF,PINV,'inv1_clk',216,{},,True,"{""length"": 5e-08, ""nmos_model"": ""NMOS_VTG"", ""nmos_width"": 2.5e-07, ""num"": 1, ""pmos_model"": ""PMOS_VTG"", ""pmos_width"": 5e-07}","[""VDD"", ""VSS"", ""A"", ""Z""]","[""VDD"", ""VSS"", ""CLK"", ""CLKB""]","[""VDD"", ""VSS"", ""clk_buf"", ""TIME.dff_buf_data.dff_7.CLKB""]",APPROVED_LEAF_PRIMITIVE,PINV_NW250_PW500_L50
16x16_read&write,TIME.dff_buf_data.dff_7.inv2_D,TIME.dff_buf_data.dff_7,DFF,PINV,'inv2_D',220,{},,True,"{""length"": 5e-08, ""nmos_model"": ""NMOS_VTG"", ""nmos_width"": 2.5e-07, ""num"": 1, ""pmos_model"": ""PMOS_VTG"", ""pmos_width"": 5e-07}","[""VDD"", ""VSS"", ""A"", ""Z""]","[""VDD"", ""VSS"", ""D"", ""D_b""]","[""VDD"", ""VSS"", ""TIME.DIN7"", ""TIME.dff_buf_data.dff_7.D_b""]",APPROVED_LEAF_PRIMITIVE,PINV_NW250_PW500_L50
16x16_read&write,TIME.dff_buf_data.dff_7.tg1,TIME.dff_buf_data.dff_7,DFF,TRANSMISSION_GATE,'tg1',223,{},,True,"{""nmos_model"": ""NMOS_VTG"", ""pmos_model"": ""PMOS_VTG""}","[""VDD"", ""VSS"", ""IN"", ""OUT"", ""CTR_P"", ""CTR_N""]","[""VDD"", ""VSS"", ""D_b"", ""z1"", ""CLK"", ""CLKB""]","[""VDD"", ""VSS"", ""TIME.dff_buf_data.dff_7.D_b"", ""TIME.dff_buf_data.dff_7.z1"", ""clk_buf"", ""TIME.dff_buf_data.dff_7.CLKB""]",APPROVED_LEAF_PRIMITIVE,TRANSMISSION_GATE_NW250_PW500_L50
16x16_read&write,TIME.dff_buf_data.dff_7.inv3,TIME.dff_buf_data.dff_7,DFF,PINV,'inv3',227,{},,True,"{""length"": 5e-08, ""nmos_model"": ""NMOS_VTG"", ""nmos_width"": 2.5e-07, ""num"": 1, ""pmos_model"": ""PMOS_VTG"", ""pmos_width"": 5e-07}","[""VDD"", ""VSS"", ""A"", ""Z""]","[""VDD"", ""VSS"", ""z1"", ""z2""]","[""VDD"", ""VSS"", ""TIME.dff_buf_data.dff_7.z1"", ""TIME.dff_buf_data.dff_7.z2""]",APPROVED_LEAF_PRIMITIVE,PINV_NW250_PW500_L50
16x16_read&write,TIME.dff_buf_data.dff_7.inv4,TIME.dff_buf_data.dff_7,DFF,PINV,'inv4',231,{},,True,"{""length"": 5e-08, ""nmos_model"": ""NMOS_VTG"", ""nmos_width"": 2.5e-07, ""num"": 1, ""pmos_model"": ""PMOS_VTG"", ""pmos_width"": 5e-07}","[""VDD"", ""VSS"", ""A"", ""Z""]","[""VDD"", ""VSS"", ""z2"", ""z3""]","[""VDD"", ""VSS"", ""TIME.dff_buf_data.dff_7.z2"", ""TIME.dff_buf_data.dff_7.z3""]",APPROVED_LEAF_PRIMITIVE,PINV_NW250_PW500_L50
16x16_read&write,TIME.dff_buf_data.dff_7.tg2,TIME.dff_buf_data.dff_7,DFF,TRANSMISSION_GATE,'tg2',234,{},,True,"{""nmos_model"": ""NMOS_VTG"", ""pmos_model"": ""PMOS_VTG""}","[""VDD"", ""VSS"", ""IN"", ""OUT"", ""CTR_P"", ""CTR_N""]","[""VDD"", ""VSS"", ""z3"", ""z1"", ""CLKB"", ""CLK""]","[""VDD"", ""VSS"", ""TIME.dff_buf_data.dff_7.z3"", ""TIME.dff_buf_data.dff_7.z1"", ""TIME.dff_buf_data.dff_7.CLKB"", ""clk_buf""]",APPROVED_LEAF_PRIMITIVE,TRANSMISSION_GATE_NW250_PW500_L50
16x16_read&write,TIME.dff_buf_data.dff_7.inv5,TIME.dff_buf_data.dff_7,DFF,PINV,'inv5',239,{},,True,"{""length"": 5e-08, ""nmos_model"": ""NMOS_VTG"", ""nmos_width"": 2.5e-07, ""num"": 1, ""pmos_model"": ""PMOS_VTG"", ""pmos_width"": 5e-07}","[""VDD"", ""VSS"", ""A"", ""Z""]","[""VDD"", ""VSS"", ""z2"", ""z4""]","[""VDD"", ""VSS"", ""TIME.dff_buf_data.dff_7.z2"", ""TIME.dff_buf_data.dff_7.z4""]",APPROVED_LEAF_PRIMITIVE,PINV_NW250_PW500_L50
16x16_read&write,TIME.dff_buf_data.dff_7.tg3,TIME.dff_buf_data.dff_7,DFF,TRANSMISSION_GATE,'tg3',242,{},,True,"{""nmos_model"": ""NMOS_VTG"", ""pmos_model"": ""PMOS_VTG""}","[""VDD"", ""VSS"", ""IN"", ""OUT"", ""CTR_P"", ""CTR_N""]","[""VDD"", ""VSS"", ""z4"", ""z5"", ""CLKB"", ""CLK""]","[""VDD"", ""VSS"", ""TIME.dff_buf_data.dff_7.z4"", ""TIME.dff_buf_data.dff_7.z5"", ""TIME.dff_buf_data.dff_7.CLKB"", ""clk_buf""]",APPROVED_LEAF_PRIMITIVE,TRANSMISSION_GATE_NW250_PW500_L50
16x16_read&write,TIME.dff_buf_data.dff_7.inv6,TIME.dff_buf_data.dff_7,DFF,PINV,'inv6',246,{},,True,"{""length"": 5e-08, ""nmos_model"": ""NMOS_VTG"", ""nmos_width"": 2.5e-07, ""num"": 1, ""pmos_model"": ""PMOS_VTG"", ""pmos_width"": 5e-07}","[""VDD"", ""VSS"", ""A"", ""Z""]","[""VDD"", ""VSS"", ""z5"", ""Q""]","[""VDD"", ""VSS"", ""TIME.dff_buf_data.dff_7.z5"", ""TIME.DIN15""]",APPROVED_LEAF_PRIMITIVE,PINV_NW250_PW500_L50
16x16_read&write,TIME.dff_buf_data.dff_7.inv7,TIME.dff_buf_data.dff_7,DFF,PINV,'inv7',250,{},,True,"{""length"": 5e-08, ""nmos_model"": ""NMOS_VTG"", ""nmos_width"": 2.5e-07, ""num"": 1, ""pmos_model"": ""PMOS_VTG"", ""pmos_width"": 5e-07}","[""VDD"", ""VSS"", ""A"", ""Z""]","[""VDD"", ""VSS"", ""Q"", ""QB""]","[""VDD"", ""VSS"", ""TIME.DIN15"", ""TIME.dff_buf_data.dff_7.QB""]",APPROVED_LEAF_PRIMITIVE,PINV_NW250_PW500_L50
16x16_read&write,TIME.dff_buf_data.dff_7.tg4,TIME.dff_buf_data.dff_7,DFF,TRANSMISSION_GATE,'tg4',254,{},,True,"{""nmos_model"": ""NMOS_VTG"", ""pmos_model"": ""PMOS_VTG""}","[""VDD"", ""VSS"", ""IN"", ""OUT"", ""CTR_P"", ""CTR_N""]","[""VDD"", ""VSS"", ""QB"", ""z5"", ""CLK"", ""CLKB""]","[""VDD"", ""VSS"", ""TIME.dff_buf_data.dff_7.QB"", ""TIME.dff_buf_data.dff_7.z5"", ""clk_buf"", ""TIME.dff_buf_data.dff_7.CLKB""]",APPROVED_LEAF_PRIMITIVE,TRANSMISSION_GATE_NW250_PW500_L50
16x16_read&write,TIME.dff_buf_data.dff_8,TIME.dff_buf_data,DATA_DFF,DFF,f'dff_{i}',479,"{""i"": 8}",,True,"{""nmos_model"": ""NMOS_VTG"", ""pmos_model"": ""PMOS_VTG"", ""pmos_width"": 5e-08}","[""VDD"", ""VSS"", ""D"", ""Q"", ""CLK""]","[""VDD"", ""VSS"", ""DIN8"", ""DIN_dff8"", ""CLK""]","[""VDD"", ""VSS"", ""TIME.dff_buf_data.DIN8"", ""TIME.dff_buf_data.DIN_dff8"", ""clk_buf""]",COMPOSITE_INSTANCE,
16x16_read&write,TIME.dff_buf_data.dff_8.inv1_clk,TIME.dff_buf_data.dff_8,DFF,PINV,'inv1_clk',216,{},,True,"{""length"": 5e-08, ""nmos_model"": ""NMOS_VTG"", ""nmos_width"": 2.5e-07, ""num"": 1, ""pmos_model"": ""PMOS_VTG"", ""pmos_width"": 5e-07}","[""VDD"", ""VSS"", ""A"", ""Z""]","[""VDD"", ""VSS"", ""CLK"", ""CLKB""]","[""VDD"", ""VSS"", ""clk_buf"", ""TIME.dff_buf_data.dff_8.CLKB""]",APPROVED_LEAF_PRIMITIVE,PINV_NW250_PW500_L50
16x16_read&write,TIME.dff_buf_data.dff_8.inv2_D,TIME.dff_buf_data.dff_8,DFF,PINV,'inv2_D',220,{},,True,"{""length"": 5e-08, ""nmos_model"": ""NMOS_VTG"", ""nmos_width"": 2.5e-07, ""num"": 1, ""pmos_model"": ""PMOS_VTG"", ""pmos_width"": 5e-07}","[""VDD"", ""VSS"", ""A"", ""Z""]","[""VDD"", ""VSS"", ""D"", ""D_b""]","[""VDD"", ""VSS"", ""TIME.dff_buf_data.DIN8"", ""TIME.dff_buf_data.dff_8.D_b""]",APPROVED_LEAF_PRIMITIVE,PINV_NW250_PW500_L50
16x16_read&write,TIME.dff_buf_data.dff_8.tg1,TIME.dff_buf_data.dff_8,DFF,TRANSMISSION_GATE,'tg1',223,{},,True,"{""nmos_model"": ""NMOS_VTG"", ""pmos_model"": ""PMOS_VTG""}","[""VDD"", ""VSS"", ""IN"", ""OUT"", ""CTR_P"", ""CTR_N""]","[""VDD"", ""VSS"", ""D_b"", ""z1"", ""CLK"", ""CLKB""]","[""VDD"", ""VSS"", ""TIME.dff_buf_data.dff_8.D_b"", ""TIME.dff_buf_data.dff_8.z1"", ""clk_buf"", ""TIME.dff_buf_data.dff_8.CLKB""]",APPROVED_LEAF_PRIMITIVE,TRANSMISSION_GATE_NW250_PW500_L50
16x16_read&write,TIME.dff_buf_data.dff_8.inv3,TIME.dff_buf_data.dff_8,DFF,PINV,'inv3',227,{},,True,"{""length"": 5e-08, ""nmos_model"": ""NMOS_VTG"", ""nmos_width"": 2.5e-07, ""num"": 1, ""pmos_model"": ""PMOS_VTG"", ""pmos_width"": 5e-07}","[""VDD"", ""VSS"", ""A"", ""Z""]","[""VDD"", ""VSS"", ""z1"", ""z2""]","[""VDD"", ""VSS"", ""TIME.dff_buf_data.dff_8.z1"", ""TIME.dff_buf_data.dff_8.z2""]",APPROVED_LEAF_PRIMITIVE,PINV_NW250_PW500_L50
16x16_read&write,TIME.dff_buf_data.dff_8.inv4,TIME.dff_buf_data.dff_8,DFF,PINV,'inv4',231,{},,True,"{""length"": 5e-08, ""nmos_model"": ""NMOS_VTG"", ""nmos_width"": 2.5e-07, ""num"": 1, ""pmos_model"": ""PMOS_VTG"", ""pmos_width"": 5e-07}","[""VDD"", ""VSS"", ""A"", ""Z""]","[""VDD"", ""VSS"", ""z2"", ""z3""]","[""VDD"", ""VSS"", ""TIME.dff_buf_data.dff_8.z2"", ""TIME.dff_buf_data.dff_8.z3""]",APPROVED_LEAF_PRIMITIVE,PINV_NW250_PW500_L50
16x16_read&write,TIME.dff_buf_data.dff_8.tg2,TIME.dff_buf_data.dff_8,DFF,TRANSMISSION_GATE,'tg2',234,{},,True,"{""nmos_model"": ""NMOS_VTG"", ""pmos_model"": ""PMOS_VTG""}","[""VDD"", ""VSS"", ""IN"", ""OUT"", ""CTR_P"", ""CTR_N""]","[""VDD"", ""VSS"", ""z3"", ""z1"", ""CLKB"", ""CLK""]","[""VDD"", ""VSS"", ""TIME.dff_buf_data.dff_8.z3"", ""TIME.dff_buf_data.dff_8.z1"", ""TIME.dff_buf_data.dff_8.CLKB"", ""clk_buf""]",APPROVED_LEAF_PRIMITIVE,TRANSMISSION_GATE_NW250_PW500_L50
16x16_read&write,TIME.dff_buf_data.dff_8.inv5,TIME.dff_buf_data.dff_8,DFF,PINV,'inv5',239,{},,True,"{""length"": 5e-08, ""nmos_model"": ""NMOS_VTG"", ""nmos_width"": 2.5e-07, ""num"": 1, ""pmos_model"": ""PMOS_VTG"", ""pmos_width"": 5e-07}","[""VDD"", ""VSS"", ""A"", ""Z""]","[""VDD"", ""VSS"", ""z2"", ""z4""]","[""VDD"", ""VSS"", ""TIME.dff_buf_data.dff_8.z2"", ""TIME.dff_buf_data.dff_8.z4""]",APPROVED_LEAF_PRIMITIVE,PINV_NW250_PW500_L50
16x16_read&write,TIME.dff_buf_data.dff_8.tg3,TIME.dff_buf_data.dff_8,DFF,TRANSMISSION_GATE,'tg3',242,{},,True,"{""nmos_model"": ""NMOS_VTG"", ""pmos_model"": ""PMOS_VTG""}","[""VDD"", ""VSS"", ""IN"", ""OUT"", ""CTR_P"", ""CTR_N""]","[""VDD"", ""VSS"", ""z4"", ""z5"", ""CLKB"", ""CLK""]","[""VDD"", ""VSS"", ""TIME.dff_buf_data.dff_8.z4"", ""TIME.dff_buf_data.dff_8.z5"", ""TIME.dff_buf_data.dff_8.CLKB"", ""clk_buf""]",APPROVED_LEAF_PRIMITIVE,TRANSMISSION_GATE_NW250_PW500_L50
16x16_read&write,TIME.dff_buf_data.dff_8.inv6,TIME.dff_buf_data.dff_8,DFF,PINV,'inv6',246,{},,True,"{""length"": 5e-08, ""nmos_model"": ""NMOS_VTG"", ""nmos_width"": 2.5e-07, ""num"": 1, ""pmos_model"": ""PMOS_VTG"", ""pmos_width"": 5e-07}","[""VDD"", ""VSS"", ""A"", ""Z""]","[""VDD"", ""VSS"", ""z5"", ""Q""]","[""VDD"", ""VSS"", ""TIME.dff_buf_data.dff_8.z5"", ""TIME.dff_buf_data.DIN_dff8""]",APPROVED_LEAF_PRIMITIVE,PINV_NW250_PW500_L50
16x16_read&write,TIME.dff_buf_data.dff_8.inv7,TIME.dff_buf_data.dff_8,DFF,PINV,'inv7',250,{},,True,"{""length"": 5e-08, ""nmos_model"": ""NMOS_VTG"", ""nmos_width"": 2.5e-07, ""num"": 1, ""pmos_model"": ""PMOS_VTG"", ""pmos_width"": 5e-07}","[""VDD"", ""VSS"", ""A"", ""Z""]","[""VDD"", ""VSS"", ""Q"", ""QB""]","[""VDD"", ""VSS"", ""TIME.dff_buf_data.DIN_dff8"", ""TIME.dff_buf_data.dff_8.QB""]",APPROVED_LEAF_PRIMITIVE,PINV_NW250_PW500_L50
16x16_read&write,TIME.dff_buf_data.dff_8.tg4,TIME.dff_buf_data.dff_8,DFF,TRANSMISSION_GATE,'tg4',254,{},,True,"{""nmos_model"": ""NMOS_VTG"", ""pmos_model"": ""PMOS_VTG""}","[""VDD"", ""VSS"", ""IN"", ""OUT"", ""CTR_P"", ""CTR_N""]","[""VDD"", ""VSS"", ""QB"", ""z5"", ""CLK"", ""CLKB""]","[""VDD"", ""VSS"", ""TIME.dff_buf_data.dff_8.QB"", ""TIME.dff_buf_data.dff_8.z5"", ""clk_buf"", ""TIME.dff_buf_data.dff_8.CLKB""]",APPROVED_LEAF_PRIMITIVE,TRANSMISSION_GATE_NW250_PW500_L50
16x16_read&write,TIME.dff_buf_data.dff_9,TIME.dff_buf_data,DATA_DFF,DFF,f'dff_{i}',479,"{""i"": 9}",,True,"{""nmos_model"": ""NMOS_VTG"", ""pmos_model"": ""PMOS_VTG"", ""pmos_width"": 5e-08}","[""VDD"", ""VSS"", ""D"", ""Q"", ""CLK""]","[""VDD"", ""VSS"", ""DIN9"", ""DIN_dff9"", ""CLK""]","[""VDD"", ""VSS"", ""TIME.dff_buf_data.DIN9"", ""TIME.dff_buf_data.DIN_dff9"", ""clk_buf""]",COMPOSITE_INSTANCE,
16x16_read&write,TIME.dff_buf_data.dff_9.inv1_clk,TIME.dff_buf_data.dff_9,DFF,PINV,'inv1_clk',216,{},,True,"{""length"": 5e-08, ""nmos_model"": ""NMOS_VTG"", ""nmos_width"": 2.5e-07, ""num"": 1, ""pmos_model"": ""PMOS_VTG"", ""pmos_width"": 5e-07}","[""VDD"", ""VSS"", ""A"", ""Z""]","[""VDD"", ""VSS"", ""CLK"", ""CLKB""]","[""VDD"", ""VSS"", ""clk_buf"", ""TIME.dff_buf_data.dff_9.CLKB""]",APPROVED_LEAF_PRIMITIVE,PINV_NW250_PW500_L50
16x16_read&write,TIME.dff_buf_data.dff_9.inv2_D,TIME.dff_buf_data.dff_9,DFF,PINV,'inv2_D',220,{},,True,"{""length"": 5e-08, ""nmos_model"": ""NMOS_VTG"", ""nmos_width"": 2.5e-07, ""num"": 1, ""pmos_model"": ""PMOS_VTG"", ""pmos_width"": 5e-07}","[""VDD"", ""VSS"", ""A"", ""Z""]","[""VDD"", ""VSS"", ""D"", ""D_b""]","[""VDD"", ""VSS"", ""TIME.dff_buf_data.DIN9"", ""TIME.dff_buf_data.dff_9.D_b""]",APPROVED_LEAF_PRIMITIVE,PINV_NW250_PW500_L50
16x16_read&write,TIME.dff_buf_data.dff_9.tg1,TIME.dff_buf_data.dff_9,DFF,TRANSMISSION_GATE,'tg1',223,{},,True,"{""nmos_model"": ""NMOS_VTG"", ""pmos_model"": ""PMOS_VTG""}","[""VDD"", ""VSS"", ""IN"", ""OUT"", ""CTR_P"", ""CTR_N""]","[""VDD"", ""VSS"", ""D_b"", ""z1"", ""CLK"", ""CLKB""]","[""VDD"", ""VSS"", ""TIME.dff_buf_data.dff_9.D_b"", ""TIME.dff_buf_data.dff_9.z1"", ""clk_buf"", ""TIME.dff_buf_data.dff_9.CLKB""]",APPROVED_LEAF_PRIMITIVE,TRANSMISSION_GATE_NW250_PW500_L50
16x16_read&write,TIME.dff_buf_data.dff_9.inv3,TIME.dff_buf_data.dff_9,DFF,PINV,'inv3',227,{},,True,"{""length"": 5e-08, ""nmos_model"": ""NMOS_VTG"", ""nmos_width"": 2.5e-07, ""num"": 1, ""pmos_model"": ""PMOS_VTG"", ""pmos_width"": 5e-07}","[""VDD"", ""VSS"", ""A"", ""Z""]","[""VDD"", ""VSS"", ""z1"", ""z2""]","[""VDD"", ""VSS"", ""TIME.dff_buf_data.dff_9.z1"", ""TIME.dff_buf_data.dff_9.z2""]",APPROVED_LEAF_PRIMITIVE,PINV_NW250_PW500_L50
16x16_read&write,TIME.dff_buf_data.dff_9.inv4,TIME.dff_buf_data.dff_9,DFF,PINV,'inv4',231,{},,True,"{""length"": 5e-08, ""nmos_model"": ""NMOS_VTG"", ""nmos_width"": 2.5e-07, ""num"": 1, ""pmos_model"": ""PMOS_VTG"", ""pmos_width"": 5e-07}","[""VDD"", ""VSS"", ""A"", ""Z""]","[""VDD"", ""VSS"", ""z2"", ""z3""]","[""VDD"", ""VSS"", ""TIME.dff_buf_data.dff_9.z2"", ""TIME.dff_buf_data.dff_9.z3""]",APPROVED_LEAF_PRIMITIVE,PINV_NW250_PW500_L50
16x16_read&write,TIME.dff_buf_data.dff_9.tg2,TIME.dff_buf_data.dff_9,DFF,TRANSMISSION_GATE,'tg2',234,{},,True,"{""nmos_model"": ""NMOS_VTG"", ""pmos_model"": ""PMOS_VTG""}","[""VDD"", ""VSS"", ""IN"", ""OUT"", ""CTR_P"", ""CTR_N""]","[""VDD"", ""VSS"", ""z3"", ""z1"", ""CLKB"", ""CLK""]","[""VDD"", ""VSS"", ""TIME.dff_buf_data.dff_9.z3"", ""TIME.dff_buf_data.dff_9.z1"", ""TIME.dff_buf_data.dff_9.CLKB"", ""clk_buf""]",APPROVED_LEAF_PRIMITIVE,TRANSMISSION_GATE_NW250_PW500_L50
16x16_read&write,TIME.dff_buf_data.dff_9.inv5,TIME.dff_buf_data.dff_9,DFF,PINV,'inv5',239,{},,True,"{""length"": 5e-08, ""nmos_model"": ""NMOS_VTG"", ""nmos_width"": 2.5e-07, ""num"": 1, ""pmos_model"": ""PMOS_VTG"", ""pmos_width"": 5e-07}","[""VDD"", ""VSS"", ""A"", ""Z""]","[""VDD"", ""VSS"", ""z2"", ""z4""]","[""VDD"", ""VSS"", ""TIME.dff_buf_data.dff_9.z2"", ""TIME.dff_buf_data.dff_9.z4""]",APPROVED_LEAF_PRIMITIVE,PINV_NW250_PW500_L50
16x16_read&write,TIME.dff_buf_data.dff_9.tg3,TIME.dff_buf_data.dff_9,DFF,TRANSMISSION_GATE,'tg3',242,{},,True,"{""nmos_model"": ""NMOS_VTG"", ""pmos_model"": ""PMOS_VTG""}","[""VDD"", ""VSS"", ""IN"", ""OUT"", ""CTR_P"", ""CTR_N""]","[""VDD"", ""VSS"", ""z4"", ""z5"", ""CLKB"", ""CLK""]","[""VDD"", ""VSS"", ""TIME.dff_buf_data.dff_9.z4"", ""TIME.dff_buf_data.dff_9.z5"", ""TIME.dff_buf_data.dff_9.CLKB"", ""clk_buf""]",APPROVED_LEAF_PRIMITIVE,TRANSMISSION_GATE_NW250_PW500_L50
16x16_read&write,TIME.dff_buf_data.dff_9.inv6,TIME.dff_buf_data.dff_9,DFF,PINV,'inv6',246,{},,True,"{""length"": 5e-08, ""nmos_model"": ""NMOS_VTG"", ""nmos_width"": 2.5e-07, ""num"": 1, ""pmos_model"": ""PMOS_VTG"", ""pmos_width"": 5e-07}","[""VDD"", ""VSS"", ""A"", ""Z""]","[""VDD"", ""VSS"", ""z5"", ""Q""]","[""VDD"", ""VSS"", ""TIME.dff_buf_data.dff_9.z5"", ""TIME.dff_buf_data.DIN_dff9""]",APPROVED_LEAF_PRIMITIVE,PINV_NW250_PW500_L50
16x16_read&write,TIME.dff_buf_data.dff_9.inv7,TIME.dff_buf_data.dff_9,DFF,PINV,'inv7',250,{},,True,"{""length"": 5e-08, ""nmos_model"": ""NMOS_VTG"", ""nmos_width"": 2.5e-07, ""num"": 1, ""pmos_model"": ""PMOS_VTG"", ""pmos_width"": 5e-07}","[""VDD"", ""VSS"", ""A"", ""Z""]","[""VDD"", ""VSS"", ""Q"", ""QB""]","[""VDD"", ""VSS"", ""TIME.dff_buf_data.DIN_dff9"", ""TIME.dff_buf_data.dff_9.QB""]",APPROVED_LEAF_PRIMITIVE,PINV_NW250_PW500_L50
16x16_read&write,TIME.dff_buf_data.dff_9.tg4,TIME.dff_buf_data.dff_9,DFF,TRANSMISSION_GATE,'tg4',254,{},,True,"{""nmos_model"": ""NMOS_VTG"", ""pmos_model"": ""PMOS_VTG""}","[""VDD"", ""VSS"", ""IN"", ""OUT"", ""CTR_P"", ""CTR_N""]","[""VDD"", ""VSS"", ""QB"", ""z5"", ""CLK"", ""CLKB""]","[""VDD"", ""VSS"", ""TIME.dff_buf_data.dff_9.QB"", ""TIME.dff_buf_data.dff_9.z5"", ""clk_buf"", ""TIME.dff_buf_data.dff_9.CLKB""]",APPROVED_LEAF_PRIMITIVE,TRANSMISSION_GATE_NW250_PW500_L50
16x16_read&write,TIME.dff_buf_data.dff_10,TIME.dff_buf_data,DATA_DFF,DFF,f'dff_{i}',479,"{""i"": 10}",,True,"{""nmos_model"": ""NMOS_VTG"", ""pmos_model"": ""PMOS_VTG"", ""pmos_width"": 5e-08}","[""VDD"", ""VSS"", ""D"", ""Q"", ""CLK""]","[""VDD"", ""VSS"", ""DIN10"", ""DIN_dff10"", ""CLK""]","[""VDD"", ""VSS"", ""TIME.dff_buf_data.DIN10"", ""TIME.dff_buf_data.DIN_dff10"", ""clk_buf""]",COMPOSITE_INSTANCE,
16x16_read&write,TIME.dff_buf_data.dff_10.inv1_clk,TIME.dff_buf_data.dff_10,DFF,PINV,'inv1_clk',216,{},,True,"{""length"": 5e-08, ""nmos_model"": ""NMOS_VTG"", ""nmos_width"": 2.5e-07, ""num"": 1, ""pmos_model"": ""PMOS_VTG"", ""pmos_width"": 5e-07}","[""VDD"", ""VSS"", ""A"", ""Z""]","[""VDD"", ""VSS"", ""CLK"", ""CLKB""]","[""VDD"", ""VSS"", ""clk_buf"", ""TIME.dff_buf_data.dff_10.CLKB""]",APPROVED_LEAF_PRIMITIVE,PINV_NW250_PW500_L50
16x16_read&write,TIME.dff_buf_data.dff_10.inv2_D,TIME.dff_buf_data.dff_10,DFF,PINV,'inv2_D',220,{},,True,"{""length"": 5e-08, ""nmos_model"": ""NMOS_VTG"", ""nmos_width"": 2.5e-07, ""num"": 1, ""pmos_model"": ""PMOS_VTG"", ""pmos_width"": 5e-07}","[""VDD"", ""VSS"", ""A"", ""Z""]","[""VDD"", ""VSS"", ""D"", ""D_b""]","[""VDD"", ""VSS"", ""TIME.dff_buf_data.DIN10"", ""TIME.dff_buf_data.dff_10.D_b""]",APPROVED_LEAF_PRIMITIVE,PINV_NW250_PW500_L50
16x16_read&write,TIME.dff_buf_data.dff_10.tg1,TIME.dff_buf_data.dff_10,DFF,TRANSMISSION_GATE,'tg1',223,{},,True,"{""nmos_model"": ""NMOS_VTG"", ""pmos_model"": ""PMOS_VTG""}","[""VDD"", ""VSS"", ""IN"", ""OUT"", ""CTR_P"", ""CTR_N""]","[""VDD"", ""VSS"", ""D_b"", ""z1"", ""CLK"", ""CLKB""]","[""VDD"", ""VSS"", ""TIME.dff_buf_data.dff_10.D_b"", ""TIME.dff_buf_data.dff_10.z1"", ""clk_buf"", ""TIME.dff_buf_data.dff_10.CLKB""]",APPROVED_LEAF_PRIMITIVE,TRANSMISSION_GATE_NW250_PW500_L50
16x16_read&write,TIME.dff_buf_data.dff_10.inv3,TIME.dff_buf_data.dff_10,DFF,PINV,'inv3',227,{},,True,"{""length"": 5e-08, ""nmos_model"": ""NMOS_VTG"", ""nmos_width"": 2.5e-07, ""num"": 1, ""pmos_model"": ""PMOS_VTG"", ""pmos_width"": 5e-07}","[""VDD"", ""VSS"", ""A"", ""Z""]","[""VDD"", ""VSS"", ""z1"", ""z2""]","[""VDD"", ""VSS"", ""TIME.dff_buf_data.dff_10.z1"", ""TIME.dff_buf_data.dff_10.z2""]",APPROVED_LEAF_PRIMITIVE,PINV_NW250_PW500_L50
16x16_read&write,TIME.dff_buf_data.dff_10.inv4,TIME.dff_buf_data.dff_10,DFF,PINV,'inv4',231,{},,True,"{""length"": 5e-08, ""nmos_model"": ""NMOS_VTG"", ""nmos_width"": 2.5e-07, ""num"": 1, ""pmos_model"": ""PMOS_VTG"", ""pmos_width"": 5e-07}","[""VDD"", ""VSS"", ""A"", ""Z""]","[""VDD"", ""VSS"", ""z2"", ""z3""]","[""VDD"", ""VSS"", ""TIME.dff_buf_data.dff_10.z2"", ""TIME.dff_buf_data.dff_10.z3""]",APPROVED_LEAF_PRIMITIVE,PINV_NW250_PW500_L50
16x16_read&write,TIME.dff_buf_data.dff_10.tg2,TIME.dff_buf_data.dff_10,DFF,TRANSMISSION_GATE,'tg2',234,{},,True,"{""nmos_model"": ""NMOS_VTG"", ""pmos_model"": ""PMOS_VTG""}","[""VDD"", ""VSS"", ""IN"", ""OUT"", ""CTR_P"", ""CTR_N""]","[""VDD"", ""VSS"", ""z3"", ""z1"", ""CLKB"", ""CLK""]","[""VDD"", ""VSS"", ""TIME.dff_buf_data.dff_10.z3"", ""TIME.dff_buf_data.dff_10.z1"", ""TIME.dff_buf_data.dff_10.CLKB"", ""clk_buf""]",APPROVED_LEAF_PRIMITIVE,TRANSMISSION_GATE_NW250_PW500_L50
16x16_read&write,TIME.dff_buf_data.dff_10.inv5,TIME.dff_buf_data.dff_10,DFF,PINV,'inv5',239,{},,True,"{""length"": 5e-08, ""nmos_model"": ""NMOS_VTG"", ""nmos_width"": 2.5e-07, ""num"": 1, ""pmos_model"": ""PMOS_VTG"", ""pmos_width"": 5e-07}","[""VDD"", ""VSS"", ""A"", ""Z""]","[""VDD"", ""VSS"", ""z2"", ""z4""]","[""VDD"", ""VSS"", ""TIME.dff_buf_data.dff_10.z2"", ""TIME.dff_buf_data.dff_10.z4""]",APPROVED_LEAF_PRIMITIVE,PINV_NW250_PW500_L50
16x16_read&write,TIME.dff_buf_data.dff_10.tg3,TIME.dff_buf_data.dff_10,DFF,TRANSMISSION_GATE,'tg3',242,{},,True,"{""nmos_model"": ""NMOS_VTG"", ""pmos_model"": ""PMOS_VTG""}","[""VDD"", ""VSS"", ""IN"", ""OUT"", ""CTR_P"", ""CTR_N""]","[""VDD"", ""VSS"", ""z4"", ""z5"", ""CLKB"", ""CLK""]","[""VDD"", ""VSS"", ""TIME.dff_buf_data.dff_10.z4"", ""TIME.dff_buf_data.dff_10.z5"", ""TIME.dff_buf_data.dff_10.CLKB"", ""clk_buf""]",APPROVED_LEAF_PRIMITIVE,TRANSMISSION_GATE_NW250_PW500_L50
16x16_read&write,TIME.dff_buf_data.dff_10.inv6,TIME.dff_buf_data.dff_10,DFF,PINV,'inv6',246,{},,True,"{""length"": 5e-08, ""nmos_model"": ""NMOS_VTG"", ""nmos_width"": 2.5e-07, ""num"": 1, ""pmos_model"": ""PMOS_VTG"", ""pmos_width"": 5e-07}","[""VDD"", ""VSS"", ""A"", ""Z""]","[""VDD"", ""VSS"", ""z5"", ""Q""]","[""VDD"", ""VSS"", ""TIME.dff_buf_data.dff_10.z5"", ""TIME.dff_buf_data.DIN_dff10""]",APPROVED_LEAF_PRIMITIVE,PINV_NW250_PW500_L50
16x16_read&write,TIME.dff_buf_data.dff_10.inv7,TIME.dff_buf_data.dff_10,DFF,PINV,'inv7',250,{},,True,"{""length"": 5e-08, ""nmos_model"": ""NMOS_VTG"", ""nmos_width"": 2.5e-07, ""num"": 1, ""pmos_model"": ""PMOS_VTG"", ""pmos_width"": 5e-07}","[""VDD"", ""VSS"", ""A"", ""Z""]","[""VDD"", ""VSS"", ""Q"", ""QB""]","[""VDD"", ""VSS"", ""TIME.dff_buf_data.DIN_dff10"", ""TIME.dff_buf_data.dff_10.QB""]",APPROVED_LEAF_PRIMITIVE,PINV_NW250_PW500_L50
16x16_read&write,TIME.dff_buf_data.dff_10.tg4,TIME.dff_buf_data.dff_10,DFF,TRANSMISSION_GATE,'tg4',254,{},,True,"{""nmos_model"": ""NMOS_VTG"", ""pmos_model"": ""PMOS_VTG""}","[""VDD"", ""VSS"", ""IN"", ""OUT"", ""CTR_P"", ""CTR_N""]","[""VDD"", ""VSS"", ""QB"", ""z5"", ""CLK"", ""CLKB""]","[""VDD"", ""VSS"", ""TIME.dff_buf_data.dff_10.QB"", ""TIME.dff_buf_data.dff_10.z5"", ""clk_buf"", ""TIME.dff_buf_data.dff_10.CLKB""]",APPROVED_LEAF_PRIMITIVE,TRANSMISSION_GATE_NW250_PW500_L50
16x16_read&write,TIME.dff_buf_data.dff_11,TIME.dff_buf_data,DATA_DFF,DFF,f'dff_{i}',479,"{""i"": 11}",,True,"{""nmos_model"": ""NMOS_VTG"", ""pmos_model"": ""PMOS_VTG"", ""pmos_width"": 5e-08}","[""VDD"", ""VSS"", ""D"", ""Q"", ""CLK""]","[""VDD"", ""VSS"", ""DIN11"", ""DIN_dff11"", ""CLK""]","[""VDD"", ""VSS"", ""TIME.dff_buf_data.DIN11"", ""TIME.dff_buf_data.DIN_dff11"", ""clk_buf""]",COMPOSITE_INSTANCE,
16x16_read&write,TIME.dff_buf_data.dff_11.inv1_clk,TIME.dff_buf_data.dff_11,DFF,PINV,'inv1_clk',216,{},,True,"{""length"": 5e-08, ""nmos_model"": ""NMOS_VTG"", ""nmos_width"": 2.5e-07, ""num"": 1, ""pmos_model"": ""PMOS_VTG"", ""pmos_width"": 5e-07}","[""VDD"", ""VSS"", ""A"", ""Z""]","[""VDD"", ""VSS"", ""CLK"", ""CLKB""]","[""VDD"", ""VSS"", ""clk_buf"", ""TIME.dff_buf_data.dff_11.CLKB""]",APPROVED_LEAF_PRIMITIVE,PINV_NW250_PW500_L50
16x16_read&write,TIME.dff_buf_data.dff_11.inv2_D,TIME.dff_buf_data.dff_11,DFF,PINV,'inv2_D',220,{},,True,"{""length"": 5e-08, ""nmos_model"": ""NMOS_VTG"", ""nmos_width"": 2.5e-07, ""num"": 1, ""pmos_model"": ""PMOS_VTG"", ""pmos_width"": 5e-07}","[""VDD"", ""VSS"", ""A"", ""Z""]","[""VDD"", ""VSS"", ""D"", ""D_b""]","[""VDD"", ""VSS"", ""TIME.dff_buf_data.DIN11"", ""TIME.dff_buf_data.dff_11.D_b""]",APPROVED_LEAF_PRIMITIVE,PINV_NW250_PW500_L50
16x16_read&write,TIME.dff_buf_data.dff_11.tg1,TIME.dff_buf_data.dff_11,DFF,TRANSMISSION_GATE,'tg1',223,{},,True,"{""nmos_model"": ""NMOS_VTG"", ""pmos_model"": ""PMOS_VTG""}","[""VDD"", ""VSS"", ""IN"", ""OUT"", ""CTR_P"", ""CTR_N""]","[""VDD"", ""VSS"", ""D_b"", ""z1"", ""CLK"", ""CLKB""]","[""VDD"", ""VSS"", ""TIME.dff_buf_data.dff_11.D_b"", ""TIME.dff_buf_data.dff_11.z1"", ""clk_buf"", ""TIME.dff_buf_data.dff_11.CLKB""]",APPROVED_LEAF_PRIMITIVE,TRANSMISSION_GATE_NW250_PW500_L50
16x16_read&write,TIME.dff_buf_data.dff_11.inv3,TIME.dff_buf_data.dff_11,DFF,PINV,'inv3',227,{},,True,"{""length"": 5e-08, ""nmos_model"": ""NMOS_VTG"", ""nmos_width"": 2.5e-07, ""num"": 1, ""pmos_model"": ""PMOS_VTG"", ""pmos_width"": 5e-07}","[""VDD"", ""VSS"", ""A"", ""Z""]","[""VDD"", ""VSS"", ""z1"", ""z2""]","[""VDD"", ""VSS"", ""TIME.dff_buf_data.dff_11.z1"", ""TIME.dff_buf_data.dff_11.z2""]",APPROVED_LEAF_PRIMITIVE,PINV_NW250_PW500_L50
16x16_read&write,TIME.dff_buf_data.dff_11.inv4,TIME.dff_buf_data.dff_11,DFF,PINV,'inv4',231,{},,True,"{""length"": 5e-08, ""nmos_model"": ""NMOS_VTG"", ""nmos_width"": 2.5e-07, ""num"": 1, ""pmos_model"": ""PMOS_VTG"", ""pmos_width"": 5e-07}","[""VDD"", ""VSS"", ""A"", ""Z""]","[""VDD"", ""VSS"", ""z2"", ""z3""]","[""VDD"", ""VSS"", ""TIME.dff_buf_data.dff_11.z2"", ""TIME.dff_buf_data.dff_11.z3""]",APPROVED_LEAF_PRIMITIVE,PINV_NW250_PW500_L50
16x16_read&write,TIME.dff_buf_data.dff_11.tg2,TIME.dff_buf_data.dff_11,DFF,TRANSMISSION_GATE,'tg2',234,{},,True,"{""nmos_model"": ""NMOS_VTG"", ""pmos_model"": ""PMOS_VTG""}","[""VDD"", ""VSS"", ""IN"", ""OUT"", ""CTR_P"", ""CTR_N""]","[""VDD"", ""VSS"", ""z3"", ""z1"", ""CLKB"", ""CLK""]","[""VDD"", ""VSS"", ""TIME.dff_buf_data.dff_11.z3"", ""TIME.dff_buf_data.dff_11.z1"", ""TIME.dff_buf_data.dff_11.CLKB"", ""clk_buf""]",APPROVED_LEAF_PRIMITIVE,TRANSMISSION_GATE_NW250_PW500_L50
16x16_read&write,TIME.dff_buf_data.dff_11.inv5,TIME.dff_buf_data.dff_11,DFF,PINV,'inv5',239,{},,True,"{""length"": 5e-08, ""nmos_model"": ""NMOS_VTG"", ""nmos_width"": 2.5e-07, ""num"": 1, ""pmos_model"": ""PMOS_VTG"", ""pmos_width"": 5e-07}","[""VDD"", ""VSS"", ""A"", ""Z""]","[""VDD"", ""VSS"", ""z2"", ""z4""]","[""VDD"", ""VSS"", ""TIME.dff_buf_data.dff_11.z2"", ""TIME.dff_buf_data.dff_11.z4""]",APPROVED_LEAF_PRIMITIVE,PINV_NW250_PW500_L50
16x16_read&write,TIME.dff_buf_data.dff_11.tg3,TIME.dff_buf_data.dff_11,DFF,TRANSMISSION_GATE,'tg3',242,{},,True,"{""nmos_model"": ""NMOS_VTG"", ""pmos_model"": ""PMOS_VTG""}","[""VDD"", ""VSS"", ""IN"", ""OUT"", ""CTR_P"", ""CTR_N""]","[""VDD"", ""VSS"", ""z4"", ""z5"", ""CLKB"", ""CLK""]","[""VDD"", ""VSS"", ""TIME.dff_buf_data.dff_11.z4"", ""TIME.dff_buf_data.dff_11.z5"", ""TIME.dff_buf_data.dff_11.CLKB"", ""clk_buf""]",APPROVED_LEAF_PRIMITIVE,TRANSMISSION_GATE_NW250_PW500_L50
16x16_read&write,TIME.dff_buf_data.dff_11.inv6,TIME.dff_buf_data.dff_11,DFF,PINV,'inv6',246,{},,True,"{""length"": 5e-08, ""nmos_model"": ""NMOS_VTG"", ""nmos_width"": 2.5e-07, ""num"": 1, ""pmos_model"": ""PMOS_VTG"", ""pmos_width"": 5e-07}","[""VDD"", ""VSS"", ""A"", ""Z""]","[""VDD"", ""VSS"", ""z5"", ""Q""]","[""VDD"", ""VSS"", ""TIME.dff_buf_data.dff_11.z5"", ""TIME.dff_buf_data.DIN_dff11""]",APPROVED_LEAF_PRIMITIVE,PINV_NW250_PW500_L50
16x16_read&write,TIME.dff_buf_data.dff_11.inv7,TIME.dff_buf_data.dff_11,DFF,PINV,'inv7',250,{},,True,"{""length"": 5e-08, ""nmos_model"": ""NMOS_VTG"", ""nmos_width"": 2.5e-07, ""num"": 1, ""pmos_model"": ""PMOS_VTG"", ""pmos_width"": 5e-07}","[""VDD"", ""VSS"", ""A"", ""Z""]","[""VDD"", ""VSS"", ""Q"", ""QB""]","[""VDD"", ""VSS"", ""TIME.dff_buf_data.DIN_dff11"", ""TIME.dff_buf_data.dff_11.QB""]",APPROVED_LEAF_PRIMITIVE,PINV_NW250_PW500_L50
16x16_read&write,TIME.dff_buf_data.dff_11.tg4,TIME.dff_buf_data.dff_11,DFF,TRANSMISSION_GATE,'tg4',254,{},,True,"{""nmos_model"": ""NMOS_VTG"", ""pmos_model"": ""PMOS_VTG""}","[""VDD"", ""VSS"", ""IN"", ""OUT"", ""CTR_P"", ""CTR_N""]","[""VDD"", ""VSS"", ""QB"", ""z5"", ""CLK"", ""CLKB""]","[""VDD"", ""VSS"", ""TIME.dff_buf_data.dff_11.QB"", ""TIME.dff_buf_data.dff_11.z5"", ""clk_buf"", ""TIME.dff_buf_data.dff_11.CLKB""]",APPROVED_LEAF_PRIMITIVE,TRANSMISSION_GATE_NW250_PW500_L50
16x16_read&write,TIME.dff_buf_data.dff_12,TIME.dff_buf_data,DATA_DFF,DFF,f'dff_{i}',479,"{""i"": 12}",,True,"{""nmos_model"": ""NMOS_VTG"", ""pmos_model"": ""PMOS_VTG"", ""pmos_width"": 5e-08}","[""VDD"", ""VSS"", ""D"", ""Q"", ""CLK""]","[""VDD"", ""VSS"", ""DIN12"", ""DIN_dff12"", ""CLK""]","[""VDD"", ""VSS"", ""TIME.dff_buf_data.DIN12"", ""TIME.dff_buf_data.DIN_dff12"", ""clk_buf""]",COMPOSITE_INSTANCE,
16x16_read&write,TIME.dff_buf_data.dff_12.inv1_clk,TIME.dff_buf_data.dff_12,DFF,PINV,'inv1_clk',216,{},,True,"{""length"": 5e-08, ""nmos_model"": ""NMOS_VTG"", ""nmos_width"": 2.5e-07, ""num"": 1, ""pmos_model"": ""PMOS_VTG"", ""pmos_width"": 5e-07}","[""VDD"", ""VSS"", ""A"", ""Z""]","[""VDD"", ""VSS"", ""CLK"", ""CLKB""]","[""VDD"", ""VSS"", ""clk_buf"", ""TIME.dff_buf_data.dff_12.CLKB""]",APPROVED_LEAF_PRIMITIVE,PINV_NW250_PW500_L50
16x16_read&write,TIME.dff_buf_data.dff_12.inv2_D,TIME.dff_buf_data.dff_12,DFF,PINV,'inv2_D',220,{},,True,"{""length"": 5e-08, ""nmos_model"": ""NMOS_VTG"", ""nmos_width"": 2.5e-07, ""num"": 1, ""pmos_model"": ""PMOS_VTG"", ""pmos_width"": 5e-07}","[""VDD"", ""VSS"", ""A"", ""Z""]","[""VDD"", ""VSS"", ""D"", ""D_b""]","[""VDD"", ""VSS"", ""TIME.dff_buf_data.DIN12"", ""TIME.dff_buf_data.dff_12.D_b""]",APPROVED_LEAF_PRIMITIVE,PINV_NW250_PW500_L50
16x16_read&write,TIME.dff_buf_data.dff_12.tg1,TIME.dff_buf_data.dff_12,DFF,TRANSMISSION_GATE,'tg1',223,{},,True,"{""nmos_model"": ""NMOS_VTG"", ""pmos_model"": ""PMOS_VTG""}","[""VDD"", ""VSS"", ""IN"", ""OUT"", ""CTR_P"", ""CTR_N""]","[""VDD"", ""VSS"", ""D_b"", ""z1"", ""CLK"", ""CLKB""]","[""VDD"", ""VSS"", ""TIME.dff_buf_data.dff_12.D_b"", ""TIME.dff_buf_data.dff_12.z1"", ""clk_buf"", ""TIME.dff_buf_data.dff_12.CLKB""]",APPROVED_LEAF_PRIMITIVE,TRANSMISSION_GATE_NW250_PW500_L50
16x16_read&write,TIME.dff_buf_data.dff_12.inv3,TIME.dff_buf_data.dff_12,DFF,PINV,'inv3',227,{},,True,"{""length"": 5e-08, ""nmos_model"": ""NMOS_VTG"", ""nmos_width"": 2.5e-07, ""num"": 1, ""pmos_model"": ""PMOS_VTG"", ""pmos_width"": 5e-07}","[""VDD"", ""VSS"", ""A"", ""Z""]","[""VDD"", ""VSS"", ""z1"", ""z2""]","[""VDD"", ""VSS"", ""TIME.dff_buf_data.dff_12.z1"", ""TIME.dff_buf_data.dff_12.z2""]",APPROVED_LEAF_PRIMITIVE,PINV_NW250_PW500_L50
16x16_read&write,TIME.dff_buf_data.dff_12.inv4,TIME.dff_buf_data.dff_12,DFF,PINV,'inv4',231,{},,True,"{""length"": 5e-08, ""nmos_model"": ""NMOS_VTG"", ""nmos_width"": 2.5e-07, ""num"": 1, ""pmos_model"": ""PMOS_VTG"", ""pmos_width"": 5e-07}","[""VDD"", ""VSS"", ""A"", ""Z""]","[""VDD"", ""VSS"", ""z2"", ""z3""]","[""VDD"", ""VSS"", ""TIME.dff_buf_data.dff_12.z2"", ""TIME.dff_buf_data.dff_12.z3""]",APPROVED_LEAF_PRIMITIVE,PINV_NW250_PW500_L50
16x16_read&write,TIME.dff_buf_data.dff_12.tg2,TIME.dff_buf_data.dff_12,DFF,TRANSMISSION_GATE,'tg2',234,{},,True,"{""nmos_model"": ""NMOS_VTG"", ""pmos_model"": ""PMOS_VTG""}","[""VDD"", ""VSS"", ""IN"", ""OUT"", ""CTR_P"", ""CTR_N""]","[""VDD"", ""VSS"", ""z3"", ""z1"", ""CLKB"", ""CLK""]","[""VDD"", ""VSS"", ""TIME.dff_buf_data.dff_12.z3"", ""TIME.dff_buf_data.dff_12.z1"", ""TIME.dff_buf_data.dff_12.CLKB"", ""clk_buf""]",APPROVED_LEAF_PRIMITIVE,TRANSMISSION_GATE_NW250_PW500_L50
16x16_read&write,TIME.dff_buf_data.dff_12.inv5,TIME.dff_buf_data.dff_12,DFF,PINV,'inv5',239,{},,True,"{""length"": 5e-08, ""nmos_model"": ""NMOS_VTG"", ""nmos_width"": 2.5e-07, ""num"": 1, ""pmos_model"": ""PMOS_VTG"", ""pmos_width"": 5e-07}","[""VDD"", ""VSS"", ""A"", ""Z""]","[""VDD"", ""VSS"", ""z2"", ""z4""]","[""VDD"", ""VSS"", ""TIME.dff_buf_data.dff_12.z2"", ""TIME.dff_buf_data.dff_12.z4""]",APPROVED_LEAF_PRIMITIVE,PINV_NW250_PW500_L50
16x16_read&write,TIME.dff_buf_data.dff_12.tg3,TIME.dff_buf_data.dff_12,DFF,TRANSMISSION_GATE,'tg3',242,{},,True,"{""nmos_model"": ""NMOS_VTG"", ""pmos_model"": ""PMOS_VTG""}","[""VDD"", ""VSS"", ""IN"", ""OUT"", ""CTR_P"", ""CTR_N""]","[""VDD"", ""VSS"", ""z4"", ""z5"", ""CLKB"", ""CLK""]","[""VDD"", ""VSS"", ""TIME.dff_buf_data.dff_12.z4"", ""TIME.dff_buf_data.dff_12.z5"", ""TIME.dff_buf_data.dff_12.CLKB"", ""clk_buf""]",APPROVED_LEAF_PRIMITIVE,TRANSMISSION_GATE_NW250_PW500_L50
16x16_read&write,TIME.dff_buf_data.dff_12.inv6,TIME.dff_buf_data.dff_12,DFF,PINV,'inv6',246,{},,True,"{""length"": 5e-08, ""nmos_model"": ""NMOS_VTG"", ""nmos_width"": 2.5e-07, ""num"": 1, ""pmos_model"": ""PMOS_VTG"", ""pmos_width"": 5e-07}","[""VDD"", ""VSS"", ""A"", ""Z""]","[""VDD"", ""VSS"", ""z5"", ""Q""]","[""VDD"", ""VSS"", ""TIME.dff_buf_data.dff_12.z5"", ""TIME.dff_buf_data.DIN_dff12""]",APPROVED_LEAF_PRIMITIVE,PINV_NW250_PW500_L50
16x16_read&write,TIME.dff_buf_data.dff_12.inv7,TIME.dff_buf_data.dff_12,DFF,PINV,'inv7',250,{},,True,"{""length"": 5e-08, ""nmos_model"": ""NMOS_VTG"", ""nmos_width"": 2.5e-07, ""num"": 1, ""pmos_model"": ""PMOS_VTG"", ""pmos_width"": 5e-07}","[""VDD"", ""VSS"", ""A"", ""Z""]","[""VDD"", ""VSS"", ""Q"", ""QB""]","[""VDD"", ""VSS"", ""TIME.dff_buf_data.DIN_dff12"", ""TIME.dff_buf_data.dff_12.QB""]",APPROVED_LEAF_PRIMITIVE,PINV_NW250_PW500_L50
16x16_read&write,TIME.dff_buf_data.dff_12.tg4,TIME.dff_buf_data.dff_12,DFF,TRANSMISSION_GATE,'tg4',254,{},,True,"{""nmos_model"": ""NMOS_VTG"", ""pmos_model"": ""PMOS_VTG""}","[""VDD"", ""VSS"", ""IN"", ""OUT"", ""CTR_P"", ""CTR_N""]","[""VDD"", ""VSS"", ""QB"", ""z5"", ""CLK"", ""CLKB""]","[""VDD"", ""VSS"", ""TIME.dff_buf_data.dff_12.QB"", ""TIME.dff_buf_data.dff_12.z5"", ""clk_buf"", ""TIME.dff_buf_data.dff_12.CLKB""]",APPROVED_LEAF_PRIMITIVE,TRANSMISSION_GATE_NW250_PW500_L50
16x16_read&write,TIME.dff_buf_data.dff_13,TIME.dff_buf_data,DATA_DFF,DFF,f'dff_{i}',479,"{""i"": 13}",,True,"{""nmos_model"": ""NMOS_VTG"", ""pmos_model"": ""PMOS_VTG"", ""pmos_width"": 5e-08}","[""VDD"", ""VSS"", ""D"", ""Q"", ""CLK""]","[""VDD"", ""VSS"", ""DIN13"", ""DIN_dff13"", ""CLK""]","[""VDD"", ""VSS"", ""TIME.dff_buf_data.DIN13"", ""TIME.dff_buf_data.DIN_dff13"", ""clk_buf""]",COMPOSITE_INSTANCE,
16x16_read&write,TIME.dff_buf_data.dff_13.inv1_clk,TIME.dff_buf_data.dff_13,DFF,PINV,'inv1_clk',216,{},,True,"{""length"": 5e-08, ""nmos_model"": ""NMOS_VTG"", ""nmos_width"": 2.5e-07, ""num"": 1, ""pmos_model"": ""PMOS_VTG"", ""pmos_width"": 5e-07}","[""VDD"", ""VSS"", ""A"", ""Z""]","[""VDD"", ""VSS"", ""CLK"", ""CLKB""]","[""VDD"", ""VSS"", ""clk_buf"", ""TIME.dff_buf_data.dff_13.CLKB""]",APPROVED_LEAF_PRIMITIVE,PINV_NW250_PW500_L50
16x16_read&write,TIME.dff_buf_data.dff_13.inv2_D,TIME.dff_buf_data.dff_13,DFF,PINV,'inv2_D',220,{},,True,"{""length"": 5e-08, ""nmos_model"": ""NMOS_VTG"", ""nmos_width"": 2.5e-07, ""num"": 1, ""pmos_model"": ""PMOS_VTG"", ""pmos_width"": 5e-07}","[""VDD"", ""VSS"", ""A"", ""Z""]","[""VDD"", ""VSS"", ""D"", ""D_b""]","[""VDD"", ""VSS"", ""TIME.dff_buf_data.DIN13"", ""TIME.dff_buf_data.dff_13.D_b""]",APPROVED_LEAF_PRIMITIVE,PINV_NW250_PW500_L50
16x16_read&write,TIME.dff_buf_data.dff_13.tg1,TIME.dff_buf_data.dff_13,DFF,TRANSMISSION_GATE,'tg1',223,{},,True,"{""nmos_model"": ""NMOS_VTG"", ""pmos_model"": ""PMOS_VTG""}","[""VDD"", ""VSS"", ""IN"", ""OUT"", ""CTR_P"", ""CTR_N""]","[""VDD"", ""VSS"", ""D_b"", ""z1"", ""CLK"", ""CLKB""]","[""VDD"", ""VSS"", ""TIME.dff_buf_data.dff_13.D_b"", ""TIME.dff_buf_data.dff_13.z1"", ""clk_buf"", ""TIME.dff_buf_data.dff_13.CLKB""]",APPROVED_LEAF_PRIMITIVE,TRANSMISSION_GATE_NW250_PW500_L50
16x16_read&write,TIME.dff_buf_data.dff_13.inv3,TIME.dff_buf_data.dff_13,DFF,PINV,'inv3',227,{},,True,"{""length"": 5e-08, ""nmos_model"": ""NMOS_VTG"", ""nmos_width"": 2.5e-07, ""num"": 1, ""pmos_model"": ""PMOS_VTG"", ""pmos_width"": 5e-07}","[""VDD"", ""VSS"", ""A"", ""Z""]","[""VDD"", ""VSS"", ""z1"", ""z2""]","[""VDD"", ""VSS"", ""TIME.dff_buf_data.dff_13.z1"", ""TIME.dff_buf_data.dff_13.z2""]",APPROVED_LEAF_PRIMITIVE,PINV_NW250_PW500_L50
16x16_read&write,TIME.dff_buf_data.dff_13.inv4,TIME.dff_buf_data.dff_13,DFF,PINV,'inv4',231,{},,True,"{""length"": 5e-08, ""nmos_model"": ""NMOS_VTG"", ""nmos_width"": 2.5e-07, ""num"": 1, ""pmos_model"": ""PMOS_VTG"", ""pmos_width"": 5e-07}","[""VDD"", ""VSS"", ""A"", ""Z""]","[""VDD"", ""VSS"", ""z2"", ""z3""]","[""VDD"", ""VSS"", ""TIME.dff_buf_data.dff_13.z2"", ""TIME.dff_buf_data.dff_13.z3""]",APPROVED_LEAF_PRIMITIVE,PINV_NW250_PW500_L50
16x16_read&write,TIME.dff_buf_data.dff_13.tg2,TIME.dff_buf_data.dff_13,DFF,TRANSMISSION_GATE,'tg2',234,{},,True,"{""nmos_model"": ""NMOS_VTG"", ""pmos_model"": ""PMOS_VTG""}","[""VDD"", ""VSS"", ""IN"", ""OUT"", ""CTR_P"", ""CTR_N""]","[""VDD"", ""VSS"", ""z3"", ""z1"", ""CLKB"", ""CLK""]","[""VDD"", ""VSS"", ""TIME.dff_buf_data.dff_13.z3"", ""TIME.dff_buf_data.dff_13.z1"", ""TIME.dff_buf_data.dff_13.CLKB"", ""clk_buf""]",APPROVED_LEAF_PRIMITIVE,TRANSMISSION_GATE_NW250_PW500_L50
16x16_read&write,TIME.dff_buf_data.dff_13.inv5,TIME.dff_buf_data.dff_13,DFF,PINV,'inv5',239,{},,True,"{""length"": 5e-08, ""nmos_model"": ""NMOS_VTG"", ""nmos_width"": 2.5e-07, ""num"": 1, ""pmos_model"": ""PMOS_VTG"", ""pmos_width"": 5e-07}","[""VDD"", ""VSS"", ""A"", ""Z""]","[""VDD"", ""VSS"", ""z2"", ""z4""]","[""VDD"", ""VSS"", ""TIME.dff_buf_data.dff_13.z2"", ""TIME.dff_buf_data.dff_13.z4""]",APPROVED_LEAF_PRIMITIVE,PINV_NW250_PW500_L50
16x16_read&write,TIME.dff_buf_data.dff_13.tg3,TIME.dff_buf_data.dff_13,DFF,TRANSMISSION_GATE,'tg3',242,{},,True,"{""nmos_model"": ""NMOS_VTG"", ""pmos_model"": ""PMOS_VTG""}","[""VDD"", ""VSS"", ""IN"", ""OUT"", ""CTR_P"", ""CTR_N""]","[""VDD"", ""VSS"", ""z4"", ""z5"", ""CLKB"", ""CLK""]","[""VDD"", ""VSS"", ""TIME.dff_buf_data.dff_13.z4"", ""TIME.dff_buf_data.dff_13.z5"", ""TIME.dff_buf_data.dff_13.CLKB"", ""clk_buf""]",APPROVED_LEAF_PRIMITIVE,TRANSMISSION_GATE_NW250_PW500_L50
16x16_read&write,TIME.dff_buf_data.dff_13.inv6,TIME.dff_buf_data.dff_13,DFF,PINV,'inv6',246,{},,True,"{""length"": 5e-08, ""nmos_model"": ""NMOS_VTG"", ""nmos_width"": 2.5e-07, ""num"": 1, ""pmos_model"": ""PMOS_VTG"", ""pmos_width"": 5e-07}","[""VDD"", ""VSS"", ""A"", ""Z""]","[""VDD"", ""VSS"", ""z5"", ""Q""]","[""VDD"", ""VSS"", ""TIME.dff_buf_data.dff_13.z5"", ""TIME.dff_buf_data.DIN_dff13""]",APPROVED_LEAF_PRIMITIVE,PINV_NW250_PW500_L50
16x16_read&write,TIME.dff_buf_data.dff_13.inv7,TIME.dff_buf_data.dff_13,DFF,PINV,'inv7',250,{},,True,"{""length"": 5e-08, ""nmos_model"": ""NMOS_VTG"", ""nmos_width"": 2.5e-07, ""num"": 1, ""pmos_model"": ""PMOS_VTG"", ""pmos_width"": 5e-07}","[""VDD"", ""VSS"", ""A"", ""Z""]","[""VDD"", ""VSS"", ""Q"", ""QB""]","[""VDD"", ""VSS"", ""TIME.dff_buf_data.DIN_dff13"", ""TIME.dff_buf_data.dff_13.QB""]",APPROVED_LEAF_PRIMITIVE,PINV_NW250_PW500_L50
16x16_read&write,TIME.dff_buf_data.dff_13.tg4,TIME.dff_buf_data.dff_13,DFF,TRANSMISSION_GATE,'tg4',254,{},,True,"{""nmos_model"": ""NMOS_VTG"", ""pmos_model"": ""PMOS_VTG""}","[""VDD"", ""VSS"", ""IN"", ""OUT"", ""CTR_P"", ""CTR_N""]","[""VDD"", ""VSS"", ""QB"", ""z5"", ""CLK"", ""CLKB""]","[""VDD"", ""VSS"", ""TIME.dff_buf_data.dff_13.QB"", ""TIME.dff_buf_data.dff_13.z5"", ""clk_buf"", ""TIME.dff_buf_data.dff_13.CLKB""]",APPROVED_LEAF_PRIMITIVE,TRANSMISSION_GATE_NW250_PW500_L50
16x16_read&write,TIME.dff_buf_data.dff_14,TIME.dff_buf_data,DATA_DFF,DFF,f'dff_{i}',479,"{""i"": 14}",,True,"{""nmos_model"": ""NMOS_VTG"", ""pmos_model"": ""PMOS_VTG"", ""pmos_width"": 5e-08}","[""VDD"", ""VSS"", ""D"", ""Q"", ""CLK""]","[""VDD"", ""VSS"", ""DIN14"", ""DIN_dff14"", ""CLK""]","[""VDD"", ""VSS"", ""TIME.dff_buf_data.DIN14"", ""TIME.dff_buf_data.DIN_dff14"", ""clk_buf""]",COMPOSITE_INSTANCE,
16x16_read&write,TIME.dff_buf_data.dff_14.inv1_clk,TIME.dff_buf_data.dff_14,DFF,PINV,'inv1_clk',216,{},,True,"{""length"": 5e-08, ""nmos_model"": ""NMOS_VTG"", ""nmos_width"": 2.5e-07, ""num"": 1, ""pmos_model"": ""PMOS_VTG"", ""pmos_width"": 5e-07}","[""VDD"", ""VSS"", ""A"", ""Z""]","[""VDD"", ""VSS"", ""CLK"", ""CLKB""]","[""VDD"", ""VSS"", ""clk_buf"", ""TIME.dff_buf_data.dff_14.CLKB""]",APPROVED_LEAF_PRIMITIVE,PINV_NW250_PW500_L50
16x16_read&write,TIME.dff_buf_data.dff_14.inv2_D,TIME.dff_buf_data.dff_14,DFF,PINV,'inv2_D',220,{},,True,"{""length"": 5e-08, ""nmos_model"": ""NMOS_VTG"", ""nmos_width"": 2.5e-07, ""num"": 1, ""pmos_model"": ""PMOS_VTG"", ""pmos_width"": 5e-07}","[""VDD"", ""VSS"", ""A"", ""Z""]","[""VDD"", ""VSS"", ""D"", ""D_b""]","[""VDD"", ""VSS"", ""TIME.dff_buf_data.DIN14"", ""TIME.dff_buf_data.dff_14.D_b""]",APPROVED_LEAF_PRIMITIVE,PINV_NW250_PW500_L50
16x16_read&write,TIME.dff_buf_data.dff_14.tg1,TIME.dff_buf_data.dff_14,DFF,TRANSMISSION_GATE,'tg1',223,{},,True,"{""nmos_model"": ""NMOS_VTG"", ""pmos_model"": ""PMOS_VTG""}","[""VDD"", ""VSS"", ""IN"", ""OUT"", ""CTR_P"", ""CTR_N""]","[""VDD"", ""VSS"", ""D_b"", ""z1"", ""CLK"", ""CLKB""]","[""VDD"", ""VSS"", ""TIME.dff_buf_data.dff_14.D_b"", ""TIME.dff_buf_data.dff_14.z1"", ""clk_buf"", ""TIME.dff_buf_data.dff_14.CLKB""]",APPROVED_LEAF_PRIMITIVE,TRANSMISSION_GATE_NW250_PW500_L50
16x16_read&write,TIME.dff_buf_data.dff_14.inv3,TIME.dff_buf_data.dff_14,DFF,PINV,'inv3',227,{},,True,"{""length"": 5e-08, ""nmos_model"": ""NMOS_VTG"", ""nmos_width"": 2.5e-07, ""num"": 1, ""pmos_model"": ""PMOS_VTG"", ""pmos_width"": 5e-07}","[""VDD"", ""VSS"", ""A"", ""Z""]","[""VDD"", ""VSS"", ""z1"", ""z2""]","[""VDD"", ""VSS"", ""TIME.dff_buf_data.dff_14.z1"", ""TIME.dff_buf_data.dff_14.z2""]",APPROVED_LEAF_PRIMITIVE,PINV_NW250_PW500_L50
16x16_read&write,TIME.dff_buf_data.dff_14.inv4,TIME.dff_buf_data.dff_14,DFF,PINV,'inv4',231,{},,True,"{""length"": 5e-08, ""nmos_model"": ""NMOS_VTG"", ""nmos_width"": 2.5e-07, ""num"": 1, ""pmos_model"": ""PMOS_VTG"", ""pmos_width"": 5e-07}","[""VDD"", ""VSS"", ""A"", ""Z""]","[""VDD"", ""VSS"", ""z2"", ""z3""]","[""VDD"", ""VSS"", ""TIME.dff_buf_data.dff_14.z2"", ""TIME.dff_buf_data.dff_14.z3""]",APPROVED_LEAF_PRIMITIVE,PINV_NW250_PW500_L50
16x16_read&write,TIME.dff_buf_data.dff_14.tg2,TIME.dff_buf_data.dff_14,DFF,TRANSMISSION_GATE,'tg2',234,{},,True,"{""nmos_model"": ""NMOS_VTG"", ""pmos_model"": ""PMOS_VTG""}","[""VDD"", ""VSS"", ""IN"", ""OUT"", ""CTR_P"", ""CTR_N""]","[""VDD"", ""VSS"", ""z3"", ""z1"", ""CLKB"", ""CLK""]","[""VDD"", ""VSS"", ""TIME.dff_buf_data.dff_14.z3"", ""TIME.dff_buf_data.dff_14.z1"", ""TIME.dff_buf_data.dff_14.CLKB"", ""clk_buf""]",APPROVED_LEAF_PRIMITIVE,TRANSMISSION_GATE_NW250_PW500_L50
16x16_read&write,TIME.dff_buf_data.dff_14.inv5,TIME.dff_buf_data.dff_14,DFF,PINV,'inv5',239,{},,True,"{""length"": 5e-08, ""nmos_model"": ""NMOS_VTG"", ""nmos_width"": 2.5e-07, ""num"": 1, ""pmos_model"": ""PMOS_VTG"", ""pmos_width"": 5e-07}","[""VDD"", ""VSS"", ""A"", ""Z""]","[""VDD"", ""VSS"", ""z2"", ""z4""]","[""VDD"", ""VSS"", ""TIME.dff_buf_data.dff_14.z2"", ""TIME.dff_buf_data.dff_14.z4""]",APPROVED_LEAF_PRIMITIVE,PINV_NW250_PW500_L50
16x16_read&write,TIME.dff_buf_data.dff_14.tg3,TIME.dff_buf_data.dff_14,DFF,TRANSMISSION_GATE,'tg3',242,{},,True,"{""nmos_model"": ""NMOS_VTG"", ""pmos_model"": ""PMOS_VTG""}","[""VDD"", ""VSS"", ""IN"", ""OUT"", ""CTR_P"", ""CTR_N""]","[""VDD"", ""VSS"", ""z4"", ""z5"", ""CLKB"", ""CLK""]","[""VDD"", ""VSS"", ""TIME.dff_buf_data.dff_14.z4"", ""TIME.dff_buf_data.dff_14.z5"", ""TIME.dff_buf_data.dff_14.CLKB"", ""clk_buf""]",APPROVED_LEAF_PRIMITIVE,TRANSMISSION_GATE_NW250_PW500_L50
16x16_read&write,TIME.dff_buf_data.dff_14.inv6,TIME.dff_buf_data.dff_14,DFF,PINV,'inv6',246,{},,True,"{""length"": 5e-08, ""nmos_model"": ""NMOS_VTG"", ""nmos_width"": 2.5e-07, ""num"": 1, ""pmos_model"": ""PMOS_VTG"", ""pmos_width"": 5e-07}","[""VDD"", ""VSS"", ""A"", ""Z""]","[""VDD"", ""VSS"", ""z5"", ""Q""]","[""VDD"", ""VSS"", ""TIME.dff_buf_data.dff_14.z5"", ""TIME.dff_buf_data.DIN_dff14""]",APPROVED_LEAF_PRIMITIVE,PINV_NW250_PW500_L50
16x16_read&write,TIME.dff_buf_data.dff_14.inv7,TIME.dff_buf_data.dff_14,DFF,PINV,'inv7',250,{},,True,"{""length"": 5e-08, ""nmos_model"": ""NMOS_VTG"", ""nmos_width"": 2.5e-07, ""num"": 1, ""pmos_model"": ""PMOS_VTG"", ""pmos_width"": 5e-07}","[""VDD"", ""VSS"", ""A"", ""Z""]","[""VDD"", ""VSS"", ""Q"", ""QB""]","[""VDD"", ""VSS"", ""TIME.dff_buf_data.DIN_dff14"", ""TIME.dff_buf_data.dff_14.QB""]",APPROVED_LEAF_PRIMITIVE,PINV_NW250_PW500_L50
16x16_read&write,TIME.dff_buf_data.dff_14.tg4,TIME.dff_buf_data.dff_14,DFF,TRANSMISSION_GATE,'tg4',254,{},,True,"{""nmos_model"": ""NMOS_VTG"", ""pmos_model"": ""PMOS_VTG""}","[""VDD"", ""VSS"", ""IN"", ""OUT"", ""CTR_P"", ""CTR_N""]","[""VDD"", ""VSS"", ""QB"", ""z5"", ""CLK"", ""CLKB""]","[""VDD"", ""VSS"", ""TIME.dff_buf_data.dff_14.QB"", ""TIME.dff_buf_data.dff_14.z5"", ""clk_buf"", ""TIME.dff_buf_data.dff_14.CLKB""]",APPROVED_LEAF_PRIMITIVE,TRANSMISSION_GATE_NW250_PW500_L50
16x16_read&write,TIME.dff_buf_data.dff_15,TIME.dff_buf_data,DATA_DFF,DFF,f'dff_{i}',479,"{""i"": 15}",,True,"{""nmos_model"": ""NMOS_VTG"", ""pmos_model"": ""PMOS_VTG"", ""pmos_width"": 5e-08}","[""VDD"", ""VSS"", ""D"", ""Q"", ""CLK""]","[""VDD"", ""VSS"", ""DIN15"", ""DIN_dff15"", ""CLK""]","[""VDD"", ""VSS"", ""TIME.dff_buf_data.DIN15"", ""TIME.dff_buf_data.DIN_dff15"", ""clk_buf""]",COMPOSITE_INSTANCE,
16x16_read&write,TIME.dff_buf_data.dff_15.inv1_clk,TIME.dff_buf_data.dff_15,DFF,PINV,'inv1_clk',216,{},,True,"{""length"": 5e-08, ""nmos_model"": ""NMOS_VTG"", ""nmos_width"": 2.5e-07, ""num"": 1, ""pmos_model"": ""PMOS_VTG"", ""pmos_width"": 5e-07}","[""VDD"", ""VSS"", ""A"", ""Z""]","[""VDD"", ""VSS"", ""CLK"", ""CLKB""]","[""VDD"", ""VSS"", ""clk_buf"", ""TIME.dff_buf_data.dff_15.CLKB""]",APPROVED_LEAF_PRIMITIVE,PINV_NW250_PW500_L50
16x16_read&write,TIME.dff_buf_data.dff_15.inv2_D,TIME.dff_buf_data.dff_15,DFF,PINV,'inv2_D',220,{},,True,"{""length"": 5e-08, ""nmos_model"": ""NMOS_VTG"", ""nmos_width"": 2.5e-07, ""num"": 1, ""pmos_model"": ""PMOS_VTG"", ""pmos_width"": 5e-07}","[""VDD"", ""VSS"", ""A"", ""Z""]","[""VDD"", ""VSS"", ""D"", ""D_b""]","[""VDD"", ""VSS"", ""TIME.dff_buf_data.DIN15"", ""TIME.dff_buf_data.dff_15.D_b""]",APPROVED_LEAF_PRIMITIVE,PINV_NW250_PW500_L50
16x16_read&write,TIME.dff_buf_data.dff_15.tg1,TIME.dff_buf_data.dff_15,DFF,TRANSMISSION_GATE,'tg1',223,{},,True,"{""nmos_model"": ""NMOS_VTG"", ""pmos_model"": ""PMOS_VTG""}","[""VDD"", ""VSS"", ""IN"", ""OUT"", ""CTR_P"", ""CTR_N""]","[""VDD"", ""VSS"", ""D_b"", ""z1"", ""CLK"", ""CLKB""]","[""VDD"", ""VSS"", ""TIME.dff_buf_data.dff_15.D_b"", ""TIME.dff_buf_data.dff_15.z1"", ""clk_buf"", ""TIME.dff_buf_data.dff_15.CLKB""]",APPROVED_LEAF_PRIMITIVE,TRANSMISSION_GATE_NW250_PW500_L50
16x16_read&write,TIME.dff_buf_data.dff_15.inv3,TIME.dff_buf_data.dff_15,DFF,PINV,'inv3',227,{},,True,"{""length"": 5e-08, ""nmos_model"": ""NMOS_VTG"", ""nmos_width"": 2.5e-07, ""num"": 1, ""pmos_model"": ""PMOS_VTG"", ""pmos_width"": 5e-07}","[""VDD"", ""VSS"", ""A"", ""Z""]","[""VDD"", ""VSS"", ""z1"", ""z2""]","[""VDD"", ""VSS"", ""TIME.dff_buf_data.dff_15.z1"", ""TIME.dff_buf_data.dff_15.z2""]",APPROVED_LEAF_PRIMITIVE,PINV_NW250_PW500_L50
16x16_read&write,TIME.dff_buf_data.dff_15.inv4,TIME.dff_buf_data.dff_15,DFF,PINV,'inv4',231,{},,True,"{""length"": 5e-08, ""nmos_model"": ""NMOS_VTG"", ""nmos_width"": 2.5e-07, ""num"": 1, ""pmos_model"": ""PMOS_VTG"", ""pmos_width"": 5e-07}","[""VDD"", ""VSS"", ""A"", ""Z""]","[""VDD"", ""VSS"", ""z2"", ""z3""]","[""VDD"", ""VSS"", ""TIME.dff_buf_data.dff_15.z2"", ""TIME.dff_buf_data.dff_15.z3""]",APPROVED_LEAF_PRIMITIVE,PINV_NW250_PW500_L50
16x16_read&write,TIME.dff_buf_data.dff_15.tg2,TIME.dff_buf_data.dff_15,DFF,TRANSMISSION_GATE,'tg2',234,{},,True,"{""nmos_model"": ""NMOS_VTG"", ""pmos_model"": ""PMOS_VTG""}","[""VDD"", ""VSS"", ""IN"", ""OUT"", ""CTR_P"", ""CTR_N""]","[""VDD"", ""VSS"", ""z3"", ""z1"", ""CLKB"", ""CLK""]","[""VDD"", ""VSS"", ""TIME.dff_buf_data.dff_15.z3"", ""TIME.dff_buf_data.dff_15.z1"", ""TIME.dff_buf_data.dff_15.CLKB"", ""clk_buf""]",APPROVED_LEAF_PRIMITIVE,TRANSMISSION_GATE_NW250_PW500_L50
16x16_read&write,TIME.dff_buf_data.dff_15.inv5,TIME.dff_buf_data.dff_15,DFF,PINV,'inv5',239,{},,True,"{""length"": 5e-08, ""nmos_model"": ""NMOS_VTG"", ""nmos_width"": 2.5e-07, ""num"": 1, ""pmos_model"": ""PMOS_VTG"", ""pmos_width"": 5e-07}","[""VDD"", ""VSS"", ""A"", ""Z""]","[""VDD"", ""VSS"", ""z2"", ""z4""]","[""VDD"", ""VSS"", ""TIME.dff_buf_data.dff_15.z2"", ""TIME.dff_buf_data.dff_15.z4""]",APPROVED_LEAF_PRIMITIVE,PINV_NW250_PW500_L50
16x16_read&write,TIME.dff_buf_data.dff_15.tg3,TIME.dff_buf_data.dff_15,DFF,TRANSMISSION_GATE,'tg3',242,{},,True,"{""nmos_model"": ""NMOS_VTG"", ""pmos_model"": ""PMOS_VTG""}","[""VDD"", ""VSS"", ""IN"", ""OUT"", ""CTR_P"", ""CTR_N""]","[""VDD"", ""VSS"", ""z4"", ""z5"", ""CLKB"", ""CLK""]","[""VDD"", ""VSS"", ""TIME.dff_buf_data.dff_15.z4"", ""TIME.dff_buf_data.dff_15.z5"", ""TIME.dff_buf_data.dff_15.CLKB"", ""clk_buf""]",APPROVED_LEAF_PRIMITIVE,TRANSMISSION_GATE_NW250_PW500_L50
16x16_read&write,TIME.dff_buf_data.dff_15.inv6,TIME.dff_buf_data.dff_15,DFF,PINV,'inv6',246,{},,True,"{""length"": 5e-08, ""nmos_model"": ""NMOS_VTG"", ""nmos_width"": 2.5e-07, ""num"": 1, ""pmos_model"": ""PMOS_VTG"", ""pmos_width"": 5e-07}","[""VDD"", ""VSS"", ""A"", ""Z""]","[""VDD"", ""VSS"", ""z5"", ""Q""]","[""VDD"", ""VSS"", ""TIME.dff_buf_data.dff_15.z5"", ""TIME.dff_buf_data.DIN_dff15""]",APPROVED_LEAF_PRIMITIVE,PINV_NW250_PW500_L50
16x16_read&write,TIME.dff_buf_data.dff_15.inv7,TIME.dff_buf_data.dff_15,DFF,PINV,'inv7',250,{},,True,"{""length"": 5e-08, ""nmos_model"": ""NMOS_VTG"", ""nmos_width"": 2.5e-07, ""num"": 1, ""pmos_model"": ""PMOS_VTG"", ""pmos_width"": 5e-07}","[""VDD"", ""VSS"", ""A"", ""Z""]","[""VDD"", ""VSS"", ""Q"", ""QB""]","[""VDD"", ""VSS"", ""TIME.dff_buf_data.DIN_dff15"", ""TIME.dff_buf_data.dff_15.QB""]",APPROVED_LEAF_PRIMITIVE,PINV_NW250_PW500_L50
16x16_read&write,TIME.dff_buf_data.dff_15.tg4,TIME.dff_buf_data.dff_15,DFF,TRANSMISSION_GATE,'tg4',254,{},,True,"{""nmos_model"": ""NMOS_VTG"", ""pmos_model"": ""PMOS_VTG""}","[""VDD"", ""VSS"", ""IN"", ""OUT"", ""CTR_P"", ""CTR_N""]","[""VDD"", ""VSS"", ""QB"", ""z5"", ""CLK"", ""CLKB""]","[""VDD"", ""VSS"", ""TIME.dff_buf_data.dff_15.QB"", ""TIME.dff_buf_data.dff_15.z5"", ""clk_buf"", ""TIME.dff_buf_data.dff_15.CLKB""]",APPROVED_LEAF_PRIMITIVE,TRANSMISSION_GATE_NW250_PW500_L50
16x16_read&write,TIME.clkbuf,TIME,TIME,pdrive,'clkbuf',579,{},,True,"{""drive_scale"": 1.0, ""nmos_model"": ""NMOS_VTG"", ""pmos_model"": ""PMOS_VTG""}","[""VDD"", ""VSS"", ""A"", ""Z""]","[""VDD"", ""VSS"", ""clk"", ""clk_buf""]","[""VDD"", ""VSS"", ""clk"", ""clk_buf""]",COMPOSITE_INSTANCE,
16x16_read&write,TIME.clkbuf.buf_inv1,TIME.clkbuf,pdrive,PINV,'buf_inv1',87,{},,True,"{""length"": 5e-08, ""nmos_model"": ""NMOS_VTG"", ""nmos_width"": 9e-08, ""num"": 1, ""pmos_model"": ""PMOS_VTG"", ""pmos_width"": 2.7e-07}","[""VDD"", ""VSS"", ""A"", ""Z""]","[""VDD"", ""VSS"", ""A"", ""zb1_node""]","[""VDD"", ""VSS"", ""clk"", ""TIME.clkbuf.zb1_node""]",APPROVED_LEAF_PRIMITIVE,PINV_NW90_PW270_L50
16x16_read&write,TIME.clkbuf.buf_inv2,TIME.clkbuf,pdrive,PINV,'buf_inv2',91,{},,True,"{""length"": 5e-08, ""nmos_model"": ""NMOS_VTG"", ""nmos_width"": 2.7e-07, ""num"": 2, ""pmos_model"": ""PMOS_VTG"", ""pmos_width"": 8.1e-07}","[""VDD"", ""VSS"", ""A"", ""Z""]","[""VDD"", ""VSS"", ""zb1_node"", ""zb2_node""]","[""VDD"", ""VSS"", ""TIME.clkbuf.zb1_node"", ""TIME.clkbuf.zb2_node""]",APPROVED_LEAF_PRIMITIVE,PINV_NW270_PW810_L50
16x16_read&write,TIME.clkbuf.buf_inv3,TIME.clkbuf,pdrive,PINV,'buf_inv3',95,{},,True,"{""length"": 5e-08, ""nmos_model"": ""NMOS_VTG"", ""nmos_width"": 9.1e-07, ""num"": 3, ""pmos_model"": ""PMOS_VTG"", ""pmos_width"": 2.43e-06}","[""VDD"", ""VSS"", ""A"", ""Z""]","[""VDD"", ""VSS"", ""zb2_node"", ""zb3_node""]","[""VDD"", ""VSS"", ""TIME.clkbuf.zb2_node"", ""TIME.clkbuf.zb3_node""]",APPROVED_LEAF_PRIMITIVE,PINV_NW910_PW2430_L50
16x16_read&write,TIME.clkbuf.buf_inv4,TIME.clkbuf,pdrive,PINV,'buf_inv4',99,{},,True,"{""length"": 5e-08, ""nmos_model"": ""NMOS_VTG"", ""nmos_width"": 2.43e-06, ""num"": 4, ""pmos_model"": ""PMOS_VTG"", ""pmos_width"": 7.29e-06}","[""VDD"", ""VSS"", ""A"", ""Z""]","[""VDD"", ""VSS"", ""zb3_node"", ""Z""]","[""VDD"", ""VSS"", ""TIME.clkbuf.zb3_node"", ""clk_buf""]",APPROVED_LEAF_PRIMITIVE,PINV_NW2430_PW7290_L50
16x16_read&write,TIME.inv_clk_bar,TIME,TIME,PINV,'inv_clk_bar',591,{},,True,"{""length"": 5e-08, ""nmos_model"": ""NMOS_VTG"", ""nmos_width"": 9e-08, ""pmos_model"": ""PMOS_VTG"", ""pmos_width"": 2.7e-07}","[""VDD"", ""VSS"", ""A"", ""Z""]","[""VDD"", ""VSS"", ""clk_buf"", ""clk_bar""]","[""VDD"", ""VSS"", ""clk_buf"", ""clk_bar""]",APPROVED_LEAF_PRIMITIVE,PINV_NW90_PW270_L50
16x16_read&write,TIME.dff_buf,TIME,TIME,DFF_BUF,'dff_buf',598,{},,True,"{""nmos_model"": ""NMOS_VTG"", ""pmos_model"": ""PMOS_VTG""}","[""VDD"", ""VSS"", ""D"", ""Q"", ""QB"", ""CLK""]","[""VDD"", ""VSS"", ""csb"", ""cs_bar"", ""cs"", ""clk_buf""]","[""VDD"", ""VSS"", ""csb"", ""cs_bar"", ""cs"", ""clk_buf""]",COMPOSITE_INSTANCE,
16x16_read&write,TIME.dff_buf.dff,TIME.dff_buf,DFF_BUF,DFF,'dff',288,{},,True,"{""nmos_model"": ""NMOS_VTG"", ""pmos_model"": ""PMOS_VTG"", ""pmos_width"": 5e-08}","[""VDD"", ""VSS"", ""D"", ""Q"", ""CLK""]","[""VDD"", ""VSS"", ""D"", ""qint"", ""CLK""]","[""VDD"", ""VSS"", ""csb"", ""TIME.dff_buf.qint"", ""clk_buf""]",COMPOSITE_INSTANCE,
16x16_read&write,TIME.dff_buf.dff.inv1_clk,TIME.dff_buf.dff,DFF,PINV,'inv1_clk',216,{},,True,"{""length"": 5e-08, ""nmos_model"": ""NMOS_VTG"", ""nmos_width"": 2.5e-07, ""num"": 1, ""pmos_model"": ""PMOS_VTG"", ""pmos_width"": 5e-07}","[""VDD"", ""VSS"", ""A"", ""Z""]","[""VDD"", ""VSS"", ""CLK"", ""CLKB""]","[""VDD"", ""VSS"", ""clk_buf"", ""TIME.dff_buf.dff.CLKB""]",APPROVED_LEAF_PRIMITIVE,PINV_NW250_PW500_L50
16x16_read&write,TIME.dff_buf.dff.inv2_D,TIME.dff_buf.dff,DFF,PINV,'inv2_D',220,{},,True,"{""length"": 5e-08, ""nmos_model"": ""NMOS_VTG"", ""nmos_width"": 2.5e-07, ""num"": 1, ""pmos_model"": ""PMOS_VTG"", ""pmos_width"": 5e-07}","[""VDD"", ""VSS"", ""A"", ""Z""]","[""VDD"", ""VSS"", ""D"", ""D_b""]","[""VDD"", ""VSS"", ""csb"", ""TIME.dff_buf.dff.D_b""]",APPROVED_LEAF_PRIMITIVE,PINV_NW250_PW500_L50
16x16_read&write,TIME.dff_buf.dff.tg1,TIME.dff_buf.dff,DFF,TRANSMISSION_GATE,'tg1',223,{},,True,"{""nmos_model"": ""NMOS_VTG"", ""pmos_model"": ""PMOS_VTG""}","[""VDD"", ""VSS"", ""IN"", ""OUT"", ""CTR_P"", ""CTR_N""]","[""VDD"", ""VSS"", ""D_b"", ""z1"", ""CLK"", ""CLKB""]","[""VDD"", ""VSS"", ""TIME.dff_buf.dff.D_b"", ""TIME.dff_buf.dff.z1"", ""clk_buf"", ""TIME.dff_buf.dff.CLKB""]",APPROVED_LEAF_PRIMITIVE,TRANSMISSION_GATE_NW250_PW500_L50
16x16_read&write,TIME.dff_buf.dff.inv3,TIME.dff_buf.dff,DFF,PINV,'inv3',227,{},,True,"{""length"": 5e-08, ""nmos_model"": ""NMOS_VTG"", ""nmos_width"": 2.5e-07, ""num"": 1, ""pmos_model"": ""PMOS_VTG"", ""pmos_width"": 5e-07}","[""VDD"", ""VSS"", ""A"", ""Z""]","[""VDD"", ""VSS"", ""z1"", ""z2""]","[""VDD"", ""VSS"", ""TIME.dff_buf.dff.z1"", ""TIME.dff_buf.dff.z2""]",APPROVED_LEAF_PRIMITIVE,PINV_NW250_PW500_L50
16x16_read&write,TIME.dff_buf.dff.inv4,TIME.dff_buf.dff,DFF,PINV,'inv4',231,{},,True,"{""length"": 5e-08, ""nmos_model"": ""NMOS_VTG"", ""nmos_width"": 2.5e-07, ""num"": 1, ""pmos_model"": ""PMOS_VTG"", ""pmos_width"": 5e-07}","[""VDD"", ""VSS"", ""A"", ""Z""]","[""VDD"", ""VSS"", ""z2"", ""z3""]","[""VDD"", ""VSS"", ""TIME.dff_buf.dff.z2"", ""TIME.dff_buf.dff.z3""]",APPROVED_LEAF_PRIMITIVE,PINV_NW250_PW500_L50
16x16_read&write,TIME.dff_buf.dff.tg2,TIME.dff_buf.dff,DFF,TRANSMISSION_GATE,'tg2',234,{},,True,"{""nmos_model"": ""NMOS_VTG"", ""pmos_model"": ""PMOS_VTG""}","[""VDD"", ""VSS"", ""IN"", ""OUT"", ""CTR_P"", ""CTR_N""]","[""VDD"", ""VSS"", ""z3"", ""z1"", ""CLKB"", ""CLK""]","[""VDD"", ""VSS"", ""TIME.dff_buf.dff.z3"", ""TIME.dff_buf.dff.z1"", ""TIME.dff_buf.dff.CLKB"", ""clk_buf""]",APPROVED_LEAF_PRIMITIVE,TRANSMISSION_GATE_NW250_PW500_L50
16x16_read&write,TIME.dff_buf.dff.inv5,TIME.dff_buf.dff,DFF,PINV,'inv5',239,{},,True,"{""length"": 5e-08, ""nmos_model"": ""NMOS_VTG"", ""nmos_width"": 2.5e-07, ""num"": 1, ""pmos_model"": ""PMOS_VTG"", ""pmos_width"": 5e-07}","[""VDD"", ""VSS"", ""A"", ""Z""]","[""VDD"", ""VSS"", ""z2"", ""z4""]","[""VDD"", ""VSS"", ""TIME.dff_buf.dff.z2"", ""TIME.dff_buf.dff.z4""]",APPROVED_LEAF_PRIMITIVE,PINV_NW250_PW500_L50
16x16_read&write,TIME.dff_buf.dff.tg3,TIME.dff_buf.dff,DFF,TRANSMISSION_GATE,'tg3',242,{},,True,"{""nmos_model"": ""NMOS_VTG"", ""pmos_model"": ""PMOS_VTG""}","[""VDD"", ""VSS"", ""IN"", ""OUT"", ""CTR_P"", ""CTR_N""]","[""VDD"", ""VSS"", ""z4"", ""z5"", ""CLKB"", ""CLK""]","[""VDD"", ""VSS"", ""TIME.dff_buf.dff.z4"", ""TIME.dff_buf.dff.z5"", ""TIME.dff_buf.dff.CLKB"", ""clk_buf""]",APPROVED_LEAF_PRIMITIVE,TRANSMISSION_GATE_NW250_PW500_L50
16x16_read&write,TIME.dff_buf.dff.inv6,TIME.dff_buf.dff,DFF,PINV,'inv6',246,{},,True,"{""length"": 5e-08, ""nmos_model"": ""NMOS_VTG"", ""nmos_width"": 2.5e-07, ""num"": 1, ""pmos_model"": ""PMOS_VTG"", ""pmos_width"": 5e-07}","[""VDD"", ""VSS"", ""A"", ""Z""]","[""VDD"", ""VSS"", ""z5"", ""Q""]","[""VDD"", ""VSS"", ""TIME.dff_buf.dff.z5"", ""TIME.dff_buf.qint""]",APPROVED_LEAF_PRIMITIVE,PINV_NW250_PW500_L50
16x16_read&write,TIME.dff_buf.dff.inv7,TIME.dff_buf.dff,DFF,PINV,'inv7',250,{},,True,"{""length"": 5e-08, ""nmos_model"": ""NMOS_VTG"", ""nmos_width"": 2.5e-07, ""num"": 1, ""pmos_model"": ""PMOS_VTG"", ""pmos_width"": 5e-07}","[""VDD"", ""VSS"", ""A"", ""Z""]","[""VDD"", ""VSS"", ""Q"", ""QB""]","[""VDD"", ""VSS"", ""TIME.dff_buf.qint"", ""TIME.dff_buf.dff.QB""]",APPROVED_LEAF_PRIMITIVE,PINV_NW250_PW500_L50
16x16_read&write,TIME.dff_buf.dff.tg4,TIME.dff_buf.dff,DFF,TRANSMISSION_GATE,'tg4',254,{},,True,"{""nmos_model"": ""NMOS_VTG"", ""pmos_model"": ""PMOS_VTG""}","[""VDD"", ""VSS"", ""IN"", ""OUT"", ""CTR_P"", ""CTR_N""]","[""VDD"", ""VSS"", ""QB"", ""z5"", ""CLK"", ""CLKB""]","[""VDD"", ""VSS"", ""TIME.dff_buf.dff.QB"", ""TIME.dff_buf.dff.z5"", ""clk_buf"", ""TIME.dff_buf.dff.CLKB""]",APPROVED_LEAF_PRIMITIVE,TRANSMISSION_GATE_NW250_PW500_L50
16x16_read&write,TIME.dff_buf.inv1,TIME.dff_buf,DFF_BUF,PINV,'inv1',292,{},,True,"{""length"": 5e-08, ""nmos_model"": ""NMOS_VTG"", ""nmos_width"": 1.8e-07, ""num"": 1, ""pmos_model"": ""PMOS_VTG"", ""pmos_width"": 5.4e-07}","[""VDD"", ""VSS"", ""A"", ""Z""]","[""VDD"", ""VSS"", ""qint"", ""QB""]","[""VDD"", ""VSS"", ""TIME.dff_buf.qint"", ""cs""]",APPROVED_LEAF_PRIMITIVE,PINV_NW180_PW540_L50
16x16_read&write,TIME.dff_buf.inv2,TIME.dff_buf,DFF_BUF,PINV,'inv2',296,{},,True,"{""length"": 5e-08, ""nmos_model"": ""NMOS_VTG"", ""nmos_width"": 3.6e-07, ""num"": 2, ""pmos_model"": ""PMOS_VTG"", ""pmos_width"": 1.08e-06}","[""VDD"", ""VSS"", ""A"", ""Z""]","[""VDD"", ""VSS"", ""QB"", ""Q""]","[""VDD"", ""VSS"", ""cs"", ""cs_bar""]",APPROVED_LEAF_PRIMITIVE,PINV_NW360_PW1080_L50
16x16_read&write,TIME.dff_buf1,TIME,TIME,DFF_BUF,'dff_buf1',605,{},,True,"{""nmos_model"": ""NMOS_VTG"", ""pmos_model"": ""PMOS_VTG""}","[""VDD"", ""VSS"", ""D"", ""Q"", ""QB"", ""CLK""]","[""VDD"", ""VSS"", ""web"", ""we_bar"", ""we"", ""clk_buf""]","[""VDD"", ""VSS"", ""web"", ""we_bar"", ""we"", ""clk_buf""]",COMPOSITE_INSTANCE,
16x16_read&write,TIME.dff_buf1.dff,TIME.dff_buf1,DFF_BUF,DFF,'dff',288,{},,True,"{""nmos_model"": ""NMOS_VTG"", ""pmos_model"": ""PMOS_VTG"", ""pmos_width"": 5e-08}","[""VDD"", ""VSS"", ""D"", ""Q"", ""CLK""]","[""VDD"", ""VSS"", ""D"", ""qint"", ""CLK""]","[""VDD"", ""VSS"", ""web"", ""TIME.dff_buf1.qint"", ""clk_buf""]",COMPOSITE_INSTANCE,
16x16_read&write,TIME.dff_buf1.dff.inv1_clk,TIME.dff_buf1.dff,DFF,PINV,'inv1_clk',216,{},,True,"{""length"": 5e-08, ""nmos_model"": ""NMOS_VTG"", ""nmos_width"": 2.5e-07, ""num"": 1, ""pmos_model"": ""PMOS_VTG"", ""pmos_width"": 5e-07}","[""VDD"", ""VSS"", ""A"", ""Z""]","[""VDD"", ""VSS"", ""CLK"", ""CLKB""]","[""VDD"", ""VSS"", ""clk_buf"", ""TIME.dff_buf1.dff.CLKB""]",APPROVED_LEAF_PRIMITIVE,PINV_NW250_PW500_L50
16x16_read&write,TIME.dff_buf1.dff.inv2_D,TIME.dff_buf1.dff,DFF,PINV,'inv2_D',220,{},,True,"{""length"": 5e-08, ""nmos_model"": ""NMOS_VTG"", ""nmos_width"": 2.5e-07, ""num"": 1, ""pmos_model"": ""PMOS_VTG"", ""pmos_width"": 5e-07}","[""VDD"", ""VSS"", ""A"", ""Z""]","[""VDD"", ""VSS"", ""D"", ""D_b""]","[""VDD"", ""VSS"", ""web"", ""TIME.dff_buf1.dff.D_b""]",APPROVED_LEAF_PRIMITIVE,PINV_NW250_PW500_L50
16x16_read&write,TIME.dff_buf1.dff.tg1,TIME.dff_buf1.dff,DFF,TRANSMISSION_GATE,'tg1',223,{},,True,"{""nmos_model"": ""NMOS_VTG"", ""pmos_model"": ""PMOS_VTG""}","[""VDD"", ""VSS"", ""IN"", ""OUT"", ""CTR_P"", ""CTR_N""]","[""VDD"", ""VSS"", ""D_b"", ""z1"", ""CLK"", ""CLKB""]","[""VDD"", ""VSS"", ""TIME.dff_buf1.dff.D_b"", ""TIME.dff_buf1.dff.z1"", ""clk_buf"", ""TIME.dff_buf1.dff.CLKB""]",APPROVED_LEAF_PRIMITIVE,TRANSMISSION_GATE_NW250_PW500_L50
16x16_read&write,TIME.dff_buf1.dff.inv3,TIME.dff_buf1.dff,DFF,PINV,'inv3',227,{},,True,"{""length"": 5e-08, ""nmos_model"": ""NMOS_VTG"", ""nmos_width"": 2.5e-07, ""num"": 1, ""pmos_model"": ""PMOS_VTG"", ""pmos_width"": 5e-07}","[""VDD"", ""VSS"", ""A"", ""Z""]","[""VDD"", ""VSS"", ""z1"", ""z2""]","[""VDD"", ""VSS"", ""TIME.dff_buf1.dff.z1"", ""TIME.dff_buf1.dff.z2""]",APPROVED_LEAF_PRIMITIVE,PINV_NW250_PW500_L50
16x16_read&write,TIME.dff_buf1.dff.inv4,TIME.dff_buf1.dff,DFF,PINV,'inv4',231,{},,True,"{""length"": 5e-08, ""nmos_model"": ""NMOS_VTG"", ""nmos_width"": 2.5e-07, ""num"": 1, ""pmos_model"": ""PMOS_VTG"", ""pmos_width"": 5e-07}","[""VDD"", ""VSS"", ""A"", ""Z""]","[""VDD"", ""VSS"", ""z2"", ""z3""]","[""VDD"", ""VSS"", ""TIME.dff_buf1.dff.z2"", ""TIME.dff_buf1.dff.z3""]",APPROVED_LEAF_PRIMITIVE,PINV_NW250_PW500_L50
16x16_read&write,TIME.dff_buf1.dff.tg2,TIME.dff_buf1.dff,DFF,TRANSMISSION_GATE,'tg2',234,{},,True,"{""nmos_model"": ""NMOS_VTG"", ""pmos_model"": ""PMOS_VTG""}","[""VDD"", ""VSS"", ""IN"", ""OUT"", ""CTR_P"", ""CTR_N""]","[""VDD"", ""VSS"", ""z3"", ""z1"", ""CLKB"", ""CLK""]","[""VDD"", ""VSS"", ""TIME.dff_buf1.dff.z3"", ""TIME.dff_buf1.dff.z1"", ""TIME.dff_buf1.dff.CLKB"", ""clk_buf""]",APPROVED_LEAF_PRIMITIVE,TRANSMISSION_GATE_NW250_PW500_L50
16x16_read&write,TIME.dff_buf1.dff.inv5,TIME.dff_buf1.dff,DFF,PINV,'inv5',239,{},,True,"{""length"": 5e-08, ""nmos_model"": ""NMOS_VTG"", ""nmos_width"": 2.5e-07, ""num"": 1, ""pmos_model"": ""PMOS_VTG"", ""pmos_width"": 5e-07}","[""VDD"", ""VSS"", ""A"", ""Z""]","[""VDD"", ""VSS"", ""z2"", ""z4""]","[""VDD"", ""VSS"", ""TIME.dff_buf1.dff.z2"", ""TIME.dff_buf1.dff.z4""]",APPROVED_LEAF_PRIMITIVE,PINV_NW250_PW500_L50
16x16_read&write,TIME.dff_buf1.dff.tg3,TIME.dff_buf1.dff,DFF,TRANSMISSION_GATE,'tg3',242,{},,True,"{""nmos_model"": ""NMOS_VTG"", ""pmos_model"": ""PMOS_VTG""}","[""VDD"", ""VSS"", ""IN"", ""OUT"", ""CTR_P"", ""CTR_N""]","[""VDD"", ""VSS"", ""z4"", ""z5"", ""CLKB"", ""CLK""]","[""VDD"", ""VSS"", ""TIME.dff_buf1.dff.z4"", ""TIME.dff_buf1.dff.z5"", ""TIME.dff_buf1.dff.CLKB"", ""clk_buf""]",APPROVED_LEAF_PRIMITIVE,TRANSMISSION_GATE_NW250_PW500_L50
16x16_read&write,TIME.dff_buf1.dff.inv6,TIME.dff_buf1.dff,DFF,PINV,'inv6',246,{},,True,"{""length"": 5e-08, ""nmos_model"": ""NMOS_VTG"", ""nmos_width"": 2.5e-07, ""num"": 1, ""pmos_model"": ""PMOS_VTG"", ""pmos_width"": 5e-07}","[""VDD"", ""VSS"", ""A"", ""Z""]","[""VDD"", ""VSS"", ""z5"", ""Q""]","[""VDD"", ""VSS"", ""TIME.dff_buf1.dff.z5"", ""TIME.dff_buf1.qint""]",APPROVED_LEAF_PRIMITIVE,PINV_NW250_PW500_L50
16x16_read&write,TIME.dff_buf1.dff.inv7,TIME.dff_buf1.dff,DFF,PINV,'inv7',250,{},,True,"{""length"": 5e-08, ""nmos_model"": ""NMOS_VTG"", ""nmos_width"": 2.5e-07, ""num"": 1, ""pmos_model"": ""PMOS_VTG"", ""pmos_width"": 5e-07}","[""VDD"", ""VSS"", ""A"", ""Z""]","[""VDD"", ""VSS"", ""Q"", ""QB""]","[""VDD"", ""VSS"", ""TIME.dff_buf1.qint"", ""TIME.dff_buf1.dff.QB""]",APPROVED_LEAF_PRIMITIVE,PINV_NW250_PW500_L50
16x16_read&write,TIME.dff_buf1.dff.tg4,TIME.dff_buf1.dff,DFF,TRANSMISSION_GATE,'tg4',254,{},,True,"{""nmos_model"": ""NMOS_VTG"", ""pmos_model"": ""PMOS_VTG""}","[""VDD"", ""VSS"", ""IN"", ""OUT"", ""CTR_P"", ""CTR_N""]","[""VDD"", ""VSS"", ""QB"", ""z5"", ""CLK"", ""CLKB""]","[""VDD"", ""VSS"", ""TIME.dff_buf1.dff.QB"", ""TIME.dff_buf1.dff.z5"", ""clk_buf"", ""TIME.dff_buf1.dff.CLKB""]",APPROVED_LEAF_PRIMITIVE,TRANSMISSION_GATE_NW250_PW500_L50
16x16_read&write,TIME.dff_buf1.inv1,TIME.dff_buf1,DFF_BUF,PINV,'inv1',292,{},,True,"{""length"": 5e-08, ""nmos_model"": ""NMOS_VTG"", ""nmos_width"": 1.8e-07, ""num"": 1, ""pmos_model"": ""PMOS_VTG"", ""pmos_width"": 5.4e-07}","[""VDD"", ""VSS"", ""A"", ""Z""]","[""VDD"", ""VSS"", ""qint"", ""QB""]","[""VDD"", ""VSS"", ""TIME.dff_buf1.qint"", ""we""]",APPROVED_LEAF_PRIMITIVE,PINV_NW180_PW540_L50
16x16_read&write,TIME.dff_buf1.inv2,TIME.dff_buf1,DFF_BUF,PINV,'inv2',296,{},,True,"{""length"": 5e-08, ""nmos_model"": ""NMOS_VTG"", ""nmos_width"": 3.6e-07, ""num"": 2, ""pmos_model"": ""PMOS_VTG"", ""pmos_width"": 1.08e-06}","[""VDD"", ""VSS"", ""A"", ""Z""]","[""VDD"", ""VSS"", ""QB"", ""Q""]","[""VDD"", ""VSS"", ""we"", ""we_bar""]",APPROVED_LEAF_PRIMITIVE,PINV_NW360_PW1080_L50
16x16_read&write,TIME.and2_gated_clk_bar,TIME,TIME,AND2,'and2_gated_clk_bar',621,{},,True,"{""inv_nmos_width"": 5.4e-07, ""inv_pmos_width"": 1.62e-06, ""length"": 5e-08, ""nand_nmos_width"": 1.8e-07, ""nand_pmos_width"": 2.7e-07, ""nmos_model_inv"": ""NMOS_VTG"", ""nmos_model_nand"": ""NMOS_VTG"", ""pmos_model_inv"": ""PMOS_VTG"", ""pmos_model_nand"": ""PMOS_VTG"", ""w_rc"": false}","[""VDD"", ""VSS"", ""A"", ""B"", ""Z""]","[""VDD"", ""VSS"", ""cs"", ""clk_bar"", ""gated_clk_bar""]","[""VDD"", ""VSS"", ""cs"", ""clk_bar"", ""gated_clk_bar""]",COMPOSITE_INSTANCE,
16x16_read&write,TIME.and2_gated_clk_bar.PNAND3,TIME.and2_gated_clk_bar,AND2,PNAND2,f'PNAND3',227,{},,True,"{""length"": 5e-08, ""nmos_model"": ""NMOS_VTG"", ""nmos_width"": 1.8e-07, ""pmos_model"": ""PMOS_VTG"", ""pmos_width"": 2.7e-07}","[""VDD"", ""VSS"", ""A"", ""B"", ""Z""]","[""VDD"", ""VSS"", ""a_node"", ""b_node"", ""zb_node""]","[""VDD"", ""VSS"", ""TIME.and2_gated_clk_bar.a_node"", ""TIME.and2_gated_clk_bar.b_node"", ""TIME.and2_gated_clk_bar.zb_node""]",NEW_PRIMITIVE_REQUIRED,
16x16_read&write,TIME.and2_gated_clk_bar.PINV,TIME.and2_gated_clk_bar,AND2,PINV,f'PINV',229,{},,True,"{""length"": 5e-08, ""nmos_model"": ""NMOS_VTG"", ""nmos_width"": 5.4e-07, ""pmos_model"": ""PMOS_VTG"", ""pmos_width"": 1.62e-06}","[""VDD"", ""VSS"", ""A"", ""Z""]","[""VDD"", ""VSS"", ""zb_node"", ""z_node""]","[""VDD"", ""VSS"", ""TIME.and2_gated_clk_bar.zb_node"", ""TIME.and2_gated_clk_bar.z_node""]",APPROVED_LEAF_PRIMITIVE,PINV_NW90_PW270_L50
16x16_read&write,TIME.and2_gated_clk_buf,TIME,TIME,AND2,'and2_gated_clk_buf',637,{},,True,"{""inv_nmos_width"": 5.4e-07, ""inv_pmos_width"": 1.62e-06, ""length"": 5e-08, ""nand_nmos_width"": 1.8e-07, ""nand_pmos_width"": 2.7e-07, ""nmos_model_inv"": ""NMOS_VTG"", ""nmos_model_nand"": ""NMOS_VTG"", ""pmos_model_inv"": ""PMOS_VTG"", ""pmos_model_nand"": ""PMOS_VTG"", ""w_rc"": false}","[""VDD"", ""VSS"", ""A"", ""B"", ""Z""]","[""VDD"", ""VSS"", ""cs"", ""clk_buf"", ""gated_clk_buf""]","[""VDD"", ""VSS"", ""cs"", ""clk_buf"", ""gated_clk_buf""]",COMPOSITE_INSTANCE,
16x16_read&write,TIME.and2_gated_clk_buf.PNAND3,TIME.and2_gated_clk_buf,AND2,PNAND2,f'PNAND3',227,{},,True,"{""length"": 5e-08, ""nmos_model"": ""NMOS_VTG"", ""nmos_width"": 1.8e-07, ""pmos_model"": ""PMOS_VTG"", ""pmos_width"": 2.7e-07}","[""VDD"", ""VSS"", ""A"", ""B"", ""Z""]","[""VDD"", ""VSS"", ""a_node"", ""b_node"", ""zb_node""]","[""VDD"", ""VSS"", ""TIME.and2_gated_clk_buf.a_node"", ""TIME.and2_gated_clk_buf.b_node"", ""TIME.and2_gated_clk_buf.zb_node""]",NEW_PRIMITIVE_REQUIRED,
16x16_read&write,TIME.and2_gated_clk_buf.PINV,TIME.and2_gated_clk_buf,AND2,PINV,f'PINV',229,{},,True,"{""length"": 5e-08, ""nmos_model"": ""NMOS_VTG"", ""nmos_width"": 5.4e-07, ""pmos_model"": ""PMOS_VTG"", ""pmos_width"": 1.62e-06}","[""VDD"", ""VSS"", ""A"", ""Z""]","[""VDD"", ""VSS"", ""zb_node"", ""z_node""]","[""VDD"", ""VSS"", ""TIME.and2_gated_clk_buf.zb_node"", ""TIME.and2_gated_clk_buf.z_node""]",APPROVED_LEAF_PRIMITIVE,PINV_NW90_PW270_L50
16x16_read&write,TIME.wl_en,TIME,TIME,wl_pdrive,'wl_en',643,{},,True,{},"[""VDD"", ""VSS"", ""A"", ""Z""]","[""VDD"", ""VSS"", ""gated_clk_bar"", ""wl_en""]","[""VDD"", ""VSS"", ""gated_clk_bar"", ""wl_en""]",COMPOSITE_INSTANCE,
16x16_read&write,TIME.wl_en.buf_inv1,TIME.wl_en,wl_pdrive,PINV,'buf_inv1',177,{},,True,"{""length"": 5e-08, ""nmos_model"": ""NMOS_VTG"", ""nmos_width"": 9e-08, ""num"": 1, ""pmos_model"": ""PMOS_VTG"", ""pmos_width"": 2.7e-07}","[""VDD"", ""VSS"", ""A"", ""Z""]","[""VDD"", ""VSS"", ""A"", ""zb1_node""]","[""VDD"", ""VSS"", ""gated_clk_bar"", ""TIME.wl_en.zb1_node""]",APPROVED_LEAF_PRIMITIVE,PINV_NW90_PW270_L50
16x16_read&write,TIME.wl_en.buf_inv2,TIME.wl_en,wl_pdrive,PINV,'buf_inv2',181,{},,True,"{""length"": 5e-08, ""nmos_model"": ""NMOS_VTG"", ""nmos_width"": 4.5e-07, ""num"": 2, ""pmos_model"": ""PMOS_VTG"", ""pmos_width"": 1.35e-06}","[""VDD"", ""VSS"", ""A"", ""Z""]","[""VDD"", ""VSS"", ""zb1_node"", ""Z""]","[""VDD"", ""VSS"", ""TIME.wl_en.zb1_node"", ""wl_en""]",APPROVED_LEAF_PRIMITIVE,PINV_NW450_PW1350_L50
16x16_read&write,TIME.inv_wl_en_bar,TIME,TIME,PINV,'inv_wl_en_bar',655,{},,True,"{""length"": 5e-08, ""nmos_model"": ""NMOS_VTG"", ""nmos_width"": 9e-08, ""num"": ""_wl_en_bar"", ""pmos_model"": ""PMOS_VTG"", ""pmos_width"": 2.7e-07}","[""VDD"", ""VSS"", ""A"", ""Z""]","[""VDD"", ""VSS"", ""wl_en"", ""wl_en_bar""]","[""VDD"", ""VSS"", ""wl_en"", ""TIME.wl_en_bar""]",APPROVED_LEAF_PRIMITIVE,PINV_NW90_PW270_L50
16x16_read&write,TIME.delaychain,TIME,TIME,delay_chain,'delaychain',662,{},,True,{},"[""VDD"", ""VSS"", ""in"", ""out""]","[""VDD"", ""VSS"", ""rbl"", ""rbl_delay""]","[""VDD"", ""VSS"", ""TIME.rbl"", ""TIME.rbl_delay""]",COMPOSITE_INSTANCE,
16x16_read&write,TIME.delaychain.dinv0,TIME.delaychain,delay_chain,PINV,'dinv0',333,{},,True,"{""length"": 5e-08, ""nmos_model"": ""NMOS_VTG"", ""nmos_width"": 9e-08, ""num"": 1, ""pmos_model"": ""PMOS_VTG"", ""pmos_width"": 2.7e-07}","[""VDD"", ""VSS"", ""A"", ""Z""]","[""VDD"", ""VSS"", ""in"", ""dout_1""]","[""VDD"", ""VSS"", ""TIME.rbl"", ""TIME.delaychain.dout_1""]",APPROVED_LEAF_PRIMITIVE,PINV_NW90_PW270_L50
16x16_read&write,TIME.delaychain.dload_0_0,TIME.delaychain,delay_chain,PINV,f'dload_0_{j}',337,"{""j"": 0}",,True,"{""length"": 5e-08, ""nmos_model"": ""NMOS_VTG"", ""nmos_width"": 9e-08, ""num"": 1, ""pmos_model"": ""PMOS_VTG"", ""pmos_width"": 2.7e-07}","[""VDD"", ""VSS"", ""A"", ""Z""]","[""VDD"", ""VSS"", ""dout_1"", ""n_0_0""]","[""VDD"", ""VSS"", ""TIME.delaychain.dout_1"", ""TIME.delaychain.n_0_0""]",APPROVED_LEAF_PRIMITIVE,PINV_NW90_PW270_L50
16x16_read&write,TIME.delaychain.dload_0_1,TIME.delaychain,delay_chain,PINV,f'dload_0_{j}',337,"{""j"": 1}",,True,"{""length"": 5e-08, ""nmos_model"": ""NMOS_VTG"", ""nmos_width"": 9e-08, ""num"": 1, ""pmos_model"": ""PMOS_VTG"", ""pmos_width"": 2.7e-07}","[""VDD"", ""VSS"", ""A"", ""Z""]","[""VDD"", ""VSS"", ""dout_1"", ""n_0_1""]","[""VDD"", ""VSS"", ""TIME.delaychain.dout_1"", ""TIME.delaychain.n_0_1""]",APPROVED_LEAF_PRIMITIVE,PINV_NW90_PW270_L50
16x16_read&write,TIME.delaychain.dload_0_2,TIME.delaychain,delay_chain,PINV,f'dload_0_{j}',337,"{""j"": 2}",,True,"{""length"": 5e-08, ""nmos_model"": ""NMOS_VTG"", ""nmos_width"": 9e-08, ""num"": 1, ""pmos_model"": ""PMOS_VTG"", ""pmos_width"": 2.7e-07}","[""VDD"", ""VSS"", ""A"", ""Z""]","[""VDD"", ""VSS"", ""dout_1"", ""n_0_2""]","[""VDD"", ""VSS"", ""TIME.delaychain.dout_1"", ""TIME.delaychain.n_0_2""]",APPROVED_LEAF_PRIMITIVE,PINV_NW90_PW270_L50
16x16_read&write,TIME.delaychain.dload_0_3,TIME.delaychain,delay_chain,PINV,f'dload_0_{j}',337,"{""j"": 3}",,True,"{""length"": 5e-08, ""nmos_model"": ""NMOS_VTG"", ""nmos_width"": 9e-08, ""num"": 1, ""pmos_model"": ""PMOS_VTG"", ""pmos_width"": 2.7e-07}","[""VDD"", ""VSS"", ""A"", ""Z""]","[""VDD"", ""VSS"", ""dout_1"", ""n_0_3""]","[""VDD"", ""VSS"", ""TIME.delaychain.dout_1"", ""TIME.delaychain.n_0_3""]",APPROVED_LEAF_PRIMITIVE,PINV_NW90_PW270_L50
16x16_read&write,TIME.delaychain.dinv1,TIME.delaychain,delay_chain,PINV,f'dinv{i}',343,"{""i"": 1}",,True,"{""length"": 5e-08, ""nmos_model"": ""NMOS_VTG"", ""nmos_width"": 9e-08, ""num"": 1, ""pmos_model"": ""PMOS_VTG"", ""pmos_width"": 2.7e-07}","[""VDD"", ""VSS"", ""A"", ""Z""]","[""VDD"", ""VSS"", ""dout_1"", ""dout_2""]","[""VDD"", ""VSS"", ""TIME.delaychain.dout_1"", ""TIME.delaychain.dout_2""]",APPROVED_LEAF_PRIMITIVE,PINV_NW90_PW270_L50
16x16_read&write,TIME.delaychain.dinv2,TIME.delaychain,delay_chain,PINV,f'dinv{i}',343,"{""i"": 2}",,True,"{""length"": 5e-08, ""nmos_model"": ""NMOS_VTG"", ""nmos_width"": 9e-08, ""num"": 1, ""pmos_model"": ""PMOS_VTG"", ""pmos_width"": 2.7e-07}","[""VDD"", ""VSS"", ""A"", ""Z""]","[""VDD"", ""VSS"", ""dout_2"", ""dout_3""]","[""VDD"", ""VSS"", ""TIME.delaychain.dout_2"", ""TIME.delaychain.dout_3""]",APPROVED_LEAF_PRIMITIVE,PINV_NW90_PW270_L50
16x16_read&write,TIME.delaychain.dinv3,TIME.delaychain,delay_chain,PINV,f'dinv{i}',343,"{""i"": 3}",,True,"{""length"": 5e-08, ""nmos_model"": ""NMOS_VTG"", ""nmos_width"": 9e-08, ""num"": 1, ""pmos_model"": ""PMOS_VTG"", ""pmos_width"": 2.7e-07}","[""VDD"", ""VSS"", ""A"", ""Z""]","[""VDD"", ""VSS"", ""dout_3"", ""dout_4""]","[""VDD"", ""VSS"", ""TIME.delaychain.dout_3"", ""TIME.delaychain.dout_4""]",APPROVED_LEAF_PRIMITIVE,PINV_NW90_PW270_L50
16x16_read&write,TIME.delaychain.dinv4,TIME.delaychain,delay_chain,PINV,f'dinv{i}',343,"{""i"": 4}",,True,"{""length"": 5e-08, ""nmos_model"": ""NMOS_VTG"", ""nmos_width"": 9e-08, ""num"": 1, ""pmos_model"": ""PMOS_VTG"", ""pmos_width"": 2.7e-07}","[""VDD"", ""VSS"", ""A"", ""Z""]","[""VDD"", ""VSS"", ""dout_4"", ""dout_5""]","[""VDD"", ""VSS"", ""TIME.delaychain.dout_4"", ""TIME.delaychain.dout_5""]",APPROVED_LEAF_PRIMITIVE,PINV_NW90_PW270_L50
16x16_read&write,TIME.delaychain.dinv5,TIME.delaychain,delay_chain,PINV,f'dinv{i}',343,"{""i"": 5}",,True,"{""length"": 5e-08, ""nmos_model"": ""NMOS_VTG"", ""nmos_width"": 9e-08, ""num"": 1, ""pmos_model"": ""PMOS_VTG"", ""pmos_width"": 2.7e-07}","[""VDD"", ""VSS"", ""A"", ""Z""]","[""VDD"", ""VSS"", ""dout_5"", ""dout_6""]","[""VDD"", ""VSS"", ""TIME.delaychain.dout_5"", ""TIME.delaychain.dout_6""]",APPROVED_LEAF_PRIMITIVE,PINV_NW90_PW270_L50
16x16_read&write,TIME.delaychain.dinv6,TIME.delaychain,delay_chain,PINV,f'dinv{i}',343,"{""i"": 6}",,True,"{""length"": 5e-08, ""nmos_model"": ""NMOS_VTG"", ""nmos_width"": 9e-08, ""num"": 1, ""pmos_model"": ""PMOS_VTG"", ""pmos_width"": 2.7e-07}","[""VDD"", ""VSS"", ""A"", ""Z""]","[""VDD"", ""VSS"", ""dout_6"", ""dout_7""]","[""VDD"", ""VSS"", ""TIME.delaychain.dout_6"", ""TIME.delaychain.dout_7""]",APPROVED_LEAF_PRIMITIVE,PINV_NW90_PW270_L50
16x16_read&write,TIME.delaychain.dinv7,TIME.delaychain,delay_chain,PINV,f'dinv{i}',343,"{""i"": 7}",,True,"{""length"": 5e-08, ""nmos_model"": ""NMOS_VTG"", ""nmos_width"": 9e-08, ""num"": 1, ""pmos_model"": ""PMOS_VTG"", ""pmos_width"": 2.7e-07}","[""VDD"", ""VSS"", ""A"", ""Z""]","[""VDD"", ""VSS"", ""dout_7"", ""dout_8""]","[""VDD"", ""VSS"", ""TIME.delaychain.dout_7"", ""TIME.delaychain.dout_8""]",APPROVED_LEAF_PRIMITIVE,PINV_NW90_PW270_L50
16x16_read&write,TIME.delaychain.dload_1_0,TIME.delaychain,delay_chain,PINV,f'dload_{i}_{j}',348,"{""i"": 1, ""j"": 0}",,True,"{""length"": 5e-08, ""nmos_model"": ""NMOS_VTG"", ""nmos_width"": 9e-08, ""num"": 1, ""pmos_model"": ""PMOS_VTG"", ""pmos_width"": 2.7e-07}","[""VDD"", ""VSS"", ""A"", ""Z""]","[""VDD"", ""VSS"", ""dout_2"", ""n_1_0""]","[""VDD"", ""VSS"", ""TIME.delaychain.dout_2"", ""TIME.delaychain.n_1_0""]",APPROVED_LEAF_PRIMITIVE,PINV_NW90_PW270_L50
16x16_read&write,TIME.delaychain.dload_1_1,TIME.delaychain,delay_chain,PINV,f'dload_{i}_{j}',348,"{""i"": 1, ""j"": 1}",,True,"{""length"": 5e-08, ""nmos_model"": ""NMOS_VTG"", ""nmos_width"": 9e-08, ""num"": 1, ""pmos_model"": ""PMOS_VTG"", ""pmos_width"": 2.7e-07}","[""VDD"", ""VSS"", ""A"", ""Z""]","[""VDD"", ""VSS"", ""dout_2"", ""n_1_1""]","[""VDD"", ""VSS"", ""TIME.delaychain.dout_2"", ""TIME.delaychain.n_1_1""]",APPROVED_LEAF_PRIMITIVE,PINV_NW90_PW270_L50
16x16_read&write,TIME.delaychain.dload_1_2,TIME.delaychain,delay_chain,PINV,f'dload_{i}_{j}',348,"{""i"": 1, ""j"": 2}",,True,"{""length"": 5e-08, ""nmos_model"": ""NMOS_VTG"", ""nmos_width"": 9e-08, ""num"": 1, ""pmos_model"": ""PMOS_VTG"", ""pmos_width"": 2.7e-07}","[""VDD"", ""VSS"", ""A"", ""Z""]","[""VDD"", ""VSS"", ""dout_2"", ""n_1_2""]","[""VDD"", ""VSS"", ""TIME.delaychain.dout_2"", ""TIME.delaychain.n_1_2""]",APPROVED_LEAF_PRIMITIVE,PINV_NW90_PW270_L50
16x16_read&write,TIME.delaychain.dload_1_3,TIME.delaychain,delay_chain,PINV,f'dload_{i}_{j}',348,"{""i"": 1, ""j"": 3}",,True,"{""length"": 5e-08, ""nmos_model"": ""NMOS_VTG"", ""nmos_width"": 9e-08, ""num"": 1, ""pmos_model"": ""PMOS_VTG"", ""pmos_width"": 2.7e-07}","[""VDD"", ""VSS"", ""A"", ""Z""]","[""VDD"", ""VSS"", ""dout_2"", ""n_1_3""]","[""VDD"", ""VSS"", ""TIME.delaychain.dout_2"", ""TIME.delaychain.n_1_3""]",APPROVED_LEAF_PRIMITIVE,PINV_NW90_PW270_L50
16x16_read&write,TIME.delaychain.dload_2_0,TIME.delaychain,delay_chain,PINV,f'dload_{i}_{j}',348,"{""i"": 2, ""j"": 0}",,True,"{""length"": 5e-08, ""nmos_model"": ""NMOS_VTG"", ""nmos_width"": 9e-08, ""num"": 1, ""pmos_model"": ""PMOS_VTG"", ""pmos_width"": 2.7e-07}","[""VDD"", ""VSS"", ""A"", ""Z""]","[""VDD"", ""VSS"", ""dout_3"", ""n_2_0""]","[""VDD"", ""VSS"", ""TIME.delaychain.dout_3"", ""TIME.delaychain.n_2_0""]",APPROVED_LEAF_PRIMITIVE,PINV_NW90_PW270_L50
16x16_read&write,TIME.delaychain.dload_2_1,TIME.delaychain,delay_chain,PINV,f'dload_{i}_{j}',348,"{""i"": 2, ""j"": 1}",,True,"{""length"": 5e-08, ""nmos_model"": ""NMOS_VTG"", ""nmos_width"": 9e-08, ""num"": 1, ""pmos_model"": ""PMOS_VTG"", ""pmos_width"": 2.7e-07}","[""VDD"", ""VSS"", ""A"", ""Z""]","[""VDD"", ""VSS"", ""dout_3"", ""n_2_1""]","[""VDD"", ""VSS"", ""TIME.delaychain.dout_3"", ""TIME.delaychain.n_2_1""]",APPROVED_LEAF_PRIMITIVE,PINV_NW90_PW270_L50
16x16_read&write,TIME.delaychain.dload_2_2,TIME.delaychain,delay_chain,PINV,f'dload_{i}_{j}',348,"{""i"": 2, ""j"": 2}",,True,"{""length"": 5e-08, ""nmos_model"": ""NMOS_VTG"", ""nmos_width"": 9e-08, ""num"": 1, ""pmos_model"": ""PMOS_VTG"", ""pmos_width"": 2.7e-07}","[""VDD"", ""VSS"", ""A"", ""Z""]","[""VDD"", ""VSS"", ""dout_3"", ""n_2_2""]","[""VDD"", ""VSS"", ""TIME.delaychain.dout_3"", ""TIME.delaychain.n_2_2""]",APPROVED_LEAF_PRIMITIVE,PINV_NW90_PW270_L50
16x16_read&write,TIME.delaychain.dload_2_3,TIME.delaychain,delay_chain,PINV,f'dload_{i}_{j}',348,"{""i"": 2, ""j"": 3}",,True,"{""length"": 5e-08, ""nmos_model"": ""NMOS_VTG"", ""nmos_width"": 9e-08, ""num"": 1, ""pmos_model"": ""PMOS_VTG"", ""pmos_width"": 2.7e-07}","[""VDD"", ""VSS"", ""A"", ""Z""]","[""VDD"", ""VSS"", ""dout_3"", ""n_2_3""]","[""VDD"", ""VSS"", ""TIME.delaychain.dout_3"", ""TIME.delaychain.n_2_3""]",APPROVED_LEAF_PRIMITIVE,PINV_NW90_PW270_L50
16x16_read&write,TIME.delaychain.dload_3_0,TIME.delaychain,delay_chain,PINV,f'dload_{i}_{j}',348,"{""i"": 3, ""j"": 0}",,True,"{""length"": 5e-08, ""nmos_model"": ""NMOS_VTG"", ""nmos_width"": 9e-08, ""num"": 1, ""pmos_model"": ""PMOS_VTG"", ""pmos_width"": 2.7e-07}","[""VDD"", ""VSS"", ""A"", ""Z""]","[""VDD"", ""VSS"", ""dout_4"", ""n_3_0""]","[""VDD"", ""VSS"", ""TIME.delaychain.dout_4"", ""TIME.delaychain.n_3_0""]",APPROVED_LEAF_PRIMITIVE,PINV_NW90_PW270_L50
16x16_read&write,TIME.delaychain.dload_3_1,TIME.delaychain,delay_chain,PINV,f'dload_{i}_{j}',348,"{""i"": 3, ""j"": 1}",,True,"{""length"": 5e-08, ""nmos_model"": ""NMOS_VTG"", ""nmos_width"": 9e-08, ""num"": 1, ""pmos_model"": ""PMOS_VTG"", ""pmos_width"": 2.7e-07}","[""VDD"", ""VSS"", ""A"", ""Z""]","[""VDD"", ""VSS"", ""dout_4"", ""n_3_1""]","[""VDD"", ""VSS"", ""TIME.delaychain.dout_4"", ""TIME.delaychain.n_3_1""]",APPROVED_LEAF_PRIMITIVE,PINV_NW90_PW270_L50
16x16_read&write,TIME.delaychain.dload_3_2,TIME.delaychain,delay_chain,PINV,f'dload_{i}_{j}',348,"{""i"": 3, ""j"": 2}",,True,"{""length"": 5e-08, ""nmos_model"": ""NMOS_VTG"", ""nmos_width"": 9e-08, ""num"": 1, ""pmos_model"": ""PMOS_VTG"", ""pmos_width"": 2.7e-07}","[""VDD"", ""VSS"", ""A"", ""Z""]","[""VDD"", ""VSS"", ""dout_4"", ""n_3_2""]","[""VDD"", ""VSS"", ""TIME.delaychain.dout_4"", ""TIME.delaychain.n_3_2""]",APPROVED_LEAF_PRIMITIVE,PINV_NW90_PW270_L50
16x16_read&write,TIME.delaychain.dload_3_3,TIME.delaychain,delay_chain,PINV,f'dload_{i}_{j}',348,"{""i"": 3, ""j"": 3}",,True,"{""length"": 5e-08, ""nmos_model"": ""NMOS_VTG"", ""nmos_width"": 9e-08, ""num"": 1, ""pmos_model"": ""PMOS_VTG"", ""pmos_width"": 2.7e-07}","[""VDD"", ""VSS"", ""A"", ""Z""]","[""VDD"", ""VSS"", ""dout_4"", ""n_3_3""]","[""VDD"", ""VSS"", ""TIME.delaychain.dout_4"", ""TIME.delaychain.n_3_3""]",APPROVED_LEAF_PRIMITIVE,PINV_NW90_PW270_L50
16x16_read&write,TIME.delaychain.dload_4_0,TIME.delaychain,delay_chain,PINV,f'dload_{i}_{j}',348,"{""i"": 4, ""j"": 0}",,True,"{""length"": 5e-08, ""nmos_model"": ""NMOS_VTG"", ""nmos_width"": 9e-08, ""num"": 1, ""pmos_model"": ""PMOS_VTG"", ""pmos_width"": 2.7e-07}","[""VDD"", ""VSS"", ""A"", ""Z""]","[""VDD"", ""VSS"", ""dout_5"", ""n_4_0""]","[""VDD"", ""VSS"", ""TIME.delaychain.dout_5"", ""TIME.delaychain.n_4_0""]",APPROVED_LEAF_PRIMITIVE,PINV_NW90_PW270_L50
16x16_read&write,TIME.delaychain.dload_4_1,TIME.delaychain,delay_chain,PINV,f'dload_{i}_{j}',348,"{""i"": 4, ""j"": 1}",,True,"{""length"": 5e-08, ""nmos_model"": ""NMOS_VTG"", ""nmos_width"": 9e-08, ""num"": 1, ""pmos_model"": ""PMOS_VTG"", ""pmos_width"": 2.7e-07}","[""VDD"", ""VSS"", ""A"", ""Z""]","[""VDD"", ""VSS"", ""dout_5"", ""n_4_1""]","[""VDD"", ""VSS"", ""TIME.delaychain.dout_5"", ""TIME.delaychain.n_4_1""]",APPROVED_LEAF_PRIMITIVE,PINV_NW90_PW270_L50
16x16_read&write,TIME.delaychain.dload_4_2,TIME.delaychain,delay_chain,PINV,f'dload_{i}_{j}',348,"{""i"": 4, ""j"": 2}",,True,"{""length"": 5e-08, ""nmos_model"": ""NMOS_VTG"", ""nmos_width"": 9e-08, ""num"": 1, ""pmos_model"": ""PMOS_VTG"", ""pmos_width"": 2.7e-07}","[""VDD"", ""VSS"", ""A"", ""Z""]","[""VDD"", ""VSS"", ""dout_5"", ""n_4_2""]","[""VDD"", ""VSS"", ""TIME.delaychain.dout_5"", ""TIME.delaychain.n_4_2""]",APPROVED_LEAF_PRIMITIVE,PINV_NW90_PW270_L50
16x16_read&write,TIME.delaychain.dload_4_3,TIME.delaychain,delay_chain,PINV,f'dload_{i}_{j}',348,"{""i"": 4, ""j"": 3}",,True,"{""length"": 5e-08, ""nmos_model"": ""NMOS_VTG"", ""nmos_width"": 9e-08, ""num"": 1, ""pmos_model"": ""PMOS_VTG"", ""pmos_width"": 2.7e-07}","[""VDD"", ""VSS"", ""A"", ""Z""]","[""VDD"", ""VSS"", ""dout_5"", ""n_4_3""]","[""VDD"", ""VSS"", ""TIME.delaychain.dout_5"", ""TIME.delaychain.n_4_3""]",APPROVED_LEAF_PRIMITIVE,PINV_NW90_PW270_L50
16x16_read&write,TIME.delaychain.dload_5_0,TIME.delaychain,delay_chain,PINV,f'dload_{i}_{j}',348,"{""i"": 5, ""j"": 0}",,True,"{""length"": 5e-08, ""nmos_model"": ""NMOS_VTG"", ""nmos_width"": 9e-08, ""num"": 1, ""pmos_model"": ""PMOS_VTG"", ""pmos_width"": 2.7e-07}","[""VDD"", ""VSS"", ""A"", ""Z""]","[""VDD"", ""VSS"", ""dout_6"", ""n_5_0""]","[""VDD"", ""VSS"", ""TIME.delaychain.dout_6"", ""TIME.delaychain.n_5_0""]",APPROVED_LEAF_PRIMITIVE,PINV_NW90_PW270_L50
16x16_read&write,TIME.delaychain.dload_5_1,TIME.delaychain,delay_chain,PINV,f'dload_{i}_{j}',348,"{""i"": 5, ""j"": 1}",,True,"{""length"": 5e-08, ""nmos_model"": ""NMOS_VTG"", ""nmos_width"": 9e-08, ""num"": 1, ""pmos_model"": ""PMOS_VTG"", ""pmos_width"": 2.7e-07}","[""VDD"", ""VSS"", ""A"", ""Z""]","[""VDD"", ""VSS"", ""dout_6"", ""n_5_1""]","[""VDD"", ""VSS"", ""TIME.delaychain.dout_6"", ""TIME.delaychain.n_5_1""]",APPROVED_LEAF_PRIMITIVE,PINV_NW90_PW270_L50
16x16_read&write,TIME.delaychain.dload_5_2,TIME.delaychain,delay_chain,PINV,f'dload_{i}_{j}',348,"{""i"": 5, ""j"": 2}",,True,"{""length"": 5e-08, ""nmos_model"": ""NMOS_VTG"", ""nmos_width"": 9e-08, ""num"": 1, ""pmos_model"": ""PMOS_VTG"", ""pmos_width"": 2.7e-07}","[""VDD"", ""VSS"", ""A"", ""Z""]","[""VDD"", ""VSS"", ""dout_6"", ""n_5_2""]","[""VDD"", ""VSS"", ""TIME.delaychain.dout_6"", ""TIME.delaychain.n_5_2""]",APPROVED_LEAF_PRIMITIVE,PINV_NW90_PW270_L50
16x16_read&write,TIME.delaychain.dload_5_3,TIME.delaychain,delay_chain,PINV,f'dload_{i}_{j}',348,"{""i"": 5, ""j"": 3}",,True,"{""length"": 5e-08, ""nmos_model"": ""NMOS_VTG"", ""nmos_width"": 9e-08, ""num"": 1, ""pmos_model"": ""PMOS_VTG"", ""pmos_width"": 2.7e-07}","[""VDD"", ""VSS"", ""A"", ""Z""]","[""VDD"", ""VSS"", ""dout_6"", ""n_5_3""]","[""VDD"", ""VSS"", ""TIME.delaychain.dout_6"", ""TIME.delaychain.n_5_3""]",APPROVED_LEAF_PRIMITIVE,PINV_NW90_PW270_L50
16x16_read&write,TIME.delaychain.dload_6_0,TIME.delaychain,delay_chain,PINV,f'dload_{i}_{j}',348,"{""i"": 6, ""j"": 0}",,True,"{""length"": 5e-08, ""nmos_model"": ""NMOS_VTG"", ""nmos_width"": 9e-08, ""num"": 1, ""pmos_model"": ""PMOS_VTG"", ""pmos_width"": 2.7e-07}","[""VDD"", ""VSS"", ""A"", ""Z""]","[""VDD"", ""VSS"", ""dout_7"", ""n_6_0""]","[""VDD"", ""VSS"", ""TIME.delaychain.dout_7"", ""TIME.delaychain.n_6_0""]",APPROVED_LEAF_PRIMITIVE,PINV_NW90_PW270_L50
16x16_read&write,TIME.delaychain.dload_6_1,TIME.delaychain,delay_chain,PINV,f'dload_{i}_{j}',348,"{""i"": 6, ""j"": 1}",,True,"{""length"": 5e-08, ""nmos_model"": ""NMOS_VTG"", ""nmos_width"": 9e-08, ""num"": 1, ""pmos_model"": ""PMOS_VTG"", ""pmos_width"": 2.7e-07}","[""VDD"", ""VSS"", ""A"", ""Z""]","[""VDD"", ""VSS"", ""dout_7"", ""n_6_1""]","[""VDD"", ""VSS"", ""TIME.delaychain.dout_7"", ""TIME.delaychain.n_6_1""]",APPROVED_LEAF_PRIMITIVE,PINV_NW90_PW270_L50
16x16_read&write,TIME.delaychain.dload_6_2,TIME.delaychain,delay_chain,PINV,f'dload_{i}_{j}',348,"{""i"": 6, ""j"": 2}",,True,"{""length"": 5e-08, ""nmos_model"": ""NMOS_VTG"", ""nmos_width"": 9e-08, ""num"": 1, ""pmos_model"": ""PMOS_VTG"", ""pmos_width"": 2.7e-07}","[""VDD"", ""VSS"", ""A"", ""Z""]","[""VDD"", ""VSS"", ""dout_7"", ""n_6_2""]","[""VDD"", ""VSS"", ""TIME.delaychain.dout_7"", ""TIME.delaychain.n_6_2""]",APPROVED_LEAF_PRIMITIVE,PINV_NW90_PW270_L50
16x16_read&write,TIME.delaychain.dload_6_3,TIME.delaychain,delay_chain,PINV,f'dload_{i}_{j}',348,"{""i"": 6, ""j"": 3}",,True,"{""length"": 5e-08, ""nmos_model"": ""NMOS_VTG"", ""nmos_width"": 9e-08, ""num"": 1, ""pmos_model"": ""PMOS_VTG"", ""pmos_width"": 2.7e-07}","[""VDD"", ""VSS"", ""A"", ""Z""]","[""VDD"", ""VSS"", ""dout_7"", ""n_6_3""]","[""VDD"", ""VSS"", ""TIME.delaychain.dout_7"", ""TIME.delaychain.n_6_3""]",APPROVED_LEAF_PRIMITIVE,PINV_NW90_PW270_L50
16x16_read&write,TIME.delaychain.dload_7_0,TIME.delaychain,delay_chain,PINV,f'dload_{i}_{j}',348,"{""i"": 7, ""j"": 0}",,True,"{""length"": 5e-08, ""nmos_model"": ""NMOS_VTG"", ""nmos_width"": 9e-08, ""num"": 1, ""pmos_model"": ""PMOS_VTG"", ""pmos_width"": 2.7e-07}","[""VDD"", ""VSS"", ""A"", ""Z""]","[""VDD"", ""VSS"", ""dout_8"", ""n_7_0""]","[""VDD"", ""VSS"", ""TIME.delaychain.dout_8"", ""TIME.delaychain.n_7_0""]",APPROVED_LEAF_PRIMITIVE,PINV_NW90_PW270_L50
16x16_read&write,TIME.delaychain.dload_7_1,TIME.delaychain,delay_chain,PINV,f'dload_{i}_{j}',348,"{""i"": 7, ""j"": 1}",,True,"{""length"": 5e-08, ""nmos_model"": ""NMOS_VTG"", ""nmos_width"": 9e-08, ""num"": 1, ""pmos_model"": ""PMOS_VTG"", ""pmos_width"": 2.7e-07}","[""VDD"", ""VSS"", ""A"", ""Z""]","[""VDD"", ""VSS"", ""dout_8"", ""n_7_1""]","[""VDD"", ""VSS"", ""TIME.delaychain.dout_8"", ""TIME.delaychain.n_7_1""]",APPROVED_LEAF_PRIMITIVE,PINV_NW90_PW270_L50
16x16_read&write,TIME.delaychain.dload_7_2,TIME.delaychain,delay_chain,PINV,f'dload_{i}_{j}',348,"{""i"": 7, ""j"": 2}",,True,"{""length"": 5e-08, ""nmos_model"": ""NMOS_VTG"", ""nmos_width"": 9e-08, ""num"": 1, ""pmos_model"": ""PMOS_VTG"", ""pmos_width"": 2.7e-07}","[""VDD"", ""VSS"", ""A"", ""Z""]","[""VDD"", ""VSS"", ""dout_8"", ""n_7_2""]","[""VDD"", ""VSS"", ""TIME.delaychain.dout_8"", ""TIME.delaychain.n_7_2""]",APPROVED_LEAF_PRIMITIVE,PINV_NW90_PW270_L50
16x16_read&write,TIME.delaychain.dload_7_3,TIME.delaychain,delay_chain,PINV,f'dload_{i}_{j}',348,"{""i"": 7, ""j"": 3}",,True,"{""length"": 5e-08, ""nmos_model"": ""NMOS_VTG"", ""nmos_width"": 9e-08, ""num"": 1, ""pmos_model"": ""PMOS_VTG"", ""pmos_width"": 2.7e-07}","[""VDD"", ""VSS"", ""A"", ""Z""]","[""VDD"", ""VSS"", ""dout_8"", ""n_7_3""]","[""VDD"", ""VSS"", ""TIME.delaychain.dout_8"", ""TIME.delaychain.n_7_3""]",APPROVED_LEAF_PRIMITIVE,PINV_NW90_PW270_L50
16x16_read&write,TIME.delaychain.dinv8,TIME.delaychain,delay_chain,PINV,'dinv8',352,{},,True,"{""length"": 5e-08, ""nmos_model"": ""NMOS_VTG"", ""nmos_width"": 9e-08, ""num"": 1, ""pmos_model"": ""PMOS_VTG"", ""pmos_width"": 2.7e-07}","[""VDD"", ""VSS"", ""A"", ""Z""]","[""VDD"", ""VSS"", ""dout_8"", ""out""]","[""VDD"", ""VSS"", ""TIME.delaychain.dout_8"", ""TIME.rbl_delay""]",APPROVED_LEAF_PRIMITIVE,PINV_NW90_PW270_L50
16x16_read&write,TIME.delaychain.dload_8_0,TIME.delaychain,delay_chain,PINV,f'dload_8_{j}',356,"{""j"": 0}",,True,"{""length"": 5e-08, ""nmos_model"": ""NMOS_VTG"", ""nmos_width"": 9e-08, ""num"": 1, ""pmos_model"": ""PMOS_VTG"", ""pmos_width"": 2.7e-07}","[""VDD"", ""VSS"", ""A"", ""Z""]","[""VDD"", ""VSS"", ""out"", ""n_8_0""]","[""VDD"", ""VSS"", ""TIME.rbl_delay"", ""TIME.delaychain.n_8_0""]",APPROVED_LEAF_PRIMITIVE,PINV_NW90_PW270_L50
16x16_read&write,TIME.delaychain.dload_8_1,TIME.delaychain,delay_chain,PINV,f'dload_8_{j}',356,"{""j"": 1}",,True,"{""length"": 5e-08, ""nmos_model"": ""NMOS_VTG"", ""nmos_width"": 9e-08, ""num"": 1, ""pmos_model"": ""PMOS_VTG"", ""pmos_width"": 2.7e-07}","[""VDD"", ""VSS"", ""A"", ""Z""]","[""VDD"", ""VSS"", ""out"", ""n_8_1""]","[""VDD"", ""VSS"", ""TIME.rbl_delay"", ""TIME.delaychain.n_8_1""]",APPROVED_LEAF_PRIMITIVE,PINV_NW90_PW270_L50
16x16_read&write,TIME.delaychain.dload_8_2,TIME.delaychain,delay_chain,PINV,f'dload_8_{j}',356,"{""j"": 2}",,True,"{""length"": 5e-08, ""nmos_model"": ""NMOS_VTG"", ""nmos_width"": 9e-08, ""num"": 1, ""pmos_model"": ""PMOS_VTG"", ""pmos_width"": 2.7e-07}","[""VDD"", ""VSS"", ""A"", ""Z""]","[""VDD"", ""VSS"", ""out"", ""n_8_2""]","[""VDD"", ""VSS"", ""TIME.rbl_delay"", ""TIME.delaychain.n_8_2""]",APPROVED_LEAF_PRIMITIVE,PINV_NW90_PW270_L50
16x16_read&write,TIME.delaychain.dload_8_3,TIME.delaychain,delay_chain,PINV,f'dload_8_{j}',356,"{""j"": 3}",,True,"{""length"": 5e-08, ""nmos_model"": ""NMOS_VTG"", ""nmos_width"": 9e-08, ""num"": 1, ""pmos_model"": ""PMOS_VTG"", ""pmos_width"": 2.7e-07}","[""VDD"", ""VSS"", ""A"", ""Z""]","[""VDD"", ""VSS"", ""out"", ""n_8_3""]","[""VDD"", ""VSS"", ""TIME.rbl_delay"", ""TIME.delaychain.n_8_3""]",APPROVED_LEAF_PRIMITIVE,PINV_NW90_PW270_L50
16x16_read&write,TIME.inv_rbl_delay_bar,TIME,TIME,PINV,'inv_rbl_delay_bar',674,{},,True,"{""length"": 5e-08, ""nmos_model"": ""NMOS_VTG"", ""nmos_width"": 9e-08, ""pmos_model"": ""PMOS_VTG"", ""pmos_width"": 2.7e-07}","[""VDD"", ""VSS"", ""A"", ""Z""]","[""VDD"", ""VSS"", ""rbl_delay"", ""rbl_delay_bar""]","[""VDD"", ""VSS"", ""TIME.rbl_delay"", ""TIME.rbl_delay_bar""]",APPROVED_LEAF_PRIMITIVE,PINV_NW90_PW270_L50
16x16_read&write,TIME.wen_delaychain,TIME,TIME,wen_delay_chain,'wen_delaychain',683,{},operation == 'write' and self.num_rows == 16 and (self.num_cols == 512),False,"{""loads_per_stage"": 4, ""stages"": 6, ""w_rc"": false}","[""VDD"", ""VSS"", ""in"", ""out""]","[""VDD"", ""VSS"", ""rbl_delay_bar"", ""rbl_delay_bar_wen""]","[""VDD"", ""VSS"", ""TIME.rbl_delay_bar"", ""TIME.rbl_delay_bar_wen""]",INACTIVE_BRANCH,
16x16_read&write,TIME.w_en,TIME,TIME,AND3,'w_en',702,{},,True,"{""inv_nmos_width"": 3.6e-07, ""inv_pmos_width"": 1.08e-06, ""length"": 5e-08, ""nand_nmos_width"": 1.8e-07, ""nand_pmos_width"": 2.7e-07, ""nmos_model_inv"": ""NMOS_VTG"", ""nmos_model_nand"": ""NMOS_VTG"", ""pmos_model_inv"": ""PMOS_VTG"", ""pmos_model_nand"": ""PMOS_VTG"", ""w_rc"": false}","[""VDD"", ""VSS"", ""A"", ""B"", ""C"", ""Z""]","[""VDD"", ""VSS"", ""w_en_rbl_input"", ""gated_clk_bar"", ""we"", ""w_en""]","[""VDD"", ""VSS"", ""TIME.w_en_rbl_input"", ""gated_clk_bar"", ""we"", ""TIME.w_en""]",COMPOSITE_INSTANCE,
16x16_read&write,TIME.w_en.PNAND3,TIME.w_en,AND3,PNAND3,'PNAND3',287,{},,True,"{""length"": 5e-08, ""nmos_model"": ""NMOS_VTG"", ""nmos_width"": 1.8e-07, ""pmos_model"": ""PMOS_VTG"", ""pmos_width"": 2.7e-07}","[""VDD"", ""VSS"", ""A"", ""B"", ""C"", ""Z""]","[""VDD"", ""VSS"", ""A"", ""B"", ""C"", ""zb_int""]","[""VDD"", ""VSS"", ""TIME.w_en_rbl_input"", ""gated_clk_bar"", ""we"", ""TIME.w_en.zb_int""]",NEW_PRIMITIVE_REQUIRED,
16x16_read&write,TIME.w_en.PINV,TIME.w_en,AND3,PINV,'PINV',289,{},,True,"{""length"": 5e-08, ""nmos_model"": ""NMOS_VTG"", ""nmos_width"": 3.6e-07, ""pmos_model"": ""PMOS_VTG"", ""pmos_width"": 1.08e-06}","[""VDD"", ""VSS"", ""A"", ""Z""]","[""VDD"", ""VSS"", ""zb_int"", ""Z""]","[""VDD"", ""VSS"", ""TIME.w_en.zb_int"", ""TIME.w_en""]",APPROVED_LEAF_PRIMITIVE,PINV_NW90_PW270_L50
16x16_read&write,TIME.s_en,TIME,TIME,AND3,'s_en',718,{},,True,"{""inv_nmos_width"": 3.6e-07, ""inv_pmos_width"": 1.08e-06, ""length"": 5e-08, ""nand_nmos_width"": 1.8e-07, ""nand_pmos_width"": 2.7e-07, ""nmos_model_inv"": ""NMOS_VTG"", ""nmos_model_nand"": ""NMOS_VTG"", ""pmos_model_inv"": ""PMOS_VTG"", ""pmos_model_nand"": ""PMOS_VTG"", ""w_rc"": false}","[""VDD"", ""VSS"", ""A"", ""B"", ""C"", ""Z""]","[""VDD"", ""VSS"", ""rbl_delay"", ""gated_clk_bar"", ""we_bar"", ""s_en""]","[""VDD"", ""VSS"", ""TIME.rbl_delay"", ""gated_clk_bar"", ""we_bar"", ""TIME.s_en""]",COMPOSITE_INSTANCE,
16x16_read&write,TIME.s_en.PNAND3,TIME.s_en,AND3,PNAND3,'PNAND3',287,{},,True,"{""length"": 5e-08, ""nmos_model"": ""NMOS_VTG"", ""nmos_width"": 1.8e-07, ""pmos_model"": ""PMOS_VTG"", ""pmos_width"": 2.7e-07}","[""VDD"", ""VSS"", ""A"", ""B"", ""C"", ""Z""]","[""VDD"", ""VSS"", ""A"", ""B"", ""C"", ""zb_int""]","[""VDD"", ""VSS"", ""TIME.rbl_delay"", ""gated_clk_bar"", ""we_bar"", ""TIME.s_en.zb_int""]",NEW_PRIMITIVE_REQUIRED,
16x16_read&write,TIME.s_en.PINV,TIME.s_en,AND3,PINV,'PINV',289,{},,True,"{""length"": 5e-08, ""nmos_model"": ""NMOS_VTG"", ""nmos_width"": 3.6e-07, ""pmos_model"": ""PMOS_VTG"", ""pmos_width"": 1.08e-06}","[""VDD"", ""VSS"", ""A"", ""Z""]","[""VDD"", ""VSS"", ""zb_int"", ""Z""]","[""VDD"", ""VSS"", ""TIME.s_en.zb_int"", ""TIME.s_en""]",APPROVED_LEAF_PRIMITIVE,PINV_NW90_PW270_L50
16x16_read&write,TIME.pre_unbuf,TIME,TIME,PNAND3,'pre_unbuf',743,{},,True,"{""length"": 5e-08, ""nmos_model"": ""NMOS_VTG"", ""nmos_width"": 2.7e-07, ""pmos_model"": ""PMOS_VTG"", ""pmos_width"": 2.7e-07, ""w_rc"": false}","[""VDD"", ""VSS"", ""A"", ""B"", ""C"", ""Z""]","[""VDD"", ""VSS"", ""gated_clk_buf"", ""rbl_delay"", ""wl_en_bar"", ""PRE_UNBUF""]","[""VDD"", ""VSS"", ""gated_clk_buf"", ""TIME.rbl_delay"", ""TIME.wl_en_bar"", ""TIME.PRE_UNBUF""]",NEW_PRIMITIVE_REQUIRED,
16x16_read&write,TIME.pre,TIME,TIME,pdrive2_for_pre,'pre',754,{},,True,"{""drive_scale"": 1}","[""VDD"", ""VSS"", ""A"", ""Z""]","[""VDD"", ""VSS"", ""PRE_UNBUF"", ""PRE""]","[""VDD"", ""VSS"", ""TIME.PRE_UNBUF"", ""TIME.PRE""]",COMPOSITE_INSTANCE,
16x16_read&write,TIME.pre.buf_inv1,TIME.pre,pdrive2_for_pre,PINV,'buf_inv1',138,{},,True,"{""length"": 5e-08, ""nmos_model"": ""NMOS_VTG"", ""nmos_width"": 9e-08, ""num"": 1, ""pmos_model"": ""PMOS_VTG"", ""pmos_width"": 2.7e-07}","[""VDD"", ""VSS"", ""A"", ""Z""]","[""VDD"", ""VSS"", ""A"", ""zb1_node""]","[""VDD"", ""VSS"", ""TIME.PRE_UNBUF"", ""TIME.pre.zb1_node""]",APPROVED_LEAF_PRIMITIVE,PINV_NW90_PW270_L50
16x16_read&write,TIME.pre.buf_inv2,TIME.pre,pdrive2_for_pre,PINV,'buf_inv2',142,{},,True,"{""length"": 5e-08, ""nmos_model"": ""NMOS_VTG"", ""nmos_width"": 2.7e-07, ""num"": 2, ""pmos_model"": ""PMOS_VTG"", ""pmos_width"": 8.1e-07}","[""VDD"", ""VSS"", ""A"", ""Z""]","[""VDD"", ""VSS"", ""zb1_node"", ""Z""]","[""VDD"", ""VSS"", ""TIME.pre.zb1_node"", ""TIME.PRE""]",APPROVED_LEAF_PRIMITIVE,PINV_NW270_PW810_L50
64x8_read&write,TIME.dff_buf_addr,TIME,TIME,ADDR_DFF,'dff_buf_addr',536,{},,True,"{""nmos_model"": ""NMOS_VTG"", ""num_rows"": 64, ""pmos_model"": ""PMOS_VTG""}","[""VDD"", ""VSS"", ""CLK"", ""A0"", ""A1"", ""A2"", ""A3"", ""A_dff0"", ""A_dff1"", ""A_dff2"", ""A_dff3""]","[""VDD"", ""VSS"", ""clk_buf"", ""A0"", ""A1"", ""A2"", ""A3"", ""A4"", ""A5"", ""A_dff0"", ""A_dff1"", ""A_dff2"", ""A_dff3"", ""A_dff4"", ""A_dff5""]","[""VDD"", ""VSS"", ""clk_buf"", ""A0"", ""A1"", ""A2"", ""A3"", ""TIME.A4"", ""TIME.A5"", ""A_dff0"", ""A_dff1"", ""A_dff2"", ""A_dff3"", ""TIME.A_dff4"", ""TIME.A_dff5""]",COMPOSITE_INSTANCE,
64x8_read&write,TIME.dff_buf_addr.dff_0,TIME.dff_buf_addr,ADDR_DFF,DFF,f'dff_{i}',440,"{""i"": 0}",,True,"{""nmos_model"": ""NMOS_VTG"", ""pmos_model"": ""PMOS_VTG""}","[""VDD"", ""VSS"", ""D"", ""Q"", ""CLK""]","[""VDD"", ""VSS"", ""A0"", ""A_dff0"", ""CLK""]","[""VDD"", ""VSS"", ""A0"", ""TIME.A4"", ""clk_buf""]",COMPOSITE_INSTANCE,
64x8_read&write,TIME.dff_buf_addr.dff_0.inv1_clk,TIME.dff_buf_addr.dff_0,DFF,PINV,'inv1_clk',216,{},,True,"{""length"": 5e-08, ""nmos_model"": ""NMOS_VTG"", ""nmos_width"": 2.5e-07, ""num"": 1, ""pmos_model"": ""PMOS_VTG"", ""pmos_width"": 5e-07}","[""VDD"", ""VSS"", ""A"", ""Z""]","[""VDD"", ""VSS"", ""CLK"", ""CLKB""]","[""VDD"", ""VSS"", ""clk_buf"", ""TIME.dff_buf_addr.dff_0.CLKB""]",APPROVED_LEAF_PRIMITIVE,PINV_NW250_PW500_L50
64x8_read&write,TIME.dff_buf_addr.dff_0.inv2_D,TIME.dff_buf_addr.dff_0,DFF,PINV,'inv2_D',220,{},,True,"{""length"": 5e-08, ""nmos_model"": ""NMOS_VTG"", ""nmos_width"": 2.5e-07, ""num"": 1, ""pmos_model"": ""PMOS_VTG"", ""pmos_width"": 5e-07}","[""VDD"", ""VSS"", ""A"", ""Z""]","[""VDD"", ""VSS"", ""D"", ""D_b""]","[""VDD"", ""VSS"", ""A0"", ""TIME.dff_buf_addr.dff_0.D_b""]",APPROVED_LEAF_PRIMITIVE,PINV_NW250_PW500_L50
64x8_read&write,TIME.dff_buf_addr.dff_0.tg1,TIME.dff_buf_addr.dff_0,DFF,TRANSMISSION_GATE,'tg1',223,{},,True,"{""nmos_model"": ""NMOS_VTG"", ""pmos_model"": ""PMOS_VTG""}","[""VDD"", ""VSS"", ""IN"", ""OUT"", ""CTR_P"", ""CTR_N""]","[""VDD"", ""VSS"", ""D_b"", ""z1"", ""CLK"", ""CLKB""]","[""VDD"", ""VSS"", ""TIME.dff_buf_addr.dff_0.D_b"", ""TIME.dff_buf_addr.dff_0.z1"", ""clk_buf"", ""TIME.dff_buf_addr.dff_0.CLKB""]",APPROVED_LEAF_PRIMITIVE,TRANSMISSION_GATE_NW250_PW500_L50
64x8_read&write,TIME.dff_buf_addr.dff_0.inv3,TIME.dff_buf_addr.dff_0,DFF,PINV,'inv3',227,{},,True,"{""length"": 5e-08, ""nmos_model"": ""NMOS_VTG"", ""nmos_width"": 2.5e-07, ""num"": 1, ""pmos_model"": ""PMOS_VTG"", ""pmos_width"": 5e-07}","[""VDD"", ""VSS"", ""A"", ""Z""]","[""VDD"", ""VSS"", ""z1"", ""z2""]","[""VDD"", ""VSS"", ""TIME.dff_buf_addr.dff_0.z1"", ""TIME.dff_buf_addr.dff_0.z2""]",APPROVED_LEAF_PRIMITIVE,PINV_NW250_PW500_L50
64x8_read&write,TIME.dff_buf_addr.dff_0.inv4,TIME.dff_buf_addr.dff_0,DFF,PINV,'inv4',231,{},,True,"{""length"": 5e-08, ""nmos_model"": ""NMOS_VTG"", ""nmos_width"": 2.5e-07, ""num"": 1, ""pmos_model"": ""PMOS_VTG"", ""pmos_width"": 5e-07}","[""VDD"", ""VSS"", ""A"", ""Z""]","[""VDD"", ""VSS"", ""z2"", ""z3""]","[""VDD"", ""VSS"", ""TIME.dff_buf_addr.dff_0.z2"", ""TIME.dff_buf_addr.dff_0.z3""]",APPROVED_LEAF_PRIMITIVE,PINV_NW250_PW500_L50
64x8_read&write,TIME.dff_buf_addr.dff_0.tg2,TIME.dff_buf_addr.dff_0,DFF,TRANSMISSION_GATE,'tg2',234,{},,True,"{""nmos_model"": ""NMOS_VTG"", ""pmos_model"": ""PMOS_VTG""}","[""VDD"", ""VSS"", ""IN"", ""OUT"", ""CTR_P"", ""CTR_N""]","[""VDD"", ""VSS"", ""z3"", ""z1"", ""CLKB"", ""CLK""]","[""VDD"", ""VSS"", ""TIME.dff_buf_addr.dff_0.z3"", ""TIME.dff_buf_addr.dff_0.z1"", ""TIME.dff_buf_addr.dff_0.CLKB"", ""clk_buf""]",APPROVED_LEAF_PRIMITIVE,TRANSMISSION_GATE_NW250_PW500_L50
64x8_read&write,TIME.dff_buf_addr.dff_0.inv5,TIME.dff_buf_addr.dff_0,DFF,PINV,'inv5',239,{},,True,"{""length"": 5e-08, ""nmos_model"": ""NMOS_VTG"", ""nmos_width"": 2.5e-07, ""num"": 1, ""pmos_model"": ""PMOS_VTG"", ""pmos_width"": 5e-07}","[""VDD"", ""VSS"", ""A"", ""Z""]","[""VDD"", ""VSS"", ""z2"", ""z4""]","[""VDD"", ""VSS"", ""TIME.dff_buf_addr.dff_0.z2"", ""TIME.dff_buf_addr.dff_0.z4""]",APPROVED_LEAF_PRIMITIVE,PINV_NW250_PW500_L50
64x8_read&write,TIME.dff_buf_addr.dff_0.tg3,TIME.dff_buf_addr.dff_0,DFF,TRANSMISSION_GATE,'tg3',242,{},,True,"{""nmos_model"": ""NMOS_VTG"", ""pmos_model"": ""PMOS_VTG""}","[""VDD"", ""VSS"", ""IN"", ""OUT"", ""CTR_P"", ""CTR_N""]","[""VDD"", ""VSS"", ""z4"", ""z5"", ""CLKB"", ""CLK""]","[""VDD"", ""VSS"", ""TIME.dff_buf_addr.dff_0.z4"", ""TIME.dff_buf_addr.dff_0.z5"", ""TIME.dff_buf_addr.dff_0.CLKB"", ""clk_buf""]",APPROVED_LEAF_PRIMITIVE,TRANSMISSION_GATE_NW250_PW500_L50
64x8_read&write,TIME.dff_buf_addr.dff_0.inv6,TIME.dff_buf_addr.dff_0,DFF,PINV,'inv6',246,{},,True,"{""length"": 5e-08, ""nmos_model"": ""NMOS_VTG"", ""nmos_width"": 2.5e-07, ""num"": 1, ""pmos_model"": ""PMOS_VTG"", ""pmos_width"": 5e-07}","[""VDD"", ""VSS"", ""A"", ""Z""]","[""VDD"", ""VSS"", ""z5"", ""Q""]","[""VDD"", ""VSS"", ""TIME.dff_buf_addr.dff_0.z5"", ""TIME.A4""]",APPROVED_LEAF_PRIMITIVE,PINV_NW250_PW500_L50
64x8_read&write,TIME.dff_buf_addr.dff_0.inv7,TIME.dff_buf_addr.dff_0,DFF,PINV,'inv7',250,{},,True,"{""length"": 5e-08, ""nmos_model"": ""NMOS_VTG"", ""nmos_width"": 2.5e-07, ""num"": 1, ""pmos_model"": ""PMOS_VTG"", ""pmos_width"": 5e-07}","[""VDD"", ""VSS"", ""A"", ""Z""]","[""VDD"", ""VSS"", ""Q"", ""QB""]","[""VDD"", ""VSS"", ""TIME.A4"", ""TIME.dff_buf_addr.dff_0.QB""]",APPROVED_LEAF_PRIMITIVE,PINV_NW250_PW500_L50
64x8_read&write,TIME.dff_buf_addr.dff_0.tg4,TIME.dff_buf_addr.dff_0,DFF,TRANSMISSION_GATE,'tg4',254,{},,True,"{""nmos_model"": ""NMOS_VTG"", ""pmos_model"": ""PMOS_VTG""}","[""VDD"", ""VSS"", ""IN"", ""OUT"", ""CTR_P"", ""CTR_N""]","[""VDD"", ""VSS"", ""QB"", ""z5"", ""CLK"", ""CLKB""]","[""VDD"", ""VSS"", ""TIME.dff_buf_addr.dff_0.QB"", ""TIME.dff_buf_addr.dff_0.z5"", ""clk_buf"", ""TIME.dff_buf_addr.dff_0.CLKB""]",APPROVED_LEAF_PRIMITIVE,TRANSMISSION_GATE_NW250_PW500_L50
64x8_read&write,TIME.dff_buf_addr.dff_1,TIME.dff_buf_addr,ADDR_DFF,DFF,f'dff_{i}',440,"{""i"": 1}",,True,"{""nmos_model"": ""NMOS_VTG"", ""pmos_model"": ""PMOS_VTG""}","[""VDD"", ""VSS"", ""D"", ""Q"", ""CLK""]","[""VDD"", ""VSS"", ""A1"", ""A_dff1"", ""CLK""]","[""VDD"", ""VSS"", ""A1"", ""TIME.A5"", ""clk_buf""]",COMPOSITE_INSTANCE,
64x8_read&write,TIME.dff_buf_addr.dff_1.inv1_clk,TIME.dff_buf_addr.dff_1,DFF,PINV,'inv1_clk',216,{},,True,"{""length"": 5e-08, ""nmos_model"": ""NMOS_VTG"", ""nmos_width"": 2.5e-07, ""num"": 1, ""pmos_model"": ""PMOS_VTG"", ""pmos_width"": 5e-07}","[""VDD"", ""VSS"", ""A"", ""Z""]","[""VDD"", ""VSS"", ""CLK"", ""CLKB""]","[""VDD"", ""VSS"", ""clk_buf"", ""TIME.dff_buf_addr.dff_1.CLKB""]",APPROVED_LEAF_PRIMITIVE,PINV_NW250_PW500_L50
64x8_read&write,TIME.dff_buf_addr.dff_1.inv2_D,TIME.dff_buf_addr.dff_1,DFF,PINV,'inv2_D',220,{},,True,"{""length"": 5e-08, ""nmos_model"": ""NMOS_VTG"", ""nmos_width"": 2.5e-07, ""num"": 1, ""pmos_model"": ""PMOS_VTG"", ""pmos_width"": 5e-07}","[""VDD"", ""VSS"", ""A"", ""Z""]","[""VDD"", ""VSS"", ""D"", ""D_b""]","[""VDD"", ""VSS"", ""A1"", ""TIME.dff_buf_addr.dff_1.D_b""]",APPROVED_LEAF_PRIMITIVE,PINV_NW250_PW500_L50
64x8_read&write,TIME.dff_buf_addr.dff_1.tg1,TIME.dff_buf_addr.dff_1,DFF,TRANSMISSION_GATE,'tg1',223,{},,True,"{""nmos_model"": ""NMOS_VTG"", ""pmos_model"": ""PMOS_VTG""}","[""VDD"", ""VSS"", ""IN"", ""OUT"", ""CTR_P"", ""CTR_N""]","[""VDD"", ""VSS"", ""D_b"", ""z1"", ""CLK"", ""CLKB""]","[""VDD"", ""VSS"", ""TIME.dff_buf_addr.dff_1.D_b"", ""TIME.dff_buf_addr.dff_1.z1"", ""clk_buf"", ""TIME.dff_buf_addr.dff_1.CLKB""]",APPROVED_LEAF_PRIMITIVE,TRANSMISSION_GATE_NW250_PW500_L50
64x8_read&write,TIME.dff_buf_addr.dff_1.inv3,TIME.dff_buf_addr.dff_1,DFF,PINV,'inv3',227,{},,True,"{""length"": 5e-08, ""nmos_model"": ""NMOS_VTG"", ""nmos_width"": 2.5e-07, ""num"": 1, ""pmos_model"": ""PMOS_VTG"", ""pmos_width"": 5e-07}","[""VDD"", ""VSS"", ""A"", ""Z""]","[""VDD"", ""VSS"", ""z1"", ""z2""]","[""VDD"", ""VSS"", ""TIME.dff_buf_addr.dff_1.z1"", ""TIME.dff_buf_addr.dff_1.z2""]",APPROVED_LEAF_PRIMITIVE,PINV_NW250_PW500_L50
64x8_read&write,TIME.dff_buf_addr.dff_1.inv4,TIME.dff_buf_addr.dff_1,DFF,PINV,'inv4',231,{},,True,"{""length"": 5e-08, ""nmos_model"": ""NMOS_VTG"", ""nmos_width"": 2.5e-07, ""num"": 1, ""pmos_model"": ""PMOS_VTG"", ""pmos_width"": 5e-07}","[""VDD"", ""VSS"", ""A"", ""Z""]","[""VDD"", ""VSS"", ""z2"", ""z3""]","[""VDD"", ""VSS"", ""TIME.dff_buf_addr.dff_1.z2"", ""TIME.dff_buf_addr.dff_1.z3""]",APPROVED_LEAF_PRIMITIVE,PINV_NW250_PW500_L50
64x8_read&write,TIME.dff_buf_addr.dff_1.tg2,TIME.dff_buf_addr.dff_1,DFF,TRANSMISSION_GATE,'tg2',234,{},,True,"{""nmos_model"": ""NMOS_VTG"", ""pmos_model"": ""PMOS_VTG""}","[""VDD"", ""VSS"", ""IN"", ""OUT"", ""CTR_P"", ""CTR_N""]","[""VDD"", ""VSS"", ""z3"", ""z1"", ""CLKB"", ""CLK""]","[""VDD"", ""VSS"", ""TIME.dff_buf_addr.dff_1.z3"", ""TIME.dff_buf_addr.dff_1.z1"", ""TIME.dff_buf_addr.dff_1.CLKB"", ""clk_buf""]",APPROVED_LEAF_PRIMITIVE,TRANSMISSION_GATE_NW250_PW500_L50
64x8_read&write,TIME.dff_buf_addr.dff_1.inv5,TIME.dff_buf_addr.dff_1,DFF,PINV,'inv5',239,{},,True,"{""length"": 5e-08, ""nmos_model"": ""NMOS_VTG"", ""nmos_width"": 2.5e-07, ""num"": 1, ""pmos_model"": ""PMOS_VTG"", ""pmos_width"": 5e-07}","[""VDD"", ""VSS"", ""A"", ""Z""]","[""VDD"", ""VSS"", ""z2"", ""z4""]","[""VDD"", ""VSS"", ""TIME.dff_buf_addr.dff_1.z2"", ""TIME.dff_buf_addr.dff_1.z4""]",APPROVED_LEAF_PRIMITIVE,PINV_NW250_PW500_L50
64x8_read&write,TIME.dff_buf_addr.dff_1.tg3,TIME.dff_buf_addr.dff_1,DFF,TRANSMISSION_GATE,'tg3',242,{},,True,"{""nmos_model"": ""NMOS_VTG"", ""pmos_model"": ""PMOS_VTG""}","[""VDD"", ""VSS"", ""IN"", ""OUT"", ""CTR_P"", ""CTR_N""]","[""VDD"", ""VSS"", ""z4"", ""z5"", ""CLKB"", ""CLK""]","[""VDD"", ""VSS"", ""TIME.dff_buf_addr.dff_1.z4"", ""TIME.dff_buf_addr.dff_1.z5"", ""TIME.dff_buf_addr.dff_1.CLKB"", ""clk_buf""]",APPROVED_LEAF_PRIMITIVE,TRANSMISSION_GATE_NW250_PW500_L50
64x8_read&write,TIME.dff_buf_addr.dff_1.inv6,TIME.dff_buf_addr.dff_1,DFF,PINV,'inv6',246,{},,True,"{""length"": 5e-08, ""nmos_model"": ""NMOS_VTG"", ""nmos_width"": 2.5e-07, ""num"": 1, ""pmos_model"": ""PMOS_VTG"", ""pmos_width"": 5e-07}","[""VDD"", ""VSS"", ""A"", ""Z""]","[""VDD"", ""VSS"", ""z5"", ""Q""]","[""VDD"", ""VSS"", ""TIME.dff_buf_addr.dff_1.z5"", ""TIME.A5""]",APPROVED_LEAF_PRIMITIVE,PINV_NW250_PW500_L50
64x8_read&write,TIME.dff_buf_addr.dff_1.inv7,TIME.dff_buf_addr.dff_1,DFF,PINV,'inv7',250,{},,True,"{""length"": 5e-08, ""nmos_model"": ""NMOS_VTG"", ""nmos_width"": 2.5e-07, ""num"": 1, ""pmos_model"": ""PMOS_VTG"", ""pmos_width"": 5e-07}","[""VDD"", ""VSS"", ""A"", ""Z""]","[""VDD"", ""VSS"", ""Q"", ""QB""]","[""VDD"", ""VSS"", ""TIME.A5"", ""TIME.dff_buf_addr.dff_1.QB""]",APPROVED_LEAF_PRIMITIVE,PINV_NW250_PW500_L50
64x8_read&write,TIME.dff_buf_addr.dff_1.tg4,TIME.dff_buf_addr.dff_1,DFF,TRANSMISSION_GATE,'tg4',254,{},,True,"{""nmos_model"": ""NMOS_VTG"", ""pmos_model"": ""PMOS_VTG""}","[""VDD"", ""VSS"", ""IN"", ""OUT"", ""CTR_P"", ""CTR_N""]","[""VDD"", ""VSS"", ""QB"", ""z5"", ""CLK"", ""CLKB""]","[""VDD"", ""VSS"", ""TIME.dff_buf_addr.dff_1.QB"", ""TIME.dff_buf_addr.dff_1.z5"", ""clk_buf"", ""TIME.dff_buf_addr.dff_1.CLKB""]",APPROVED_LEAF_PRIMITIVE,TRANSMISSION_GATE_NW250_PW500_L50
64x8_read&write,TIME.dff_buf_addr.dff_2,TIME.dff_buf_addr,ADDR_DFF,DFF,f'dff_{i}',440,"{""i"": 2}",,True,"{""nmos_model"": ""NMOS_VTG"", ""pmos_model"": ""PMOS_VTG""}","[""VDD"", ""VSS"", ""D"", ""Q"", ""CLK""]","[""VDD"", ""VSS"", ""A2"", ""A_dff2"", ""CLK""]","[""VDD"", ""VSS"", ""A2"", ""A_dff0"", ""clk_buf""]",COMPOSITE_INSTANCE,
64x8_read&write,TIME.dff_buf_addr.dff_2.inv1_clk,TIME.dff_buf_addr.dff_2,DFF,PINV,'inv1_clk',216,{},,True,"{""length"": 5e-08, ""nmos_model"": ""NMOS_VTG"", ""nmos_width"": 2.5e-07, ""num"": 1, ""pmos_model"": ""PMOS_VTG"", ""pmos_width"": 5e-07}","[""VDD"", ""VSS"", ""A"", ""Z""]","[""VDD"", ""VSS"", ""CLK"", ""CLKB""]","[""VDD"", ""VSS"", ""clk_buf"", ""TIME.dff_buf_addr.dff_2.CLKB""]",APPROVED_LEAF_PRIMITIVE,PINV_NW250_PW500_L50
64x8_read&write,TIME.dff_buf_addr.dff_2.inv2_D,TIME.dff_buf_addr.dff_2,DFF,PINV,'inv2_D',220,{},,True,"{""length"": 5e-08, ""nmos_model"": ""NMOS_VTG"", ""nmos_width"": 2.5e-07, ""num"": 1, ""pmos_model"": ""PMOS_VTG"", ""pmos_width"": 5e-07}","[""VDD"", ""VSS"", ""A"", ""Z""]","[""VDD"", ""VSS"", ""D"", ""D_b""]","[""VDD"", ""VSS"", ""A2"", ""TIME.dff_buf_addr.dff_2.D_b""]",APPROVED_LEAF_PRIMITIVE,PINV_NW250_PW500_L50
64x8_read&write,TIME.dff_buf_addr.dff_2.tg1,TIME.dff_buf_addr.dff_2,DFF,TRANSMISSION_GATE,'tg1',223,{},,True,"{""nmos_model"": ""NMOS_VTG"", ""pmos_model"": ""PMOS_VTG""}","[""VDD"", ""VSS"", ""IN"", ""OUT"", ""CTR_P"", ""CTR_N""]","[""VDD"", ""VSS"", ""D_b"", ""z1"", ""CLK"", ""CLKB""]","[""VDD"", ""VSS"", ""TIME.dff_buf_addr.dff_2.D_b"", ""TIME.dff_buf_addr.dff_2.z1"", ""clk_buf"", ""TIME.dff_buf_addr.dff_2.CLKB""]",APPROVED_LEAF_PRIMITIVE,TRANSMISSION_GATE_NW250_PW500_L50
64x8_read&write,TIME.dff_buf_addr.dff_2.inv3,TIME.dff_buf_addr.dff_2,DFF,PINV,'inv3',227,{},,True,"{""length"": 5e-08, ""nmos_model"": ""NMOS_VTG"", ""nmos_width"": 2.5e-07, ""num"": 1, ""pmos_model"": ""PMOS_VTG"", ""pmos_width"": 5e-07}","[""VDD"", ""VSS"", ""A"", ""Z""]","[""VDD"", ""VSS"", ""z1"", ""z2""]","[""VDD"", ""VSS"", ""TIME.dff_buf_addr.dff_2.z1"", ""TIME.dff_buf_addr.dff_2.z2""]",APPROVED_LEAF_PRIMITIVE,PINV_NW250_PW500_L50
64x8_read&write,TIME.dff_buf_addr.dff_2.inv4,TIME.dff_buf_addr.dff_2,DFF,PINV,'inv4',231,{},,True,"{""length"": 5e-08, ""nmos_model"": ""NMOS_VTG"", ""nmos_width"": 2.5e-07, ""num"": 1, ""pmos_model"": ""PMOS_VTG"", ""pmos_width"": 5e-07}","[""VDD"", ""VSS"", ""A"", ""Z""]","[""VDD"", ""VSS"", ""z2"", ""z3""]","[""VDD"", ""VSS"", ""TIME.dff_buf_addr.dff_2.z2"", ""TIME.dff_buf_addr.dff_2.z3""]",APPROVED_LEAF_PRIMITIVE,PINV_NW250_PW500_L50
64x8_read&write,TIME.dff_buf_addr.dff_2.tg2,TIME.dff_buf_addr.dff_2,DFF,TRANSMISSION_GATE,'tg2',234,{},,True,"{""nmos_model"": ""NMOS_VTG"", ""pmos_model"": ""PMOS_VTG""}","[""VDD"", ""VSS"", ""IN"", ""OUT"", ""CTR_P"", ""CTR_N""]","[""VDD"", ""VSS"", ""z3"", ""z1"", ""CLKB"", ""CLK""]","[""VDD"", ""VSS"", ""TIME.dff_buf_addr.dff_2.z3"", ""TIME.dff_buf_addr.dff_2.z1"", ""TIME.dff_buf_addr.dff_2.CLKB"", ""clk_buf""]",APPROVED_LEAF_PRIMITIVE,TRANSMISSION_GATE_NW250_PW500_L50
64x8_read&write,TIME.dff_buf_addr.dff_2.inv5,TIME.dff_buf_addr.dff_2,DFF,PINV,'inv5',239,{},,True,"{""length"": 5e-08, ""nmos_model"": ""NMOS_VTG"", ""nmos_width"": 2.5e-07, ""num"": 1, ""pmos_model"": ""PMOS_VTG"", ""pmos_width"": 5e-07}","[""VDD"", ""VSS"", ""A"", ""Z""]","[""VDD"", ""VSS"", ""z2"", ""z4""]","[""VDD"", ""VSS"", ""TIME.dff_buf_addr.dff_2.z2"", ""TIME.dff_buf_addr.dff_2.z4""]",APPROVED_LEAF_PRIMITIVE,PINV_NW250_PW500_L50
64x8_read&write,TIME.dff_buf_addr.dff_2.tg3,TIME.dff_buf_addr.dff_2,DFF,TRANSMISSION_GATE,'tg3',242,{},,True,"{""nmos_model"": ""NMOS_VTG"", ""pmos_model"": ""PMOS_VTG""}","[""VDD"", ""VSS"", ""IN"", ""OUT"", ""CTR_P"", ""CTR_N""]","[""VDD"", ""VSS"", ""z4"", ""z5"", ""CLKB"", ""CLK""]","[""VDD"", ""VSS"", ""TIME.dff_buf_addr.dff_2.z4"", ""TIME.dff_buf_addr.dff_2.z5"", ""TIME.dff_buf_addr.dff_2.CLKB"", ""clk_buf""]",APPROVED_LEAF_PRIMITIVE,TRANSMISSION_GATE_NW250_PW500_L50
64x8_read&write,TIME.dff_buf_addr.dff_2.inv6,TIME.dff_buf_addr.dff_2,DFF,PINV,'inv6',246,{},,True,"{""length"": 5e-08, ""nmos_model"": ""NMOS_VTG"", ""nmos_width"": 2.5e-07, ""num"": 1, ""pmos_model"": ""PMOS_VTG"", ""pmos_width"": 5e-07}","[""VDD"", ""VSS"", ""A"", ""Z""]","[""VDD"", ""VSS"", ""z5"", ""Q""]","[""VDD"", ""VSS"", ""TIME.dff_buf_addr.dff_2.z5"", ""A_dff0""]",APPROVED_LEAF_PRIMITIVE,PINV_NW250_PW500_L50
64x8_read&write,TIME.dff_buf_addr.dff_2.inv7,TIME.dff_buf_addr.dff_2,DFF,PINV,'inv7',250,{},,True,"{""length"": 5e-08, ""nmos_model"": ""NMOS_VTG"", ""nmos_width"": 2.5e-07, ""num"": 1, ""pmos_model"": ""PMOS_VTG"", ""pmos_width"": 5e-07}","[""VDD"", ""VSS"", ""A"", ""Z""]","[""VDD"", ""VSS"", ""Q"", ""QB""]","[""VDD"", ""VSS"", ""A_dff0"", ""TIME.dff_buf_addr.dff_2.QB""]",APPROVED_LEAF_PRIMITIVE,PINV_NW250_PW500_L50
64x8_read&write,TIME.dff_buf_addr.dff_2.tg4,TIME.dff_buf_addr.dff_2,DFF,TRANSMISSION_GATE,'tg4',254,{},,True,"{""nmos_model"": ""NMOS_VTG"", ""pmos_model"": ""PMOS_VTG""}","[""VDD"", ""VSS"", ""IN"", ""OUT"", ""CTR_P"", ""CTR_N""]","[""VDD"", ""VSS"", ""QB"", ""z5"", ""CLK"", ""CLKB""]","[""VDD"", ""VSS"", ""TIME.dff_buf_addr.dff_2.QB"", ""TIME.dff_buf_addr.dff_2.z5"", ""clk_buf"", ""TIME.dff_buf_addr.dff_2.CLKB""]",APPROVED_LEAF_PRIMITIVE,TRANSMISSION_GATE_NW250_PW500_L50
64x8_read&write,TIME.dff_buf_addr.dff_3,TIME.dff_buf_addr,ADDR_DFF,DFF,f'dff_{i}',440,"{""i"": 3}",,True,"{""nmos_model"": ""NMOS_VTG"", ""pmos_model"": ""PMOS_VTG""}","[""VDD"", ""VSS"", ""D"", ""Q"", ""CLK""]","[""VDD"", ""VSS"", ""A3"", ""A_dff3"", ""CLK""]","[""VDD"", ""VSS"", ""A3"", ""A_dff1"", ""clk_buf""]",COMPOSITE_INSTANCE,
64x8_read&write,TIME.dff_buf_addr.dff_3.inv1_clk,TIME.dff_buf_addr.dff_3,DFF,PINV,'inv1_clk',216,{},,True,"{""length"": 5e-08, ""nmos_model"": ""NMOS_VTG"", ""nmos_width"": 2.5e-07, ""num"": 1, ""pmos_model"": ""PMOS_VTG"", ""pmos_width"": 5e-07}","[""VDD"", ""VSS"", ""A"", ""Z""]","[""VDD"", ""VSS"", ""CLK"", ""CLKB""]","[""VDD"", ""VSS"", ""clk_buf"", ""TIME.dff_buf_addr.dff_3.CLKB""]",APPROVED_LEAF_PRIMITIVE,PINV_NW250_PW500_L50
64x8_read&write,TIME.dff_buf_addr.dff_3.inv2_D,TIME.dff_buf_addr.dff_3,DFF,PINV,'inv2_D',220,{},,True,"{""length"": 5e-08, ""nmos_model"": ""NMOS_VTG"", ""nmos_width"": 2.5e-07, ""num"": 1, ""pmos_model"": ""PMOS_VTG"", ""pmos_width"": 5e-07}","[""VDD"", ""VSS"", ""A"", ""Z""]","[""VDD"", ""VSS"", ""D"", ""D_b""]","[""VDD"", ""VSS"", ""A3"", ""TIME.dff_buf_addr.dff_3.D_b""]",APPROVED_LEAF_PRIMITIVE,PINV_NW250_PW500_L50
64x8_read&write,TIME.dff_buf_addr.dff_3.tg1,TIME.dff_buf_addr.dff_3,DFF,TRANSMISSION_GATE,'tg1',223,{},,True,"{""nmos_model"": ""NMOS_VTG"", ""pmos_model"": ""PMOS_VTG""}","[""VDD"", ""VSS"", ""IN"", ""OUT"", ""CTR_P"", ""CTR_N""]","[""VDD"", ""VSS"", ""D_b"", ""z1"", ""CLK"", ""CLKB""]","[""VDD"", ""VSS"", ""TIME.dff_buf_addr.dff_3.D_b"", ""TIME.dff_buf_addr.dff_3.z1"", ""clk_buf"", ""TIME.dff_buf_addr.dff_3.CLKB""]",APPROVED_LEAF_PRIMITIVE,TRANSMISSION_GATE_NW250_PW500_L50
64x8_read&write,TIME.dff_buf_addr.dff_3.inv3,TIME.dff_buf_addr.dff_3,DFF,PINV,'inv3',227,{},,True,"{""length"": 5e-08, ""nmos_model"": ""NMOS_VTG"", ""nmos_width"": 2.5e-07, ""num"": 1, ""pmos_model"": ""PMOS_VTG"", ""pmos_width"": 5e-07}","[""VDD"", ""VSS"", ""A"", ""Z""]","[""VDD"", ""VSS"", ""z1"", ""z2""]","[""VDD"", ""VSS"", ""TIME.dff_buf_addr.dff_3.z1"", ""TIME.dff_buf_addr.dff_3.z2""]",APPROVED_LEAF_PRIMITIVE,PINV_NW250_PW500_L50
64x8_read&write,TIME.dff_buf_addr.dff_3.inv4,TIME.dff_buf_addr.dff_3,DFF,PINV,'inv4',231,{},,True,"{""length"": 5e-08, ""nmos_model"": ""NMOS_VTG"", ""nmos_width"": 2.5e-07, ""num"": 1, ""pmos_model"": ""PMOS_VTG"", ""pmos_width"": 5e-07}","[""VDD"", ""VSS"", ""A"", ""Z""]","[""VDD"", ""VSS"", ""z2"", ""z3""]","[""VDD"", ""VSS"", ""TIME.dff_buf_addr.dff_3.z2"", ""TIME.dff_buf_addr.dff_3.z3""]",APPROVED_LEAF_PRIMITIVE,PINV_NW250_PW500_L50
64x8_read&write,TIME.dff_buf_addr.dff_3.tg2,TIME.dff_buf_addr.dff_3,DFF,TRANSMISSION_GATE,'tg2',234,{},,True,"{""nmos_model"": ""NMOS_VTG"", ""pmos_model"": ""PMOS_VTG""}","[""VDD"", ""VSS"", ""IN"", ""OUT"", ""CTR_P"", ""CTR_N""]","[""VDD"", ""VSS"", ""z3"", ""z1"", ""CLKB"", ""CLK""]","[""VDD"", ""VSS"", ""TIME.dff_buf_addr.dff_3.z3"", ""TIME.dff_buf_addr.dff_3.z1"", ""TIME.dff_buf_addr.dff_3.CLKB"", ""clk_buf""]",APPROVED_LEAF_PRIMITIVE,TRANSMISSION_GATE_NW250_PW500_L50
64x8_read&write,TIME.dff_buf_addr.dff_3.inv5,TIME.dff_buf_addr.dff_3,DFF,PINV,'inv5',239,{},,True,"{""length"": 5e-08, ""nmos_model"": ""NMOS_VTG"", ""nmos_width"": 2.5e-07, ""num"": 1, ""pmos_model"": ""PMOS_VTG"", ""pmos_width"": 5e-07}","[""VDD"", ""VSS"", ""A"", ""Z""]","[""VDD"", ""VSS"", ""z2"", ""z4""]","[""VDD"", ""VSS"", ""TIME.dff_buf_addr.dff_3.z2"", ""TIME.dff_buf_addr.dff_3.z4""]",APPROVED_LEAF_PRIMITIVE,PINV_NW250_PW500_L50
64x8_read&write,TIME.dff_buf_addr.dff_3.tg3,TIME.dff_buf_addr.dff_3,DFF,TRANSMISSION_GATE,'tg3',242,{},,True,"{""nmos_model"": ""NMOS_VTG"", ""pmos_model"": ""PMOS_VTG""}","[""VDD"", ""VSS"", ""IN"", ""OUT"", ""CTR_P"", ""CTR_N""]","[""VDD"", ""VSS"", ""z4"", ""z5"", ""CLKB"", ""CLK""]","[""VDD"", ""VSS"", ""TIME.dff_buf_addr.dff_3.z4"", ""TIME.dff_buf_addr.dff_3.z5"", ""TIME.dff_buf_addr.dff_3.CLKB"", ""clk_buf""]",APPROVED_LEAF_PRIMITIVE,TRANSMISSION_GATE_NW250_PW500_L50
64x8_read&write,TIME.dff_buf_addr.dff_3.inv6,TIME.dff_buf_addr.dff_3,DFF,PINV,'inv6',246,{},,True,"{""length"": 5e-08, ""nmos_model"": ""NMOS_VTG"", ""nmos_width"": 2.5e-07, ""num"": 1, ""pmos_model"": ""PMOS_VTG"", ""pmos_width"": 5e-07}","[""VDD"", ""VSS"", ""A"", ""Z""]","[""VDD"", ""VSS"", ""z5"", ""Q""]","[""VDD"", ""VSS"", ""TIME.dff_buf_addr.dff_3.z5"", ""A_dff1""]",APPROVED_LEAF_PRIMITIVE,PINV_NW250_PW500_L50
64x8_read&write,TIME.dff_buf_addr.dff_3.inv7,TIME.dff_buf_addr.dff_3,DFF,PINV,'inv7',250,{},,True,"{""length"": 5e-08, ""nmos_model"": ""NMOS_VTG"", ""nmos_width"": 2.5e-07, ""num"": 1, ""pmos_model"": ""PMOS_VTG"", ""pmos_width"": 5e-07}","[""VDD"", ""VSS"", ""A"", ""Z""]","[""VDD"", ""VSS"", ""Q"", ""QB""]","[""VDD"", ""VSS"", ""A_dff1"", ""TIME.dff_buf_addr.dff_3.QB""]",APPROVED_LEAF_PRIMITIVE,PINV_NW250_PW500_L50
64x8_read&write,TIME.dff_buf_addr.dff_3.tg4,TIME.dff_buf_addr.dff_3,DFF,TRANSMISSION_GATE,'tg4',254,{},,True,"{""nmos_model"": ""NMOS_VTG"", ""pmos_model"": ""PMOS_VTG""}","[""VDD"", ""VSS"", ""IN"", ""OUT"", ""CTR_P"", ""CTR_N""]","[""VDD"", ""VSS"", ""QB"", ""z5"", ""CLK"", ""CLKB""]","[""VDD"", ""VSS"", ""TIME.dff_buf_addr.dff_3.QB"", ""TIME.dff_buf_addr.dff_3.z5"", ""clk_buf"", ""TIME.dff_buf_addr.dff_3.CLKB""]",APPROVED_LEAF_PRIMITIVE,TRANSMISSION_GATE_NW250_PW500_L50
64x8_read&write,TIME.dff_buf_addr.dff_4,TIME.dff_buf_addr,ADDR_DFF,DFF,f'dff_{i}',440,"{""i"": 4}",,True,"{""nmos_model"": ""NMOS_VTG"", ""pmos_model"": ""PMOS_VTG""}","[""VDD"", ""VSS"", ""D"", ""Q"", ""CLK""]","[""VDD"", ""VSS"", ""A4"", ""A_dff4"", ""CLK""]","[""VDD"", ""VSS"", ""TIME.dff_buf_addr.A4"", ""TIME.dff_buf_addr.A_dff4"", ""clk_buf""]",COMPOSITE_INSTANCE,
64x8_read&write,TIME.dff_buf_addr.dff_4.inv1_clk,TIME.dff_buf_addr.dff_4,DFF,PINV,'inv1_clk',216,{},,True,"{""length"": 5e-08, ""nmos_model"": ""NMOS_VTG"", ""nmos_width"": 2.5e-07, ""num"": 1, ""pmos_model"": ""PMOS_VTG"", ""pmos_width"": 5e-07}","[""VDD"", ""VSS"", ""A"", ""Z""]","[""VDD"", ""VSS"", ""CLK"", ""CLKB""]","[""VDD"", ""VSS"", ""clk_buf"", ""TIME.dff_buf_addr.dff_4.CLKB""]",APPROVED_LEAF_PRIMITIVE,PINV_NW250_PW500_L50
64x8_read&write,TIME.dff_buf_addr.dff_4.inv2_D,TIME.dff_buf_addr.dff_4,DFF,PINV,'inv2_D',220,{},,True,"{""length"": 5e-08, ""nmos_model"": ""NMOS_VTG"", ""nmos_width"": 2.5e-07, ""num"": 1, ""pmos_model"": ""PMOS_VTG"", ""pmos_width"": 5e-07}","[""VDD"", ""VSS"", ""A"", ""Z""]","[""VDD"", ""VSS"", ""D"", ""D_b""]","[""VDD"", ""VSS"", ""TIME.dff_buf_addr.A4"", ""TIME.dff_buf_addr.dff_4.D_b""]",APPROVED_LEAF_PRIMITIVE,PINV_NW250_PW500_L50
64x8_read&write,TIME.dff_buf_addr.dff_4.tg1,TIME.dff_buf_addr.dff_4,DFF,TRANSMISSION_GATE,'tg1',223,{},,True,"{""nmos_model"": ""NMOS_VTG"", ""pmos_model"": ""PMOS_VTG""}","[""VDD"", ""VSS"", ""IN"", ""OUT"", ""CTR_P"", ""CTR_N""]","[""VDD"", ""VSS"", ""D_b"", ""z1"", ""CLK"", ""CLKB""]","[""VDD"", ""VSS"", ""TIME.dff_buf_addr.dff_4.D_b"", ""TIME.dff_buf_addr.dff_4.z1"", ""clk_buf"", ""TIME.dff_buf_addr.dff_4.CLKB""]",APPROVED_LEAF_PRIMITIVE,TRANSMISSION_GATE_NW250_PW500_L50
64x8_read&write,TIME.dff_buf_addr.dff_4.inv3,TIME.dff_buf_addr.dff_4,DFF,PINV,'inv3',227,{},,True,"{""length"": 5e-08, ""nmos_model"": ""NMOS_VTG"", ""nmos_width"": 2.5e-07, ""num"": 1, ""pmos_model"": ""PMOS_VTG"", ""pmos_width"": 5e-07}","[""VDD"", ""VSS"", ""A"", ""Z""]","[""VDD"", ""VSS"", ""z1"", ""z2""]","[""VDD"", ""VSS"", ""TIME.dff_buf_addr.dff_4.z1"", ""TIME.dff_buf_addr.dff_4.z2""]",APPROVED_LEAF_PRIMITIVE,PINV_NW250_PW500_L50
64x8_read&write,TIME.dff_buf_addr.dff_4.inv4,TIME.dff_buf_addr.dff_4,DFF,PINV,'inv4',231,{},,True,"{""length"": 5e-08, ""nmos_model"": ""NMOS_VTG"", ""nmos_width"": 2.5e-07, ""num"": 1, ""pmos_model"": ""PMOS_VTG"", ""pmos_width"": 5e-07}","[""VDD"", ""VSS"", ""A"", ""Z""]","[""VDD"", ""VSS"", ""z2"", ""z3""]","[""VDD"", ""VSS"", ""TIME.dff_buf_addr.dff_4.z2"", ""TIME.dff_buf_addr.dff_4.z3""]",APPROVED_LEAF_PRIMITIVE,PINV_NW250_PW500_L50
64x8_read&write,TIME.dff_buf_addr.dff_4.tg2,TIME.dff_buf_addr.dff_4,DFF,TRANSMISSION_GATE,'tg2',234,{},,True,"{""nmos_model"": ""NMOS_VTG"", ""pmos_model"": ""PMOS_VTG""}","[""VDD"", ""VSS"", ""IN"", ""OUT"", ""CTR_P"", ""CTR_N""]","[""VDD"", ""VSS"", ""z3"", ""z1"", ""CLKB"", ""CLK""]","[""VDD"", ""VSS"", ""TIME.dff_buf_addr.dff_4.z3"", ""TIME.dff_buf_addr.dff_4.z1"", ""TIME.dff_buf_addr.dff_4.CLKB"", ""clk_buf""]",APPROVED_LEAF_PRIMITIVE,TRANSMISSION_GATE_NW250_PW500_L50
64x8_read&write,TIME.dff_buf_addr.dff_4.inv5,TIME.dff_buf_addr.dff_4,DFF,PINV,'inv5',239,{},,True,"{""length"": 5e-08, ""nmos_model"": ""NMOS_VTG"", ""nmos_width"": 2.5e-07, ""num"": 1, ""pmos_model"": ""PMOS_VTG"", ""pmos_width"": 5e-07}","[""VDD"", ""VSS"", ""A"", ""Z""]","[""VDD"", ""VSS"", ""z2"", ""z4""]","[""VDD"", ""VSS"", ""TIME.dff_buf_addr.dff_4.z2"", ""TIME.dff_buf_addr.dff_4.z4""]",APPROVED_LEAF_PRIMITIVE,PINV_NW250_PW500_L50
64x8_read&write,TIME.dff_buf_addr.dff_4.tg3,TIME.dff_buf_addr.dff_4,DFF,TRANSMISSION_GATE,'tg3',242,{},,True,"{""nmos_model"": ""NMOS_VTG"", ""pmos_model"": ""PMOS_VTG""}","[""VDD"", ""VSS"", ""IN"", ""OUT"", ""CTR_P"", ""CTR_N""]","[""VDD"", ""VSS"", ""z4"", ""z5"", ""CLKB"", ""CLK""]","[""VDD"", ""VSS"", ""TIME.dff_buf_addr.dff_4.z4"", ""TIME.dff_buf_addr.dff_4.z5"", ""TIME.dff_buf_addr.dff_4.CLKB"", ""clk_buf""]",APPROVED_LEAF_PRIMITIVE,TRANSMISSION_GATE_NW250_PW500_L50
64x8_read&write,TIME.dff_buf_addr.dff_4.inv6,TIME.dff_buf_addr.dff_4,DFF,PINV,'inv6',246,{},,True,"{""length"": 5e-08, ""nmos_model"": ""NMOS_VTG"", ""nmos_width"": 2.5e-07, ""num"": 1, ""pmos_model"": ""PMOS_VTG"", ""pmos_width"": 5e-07}","[""VDD"", ""VSS"", ""A"", ""Z""]","[""VDD"", ""VSS"", ""z5"", ""Q""]","[""VDD"", ""VSS"", ""TIME.dff_buf_addr.dff_4.z5"", ""TIME.dff_buf_addr.A_dff4""]",APPROVED_LEAF_PRIMITIVE,PINV_NW250_PW500_L50
64x8_read&write,TIME.dff_buf_addr.dff_4.inv7,TIME.dff_buf_addr.dff_4,DFF,PINV,'inv7',250,{},,True,"{""length"": 5e-08, ""nmos_model"": ""NMOS_VTG"", ""nmos_width"": 2.5e-07, ""num"": 1, ""pmos_model"": ""PMOS_VTG"", ""pmos_width"": 5e-07}","[""VDD"", ""VSS"", ""A"", ""Z""]","[""VDD"", ""VSS"", ""Q"", ""QB""]","[""VDD"", ""VSS"", ""TIME.dff_buf_addr.A_dff4"", ""TIME.dff_buf_addr.dff_4.QB""]",APPROVED_LEAF_PRIMITIVE,PINV_NW250_PW500_L50
64x8_read&write,TIME.dff_buf_addr.dff_4.tg4,TIME.dff_buf_addr.dff_4,DFF,TRANSMISSION_GATE,'tg4',254,{},,True,"{""nmos_model"": ""NMOS_VTG"", ""pmos_model"": ""PMOS_VTG""}","[""VDD"", ""VSS"", ""IN"", ""OUT"", ""CTR_P"", ""CTR_N""]","[""VDD"", ""VSS"", ""QB"", ""z5"", ""CLK"", ""CLKB""]","[""VDD"", ""VSS"", ""TIME.dff_buf_addr.dff_4.QB"", ""TIME.dff_buf_addr.dff_4.z5"", ""clk_buf"", ""TIME.dff_buf_addr.dff_4.CLKB""]",APPROVED_LEAF_PRIMITIVE,TRANSMISSION_GATE_NW250_PW500_L50
64x8_read&write,TIME.dff_buf_addr.dff_5,TIME.dff_buf_addr,ADDR_DFF,DFF,f'dff_{i}',440,"{""i"": 5}",,True,"{""nmos_model"": ""NMOS_VTG"", ""pmos_model"": ""PMOS_VTG""}","[""VDD"", ""VSS"", ""D"", ""Q"", ""CLK""]","[""VDD"", ""VSS"", ""A5"", ""A_dff5"", ""CLK""]","[""VDD"", ""VSS"", ""TIME.dff_buf_addr.A5"", ""TIME.dff_buf_addr.A_dff5"", ""clk_buf""]",COMPOSITE_INSTANCE,
64x8_read&write,TIME.dff_buf_addr.dff_5.inv1_clk,TIME.dff_buf_addr.dff_5,DFF,PINV,'inv1_clk',216,{},,True,"{""length"": 5e-08, ""nmos_model"": ""NMOS_VTG"", ""nmos_width"": 2.5e-07, ""num"": 1, ""pmos_model"": ""PMOS_VTG"", ""pmos_width"": 5e-07}","[""VDD"", ""VSS"", ""A"", ""Z""]","[""VDD"", ""VSS"", ""CLK"", ""CLKB""]","[""VDD"", ""VSS"", ""clk_buf"", ""TIME.dff_buf_addr.dff_5.CLKB""]",APPROVED_LEAF_PRIMITIVE,PINV_NW250_PW500_L50
64x8_read&write,TIME.dff_buf_addr.dff_5.inv2_D,TIME.dff_buf_addr.dff_5,DFF,PINV,'inv2_D',220,{},,True,"{""length"": 5e-08, ""nmos_model"": ""NMOS_VTG"", ""nmos_width"": 2.5e-07, ""num"": 1, ""pmos_model"": ""PMOS_VTG"", ""pmos_width"": 5e-07}","[""VDD"", ""VSS"", ""A"", ""Z""]","[""VDD"", ""VSS"", ""D"", ""D_b""]","[""VDD"", ""VSS"", ""TIME.dff_buf_addr.A5"", ""TIME.dff_buf_addr.dff_5.D_b""]",APPROVED_LEAF_PRIMITIVE,PINV_NW250_PW500_L50
64x8_read&write,TIME.dff_buf_addr.dff_5.tg1,TIME.dff_buf_addr.dff_5,DFF,TRANSMISSION_GATE,'tg1',223,{},,True,"{""nmos_model"": ""NMOS_VTG"", ""pmos_model"": ""PMOS_VTG""}","[""VDD"", ""VSS"", ""IN"", ""OUT"", ""CTR_P"", ""CTR_N""]","[""VDD"", ""VSS"", ""D_b"", ""z1"", ""CLK"", ""CLKB""]","[""VDD"", ""VSS"", ""TIME.dff_buf_addr.dff_5.D_b"", ""TIME.dff_buf_addr.dff_5.z1"", ""clk_buf"", ""TIME.dff_buf_addr.dff_5.CLKB""]",APPROVED_LEAF_PRIMITIVE,TRANSMISSION_GATE_NW250_PW500_L50
64x8_read&write,TIME.dff_buf_addr.dff_5.inv3,TIME.dff_buf_addr.dff_5,DFF,PINV,'inv3',227,{},,True,"{""length"": 5e-08, ""nmos_model"": ""NMOS_VTG"", ""nmos_width"": 2.5e-07, ""num"": 1, ""pmos_model"": ""PMOS_VTG"", ""pmos_width"": 5e-07}","[""VDD"", ""VSS"", ""A"", ""Z""]","[""VDD"", ""VSS"", ""z1"", ""z2""]","[""VDD"", ""VSS"", ""TIME.dff_buf_addr.dff_5.z1"", ""TIME.dff_buf_addr.dff_5.z2""]",APPROVED_LEAF_PRIMITIVE,PINV_NW250_PW500_L50
64x8_read&write,TIME.dff_buf_addr.dff_5.inv4,TIME.dff_buf_addr.dff_5,DFF,PINV,'inv4',231,{},,True,"{""length"": 5e-08, ""nmos_model"": ""NMOS_VTG"", ""nmos_width"": 2.5e-07, ""num"": 1, ""pmos_model"": ""PMOS_VTG"", ""pmos_width"": 5e-07}","[""VDD"", ""VSS"", ""A"", ""Z""]","[""VDD"", ""VSS"", ""z2"", ""z3""]","[""VDD"", ""VSS"", ""TIME.dff_buf_addr.dff_5.z2"", ""TIME.dff_buf_addr.dff_5.z3""]",APPROVED_LEAF_PRIMITIVE,PINV_NW250_PW500_L50
64x8_read&write,TIME.dff_buf_addr.dff_5.tg2,TIME.dff_buf_addr.dff_5,DFF,TRANSMISSION_GATE,'tg2',234,{},,True,"{""nmos_model"": ""NMOS_VTG"", ""pmos_model"": ""PMOS_VTG""}","[""VDD"", ""VSS"", ""IN"", ""OUT"", ""CTR_P"", ""CTR_N""]","[""VDD"", ""VSS"", ""z3"", ""z1"", ""CLKB"", ""CLK""]","[""VDD"", ""VSS"", ""TIME.dff_buf_addr.dff_5.z3"", ""TIME.dff_buf_addr.dff_5.z1"", ""TIME.dff_buf_addr.dff_5.CLKB"", ""clk_buf""]",APPROVED_LEAF_PRIMITIVE,TRANSMISSION_GATE_NW250_PW500_L50
64x8_read&write,TIME.dff_buf_addr.dff_5.inv5,TIME.dff_buf_addr.dff_5,DFF,PINV,'inv5',239,{},,True,"{""length"": 5e-08, ""nmos_model"": ""NMOS_VTG"", ""nmos_width"": 2.5e-07, ""num"": 1, ""pmos_model"": ""PMOS_VTG"", ""pmos_width"": 5e-07}","[""VDD"", ""VSS"", ""A"", ""Z""]","[""VDD"", ""VSS"", ""z2"", ""z4""]","[""VDD"", ""VSS"", ""TIME.dff_buf_addr.dff_5.z2"", ""TIME.dff_buf_addr.dff_5.z4""]",APPROVED_LEAF_PRIMITIVE,PINV_NW250_PW500_L50
64x8_read&write,TIME.dff_buf_addr.dff_5.tg3,TIME.dff_buf_addr.dff_5,DFF,TRANSMISSION_GATE,'tg3',242,{},,True,"{""nmos_model"": ""NMOS_VTG"", ""pmos_model"": ""PMOS_VTG""}","[""VDD"", ""VSS"", ""IN"", ""OUT"", ""CTR_P"", ""CTR_N""]","[""VDD"", ""VSS"", ""z4"", ""z5"", ""CLKB"", ""CLK""]","[""VDD"", ""VSS"", ""TIME.dff_buf_addr.dff_5.z4"", ""TIME.dff_buf_addr.dff_5.z5"", ""TIME.dff_buf_addr.dff_5.CLKB"", ""clk_buf""]",APPROVED_LEAF_PRIMITIVE,TRANSMISSION_GATE_NW250_PW500_L50
64x8_read&write,TIME.dff_buf_addr.dff_5.inv6,TIME.dff_buf_addr.dff_5,DFF,PINV,'inv6',246,{},,True,"{""length"": 5e-08, ""nmos_model"": ""NMOS_VTG"", ""nmos_width"": 2.5e-07, ""num"": 1, ""pmos_model"": ""PMOS_VTG"", ""pmos_width"": 5e-07}","[""VDD"", ""VSS"", ""A"", ""Z""]","[""VDD"", ""VSS"", ""z5"", ""Q""]","[""VDD"", ""VSS"", ""TIME.dff_buf_addr.dff_5.z5"", ""TIME.dff_buf_addr.A_dff5""]",APPROVED_LEAF_PRIMITIVE,PINV_NW250_PW500_L50
64x8_read&write,TIME.dff_buf_addr.dff_5.inv7,TIME.dff_buf_addr.dff_5,DFF,PINV,'inv7',250,{},,True,"{""length"": 5e-08, ""nmos_model"": ""NMOS_VTG"", ""nmos_width"": 2.5e-07, ""num"": 1, ""pmos_model"": ""PMOS_VTG"", ""pmos_width"": 5e-07}","[""VDD"", ""VSS"", ""A"", ""Z""]","[""VDD"", ""VSS"", ""Q"", ""QB""]","[""VDD"", ""VSS"", ""TIME.dff_buf_addr.A_dff5"", ""TIME.dff_buf_addr.dff_5.QB""]",APPROVED_LEAF_PRIMITIVE,PINV_NW250_PW500_L50
64x8_read&write,TIME.dff_buf_addr.dff_5.tg4,TIME.dff_buf_addr.dff_5,DFF,TRANSMISSION_GATE,'tg4',254,{},,True,"{""nmos_model"": ""NMOS_VTG"", ""pmos_model"": ""PMOS_VTG""}","[""VDD"", ""VSS"", ""IN"", ""OUT"", ""CTR_P"", ""CTR_N""]","[""VDD"", ""VSS"", ""QB"", ""z5"", ""CLK"", ""CLKB""]","[""VDD"", ""VSS"", ""TIME.dff_buf_addr.dff_5.QB"", ""TIME.dff_buf_addr.dff_5.z5"", ""clk_buf"", ""TIME.dff_buf_addr.dff_5.CLKB""]",APPROVED_LEAF_PRIMITIVE,TRANSMISSION_GATE_NW250_PW500_L50
64x8_read&write,TIME.dff_buf_data,TIME,TIME,DATA_DFF,'dff_buf_data',554,{},operation == 'write' or operation == 'read&write',True,"{""nmos_model"": ""NMOS_VTG"", ""num_cols"": 8, ""pmos_model"": ""PMOS_VTG""}","[""VDD"", ""VSS"", ""CLK"", ""DIN0"", ""DIN1"", ""DIN2"", ""DIN3"", ""DIN4"", ""DIN5"", ""DIN6"", ""DIN7"", ""DIN_dff0"", ""DIN_dff1"", ""DIN_dff2"", ""DIN_dff3"", ""DIN_dff4"", ""DIN_dff5"", ""DIN_dff6"", ""DIN_dff7""]","[""VDD"", ""VSS"", ""clk_buf"", ""DIN0"", ""DIN1"", ""DIN2"", ""DIN3"", ""DIN4"", ""DIN5"", ""DIN6"", ""DIN7"", ""DIN_dff0"", ""DIN_dff1"", ""DIN_dff2"", ""DIN_dff3"", ""DIN_dff4"", ""DIN_dff5"", ""DIN_dff6"", ""DIN_dff7""]","[""VDD"", ""VSS"", ""clk_buf"", ""TIME.DIN0"", ""TIME.DIN1"", ""TIME.DIN2"", ""TIME.DIN3"", ""TIME.DIN4"", ""TIME.DIN5"", ""TIME.DIN6"", ""TIME.DIN7"", ""TIME.DIN_dff0"", ""TIME.DIN_dff1"", ""TIME.DIN_dff2"", ""TIME.DIN_dff3"", ""TIME.DIN_dff4"", ""TIME.DIN_dff5"", ""TIME.DIN_dff6"", ""TIME.DIN_dff7""]",COMPOSITE_INSTANCE,
64x8_read&write,TIME.dff_buf_data.dff_0,TIME.dff_buf_data,DATA_DFF,DFF,f'dff_{i}',479,"{""i"": 0}",,True,"{""nmos_model"": ""NMOS_VTG"", ""pmos_model"": ""PMOS_VTG"", ""pmos_width"": 5e-08}","[""VDD"", ""VSS"", ""D"", ""Q"", ""CLK""]","[""VDD"", ""VSS"", ""DIN0"", ""DIN_dff0"", ""CLK""]","[""VDD"", ""VSS"", ""TIME.DIN0"", ""TIME.DIN_dff0"", ""clk_buf""]",COMPOSITE_INSTANCE,
64x8_read&write,TIME.dff_buf_data.dff_0.inv1_clk,TIME.dff_buf_data.dff_0,DFF,PINV,'inv1_clk',216,{},,True,"{""length"": 5e-08, ""nmos_model"": ""NMOS_VTG"", ""nmos_width"": 2.5e-07, ""num"": 1, ""pmos_model"": ""PMOS_VTG"", ""pmos_width"": 5e-07}","[""VDD"", ""VSS"", ""A"", ""Z""]","[""VDD"", ""VSS"", ""CLK"", ""CLKB""]","[""VDD"", ""VSS"", ""clk_buf"", ""TIME.dff_buf_data.dff_0.CLKB""]",APPROVED_LEAF_PRIMITIVE,PINV_NW250_PW500_L50
64x8_read&write,TIME.dff_buf_data.dff_0.inv2_D,TIME.dff_buf_data.dff_0,DFF,PINV,'inv2_D',220,{},,True,"{""length"": 5e-08, ""nmos_model"": ""NMOS_VTG"", ""nmos_width"": 2.5e-07, ""num"": 1, ""pmos_model"": ""PMOS_VTG"", ""pmos_width"": 5e-07}","[""VDD"", ""VSS"", ""A"", ""Z""]","[""VDD"", ""VSS"", ""D"", ""D_b""]","[""VDD"", ""VSS"", ""TIME.DIN0"", ""TIME.dff_buf_data.dff_0.D_b""]",APPROVED_LEAF_PRIMITIVE,PINV_NW250_PW500_L50
64x8_read&write,TIME.dff_buf_data.dff_0.tg1,TIME.dff_buf_data.dff_0,DFF,TRANSMISSION_GATE,'tg1',223,{},,True,"{""nmos_model"": ""NMOS_VTG"", ""pmos_model"": ""PMOS_VTG""}","[""VDD"", ""VSS"", ""IN"", ""OUT"", ""CTR_P"", ""CTR_N""]","[""VDD"", ""VSS"", ""D_b"", ""z1"", ""CLK"", ""CLKB""]","[""VDD"", ""VSS"", ""TIME.dff_buf_data.dff_0.D_b"", ""TIME.dff_buf_data.dff_0.z1"", ""clk_buf"", ""TIME.dff_buf_data.dff_0.CLKB""]",APPROVED_LEAF_PRIMITIVE,TRANSMISSION_GATE_NW250_PW500_L50
64x8_read&write,TIME.dff_buf_data.dff_0.inv3,TIME.dff_buf_data.dff_0,DFF,PINV,'inv3',227,{},,True,"{""length"": 5e-08, ""nmos_model"": ""NMOS_VTG"", ""nmos_width"": 2.5e-07, ""num"": 1, ""pmos_model"": ""PMOS_VTG"", ""pmos_width"": 5e-07}","[""VDD"", ""VSS"", ""A"", ""Z""]","[""VDD"", ""VSS"", ""z1"", ""z2""]","[""VDD"", ""VSS"", ""TIME.dff_buf_data.dff_0.z1"", ""TIME.dff_buf_data.dff_0.z2""]",APPROVED_LEAF_PRIMITIVE,PINV_NW250_PW500_L50
64x8_read&write,TIME.dff_buf_data.dff_0.inv4,TIME.dff_buf_data.dff_0,DFF,PINV,'inv4',231,{},,True,"{""length"": 5e-08, ""nmos_model"": ""NMOS_VTG"", ""nmos_width"": 2.5e-07, ""num"": 1, ""pmos_model"": ""PMOS_VTG"", ""pmos_width"": 5e-07}","[""VDD"", ""VSS"", ""A"", ""Z""]","[""VDD"", ""VSS"", ""z2"", ""z3""]","[""VDD"", ""VSS"", ""TIME.dff_buf_data.dff_0.z2"", ""TIME.dff_buf_data.dff_0.z3""]",APPROVED_LEAF_PRIMITIVE,PINV_NW250_PW500_L50
64x8_read&write,TIME.dff_buf_data.dff_0.tg2,TIME.dff_buf_data.dff_0,DFF,TRANSMISSION_GATE,'tg2',234,{},,True,"{""nmos_model"": ""NMOS_VTG"", ""pmos_model"": ""PMOS_VTG""}","[""VDD"", ""VSS"", ""IN"", ""OUT"", ""CTR_P"", ""CTR_N""]","[""VDD"", ""VSS"", ""z3"", ""z1"", ""CLKB"", ""CLK""]","[""VDD"", ""VSS"", ""TIME.dff_buf_data.dff_0.z3"", ""TIME.dff_buf_data.dff_0.z1"", ""TIME.dff_buf_data.dff_0.CLKB"", ""clk_buf""]",APPROVED_LEAF_PRIMITIVE,TRANSMISSION_GATE_NW250_PW500_L50
64x8_read&write,TIME.dff_buf_data.dff_0.inv5,TIME.dff_buf_data.dff_0,DFF,PINV,'inv5',239,{},,True,"{""length"": 5e-08, ""nmos_model"": ""NMOS_VTG"", ""nmos_width"": 2.5e-07, ""num"": 1, ""pmos_model"": ""PMOS_VTG"", ""pmos_width"": 5e-07}","[""VDD"", ""VSS"", ""A"", ""Z""]","[""VDD"", ""VSS"", ""z2"", ""z4""]","[""VDD"", ""VSS"", ""TIME.dff_buf_data.dff_0.z2"", ""TIME.dff_buf_data.dff_0.z4""]",APPROVED_LEAF_PRIMITIVE,PINV_NW250_PW500_L50
64x8_read&write,TIME.dff_buf_data.dff_0.tg3,TIME.dff_buf_data.dff_0,DFF,TRANSMISSION_GATE,'tg3',242,{},,True,"{""nmos_model"": ""NMOS_VTG"", ""pmos_model"": ""PMOS_VTG""}","[""VDD"", ""VSS"", ""IN"", ""OUT"", ""CTR_P"", ""CTR_N""]","[""VDD"", ""VSS"", ""z4"", ""z5"", ""CLKB"", ""CLK""]","[""VDD"", ""VSS"", ""TIME.dff_buf_data.dff_0.z4"", ""TIME.dff_buf_data.dff_0.z5"", ""TIME.dff_buf_data.dff_0.CLKB"", ""clk_buf""]",APPROVED_LEAF_PRIMITIVE,TRANSMISSION_GATE_NW250_PW500_L50
64x8_read&write,TIME.dff_buf_data.dff_0.inv6,TIME.dff_buf_data.dff_0,DFF,PINV,'inv6',246,{},,True,"{""length"": 5e-08, ""nmos_model"": ""NMOS_VTG"", ""nmos_width"": 2.5e-07, ""num"": 1, ""pmos_model"": ""PMOS_VTG"", ""pmos_width"": 5e-07}","[""VDD"", ""VSS"", ""A"", ""Z""]","[""VDD"", ""VSS"", ""z5"", ""Q""]","[""VDD"", ""VSS"", ""TIME.dff_buf_data.dff_0.z5"", ""TIME.DIN_dff0""]",APPROVED_LEAF_PRIMITIVE,PINV_NW250_PW500_L50
64x8_read&write,TIME.dff_buf_data.dff_0.inv7,TIME.dff_buf_data.dff_0,DFF,PINV,'inv7',250,{},,True,"{""length"": 5e-08, ""nmos_model"": ""NMOS_VTG"", ""nmos_width"": 2.5e-07, ""num"": 1, ""pmos_model"": ""PMOS_VTG"", ""pmos_width"": 5e-07}","[""VDD"", ""VSS"", ""A"", ""Z""]","[""VDD"", ""VSS"", ""Q"", ""QB""]","[""VDD"", ""VSS"", ""TIME.DIN_dff0"", ""TIME.dff_buf_data.dff_0.QB""]",APPROVED_LEAF_PRIMITIVE,PINV_NW250_PW500_L50
64x8_read&write,TIME.dff_buf_data.dff_0.tg4,TIME.dff_buf_data.dff_0,DFF,TRANSMISSION_GATE,'tg4',254,{},,True,"{""nmos_model"": ""NMOS_VTG"", ""pmos_model"": ""PMOS_VTG""}","[""VDD"", ""VSS"", ""IN"", ""OUT"", ""CTR_P"", ""CTR_N""]","[""VDD"", ""VSS"", ""QB"", ""z5"", ""CLK"", ""CLKB""]","[""VDD"", ""VSS"", ""TIME.dff_buf_data.dff_0.QB"", ""TIME.dff_buf_data.dff_0.z5"", ""clk_buf"", ""TIME.dff_buf_data.dff_0.CLKB""]",APPROVED_LEAF_PRIMITIVE,TRANSMISSION_GATE_NW250_PW500_L50
64x8_read&write,TIME.dff_buf_data.dff_1,TIME.dff_buf_data,DATA_DFF,DFF,f'dff_{i}',479,"{""i"": 1}",,True,"{""nmos_model"": ""NMOS_VTG"", ""pmos_model"": ""PMOS_VTG"", ""pmos_width"": 5e-08}","[""VDD"", ""VSS"", ""D"", ""Q"", ""CLK""]","[""VDD"", ""VSS"", ""DIN1"", ""DIN_dff1"", ""CLK""]","[""VDD"", ""VSS"", ""TIME.DIN1"", ""TIME.DIN_dff1"", ""clk_buf""]",COMPOSITE_INSTANCE,
64x8_read&write,TIME.dff_buf_data.dff_1.inv1_clk,TIME.dff_buf_data.dff_1,DFF,PINV,'inv1_clk',216,{},,True,"{""length"": 5e-08, ""nmos_model"": ""NMOS_VTG"", ""nmos_width"": 2.5e-07, ""num"": 1, ""pmos_model"": ""PMOS_VTG"", ""pmos_width"": 5e-07}","[""VDD"", ""VSS"", ""A"", ""Z""]","[""VDD"", ""VSS"", ""CLK"", ""CLKB""]","[""VDD"", ""VSS"", ""clk_buf"", ""TIME.dff_buf_data.dff_1.CLKB""]",APPROVED_LEAF_PRIMITIVE,PINV_NW250_PW500_L50
64x8_read&write,TIME.dff_buf_data.dff_1.inv2_D,TIME.dff_buf_data.dff_1,DFF,PINV,'inv2_D',220,{},,True,"{""length"": 5e-08, ""nmos_model"": ""NMOS_VTG"", ""nmos_width"": 2.5e-07, ""num"": 1, ""pmos_model"": ""PMOS_VTG"", ""pmos_width"": 5e-07}","[""VDD"", ""VSS"", ""A"", ""Z""]","[""VDD"", ""VSS"", ""D"", ""D_b""]","[""VDD"", ""VSS"", ""TIME.DIN1"", ""TIME.dff_buf_data.dff_1.D_b""]",APPROVED_LEAF_PRIMITIVE,PINV_NW250_PW500_L50
64x8_read&write,TIME.dff_buf_data.dff_1.tg1,TIME.dff_buf_data.dff_1,DFF,TRANSMISSION_GATE,'tg1',223,{},,True,"{""nmos_model"": ""NMOS_VTG"", ""pmos_model"": ""PMOS_VTG""}","[""VDD"", ""VSS"", ""IN"", ""OUT"", ""CTR_P"", ""CTR_N""]","[""VDD"", ""VSS"", ""D_b"", ""z1"", ""CLK"", ""CLKB""]","[""VDD"", ""VSS"", ""TIME.dff_buf_data.dff_1.D_b"", ""TIME.dff_buf_data.dff_1.z1"", ""clk_buf"", ""TIME.dff_buf_data.dff_1.CLKB""]",APPROVED_LEAF_PRIMITIVE,TRANSMISSION_GATE_NW250_PW500_L50
64x8_read&write,TIME.dff_buf_data.dff_1.inv3,TIME.dff_buf_data.dff_1,DFF,PINV,'inv3',227,{},,True,"{""length"": 5e-08, ""nmos_model"": ""NMOS_VTG"", ""nmos_width"": 2.5e-07, ""num"": 1, ""pmos_model"": ""PMOS_VTG"", ""pmos_width"": 5e-07}","[""VDD"", ""VSS"", ""A"", ""Z""]","[""VDD"", ""VSS"", ""z1"", ""z2""]","[""VDD"", ""VSS"", ""TIME.dff_buf_data.dff_1.z1"", ""TIME.dff_buf_data.dff_1.z2""]",APPROVED_LEAF_PRIMITIVE,PINV_NW250_PW500_L50
64x8_read&write,TIME.dff_buf_data.dff_1.inv4,TIME.dff_buf_data.dff_1,DFF,PINV,'inv4',231,{},,True,"{""length"": 5e-08, ""nmos_model"": ""NMOS_VTG"", ""nmos_width"": 2.5e-07, ""num"": 1, ""pmos_model"": ""PMOS_VTG"", ""pmos_width"": 5e-07}","[""VDD"", ""VSS"", ""A"", ""Z""]","[""VDD"", ""VSS"", ""z2"", ""z3""]","[""VDD"", ""VSS"", ""TIME.dff_buf_data.dff_1.z2"", ""TIME.dff_buf_data.dff_1.z3""]",APPROVED_LEAF_PRIMITIVE,PINV_NW250_PW500_L50
64x8_read&write,TIME.dff_buf_data.dff_1.tg2,TIME.dff_buf_data.dff_1,DFF,TRANSMISSION_GATE,'tg2',234,{},,True,"{""nmos_model"": ""NMOS_VTG"", ""pmos_model"": ""PMOS_VTG""}","[""VDD"", ""VSS"", ""IN"", ""OUT"", ""CTR_P"", ""CTR_N""]","[""VDD"", ""VSS"", ""z3"", ""z1"", ""CLKB"", ""CLK""]","[""VDD"", ""VSS"", ""TIME.dff_buf_data.dff_1.z3"", ""TIME.dff_buf_data.dff_1.z1"", ""TIME.dff_buf_data.dff_1.CLKB"", ""clk_buf""]",APPROVED_LEAF_PRIMITIVE,TRANSMISSION_GATE_NW250_PW500_L50
64x8_read&write,TIME.dff_buf_data.dff_1.inv5,TIME.dff_buf_data.dff_1,DFF,PINV,'inv5',239,{},,True,"{""length"": 5e-08, ""nmos_model"": ""NMOS_VTG"", ""nmos_width"": 2.5e-07, ""num"": 1, ""pmos_model"": ""PMOS_VTG"", ""pmos_width"": 5e-07}","[""VDD"", ""VSS"", ""A"", ""Z""]","[""VDD"", ""VSS"", ""z2"", ""z4""]","[""VDD"", ""VSS"", ""TIME.dff_buf_data.dff_1.z2"", ""TIME.dff_buf_data.dff_1.z4""]",APPROVED_LEAF_PRIMITIVE,PINV_NW250_PW500_L50
64x8_read&write,TIME.dff_buf_data.dff_1.tg3,TIME.dff_buf_data.dff_1,DFF,TRANSMISSION_GATE,'tg3',242,{},,True,"{""nmos_model"": ""NMOS_VTG"", ""pmos_model"": ""PMOS_VTG""}","[""VDD"", ""VSS"", ""IN"", ""OUT"", ""CTR_P"", ""CTR_N""]","[""VDD"", ""VSS"", ""z4"", ""z5"", ""CLKB"", ""CLK""]","[""VDD"", ""VSS"", ""TIME.dff_buf_data.dff_1.z4"", ""TIME.dff_buf_data.dff_1.z5"", ""TIME.dff_buf_data.dff_1.CLKB"", ""clk_buf""]",APPROVED_LEAF_PRIMITIVE,TRANSMISSION_GATE_NW250_PW500_L50
64x8_read&write,TIME.dff_buf_data.dff_1.inv6,TIME.dff_buf_data.dff_1,DFF,PINV,'inv6',246,{},,True,"{""length"": 5e-08, ""nmos_model"": ""NMOS_VTG"", ""nmos_width"": 2.5e-07, ""num"": 1, ""pmos_model"": ""PMOS_VTG"", ""pmos_width"": 5e-07}","[""VDD"", ""VSS"", ""A"", ""Z""]","[""VDD"", ""VSS"", ""z5"", ""Q""]","[""VDD"", ""VSS"", ""TIME.dff_buf_data.dff_1.z5"", ""TIME.DIN_dff1""]",APPROVED_LEAF_PRIMITIVE,PINV_NW250_PW500_L50
64x8_read&write,TIME.dff_buf_data.dff_1.inv7,TIME.dff_buf_data.dff_1,DFF,PINV,'inv7',250,{},,True,"{""length"": 5e-08, ""nmos_model"": ""NMOS_VTG"", ""nmos_width"": 2.5e-07, ""num"": 1, ""pmos_model"": ""PMOS_VTG"", ""pmos_width"": 5e-07}","[""VDD"", ""VSS"", ""A"", ""Z""]","[""VDD"", ""VSS"", ""Q"", ""QB""]","[""VDD"", ""VSS"", ""TIME.DIN_dff1"", ""TIME.dff_buf_data.dff_1.QB""]",APPROVED_LEAF_PRIMITIVE,PINV_NW250_PW500_L50
64x8_read&write,TIME.dff_buf_data.dff_1.tg4,TIME.dff_buf_data.dff_1,DFF,TRANSMISSION_GATE,'tg4',254,{},,True,"{""nmos_model"": ""NMOS_VTG"", ""pmos_model"": ""PMOS_VTG""}","[""VDD"", ""VSS"", ""IN"", ""OUT"", ""CTR_P"", ""CTR_N""]","[""VDD"", ""VSS"", ""QB"", ""z5"", ""CLK"", ""CLKB""]","[""VDD"", ""VSS"", ""TIME.dff_buf_data.dff_1.QB"", ""TIME.dff_buf_data.dff_1.z5"", ""clk_buf"", ""TIME.dff_buf_data.dff_1.CLKB""]",APPROVED_LEAF_PRIMITIVE,TRANSMISSION_GATE_NW250_PW500_L50
64x8_read&write,TIME.dff_buf_data.dff_2,TIME.dff_buf_data,DATA_DFF,DFF,f'dff_{i}',479,"{""i"": 2}",,True,"{""nmos_model"": ""NMOS_VTG"", ""pmos_model"": ""PMOS_VTG"", ""pmos_width"": 5e-08}","[""VDD"", ""VSS"", ""D"", ""Q"", ""CLK""]","[""VDD"", ""VSS"", ""DIN2"", ""DIN_dff2"", ""CLK""]","[""VDD"", ""VSS"", ""TIME.DIN2"", ""TIME.DIN_dff2"", ""clk_buf""]",COMPOSITE_INSTANCE,
64x8_read&write,TIME.dff_buf_data.dff_2.inv1_clk,TIME.dff_buf_data.dff_2,DFF,PINV,'inv1_clk',216,{},,True,"{""length"": 5e-08, ""nmos_model"": ""NMOS_VTG"", ""nmos_width"": 2.5e-07, ""num"": 1, ""pmos_model"": ""PMOS_VTG"", ""pmos_width"": 5e-07}","[""VDD"", ""VSS"", ""A"", ""Z""]","[""VDD"", ""VSS"", ""CLK"", ""CLKB""]","[""VDD"", ""VSS"", ""clk_buf"", ""TIME.dff_buf_data.dff_2.CLKB""]",APPROVED_LEAF_PRIMITIVE,PINV_NW250_PW500_L50
64x8_read&write,TIME.dff_buf_data.dff_2.inv2_D,TIME.dff_buf_data.dff_2,DFF,PINV,'inv2_D',220,{},,True,"{""length"": 5e-08, ""nmos_model"": ""NMOS_VTG"", ""nmos_width"": 2.5e-07, ""num"": 1, ""pmos_model"": ""PMOS_VTG"", ""pmos_width"": 5e-07}","[""VDD"", ""VSS"", ""A"", ""Z""]","[""VDD"", ""VSS"", ""D"", ""D_b""]","[""VDD"", ""VSS"", ""TIME.DIN2"", ""TIME.dff_buf_data.dff_2.D_b""]",APPROVED_LEAF_PRIMITIVE,PINV_NW250_PW500_L50
64x8_read&write,TIME.dff_buf_data.dff_2.tg1,TIME.dff_buf_data.dff_2,DFF,TRANSMISSION_GATE,'tg1',223,{},,True,"{""nmos_model"": ""NMOS_VTG"", ""pmos_model"": ""PMOS_VTG""}","[""VDD"", ""VSS"", ""IN"", ""OUT"", ""CTR_P"", ""CTR_N""]","[""VDD"", ""VSS"", ""D_b"", ""z1"", ""CLK"", ""CLKB""]","[""VDD"", ""VSS"", ""TIME.dff_buf_data.dff_2.D_b"", ""TIME.dff_buf_data.dff_2.z1"", ""clk_buf"", ""TIME.dff_buf_data.dff_2.CLKB""]",APPROVED_LEAF_PRIMITIVE,TRANSMISSION_GATE_NW250_PW500_L50
64x8_read&write,TIME.dff_buf_data.dff_2.inv3,TIME.dff_buf_data.dff_2,DFF,PINV,'inv3',227,{},,True,"{""length"": 5e-08, ""nmos_model"": ""NMOS_VTG"", ""nmos_width"": 2.5e-07, ""num"": 1, ""pmos_model"": ""PMOS_VTG"", ""pmos_width"": 5e-07}","[""VDD"", ""VSS"", ""A"", ""Z""]","[""VDD"", ""VSS"", ""z1"", ""z2""]","[""VDD"", ""VSS"", ""TIME.dff_buf_data.dff_2.z1"", ""TIME.dff_buf_data.dff_2.z2""]",APPROVED_LEAF_PRIMITIVE,PINV_NW250_PW500_L50
64x8_read&write,TIME.dff_buf_data.dff_2.inv4,TIME.dff_buf_data.dff_2,DFF,PINV,'inv4',231,{},,True,"{""length"": 5e-08, ""nmos_model"": ""NMOS_VTG"", ""nmos_width"": 2.5e-07, ""num"": 1, ""pmos_model"": ""PMOS_VTG"", ""pmos_width"": 5e-07}","[""VDD"", ""VSS"", ""A"", ""Z""]","[""VDD"", ""VSS"", ""z2"", ""z3""]","[""VDD"", ""VSS"", ""TIME.dff_buf_data.dff_2.z2"", ""TIME.dff_buf_data.dff_2.z3""]",APPROVED_LEAF_PRIMITIVE,PINV_NW250_PW500_L50
64x8_read&write,TIME.dff_buf_data.dff_2.tg2,TIME.dff_buf_data.dff_2,DFF,TRANSMISSION_GATE,'tg2',234,{},,True,"{""nmos_model"": ""NMOS_VTG"", ""pmos_model"": ""PMOS_VTG""}","[""VDD"", ""VSS"", ""IN"", ""OUT"", ""CTR_P"", ""CTR_N""]","[""VDD"", ""VSS"", ""z3"", ""z1"", ""CLKB"", ""CLK""]","[""VDD"", ""VSS"", ""TIME.dff_buf_data.dff_2.z3"", ""TIME.dff_buf_data.dff_2.z1"", ""TIME.dff_buf_data.dff_2.CLKB"", ""clk_buf""]",APPROVED_LEAF_PRIMITIVE,TRANSMISSION_GATE_NW250_PW500_L50
64x8_read&write,TIME.dff_buf_data.dff_2.inv5,TIME.dff_buf_data.dff_2,DFF,PINV,'inv5',239,{},,True,"{""length"": 5e-08, ""nmos_model"": ""NMOS_VTG"", ""nmos_width"": 2.5e-07, ""num"": 1, ""pmos_model"": ""PMOS_VTG"", ""pmos_width"": 5e-07}","[""VDD"", ""VSS"", ""A"", ""Z""]","[""VDD"", ""VSS"", ""z2"", ""z4""]","[""VDD"", ""VSS"", ""TIME.dff_buf_data.dff_2.z2"", ""TIME.dff_buf_data.dff_2.z4""]",APPROVED_LEAF_PRIMITIVE,PINV_NW250_PW500_L50
64x8_read&write,TIME.dff_buf_data.dff_2.tg3,TIME.dff_buf_data.dff_2,DFF,TRANSMISSION_GATE,'tg3',242,{},,True,"{""nmos_model"": ""NMOS_VTG"", ""pmos_model"": ""PMOS_VTG""}","[""VDD"", ""VSS"", ""IN"", ""OUT"", ""CTR_P"", ""CTR_N""]","[""VDD"", ""VSS"", ""z4"", ""z5"", ""CLKB"", ""CLK""]","[""VDD"", ""VSS"", ""TIME.dff_buf_data.dff_2.z4"", ""TIME.dff_buf_data.dff_2.z5"", ""TIME.dff_buf_data.dff_2.CLKB"", ""clk_buf""]",APPROVED_LEAF_PRIMITIVE,TRANSMISSION_GATE_NW250_PW500_L50
64x8_read&write,TIME.dff_buf_data.dff_2.inv6,TIME.dff_buf_data.dff_2,DFF,PINV,'inv6',246,{},,True,"{""length"": 5e-08, ""nmos_model"": ""NMOS_VTG"", ""nmos_width"": 2.5e-07, ""num"": 1, ""pmos_model"": ""PMOS_VTG"", ""pmos_width"": 5e-07}","[""VDD"", ""VSS"", ""A"", ""Z""]","[""VDD"", ""VSS"", ""z5"", ""Q""]","[""VDD"", ""VSS"", ""TIME.dff_buf_data.dff_2.z5"", ""TIME.DIN_dff2""]",APPROVED_LEAF_PRIMITIVE,PINV_NW250_PW500_L50
64x8_read&write,TIME.dff_buf_data.dff_2.inv7,TIME.dff_buf_data.dff_2,DFF,PINV,'inv7',250,{},,True,"{""length"": 5e-08, ""nmos_model"": ""NMOS_VTG"", ""nmos_width"": 2.5e-07, ""num"": 1, ""pmos_model"": ""PMOS_VTG"", ""pmos_width"": 5e-07}","[""VDD"", ""VSS"", ""A"", ""Z""]","[""VDD"", ""VSS"", ""Q"", ""QB""]","[""VDD"", ""VSS"", ""TIME.DIN_dff2"", ""TIME.dff_buf_data.dff_2.QB""]",APPROVED_LEAF_PRIMITIVE,PINV_NW250_PW500_L50
64x8_read&write,TIME.dff_buf_data.dff_2.tg4,TIME.dff_buf_data.dff_2,DFF,TRANSMISSION_GATE,'tg4',254,{},,True,"{""nmos_model"": ""NMOS_VTG"", ""pmos_model"": ""PMOS_VTG""}","[""VDD"", ""VSS"", ""IN"", ""OUT"", ""CTR_P"", ""CTR_N""]","[""VDD"", ""VSS"", ""QB"", ""z5"", ""CLK"", ""CLKB""]","[""VDD"", ""VSS"", ""TIME.dff_buf_data.dff_2.QB"", ""TIME.dff_buf_data.dff_2.z5"", ""clk_buf"", ""TIME.dff_buf_data.dff_2.CLKB""]",APPROVED_LEAF_PRIMITIVE,TRANSMISSION_GATE_NW250_PW500_L50
64x8_read&write,TIME.dff_buf_data.dff_3,TIME.dff_buf_data,DATA_DFF,DFF,f'dff_{i}',479,"{""i"": 3}",,True,"{""nmos_model"": ""NMOS_VTG"", ""pmos_model"": ""PMOS_VTG"", ""pmos_width"": 5e-08}","[""VDD"", ""VSS"", ""D"", ""Q"", ""CLK""]","[""VDD"", ""VSS"", ""DIN3"", ""DIN_dff3"", ""CLK""]","[""VDD"", ""VSS"", ""TIME.DIN3"", ""TIME.DIN_dff3"", ""clk_buf""]",COMPOSITE_INSTANCE,
64x8_read&write,TIME.dff_buf_data.dff_3.inv1_clk,TIME.dff_buf_data.dff_3,DFF,PINV,'inv1_clk',216,{},,True,"{""length"": 5e-08, ""nmos_model"": ""NMOS_VTG"", ""nmos_width"": 2.5e-07, ""num"": 1, ""pmos_model"": ""PMOS_VTG"", ""pmos_width"": 5e-07}","[""VDD"", ""VSS"", ""A"", ""Z""]","[""VDD"", ""VSS"", ""CLK"", ""CLKB""]","[""VDD"", ""VSS"", ""clk_buf"", ""TIME.dff_buf_data.dff_3.CLKB""]",APPROVED_LEAF_PRIMITIVE,PINV_NW250_PW500_L50
64x8_read&write,TIME.dff_buf_data.dff_3.inv2_D,TIME.dff_buf_data.dff_3,DFF,PINV,'inv2_D',220,{},,True,"{""length"": 5e-08, ""nmos_model"": ""NMOS_VTG"", ""nmos_width"": 2.5e-07, ""num"": 1, ""pmos_model"": ""PMOS_VTG"", ""pmos_width"": 5e-07}","[""VDD"", ""VSS"", ""A"", ""Z""]","[""VDD"", ""VSS"", ""D"", ""D_b""]","[""VDD"", ""VSS"", ""TIME.DIN3"", ""TIME.dff_buf_data.dff_3.D_b""]",APPROVED_LEAF_PRIMITIVE,PINV_NW250_PW500_L50
64x8_read&write,TIME.dff_buf_data.dff_3.tg1,TIME.dff_buf_data.dff_3,DFF,TRANSMISSION_GATE,'tg1',223,{},,True,"{""nmos_model"": ""NMOS_VTG"", ""pmos_model"": ""PMOS_VTG""}","[""VDD"", ""VSS"", ""IN"", ""OUT"", ""CTR_P"", ""CTR_N""]","[""VDD"", ""VSS"", ""D_b"", ""z1"", ""CLK"", ""CLKB""]","[""VDD"", ""VSS"", ""TIME.dff_buf_data.dff_3.D_b"", ""TIME.dff_buf_data.dff_3.z1"", ""clk_buf"", ""TIME.dff_buf_data.dff_3.CLKB""]",APPROVED_LEAF_PRIMITIVE,TRANSMISSION_GATE_NW250_PW500_L50
64x8_read&write,TIME.dff_buf_data.dff_3.inv3,TIME.dff_buf_data.dff_3,DFF,PINV,'inv3',227,{},,True,"{""length"": 5e-08, ""nmos_model"": ""NMOS_VTG"", ""nmos_width"": 2.5e-07, ""num"": 1, ""pmos_model"": ""PMOS_VTG"", ""pmos_width"": 5e-07}","[""VDD"", ""VSS"", ""A"", ""Z""]","[""VDD"", ""VSS"", ""z1"", ""z2""]","[""VDD"", ""VSS"", ""TIME.dff_buf_data.dff_3.z1"", ""TIME.dff_buf_data.dff_3.z2""]",APPROVED_LEAF_PRIMITIVE,PINV_NW250_PW500_L50
64x8_read&write,TIME.dff_buf_data.dff_3.inv4,TIME.dff_buf_data.dff_3,DFF,PINV,'inv4',231,{},,True,"{""length"": 5e-08, ""nmos_model"": ""NMOS_VTG"", ""nmos_width"": 2.5e-07, ""num"": 1, ""pmos_model"": ""PMOS_VTG"", ""pmos_width"": 5e-07}","[""VDD"", ""VSS"", ""A"", ""Z""]","[""VDD"", ""VSS"", ""z2"", ""z3""]","[""VDD"", ""VSS"", ""TIME.dff_buf_data.dff_3.z2"", ""TIME.dff_buf_data.dff_3.z3""]",APPROVED_LEAF_PRIMITIVE,PINV_NW250_PW500_L50
64x8_read&write,TIME.dff_buf_data.dff_3.tg2,TIME.dff_buf_data.dff_3,DFF,TRANSMISSION_GATE,'tg2',234,{},,True,"{""nmos_model"": ""NMOS_VTG"", ""pmos_model"": ""PMOS_VTG""}","[""VDD"", ""VSS"", ""IN"", ""OUT"", ""CTR_P"", ""CTR_N""]","[""VDD"", ""VSS"", ""z3"", ""z1"", ""CLKB"", ""CLK""]","[""VDD"", ""VSS"", ""TIME.dff_buf_data.dff_3.z3"", ""TIME.dff_buf_data.dff_3.z1"", ""TIME.dff_buf_data.dff_3.CLKB"", ""clk_buf""]",APPROVED_LEAF_PRIMITIVE,TRANSMISSION_GATE_NW250_PW500_L50
64x8_read&write,TIME.dff_buf_data.dff_3.inv5,TIME.dff_buf_data.dff_3,DFF,PINV,'inv5',239,{},,True,"{""length"": 5e-08, ""nmos_model"": ""NMOS_VTG"", ""nmos_width"": 2.5e-07, ""num"": 1, ""pmos_model"": ""PMOS_VTG"", ""pmos_width"": 5e-07}","[""VDD"", ""VSS"", ""A"", ""Z""]","[""VDD"", ""VSS"", ""z2"", ""z4""]","[""VDD"", ""VSS"", ""TIME.dff_buf_data.dff_3.z2"", ""TIME.dff_buf_data.dff_3.z4""]",APPROVED_LEAF_PRIMITIVE,PINV_NW250_PW500_L50
64x8_read&write,TIME.dff_buf_data.dff_3.tg3,TIME.dff_buf_data.dff_3,DFF,TRANSMISSION_GATE,'tg3',242,{},,True,"{""nmos_model"": ""NMOS_VTG"", ""pmos_model"": ""PMOS_VTG""}","[""VDD"", ""VSS"", ""IN"", ""OUT"", ""CTR_P"", ""CTR_N""]","[""VDD"", ""VSS"", ""z4"", ""z5"", ""CLKB"", ""CLK""]","[""VDD"", ""VSS"", ""TIME.dff_buf_data.dff_3.z4"", ""TIME.dff_buf_data.dff_3.z5"", ""TIME.dff_buf_data.dff_3.CLKB"", ""clk_buf""]",APPROVED_LEAF_PRIMITIVE,TRANSMISSION_GATE_NW250_PW500_L50
64x8_read&write,TIME.dff_buf_data.dff_3.inv6,TIME.dff_buf_data.dff_3,DFF,PINV,'inv6',246,{},,True,"{""length"": 5e-08, ""nmos_model"": ""NMOS_VTG"", ""nmos_width"": 2.5e-07, ""num"": 1, ""pmos_model"": ""PMOS_VTG"", ""pmos_width"": 5e-07}","[""VDD"", ""VSS"", ""A"", ""Z""]","[""VDD"", ""VSS"", ""z5"", ""Q""]","[""VDD"", ""VSS"", ""TIME.dff_buf_data.dff_3.z5"", ""TIME.DIN_dff3""]",APPROVED_LEAF_PRIMITIVE,PINV_NW250_PW500_L50
64x8_read&write,TIME.dff_buf_data.dff_3.inv7,TIME.dff_buf_data.dff_3,DFF,PINV,'inv7',250,{},,True,"{""length"": 5e-08, ""nmos_model"": ""NMOS_VTG"", ""nmos_width"": 2.5e-07, ""num"": 1, ""pmos_model"": ""PMOS_VTG"", ""pmos_width"": 5e-07}","[""VDD"", ""VSS"", ""A"", ""Z""]","[""VDD"", ""VSS"", ""Q"", ""QB""]","[""VDD"", ""VSS"", ""TIME.DIN_dff3"", ""TIME.dff_buf_data.dff_3.QB""]",APPROVED_LEAF_PRIMITIVE,PINV_NW250_PW500_L50
64x8_read&write,TIME.dff_buf_data.dff_3.tg4,TIME.dff_buf_data.dff_3,DFF,TRANSMISSION_GATE,'tg4',254,{},,True,"{""nmos_model"": ""NMOS_VTG"", ""pmos_model"": ""PMOS_VTG""}","[""VDD"", ""VSS"", ""IN"", ""OUT"", ""CTR_P"", ""CTR_N""]","[""VDD"", ""VSS"", ""QB"", ""z5"", ""CLK"", ""CLKB""]","[""VDD"", ""VSS"", ""TIME.dff_buf_data.dff_3.QB"", ""TIME.dff_buf_data.dff_3.z5"", ""clk_buf"", ""TIME.dff_buf_data.dff_3.CLKB""]",APPROVED_LEAF_PRIMITIVE,TRANSMISSION_GATE_NW250_PW500_L50
64x8_read&write,TIME.dff_buf_data.dff_4,TIME.dff_buf_data,DATA_DFF,DFF,f'dff_{i}',479,"{""i"": 4}",,True,"{""nmos_model"": ""NMOS_VTG"", ""pmos_model"": ""PMOS_VTG"", ""pmos_width"": 5e-08}","[""VDD"", ""VSS"", ""D"", ""Q"", ""CLK""]","[""VDD"", ""VSS"", ""DIN4"", ""DIN_dff4"", ""CLK""]","[""VDD"", ""VSS"", ""TIME.DIN4"", ""TIME.DIN_dff4"", ""clk_buf""]",COMPOSITE_INSTANCE,
64x8_read&write,TIME.dff_buf_data.dff_4.inv1_clk,TIME.dff_buf_data.dff_4,DFF,PINV,'inv1_clk',216,{},,True,"{""length"": 5e-08, ""nmos_model"": ""NMOS_VTG"", ""nmos_width"": 2.5e-07, ""num"": 1, ""pmos_model"": ""PMOS_VTG"", ""pmos_width"": 5e-07}","[""VDD"", ""VSS"", ""A"", ""Z""]","[""VDD"", ""VSS"", ""CLK"", ""CLKB""]","[""VDD"", ""VSS"", ""clk_buf"", ""TIME.dff_buf_data.dff_4.CLKB""]",APPROVED_LEAF_PRIMITIVE,PINV_NW250_PW500_L50
64x8_read&write,TIME.dff_buf_data.dff_4.inv2_D,TIME.dff_buf_data.dff_4,DFF,PINV,'inv2_D',220,{},,True,"{""length"": 5e-08, ""nmos_model"": ""NMOS_VTG"", ""nmos_width"": 2.5e-07, ""num"": 1, ""pmos_model"": ""PMOS_VTG"", ""pmos_width"": 5e-07}","[""VDD"", ""VSS"", ""A"", ""Z""]","[""VDD"", ""VSS"", ""D"", ""D_b""]","[""VDD"", ""VSS"", ""TIME.DIN4"", ""TIME.dff_buf_data.dff_4.D_b""]",APPROVED_LEAF_PRIMITIVE,PINV_NW250_PW500_L50
64x8_read&write,TIME.dff_buf_data.dff_4.tg1,TIME.dff_buf_data.dff_4,DFF,TRANSMISSION_GATE,'tg1',223,{},,True,"{""nmos_model"": ""NMOS_VTG"", ""pmos_model"": ""PMOS_VTG""}","[""VDD"", ""VSS"", ""IN"", ""OUT"", ""CTR_P"", ""CTR_N""]","[""VDD"", ""VSS"", ""D_b"", ""z1"", ""CLK"", ""CLKB""]","[""VDD"", ""VSS"", ""TIME.dff_buf_data.dff_4.D_b"", ""TIME.dff_buf_data.dff_4.z1"", ""clk_buf"", ""TIME.dff_buf_data.dff_4.CLKB""]",APPROVED_LEAF_PRIMITIVE,TRANSMISSION_GATE_NW250_PW500_L50
64x8_read&write,TIME.dff_buf_data.dff_4.inv3,TIME.dff_buf_data.dff_4,DFF,PINV,'inv3',227,{},,True,"{""length"": 5e-08, ""nmos_model"": ""NMOS_VTG"", ""nmos_width"": 2.5e-07, ""num"": 1, ""pmos_model"": ""PMOS_VTG"", ""pmos_width"": 5e-07}","[""VDD"", ""VSS"", ""A"", ""Z""]","[""VDD"", ""VSS"", ""z1"", ""z2""]","[""VDD"", ""VSS"", ""TIME.dff_buf_data.dff_4.z1"", ""TIME.dff_buf_data.dff_4.z2""]",APPROVED_LEAF_PRIMITIVE,PINV_NW250_PW500_L50
64x8_read&write,TIME.dff_buf_data.dff_4.inv4,TIME.dff_buf_data.dff_4,DFF,PINV,'inv4',231,{},,True,"{""length"": 5e-08, ""nmos_model"": ""NMOS_VTG"", ""nmos_width"": 2.5e-07, ""num"": 1, ""pmos_model"": ""PMOS_VTG"", ""pmos_width"": 5e-07}","[""VDD"", ""VSS"", ""A"", ""Z""]","[""VDD"", ""VSS"", ""z2"", ""z3""]","[""VDD"", ""VSS"", ""TIME.dff_buf_data.dff_4.z2"", ""TIME.dff_buf_data.dff_4.z3""]",APPROVED_LEAF_PRIMITIVE,PINV_NW250_PW500_L50
64x8_read&write,TIME.dff_buf_data.dff_4.tg2,TIME.dff_buf_data.dff_4,DFF,TRANSMISSION_GATE,'tg2',234,{},,True,"{""nmos_model"": ""NMOS_VTG"", ""pmos_model"": ""PMOS_VTG""}","[""VDD"", ""VSS"", ""IN"", ""OUT"", ""CTR_P"", ""CTR_N""]","[""VDD"", ""VSS"", ""z3"", ""z1"", ""CLKB"", ""CLK""]","[""VDD"", ""VSS"", ""TIME.dff_buf_data.dff_4.z3"", ""TIME.dff_buf_data.dff_4.z1"", ""TIME.dff_buf_data.dff_4.CLKB"", ""clk_buf""]",APPROVED_LEAF_PRIMITIVE,TRANSMISSION_GATE_NW250_PW500_L50
64x8_read&write,TIME.dff_buf_data.dff_4.inv5,TIME.dff_buf_data.dff_4,DFF,PINV,'inv5',239,{},,True,"{""length"": 5e-08, ""nmos_model"": ""NMOS_VTG"", ""nmos_width"": 2.5e-07, ""num"": 1, ""pmos_model"": ""PMOS_VTG"", ""pmos_width"": 5e-07}","[""VDD"", ""VSS"", ""A"", ""Z""]","[""VDD"", ""VSS"", ""z2"", ""z4""]","[""VDD"", ""VSS"", ""TIME.dff_buf_data.dff_4.z2"", ""TIME.dff_buf_data.dff_4.z4""]",APPROVED_LEAF_PRIMITIVE,PINV_NW250_PW500_L50
64x8_read&write,TIME.dff_buf_data.dff_4.tg3,TIME.dff_buf_data.dff_4,DFF,TRANSMISSION_GATE,'tg3',242,{},,True,"{""nmos_model"": ""NMOS_VTG"", ""pmos_model"": ""PMOS_VTG""}","[""VDD"", ""VSS"", ""IN"", ""OUT"", ""CTR_P"", ""CTR_N""]","[""VDD"", ""VSS"", ""z4"", ""z5"", ""CLKB"", ""CLK""]","[""VDD"", ""VSS"", ""TIME.dff_buf_data.dff_4.z4"", ""TIME.dff_buf_data.dff_4.z5"", ""TIME.dff_buf_data.dff_4.CLKB"", ""clk_buf""]",APPROVED_LEAF_PRIMITIVE,TRANSMISSION_GATE_NW250_PW500_L50
64x8_read&write,TIME.dff_buf_data.dff_4.inv6,TIME.dff_buf_data.dff_4,DFF,PINV,'inv6',246,{},,True,"{""length"": 5e-08, ""nmos_model"": ""NMOS_VTG"", ""nmos_width"": 2.5e-07, ""num"": 1, ""pmos_model"": ""PMOS_VTG"", ""pmos_width"": 5e-07}","[""VDD"", ""VSS"", ""A"", ""Z""]","[""VDD"", ""VSS"", ""z5"", ""Q""]","[""VDD"", ""VSS"", ""TIME.dff_buf_data.dff_4.z5"", ""TIME.DIN_dff4""]",APPROVED_LEAF_PRIMITIVE,PINV_NW250_PW500_L50
64x8_read&write,TIME.dff_buf_data.dff_4.inv7,TIME.dff_buf_data.dff_4,DFF,PINV,'inv7',250,{},,True,"{""length"": 5e-08, ""nmos_model"": ""NMOS_VTG"", ""nmos_width"": 2.5e-07, ""num"": 1, ""pmos_model"": ""PMOS_VTG"", ""pmos_width"": 5e-07}","[""VDD"", ""VSS"", ""A"", ""Z""]","[""VDD"", ""VSS"", ""Q"", ""QB""]","[""VDD"", ""VSS"", ""TIME.DIN_dff4"", ""TIME.dff_buf_data.dff_4.QB""]",APPROVED_LEAF_PRIMITIVE,PINV_NW250_PW500_L50
64x8_read&write,TIME.dff_buf_data.dff_4.tg4,TIME.dff_buf_data.dff_4,DFF,TRANSMISSION_GATE,'tg4',254,{},,True,"{""nmos_model"": ""NMOS_VTG"", ""pmos_model"": ""PMOS_VTG""}","[""VDD"", ""VSS"", ""IN"", ""OUT"", ""CTR_P"", ""CTR_N""]","[""VDD"", ""VSS"", ""QB"", ""z5"", ""CLK"", ""CLKB""]","[""VDD"", ""VSS"", ""TIME.dff_buf_data.dff_4.QB"", ""TIME.dff_buf_data.dff_4.z5"", ""clk_buf"", ""TIME.dff_buf_data.dff_4.CLKB""]",APPROVED_LEAF_PRIMITIVE,TRANSMISSION_GATE_NW250_PW500_L50
64x8_read&write,TIME.dff_buf_data.dff_5,TIME.dff_buf_data,DATA_DFF,DFF,f'dff_{i}',479,"{""i"": 5}",,True,"{""nmos_model"": ""NMOS_VTG"", ""pmos_model"": ""PMOS_VTG"", ""pmos_width"": 5e-08}","[""VDD"", ""VSS"", ""D"", ""Q"", ""CLK""]","[""VDD"", ""VSS"", ""DIN5"", ""DIN_dff5"", ""CLK""]","[""VDD"", ""VSS"", ""TIME.DIN5"", ""TIME.DIN_dff5"", ""clk_buf""]",COMPOSITE_INSTANCE,
64x8_read&write,TIME.dff_buf_data.dff_5.inv1_clk,TIME.dff_buf_data.dff_5,DFF,PINV,'inv1_clk',216,{},,True,"{""length"": 5e-08, ""nmos_model"": ""NMOS_VTG"", ""nmos_width"": 2.5e-07, ""num"": 1, ""pmos_model"": ""PMOS_VTG"", ""pmos_width"": 5e-07}","[""VDD"", ""VSS"", ""A"", ""Z""]","[""VDD"", ""VSS"", ""CLK"", ""CLKB""]","[""VDD"", ""VSS"", ""clk_buf"", ""TIME.dff_buf_data.dff_5.CLKB""]",APPROVED_LEAF_PRIMITIVE,PINV_NW250_PW500_L50
64x8_read&write,TIME.dff_buf_data.dff_5.inv2_D,TIME.dff_buf_data.dff_5,DFF,PINV,'inv2_D',220,{},,True,"{""length"": 5e-08, ""nmos_model"": ""NMOS_VTG"", ""nmos_width"": 2.5e-07, ""num"": 1, ""pmos_model"": ""PMOS_VTG"", ""pmos_width"": 5e-07}","[""VDD"", ""VSS"", ""A"", ""Z""]","[""VDD"", ""VSS"", ""D"", ""D_b""]","[""VDD"", ""VSS"", ""TIME.DIN5"", ""TIME.dff_buf_data.dff_5.D_b""]",APPROVED_LEAF_PRIMITIVE,PINV_NW250_PW500_L50
64x8_read&write,TIME.dff_buf_data.dff_5.tg1,TIME.dff_buf_data.dff_5,DFF,TRANSMISSION_GATE,'tg1',223,{},,True,"{""nmos_model"": ""NMOS_VTG"", ""pmos_model"": ""PMOS_VTG""}","[""VDD"", ""VSS"", ""IN"", ""OUT"", ""CTR_P"", ""CTR_N""]","[""VDD"", ""VSS"", ""D_b"", ""z1"", ""CLK"", ""CLKB""]","[""VDD"", ""VSS"", ""TIME.dff_buf_data.dff_5.D_b"", ""TIME.dff_buf_data.dff_5.z1"", ""clk_buf"", ""TIME.dff_buf_data.dff_5.CLKB""]",APPROVED_LEAF_PRIMITIVE,TRANSMISSION_GATE_NW250_PW500_L50
64x8_read&write,TIME.dff_buf_data.dff_5.inv3,TIME.dff_buf_data.dff_5,DFF,PINV,'inv3',227,{},,True,"{""length"": 5e-08, ""nmos_model"": ""NMOS_VTG"", ""nmos_width"": 2.5e-07, ""num"": 1, ""pmos_model"": ""PMOS_VTG"", ""pmos_width"": 5e-07}","[""VDD"", ""VSS"", ""A"", ""Z""]","[""VDD"", ""VSS"", ""z1"", ""z2""]","[""VDD"", ""VSS"", ""TIME.dff_buf_data.dff_5.z1"", ""TIME.dff_buf_data.dff_5.z2""]",APPROVED_LEAF_PRIMITIVE,PINV_NW250_PW500_L50
64x8_read&write,TIME.dff_buf_data.dff_5.inv4,TIME.dff_buf_data.dff_5,DFF,PINV,'inv4',231,{},,True,"{""length"": 5e-08, ""nmos_model"": ""NMOS_VTG"", ""nmos_width"": 2.5e-07, ""num"": 1, ""pmos_model"": ""PMOS_VTG"", ""pmos_width"": 5e-07}","[""VDD"", ""VSS"", ""A"", ""Z""]","[""VDD"", ""VSS"", ""z2"", ""z3""]","[""VDD"", ""VSS"", ""TIME.dff_buf_data.dff_5.z2"", ""TIME.dff_buf_data.dff_5.z3""]",APPROVED_LEAF_PRIMITIVE,PINV_NW250_PW500_L50
64x8_read&write,TIME.dff_buf_data.dff_5.tg2,TIME.dff_buf_data.dff_5,DFF,TRANSMISSION_GATE,'tg2',234,{},,True,"{""nmos_model"": ""NMOS_VTG"", ""pmos_model"": ""PMOS_VTG""}","[""VDD"", ""VSS"", ""IN"", ""OUT"", ""CTR_P"", ""CTR_N""]","[""VDD"", ""VSS"", ""z3"", ""z1"", ""CLKB"", ""CLK""]","[""VDD"", ""VSS"", ""TIME.dff_buf_data.dff_5.z3"", ""TIME.dff_buf_data.dff_5.z1"", ""TIME.dff_buf_data.dff_5.CLKB"", ""clk_buf""]",APPROVED_LEAF_PRIMITIVE,TRANSMISSION_GATE_NW250_PW500_L50
64x8_read&write,TIME.dff_buf_data.dff_5.inv5,TIME.dff_buf_data.dff_5,DFF,PINV,'inv5',239,{},,True,"{""length"": 5e-08, ""nmos_model"": ""NMOS_VTG"", ""nmos_width"": 2.5e-07, ""num"": 1, ""pmos_model"": ""PMOS_VTG"", ""pmos_width"": 5e-07}","[""VDD"", ""VSS"", ""A"", ""Z""]","[""VDD"", ""VSS"", ""z2"", ""z4""]","[""VDD"", ""VSS"", ""TIME.dff_buf_data.dff_5.z2"", ""TIME.dff_buf_data.dff_5.z4""]",APPROVED_LEAF_PRIMITIVE,PINV_NW250_PW500_L50
64x8_read&write,TIME.dff_buf_data.dff_5.tg3,TIME.dff_buf_data.dff_5,DFF,TRANSMISSION_GATE,'tg3',242,{},,True,"{""nmos_model"": ""NMOS_VTG"", ""pmos_model"": ""PMOS_VTG""}","[""VDD"", ""VSS"", ""IN"", ""OUT"", ""CTR_P"", ""CTR_N""]","[""VDD"", ""VSS"", ""z4"", ""z5"", ""CLKB"", ""CLK""]","[""VDD"", ""VSS"", ""TIME.dff_buf_data.dff_5.z4"", ""TIME.dff_buf_data.dff_5.z5"", ""TIME.dff_buf_data.dff_5.CLKB"", ""clk_buf""]",APPROVED_LEAF_PRIMITIVE,TRANSMISSION_GATE_NW250_PW500_L50
64x8_read&write,TIME.dff_buf_data.dff_5.inv6,TIME.dff_buf_data.dff_5,DFF,PINV,'inv6',246,{},,True,"{""length"": 5e-08, ""nmos_model"": ""NMOS_VTG"", ""nmos_width"": 2.5e-07, ""num"": 1, ""pmos_model"": ""PMOS_VTG"", ""pmos_width"": 5e-07}","[""VDD"", ""VSS"", ""A"", ""Z""]","[""VDD"", ""VSS"", ""z5"", ""Q""]","[""VDD"", ""VSS"", ""TIME.dff_buf_data.dff_5.z5"", ""TIME.DIN_dff5""]",APPROVED_LEAF_PRIMITIVE,PINV_NW250_PW500_L50
64x8_read&write,TIME.dff_buf_data.dff_5.inv7,TIME.dff_buf_data.dff_5,DFF,PINV,'inv7',250,{},,True,"{""length"": 5e-08, ""nmos_model"": ""NMOS_VTG"", ""nmos_width"": 2.5e-07, ""num"": 1, ""pmos_model"": ""PMOS_VTG"", ""pmos_width"": 5e-07}","[""VDD"", ""VSS"", ""A"", ""Z""]","[""VDD"", ""VSS"", ""Q"", ""QB""]","[""VDD"", ""VSS"", ""TIME.DIN_dff5"", ""TIME.dff_buf_data.dff_5.QB""]",APPROVED_LEAF_PRIMITIVE,PINV_NW250_PW500_L50
64x8_read&write,TIME.dff_buf_data.dff_5.tg4,TIME.dff_buf_data.dff_5,DFF,TRANSMISSION_GATE,'tg4',254,{},,True,"{""nmos_model"": ""NMOS_VTG"", ""pmos_model"": ""PMOS_VTG""}","[""VDD"", ""VSS"", ""IN"", ""OUT"", ""CTR_P"", ""CTR_N""]","[""VDD"", ""VSS"", ""QB"", ""z5"", ""CLK"", ""CLKB""]","[""VDD"", ""VSS"", ""TIME.dff_buf_data.dff_5.QB"", ""TIME.dff_buf_data.dff_5.z5"", ""clk_buf"", ""TIME.dff_buf_data.dff_5.CLKB""]",APPROVED_LEAF_PRIMITIVE,TRANSMISSION_GATE_NW250_PW500_L50
64x8_read&write,TIME.dff_buf_data.dff_6,TIME.dff_buf_data,DATA_DFF,DFF,f'dff_{i}',479,"{""i"": 6}",,True,"{""nmos_model"": ""NMOS_VTG"", ""pmos_model"": ""PMOS_VTG"", ""pmos_width"": 5e-08}","[""VDD"", ""VSS"", ""D"", ""Q"", ""CLK""]","[""VDD"", ""VSS"", ""DIN6"", ""DIN_dff6"", ""CLK""]","[""VDD"", ""VSS"", ""TIME.DIN6"", ""TIME.DIN_dff6"", ""clk_buf""]",COMPOSITE_INSTANCE,
64x8_read&write,TIME.dff_buf_data.dff_6.inv1_clk,TIME.dff_buf_data.dff_6,DFF,PINV,'inv1_clk',216,{},,True,"{""length"": 5e-08, ""nmos_model"": ""NMOS_VTG"", ""nmos_width"": 2.5e-07, ""num"": 1, ""pmos_model"": ""PMOS_VTG"", ""pmos_width"": 5e-07}","[""VDD"", ""VSS"", ""A"", ""Z""]","[""VDD"", ""VSS"", ""CLK"", ""CLKB""]","[""VDD"", ""VSS"", ""clk_buf"", ""TIME.dff_buf_data.dff_6.CLKB""]",APPROVED_LEAF_PRIMITIVE,PINV_NW250_PW500_L50
64x8_read&write,TIME.dff_buf_data.dff_6.inv2_D,TIME.dff_buf_data.dff_6,DFF,PINV,'inv2_D',220,{},,True,"{""length"": 5e-08, ""nmos_model"": ""NMOS_VTG"", ""nmos_width"": 2.5e-07, ""num"": 1, ""pmos_model"": ""PMOS_VTG"", ""pmos_width"": 5e-07}","[""VDD"", ""VSS"", ""A"", ""Z""]","[""VDD"", ""VSS"", ""D"", ""D_b""]","[""VDD"", ""VSS"", ""TIME.DIN6"", ""TIME.dff_buf_data.dff_6.D_b""]",APPROVED_LEAF_PRIMITIVE,PINV_NW250_PW500_L50
64x8_read&write,TIME.dff_buf_data.dff_6.tg1,TIME.dff_buf_data.dff_6,DFF,TRANSMISSION_GATE,'tg1',223,{},,True,"{""nmos_model"": ""NMOS_VTG"", ""pmos_model"": ""PMOS_VTG""}","[""VDD"", ""VSS"", ""IN"", ""OUT"", ""CTR_P"", ""CTR_N""]","[""VDD"", ""VSS"", ""D_b"", ""z1"", ""CLK"", ""CLKB""]","[""VDD"", ""VSS"", ""TIME.dff_buf_data.dff_6.D_b"", ""TIME.dff_buf_data.dff_6.z1"", ""clk_buf"", ""TIME.dff_buf_data.dff_6.CLKB""]",APPROVED_LEAF_PRIMITIVE,TRANSMISSION_GATE_NW250_PW500_L50
64x8_read&write,TIME.dff_buf_data.dff_6.inv3,TIME.dff_buf_data.dff_6,DFF,PINV,'inv3',227,{},,True,"{""length"": 5e-08, ""nmos_model"": ""NMOS_VTG"", ""nmos_width"": 2.5e-07, ""num"": 1, ""pmos_model"": ""PMOS_VTG"", ""pmos_width"": 5e-07}","[""VDD"", ""VSS"", ""A"", ""Z""]","[""VDD"", ""VSS"", ""z1"", ""z2""]","[""VDD"", ""VSS"", ""TIME.dff_buf_data.dff_6.z1"", ""TIME.dff_buf_data.dff_6.z2""]",APPROVED_LEAF_PRIMITIVE,PINV_NW250_PW500_L50
64x8_read&write,TIME.dff_buf_data.dff_6.inv4,TIME.dff_buf_data.dff_6,DFF,PINV,'inv4',231,{},,True,"{""length"": 5e-08, ""nmos_model"": ""NMOS_VTG"", ""nmos_width"": 2.5e-07, ""num"": 1, ""pmos_model"": ""PMOS_VTG"", ""pmos_width"": 5e-07}","[""VDD"", ""VSS"", ""A"", ""Z""]","[""VDD"", ""VSS"", ""z2"", ""z3""]","[""VDD"", ""VSS"", ""TIME.dff_buf_data.dff_6.z2"", ""TIME.dff_buf_data.dff_6.z3""]",APPROVED_LEAF_PRIMITIVE,PINV_NW250_PW500_L50
64x8_read&write,TIME.dff_buf_data.dff_6.tg2,TIME.dff_buf_data.dff_6,DFF,TRANSMISSION_GATE,'tg2',234,{},,True,"{""nmos_model"": ""NMOS_VTG"", ""pmos_model"": ""PMOS_VTG""}","[""VDD"", ""VSS"", ""IN"", ""OUT"", ""CTR_P"", ""CTR_N""]","[""VDD"", ""VSS"", ""z3"", ""z1"", ""CLKB"", ""CLK""]","[""VDD"", ""VSS"", ""TIME.dff_buf_data.dff_6.z3"", ""TIME.dff_buf_data.dff_6.z1"", ""TIME.dff_buf_data.dff_6.CLKB"", ""clk_buf""]",APPROVED_LEAF_PRIMITIVE,TRANSMISSION_GATE_NW250_PW500_L50
64x8_read&write,TIME.dff_buf_data.dff_6.inv5,TIME.dff_buf_data.dff_6,DFF,PINV,'inv5',239,{},,True,"{""length"": 5e-08, ""nmos_model"": ""NMOS_VTG"", ""nmos_width"": 2.5e-07, ""num"": 1, ""pmos_model"": ""PMOS_VTG"", ""pmos_width"": 5e-07}","[""VDD"", ""VSS"", ""A"", ""Z""]","[""VDD"", ""VSS"", ""z2"", ""z4""]","[""VDD"", ""VSS"", ""TIME.dff_buf_data.dff_6.z2"", ""TIME.dff_buf_data.dff_6.z4""]",APPROVED_LEAF_PRIMITIVE,PINV_NW250_PW500_L50
64x8_read&write,TIME.dff_buf_data.dff_6.tg3,TIME.dff_buf_data.dff_6,DFF,TRANSMISSION_GATE,'tg3',242,{},,True,"{""nmos_model"": ""NMOS_VTG"", ""pmos_model"": ""PMOS_VTG""}","[""VDD"", ""VSS"", ""IN"", ""OUT"", ""CTR_P"", ""CTR_N""]","[""VDD"", ""VSS"", ""z4"", ""z5"", ""CLKB"", ""CLK""]","[""VDD"", ""VSS"", ""TIME.dff_buf_data.dff_6.z4"", ""TIME.dff_buf_data.dff_6.z5"", ""TIME.dff_buf_data.dff_6.CLKB"", ""clk_buf""]",APPROVED_LEAF_PRIMITIVE,TRANSMISSION_GATE_NW250_PW500_L50
64x8_read&write,TIME.dff_buf_data.dff_6.inv6,TIME.dff_buf_data.dff_6,DFF,PINV,'inv6',246,{},,True,"{""length"": 5e-08, ""nmos_model"": ""NMOS_VTG"", ""nmos_width"": 2.5e-07, ""num"": 1, ""pmos_model"": ""PMOS_VTG"", ""pmos_width"": 5e-07}","[""VDD"", ""VSS"", ""A"", ""Z""]","[""VDD"", ""VSS"", ""z5"", ""Q""]","[""VDD"", ""VSS"", ""TIME.dff_buf_data.dff_6.z5"", ""TIME.DIN_dff6""]",APPROVED_LEAF_PRIMITIVE,PINV_NW250_PW500_L50
64x8_read&write,TIME.dff_buf_data.dff_6.inv7,TIME.dff_buf_data.dff_6,DFF,PINV,'inv7',250,{},,True,"{""length"": 5e-08, ""nmos_model"": ""NMOS_VTG"", ""nmos_width"": 2.5e-07, ""num"": 1, ""pmos_model"": ""PMOS_VTG"", ""pmos_width"": 5e-07}","[""VDD"", ""VSS"", ""A"", ""Z""]","[""VDD"", ""VSS"", ""Q"", ""QB""]","[""VDD"", ""VSS"", ""TIME.DIN_dff6"", ""TIME.dff_buf_data.dff_6.QB""]",APPROVED_LEAF_PRIMITIVE,PINV_NW250_PW500_L50
64x8_read&write,TIME.dff_buf_data.dff_6.tg4,TIME.dff_buf_data.dff_6,DFF,TRANSMISSION_GATE,'tg4',254,{},,True,"{""nmos_model"": ""NMOS_VTG"", ""pmos_model"": ""PMOS_VTG""}","[""VDD"", ""VSS"", ""IN"", ""OUT"", ""CTR_P"", ""CTR_N""]","[""VDD"", ""VSS"", ""QB"", ""z5"", ""CLK"", ""CLKB""]","[""VDD"", ""VSS"", ""TIME.dff_buf_data.dff_6.QB"", ""TIME.dff_buf_data.dff_6.z5"", ""clk_buf"", ""TIME.dff_buf_data.dff_6.CLKB""]",APPROVED_LEAF_PRIMITIVE,TRANSMISSION_GATE_NW250_PW500_L50
64x8_read&write,TIME.dff_buf_data.dff_7,TIME.dff_buf_data,DATA_DFF,DFF,f'dff_{i}',479,"{""i"": 7}",,True,"{""nmos_model"": ""NMOS_VTG"", ""pmos_model"": ""PMOS_VTG"", ""pmos_width"": 5e-08}","[""VDD"", ""VSS"", ""D"", ""Q"", ""CLK""]","[""VDD"", ""VSS"", ""DIN7"", ""DIN_dff7"", ""CLK""]","[""VDD"", ""VSS"", ""TIME.DIN7"", ""TIME.DIN_dff7"", ""clk_buf""]",COMPOSITE_INSTANCE,
64x8_read&write,TIME.dff_buf_data.dff_7.inv1_clk,TIME.dff_buf_data.dff_7,DFF,PINV,'inv1_clk',216,{},,True,"{""length"": 5e-08, ""nmos_model"": ""NMOS_VTG"", ""nmos_width"": 2.5e-07, ""num"": 1, ""pmos_model"": ""PMOS_VTG"", ""pmos_width"": 5e-07}","[""VDD"", ""VSS"", ""A"", ""Z""]","[""VDD"", ""VSS"", ""CLK"", ""CLKB""]","[""VDD"", ""VSS"", ""clk_buf"", ""TIME.dff_buf_data.dff_7.CLKB""]",APPROVED_LEAF_PRIMITIVE,PINV_NW250_PW500_L50
64x8_read&write,TIME.dff_buf_data.dff_7.inv2_D,TIME.dff_buf_data.dff_7,DFF,PINV,'inv2_D',220,{},,True,"{""length"": 5e-08, ""nmos_model"": ""NMOS_VTG"", ""nmos_width"": 2.5e-07, ""num"": 1, ""pmos_model"": ""PMOS_VTG"", ""pmos_width"": 5e-07}","[""VDD"", ""VSS"", ""A"", ""Z""]","[""VDD"", ""VSS"", ""D"", ""D_b""]","[""VDD"", ""VSS"", ""TIME.DIN7"", ""TIME.dff_buf_data.dff_7.D_b""]",APPROVED_LEAF_PRIMITIVE,PINV_NW250_PW500_L50
64x8_read&write,TIME.dff_buf_data.dff_7.tg1,TIME.dff_buf_data.dff_7,DFF,TRANSMISSION_GATE,'tg1',223,{},,True,"{""nmos_model"": ""NMOS_VTG"", ""pmos_model"": ""PMOS_VTG""}","[""VDD"", ""VSS"", ""IN"", ""OUT"", ""CTR_P"", ""CTR_N""]","[""VDD"", ""VSS"", ""D_b"", ""z1"", ""CLK"", ""CLKB""]","[""VDD"", ""VSS"", ""TIME.dff_buf_data.dff_7.D_b"", ""TIME.dff_buf_data.dff_7.z1"", ""clk_buf"", ""TIME.dff_buf_data.dff_7.CLKB""]",APPROVED_LEAF_PRIMITIVE,TRANSMISSION_GATE_NW250_PW500_L50
64x8_read&write,TIME.dff_buf_data.dff_7.inv3,TIME.dff_buf_data.dff_7,DFF,PINV,'inv3',227,{},,True,"{""length"": 5e-08, ""nmos_model"": ""NMOS_VTG"", ""nmos_width"": 2.5e-07, ""num"": 1, ""pmos_model"": ""PMOS_VTG"", ""pmos_width"": 5e-07}","[""VDD"", ""VSS"", ""A"", ""Z""]","[""VDD"", ""VSS"", ""z1"", ""z2""]","[""VDD"", ""VSS"", ""TIME.dff_buf_data.dff_7.z1"", ""TIME.dff_buf_data.dff_7.z2""]",APPROVED_LEAF_PRIMITIVE,PINV_NW250_PW500_L50
64x8_read&write,TIME.dff_buf_data.dff_7.inv4,TIME.dff_buf_data.dff_7,DFF,PINV,'inv4',231,{},,True,"{""length"": 5e-08, ""nmos_model"": ""NMOS_VTG"", ""nmos_width"": 2.5e-07, ""num"": 1, ""pmos_model"": ""PMOS_VTG"", ""pmos_width"": 5e-07}","[""VDD"", ""VSS"", ""A"", ""Z""]","[""VDD"", ""VSS"", ""z2"", ""z3""]","[""VDD"", ""VSS"", ""TIME.dff_buf_data.dff_7.z2"", ""TIME.dff_buf_data.dff_7.z3""]",APPROVED_LEAF_PRIMITIVE,PINV_NW250_PW500_L50
64x8_read&write,TIME.dff_buf_data.dff_7.tg2,TIME.dff_buf_data.dff_7,DFF,TRANSMISSION_GATE,'tg2',234,{},,True,"{""nmos_model"": ""NMOS_VTG"", ""pmos_model"": ""PMOS_VTG""}","[""VDD"", ""VSS"", ""IN"", ""OUT"", ""CTR_P"", ""CTR_N""]","[""VDD"", ""VSS"", ""z3"", ""z1"", ""CLKB"", ""CLK""]","[""VDD"", ""VSS"", ""TIME.dff_buf_data.dff_7.z3"", ""TIME.dff_buf_data.dff_7.z1"", ""TIME.dff_buf_data.dff_7.CLKB"", ""clk_buf""]",APPROVED_LEAF_PRIMITIVE,TRANSMISSION_GATE_NW250_PW500_L50
64x8_read&write,TIME.dff_buf_data.dff_7.inv5,TIME.dff_buf_data.dff_7,DFF,PINV,'inv5',239,{},,True,"{""length"": 5e-08, ""nmos_model"": ""NMOS_VTG"", ""nmos_width"": 2.5e-07, ""num"": 1, ""pmos_model"": ""PMOS_VTG"", ""pmos_width"": 5e-07}","[""VDD"", ""VSS"", ""A"", ""Z""]","[""VDD"", ""VSS"", ""z2"", ""z4""]","[""VDD"", ""VSS"", ""TIME.dff_buf_data.dff_7.z2"", ""TIME.dff_buf_data.dff_7.z4""]",APPROVED_LEAF_PRIMITIVE,PINV_NW250_PW500_L50
64x8_read&write,TIME.dff_buf_data.dff_7.tg3,TIME.dff_buf_data.dff_7,DFF,TRANSMISSION_GATE,'tg3',242,{},,True,"{""nmos_model"": ""NMOS_VTG"", ""pmos_model"": ""PMOS_VTG""}","[""VDD"", ""VSS"", ""IN"", ""OUT"", ""CTR_P"", ""CTR_N""]","[""VDD"", ""VSS"", ""z4"", ""z5"", ""CLKB"", ""CLK""]","[""VDD"", ""VSS"", ""TIME.dff_buf_data.dff_7.z4"", ""TIME.dff_buf_data.dff_7.z5"", ""TIME.dff_buf_data.dff_7.CLKB"", ""clk_buf""]",APPROVED_LEAF_PRIMITIVE,TRANSMISSION_GATE_NW250_PW500_L50
64x8_read&write,TIME.dff_buf_data.dff_7.inv6,TIME.dff_buf_data.dff_7,DFF,PINV,'inv6',246,{},,True,"{""length"": 5e-08, ""nmos_model"": ""NMOS_VTG"", ""nmos_width"": 2.5e-07, ""num"": 1, ""pmos_model"": ""PMOS_VTG"", ""pmos_width"": 5e-07}","[""VDD"", ""VSS"", ""A"", ""Z""]","[""VDD"", ""VSS"", ""z5"", ""Q""]","[""VDD"", ""VSS"", ""TIME.dff_buf_data.dff_7.z5"", ""TIME.DIN_dff7""]",APPROVED_LEAF_PRIMITIVE,PINV_NW250_PW500_L50
64x8_read&write,TIME.dff_buf_data.dff_7.inv7,TIME.dff_buf_data.dff_7,DFF,PINV,'inv7',250,{},,True,"{""length"": 5e-08, ""nmos_model"": ""NMOS_VTG"", ""nmos_width"": 2.5e-07, ""num"": 1, ""pmos_model"": ""PMOS_VTG"", ""pmos_width"": 5e-07}","[""VDD"", ""VSS"", ""A"", ""Z""]","[""VDD"", ""VSS"", ""Q"", ""QB""]","[""VDD"", ""VSS"", ""TIME.DIN_dff7"", ""TIME.dff_buf_data.dff_7.QB""]",APPROVED_LEAF_PRIMITIVE,PINV_NW250_PW500_L50
64x8_read&write,TIME.dff_buf_data.dff_7.tg4,TIME.dff_buf_data.dff_7,DFF,TRANSMISSION_GATE,'tg4',254,{},,True,"{""nmos_model"": ""NMOS_VTG"", ""pmos_model"": ""PMOS_VTG""}","[""VDD"", ""VSS"", ""IN"", ""OUT"", ""CTR_P"", ""CTR_N""]","[""VDD"", ""VSS"", ""QB"", ""z5"", ""CLK"", ""CLKB""]","[""VDD"", ""VSS"", ""TIME.dff_buf_data.dff_7.QB"", ""TIME.dff_buf_data.dff_7.z5"", ""clk_buf"", ""TIME.dff_buf_data.dff_7.CLKB""]",APPROVED_LEAF_PRIMITIVE,TRANSMISSION_GATE_NW250_PW500_L50
64x8_read&write,TIME.clkbuf,TIME,TIME,pdrive,'clkbuf',579,{},,True,"{""drive_scale"": 1.3333333333333333, ""nmos_model"": ""NMOS_VTG"", ""pmos_model"": ""PMOS_VTG""}","[""VDD"", ""VSS"", ""A"", ""Z""]","[""VDD"", ""VSS"", ""clk"", ""clk_buf""]","[""VDD"", ""VSS"", ""clk"", ""clk_buf""]",COMPOSITE_INSTANCE,
64x8_read&write,TIME.clkbuf.buf_inv1,TIME.clkbuf,pdrive,PINV,'buf_inv1',87,{},,True,"{""length"": 5e-08, ""nmos_model"": ""NMOS_VTG"", ""nmos_width"": 9.671129386411878e-08, ""num"": 1, ""pmos_model"": ""PMOS_VTG"", ""pmos_width"": 2.9013388159235636e-07}","[""VDD"", ""VSS"", ""A"", ""Z""]","[""VDD"", ""VSS"", ""A"", ""zb1_node""]","[""VDD"", ""VSS"", ""clk"", ""TIME.clkbuf.zb1_node""]",APPROVED_LEAF_PRIMITIVE,PINV_NW90_PW270_L50
64x8_read&write,TIME.clkbuf.buf_inv2,TIME.clkbuf,pdrive,PINV,'buf_inv2',91,{},,True,"{""length"": 5e-08, ""nmos_model"": ""NMOS_VTG"", ""nmos_width"": 3.117691453623979e-07, ""num"": 2, ""pmos_model"": ""PMOS_VTG"", ""pmos_width"": 9.353074360871936e-07}","[""VDD"", ""VSS"", ""A"", ""Z""]","[""VDD"", ""VSS"", ""zb1_node"", ""zb2_node""]","[""VDD"", ""VSS"", ""TIME.clkbuf.zb1_node"", ""TIME.clkbuf.zb2_node""]",APPROVED_LEAF_PRIMITIVE,PINV_NW270_PW810_L50
64x8_read&write,TIME.clkbuf.buf_inv3,TIME.clkbuf,pdrive,PINV,'buf_inv3',95,{},,True,"{""length"": 5e-08, ""nmos_model"": ""NMOS_VTG"", ""nmos_width"": 1.1291338957105475e-06, ""num"": 3, ""pmos_model"": ""PMOS_VTG"", ""pmos_width"": 3.0151597434908028e-06}","[""VDD"", ""VSS"", ""A"", ""Z""]","[""VDD"", ""VSS"", ""zb2_node"", ""zb3_node""]","[""VDD"", ""VSS"", ""TIME.clkbuf.zb2_node"", ""TIME.clkbuf.zb3_node""]",APPROVED_LEAF_PRIMITIVE,PINV_NW910_PW2430_L50
64x8_read&write,TIME.clkbuf.buf_inv4,TIME.clkbuf,pdrive,PINV,'buf_inv4',99,{},,True,"{""length"": 5e-08, ""nmos_model"": ""NMOS_VTG"", ""nmos_width"": 3.24e-06, ""num"": 4, ""pmos_model"": ""PMOS_VTG"", ""pmos_width"": 9.719999999999998e-06}","[""VDD"", ""VSS"", ""A"", ""Z""]","[""VDD"", ""VSS"", ""zb3_node"", ""Z""]","[""VDD"", ""VSS"", ""TIME.clkbuf.zb3_node"", ""clk_buf""]",APPROVED_LEAF_PRIMITIVE,PINV_NW2430_PW7290_L50
64x8_read&write,TIME.inv_clk_bar,TIME,TIME,PINV,'inv_clk_bar',591,{},,True,"{""length"": 5e-08, ""nmos_model"": ""NMOS_VTG"", ""nmos_width"": 9e-08, ""pmos_model"": ""PMOS_VTG"", ""pmos_width"": 2.7e-07}","[""VDD"", ""VSS"", ""A"", ""Z""]","[""VDD"", ""VSS"", ""clk_buf"", ""clk_bar""]","[""VDD"", ""VSS"", ""clk_buf"", ""clk_bar""]",APPROVED_LEAF_PRIMITIVE,PINV_NW90_PW270_L50
64x8_read&write,TIME.dff_buf,TIME,TIME,DFF_BUF,'dff_buf',598,{},,True,"{""nmos_model"": ""NMOS_VTG"", ""pmos_model"": ""PMOS_VTG""}","[""VDD"", ""VSS"", ""D"", ""Q"", ""QB"", ""CLK""]","[""VDD"", ""VSS"", ""csb"", ""cs_bar"", ""cs"", ""clk_buf""]","[""VDD"", ""VSS"", ""csb"", ""cs_bar"", ""cs"", ""clk_buf""]",COMPOSITE_INSTANCE,
64x8_read&write,TIME.dff_buf.dff,TIME.dff_buf,DFF_BUF,DFF,'dff',288,{},,True,"{""nmos_model"": ""NMOS_VTG"", ""pmos_model"": ""PMOS_VTG"", ""pmos_width"": 5e-08}","[""VDD"", ""VSS"", ""D"", ""Q"", ""CLK""]","[""VDD"", ""VSS"", ""D"", ""qint"", ""CLK""]","[""VDD"", ""VSS"", ""csb"", ""TIME.dff_buf.qint"", ""clk_buf""]",COMPOSITE_INSTANCE,
64x8_read&write,TIME.dff_buf.dff.inv1_clk,TIME.dff_buf.dff,DFF,PINV,'inv1_clk',216,{},,True,"{""length"": 5e-08, ""nmos_model"": ""NMOS_VTG"", ""nmos_width"": 2.5e-07, ""num"": 1, ""pmos_model"": ""PMOS_VTG"", ""pmos_width"": 5e-07}","[""VDD"", ""VSS"", ""A"", ""Z""]","[""VDD"", ""VSS"", ""CLK"", ""CLKB""]","[""VDD"", ""VSS"", ""clk_buf"", ""TIME.dff_buf.dff.CLKB""]",APPROVED_LEAF_PRIMITIVE,PINV_NW250_PW500_L50
64x8_read&write,TIME.dff_buf.dff.inv2_D,TIME.dff_buf.dff,DFF,PINV,'inv2_D',220,{},,True,"{""length"": 5e-08, ""nmos_model"": ""NMOS_VTG"", ""nmos_width"": 2.5e-07, ""num"": 1, ""pmos_model"": ""PMOS_VTG"", ""pmos_width"": 5e-07}","[""VDD"", ""VSS"", ""A"", ""Z""]","[""VDD"", ""VSS"", ""D"", ""D_b""]","[""VDD"", ""VSS"", ""csb"", ""TIME.dff_buf.dff.D_b""]",APPROVED_LEAF_PRIMITIVE,PINV_NW250_PW500_L50
64x8_read&write,TIME.dff_buf.dff.tg1,TIME.dff_buf.dff,DFF,TRANSMISSION_GATE,'tg1',223,{},,True,"{""nmos_model"": ""NMOS_VTG"", ""pmos_model"": ""PMOS_VTG""}","[""VDD"", ""VSS"", ""IN"", ""OUT"", ""CTR_P"", ""CTR_N""]","[""VDD"", ""VSS"", ""D_b"", ""z1"", ""CLK"", ""CLKB""]","[""VDD"", ""VSS"", ""TIME.dff_buf.dff.D_b"", ""TIME.dff_buf.dff.z1"", ""clk_buf"", ""TIME.dff_buf.dff.CLKB""]",APPROVED_LEAF_PRIMITIVE,TRANSMISSION_GATE_NW250_PW500_L50
64x8_read&write,TIME.dff_buf.dff.inv3,TIME.dff_buf.dff,DFF,PINV,'inv3',227,{},,True,"{""length"": 5e-08, ""nmos_model"": ""NMOS_VTG"", ""nmos_width"": 2.5e-07, ""num"": 1, ""pmos_model"": ""PMOS_VTG"", ""pmos_width"": 5e-07}","[""VDD"", ""VSS"", ""A"", ""Z""]","[""VDD"", ""VSS"", ""z1"", ""z2""]","[""VDD"", ""VSS"", ""TIME.dff_buf.dff.z1"", ""TIME.dff_buf.dff.z2""]",APPROVED_LEAF_PRIMITIVE,PINV_NW250_PW500_L50
64x8_read&write,TIME.dff_buf.dff.inv4,TIME.dff_buf.dff,DFF,PINV,'inv4',231,{},,True,"{""length"": 5e-08, ""nmos_model"": ""NMOS_VTG"", ""nmos_width"": 2.5e-07, ""num"": 1, ""pmos_model"": ""PMOS_VTG"", ""pmos_width"": 5e-07}","[""VDD"", ""VSS"", ""A"", ""Z""]","[""VDD"", ""VSS"", ""z2"", ""z3""]","[""VDD"", ""VSS"", ""TIME.dff_buf.dff.z2"", ""TIME.dff_buf.dff.z3""]",APPROVED_LEAF_PRIMITIVE,PINV_NW250_PW500_L50
64x8_read&write,TIME.dff_buf.dff.tg2,TIME.dff_buf.dff,DFF,TRANSMISSION_GATE,'tg2',234,{},,True,"{""nmos_model"": ""NMOS_VTG"", ""pmos_model"": ""PMOS_VTG""}","[""VDD"", ""VSS"", ""IN"", ""OUT"", ""CTR_P"", ""CTR_N""]","[""VDD"", ""VSS"", ""z3"", ""z1"", ""CLKB"", ""CLK""]","[""VDD"", ""VSS"", ""TIME.dff_buf.dff.z3"", ""TIME.dff_buf.dff.z1"", ""TIME.dff_buf.dff.CLKB"", ""clk_buf""]",APPROVED_LEAF_PRIMITIVE,TRANSMISSION_GATE_NW250_PW500_L50
64x8_read&write,TIME.dff_buf.dff.inv5,TIME.dff_buf.dff,DFF,PINV,'inv5',239,{},,True,"{""length"": 5e-08, ""nmos_model"": ""NMOS_VTG"", ""nmos_width"": 2.5e-07, ""num"": 1, ""pmos_model"": ""PMOS_VTG"", ""pmos_width"": 5e-07}","[""VDD"", ""VSS"", ""A"", ""Z""]","[""VDD"", ""VSS"", ""z2"", ""z4""]","[""VDD"", ""VSS"", ""TIME.dff_buf.dff.z2"", ""TIME.dff_buf.dff.z4""]",APPROVED_LEAF_PRIMITIVE,PINV_NW250_PW500_L50
64x8_read&write,TIME.dff_buf.dff.tg3,TIME.dff_buf.dff,DFF,TRANSMISSION_GATE,'tg3',242,{},,True,"{""nmos_model"": ""NMOS_VTG"", ""pmos_model"": ""PMOS_VTG""}","[""VDD"", ""VSS"", ""IN"", ""OUT"", ""CTR_P"", ""CTR_N""]","[""VDD"", ""VSS"", ""z4"", ""z5"", ""CLKB"", ""CLK""]","[""VDD"", ""VSS"", ""TIME.dff_buf.dff.z4"", ""TIME.dff_buf.dff.z5"", ""TIME.dff_buf.dff.CLKB"", ""clk_buf""]",APPROVED_LEAF_PRIMITIVE,TRANSMISSION_GATE_NW250_PW500_L50
64x8_read&write,TIME.dff_buf.dff.inv6,TIME.dff_buf.dff,DFF,PINV,'inv6',246,{},,True,"{""length"": 5e-08, ""nmos_model"": ""NMOS_VTG"", ""nmos_width"": 2.5e-07, ""num"": 1, ""pmos_model"": ""PMOS_VTG"", ""pmos_width"": 5e-07}","[""VDD"", ""VSS"", ""A"", ""Z""]","[""VDD"", ""VSS"", ""z5"", ""Q""]","[""VDD"", ""VSS"", ""TIME.dff_buf.dff.z5"", ""TIME.dff_buf.qint""]",APPROVED_LEAF_PRIMITIVE,PINV_NW250_PW500_L50
64x8_read&write,TIME.dff_buf.dff.inv7,TIME.dff_buf.dff,DFF,PINV,'inv7',250,{},,True,"{""length"": 5e-08, ""nmos_model"": ""NMOS_VTG"", ""nmos_width"": 2.5e-07, ""num"": 1, ""pmos_model"": ""PMOS_VTG"", ""pmos_width"": 5e-07}","[""VDD"", ""VSS"", ""A"", ""Z""]","[""VDD"", ""VSS"", ""Q"", ""QB""]","[""VDD"", ""VSS"", ""TIME.dff_buf.qint"", ""TIME.dff_buf.dff.QB""]",APPROVED_LEAF_PRIMITIVE,PINV_NW250_PW500_L50
64x8_read&write,TIME.dff_buf.dff.tg4,TIME.dff_buf.dff,DFF,TRANSMISSION_GATE,'tg4',254,{},,True,"{""nmos_model"": ""NMOS_VTG"", ""pmos_model"": ""PMOS_VTG""}","[""VDD"", ""VSS"", ""IN"", ""OUT"", ""CTR_P"", ""CTR_N""]","[""VDD"", ""VSS"", ""QB"", ""z5"", ""CLK"", ""CLKB""]","[""VDD"", ""VSS"", ""TIME.dff_buf.dff.QB"", ""TIME.dff_buf.dff.z5"", ""clk_buf"", ""TIME.dff_buf.dff.CLKB""]",APPROVED_LEAF_PRIMITIVE,TRANSMISSION_GATE_NW250_PW500_L50
64x8_read&write,TIME.dff_buf.inv1,TIME.dff_buf,DFF_BUF,PINV,'inv1',292,{},,True,"{""length"": 5e-08, ""nmos_model"": ""NMOS_VTG"", ""nmos_width"": 1.8e-07, ""num"": 1, ""pmos_model"": ""PMOS_VTG"", ""pmos_width"": 5.4e-07}","[""VDD"", ""VSS"", ""A"", ""Z""]","[""VDD"", ""VSS"", ""qint"", ""QB""]","[""VDD"", ""VSS"", ""TIME.dff_buf.qint"", ""cs""]",APPROVED_LEAF_PRIMITIVE,PINV_NW180_PW540_L50
64x8_read&write,TIME.dff_buf.inv2,TIME.dff_buf,DFF_BUF,PINV,'inv2',296,{},,True,"{""length"": 5e-08, ""nmos_model"": ""NMOS_VTG"", ""nmos_width"": 3.6e-07, ""num"": 2, ""pmos_model"": ""PMOS_VTG"", ""pmos_width"": 1.08e-06}","[""VDD"", ""VSS"", ""A"", ""Z""]","[""VDD"", ""VSS"", ""QB"", ""Q""]","[""VDD"", ""VSS"", ""cs"", ""cs_bar""]",APPROVED_LEAF_PRIMITIVE,PINV_NW360_PW1080_L50
64x8_read&write,TIME.dff_buf1,TIME,TIME,DFF_BUF,'dff_buf1',605,{},,True,"{""nmos_model"": ""NMOS_VTG"", ""pmos_model"": ""PMOS_VTG""}","[""VDD"", ""VSS"", ""D"", ""Q"", ""QB"", ""CLK""]","[""VDD"", ""VSS"", ""web"", ""we_bar"", ""we"", ""clk_buf""]","[""VDD"", ""VSS"", ""web"", ""we_bar"", ""we"", ""clk_buf""]",COMPOSITE_INSTANCE,
64x8_read&write,TIME.dff_buf1.dff,TIME.dff_buf1,DFF_BUF,DFF,'dff',288,{},,True,"{""nmos_model"": ""NMOS_VTG"", ""pmos_model"": ""PMOS_VTG"", ""pmos_width"": 5e-08}","[""VDD"", ""VSS"", ""D"", ""Q"", ""CLK""]","[""VDD"", ""VSS"", ""D"", ""qint"", ""CLK""]","[""VDD"", ""VSS"", ""web"", ""TIME.dff_buf1.qint"", ""clk_buf""]",COMPOSITE_INSTANCE,
64x8_read&write,TIME.dff_buf1.dff.inv1_clk,TIME.dff_buf1.dff,DFF,PINV,'inv1_clk',216,{},,True,"{""length"": 5e-08, ""nmos_model"": ""NMOS_VTG"", ""nmos_width"": 2.5e-07, ""num"": 1, ""pmos_model"": ""PMOS_VTG"", ""pmos_width"": 5e-07}","[""VDD"", ""VSS"", ""A"", ""Z""]","[""VDD"", ""VSS"", ""CLK"", ""CLKB""]","[""VDD"", ""VSS"", ""clk_buf"", ""TIME.dff_buf1.dff.CLKB""]",APPROVED_LEAF_PRIMITIVE,PINV_NW250_PW500_L50
64x8_read&write,TIME.dff_buf1.dff.inv2_D,TIME.dff_buf1.dff,DFF,PINV,'inv2_D',220,{},,True,"{""length"": 5e-08, ""nmos_model"": ""NMOS_VTG"", ""nmos_width"": 2.5e-07, ""num"": 1, ""pmos_model"": ""PMOS_VTG"", ""pmos_width"": 5e-07}","[""VDD"", ""VSS"", ""A"", ""Z""]","[""VDD"", ""VSS"", ""D"", ""D_b""]","[""VDD"", ""VSS"", ""web"", ""TIME.dff_buf1.dff.D_b""]",APPROVED_LEAF_PRIMITIVE,PINV_NW250_PW500_L50
64x8_read&write,TIME.dff_buf1.dff.tg1,TIME.dff_buf1.dff,DFF,TRANSMISSION_GATE,'tg1',223,{},,True,"{""nmos_model"": ""NMOS_VTG"", ""pmos_model"": ""PMOS_VTG""}","[""VDD"", ""VSS"", ""IN"", ""OUT"", ""CTR_P"", ""CTR_N""]","[""VDD"", ""VSS"", ""D_b"", ""z1"", ""CLK"", ""CLKB""]","[""VDD"", ""VSS"", ""TIME.dff_buf1.dff.D_b"", ""TIME.dff_buf1.dff.z1"", ""clk_buf"", ""TIME.dff_buf1.dff.CLKB""]",APPROVED_LEAF_PRIMITIVE,TRANSMISSION_GATE_NW250_PW500_L50
64x8_read&write,TIME.dff_buf1.dff.inv3,TIME.dff_buf1.dff,DFF,PINV,'inv3',227,{},,True,"{""length"": 5e-08, ""nmos_model"": ""NMOS_VTG"", ""nmos_width"": 2.5e-07, ""num"": 1, ""pmos_model"": ""PMOS_VTG"", ""pmos_width"": 5e-07}","[""VDD"", ""VSS"", ""A"", ""Z""]","[""VDD"", ""VSS"", ""z1"", ""z2""]","[""VDD"", ""VSS"", ""TIME.dff_buf1.dff.z1"", ""TIME.dff_buf1.dff.z2""]",APPROVED_LEAF_PRIMITIVE,PINV_NW250_PW500_L50
64x8_read&write,TIME.dff_buf1.dff.inv4,TIME.dff_buf1.dff,DFF,PINV,'inv4',231,{},,True,"{""length"": 5e-08, ""nmos_model"": ""NMOS_VTG"", ""nmos_width"": 2.5e-07, ""num"": 1, ""pmos_model"": ""PMOS_VTG"", ""pmos_width"": 5e-07}","[""VDD"", ""VSS"", ""A"", ""Z""]","[""VDD"", ""VSS"", ""z2"", ""z3""]","[""VDD"", ""VSS"", ""TIME.dff_buf1.dff.z2"", ""TIME.dff_buf1.dff.z3""]",APPROVED_LEAF_PRIMITIVE,PINV_NW250_PW500_L50
64x8_read&write,TIME.dff_buf1.dff.tg2,TIME.dff_buf1.dff,DFF,TRANSMISSION_GATE,'tg2',234,{},,True,"{""nmos_model"": ""NMOS_VTG"", ""pmos_model"": ""PMOS_VTG""}","[""VDD"", ""VSS"", ""IN"", ""OUT"", ""CTR_P"", ""CTR_N""]","[""VDD"", ""VSS"", ""z3"", ""z1"", ""CLKB"", ""CLK""]","[""VDD"", ""VSS"", ""TIME.dff_buf1.dff.z3"", ""TIME.dff_buf1.dff.z1"", ""TIME.dff_buf1.dff.CLKB"", ""clk_buf""]",APPROVED_LEAF_PRIMITIVE,TRANSMISSION_GATE_NW250_PW500_L50
64x8_read&write,TIME.dff_buf1.dff.inv5,TIME.dff_buf1.dff,DFF,PINV,'inv5',239,{},,True,"{""length"": 5e-08, ""nmos_model"": ""NMOS_VTG"", ""nmos_width"": 2.5e-07, ""num"": 1, ""pmos_model"": ""PMOS_VTG"", ""pmos_width"": 5e-07}","[""VDD"", ""VSS"", ""A"", ""Z""]","[""VDD"", ""VSS"", ""z2"", ""z4""]","[""VDD"", ""VSS"", ""TIME.dff_buf1.dff.z2"", ""TIME.dff_buf1.dff.z4""]",APPROVED_LEAF_PRIMITIVE,PINV_NW250_PW500_L50
64x8_read&write,TIME.dff_buf1.dff.tg3,TIME.dff_buf1.dff,DFF,TRANSMISSION_GATE,'tg3',242,{},,True,"{""nmos_model"": ""NMOS_VTG"", ""pmos_model"": ""PMOS_VTG""}","[""VDD"", ""VSS"", ""IN"", ""OUT"", ""CTR_P"", ""CTR_N""]","[""VDD"", ""VSS"", ""z4"", ""z5"", ""CLKB"", ""CLK""]","[""VDD"", ""VSS"", ""TIME.dff_buf1.dff.z4"", ""TIME.dff_buf1.dff.z5"", ""TIME.dff_buf1.dff.CLKB"", ""clk_buf""]",APPROVED_LEAF_PRIMITIVE,TRANSMISSION_GATE_NW250_PW500_L50
64x8_read&write,TIME.dff_buf1.dff.inv6,TIME.dff_buf1.dff,DFF,PINV,'inv6',246,{},,True,"{""length"": 5e-08, ""nmos_model"": ""NMOS_VTG"", ""nmos_width"": 2.5e-07, ""num"": 1, ""pmos_model"": ""PMOS_VTG"", ""pmos_width"": 5e-07}","[""VDD"", ""VSS"", ""A"", ""Z""]","[""VDD"", ""VSS"", ""z5"", ""Q""]","[""VDD"", ""VSS"", ""TIME.dff_buf1.dff.z5"", ""TIME.dff_buf1.qint""]",APPROVED_LEAF_PRIMITIVE,PINV_NW250_PW500_L50
64x8_read&write,TIME.dff_buf1.dff.inv7,TIME.dff_buf1.dff,DFF,PINV,'inv7',250,{},,True,"{""length"": 5e-08, ""nmos_model"": ""NMOS_VTG"", ""nmos_width"": 2.5e-07, ""num"": 1, ""pmos_model"": ""PMOS_VTG"", ""pmos_width"": 5e-07}","[""VDD"", ""VSS"", ""A"", ""Z""]","[""VDD"", ""VSS"", ""Q"", ""QB""]","[""VDD"", ""VSS"", ""TIME.dff_buf1.qint"", ""TIME.dff_buf1.dff.QB""]",APPROVED_LEAF_PRIMITIVE,PINV_NW250_PW500_L50
64x8_read&write,TIME.dff_buf1.dff.tg4,TIME.dff_buf1.dff,DFF,TRANSMISSION_GATE,'tg4',254,{},,True,"{""nmos_model"": ""NMOS_VTG"", ""pmos_model"": ""PMOS_VTG""}","[""VDD"", ""VSS"", ""IN"", ""OUT"", ""CTR_P"", ""CTR_N""]","[""VDD"", ""VSS"", ""QB"", ""z5"", ""CLK"", ""CLKB""]","[""VDD"", ""VSS"", ""TIME.dff_buf1.dff.QB"", ""TIME.dff_buf1.dff.z5"", ""clk_buf"", ""TIME.dff_buf1.dff.CLKB""]",APPROVED_LEAF_PRIMITIVE,TRANSMISSION_GATE_NW250_PW500_L50
64x8_read&write,TIME.dff_buf1.inv1,TIME.dff_buf1,DFF_BUF,PINV,'inv1',292,{},,True,"{""length"": 5e-08, ""nmos_model"": ""NMOS_VTG"", ""nmos_width"": 1.8e-07, ""num"": 1, ""pmos_model"": ""PMOS_VTG"", ""pmos_width"": 5.4e-07}","[""VDD"", ""VSS"", ""A"", ""Z""]","[""VDD"", ""VSS"", ""qint"", ""QB""]","[""VDD"", ""VSS"", ""TIME.dff_buf1.qint"", ""we""]",APPROVED_LEAF_PRIMITIVE,PINV_NW180_PW540_L50
64x8_read&write,TIME.dff_buf1.inv2,TIME.dff_buf1,DFF_BUF,PINV,'inv2',296,{},,True,"{""length"": 5e-08, ""nmos_model"": ""NMOS_VTG"", ""nmos_width"": 3.6e-07, ""num"": 2, ""pmos_model"": ""PMOS_VTG"", ""pmos_width"": 1.08e-06}","[""VDD"", ""VSS"", ""A"", ""Z""]","[""VDD"", ""VSS"", ""QB"", ""Q""]","[""VDD"", ""VSS"", ""we"", ""we_bar""]",APPROVED_LEAF_PRIMITIVE,PINV_NW360_PW1080_L50
64x8_read&write,TIME.and2_gated_clk_bar,TIME,TIME,AND2,'and2_gated_clk_bar',621,{},,True,"{""inv_nmos_width"": 5.4e-07, ""inv_pmos_width"": 1.62e-06, ""length"": 5e-08, ""nand_nmos_width"": 1.8e-07, ""nand_pmos_width"": 2.7e-07, ""nmos_model_inv"": ""NMOS_VTG"", ""nmos_model_nand"": ""NMOS_VTG"", ""pmos_model_inv"": ""PMOS_VTG"", ""pmos_model_nand"": ""PMOS_VTG"", ""w_rc"": false}","[""VDD"", ""VSS"", ""A"", ""B"", ""Z""]","[""VDD"", ""VSS"", ""cs"", ""clk_bar"", ""gated_clk_bar""]","[""VDD"", ""VSS"", ""cs"", ""clk_bar"", ""gated_clk_bar""]",COMPOSITE_INSTANCE,
64x8_read&write,TIME.and2_gated_clk_bar.PNAND3,TIME.and2_gated_clk_bar,AND2,PNAND2,f'PNAND3',227,{},,True,"{""length"": 5e-08, ""nmos_model"": ""NMOS_VTG"", ""nmos_width"": 1.8e-07, ""pmos_model"": ""PMOS_VTG"", ""pmos_width"": 2.7e-07}","[""VDD"", ""VSS"", ""A"", ""B"", ""Z""]","[""VDD"", ""VSS"", ""a_node"", ""b_node"", ""zb_node""]","[""VDD"", ""VSS"", ""TIME.and2_gated_clk_bar.a_node"", ""TIME.and2_gated_clk_bar.b_node"", ""TIME.and2_gated_clk_bar.zb_node""]",NEW_PRIMITIVE_REQUIRED,
64x8_read&write,TIME.and2_gated_clk_bar.PINV,TIME.and2_gated_clk_bar,AND2,PINV,f'PINV',229,{},,True,"{""length"": 5e-08, ""nmos_model"": ""NMOS_VTG"", ""nmos_width"": 5.4e-07, ""pmos_model"": ""PMOS_VTG"", ""pmos_width"": 1.62e-06}","[""VDD"", ""VSS"", ""A"", ""Z""]","[""VDD"", ""VSS"", ""zb_node"", ""z_node""]","[""VDD"", ""VSS"", ""TIME.and2_gated_clk_bar.zb_node"", ""TIME.and2_gated_clk_bar.z_node""]",APPROVED_LEAF_PRIMITIVE,PINV_NW90_PW270_L50
64x8_read&write,TIME.and2_gated_clk_buf,TIME,TIME,AND2,'and2_gated_clk_buf',637,{},,True,"{""inv_nmos_width"": 5.4e-07, ""inv_pmos_width"": 1.62e-06, ""length"": 5e-08, ""nand_nmos_width"": 1.8e-07, ""nand_pmos_width"": 2.7e-07, ""nmos_model_inv"": ""NMOS_VTG"", ""nmos_model_nand"": ""NMOS_VTG"", ""pmos_model_inv"": ""PMOS_VTG"", ""pmos_model_nand"": ""PMOS_VTG"", ""w_rc"": false}","[""VDD"", ""VSS"", ""A"", ""B"", ""Z""]","[""VDD"", ""VSS"", ""cs"", ""clk_buf"", ""gated_clk_buf""]","[""VDD"", ""VSS"", ""cs"", ""clk_buf"", ""gated_clk_buf""]",COMPOSITE_INSTANCE,
64x8_read&write,TIME.and2_gated_clk_buf.PNAND3,TIME.and2_gated_clk_buf,AND2,PNAND2,f'PNAND3',227,{},,True,"{""length"": 5e-08, ""nmos_model"": ""NMOS_VTG"", ""nmos_width"": 1.8e-07, ""pmos_model"": ""PMOS_VTG"", ""pmos_width"": 2.7e-07}","[""VDD"", ""VSS"", ""A"", ""B"", ""Z""]","[""VDD"", ""VSS"", ""a_node"", ""b_node"", ""zb_node""]","[""VDD"", ""VSS"", ""TIME.and2_gated_clk_buf.a_node"", ""TIME.and2_gated_clk_buf.b_node"", ""TIME.and2_gated_clk_buf.zb_node""]",NEW_PRIMITIVE_REQUIRED,
64x8_read&write,TIME.and2_gated_clk_buf.PINV,TIME.and2_gated_clk_buf,AND2,PINV,f'PINV',229,{},,True,"{""length"": 5e-08, ""nmos_model"": ""NMOS_VTG"", ""nmos_width"": 5.4e-07, ""pmos_model"": ""PMOS_VTG"", ""pmos_width"": 1.62e-06}","[""VDD"", ""VSS"", ""A"", ""Z""]","[""VDD"", ""VSS"", ""zb_node"", ""z_node""]","[""VDD"", ""VSS"", ""TIME.and2_gated_clk_buf.zb_node"", ""TIME.and2_gated_clk_buf.z_node""]",APPROVED_LEAF_PRIMITIVE,PINV_NW90_PW270_L50
64x8_read&write,TIME.wl_en,TIME,TIME,wl_pdrive,'wl_en',643,{},,True,{},"[""VDD"", ""VSS"", ""A"", ""Z""]","[""VDD"", ""VSS"", ""gated_clk_bar"", ""wl_en""]","[""VDD"", ""VSS"", ""gated_clk_bar"", ""wl_en""]",COMPOSITE_INSTANCE,
64x8_read&write,TIME.wl_en.buf_inv1,TIME.wl_en,wl_pdrive,PINV,'buf_inv1',177,{},,True,"{""length"": 5e-08, ""nmos_model"": ""NMOS_VTG"", ""nmos_width"": 9e-08, ""num"": 1, ""pmos_model"": ""PMOS_VTG"", ""pmos_width"": 2.7e-07}","[""VDD"", ""VSS"", ""A"", ""Z""]","[""VDD"", ""VSS"", ""A"", ""zb1_node""]","[""VDD"", ""VSS"", ""gated_clk_bar"", ""TIME.wl_en.zb1_node""]",APPROVED_LEAF_PRIMITIVE,PINV_NW90_PW270_L50
64x8_read&write,TIME.wl_en.buf_inv2,TIME.wl_en,wl_pdrive,PINV,'buf_inv2',181,{},,True,"{""length"": 5e-08, ""nmos_model"": ""NMOS_VTG"", ""nmos_width"": 4.5e-07, ""num"": 2, ""pmos_model"": ""PMOS_VTG"", ""pmos_width"": 1.35e-06}","[""VDD"", ""VSS"", ""A"", ""Z""]","[""VDD"", ""VSS"", ""zb1_node"", ""Z""]","[""VDD"", ""VSS"", ""TIME.wl_en.zb1_node"", ""wl_en""]",APPROVED_LEAF_PRIMITIVE,PINV_NW450_PW1350_L50
64x8_read&write,TIME.inv_wl_en_bar,TIME,TIME,PINV,'inv_wl_en_bar',655,{},,True,"{""length"": 5e-08, ""nmos_model"": ""NMOS_VTG"", ""nmos_width"": 9e-08, ""num"": ""_wl_en_bar"", ""pmos_model"": ""PMOS_VTG"", ""pmos_width"": 2.7e-07}","[""VDD"", ""VSS"", ""A"", ""Z""]","[""VDD"", ""VSS"", ""wl_en"", ""wl_en_bar""]","[""VDD"", ""VSS"", ""wl_en"", ""TIME.wl_en_bar""]",APPROVED_LEAF_PRIMITIVE,PINV_NW90_PW270_L50
64x8_read&write,TIME.delaychain,TIME,TIME,delay_chain,'delaychain',662,{},,True,{},"[""VDD"", ""VSS"", ""in"", ""out""]","[""VDD"", ""VSS"", ""rbl"", ""rbl_delay""]","[""VDD"", ""VSS"", ""TIME.rbl"", ""TIME.rbl_delay""]",COMPOSITE_INSTANCE,
64x8_read&write,TIME.delaychain.dinv0,TIME.delaychain,delay_chain,PINV,'dinv0',333,{},,True,"{""length"": 5e-08, ""nmos_model"": ""NMOS_VTG"", ""nmos_width"": 9e-08, ""num"": 1, ""pmos_model"": ""PMOS_VTG"", ""pmos_width"": 2.7e-07}","[""VDD"", ""VSS"", ""A"", ""Z""]","[""VDD"", ""VSS"", ""in"", ""dout_1""]","[""VDD"", ""VSS"", ""TIME.rbl"", ""TIME.delaychain.dout_1""]",APPROVED_LEAF_PRIMITIVE,PINV_NW90_PW270_L50
64x8_read&write,TIME.delaychain.dload_0_0,TIME.delaychain,delay_chain,PINV,f'dload_0_{j}',337,"{""j"": 0}",,True,"{""length"": 5e-08, ""nmos_model"": ""NMOS_VTG"", ""nmos_width"": 9e-08, ""num"": 1, ""pmos_model"": ""PMOS_VTG"", ""pmos_width"": 2.7e-07}","[""VDD"", ""VSS"", ""A"", ""Z""]","[""VDD"", ""VSS"", ""dout_1"", ""n_0_0""]","[""VDD"", ""VSS"", ""TIME.delaychain.dout_1"", ""TIME.delaychain.n_0_0""]",APPROVED_LEAF_PRIMITIVE,PINV_NW90_PW270_L50
64x8_read&write,TIME.delaychain.dload_0_1,TIME.delaychain,delay_chain,PINV,f'dload_0_{j}',337,"{""j"": 1}",,True,"{""length"": 5e-08, ""nmos_model"": ""NMOS_VTG"", ""nmos_width"": 9e-08, ""num"": 1, ""pmos_model"": ""PMOS_VTG"", ""pmos_width"": 2.7e-07}","[""VDD"", ""VSS"", ""A"", ""Z""]","[""VDD"", ""VSS"", ""dout_1"", ""n_0_1""]","[""VDD"", ""VSS"", ""TIME.delaychain.dout_1"", ""TIME.delaychain.n_0_1""]",APPROVED_LEAF_PRIMITIVE,PINV_NW90_PW270_L50
64x8_read&write,TIME.delaychain.dload_0_2,TIME.delaychain,delay_chain,PINV,f'dload_0_{j}',337,"{""j"": 2}",,True,"{""length"": 5e-08, ""nmos_model"": ""NMOS_VTG"", ""nmos_width"": 9e-08, ""num"": 1, ""pmos_model"": ""PMOS_VTG"", ""pmos_width"": 2.7e-07}","[""VDD"", ""VSS"", ""A"", ""Z""]","[""VDD"", ""VSS"", ""dout_1"", ""n_0_2""]","[""VDD"", ""VSS"", ""TIME.delaychain.dout_1"", ""TIME.delaychain.n_0_2""]",APPROVED_LEAF_PRIMITIVE,PINV_NW90_PW270_L50
64x8_read&write,TIME.delaychain.dload_0_3,TIME.delaychain,delay_chain,PINV,f'dload_0_{j}',337,"{""j"": 3}",,True,"{""length"": 5e-08, ""nmos_model"": ""NMOS_VTG"", ""nmos_width"": 9e-08, ""num"": 1, ""pmos_model"": ""PMOS_VTG"", ""pmos_width"": 2.7e-07}","[""VDD"", ""VSS"", ""A"", ""Z""]","[""VDD"", ""VSS"", ""dout_1"", ""n_0_3""]","[""VDD"", ""VSS"", ""TIME.delaychain.dout_1"", ""TIME.delaychain.n_0_3""]",APPROVED_LEAF_PRIMITIVE,PINV_NW90_PW270_L50
64x8_read&write,TIME.delaychain.dinv1,TIME.delaychain,delay_chain,PINV,f'dinv{i}',343,"{""i"": 1}",,True,"{""length"": 5e-08, ""nmos_model"": ""NMOS_VTG"", ""nmos_width"": 9e-08, ""num"": 1, ""pmos_model"": ""PMOS_VTG"", ""pmos_width"": 2.7e-07}","[""VDD"", ""VSS"", ""A"", ""Z""]","[""VDD"", ""VSS"", ""dout_1"", ""dout_2""]","[""VDD"", ""VSS"", ""TIME.delaychain.dout_1"", ""TIME.delaychain.dout_2""]",APPROVED_LEAF_PRIMITIVE,PINV_NW90_PW270_L50
64x8_read&write,TIME.delaychain.dinv2,TIME.delaychain,delay_chain,PINV,f'dinv{i}',343,"{""i"": 2}",,True,"{""length"": 5e-08, ""nmos_model"": ""NMOS_VTG"", ""nmos_width"": 9e-08, ""num"": 1, ""pmos_model"": ""PMOS_VTG"", ""pmos_width"": 2.7e-07}","[""VDD"", ""VSS"", ""A"", ""Z""]","[""VDD"", ""VSS"", ""dout_2"", ""dout_3""]","[""VDD"", ""VSS"", ""TIME.delaychain.dout_2"", ""TIME.delaychain.dout_3""]",APPROVED_LEAF_PRIMITIVE,PINV_NW90_PW270_L50
64x8_read&write,TIME.delaychain.dinv3,TIME.delaychain,delay_chain,PINV,f'dinv{i}',343,"{""i"": 3}",,True,"{""length"": 5e-08, ""nmos_model"": ""NMOS_VTG"", ""nmos_width"": 9e-08, ""num"": 1, ""pmos_model"": ""PMOS_VTG"", ""pmos_width"": 2.7e-07}","[""VDD"", ""VSS"", ""A"", ""Z""]","[""VDD"", ""VSS"", ""dout_3"", ""dout_4""]","[""VDD"", ""VSS"", ""TIME.delaychain.dout_3"", ""TIME.delaychain.dout_4""]",APPROVED_LEAF_PRIMITIVE,PINV_NW90_PW270_L50
64x8_read&write,TIME.delaychain.dinv4,TIME.delaychain,delay_chain,PINV,f'dinv{i}',343,"{""i"": 4}",,True,"{""length"": 5e-08, ""nmos_model"": ""NMOS_VTG"", ""nmos_width"": 9e-08, ""num"": 1, ""pmos_model"": ""PMOS_VTG"", ""pmos_width"": 2.7e-07}","[""VDD"", ""VSS"", ""A"", ""Z""]","[""VDD"", ""VSS"", ""dout_4"", ""dout_5""]","[""VDD"", ""VSS"", ""TIME.delaychain.dout_4"", ""TIME.delaychain.dout_5""]",APPROVED_LEAF_PRIMITIVE,PINV_NW90_PW270_L50
64x8_read&write,TIME.delaychain.dinv5,TIME.delaychain,delay_chain,PINV,f'dinv{i}',343,"{""i"": 5}",,True,"{""length"": 5e-08, ""nmos_model"": ""NMOS_VTG"", ""nmos_width"": 9e-08, ""num"": 1, ""pmos_model"": ""PMOS_VTG"", ""pmos_width"": 2.7e-07}","[""VDD"", ""VSS"", ""A"", ""Z""]","[""VDD"", ""VSS"", ""dout_5"", ""dout_6""]","[""VDD"", ""VSS"", ""TIME.delaychain.dout_5"", ""TIME.delaychain.dout_6""]",APPROVED_LEAF_PRIMITIVE,PINV_NW90_PW270_L50
64x8_read&write,TIME.delaychain.dinv6,TIME.delaychain,delay_chain,PINV,f'dinv{i}',343,"{""i"": 6}",,True,"{""length"": 5e-08, ""nmos_model"": ""NMOS_VTG"", ""nmos_width"": 9e-08, ""num"": 1, ""pmos_model"": ""PMOS_VTG"", ""pmos_width"": 2.7e-07}","[""VDD"", ""VSS"", ""A"", ""Z""]","[""VDD"", ""VSS"", ""dout_6"", ""dout_7""]","[""VDD"", ""VSS"", ""TIME.delaychain.dout_6"", ""TIME.delaychain.dout_7""]",APPROVED_LEAF_PRIMITIVE,PINV_NW90_PW270_L50
64x8_read&write,TIME.delaychain.dinv7,TIME.delaychain,delay_chain,PINV,f'dinv{i}',343,"{""i"": 7}",,True,"{""length"": 5e-08, ""nmos_model"": ""NMOS_VTG"", ""nmos_width"": 9e-08, ""num"": 1, ""pmos_model"": ""PMOS_VTG"", ""pmos_width"": 2.7e-07}","[""VDD"", ""VSS"", ""A"", ""Z""]","[""VDD"", ""VSS"", ""dout_7"", ""dout_8""]","[""VDD"", ""VSS"", ""TIME.delaychain.dout_7"", ""TIME.delaychain.dout_8""]",APPROVED_LEAF_PRIMITIVE,PINV_NW90_PW270_L50
64x8_read&write,TIME.delaychain.dload_1_0,TIME.delaychain,delay_chain,PINV,f'dload_{i}_{j}',348,"{""i"": 1, ""j"": 0}",,True,"{""length"": 5e-08, ""nmos_model"": ""NMOS_VTG"", ""nmos_width"": 9e-08, ""num"": 1, ""pmos_model"": ""PMOS_VTG"", ""pmos_width"": 2.7e-07}","[""VDD"", ""VSS"", ""A"", ""Z""]","[""VDD"", ""VSS"", ""dout_2"", ""n_1_0""]","[""VDD"", ""VSS"", ""TIME.delaychain.dout_2"", ""TIME.delaychain.n_1_0""]",APPROVED_LEAF_PRIMITIVE,PINV_NW90_PW270_L50
64x8_read&write,TIME.delaychain.dload_1_1,TIME.delaychain,delay_chain,PINV,f'dload_{i}_{j}',348,"{""i"": 1, ""j"": 1}",,True,"{""length"": 5e-08, ""nmos_model"": ""NMOS_VTG"", ""nmos_width"": 9e-08, ""num"": 1, ""pmos_model"": ""PMOS_VTG"", ""pmos_width"": 2.7e-07}","[""VDD"", ""VSS"", ""A"", ""Z""]","[""VDD"", ""VSS"", ""dout_2"", ""n_1_1""]","[""VDD"", ""VSS"", ""TIME.delaychain.dout_2"", ""TIME.delaychain.n_1_1""]",APPROVED_LEAF_PRIMITIVE,PINV_NW90_PW270_L50
64x8_read&write,TIME.delaychain.dload_1_2,TIME.delaychain,delay_chain,PINV,f'dload_{i}_{j}',348,"{""i"": 1, ""j"": 2}",,True,"{""length"": 5e-08, ""nmos_model"": ""NMOS_VTG"", ""nmos_width"": 9e-08, ""num"": 1, ""pmos_model"": ""PMOS_VTG"", ""pmos_width"": 2.7e-07}","[""VDD"", ""VSS"", ""A"", ""Z""]","[""VDD"", ""VSS"", ""dout_2"", ""n_1_2""]","[""VDD"", ""VSS"", ""TIME.delaychain.dout_2"", ""TIME.delaychain.n_1_2""]",APPROVED_LEAF_PRIMITIVE,PINV_NW90_PW270_L50
64x8_read&write,TIME.delaychain.dload_1_3,TIME.delaychain,delay_chain,PINV,f'dload_{i}_{j}',348,"{""i"": 1, ""j"": 3}",,True,"{""length"": 5e-08, ""nmos_model"": ""NMOS_VTG"", ""nmos_width"": 9e-08, ""num"": 1, ""pmos_model"": ""PMOS_VTG"", ""pmos_width"": 2.7e-07}","[""VDD"", ""VSS"", ""A"", ""Z""]","[""VDD"", ""VSS"", ""dout_2"", ""n_1_3""]","[""VDD"", ""VSS"", ""TIME.delaychain.dout_2"", ""TIME.delaychain.n_1_3""]",APPROVED_LEAF_PRIMITIVE,PINV_NW90_PW270_L50
64x8_read&write,TIME.delaychain.dload_2_0,TIME.delaychain,delay_chain,PINV,f'dload_{i}_{j}',348,"{""i"": 2, ""j"": 0}",,True,"{""length"": 5e-08, ""nmos_model"": ""NMOS_VTG"", ""nmos_width"": 9e-08, ""num"": 1, ""pmos_model"": ""PMOS_VTG"", ""pmos_width"": 2.7e-07}","[""VDD"", ""VSS"", ""A"", ""Z""]","[""VDD"", ""VSS"", ""dout_3"", ""n_2_0""]","[""VDD"", ""VSS"", ""TIME.delaychain.dout_3"", ""TIME.delaychain.n_2_0""]",APPROVED_LEAF_PRIMITIVE,PINV_NW90_PW270_L50
64x8_read&write,TIME.delaychain.dload_2_1,TIME.delaychain,delay_chain,PINV,f'dload_{i}_{j}',348,"{""i"": 2, ""j"": 1}",,True,"{""length"": 5e-08, ""nmos_model"": ""NMOS_VTG"", ""nmos_width"": 9e-08, ""num"": 1, ""pmos_model"": ""PMOS_VTG"", ""pmos_width"": 2.7e-07}","[""VDD"", ""VSS"", ""A"", ""Z""]","[""VDD"", ""VSS"", ""dout_3"", ""n_2_1""]","[""VDD"", ""VSS"", ""TIME.delaychain.dout_3"", ""TIME.delaychain.n_2_1""]",APPROVED_LEAF_PRIMITIVE,PINV_NW90_PW270_L50
64x8_read&write,TIME.delaychain.dload_2_2,TIME.delaychain,delay_chain,PINV,f'dload_{i}_{j}',348,"{""i"": 2, ""j"": 2}",,True,"{""length"": 5e-08, ""nmos_model"": ""NMOS_VTG"", ""nmos_width"": 9e-08, ""num"": 1, ""pmos_model"": ""PMOS_VTG"", ""pmos_width"": 2.7e-07}","[""VDD"", ""VSS"", ""A"", ""Z""]","[""VDD"", ""VSS"", ""dout_3"", ""n_2_2""]","[""VDD"", ""VSS"", ""TIME.delaychain.dout_3"", ""TIME.delaychain.n_2_2""]",APPROVED_LEAF_PRIMITIVE,PINV_NW90_PW270_L50
64x8_read&write,TIME.delaychain.dload_2_3,TIME.delaychain,delay_chain,PINV,f'dload_{i}_{j}',348,"{""i"": 2, ""j"": 3}",,True,"{""length"": 5e-08, ""nmos_model"": ""NMOS_VTG"", ""nmos_width"": 9e-08, ""num"": 1, ""pmos_model"": ""PMOS_VTG"", ""pmos_width"": 2.7e-07}","[""VDD"", ""VSS"", ""A"", ""Z""]","[""VDD"", ""VSS"", ""dout_3"", ""n_2_3""]","[""VDD"", ""VSS"", ""TIME.delaychain.dout_3"", ""TIME.delaychain.n_2_3""]",APPROVED_LEAF_PRIMITIVE,PINV_NW90_PW270_L50
64x8_read&write,TIME.delaychain.dload_3_0,TIME.delaychain,delay_chain,PINV,f'dload_{i}_{j}',348,"{""i"": 3, ""j"": 0}",,True,"{""length"": 5e-08, ""nmos_model"": ""NMOS_VTG"", ""nmos_width"": 9e-08, ""num"": 1, ""pmos_model"": ""PMOS_VTG"", ""pmos_width"": 2.7e-07}","[""VDD"", ""VSS"", ""A"", ""Z""]","[""VDD"", ""VSS"", ""dout_4"", ""n_3_0""]","[""VDD"", ""VSS"", ""TIME.delaychain.dout_4"", ""TIME.delaychain.n_3_0""]",APPROVED_LEAF_PRIMITIVE,PINV_NW90_PW270_L50
64x8_read&write,TIME.delaychain.dload_3_1,TIME.delaychain,delay_chain,PINV,f'dload_{i}_{j}',348,"{""i"": 3, ""j"": 1}",,True,"{""length"": 5e-08, ""nmos_model"": ""NMOS_VTG"", ""nmos_width"": 9e-08, ""num"": 1, ""pmos_model"": ""PMOS_VTG"", ""pmos_width"": 2.7e-07}","[""VDD"", ""VSS"", ""A"", ""Z""]","[""VDD"", ""VSS"", ""dout_4"", ""n_3_1""]","[""VDD"", ""VSS"", ""TIME.delaychain.dout_4"", ""TIME.delaychain.n_3_1""]",APPROVED_LEAF_PRIMITIVE,PINV_NW90_PW270_L50
64x8_read&write,TIME.delaychain.dload_3_2,TIME.delaychain,delay_chain,PINV,f'dload_{i}_{j}',348,"{""i"": 3, ""j"": 2}",,True,"{""length"": 5e-08, ""nmos_model"": ""NMOS_VTG"", ""nmos_width"": 9e-08, ""num"": 1, ""pmos_model"": ""PMOS_VTG"", ""pmos_width"": 2.7e-07}","[""VDD"", ""VSS"", ""A"", ""Z""]","[""VDD"", ""VSS"", ""dout_4"", ""n_3_2""]","[""VDD"", ""VSS"", ""TIME.delaychain.dout_4"", ""TIME.delaychain.n_3_2""]",APPROVED_LEAF_PRIMITIVE,PINV_NW90_PW270_L50
64x8_read&write,TIME.delaychain.dload_3_3,TIME.delaychain,delay_chain,PINV,f'dload_{i}_{j}',348,"{""i"": 3, ""j"": 3}",,True,"{""length"": 5e-08, ""nmos_model"": ""NMOS_VTG"", ""nmos_width"": 9e-08, ""num"": 1, ""pmos_model"": ""PMOS_VTG"", ""pmos_width"": 2.7e-07}","[""VDD"", ""VSS"", ""A"", ""Z""]","[""VDD"", ""VSS"", ""dout_4"", ""n_3_3""]","[""VDD"", ""VSS"", ""TIME.delaychain.dout_4"", ""TIME.delaychain.n_3_3""]",APPROVED_LEAF_PRIMITIVE,PINV_NW90_PW270_L50
64x8_read&write,TIME.delaychain.dload_4_0,TIME.delaychain,delay_chain,PINV,f'dload_{i}_{j}',348,"{""i"": 4, ""j"": 0}",,True,"{""length"": 5e-08, ""nmos_model"": ""NMOS_VTG"", ""nmos_width"": 9e-08, ""num"": 1, ""pmos_model"": ""PMOS_VTG"", ""pmos_width"": 2.7e-07}","[""VDD"", ""VSS"", ""A"", ""Z""]","[""VDD"", ""VSS"", ""dout_5"", ""n_4_0""]","[""VDD"", ""VSS"", ""TIME.delaychain.dout_5"", ""TIME.delaychain.n_4_0""]",APPROVED_LEAF_PRIMITIVE,PINV_NW90_PW270_L50
64x8_read&write,TIME.delaychain.dload_4_1,TIME.delaychain,delay_chain,PINV,f'dload_{i}_{j}',348,"{""i"": 4, ""j"": 1}",,True,"{""length"": 5e-08, ""nmos_model"": ""NMOS_VTG"", ""nmos_width"": 9e-08, ""num"": 1, ""pmos_model"": ""PMOS_VTG"", ""pmos_width"": 2.7e-07}","[""VDD"", ""VSS"", ""A"", ""Z""]","[""VDD"", ""VSS"", ""dout_5"", ""n_4_1""]","[""VDD"", ""VSS"", ""TIME.delaychain.dout_5"", ""TIME.delaychain.n_4_1""]",APPROVED_LEAF_PRIMITIVE,PINV_NW90_PW270_L50
64x8_read&write,TIME.delaychain.dload_4_2,TIME.delaychain,delay_chain,PINV,f'dload_{i}_{j}',348,"{""i"": 4, ""j"": 2}",,True,"{""length"": 5e-08, ""nmos_model"": ""NMOS_VTG"", ""nmos_width"": 9e-08, ""num"": 1, ""pmos_model"": ""PMOS_VTG"", ""pmos_width"": 2.7e-07}","[""VDD"", ""VSS"", ""A"", ""Z""]","[""VDD"", ""VSS"", ""dout_5"", ""n_4_2""]","[""VDD"", ""VSS"", ""TIME.delaychain.dout_5"", ""TIME.delaychain.n_4_2""]",APPROVED_LEAF_PRIMITIVE,PINV_NW90_PW270_L50
64x8_read&write,TIME.delaychain.dload_4_3,TIME.delaychain,delay_chain,PINV,f'dload_{i}_{j}',348,"{""i"": 4, ""j"": 3}",,True,"{""length"": 5e-08, ""nmos_model"": ""NMOS_VTG"", ""nmos_width"": 9e-08, ""num"": 1, ""pmos_model"": ""PMOS_VTG"", ""pmos_width"": 2.7e-07}","[""VDD"", ""VSS"", ""A"", ""Z""]","[""VDD"", ""VSS"", ""dout_5"", ""n_4_3""]","[""VDD"", ""VSS"", ""TIME.delaychain.dout_5"", ""TIME.delaychain.n_4_3""]",APPROVED_LEAF_PRIMITIVE,PINV_NW90_PW270_L50
64x8_read&write,TIME.delaychain.dload_5_0,TIME.delaychain,delay_chain,PINV,f'dload_{i}_{j}',348,"{""i"": 5, ""j"": 0}",,True,"{""length"": 5e-08, ""nmos_model"": ""NMOS_VTG"", ""nmos_width"": 9e-08, ""num"": 1, ""pmos_model"": ""PMOS_VTG"", ""pmos_width"": 2.7e-07}","[""VDD"", ""VSS"", ""A"", ""Z""]","[""VDD"", ""VSS"", ""dout_6"", ""n_5_0""]","[""VDD"", ""VSS"", ""TIME.delaychain.dout_6"", ""TIME.delaychain.n_5_0""]",APPROVED_LEAF_PRIMITIVE,PINV_NW90_PW270_L50
64x8_read&write,TIME.delaychain.dload_5_1,TIME.delaychain,delay_chain,PINV,f'dload_{i}_{j}',348,"{""i"": 5, ""j"": 1}",,True,"{""length"": 5e-08, ""nmos_model"": ""NMOS_VTG"", ""nmos_width"": 9e-08, ""num"": 1, ""pmos_model"": ""PMOS_VTG"", ""pmos_width"": 2.7e-07}","[""VDD"", ""VSS"", ""A"", ""Z""]","[""VDD"", ""VSS"", ""dout_6"", ""n_5_1""]","[""VDD"", ""VSS"", ""TIME.delaychain.dout_6"", ""TIME.delaychain.n_5_1""]",APPROVED_LEAF_PRIMITIVE,PINV_NW90_PW270_L50
64x8_read&write,TIME.delaychain.dload_5_2,TIME.delaychain,delay_chain,PINV,f'dload_{i}_{j}',348,"{""i"": 5, ""j"": 2}",,True,"{""length"": 5e-08, ""nmos_model"": ""NMOS_VTG"", ""nmos_width"": 9e-08, ""num"": 1, ""pmos_model"": ""PMOS_VTG"", ""pmos_width"": 2.7e-07}","[""VDD"", ""VSS"", ""A"", ""Z""]","[""VDD"", ""VSS"", ""dout_6"", ""n_5_2""]","[""VDD"", ""VSS"", ""TIME.delaychain.dout_6"", ""TIME.delaychain.n_5_2""]",APPROVED_LEAF_PRIMITIVE,PINV_NW90_PW270_L50
64x8_read&write,TIME.delaychain.dload_5_3,TIME.delaychain,delay_chain,PINV,f'dload_{i}_{j}',348,"{""i"": 5, ""j"": 3}",,True,"{""length"": 5e-08, ""nmos_model"": ""NMOS_VTG"", ""nmos_width"": 9e-08, ""num"": 1, ""pmos_model"": ""PMOS_VTG"", ""pmos_width"": 2.7e-07}","[""VDD"", ""VSS"", ""A"", ""Z""]","[""VDD"", ""VSS"", ""dout_6"", ""n_5_3""]","[""VDD"", ""VSS"", ""TIME.delaychain.dout_6"", ""TIME.delaychain.n_5_3""]",APPROVED_LEAF_PRIMITIVE,PINV_NW90_PW270_L50
64x8_read&write,TIME.delaychain.dload_6_0,TIME.delaychain,delay_chain,PINV,f'dload_{i}_{j}',348,"{""i"": 6, ""j"": 0}",,True,"{""length"": 5e-08, ""nmos_model"": ""NMOS_VTG"", ""nmos_width"": 9e-08, ""num"": 1, ""pmos_model"": ""PMOS_VTG"", ""pmos_width"": 2.7e-07}","[""VDD"", ""VSS"", ""A"", ""Z""]","[""VDD"", ""VSS"", ""dout_7"", ""n_6_0""]","[""VDD"", ""VSS"", ""TIME.delaychain.dout_7"", ""TIME.delaychain.n_6_0""]",APPROVED_LEAF_PRIMITIVE,PINV_NW90_PW270_L50
64x8_read&write,TIME.delaychain.dload_6_1,TIME.delaychain,delay_chain,PINV,f'dload_{i}_{j}',348,"{""i"": 6, ""j"": 1}",,True,"{""length"": 5e-08, ""nmos_model"": ""NMOS_VTG"", ""nmos_width"": 9e-08, ""num"": 1, ""pmos_model"": ""PMOS_VTG"", ""pmos_width"": 2.7e-07}","[""VDD"", ""VSS"", ""A"", ""Z""]","[""VDD"", ""VSS"", ""dout_7"", ""n_6_1""]","[""VDD"", ""VSS"", ""TIME.delaychain.dout_7"", ""TIME.delaychain.n_6_1""]",APPROVED_LEAF_PRIMITIVE,PINV_NW90_PW270_L50
64x8_read&write,TIME.delaychain.dload_6_2,TIME.delaychain,delay_chain,PINV,f'dload_{i}_{j}',348,"{""i"": 6, ""j"": 2}",,True,"{""length"": 5e-08, ""nmos_model"": ""NMOS_VTG"", ""nmos_width"": 9e-08, ""num"": 1, ""pmos_model"": ""PMOS_VTG"", ""pmos_width"": 2.7e-07}","[""VDD"", ""VSS"", ""A"", ""Z""]","[""VDD"", ""VSS"", ""dout_7"", ""n_6_2""]","[""VDD"", ""VSS"", ""TIME.delaychain.dout_7"", ""TIME.delaychain.n_6_2""]",APPROVED_LEAF_PRIMITIVE,PINV_NW90_PW270_L50
64x8_read&write,TIME.delaychain.dload_6_3,TIME.delaychain,delay_chain,PINV,f'dload_{i}_{j}',348,"{""i"": 6, ""j"": 3}",,True,"{""length"": 5e-08, ""nmos_model"": ""NMOS_VTG"", ""nmos_width"": 9e-08, ""num"": 1, ""pmos_model"": ""PMOS_VTG"", ""pmos_width"": 2.7e-07}","[""VDD"", ""VSS"", ""A"", ""Z""]","[""VDD"", ""VSS"", ""dout_7"", ""n_6_3""]","[""VDD"", ""VSS"", ""TIME.delaychain.dout_7"", ""TIME.delaychain.n_6_3""]",APPROVED_LEAF_PRIMITIVE,PINV_NW90_PW270_L50
64x8_read&write,TIME.delaychain.dload_7_0,TIME.delaychain,delay_chain,PINV,f'dload_{i}_{j}',348,"{""i"": 7, ""j"": 0}",,True,"{""length"": 5e-08, ""nmos_model"": ""NMOS_VTG"", ""nmos_width"": 9e-08, ""num"": 1, ""pmos_model"": ""PMOS_VTG"", ""pmos_width"": 2.7e-07}","[""VDD"", ""VSS"", ""A"", ""Z""]","[""VDD"", ""VSS"", ""dout_8"", ""n_7_0""]","[""VDD"", ""VSS"", ""TIME.delaychain.dout_8"", ""TIME.delaychain.n_7_0""]",APPROVED_LEAF_PRIMITIVE,PINV_NW90_PW270_L50
64x8_read&write,TIME.delaychain.dload_7_1,TIME.delaychain,delay_chain,PINV,f'dload_{i}_{j}',348,"{""i"": 7, ""j"": 1}",,True,"{""length"": 5e-08, ""nmos_model"": ""NMOS_VTG"", ""nmos_width"": 9e-08, ""num"": 1, ""pmos_model"": ""PMOS_VTG"", ""pmos_width"": 2.7e-07}","[""VDD"", ""VSS"", ""A"", ""Z""]","[""VDD"", ""VSS"", ""dout_8"", ""n_7_1""]","[""VDD"", ""VSS"", ""TIME.delaychain.dout_8"", ""TIME.delaychain.n_7_1""]",APPROVED_LEAF_PRIMITIVE,PINV_NW90_PW270_L50
64x8_read&write,TIME.delaychain.dload_7_2,TIME.delaychain,delay_chain,PINV,f'dload_{i}_{j}',348,"{""i"": 7, ""j"": 2}",,True,"{""length"": 5e-08, ""nmos_model"": ""NMOS_VTG"", ""nmos_width"": 9e-08, ""num"": 1, ""pmos_model"": ""PMOS_VTG"", ""pmos_width"": 2.7e-07}","[""VDD"", ""VSS"", ""A"", ""Z""]","[""VDD"", ""VSS"", ""dout_8"", ""n_7_2""]","[""VDD"", ""VSS"", ""TIME.delaychain.dout_8"", ""TIME.delaychain.n_7_2""]",APPROVED_LEAF_PRIMITIVE,PINV_NW90_PW270_L50
64x8_read&write,TIME.delaychain.dload_7_3,TIME.delaychain,delay_chain,PINV,f'dload_{i}_{j}',348,"{""i"": 7, ""j"": 3}",,True,"{""length"": 5e-08, ""nmos_model"": ""NMOS_VTG"", ""nmos_width"": 9e-08, ""num"": 1, ""pmos_model"": ""PMOS_VTG"", ""pmos_width"": 2.7e-07}","[""VDD"", ""VSS"", ""A"", ""Z""]","[""VDD"", ""VSS"", ""dout_8"", ""n_7_3""]","[""VDD"", ""VSS"", ""TIME.delaychain.dout_8"", ""TIME.delaychain.n_7_3""]",APPROVED_LEAF_PRIMITIVE,PINV_NW90_PW270_L50
64x8_read&write,TIME.delaychain.dinv8,TIME.delaychain,delay_chain,PINV,'dinv8',352,{},,True,"{""length"": 5e-08, ""nmos_model"": ""NMOS_VTG"", ""nmos_width"": 9e-08, ""num"": 1, ""pmos_model"": ""PMOS_VTG"", ""pmos_width"": 2.7e-07}","[""VDD"", ""VSS"", ""A"", ""Z""]","[""VDD"", ""VSS"", ""dout_8"", ""out""]","[""VDD"", ""VSS"", ""TIME.delaychain.dout_8"", ""TIME.rbl_delay""]",APPROVED_LEAF_PRIMITIVE,PINV_NW90_PW270_L50
64x8_read&write,TIME.delaychain.dload_8_0,TIME.delaychain,delay_chain,PINV,f'dload_8_{j}',356,"{""j"": 0}",,True,"{""length"": 5e-08, ""nmos_model"": ""NMOS_VTG"", ""nmos_width"": 9e-08, ""num"": 1, ""pmos_model"": ""PMOS_VTG"", ""pmos_width"": 2.7e-07}","[""VDD"", ""VSS"", ""A"", ""Z""]","[""VDD"", ""VSS"", ""out"", ""n_8_0""]","[""VDD"", ""VSS"", ""TIME.rbl_delay"", ""TIME.delaychain.n_8_0""]",APPROVED_LEAF_PRIMITIVE,PINV_NW90_PW270_L50
64x8_read&write,TIME.delaychain.dload_8_1,TIME.delaychain,delay_chain,PINV,f'dload_8_{j}',356,"{""j"": 1}",,True,"{""length"": 5e-08, ""nmos_model"": ""NMOS_VTG"", ""nmos_width"": 9e-08, ""num"": 1, ""pmos_model"": ""PMOS_VTG"", ""pmos_width"": 2.7e-07}","[""VDD"", ""VSS"", ""A"", ""Z""]","[""VDD"", ""VSS"", ""out"", ""n_8_1""]","[""VDD"", ""VSS"", ""TIME.rbl_delay"", ""TIME.delaychain.n_8_1""]",APPROVED_LEAF_PRIMITIVE,PINV_NW90_PW270_L50
64x8_read&write,TIME.delaychain.dload_8_2,TIME.delaychain,delay_chain,PINV,f'dload_8_{j}',356,"{""j"": 2}",,True,"{""length"": 5e-08, ""nmos_model"": ""NMOS_VTG"", ""nmos_width"": 9e-08, ""num"": 1, ""pmos_model"": ""PMOS_VTG"", ""pmos_width"": 2.7e-07}","[""VDD"", ""VSS"", ""A"", ""Z""]","[""VDD"", ""VSS"", ""out"", ""n_8_2""]","[""VDD"", ""VSS"", ""TIME.rbl_delay"", ""TIME.delaychain.n_8_2""]",APPROVED_LEAF_PRIMITIVE,PINV_NW90_PW270_L50
64x8_read&write,TIME.delaychain.dload_8_3,TIME.delaychain,delay_chain,PINV,f'dload_8_{j}',356,"{""j"": 3}",,True,"{""length"": 5e-08, ""nmos_model"": ""NMOS_VTG"", ""nmos_width"": 9e-08, ""num"": 1, ""pmos_model"": ""PMOS_VTG"", ""pmos_width"": 2.7e-07}","[""VDD"", ""VSS"", ""A"", ""Z""]","[""VDD"", ""VSS"", ""out"", ""n_8_3""]","[""VDD"", ""VSS"", ""TIME.rbl_delay"", ""TIME.delaychain.n_8_3""]",APPROVED_LEAF_PRIMITIVE,PINV_NW90_PW270_L50
64x8_read&write,TIME.inv_rbl_delay_bar,TIME,TIME,PINV,'inv_rbl_delay_bar',674,{},,True,"{""length"": 5e-08, ""nmos_model"": ""NMOS_VTG"", ""nmos_width"": 9e-08, ""pmos_model"": ""PMOS_VTG"", ""pmos_width"": 2.7e-07}","[""VDD"", ""VSS"", ""A"", ""Z""]","[""VDD"", ""VSS"", ""rbl_delay"", ""rbl_delay_bar""]","[""VDD"", ""VSS"", ""TIME.rbl_delay"", ""TIME.rbl_delay_bar""]",APPROVED_LEAF_PRIMITIVE,PINV_NW90_PW270_L50
64x8_read&write,TIME.wen_delaychain,TIME,TIME,wen_delay_chain,'wen_delaychain',683,{},operation == 'write' and self.num_rows == 16 and (self.num_cols == 512),False,"{""loads_per_stage"": 4, ""stages"": 6, ""w_rc"": false}","[""VDD"", ""VSS"", ""in"", ""out""]","[""VDD"", ""VSS"", ""rbl_delay_bar"", ""rbl_delay_bar_wen""]","[""VDD"", ""VSS"", ""TIME.rbl_delay_bar"", ""TIME.rbl_delay_bar_wen""]",INACTIVE_BRANCH,
64x8_read&write,TIME.w_en,TIME,TIME,AND3,'w_en',702,{},,True,"{""inv_nmos_width"": 3.6e-07, ""inv_pmos_width"": 1.08e-06, ""length"": 5e-08, ""nand_nmos_width"": 1.8e-07, ""nand_pmos_width"": 2.7e-07, ""nmos_model_inv"": ""NMOS_VTG"", ""nmos_model_nand"": ""NMOS_VTG"", ""pmos_model_inv"": ""PMOS_VTG"", ""pmos_model_nand"": ""PMOS_VTG"", ""w_rc"": false}","[""VDD"", ""VSS"", ""A"", ""B"", ""C"", ""Z""]","[""VDD"", ""VSS"", ""w_en_rbl_input"", ""gated_clk_bar"", ""we"", ""w_en""]","[""VDD"", ""VSS"", ""TIME.w_en_rbl_input"", ""gated_clk_bar"", ""we"", ""TIME.w_en""]",COMPOSITE_INSTANCE,
64x8_read&write,TIME.w_en.PNAND3,TIME.w_en,AND3,PNAND3,'PNAND3',287,{},,True,"{""length"": 5e-08, ""nmos_model"": ""NMOS_VTG"", ""nmos_width"": 1.8e-07, ""pmos_model"": ""PMOS_VTG"", ""pmos_width"": 2.7e-07}","[""VDD"", ""VSS"", ""A"", ""B"", ""C"", ""Z""]","[""VDD"", ""VSS"", ""A"", ""B"", ""C"", ""zb_int""]","[""VDD"", ""VSS"", ""TIME.w_en_rbl_input"", ""gated_clk_bar"", ""we"", ""TIME.w_en.zb_int""]",NEW_PRIMITIVE_REQUIRED,
64x8_read&write,TIME.w_en.PINV,TIME.w_en,AND3,PINV,'PINV',289,{},,True,"{""length"": 5e-08, ""nmos_model"": ""NMOS_VTG"", ""nmos_width"": 3.6e-07, ""pmos_model"": ""PMOS_VTG"", ""pmos_width"": 1.08e-06}","[""VDD"", ""VSS"", ""A"", ""Z""]","[""VDD"", ""VSS"", ""zb_int"", ""Z""]","[""VDD"", ""VSS"", ""TIME.w_en.zb_int"", ""TIME.w_en""]",APPROVED_LEAF_PRIMITIVE,PINV_NW90_PW270_L50
64x8_read&write,TIME.s_en,TIME,TIME,AND3,'s_en',718,{},,True,"{""inv_nmos_width"": 3.6e-07, ""inv_pmos_width"": 1.08e-06, ""length"": 5e-08, ""nand_nmos_width"": 1.8e-07, ""nand_pmos_width"": 2.7e-07, ""nmos_model_inv"": ""NMOS_VTG"", ""nmos_model_nand"": ""NMOS_VTG"", ""pmos_model_inv"": ""PMOS_VTG"", ""pmos_model_nand"": ""PMOS_VTG"", ""w_rc"": false}","[""VDD"", ""VSS"", ""A"", ""B"", ""C"", ""Z""]","[""VDD"", ""VSS"", ""rbl_delay"", ""gated_clk_bar"", ""we_bar"", ""s_en""]","[""VDD"", ""VSS"", ""TIME.rbl_delay"", ""gated_clk_bar"", ""we_bar"", ""TIME.s_en""]",COMPOSITE_INSTANCE,
64x8_read&write,TIME.s_en.PNAND3,TIME.s_en,AND3,PNAND3,'PNAND3',287,{},,True,"{""length"": 5e-08, ""nmos_model"": ""NMOS_VTG"", ""nmos_width"": 1.8e-07, ""pmos_model"": ""PMOS_VTG"", ""pmos_width"": 2.7e-07}","[""VDD"", ""VSS"", ""A"", ""B"", ""C"", ""Z""]","[""VDD"", ""VSS"", ""A"", ""B"", ""C"", ""zb_int""]","[""VDD"", ""VSS"", ""TIME.rbl_delay"", ""gated_clk_bar"", ""we_bar"", ""TIME.s_en.zb_int""]",NEW_PRIMITIVE_REQUIRED,
64x8_read&write,TIME.s_en.PINV,TIME.s_en,AND3,PINV,'PINV',289,{},,True,"{""length"": 5e-08, ""nmos_model"": ""NMOS_VTG"", ""nmos_width"": 3.6e-07, ""pmos_model"": ""PMOS_VTG"", ""pmos_width"": 1.08e-06}","[""VDD"", ""VSS"", ""A"", ""Z""]","[""VDD"", ""VSS"", ""zb_int"", ""Z""]","[""VDD"", ""VSS"", ""TIME.s_en.zb_int"", ""TIME.s_en""]",APPROVED_LEAF_PRIMITIVE,PINV_NW90_PW270_L50
64x8_read&write,TIME.pre_unbuf,TIME,TIME,PNAND3,'pre_unbuf',743,{},,True,"{""length"": 5e-08, ""nmos_model"": ""NMOS_VTG"", ""nmos_width"": 2.7e-07, ""pmos_model"": ""PMOS_VTG"", ""pmos_width"": 2.7e-07, ""w_rc"": false}","[""VDD"", ""VSS"", ""A"", ""B"", ""C"", ""Z""]","[""VDD"", ""VSS"", ""gated_clk_buf"", ""rbl_delay"", ""wl_en_bar"", ""PRE_UNBUF""]","[""VDD"", ""VSS"", ""gated_clk_buf"", ""TIME.rbl_delay"", ""TIME.wl_en_bar"", ""TIME.PRE_UNBUF""]",NEW_PRIMITIVE_REQUIRED,
64x8_read&write,TIME.pre,TIME,TIME,pdrive2_for_pre,'pre',754,{},,True,"{""drive_scale"": 1}","[""VDD"", ""VSS"", ""A"", ""Z""]","[""VDD"", ""VSS"", ""PRE_UNBUF"", ""PRE""]","[""VDD"", ""VSS"", ""TIME.PRE_UNBUF"", ""TIME.PRE""]",COMPOSITE_INSTANCE,
64x8_read&write,TIME.pre.buf_inv1,TIME.pre,pdrive2_for_pre,PINV,'buf_inv1',138,{},,True,"{""length"": 5e-08, ""nmos_model"": ""NMOS_VTG"", ""nmos_width"": 9e-08, ""num"": 1, ""pmos_model"": ""PMOS_VTG"", ""pmos_width"": 2.7e-07}","[""VDD"", ""VSS"", ""A"", ""Z""]","[""VDD"", ""VSS"", ""A"", ""zb1_node""]","[""VDD"", ""VSS"", ""TIME.PRE_UNBUF"", ""TIME.pre.zb1_node""]",APPROVED_LEAF_PRIMITIVE,PINV_NW90_PW270_L50
64x8_read&write,TIME.pre.buf_inv2,TIME.pre,pdrive2_for_pre,PINV,'buf_inv2',142,{},,True,"{""length"": 5e-08, ""nmos_model"": ""NMOS_VTG"", ""nmos_width"": 2.7e-07, ""num"": 2, ""pmos_model"": ""PMOS_VTG"", ""pmos_width"": 8.1e-07}","[""VDD"", ""VSS"", ""A"", ""Z""]","[""VDD"", ""VSS"", ""zb1_node"", ""Z""]","[""VDD"", ""VSS"", ""TIME.pre.zb1_node"", ""TIME.PRE""]",APPROVED_LEAF_PRIMITIVE,PINV_NW270_PW810_L50
