scan_root,relative_path,exists,path_kind,asset_hits,stage_tags,is_required_input,evidence_strength,summary
sram_layoutgen,sram_layoutgen/__init__.py,True,file,,,False,CONTEXT,Scanned file under sram_layoutgen.
sram_layoutgen,sram_layoutgen/__main__.py,True,file,,,False,CONTEXT,Scanned file under sram_layoutgen.
sram_layoutgen,sram_layoutgen/brick_library.py,True,file,,,False,CONTEXT,Scanned file under sram_layoutgen.
sram_layoutgen,sram_layoutgen/gds_util.py,True,file,,,False,CONTEXT,Scanned file under sram_layoutgen.
sram_layoutgen,sram_layoutgen/gds_writer.py,True,file,,,False,CONTEXT,Scanned file under sram_layoutgen.
sram_layoutgen,sram_layoutgen/geometry.py,True,file,,,False,CONTEXT,Scanned file under sram_layoutgen.
sram_layoutgen,sram_layoutgen/lef_writer.py,True,file,,,False,CONTEXT,Scanned file under sram_layoutgen.
sram_layoutgen,sram_layoutgen/netlist_writer.py,True,file,,,False,CONTEXT,Scanned file under sram_layoutgen.
sram_layoutgen,sram_layoutgen/occupancy.py,True,file,,,False,CONTEXT,Scanned file under sram_layoutgen.
sram_layoutgen,sram_layoutgen/openram_placement.py,True,file,PLACEMENT_RULES,,False,DIRECT,Scanned file under sram_layoutgen.
sram_layoutgen,sram_layoutgen/openyield_adapter/M10_harden_raw_openyield_trace.py,True,file,VERIFICATION_AND_TRACE,M10_harden_raw_openyield_trace.py,False,DIRECT,Scanned file under sram_layoutgen.
sram_layoutgen,sram_layoutgen/openyield_adapter/M11_openyield_config_variation.py,True,file,SRAM_CONFIGURATION,M11_openyield_config_variation.py,False,DIRECT,Scanned file under sram_layoutgen.
sram_layoutgen,sram_layoutgen/openyield_adapter/M12_ten_asset_audit.py,True,file,,M12_ten_asset_audit.py,False,CONTEXT,Scanned file under sram_layoutgen.
sram_layoutgen,sram_layoutgen/openyield_adapter/M2R_full_sram_regeneration.py,True,file,,M2R_full_sram_regeneration.py,False,CONTEXT,Scanned file under sram_layoutgen.
sram_layoutgen,sram_layoutgen/openyield_adapter/M2_layoutgen_full_trial.py,True,file,,M2_layoutgen_full_trial.py,False,CONTEXT,Scanned file under sram_layoutgen.
sram_layoutgen,sram_layoutgen/openyield_adapter/M3F_optimized_layoutgen_restore.py,True,file,,M3F_optimized_layoutgen_restore.py,False,CONTEXT,Scanned file under sram_layoutgen.
sram_layoutgen,sram_layoutgen/openyield_adapter/M3R_openyield_semantic_bound.py,True,file,NETLIST_SEMANTICS,M3R_openyield_semantic_bound.py,False,DIRECT,Scanned file under sram_layoutgen.
sram_layoutgen,sram_layoutgen/openyield_adapter/M4E_openyield_integration_feasibility.py,True,file,,M4E_openyield_integration_feasibility.py,False,CONTEXT,Scanned file under sram_layoutgen.
sram_layoutgen,sram_layoutgen/openyield_adapter/M5_openyield_layoutgen_integration.py,True,file,,M5_openyield_layoutgen_integration.py,False,CONTEXT,Scanned file under sram_layoutgen.
sram_layoutgen,sram_layoutgen/openyield_adapter/M6R_reference_locked_reproduce.py,True,file,,M6R_reference_locked_reproduce.py,False,CONTEXT,Scanned file under sram_layoutgen.
sram_layoutgen,sram_layoutgen/openyield_adapter/M6_layoutgen_spec_reproduce.py,True,file,,M6_layoutgen_spec_reproduce.py,False,CONTEXT,Scanned file under sram_layoutgen.
sram_layoutgen,sram_layoutgen/openyield_adapter/M7C_golden_reference_confirmation.py,True,file,GDS_GENERATION_FLOW,M7C_golden_reference_confirmation.py,False,DIRECT,Scanned file under sram_layoutgen.
sram_layoutgen,sram_layoutgen/openyield_adapter/M7_correct_golden_reference.py,True,file,GDS_GENERATION_FLOW,M7_correct_golden_reference.py,False,DIRECT,Scanned file under sram_layoutgen.
sram_layoutgen,sram_layoutgen/openyield_adapter/M8R_fix_golden_geometry_delta.py,True,file,,M8R_fix_golden_geometry_delta.py,False,CONTEXT,Scanned file under sram_layoutgen.
sram_layoutgen,sram_layoutgen/openyield_adapter/M8_reproduce_uploaded_golden.py,True,file,,M8_reproduce_uploaded_golden.py,False,CONTEXT,Scanned file under sram_layoutgen.
sram_layoutgen,sram_layoutgen/openyield_adapter/M9_openyield_netlist_to_layout_translator.py,True,file,,M9_openyield_netlist_to_layout_translator.py,False,CONTEXT,Scanned file under sram_layoutgen.
sram_layoutgen,sram_layoutgen/openyield_adapter/M9_openyield_netlist_translator.py,True,file,,M9_openyield_netlist_translator.py,False,CONTEXT,Scanned file under sram_layoutgen.
sram_layoutgen,sram_layoutgen/openyield_adapter/T1_openyield_file_inventory.py,True,file,,,False,CONTEXT,Scanned file under sram_layoutgen.
sram_layoutgen,sram_layoutgen/openyield_adapter/__init__.py,True,file,,,False,CONTEXT,Scanned file under sram_layoutgen.
sram_layoutgen,sram_layoutgen/openyield_adapter/access_aligned_placement.py,True,file,PLACEMENT_RULES,,False,DIRECT,Scanned file under sram_layoutgen.
sram_layoutgen,sram_layoutgen/openyield_adapter/aggregation.py,True,file,,,False,CONTEXT,Scanned file under sram_layoutgen.
sram_layoutgen,sram_layoutgen/openyield_adapter/architecture_adapter.py,True,file,,,False,CONTEXT,Scanned file under sram_layoutgen.
sram_layoutgen,sram_layoutgen/openyield_adapter/array_aggregation.py,True,file,,,False,CONTEXT,Scanned file under sram_layoutgen.
sram_layoutgen,sram_layoutgen/openyield_adapter/candidate_spice_generation.py,True,file,,,False,CONTEXT,Scanned file under sram_layoutgen.
sram_layoutgen,sram_layoutgen/openyield_adapter/candidate_spice_syntax_check.py,True,file,,,False,CONTEXT,Scanned file under sram_layoutgen.
sram_layoutgen,sram_layoutgen/openyield_adapter/canonical_names.py,True,file,,,False,CONTEXT,Scanned file under sram_layoutgen.
sram_layoutgen,sram_layoutgen/openyield_adapter/cell_rail_overlap_eligibility.py,True,file,POWER_PLAN,,False,DIRECT,Scanned file under sram_layoutgen.
sram_layoutgen,sram_layoutgen/openyield_adapter/columnmux_adapter.py,True,file,,,False,CONTEXT,Scanned file under sram_layoutgen.
sram_layoutgen,sram_layoutgen/openyield_adapter/columnmux_placement.py,True,file,PLACEMENT_RULES,,False,DIRECT,Scanned file under sram_layoutgen.
sram_layoutgen,sram_layoutgen/openyield_adapter/complete_floorplan_reconstruction.py,True,file,FLOORPLAN_RULES,,False,DIRECT,Scanned file under sram_layoutgen.
sram_layoutgen,sram_layoutgen/openyield_adapter/complete_floorplanner.py,True,file,FLOORPLAN_RULES,,False,DIRECT,Scanned file under sram_layoutgen.
sram_layoutgen,sram_layoutgen/openyield_adapter/complete_gds_gap_audit.py,True,file,,,False,CONTEXT,Scanned file under sram_layoutgen.
sram_layoutgen,sram_layoutgen/openyield_adapter/complete_power_network.py,True,file,POWER_PLAN,,False,DIRECT,Scanned file under sram_layoutgen.
sram_layoutgen,sram_layoutgen/openyield_adapter/complete_signal_routing.py,True,file,ROUTING_RULES,,False,DIRECT,Scanned file under sram_layoutgen.
sram_layoutgen,sram_layoutgen/openyield_adapter/complete_sram_final_validation.py,True,file,,,False,CONTEXT,Scanned file under sram_layoutgen.
sram_layoutgen,sram_layoutgen/openyield_adapter/contracts.py,True,file,,,False,CONTEXT,Scanned file under sram_layoutgen.
sram_layoutgen,sram_layoutgen/openyield_adapter/control_anchor_binding.py,True,file,,,False,CONTEXT,Scanned file under sram_layoutgen.
sram_layoutgen,sram_layoutgen/openyield_adapter/control_channel_budget.py,True,file,,,False,CONTEXT,Scanned file under sram_layoutgen.
sram_layoutgen,sram_layoutgen/openyield_adapter/control_decomposition.py,True,file,,,False,CONTEXT,Scanned file under sram_layoutgen.
sram_layoutgen,sram_layoutgen/openyield_adapter/control_geometry_windows.py,True,file,,,False,CONTEXT,Scanned file under sram_layoutgen.
sram_layoutgen,sram_layoutgen/openyield_adapter/control_parent_reservation.py,True,file,,,False,CONTEXT,Scanned file under sram_layoutgen.
sram_layoutgen,sram_layoutgen/openyield_adapter/control_path_candidate_generation.py,True,file,,,False,CONTEXT,Scanned file under sram_layoutgen.
sram_layoutgen,sram_layoutgen/openyield_adapter/control_row_feasibility.py,True,file,,,False,CONTEXT,Scanned file under sram_layoutgen.
sram_layoutgen,sram_layoutgen/openyield_adapter/control_row_floorplan.py,True,file,FLOORPLAN_RULES,,False,DIRECT,Scanned file under sram_layoutgen.
sram_layoutgen,sram_layoutgen/openyield_adapter/control_target_envelopes.py,True,file,,,False,CONTEXT,Scanned file under sram_layoutgen.
sram_layoutgen,sram_layoutgen/openyield_adapter/decoder_channel_requirement.py,True,file,,,False,CONTEXT,Scanned file under sram_layoutgen.
sram_layoutgen,sram_layoutgen/openyield_adapter/decoder_composite_leaf_conventions.py,True,file,,,False,CONTEXT,Scanned file under sram_layoutgen.
sram_layoutgen,sram_layoutgen/openyield_adapter/decoder_generated_block_plan.py,True,file,,,False,CONTEXT,Scanned file under sram_layoutgen.
sram_layoutgen,sram_layoutgen/openyield_adapter/decoder_handoff_relief.py,True,file,,,False,CONTEXT,Scanned file under sram_layoutgen.
sram_layoutgen,sram_layoutgen/openyield_adapter/decoder_logic_repair_options.py,True,file,,,False,CONTEXT,Scanned file under sram_layoutgen.
sram_layoutgen,sram_layoutgen/openyield_adapter/decoder_metadata_closure.py,True,file,,,False,CONTEXT,Scanned file under sram_layoutgen.
sram_layoutgen,sram_layoutgen/openyield_adapter/decoder_output_contracts.py,True,file,,,False,CONTEXT,Scanned file under sram_layoutgen.
sram_layoutgen,sram_layoutgen/openyield_adapter/decoder_output_handoff_budget.py,True,file,,,False,CONTEXT,Scanned file under sram_layoutgen.
sram_layoutgen,sram_layoutgen/openyield_adapter/decoder_preplacement_feasibility.py,True,file,PLACEMENT_RULES,,False,DIRECT,Scanned file under sram_layoutgen.
sram_layoutgen,sram_layoutgen/openyield_adapter/decoder_row_rules.py,True,file,,,False,CONTEXT,Scanned file under sram_layoutgen.
sram_layoutgen,sram_layoutgen/openyield_adapter/decoder_stage_candidates.py,True,file,,,False,CONTEXT,Scanned file under sram_layoutgen.
sram_layoutgen,sram_layoutgen/openyield_adapter/decoder_stage_templates.py,True,file,,,False,CONTEXT,Scanned file under sram_layoutgen.
sram_layoutgen,sram_layoutgen/openyield_adapter/decoder_truth_table_binding.py,True,file,,,False,CONTEXT,Scanned file under sram_layoutgen.
sram_layoutgen,sram_layoutgen/openyield_adapter/delay_chain_measurement_refinement.py,True,file,,,False,CONTEXT,Scanned file under sram_layoutgen.
sram_layoutgen,sram_layoutgen/openyield_adapter/delay_chain_pvt_corner_smoke.py,True,file,,,False,CONTEXT,Scanned file under sram_layoutgen.
sram_layoutgen,sram_layoutgen/openyield_adapter/delay_chain_testbench_plan.py,True,file,,,False,CONTEXT,Scanned file under sram_layoutgen.
sram_layoutgen,sram_layoutgen/openyield_adapter/delay_chain_timing_metadata.py,True,file,,,False,CONTEXT,Scanned file under sram_layoutgen.
sram_layoutgen,sram_layoutgen/openyield_adapter/delay_chain_transient_smoke.py,True,file,,,False,CONTEXT,Scanned file under sram_layoutgen.
sram_layoutgen,sram_layoutgen/openyield_adapter/dff_array_adapter.py,True,file,,,False,CONTEXT,Scanned file under sram_layoutgen.
sram_layoutgen,sram_layoutgen/openyield_adapter/dff_array_placement.py,True,file,PLACEMENT_RULES,,False,DIRECT,Scanned file under sram_layoutgen.
sram_layoutgen,sram_layoutgen/openyield_adapter/drc_marker_triage.py,True,file,,,False,CONTEXT,Scanned file under sram_layoutgen.
sram_layoutgen,sram_layoutgen/openyield_adapter/final_delivery_packager.py,True,file,,,False,CONTEXT,Scanned file under sram_layoutgen.
sram_layoutgen,sram_layoutgen/openyield_adapter/final_drc_lvs_runner.py,True,file,,,False,CONTEXT,Scanned file under sram_layoutgen.
sram_layoutgen,sram_layoutgen/openyield_adapter/final_gds_validator.py,True,file,,,False,CONTEXT,Scanned file under sram_layoutgen.
sram_layoutgen,sram_layoutgen/openyield_adapter/final_handoff.py,True,file,,,False,CONTEXT,Scanned file under sram_layoutgen.
sram_layoutgen,sram_layoutgen/openyield_adapter/final_repair_planning.py,True,file,,,False,CONTEXT,Scanned file under sram_layoutgen.
sram_layoutgen,sram_layoutgen/openyield_adapter/final_validation_handoff.py,True,file,,,False,CONTEXT,Scanned file under sram_layoutgen.
sram_layoutgen,sram_layoutgen/openyield_adapter/floorplan_reference_reuse.py,True,file,FLOORPLAN_RULES,,False,DIRECT,Scanned file under sram_layoutgen.
sram_layoutgen,sram_layoutgen/openyield_adapter/four_load_inverter_stage_model.py,True,file,,,False,CONTEXT,Scanned file under sram_layoutgen.
sram_layoutgen,sram_layoutgen/openyield_adapter/gate_row_packer.py,True,file,,,False,CONTEXT,Scanned file under sram_layoutgen.
sram_layoutgen,sram_layoutgen/openyield_adapter/gds_hierarchy_export.py,True,file,,,False,CONTEXT,Scanned file under sram_layoutgen.
sram_layoutgen,sram_layoutgen/openyield_adapter/gds_pin_audit.py,True,file,,,False,CONTEXT,Scanned file under sram_layoutgen.
sram_layoutgen,sram_layoutgen/openyield_adapter/gds_row_abutment_audit.py,True,file,PLACEMENT_RULES,,False,DIRECT,Scanned file under sram_layoutgen.
sram_layoutgen,sram_layoutgen/openyield_adapter/gen_delay_inv_netlist_recovery.py,True,file,,,False,CONTEXT,Scanned file under sram_layoutgen.
sram_layoutgen,sram_layoutgen/openyield_adapter/generated_logic_model_recovery.py,True,file,,,False,CONTEXT,Scanned file under sram_layoutgen.
sram_layoutgen,sram_layoutgen/openyield_adapter/generator_architecture.py,True,file,,,False,CONTEXT,Scanned file under sram_layoutgen.
sram_layoutgen,sram_layoutgen/openyield_adapter/geometry_bitline_router.py,True,file,ROUTING_RULES,,False,DIRECT,Scanned file under sram_layoutgen.
sram_layoutgen,sram_layoutgen/openyield_adapter/geometry_control_router.py,True,file,,,False,CONTEXT,Scanned file under sram_layoutgen.
sram_layoutgen,sram_layoutgen/openyield_adapter/geometry_power_planner.py,True,file,POWER_PLAN,,False,DIRECT,Scanned file under sram_layoutgen.
sram_layoutgen,sram_layoutgen/openyield_adapter/geometry_top_io_router.py,True,file,,,False,CONTEXT,Scanned file under sram_layoutgen.
sram_layoutgen,sram_layoutgen/openyield_adapter/geometry_wordline_router.py,True,file,ROUTING_RULES,,False,DIRECT,Scanned file under sram_layoutgen.
sram_layoutgen,sram_layoutgen/openyield_adapter/hardcell_power_rail_continuity.py,True,file,POWER_PLAN,,False,DIRECT,Scanned file under sram_layoutgen.
sram_layoutgen,sram_layoutgen/openyield_adapter/layout_intent.py,True,file,FLOORPLAN_RULES;NETLIST_SEMANTICS,,False,DIRECT,Scanned file under sram_layoutgen.
sram_layoutgen,sram_layoutgen/openyield_adapter/layout_prototype.py,True,file,,,False,CONTEXT,Scanned file under sram_layoutgen.
sram_layoutgen,sram_layoutgen/openyield_adapter/m1_layoutgen_binding.py,True,file,,,False,CONTEXT,Scanned file under sram_layoutgen.
sram_layoutgen,sram_layoutgen/openyield_adapter/macro_compat.py,True,file,,,False,CONTEXT,Scanned file under sram_layoutgen.
sram_layoutgen,sram_layoutgen/openyield_adapter/module_access_view_writer.py,True,file,,,False,CONTEXT,Scanned file under sram_layoutgen.
sram_layoutgen,sram_layoutgen/openyield_adapter/module_gds_generators.py,True,file,PHYSICAL_IMPLEMENTATION_LIBRARY,,False,DIRECT,Scanned file under sram_layoutgen.
sram_layoutgen,sram_layoutgen/openyield_adapter/module_gds_sanity.py,True,file,PHYSICAL_IMPLEMENTATION_LIBRARY;VERIFICATION_AND_TRACE,,False,DIRECT,Scanned file under sram_layoutgen.
sram_layoutgen,sram_layoutgen/openyield_adapter/module_mapper.py,True,file,,,False,CONTEXT,Scanned file under sram_layoutgen.
sram_layoutgen,sram_layoutgen/openyield_adapter/module_pin_extractor.py,True,file,,,False,CONTEXT,Scanned file under sram_layoutgen.
sram_layoutgen,sram_layoutgen/openyield_adapter/module_semantic_contracts.py,True,file,NETLIST_SEMANTICS,,False,DIRECT,Scanned file under sram_layoutgen.
sram_layoutgen,sram_layoutgen/openyield_adapter/module_semantics.py,True,file,NETLIST_SEMANTICS,,False,DIRECT,Scanned file under sram_layoutgen.
sram_layoutgen,sram_layoutgen/openyield_adapter/netlist_to_gds_readiness.py,True,file,,,False,CONTEXT,Scanned file under sram_layoutgen.
sram_layoutgen,sram_layoutgen/openyield_adapter/openyield_config_extractor.py,True,file,SRAM_CONFIGURATION,,False,DIRECT,Scanned file under sram_layoutgen.
sram_layoutgen,sram_layoutgen/openyield_adapter/openyield_netlist_to_layout_translator.py,True,file,,,False,CONTEXT,Scanned file under sram_layoutgen.
sram_layoutgen,sram_layoutgen/openyield_adapter/openyield_raw_source_trace.py,True,file,VERIFICATION_AND_TRACE,,False,DIRECT,Scanned file under sram_layoutgen.
sram_layoutgen,sram_layoutgen/openyield_adapter/physical_primitive_gap_closer.py,True,file,,,False,CONTEXT,Scanned file under sram_layoutgen.
sram_layoutgen,sram_layoutgen/openyield_adapter/physical_primitive_library.py,True,file,,,False,CONTEXT,Scanned file under sram_layoutgen.
sram_layoutgen,sram_layoutgen/openyield_adapter/pin_access_repair.py,True,file,PIN_BBOX_RAIL_METADATA,,False,DIRECT,Scanned file under sram_layoutgen.
sram_layoutgen,sram_layoutgen/openyield_adapter/pin_access_synthesizer.py,True,file,PIN_BBOX_RAIL_METADATA,,False,DIRECT,Scanned file under sram_layoutgen.
sram_layoutgen,sram_layoutgen/openyield_adapter/placement_abutment_rules.py,True,file,PLACEMENT_RULES,,False,DIRECT,Scanned file under sram_layoutgen.
sram_layoutgen,sram_layoutgen/openyield_adapter/power_connectivity_graph.py,True,file,POWER_PLAN,,False,DIRECT,Scanned file under sram_layoutgen.
sram_layoutgen,sram_layoutgen/openyield_adapter/power_shape_index.py,True,file,POWER_PLAN;ROUTING_RULES,,False,DIRECT,Scanned file under sram_layoutgen.
sram_layoutgen,sram_layoutgen/openyield_adapter/precharge_spice_smoke.py,True,file,,,False,CONTEXT,Scanned file under sram_layoutgen.
sram_layoutgen,sram_layoutgen/openyield_adapter/primitive_composition_generators.py,True,file,,,False,CONTEXT,Scanned file under sram_layoutgen.
sram_layoutgen,sram_layoutgen/openyield_adapter/project_status_reset.py,True,file,,,False,CONTEXT,Scanned file under sram_layoutgen.
sram_layoutgen,sram_layoutgen/openyield_adapter/pyspice_source_parser.py,True,file,,,False,CONTEXT,Scanned file under sram_layoutgen.
sram_layoutgen,sram_layoutgen/openyield_adapter/repo_physical_asset_inventory.py,True,file,,,False,CONTEXT,Scanned file under sram_layoutgen.
sram_layoutgen,sram_layoutgen/openyield_adapter/routing_power_pin.py,True,file,POWER_PLAN;ROUTING_RULES,,False,DIRECT,Scanned file under sram_layoutgen.
sram_layoutgen,sram_layoutgen/openyield_adapter/senseamp_placement.py,True,file,PLACEMENT_RULES,,False,DIRECT,Scanned file under sram_layoutgen.
sram_layoutgen,sram_layoutgen/openyield_adapter/server_ngspice_syntax_smoke.py,True,file,,,False,CONTEXT,Scanned file under sram_layoutgen.
sram_layoutgen,sram_layoutgen/openyield_adapter/signal_route_shape_index.py,True,file,ROUTING_RULES,,False,DIRECT,Scanned file under sram_layoutgen.
sram_layoutgen,sram_layoutgen/openyield_adapter/source_linked_timing_metadata.py,True,file,,,False,CONTEXT,Scanned file under sram_layoutgen.
sram_layoutgen,sram_layoutgen/openyield_adapter/sram_bitline_router.py,True,file,ROUTING_RULES,,False,DIRECT,Scanned file under sram_layoutgen.
sram_layoutgen,sram_layoutgen/openyield_adapter/sram_control_router.py,True,file,,,False,CONTEXT,Scanned file under sram_layoutgen.
sram_layoutgen,sram_layoutgen/openyield_adapter/sram_net_to_shape_mapper.py,True,file,ROUTING_RULES,,False,DIRECT,Scanned file under sram_layoutgen.
sram_layoutgen,sram_layoutgen/openyield_adapter/sram_physical_floorplan.py,True,file,FLOORPLAN_RULES,,False,DIRECT,Scanned file under sram_layoutgen.
sram_layoutgen,sram_layoutgen/openyield_adapter/sram_physical_rule_extraction.py,True,file,,,False,CONTEXT,Scanned file under sram_layoutgen.
sram_layoutgen,sram_layoutgen/openyield_adapter/sram_pin_exporter.py,True,file,,,False,CONTEXT,Scanned file under sram_layoutgen.
sram_layoutgen,sram_layoutgen/openyield_adapter/sram_power_planner.py,True,file,POWER_PLAN,,False,DIRECT,Scanned file under sram_layoutgen.
sram_layoutgen,sram_layoutgen/openyield_adapter/sram_region_planner.py,True,file,FLOORPLAN_RULES,,False,DIRECT,Scanned file under sram_layoutgen.
sram_layoutgen,sram_layoutgen/openyield_adapter/sram_structure_validation.py,True,file,,,False,CONTEXT,Scanned file under sram_layoutgen.
sram_layoutgen,sram_layoutgen/openyield_adapter/sram_wordline_router.py,True,file,ROUTING_RULES,,False,DIRECT,Scanned file under sram_layoutgen.
sram_layoutgen,sram_layoutgen/openyield_adapter/structure_complete_generator.py,True,file,,,False,CONTEXT,Scanned file under sram_layoutgen.
sram_layoutgen,sram_layoutgen/openyield_adapter/time_control_abstract_floorplan_payload.py,True,file,FLOORPLAN_RULES,,False,DIRECT,Scanned file under sram_layoutgen.
sram_layoutgen,sram_layoutgen/openyield_adapter/time_control_builder_output_regression.py,True,file,,,False,CONTEXT,Scanned file under sram_layoutgen.
sram_layoutgen,sram_layoutgen/openyield_adapter/time_control_closure_unblock.py,True,file,,,False,CONTEXT,Scanned file under sram_layoutgen.
sram_layoutgen,sram_layoutgen/openyield_adapter/time_control_composite_feasibility.py,True,file,,,False,CONTEXT,Scanned file under sram_layoutgen.
sram_layoutgen,sram_layoutgen/openyield_adapter/time_control_consumer_contracts.py,True,file,,,False,CONTEXT,Scanned file under sram_layoutgen.
sram_layoutgen,sram_layoutgen/openyield_adapter/time_control_evidence_crossing_bundle.py,True,file,,,False,CONTEXT,Scanned file under sram_layoutgen.
sram_layoutgen,sram_layoutgen/openyield_adapter/time_control_experimental_contract.py,True,file,,,False,CONTEXT,Scanned file under sram_layoutgen.
sram_layoutgen,sram_layoutgen/openyield_adapter/time_control_fast_bundle.py,True,file,,,False,CONTEXT,Scanned file under sram_layoutgen.
sram_layoutgen,sram_layoutgen/openyield_adapter/time_control_final_boundary_summary.py,True,file,,,False,CONTEXT,Scanned file under sram_layoutgen.
sram_layoutgen,sram_layoutgen/openyield_adapter/time_control_generated_logic_contracts.py,True,file,,,False,CONTEXT,Scanned file under sram_layoutgen.
sram_layoutgen,sram_layoutgen/openyield_adapter/time_control_goal_progress_audit.py,True,file,,,False,CONTEXT,Scanned file under sram_layoutgen.
sram_layoutgen,sram_layoutgen/openyield_adapter/time_control_leaf_inventory.py,True,file,,,False,CONTEXT,Scanned file under sram_layoutgen.
sram_layoutgen,sram_layoutgen/openyield_adapter/time_control_legal_placement_readonly.py,True,file,PLACEMENT_RULES,,False,DIRECT,Scanned file under sram_layoutgen.
sram_layoutgen,sram_layoutgen/openyield_adapter/time_control_metadata_closure.py,True,file,,,False,CONTEXT,Scanned file under sram_layoutgen.
sram_layoutgen,sram_layoutgen/openyield_adapter/time_control_opt_in_prototype_plan.py,True,file,,,False,CONTEXT,Scanned file under sram_layoutgen.
sram_layoutgen,sram_layoutgen/openyield_adapter/time_control_packing_invariants.py,True,file,,,False,CONTEXT,Scanned file under sram_layoutgen.
sram_layoutgen,sram_layoutgen/openyield_adapter/time_control_payload_completeness.py,True,file,,,False,CONTEXT,Scanned file under sram_layoutgen.
sram_layoutgen,sram_layoutgen/openyield_adapter/time_control_payload_consumption_contract.py,True,file,,,False,CONTEXT,Scanned file under sram_layoutgen.
sram_layoutgen,sram_layoutgen/openyield_adapter/time_control_payload_materialization_boundary.py,True,file,,,False,CONTEXT,Scanned file under sram_layoutgen.
sram_layoutgen,sram_layoutgen/openyield_adapter/time_control_placement_readiness.py,True,file,PLACEMENT_RULES,,False,DIRECT,Scanned file under sram_layoutgen.
sram_layoutgen,sram_layoutgen/openyield_adapter/time_control_precharge_constraints_bundle.py,True,file,,,False,CONTEXT,Scanned file under sram_layoutgen.
sram_layoutgen,sram_layoutgen/openyield_adapter/time_control_prototype_artifact_contract.py,True,file,,,False,CONTEXT,Scanned file under sram_layoutgen.
sram_layoutgen,sram_layoutgen/openyield_adapter/time_control_prototype_execution_guard.py,True,file,,,False,CONTEXT,Scanned file under sram_layoutgen.
sram_layoutgen,sram_layoutgen/openyield_adapter/time_control_prototype_interface_surface.py,True,file,,,False,CONTEXT,Scanned file under sram_layoutgen.
sram_layoutgen,sram_layoutgen/openyield_adapter/time_control_prototype_state_machine.py,True,file,,,False,CONTEXT,Scanned file under sram_layoutgen.
sram_layoutgen,sram_layoutgen/openyield_adapter/time_control_region_refinement.py,True,file,FLOORPLAN_RULES,,False,DIRECT,Scanned file under sram_layoutgen.
sram_layoutgen,sram_layoutgen/openyield_adapter/time_control_routing_obstacle.py,True,file,ROUTING_RULES,,False,DIRECT,Scanned file under sram_layoutgen.
sram_layoutgen,sram_layoutgen/openyield_adapter/time_control_signal_bindings.py,True,file,,,False,CONTEXT,Scanned file under sram_layoutgen.
sram_layoutgen,sram_layoutgen/openyield_adapter/time_control_subblocks.py,True,file,,,False,CONTEXT,Scanned file under sram_layoutgen.
sram_layoutgen,sram_layoutgen/openyield_adapter/time_control_timing_metadata.py,True,file,,,False,CONTEXT,Scanned file under sram_layoutgen.
sram_layoutgen,sram_layoutgen/openyield_adapter/time_control_timing_proof_plan.py,True,file,,,False,CONTEXT,Scanned file under sram_layoutgen.
sram_layoutgen,sram_layoutgen/openyield_adapter/timing_metadata_consumer.py,True,file,,,False,CONTEXT,Scanned file under sram_layoutgen.
sram_layoutgen,sram_layoutgen/openyield_adapter/top_level_assembly.py,True,file,,,False,CONTEXT,Scanned file under sram_layoutgen.
sram_layoutgen,sram_layoutgen/openyield_adapter/top_level_validation.py,True,file,,,False,CONTEXT,Scanned file under sram_layoutgen.
sram_layoutgen,sram_layoutgen/openyield_adapter/top_power_pin_exporter.py,True,file,POWER_PLAN,,False,DIRECT,Scanned file under sram_layoutgen.
sram_layoutgen,sram_layoutgen/openyield_adapter/wordlinedriver_adapter.py,True,file,ROUTING_RULES,,False,DIRECT,Scanned file under sram_layoutgen.
sram_layoutgen,sram_layoutgen/openyield_adapter/wordlinedriver_placement.py,True,file,PLACEMENT_RULES;ROUTING_RULES,,False,DIRECT,Scanned file under sram_layoutgen.
sram_layoutgen,sram_layoutgen/openyield_adapter/writedriver_adapter.py,True,file,,,False,CONTEXT,Scanned file under sram_layoutgen.
sram_layoutgen,sram_layoutgen/openyield_adapter/writedriver_placement.py,True,file,PLACEMENT_RULES,,False,DIRECT,Scanned file under sram_layoutgen.
sram_layoutgen,sram_layoutgen/signoff.py,True,file,,,False,CONTEXT,Scanned file under sram_layoutgen.
sram_layoutgen,sram_layoutgen/standalone.py,True,file,GDS_GENERATION_FLOW,,False,DIRECT,Scanned file under sram_layoutgen.
sram_layoutgen,sram_layoutgen/stdcell.py,True,file,,,False,CONTEXT,Scanned file under sram_layoutgen.
sram_layoutgen,sram_layoutgen/tech.py,True,file,,,False,CONTEXT,Scanned file under sram_layoutgen.
sram_layoutgen,sram_layoutgen/verifier.py,True,file,,,False,CONTEXT,Scanned file under sram_layoutgen.
scripts,scripts/M10_harden_raw_openyield_trace.py,True,file,VERIFICATION_AND_TRACE,M10_harden_raw_openyield_trace.py,False,DIRECT,Scanned file under scripts.
scripts,scripts/M11_openyield_config_variation.py,True,file,SRAM_CONFIGURATION,M11_openyield_config_variation.py,False,DIRECT,Scanned file under scripts.
scripts,scripts/M12_ten_asset_audit.py,True,file,,M12_ten_asset_audit.py,False,CONTEXT,Scanned file under scripts.
scripts,scripts/M1_layoutgen_openyield_binding.py,True,file,,M1_layoutgen_openyield_binding.py,False,CONTEXT,Scanned file under scripts.
scripts,scripts/M2R_full_sram_regeneration.py,True,file,,M2R_full_sram_regeneration.py,False,CONTEXT,Scanned file under scripts.
scripts,scripts/M2_layoutgen_full_trial.py,True,file,,M2_layoutgen_full_trial.py,False,CONTEXT,Scanned file under scripts.
scripts,scripts/M3F_optimized_layoutgen_restore.py,True,file,,M3F_optimized_layoutgen_restore.py,False,CONTEXT,Scanned file under scripts.
scripts,scripts/M3R_openyield_semantic_bound.py,True,file,NETLIST_SEMANTICS,M3R_openyield_semantic_bound.py,False,DIRECT,Scanned file under scripts.
scripts,scripts/M4E_openyield_integration_feasibility.py,True,file,,M4E_openyield_integration_feasibility.py,False,CONTEXT,Scanned file under scripts.
scripts,scripts/M5_openyield_layoutgen_integration.py,True,file,,M5_openyield_layoutgen_integration.py,False,CONTEXT,Scanned file under scripts.
scripts,scripts/M6R_reference_locked_reproduce.py,True,file,,M6R_reference_locked_reproduce.py,False,CONTEXT,Scanned file under scripts.
scripts,scripts/M6_layoutgen_spec_reproduce.py,True,file,,M6_layoutgen_spec_reproduce.py,False,CONTEXT,Scanned file under scripts.
scripts,scripts/M7C_golden_reference_confirmation.py,True,file,GDS_GENERATION_FLOW,M7C_golden_reference_confirmation.py,False,DIRECT,Scanned file under scripts.
scripts,scripts/M7_correct_golden_reference.py,True,file,GDS_GENERATION_FLOW,M7_correct_golden_reference.py,False,DIRECT,Scanned file under scripts.
scripts,scripts/M8R_fix_golden_geometry_delta.py,True,file,,M8R_fix_golden_geometry_delta.py,False,CONTEXT,Scanned file under scripts.
scripts,scripts/M8_reproduce_uploaded_golden.py,True,file,,M8_reproduce_uploaded_golden.py,False,CONTEXT,Scanned file under scripts.
scripts,scripts/M9_openyield_netlist_to_layout_translator.py,True,file,,M9_openyield_netlist_to_layout_translator.py,False,CONTEXT,Scanned file under scripts.
scripts,scripts/M9_openyield_netlist_translator.py,True,file,,M9_openyield_netlist_translator.py,False,CONTEXT,Scanned file under scripts.
scripts,scripts/S0_project_status_reset.py,True,file,,,False,CONTEXT,Scanned file under scripts.
scripts,scripts/T1_openyield_file_inventory.py,True,file,,,False,CONTEXT,Scanned file under scripts.
scripts,scripts/klayout_gds_summary.rb,True,file,,,False,CONTEXT,Scanned file under scripts.
scripts,scripts/openyield_C0_complete_gds_gap_audit.py,True,file,,,False,CONTEXT,Scanned file under scripts.
scripts,scripts/openyield_C1_sram_physical_rule_extraction.py,True,file,,,False,CONTEXT,Scanned file under scripts.
scripts,scripts/openyield_C2_pin_geometry_access_repair.py,True,file,,,False,CONTEXT,Scanned file under scripts.
scripts,scripts/openyield_C3_complete_floorplan_reconstruction.py,True,file,FLOORPLAN_RULES,,False,DIRECT,Scanned file under scripts.
scripts,scripts/openyield_C4_complete_signal_routing.py,True,file,ROUTING_RULES,,False,DIRECT,Scanned file under scripts.
scripts,scripts/openyield_C5_complete_power_network.py,True,file,POWER_PLAN,,False,DIRECT,Scanned file under scripts.
scripts,scripts/openyield_C6_complete_sram_gds_final.py,True,file,,,False,CONTEXT,Scanned file under scripts.
scripts,scripts/openyield_L0_semantic_gap_closure.py,True,file,NETLIST_SEMANTICS,,False,DIRECT,Scanned file under scripts.
scripts,scripts/openyield_L2_placement_abutment_rule_closure.py,True,file,PLACEMENT_RULES,,False,DIRECT,Scanned file under scripts.
scripts,scripts/openyield_L3_module_gds_sanity_check.py,True,file,PHYSICAL_IMPLEMENTATION_LIBRARY;VERIFICATION_AND_TRACE,,False,DIRECT,Scanned file under scripts.
scripts,scripts/openyield_L3_module_generator_gds_generation.py,True,file,,,False,CONTEXT,Scanned file under scripts.
scripts,scripts/openyield_L4_top_level_assembly.py,True,file,,,False,CONTEXT,Scanned file under scripts.
scripts,scripts/openyield_L5_validation.py,True,file,,,False,CONTEXT,Scanned file under scripts.
scripts,scripts/openyield_L6_drc_marker_triage.py,True,file,,,False,CONTEXT,Scanned file under scripts.
scripts,scripts/openyield_R1_build_layout_intent.py,True,file,FLOORPLAN_RULES;NETLIST_SEMANTICS,,False,DIRECT,Scanned file under scripts.
scripts,scripts/openyield_R2_generator_architecture_design.py,True,file,,,False,CONTEXT,Scanned file under scripts.
scripts,scripts/openyield_R3_structure_complete_gds.py,True,file,,,False,CONTEXT,Scanned file under scripts.
scripts,scripts/openyield_R4_routing_power_pin.py,True,file,POWER_PLAN;ROUTING_RULES,,False,DIRECT,Scanned file under scripts.
scripts,scripts/openyield_R5_final_validation_handoff.py,True,file,,,False,CONTEXT,Scanned file under scripts.
scripts,scripts/openyield_candidate_spice_generation_and_pdk_search.py,True,file,,,False,CONTEXT,Scanned file under scripts.
scripts,scripts/openyield_candidate_spice_syntax_check.py,True,file,,,False,CONTEXT,Scanned file under scripts.
scripts,scripts/openyield_cell_rail_overlap_eligibility_audit.py,True,file,POWER_PLAN,,False,DIRECT,Scanned file under scripts.
scripts,scripts/openyield_colmux_repaired_candidate_install.py,True,file,,,False,CONTEXT,Scanned file under scripts.
scripts,scripts/openyield_colmux_vdd_pinproof.py,True,file,POWER_PLAN,,False,DIRECT,Scanned file under scripts.
scripts,scripts/openyield_columnmux_adapter_check.py,True,file,,,False,CONTEXT,Scanned file under scripts.
scripts,scripts/openyield_columnmux_placement_smoke.py,True,file,PLACEMENT_RULES,,False,DIRECT,Scanned file under scripts.
scripts,scripts/openyield_columnmux_power_metadata_check.py,True,file,POWER_PLAN,,False,DIRECT,Scanned file under scripts.
scripts,scripts/openyield_columnmux_standalone_smoke.py,True,file,GDS_GENERATION_FLOW,,False,DIRECT,Scanned file under scripts.
scripts,scripts/openyield_contract_dump.py,True,file,,,False,CONTEXT,Scanned file under scripts.
scripts,scripts/openyield_control_anchor_binding_audit.py,True,file,,,False,CONTEXT,Scanned file under scripts.
scripts,scripts/openyield_control_channel_budget_audit.py,True,file,,,False,CONTEXT,Scanned file under scripts.
scripts,scripts/openyield_control_geometry_window_audit.py,True,file,,,False,CONTEXT,Scanned file under scripts.
scripts,scripts/openyield_control_parent_reservation_audit.py,True,file,,,False,CONTEXT,Scanned file under scripts.
scripts,scripts/openyield_control_path_candidate_generation.py,True,file,,,False,CONTEXT,Scanned file under scripts.
scripts,scripts/openyield_control_row_feasibility_audit.py,True,file,,,False,CONTEXT,Scanned file under scripts.
scripts,scripts/openyield_control_row_floorplan_smoke.py,True,file,FLOORPLAN_RULES,,False,DIRECT,Scanned file under scripts.
scripts,scripts/openyield_control_target_envelope_audit.py,True,file,,,False,CONTEXT,Scanned file under scripts.
scripts,scripts/openyield_decoder_channel_requirement_audit.py,True,file,,,False,CONTEXT,Scanned file under scripts.
scripts,scripts/openyield_decoder_composite_leaf_convention_audit.py,True,file,,,False,CONTEXT,Scanned file under scripts.
scripts,scripts/openyield_decoder_generated_block_plan_summary.py,True,file,,,False,CONTEXT,Scanned file under scripts.
scripts,scripts/openyield_decoder_handoff_relief_audit.py,True,file,,,False,CONTEXT,Scanned file under scripts.
scripts,scripts/openyield_decoder_logic_repair_audit.py,True,file,,,False,CONTEXT,Scanned file under scripts.
scripts,scripts/openyield_decoder_metadata_closure_report.py,True,file,,,False,CONTEXT,Scanned file under scripts.
scripts,scripts/openyield_decoder_output_contract_audit.py,True,file,,,False,CONTEXT,Scanned file under scripts.
scripts,scripts/openyield_decoder_output_handoff_budget_audit.py,True,file,,,False,CONTEXT,Scanned file under scripts.
scripts,scripts/openyield_decoder_preplacement_feasibility_audit.py,True,file,PLACEMENT_RULES,,False,DIRECT,Scanned file under scripts.
scripts,scripts/openyield_decoder_row_rule_audit.py,True,file,,,False,CONTEXT,Scanned file under scripts.
scripts,scripts/openyield_decoder_stage_candidate_audit.py,True,file,,,False,CONTEXT,Scanned file under scripts.
scripts,scripts/openyield_decoder_stage_template_audit.py,True,file,,,False,CONTEXT,Scanned file under scripts.
scripts,scripts/openyield_decoder_truth_table_binding_audit.py,True,file,,,False,CONTEXT,Scanned file under scripts.
scripts,scripts/openyield_delay_chain_measurement_refinement.py,True,file,,,False,CONTEXT,Scanned file under scripts.
scripts,scripts/openyield_delay_chain_pvt_corner_smoke.py,True,file,,,False,CONTEXT,Scanned file under scripts.
scripts,scripts/openyield_delay_chain_testbench_plan_audit.py,True,file,,,False,CONTEXT,Scanned file under scripts.
scripts,scripts/openyield_delay_chain_timing_metadata_update.py,True,file,,,False,CONTEXT,Scanned file under scripts.
scripts,scripts/openyield_delay_chain_transient_smoke.py,True,file,,,False,CONTEXT,Scanned file under scripts.
scripts,scripts/openyield_dff_array_adapter_check.py,True,file,,,False,CONTEXT,Scanned file under scripts.
scripts,scripts/openyield_dff_array_placement_smoke.py,True,file,PLACEMENT_RULES,,False,DIRECT,Scanned file under scripts.
scripts,scripts/openyield_drc_marker_classify.py,True,file,,,False,CONTEXT,Scanned file under scripts.
scripts,scripts/openyield_four_load_inverter_stage_model_audit.py,True,file,,,False,CONTEXT,Scanned file under scripts.
scripts,scripts/openyield_gds_pin_audit.py,True,file,,,False,CONTEXT,Scanned file under scripts.
scripts,scripts/openyield_gds_row_abutment_audit.py,True,file,PLACEMENT_RULES,,False,DIRECT,Scanned file under scripts.
scripts,scripts/openyield_gen_delay_inv_netlist_recovery_audit.py,True,file,,,False,CONTEXT,Scanned file under scripts.
scripts,scripts/openyield_generate_layout_prototype.py,True,file,,,False,CONTEXT,Scanned file under scripts.
scripts,scripts/openyield_generated_logic_model_recovery_audit.py,True,file,,,False,CONTEXT,Scanned file under scripts.
scripts,scripts/openyield_hardcell_drc_baseline.py,True,file,,,False,CONTEXT,Scanned file under scripts.
scripts,scripts/openyield_hardcell_power_rail_continuity_audit.py,True,file,POWER_PLAN,,False,DIRECT,Scanned file under scripts.
scripts,scripts/openyield_limited_array_aggregation_smoke.py,True,file,,,False,CONTEXT,Scanned file under scripts.
scripts,scripts/openyield_macro_compat_check.py,True,file,,,False,CONTEXT,Scanned file under scripts.
scripts,scripts/openyield_macro_metadata_audit.py,True,file,,,False,CONTEXT,Scanned file under scripts.
scripts,scripts/openyield_module_semantics_closure.py,True,file,NETLIST_SEMANTICS,,False,DIRECT,Scanned file under scripts.
scripts,scripts/openyield_netlist_to_gds_readiness.py,True,file,,,False,CONTEXT,Scanned file under scripts.
scripts,scripts/openyield_openram_netlist_diff.py,True,file,,,False,CONTEXT,Scanned file under scripts.
scripts,scripts/openyield_physical_primitive_closure.py,True,file,,,False,CONTEXT,Scanned file under scripts.
scripts,scripts/openyield_physical_primitive_gap_closure.py,True,file,,,False,CONTEXT,Scanned file under scripts.
scripts,scripts/openyield_precharge_spice_smoke.py,True,file,,,False,CONTEXT,Scanned file under scripts.
scripts,scripts/openyield_read_write_path_semantic_review.py,True,file,NETLIST_SEMANTICS;VERIFICATION_AND_TRACE,,False,DIRECT,Scanned file under scripts.
scripts,scripts/openyield_repo_physical_asset_inventory_audit.py,True,file,,,False,CONTEXT,Scanned file under scripts.
scripts,scripts/openyield_row_boundary_audit.py,True,file,,,False,CONTEXT,Scanned file under scripts.
scripts,scripts/openyield_row_orientation_compare.py,True,file,PLACEMENT_RULES,,False,DIRECT,Scanned file under scripts.
scripts,scripts/openyield_senseamp_adapter_check.py,True,file,,,False,CONTEXT,Scanned file under scripts.
scripts,scripts/openyield_senseamp_placement_smoke.py,True,file,PLACEMENT_RULES,,False,DIRECT,Scanned file under scripts.
scripts,scripts/openyield_senseamp_standalone_smoke.py,True,file,GDS_GENERATION_FLOW,,False,DIRECT,Scanned file under scripts.
scripts,scripts/openyield_server_ngspice_syntax_smoke.py,True,file,,,False,CONTEXT,Scanned file under scripts.
scripts,scripts/openyield_source_linked_timing_metadata_audit.py,True,file,,,False,CONTEXT,Scanned file under scripts.
scripts,scripts/openyield_standalone_row_policy_integration.py,True,file,GDS_GENERATION_FLOW,,False,DIRECT,Scanned file under scripts.
scripts,scripts/openyield_step4_final_smoke.py,True,file,,,False,CONTEXT,Scanned file under scripts.
scripts,scripts/openyield_step5_final_hardmacro_smoke.py,True,file,,,False,CONTEXT,Scanned file under scripts.
scripts,scripts/openyield_step7_final_repair_planning.py,True,file,,,False,CONTEXT,Scanned file under scripts.
scripts,scripts/openyield_step8_final_handoff.py,True,file,,,False,CONTEXT,Scanned file under scripts.
scripts,scripts/openyield_storage_aggregation_compare.py,True,file,,,False,CONTEXT,Scanned file under scripts.
scripts,scripts/openyield_storage_only_drc_smoke.py,True,file,,,False,CONTEXT,Scanned file under scripts.
scripts,scripts/openyield_storage_only_gds_smoke.py,True,file,,,False,CONTEXT,Scanned file under scripts.
scripts,scripts/openyield_storage_pitch_audit.py,True,file,PLACEMENT_RULES,,False,DIRECT,Scanned file under scripts.
scripts,scripts/openyield_time_control_abstract_floorplan_payload_audit.py,True,file,FLOORPLAN_RULES,,False,DIRECT,Scanned file under scripts.
scripts,scripts/openyield_time_control_builder_output_regression_audit.py,True,file,,,False,CONTEXT,Scanned file under scripts.
scripts,scripts/openyield_time_control_closure_unblock_audit.py,True,file,,,False,CONTEXT,Scanned file under scripts.
scripts,scripts/openyield_time_control_composite_feasibility_audit.py,True,file,,,False,CONTEXT,Scanned file under scripts.
scripts,scripts/openyield_time_control_consumer_contract_audit.py,True,file,,,False,CONTEXT,Scanned file under scripts.
scripts,scripts/openyield_time_control_decomposition_audit.py,True,file,,,False,CONTEXT,Scanned file under scripts.
scripts,scripts/openyield_time_control_evidence_crossing_bundle_audit.py,True,file,,,False,CONTEXT,Scanned file under scripts.
scripts,scripts/openyield_time_control_experimental_contract_audit.py,True,file,,,False,CONTEXT,Scanned file under scripts.
scripts,scripts/openyield_time_control_fast_bundle_audit.py,True,file,,,False,CONTEXT,Scanned file under scripts.
scripts,scripts/openyield_time_control_final_boundary_summary.py,True,file,,,False,CONTEXT,Scanned file under scripts.
scripts,scripts/openyield_time_control_generated_logic_contract_audit.py,True,file,,,False,CONTEXT,Scanned file under scripts.
scripts,scripts/openyield_time_control_goal_progress_audit.py,True,file,,,False,CONTEXT,Scanned file under scripts.
scripts,scripts/openyield_time_control_leaf_inventory_audit.py,True,file,,,False,CONTEXT,Scanned file under scripts.
scripts,scripts/openyield_time_control_legal_placement_readonly_audit.py,True,file,PLACEMENT_RULES,,False,DIRECT,Scanned file under scripts.
scripts,scripts/openyield_time_control_metadata_closure_report.py,True,file,,,False,CONTEXT,Scanned file under scripts.
scripts,scripts/openyield_time_control_opt_in_prototype_plan.py,True,file,,,False,CONTEXT,Scanned file under scripts.
scripts,scripts/openyield_time_control_packing_invariant_audit.py,True,file,,,False,CONTEXT,Scanned file under scripts.
scripts,scripts/openyield_time_control_payload_completeness_audit.py,True,file,,,False,CONTEXT,Scanned file under scripts.
scripts,scripts/openyield_time_control_payload_consumption_contract_audit.py,True,file,,,False,CONTEXT,Scanned file under scripts.
scripts,scripts/openyield_time_control_payload_materialization_boundary_audit.py,True,file,,,False,CONTEXT,Scanned file under scripts.
scripts,scripts/openyield_time_control_placement_readiness_audit.py,True,file,PLACEMENT_RULES,,False,DIRECT,Scanned file under scripts.
scripts,scripts/openyield_time_control_precharge_constraints_bundle_audit.py,True,file,,,False,CONTEXT,Scanned file under scripts.
scripts,scripts/openyield_time_control_prototype_artifact_contract_audit.py,True,file,,,False,CONTEXT,Scanned file under scripts.
scripts,scripts/openyield_time_control_prototype_execution_guard_audit.py,True,file,,,False,CONTEXT,Scanned file under scripts.
scripts,scripts/openyield_time_control_prototype_interface_surface_audit.py,True,file,,,False,CONTEXT,Scanned file under scripts.
scripts,scripts/openyield_time_control_prototype_state_machine_audit.py,True,file,,,False,CONTEXT,Scanned file under scripts.
scripts,scripts/openyield_time_control_region_refinement_audit.py,True,file,FLOORPLAN_RULES,,False,DIRECT,Scanned file under scripts.
scripts,scripts/openyield_time_control_routing_obstacle_audit.py,True,file,ROUTING_RULES,,False,DIRECT,Scanned file under scripts.
scripts,scripts/openyield_time_control_signal_binding_audit.py,True,file,,,False,CONTEXT,Scanned file under scripts.
scripts,scripts/openyield_time_control_subblock_audit.py,True,file,,,False,CONTEXT,Scanned file under scripts.
scripts,scripts/openyield_time_control_timing_metadata_audit.py,True,file,,,False,CONTEXT,Scanned file under scripts.
scripts,scripts/openyield_time_control_timing_proof_plan_audit.py,True,file,,,False,CONTEXT,Scanned file under scripts.
scripts,scripts/openyield_timing_metadata_consumer_smoke.py,True,file,,,False,CONTEXT,Scanned file under scripts.
scripts,scripts/openyield_wordlinedriver_adapter_check.py,True,file,ROUTING_RULES,,False,DIRECT,Scanned file under scripts.
scripts,scripts/openyield_wordlinedriver_placement_smoke.py,True,file,PLACEMENT_RULES;ROUTING_RULES,,False,DIRECT,Scanned file under scripts.
scripts,scripts/openyield_wordlinedriver_standalone_smoke.py,True,file,GDS_GENERATION_FLOW;ROUTING_RULES,,False,DIRECT,Scanned file under scripts.
scripts,scripts/openyield_writedriver_adapter_check.py,True,file,,,False,CONTEXT,Scanned file under scripts.
scripts,scripts/openyield_writedriver_placement_smoke.py,True,file,PLACEMENT_RULES,,False,DIRECT,Scanned file under scripts.
scripts,scripts/openyield_writedriver_standalone_smoke.py,True,file,GDS_GENERATION_FLOW,,False,DIRECT,Scanned file under scripts.
tests,tests/test_M10_harden_raw_openyield_trace.py,True,file,VERIFICATION_AND_TRACE,,False,DIRECT,Scanned file under tests.
tests,tests/test_M11_openyield_config_variation.py,True,file,SRAM_CONFIGURATION,,False,DIRECT,Scanned file under tests.
tests,tests/test_M12_ten_asset_audit.py,True,file,,,False,CONTEXT,Scanned file under tests.
tests,tests/test_M1_layoutgen_openyield_binding.py,True,file,,,False,CONTEXT,Scanned file under tests.
tests,tests/test_M2R_full_sram_regeneration.py,True,file,,,False,CONTEXT,Scanned file under tests.
tests,tests/test_M2_layoutgen_full_trial.py,True,file,,,False,CONTEXT,Scanned file under tests.
tests,tests/test_M3F_optimized_layoutgen_restore.py,True,file,,,False,CONTEXT,Scanned file under tests.
tests,tests/test_M3R_openyield_semantic_bound.py,True,file,NETLIST_SEMANTICS,,False,DIRECT,Scanned file under tests.
tests,tests/test_M4E_openyield_integration_feasibility.py,True,file,,,False,CONTEXT,Scanned file under tests.
tests,tests/test_M5_openyield_layoutgen_integration.py,True,file,,,False,CONTEXT,Scanned file under tests.
tests,tests/test_M6R_reference_locked_reproduce.py,True,file,,,False,CONTEXT,Scanned file under tests.
tests,tests/test_M6_layoutgen_spec_reproduce.py,True,file,,,False,CONTEXT,Scanned file under tests.
tests,tests/test_M7C_golden_reference_confirmation.py,True,file,GDS_GENERATION_FLOW,,False,DIRECT,Scanned file under tests.
tests,tests/test_M7_correct_golden_reference.py,True,file,GDS_GENERATION_FLOW,,False,DIRECT,Scanned file under tests.
tests,tests/test_M8R_fix_golden_geometry_delta.py,True,file,,,False,CONTEXT,Scanned file under tests.
tests,tests/test_M8_reproduce_uploaded_golden.py,True,file,,,False,CONTEXT,Scanned file under tests.
tests,tests/test_M9_openyield_netlist_translator.py,True,file,,,False,CONTEXT,Scanned file under tests.
tests,tests/test_S0_project_status_reset.py,True,file,,,False,CONTEXT,Scanned file under tests.
tests,tests/test_T1_openyield_file_inventory.py,True,file,,,False,CONTEXT,Scanned file under tests.
tests,tests/test_openyield_C0_complete_gds_gap_audit.py,True,file,,,False,CONTEXT,Scanned file under tests.
tests,tests/test_openyield_C1_sram_physical_rule_extraction.py,True,file,,,False,CONTEXT,Scanned file under tests.
tests,tests/test_openyield_C2_pin_geometry_access_repair.py,True,file,,,False,CONTEXT,Scanned file under tests.
tests,tests/test_openyield_C3_complete_floorplan_reconstruction.py,True,file,FLOORPLAN_RULES,,False,DIRECT,Scanned file under tests.
tests,tests/test_openyield_C4_complete_signal_routing.py,True,file,ROUTING_RULES,,False,DIRECT,Scanned file under tests.
tests,tests/test_openyield_C5_complete_power_network.py,True,file,POWER_PLAN,,False,DIRECT,Scanned file under tests.
tests,tests/test_openyield_C6_complete_sram_gds_final.py,True,file,,,False,CONTEXT,Scanned file under tests.
tests,tests/test_openyield_L0_semantic_gap_closure.py,True,file,NETLIST_SEMANTICS,,False,DIRECT,Scanned file under tests.
tests,tests/test_openyield_L2_placement_abutment_rule_closure.py,True,file,PLACEMENT_RULES,,False,DIRECT,Scanned file under tests.
tests,tests/test_openyield_L3_module_gds_sanity_check.py,True,file,PHYSICAL_IMPLEMENTATION_LIBRARY;VERIFICATION_AND_TRACE,,False,DIRECT,Scanned file under tests.
tests,tests/test_openyield_L3_module_generator_gds_generation.py,True,file,,,False,CONTEXT,Scanned file under tests.
tests,tests/test_openyield_L4_top_level_assembly.py,True,file,,,False,CONTEXT,Scanned file under tests.
tests,tests/test_openyield_L5_validation.py,True,file,,,False,CONTEXT,Scanned file under tests.
tests,tests/test_openyield_L6_drc_marker_triage.py,True,file,,,False,CONTEXT,Scanned file under tests.
tests,tests/test_openyield_R1_layout_intent.py,True,file,FLOORPLAN_RULES;NETLIST_SEMANTICS,,False,DIRECT,Scanned file under tests.
tests,tests/test_openyield_R2_generator_architecture.py,True,file,,,False,CONTEXT,Scanned file under tests.
tests,tests/test_openyield_R3_structure_complete_gds.py,True,file,,,False,CONTEXT,Scanned file under tests.
tests,tests/test_openyield_R4_routing_power_pin.py,True,file,POWER_PLAN;ROUTING_RULES,,False,DIRECT,Scanned file under tests.
tests,tests/test_openyield_R5_final_validation_handoff.py,True,file,,,False,CONTEXT,Scanned file under tests.
tests,tests/test_openyield_cell_rail_overlap_eligibility.py,True,file,POWER_PLAN,,False,DIRECT,Scanned file under tests.
tests,tests/test_openyield_config_extractor.py,True,file,SRAM_CONFIGURATION,,False,DIRECT,Scanned file under tests.
tests,tests/test_openyield_control_path_candidate_generation.py,True,file,,,False,CONTEXT,Scanned file under tests.
tests,tests/test_openyield_dff_overlap_exclusion.py,True,file,,,False,CONTEXT,Scanned file under tests.
tests,tests/test_openyield_dff_row_packing.py,True,file,,,False,CONTEXT,Scanned file under tests.
tests,tests/test_openyield_gate_row_packing.py,True,file,,,False,CONTEXT,Scanned file under tests.
tests,tests/test_openyield_gate_row_vertical_abutment.py,True,file,PLACEMENT_RULES,,False,DIRECT,Scanned file under tests.
tests,tests/test_openyield_gds_hierarchy_export.py,True,file,,,False,CONTEXT,Scanned file under tests.
tests,tests/test_openyield_layout_prototype.py,True,file,,,False,CONTEXT,Scanned file under tests.
tests,tests/test_openyield_module_semantics_closure.py,True,file,NETLIST_SEMANTICS,,False,DIRECT,Scanned file under tests.
tests,tests/test_openyield_netlist_to_gds_readiness.py,True,file,,,False,CONTEXT,Scanned file under tests.
tests,tests/test_openyield_physical_primitive_closure.py,True,file,,,False,CONTEXT,Scanned file under tests.
tests,tests/test_openyield_physical_primitive_gap_closure.py,True,file,,,False,CONTEXT,Scanned file under tests.
tests,tests/test_openyield_power_rail_overlap_packing.py,True,file,POWER_PLAN,,False,DIRECT,Scanned file under tests.
tests,tests/test_openyield_precharge_spice_smoke.py,True,file,,,False,CONTEXT,Scanned file under tests.
tests,tests/test_openyield_rail_to_rail_abutment.py,True,file,PLACEMENT_RULES;POWER_PLAN,,False,DIRECT,Scanned file under tests.
tests,tests/test_openyield_step7_final_repair_planning.py,True,file,,,False,CONTEXT,Scanned file under tests.
tests,tests/test_openyield_step8_final_handoff.py,True,file,,,False,CONTEXT,Scanned file under tests.
tests,tests/test_openyield_timing_metadata_consumer.py,True,file,,,False,CONTEXT,Scanned file under tests.
docs,docs/COMPLETION_AUDIT.md,True,file,,,False,CONTEXT,Scanned file under docs.
docs,docs/INTEGRATION.md,True,file,,,False,CONTEXT,Scanned file under docs.
docs,docs/M10H_confirm_source_backed_translator_report.json,True,file,NETLIST_SEMANTICS,M10H_confirm_source_backed_translator_report.json,True,DIRECT,Scanned file under docs.
docs,docs/M10H_confirm_source_backed_translator_report.md,True,file,NETLIST_SEMANTICS,M10H_confirm_source_backed_translator_report.md,False,DIRECT,Scanned file under docs.
docs,docs/M10_harden_raw_openyield_trace_report.json,True,file,VERIFICATION_AND_TRACE,M10_harden_raw_openyield_trace_report.json,False,DIRECT,Scanned file under docs.
docs,docs/M10_harden_raw_openyield_trace_report.md,True,file,VERIFICATION_AND_TRACE,M10_harden_raw_openyield_trace_report.md,False,DIRECT,Scanned file under docs.
docs,docs/M11_openyield_config_variation_report.json,True,file,SRAM_CONFIGURATION,M11_openyield_config_variation_report.json,True,DIRECT,Scanned file under docs.
docs,docs/M11_openyield_config_variation_report.md,True,file,SRAM_CONFIGURATION,M11_openyield_config_variation_report.md,False,DIRECT,Scanned file under docs.
docs,docs/M12_ten_asset_audit_report.json,True,file,,M12_ten_asset_audit_report.json,False,CONTEXT,Scanned file under docs.
docs,docs/M12_ten_asset_audit_report.md,True,file,,M12_ten_asset_audit_report.md,False,CONTEXT,Scanned file under docs.
docs,docs/M1_layoutgen_openyield_binding_report.json,True,file,,M1_layoutgen_openyield_binding_report.json,False,CONTEXT,Scanned file under docs.
docs,docs/M1_layoutgen_openyield_binding_report.md,True,file,,M1_layoutgen_openyield_binding_report.md,False,CONTEXT,Scanned file under docs.
docs,docs/M2R_full_sram_regeneration_report.json,True,file,,M2R_full_sram_regeneration_report.json,False,CONTEXT,Scanned file under docs.
docs,docs/M2R_full_sram_regeneration_report.md,True,file,,M2R_full_sram_regeneration_report.md,False,CONTEXT,Scanned file under docs.
docs,docs/M2_layoutgen_full_trial_report.json,True,file,,M2_layoutgen_full_trial_report.json,False,CONTEXT,Scanned file under docs.
docs,docs/M2_layoutgen_full_trial_report.md,True,file,,M2_layoutgen_full_trial_report.md,False,CONTEXT,Scanned file under docs.
docs,docs/M3F_optimized_layoutgen_restore_report.json,True,file,,M3F_optimized_layoutgen_restore_report.json,False,CONTEXT,Scanned file under docs.
docs,docs/M3F_optimized_layoutgen_restore_report.md,True,file,,M3F_optimized_layoutgen_restore_report.md,False,CONTEXT,Scanned file under docs.
docs,docs/M3R_openyield_semantic_bound_report.json,True,file,NETLIST_SEMANTICS,M3R_openyield_semantic_bound_report.json,False,DIRECT,Scanned file under docs.
docs,docs/M3R_openyield_semantic_bound_report.md,True,file,NETLIST_SEMANTICS,M3R_openyield_semantic_bound_report.md,False,DIRECT,Scanned file under docs.
docs,docs/M4E_openyield_integration_feasibility_report.json,True,file,,M4E_openyield_integration_feasibility_report.json,False,CONTEXT,Scanned file under docs.
docs,docs/M4E_openyield_integration_feasibility_report.md,True,file,,M4E_openyield_integration_feasibility_report.md,False,CONTEXT,Scanned file under docs.
docs,docs/M5_openyield_layoutgen_integration_report.json,True,file,,M5_openyield_layoutgen_integration_report.json,False,CONTEXT,Scanned file under docs.
docs,docs/M5_openyield_layoutgen_integration_report.md,True,file,,M5_openyield_layoutgen_integration_report.md,False,CONTEXT,Scanned file under docs.
docs,docs/M6R_reference_locked_reproduce_report.json,True,file,,M6R_reference_locked_reproduce_report.json,False,CONTEXT,Scanned file under docs.
docs,docs/M6R_reference_locked_reproduce_report.md,True,file,,M6R_reference_locked_reproduce_report.md,False,CONTEXT,Scanned file under docs.
docs,docs/M6_layoutgen_spec_reproduce_report.json,True,file,,M6_layoutgen_spec_reproduce_report.json,False,CONTEXT,Scanned file under docs.
docs,docs/M6_layoutgen_spec_reproduce_report.md,True,file,,M6_layoutgen_spec_reproduce_report.md,False,CONTEXT,Scanned file under docs.
docs,docs/M7C_golden_reference_confirmation_report.json,True,file,GDS_GENERATION_FLOW,M7C_golden_reference_confirmation_report.json,False,DIRECT,Scanned file under docs.
docs,docs/M7C_golden_reference_confirmation_report.md,True,file,GDS_GENERATION_FLOW,M7C_golden_reference_confirmation_report.md,False,DIRECT,Scanned file under docs.
docs,docs/M7_correct_golden_reference_report.json,True,file,GDS_GENERATION_FLOW,M7_correct_golden_reference_report.json,False,DIRECT,Scanned file under docs.
docs,docs/M7_correct_golden_reference_report.md,True,file,GDS_GENERATION_FLOW,M7_correct_golden_reference_report.md,False,DIRECT,Scanned file under docs.
docs,docs/M8RC_confirm_reproducible_golden_flow_report.json,True,file,,M8RC_confirm_reproducible_golden_flow_report.json,False,CONTEXT,Scanned file under docs.
docs,docs/M8RC_confirm_reproducible_golden_flow_report.md,True,file,,M8RC_confirm_reproducible_golden_flow_report.md,False,CONTEXT,Scanned file under docs.
docs,docs/M8R_fix_golden_geometry_delta_report.json,True,file,,M8R_fix_golden_geometry_delta_report.json,False,CONTEXT,Scanned file under docs.
docs,docs/M8R_fix_golden_geometry_delta_report.md,True,file,,M8R_fix_golden_geometry_delta_report.md,False,CONTEXT,Scanned file under docs.
docs,docs/M8_reproduce_uploaded_golden_report.json,True,file,,M8_reproduce_uploaded_golden_report.json,False,CONTEXT,Scanned file under docs.
docs,docs/M8_reproduce_uploaded_golden_report.md,True,file,,M8_reproduce_uploaded_golden_report.md,False,CONTEXT,Scanned file under docs.
docs,docs/M9C_finalize_translator_delivery_report.json,True,file,,M9C_finalize_translator_delivery_report.json,False,CONTEXT,Scanned file under docs.
docs,docs/M9C_finalize_translator_delivery_report.md,True,file,,M9C_finalize_translator_delivery_report.md,False,CONTEXT,Scanned file under docs.
docs,docs/M9H_confirm_translator_review_report.json,True,file,VERIFICATION_AND_TRACE,M9H_confirm_translator_review_report.json,False,DIRECT,Scanned file under docs.
docs,docs/M9H_confirm_translator_review_report.md,True,file,VERIFICATION_AND_TRACE,M9H_confirm_translator_review_report.md,False,DIRECT,Scanned file under docs.
docs,docs/M9_openyield_netlist_translator_report.json,True,file,,M9_openyield_netlist_translator_report.json,False,CONTEXT,Scanned file under docs.
docs,docs/M9_openyield_netlist_translator_report.md,True,file,,M9_openyield_netlist_translator_report.md,False,CONTEXT,Scanned file under docs.
docs,docs/SIGNOFF.md,True,file,,,False,CONTEXT,Scanned file under docs.
docs,docs/T1_openyield_full_file_report.json,True,file,,,False,CONTEXT,Scanned file under docs.
docs,docs/T1_openyield_full_file_report.md,True,file,,,False,CONTEXT,Scanned file under docs.
docs,docs/candidate_spice/README.md,True,file,,,False,CONTEXT,Scanned file under docs.
docs,docs/candidate_spice/control_paths/dff_row_candidate_contract.inc,True,file,,,False,CONTEXT,Scanned file under docs.
docs,docs/candidate_spice/control_paths/gated_clock_path_candidate_contract.inc,True,file,,,False,CONTEXT,Scanned file under docs.
docs,docs/candidate_spice/control_paths/precharge_candidate_contract.sp,True,file,,,False,CONTEXT,Scanned file under docs.
docs,docs/candidate_spice/control_paths/precharge_candidate_ngspice.sp,True,file,,,False,CONTEXT,Scanned file under docs.
docs,docs/candidate_spice/control_paths/precharge_enable_candidate_tb.sp,True,file,,,False,CONTEXT,Scanned file under docs.
docs,docs/candidate_spice/control_paths/precharge_smoke_ngspice.log,True,file,,,False,CONTEXT,Scanned file under docs.
docs,docs/candidate_spice/control_paths/precharge_smoke_ngspice.sp,True,file,,,False,CONTEXT,Scanned file under docs.
docs,docs/candidate_spice/control_paths/sense_enable_path_candidate_contract.inc,True,file,,,False,CONTEXT,Scanned file under docs.
docs,docs/candidate_spice/control_paths/wordline_enable_path_candidate_contract.inc,True,file,ROUTING_RULES,,False,DIRECT,Scanned file under docs.
docs,docs/candidate_spice/control_paths/write_enable_path_candidate_contract.inc,True,file,,,False,CONTEXT,Scanned file under docs.
docs,docs/candidate_spice/delay_chain_corner_placeholder.inc,True,file,,,False,CONTEXT,Scanned file under docs.
docs,docs/candidate_spice/delay_chain_measure.inc,True,file,,,False,CONTEXT,Scanned file under docs.
docs,docs/candidate_spice/delay_chain_measurement_refined_ngspice.log,True,file,,,False,CONTEXT,Scanned file under docs.
docs,docs/candidate_spice/delay_chain_measurement_refined_ngspice.sp,True,file,,,False,CONTEXT,Scanned file under docs.
docs,docs/candidate_spice/delay_chain_symbolic_tb.sp,True,file,,,False,CONTEXT,Scanned file under docs.
docs,docs/candidate_spice/delay_chain_syntax_smoke.sp,True,file,,,False,CONTEXT,Scanned file under docs.
docs,docs/candidate_spice/delay_chain_syntax_smoke_ngspice.log,True,file,,,False,CONTEXT,Scanned file under docs.
docs,docs/candidate_spice/delay_chain_syntax_smoke_ngspice.sp,True,file,,,False,CONTEXT,Scanned file under docs.
docs,docs/candidate_spice/delay_chain_transient_smoke_ngspice.log,True,file,,,False,CONTEXT,Scanned file under docs.
docs,docs/candidate_spice/delay_chain_transient_smoke_ngspice.sp,True,file,,,False,CONTEXT,Scanned file under docs.
docs,docs/candidate_spice/gen_delay_inv_candidate.sp,True,file,,,False,CONTEXT,Scanned file under docs.
docs,docs/candidate_spice/local_model_include_ff_server.inc,True,file,,,False,CONTEXT,Scanned file under docs.
docs,docs/candidate_spice/local_model_include_nom.inc,True,file,,,False,CONTEXT,Scanned file under docs.
docs,docs/candidate_spice/local_model_include_nom_server.inc,True,file,,,False,CONTEXT,Scanned file under docs.
docs,docs/candidate_spice/local_model_include_ss_server.inc,True,file,,,False,CONTEXT,Scanned file under docs.
docs,docs/candidate_spice/pvt_smoke/delay_chain_pvt_ff_ngspice.log,True,file,,,False,CONTEXT,Scanned file under docs.
docs,docs/candidate_spice/pvt_smoke/delay_chain_pvt_ff_ngspice.sp,True,file,,,False,CONTEXT,Scanned file under docs.
docs,docs/candidate_spice/pvt_smoke/delay_chain_pvt_nom_ngspice.log,True,file,,,False,CONTEXT,Scanned file under docs.
docs,docs/candidate_spice/pvt_smoke/delay_chain_pvt_nom_ngspice.sp,True,file,,,False,CONTEXT,Scanned file under docs.
docs,docs/candidate_spice/pvt_smoke/delay_chain_pvt_smoke_summary.csv,True,file,,,False,CONTEXT,Scanned file under docs.
docs,docs/candidate_spice/pvt_smoke/delay_chain_pvt_ss_ngspice.log,True,file,,,False,CONTEXT,Scanned file under docs.
docs,docs/candidate_spice/pvt_smoke/delay_chain_pvt_ss_ngspice.sp,True,file,,,False,CONTEXT,Scanned file under docs.
docs,docs/evidence/C0_complete_gds_gap_summary.md,True,file,,,False,CONTEXT,Scanned file under docs.
docs,docs/evidence/C1_sram_physical_rule_extraction_summary.md,True,file,,,False,CONTEXT,Scanned file under docs.
docs,docs/evidence/C2_pin_geometry_access_repair_summary.md,True,file,,,False,CONTEXT,Scanned file under docs.
docs,docs/evidence/C3_complete_floorplan_reconstruction_summary.md,True,file,FLOORPLAN_RULES,,False,DIRECT,Scanned file under docs.
docs,docs/evidence/C4_complete_signal_routing_summary.md,True,file,ROUTING_RULES,,False,DIRECT,Scanned file under docs.
docs,docs/evidence/C5_complete_power_network_summary.md,True,file,POWER_PLAN,,False,DIRECT,Scanned file under docs.
docs,docs/evidence/C6_complete_sram_gds_final_summary.md,True,file,,,False,CONTEXT,Scanned file under docs.
docs,docs/evidence/L0_semantics_gap_summary.md,True,file,NETLIST_SEMANTICS,,False,DIRECT,Scanned file under docs.
docs,docs/evidence/L1_physical_primitive_gap_summary.md,True,file,,,False,CONTEXT,Scanned file under docs.
docs,docs/evidence/L2_placement_abutment_rule_gap_summary.md,True,file,PLACEMENT_RULES,,False,DIRECT,Scanned file under docs.
docs,docs/evidence/L3_module_generator_gds_gap_summary.md,True,file,,,False,CONTEXT,Scanned file under docs.
docs,docs/evidence/L4_top_level_assembly_gap_summary.md,True,file,,,False,CONTEXT,Scanned file under docs.
docs,docs/evidence/L5_validation_gap_summary.md,True,file,,,False,CONTEXT,Scanned file under docs.
docs,docs/evidence/L6_drc_marker_triage_gap_summary.md,True,file,,,False,CONTEXT,Scanned file under docs.
docs,docs/evidence/M10H_confirm_source_backed_translator_summary.md,True,file,NETLIST_SEMANTICS,M10H_confirm_source_backed_translator_summary.md,False,DIRECT,Scanned file under docs.
docs,docs/evidence/M10_harden_raw_openyield_trace_summary.md,True,file,VERIFICATION_AND_TRACE,M10_harden_raw_openyield_trace_summary.md,False,DIRECT,Scanned file under docs.
docs,docs/evidence/M11_openyield_config_variation_summary.md,True,file,SRAM_CONFIGURATION,M11_openyield_config_variation_summary.md,False,DIRECT,Scanned file under docs.
docs,docs/evidence/M12_ten_asset_audit_summary.md,True,file,,M12_ten_asset_audit_summary.md,False,CONTEXT,Scanned file under docs.
docs,docs/evidence/M1_layoutgen_openyield_binding_summary.md,True,file,,M1_layoutgen_openyield_binding_summary.md,False,CONTEXT,Scanned file under docs.
docs,docs/evidence/M2R_full_sram_regeneration_summary.md,True,file,,M2R_full_sram_regeneration_summary.md,False,CONTEXT,Scanned file under docs.
docs,docs/evidence/M2_layoutgen_full_trial_summary.md,True,file,,M2_layoutgen_full_trial_summary.md,False,CONTEXT,Scanned file under docs.
docs,docs/evidence/M3F_optimized_layoutgen_restore_summary.md,True,file,,M3F_optimized_layoutgen_restore_summary.md,False,CONTEXT,Scanned file under docs.
docs,docs/evidence/M3R_openyield_semantic_bound_summary.md,True,file,NETLIST_SEMANTICS,M3R_openyield_semantic_bound_summary.md,False,DIRECT,Scanned file under docs.
docs,docs/evidence/M4E_openyield_integration_feasibility_summary.md,True,file,,M4E_openyield_integration_feasibility_summary.md,False,CONTEXT,Scanned file under docs.
docs,docs/evidence/M5_openyield_layoutgen_integration_summary.md,True,file,,M5_openyield_layoutgen_integration_summary.md,False,CONTEXT,Scanned file under docs.
docs,docs/evidence/M6R_reference_locked_reproduce_summary.md,True,file,,M6R_reference_locked_reproduce_summary.md,False,CONTEXT,Scanned file under docs.
docs,docs/evidence/M6_layoutgen_spec_reproduce_summary.md,True,file,,M6_layoutgen_spec_reproduce_summary.md,False,CONTEXT,Scanned file under docs.
docs,docs/evidence/M7C_golden_reference_confirmation_summary.md,True,file,GDS_GENERATION_FLOW,M7C_golden_reference_confirmation_summary.md,False,DIRECT,Scanned file under docs.
docs,docs/evidence/M7_correct_golden_reference_summary.md,True,file,GDS_GENERATION_FLOW,M7_correct_golden_reference_summary.md,False,DIRECT,Scanned file under docs.
docs,docs/evidence/M8R_fix_golden_geometry_delta_summary.md,True,file,,M8R_fix_golden_geometry_delta_summary.md,False,CONTEXT,Scanned file under docs.
docs,docs/evidence/M8_reproduce_uploaded_golden_summary.md,True,file,,M8_reproduce_uploaded_golden_summary.md,False,CONTEXT,Scanned file under docs.
docs,docs/evidence/M9C_finalize_translator_delivery_summary.md,True,file,,M9C_finalize_translator_delivery_summary.md,False,CONTEXT,Scanned file under docs.
docs,docs/evidence/M9H_confirm_translator_review_summary.md,True,file,VERIFICATION_AND_TRACE,M9H_confirm_translator_review_summary.md,False,DIRECT,Scanned file under docs.
docs,docs/evidence/M9_openyield_netlist_translator_summary.md,True,file,,M9_openyield_netlist_translator_summary.md,False,CONTEXT,Scanned file under docs.
docs,docs/evidence/R0_openram_audit_source_evidence.md,True,file,,,False,CONTEXT,Scanned file under docs.
docs,docs/evidence/R1_layout_intent_gap_summary.md,True,file,FLOORPLAN_RULES;NETLIST_SEMANTICS,,False,DIRECT,Scanned file under docs.
docs,docs/evidence/R2_generator_architecture_gap_summary.md,True,file,,,False,CONTEXT,Scanned file under docs.
docs,docs/evidence/R3_structure_complete_gds_gap_summary.md,True,file,,,False,CONTEXT,Scanned file under docs.
docs,docs/evidence/R4_routing_power_pin_gap_summary.md,True,file,POWER_PLAN;ROUTING_RULES,,False,DIRECT,Scanned file under docs.
docs,docs/evidence/R5_final_validation_handoff_summary.md,True,file,,,False,CONTEXT,Scanned file under docs.
docs,docs/evidence/S0_project_status_reset_summary.md,True,file,,,False,CONTEXT,Scanned file under docs.
docs,docs/evidence/T1_openyield_full_file_summary.md,True,file,,,False,CONTEXT,Scanned file under docs.
docs,docs/evidence/evidence_timeline.md,True,file,,,False,CONTEXT,Scanned file under docs.
docs,docs/evidence/milestone_summary.md,True,file,,,False,CONTEXT,Scanned file under docs.
docs,docs/evidence/netlist_to_gds_gap_summary.md,True,file,,,False,CONTEXT,Scanned file under docs.
docs,docs/evidence/step7_final_repair_planning_gap_summary.md,True,file,,,False,CONTEXT,Scanned file under docs.
docs,docs/evidence/step8_final_handoff_summary.md,True,file,,,False,CONTEXT,Scanned file under docs.
docs,docs/evidence/timing_metadata_summary.md,True,file,,,False,CONTEXT,Scanned file under docs.
docs,docs/git_safety_snapshots/pre_openyield_diff_stat.txt,True,file,,,False,CONTEXT,Scanned file under docs.
docs,docs/git_safety_snapshots/pre_openyield_git_status.txt,True,file,,,False,CONTEXT,Scanned file under docs.
docs,docs/git_safety_snapshots/pre_openyield_untracked_files.txt,True,file,,,False,CONTEXT,Scanned file under docs.
docs,docs/layoutgen_openyield_next_phase_plan.json,True,file,,,False,CONTEXT,Scanned file under docs.
docs,docs/layoutgen_openyield_next_phase_plan.md,True,file,,,False,CONTEXT,Scanned file under docs.
docs,docs/mapping/M10_remaining_gap_matrix.csv,True,file,VERIFICATION_AND_TRACE,M10_remaining_gap_matrix.csv,False,DIRECT,Scanned file under docs.
docs,docs/mapping/M10_remaining_gap_matrix.md,True,file,VERIFICATION_AND_TRACE,M10_remaining_gap_matrix.md,False,DIRECT,Scanned file under docs.
docs,docs/mapping/M10_source_backed_instance_trace.csv,True,file,NETLIST_SEMANTICS;VERIFICATION_AND_TRACE,M10_source_backed_instance_trace.csv,False,DIRECT,Scanned file under docs.
docs,docs/mapping/M10_source_backed_instance_trace.md,True,file,NETLIST_SEMANTICS;VERIFICATION_AND_TRACE,M10_source_backed_instance_trace.md,False,DIRECT,Scanned file under docs.
docs,docs/mapping/M10_source_backed_module_trace.csv,True,file,NETLIST_SEMANTICS;VERIFICATION_AND_TRACE,M10_source_backed_module_trace.csv,False,DIRECT,Scanned file under docs.
docs,docs/mapping/M10_source_backed_module_trace.md,True,file,NETLIST_SEMANTICS;VERIFICATION_AND_TRACE,M10_source_backed_module_trace.md,False,DIRECT,Scanned file under docs.
docs,docs/mapping/M10_source_backed_net_trace.csv,True,file,NETLIST_SEMANTICS;VERIFICATION_AND_TRACE,M10_source_backed_net_trace.csv,False,DIRECT,Scanned file under docs.
docs,docs/mapping/M10_source_backed_net_trace.md,True,file,NETLIST_SEMANTICS;VERIFICATION_AND_TRACE,M10_source_backed_net_trace.md,False,DIRECT,Scanned file under docs.
docs,docs/mapping/M10_translator_argument_matrix.csv,True,file,,M10_translator_argument_matrix.csv,False,CONTEXT,Scanned file under docs.
docs,docs/mapping/M10_translator_argument_matrix.md,True,file,,M10_translator_argument_matrix.md,False,CONTEXT,Scanned file under docs.
docs,docs/mapping/M11_config_candidate_inventory.csv,True,file,SRAM_CONFIGURATION,M11_config_candidate_inventory.csv,False,DIRECT,Scanned file under docs.
docs,docs/mapping/M11_remaining_gap_matrix.csv,True,file,VERIFICATION_AND_TRACE,M11_remaining_gap_matrix.csv,False,DIRECT,Scanned file under docs.
docs,docs/mapping/M11_spec_field_source_matrix.csv,True,file,,M11_spec_field_source_matrix.csv,False,CONTEXT,Scanned file under docs.
docs,docs/mapping/M11_variation_support_matrix.csv,True,file,SRAM_CONFIGURATION,M11_variation_support_matrix.csv,False,DIRECT,Scanned file under docs.
docs,docs/mapping/M12_missing_asset_backlog.csv,True,file,,M12_missing_asset_backlog.csv,False,CONTEXT,Scanned file under docs.
docs,docs/mapping/M12_next_fill_plan.csv,True,file,,M12_next_fill_plan.csv,False,CONTEXT,Scanned file under docs.
docs,docs/mapping/M12_ten_required_assets_matrix.csv,True,file,,M12_ten_required_assets_matrix.csv,False,CONTEXT,Scanned file under docs.
docs,docs/mapping/M12_workdir_asset_evidence_inventory.csv,True,file,,M12_workdir_asset_evidence_inventory.csv,False,CONTEXT,Scanned file under docs.
docs,docs/mapping/M1_first_round_module_physical_audit.csv,True,file,,M1_first_round_module_physical_audit.csv,False,CONTEXT,Scanned file under docs.
docs,docs/mapping/M1_first_round_module_physical_audit.md,True,file,,M1_first_round_module_physical_audit.md,False,CONTEXT,Scanned file under docs.
docs,docs/mapping/M1_layoutgen_generator_inventory.csv,True,file,,M1_layoutgen_generator_inventory.csv,False,CONTEXT,Scanned file under docs.
docs,docs/mapping/M1_layoutgen_generator_inventory.md,True,file,,M1_layoutgen_generator_inventory.md,False,CONTEXT,Scanned file under docs.
docs,docs/mapping/M1_openyield_net_to_layoutgen_pin_binding.csv,True,file,,M1_openyield_net_to_layoutgen_pin_binding.csv,False,CONTEXT,Scanned file under docs.
docs,docs/mapping/M1_openyield_net_to_layoutgen_pin_binding.md,True,file,,M1_openyield_net_to_layoutgen_pin_binding.md,False,CONTEXT,Scanned file under docs.
docs,docs/mapping/M1_openyield_to_layoutgen_binding.csv,True,file,,M1_openyield_to_layoutgen_binding.csv,False,CONTEXT,Scanned file under docs.
docs,docs/mapping/M1_openyield_to_layoutgen_binding.md,True,file,,M1_openyield_to_layoutgen_binding.md,False,CONTEXT,Scanned file under docs.
docs,docs/mapping/M2R_layoutgen_flow_reuse_matrix.csv,True,file,,M2R_layoutgen_flow_reuse_matrix.csv,False,CONTEXT,Scanned file under docs.
docs,docs/mapping/M2R_layoutgen_flow_reuse_matrix.md,True,file,,M2R_layoutgen_flow_reuse_matrix.md,False,CONTEXT,Scanned file under docs.
docs,docs/mapping/M2R_module_usage_matrix.csv,True,file,PLACEMENT_RULES,M2R_module_usage_matrix.csv,False,DIRECT,Scanned file under docs.
docs,docs/mapping/M2R_module_usage_matrix.md,True,file,PLACEMENT_RULES,M2R_module_usage_matrix.md,False,DIRECT,Scanned file under docs.
docs,docs/mapping/M2R_remaining_gap_matrix.csv,True,file,VERIFICATION_AND_TRACE,M2R_remaining_gap_matrix.csv,False,DIRECT,Scanned file under docs.
docs,docs/mapping/M2R_remaining_gap_matrix.md,True,file,VERIFICATION_AND_TRACE,M2R_remaining_gap_matrix.md,False,DIRECT,Scanned file under docs.
docs,docs/mapping/M2_full_sram_placement_matrix.csv,True,file,PLACEMENT_RULES,M2_full_sram_placement_matrix.csv,False,DIRECT,Scanned file under docs.
docs,docs/mapping/M2_full_sram_placement_matrix.md,True,file,PLACEMENT_RULES,M2_full_sram_placement_matrix.md,False,DIRECT,Scanned file under docs.
docs,docs/mapping/M2_openyield_module_to_real_gds_usage.csv,True,file,,M2_openyield_module_to_real_gds_usage.csv,False,CONTEXT,Scanned file under docs.
docs,docs/mapping/M2_openyield_module_to_real_gds_usage.md,True,file,,M2_openyield_module_to_real_gds_usage.md,False,CONTEXT,Scanned file under docs.
docs,docs/mapping/M2_unresolved_gap_matrix.csv,True,file,,M2_unresolved_gap_matrix.csv,False,CONTEXT,Scanned file under docs.
docs,docs/mapping/M2_unresolved_gap_matrix.md,True,file,,M2_unresolved_gap_matrix.md,False,CONTEXT,Scanned file under docs.
docs,docs/mapping/M3F_layoutgen_optimization_reuse_matrix.csv,True,file,,M3F_layoutgen_optimization_reuse_matrix.csv,False,CONTEXT,Scanned file under docs.
docs,docs/mapping/M3F_layoutgen_optimization_reuse_matrix.md,True,file,,M3F_layoutgen_optimization_reuse_matrix.md,False,CONTEXT,Scanned file under docs.
docs,docs/mapping/M3F_openyield_semantic_binding_matrix.csv,True,file,NETLIST_SEMANTICS,M3F_openyield_semantic_binding_matrix.csv,False,DIRECT,Scanned file under docs.
docs,docs/mapping/M3F_openyield_semantic_binding_matrix.md,True,file,NETLIST_SEMANTICS,M3F_openyield_semantic_binding_matrix.md,False,DIRECT,Scanned file under docs.
docs,docs/mapping/M3F_power_rail_stitch_matrix.csv,True,file,POWER_PLAN,M3F_power_rail_stitch_matrix.csv,False,DIRECT,Scanned file under docs.
docs,docs/mapping/M3F_power_rail_stitch_matrix.md,True,file,POWER_PLAN,M3F_power_rail_stitch_matrix.md,False,DIRECT,Scanned file under docs.
docs,docs/mapping/M3R_first_round_module_reuse_decision.csv,True,file,,M3R_first_round_module_reuse_decision.csv,False,CONTEXT,Scanned file under docs.
docs,docs/mapping/M3R_first_round_module_reuse_decision.md,True,file,,M3R_first_round_module_reuse_decision.md,False,CONTEXT,Scanned file under docs.
docs,docs/mapping/M3R_openyield_module_to_physical_hierarchy_map.csv,True,file,,M3R_openyield_module_to_physical_hierarchy_map.csv,False,CONTEXT,Scanned file under docs.
docs,docs/mapping/M3R_openyield_module_to_physical_hierarchy_map.md,True,file,,M3R_openyield_module_to_physical_hierarchy_map.md,False,CONTEXT,Scanned file under docs.
docs,docs/mapping/M3R_openyield_net_to_physical_pin_map.csv,True,file,,M3R_openyield_net_to_physical_pin_map.csv,False,CONTEXT,Scanned file under docs.
docs,docs/mapping/M3R_openyield_net_to_physical_pin_map.md,True,file,,M3R_openyield_net_to_physical_pin_map.md,False,CONTEXT,Scanned file under docs.
docs,docs/mapping/M4E_code_modification_matrix.csv,True,file,,M4E_code_modification_matrix.csv,False,CONTEXT,Scanned file under docs.
docs,docs/mapping/M4E_code_modification_matrix.md,True,file,,M4E_code_modification_matrix.md,False,CONTEXT,Scanned file under docs.
docs,docs/mapping/M4E_go_nogo_decision_matrix.csv,True,file,,M4E_go_nogo_decision_matrix.csv,False,CONTEXT,Scanned file under docs.
docs,docs/mapping/M4E_go_nogo_decision_matrix.md,True,file,,M4E_go_nogo_decision_matrix.md,False,CONTEXT,Scanned file under docs.
docs,docs/mapping/M4E_openyield_to_layoutgen_implementation_binding.csv,True,file,,M4E_openyield_to_layoutgen_implementation_binding.csv,False,CONTEXT,Scanned file under docs.
docs,docs/mapping/M4E_openyield_to_layoutgen_implementation_binding.md,True,file,,M4E_openyield_to_layoutgen_implementation_binding.md,False,CONTEXT,Scanned file under docs.
docs,docs/mapping/M5_code_modification_result_matrix.csv,True,file,,M5_code_modification_result_matrix.csv,False,CONTEXT,Scanned file under docs.
docs,docs/mapping/M5_code_modification_result_matrix.md,True,file,,M5_code_modification_result_matrix.md,False,CONTEXT,Scanned file under docs.
docs,docs/mapping/M5_module_implementation_matrix.csv,True,file,,M5_module_implementation_matrix.csv,False,CONTEXT,Scanned file under docs.
docs,docs/mapping/M5_module_implementation_matrix.md,True,file,,M5_module_implementation_matrix.md,False,CONTEXT,Scanned file under docs.
docs,docs/mapping/M5_net_implementation_matrix.csv,True,file,,M5_net_implementation_matrix.csv,False,CONTEXT,Scanned file under docs.
docs,docs/mapping/M5_net_implementation_matrix.md,True,file,,M5_net_implementation_matrix.md,False,CONTEXT,Scanned file under docs.
docs,docs/mapping/M5_remaining_gap_matrix.csv,True,file,VERIFICATION_AND_TRACE,M5_remaining_gap_matrix.csv,False,DIRECT,Scanned file under docs.
docs,docs/mapping/M5_remaining_gap_matrix.md,True,file,VERIFICATION_AND_TRACE,M5_remaining_gap_matrix.md,False,DIRECT,Scanned file under docs.
docs,docs/mapping/M6_column_path_presence_matrix.csv,True,file,,M6_column_path_presence_matrix.csv,False,CONTEXT,Scanned file under docs.
docs,docs/mapping/M6_column_path_presence_matrix.md,True,file,,M6_column_path_presence_matrix.md,False,CONTEXT,Scanned file under docs.
docs,docs/mapping/M6_generation_parameter_matrix.csv,True,file,,M6_generation_parameter_matrix.csv,False,CONTEXT,Scanned file under docs.
docs,docs/mapping/M6_power_rail_overlap_matrix.csv,True,file,POWER_PLAN,M6_power_rail_overlap_matrix.csv,False,DIRECT,Scanned file under docs.
docs,docs/mapping/M6_power_rail_overlap_matrix.md,True,file,POWER_PLAN,M6_power_rail_overlap_matrix.md,False,DIRECT,Scanned file under docs.
docs,docs/mapping/M6_reference_comparison_matrix.csv,True,file,,M6_reference_comparison_matrix.csv,False,CONTEXT,Scanned file under docs.
docs,docs/mapping/M7_gds_candidate_inventory.csv,True,file,,M7_gds_candidate_inventory.csv,False,CONTEXT,Scanned file under docs.
docs,docs/mapping/M7_next_repair_target_matrix.csv,True,file,,M7_next_repair_target_matrix.csv,False,CONTEXT,Scanned file under docs.
docs,docs/mapping/M7_old_vs_new_reference_comparison.csv,True,file,,M7_old_vs_new_reference_comparison.csv,False,CONTEXT,Scanned file under docs.
docs,docs/mapping/M7_zip_inventory.csv,True,file,,M7_zip_inventory.csv,False,CONTEXT,Scanned file under docs.
docs,docs/mapping/M8R_layer_delta_matrix.csv,True,file,,M8R_layer_delta_matrix.csv,False,CONTEXT,Scanned file under docs.
docs,docs/mapping/M8R_missing_geometry_classification.csv,True,file,,M8R_missing_geometry_classification.csv,False,CONTEXT,Scanned file under docs.
docs,docs/mapping/M8R_raw_gds_candidate_comparison.csv,True,file,,M8R_raw_gds_candidate_comparison.csv,False,CONTEXT,Scanned file under docs.
docs,docs/mapping/M8R_remaining_gap_matrix.csv,True,file,VERIFICATION_AND_TRACE,M8R_remaining_gap_matrix.csv,False,DIRECT,Scanned file under docs.
docs,docs/mapping/M8_column_mux_matrix.csv,True,file,,M8_column_mux_matrix.csv,False,CONTEXT,Scanned file under docs.
docs,docs/mapping/M8_generation_parameter_matrix.csv,True,file,,M8_generation_parameter_matrix.csv,False,CONTEXT,Scanned file under docs.
docs,docs/mapping/M8_power_rail_overlap_matrix.csv,True,file,POWER_PLAN,M8_power_rail_overlap_matrix.csv,False,DIRECT,Scanned file under docs.
docs,docs/mapping/M8_reference_geometry_comparison_matrix.csv,True,file,,M8_reference_geometry_comparison_matrix.csv,False,CONTEXT,Scanned file under docs.
docs,docs/mapping/M8_remaining_gap_matrix.csv,True,file,VERIFICATION_AND_TRACE,M8_remaining_gap_matrix.csv,False,DIRECT,Scanned file under docs.
docs,docs/mapping/M9_module_binding_matrix.csv,True,file,NETLIST_SEMANTICS,M9_module_binding_matrix.csv,False,DIRECT,Scanned file under docs.
docs,docs/mapping/M9_net_binding_matrix.csv,True,file,NETLIST_SEMANTICS;ROUTING_RULES,M9_net_binding_matrix.csv,False,DIRECT,Scanned file under docs.
docs,docs/mapping/deprecated_artifact_inventory.csv,True,file,,,False,CONTEXT,Scanned file under docs.
docs,docs/mapping/deprecated_artifact_inventory.md,True,file,,,False,CONTEXT,Scanned file under docs.
docs,docs/mapping/first_round_openyield_module_gds_inventory.csv,True,file,PHYSICAL_IMPLEMENTATION_LIBRARY,,False,DIRECT,Scanned file under docs.
docs,docs/mapping/first_round_openyield_module_gds_inventory.md,True,file,PHYSICAL_IMPLEMENTATION_LIBRARY,,False,DIRECT,Scanned file under docs.
docs,docs/mapping/layoutgen_generator_code_inventory.csv,True,file,,,False,CONTEXT,Scanned file under docs.
docs,docs/mapping/layoutgen_generator_code_inventory.md,True,file,,,False,CONTEXT,Scanned file under docs.
docs,docs/mapping/next_phase_dependency_matrix.csv,True,file,,,False,CONTEXT,Scanned file under docs.
docs,docs/mapping/next_phase_dependency_matrix.md,True,file,,,False,CONTEXT,Scanned file under docs.
docs,docs/mapping/openram_gds_generation_learning_checklist.csv,True,file,,,False,CONTEXT,Scanned file under docs.
docs,docs/mapping/openram_gds_generation_learning_checklist.md,True,file,,,False,CONTEXT,Scanned file under docs.
docs,docs/mapping/openram_to_openyield_layoutgen_reuse_matrix.csv,True,file,,,False,CONTEXT,Scanned file under docs.
docs,docs/mapping/openram_to_openyield_layoutgen_reuse_matrix.md,True,file,,,False,CONTEXT,Scanned file under docs.
docs,docs/mapping/openyield_C0_complete_gds_gap_matrix.csv,True,file,,,False,CONTEXT,Scanned file under docs.
docs,docs/mapping/openyield_C0_complete_gds_gap_matrix.md,True,file,,,False,CONTEXT,Scanned file under docs.
docs,docs/mapping/openyield_C1_physical_rule_matrix.csv,True,file,,,False,CONTEXT,Scanned file under docs.
docs,docs/mapping/openyield_C1_physical_rule_matrix.md,True,file,,,False,CONTEXT,Scanned file under docs.
docs,docs/mapping/openyield_C2_pin_access_matrix.csv,True,file,PIN_BBOX_RAIL_METADATA,,False,DIRECT,Scanned file under docs.
docs,docs/mapping/openyield_C2_pin_access_matrix.md,True,file,PIN_BBOX_RAIL_METADATA,,False,DIRECT,Scanned file under docs.
docs,docs/mapping/openyield_C3_complete_placement_matrix.csv,True,file,PLACEMENT_RULES,,False,DIRECT,Scanned file under docs.
docs,docs/mapping/openyield_C3_complete_placement_matrix.md,True,file,PLACEMENT_RULES,,False,DIRECT,Scanned file under docs.
docs,docs/mapping/openyield_C4_signal_net_to_shape_matrix.csv,True,file,ROUTING_RULES,,False,DIRECT,Scanned file under docs.
docs,docs/mapping/openyield_C4_signal_net_to_shape_matrix.md,True,file,ROUTING_RULES,,False,DIRECT,Scanned file under docs.
docs,docs/mapping/openyield_C4_signal_routing_matrix.csv,True,file,ROUTING_RULES,,False,DIRECT,Scanned file under docs.
docs,docs/mapping/openyield_C4_signal_routing_matrix.md,True,file,ROUTING_RULES,,False,DIRECT,Scanned file under docs.
docs,docs/mapping/openyield_C5_power_net_to_shape_matrix.csv,True,file,POWER_PLAN;ROUTING_RULES,,False,DIRECT,Scanned file under docs.
docs,docs/mapping/openyield_C5_power_net_to_shape_matrix.md,True,file,POWER_PLAN;ROUTING_RULES,,False,DIRECT,Scanned file under docs.
docs,docs/mapping/openyield_C5_power_stitch_matrix.csv,True,file,POWER_PLAN,,False,DIRECT,Scanned file under docs.
docs,docs/mapping/openyield_C5_power_stitch_matrix.md,True,file,POWER_PLAN,,False,DIRECT,Scanned file under docs.
docs,docs/mapping/openyield_C6_final_net_to_shape_matrix.csv,True,file,ROUTING_RULES,,False,DIRECT,Scanned file under docs.
docs,docs/mapping/openyield_C6_final_net_to_shape_matrix.md,True,file,ROUTING_RULES,,False,DIRECT,Scanned file under docs.
docs,docs/mapping/openyield_C6_final_validation_matrix.csv,True,file,,,False,CONTEXT,Scanned file under docs.
docs,docs/mapping/openyield_C6_final_validation_matrix.md,True,file,,,False,CONTEXT,Scanned file under docs.
docs,docs/mapping/openyield_L5_validation_matrix.csv,True,file,,,False,CONTEXT,Scanned file under docs.
docs,docs/mapping/openyield_L5_validation_matrix.md,True,file,,,False,CONTEXT,Scanned file under docs.
docs,docs/mapping/openyield_L6_drc_marker_triage_matrix.csv,True,file,,,False,CONTEXT,Scanned file under docs.
docs,docs/mapping/openyield_L6_drc_marker_triage_matrix.md,True,file,,,False,CONTEXT,Scanned file under docs.
docs,docs/mapping/openyield_R1_layout_intent_matrix.csv,True,file,FLOORPLAN_RULES;NETLIST_SEMANTICS,,False,DIRECT,Scanned file under docs.
docs,docs/mapping/openyield_R1_layout_intent_matrix.md,True,file,FLOORPLAN_RULES;NETLIST_SEMANTICS,,False,DIRECT,Scanned file under docs.
docs,docs/mapping/openyield_R2_generator_architecture_matrix.csv,True,file,,,False,CONTEXT,Scanned file under docs.
docs,docs/mapping/openyield_R2_generator_architecture_matrix.md,True,file,,,False,CONTEXT,Scanned file under docs.
docs,docs/mapping/openyield_R3_structure_complete_placement_matrix.csv,True,file,PLACEMENT_RULES,,False,DIRECT,Scanned file under docs.
docs,docs/mapping/openyield_R3_structure_complete_placement_matrix.md,True,file,PLACEMENT_RULES,,False,DIRECT,Scanned file under docs.
docs,docs/mapping/openyield_R4_net_to_shape_matrix.csv,True,file,ROUTING_RULES,,False,DIRECT,Scanned file under docs.
docs,docs/mapping/openyield_R4_net_to_shape_matrix.md,True,file,ROUTING_RULES,,False,DIRECT,Scanned file under docs.
docs,docs/mapping/openyield_R4_routing_power_pin_matrix.csv,True,file,POWER_PLAN;ROUTING_RULES,,False,DIRECT,Scanned file under docs.
docs,docs/mapping/openyield_R4_routing_power_pin_matrix.md,True,file,POWER_PLAN;ROUTING_RULES,,False,DIRECT,Scanned file under docs.
docs,docs/mapping/openyield_R5_final_validation_matrix.csv,True,file,,,False,CONTEXT,Scanned file under docs.
docs,docs/mapping/openyield_R5_final_validation_matrix.md,True,file,,,False,CONTEXT,Scanned file under docs.
docs,docs/mapping/openyield_abutment_rule_matrix.csv,True,file,PLACEMENT_RULES,,False,DIRECT,Scanned file under docs.
docs,docs/mapping/openyield_abutment_rule_matrix.md,True,file,PLACEMENT_RULES,,False,DIRECT,Scanned file under docs.
docs,docs/mapping/openyield_canonical_sram_semantic_contract.json,True,file,NETLIST_SEMANTICS,,False,DIRECT,Scanned file under docs.
docs,docs/mapping/openyield_canonical_sram_semantic_contract.md,True,file,NETLIST_SEMANTICS,,False,DIRECT,Scanned file under docs.
docs,docs/mapping/openyield_cell_rail_overlap_eligibility.csv,True,file,POWER_PLAN,,False,DIRECT,Scanned file under docs.
docs,docs/mapping/openyield_cell_rail_overlap_eligibility.md,True,file,POWER_PLAN,,False,DIRECT,Scanned file under docs.
docs,docs/mapping/openyield_control_path_candidate_contracts.csv,True,file,,,False,CONTEXT,Scanned file under docs.
docs,docs/mapping/openyield_control_path_candidate_contracts.md,True,file,,,False,CONTEXT,Scanned file under docs.
docs,docs/mapping/openyield_control_path_semantic_contracts.csv,True,file,NETLIST_SEMANTICS,,False,DIRECT,Scanned file under docs.
docs,docs/mapping/openyield_control_path_semantic_contracts.md,True,file,NETLIST_SEMANTICS,,False,DIRECT,Scanned file under docs.
docs,docs/mapping/openyield_control_timing_mapping.csv,True,file,,,False,CONTEXT,Scanned file under docs.
docs,docs/mapping/openyield_control_timing_mapping.md,True,file,,,False,CONTEXT,Scanned file under docs.
docs,docs/mapping/openyield_decoder_wordline_semantic_contract.json,True,file,NETLIST_SEMANTICS;ROUTING_RULES,,False,DIRECT,Scanned file under docs.
docs,docs/mapping/openyield_decoder_wordline_semantic_contract.md,True,file,NETLIST_SEMANTICS;ROUTING_RULES,,False,DIRECT,Scanned file under docs.
docs,docs/mapping/openyield_leaf_physical_readiness_matrix.csv,True,file,,,False,CONTEXT,Scanned file under docs.
docs,docs/mapping/openyield_leaf_physical_readiness_matrix.md,True,file,,,False,CONTEXT,Scanned file under docs.
docs,docs/mapping/openyield_logical_to_openyield_parameter_map.csv,True,file,,,False,CONTEXT,Scanned file under docs.
docs,docs/mapping/openyield_logical_to_openyield_parameter_map.md,True,file,,,False,CONTEXT,Scanned file under docs.
docs,docs/mapping/openyield_module_connection_graph.json,True,file,,,False,CONTEXT,Scanned file under docs.
docs,docs/mapping/openyield_module_connection_matrix.csv,True,file,FLOORPLAN_RULES,,False,DIRECT,Scanned file under docs.
docs,docs/mapping/openyield_module_connection_matrix.md,True,file,FLOORPLAN_RULES,,False,DIRECT,Scanned file under docs.
docs,docs/mapping/openyield_module_gds_inventory.csv,True,file,PHYSICAL_IMPLEMENTATION_LIBRARY,,False,DIRECT,Scanned file under docs.
docs,docs/mapping/openyield_module_gds_inventory.md,True,file,PHYSICAL_IMPLEMENTATION_LIBRARY,,False,DIRECT,Scanned file under docs.
docs,docs/mapping/openyield_module_generator_inventory.csv,True,file,,,False,CONTEXT,Scanned file under docs.
docs,docs/mapping/openyield_module_generator_inventory.md,True,file,,,False,CONTEXT,Scanned file under docs.
docs,docs/mapping/openyield_module_handoff_rule_matrix.csv,True,file,,,False,CONTEXT,Scanned file under docs.
docs,docs/mapping/openyield_module_handoff_rule_matrix.md,True,file,,,False,CONTEXT,Scanned file under docs.
docs,docs/mapping/openyield_module_semantics_matrix.csv,True,file,NETLIST_SEMANTICS,,False,DIRECT,Scanned file under docs.
docs,docs/mapping/openyield_module_semantics_matrix.md,True,file,NETLIST_SEMANTICS,,False,DIRECT,Scanned file under docs.
docs,docs/mapping/openyield_module_to_primitive_dependency_matrix.csv,True,file,,,False,CONTEXT,Scanned file under docs.
docs,docs/mapping/openyield_module_to_primitive_dependency_matrix.md,True,file,,,False,CONTEXT,Scanned file under docs.
docs,docs/mapping/openyield_netlist_to_gds_readiness_matrix.csv,True,file,,,False,CONTEXT,Scanned file under docs.
docs,docs/mapping/openyield_netlist_to_gds_readiness_matrix.md,True,file,,,False,CONTEXT,Scanned file under docs.
docs,docs/mapping/openyield_orientation_policy_matrix.csv,True,file,PLACEMENT_RULES,,False,DIRECT,Scanned file under docs.
docs,docs/mapping/openyield_orientation_policy_matrix.md,True,file,PLACEMENT_RULES,,False,DIRECT,Scanned file under docs.
docs,docs/mapping/openyield_parameter_dependency_matrix.csv,True,file,,,False,CONTEXT,Scanned file under docs.
docs,docs/mapping/openyield_parameter_dependency_matrix.md,True,file,,,False,CONTEXT,Scanned file under docs.
docs,docs/mapping/openyield_pin_access_rule_matrix.csv,True,file,PIN_BBOX_RAIL_METADATA,,False,DIRECT,Scanned file under docs.
docs,docs/mapping/openyield_pin_access_rule_matrix.md,True,file,PIN_BBOX_RAIL_METADATA,,False,DIRECT,Scanned file under docs.
docs,docs/mapping/openyield_placement_rule_matrix.csv,True,file,PLACEMENT_RULES,,False,DIRECT,Scanned file under docs.
docs,docs/mapping/openyield_placement_rule_matrix.md,True,file,PLACEMENT_RULES,,False,DIRECT,Scanned file under docs.
docs,docs/mapping/openyield_primitive_composition_contracts.csv,True,file,,,False,CONTEXT,Scanned file under docs.
docs,docs/mapping/openyield_primitive_composition_contracts.md,True,file,,,False,CONTEXT,Scanned file under docs.
docs,docs/mapping/openyield_rail_rule_matrix.csv,True,file,PIN_BBOX_RAIL_METADATA;POWER_PLAN,,False,DIRECT,Scanned file under docs.
docs,docs/mapping/openyield_rail_rule_matrix.md,True,file,PIN_BBOX_RAIL_METADATA;POWER_PLAN,,False,DIRECT,Scanned file under docs.
docs,docs/mapping/openyield_sram_config_variation_matrix.csv,True,file,SRAM_CONFIGURATION,,False,DIRECT,Scanned file under docs.
docs,docs/mapping/openyield_sram_config_variation_matrix.md,True,file,SRAM_CONFIGURATION,,False,DIRECT,Scanned file under docs.
docs,docs/mapping/openyield_step7_final_repair_plan_matrix.csv,True,file,,,False,CONTEXT,Scanned file under docs.
docs,docs/mapping/openyield_step7_final_repair_plan_matrix.md,True,file,,,False,CONTEXT,Scanned file under docs.
docs,docs/mapping/openyield_time_control_decomposition_contract.json,True,file,,,False,CONTEXT,Scanned file under docs.
docs,docs/mapping/openyield_time_control_decomposition_contract.md,True,file,,,False,CONTEXT,Scanned file under docs.
docs,docs/mapping/openyield_to_layoutgen_semantic_mapping.csv,True,file,NETLIST_SEMANTICS,,False,DIRECT,Scanned file under docs.
docs,docs/mapping/openyield_to_layoutgen_semantic_mapping.md,True,file,NETLIST_SEMANTICS,,False,DIRECT,Scanned file under docs.
docs,docs/mapping/openyield_top_bank_semantic_contract.json,True,file,NETLIST_SEMANTICS,,False,DIRECT,Scanned file under docs.
docs,docs/mapping/openyield_top_bank_semantic_contract.md,True,file,NETLIST_SEMANTICS,,False,DIRECT,Scanned file under docs.
docs,docs/mapping/openyield_top_level_assembly_inventory.csv,True,file,,,False,CONTEXT,Scanned file under docs.
docs,docs/mapping/openyield_top_level_assembly_inventory.md,True,file,,,False,CONTEXT,Scanned file under docs.
docs,docs/mapping/reusable_artifact_inventory.csv,True,file,,,False,CONTEXT,Scanned file under docs.
docs,docs/mapping/reusable_artifact_inventory.md,True,file,,,False,CONTEXT,Scanned file under docs.
docs,docs/openram_gds_generation_audit_report.json,True,file,,,False,CONTEXT,Scanned file under docs.
docs,docs/openram_gds_generation_audit_report.md,True,file,,,False,CONTEXT,Scanned file under docs.
docs,docs/openyield_C0_complete_gds_gap_audit_report.json,True,file,,,False,CONTEXT,Scanned file under docs.
docs,docs/openyield_C0_complete_gds_gap_audit_report.md,True,file,,,False,CONTEXT,Scanned file under docs.
docs,docs/openyield_C1_sram_physical_rule_extraction_report.json,True,file,,,False,CONTEXT,Scanned file under docs.
docs,docs/openyield_C1_sram_physical_rule_extraction_report.md,True,file,,,False,CONTEXT,Scanned file under docs.
docs,docs/openyield_C2_pin_geometry_access_repair_report.json,True,file,,,False,CONTEXT,Scanned file under docs.
docs,docs/openyield_C2_pin_geometry_access_repair_report.md,True,file,,,False,CONTEXT,Scanned file under docs.
docs,docs/openyield_C3_complete_floorplan_reconstruction_report.json,True,file,FLOORPLAN_RULES,,False,DIRECT,Scanned file under docs.
docs,docs/openyield_C3_complete_floorplan_reconstruction_report.md,True,file,FLOORPLAN_RULES,,False,DIRECT,Scanned file under docs.
docs,docs/openyield_C4_complete_signal_routing_report.json,True,file,ROUTING_RULES,,False,DIRECT,Scanned file under docs.
docs,docs/openyield_C4_complete_signal_routing_report.md,True,file,ROUTING_RULES,,False,DIRECT,Scanned file under docs.
docs,docs/openyield_C5_complete_power_network_report.json,True,file,POWER_PLAN,,False,DIRECT,Scanned file under docs.
docs,docs/openyield_C5_complete_power_network_report.md,True,file,POWER_PLAN,,False,DIRECT,Scanned file under docs.
docs,docs/openyield_C6_complete_sram_gds_final_report.json,True,file,,,False,CONTEXT,Scanned file under docs.
docs,docs/openyield_C6_complete_sram_gds_final_report.md,True,file,,,False,CONTEXT,Scanned file under docs.
docs,docs/openyield_L0_semantic_gap_closure_report.json,True,file,NETLIST_SEMANTICS,,False,DIRECT,Scanned file under docs.
docs,docs/openyield_L0_semantic_gap_closure_report.md,True,file,NETLIST_SEMANTICS,,False,DIRECT,Scanned file under docs.
docs,docs/openyield_L2_placement_abutment_rule_closure_report.json,True,file,PLACEMENT_RULES,,False,DIRECT,Scanned file under docs.
docs,docs/openyield_L2_placement_abutment_rule_closure_report.md,True,file,PLACEMENT_RULES,,False,DIRECT,Scanned file under docs.
docs,docs/openyield_L3_module_generator_gds_generation_report.json,True,file,,,False,CONTEXT,Scanned file under docs.
docs,docs/openyield_L3_module_generator_gds_generation_report.md,True,file,,,False,CONTEXT,Scanned file under docs.
docs,docs/openyield_L4_top_level_assembly_report.json,True,file,,,False,CONTEXT,Scanned file under docs.
docs,docs/openyield_L4_top_level_assembly_report.md,True,file,,,False,CONTEXT,Scanned file under docs.
docs,docs/openyield_L5_validation_report.json,True,file,,,False,CONTEXT,Scanned file under docs.
docs,docs/openyield_L5_validation_report.md,True,file,,,False,CONTEXT,Scanned file under docs.
docs,docs/openyield_L6_drc_marker_triage_report.json,True,file,,,False,CONTEXT,Scanned file under docs.
docs,docs/openyield_L6_drc_marker_triage_report.md,True,file,,,False,CONTEXT,Scanned file under docs.
docs,docs/openyield_R1_layout_intent_report.json,True,file,FLOORPLAN_RULES;NETLIST_SEMANTICS,,False,DIRECT,Scanned file under docs.
docs,docs/openyield_R1_layout_intent_report.md,True,file,FLOORPLAN_RULES;NETLIST_SEMANTICS,,False,DIRECT,Scanned file under docs.
docs,docs/openyield_R2_generator_architecture_report.json,True,file,,,False,CONTEXT,Scanned file under docs.
docs,docs/openyield_R2_generator_architecture_report.md,True,file,,,False,CONTEXT,Scanned file under docs.
docs,docs/openyield_R3_structure_complete_gds_report.json,True,file,,,False,CONTEXT,Scanned file under docs.
docs,docs/openyield_R3_structure_complete_gds_report.md,True,file,,,False,CONTEXT,Scanned file under docs.
docs,docs/openyield_R4_routing_power_pin_report.json,True,file,POWER_PLAN;ROUTING_RULES,,False,DIRECT,Scanned file under docs.
docs,docs/openyield_R4_routing_power_pin_report.md,True,file,POWER_PLAN;ROUTING_RULES,,False,DIRECT,Scanned file under docs.
docs,docs/openyield_R5_final_validation_handoff_report.json,True,file,,,False,CONTEXT,Scanned file under docs.
docs,docs/openyield_R5_final_validation_handoff_report.md,True,file,,,False,CONTEXT,Scanned file under docs.
docs,docs/openyield_array_aggregation_integration_report.json,True,file,,,False,CONTEXT,Scanned file under docs.
docs,docs/openyield_array_aggregation_integration_report.md,True,file,,,False,CONTEXT,Scanned file under docs.
docs,docs/openyield_array_aggregation_row_policy_report.json,True,file,,,False,CONTEXT,Scanned file under docs.
docs,docs/openyield_array_aggregation_row_policy_report.md,True,file,,,False,CONTEXT,Scanned file under docs.
docs,docs/openyield_candidate_spice_generation_and_pdk_search_graph.json,True,file,,,False,CONTEXT,Scanned file under docs.
docs,docs/openyield_candidate_spice_generation_and_pdk_search_report.json,True,file,,,False,CONTEXT,Scanned file under docs.
docs,docs/openyield_candidate_spice_generation_and_pdk_search_report.md,True,file,,,False,CONTEXT,Scanned file under docs.
docs,docs/openyield_candidate_spice_syntax_check_graph.json,True,file,,,False,CONTEXT,Scanned file under docs.
docs,docs/openyield_candidate_spice_syntax_check_report.json,True,file,,,False,CONTEXT,Scanned file under docs.
docs,docs/openyield_candidate_spice_syntax_check_report.md,True,file,,,False,CONTEXT,Scanned file under docs.
docs,docs/openyield_cell_rail_overlap_eligibility_report.json,True,file,POWER_PLAN,,False,DIRECT,Scanned file under docs.
docs,docs/openyield_cell_rail_overlap_eligibility_report.md,True,file,POWER_PLAN,,False,DIRECT,Scanned file under docs.
docs,docs/openyield_colmux_repaired_alias_report.json,True,file,,,False,CONTEXT,Scanned file under docs.
docs,docs/openyield_colmux_repaired_alias_report.md,True,file,,,False,CONTEXT,Scanned file under docs.
docs,docs/openyield_colmux_repaired_candidate_install_report.json,True,file,,,False,CONTEXT,Scanned file under docs.
docs,docs/openyield_colmux_repaired_candidate_install_report.md,True,file,,,False,CONTEXT,Scanned file under docs.
docs,docs/openyield_colmux_vdd_pinproof_report.json,True,file,POWER_PLAN,,False,DIRECT,Scanned file under docs.
docs,docs/openyield_colmux_vdd_pinproof_report.md,True,file,POWER_PLAN,,False,DIRECT,Scanned file under docs.
docs,docs/openyield_columnmux_adapter_report.json,True,file,,,False,CONTEXT,Scanned file under docs.
docs,docs/openyield_columnmux_adapter_report.md,True,file,,,False,CONTEXT,Scanned file under docs.
docs,docs/openyield_columnmux_placement_report.json,True,file,PLACEMENT_RULES,,False,DIRECT,Scanned file under docs.
docs,docs/openyield_columnmux_placement_report.md,True,file,PLACEMENT_RULES,,False,DIRECT,Scanned file under docs.
docs,docs/openyield_columnmux_power_metadata_report.json,True,file,POWER_PLAN,,False,DIRECT,Scanned file under docs.
docs,docs/openyield_columnmux_power_metadata_report.md,True,file,POWER_PLAN,,False,DIRECT,Scanned file under docs.
docs,docs/openyield_columnmux_standalone_smoke_report.json,True,file,GDS_GENERATION_FLOW,,False,DIRECT,Scanned file under docs.
docs,docs/openyield_columnmux_standalone_smoke_report.md,True,file,GDS_GENERATION_FLOW,,False,DIRECT,Scanned file under docs.
docs,docs/openyield_control_anchor_binding_report.json,True,file,,,False,CONTEXT,Scanned file under docs.
docs,docs/openyield_control_anchor_binding_report.md,True,file,,,False,CONTEXT,Scanned file under docs.
docs,docs/openyield_control_channel_budget_report.json,True,file,,,False,CONTEXT,Scanned file under docs.
docs,docs/openyield_control_channel_budget_report.md,True,file,,,False,CONTEXT,Scanned file under docs.
docs,docs/openyield_control_geometry_window_report.json,True,file,,,False,CONTEXT,Scanned file under docs.
docs,docs/openyield_control_geometry_window_report.md,True,file,,,False,CONTEXT,Scanned file under docs.
docs,docs/openyield_control_parent_reservation_graph.json,True,file,,,False,CONTEXT,Scanned file under docs.
docs,docs/openyield_control_parent_reservation_report.json,True,file,,,False,CONTEXT,Scanned file under docs.
docs,docs/openyield_control_parent_reservation_report.md,True,file,,,False,CONTEXT,Scanned file under docs.
docs,docs/openyield_control_path_candidate_generation_wave1_report.json,True,file,,,False,CONTEXT,Scanned file under docs.
docs,docs/openyield_control_path_candidate_generation_wave1_report.md,True,file,,,False,CONTEXT,Scanned file under docs.
docs,docs/openyield_control_row_feasibility_report.json,True,file,,,False,CONTEXT,Scanned file under docs.
docs,docs/openyield_control_row_feasibility_report.md,True,file,,,False,CONTEXT,Scanned file under docs.
docs,docs/openyield_control_row_floorplan_report.json,True,file,FLOORPLAN_RULES,,False,DIRECT,Scanned file under docs.
docs,docs/openyield_control_row_floorplan_report.md,True,file,FLOORPLAN_RULES,,False,DIRECT,Scanned file under docs.
docs,docs/openyield_control_target_envelope_report.json,True,file,,,False,CONTEXT,Scanned file under docs.
docs,docs/openyield_control_target_envelope_report.md,True,file,,,False,CONTEXT,Scanned file under docs.
docs,docs/openyield_control_timing_mapping_review_report.json,True,file,VERIFICATION_AND_TRACE,,False,DIRECT,Scanned file under docs.
docs,docs/openyield_control_timing_mapping_review_report.md,True,file,VERIFICATION_AND_TRACE,,False,DIRECT,Scanned file under docs.
docs,docs/openyield_decoder_channel_requirement_graph.json,True,file,,,False,CONTEXT,Scanned file under docs.
docs,docs/openyield_decoder_channel_requirement_report.json,True,file,,,False,CONTEXT,Scanned file under docs.
docs,docs/openyield_decoder_channel_requirement_report.md,True,file,,,False,CONTEXT,Scanned file under docs.
docs,docs/openyield_decoder_composite_leaf_convention_graph.json,True,file,,,False,CONTEXT,Scanned file under docs.
docs,docs/openyield_decoder_composite_leaf_convention_report.json,True,file,,,False,CONTEXT,Scanned file under docs.
docs,docs/openyield_decoder_composite_leaf_convention_report.md,True,file,,,False,CONTEXT,Scanned file under docs.
docs,docs/openyield_decoder_generated_block_plan_graph.json,True,file,,,False,CONTEXT,Scanned file under docs.
docs,docs/openyield_decoder_generated_block_plan_report.json,True,file,,,False,CONTEXT,Scanned file under docs.
docs,docs/openyield_decoder_generated_block_plan_report.md,True,file,,,False,CONTEXT,Scanned file under docs.
docs,docs/openyield_decoder_handoff_relief_graph.json,True,file,,,False,CONTEXT,Scanned file under docs.
docs,docs/openyield_decoder_handoff_relief_report.json,True,file,,,False,CONTEXT,Scanned file under docs.
docs,docs/openyield_decoder_handoff_relief_report.md,True,file,,,False,CONTEXT,Scanned file under docs.
docs,docs/openyield_decoder_logic_repair_graph.json,True,file,,,False,CONTEXT,Scanned file under docs.
docs,docs/openyield_decoder_logic_repair_report.json,True,file,,,False,CONTEXT,Scanned file under docs.
docs,docs/openyield_decoder_logic_repair_report.md,True,file,,,False,CONTEXT,Scanned file under docs.
docs,docs/openyield_decoder_metadata_closure_graph.json,True,file,,,False,CONTEXT,Scanned file under docs.
docs,docs/openyield_decoder_metadata_closure_report.json,True,file,,,False,CONTEXT,Scanned file under docs.
docs,docs/openyield_decoder_metadata_closure_report.md,True,file,,,False,CONTEXT,Scanned file under docs.
docs,docs/openyield_decoder_output_contract_graph.json,True,file,,,False,CONTEXT,Scanned file under docs.
docs,docs/openyield_decoder_output_contract_report.json,True,file,,,False,CONTEXT,Scanned file under docs.
docs,docs/openyield_decoder_output_contract_report.md,True,file,,,False,CONTEXT,Scanned file under docs.
docs,docs/openyield_decoder_output_handoff_budget_graph.json,True,file,,,False,CONTEXT,Scanned file under docs.
docs,docs/openyield_decoder_output_handoff_budget_report.json,True,file,,,False,CONTEXT,Scanned file under docs.
docs,docs/openyield_decoder_output_handoff_budget_report.md,True,file,,,False,CONTEXT,Scanned file under docs.
docs,docs/openyield_decoder_preplacement_feasibility_graph.json,True,file,PLACEMENT_RULES,,False,DIRECT,Scanned file under docs.
docs,docs/openyield_decoder_preplacement_feasibility_report.json,True,file,PLACEMENT_RULES,,False,DIRECT,Scanned file under docs.
docs,docs/openyield_decoder_preplacement_feasibility_report.md,True,file,PLACEMENT_RULES,,False,DIRECT,Scanned file under docs.
docs,docs/openyield_decoder_row_rule_graph.json,True,file,,,False,CONTEXT,Scanned file under docs.
docs,docs/openyield_decoder_row_rule_report.json,True,file,,,False,CONTEXT,Scanned file under docs.
docs,docs/openyield_decoder_row_rule_report.md,True,file,,,False,CONTEXT,Scanned file under docs.
docs,docs/openyield_decoder_stage_candidate_graph.json,True,file,,,False,CONTEXT,Scanned file under docs.
docs,docs/openyield_decoder_stage_candidate_report.json,True,file,,,False,CONTEXT,Scanned file under docs.
docs,docs/openyield_decoder_stage_candidate_report.md,True,file,,,False,CONTEXT,Scanned file under docs.
docs,docs/openyield_decoder_stage_template_graph.json,True,file,,,False,CONTEXT,Scanned file under docs.
docs,docs/openyield_decoder_stage_template_report.json,True,file,,,False,CONTEXT,Scanned file under docs.
docs,docs/openyield_decoder_stage_template_report.md,True,file,,,False,CONTEXT,Scanned file under docs.
docs,docs/openyield_decoder_truth_table_binding_graph.json,True,file,,,False,CONTEXT,Scanned file under docs.
docs,docs/openyield_decoder_truth_table_binding_report.json,True,file,,,False,CONTEXT,Scanned file under docs.
docs,docs/openyield_decoder_truth_table_binding_report.md,True,file,,,False,CONTEXT,Scanned file under docs.
docs,docs/openyield_delay_chain_measurement_refinement_report.json,True,file,,,False,CONTEXT,Scanned file under docs.
docs,docs/openyield_delay_chain_measurement_refinement_report.md,True,file,,,False,CONTEXT,Scanned file under docs.
docs,docs/openyield_delay_chain_pvt_corner_smoke_report.json,True,file,,,False,CONTEXT,Scanned file under docs.
docs,docs/openyield_delay_chain_pvt_corner_smoke_report.md,True,file,,,False,CONTEXT,Scanned file under docs.
docs,docs/openyield_delay_chain_testbench_plan_graph.json,True,file,,,False,CONTEXT,Scanned file under docs.
docs,docs/openyield_delay_chain_testbench_plan_report.json,True,file,,,False,CONTEXT,Scanned file under docs.
docs,docs/openyield_delay_chain_testbench_plan_report.md,True,file,,,False,CONTEXT,Scanned file under docs.
docs,docs/openyield_delay_chain_timing_metadata_report.json,True,file,,,False,CONTEXT,Scanned file under docs.
docs,docs/openyield_delay_chain_timing_metadata_report.md,True,file,,,False,CONTEXT,Scanned file under docs.
docs,docs/openyield_delay_chain_transient_smoke_report.json,True,file,,,False,CONTEXT,Scanned file under docs.
docs,docs/openyield_delay_chain_transient_smoke_report.md,True,file,,,False,CONTEXT,Scanned file under docs.
docs,docs/openyield_dff_array_adapter_report.json,True,file,,,False,CONTEXT,Scanned file under docs.
docs,docs/openyield_dff_array_adapter_report.md,True,file,,,False,CONTEXT,Scanned file under docs.
docs,docs/openyield_dff_array_placement_report.json,True,file,PLACEMENT_RULES,,False,DIRECT,Scanned file under docs.
docs,docs/openyield_dff_array_placement_report.md,True,file,PLACEMENT_RULES,,False,DIRECT,Scanned file under docs.
docs,docs/openyield_drc_marker_classification_report.json,True,file,,,False,CONTEXT,Scanned file under docs.
docs,docs/openyield_drc_marker_classification_report.md,True,file,,,False,CONTEXT,Scanned file under docs.
docs,docs/openyield_four_load_inverter_stage_model_graph.json,True,file,,,False,CONTEXT,Scanned file under docs.
docs,docs/openyield_four_load_inverter_stage_model_report.json,True,file,,,False,CONTEXT,Scanned file under docs.
docs,docs/openyield_four_load_inverter_stage_model_report.md,True,file,,,False,CONTEXT,Scanned file under docs.
docs,docs/openyield_gds_pin_audit_report.json,True,file,,,False,CONTEXT,Scanned file under docs.
docs,docs/openyield_gds_pin_audit_report.md,True,file,,,False,CONTEXT,Scanned file under docs.
docs,docs/openyield_gen_delay_inv_netlist_recovery_graph.json,True,file,,,False,CONTEXT,Scanned file under docs.
docs,docs/openyield_gen_delay_inv_netlist_recovery_report.json,True,file,,,False,CONTEXT,Scanned file under docs.
docs,docs/openyield_gen_delay_inv_netlist_recovery_report.md,True,file,,,False,CONTEXT,Scanned file under docs.
docs,docs/openyield_generated_logic_model_recovery_graph.json,True,file,,,False,CONTEXT,Scanned file under docs.
docs,docs/openyield_generated_logic_model_recovery_report.json,True,file,,,False,CONTEXT,Scanned file under docs.
docs,docs/openyield_generated_logic_model_recovery_report.md,True,file,,,False,CONTEXT,Scanned file under docs.
docs,docs/openyield_hardcell_drc_baseline_report.json,True,file,,,False,CONTEXT,Scanned file under docs.
docs,docs/openyield_hardcell_drc_baseline_report.md,True,file,,,False,CONTEXT,Scanned file under docs.
docs,docs/openyield_hardcell_power_rail_continuity_graph.json,True,file,POWER_PLAN,,False,DIRECT,Scanned file under docs.
docs,docs/openyield_hardcell_power_rail_continuity_report.json,True,file,POWER_PLAN,,False,DIRECT,Scanned file under docs.
docs,docs/openyield_hardcell_power_rail_continuity_report.md,True,file,POWER_PLAN,,False,DIRECT,Scanned file under docs.
docs,docs/openyield_layout_generator_architecture_proposal.json,True,file,,,False,CONTEXT,Scanned file under docs.
docs,docs/openyield_layout_generator_architecture_proposal.md,True,file,,,False,CONTEXT,Scanned file under docs.
docs,docs/openyield_layout_prototype_generation_report.json,True,file,,,False,CONTEXT,Scanned file under docs.
docs,docs/openyield_layout_prototype_generation_report.md,True,file,,,False,CONTEXT,Scanned file under docs.
docs,docs/openyield_layout_prototype_untracked_cleanup_plan.md,True,file,,,False,CONTEXT,Scanned file under docs.
docs,docs/openyield_limited_array_aggregation_report.json,True,file,,,False,CONTEXT,Scanned file under docs.
docs,docs/openyield_limited_array_aggregation_report.md,True,file,,,False,CONTEXT,Scanned file under docs.
docs,docs/openyield_macro_compat_report.json,True,file,,,False,CONTEXT,Scanned file under docs.
docs,docs/openyield_macro_compat_report.md,True,file,,,False,CONTEXT,Scanned file under docs.
docs,docs/openyield_macro_metadata_audit.json,True,file,,,False,CONTEXT,Scanned file under docs.
docs,docs/openyield_macro_metadata_audit.md,True,file,,,False,CONTEXT,Scanned file under docs.
docs,docs/openyield_module_contracts.json,True,file,,,False,CONTEXT,Scanned file under docs.
docs,docs/openyield_module_contracts.md,True,file,,,False,CONTEXT,Scanned file under docs.
docs,docs/openyield_module_semantics_closure_report.json,True,file,NETLIST_SEMANTICS,,False,DIRECT,Scanned file under docs.
docs,docs/openyield_module_semantics_closure_report.md,True,file,NETLIST_SEMANTICS,,False,DIRECT,Scanned file under docs.
docs,docs/openyield_netlist_to_gds_readiness_report.json,True,file,,,False,CONTEXT,Scanned file under docs.
docs,docs/openyield_netlist_to_gds_readiness_report.md,True,file,,,False,CONTEXT,Scanned file under docs.
docs,docs/openyield_openram_netlist_candidates.csv,True,file,,,False,CONTEXT,Scanned file under docs.
docs,docs/openyield_openram_netlist_diff_report.json,True,file,VERIFICATION_AND_TRACE,,False,DIRECT,Scanned file under docs.
docs,docs/openyield_openram_netlist_diff_report.md,True,file,VERIFICATION_AND_TRACE,,False,DIRECT,Scanned file under docs.
docs,docs/openyield_physical_primitive_closure_report.json,True,file,,,False,CONTEXT,Scanned file under docs.
docs,docs/openyield_physical_primitive_closure_report.md,True,file,,,False,CONTEXT,Scanned file under docs.
docs,docs/openyield_physical_primitive_gap_closure_report.json,True,file,,,False,CONTEXT,Scanned file under docs.
docs,docs/openyield_physical_primitive_gap_closure_report.md,True,file,,,False,CONTEXT,Scanned file under docs.
docs,docs/openyield_precharge_spice_smoke_report.json,True,file,,,False,CONTEXT,Scanned file under docs.
docs,docs/openyield_precharge_spice_smoke_report.md,True,file,,,False,CONTEXT,Scanned file under docs.
docs,docs/openyield_read_write_path_semantic_review_report.json,True,file,NETLIST_SEMANTICS;VERIFICATION_AND_TRACE,,False,DIRECT,Scanned file under docs.
docs,docs/openyield_read_write_path_semantic_review_report.md,True,file,NETLIST_SEMANTICS;VERIFICATION_AND_TRACE,,False,DIRECT,Scanned file under docs.
docs,docs/openyield_repaired_macro_aliases_candidate.json,True,file,,,False,CONTEXT,Scanned file under docs.
docs,docs/openyield_repo_physical_asset_inventory_graph.json,True,file,,,False,CONTEXT,Scanned file under docs.
docs,docs/openyield_repo_physical_asset_inventory_report.json,True,file,,,False,CONTEXT,Scanned file under docs.
docs,docs/openyield_repo_physical_asset_inventory_report.md,True,file,,,False,CONTEXT,Scanned file under docs.
docs,docs/openyield_row_boundary_audit_report.json,True,file,,,False,CONTEXT,Scanned file under docs.
docs,docs/openyield_row_boundary_audit_report.md,True,file,,,False,CONTEXT,Scanned file under docs.
docs,docs/openyield_row_orientation_compare_report.json,True,file,PLACEMENT_RULES,,False,DIRECT,Scanned file under docs.
docs,docs/openyield_row_orientation_compare_report.md,True,file,PLACEMENT_RULES,,False,DIRECT,Scanned file under docs.
docs,docs/openyield_senseamp_adapter_report.json,True,file,,,False,CONTEXT,Scanned file under docs.
docs,docs/openyield_senseamp_adapter_report.md,True,file,,,False,CONTEXT,Scanned file under docs.
docs,docs/openyield_senseamp_placement_report.json,True,file,PLACEMENT_RULES,,False,DIRECT,Scanned file under docs.
docs,docs/openyield_senseamp_placement_report.md,True,file,PLACEMENT_RULES,,False,DIRECT,Scanned file under docs.
docs,docs/openyield_senseamp_standalone_smoke_report.json,True,file,GDS_GENERATION_FLOW,,False,DIRECT,Scanned file under docs.
docs,docs/openyield_senseamp_standalone_smoke_report.md,True,file,GDS_GENERATION_FLOW,,False,DIRECT,Scanned file under docs.
docs,docs/openyield_server_ngspice_syntax_smoke_report.json,True,file,,,False,CONTEXT,Scanned file under docs.
docs,docs/openyield_server_ngspice_syntax_smoke_report.md,True,file,,,False,CONTEXT,Scanned file under docs.
docs,docs/openyield_source_linked_timing_metadata_audit_report.json,True,file,,,False,CONTEXT,Scanned file under docs.
docs,docs/openyield_source_linked_timing_metadata_audit_report.md,True,file,,,False,CONTEXT,Scanned file under docs.
docs,docs/openyield_source_provenance_linking_report.json,True,file,,,False,CONTEXT,Scanned file under docs.
docs,docs/openyield_source_provenance_linking_report.md,True,file,,,False,CONTEXT,Scanned file under docs.
docs,docs/openyield_source_provenance_report.json,True,file,,,False,CONTEXT,Scanned file under docs.
docs,docs/openyield_source_provenance_report.md,True,file,,,False,CONTEXT,Scanned file under docs.
docs,docs/openyield_standalone_row_policy_integration_report.json,True,file,GDS_GENERATION_FLOW,,False,DIRECT,Scanned file under docs.
docs,docs/openyield_standalone_row_policy_integration_report.md,True,file,GDS_GENERATION_FLOW,,False,DIRECT,Scanned file under docs.
docs,docs/openyield_step4_final_smoke_report.json,True,file,,,False,CONTEXT,Scanned file under docs.
docs,docs/openyield_step4_final_smoke_report.md,True,file,,,False,CONTEXT,Scanned file under docs.
docs,docs/openyield_step4_storage_aggregation_summary.json,True,file,,,False,CONTEXT,Scanned file under docs.
docs,docs/openyield_step4_storage_aggregation_summary.md,True,file,,,False,CONTEXT,Scanned file under docs.
docs,docs/openyield_step5_final_hardmacro_smoke_report.json,True,file,,,False,CONTEXT,Scanned file under docs.
docs,docs/openyield_step5_final_hardmacro_smoke_report.md,True,file,,,False,CONTEXT,Scanned file under docs.
docs,docs/openyield_step5_hardmacro_adapter_summary.json,True,file,,,False,CONTEXT,Scanned file under docs.
docs,docs/openyield_step5_hardmacro_adapter_summary.md,True,file,,,False,CONTEXT,Scanned file under docs.
docs,docs/openyield_step7_final_repair_planning_report.json,True,file,,,False,CONTEXT,Scanned file under docs.
docs,docs/openyield_step7_final_repair_planning_report.md,True,file,,,False,CONTEXT,Scanned file under docs.
docs,docs/openyield_step8_final_handoff_report.json,True,file,,,False,CONTEXT,Scanned file under docs.
docs,docs/openyield_step8_final_handoff_report.md,True,file,,,False,CONTEXT,Scanned file under docs.
docs,docs/openyield_storage_aggregation_compare_report.json,True,file,,,False,CONTEXT,Scanned file under docs.
docs,docs/openyield_storage_aggregation_compare_report.md,True,file,,,False,CONTEXT,Scanned file under docs.
docs,docs/openyield_storage_only_drc_smoke_report.json,True,file,,,False,CONTEXT,Scanned file under docs.
docs,docs/openyield_storage_only_drc_smoke_report.md,True,file,,,False,CONTEXT,Scanned file under docs.
docs,docs/openyield_storage_only_gds_smoke_report.json,True,file,,,False,CONTEXT,Scanned file under docs.
docs,docs/openyield_storage_only_gds_smoke_report.md,True,file,,,False,CONTEXT,Scanned file under docs.
docs,docs/openyield_storage_pitch_audit_report.json,True,file,PLACEMENT_RULES,,False,DIRECT,Scanned file under docs.
docs,docs/openyield_storage_pitch_audit_report.md,True,file,PLACEMENT_RULES,,False,DIRECT,Scanned file under docs.
docs,docs/openyield_storage_power_stitch_report.json,True,file,POWER_PLAN,,False,DIRECT,Scanned file under docs.
docs,docs/openyield_storage_power_stitch_report.md,True,file,POWER_PLAN,,False,DIRECT,Scanned file under docs.
docs,docs/openyield_time_control_abstract_floorplan_payload_graph.json,True,file,FLOORPLAN_RULES,,False,DIRECT,Scanned file under docs.
docs,docs/openyield_time_control_abstract_floorplan_payload_report.json,True,file,FLOORPLAN_RULES,,False,DIRECT,Scanned file under docs.
docs,docs/openyield_time_control_abstract_floorplan_payload_report.md,True,file,FLOORPLAN_RULES,,False,DIRECT,Scanned file under docs.
docs,docs/openyield_time_control_builder_output_regression_graph.json,True,file,,,False,CONTEXT,Scanned file under docs.
docs,docs/openyield_time_control_builder_output_regression_report.json,True,file,,,False,CONTEXT,Scanned file under docs.
docs,docs/openyield_time_control_builder_output_regression_report.md,True,file,,,False,CONTEXT,Scanned file under docs.
docs,docs/openyield_time_control_closure_unblock_graph.json,True,file,,,False,CONTEXT,Scanned file under docs.
docs,docs/openyield_time_control_closure_unblock_report.json,True,file,,,False,CONTEXT,Scanned file under docs.
docs,docs/openyield_time_control_closure_unblock_report.md,True,file,,,False,CONTEXT,Scanned file under docs.
docs,docs/openyield_time_control_composite_feasibility_graph.json,True,file,,,False,CONTEXT,Scanned file under docs.
docs,docs/openyield_time_control_composite_feasibility_report.json,True,file,,,False,CONTEXT,Scanned file under docs.
docs,docs/openyield_time_control_composite_feasibility_report.md,True,file,,,False,CONTEXT,Scanned file under docs.
docs,docs/openyield_time_control_consumer_contract_graph.json,True,file,,,False,CONTEXT,Scanned file under docs.
docs,docs/openyield_time_control_consumer_contract_report.json,True,file,,,False,CONTEXT,Scanned file under docs.
docs,docs/openyield_time_control_consumer_contract_report.md,True,file,,,False,CONTEXT,Scanned file under docs.
docs,docs/openyield_time_control_decomposition_graph.json,True,file,,,False,CONTEXT,Scanned file under docs.
docs,docs/openyield_time_control_decomposition_report.json,True,file,,,False,CONTEXT,Scanned file under docs.
docs,docs/openyield_time_control_decomposition_report.md,True,file,,,False,CONTEXT,Scanned file under docs.
docs,docs/openyield_time_control_evidence_crossing_bundle_graph.json,True,file,,,False,CONTEXT,Scanned file under docs.
docs,docs/openyield_time_control_evidence_crossing_bundle_report.json,True,file,,,False,CONTEXT,Scanned file under docs.
docs,docs/openyield_time_control_evidence_crossing_bundle_report.md,True,file,,,False,CONTEXT,Scanned file under docs.
docs,docs/openyield_time_control_experimental_contract_graph.json,True,file,,,False,CONTEXT,Scanned file under docs.
docs,docs/openyield_time_control_experimental_contract_report.json,True,file,,,False,CONTEXT,Scanned file under docs.
docs,docs/openyield_time_control_experimental_contract_report.md,True,file,,,False,CONTEXT,Scanned file under docs.
docs,docs/openyield_time_control_fast_bundle_graph.json,True,file,,,False,CONTEXT,Scanned file under docs.
docs,docs/openyield_time_control_fast_bundle_report.json,True,file,,,False,CONTEXT,Scanned file under docs.
docs,docs/openyield_time_control_fast_bundle_report.md,True,file,,,False,CONTEXT,Scanned file under docs.
docs,docs/openyield_time_control_final_boundary_summary_graph.json,True,file,,,False,CONTEXT,Scanned file under docs.
docs,docs/openyield_time_control_final_boundary_summary_report.json,True,file,,,False,CONTEXT,Scanned file under docs.
docs,docs/openyield_time_control_final_boundary_summary_report.md,True,file,,,False,CONTEXT,Scanned file under docs.
docs,docs/openyield_time_control_generated_logic_contract_graph.json,True,file,,,False,CONTEXT,Scanned file under docs.
docs,docs/openyield_time_control_generated_logic_contract_report.json,True,file,,,False,CONTEXT,Scanned file under docs.
docs,docs/openyield_time_control_generated_logic_contract_report.md,True,file,,,False,CONTEXT,Scanned file under docs.
docs,docs/openyield_time_control_goal_progress_audit_graph.json,True,file,,,False,CONTEXT,Scanned file under docs.
docs,docs/openyield_time_control_goal_progress_audit_report.json,True,file,,,False,CONTEXT,Scanned file under docs.
docs,docs/openyield_time_control_goal_progress_audit_report.md,True,file,,,False,CONTEXT,Scanned file under docs.
docs,docs/openyield_time_control_leaf_inventory_graph.json,True,file,,,False,CONTEXT,Scanned file under docs.
docs,docs/openyield_time_control_leaf_inventory_report.json,True,file,,,False,CONTEXT,Scanned file under docs.
docs,docs/openyield_time_control_leaf_inventory_report.md,True,file,,,False,CONTEXT,Scanned file under docs.
docs,docs/openyield_time_control_legal_placement_readonly_graph.json,True,file,PLACEMENT_RULES,,False,DIRECT,Scanned file under docs.
docs,docs/openyield_time_control_legal_placement_readonly_report.json,True,file,PLACEMENT_RULES,,False,DIRECT,Scanned file under docs.
docs,docs/openyield_time_control_legal_placement_readonly_report.md,True,file,PLACEMENT_RULES,,False,DIRECT,Scanned file under docs.
docs,docs/openyield_time_control_metadata_closure_graph.json,True,file,,,False,CONTEXT,Scanned file under docs.
docs,docs/openyield_time_control_metadata_closure_report.json,True,file,,,False,CONTEXT,Scanned file under docs.
docs,docs/openyield_time_control_metadata_closure_report.md,True,file,,,False,CONTEXT,Scanned file under docs.
docs,docs/openyield_time_control_opt_in_prototype_plan_graph.json,True,file,,,False,CONTEXT,Scanned file under docs.
docs,docs/openyield_time_control_opt_in_prototype_plan_report.json,True,file,,,False,CONTEXT,Scanned file under docs.
docs,docs/openyield_time_control_opt_in_prototype_plan_report.md,True,file,,,False,CONTEXT,Scanned file under docs.
docs,docs/openyield_time_control_packing_invariant_graph.json,True,file,,,False,CONTEXT,Scanned file under docs.
docs,docs/openyield_time_control_packing_invariant_report.json,True,file,,,False,CONTEXT,Scanned file under docs.
docs,docs/openyield_time_control_packing_invariant_report.md,True,file,,,False,CONTEXT,Scanned file under docs.
docs,docs/openyield_time_control_payload_completeness_graph.json,True,file,,,False,CONTEXT,Scanned file under docs.
docs,docs/openyield_time_control_payload_completeness_report.json,True,file,,,False,CONTEXT,Scanned file under docs.
docs,docs/openyield_time_control_payload_completeness_report.md,True,file,,,False,CONTEXT,Scanned file under docs.
docs,docs/openyield_time_control_payload_consumption_contract_graph.json,True,file,,,False,CONTEXT,Scanned file under docs.
docs,docs/openyield_time_control_payload_consumption_contract_report.json,True,file,,,False,CONTEXT,Scanned file under docs.
docs,docs/openyield_time_control_payload_consumption_contract_report.md,True,file,,,False,CONTEXT,Scanned file under docs.
docs,docs/openyield_time_control_payload_materialization_boundary_graph.json,True,file,,,False,CONTEXT,Scanned file under docs.
docs,docs/openyield_time_control_payload_materialization_boundary_report.json,True,file,,,False,CONTEXT,Scanned file under docs.
docs,docs/openyield_time_control_payload_materialization_boundary_report.md,True,file,,,False,CONTEXT,Scanned file under docs.
docs,docs/openyield_time_control_placement_readiness_graph.json,True,file,PLACEMENT_RULES,,False,DIRECT,Scanned file under docs.
docs,docs/openyield_time_control_placement_readiness_report.json,True,file,PLACEMENT_RULES,,False,DIRECT,Scanned file under docs.
docs,docs/openyield_time_control_placement_readiness_report.md,True,file,PLACEMENT_RULES,,False,DIRECT,Scanned file under docs.
docs,docs/openyield_time_control_precharge_constraints_bundle_graph.json,True,file,,,False,CONTEXT,Scanned file under docs.
docs,docs/openyield_time_control_precharge_constraints_bundle_report.json,True,file,,,False,CONTEXT,Scanned file under docs.
docs,docs/openyield_time_control_precharge_constraints_bundle_report.md,True,file,,,False,CONTEXT,Scanned file under docs.
docs,docs/openyield_time_control_prototype_artifact_contract_graph.json,True,file,,,False,CONTEXT,Scanned file under docs.
docs,docs/openyield_time_control_prototype_artifact_contract_report.json,True,file,,,False,CONTEXT,Scanned file under docs.
docs,docs/openyield_time_control_prototype_artifact_contract_report.md,True,file,,,False,CONTEXT,Scanned file under docs.
docs,docs/openyield_time_control_prototype_execution_guard_graph.json,True,file,,,False,CONTEXT,Scanned file under docs.
docs,docs/openyield_time_control_prototype_execution_guard_report.json,True,file,,,False,CONTEXT,Scanned file under docs.
docs,docs/openyield_time_control_prototype_execution_guard_report.md,True,file,,,False,CONTEXT,Scanned file under docs.
docs,docs/openyield_time_control_prototype_interface_surface_graph.json,True,file,,,False,CONTEXT,Scanned file under docs.
docs,docs/openyield_time_control_prototype_interface_surface_report.json,True,file,,,False,CONTEXT,Scanned file under docs.
docs,docs/openyield_time_control_prototype_interface_surface_report.md,True,file,,,False,CONTEXT,Scanned file under docs.
docs,docs/openyield_time_control_prototype_state_machine_graph.json,True,file,,,False,CONTEXT,Scanned file under docs.
docs,docs/openyield_time_control_prototype_state_machine_report.json,True,file,,,False,CONTEXT,Scanned file under docs.
docs,docs/openyield_time_control_prototype_state_machine_report.md,True,file,,,False,CONTEXT,Scanned file under docs.
docs,docs/openyield_time_control_region_refinement_graph.json,True,file,FLOORPLAN_RULES,,False,DIRECT,Scanned file under docs.
docs,docs/openyield_time_control_region_refinement_report.json,True,file,FLOORPLAN_RULES,,False,DIRECT,Scanned file under docs.
docs,docs/openyield_time_control_region_refinement_report.md,True,file,FLOORPLAN_RULES,,False,DIRECT,Scanned file under docs.
docs,docs/openyield_time_control_routing_obstacle_graph.json,True,file,ROUTING_RULES,,False,DIRECT,Scanned file under docs.
docs,docs/openyield_time_control_routing_obstacle_report.json,True,file,ROUTING_RULES,,False,DIRECT,Scanned file under docs.
docs,docs/openyield_time_control_routing_obstacle_report.md,True,file,ROUTING_RULES,,False,DIRECT,Scanned file under docs.
docs,docs/openyield_time_control_signal_binding_graph.json,True,file,,,False,CONTEXT,Scanned file under docs.
docs,docs/openyield_time_control_signal_binding_report.json,True,file,,,False,CONTEXT,Scanned file under docs.
docs,docs/openyield_time_control_signal_binding_report.md,True,file,,,False,CONTEXT,Scanned file under docs.
docs,docs/openyield_time_control_subblock_audit_graph.json,True,file,,,False,CONTEXT,Scanned file under docs.
docs,docs/openyield_time_control_subblock_audit_report.json,True,file,,,False,CONTEXT,Scanned file under docs.
docs,docs/openyield_time_control_subblock_audit_report.md,True,file,,,False,CONTEXT,Scanned file under docs.
docs,docs/openyield_time_control_timing_metadata_graph.json,True,file,,,False,CONTEXT,Scanned file under docs.
docs,docs/openyield_time_control_timing_metadata_report.json,True,file,,,False,CONTEXT,Scanned file under docs.
docs,docs/openyield_time_control_timing_metadata_report.md,True,file,,,False,CONTEXT,Scanned file under docs.
docs,docs/openyield_time_control_timing_proof_plan_graph.json,True,file,,,False,CONTEXT,Scanned file under docs.
docs,docs/openyield_time_control_timing_proof_plan_report.json,True,file,,,False,CONTEXT,Scanned file under docs.
docs,docs/openyield_time_control_timing_proof_plan_report.md,True,file,,,False,CONTEXT,Scanned file under docs.
docs,docs/openyield_timing_metadata_consumer_smoke_report.json,True,file,,,False,CONTEXT,Scanned file under docs.
docs,docs/openyield_timing_metadata_consumer_smoke_report.md,True,file,,,False,CONTEXT,Scanned file under docs.
docs,docs/openyield_wordlinedriver_adapter_report.json,True,file,ROUTING_RULES,,False,DIRECT,Scanned file under docs.
docs,docs/openyield_wordlinedriver_adapter_report.md,True,file,ROUTING_RULES,,False,DIRECT,Scanned file under docs.
docs,docs/openyield_wordlinedriver_placement_report.json,True,file,PLACEMENT_RULES;ROUTING_RULES,,False,DIRECT,Scanned file under docs.
docs,docs/openyield_wordlinedriver_placement_report.md,True,file,PLACEMENT_RULES;ROUTING_RULES,,False,DIRECT,Scanned file under docs.
docs,docs/openyield_wordlinedriver_standalone_smoke_report.json,True,file,GDS_GENERATION_FLOW;ROUTING_RULES,,False,DIRECT,Scanned file under docs.
docs,docs/openyield_wordlinedriver_standalone_smoke_report.md,True,file,GDS_GENERATION_FLOW;ROUTING_RULES,,False,DIRECT,Scanned file under docs.
docs,docs/openyield_writedriver_adapter_report.json,True,file,,,False,CONTEXT,Scanned file under docs.
docs,docs/openyield_writedriver_adapter_report.md,True,file,,,False,CONTEXT,Scanned file under docs.
docs,docs/openyield_writedriver_placement_report.json,True,file,PLACEMENT_RULES,,False,DIRECT,Scanned file under docs.
docs,docs/openyield_writedriver_placement_report.md,True,file,PLACEMENT_RULES,,False,DIRECT,Scanned file under docs.
docs,docs/openyield_writedriver_standalone_smoke_report.json,True,file,GDS_GENERATION_FLOW,,False,DIRECT,Scanned file under docs.
docs,docs/openyield_writedriver_standalone_smoke_report.md,True,file,GDS_GENERATION_FLOW,,False,DIRECT,Scanned file under docs.
docs,docs/project_asset_reclassification_report.json,True,file,,,False,CONTEXT,Scanned file under docs.
docs,docs/project_asset_reclassification_report.md,True,file,,,False,CONTEXT,Scanned file under docs.
docs,docs/project_result_downgrade_statement.md,True,file,,,False,CONTEXT,Scanned file under docs.
docs,docs/step45_standalone_diff_review.md,True,file,GDS_GENERATION_FLOW;VERIFICATION_AND_TRACE,,False,DIRECT,Scanned file under docs.
docs,docs/test_M2R_full_sram_regeneration_report.json,True,file,,,False,CONTEXT,Scanned file under docs.
docs,docs/test_M2R_full_sram_regeneration_report.md,True,file,,,False,CONTEXT,Scanned file under docs.
docs,docs/test_M2_layoutgen_full_trial_report.json,True,file,,,False,CONTEXT,Scanned file under docs.
docs,docs/test_M2_layoutgen_full_trial_report.md,True,file,,,False,CONTEXT,Scanned file under docs.
outputs,outputs/M10_raw_openyield_trace/current_supported_config/M10_OPENYIELD_SOURCE_BACKED_SRAM_SPEC.json,True,file,NETLIST_SEMANTICS;SRAM_CONFIGURATION;VERIFICATION_AND_TRACE,M10_raw_openyield_trace;M10_OPENYIELD_SOURCE_BACKED_SRAM_SPEC.json,False,DIRECT,Scanned file under outputs.
outputs,outputs/M10_raw_openyield_trace/current_supported_config/M10_OPENYIELD_SOURCE_BACKED_SRAM_SPEC.md,True,file,NETLIST_SEMANTICS;SRAM_CONFIGURATION;VERIFICATION_AND_TRACE,M10_raw_openyield_trace;M10_OPENYIELD_SOURCE_BACKED_SRAM_SPEC.md,False,DIRECT,Scanned file under outputs.
outputs,outputs/M10_raw_openyield_trace/current_supported_config/M10_config_source_trace.json,True,file,SRAM_CONFIGURATION;VERIFICATION_AND_TRACE,M10_raw_openyield_trace;M10_config_source_trace.json,False,DIRECT,Scanned file under outputs.
outputs,outputs/M10_raw_openyield_trace/current_supported_config/M10_config_source_trace.md,True,file,SRAM_CONFIGURATION;VERIFICATION_AND_TRACE,M10_raw_openyield_trace;M10_config_source_trace.md,False,DIRECT,Scanned file under outputs.
outputs,outputs/M10_raw_openyield_trace/current_supported_config/M10_raw_openyield_source_trace.json,True,file,SRAM_CONFIGURATION;VERIFICATION_AND_TRACE,M10_raw_openyield_trace;M10_raw_openyield_source_trace.json,False,DIRECT,Scanned file under outputs.
outputs,outputs/M10_raw_openyield_trace/current_supported_config/M10_raw_openyield_source_trace.md,True,file,SRAM_CONFIGURATION;VERIFICATION_AND_TRACE,M10_raw_openyield_trace;M10_raw_openyield_source_trace.md,False,DIRECT,Scanned file under outputs.
outputs,outputs/M10_raw_openyield_trace/current_supported_config/M10_remaining_gap_report.json,True,file,SRAM_CONFIGURATION;VERIFICATION_AND_TRACE,M10_raw_openyield_trace;M10_remaining_gap_report.json,False,DIRECT,Scanned file under outputs.
outputs,outputs/M10_raw_openyield_trace/current_supported_config/M10_remaining_gap_report.md,True,file,SRAM_CONFIGURATION;VERIFICATION_AND_TRACE,M10_raw_openyield_trace;M10_remaining_gap_report.md,False,DIRECT,Scanned file under outputs.
outputs,outputs/M10_raw_openyield_trace/current_supported_config/M10_source_backed_instance_trace.csv,True,file,NETLIST_SEMANTICS;SRAM_CONFIGURATION;VERIFICATION_AND_TRACE,M10_raw_openyield_trace;M10_source_backed_instance_trace.csv,False,DIRECT,Scanned file under outputs.
outputs,outputs/M10_raw_openyield_trace/current_supported_config/M10_source_backed_instance_trace.md,True,file,NETLIST_SEMANTICS;SRAM_CONFIGURATION;VERIFICATION_AND_TRACE,M10_raw_openyield_trace;M10_source_backed_instance_trace.md,False,DIRECT,Scanned file under outputs.
outputs,outputs/M10_raw_openyield_trace/current_supported_config/M10_source_backed_module_trace.csv,True,file,NETLIST_SEMANTICS;SRAM_CONFIGURATION;VERIFICATION_AND_TRACE,M10_raw_openyield_trace;M10_source_backed_module_trace.csv,False,DIRECT,Scanned file under outputs.
outputs,outputs/M10_raw_openyield_trace/current_supported_config/M10_source_backed_module_trace.md,True,file,NETLIST_SEMANTICS;SRAM_CONFIGURATION;VERIFICATION_AND_TRACE,M10_raw_openyield_trace;M10_source_backed_module_trace.md,False,DIRECT,Scanned file under outputs.
outputs,outputs/M10_raw_openyield_trace/current_supported_config/M10_source_backed_net_trace.csv,True,file,NETLIST_SEMANTICS;SRAM_CONFIGURATION;VERIFICATION_AND_TRACE,M10_raw_openyield_trace;M10_source_backed_net_trace.csv,False,DIRECT,Scanned file under outputs.
outputs,outputs/M10_raw_openyield_trace/current_supported_config/M10_source_backed_net_trace.md,True,file,NETLIST_SEMANTICS;SRAM_CONFIGURATION;VERIFICATION_AND_TRACE,M10_raw_openyield_trace;M10_source_backed_net_trace.md,False,DIRECT,Scanned file under outputs.
outputs,outputs/M10_raw_openyield_trace/current_supported_config/M10_translator_generation_report.json,True,file,SRAM_CONFIGURATION;VERIFICATION_AND_TRACE,M10_raw_openyield_trace;M10_translator_generation_report.json,False,DIRECT,Scanned file under outputs.
outputs,outputs/M10_raw_openyield_trace/current_supported_config/M10_translator_generation_report.md,True,file,SRAM_CONFIGURATION;VERIFICATION_AND_TRACE,M10_raw_openyield_trace;M10_translator_generation_report.md,False,DIRECT,Scanned file under outputs.
outputs,outputs/M10_raw_openyield_trace/current_supported_config/M10_vs_golden_geometry_diff_report.json,True,file,SRAM_CONFIGURATION;VERIFICATION_AND_TRACE,M10_raw_openyield_trace;M10_vs_golden_geometry_diff_report.json,False,DIRECT,Scanned file under outputs.
outputs,outputs/M10_raw_openyield_trace/current_supported_config/M10_vs_golden_geometry_diff_report.md,True,file,SRAM_CONFIGURATION;VERIFICATION_AND_TRACE,M10_raw_openyield_trace;M10_vs_golden_geometry_diff_report.md,False,DIRECT,Scanned file under outputs.
outputs,outputs/M10_raw_openyield_trace/current_supported_config/_raw_generation/sram_8x64_wpr4_fd45.architecture.gds,True,file,SRAM_CONFIGURATION;VERIFICATION_AND_TRACE,M10_raw_openyield_trace,False,DIRECT,Scanned file under outputs.
outputs,outputs/M10_raw_openyield_trace/current_supported_config/_raw_generation/sram_8x64_wpr4_fd45.architecture.svg,True,file,SRAM_CONFIGURATION;VERIFICATION_AND_TRACE,M10_raw_openyield_trace,False,DIRECT,Scanned file under outputs.
outputs,outputs/M10_raw_openyield_trace/current_supported_config/_raw_generation/sram_8x64_wpr4_fd45.complete.gds,True,file,SRAM_CONFIGURATION;VERIFICATION_AND_TRACE,M10_raw_openyield_trace,False,DIRECT,Scanned file under outputs.
outputs,outputs/M10_raw_openyield_trace/current_supported_config/_raw_generation/sram_8x64_wpr4_fd45.debug.gds,True,file,SRAM_CONFIGURATION;VERIFICATION_AND_TRACE,M10_raw_openyield_trace,False,DIRECT,Scanned file under outputs.
outputs,outputs/M10_raw_openyield_trace/current_supported_config/_raw_generation/sram_8x64_wpr4_fd45.gds,True,file,SRAM_CONFIGURATION;VERIFICATION_AND_TRACE,M10_raw_openyield_trace,False,DIRECT,Scanned file under outputs.
outputs,outputs/M10_raw_openyield_trace/current_supported_config/_raw_generation/sram_8x64_wpr4_fd45.integration.gds,True,file,SRAM_CONFIGURATION;VERIFICATION_AND_TRACE,M10_raw_openyield_trace,False,DIRECT,Scanned file under outputs.
outputs,outputs/M10_raw_openyield_trace/current_supported_config/_raw_generation/sram_8x64_wpr4_fd45.layout.json,True,file,SRAM_CONFIGURATION;VERIFICATION_AND_TRACE,M10_raw_openyield_trace,False,DIRECT,Scanned file under outputs.
outputs,outputs/M10_raw_openyield_trace/current_supported_config/_raw_generation/sram_8x64_wpr4_fd45.lef,True,file,SRAM_CONFIGURATION;VERIFICATION_AND_TRACE,M10_raw_openyield_trace,False,DIRECT,Scanned file under outputs.
outputs,outputs/M10_raw_openyield_trace/current_supported_config/_raw_generation/sram_8x64_wpr4_fd45.occupancy.svg,True,file,SRAM_CONFIGURATION;VERIFICATION_AND_TRACE,M10_raw_openyield_trace,False,DIRECT,Scanned file under outputs.
outputs,outputs/M10_raw_openyield_trace/current_supported_config/_raw_generation/sram_8x64_wpr4_fd45.presentation.gds,True,file,SRAM_CONFIGURATION;VERIFICATION_AND_TRACE,M10_raw_openyield_trace,False,DIRECT,Scanned file under outputs.
outputs,outputs/M10_raw_openyield_trace/current_supported_config/_raw_generation/sram_8x64_wpr4_fd45.report.json,True,file,SRAM_CONFIGURATION;VERIFICATION_AND_TRACE,M10_raw_openyield_trace,False,DIRECT,Scanned file under outputs.
outputs,outputs/M10_raw_openyield_trace/current_supported_config/_raw_generation/sram_8x64_wpr4_fd45.report.md,True,file,SRAM_CONFIGURATION;VERIFICATION_AND_TRACE,M10_raw_openyield_trace,False,DIRECT,Scanned file under outputs.
outputs,outputs/M10_raw_openyield_trace/current_supported_config/_raw_generation/sram_8x64_wpr4_fd45.route_guides.gds,True,file,SRAM_CONFIGURATION;VERIFICATION_AND_TRACE,M10_raw_openyield_trace,False,DIRECT,Scanned file under outputs.
outputs,outputs/M10_raw_openyield_trace/current_supported_config/_raw_generation/sram_8x64_wpr4_fd45.sp,True,file,SRAM_CONFIGURATION;VERIFICATION_AND_TRACE,M10_raw_openyield_trace,False,DIRECT,Scanned file under outputs.
outputs,outputs/M10_raw_openyield_trace/current_supported_config/golden_reference_copy_for_comparison.gds,True,file,GDS_GENERATION_FLOW;SRAM_CONFIGURATION;VERIFICATION_AND_TRACE,M10_raw_openyield_trace,False,DIRECT,Scanned file under outputs.
outputs,outputs/M10_raw_openyield_trace/current_supported_config/openyield_source_backed_translated_sram.gds,True,file,GDS_GENERATION_FLOW;NETLIST_SEMANTICS;SRAM_CONFIGURATION;VERIFICATION_AND_TRACE,M10_raw_openyield_trace,False,DIRECT,Scanned file under outputs.
outputs,outputs/M10_raw_openyield_trace/current_supported_config/openyield_source_backed_translated_sram_annotated_debug.gds,True,file,GDS_GENERATION_FLOW;NETLIST_SEMANTICS;SRAM_CONFIGURATION;VERIFICATION_AND_TRACE,M10_raw_openyield_trace,False,DIRECT,Scanned file under outputs.
outputs,outputs/M10_raw_openyield_trace/current_supported_config/openyield_source_backed_translated_sram_clean_review.gds,True,file,GDS_GENERATION_FLOW;NETLIST_SEMANTICS;SRAM_CONFIGURATION;VERIFICATION_AND_TRACE,M10_raw_openyield_trace,False,DIRECT,Scanned file under outputs.
outputs,outputs/M10_raw_openyield_trace/current_supported_config/review_gds_manifest.json,True,file,SRAM_CONFIGURATION;VERIFICATION_AND_TRACE,M10_raw_openyield_trace,False,DIRECT,Scanned file under outputs.
outputs,outputs/M10_raw_openyield_trace/current_supported_config/review_gds_manifest.md,True,file,SRAM_CONFIGURATION;VERIFICATION_AND_TRACE,M10_raw_openyield_trace,False,DIRECT,Scanned file under outputs.
outputs,outputs/M11_openyield_config_variation/current_supported_config/M11_OPENYIELD_CONFIG_DERIVED_SRAM_SPEC.json,True,file,SRAM_CONFIGURATION,M11_openyield_config_variation;M11_OPENYIELD_CONFIG_DERIVED_SRAM_SPEC.json,False,DIRECT,Scanned file under outputs.
outputs,outputs/M11_openyield_config_variation/current_supported_config/M11_OPENYIELD_CONFIG_DERIVED_SRAM_SPEC.md,True,file,SRAM_CONFIGURATION,M11_openyield_config_variation;M11_OPENYIELD_CONFIG_DERIVED_SRAM_SPEC.md,False,DIRECT,Scanned file under outputs.
outputs,outputs/M11_openyield_config_variation/current_supported_config/M11_config_candidate_inventory.csv,True,file,SRAM_CONFIGURATION,M11_openyield_config_variation;M11_config_candidate_inventory.csv,False,DIRECT,Scanned file under outputs.
outputs,outputs/M11_openyield_config_variation/current_supported_config/M11_config_candidate_inventory.md,True,file,SRAM_CONFIGURATION,M11_openyield_config_variation;M11_config_candidate_inventory.md,False,DIRECT,Scanned file under outputs.
outputs,outputs/M11_openyield_config_variation/current_supported_config/M11_config_extraction_trace.json,True,file,SRAM_CONFIGURATION;VERIFICATION_AND_TRACE,M11_openyield_config_variation;M11_config_extraction_trace.json,False,DIRECT,Scanned file under outputs.
outputs,outputs/M11_openyield_config_variation/current_supported_config/M11_config_extraction_trace.md,True,file,SRAM_CONFIGURATION;VERIFICATION_AND_TRACE,M11_openyield_config_variation;M11_config_extraction_trace.md,False,DIRECT,Scanned file under outputs.
outputs,outputs/M11_openyield_config_variation/current_supported_config/M11_remaining_gap_report.json,True,file,SRAM_CONFIGURATION;VERIFICATION_AND_TRACE,M11_openyield_config_variation;M11_remaining_gap_report.json,False,DIRECT,Scanned file under outputs.
outputs,outputs/M11_openyield_config_variation/current_supported_config/M11_remaining_gap_report.md,True,file,SRAM_CONFIGURATION;VERIFICATION_AND_TRACE,M11_openyield_config_variation;M11_remaining_gap_report.md,False,DIRECT,Scanned file under outputs.
outputs,outputs/M11_openyield_config_variation/current_supported_config/M11_spec_field_source_matrix.csv,True,file,SRAM_CONFIGURATION,M11_openyield_config_variation;M11_spec_field_source_matrix.csv,False,DIRECT,Scanned file under outputs.
outputs,outputs/M11_openyield_config_variation/current_supported_config/M11_spec_field_source_matrix.md,True,file,SRAM_CONFIGURATION,M11_openyield_config_variation;M11_spec_field_source_matrix.md,False,DIRECT,Scanned file under outputs.
outputs,outputs/M11_openyield_config_variation/current_supported_config/M11_variation_support_report.json,True,file,SRAM_CONFIGURATION,M11_openyield_config_variation;M11_variation_support_report.json,False,DIRECT,Scanned file under outputs.
outputs,outputs/M11_openyield_config_variation/current_supported_config/M11_variation_support_report.md,True,file,SRAM_CONFIGURATION,M11_openyield_config_variation;M11_variation_support_report.md,False,DIRECT,Scanned file under outputs.
outputs,outputs/M11_openyield_config_variation/current_supported_config/M11_vs_golden_geometry_diff_report.json,True,file,SRAM_CONFIGURATION;VERIFICATION_AND_TRACE,M11_openyield_config_variation;M11_vs_golden_geometry_diff_report.json,False,DIRECT,Scanned file under outputs.
outputs,outputs/M11_openyield_config_variation/current_supported_config/M11_vs_golden_geometry_diff_report.md,True,file,SRAM_CONFIGURATION;VERIFICATION_AND_TRACE,M11_openyield_config_variation;M11_vs_golden_geometry_diff_report.md,False,DIRECT,Scanned file under outputs.
outputs,outputs/M11_openyield_config_variation/current_supported_config/_raw_generation/sram_8x64_wpr4_fd45.architecture.gds,True,file,SRAM_CONFIGURATION,M11_openyield_config_variation,False,DIRECT,Scanned file under outputs.
outputs,outputs/M11_openyield_config_variation/current_supported_config/_raw_generation/sram_8x64_wpr4_fd45.architecture.svg,True,file,SRAM_CONFIGURATION,M11_openyield_config_variation,False,DIRECT,Scanned file under outputs.
outputs,outputs/M11_openyield_config_variation/current_supported_config/_raw_generation/sram_8x64_wpr4_fd45.complete.gds,True,file,SRAM_CONFIGURATION,M11_openyield_config_variation,False,DIRECT,Scanned file under outputs.
outputs,outputs/M11_openyield_config_variation/current_supported_config/_raw_generation/sram_8x64_wpr4_fd45.debug.gds,True,file,SRAM_CONFIGURATION,M11_openyield_config_variation,False,DIRECT,Scanned file under outputs.
outputs,outputs/M11_openyield_config_variation/current_supported_config/_raw_generation/sram_8x64_wpr4_fd45.gds,True,file,SRAM_CONFIGURATION,M11_openyield_config_variation,False,DIRECT,Scanned file under outputs.
outputs,outputs/M11_openyield_config_variation/current_supported_config/_raw_generation/sram_8x64_wpr4_fd45.integration.gds,True,file,SRAM_CONFIGURATION,M11_openyield_config_variation,False,DIRECT,Scanned file under outputs.
outputs,outputs/M11_openyield_config_variation/current_supported_config/_raw_generation/sram_8x64_wpr4_fd45.layout.json,True,file,SRAM_CONFIGURATION,M11_openyield_config_variation,False,DIRECT,Scanned file under outputs.
outputs,outputs/M11_openyield_config_variation/current_supported_config/_raw_generation/sram_8x64_wpr4_fd45.lef,True,file,SRAM_CONFIGURATION,M11_openyield_config_variation,False,DIRECT,Scanned file under outputs.
outputs,outputs/M11_openyield_config_variation/current_supported_config/_raw_generation/sram_8x64_wpr4_fd45.occupancy.svg,True,file,SRAM_CONFIGURATION,M11_openyield_config_variation,False,DIRECT,Scanned file under outputs.
outputs,outputs/M11_openyield_config_variation/current_supported_config/_raw_generation/sram_8x64_wpr4_fd45.presentation.gds,True,file,SRAM_CONFIGURATION,M11_openyield_config_variation,False,DIRECT,Scanned file under outputs.
outputs,outputs/M11_openyield_config_variation/current_supported_config/_raw_generation/sram_8x64_wpr4_fd45.report.json,True,file,SRAM_CONFIGURATION,M11_openyield_config_variation,False,DIRECT,Scanned file under outputs.
outputs,outputs/M11_openyield_config_variation/current_supported_config/_raw_generation/sram_8x64_wpr4_fd45.report.md,True,file,SRAM_CONFIGURATION,M11_openyield_config_variation,False,DIRECT,Scanned file under outputs.
outputs,outputs/M11_openyield_config_variation/current_supported_config/_raw_generation/sram_8x64_wpr4_fd45.route_guides.gds,True,file,SRAM_CONFIGURATION,M11_openyield_config_variation,False,DIRECT,Scanned file under outputs.
outputs,outputs/M11_openyield_config_variation/current_supported_config/_raw_generation/sram_8x64_wpr4_fd45.sp,True,file,SRAM_CONFIGURATION,M11_openyield_config_variation,False,DIRECT,Scanned file under outputs.
outputs,outputs/M11_openyield_config_variation/current_supported_config/_variation_generation/openyield_raw_16x16_wpr1_fd45.architecture.gds,True,file,SRAM_CONFIGURATION,M11_openyield_config_variation,False,DIRECT,Scanned file under outputs.
outputs,outputs/M11_openyield_config_variation/current_supported_config/_variation_generation/openyield_raw_16x16_wpr1_fd45.architecture.svg,True,file,SRAM_CONFIGURATION,M11_openyield_config_variation,False,DIRECT,Scanned file under outputs.
outputs,outputs/M11_openyield_config_variation/current_supported_config/_variation_generation/openyield_raw_16x16_wpr1_fd45.complete.gds,True,file,SRAM_CONFIGURATION,M11_openyield_config_variation,False,DIRECT,Scanned file under outputs.
outputs,outputs/M11_openyield_config_variation/current_supported_config/_variation_generation/openyield_raw_16x16_wpr1_fd45.debug.gds,True,file,SRAM_CONFIGURATION,M11_openyield_config_variation,False,DIRECT,Scanned file under outputs.
outputs,outputs/M11_openyield_config_variation/current_supported_config/_variation_generation/openyield_raw_16x16_wpr1_fd45.gds,True,file,SRAM_CONFIGURATION,M11_openyield_config_variation,False,DIRECT,Scanned file under outputs.
outputs,outputs/M11_openyield_config_variation/current_supported_config/_variation_generation/openyield_raw_16x16_wpr1_fd45.integration.gds,True,file,SRAM_CONFIGURATION,M11_openyield_config_variation,False,DIRECT,Scanned file under outputs.
outputs,outputs/M11_openyield_config_variation/current_supported_config/_variation_generation/openyield_raw_16x16_wpr1_fd45.layout.json,True,file,SRAM_CONFIGURATION,M11_openyield_config_variation,False,DIRECT,Scanned file under outputs.
outputs,outputs/M11_openyield_config_variation/current_supported_config/_variation_generation/openyield_raw_16x16_wpr1_fd45.lef,True,file,SRAM_CONFIGURATION,M11_openyield_config_variation,False,DIRECT,Scanned file under outputs.
outputs,outputs/M11_openyield_config_variation/current_supported_config/_variation_generation/openyield_raw_16x16_wpr1_fd45.occupancy.svg,True,file,SRAM_CONFIGURATION,M11_openyield_config_variation,False,DIRECT,Scanned file under outputs.
outputs,outputs/M11_openyield_config_variation/current_supported_config/_variation_generation/openyield_raw_16x16_wpr1_fd45.presentation.gds,True,file,SRAM_CONFIGURATION,M11_openyield_config_variation,False,DIRECT,Scanned file under outputs.
outputs,outputs/M11_openyield_config_variation/current_supported_config/_variation_generation/openyield_raw_16x16_wpr1_fd45.report.json,True,file,SRAM_CONFIGURATION,M11_openyield_config_variation,False,DIRECT,Scanned file under outputs.
outputs,outputs/M11_openyield_config_variation/current_supported_config/_variation_generation/openyield_raw_16x16_wpr1_fd45.report.md,True,file,SRAM_CONFIGURATION,M11_openyield_config_variation,False,DIRECT,Scanned file under outputs.
outputs,outputs/M11_openyield_config_variation/current_supported_config/_variation_generation/openyield_raw_16x16_wpr1_fd45.route_guides.gds,True,file,SRAM_CONFIGURATION,M11_openyield_config_variation,False,DIRECT,Scanned file under outputs.
outputs,outputs/M11_openyield_config_variation/current_supported_config/_variation_generation/openyield_raw_16x16_wpr1_fd45.sp,True,file,SRAM_CONFIGURATION,M11_openyield_config_variation,False,DIRECT,Scanned file under outputs.
outputs,outputs/M11_openyield_config_variation/current_supported_config/golden_reference_copy_for_comparison.gds,True,file,GDS_GENERATION_FLOW;SRAM_CONFIGURATION,M11_openyield_config_variation,False,DIRECT,Scanned file under outputs.
outputs,outputs/M11_openyield_config_variation/current_supported_config/openyield_config_derived_sram.gds,True,file,SRAM_CONFIGURATION,M11_openyield_config_variation,False,DIRECT,Scanned file under outputs.
outputs,outputs/M11_openyield_config_variation/current_supported_config/openyield_config_derived_sram_annotated_debug.gds,True,file,SRAM_CONFIGURATION,M11_openyield_config_variation,False,DIRECT,Scanned file under outputs.
outputs,outputs/M11_openyield_config_variation/current_supported_config/openyield_config_derived_sram_clean_review.gds,True,file,SRAM_CONFIGURATION;VERIFICATION_AND_TRACE,M11_openyield_config_variation,False,DIRECT,Scanned file under outputs.
outputs,outputs/M11_openyield_config_variation/current_supported_config/review_gds_manifest.json,True,file,SRAM_CONFIGURATION;VERIFICATION_AND_TRACE,M11_openyield_config_variation,False,DIRECT,Scanned file under outputs.
outputs,outputs/M11_openyield_config_variation/current_supported_config/review_gds_manifest.md,True,file,SRAM_CONFIGURATION;VERIFICATION_AND_TRACE,M11_openyield_config_variation,False,DIRECT,Scanned file under outputs.
outputs,outputs/M12_ten_asset_audit/current_supported_config/M12_deprecated_artifacts.md,True,file,SRAM_CONFIGURATION,M12_ten_asset_audit;M12_deprecated_artifacts.md,False,DIRECT,Scanned file under outputs.
outputs,outputs/M12_ten_asset_audit/current_supported_config/M12_missing_asset_backlog.csv,True,file,SRAM_CONFIGURATION,M12_ten_asset_audit;M12_missing_asset_backlog.csv,False,DIRECT,Scanned file under outputs.
outputs,outputs/M12_ten_asset_audit/current_supported_config/M12_missing_asset_backlog.md,True,file,SRAM_CONFIGURATION,M12_ten_asset_audit;M12_missing_asset_backlog.md,False,DIRECT,Scanned file under outputs.
outputs,outputs/M12_ten_asset_audit/current_supported_config/M12_next_fill_plan.md,True,file,SRAM_CONFIGURATION,M12_ten_asset_audit;M12_next_fill_plan.md,False,DIRECT,Scanned file under outputs.
outputs,outputs/M12_ten_asset_audit/current_supported_config/M12_reused_previous_artifacts.md,True,file,SRAM_CONFIGURATION,M12_ten_asset_audit;M12_reused_previous_artifacts.md,False,DIRECT,Scanned file under outputs.
outputs,outputs/M12_ten_asset_audit/current_supported_config/M12_ten_required_assets_matrix.csv,True,file,SRAM_CONFIGURATION,M12_ten_asset_audit;M12_ten_required_assets_matrix.csv,False,DIRECT,Scanned file under outputs.
outputs,outputs/M12_ten_asset_audit/current_supported_config/M12_ten_required_assets_matrix.md,True,file,SRAM_CONFIGURATION,M12_ten_asset_audit;M12_ten_required_assets_matrix.md,False,DIRECT,Scanned file under outputs.
outputs,outputs/M12_ten_asset_audit/current_supported_config/M12_ten_required_assets_status.json,True,file,SRAM_CONFIGURATION,M12_ten_asset_audit;M12_ten_required_assets_status.json,False,DIRECT,Scanned file under outputs.
outputs,outputs/M12_ten_asset_audit/current_supported_config/M12_ten_required_assets_status.md,True,file,SRAM_CONFIGURATION,M12_ten_asset_audit;M12_ten_required_assets_status.md,False,DIRECT,Scanned file under outputs.
outputs,outputs/M12_ten_asset_audit/current_supported_config/M12_workdir_asset_evidence_inventory.csv,True,file,SRAM_CONFIGURATION,M12_ten_asset_audit;M12_workdir_asset_evidence_inventory.csv,False,DIRECT,Scanned file under outputs.
outputs,outputs/M12_ten_asset_audit/current_supported_config/M12_workdir_asset_evidence_inventory.md,True,file,SRAM_CONFIGURATION,M12_ten_asset_audit;M12_workdir_asset_evidence_inventory.md,False,DIRECT,Scanned file under outputs.
outputs,outputs/M1_layoutgen_binding_review/current_supported_config/physical_cell_binding_review.gds,True,file,SRAM_CONFIGURATION;VERIFICATION_AND_TRACE,M1_layoutgen_binding_review,False,DIRECT,Scanned file under outputs.
outputs,outputs/M1_layoutgen_binding_review/current_supported_config/review_gds_manifest.json,True,file,SRAM_CONFIGURATION;VERIFICATION_AND_TRACE,M1_layoutgen_binding_review,False,DIRECT,Scanned file under outputs.
outputs,outputs/M1_layoutgen_binding_review/current_supported_config/review_gds_manifest.md,True,file,SRAM_CONFIGURATION;VERIFICATION_AND_TRACE,M1_layoutgen_binding_review,False,DIRECT,Scanned file under outputs.
outputs,outputs/M2R_full_sram_regen/current_supported_config/M2R_full_sram_generation_report.json,True,file,SRAM_CONFIGURATION,M2R_full_sram_regen;M2R_full_sram_generation_report.json,False,DIRECT,Scanned file under outputs.
outputs,outputs/M2R_full_sram_regen/current_supported_config/M2R_full_sram_generation_report.md,True,file,SRAM_CONFIGURATION,M2R_full_sram_regen;M2R_full_sram_generation_report.md,False,DIRECT,Scanned file under outputs.
outputs,outputs/M2R_full_sram_regen/current_supported_config/M2R_layoutgen_top_flow_trace.json,True,file,SRAM_CONFIGURATION;VERIFICATION_AND_TRACE,M2R_full_sram_regen;M2R_layoutgen_top_flow_trace.json,False,DIRECT,Scanned file under outputs.
outputs,outputs/M2R_full_sram_regen/current_supported_config/M2R_layoutgen_top_flow_trace.md,True,file,SRAM_CONFIGURATION;VERIFICATION_AND_TRACE,M2R_full_sram_regen;M2R_layoutgen_top_flow_trace.md,False,DIRECT,Scanned file under outputs.
outputs,outputs/M2R_full_sram_regen/current_supported_config/M2R_locked_sram_spec.json,True,file,SRAM_CONFIGURATION,M2R_full_sram_regen;M2R_locked_sram_spec.json,False,DIRECT,Scanned file under outputs.
outputs,outputs/M2R_full_sram_regen/current_supported_config/M2R_locked_sram_spec.md,True,file,SRAM_CONFIGURATION,M2R_full_sram_regen;M2R_locked_sram_spec.md,False,DIRECT,Scanned file under outputs.
outputs,outputs/M2R_full_sram_regen/current_supported_config/M2R_openyield_adaptation_report.json,True,file,SRAM_CONFIGURATION,M2R_full_sram_regen;M2R_openyield_adaptation_report.json,False,DIRECT,Scanned file under outputs.
outputs,outputs/M2R_full_sram_regen/current_supported_config/M2R_openyield_adaptation_report.md,True,file,SRAM_CONFIGURATION,M2R_full_sram_regen;M2R_openyield_adaptation_report.md,False,DIRECT,Scanned file under outputs.
outputs,outputs/M2R_full_sram_regen/current_supported_config/M2R_remaining_gap_report.json,True,file,SRAM_CONFIGURATION;VERIFICATION_AND_TRACE,M2R_full_sram_regen;M2R_remaining_gap_report.json,False,DIRECT,Scanned file under outputs.
outputs,outputs/M2R_full_sram_regen/current_supported_config/M2R_remaining_gap_report.md,True,file,SRAM_CONFIGURATION;VERIFICATION_AND_TRACE,M2R_full_sram_regen;M2R_remaining_gap_report.md,False,DIRECT,Scanned file under outputs.
outputs,outputs/M2R_full_sram_regen/current_supported_config/M2R_visual_sram_likeness_report.json,True,file,SRAM_CONFIGURATION,M2R_full_sram_regen;M2R_visual_sram_likeness_report.json,False,DIRECT,Scanned file under outputs.
outputs,outputs/M2R_full_sram_regen/current_supported_config/M2R_visual_sram_likeness_report.md,True,file,SRAM_CONFIGURATION,M2R_full_sram_regen;M2R_visual_sram_likeness_report.md,False,DIRECT,Scanned file under outputs.
outputs,outputs/M2R_full_sram_regen/current_supported_config/openyield_layoutgen_full_sram_M2R.architecture.gds,True,file,SRAM_CONFIGURATION,M2R_full_sram_regen,False,DIRECT,Scanned file under outputs.
outputs,outputs/M2R_full_sram_regen/current_supported_config/openyield_layoutgen_full_sram_M2R.architecture.svg,True,file,SRAM_CONFIGURATION,M2R_full_sram_regen,False,DIRECT,Scanned file under outputs.
outputs,outputs/M2R_full_sram_regen/current_supported_config/openyield_layoutgen_full_sram_M2R.complete.gds,True,file,SRAM_CONFIGURATION,M2R_full_sram_regen,False,DIRECT,Scanned file under outputs.
outputs,outputs/M2R_full_sram_regen/current_supported_config/openyield_layoutgen_full_sram_M2R.debug.gds,True,file,SRAM_CONFIGURATION,M2R_full_sram_regen,False,DIRECT,Scanned file under outputs.
outputs,outputs/M2R_full_sram_regen/current_supported_config/openyield_layoutgen_full_sram_M2R.gds,True,file,SRAM_CONFIGURATION,M2R_full_sram_regen,False,DIRECT,Scanned file under outputs.
outputs,outputs/M2R_full_sram_regen/current_supported_config/openyield_layoutgen_full_sram_M2R.integration.gds,True,file,SRAM_CONFIGURATION,M2R_full_sram_regen,False,DIRECT,Scanned file under outputs.
outputs,outputs/M2R_full_sram_regen/current_supported_config/openyield_layoutgen_full_sram_M2R.layout.json,True,file,SRAM_CONFIGURATION,M2R_full_sram_regen,False,DIRECT,Scanned file under outputs.
outputs,outputs/M2R_full_sram_regen/current_supported_config/openyield_layoutgen_full_sram_M2R.lef,True,file,SRAM_CONFIGURATION,M2R_full_sram_regen,False,DIRECT,Scanned file under outputs.
outputs,outputs/M2R_full_sram_regen/current_supported_config/openyield_layoutgen_full_sram_M2R.occupancy.svg,True,file,SRAM_CONFIGURATION,M2R_full_sram_regen,False,DIRECT,Scanned file under outputs.
outputs,outputs/M2R_full_sram_regen/current_supported_config/openyield_layoutgen_full_sram_M2R.presentation.gds,True,file,SRAM_CONFIGURATION,M2R_full_sram_regen,False,DIRECT,Scanned file under outputs.
outputs,outputs/M2R_full_sram_regen/current_supported_config/openyield_layoutgen_full_sram_M2R.report.json,True,file,SRAM_CONFIGURATION,M2R_full_sram_regen,False,DIRECT,Scanned file under outputs.
outputs,outputs/M2R_full_sram_regen/current_supported_config/openyield_layoutgen_full_sram_M2R.report.md,True,file,SRAM_CONFIGURATION,M2R_full_sram_regen,False,DIRECT,Scanned file under outputs.
outputs,outputs/M2R_full_sram_regen/current_supported_config/openyield_layoutgen_full_sram_M2R.route_guides.gds,True,file,SRAM_CONFIGURATION,M2R_full_sram_regen,False,DIRECT,Scanned file under outputs.
outputs,outputs/M2R_full_sram_regen/current_supported_config/openyield_layoutgen_full_sram_M2R.sp,True,file,SRAM_CONFIGURATION,M2R_full_sram_regen,False,DIRECT,Scanned file under outputs.
outputs,outputs/M2R_full_sram_regen/current_supported_config/review_gds_manifest.json,True,file,SRAM_CONFIGURATION;VERIFICATION_AND_TRACE,M2R_full_sram_regen,False,DIRECT,Scanned file under outputs.
outputs,outputs/M2R_full_sram_regen/current_supported_config/review_gds_manifest.md,True,file,SRAM_CONFIGURATION;VERIFICATION_AND_TRACE,M2R_full_sram_regen,False,DIRECT,Scanned file under outputs.
outputs,outputs/M2_layoutgen_full_trial/current_supported_config/M2_full_sram_assembly_report.json,True,file,SRAM_CONFIGURATION,M2_layoutgen_full_trial;M2_full_sram_assembly_report.json,False,DIRECT,Scanned file under outputs.
outputs,outputs/M2_layoutgen_full_trial/current_supported_config/M2_full_sram_assembly_report.md,True,file,SRAM_CONFIGURATION,M2_layoutgen_full_trial;M2_full_sram_assembly_report.md,False,DIRECT,Scanned file under outputs.
outputs,outputs/M2_layoutgen_full_trial/current_supported_config/M2_gap_and_risk_report.json,True,file,SRAM_CONFIGURATION,M2_layoutgen_full_trial;M2_gap_and_risk_report.json,False,DIRECT,Scanned file under outputs.
outputs,outputs/M2_layoutgen_full_trial/current_supported_config/M2_gap_and_risk_report.md,True,file,SRAM_CONFIGURATION,M2_layoutgen_full_trial;M2_gap_and_risk_report.md,False,DIRECT,Scanned file under outputs.
outputs,outputs/M2_layoutgen_full_trial/current_supported_config/M2_real_module_generation_report.json,True,file,SRAM_CONFIGURATION,M2_layoutgen_full_trial;M2_real_module_generation_report.json,False,DIRECT,Scanned file under outputs.
outputs,outputs/M2_layoutgen_full_trial/current_supported_config/M2_real_module_generation_report.md,True,file,SRAM_CONFIGURATION,M2_layoutgen_full_trial;M2_real_module_generation_report.md,False,DIRECT,Scanned file under outputs.
outputs,outputs/M2_layoutgen_full_trial/current_supported_config/M2_visual_structure_check_report.json,True,file,SRAM_CONFIGURATION,M2_layoutgen_full_trial;M2_visual_structure_check_report.json,False,DIRECT,Scanned file under outputs.
outputs,outputs/M2_layoutgen_full_trial/current_supported_config/M2_visual_structure_check_report.md,True,file,SRAM_CONFIGURATION,M2_layoutgen_full_trial;M2_visual_structure_check_report.md,False,DIRECT,Scanned file under outputs.
outputs,outputs/M2_layoutgen_full_trial/current_supported_config/openyield_layoutgen_full_trial_sram.gds,True,file,SRAM_CONFIGURATION,M2_layoutgen_full_trial,False,DIRECT,Scanned file under outputs.
outputs,outputs/M2_layoutgen_full_trial/current_supported_config/review_gds_manifest.json,True,file,SRAM_CONFIGURATION;VERIFICATION_AND_TRACE,M2_layoutgen_full_trial,False,DIRECT,Scanned file under outputs.
outputs,outputs/M2_layoutgen_full_trial/current_supported_config/review_gds_manifest.md,True,file,SRAM_CONFIGURATION;VERIFICATION_AND_TRACE,M2_layoutgen_full_trial,False,DIRECT,Scanned file under outputs.
outputs,outputs/M2_layoutgen_full_trial/current_supported_config/review_wrappers/CONTROL_LOGIC.gds,True,file,SRAM_CONFIGURATION;VERIFICATION_AND_TRACE,M2_layoutgen_full_trial,False,DIRECT,Scanned file under outputs.
outputs,outputs/M2_layoutgen_full_trial/current_supported_config/review_wrappers/DELAY_CHAIN.gds,True,file,SRAM_CONFIGURATION;VERIFICATION_AND_TRACE,M2_layoutgen_full_trial,False,DIRECT,Scanned file under outputs.
outputs,outputs/M2_layoutgen_full_trial/current_supported_config/review_wrappers/DFF_ROW.gds,True,file,SRAM_CONFIGURATION;VERIFICATION_AND_TRACE,M2_layoutgen_full_trial,False,DIRECT,Scanned file under outputs.
outputs,outputs/M2_layoutgen_full_trial/current_supported_config/review_wrappers/GATED_CLOCK_PATH.gds,True,file,SRAM_CONFIGURATION;VERIFICATION_AND_TRACE,M2_layoutgen_full_trial,False,DIRECT,Scanned file under outputs.
outputs,outputs/M2_layoutgen_full_trial/current_supported_config/review_wrappers/PRECHARGE_ENABLE_PATH.gds,True,file,SRAM_CONFIGURATION;VERIFICATION_AND_TRACE,M2_layoutgen_full_trial,False,DIRECT,Scanned file under outputs.
outputs,outputs/M2_layoutgen_full_trial/current_supported_config/review_wrappers/SENSE_ENABLE_PATH.gds,True,file,SRAM_CONFIGURATION;VERIFICATION_AND_TRACE,M2_layoutgen_full_trial,False,DIRECT,Scanned file under outputs.
outputs,outputs/M2_layoutgen_full_trial/current_supported_config/review_wrappers/WORDLINE_ENABLE_PATH.gds,True,file,ROUTING_RULES;SRAM_CONFIGURATION;VERIFICATION_AND_TRACE,M2_layoutgen_full_trial,False,DIRECT,Scanned file under outputs.
outputs,outputs/M2_layoutgen_full_trial/current_supported_config/review_wrappers/WRITE_ENABLE_PATH.gds,True,file,SRAM_CONFIGURATION;VERIFICATION_AND_TRACE,M2_layoutgen_full_trial,False,DIRECT,Scanned file under outputs.
outputs,outputs/M2_layoutgen_full_trial/current_supported_config/review_wrappers/decoder_gate_cells.gds,True,file,SRAM_CONFIGURATION;VERIFICATION_AND_TRACE,M2_layoutgen_full_trial,False,DIRECT,Scanned file under outputs.
outputs,outputs/M2_layoutgen_full_trial/current_supported_config/review_wrappers/row_decoder.gds,True,file,SRAM_CONFIGURATION;VERIFICATION_AND_TRACE,M2_layoutgen_full_trial,False,DIRECT,Scanned file under outputs.
outputs,outputs/M2_layoutgen_full_trial/current_supported_config/review_wrappers/wordline_decoder.gds,True,file,ROUTING_RULES;SRAM_CONFIGURATION;VERIFICATION_AND_TRACE,M2_layoutgen_full_trial,False,DIRECT,Scanned file under outputs.
outputs,outputs/M2_layoutgen_full_trial/current_supported_config/review_wrappers/wordline_driver_gate_cells.gds,True,file,ROUTING_RULES;SRAM_CONFIGURATION;VERIFICATION_AND_TRACE,M2_layoutgen_full_trial,False,DIRECT,Scanned file under outputs.
outputs,outputs/M3F_optimized_layoutgen_restore/current_supported_config/M3F_comparison_with_M2R_and_optimized_reference.json,True,file,SRAM_CONFIGURATION,M3F_optimized_layoutgen_restore;M3F_comparison_with_M2R_and_optimized_reference.json,False,DIRECT,Scanned file under outputs.
outputs,outputs/M3F_optimized_layoutgen_restore/current_supported_config/M3F_comparison_with_M2R_and_optimized_reference.md,True,file,SRAM_CONFIGURATION,M3F_optimized_layoutgen_restore;M3F_comparison_with_M2R_and_optimized_reference.md,False,DIRECT,Scanned file under outputs.
outputs,outputs/M3F_optimized_layoutgen_restore/current_supported_config/M3F_gds_row_abutment_audit.json,True,file,PLACEMENT_RULES;SRAM_CONFIGURATION,M3F_optimized_layoutgen_restore;M3F_gds_row_abutment_audit.json,False,DIRECT,Scanned file under outputs.
outputs,outputs/M3F_optimized_layoutgen_restore/current_supported_config/M3F_gds_row_abutment_audit.md,True,file,PLACEMENT_RULES;SRAM_CONFIGURATION,M3F_optimized_layoutgen_restore;M3F_gds_row_abutment_audit.md,False,DIRECT,Scanned file under outputs.
outputs,outputs/M3F_optimized_layoutgen_restore/current_supported_config/M3F_openyield_semantic_binding_report.json,True,file,NETLIST_SEMANTICS;SRAM_CONFIGURATION,M3F_optimized_layoutgen_restore;M3F_openyield_semantic_binding_report.json,False,DIRECT,Scanned file under outputs.
outputs,outputs/M3F_optimized_layoutgen_restore/current_supported_config/M3F_openyield_semantic_binding_report.md,True,file,NETLIST_SEMANTICS;SRAM_CONFIGURATION,M3F_optimized_layoutgen_restore;M3F_openyield_semantic_binding_report.md,False,DIRECT,Scanned file under outputs.
outputs,outputs/M3F_optimized_layoutgen_restore/current_supported_config/M3F_optimized_layoutgen_flow_trace.json,True,file,SRAM_CONFIGURATION;VERIFICATION_AND_TRACE,M3F_optimized_layoutgen_restore;M3F_optimized_layoutgen_flow_trace.json,False,DIRECT,Scanned file under outputs.
outputs,outputs/M3F_optimized_layoutgen_restore/current_supported_config/M3F_optimized_layoutgen_flow_trace.md,True,file,SRAM_CONFIGURATION;VERIFICATION_AND_TRACE,M3F_optimized_layoutgen_restore;M3F_optimized_layoutgen_flow_trace.md,False,DIRECT,Scanned file under outputs.
outputs,outputs/M3F_optimized_layoutgen_restore/current_supported_config/M3F_power_rail_stitch_restore_report.json,True,file,POWER_PLAN;SRAM_CONFIGURATION,M3F_optimized_layoutgen_restore;M3F_power_rail_stitch_restore_report.json,False,DIRECT,Scanned file under outputs.
outputs,outputs/M3F_optimized_layoutgen_restore/current_supported_config/M3F_power_rail_stitch_restore_report.md,True,file,POWER_PLAN;SRAM_CONFIGURATION,M3F_optimized_layoutgen_restore;M3F_power_rail_stitch_restore_report.md,False,DIRECT,Scanned file under outputs.
outputs,outputs/M3F_optimized_layoutgen_restore/current_supported_config/M3F_remaining_gap_report.json,True,file,SRAM_CONFIGURATION;VERIFICATION_AND_TRACE,M3F_optimized_layoutgen_restore;M3F_remaining_gap_report.json,False,DIRECT,Scanned file under outputs.
outputs,outputs/M3F_optimized_layoutgen_restore/current_supported_config/M3F_remaining_gap_report.md,True,file,SRAM_CONFIGURATION;VERIFICATION_AND_TRACE,M3F_optimized_layoutgen_restore;M3F_remaining_gap_report.md,False,DIRECT,Scanned file under outputs.
outputs,outputs/M3F_optimized_layoutgen_restore/current_supported_config/module_coverage.json,True,file,SRAM_CONFIGURATION,M3F_optimized_layoutgen_restore,False,DIRECT,Scanned file under outputs.
outputs,outputs/M3F_optimized_layoutgen_restore/current_supported_config/module_coverage.md,True,file,SRAM_CONFIGURATION,M3F_optimized_layoutgen_restore,False,DIRECT,Scanned file under outputs.
outputs,outputs/M3F_optimized_layoutgen_restore/current_supported_config/openyield_optimized_layoutgen_sram.architecture.gds,True,file,SRAM_CONFIGURATION,M3F_optimized_layoutgen_restore,False,DIRECT,Scanned file under outputs.
outputs,outputs/M3F_optimized_layoutgen_restore/current_supported_config/openyield_optimized_layoutgen_sram.architecture.svg,True,file,SRAM_CONFIGURATION,M3F_optimized_layoutgen_restore,False,DIRECT,Scanned file under outputs.
outputs,outputs/M3F_optimized_layoutgen_restore/current_supported_config/openyield_optimized_layoutgen_sram.complete.gds,True,file,SRAM_CONFIGURATION,M3F_optimized_layoutgen_restore,False,DIRECT,Scanned file under outputs.
outputs,outputs/M3F_optimized_layoutgen_restore/current_supported_config/openyield_optimized_layoutgen_sram.debug.gds,True,file,SRAM_CONFIGURATION,M3F_optimized_layoutgen_restore,False,DIRECT,Scanned file under outputs.
outputs,outputs/M3F_optimized_layoutgen_restore/current_supported_config/openyield_optimized_layoutgen_sram.gds,True,file,SRAM_CONFIGURATION,M3F_optimized_layoutgen_restore,False,DIRECT,Scanned file under outputs.
outputs,outputs/M3F_optimized_layoutgen_restore/current_supported_config/openyield_optimized_layoutgen_sram.integration.gds,True,file,SRAM_CONFIGURATION,M3F_optimized_layoutgen_restore,False,DIRECT,Scanned file under outputs.
outputs,outputs/M3F_optimized_layoutgen_restore/current_supported_config/openyield_optimized_layoutgen_sram.layout.json,True,file,SRAM_CONFIGURATION,M3F_optimized_layoutgen_restore,False,DIRECT,Scanned file under outputs.
outputs,outputs/M3F_optimized_layoutgen_restore/current_supported_config/openyield_optimized_layoutgen_sram.lef,True,file,SRAM_CONFIGURATION,M3F_optimized_layoutgen_restore,False,DIRECT,Scanned file under outputs.
outputs,outputs/M3F_optimized_layoutgen_restore/current_supported_config/openyield_optimized_layoutgen_sram.occupancy.svg,True,file,SRAM_CONFIGURATION,M3F_optimized_layoutgen_restore,False,DIRECT,Scanned file under outputs.
outputs,outputs/M3F_optimized_layoutgen_restore/current_supported_config/openyield_optimized_layoutgen_sram.presentation.gds,True,file,SRAM_CONFIGURATION,M3F_optimized_layoutgen_restore,False,DIRECT,Scanned file under outputs.
outputs,outputs/M3F_optimized_layoutgen_restore/current_supported_config/openyield_optimized_layoutgen_sram.report.json,True,file,SRAM_CONFIGURATION,M3F_optimized_layoutgen_restore,False,DIRECT,Scanned file under outputs.
outputs,outputs/M3F_optimized_layoutgen_restore/current_supported_config/openyield_optimized_layoutgen_sram.report.md,True,file,SRAM_CONFIGURATION,M3F_optimized_layoutgen_restore,False,DIRECT,Scanned file under outputs.
outputs,outputs/M3F_optimized_layoutgen_restore/current_supported_config/openyield_optimized_layoutgen_sram.route_guides.gds,True,file,SRAM_CONFIGURATION,M3F_optimized_layoutgen_restore,False,DIRECT,Scanned file under outputs.
outputs,outputs/M3F_optimized_layoutgen_restore/current_supported_config/openyield_optimized_layoutgen_sram.sp,True,file,SRAM_CONFIGURATION,M3F_optimized_layoutgen_restore,False,DIRECT,Scanned file under outputs.
outputs,outputs/M3F_optimized_layoutgen_restore/current_supported_config/review_gds_manifest.json,True,file,SRAM_CONFIGURATION;VERIFICATION_AND_TRACE,M3F_optimized_layoutgen_restore,False,DIRECT,Scanned file under outputs.
outputs,outputs/M3F_optimized_layoutgen_restore/current_supported_config/review_gds_manifest.md,True,file,SRAM_CONFIGURATION;VERIFICATION_AND_TRACE,M3F_optimized_layoutgen_restore,False,DIRECT,Scanned file under outputs.
outputs,outputs/M3R_openyield_semantic_bound/current_supported_config/M3R_first_round_module_reuse_decision.csv,True,file,NETLIST_SEMANTICS;SRAM_CONFIGURATION,M3R_openyield_semantic_bound;M3R_first_round_module_reuse_decision.csv,False,DIRECT,Scanned file under outputs.
outputs,outputs/M3R_openyield_semantic_bound/current_supported_config/M3R_first_round_module_reuse_decision.md,True,file,NETLIST_SEMANTICS;SRAM_CONFIGURATION,M3R_openyield_semantic_bound;M3R_first_round_module_reuse_decision.md,False,DIRECT,Scanned file under outputs.
outputs,outputs/M3R_openyield_semantic_bound/current_supported_config/M3R_gap_report.json,True,file,NETLIST_SEMANTICS;SRAM_CONFIGURATION,M3R_openyield_semantic_bound;M3R_gap_report.json,False,DIRECT,Scanned file under outputs.
outputs,outputs/M3R_openyield_semantic_bound/current_supported_config/M3R_gap_report.md,True,file,NETLIST_SEMANTICS;SRAM_CONFIGURATION,M3R_openyield_semantic_bound;M3R_gap_report.md,False,DIRECT,Scanned file under outputs.
outputs,outputs/M3R_openyield_semantic_bound/current_supported_config/M3R_openyield_module_to_physical_hierarchy_map.csv,True,file,NETLIST_SEMANTICS;SRAM_CONFIGURATION,M3R_openyield_semantic_bound;M3R_openyield_module_to_physical_hierarchy_map.csv,False,DIRECT,Scanned file under outputs.
outputs,outputs/M3R_openyield_semantic_bound/current_supported_config/M3R_openyield_module_to_physical_hierarchy_map.md,True,file,NETLIST_SEMANTICS;SRAM_CONFIGURATION,M3R_openyield_semantic_bound;M3R_openyield_module_to_physical_hierarchy_map.md,False,DIRECT,Scanned file under outputs.
outputs,outputs/M3R_openyield_semantic_bound/current_supported_config/M3R_openyield_net_to_physical_pin_map.csv,True,file,NETLIST_SEMANTICS;SRAM_CONFIGURATION,M3R_openyield_semantic_bound;M3R_openyield_net_to_physical_pin_map.csv,False,DIRECT,Scanned file under outputs.
outputs,outputs/M3R_openyield_semantic_bound/current_supported_config/M3R_openyield_net_to_physical_pin_map.md,True,file,NETLIST_SEMANTICS;SRAM_CONFIGURATION,M3R_openyield_semantic_bound;M3R_openyield_net_to_physical_pin_map.md,False,DIRECT,Scanned file under outputs.
outputs,outputs/M3R_openyield_semantic_bound/current_supported_config/M3R_openyield_semantic_binding_report.json,True,file,NETLIST_SEMANTICS;SRAM_CONFIGURATION,M3R_openyield_semantic_bound;M3R_openyield_semantic_binding_report.json,False,DIRECT,Scanned file under outputs.
outputs,outputs/M3R_openyield_semantic_bound/current_supported_config/M3R_openyield_semantic_binding_report.md,True,file,NETLIST_SEMANTICS;SRAM_CONFIGURATION,M3R_openyield_semantic_bound;M3R_openyield_semantic_binding_report.md,False,DIRECT,Scanned file under outputs.
outputs,outputs/M3R_openyield_semantic_bound/current_supported_config/M3R_semantic_label_export_report.json,True,file,NETLIST_SEMANTICS;SRAM_CONFIGURATION,M3R_openyield_semantic_bound;M3R_semantic_label_export_report.json,False,DIRECT,Scanned file under outputs.
outputs,outputs/M3R_openyield_semantic_bound/current_supported_config/M3R_semantic_label_export_report.md,True,file,NETLIST_SEMANTICS;SRAM_CONFIGURATION,M3R_openyield_semantic_bound;M3R_semantic_label_export_report.md,False,DIRECT,Scanned file under outputs.
outputs,outputs/M3R_openyield_semantic_bound/current_supported_config/M3R_visual_review_report.json,True,file,NETLIST_SEMANTICS;SRAM_CONFIGURATION;VERIFICATION_AND_TRACE,M3R_openyield_semantic_bound;M3R_visual_review_report.json,False,DIRECT,Scanned file under outputs.
outputs,outputs/M3R_openyield_semantic_bound/current_supported_config/M3R_visual_review_report.md,True,file,NETLIST_SEMANTICS;SRAM_CONFIGURATION;VERIFICATION_AND_TRACE,M3R_openyield_semantic_bound;M3R_visual_review_report.md,False,DIRECT,Scanned file under outputs.
outputs,outputs/M3R_openyield_semantic_bound/current_supported_config/openyield_semantic_bound_full_sram.gds,True,file,NETLIST_SEMANTICS;SRAM_CONFIGURATION,M3R_openyield_semantic_bound,False,DIRECT,Scanned file under outputs.
outputs,outputs/M3R_openyield_semantic_bound/current_supported_config/review_gds_manifest.json,True,file,NETLIST_SEMANTICS;SRAM_CONFIGURATION;VERIFICATION_AND_TRACE,M3R_openyield_semantic_bound,False,DIRECT,Scanned file under outputs.
outputs,outputs/M3R_openyield_semantic_bound/current_supported_config/review_gds_manifest.md,True,file,NETLIST_SEMANTICS;SRAM_CONFIGURATION;VERIFICATION_AND_TRACE,M3R_openyield_semantic_bound,False,DIRECT,Scanned file under outputs.
outputs,outputs/M4E_openyield_integration_eval/current_supported_config/M4E_direct_implementation_plan.md,True,file,SRAM_CONFIGURATION,M4E_openyield_integration_eval;M4E_direct_implementation_plan.md,False,DIRECT,Scanned file under outputs.
outputs,outputs/M4E_openyield_integration_eval/current_supported_config/M4E_floorplan_modification_plan.csv,True,file,FLOORPLAN_RULES;SRAM_CONFIGURATION,M4E_openyield_integration_eval;M4E_floorplan_modification_plan.csv,False,DIRECT,Scanned file under outputs.
outputs,outputs/M4E_openyield_integration_eval/current_supported_config/M4E_floorplan_modification_plan.md,True,file,FLOORPLAN_RULES;SRAM_CONFIGURATION,M4E_openyield_integration_eval;M4E_floorplan_modification_plan.md,False,DIRECT,Scanned file under outputs.
outputs,outputs/M4E_openyield_integration_eval/current_supported_config/M4E_module_count_type_delta_report.json,True,file,SRAM_CONFIGURATION,M4E_openyield_integration_eval;M4E_module_count_type_delta_report.json,False,DIRECT,Scanned file under outputs.
outputs,outputs/M4E_openyield_integration_eval/current_supported_config/M4E_module_count_type_delta_report.md,True,file,SRAM_CONFIGURATION,M4E_openyield_integration_eval;M4E_module_count_type_delta_report.md,False,DIRECT,Scanned file under outputs.
outputs,outputs/M4E_openyield_integration_eval/current_supported_config/M4E_no_more_evaluation_statement.md,True,file,SRAM_CONFIGURATION,M4E_openyield_integration_eval;M4E_no_more_evaluation_statement.md,False,DIRECT,Scanned file under outputs.
outputs,outputs/M4E_openyield_integration_eval/current_supported_config/M4E_openyield_integration_feasibility_report.json,True,file,SRAM_CONFIGURATION,M4E_openyield_integration_eval;M4E_openyield_integration_feasibility_report.json,False,DIRECT,Scanned file under outputs.
outputs,outputs/M4E_openyield_integration_eval/current_supported_config/M4E_openyield_integration_feasibility_report.md,True,file,SRAM_CONFIGURATION,M4E_openyield_integration_eval;M4E_openyield_integration_feasibility_report.md,False,DIRECT,Scanned file under outputs.
outputs,outputs/M4E_openyield_integration_eval/current_supported_config/M4E_openyield_to_layoutgen_implementation_binding.csv,True,file,SRAM_CONFIGURATION,M4E_openyield_integration_eval;M4E_openyield_to_layoutgen_implementation_binding.csv,False,DIRECT,Scanned file under outputs.
outputs,outputs/M4E_openyield_integration_eval/current_supported_config/M4E_openyield_to_layoutgen_implementation_binding.md,True,file,SRAM_CONFIGURATION,M4E_openyield_integration_eval;M4E_openyield_to_layoutgen_implementation_binding.md,False,DIRECT,Scanned file under outputs.
outputs,outputs/M4E_openyield_integration_eval/current_supported_config/M4E_placement_modification_plan.csv,True,file,PLACEMENT_RULES;SRAM_CONFIGURATION,M4E_openyield_integration_eval;M4E_placement_modification_plan.csv,False,DIRECT,Scanned file under outputs.
outputs,outputs/M4E_openyield_integration_eval/current_supported_config/M4E_placement_modification_plan.md,True,file,PLACEMENT_RULES;SRAM_CONFIGURATION,M4E_openyield_integration_eval;M4E_placement_modification_plan.md,False,DIRECT,Scanned file under outputs.
outputs,outputs/M4E_openyield_integration_eval/current_supported_config/M4E_power_modification_plan.csv,True,file,POWER_PLAN;SRAM_CONFIGURATION,M4E_openyield_integration_eval;M4E_power_modification_plan.csv,False,DIRECT,Scanned file under outputs.
outputs,outputs/M4E_openyield_integration_eval/current_supported_config/M4E_power_modification_plan.md,True,file,POWER_PLAN;SRAM_CONFIGURATION,M4E_openyield_integration_eval;M4E_power_modification_plan.md,False,DIRECT,Scanned file under outputs.
outputs,outputs/M4E_openyield_integration_eval/current_supported_config/M4E_routing_modification_plan.csv,True,file,ROUTING_RULES;SRAM_CONFIGURATION,M4E_openyield_integration_eval;M4E_routing_modification_plan.csv,False,DIRECT,Scanned file under outputs.
outputs,outputs/M4E_openyield_integration_eval/current_supported_config/M4E_routing_modification_plan.md,True,file,ROUTING_RULES;SRAM_CONFIGURATION,M4E_openyield_integration_eval;M4E_routing_modification_plan.md,False,DIRECT,Scanned file under outputs.
outputs,outputs/M4E_openyield_integration_eval/current_supported_config/openyield_integration_feasibility_review.gds,True,file,SRAM_CONFIGURATION;VERIFICATION_AND_TRACE,M4E_openyield_integration_eval,False,DIRECT,Scanned file under outputs.
outputs,outputs/M4E_openyield_integration_eval/current_supported_config/review_gds_manifest.json,True,file,SRAM_CONFIGURATION;VERIFICATION_AND_TRACE,M4E_openyield_integration_eval,False,DIRECT,Scanned file under outputs.
outputs,outputs/M4E_openyield_integration_eval/current_supported_config/review_gds_manifest.md,True,file,SRAM_CONFIGURATION;VERIFICATION_AND_TRACE,M4E_openyield_integration_eval,False,DIRECT,Scanned file under outputs.
outputs,outputs/M5_openyield_layoutgen_integration/current_supported_config/M5_floorplan_placement_update_report.json,True,file,FLOORPLAN_RULES;PLACEMENT_RULES;SRAM_CONFIGURATION,M5_openyield_layoutgen_integration;M5_floorplan_placement_update_report.json,False,DIRECT,Scanned file under outputs.
outputs,outputs/M5_openyield_layoutgen_integration/current_supported_config/M5_floorplan_placement_update_report.md,True,file,FLOORPLAN_RULES;PLACEMENT_RULES;SRAM_CONFIGURATION,M5_openyield_layoutgen_integration;M5_floorplan_placement_update_report.md,False,DIRECT,Scanned file under outputs.
outputs,outputs/M5_openyield_layoutgen_integration/current_supported_config/M5_implementation_report.json,True,file,SRAM_CONFIGURATION,M5_openyield_layoutgen_integration;M5_implementation_report.json,False,DIRECT,Scanned file under outputs.
outputs,outputs/M5_openyield_layoutgen_integration/current_supported_config/M5_implementation_report.md,True,file,SRAM_CONFIGURATION,M5_openyield_layoutgen_integration;M5_implementation_report.md,False,DIRECT,Scanned file under outputs.
outputs,outputs/M5_openyield_layoutgen_integration/current_supported_config/M5_module_integration_report.json,True,file,SRAM_CONFIGURATION,M5_openyield_layoutgen_integration;M5_module_integration_report.json,False,DIRECT,Scanned file under outputs.
outputs,outputs/M5_openyield_layoutgen_integration/current_supported_config/M5_module_integration_report.md,True,file,SRAM_CONFIGURATION,M5_openyield_layoutgen_integration;M5_module_integration_report.md,False,DIRECT,Scanned file under outputs.
outputs,outputs/M5_openyield_layoutgen_integration/current_supported_config/M5_openyield_net_binding_implementation_report.json,True,file,NETLIST_SEMANTICS;ROUTING_RULES;SRAM_CONFIGURATION,M5_openyield_layoutgen_integration;M5_openyield_net_binding_implementation_report.json,False,DIRECT,Scanned file under outputs.
outputs,outputs/M5_openyield_layoutgen_integration/current_supported_config/M5_openyield_net_binding_implementation_report.md,True,file,NETLIST_SEMANTICS;ROUTING_RULES;SRAM_CONFIGURATION,M5_openyield_layoutgen_integration;M5_openyield_net_binding_implementation_report.md,False,DIRECT,Scanned file under outputs.
outputs,outputs/M5_openyield_layoutgen_integration/current_supported_config/M5_power_update_report.json,True,file,POWER_PLAN;SRAM_CONFIGURATION,M5_openyield_layoutgen_integration;M5_power_update_report.json,False,DIRECT,Scanned file under outputs.
outputs,outputs/M5_openyield_layoutgen_integration/current_supported_config/M5_power_update_report.md,True,file,POWER_PLAN;SRAM_CONFIGURATION,M5_openyield_layoutgen_integration;M5_power_update_report.md,False,DIRECT,Scanned file under outputs.
outputs,outputs/M5_openyield_layoutgen_integration/current_supported_config/M5_remaining_gap_report.json,True,file,SRAM_CONFIGURATION;VERIFICATION_AND_TRACE,M5_openyield_layoutgen_integration;M5_remaining_gap_report.json,False,DIRECT,Scanned file under outputs.
outputs,outputs/M5_openyield_layoutgen_integration/current_supported_config/M5_remaining_gap_report.md,True,file,SRAM_CONFIGURATION;VERIFICATION_AND_TRACE,M5_openyield_layoutgen_integration;M5_remaining_gap_report.md,False,DIRECT,Scanned file under outputs.
outputs,outputs/M5_openyield_layoutgen_integration/current_supported_config/M5_routing_update_report.json,True,file,ROUTING_RULES;SRAM_CONFIGURATION,M5_openyield_layoutgen_integration;M5_routing_update_report.json,False,DIRECT,Scanned file under outputs.
outputs,outputs/M5_openyield_layoutgen_integration/current_supported_config/M5_routing_update_report.md,True,file,ROUTING_RULES;SRAM_CONFIGURATION,M5_openyield_layoutgen_integration;M5_routing_update_report.md,False,DIRECT,Scanned file under outputs.
outputs,outputs/M5_openyield_layoutgen_integration/current_supported_config/openyield_layoutgen_integrated_sram.architecture.gds,True,file,SRAM_CONFIGURATION,M5_openyield_layoutgen_integration,False,DIRECT,Scanned file under outputs.
outputs,outputs/M5_openyield_layoutgen_integration/current_supported_config/openyield_layoutgen_integrated_sram.architecture.svg,True,file,SRAM_CONFIGURATION,M5_openyield_layoutgen_integration,False,DIRECT,Scanned file under outputs.
outputs,outputs/M5_openyield_layoutgen_integration/current_supported_config/openyield_layoutgen_integrated_sram.complete.gds,True,file,SRAM_CONFIGURATION,M5_openyield_layoutgen_integration,False,DIRECT,Scanned file under outputs.
outputs,outputs/M5_openyield_layoutgen_integration/current_supported_config/openyield_layoutgen_integrated_sram.debug.gds,True,file,SRAM_CONFIGURATION,M5_openyield_layoutgen_integration,False,DIRECT,Scanned file under outputs.
outputs,outputs/M5_openyield_layoutgen_integration/current_supported_config/openyield_layoutgen_integrated_sram.gds,True,file,SRAM_CONFIGURATION,M5_openyield_layoutgen_integration,False,DIRECT,Scanned file under outputs.
outputs,outputs/M5_openyield_layoutgen_integration/current_supported_config/openyield_layoutgen_integrated_sram.integration.gds,True,file,SRAM_CONFIGURATION,M5_openyield_layoutgen_integration,False,DIRECT,Scanned file under outputs.
outputs,outputs/M5_openyield_layoutgen_integration/current_supported_config/openyield_layoutgen_integrated_sram.layout.json,True,file,SRAM_CONFIGURATION,M5_openyield_layoutgen_integration,False,DIRECT,Scanned file under outputs.
outputs,outputs/M5_openyield_layoutgen_integration/current_supported_config/openyield_layoutgen_integrated_sram.lef,True,file,SRAM_CONFIGURATION,M5_openyield_layoutgen_integration,False,DIRECT,Scanned file under outputs.
outputs,outputs/M5_openyield_layoutgen_integration/current_supported_config/openyield_layoutgen_integrated_sram.occupancy.svg,True,file,SRAM_CONFIGURATION,M5_openyield_layoutgen_integration,False,DIRECT,Scanned file under outputs.
outputs,outputs/M5_openyield_layoutgen_integration/current_supported_config/openyield_layoutgen_integrated_sram.presentation.gds,True,file,SRAM_CONFIGURATION,M5_openyield_layoutgen_integration,False,DIRECT,Scanned file under outputs.
outputs,outputs/M5_openyield_layoutgen_integration/current_supported_config/openyield_layoutgen_integrated_sram.report.json,True,file,SRAM_CONFIGURATION,M5_openyield_layoutgen_integration,False,DIRECT,Scanned file under outputs.
outputs,outputs/M5_openyield_layoutgen_integration/current_supported_config/openyield_layoutgen_integrated_sram.report.md,True,file,SRAM_CONFIGURATION,M5_openyield_layoutgen_integration,False,DIRECT,Scanned file under outputs.
outputs,outputs/M5_openyield_layoutgen_integration/current_supported_config/openyield_layoutgen_integrated_sram.route_guides.gds,True,file,SRAM_CONFIGURATION,M5_openyield_layoutgen_integration,False,DIRECT,Scanned file under outputs.
outputs,outputs/M5_openyield_layoutgen_integration/current_supported_config/openyield_layoutgen_integrated_sram.sp,True,file,SRAM_CONFIGURATION,M5_openyield_layoutgen_integration,False,DIRECT,Scanned file under outputs.
outputs,outputs/M5_openyield_layoutgen_integration/current_supported_config/review_gds_manifest.json,True,file,SRAM_CONFIGURATION;VERIFICATION_AND_TRACE,M5_openyield_layoutgen_integration,False,DIRECT,Scanned file under outputs.
outputs,outputs/M5_openyield_layoutgen_integration/current_supported_config/review_gds_manifest.md,True,file,SRAM_CONFIGURATION;VERIFICATION_AND_TRACE,M5_openyield_layoutgen_integration,False,DIRECT,Scanned file under outputs.
outputs,outputs/M6R_reference_locked_reproduce/current_supported_config/M6R_column_mux_real_check.json,True,file,SRAM_CONFIGURATION,M6R_reference_locked_reproduce;M6R_column_mux_real_check.json,False,DIRECT,Scanned file under outputs.
outputs,outputs/M6R_reference_locked_reproduce/current_supported_config/M6R_column_mux_real_check.md,True,file,SRAM_CONFIGURATION,M6R_reference_locked_reproduce;M6R_column_mux_real_check.md,False,DIRECT,Scanned file under outputs.
outputs,outputs/M6R_reference_locked_reproduce/current_supported_config/M6R_failure_reason_report.md,True,file,SRAM_CONFIGURATION,M6R_reference_locked_reproduce;M6R_failure_reason_report.md,False,DIRECT,Scanned file under outputs.
outputs,outputs/M6R_reference_locked_reproduce/current_supported_config/M6R_power_rail_overlap_real_check.json,True,file,POWER_PLAN;SRAM_CONFIGURATION,M6R_reference_locked_reproduce;M6R_power_rail_overlap_real_check.json,False,DIRECT,Scanned file under outputs.
outputs,outputs/M6R_reference_locked_reproduce/current_supported_config/M6R_power_rail_overlap_real_check.md,True,file,POWER_PLAN;SRAM_CONFIGURATION,M6R_reference_locked_reproduce;M6R_power_rail_overlap_real_check.md,False,DIRECT,Scanned file under outputs.
outputs,outputs/M6R_reference_locked_reproduce/current_supported_config/M6R_reference_geometry_diff_report.json,True,file,SRAM_CONFIGURATION;VERIFICATION_AND_TRACE,M6R_reference_locked_reproduce;M6R_reference_geometry_diff_report.json,False,DIRECT,Scanned file under outputs.
outputs,outputs/M6R_reference_locked_reproduce/current_supported_config/M6R_reference_geometry_diff_report.md,True,file,SRAM_CONFIGURATION;VERIFICATION_AND_TRACE,M6R_reference_locked_reproduce;M6R_reference_geometry_diff_report.md,False,DIRECT,Scanned file under outputs.
outputs,outputs/M6R_reference_locked_reproduce/current_supported_config/M6R_true_generation_entry_report.json,True,file,SRAM_CONFIGURATION,M6R_reference_locked_reproduce;M6R_true_generation_entry_report.json,False,DIRECT,Scanned file under outputs.
outputs,outputs/M6R_reference_locked_reproduce/current_supported_config/M6R_true_generation_entry_report.md,True,file,SRAM_CONFIGURATION,M6R_reference_locked_reproduce;M6R_true_generation_entry_report.md,False,DIRECT,Scanned file under outputs.
outputs,outputs/M6R_reference_locked_reproduce/current_supported_config/cell_rail_overlap_eligibility.csv,True,file,POWER_PLAN;SRAM_CONFIGURATION,M6R_reference_locked_reproduce,False,DIRECT,Scanned file under outputs.
outputs,outputs/M6R_reference_locked_reproduce/current_supported_config/cell_rail_overlap_eligibility.md,True,file,POWER_PLAN;SRAM_CONFIGURATION,M6R_reference_locked_reproduce,False,DIRECT,Scanned file under outputs.
outputs,outputs/M6R_reference_locked_reproduce/current_supported_config/gds_row_abutment_audit.json,True,file,PLACEMENT_RULES;SRAM_CONFIGURATION,M6R_reference_locked_reproduce,False,DIRECT,Scanned file under outputs.
outputs,outputs/M6R_reference_locked_reproduce/current_supported_config/gds_row_abutment_audit.md,True,file,PLACEMENT_RULES;SRAM_CONFIGURATION,M6R_reference_locked_reproduce,False,DIRECT,Scanned file under outputs.
outputs,outputs/M6R_reference_locked_reproduce/current_supported_config/generation.log,True,file,SRAM_CONFIGURATION,M6R_reference_locked_reproduce,False,DIRECT,Scanned file under outputs.
outputs,outputs/M6R_reference_locked_reproduce/current_supported_config/hybrid_openyield_rail_overlap.architecture.gds,True,file,POWER_PLAN;SRAM_CONFIGURATION,M6R_reference_locked_reproduce,False,DIRECT,Scanned file under outputs.
outputs,outputs/M6R_reference_locked_reproduce/current_supported_config/hybrid_openyield_rail_overlap.architecture.svg,True,file,POWER_PLAN;SRAM_CONFIGURATION,M6R_reference_locked_reproduce,False,DIRECT,Scanned file under outputs.
outputs,outputs/M6R_reference_locked_reproduce/current_supported_config/hybrid_openyield_rail_overlap.complete.gds,True,file,POWER_PLAN;SRAM_CONFIGURATION,M6R_reference_locked_reproduce,False,DIRECT,Scanned file under outputs.
outputs,outputs/M6R_reference_locked_reproduce/current_supported_config/hybrid_openyield_rail_overlap.debug.gds,True,file,POWER_PLAN;SRAM_CONFIGURATION,M6R_reference_locked_reproduce,False,DIRECT,Scanned file under outputs.
outputs,outputs/M6R_reference_locked_reproduce/current_supported_config/hybrid_openyield_rail_overlap.gds,True,file,POWER_PLAN;SRAM_CONFIGURATION,M6R_reference_locked_reproduce,False,DIRECT,Scanned file under outputs.
outputs,outputs/M6R_reference_locked_reproduce/current_supported_config/hybrid_openyield_rail_overlap.integration.gds,True,file,POWER_PLAN;SRAM_CONFIGURATION,M6R_reference_locked_reproduce,False,DIRECT,Scanned file under outputs.
outputs,outputs/M6R_reference_locked_reproduce/current_supported_config/hybrid_openyield_rail_overlap.layout.json,True,file,POWER_PLAN;SRAM_CONFIGURATION,M6R_reference_locked_reproduce,False,DIRECT,Scanned file under outputs.
outputs,outputs/M6R_reference_locked_reproduce/current_supported_config/hybrid_openyield_rail_overlap.lef,True,file,POWER_PLAN;SRAM_CONFIGURATION,M6R_reference_locked_reproduce,False,DIRECT,Scanned file under outputs.
outputs,outputs/M6R_reference_locked_reproduce/current_supported_config/hybrid_openyield_rail_overlap.occupancy.svg,True,file,POWER_PLAN;SRAM_CONFIGURATION,M6R_reference_locked_reproduce,False,DIRECT,Scanned file under outputs.
outputs,outputs/M6R_reference_locked_reproduce/current_supported_config/hybrid_openyield_rail_overlap.presentation.gds,True,file,POWER_PLAN;SRAM_CONFIGURATION,M6R_reference_locked_reproduce,False,DIRECT,Scanned file under outputs.
outputs,outputs/M6R_reference_locked_reproduce/current_supported_config/hybrid_openyield_rail_overlap.report.json,True,file,POWER_PLAN;SRAM_CONFIGURATION,M6R_reference_locked_reproduce,False,DIRECT,Scanned file under outputs.
outputs,outputs/M6R_reference_locked_reproduce/current_supported_config/hybrid_openyield_rail_overlap.report.md,True,file,POWER_PLAN;SRAM_CONFIGURATION,M6R_reference_locked_reproduce,False,DIRECT,Scanned file under outputs.
outputs,outputs/M6R_reference_locked_reproduce/current_supported_config/hybrid_openyield_rail_overlap.route_guides.gds,True,file,POWER_PLAN;SRAM_CONFIGURATION,M6R_reference_locked_reproduce,False,DIRECT,Scanned file under outputs.
outputs,outputs/M6R_reference_locked_reproduce/current_supported_config/hybrid_openyield_rail_overlap.sp,True,file,POWER_PLAN;SRAM_CONFIGURATION,M6R_reference_locked_reproduce,False,DIRECT,Scanned file under outputs.
outputs,outputs/M6R_reference_locked_reproduce/current_supported_config/klayout_summary.json,True,file,SRAM_CONFIGURATION,M6R_reference_locked_reproduce,False,DIRECT,Scanned file under outputs.
outputs,outputs/M6R_reference_locked_reproduce/current_supported_config/layoutgen_hybrid_reproduced_M6R.gds,True,file,SRAM_CONFIGURATION,M6R_reference_locked_reproduce,False,DIRECT,Scanned file under outputs.
outputs,outputs/M6R_reference_locked_reproduce/current_supported_config/layoutgen_hybrid_reproduced_M6R_clean_review.gds,True,file,SRAM_CONFIGURATION;VERIFICATION_AND_TRACE,M6R_reference_locked_reproduce,False,DIRECT,Scanned file under outputs.
outputs,outputs/M6R_reference_locked_reproduce/current_supported_config/m6_previous_output_for_review.gds,True,file,SRAM_CONFIGURATION;VERIFICATION_AND_TRACE,M6R_reference_locked_reproduce,False,DIRECT,Scanned file under outputs.
outputs,outputs/M6R_reference_locked_reproduce/current_supported_config/module_coverage.json,True,file,SRAM_CONFIGURATION,M6R_reference_locked_reproduce,False,DIRECT,Scanned file under outputs.
outputs,outputs/M6R_reference_locked_reproduce/current_supported_config/module_coverage.md,True,file,SRAM_CONFIGURATION,M6R_reference_locked_reproduce,False,DIRECT,Scanned file under outputs.
outputs,outputs/M6R_reference_locked_reproduce/current_supported_config/prototype_result.json,True,file,SRAM_CONFIGURATION,M6R_reference_locked_reproduce,False,DIRECT,Scanned file under outputs.
outputs,outputs/M6R_reference_locked_reproduce/current_supported_config/rail_overlap_packing_report.json,True,file,POWER_PLAN;SRAM_CONFIGURATION,M6R_reference_locked_reproduce,False,DIRECT,Scanned file under outputs.
outputs,outputs/M6R_reference_locked_reproduce/current_supported_config/rail_overlap_packing_report.md,True,file,POWER_PLAN;SRAM_CONFIGURATION,M6R_reference_locked_reproduce,False,DIRECT,Scanned file under outputs.
outputs,outputs/M6R_reference_locked_reproduce/current_supported_config/reference_copy_for_review.gds,True,file,SRAM_CONFIGURATION;VERIFICATION_AND_TRACE,M6R_reference_locked_reproduce,False,DIRECT,Scanned file under outputs.
outputs,outputs/M6_layoutgen_spec_reproduce/current_supported_config/M6_column_mux_presence_report.json,True,file,SRAM_CONFIGURATION,M6_layoutgen_spec_reproduce;M6_column_mux_presence_report.json,False,DIRECT,Scanned file under outputs.
outputs,outputs/M6_layoutgen_spec_reproduce/current_supported_config/M6_column_mux_presence_report.md,True,file,SRAM_CONFIGURATION,M6_layoutgen_spec_reproduce;M6_column_mux_presence_report.md,False,DIRECT,Scanned file under outputs.
outputs,outputs/M6_layoutgen_spec_reproduce/current_supported_config/M6_layoutgen_generation_trace.json,True,file,SRAM_CONFIGURATION;VERIFICATION_AND_TRACE,M6_layoutgen_spec_reproduce;M6_layoutgen_generation_trace.json,False,DIRECT,Scanned file under outputs.
outputs,outputs/M6_layoutgen_spec_reproduce/current_supported_config/M6_layoutgen_generation_trace.md,True,file,SRAM_CONFIGURATION;VERIFICATION_AND_TRACE,M6_layoutgen_spec_reproduce;M6_layoutgen_generation_trace.md,False,DIRECT,Scanned file under outputs.
outputs,outputs/M6_layoutgen_spec_reproduce/current_supported_config/M6_power_rail_overlap_report.json,True,file,POWER_PLAN;SRAM_CONFIGURATION,M6_layoutgen_spec_reproduce;M6_power_rail_overlap_report.json,False,DIRECT,Scanned file under outputs.
outputs,outputs/M6_layoutgen_spec_reproduce/current_supported_config/M6_power_rail_overlap_report.md,True,file,POWER_PLAN;SRAM_CONFIGURATION,M6_layoutgen_spec_reproduce;M6_power_rail_overlap_report.md,False,DIRECT,Scanned file under outputs.
outputs,outputs/M6_layoutgen_spec_reproduce/current_supported_config/M6_reference_comparison_report.json,True,file,SRAM_CONFIGURATION,M6_layoutgen_spec_reproduce;M6_reference_comparison_report.json,False,DIRECT,Scanned file under outputs.
outputs,outputs/M6_layoutgen_spec_reproduce/current_supported_config/M6_reference_comparison_report.md,True,file,SRAM_CONFIGURATION,M6_layoutgen_spec_reproduce;M6_reference_comparison_report.md,False,DIRECT,Scanned file under outputs.
outputs,outputs/M6_layoutgen_spec_reproduce/current_supported_config/M6_remaining_gap_report.json,True,file,SRAM_CONFIGURATION;VERIFICATION_AND_TRACE,M6_layoutgen_spec_reproduce;M6_remaining_gap_report.json,False,DIRECT,Scanned file under outputs.
outputs,outputs/M6_layoutgen_spec_reproduce/current_supported_config/M6_remaining_gap_report.md,True,file,SRAM_CONFIGURATION;VERIFICATION_AND_TRACE,M6_layoutgen_spec_reproduce;M6_remaining_gap_report.md,False,DIRECT,Scanned file under outputs.
outputs,outputs/M6_layoutgen_spec_reproduce/current_supported_config/M6_visual_review_manifest.json,True,file,SRAM_CONFIGURATION;VERIFICATION_AND_TRACE,M6_layoutgen_spec_reproduce;M6_visual_review_manifest.json,False,DIRECT,Scanned file under outputs.
outputs,outputs/M6_layoutgen_spec_reproduce/current_supported_config/M6_visual_review_manifest.md,True,file,SRAM_CONFIGURATION;VERIFICATION_AND_TRACE,M6_layoutgen_spec_reproduce;M6_visual_review_manifest.md,False,DIRECT,Scanned file under outputs.
outputs,outputs/M6_layoutgen_spec_reproduce/current_supported_config/SRAM_SPEC.json,True,file,SRAM_CONFIGURATION,M6_layoutgen_spec_reproduce,False,DIRECT,Scanned file under outputs.
outputs,outputs/M6_layoutgen_spec_reproduce/current_supported_config/SRAM_SPEC.md,True,file,SRAM_CONFIGURATION,M6_layoutgen_spec_reproduce,False,DIRECT,Scanned file under outputs.
outputs,outputs/M6_layoutgen_spec_reproduce/current_supported_config/gds_row_abutment_audit.json,True,file,PLACEMENT_RULES;SRAM_CONFIGURATION,M6_layoutgen_spec_reproduce,False,DIRECT,Scanned file under outputs.
outputs,outputs/M6_layoutgen_spec_reproduce/current_supported_config/gds_row_abutment_audit.md,True,file,PLACEMENT_RULES;SRAM_CONFIGURATION,M6_layoutgen_spec_reproduce,False,DIRECT,Scanned file under outputs.
outputs,outputs/M6_layoutgen_spec_reproduce/current_supported_config/layoutgen_optimized_reproduced_sram.architecture.gds,True,file,SRAM_CONFIGURATION,M6_layoutgen_spec_reproduce,False,DIRECT,Scanned file under outputs.
outputs,outputs/M6_layoutgen_spec_reproduce/current_supported_config/layoutgen_optimized_reproduced_sram.architecture.svg,True,file,SRAM_CONFIGURATION,M6_layoutgen_spec_reproduce,False,DIRECT,Scanned file under outputs.
outputs,outputs/M6_layoutgen_spec_reproduce/current_supported_config/layoutgen_optimized_reproduced_sram.complete.gds,True,file,SRAM_CONFIGURATION,M6_layoutgen_spec_reproduce,False,DIRECT,Scanned file under outputs.
outputs,outputs/M6_layoutgen_spec_reproduce/current_supported_config/layoutgen_optimized_reproduced_sram.debug.gds,True,file,SRAM_CONFIGURATION,M6_layoutgen_spec_reproduce,False,DIRECT,Scanned file under outputs.
outputs,outputs/M6_layoutgen_spec_reproduce/current_supported_config/layoutgen_optimized_reproduced_sram.gds,True,file,SRAM_CONFIGURATION,M6_layoutgen_spec_reproduce,False,DIRECT,Scanned file under outputs.
outputs,outputs/M6_layoutgen_spec_reproduce/current_supported_config/layoutgen_optimized_reproduced_sram.integration.gds,True,file,SRAM_CONFIGURATION,M6_layoutgen_spec_reproduce,False,DIRECT,Scanned file under outputs.
outputs,outputs/M6_layoutgen_spec_reproduce/current_supported_config/layoutgen_optimized_reproduced_sram.layout.json,True,file,SRAM_CONFIGURATION,M6_layoutgen_spec_reproduce,False,DIRECT,Scanned file under outputs.
outputs,outputs/M6_layoutgen_spec_reproduce/current_supported_config/layoutgen_optimized_reproduced_sram.lef,True,file,SRAM_CONFIGURATION,M6_layoutgen_spec_reproduce,False,DIRECT,Scanned file under outputs.
outputs,outputs/M6_layoutgen_spec_reproduce/current_supported_config/layoutgen_optimized_reproduced_sram.occupancy.svg,True,file,SRAM_CONFIGURATION,M6_layoutgen_spec_reproduce,False,DIRECT,Scanned file under outputs.
outputs,outputs/M6_layoutgen_spec_reproduce/current_supported_config/layoutgen_optimized_reproduced_sram.presentation.gds,True,file,SRAM_CONFIGURATION,M6_layoutgen_spec_reproduce,False,DIRECT,Scanned file under outputs.
outputs,outputs/M6_layoutgen_spec_reproduce/current_supported_config/layoutgen_optimized_reproduced_sram.report.json,True,file,SRAM_CONFIGURATION,M6_layoutgen_spec_reproduce,False,DIRECT,Scanned file under outputs.
outputs,outputs/M6_layoutgen_spec_reproduce/current_supported_config/layoutgen_optimized_reproduced_sram.report.md,True,file,SRAM_CONFIGURATION,M6_layoutgen_spec_reproduce,False,DIRECT,Scanned file under outputs.
outputs,outputs/M6_layoutgen_spec_reproduce/current_supported_config/layoutgen_optimized_reproduced_sram.route_guides.gds,True,file,SRAM_CONFIGURATION,M6_layoutgen_spec_reproduce,False,DIRECT,Scanned file under outputs.
outputs,outputs/M6_layoutgen_spec_reproduce/current_supported_config/layoutgen_optimized_reproduced_sram.sp,True,file,SRAM_CONFIGURATION,M6_layoutgen_spec_reproduce,False,DIRECT,Scanned file under outputs.
outputs,outputs/M6_layoutgen_spec_reproduce/current_supported_config/layoutgen_optimized_reproduced_sram_clean_review.gds,True,file,SRAM_CONFIGURATION;VERIFICATION_AND_TRACE,M6_layoutgen_spec_reproduce,False,DIRECT,Scanned file under outputs.
outputs,outputs/M6_layoutgen_spec_reproduce/current_supported_config/layoutgen_optimized_reproduced_sram_spec_annotated.gds,True,file,SRAM_CONFIGURATION,M6_layoutgen_spec_reproduce,False,DIRECT,Scanned file under outputs.
outputs,outputs/M7C_golden_reference_confirmed/current_supported_config/golden_reference_clean_review.gds,True,file,GDS_GENERATION_FLOW;SRAM_CONFIGURATION;VERIFICATION_AND_TRACE,M7C_golden_reference_confirmed,False,DIRECT,Scanned file under outputs.
outputs,outputs/M7C_golden_reference_confirmed/current_supported_config/golden_reference_confirmation_report.json,True,file,GDS_GENERATION_FLOW;SRAM_CONFIGURATION,M7C_golden_reference_confirmed,False,DIRECT,Scanned file under outputs.
outputs,outputs/M7C_golden_reference_confirmed/current_supported_config/golden_reference_confirmation_report.md,True,file,GDS_GENERATION_FLOW;SRAM_CONFIGURATION,M7C_golden_reference_confirmed,False,DIRECT,Scanned file under outputs.
outputs,outputs/M7C_golden_reference_confirmed/current_supported_config/review_gds_manifest.json,True,file,GDS_GENERATION_FLOW;SRAM_CONFIGURATION;VERIFICATION_AND_TRACE,M7C_golden_reference_confirmed,False,DIRECT,Scanned file under outputs.
outputs,outputs/M7C_golden_reference_confirmed/current_supported_config/review_gds_manifest.md,True,file,GDS_GENERATION_FLOW;SRAM_CONFIGURATION;VERIFICATION_AND_TRACE,M7C_golden_reference_confirmed,False,DIRECT,Scanned file under outputs.
outputs,outputs/M7_correct_golden_reference/current_supported_config/M7_compare_old_references_report.json,True,file,GDS_GENERATION_FLOW;SRAM_CONFIGURATION,M7_correct_golden_reference;M7_compare_old_references_report.json,False,DIRECT,Scanned file under outputs.
outputs,outputs/M7_correct_golden_reference/current_supported_config/M7_compare_old_references_report.md,True,file,GDS_GENERATION_FLOW;SRAM_CONFIGURATION,M7_correct_golden_reference;M7_compare_old_references_report.md,False,DIRECT,Scanned file under outputs.
outputs,outputs/M7_correct_golden_reference/current_supported_config/M7_correct_golden_reference_selection_report.json,True,file,GDS_GENERATION_FLOW;SRAM_CONFIGURATION,M7_correct_golden_reference;M7_correct_golden_reference_selection_report.json,False,DIRECT,Scanned file under outputs.
outputs,outputs/M7_correct_golden_reference/current_supported_config/M7_correct_golden_reference_selection_report.md,True,file,GDS_GENERATION_FLOW;SRAM_CONFIGURATION,M7_correct_golden_reference;M7_correct_golden_reference_selection_report.md,False,DIRECT,Scanned file under outputs.
outputs,outputs/M7_correct_golden_reference/current_supported_config/M7_gds_candidate_inventory.csv,True,file,GDS_GENERATION_FLOW;SRAM_CONFIGURATION,M7_correct_golden_reference;M7_gds_candidate_inventory.csv,False,DIRECT,Scanned file under outputs.
outputs,outputs/M7_correct_golden_reference/current_supported_config/M7_zip_inventory.csv,True,file,GDS_GENERATION_FLOW;SRAM_CONFIGURATION,M7_correct_golden_reference;M7_zip_inventory.csv,False,DIRECT,Scanned file under outputs.
outputs,outputs/M7_correct_golden_reference/current_supported_config/extracted/full_layout_collection/B_openram_reference_32x16.gds,True,file,GDS_GENERATION_FLOW;SRAM_CONFIGURATION,M7_correct_golden_reference,False,DIRECT,Scanned file under outputs.
outputs,outputs/M7_correct_golden_reference/current_supported_config/extracted/full_layout_collection/_all_gds_and_reports/sram_16x16_wpr1__sram_16x16_wpr1_fd45.accepted_rejected_candidates.svg,True,file,GDS_GENERATION_FLOW;SRAM_CONFIGURATION,M7_correct_golden_reference,False,DIRECT,Scanned file under outputs.
outputs,outputs/M7_correct_golden_reference/current_supported_config/extracted/full_layout_collection/_all_gds_and_reports/sram_16x16_wpr1__sram_16x16_wpr1_fd45.after_floorplan.svg,True,file,FLOORPLAN_RULES;GDS_GENERATION_FLOW;SRAM_CONFIGURATION,M7_correct_golden_reference,False,DIRECT,Scanned file under outputs.
outputs,outputs/M7_correct_golden_reference/current_supported_config/extracted/full_layout_collection/_all_gds_and_reports/sram_16x16_wpr1__sram_16x16_wpr1_fd45.before_floorplan.svg,True,file,FLOORPLAN_RULES;GDS_GENERATION_FLOW;SRAM_CONFIGURATION,M7_correct_golden_reference,False,DIRECT,Scanned file under outputs.
outputs,outputs/M7_correct_golden_reference/current_supported_config/extracted/full_layout_collection/_all_gds_and_reports/sram_16x16_wpr1__sram_16x16_wpr1_fd45.complete.gds,True,file,GDS_GENERATION_FLOW;SRAM_CONFIGURATION,M7_correct_golden_reference,False,DIRECT,Scanned file under outputs.
outputs,outputs/M7_correct_golden_reference/current_supported_config/extracted/full_layout_collection/_all_gds_and_reports/sram_16x16_wpr1__sram_16x16_wpr1_fd45.gds,True,file,GDS_GENERATION_FLOW;SRAM_CONFIGURATION,M7_correct_golden_reference,False,DIRECT,Scanned file under outputs.
outputs,outputs/M7_correct_golden_reference/current_supported_config/extracted/full_layout_collection/_all_gds_and_reports/sram_16x16_wpr1__sram_16x16_wpr1_fd45.integration.gds,True,file,GDS_GENERATION_FLOW;SRAM_CONFIGURATION,M7_correct_golden_reference,False,DIRECT,Scanned file under outputs.
outputs,outputs/M7_correct_golden_reference/current_supported_config/extracted/full_layout_collection/_all_gds_and_reports/sram_16x16_wpr1__sram_16x16_wpr1_fd45.layout.json,True,file,GDS_GENERATION_FLOW;SRAM_CONFIGURATION,M7_correct_golden_reference,False,DIRECT,Scanned file under outputs.
outputs,outputs/M7_correct_golden_reference/current_supported_config/extracted/full_layout_collection/_all_gds_and_reports/sram_16x16_wpr1__sram_16x16_wpr1_fd45.lef,True,file,GDS_GENERATION_FLOW;SRAM_CONFIGURATION,M7_correct_golden_reference,False,DIRECT,Scanned file under outputs.
outputs,outputs/M7_correct_golden_reference/current_supported_config/extracted/full_layout_collection/_all_gds_and_reports/sram_16x16_wpr1__sram_16x16_wpr1_fd45.left_side_compound_whitespace.svg,True,file,GDS_GENERATION_FLOW;SRAM_CONFIGURATION,M7_correct_golden_reference,False,DIRECT,Scanned file under outputs.
outputs,outputs/M7_correct_golden_reference/current_supported_config/extracted/full_layout_collection/_all_gds_and_reports/sram_16x16_wpr1__sram_16x16_wpr1_fd45.moved_module_arrows.svg,True,file,GDS_GENERATION_FLOW;SRAM_CONFIGURATION,M7_correct_golden_reference,False,DIRECT,Scanned file under outputs.
outputs,outputs/M7_correct_golden_reference/current_supported_config/extracted/full_layout_collection/_all_gds_and_reports/sram_16x16_wpr1__sram_16x16_wpr1_fd45.occupancy.svg,True,file,GDS_GENERATION_FLOW;SRAM_CONFIGURATION,M7_correct_golden_reference,False,DIRECT,Scanned file under outputs.
outputs,outputs/M7_correct_golden_reference/current_supported_config/extracted/full_layout_collection/_all_gds_and_reports/sram_16x16_wpr1__sram_16x16_wpr1_fd45.presentation.gds,True,file,GDS_GENERATION_FLOW;SRAM_CONFIGURATION,M7_correct_golden_reference,False,DIRECT,Scanned file under outputs.
outputs,outputs/M7_correct_golden_reference/current_supported_config/extracted/full_layout_collection/_all_gds_and_reports/sram_16x16_wpr1__sram_16x16_wpr1_fd45.report.json,True,file,GDS_GENERATION_FLOW;SRAM_CONFIGURATION,M7_correct_golden_reference,False,DIRECT,Scanned file under outputs.
outputs,outputs/M7_correct_golden_reference/current_supported_config/extracted/full_layout_collection/_all_gds_and_reports/sram_16x16_wpr1__sram_16x16_wpr1_fd45.report.md,True,file,GDS_GENERATION_FLOW;SRAM_CONFIGURATION,M7_correct_golden_reference,False,DIRECT,Scanned file under outputs.
outputs,outputs/M7_correct_golden_reference/current_supported_config/extracted/full_layout_collection/_all_gds_and_reports/sram_16x16_wpr1__sram_16x16_wpr1_fd45.sp,True,file,GDS_GENERATION_FLOW;SRAM_CONFIGURATION,M7_correct_golden_reference,False,DIRECT,Scanned file under outputs.
outputs,outputs/M7_correct_golden_reference/current_supported_config/extracted/full_layout_collection/_all_gds_and_reports/sram_16x16_wpr1__sram_16x16_wpr1_fd45.two_zone_repacking.svg,True,file,GDS_GENERATION_FLOW;SRAM_CONFIGURATION,M7_correct_golden_reference,False,DIRECT,Scanned file under outputs.
outputs,outputs/M7_correct_golden_reference/current_supported_config/extracted/full_layout_collection/_all_gds_and_reports/sram_16x32_wpr2__sram_16x32_wpr2_fd45.accepted_rejected_candidates.svg,True,file,GDS_GENERATION_FLOW;SRAM_CONFIGURATION,M7_correct_golden_reference,False,DIRECT,Scanned file under outputs.
outputs,outputs/M7_correct_golden_reference/current_supported_config/extracted/full_layout_collection/_all_gds_and_reports/sram_16x32_wpr2__sram_16x32_wpr2_fd45.after_floorplan.svg,True,file,FLOORPLAN_RULES;GDS_GENERATION_FLOW;SRAM_CONFIGURATION,M7_correct_golden_reference,False,DIRECT,Scanned file under outputs.
outputs,outputs/M7_correct_golden_reference/current_supported_config/extracted/full_layout_collection/_all_gds_and_reports/sram_16x32_wpr2__sram_16x32_wpr2_fd45.before_floorplan.svg,True,file,FLOORPLAN_RULES;GDS_GENERATION_FLOW;SRAM_CONFIGURATION,M7_correct_golden_reference,False,DIRECT,Scanned file under outputs.
outputs,outputs/M7_correct_golden_reference/current_supported_config/extracted/full_layout_collection/_all_gds_and_reports/sram_16x32_wpr2__sram_16x32_wpr2_fd45.complete.gds,True,file,GDS_GENERATION_FLOW;SRAM_CONFIGURATION,M7_correct_golden_reference,False,DIRECT,Scanned file under outputs.
outputs,outputs/M7_correct_golden_reference/current_supported_config/extracted/full_layout_collection/_all_gds_and_reports/sram_16x32_wpr2__sram_16x32_wpr2_fd45.gds,True,file,GDS_GENERATION_FLOW;SRAM_CONFIGURATION,M7_correct_golden_reference,False,DIRECT,Scanned file under outputs.
outputs,outputs/M7_correct_golden_reference/current_supported_config/extracted/full_layout_collection/_all_gds_and_reports/sram_16x32_wpr2__sram_16x32_wpr2_fd45.integration.gds,True,file,GDS_GENERATION_FLOW;SRAM_CONFIGURATION,M7_correct_golden_reference,False,DIRECT,Scanned file under outputs.
outputs,outputs/M7_correct_golden_reference/current_supported_config/extracted/full_layout_collection/_all_gds_and_reports/sram_16x32_wpr2__sram_16x32_wpr2_fd45.layout.json,True,file,GDS_GENERATION_FLOW;SRAM_CONFIGURATION,M7_correct_golden_reference,False,DIRECT,Scanned file under outputs.
outputs,outputs/M7_correct_golden_reference/current_supported_config/extracted/full_layout_collection/_all_gds_and_reports/sram_16x32_wpr2__sram_16x32_wpr2_fd45.lef,True,file,GDS_GENERATION_FLOW;SRAM_CONFIGURATION,M7_correct_golden_reference,False,DIRECT,Scanned file under outputs.
outputs,outputs/M7_correct_golden_reference/current_supported_config/extracted/full_layout_collection/_all_gds_and_reports/sram_16x32_wpr2__sram_16x32_wpr2_fd45.left_side_compound_whitespace.svg,True,file,GDS_GENERATION_FLOW;SRAM_CONFIGURATION,M7_correct_golden_reference,False,DIRECT,Scanned file under outputs.
outputs,outputs/M7_correct_golden_reference/current_supported_config/extracted/full_layout_collection/_all_gds_and_reports/sram_16x32_wpr2__sram_16x32_wpr2_fd45.moved_module_arrows.svg,True,file,GDS_GENERATION_FLOW;SRAM_CONFIGURATION,M7_correct_golden_reference,False,DIRECT,Scanned file under outputs.
outputs,outputs/M7_correct_golden_reference/current_supported_config/extracted/full_layout_collection/_all_gds_and_reports/sram_16x32_wpr2__sram_16x32_wpr2_fd45.occupancy.svg,True,file,GDS_GENERATION_FLOW;SRAM_CONFIGURATION,M7_correct_golden_reference,False,DIRECT,Scanned file under outputs.
outputs,outputs/M7_correct_golden_reference/current_supported_config/extracted/full_layout_collection/_all_gds_and_reports/sram_16x32_wpr2__sram_16x32_wpr2_fd45.presentation.gds,True,file,GDS_GENERATION_FLOW;SRAM_CONFIGURATION,M7_correct_golden_reference,False,DIRECT,Scanned file under outputs.
outputs,outputs/M7_correct_golden_reference/current_supported_config/extracted/full_layout_collection/_all_gds_and_reports/sram_16x32_wpr2__sram_16x32_wpr2_fd45.report.json,True,file,GDS_GENERATION_FLOW;SRAM_CONFIGURATION,M7_correct_golden_reference,False,DIRECT,Scanned file under outputs.
outputs,outputs/M7_correct_golden_reference/current_supported_config/extracted/full_layout_collection/_all_gds_and_reports/sram_16x32_wpr2__sram_16x32_wpr2_fd45.report.md,True,file,GDS_GENERATION_FLOW;SRAM_CONFIGURATION,M7_correct_golden_reference,False,DIRECT,Scanned file under outputs.
outputs,outputs/M7_correct_golden_reference/current_supported_config/extracted/full_layout_collection/_all_gds_and_reports/sram_16x32_wpr2__sram_16x32_wpr2_fd45.sp,True,file,GDS_GENERATION_FLOW;SRAM_CONFIGURATION,M7_correct_golden_reference,False,DIRECT,Scanned file under outputs.
outputs,outputs/M7_correct_golden_reference/current_supported_config/extracted/full_layout_collection/_all_gds_and_reports/sram_16x32_wpr2__sram_16x32_wpr2_fd45.two_zone_repacking.svg,True,file,GDS_GENERATION_FLOW;SRAM_CONFIGURATION,M7_correct_golden_reference,False,DIRECT,Scanned file under outputs.
outputs,outputs/M7_correct_golden_reference/current_supported_config/extracted/full_layout_collection/_all_gds_and_reports/sram_2x16_wpr1__sram_2x16_wpr1_fd45.accepted_rejected_candidates.svg,True,file,GDS_GENERATION_FLOW;SRAM_CONFIGURATION,M7_correct_golden_reference,False,DIRECT,Scanned file under outputs.
outputs,outputs/M7_correct_golden_reference/current_supported_config/extracted/full_layout_collection/_all_gds_and_reports/sram_2x16_wpr1__sram_2x16_wpr1_fd45.after_floorplan.svg,True,file,FLOORPLAN_RULES;GDS_GENERATION_FLOW;SRAM_CONFIGURATION,M7_correct_golden_reference,False,DIRECT,Scanned file under outputs.
outputs,outputs/M7_correct_golden_reference/current_supported_config/extracted/full_layout_collection/_all_gds_and_reports/sram_2x16_wpr1__sram_2x16_wpr1_fd45.before_floorplan.svg,True,file,FLOORPLAN_RULES;GDS_GENERATION_FLOW;SRAM_CONFIGURATION,M7_correct_golden_reference,False,DIRECT,Scanned file under outputs.
outputs,outputs/M7_correct_golden_reference/current_supported_config/extracted/full_layout_collection/_all_gds_and_reports/sram_2x16_wpr1__sram_2x16_wpr1_fd45.complete.gds,True,file,GDS_GENERATION_FLOW;SRAM_CONFIGURATION,M7_correct_golden_reference,False,DIRECT,Scanned file under outputs.
outputs,outputs/M7_correct_golden_reference/current_supported_config/extracted/full_layout_collection/_all_gds_and_reports/sram_2x16_wpr1__sram_2x16_wpr1_fd45.gds,True,file,GDS_GENERATION_FLOW;SRAM_CONFIGURATION,M7_correct_golden_reference,False,DIRECT,Scanned file under outputs.
outputs,outputs/M7_correct_golden_reference/current_supported_config/extracted/full_layout_collection/_all_gds_and_reports/sram_2x16_wpr1__sram_2x16_wpr1_fd45.integration.gds,True,file,GDS_GENERATION_FLOW;SRAM_CONFIGURATION,M7_correct_golden_reference,False,DIRECT,Scanned file under outputs.
outputs,outputs/M7_correct_golden_reference/current_supported_config/extracted/full_layout_collection/_all_gds_and_reports/sram_2x16_wpr1__sram_2x16_wpr1_fd45.layout.json,True,file,GDS_GENERATION_FLOW;SRAM_CONFIGURATION,M7_correct_golden_reference,False,DIRECT,Scanned file under outputs.
outputs,outputs/M7_correct_golden_reference/current_supported_config/extracted/full_layout_collection/_all_gds_and_reports/sram_2x16_wpr1__sram_2x16_wpr1_fd45.lef,True,file,GDS_GENERATION_FLOW;SRAM_CONFIGURATION,M7_correct_golden_reference,False,DIRECT,Scanned file under outputs.
outputs,outputs/M7_correct_golden_reference/current_supported_config/extracted/full_layout_collection/_all_gds_and_reports/sram_2x16_wpr1__sram_2x16_wpr1_fd45.left_side_compound_whitespace.svg,True,file,GDS_GENERATION_FLOW;SRAM_CONFIGURATION,M7_correct_golden_reference,False,DIRECT,Scanned file under outputs.
outputs,outputs/M7_correct_golden_reference/current_supported_config/extracted/full_layout_collection/_all_gds_and_reports/sram_2x16_wpr1__sram_2x16_wpr1_fd45.moved_module_arrows.svg,True,file,GDS_GENERATION_FLOW;SRAM_CONFIGURATION,M7_correct_golden_reference,False,DIRECT,Scanned file under outputs.
outputs,outputs/M7_correct_golden_reference/current_supported_config/extracted/full_layout_collection/_all_gds_and_reports/sram_2x16_wpr1__sram_2x16_wpr1_fd45.occupancy.svg,True,file,GDS_GENERATION_FLOW;SRAM_CONFIGURATION,M7_correct_golden_reference,False,DIRECT,Scanned file under outputs.
outputs,outputs/M7_correct_golden_reference/current_supported_config/extracted/full_layout_collection/_all_gds_and_reports/sram_2x16_wpr1__sram_2x16_wpr1_fd45.presentation.gds,True,file,GDS_GENERATION_FLOW;SRAM_CONFIGURATION,M7_correct_golden_reference,False,DIRECT,Scanned file under outputs.
outputs,outputs/M7_correct_golden_reference/current_supported_config/extracted/full_layout_collection/_all_gds_and_reports/sram_2x16_wpr1__sram_2x16_wpr1_fd45.report.json,True,file,GDS_GENERATION_FLOW;SRAM_CONFIGURATION,M7_correct_golden_reference,False,DIRECT,Scanned file under outputs.
outputs,outputs/M7_correct_golden_reference/current_supported_config/extracted/full_layout_collection/_all_gds_and_reports/sram_2x16_wpr1__sram_2x16_wpr1_fd45.report.md,True,file,GDS_GENERATION_FLOW;SRAM_CONFIGURATION,M7_correct_golden_reference,False,DIRECT,Scanned file under outputs.
outputs,outputs/M7_correct_golden_reference/current_supported_config/extracted/full_layout_collection/_all_gds_and_reports/sram_2x16_wpr1__sram_2x16_wpr1_fd45.sp,True,file,GDS_GENERATION_FLOW;SRAM_CONFIGURATION,M7_correct_golden_reference,False,DIRECT,Scanned file under outputs.
outputs,outputs/M7_correct_golden_reference/current_supported_config/extracted/full_layout_collection/_all_gds_and_reports/sram_2x16_wpr1__sram_2x16_wpr1_fd45.two_zone_repacking.svg,True,file,GDS_GENERATION_FLOW;SRAM_CONFIGURATION,M7_correct_golden_reference,False,DIRECT,Scanned file under outputs.
outputs,outputs/M7_correct_golden_reference/current_supported_config/extracted/full_layout_collection/_all_gds_and_reports/sram_32x16_wpr1__sram_32x16_wpr1_fd45.accepted_rejected_candidates.svg,True,file,GDS_GENERATION_FLOW;SRAM_CONFIGURATION,M7_correct_golden_reference,False,DIRECT,Scanned file under outputs.
outputs,outputs/M7_correct_golden_reference/current_supported_config/extracted/full_layout_collection/_all_gds_and_reports/sram_32x16_wpr1__sram_32x16_wpr1_fd45.after_floorplan.svg,True,file,FLOORPLAN_RULES;GDS_GENERATION_FLOW;SRAM_CONFIGURATION,M7_correct_golden_reference,False,DIRECT,Scanned file under outputs.
outputs,outputs/M7_correct_golden_reference/current_supported_config/extracted/full_layout_collection/_all_gds_and_reports/sram_32x16_wpr1__sram_32x16_wpr1_fd45.before_floorplan.svg,True,file,FLOORPLAN_RULES;GDS_GENERATION_FLOW;SRAM_CONFIGURATION,M7_correct_golden_reference,False,DIRECT,Scanned file under outputs.
outputs,outputs/M7_correct_golden_reference/current_supported_config/extracted/full_layout_collection/_all_gds_and_reports/sram_32x16_wpr1__sram_32x16_wpr1_fd45.complete.gds,True,file,GDS_GENERATION_FLOW;SRAM_CONFIGURATION,M7_correct_golden_reference,False,DIRECT,Scanned file under outputs.
outputs,outputs/M7_correct_golden_reference/current_supported_config/extracted/full_layout_collection/_all_gds_and_reports/sram_32x16_wpr1__sram_32x16_wpr1_fd45.gds,True,file,GDS_GENERATION_FLOW;SRAM_CONFIGURATION,M7_correct_golden_reference,False,DIRECT,Scanned file under outputs.
outputs,outputs/M7_correct_golden_reference/current_supported_config/extracted/full_layout_collection/_all_gds_and_reports/sram_32x16_wpr1__sram_32x16_wpr1_fd45.integration.gds,True,file,GDS_GENERATION_FLOW;SRAM_CONFIGURATION,M7_correct_golden_reference,False,DIRECT,Scanned file under outputs.
outputs,outputs/M7_correct_golden_reference/current_supported_config/extracted/full_layout_collection/_all_gds_and_reports/sram_32x16_wpr1__sram_32x16_wpr1_fd45.layout.json,True,file,GDS_GENERATION_FLOW;SRAM_CONFIGURATION,M7_correct_golden_reference,False,DIRECT,Scanned file under outputs.
outputs,outputs/M7_correct_golden_reference/current_supported_config/extracted/full_layout_collection/_all_gds_and_reports/sram_32x16_wpr1__sram_32x16_wpr1_fd45.lef,True,file,GDS_GENERATION_FLOW;SRAM_CONFIGURATION,M7_correct_golden_reference,False,DIRECT,Scanned file under outputs.
outputs,outputs/M7_correct_golden_reference/current_supported_config/extracted/full_layout_collection/_all_gds_and_reports/sram_32x16_wpr1__sram_32x16_wpr1_fd45.left_side_compound_whitespace.svg,True,file,GDS_GENERATION_FLOW;SRAM_CONFIGURATION,M7_correct_golden_reference,False,DIRECT,Scanned file under outputs.
outputs,outputs/M7_correct_golden_reference/current_supported_config/extracted/full_layout_collection/_all_gds_and_reports/sram_32x16_wpr1__sram_32x16_wpr1_fd45.moved_module_arrows.svg,True,file,GDS_GENERATION_FLOW;SRAM_CONFIGURATION,M7_correct_golden_reference,False,DIRECT,Scanned file under outputs.
outputs,outputs/M7_correct_golden_reference/current_supported_config/extracted/full_layout_collection/_all_gds_and_reports/sram_32x16_wpr1__sram_32x16_wpr1_fd45.occupancy.svg,True,file,GDS_GENERATION_FLOW;SRAM_CONFIGURATION,M7_correct_golden_reference,False,DIRECT,Scanned file under outputs.
outputs,outputs/M7_correct_golden_reference/current_supported_config/extracted/full_layout_collection/_all_gds_and_reports/sram_32x16_wpr1__sram_32x16_wpr1_fd45.presentation.gds,True,file,GDS_GENERATION_FLOW;SRAM_CONFIGURATION,M7_correct_golden_reference,False,DIRECT,Scanned file under outputs.
outputs,outputs/M7_correct_golden_reference/current_supported_config/extracted/full_layout_collection/_all_gds_and_reports/sram_32x16_wpr1__sram_32x16_wpr1_fd45.report.json,True,file,GDS_GENERATION_FLOW;SRAM_CONFIGURATION,M7_correct_golden_reference,False,DIRECT,Scanned file under outputs.
outputs,outputs/M7_correct_golden_reference/current_supported_config/extracted/full_layout_collection/_all_gds_and_reports/sram_32x16_wpr1__sram_32x16_wpr1_fd45.report.md,True,file,GDS_GENERATION_FLOW;SRAM_CONFIGURATION,M7_correct_golden_reference,False,DIRECT,Scanned file under outputs.
outputs,outputs/M7_correct_golden_reference/current_supported_config/extracted/full_layout_collection/_all_gds_and_reports/sram_32x16_wpr1__sram_32x16_wpr1_fd45.sp,True,file,GDS_GENERATION_FLOW;SRAM_CONFIGURATION,M7_correct_golden_reference,False,DIRECT,Scanned file under outputs.
outputs,outputs/M7_correct_golden_reference/current_supported_config/extracted/full_layout_collection/_all_gds_and_reports/sram_32x16_wpr1__sram_32x16_wpr1_fd45.two_zone_repacking.svg,True,file,GDS_GENERATION_FLOW;SRAM_CONFIGURATION,M7_correct_golden_reference,False,DIRECT,Scanned file under outputs.
outputs,outputs/M7_correct_golden_reference/current_supported_config/extracted/full_layout_collection/_all_gds_and_reports/sram_32x32_wpr1__sram_32x32_wpr1_fd45.accepted_rejected_candidates.svg,True,file,GDS_GENERATION_FLOW;SRAM_CONFIGURATION,M7_correct_golden_reference,False,DIRECT,Scanned file under outputs.
outputs,outputs/M7_correct_golden_reference/current_supported_config/extracted/full_layout_collection/_all_gds_and_reports/sram_32x32_wpr1__sram_32x32_wpr1_fd45.after_floorplan.svg,True,file,FLOORPLAN_RULES;GDS_GENERATION_FLOW;SRAM_CONFIGURATION,M7_correct_golden_reference,False,DIRECT,Scanned file under outputs.
outputs,outputs/M7_correct_golden_reference/current_supported_config/extracted/full_layout_collection/_all_gds_and_reports/sram_32x32_wpr1__sram_32x32_wpr1_fd45.before_floorplan.svg,True,file,FLOORPLAN_RULES;GDS_GENERATION_FLOW;SRAM_CONFIGURATION,M7_correct_golden_reference,False,DIRECT,Scanned file under outputs.
outputs,outputs/M7_correct_golden_reference/current_supported_config/extracted/full_layout_collection/_all_gds_and_reports/sram_32x32_wpr1__sram_32x32_wpr1_fd45.complete.gds,True,file,GDS_GENERATION_FLOW;SRAM_CONFIGURATION,M7_correct_golden_reference,False,DIRECT,Scanned file under outputs.
outputs,outputs/M7_correct_golden_reference/current_supported_config/extracted/full_layout_collection/_all_gds_and_reports/sram_32x32_wpr1__sram_32x32_wpr1_fd45.gds,True,file,GDS_GENERATION_FLOW;SRAM_CONFIGURATION,M7_correct_golden_reference,False,DIRECT,Scanned file under outputs.
outputs,outputs/M7_correct_golden_reference/current_supported_config/extracted/full_layout_collection/_all_gds_and_reports/sram_32x32_wpr1__sram_32x32_wpr1_fd45.integration.gds,True,file,GDS_GENERATION_FLOW;SRAM_CONFIGURATION,M7_correct_golden_reference,False,DIRECT,Scanned file under outputs.
outputs,outputs/M7_correct_golden_reference/current_supported_config/extracted/full_layout_collection/_all_gds_and_reports/sram_32x32_wpr1__sram_32x32_wpr1_fd45.layout.json,True,file,GDS_GENERATION_FLOW;SRAM_CONFIGURATION,M7_correct_golden_reference,False,DIRECT,Scanned file under outputs.
outputs,outputs/M7_correct_golden_reference/current_supported_config/extracted/full_layout_collection/_all_gds_and_reports/sram_32x32_wpr1__sram_32x32_wpr1_fd45.lef,True,file,GDS_GENERATION_FLOW;SRAM_CONFIGURATION,M7_correct_golden_reference,False,DIRECT,Scanned file under outputs.
outputs,outputs/M7_correct_golden_reference/current_supported_config/extracted/full_layout_collection/_all_gds_and_reports/sram_32x32_wpr1__sram_32x32_wpr1_fd45.left_side_compound_whitespace.svg,True,file,GDS_GENERATION_FLOW;SRAM_CONFIGURATION,M7_correct_golden_reference,False,DIRECT,Scanned file under outputs.
outputs,outputs/M7_correct_golden_reference/current_supported_config/extracted/full_layout_collection/_all_gds_and_reports/sram_32x32_wpr1__sram_32x32_wpr1_fd45.moved_module_arrows.svg,True,file,GDS_GENERATION_FLOW;SRAM_CONFIGURATION,M7_correct_golden_reference,False,DIRECT,Scanned file under outputs.
outputs,outputs/M7_correct_golden_reference/current_supported_config/extracted/full_layout_collection/_all_gds_and_reports/sram_32x32_wpr1__sram_32x32_wpr1_fd45.occupancy.svg,True,file,GDS_GENERATION_FLOW;SRAM_CONFIGURATION,M7_correct_golden_reference,False,DIRECT,Scanned file under outputs.
outputs,outputs/M7_correct_golden_reference/current_supported_config/extracted/full_layout_collection/_all_gds_and_reports/sram_32x32_wpr1__sram_32x32_wpr1_fd45.presentation.gds,True,file,GDS_GENERATION_FLOW;SRAM_CONFIGURATION,M7_correct_golden_reference,False,DIRECT,Scanned file under outputs.
outputs,outputs/M7_correct_golden_reference/current_supported_config/extracted/full_layout_collection/_all_gds_and_reports/sram_32x32_wpr1__sram_32x32_wpr1_fd45.report.json,True,file,GDS_GENERATION_FLOW;SRAM_CONFIGURATION,M7_correct_golden_reference,False,DIRECT,Scanned file under outputs.
outputs,outputs/M7_correct_golden_reference/current_supported_config/extracted/full_layout_collection/_all_gds_and_reports/sram_32x32_wpr1__sram_32x32_wpr1_fd45.report.md,True,file,GDS_GENERATION_FLOW;SRAM_CONFIGURATION,M7_correct_golden_reference,False,DIRECT,Scanned file under outputs.
outputs,outputs/M7_correct_golden_reference/current_supported_config/extracted/full_layout_collection/_all_gds_and_reports/sram_32x32_wpr1__sram_32x32_wpr1_fd45.sp,True,file,GDS_GENERATION_FLOW;SRAM_CONFIGURATION,M7_correct_golden_reference,False,DIRECT,Scanned file under outputs.
outputs,outputs/M7_correct_golden_reference/current_supported_config/extracted/full_layout_collection/_all_gds_and_reports/sram_32x32_wpr1__sram_32x32_wpr1_fd45.two_zone_repacking.svg,True,file,GDS_GENERATION_FLOW;SRAM_CONFIGURATION,M7_correct_golden_reference,False,DIRECT,Scanned file under outputs.
outputs,outputs/M7_correct_golden_reference/current_supported_config/extracted/full_layout_collection/_all_gds_and_reports/sram_4x32_wpr1__sram_4x32_wpr1_fd45.accepted_rejected_candidates.svg,True,file,GDS_GENERATION_FLOW;SRAM_CONFIGURATION,M7_correct_golden_reference,False,DIRECT,Scanned file under outputs.
outputs,outputs/M7_correct_golden_reference/current_supported_config/extracted/full_layout_collection/_all_gds_and_reports/sram_4x32_wpr1__sram_4x32_wpr1_fd45.after_floorplan.svg,True,file,FLOORPLAN_RULES;GDS_GENERATION_FLOW;SRAM_CONFIGURATION,M7_correct_golden_reference,False,DIRECT,Scanned file under outputs.
outputs,outputs/M7_correct_golden_reference/current_supported_config/extracted/full_layout_collection/_all_gds_and_reports/sram_4x32_wpr1__sram_4x32_wpr1_fd45.before_floorplan.svg,True,file,FLOORPLAN_RULES;GDS_GENERATION_FLOW;SRAM_CONFIGURATION,M7_correct_golden_reference,False,DIRECT,Scanned file under outputs.
outputs,outputs/M7_correct_golden_reference/current_supported_config/extracted/full_layout_collection/_all_gds_and_reports/sram_4x32_wpr1__sram_4x32_wpr1_fd45.complete.gds,True,file,GDS_GENERATION_FLOW;SRAM_CONFIGURATION,M7_correct_golden_reference,False,DIRECT,Scanned file under outputs.
outputs,outputs/M7_correct_golden_reference/current_supported_config/extracted/full_layout_collection/_all_gds_and_reports/sram_4x32_wpr1__sram_4x32_wpr1_fd45.gds,True,file,GDS_GENERATION_FLOW;SRAM_CONFIGURATION,M7_correct_golden_reference,False,DIRECT,Scanned file under outputs.
outputs,outputs/M7_correct_golden_reference/current_supported_config/extracted/full_layout_collection/_all_gds_and_reports/sram_4x32_wpr1__sram_4x32_wpr1_fd45.integration.gds,True,file,GDS_GENERATION_FLOW;SRAM_CONFIGURATION,M7_correct_golden_reference,False,DIRECT,Scanned file under outputs.
outputs,outputs/M7_correct_golden_reference/current_supported_config/extracted/full_layout_collection/_all_gds_and_reports/sram_4x32_wpr1__sram_4x32_wpr1_fd45.layout.json,True,file,GDS_GENERATION_FLOW;SRAM_CONFIGURATION,M7_correct_golden_reference,False,DIRECT,Scanned file under outputs.
outputs,outputs/M7_correct_golden_reference/current_supported_config/extracted/full_layout_collection/_all_gds_and_reports/sram_4x32_wpr1__sram_4x32_wpr1_fd45.lef,True,file,GDS_GENERATION_FLOW;SRAM_CONFIGURATION,M7_correct_golden_reference,False,DIRECT,Scanned file under outputs.
outputs,outputs/M7_correct_golden_reference/current_supported_config/extracted/full_layout_collection/_all_gds_and_reports/sram_4x32_wpr1__sram_4x32_wpr1_fd45.left_side_compound_whitespace.svg,True,file,GDS_GENERATION_FLOW;SRAM_CONFIGURATION,M7_correct_golden_reference,False,DIRECT,Scanned file under outputs.
outputs,outputs/M7_correct_golden_reference/current_supported_config/extracted/full_layout_collection/_all_gds_and_reports/sram_4x32_wpr1__sram_4x32_wpr1_fd45.moved_module_arrows.svg,True,file,GDS_GENERATION_FLOW;SRAM_CONFIGURATION,M7_correct_golden_reference,False,DIRECT,Scanned file under outputs.
outputs,outputs/M7_correct_golden_reference/current_supported_config/extracted/full_layout_collection/_all_gds_and_reports/sram_4x32_wpr1__sram_4x32_wpr1_fd45.occupancy.svg,True,file,GDS_GENERATION_FLOW;SRAM_CONFIGURATION,M7_correct_golden_reference,False,DIRECT,Scanned file under outputs.
outputs,outputs/M7_correct_golden_reference/current_supported_config/extracted/full_layout_collection/_all_gds_and_reports/sram_4x32_wpr1__sram_4x32_wpr1_fd45.presentation.gds,True,file,GDS_GENERATION_FLOW;SRAM_CONFIGURATION,M7_correct_golden_reference,False,DIRECT,Scanned file under outputs.
outputs,outputs/M7_correct_golden_reference/current_supported_config/extracted/full_layout_collection/_all_gds_and_reports/sram_4x32_wpr1__sram_4x32_wpr1_fd45.report.json,True,file,GDS_GENERATION_FLOW;SRAM_CONFIGURATION,M7_correct_golden_reference,False,DIRECT,Scanned file under outputs.
outputs,outputs/M7_correct_golden_reference/current_supported_config/extracted/full_layout_collection/_all_gds_and_reports/sram_4x32_wpr1__sram_4x32_wpr1_fd45.report.md,True,file,GDS_GENERATION_FLOW;SRAM_CONFIGURATION,M7_correct_golden_reference,False,DIRECT,Scanned file under outputs.
outputs,outputs/M7_correct_golden_reference/current_supported_config/extracted/full_layout_collection/_all_gds_and_reports/sram_4x32_wpr1__sram_4x32_wpr1_fd45.sp,True,file,GDS_GENERATION_FLOW;SRAM_CONFIGURATION,M7_correct_golden_reference,False,DIRECT,Scanned file under outputs.
outputs,outputs/M7_correct_golden_reference/current_supported_config/extracted/full_layout_collection/_all_gds_and_reports/sram_4x32_wpr1__sram_4x32_wpr1_fd45.two_zone_repacking.svg,True,file,GDS_GENERATION_FLOW;SRAM_CONFIGURATION,M7_correct_golden_reference,False,DIRECT,Scanned file under outputs.
outputs,outputs/M7_correct_golden_reference/current_supported_config/extracted/full_layout_collection/_all_gds_and_reports/sram_4x32_wpr2__sram_4x32_wpr2_fd45.accepted_rejected_candidates.svg,True,file,GDS_GENERATION_FLOW;SRAM_CONFIGURATION,M7_correct_golden_reference,False,DIRECT,Scanned file under outputs.
outputs,outputs/M7_correct_golden_reference/current_supported_config/extracted/full_layout_collection/_all_gds_and_reports/sram_4x32_wpr2__sram_4x32_wpr2_fd45.after_floorplan.svg,True,file,FLOORPLAN_RULES;GDS_GENERATION_FLOW;SRAM_CONFIGURATION,M7_correct_golden_reference,False,DIRECT,Scanned file under outputs.
outputs,outputs/M7_correct_golden_reference/current_supported_config/extracted/full_layout_collection/_all_gds_and_reports/sram_4x32_wpr2__sram_4x32_wpr2_fd45.before_floorplan.svg,True,file,FLOORPLAN_RULES;GDS_GENERATION_FLOW;SRAM_CONFIGURATION,M7_correct_golden_reference,False,DIRECT,Scanned file under outputs.
outputs,outputs/M7_correct_golden_reference/current_supported_config/extracted/full_layout_collection/_all_gds_and_reports/sram_4x32_wpr2__sram_4x32_wpr2_fd45.complete.gds,True,file,GDS_GENERATION_FLOW;SRAM_CONFIGURATION,M7_correct_golden_reference,False,DIRECT,Scanned file under outputs.
outputs,outputs/M7_correct_golden_reference/current_supported_config/extracted/full_layout_collection/_all_gds_and_reports/sram_4x32_wpr2__sram_4x32_wpr2_fd45.gds,True,file,GDS_GENERATION_FLOW;SRAM_CONFIGURATION,M7_correct_golden_reference,False,DIRECT,Scanned file under outputs.
outputs,outputs/M7_correct_golden_reference/current_supported_config/extracted/full_layout_collection/_all_gds_and_reports/sram_4x32_wpr2__sram_4x32_wpr2_fd45.integration.gds,True,file,GDS_GENERATION_FLOW;SRAM_CONFIGURATION,M7_correct_golden_reference,False,DIRECT,Scanned file under outputs.
outputs,outputs/M7_correct_golden_reference/current_supported_config/extracted/full_layout_collection/_all_gds_and_reports/sram_4x32_wpr2__sram_4x32_wpr2_fd45.layout.json,True,file,GDS_GENERATION_FLOW;SRAM_CONFIGURATION,M7_correct_golden_reference,False,DIRECT,Scanned file under outputs.
outputs,outputs/M7_correct_golden_reference/current_supported_config/extracted/full_layout_collection/_all_gds_and_reports/sram_4x32_wpr2__sram_4x32_wpr2_fd45.lef,True,file,GDS_GENERATION_FLOW;SRAM_CONFIGURATION,M7_correct_golden_reference,False,DIRECT,Scanned file under outputs.
outputs,outputs/M7_correct_golden_reference/current_supported_config/extracted/full_layout_collection/_all_gds_and_reports/sram_4x32_wpr2__sram_4x32_wpr2_fd45.left_side_compound_whitespace.svg,True,file,GDS_GENERATION_FLOW;SRAM_CONFIGURATION,M7_correct_golden_reference,False,DIRECT,Scanned file under outputs.
outputs,outputs/M7_correct_golden_reference/current_supported_config/extracted/full_layout_collection/_all_gds_and_reports/sram_4x32_wpr2__sram_4x32_wpr2_fd45.moved_module_arrows.svg,True,file,GDS_GENERATION_FLOW;SRAM_CONFIGURATION,M7_correct_golden_reference,False,DIRECT,Scanned file under outputs.
outputs,outputs/M7_correct_golden_reference/current_supported_config/extracted/full_layout_collection/_all_gds_and_reports/sram_4x32_wpr2__sram_4x32_wpr2_fd45.occupancy.svg,True,file,GDS_GENERATION_FLOW;SRAM_CONFIGURATION,M7_correct_golden_reference,False,DIRECT,Scanned file under outputs.
outputs,outputs/M7_correct_golden_reference/current_supported_config/extracted/full_layout_collection/_all_gds_and_reports/sram_4x32_wpr2__sram_4x32_wpr2_fd45.presentation.gds,True,file,GDS_GENERATION_FLOW;SRAM_CONFIGURATION,M7_correct_golden_reference,False,DIRECT,Scanned file under outputs.
outputs,outputs/M7_correct_golden_reference/current_supported_config/extracted/full_layout_collection/_all_gds_and_reports/sram_4x32_wpr2__sram_4x32_wpr2_fd45.report.json,True,file,GDS_GENERATION_FLOW;SRAM_CONFIGURATION,M7_correct_golden_reference,False,DIRECT,Scanned file under outputs.
outputs,outputs/M7_correct_golden_reference/current_supported_config/extracted/full_layout_collection/_all_gds_and_reports/sram_4x32_wpr2__sram_4x32_wpr2_fd45.report.md,True,file,GDS_GENERATION_FLOW;SRAM_CONFIGURATION,M7_correct_golden_reference,False,DIRECT,Scanned file under outputs.
outputs,outputs/M7_correct_golden_reference/current_supported_config/extracted/full_layout_collection/_all_gds_and_reports/sram_4x32_wpr2__sram_4x32_wpr2_fd45.sp,True,file,GDS_GENERATION_FLOW;SRAM_CONFIGURATION,M7_correct_golden_reference,False,DIRECT,Scanned file under outputs.
outputs,outputs/M7_correct_golden_reference/current_supported_config/extracted/full_layout_collection/_all_gds_and_reports/sram_4x32_wpr2__sram_4x32_wpr2_fd45.two_zone_repacking.svg,True,file,GDS_GENERATION_FLOW;SRAM_CONFIGURATION,M7_correct_golden_reference,False,DIRECT,Scanned file under outputs.
outputs,outputs/M7_correct_golden_reference/current_supported_config/extracted/full_layout_collection/_all_gds_and_reports/sram_64x64_wpr1__sram_64x64_wpr1_fd45.accepted_rejected_candidates.svg,True,file,GDS_GENERATION_FLOW;SRAM_CONFIGURATION,M7_correct_golden_reference,False,DIRECT,Scanned file under outputs.
outputs,outputs/M7_correct_golden_reference/current_supported_config/extracted/full_layout_collection/_all_gds_and_reports/sram_64x64_wpr1__sram_64x64_wpr1_fd45.after_floorplan.svg,True,file,FLOORPLAN_RULES;GDS_GENERATION_FLOW;SRAM_CONFIGURATION,M7_correct_golden_reference,False,DIRECT,Scanned file under outputs.
outputs,outputs/M7_correct_golden_reference/current_supported_config/extracted/full_layout_collection/_all_gds_and_reports/sram_64x64_wpr1__sram_64x64_wpr1_fd45.before_floorplan.svg,True,file,FLOORPLAN_RULES;GDS_GENERATION_FLOW;SRAM_CONFIGURATION,M7_correct_golden_reference,False,DIRECT,Scanned file under outputs.
outputs,outputs/M7_correct_golden_reference/current_supported_config/extracted/full_layout_collection/_all_gds_and_reports/sram_64x64_wpr1__sram_64x64_wpr1_fd45.complete.gds,True,file,GDS_GENERATION_FLOW;SRAM_CONFIGURATION,M7_correct_golden_reference,False,DIRECT,Scanned file under outputs.
outputs,outputs/M7_correct_golden_reference/current_supported_config/extracted/full_layout_collection/_all_gds_and_reports/sram_64x64_wpr1__sram_64x64_wpr1_fd45.gds,True,file,GDS_GENERATION_FLOW;SRAM_CONFIGURATION,M7_correct_golden_reference,False,DIRECT,Scanned file under outputs.
outputs,outputs/M7_correct_golden_reference/current_supported_config/extracted/full_layout_collection/_all_gds_and_reports/sram_64x64_wpr1__sram_64x64_wpr1_fd45.integration.gds,True,file,GDS_GENERATION_FLOW;SRAM_CONFIGURATION,M7_correct_golden_reference,False,DIRECT,Scanned file under outputs.
outputs,outputs/M7_correct_golden_reference/current_supported_config/extracted/full_layout_collection/_all_gds_and_reports/sram_64x64_wpr1__sram_64x64_wpr1_fd45.layout.json,True,file,GDS_GENERATION_FLOW;SRAM_CONFIGURATION,M7_correct_golden_reference,False,DIRECT,Scanned file under outputs.
outputs,outputs/M7_correct_golden_reference/current_supported_config/extracted/full_layout_collection/_all_gds_and_reports/sram_64x64_wpr1__sram_64x64_wpr1_fd45.lef,True,file,GDS_GENERATION_FLOW;SRAM_CONFIGURATION,M7_correct_golden_reference,False,DIRECT,Scanned file under outputs.
outputs,outputs/M7_correct_golden_reference/current_supported_config/extracted/full_layout_collection/_all_gds_and_reports/sram_64x64_wpr1__sram_64x64_wpr1_fd45.left_side_compound_whitespace.svg,True,file,GDS_GENERATION_FLOW;SRAM_CONFIGURATION,M7_correct_golden_reference,False,DIRECT,Scanned file under outputs.
outputs,outputs/M7_correct_golden_reference/current_supported_config/extracted/full_layout_collection/_all_gds_and_reports/sram_64x64_wpr1__sram_64x64_wpr1_fd45.moved_module_arrows.svg,True,file,GDS_GENERATION_FLOW;SRAM_CONFIGURATION,M7_correct_golden_reference,False,DIRECT,Scanned file under outputs.
outputs,outputs/M7_correct_golden_reference/current_supported_config/extracted/full_layout_collection/_all_gds_and_reports/sram_64x64_wpr1__sram_64x64_wpr1_fd45.occupancy.svg,True,file,GDS_GENERATION_FLOW;SRAM_CONFIGURATION,M7_correct_golden_reference,False,DIRECT,Scanned file under outputs.
outputs,outputs/M7_correct_golden_reference/current_supported_config/extracted/full_layout_collection/_all_gds_and_reports/sram_64x64_wpr1__sram_64x64_wpr1_fd45.presentation.gds,True,file,GDS_GENERATION_FLOW;SRAM_CONFIGURATION,M7_correct_golden_reference,False,DIRECT,Scanned file under outputs.
outputs,outputs/M7_correct_golden_reference/current_supported_config/extracted/full_layout_collection/_all_gds_and_reports/sram_64x64_wpr1__sram_64x64_wpr1_fd45.report.json,True,file,GDS_GENERATION_FLOW;SRAM_CONFIGURATION,M7_correct_golden_reference,False,DIRECT,Scanned file under outputs.
outputs,outputs/M7_correct_golden_reference/current_supported_config/extracted/full_layout_collection/_all_gds_and_reports/sram_64x64_wpr1__sram_64x64_wpr1_fd45.report.md,True,file,GDS_GENERATION_FLOW;SRAM_CONFIGURATION,M7_correct_golden_reference,False,DIRECT,Scanned file under outputs.
outputs,outputs/M7_correct_golden_reference/current_supported_config/extracted/full_layout_collection/_all_gds_and_reports/sram_64x64_wpr1__sram_64x64_wpr1_fd45.sp,True,file,GDS_GENERATION_FLOW;SRAM_CONFIGURATION,M7_correct_golden_reference,False,DIRECT,Scanned file under outputs.
outputs,outputs/M7_correct_golden_reference/current_supported_config/extracted/full_layout_collection/_all_gds_and_reports/sram_64x64_wpr1__sram_64x64_wpr1_fd45.two_zone_repacking.svg,True,file,GDS_GENERATION_FLOW;SRAM_CONFIGURATION,M7_correct_golden_reference,False,DIRECT,Scanned file under outputs.
outputs,outputs/M7_correct_golden_reference/current_supported_config/extracted/full_layout_collection/_all_gds_and_reports/sram_8x64_wpr4__sram_8x64_wpr4_fd45.accepted_rejected_candidates.svg,True,file,GDS_GENERATION_FLOW;SRAM_CONFIGURATION,M7_correct_golden_reference,False,DIRECT,Scanned file under outputs.
outputs,outputs/M7_correct_golden_reference/current_supported_config/extracted/full_layout_collection/_all_gds_and_reports/sram_8x64_wpr4__sram_8x64_wpr4_fd45.after_floorplan.svg,True,file,FLOORPLAN_RULES;GDS_GENERATION_FLOW;SRAM_CONFIGURATION,M7_correct_golden_reference,False,DIRECT,Scanned file under outputs.
outputs,outputs/M7_correct_golden_reference/current_supported_config/extracted/full_layout_collection/_all_gds_and_reports/sram_8x64_wpr4__sram_8x64_wpr4_fd45.before_floorplan.svg,True,file,FLOORPLAN_RULES;GDS_GENERATION_FLOW;SRAM_CONFIGURATION,M7_correct_golden_reference,False,DIRECT,Scanned file under outputs.
outputs,outputs/M7_correct_golden_reference/current_supported_config/extracted/full_layout_collection/_all_gds_and_reports/sram_8x64_wpr4__sram_8x64_wpr4_fd45.complete.gds,True,file,GDS_GENERATION_FLOW;SRAM_CONFIGURATION,M7_correct_golden_reference,False,DIRECT,Scanned file under outputs.
outputs,outputs/M7_correct_golden_reference/current_supported_config/extracted/full_layout_collection/_all_gds_and_reports/sram_8x64_wpr4__sram_8x64_wpr4_fd45.gds,True,file,GDS_GENERATION_FLOW;SRAM_CONFIGURATION,M7_correct_golden_reference,False,DIRECT,Scanned file under outputs.
outputs,outputs/M7_correct_golden_reference/current_supported_config/extracted/full_layout_collection/_all_gds_and_reports/sram_8x64_wpr4__sram_8x64_wpr4_fd45.integration.gds,True,file,GDS_GENERATION_FLOW;SRAM_CONFIGURATION,M7_correct_golden_reference,False,DIRECT,Scanned file under outputs.
outputs,outputs/M7_correct_golden_reference/current_supported_config/extracted/full_layout_collection/_all_gds_and_reports/sram_8x64_wpr4__sram_8x64_wpr4_fd45.layout.json,True,file,GDS_GENERATION_FLOW;SRAM_CONFIGURATION,M7_correct_golden_reference,False,DIRECT,Scanned file under outputs.
outputs,outputs/M7_correct_golden_reference/current_supported_config/extracted/full_layout_collection/_all_gds_and_reports/sram_8x64_wpr4__sram_8x64_wpr4_fd45.lef,True,file,GDS_GENERATION_FLOW;SRAM_CONFIGURATION,M7_correct_golden_reference,False,DIRECT,Scanned file under outputs.
outputs,outputs/M7_correct_golden_reference/current_supported_config/extracted/full_layout_collection/_all_gds_and_reports/sram_8x64_wpr4__sram_8x64_wpr4_fd45.left_side_compound_whitespace.svg,True,file,GDS_GENERATION_FLOW;SRAM_CONFIGURATION,M7_correct_golden_reference,False,DIRECT,Scanned file under outputs.
outputs,outputs/M7_correct_golden_reference/current_supported_config/extracted/full_layout_collection/_all_gds_and_reports/sram_8x64_wpr4__sram_8x64_wpr4_fd45.moved_module_arrows.svg,True,file,GDS_GENERATION_FLOW;SRAM_CONFIGURATION,M7_correct_golden_reference,False,DIRECT,Scanned file under outputs.
outputs,outputs/M7_correct_golden_reference/current_supported_config/extracted/full_layout_collection/_all_gds_and_reports/sram_8x64_wpr4__sram_8x64_wpr4_fd45.occupancy.svg,True,file,GDS_GENERATION_FLOW;SRAM_CONFIGURATION,M7_correct_golden_reference,False,DIRECT,Scanned file under outputs.
outputs,outputs/M7_correct_golden_reference/current_supported_config/extracted/full_layout_collection/_all_gds_and_reports/sram_8x64_wpr4__sram_8x64_wpr4_fd45.presentation.gds,True,file,GDS_GENERATION_FLOW;SRAM_CONFIGURATION,M7_correct_golden_reference,False,DIRECT,Scanned file under outputs.
outputs,outputs/M7_correct_golden_reference/current_supported_config/extracted/full_layout_collection/_all_gds_and_reports/sram_8x64_wpr4__sram_8x64_wpr4_fd45.report.json,True,file,GDS_GENERATION_FLOW;SRAM_CONFIGURATION,M7_correct_golden_reference,False,DIRECT,Scanned file under outputs.
outputs,outputs/M7_correct_golden_reference/current_supported_config/extracted/full_layout_collection/_all_gds_and_reports/sram_8x64_wpr4__sram_8x64_wpr4_fd45.report.md,True,file,GDS_GENERATION_FLOW;SRAM_CONFIGURATION,M7_correct_golden_reference,False,DIRECT,Scanned file under outputs.
outputs,outputs/M7_correct_golden_reference/current_supported_config/extracted/full_layout_collection/_all_gds_and_reports/sram_8x64_wpr4__sram_8x64_wpr4_fd45.sp,True,file,GDS_GENERATION_FLOW;SRAM_CONFIGURATION,M7_correct_golden_reference,False,DIRECT,Scanned file under outputs.
outputs,outputs/M7_correct_golden_reference/current_supported_config/extracted/full_layout_collection/_all_gds_and_reports/sram_8x64_wpr4__sram_8x64_wpr4_fd45.two_zone_repacking.svg,True,file,GDS_GENERATION_FLOW;SRAM_CONFIGURATION,M7_correct_golden_reference,False,DIRECT,Scanned file under outputs.
outputs,outputs/M7_correct_golden_reference/current_supported_config/extracted/full_layout_collection/sram_16x16_wpr1/.run.log,True,file,GDS_GENERATION_FLOW;SRAM_CONFIGURATION,M7_correct_golden_reference,False,DIRECT,Scanned file under outputs.
outputs,outputs/M7_correct_golden_reference/current_supported_config/extracted/full_layout_collection/sram_16x16_wpr1/sram_16x16_wpr1_fd45.accepted_rejected_candidates.svg,True,file,GDS_GENERATION_FLOW;SRAM_CONFIGURATION,M7_correct_golden_reference,False,DIRECT,Scanned file under outputs.
outputs,outputs/M7_correct_golden_reference/current_supported_config/extracted/full_layout_collection/sram_16x16_wpr1/sram_16x16_wpr1_fd45.after_floorplan.svg,True,file,FLOORPLAN_RULES;GDS_GENERATION_FLOW;SRAM_CONFIGURATION,M7_correct_golden_reference,False,DIRECT,Scanned file under outputs.
outputs,outputs/M7_correct_golden_reference/current_supported_config/extracted/full_layout_collection/sram_16x16_wpr1/sram_16x16_wpr1_fd45.architecture.gds,True,file,GDS_GENERATION_FLOW;SRAM_CONFIGURATION,M7_correct_golden_reference,False,DIRECT,Scanned file under outputs.
outputs,outputs/M7_correct_golden_reference/current_supported_config/extracted/full_layout_collection/sram_16x16_wpr1/sram_16x16_wpr1_fd45.architecture.svg,True,file,GDS_GENERATION_FLOW;SRAM_CONFIGURATION,M7_correct_golden_reference,False,DIRECT,Scanned file under outputs.
outputs,outputs/M7_correct_golden_reference/current_supported_config/extracted/full_layout_collection/sram_16x16_wpr1/sram_16x16_wpr1_fd45.before_floorplan.svg,True,file,FLOORPLAN_RULES;GDS_GENERATION_FLOW;SRAM_CONFIGURATION,M7_correct_golden_reference,False,DIRECT,Scanned file under outputs.
outputs,outputs/M7_correct_golden_reference/current_supported_config/extracted/full_layout_collection/sram_16x16_wpr1/sram_16x16_wpr1_fd45.complete.gds,True,file,GDS_GENERATION_FLOW;SRAM_CONFIGURATION,M7_correct_golden_reference,False,DIRECT,Scanned file under outputs.
outputs,outputs/M7_correct_golden_reference/current_supported_config/extracted/full_layout_collection/sram_16x16_wpr1/sram_16x16_wpr1_fd45.debug.gds,True,file,GDS_GENERATION_FLOW;SRAM_CONFIGURATION,M7_correct_golden_reference,False,DIRECT,Scanned file under outputs.
outputs,outputs/M7_correct_golden_reference/current_supported_config/extracted/full_layout_collection/sram_16x16_wpr1/sram_16x16_wpr1_fd45.gds,True,file,GDS_GENERATION_FLOW;SRAM_CONFIGURATION,M7_correct_golden_reference,False,DIRECT,Scanned file under outputs.
outputs,outputs/M7_correct_golden_reference/current_supported_config/extracted/full_layout_collection/sram_16x16_wpr1/sram_16x16_wpr1_fd45.integration.gds,True,file,GDS_GENERATION_FLOW;SRAM_CONFIGURATION,M7_correct_golden_reference,False,DIRECT,Scanned file under outputs.
outputs,outputs/M7_correct_golden_reference/current_supported_config/extracted/full_layout_collection/sram_16x16_wpr1/sram_16x16_wpr1_fd45.layout.json,True,file,GDS_GENERATION_FLOW;SRAM_CONFIGURATION,M7_correct_golden_reference,False,DIRECT,Scanned file under outputs.
outputs,outputs/M7_correct_golden_reference/current_supported_config/extracted/full_layout_collection/sram_16x16_wpr1/sram_16x16_wpr1_fd45.lef,True,file,GDS_GENERATION_FLOW;SRAM_CONFIGURATION,M7_correct_golden_reference,False,DIRECT,Scanned file under outputs.
outputs,outputs/M7_correct_golden_reference/current_supported_config/extracted/full_layout_collection/sram_16x16_wpr1/sram_16x16_wpr1_fd45.left_side_compound_whitespace.svg,True,file,GDS_GENERATION_FLOW;SRAM_CONFIGURATION,M7_correct_golden_reference,False,DIRECT,Scanned file under outputs.
outputs,outputs/M7_correct_golden_reference/current_supported_config/extracted/full_layout_collection/sram_16x16_wpr1/sram_16x16_wpr1_fd45.moved_module_arrows.svg,True,file,GDS_GENERATION_FLOW;SRAM_CONFIGURATION,M7_correct_golden_reference,False,DIRECT,Scanned file under outputs.
outputs,outputs/M7_correct_golden_reference/current_supported_config/extracted/full_layout_collection/sram_16x16_wpr1/sram_16x16_wpr1_fd45.occupancy.svg,True,file,GDS_GENERATION_FLOW;SRAM_CONFIGURATION,M7_correct_golden_reference,False,DIRECT,Scanned file under outputs.
outputs,outputs/M7_correct_golden_reference/current_supported_config/extracted/full_layout_collection/sram_16x16_wpr1/sram_16x16_wpr1_fd45.presentation.gds,True,file,GDS_GENERATION_FLOW;SRAM_CONFIGURATION,M7_correct_golden_reference,False,DIRECT,Scanned file under outputs.
outputs,outputs/M7_correct_golden_reference/current_supported_config/extracted/full_layout_collection/sram_16x16_wpr1/sram_16x16_wpr1_fd45.report.json,True,file,GDS_GENERATION_FLOW;SRAM_CONFIGURATION,M7_correct_golden_reference,False,DIRECT,Scanned file under outputs.
outputs,outputs/M7_correct_golden_reference/current_supported_config/extracted/full_layout_collection/sram_16x16_wpr1/sram_16x16_wpr1_fd45.report.md,True,file,GDS_GENERATION_FLOW;SRAM_CONFIGURATION,M7_correct_golden_reference,False,DIRECT,Scanned file under outputs.
outputs,outputs/M7_correct_golden_reference/current_supported_config/extracted/full_layout_collection/sram_16x16_wpr1/sram_16x16_wpr1_fd45.route_guides.gds,True,file,GDS_GENERATION_FLOW;SRAM_CONFIGURATION,M7_correct_golden_reference,False,DIRECT,Scanned file under outputs.
outputs,outputs/M7_correct_golden_reference/current_supported_config/extracted/full_layout_collection/sram_16x16_wpr1/sram_16x16_wpr1_fd45.sp,True,file,GDS_GENERATION_FLOW;SRAM_CONFIGURATION,M7_correct_golden_reference,False,DIRECT,Scanned file under outputs.
outputs,outputs/M7_correct_golden_reference/current_supported_config/extracted/full_layout_collection/sram_16x16_wpr1/sram_16x16_wpr1_fd45.two_zone_repacking.svg,True,file,GDS_GENERATION_FLOW;SRAM_CONFIGURATION,M7_correct_golden_reference,False,DIRECT,Scanned file under outputs.
outputs,outputs/M7_correct_golden_reference/current_supported_config/extracted/full_layout_collection/sram_16x32_wpr2/.run.log,True,file,GDS_GENERATION_FLOW;SRAM_CONFIGURATION,M7_correct_golden_reference,False,DIRECT,Scanned file under outputs.
outputs,outputs/M7_correct_golden_reference/current_supported_config/extracted/full_layout_collection/sram_16x32_wpr2/sram_16x32_wpr2_fd45.accepted_rejected_candidates.svg,True,file,GDS_GENERATION_FLOW;SRAM_CONFIGURATION,M7_correct_golden_reference,False,DIRECT,Scanned file under outputs.
outputs,outputs/M7_correct_golden_reference/current_supported_config/extracted/full_layout_collection/sram_16x32_wpr2/sram_16x32_wpr2_fd45.after_floorplan.svg,True,file,FLOORPLAN_RULES;GDS_GENERATION_FLOW;SRAM_CONFIGURATION,M7_correct_golden_reference,False,DIRECT,Scanned file under outputs.
outputs,outputs/M7_correct_golden_reference/current_supported_config/extracted/full_layout_collection/sram_16x32_wpr2/sram_16x32_wpr2_fd45.architecture.gds,True,file,GDS_GENERATION_FLOW;SRAM_CONFIGURATION,M7_correct_golden_reference,False,DIRECT,Scanned file under outputs.
outputs,outputs/M7_correct_golden_reference/current_supported_config/extracted/full_layout_collection/sram_16x32_wpr2/sram_16x32_wpr2_fd45.architecture.svg,True,file,GDS_GENERATION_FLOW;SRAM_CONFIGURATION,M7_correct_golden_reference,False,DIRECT,Scanned file under outputs.
outputs,outputs/M7_correct_golden_reference/current_supported_config/extracted/full_layout_collection/sram_16x32_wpr2/sram_16x32_wpr2_fd45.before_floorplan.svg,True,file,FLOORPLAN_RULES;GDS_GENERATION_FLOW;SRAM_CONFIGURATION,M7_correct_golden_reference,False,DIRECT,Scanned file under outputs.
outputs,outputs/M7_correct_golden_reference/current_supported_config/extracted/full_layout_collection/sram_16x32_wpr2/sram_16x32_wpr2_fd45.complete.gds,True,file,GDS_GENERATION_FLOW;SRAM_CONFIGURATION,M7_correct_golden_reference,False,DIRECT,Scanned file under outputs.
outputs,outputs/M7_correct_golden_reference/current_supported_config/extracted/full_layout_collection/sram_16x32_wpr2/sram_16x32_wpr2_fd45.debug.gds,True,file,GDS_GENERATION_FLOW;SRAM_CONFIGURATION,M7_correct_golden_reference,False,DIRECT,Scanned file under outputs.
outputs,outputs/M7_correct_golden_reference/current_supported_config/extracted/full_layout_collection/sram_16x32_wpr2/sram_16x32_wpr2_fd45.gds,True,file,GDS_GENERATION_FLOW;SRAM_CONFIGURATION,M7_correct_golden_reference,False,DIRECT,Scanned file under outputs.
outputs,outputs/M7_correct_golden_reference/current_supported_config/extracted/full_layout_collection/sram_16x32_wpr2/sram_16x32_wpr2_fd45.integration.gds,True,file,GDS_GENERATION_FLOW;SRAM_CONFIGURATION,M7_correct_golden_reference,False,DIRECT,Scanned file under outputs.
outputs,outputs/M7_correct_golden_reference/current_supported_config/extracted/full_layout_collection/sram_16x32_wpr2/sram_16x32_wpr2_fd45.layout.json,True,file,GDS_GENERATION_FLOW;SRAM_CONFIGURATION,M7_correct_golden_reference,False,DIRECT,Scanned file under outputs.
outputs,outputs/M7_correct_golden_reference/current_supported_config/extracted/full_layout_collection/sram_16x32_wpr2/sram_16x32_wpr2_fd45.lef,True,file,GDS_GENERATION_FLOW;SRAM_CONFIGURATION,M7_correct_golden_reference,False,DIRECT,Scanned file under outputs.
outputs,outputs/M7_correct_golden_reference/current_supported_config/extracted/full_layout_collection/sram_16x32_wpr2/sram_16x32_wpr2_fd45.left_side_compound_whitespace.svg,True,file,GDS_GENERATION_FLOW;SRAM_CONFIGURATION,M7_correct_golden_reference,False,DIRECT,Scanned file under outputs.
outputs,outputs/M7_correct_golden_reference/current_supported_config/extracted/full_layout_collection/sram_16x32_wpr2/sram_16x32_wpr2_fd45.moved_module_arrows.svg,True,file,GDS_GENERATION_FLOW;SRAM_CONFIGURATION,M7_correct_golden_reference,False,DIRECT,Scanned file under outputs.
outputs,outputs/M7_correct_golden_reference/current_supported_config/extracted/full_layout_collection/sram_16x32_wpr2/sram_16x32_wpr2_fd45.occupancy.svg,True,file,GDS_GENERATION_FLOW;SRAM_CONFIGURATION,M7_correct_golden_reference,False,DIRECT,Scanned file under outputs.
outputs,outputs/M7_correct_golden_reference/current_supported_config/extracted/full_layout_collection/sram_16x32_wpr2/sram_16x32_wpr2_fd45.presentation.gds,True,file,GDS_GENERATION_FLOW;SRAM_CONFIGURATION,M7_correct_golden_reference,False,DIRECT,Scanned file under outputs.
outputs,outputs/M7_correct_golden_reference/current_supported_config/extracted/full_layout_collection/sram_16x32_wpr2/sram_16x32_wpr2_fd45.report.json,True,file,GDS_GENERATION_FLOW;SRAM_CONFIGURATION,M7_correct_golden_reference,False,DIRECT,Scanned file under outputs.
outputs,outputs/M7_correct_golden_reference/current_supported_config/extracted/full_layout_collection/sram_16x32_wpr2/sram_16x32_wpr2_fd45.report.md,True,file,GDS_GENERATION_FLOW;SRAM_CONFIGURATION,M7_correct_golden_reference,False,DIRECT,Scanned file under outputs.
outputs,outputs/M7_correct_golden_reference/current_supported_config/extracted/full_layout_collection/sram_16x32_wpr2/sram_16x32_wpr2_fd45.route_guides.gds,True,file,GDS_GENERATION_FLOW;SRAM_CONFIGURATION,M7_correct_golden_reference,False,DIRECT,Scanned file under outputs.
outputs,outputs/M7_correct_golden_reference/current_supported_config/extracted/full_layout_collection/sram_16x32_wpr2/sram_16x32_wpr2_fd45.sp,True,file,GDS_GENERATION_FLOW;SRAM_CONFIGURATION,M7_correct_golden_reference,False,DIRECT,Scanned file under outputs.
outputs,outputs/M7_correct_golden_reference/current_supported_config/extracted/full_layout_collection/sram_16x32_wpr2/sram_16x32_wpr2_fd45.two_zone_repacking.svg,True,file,GDS_GENERATION_FLOW;SRAM_CONFIGURATION,M7_correct_golden_reference,False,DIRECT,Scanned file under outputs.
outputs,outputs/M7_correct_golden_reference/current_supported_config/extracted/full_layout_collection/sram_2x16_wpr1/.run.log,True,file,GDS_GENERATION_FLOW;SRAM_CONFIGURATION,M7_correct_golden_reference,False,DIRECT,Scanned file under outputs.
outputs,outputs/M7_correct_golden_reference/current_supported_config/extracted/full_layout_collection/sram_2x16_wpr1/sram_2x16_wpr1_fd45.accepted_rejected_candidates.svg,True,file,GDS_GENERATION_FLOW;SRAM_CONFIGURATION,M7_correct_golden_reference,False,DIRECT,Scanned file under outputs.
outputs,outputs/M7_correct_golden_reference/current_supported_config/extracted/full_layout_collection/sram_2x16_wpr1/sram_2x16_wpr1_fd45.after_floorplan.svg,True,file,FLOORPLAN_RULES;GDS_GENERATION_FLOW;SRAM_CONFIGURATION,M7_correct_golden_reference,False,DIRECT,Scanned file under outputs.
outputs,outputs/M7_correct_golden_reference/current_supported_config/extracted/full_layout_collection/sram_2x16_wpr1/sram_2x16_wpr1_fd45.architecture.gds,True,file,GDS_GENERATION_FLOW;SRAM_CONFIGURATION,M7_correct_golden_reference,False,DIRECT,Scanned file under outputs.
outputs,outputs/M7_correct_golden_reference/current_supported_config/extracted/full_layout_collection/sram_2x16_wpr1/sram_2x16_wpr1_fd45.architecture.svg,True,file,GDS_GENERATION_FLOW;SRAM_CONFIGURATION,M7_correct_golden_reference,False,DIRECT,Scanned file under outputs.
outputs,outputs/M7_correct_golden_reference/current_supported_config/extracted/full_layout_collection/sram_2x16_wpr1/sram_2x16_wpr1_fd45.before_floorplan.svg,True,file,FLOORPLAN_RULES;GDS_GENERATION_FLOW;SRAM_CONFIGURATION,M7_correct_golden_reference,False,DIRECT,Scanned file under outputs.
outputs,outputs/M7_correct_golden_reference/current_supported_config/extracted/full_layout_collection/sram_2x16_wpr1/sram_2x16_wpr1_fd45.complete.gds,True,file,GDS_GENERATION_FLOW;SRAM_CONFIGURATION,M7_correct_golden_reference,False,DIRECT,Scanned file under outputs.
outputs,outputs/M7_correct_golden_reference/current_supported_config/extracted/full_layout_collection/sram_2x16_wpr1/sram_2x16_wpr1_fd45.debug.gds,True,file,GDS_GENERATION_FLOW;SRAM_CONFIGURATION,M7_correct_golden_reference,False,DIRECT,Scanned file under outputs.
outputs,outputs/M7_correct_golden_reference/current_supported_config/extracted/full_layout_collection/sram_2x16_wpr1/sram_2x16_wpr1_fd45.gds,True,file,GDS_GENERATION_FLOW;SRAM_CONFIGURATION,M7_correct_golden_reference,False,DIRECT,Scanned file under outputs.
outputs,outputs/M7_correct_golden_reference/current_supported_config/extracted/full_layout_collection/sram_2x16_wpr1/sram_2x16_wpr1_fd45.integration.gds,True,file,GDS_GENERATION_FLOW;SRAM_CONFIGURATION,M7_correct_golden_reference,False,DIRECT,Scanned file under outputs.
outputs,outputs/M7_correct_golden_reference/current_supported_config/extracted/full_layout_collection/sram_2x16_wpr1/sram_2x16_wpr1_fd45.layout.json,True,file,GDS_GENERATION_FLOW;SRAM_CONFIGURATION,M7_correct_golden_reference,False,DIRECT,Scanned file under outputs.
outputs,outputs/M7_correct_golden_reference/current_supported_config/extracted/full_layout_collection/sram_2x16_wpr1/sram_2x16_wpr1_fd45.lef,True,file,GDS_GENERATION_FLOW;SRAM_CONFIGURATION,M7_correct_golden_reference,False,DIRECT,Scanned file under outputs.
outputs,outputs/M7_correct_golden_reference/current_supported_config/extracted/full_layout_collection/sram_2x16_wpr1/sram_2x16_wpr1_fd45.left_side_compound_whitespace.svg,True,file,GDS_GENERATION_FLOW;SRAM_CONFIGURATION,M7_correct_golden_reference,False,DIRECT,Scanned file under outputs.
outputs,outputs/M7_correct_golden_reference/current_supported_config/extracted/full_layout_collection/sram_2x16_wpr1/sram_2x16_wpr1_fd45.moved_module_arrows.svg,True,file,GDS_GENERATION_FLOW;SRAM_CONFIGURATION,M7_correct_golden_reference,False,DIRECT,Scanned file under outputs.
outputs,outputs/M7_correct_golden_reference/current_supported_config/extracted/full_layout_collection/sram_2x16_wpr1/sram_2x16_wpr1_fd45.occupancy.svg,True,file,GDS_GENERATION_FLOW;SRAM_CONFIGURATION,M7_correct_golden_reference,False,DIRECT,Scanned file under outputs.
outputs,outputs/M7_correct_golden_reference/current_supported_config/extracted/full_layout_collection/sram_2x16_wpr1/sram_2x16_wpr1_fd45.presentation.gds,True,file,GDS_GENERATION_FLOW;SRAM_CONFIGURATION,M7_correct_golden_reference,False,DIRECT,Scanned file under outputs.
outputs,outputs/M7_correct_golden_reference/current_supported_config/extracted/full_layout_collection/sram_2x16_wpr1/sram_2x16_wpr1_fd45.report.json,True,file,GDS_GENERATION_FLOW;SRAM_CONFIGURATION,M7_correct_golden_reference,False,DIRECT,Scanned file under outputs.
outputs,outputs/M7_correct_golden_reference/current_supported_config/extracted/full_layout_collection/sram_2x16_wpr1/sram_2x16_wpr1_fd45.report.md,True,file,GDS_GENERATION_FLOW;SRAM_CONFIGURATION,M7_correct_golden_reference,False,DIRECT,Scanned file under outputs.
outputs,outputs/M7_correct_golden_reference/current_supported_config/extracted/full_layout_collection/sram_2x16_wpr1/sram_2x16_wpr1_fd45.route_guides.gds,True,file,GDS_GENERATION_FLOW;SRAM_CONFIGURATION,M7_correct_golden_reference,False,DIRECT,Scanned file under outputs.
outputs,outputs/M7_correct_golden_reference/current_supported_config/extracted/full_layout_collection/sram_2x16_wpr1/sram_2x16_wpr1_fd45.sp,True,file,GDS_GENERATION_FLOW;SRAM_CONFIGURATION,M7_correct_golden_reference,False,DIRECT,Scanned file under outputs.
outputs,outputs/M7_correct_golden_reference/current_supported_config/extracted/full_layout_collection/sram_2x16_wpr1/sram_2x16_wpr1_fd45.two_zone_repacking.svg,True,file,GDS_GENERATION_FLOW;SRAM_CONFIGURATION,M7_correct_golden_reference,False,DIRECT,Scanned file under outputs.
outputs,outputs/M7_correct_golden_reference/current_supported_config/extracted/full_layout_collection/sram_32x16_wpr1/.run.log,True,file,GDS_GENERATION_FLOW;SRAM_CONFIGURATION,M7_correct_golden_reference,False,DIRECT,Scanned file under outputs.
outputs,outputs/M7_correct_golden_reference/current_supported_config/extracted/full_layout_collection/sram_32x16_wpr1/sram_32x16_wpr1_fd45.accepted_rejected_candidates.svg,True,file,GDS_GENERATION_FLOW;SRAM_CONFIGURATION,M7_correct_golden_reference,False,DIRECT,Scanned file under outputs.
outputs,outputs/M7_correct_golden_reference/current_supported_config/extracted/full_layout_collection/sram_32x16_wpr1/sram_32x16_wpr1_fd45.after_floorplan.svg,True,file,FLOORPLAN_RULES;GDS_GENERATION_FLOW;SRAM_CONFIGURATION,M7_correct_golden_reference,False,DIRECT,Scanned file under outputs.
outputs,outputs/M7_correct_golden_reference/current_supported_config/extracted/full_layout_collection/sram_32x16_wpr1/sram_32x16_wpr1_fd45.architecture.gds,True,file,GDS_GENERATION_FLOW;SRAM_CONFIGURATION,M7_correct_golden_reference,False,DIRECT,Scanned file under outputs.
outputs,outputs/M7_correct_golden_reference/current_supported_config/extracted/full_layout_collection/sram_32x16_wpr1/sram_32x16_wpr1_fd45.architecture.svg,True,file,GDS_GENERATION_FLOW;SRAM_CONFIGURATION,M7_correct_golden_reference,False,DIRECT,Scanned file under outputs.
outputs,outputs/M7_correct_golden_reference/current_supported_config/extracted/full_layout_collection/sram_32x16_wpr1/sram_32x16_wpr1_fd45.before_floorplan.svg,True,file,FLOORPLAN_RULES;GDS_GENERATION_FLOW;SRAM_CONFIGURATION,M7_correct_golden_reference,False,DIRECT,Scanned file under outputs.
outputs,outputs/M7_correct_golden_reference/current_supported_config/extracted/full_layout_collection/sram_32x16_wpr1/sram_32x16_wpr1_fd45.complete.gds,True,file,GDS_GENERATION_FLOW;SRAM_CONFIGURATION,M7_correct_golden_reference,False,DIRECT,Scanned file under outputs.
outputs,outputs/M7_correct_golden_reference/current_supported_config/extracted/full_layout_collection/sram_32x16_wpr1/sram_32x16_wpr1_fd45.debug.gds,True,file,GDS_GENERATION_FLOW;SRAM_CONFIGURATION,M7_correct_golden_reference,False,DIRECT,Scanned file under outputs.
outputs,outputs/M7_correct_golden_reference/current_supported_config/extracted/full_layout_collection/sram_32x16_wpr1/sram_32x16_wpr1_fd45.gds,True,file,GDS_GENERATION_FLOW;SRAM_CONFIGURATION,M7_correct_golden_reference,False,DIRECT,Scanned file under outputs.
outputs,outputs/M7_correct_golden_reference/current_supported_config/extracted/full_layout_collection/sram_32x16_wpr1/sram_32x16_wpr1_fd45.integration.gds,True,file,GDS_GENERATION_FLOW;SRAM_CONFIGURATION,M7_correct_golden_reference,False,DIRECT,Scanned file under outputs.
outputs,outputs/M7_correct_golden_reference/current_supported_config/extracted/full_layout_collection/sram_32x16_wpr1/sram_32x16_wpr1_fd45.layout.json,True,file,GDS_GENERATION_FLOW;SRAM_CONFIGURATION,M7_correct_golden_reference,False,DIRECT,Scanned file under outputs.
outputs,outputs/M7_correct_golden_reference/current_supported_config/extracted/full_layout_collection/sram_32x16_wpr1/sram_32x16_wpr1_fd45.lef,True,file,GDS_GENERATION_FLOW;SRAM_CONFIGURATION,M7_correct_golden_reference,False,DIRECT,Scanned file under outputs.
outputs,outputs/M7_correct_golden_reference/current_supported_config/extracted/full_layout_collection/sram_32x16_wpr1/sram_32x16_wpr1_fd45.left_side_compound_whitespace.svg,True,file,GDS_GENERATION_FLOW;SRAM_CONFIGURATION,M7_correct_golden_reference,False,DIRECT,Scanned file under outputs.
outputs,outputs/M7_correct_golden_reference/current_supported_config/extracted/full_layout_collection/sram_32x16_wpr1/sram_32x16_wpr1_fd45.moved_module_arrows.svg,True,file,GDS_GENERATION_FLOW;SRAM_CONFIGURATION,M7_correct_golden_reference,False,DIRECT,Scanned file under outputs.
outputs,outputs/M7_correct_golden_reference/current_supported_config/extracted/full_layout_collection/sram_32x16_wpr1/sram_32x16_wpr1_fd45.occupancy.svg,True,file,GDS_GENERATION_FLOW;SRAM_CONFIGURATION,M7_correct_golden_reference,False,DIRECT,Scanned file under outputs.
outputs,outputs/M7_correct_golden_reference/current_supported_config/extracted/full_layout_collection/sram_32x16_wpr1/sram_32x16_wpr1_fd45.presentation.gds,True,file,GDS_GENERATION_FLOW;SRAM_CONFIGURATION,M7_correct_golden_reference,False,DIRECT,Scanned file under outputs.
outputs,outputs/M7_correct_golden_reference/current_supported_config/extracted/full_layout_collection/sram_32x16_wpr1/sram_32x16_wpr1_fd45.report.json,True,file,GDS_GENERATION_FLOW;SRAM_CONFIGURATION,M7_correct_golden_reference,False,DIRECT,Scanned file under outputs.
outputs,outputs/M7_correct_golden_reference/current_supported_config/extracted/full_layout_collection/sram_32x16_wpr1/sram_32x16_wpr1_fd45.report.md,True,file,GDS_GENERATION_FLOW;SRAM_CONFIGURATION,M7_correct_golden_reference,False,DIRECT,Scanned file under outputs.
outputs,outputs/M7_correct_golden_reference/current_supported_config/extracted/full_layout_collection/sram_32x16_wpr1/sram_32x16_wpr1_fd45.route_guides.gds,True,file,GDS_GENERATION_FLOW;SRAM_CONFIGURATION,M7_correct_golden_reference,False,DIRECT,Scanned file under outputs.
outputs,outputs/M7_correct_golden_reference/current_supported_config/extracted/full_layout_collection/sram_32x16_wpr1/sram_32x16_wpr1_fd45.sp,True,file,GDS_GENERATION_FLOW;SRAM_CONFIGURATION,M7_correct_golden_reference,False,DIRECT,Scanned file under outputs.
outputs,outputs/M7_correct_golden_reference/current_supported_config/extracted/full_layout_collection/sram_32x16_wpr1/sram_32x16_wpr1_fd45.two_zone_repacking.svg,True,file,GDS_GENERATION_FLOW;SRAM_CONFIGURATION,M7_correct_golden_reference,False,DIRECT,Scanned file under outputs.
outputs,outputs/M7_correct_golden_reference/current_supported_config/extracted/full_layout_collection/sram_32x32_wpr1/.run.log,True,file,GDS_GENERATION_FLOW;SRAM_CONFIGURATION,M7_correct_golden_reference,False,DIRECT,Scanned file under outputs.
outputs,outputs/M7_correct_golden_reference/current_supported_config/extracted/full_layout_collection/sram_32x32_wpr1/sram_32x32_wpr1_fd45.accepted_rejected_candidates.svg,True,file,GDS_GENERATION_FLOW;SRAM_CONFIGURATION,M7_correct_golden_reference,False,DIRECT,Scanned file under outputs.
outputs,outputs/M7_correct_golden_reference/current_supported_config/extracted/full_layout_collection/sram_32x32_wpr1/sram_32x32_wpr1_fd45.after_floorplan.svg,True,file,FLOORPLAN_RULES;GDS_GENERATION_FLOW;SRAM_CONFIGURATION,M7_correct_golden_reference,False,DIRECT,Scanned file under outputs.
outputs,outputs/M7_correct_golden_reference/current_supported_config/extracted/full_layout_collection/sram_32x32_wpr1/sram_32x32_wpr1_fd45.architecture.gds,True,file,GDS_GENERATION_FLOW;SRAM_CONFIGURATION,M7_correct_golden_reference,False,DIRECT,Scanned file under outputs.
outputs,outputs/M7_correct_golden_reference/current_supported_config/extracted/full_layout_collection/sram_32x32_wpr1/sram_32x32_wpr1_fd45.architecture.svg,True,file,GDS_GENERATION_FLOW;SRAM_CONFIGURATION,M7_correct_golden_reference,False,DIRECT,Scanned file under outputs.
outputs,outputs/M7_correct_golden_reference/current_supported_config/extracted/full_layout_collection/sram_32x32_wpr1/sram_32x32_wpr1_fd45.before_floorplan.svg,True,file,FLOORPLAN_RULES;GDS_GENERATION_FLOW;SRAM_CONFIGURATION,M7_correct_golden_reference,False,DIRECT,Scanned file under outputs.
outputs,outputs/M7_correct_golden_reference/current_supported_config/extracted/full_layout_collection/sram_32x32_wpr1/sram_32x32_wpr1_fd45.complete.gds,True,file,GDS_GENERATION_FLOW;SRAM_CONFIGURATION,M7_correct_golden_reference,False,DIRECT,Scanned file under outputs.
outputs,outputs/M7_correct_golden_reference/current_supported_config/extracted/full_layout_collection/sram_32x32_wpr1/sram_32x32_wpr1_fd45.debug.gds,True,file,GDS_GENERATION_FLOW;SRAM_CONFIGURATION,M7_correct_golden_reference,False,DIRECT,Scanned file under outputs.
outputs,outputs/M7_correct_golden_reference/current_supported_config/extracted/full_layout_collection/sram_32x32_wpr1/sram_32x32_wpr1_fd45.gds,True,file,GDS_GENERATION_FLOW;SRAM_CONFIGURATION,M7_correct_golden_reference,False,DIRECT,Scanned file under outputs.
outputs,outputs/M7_correct_golden_reference/current_supported_config/extracted/full_layout_collection/sram_32x32_wpr1/sram_32x32_wpr1_fd45.integration.gds,True,file,GDS_GENERATION_FLOW;SRAM_CONFIGURATION,M7_correct_golden_reference,False,DIRECT,Scanned file under outputs.
outputs,outputs/M7_correct_golden_reference/current_supported_config/extracted/full_layout_collection/sram_32x32_wpr1/sram_32x32_wpr1_fd45.layout.json,True,file,GDS_GENERATION_FLOW;SRAM_CONFIGURATION,M7_correct_golden_reference,False,DIRECT,Scanned file under outputs.
outputs,outputs/M7_correct_golden_reference/current_supported_config/extracted/full_layout_collection/sram_32x32_wpr1/sram_32x32_wpr1_fd45.lef,True,file,GDS_GENERATION_FLOW;SRAM_CONFIGURATION,M7_correct_golden_reference,False,DIRECT,Scanned file under outputs.
outputs,outputs/M7_correct_golden_reference/current_supported_config/extracted/full_layout_collection/sram_32x32_wpr1/sram_32x32_wpr1_fd45.left_side_compound_whitespace.svg,True,file,GDS_GENERATION_FLOW;SRAM_CONFIGURATION,M7_correct_golden_reference,False,DIRECT,Scanned file under outputs.
outputs,outputs/M7_correct_golden_reference/current_supported_config/extracted/full_layout_collection/sram_32x32_wpr1/sram_32x32_wpr1_fd45.moved_module_arrows.svg,True,file,GDS_GENERATION_FLOW;SRAM_CONFIGURATION,M7_correct_golden_reference,False,DIRECT,Scanned file under outputs.
outputs,outputs/M7_correct_golden_reference/current_supported_config/extracted/full_layout_collection/sram_32x32_wpr1/sram_32x32_wpr1_fd45.occupancy.svg,True,file,GDS_GENERATION_FLOW;SRAM_CONFIGURATION,M7_correct_golden_reference,False,DIRECT,Scanned file under outputs.
outputs,outputs/M7_correct_golden_reference/current_supported_config/extracted/full_layout_collection/sram_32x32_wpr1/sram_32x32_wpr1_fd45.presentation.gds,True,file,GDS_GENERATION_FLOW;SRAM_CONFIGURATION,M7_correct_golden_reference,False,DIRECT,Scanned file under outputs.
outputs,outputs/M7_correct_golden_reference/current_supported_config/extracted/full_layout_collection/sram_32x32_wpr1/sram_32x32_wpr1_fd45.report.json,True,file,GDS_GENERATION_FLOW;SRAM_CONFIGURATION,M7_correct_golden_reference,False,DIRECT,Scanned file under outputs.
outputs,outputs/M7_correct_golden_reference/current_supported_config/extracted/full_layout_collection/sram_32x32_wpr1/sram_32x32_wpr1_fd45.report.md,True,file,GDS_GENERATION_FLOW;SRAM_CONFIGURATION,M7_correct_golden_reference,False,DIRECT,Scanned file under outputs.
outputs,outputs/M7_correct_golden_reference/current_supported_config/extracted/full_layout_collection/sram_32x32_wpr1/sram_32x32_wpr1_fd45.route_guides.gds,True,file,GDS_GENERATION_FLOW;SRAM_CONFIGURATION,M7_correct_golden_reference,False,DIRECT,Scanned file under outputs.
outputs,outputs/M7_correct_golden_reference/current_supported_config/extracted/full_layout_collection/sram_32x32_wpr1/sram_32x32_wpr1_fd45.sp,True,file,GDS_GENERATION_FLOW;SRAM_CONFIGURATION,M7_correct_golden_reference,False,DIRECT,Scanned file under outputs.
outputs,outputs/M7_correct_golden_reference/current_supported_config/extracted/full_layout_collection/sram_32x32_wpr1/sram_32x32_wpr1_fd45.two_zone_repacking.svg,True,file,GDS_GENERATION_FLOW;SRAM_CONFIGURATION,M7_correct_golden_reference,False,DIRECT,Scanned file under outputs.
outputs,outputs/M7_correct_golden_reference/current_supported_config/extracted/full_layout_collection/sram_4x32_wpr1/.run.log,True,file,GDS_GENERATION_FLOW;SRAM_CONFIGURATION,M7_correct_golden_reference,False,DIRECT,Scanned file under outputs.
outputs,outputs/M7_correct_golden_reference/current_supported_config/extracted/full_layout_collection/sram_4x32_wpr1/sram_4x32_wpr1_fd45.accepted_rejected_candidates.svg,True,file,GDS_GENERATION_FLOW;SRAM_CONFIGURATION,M7_correct_golden_reference,False,DIRECT,Scanned file under outputs.
outputs,outputs/M7_correct_golden_reference/current_supported_config/extracted/full_layout_collection/sram_4x32_wpr1/sram_4x32_wpr1_fd45.after_floorplan.svg,True,file,FLOORPLAN_RULES;GDS_GENERATION_FLOW;SRAM_CONFIGURATION,M7_correct_golden_reference,False,DIRECT,Scanned file under outputs.
outputs,outputs/M7_correct_golden_reference/current_supported_config/extracted/full_layout_collection/sram_4x32_wpr1/sram_4x32_wpr1_fd45.architecture.gds,True,file,GDS_GENERATION_FLOW;SRAM_CONFIGURATION,M7_correct_golden_reference,False,DIRECT,Scanned file under outputs.
outputs,outputs/M7_correct_golden_reference/current_supported_config/extracted/full_layout_collection/sram_4x32_wpr1/sram_4x32_wpr1_fd45.architecture.svg,True,file,GDS_GENERATION_FLOW;SRAM_CONFIGURATION,M7_correct_golden_reference,False,DIRECT,Scanned file under outputs.
outputs,outputs/M7_correct_golden_reference/current_supported_config/extracted/full_layout_collection/sram_4x32_wpr1/sram_4x32_wpr1_fd45.before_floorplan.svg,True,file,FLOORPLAN_RULES;GDS_GENERATION_FLOW;SRAM_CONFIGURATION,M7_correct_golden_reference,False,DIRECT,Scanned file under outputs.
outputs,outputs/M7_correct_golden_reference/current_supported_config/extracted/full_layout_collection/sram_4x32_wpr1/sram_4x32_wpr1_fd45.complete.gds,True,file,GDS_GENERATION_FLOW;SRAM_CONFIGURATION,M7_correct_golden_reference,False,DIRECT,Scanned file under outputs.
outputs,outputs/M7_correct_golden_reference/current_supported_config/extracted/full_layout_collection/sram_4x32_wpr1/sram_4x32_wpr1_fd45.debug.gds,True,file,GDS_GENERATION_FLOW;SRAM_CONFIGURATION,M7_correct_golden_reference,False,DIRECT,Scanned file under outputs.
outputs,outputs/M7_correct_golden_reference/current_supported_config/extracted/full_layout_collection/sram_4x32_wpr1/sram_4x32_wpr1_fd45.gds,True,file,GDS_GENERATION_FLOW;SRAM_CONFIGURATION,M7_correct_golden_reference,False,DIRECT,Scanned file under outputs.
outputs,outputs/M7_correct_golden_reference/current_supported_config/extracted/full_layout_collection/sram_4x32_wpr1/sram_4x32_wpr1_fd45.integration.gds,True,file,GDS_GENERATION_FLOW;SRAM_CONFIGURATION,M7_correct_golden_reference,False,DIRECT,Scanned file under outputs.
outputs,outputs/M7_correct_golden_reference/current_supported_config/extracted/full_layout_collection/sram_4x32_wpr1/sram_4x32_wpr1_fd45.layout.json,True,file,GDS_GENERATION_FLOW;SRAM_CONFIGURATION,M7_correct_golden_reference,False,DIRECT,Scanned file under outputs.
outputs,outputs/M7_correct_golden_reference/current_supported_config/extracted/full_layout_collection/sram_4x32_wpr1/sram_4x32_wpr1_fd45.lef,True,file,GDS_GENERATION_FLOW;SRAM_CONFIGURATION,M7_correct_golden_reference,False,DIRECT,Scanned file under outputs.
outputs,outputs/M7_correct_golden_reference/current_supported_config/extracted/full_layout_collection/sram_4x32_wpr1/sram_4x32_wpr1_fd45.left_side_compound_whitespace.svg,True,file,GDS_GENERATION_FLOW;SRAM_CONFIGURATION,M7_correct_golden_reference,False,DIRECT,Scanned file under outputs.
outputs,outputs/M7_correct_golden_reference/current_supported_config/extracted/full_layout_collection/sram_4x32_wpr1/sram_4x32_wpr1_fd45.moved_module_arrows.svg,True,file,GDS_GENERATION_FLOW;SRAM_CONFIGURATION,M7_correct_golden_reference,False,DIRECT,Scanned file under outputs.
outputs,outputs/M7_correct_golden_reference/current_supported_config/extracted/full_layout_collection/sram_4x32_wpr1/sram_4x32_wpr1_fd45.occupancy.svg,True,file,GDS_GENERATION_FLOW;SRAM_CONFIGURATION,M7_correct_golden_reference,False,DIRECT,Scanned file under outputs.
outputs,outputs/M7_correct_golden_reference/current_supported_config/extracted/full_layout_collection/sram_4x32_wpr1/sram_4x32_wpr1_fd45.presentation.gds,True,file,GDS_GENERATION_FLOW;SRAM_CONFIGURATION,M7_correct_golden_reference,False,DIRECT,Scanned file under outputs.
outputs,outputs/M7_correct_golden_reference/current_supported_config/extracted/full_layout_collection/sram_4x32_wpr1/sram_4x32_wpr1_fd45.report.json,True,file,GDS_GENERATION_FLOW;SRAM_CONFIGURATION,M7_correct_golden_reference,False,DIRECT,Scanned file under outputs.
outputs,outputs/M7_correct_golden_reference/current_supported_config/extracted/full_layout_collection/sram_4x32_wpr1/sram_4x32_wpr1_fd45.report.md,True,file,GDS_GENERATION_FLOW;SRAM_CONFIGURATION,M7_correct_golden_reference,False,DIRECT,Scanned file under outputs.
outputs,outputs/M7_correct_golden_reference/current_supported_config/extracted/full_layout_collection/sram_4x32_wpr1/sram_4x32_wpr1_fd45.route_guides.gds,True,file,GDS_GENERATION_FLOW;SRAM_CONFIGURATION,M7_correct_golden_reference,False,DIRECT,Scanned file under outputs.
outputs,outputs/M7_correct_golden_reference/current_supported_config/extracted/full_layout_collection/sram_4x32_wpr1/sram_4x32_wpr1_fd45.sp,True,file,GDS_GENERATION_FLOW;SRAM_CONFIGURATION,M7_correct_golden_reference,False,DIRECT,Scanned file under outputs.
outputs,outputs/M7_correct_golden_reference/current_supported_config/extracted/full_layout_collection/sram_4x32_wpr1/sram_4x32_wpr1_fd45.two_zone_repacking.svg,True,file,GDS_GENERATION_FLOW;SRAM_CONFIGURATION,M7_correct_golden_reference,False,DIRECT,Scanned file under outputs.
outputs,outputs/M7_correct_golden_reference/current_supported_config/extracted/full_layout_collection/sram_4x32_wpr2/.run.log,True,file,GDS_GENERATION_FLOW;SRAM_CONFIGURATION,M7_correct_golden_reference,False,DIRECT,Scanned file under outputs.
outputs,outputs/M7_correct_golden_reference/current_supported_config/extracted/full_layout_collection/sram_4x32_wpr2/sram_4x32_wpr2_fd45.accepted_rejected_candidates.svg,True,file,GDS_GENERATION_FLOW;SRAM_CONFIGURATION,M7_correct_golden_reference,False,DIRECT,Scanned file under outputs.
outputs,outputs/M7_correct_golden_reference/current_supported_config/extracted/full_layout_collection/sram_4x32_wpr2/sram_4x32_wpr2_fd45.after_floorplan.svg,True,file,FLOORPLAN_RULES;GDS_GENERATION_FLOW;SRAM_CONFIGURATION,M7_correct_golden_reference,False,DIRECT,Scanned file under outputs.
outputs,outputs/M7_correct_golden_reference/current_supported_config/extracted/full_layout_collection/sram_4x32_wpr2/sram_4x32_wpr2_fd45.architecture.gds,True,file,GDS_GENERATION_FLOW;SRAM_CONFIGURATION,M7_correct_golden_reference,False,DIRECT,Scanned file under outputs.
outputs,outputs/M7_correct_golden_reference/current_supported_config/extracted/full_layout_collection/sram_4x32_wpr2/sram_4x32_wpr2_fd45.architecture.svg,True,file,GDS_GENERATION_FLOW;SRAM_CONFIGURATION,M7_correct_golden_reference,False,DIRECT,Scanned file under outputs.
outputs,outputs/M7_correct_golden_reference/current_supported_config/extracted/full_layout_collection/sram_4x32_wpr2/sram_4x32_wpr2_fd45.before_floorplan.svg,True,file,FLOORPLAN_RULES;GDS_GENERATION_FLOW;SRAM_CONFIGURATION,M7_correct_golden_reference,False,DIRECT,Scanned file under outputs.
outputs,outputs/M7_correct_golden_reference/current_supported_config/extracted/full_layout_collection/sram_4x32_wpr2/sram_4x32_wpr2_fd45.complete.gds,True,file,GDS_GENERATION_FLOW;SRAM_CONFIGURATION,M7_correct_golden_reference,False,DIRECT,Scanned file under outputs.
outputs,outputs/M7_correct_golden_reference/current_supported_config/extracted/full_layout_collection/sram_4x32_wpr2/sram_4x32_wpr2_fd45.debug.gds,True,file,GDS_GENERATION_FLOW;SRAM_CONFIGURATION,M7_correct_golden_reference,False,DIRECT,Scanned file under outputs.
outputs,outputs/M7_correct_golden_reference/current_supported_config/extracted/full_layout_collection/sram_4x32_wpr2/sram_4x32_wpr2_fd45.gds,True,file,GDS_GENERATION_FLOW;SRAM_CONFIGURATION,M7_correct_golden_reference,False,DIRECT,Scanned file under outputs.
outputs,outputs/M7_correct_golden_reference/current_supported_config/extracted/full_layout_collection/sram_4x32_wpr2/sram_4x32_wpr2_fd45.integration.gds,True,file,GDS_GENERATION_FLOW;SRAM_CONFIGURATION,M7_correct_golden_reference,False,DIRECT,Scanned file under outputs.
outputs,outputs/M7_correct_golden_reference/current_supported_config/extracted/full_layout_collection/sram_4x32_wpr2/sram_4x32_wpr2_fd45.layout.json,True,file,GDS_GENERATION_FLOW;SRAM_CONFIGURATION,M7_correct_golden_reference,False,DIRECT,Scanned file under outputs.
outputs,outputs/M7_correct_golden_reference/current_supported_config/extracted/full_layout_collection/sram_4x32_wpr2/sram_4x32_wpr2_fd45.lef,True,file,GDS_GENERATION_FLOW;SRAM_CONFIGURATION,M7_correct_golden_reference,False,DIRECT,Scanned file under outputs.
outputs,outputs/M7_correct_golden_reference/current_supported_config/extracted/full_layout_collection/sram_4x32_wpr2/sram_4x32_wpr2_fd45.left_side_compound_whitespace.svg,True,file,GDS_GENERATION_FLOW;SRAM_CONFIGURATION,M7_correct_golden_reference,False,DIRECT,Scanned file under outputs.
outputs,outputs/M7_correct_golden_reference/current_supported_config/extracted/full_layout_collection/sram_4x32_wpr2/sram_4x32_wpr2_fd45.moved_module_arrows.svg,True,file,GDS_GENERATION_FLOW;SRAM_CONFIGURATION,M7_correct_golden_reference,False,DIRECT,Scanned file under outputs.
outputs,outputs/M7_correct_golden_reference/current_supported_config/extracted/full_layout_collection/sram_4x32_wpr2/sram_4x32_wpr2_fd45.occupancy.svg,True,file,GDS_GENERATION_FLOW;SRAM_CONFIGURATION,M7_correct_golden_reference,False,DIRECT,Scanned file under outputs.
outputs,outputs/M7_correct_golden_reference/current_supported_config/extracted/full_layout_collection/sram_4x32_wpr2/sram_4x32_wpr2_fd45.presentation.gds,True,file,GDS_GENERATION_FLOW;SRAM_CONFIGURATION,M7_correct_golden_reference,False,DIRECT,Scanned file under outputs.
outputs,outputs/M7_correct_golden_reference/current_supported_config/extracted/full_layout_collection/sram_4x32_wpr2/sram_4x32_wpr2_fd45.report.json,True,file,GDS_GENERATION_FLOW;SRAM_CONFIGURATION,M7_correct_golden_reference,False,DIRECT,Scanned file under outputs.
outputs,outputs/M7_correct_golden_reference/current_supported_config/extracted/full_layout_collection/sram_4x32_wpr2/sram_4x32_wpr2_fd45.report.md,True,file,GDS_GENERATION_FLOW;SRAM_CONFIGURATION,M7_correct_golden_reference,False,DIRECT,Scanned file under outputs.
outputs,outputs/M7_correct_golden_reference/current_supported_config/extracted/full_layout_collection/sram_4x32_wpr2/sram_4x32_wpr2_fd45.route_guides.gds,True,file,GDS_GENERATION_FLOW;SRAM_CONFIGURATION,M7_correct_golden_reference,False,DIRECT,Scanned file under outputs.
outputs,outputs/M7_correct_golden_reference/current_supported_config/extracted/full_layout_collection/sram_4x32_wpr2/sram_4x32_wpr2_fd45.sp,True,file,GDS_GENERATION_FLOW;SRAM_CONFIGURATION,M7_correct_golden_reference,False,DIRECT,Scanned file under outputs.
outputs,outputs/M7_correct_golden_reference/current_supported_config/extracted/full_layout_collection/sram_4x32_wpr2/sram_4x32_wpr2_fd45.two_zone_repacking.svg,True,file,GDS_GENERATION_FLOW;SRAM_CONFIGURATION,M7_correct_golden_reference,False,DIRECT,Scanned file under outputs.
outputs,outputs/M7_correct_golden_reference/current_supported_config/extracted/full_layout_collection/sram_64x64_wpr1/.run.log,True,file,GDS_GENERATION_FLOW;SRAM_CONFIGURATION,M7_correct_golden_reference,False,DIRECT,Scanned file under outputs.
outputs,outputs/M7_correct_golden_reference/current_supported_config/extracted/full_layout_collection/sram_64x64_wpr1/sram_64x64_wpr1_fd45.accepted_rejected_candidates.svg,True,file,GDS_GENERATION_FLOW;SRAM_CONFIGURATION,M7_correct_golden_reference,False,DIRECT,Scanned file under outputs.
outputs,outputs/M7_correct_golden_reference/current_supported_config/extracted/full_layout_collection/sram_64x64_wpr1/sram_64x64_wpr1_fd45.after_floorplan.svg,True,file,FLOORPLAN_RULES;GDS_GENERATION_FLOW;SRAM_CONFIGURATION,M7_correct_golden_reference,False,DIRECT,Scanned file under outputs.
outputs,outputs/M7_correct_golden_reference/current_supported_config/extracted/full_layout_collection/sram_64x64_wpr1/sram_64x64_wpr1_fd45.architecture.gds,True,file,GDS_GENERATION_FLOW;SRAM_CONFIGURATION,M7_correct_golden_reference,False,DIRECT,Scanned file under outputs.
outputs,outputs/M7_correct_golden_reference/current_supported_config/extracted/full_layout_collection/sram_64x64_wpr1/sram_64x64_wpr1_fd45.architecture.svg,True,file,GDS_GENERATION_FLOW;SRAM_CONFIGURATION,M7_correct_golden_reference,False,DIRECT,Scanned file under outputs.
outputs,outputs/M7_correct_golden_reference/current_supported_config/extracted/full_layout_collection/sram_64x64_wpr1/sram_64x64_wpr1_fd45.before_floorplan.svg,True,file,FLOORPLAN_RULES;GDS_GENERATION_FLOW;SRAM_CONFIGURATION,M7_correct_golden_reference,False,DIRECT,Scanned file under outputs.
outputs,outputs/M7_correct_golden_reference/current_supported_config/extracted/full_layout_collection/sram_64x64_wpr1/sram_64x64_wpr1_fd45.complete.gds,True,file,GDS_GENERATION_FLOW;SRAM_CONFIGURATION,M7_correct_golden_reference,False,DIRECT,Scanned file under outputs.
outputs,outputs/M7_correct_golden_reference/current_supported_config/extracted/full_layout_collection/sram_64x64_wpr1/sram_64x64_wpr1_fd45.debug.gds,True,file,GDS_GENERATION_FLOW;SRAM_CONFIGURATION,M7_correct_golden_reference,False,DIRECT,Scanned file under outputs.
outputs,outputs/M7_correct_golden_reference/current_supported_config/extracted/full_layout_collection/sram_64x64_wpr1/sram_64x64_wpr1_fd45.gds,True,file,GDS_GENERATION_FLOW;SRAM_CONFIGURATION,M7_correct_golden_reference,False,DIRECT,Scanned file under outputs.
outputs,outputs/M7_correct_golden_reference/current_supported_config/extracted/full_layout_collection/sram_64x64_wpr1/sram_64x64_wpr1_fd45.integration.gds,True,file,GDS_GENERATION_FLOW;SRAM_CONFIGURATION,M7_correct_golden_reference,False,DIRECT,Scanned file under outputs.
outputs,outputs/M7_correct_golden_reference/current_supported_config/extracted/full_layout_collection/sram_64x64_wpr1/sram_64x64_wpr1_fd45.layout.json,True,file,GDS_GENERATION_FLOW;SRAM_CONFIGURATION,M7_correct_golden_reference,False,DIRECT,Scanned file under outputs.
outputs,outputs/M7_correct_golden_reference/current_supported_config/extracted/full_layout_collection/sram_64x64_wpr1/sram_64x64_wpr1_fd45.lef,True,file,GDS_GENERATION_FLOW;SRAM_CONFIGURATION,M7_correct_golden_reference,False,DIRECT,Scanned file under outputs.
outputs,outputs/M7_correct_golden_reference/current_supported_config/extracted/full_layout_collection/sram_64x64_wpr1/sram_64x64_wpr1_fd45.left_side_compound_whitespace.svg,True,file,GDS_GENERATION_FLOW;SRAM_CONFIGURATION,M7_correct_golden_reference,False,DIRECT,Scanned file under outputs.
outputs,outputs/M7_correct_golden_reference/current_supported_config/extracted/full_layout_collection/sram_64x64_wpr1/sram_64x64_wpr1_fd45.moved_module_arrows.svg,True,file,GDS_GENERATION_FLOW;SRAM_CONFIGURATION,M7_correct_golden_reference,False,DIRECT,Scanned file under outputs.
outputs,outputs/M7_correct_golden_reference/current_supported_config/extracted/full_layout_collection/sram_64x64_wpr1/sram_64x64_wpr1_fd45.occupancy.svg,True,file,GDS_GENERATION_FLOW;SRAM_CONFIGURATION,M7_correct_golden_reference,False,DIRECT,Scanned file under outputs.
outputs,outputs/M7_correct_golden_reference/current_supported_config/extracted/full_layout_collection/sram_64x64_wpr1/sram_64x64_wpr1_fd45.presentation.gds,True,file,GDS_GENERATION_FLOW;SRAM_CONFIGURATION,M7_correct_golden_reference,False,DIRECT,Scanned file under outputs.
outputs,outputs/M7_correct_golden_reference/current_supported_config/extracted/full_layout_collection/sram_64x64_wpr1/sram_64x64_wpr1_fd45.report.json,True,file,GDS_GENERATION_FLOW;SRAM_CONFIGURATION,M7_correct_golden_reference,False,DIRECT,Scanned file under outputs.
outputs,outputs/M7_correct_golden_reference/current_supported_config/extracted/full_layout_collection/sram_64x64_wpr1/sram_64x64_wpr1_fd45.report.md,True,file,GDS_GENERATION_FLOW;SRAM_CONFIGURATION,M7_correct_golden_reference,False,DIRECT,Scanned file under outputs.
outputs,outputs/M7_correct_golden_reference/current_supported_config/extracted/full_layout_collection/sram_64x64_wpr1/sram_64x64_wpr1_fd45.route_guides.gds,True,file,GDS_GENERATION_FLOW;SRAM_CONFIGURATION,M7_correct_golden_reference,False,DIRECT,Scanned file under outputs.
outputs,outputs/M7_correct_golden_reference/current_supported_config/extracted/full_layout_collection/sram_64x64_wpr1/sram_64x64_wpr1_fd45.sp,True,file,GDS_GENERATION_FLOW;SRAM_CONFIGURATION,M7_correct_golden_reference,False,DIRECT,Scanned file under outputs.
outputs,outputs/M7_correct_golden_reference/current_supported_config/extracted/full_layout_collection/sram_64x64_wpr1/sram_64x64_wpr1_fd45.two_zone_repacking.svg,True,file,GDS_GENERATION_FLOW;SRAM_CONFIGURATION,M7_correct_golden_reference,False,DIRECT,Scanned file under outputs.
outputs,outputs/M7_correct_golden_reference/current_supported_config/extracted/full_layout_collection/sram_8x64_wpr4/.run.log,True,file,GDS_GENERATION_FLOW;SRAM_CONFIGURATION,M7_correct_golden_reference,False,DIRECT,Scanned file under outputs.
outputs,outputs/M7_correct_golden_reference/current_supported_config/extracted/full_layout_collection/sram_8x64_wpr4/sram_8x64_wpr4_fd45.accepted_rejected_candidates.svg,True,file,GDS_GENERATION_FLOW;SRAM_CONFIGURATION,M7_correct_golden_reference,False,DIRECT,Scanned file under outputs.
outputs,outputs/M7_correct_golden_reference/current_supported_config/extracted/full_layout_collection/sram_8x64_wpr4/sram_8x64_wpr4_fd45.after_floorplan.svg,True,file,FLOORPLAN_RULES;GDS_GENERATION_FLOW;SRAM_CONFIGURATION,M7_correct_golden_reference,False,DIRECT,Scanned file under outputs.
outputs,outputs/M7_correct_golden_reference/current_supported_config/extracted/full_layout_collection/sram_8x64_wpr4/sram_8x64_wpr4_fd45.architecture.gds,True,file,GDS_GENERATION_FLOW;SRAM_CONFIGURATION,M7_correct_golden_reference,False,DIRECT,Scanned file under outputs.
outputs,outputs/M7_correct_golden_reference/current_supported_config/extracted/full_layout_collection/sram_8x64_wpr4/sram_8x64_wpr4_fd45.architecture.svg,True,file,GDS_GENERATION_FLOW;SRAM_CONFIGURATION,M7_correct_golden_reference,False,DIRECT,Scanned file under outputs.
outputs,outputs/M7_correct_golden_reference/current_supported_config/extracted/full_layout_collection/sram_8x64_wpr4/sram_8x64_wpr4_fd45.before_floorplan.svg,True,file,FLOORPLAN_RULES;GDS_GENERATION_FLOW;SRAM_CONFIGURATION,M7_correct_golden_reference,False,DIRECT,Scanned file under outputs.
outputs,outputs/M7_correct_golden_reference/current_supported_config/extracted/full_layout_collection/sram_8x64_wpr4/sram_8x64_wpr4_fd45.complete.gds,True,file,GDS_GENERATION_FLOW;SRAM_CONFIGURATION,M7_correct_golden_reference,False,DIRECT,Scanned file under outputs.
outputs,outputs/M7_correct_golden_reference/current_supported_config/extracted/full_layout_collection/sram_8x64_wpr4/sram_8x64_wpr4_fd45.debug.gds,True,file,GDS_GENERATION_FLOW;SRAM_CONFIGURATION,M7_correct_golden_reference,False,DIRECT,Scanned file under outputs.
outputs,outputs/M7_correct_golden_reference/current_supported_config/extracted/full_layout_collection/sram_8x64_wpr4/sram_8x64_wpr4_fd45.gds,True,file,GDS_GENERATION_FLOW;SRAM_CONFIGURATION,M7_correct_golden_reference,False,DIRECT,Scanned file under outputs.
outputs,outputs/M7_correct_golden_reference/current_supported_config/extracted/full_layout_collection/sram_8x64_wpr4/sram_8x64_wpr4_fd45.integration.gds,True,file,GDS_GENERATION_FLOW;SRAM_CONFIGURATION,M7_correct_golden_reference,False,DIRECT,Scanned file under outputs.
outputs,outputs/M7_correct_golden_reference/current_supported_config/extracted/full_layout_collection/sram_8x64_wpr4/sram_8x64_wpr4_fd45.layout.json,True,file,GDS_GENERATION_FLOW;SRAM_CONFIGURATION,M7_correct_golden_reference,False,DIRECT,Scanned file under outputs.
outputs,outputs/M7_correct_golden_reference/current_supported_config/extracted/full_layout_collection/sram_8x64_wpr4/sram_8x64_wpr4_fd45.lef,True,file,GDS_GENERATION_FLOW;SRAM_CONFIGURATION,M7_correct_golden_reference,False,DIRECT,Scanned file under outputs.
outputs,outputs/M7_correct_golden_reference/current_supported_config/extracted/full_layout_collection/sram_8x64_wpr4/sram_8x64_wpr4_fd45.left_side_compound_whitespace.svg,True,file,GDS_GENERATION_FLOW;SRAM_CONFIGURATION,M7_correct_golden_reference,False,DIRECT,Scanned file under outputs.
outputs,outputs/M7_correct_golden_reference/current_supported_config/extracted/full_layout_collection/sram_8x64_wpr4/sram_8x64_wpr4_fd45.moved_module_arrows.svg,True,file,GDS_GENERATION_FLOW;SRAM_CONFIGURATION,M7_correct_golden_reference,False,DIRECT,Scanned file under outputs.
outputs,outputs/M7_correct_golden_reference/current_supported_config/extracted/full_layout_collection/sram_8x64_wpr4/sram_8x64_wpr4_fd45.occupancy.svg,True,file,GDS_GENERATION_FLOW;SRAM_CONFIGURATION,M7_correct_golden_reference,False,DIRECT,Scanned file under outputs.
outputs,outputs/M7_correct_golden_reference/current_supported_config/extracted/full_layout_collection/sram_8x64_wpr4/sram_8x64_wpr4_fd45.presentation.gds,True,file,GDS_GENERATION_FLOW;SRAM_CONFIGURATION,M7_correct_golden_reference,False,DIRECT,Scanned file under outputs.
outputs,outputs/M7_correct_golden_reference/current_supported_config/extracted/full_layout_collection/sram_8x64_wpr4/sram_8x64_wpr4_fd45.report.json,True,file,GDS_GENERATION_FLOW;SRAM_CONFIGURATION,M7_correct_golden_reference,False,DIRECT,Scanned file under outputs.
outputs,outputs/M7_correct_golden_reference/current_supported_config/extracted/full_layout_collection/sram_8x64_wpr4/sram_8x64_wpr4_fd45.report.md,True,file,GDS_GENERATION_FLOW;SRAM_CONFIGURATION,M7_correct_golden_reference,False,DIRECT,Scanned file under outputs.
outputs,outputs/M7_correct_golden_reference/current_supported_config/extracted/full_layout_collection/sram_8x64_wpr4/sram_8x64_wpr4_fd45.route_guides.gds,True,file,GDS_GENERATION_FLOW;SRAM_CONFIGURATION,M7_correct_golden_reference,False,DIRECT,Scanned file under outputs.
outputs,outputs/M7_correct_golden_reference/current_supported_config/extracted/full_layout_collection/sram_8x64_wpr4/sram_8x64_wpr4_fd45.sp,True,file,GDS_GENERATION_FLOW;SRAM_CONFIGURATION,M7_correct_golden_reference,False,DIRECT,Scanned file under outputs.
outputs,outputs/M7_correct_golden_reference/current_supported_config/extracted/full_layout_collection/sram_8x64_wpr4/sram_8x64_wpr4_fd45.two_zone_repacking.svg,True,file,GDS_GENERATION_FLOW;SRAM_CONFIGURATION,M7_correct_golden_reference,False,DIRECT,Scanned file under outputs.
outputs,outputs/M7_correct_golden_reference/current_supported_config/golden_reference.gds,True,file,GDS_GENERATION_FLOW;SRAM_CONFIGURATION,M7_correct_golden_reference,False,DIRECT,Scanned file under outputs.
outputs,outputs/M7_correct_golden_reference/current_supported_config/golden_reference_clean_review.gds,True,file,GDS_GENERATION_FLOW;SRAM_CONFIGURATION;VERIFICATION_AND_TRACE,M7_correct_golden_reference,False,DIRECT,Scanned file under outputs.
outputs,outputs/M7_correct_golden_reference/current_supported_config/review_gds_manifest.json,True,file,GDS_GENERATION_FLOW;SRAM_CONFIGURATION;VERIFICATION_AND_TRACE,M7_correct_golden_reference,False,DIRECT,Scanned file under outputs.
outputs,outputs/M7_correct_golden_reference/current_supported_config/review_gds_manifest.md,True,file,GDS_GENERATION_FLOW;SRAM_CONFIGURATION;VERIFICATION_AND_TRACE,M7_correct_golden_reference,False,DIRECT,Scanned file under outputs.
outputs,outputs/M8RC_confirm_reproducible_golden_flow/current_supported_config/review_gds_manifest.md,True,file,SRAM_CONFIGURATION;VERIFICATION_AND_TRACE,M8RC_confirm_reproducible_golden_flow,False,DIRECT,Scanned file under outputs.
outputs,outputs/M8R_fix_golden_geometry_delta/current_supported_config/M8R_fixed_reproduction_report.json,True,file,SRAM_CONFIGURATION,M8R_fix_golden_geometry_delta;M8R_fixed_reproduction_report.json,False,DIRECT,Scanned file under outputs.
outputs,outputs/M8R_fix_golden_geometry_delta/current_supported_config/M8R_fixed_reproduction_report.md,True,file,SRAM_CONFIGURATION,M8R_fix_golden_geometry_delta;M8R_fixed_reproduction_report.md,False,DIRECT,Scanned file under outputs.
outputs,outputs/M8R_fix_golden_geometry_delta/current_supported_config/M8R_generation_output_selection_report.json,True,file,SRAM_CONFIGURATION,M8R_fix_golden_geometry_delta;M8R_generation_output_selection_report.json,False,DIRECT,Scanned file under outputs.
outputs,outputs/M8R_fix_golden_geometry_delta/current_supported_config/M8R_generation_output_selection_report.md,True,file,SRAM_CONFIGURATION,M8R_fix_golden_geometry_delta;M8R_generation_output_selection_report.md,False,DIRECT,Scanned file under outputs.
outputs,outputs/M8R_fix_golden_geometry_delta/current_supported_config/M8R_layer_delta_report.json,True,file,SRAM_CONFIGURATION,M8R_fix_golden_geometry_delta;M8R_layer_delta_report.json,False,DIRECT,Scanned file under outputs.
outputs,outputs/M8R_fix_golden_geometry_delta/current_supported_config/M8R_layer_delta_report.md,True,file,SRAM_CONFIGURATION,M8R_fix_golden_geometry_delta;M8R_layer_delta_report.md,False,DIRECT,Scanned file under outputs.
outputs,outputs/M8R_fix_golden_geometry_delta/current_supported_config/M8R_missing_geometry_delta_report.json,True,file,SRAM_CONFIGURATION,M8R_fix_golden_geometry_delta;M8R_missing_geometry_delta_report.json,False,DIRECT,Scanned file under outputs.
outputs,outputs/M8R_fix_golden_geometry_delta/current_supported_config/M8R_missing_geometry_delta_report.md,True,file,SRAM_CONFIGURATION,M8R_fix_golden_geometry_delta;M8R_missing_geometry_delta_report.md,False,DIRECT,Scanned file under outputs.
outputs,outputs/M8R_fix_golden_geometry_delta/current_supported_config/M8R_raw_gds_candidate_comparison.csv,True,file,SRAM_CONFIGURATION,M8R_fix_golden_geometry_delta;M8R_raw_gds_candidate_comparison.csv,False,DIRECT,Scanned file under outputs.
outputs,outputs/M8R_fix_golden_geometry_delta/current_supported_config/M8R_raw_gds_candidate_comparison.json,True,file,SRAM_CONFIGURATION,M8R_fix_golden_geometry_delta;M8R_raw_gds_candidate_comparison.json,False,DIRECT,Scanned file under outputs.
outputs,outputs/M8R_fix_golden_geometry_delta/current_supported_config/M8R_raw_gds_candidate_comparison.md,True,file,SRAM_CONFIGURATION,M8R_fix_golden_geometry_delta;M8R_raw_gds_candidate_comparison.md,False,DIRECT,Scanned file under outputs.
outputs,outputs/M8R_fix_golden_geometry_delta/current_supported_config/extra_in_m8_delta.gds,True,file,SRAM_CONFIGURATION,M8R_fix_golden_geometry_delta,False,DIRECT,Scanned file under outputs.
outputs,outputs/M8R_fix_golden_geometry_delta/current_supported_config/golden_reference_copy_for_comparison.gds,True,file,GDS_GENERATION_FLOW;SRAM_CONFIGURATION,M8R_fix_golden_geometry_delta,False,DIRECT,Scanned file under outputs.
outputs,outputs/M8R_fix_golden_geometry_delta/current_supported_config/m8_original_reproduced_copy.gds,True,file,SRAM_CONFIGURATION,M8R_fix_golden_geometry_delta,False,DIRECT,Scanned file under outputs.
outputs,outputs/M8R_fix_golden_geometry_delta/current_supported_config/m8r_reproduced_fixed.gds,True,file,GDS_GENERATION_FLOW;SRAM_CONFIGURATION,M8R_fix_golden_geometry_delta,False,DIRECT,Scanned file under outputs.
outputs,outputs/M8R_fix_golden_geometry_delta/current_supported_config/m8r_reproduced_fixed_clean_review.gds,True,file,GDS_GENERATION_FLOW;SRAM_CONFIGURATION;VERIFICATION_AND_TRACE,M8R_fix_golden_geometry_delta,False,DIRECT,Scanned file under outputs.
outputs,outputs/M8R_fix_golden_geometry_delta/current_supported_config/missing_in_m8_delta.gds,True,file,SRAM_CONFIGURATION,M8R_fix_golden_geometry_delta,False,DIRECT,Scanned file under outputs.
outputs,outputs/M8R_fix_golden_geometry_delta/current_supported_config/review_gds_manifest.json,True,file,SRAM_CONFIGURATION;VERIFICATION_AND_TRACE,M8R_fix_golden_geometry_delta,False,DIRECT,Scanned file under outputs.
outputs,outputs/M8R_fix_golden_geometry_delta/current_supported_config/review_gds_manifest.md,True,file,SRAM_CONFIGURATION;VERIFICATION_AND_TRACE,M8R_fix_golden_geometry_delta,False,DIRECT,Scanned file under outputs.
outputs,outputs/M8_reproduce_uploaded_golden/current_supported_config/M8_column_mux_real_check.json,True,file,SRAM_CONFIGURATION,M8_reproduce_uploaded_golden;M8_column_mux_real_check.json,False,DIRECT,Scanned file under outputs.
outputs,outputs/M8_reproduce_uploaded_golden/current_supported_config/M8_column_mux_real_check.md,True,file,SRAM_CONFIGURATION,M8_reproduce_uploaded_golden;M8_column_mux_real_check.md,False,DIRECT,Scanned file under outputs.
outputs,outputs/M8_reproduce_uploaded_golden/current_supported_config/M8_generation_entry_trace.json,True,file,SRAM_CONFIGURATION;VERIFICATION_AND_TRACE,M8_reproduce_uploaded_golden;M8_generation_entry_trace.json,False,DIRECT,Scanned file under outputs.
outputs,outputs/M8_reproduce_uploaded_golden/current_supported_config/M8_generation_entry_trace.md,True,file,SRAM_CONFIGURATION;VERIFICATION_AND_TRACE,M8_reproduce_uploaded_golden;M8_generation_entry_trace.md,False,DIRECT,Scanned file under outputs.
outputs,outputs/M8_reproduce_uploaded_golden/current_supported_config/M8_power_rail_overlap_real_check.json,True,file,POWER_PLAN;SRAM_CONFIGURATION,M8_reproduce_uploaded_golden;M8_power_rail_overlap_real_check.json,False,DIRECT,Scanned file under outputs.
outputs,outputs/M8_reproduce_uploaded_golden/current_supported_config/M8_power_rail_overlap_real_check.md,True,file,POWER_PLAN;SRAM_CONFIGURATION,M8_reproduce_uploaded_golden;M8_power_rail_overlap_real_check.md,False,DIRECT,Scanned file under outputs.
outputs,outputs/M8_reproduce_uploaded_golden/current_supported_config/M8_reference_geometry_diff_report.json,True,file,SRAM_CONFIGURATION;VERIFICATION_AND_TRACE,M8_reproduce_uploaded_golden;M8_reference_geometry_diff_report.json,False,DIRECT,Scanned file under outputs.
outputs,outputs/M8_reproduce_uploaded_golden/current_supported_config/M8_reference_geometry_diff_report.md,True,file,SRAM_CONFIGURATION;VERIFICATION_AND_TRACE,M8_reproduce_uploaded_golden;M8_reference_geometry_diff_report.md,False,DIRECT,Scanned file under outputs.
outputs,outputs/M8_reproduce_uploaded_golden/current_supported_config/M8_reproduction_status_report.json,True,file,SRAM_CONFIGURATION,M8_reproduce_uploaded_golden;M8_reproduction_status_report.json,False,DIRECT,Scanned file under outputs.
outputs,outputs/M8_reproduce_uploaded_golden/current_supported_config/M8_reproduction_status_report.md,True,file,SRAM_CONFIGURATION,M8_reproduce_uploaded_golden;M8_reproduction_status_report.md,False,DIRECT,Scanned file under outputs.
outputs,outputs/M8_reproduce_uploaded_golden/current_supported_config/SRAM_SPEC.json,True,file,SRAM_CONFIGURATION,M8_reproduce_uploaded_golden,False,DIRECT,Scanned file under outputs.
outputs,outputs/M8_reproduce_uploaded_golden/current_supported_config/SRAM_SPEC.md,True,file,SRAM_CONFIGURATION,M8_reproduce_uploaded_golden,False,DIRECT,Scanned file under outputs.
outputs,outputs/M8_reproduce_uploaded_golden/current_supported_config/_raw_generation/sram_8x64_wpr4_fd45.architecture.gds,True,file,SRAM_CONFIGURATION,M8_reproduce_uploaded_golden,False,DIRECT,Scanned file under outputs.
outputs,outputs/M8_reproduce_uploaded_golden/current_supported_config/_raw_generation/sram_8x64_wpr4_fd45.architecture.svg,True,file,SRAM_CONFIGURATION,M8_reproduce_uploaded_golden,False,DIRECT,Scanned file under outputs.
outputs,outputs/M8_reproduce_uploaded_golden/current_supported_config/_raw_generation/sram_8x64_wpr4_fd45.complete.gds,True,file,SRAM_CONFIGURATION,M8_reproduce_uploaded_golden,False,DIRECT,Scanned file under outputs.
outputs,outputs/M8_reproduce_uploaded_golden/current_supported_config/_raw_generation/sram_8x64_wpr4_fd45.debug.gds,True,file,SRAM_CONFIGURATION,M8_reproduce_uploaded_golden,False,DIRECT,Scanned file under outputs.
outputs,outputs/M8_reproduce_uploaded_golden/current_supported_config/_raw_generation/sram_8x64_wpr4_fd45.gds,True,file,SRAM_CONFIGURATION,M8_reproduce_uploaded_golden,False,DIRECT,Scanned file under outputs.
outputs,outputs/M8_reproduce_uploaded_golden/current_supported_config/_raw_generation/sram_8x64_wpr4_fd45.integration.gds,True,file,SRAM_CONFIGURATION,M8_reproduce_uploaded_golden,False,DIRECT,Scanned file under outputs.
outputs,outputs/M8_reproduce_uploaded_golden/current_supported_config/_raw_generation/sram_8x64_wpr4_fd45.layout.json,True,file,SRAM_CONFIGURATION,M8_reproduce_uploaded_golden,False,DIRECT,Scanned file under outputs.
outputs,outputs/M8_reproduce_uploaded_golden/current_supported_config/_raw_generation/sram_8x64_wpr4_fd45.lef,True,file,SRAM_CONFIGURATION,M8_reproduce_uploaded_golden,False,DIRECT,Scanned file under outputs.
outputs,outputs/M8_reproduce_uploaded_golden/current_supported_config/_raw_generation/sram_8x64_wpr4_fd45.occupancy.svg,True,file,SRAM_CONFIGURATION,M8_reproduce_uploaded_golden,False,DIRECT,Scanned file under outputs.
outputs,outputs/M8_reproduce_uploaded_golden/current_supported_config/_raw_generation/sram_8x64_wpr4_fd45.presentation.gds,True,file,SRAM_CONFIGURATION,M8_reproduce_uploaded_golden,False,DIRECT,Scanned file under outputs.
outputs,outputs/M8_reproduce_uploaded_golden/current_supported_config/_raw_generation/sram_8x64_wpr4_fd45.report.json,True,file,SRAM_CONFIGURATION,M8_reproduce_uploaded_golden,False,DIRECT,Scanned file under outputs.
outputs,outputs/M8_reproduce_uploaded_golden/current_supported_config/_raw_generation/sram_8x64_wpr4_fd45.report.md,True,file,SRAM_CONFIGURATION,M8_reproduce_uploaded_golden,False,DIRECT,Scanned file under outputs.
outputs,outputs/M8_reproduce_uploaded_golden/current_supported_config/_raw_generation/sram_8x64_wpr4_fd45.route_guides.gds,True,file,SRAM_CONFIGURATION,M8_reproduce_uploaded_golden,False,DIRECT,Scanned file under outputs.
outputs,outputs/M8_reproduce_uploaded_golden/current_supported_config/_raw_generation/sram_8x64_wpr4_fd45.sp,True,file,SRAM_CONFIGURATION,M8_reproduce_uploaded_golden,False,DIRECT,Scanned file under outputs.
outputs,outputs/M8_reproduce_uploaded_golden/current_supported_config/golden_reference_clean_review_reference.gds,True,file,GDS_GENERATION_FLOW;SRAM_CONFIGURATION;VERIFICATION_AND_TRACE,M8_reproduce_uploaded_golden,False,DIRECT,Scanned file under outputs.
outputs,outputs/M8_reproduce_uploaded_golden/current_supported_config/golden_reference_copy_for_comparison.gds,True,file,GDS_GENERATION_FLOW;SRAM_CONFIGURATION,M8_reproduce_uploaded_golden,False,DIRECT,Scanned file under outputs.
outputs,outputs/M8_reproduce_uploaded_golden/current_supported_config/layoutgen_reproduced_from_uploaded_golden.gds,True,file,SRAM_CONFIGURATION,M8_reproduce_uploaded_golden,False,DIRECT,Scanned file under outputs.
outputs,outputs/M8_reproduce_uploaded_golden/current_supported_config/layoutgen_reproduced_from_uploaded_golden_clean_review.gds,True,file,SRAM_CONFIGURATION;VERIFICATION_AND_TRACE,M8_reproduce_uploaded_golden,False,DIRECT,Scanned file under outputs.
outputs,outputs/M8_reproduce_uploaded_golden/current_supported_config/layoutgen_reproduced_from_uploaded_golden_spec_annotated.gds,True,file,SRAM_CONFIGURATION,M8_reproduce_uploaded_golden,False,DIRECT,Scanned file under outputs.
outputs,outputs/M8_reproduce_uploaded_golden/current_supported_config/review_gds_manifest.json,True,file,SRAM_CONFIGURATION;VERIFICATION_AND_TRACE,M8_reproduce_uploaded_golden,False,DIRECT,Scanned file under outputs.
outputs,outputs/M8_reproduce_uploaded_golden/current_supported_config/review_gds_manifest.md,True,file,SRAM_CONFIGURATION;VERIFICATION_AND_TRACE,M8_reproduce_uploaded_golden,False,DIRECT,Scanned file under outputs.
outputs,outputs/M8_reproduce_uploaded_golden/current_supported_config/sram_8x64_wpr4_fd45.layout.json,True,file,SRAM_CONFIGURATION,M8_reproduce_uploaded_golden,False,DIRECT,Scanned file under outputs.
outputs,outputs/M9_openyield_netlist_translator/current_supported_config/M9_SRAM_SPEC.json,True,file,SRAM_CONFIGURATION,M9_openyield_netlist_translator;M9_SRAM_SPEC.json,False,DIRECT,Scanned file under outputs.
outputs,outputs/M9_openyield_netlist_translator/current_supported_config/M9_SRAM_SPEC.md,True,file,SRAM_CONFIGURATION,M9_openyield_netlist_translator;M9_SRAM_SPEC.md,False,DIRECT,Scanned file under outputs.
outputs,outputs/M9_openyield_netlist_translator/current_supported_config/M9_module_binding_matrix.csv,True,file,NETLIST_SEMANTICS;SRAM_CONFIGURATION,M9_openyield_netlist_translator;M9_module_binding_matrix.csv,False,DIRECT,Scanned file under outputs.
outputs,outputs/M9_openyield_netlist_translator/current_supported_config/M9_module_binding_matrix.json,True,file,NETLIST_SEMANTICS;SRAM_CONFIGURATION,M9_openyield_netlist_translator;M9_module_binding_matrix.json,False,DIRECT,Scanned file under outputs.
outputs,outputs/M9_openyield_netlist_translator/current_supported_config/M9_module_binding_matrix.md,True,file,NETLIST_SEMANTICS;SRAM_CONFIGURATION,M9_openyield_netlist_translator;M9_module_binding_matrix.md,False,DIRECT,Scanned file under outputs.
outputs,outputs/M9_openyield_netlist_translator/current_supported_config/M9_net_binding_matrix.csv,True,file,NETLIST_SEMANTICS;ROUTING_RULES;SRAM_CONFIGURATION,M9_openyield_netlist_translator;M9_net_binding_matrix.csv,False,DIRECT,Scanned file under outputs.
outputs,outputs/M9_openyield_netlist_translator/current_supported_config/M9_net_binding_matrix.json,True,file,NETLIST_SEMANTICS;ROUTING_RULES;SRAM_CONFIGURATION,M9_openyield_netlist_translator;M9_net_binding_matrix.json,False,DIRECT,Scanned file under outputs.
outputs,outputs/M9_openyield_netlist_translator/current_supported_config/M9_net_binding_matrix.md,True,file,NETLIST_SEMANTICS;ROUTING_RULES;SRAM_CONFIGURATION,M9_openyield_netlist_translator;M9_net_binding_matrix.md,False,DIRECT,Scanned file under outputs.
outputs,outputs/M9_openyield_netlist_translator/current_supported_config/M9_netlist_to_layout_trace.json,True,file,SRAM_CONFIGURATION;VERIFICATION_AND_TRACE,M9_openyield_netlist_translator;M9_netlist_to_layout_trace.json,False,DIRECT,Scanned file under outputs.
outputs,outputs/M9_openyield_netlist_translator/current_supported_config/M9_netlist_to_layout_trace.md,True,file,SRAM_CONFIGURATION;VERIFICATION_AND_TRACE,M9_openyield_netlist_translator;M9_netlist_to_layout_trace.md,False,DIRECT,Scanned file under outputs.
outputs,outputs/M9_openyield_netlist_translator/current_supported_config/M9_placement_routing_power_intent.json,True,file,PLACEMENT_RULES;POWER_PLAN;ROUTING_RULES;SRAM_CONFIGURATION,M9_openyield_netlist_translator;M9_placement_routing_power_intent.json,False,DIRECT,Scanned file under outputs.
outputs,outputs/M9_openyield_netlist_translator/current_supported_config/M9_placement_routing_power_intent.md,True,file,PLACEMENT_RULES;POWER_PLAN;ROUTING_RULES;SRAM_CONFIGURATION,M9_openyield_netlist_translator;M9_placement_routing_power_intent.md,False,DIRECT,Scanned file under outputs.
outputs,outputs/M9_openyield_netlist_translator/current_supported_config/M9_translator_run_report.json,True,file,SRAM_CONFIGURATION,M9_openyield_netlist_translator;M9_translator_run_report.json,False,DIRECT,Scanned file under outputs.
outputs,outputs/M9_openyield_netlist_translator/current_supported_config/M9_translator_run_report.md,True,file,SRAM_CONFIGURATION,M9_openyield_netlist_translator;M9_translator_run_report.md,False,DIRECT,Scanned file under outputs.
outputs,outputs/M9_openyield_netlist_translator/current_supported_config/_raw_generation/openyield_netlist_translated_sram.architecture.gds,True,file,GDS_GENERATION_FLOW;SRAM_CONFIGURATION,M9_openyield_netlist_translator,False,DIRECT,Scanned file under outputs.
outputs,outputs/M9_openyield_netlist_translator/current_supported_config/_raw_generation/openyield_netlist_translated_sram.architecture.svg,True,file,GDS_GENERATION_FLOW;SRAM_CONFIGURATION,M9_openyield_netlist_translator,False,DIRECT,Scanned file under outputs.
outputs,outputs/M9_openyield_netlist_translator/current_supported_config/_raw_generation/openyield_netlist_translated_sram.complete.gds,True,file,GDS_GENERATION_FLOW;SRAM_CONFIGURATION,M9_openyield_netlist_translator,False,DIRECT,Scanned file under outputs.
outputs,outputs/M9_openyield_netlist_translator/current_supported_config/_raw_generation/openyield_netlist_translated_sram.debug.gds,True,file,GDS_GENERATION_FLOW;SRAM_CONFIGURATION,M9_openyield_netlist_translator,False,DIRECT,Scanned file under outputs.
outputs,outputs/M9_openyield_netlist_translator/current_supported_config/_raw_generation/openyield_netlist_translated_sram.gds,True,file,GDS_GENERATION_FLOW;SRAM_CONFIGURATION,M9_openyield_netlist_translator,False,DIRECT,Scanned file under outputs.
outputs,outputs/M9_openyield_netlist_translator/current_supported_config/_raw_generation/openyield_netlist_translated_sram.integration.gds,True,file,GDS_GENERATION_FLOW;SRAM_CONFIGURATION,M9_openyield_netlist_translator,False,DIRECT,Scanned file under outputs.
outputs,outputs/M9_openyield_netlist_translator/current_supported_config/_raw_generation/openyield_netlist_translated_sram.layout.json,True,file,GDS_GENERATION_FLOW;SRAM_CONFIGURATION,M9_openyield_netlist_translator,False,DIRECT,Scanned file under outputs.
outputs,outputs/M9_openyield_netlist_translator/current_supported_config/_raw_generation/openyield_netlist_translated_sram.lef,True,file,GDS_GENERATION_FLOW;SRAM_CONFIGURATION,M9_openyield_netlist_translator,False,DIRECT,Scanned file under outputs.
outputs,outputs/M9_openyield_netlist_translator/current_supported_config/_raw_generation/openyield_netlist_translated_sram.occupancy.svg,True,file,GDS_GENERATION_FLOW;SRAM_CONFIGURATION,M9_openyield_netlist_translator,False,DIRECT,Scanned file under outputs.
outputs,outputs/M9_openyield_netlist_translator/current_supported_config/_raw_generation/openyield_netlist_translated_sram.presentation.gds,True,file,GDS_GENERATION_FLOW;SRAM_CONFIGURATION,M9_openyield_netlist_translator,False,DIRECT,Scanned file under outputs.
outputs,outputs/M9_openyield_netlist_translator/current_supported_config/_raw_generation/openyield_netlist_translated_sram.report.json,True,file,GDS_GENERATION_FLOW;SRAM_CONFIGURATION,M9_openyield_netlist_translator,False,DIRECT,Scanned file under outputs.
outputs,outputs/M9_openyield_netlist_translator/current_supported_config/_raw_generation/openyield_netlist_translated_sram.report.md,True,file,GDS_GENERATION_FLOW;SRAM_CONFIGURATION,M9_openyield_netlist_translator,False,DIRECT,Scanned file under outputs.
outputs,outputs/M9_openyield_netlist_translator/current_supported_config/_raw_generation/openyield_netlist_translated_sram.route_guides.gds,True,file,GDS_GENERATION_FLOW;SRAM_CONFIGURATION,M9_openyield_netlist_translator,False,DIRECT,Scanned file under outputs.
outputs,outputs/M9_openyield_netlist_translator/current_supported_config/_raw_generation/openyield_netlist_translated_sram.sp,True,file,GDS_GENERATION_FLOW;SRAM_CONFIGURATION,M9_openyield_netlist_translator,False,DIRECT,Scanned file under outputs.
outputs,outputs/M9_openyield_netlist_translator/current_supported_config/openyield_netlist_translated_sram.gds,True,file,GDS_GENERATION_FLOW;SRAM_CONFIGURATION,M9_openyield_netlist_translator,False,DIRECT,Scanned file under outputs.
outputs,outputs/M9_openyield_netlist_translator/current_supported_config/openyield_netlist_translated_sram_annotated_debug.gds,True,file,GDS_GENERATION_FLOW;SRAM_CONFIGURATION,M9_openyield_netlist_translator,False,DIRECT,Scanned file under outputs.
outputs,outputs/M9_openyield_netlist_translator/current_supported_config/openyield_netlist_translated_sram_clean_review.gds,True,file,GDS_GENERATION_FLOW;SRAM_CONFIGURATION;VERIFICATION_AND_TRACE,M9_openyield_netlist_translator,False,DIRECT,Scanned file under outputs.
outputs,outputs/M9_openyield_netlist_translator/current_supported_config/review_gds_manifest.json,True,file,SRAM_CONFIGURATION;VERIFICATION_AND_TRACE,M9_openyield_netlist_translator,False,DIRECT,Scanned file under outputs.
outputs,outputs/M9_openyield_netlist_translator/current_supported_config/review_gds_manifest.md,True,file,SRAM_CONFIGURATION;VERIFICATION_AND_TRACE,M9_openyield_netlist_translator,False,DIRECT,Scanned file under outputs.
outputs,outputs/T1_clean_m5_review/current_supported_config/clean_gds_report.json,True,file,SRAM_CONFIGURATION;VERIFICATION_AND_TRACE,,False,DIRECT,Scanned file under outputs.
outputs,outputs/T1_clean_m5_review/current_supported_config/clean_gds_report.md,True,file,SRAM_CONFIGURATION;VERIFICATION_AND_TRACE,,False,DIRECT,Scanned file under outputs.
outputs,outputs/T1_clean_m5_review/current_supported_config/openyield_layoutgen_integrated_sram_annotated_debug.gds,True,file,SRAM_CONFIGURATION;VERIFICATION_AND_TRACE,,False,DIRECT,Scanned file under outputs.
outputs,outputs/T1_clean_m5_review/current_supported_config/openyield_layoutgen_integrated_sram_clean_review.gds,True,file,SRAM_CONFIGURATION;VERIFICATION_AND_TRACE,,False,DIRECT,Scanned file under outputs.
outputs,outputs/T1_clean_m5_review/current_supported_config/removed_annotation_inventory.csv,True,file,SRAM_CONFIGURATION;VERIFICATION_AND_TRACE,,False,DIRECT,Scanned file under outputs.
outputs,outputs/T1_clean_m5_review/current_supported_config/removed_annotation_inventory.md,True,file,SRAM_CONFIGURATION;VERIFICATION_AND_TRACE,,False,DIRECT,Scanned file under outputs.
outputs,outputs/T1_clean_m5_review/current_supported_config/review_gds_manifest.json,True,file,SRAM_CONFIGURATION;VERIFICATION_AND_TRACE,,False,DIRECT,Scanned file under outputs.
outputs,outputs/T1_clean_m5_review/current_supported_config/review_gds_manifest.md,True,file,SRAM_CONFIGURATION;VERIFICATION_AND_TRACE,,False,DIRECT,Scanned file under outputs.
outputs,outputs/T1_openyield_file_inventory/current_supported_config/openyield_file_tree.md,True,file,SRAM_CONFIGURATION,,False,DIRECT,Scanned file under outputs.
outputs,outputs/T1_openyield_file_inventory/current_supported_config/openyield_file_tree.txt,True,file,SRAM_CONFIGURATION,,False,DIRECT,Scanned file under outputs.
outputs,outputs/T1_openyield_file_inventory/current_supported_config/openyield_full_file_inventory.csv,True,file,SRAM_CONFIGURATION,,False,DIRECT,Scanned file under outputs.
outputs,outputs/T1_openyield_file_inventory/current_supported_config/openyield_full_file_inventory.json,True,file,SRAM_CONFIGURATION,,False,DIRECT,Scanned file under outputs.
outputs,outputs/T1_openyield_file_inventory/current_supported_config/openyield_full_file_inventory.md,True,file,SRAM_CONFIGURATION,,False,DIRECT,Scanned file under outputs.
outputs,outputs/T1_openyield_file_inventory/current_supported_config/openyield_key_entrypoints_report.json,True,file,SRAM_CONFIGURATION,,False,DIRECT,Scanned file under outputs.
outputs,outputs/T1_openyield_file_inventory/current_supported_config/openyield_key_entrypoints_report.md,True,file,SRAM_CONFIGURATION,,False,DIRECT,Scanned file under outputs.
outputs,outputs/T1_openyield_file_inventory/current_supported_config/openyield_layoutgen_integration_relevance_matrix.csv,True,file,SRAM_CONFIGURATION,,False,DIRECT,Scanned file under outputs.
outputs,outputs/T1_openyield_file_inventory/current_supported_config/openyield_layoutgen_integration_relevance_matrix.md,True,file,SRAM_CONFIGURATION,,False,DIRECT,Scanned file under outputs.
outputs,outputs/T1_openyield_file_inventory/current_supported_config/openyield_netlist_layout_relevance_report.json,True,file,SRAM_CONFIGURATION,,False,DIRECT,Scanned file under outputs.
outputs,outputs/T1_openyield_file_inventory/current_supported_config/openyield_netlist_layout_relevance_report.md,True,file,SRAM_CONFIGURATION,,False,DIRECT,Scanned file under outputs.
outputs,outputs/T1_openyield_file_inventory/current_supported_config/openyield_source_file_analysis.csv,True,file,SRAM_CONFIGURATION,,False,DIRECT,Scanned file under outputs.
outputs,outputs/T1_openyield_file_inventory/current_supported_config/openyield_source_file_analysis.md,True,file,SRAM_CONFIGURATION,,False,DIRECT,Scanned file under outputs.
outputs,outputs/layout_prototype/baseline_legacy/baseline_generation.log,True,file,,,False,CONTEXT,Scanned file under outputs.
outputs,outputs/layout_prototype/baseline_legacy/klayout_summary.json,True,file,,,False,CONTEXT,Scanned file under outputs.
outputs,outputs/layout_prototype/baseline_legacy/legacy_baseline.architecture.gds,True,file,,,False,CONTEXT,Scanned file under outputs.
outputs,outputs/layout_prototype/baseline_legacy/legacy_baseline.architecture.svg,True,file,,,False,CONTEXT,Scanned file under outputs.
outputs,outputs/layout_prototype/baseline_legacy/legacy_baseline.complete.gds,True,file,,,False,CONTEXT,Scanned file under outputs.
outputs,outputs/layout_prototype/baseline_legacy/legacy_baseline.debug.gds,True,file,,,False,CONTEXT,Scanned file under outputs.
outputs,outputs/layout_prototype/baseline_legacy/legacy_baseline.gds,True,file,,,False,CONTEXT,Scanned file under outputs.
outputs,outputs/layout_prototype/baseline_legacy/legacy_baseline.integration.gds,True,file,,,False,CONTEXT,Scanned file under outputs.
outputs,outputs/layout_prototype/baseline_legacy/legacy_baseline.layout.json,True,file,,,False,CONTEXT,Scanned file under outputs.
outputs,outputs/layout_prototype/baseline_legacy/legacy_baseline.lef,True,file,,,False,CONTEXT,Scanned file under outputs.
outputs,outputs/layout_prototype/baseline_legacy/legacy_baseline.occupancy.svg,True,file,,,False,CONTEXT,Scanned file under outputs.
outputs,outputs/layout_prototype/baseline_legacy/legacy_baseline.presentation.gds,True,file,,,False,CONTEXT,Scanned file under outputs.
outputs,outputs/layout_prototype/baseline_legacy/legacy_baseline.report.json,True,file,,,False,CONTEXT,Scanned file under outputs.
outputs,outputs/layout_prototype/baseline_legacy/legacy_baseline.report.md,True,file,,,False,CONTEXT,Scanned file under outputs.
outputs,outputs/layout_prototype/baseline_legacy/legacy_baseline.route_guides.gds,True,file,,,False,CONTEXT,Scanned file under outputs.
outputs,outputs/layout_prototype/baseline_legacy/legacy_baseline.sp,True,file,,,False,CONTEXT,Scanned file under outputs.
outputs,outputs/layout_prototype/baseline_legacy/module_coverage.json,True,file,,,False,CONTEXT,Scanned file under outputs.
outputs,outputs/layout_prototype/baseline_legacy/module_coverage.md,True,file,,,False,CONTEXT,Scanned file under outputs.
outputs,outputs/layout_prototype/baseline_legacy/prototype_result.json,True,file,,,False,CONTEXT,Scanned file under outputs.
outputs,outputs/layout_prototype/baseline_legacy/sram_8x64_wpr4_fd45.architecture.gds,True,file,,,False,CONTEXT,Scanned file under outputs.
outputs,outputs/layout_prototype/baseline_legacy/sram_8x64_wpr4_fd45.architecture.svg,True,file,,,False,CONTEXT,Scanned file under outputs.
outputs,outputs/layout_prototype/baseline_legacy/sram_8x64_wpr4_fd45.complete.gds,True,file,,,False,CONTEXT,Scanned file under outputs.
outputs,outputs/layout_prototype/baseline_legacy/sram_8x64_wpr4_fd45.debug.gds,True,file,,,False,CONTEXT,Scanned file under outputs.
outputs,outputs/layout_prototype/baseline_legacy/sram_8x64_wpr4_fd45.gds,True,file,,,False,CONTEXT,Scanned file under outputs.
outputs,outputs/layout_prototype/baseline_legacy/sram_8x64_wpr4_fd45.integration.gds,True,file,,,False,CONTEXT,Scanned file under outputs.
outputs,outputs/layout_prototype/baseline_legacy/sram_8x64_wpr4_fd45.layout.json,True,file,,,False,CONTEXT,Scanned file under outputs.
outputs,outputs/layout_prototype/baseline_legacy/sram_8x64_wpr4_fd45.lef,True,file,,,False,CONTEXT,Scanned file under outputs.
outputs,outputs/layout_prototype/baseline_legacy/sram_8x64_wpr4_fd45.occupancy.svg,True,file,,,False,CONTEXT,Scanned file under outputs.
outputs,outputs/layout_prototype/baseline_legacy/sram_8x64_wpr4_fd45.presentation.gds,True,file,,,False,CONTEXT,Scanned file under outputs.
outputs,outputs/layout_prototype/baseline_legacy/sram_8x64_wpr4_fd45.report.json,True,file,,,False,CONTEXT,Scanned file under outputs.
outputs,outputs/layout_prototype/baseline_legacy/sram_8x64_wpr4_fd45.report.md,True,file,,,False,CONTEXT,Scanned file under outputs.
outputs,outputs/layout_prototype/baseline_legacy/sram_8x64_wpr4_fd45.route_guides.gds,True,file,,,False,CONTEXT,Scanned file under outputs.
outputs,outputs/layout_prototype/baseline_legacy/sram_8x64_wpr4_fd45.sp,True,file,,,False,CONTEXT,Scanned file under outputs.
outputs,outputs/layout_prototype/hybrid_openyield/hybrid_generation.log,True,file,,,False,CONTEXT,Scanned file under outputs.
outputs,outputs/layout_prototype/hybrid_openyield/hybrid_openyield_prototype.architecture.gds,True,file,,,False,CONTEXT,Scanned file under outputs.
outputs,outputs/layout_prototype/hybrid_openyield/hybrid_openyield_prototype.architecture.svg,True,file,,,False,CONTEXT,Scanned file under outputs.
outputs,outputs/layout_prototype/hybrid_openyield/hybrid_openyield_prototype.complete.gds,True,file,,,False,CONTEXT,Scanned file under outputs.
outputs,outputs/layout_prototype/hybrid_openyield/hybrid_openyield_prototype.debug.gds,True,file,,,False,CONTEXT,Scanned file under outputs.
outputs,outputs/layout_prototype/hybrid_openyield/hybrid_openyield_prototype.gds,True,file,,,False,CONTEXT,Scanned file under outputs.
outputs,outputs/layout_prototype/hybrid_openyield/hybrid_openyield_prototype.integration.gds,True,file,,,False,CONTEXT,Scanned file under outputs.
outputs,outputs/layout_prototype/hybrid_openyield/hybrid_openyield_prototype.layout.json,True,file,,,False,CONTEXT,Scanned file under outputs.
outputs,outputs/layout_prototype/hybrid_openyield/hybrid_openyield_prototype.lef,True,file,,,False,CONTEXT,Scanned file under outputs.
outputs,outputs/layout_prototype/hybrid_openyield/hybrid_openyield_prototype.occupancy.svg,True,file,,,False,CONTEXT,Scanned file under outputs.
outputs,outputs/layout_prototype/hybrid_openyield/hybrid_openyield_prototype.presentation.gds,True,file,,,False,CONTEXT,Scanned file under outputs.
outputs,outputs/layout_prototype/hybrid_openyield/hybrid_openyield_prototype.report.json,True,file,,,False,CONTEXT,Scanned file under outputs.
outputs,outputs/layout_prototype/hybrid_openyield/hybrid_openyield_prototype.report.md,True,file,,,False,CONTEXT,Scanned file under outputs.
outputs,outputs/layout_prototype/hybrid_openyield/hybrid_openyield_prototype.route_guides.gds,True,file,,,False,CONTEXT,Scanned file under outputs.
outputs,outputs/layout_prototype/hybrid_openyield/hybrid_openyield_prototype.sp,True,file,,,False,CONTEXT,Scanned file under outputs.
outputs,outputs/layout_prototype/hybrid_openyield/klayout_summary.json,True,file,,,False,CONTEXT,Scanned file under outputs.
outputs,outputs/layout_prototype/hybrid_openyield/module_coverage.json,True,file,,,False,CONTEXT,Scanned file under outputs.
outputs,outputs/layout_prototype/hybrid_openyield/module_coverage.md,True,file,,,False,CONTEXT,Scanned file under outputs.
outputs,outputs/layout_prototype/hybrid_openyield/prototype_result.json,True,file,,,False,CONTEXT,Scanned file under outputs.
outputs,outputs/layout_prototype/hybrid_openyield_compacted/gate_row_packing_report.json,True,file,,,False,CONTEXT,Scanned file under outputs.
outputs,outputs/layout_prototype/hybrid_openyield_compacted/gate_row_packing_report.md,True,file,,,False,CONTEXT,Scanned file under outputs.
outputs,outputs/layout_prototype/hybrid_openyield_compacted/generation.log,True,file,,,False,CONTEXT,Scanned file under outputs.
outputs,outputs/layout_prototype/hybrid_openyield_compacted/hybrid_openyield_compacted.architecture.gds,True,file,,,False,CONTEXT,Scanned file under outputs.
outputs,outputs/layout_prototype/hybrid_openyield_compacted/hybrid_openyield_compacted.architecture.svg,True,file,,,False,CONTEXT,Scanned file under outputs.
outputs,outputs/layout_prototype/hybrid_openyield_compacted/hybrid_openyield_compacted.complete.gds,True,file,,,False,CONTEXT,Scanned file under outputs.
outputs,outputs/layout_prototype/hybrid_openyield_compacted/hybrid_openyield_compacted.debug.gds,True,file,,,False,CONTEXT,Scanned file under outputs.
outputs,outputs/layout_prototype/hybrid_openyield_compacted/hybrid_openyield_compacted.gds,True,file,,,False,CONTEXT,Scanned file under outputs.
outputs,outputs/layout_prototype/hybrid_openyield_compacted/hybrid_openyield_compacted.integration.gds,True,file,,,False,CONTEXT,Scanned file under outputs.
outputs,outputs/layout_prototype/hybrid_openyield_compacted/hybrid_openyield_compacted.layout.json,True,file,,,False,CONTEXT,Scanned file under outputs.
outputs,outputs/layout_prototype/hybrid_openyield_compacted/hybrid_openyield_compacted.lef,True,file,,,False,CONTEXT,Scanned file under outputs.
outputs,outputs/layout_prototype/hybrid_openyield_compacted/hybrid_openyield_compacted.occupancy.svg,True,file,,,False,CONTEXT,Scanned file under outputs.
outputs,outputs/layout_prototype/hybrid_openyield_compacted/hybrid_openyield_compacted.presentation.gds,True,file,,,False,CONTEXT,Scanned file under outputs.
outputs,outputs/layout_prototype/hybrid_openyield_compacted/hybrid_openyield_compacted.report.json,True,file,,,False,CONTEXT,Scanned file under outputs.
outputs,outputs/layout_prototype/hybrid_openyield_compacted/hybrid_openyield_compacted.report.md,True,file,,,False,CONTEXT,Scanned file under outputs.
outputs,outputs/layout_prototype/hybrid_openyield_compacted/hybrid_openyield_compacted.route_guides.gds,True,file,,,False,CONTEXT,Scanned file under outputs.
outputs,outputs/layout_prototype/hybrid_openyield_compacted/hybrid_openyield_compacted.sp,True,file,,,False,CONTEXT,Scanned file under outputs.
outputs,outputs/layout_prototype/hybrid_openyield_compacted/klayout_summary.json,True,file,,,False,CONTEXT,Scanned file under outputs.
outputs,outputs/layout_prototype/hybrid_openyield_compacted/module_coverage.json,True,file,,,False,CONTEXT,Scanned file under outputs.
outputs,outputs/layout_prototype/hybrid_openyield_compacted/module_coverage.md,True,file,,,False,CONTEXT,Scanned file under outputs.
outputs,outputs/layout_prototype/hybrid_openyield_compacted/prototype_result.json,True,file,,,False,CONTEXT,Scanned file under outputs.
outputs,outputs/layout_prototype/hybrid_openyield_rail_abutted/gds_row_abutment_audit.json,True,file,PLACEMENT_RULES;POWER_PLAN,,False,DIRECT,Scanned file under outputs.
outputs,outputs/layout_prototype/hybrid_openyield_rail_abutted/gds_row_abutment_audit.md,True,file,PLACEMENT_RULES;POWER_PLAN,,False,DIRECT,Scanned file under outputs.
outputs,outputs/layout_prototype/hybrid_openyield_rail_abutted/generation.log,True,file,POWER_PLAN,,False,DIRECT,Scanned file under outputs.
outputs,outputs/layout_prototype/hybrid_openyield_rail_abutted/hybrid_openyield_rail_abutted.architecture.gds,True,file,POWER_PLAN,,False,DIRECT,Scanned file under outputs.
outputs,outputs/layout_prototype/hybrid_openyield_rail_abutted/hybrid_openyield_rail_abutted.architecture.svg,True,file,POWER_PLAN,,False,DIRECT,Scanned file under outputs.
outputs,outputs/layout_prototype/hybrid_openyield_rail_abutted/hybrid_openyield_rail_abutted.complete.gds,True,file,POWER_PLAN,,False,DIRECT,Scanned file under outputs.
outputs,outputs/layout_prototype/hybrid_openyield_rail_abutted/hybrid_openyield_rail_abutted.debug.gds,True,file,POWER_PLAN,,False,DIRECT,Scanned file under outputs.
outputs,outputs/layout_prototype/hybrid_openyield_rail_abutted/hybrid_openyield_rail_abutted.gds,True,file,POWER_PLAN,,False,DIRECT,Scanned file under outputs.
outputs,outputs/layout_prototype/hybrid_openyield_rail_abutted/hybrid_openyield_rail_abutted.integration.gds,True,file,POWER_PLAN,,False,DIRECT,Scanned file under outputs.
outputs,outputs/layout_prototype/hybrid_openyield_rail_abutted/hybrid_openyield_rail_abutted.layout.json,True,file,POWER_PLAN,,False,DIRECT,Scanned file under outputs.
outputs,outputs/layout_prototype/hybrid_openyield_rail_abutted/hybrid_openyield_rail_abutted.lef,True,file,POWER_PLAN,,False,DIRECT,Scanned file under outputs.
outputs,outputs/layout_prototype/hybrid_openyield_rail_abutted/hybrid_openyield_rail_abutted.occupancy.svg,True,file,POWER_PLAN,,False,DIRECT,Scanned file under outputs.
outputs,outputs/layout_prototype/hybrid_openyield_rail_abutted/hybrid_openyield_rail_abutted.presentation.gds,True,file,POWER_PLAN,,False,DIRECT,Scanned file under outputs.
outputs,outputs/layout_prototype/hybrid_openyield_rail_abutted/hybrid_openyield_rail_abutted.report.json,True,file,POWER_PLAN,,False,DIRECT,Scanned file under outputs.
outputs,outputs/layout_prototype/hybrid_openyield_rail_abutted/hybrid_openyield_rail_abutted.report.md,True,file,POWER_PLAN,,False,DIRECT,Scanned file under outputs.
outputs,outputs/layout_prototype/hybrid_openyield_rail_abutted/hybrid_openyield_rail_abutted.route_guides.gds,True,file,POWER_PLAN,,False,DIRECT,Scanned file under outputs.
outputs,outputs/layout_prototype/hybrid_openyield_rail_abutted/hybrid_openyield_rail_abutted.sp,True,file,POWER_PLAN,,False,DIRECT,Scanned file under outputs.
outputs,outputs/layout_prototype/hybrid_openyield_rail_abutted/klayout_summary.json,True,file,POWER_PLAN,,False,DIRECT,Scanned file under outputs.
outputs,outputs/layout_prototype/hybrid_openyield_rail_abutted/module_coverage.json,True,file,POWER_PLAN,,False,DIRECT,Scanned file under outputs.
outputs,outputs/layout_prototype/hybrid_openyield_rail_abutted/module_coverage.md,True,file,POWER_PLAN,,False,DIRECT,Scanned file under outputs.
outputs,outputs/layout_prototype/hybrid_openyield_rail_abutted/prototype_result.json,True,file,POWER_PLAN,,False,DIRECT,Scanned file under outputs.
outputs,outputs/layout_prototype/hybrid_openyield_rail_abutted/rail_to_rail_abutment_report.json,True,file,PLACEMENT_RULES;POWER_PLAN,,False,DIRECT,Scanned file under outputs.
outputs,outputs/layout_prototype/hybrid_openyield_rail_abutted/rail_to_rail_abutment_report.md,True,file,PLACEMENT_RULES;POWER_PLAN,,False,DIRECT,Scanned file under outputs.
outputs,outputs/layout_prototype/hybrid_openyield_rail_overlap/cell_rail_overlap_eligibility.csv,True,file,POWER_PLAN,,False,DIRECT,Scanned file under outputs.
outputs,outputs/layout_prototype/hybrid_openyield_rail_overlap/cell_rail_overlap_eligibility.md,True,file,POWER_PLAN,,False,DIRECT,Scanned file under outputs.
outputs,outputs/layout_prototype/hybrid_openyield_rail_overlap/gds_row_abutment_audit.json,True,file,PLACEMENT_RULES;POWER_PLAN,,False,DIRECT,Scanned file under outputs.
outputs,outputs/layout_prototype/hybrid_openyield_rail_overlap/gds_row_abutment_audit.md,True,file,PLACEMENT_RULES;POWER_PLAN,,False,DIRECT,Scanned file under outputs.
outputs,outputs/layout_prototype/hybrid_openyield_rail_overlap/generation.log,True,file,POWER_PLAN,,False,DIRECT,Scanned file under outputs.
outputs,outputs/layout_prototype/hybrid_openyield_rail_overlap/hybrid_openyield_rail_overlap.architecture.gds,True,file,POWER_PLAN,,False,DIRECT,Scanned file under outputs.
outputs,outputs/layout_prototype/hybrid_openyield_rail_overlap/hybrid_openyield_rail_overlap.architecture.svg,True,file,POWER_PLAN,,False,DIRECT,Scanned file under outputs.
outputs,outputs/layout_prototype/hybrid_openyield_rail_overlap/hybrid_openyield_rail_overlap.complete.gds,True,file,POWER_PLAN,,False,DIRECT,Scanned file under outputs.
outputs,outputs/layout_prototype/hybrid_openyield_rail_overlap/hybrid_openyield_rail_overlap.debug.gds,True,file,POWER_PLAN,,False,DIRECT,Scanned file under outputs.
outputs,outputs/layout_prototype/hybrid_openyield_rail_overlap/hybrid_openyield_rail_overlap.gds,True,file,POWER_PLAN,,False,DIRECT,Scanned file under outputs.
outputs,outputs/layout_prototype/hybrid_openyield_rail_overlap/hybrid_openyield_rail_overlap.integration.gds,True,file,POWER_PLAN,,False,DIRECT,Scanned file under outputs.
outputs,outputs/layout_prototype/hybrid_openyield_rail_overlap/hybrid_openyield_rail_overlap.layout.json,True,file,POWER_PLAN,,False,DIRECT,Scanned file under outputs.
outputs,outputs/layout_prototype/hybrid_openyield_rail_overlap/hybrid_openyield_rail_overlap.lef,True,file,POWER_PLAN,,False,DIRECT,Scanned file under outputs.
outputs,outputs/layout_prototype/hybrid_openyield_rail_overlap/hybrid_openyield_rail_overlap.occupancy.svg,True,file,POWER_PLAN,,False,DIRECT,Scanned file under outputs.
outputs,outputs/layout_prototype/hybrid_openyield_rail_overlap/hybrid_openyield_rail_overlap.presentation.gds,True,file,POWER_PLAN,,False,DIRECT,Scanned file under outputs.
outputs,outputs/layout_prototype/hybrid_openyield_rail_overlap/hybrid_openyield_rail_overlap.report.json,True,file,POWER_PLAN,,False,DIRECT,Scanned file under outputs.
outputs,outputs/layout_prototype/hybrid_openyield_rail_overlap/hybrid_openyield_rail_overlap.report.md,True,file,POWER_PLAN,,False,DIRECT,Scanned file under outputs.
outputs,outputs/layout_prototype/hybrid_openyield_rail_overlap/hybrid_openyield_rail_overlap.route_guides.gds,True,file,POWER_PLAN,,False,DIRECT,Scanned file under outputs.
outputs,outputs/layout_prototype/hybrid_openyield_rail_overlap/hybrid_openyield_rail_overlap.sp,True,file,POWER_PLAN,,False,DIRECT,Scanned file under outputs.
outputs,outputs/layout_prototype/hybrid_openyield_rail_overlap/klayout_summary.json,True,file,POWER_PLAN,,False,DIRECT,Scanned file under outputs.
outputs,outputs/layout_prototype/hybrid_openyield_rail_overlap/module_coverage.json,True,file,POWER_PLAN,,False,DIRECT,Scanned file under outputs.
outputs,outputs/layout_prototype/hybrid_openyield_rail_overlap/module_coverage.md,True,file,POWER_PLAN,,False,DIRECT,Scanned file under outputs.
outputs,outputs/layout_prototype/hybrid_openyield_rail_overlap/prototype_result.json,True,file,POWER_PLAN,,False,DIRECT,Scanned file under outputs.
outputs,outputs/layout_prototype/hybrid_openyield_rail_overlap/rail_overlap_packing_report.json,True,file,POWER_PLAN,,False,DIRECT,Scanned file under outputs.
outputs,outputs/layout_prototype/hybrid_openyield_rail_overlap/rail_overlap_packing_report.md,True,file,POWER_PLAN,,False,DIRECT,Scanned file under outputs.
outputs,outputs/layout_prototype/hybrid_openyield_row_abutted/gate_row_vertical_abutment_report.json,True,file,PLACEMENT_RULES,,False,DIRECT,Scanned file under outputs.
outputs,outputs/layout_prototype/hybrid_openyield_row_abutted/gate_row_vertical_abutment_report.md,True,file,PLACEMENT_RULES,,False,DIRECT,Scanned file under outputs.
outputs,outputs/layout_prototype/hybrid_openyield_row_abutted/generation.log,True,file,,,False,CONTEXT,Scanned file under outputs.
outputs,outputs/layout_prototype/hybrid_openyield_row_abutted/hybrid_openyield_row_abutted.architecture.gds,True,file,,,False,CONTEXT,Scanned file under outputs.
outputs,outputs/layout_prototype/hybrid_openyield_row_abutted/hybrid_openyield_row_abutted.architecture.svg,True,file,,,False,CONTEXT,Scanned file under outputs.
outputs,outputs/layout_prototype/hybrid_openyield_row_abutted/hybrid_openyield_row_abutted.complete.gds,True,file,,,False,CONTEXT,Scanned file under outputs.
outputs,outputs/layout_prototype/hybrid_openyield_row_abutted/hybrid_openyield_row_abutted.debug.gds,True,file,,,False,CONTEXT,Scanned file under outputs.
outputs,outputs/layout_prototype/hybrid_openyield_row_abutted/hybrid_openyield_row_abutted.gds,True,file,,,False,CONTEXT,Scanned file under outputs.
outputs,outputs/layout_prototype/hybrid_openyield_row_abutted/hybrid_openyield_row_abutted.integration.gds,True,file,,,False,CONTEXT,Scanned file under outputs.
outputs,outputs/layout_prototype/hybrid_openyield_row_abutted/hybrid_openyield_row_abutted.layout.json,True,file,,,False,CONTEXT,Scanned file under outputs.
outputs,outputs/layout_prototype/hybrid_openyield_row_abutted/hybrid_openyield_row_abutted.lef,True,file,,,False,CONTEXT,Scanned file under outputs.
outputs,outputs/layout_prototype/hybrid_openyield_row_abutted/hybrid_openyield_row_abutted.occupancy.svg,True,file,,,False,CONTEXT,Scanned file under outputs.
outputs,outputs/layout_prototype/hybrid_openyield_row_abutted/hybrid_openyield_row_abutted.presentation.gds,True,file,,,False,CONTEXT,Scanned file under outputs.
outputs,outputs/layout_prototype/hybrid_openyield_row_abutted/hybrid_openyield_row_abutted.report.json,True,file,,,False,CONTEXT,Scanned file under outputs.
outputs,outputs/layout_prototype/hybrid_openyield_row_abutted/hybrid_openyield_row_abutted.report.md,True,file,,,False,CONTEXT,Scanned file under outputs.
outputs,outputs/layout_prototype/hybrid_openyield_row_abutted/hybrid_openyield_row_abutted.route_guides.gds,True,file,,,False,CONTEXT,Scanned file under outputs.
outputs,outputs/layout_prototype/hybrid_openyield_row_abutted/hybrid_openyield_row_abutted.sp,True,file,,,False,CONTEXT,Scanned file under outputs.
outputs,outputs/layout_prototype/hybrid_openyield_row_abutted/klayout_summary.json,True,file,,,False,CONTEXT,Scanned file under outputs.
outputs,outputs/layout_prototype/hybrid_openyield_row_abutted/module_coverage.json,True,file,,,False,CONTEXT,Scanned file under outputs.
outputs,outputs/layout_prototype/hybrid_openyield_row_abutted/module_coverage.md,True,file,,,False,CONTEXT,Scanned file under outputs.
outputs,outputs/layout_prototype/hybrid_openyield_row_abutted/prototype_result.json,True,file,,,False,CONTEXT,Scanned file under outputs.
outputs,outputs/openyield_complete_floorplan/current_supported_config/complete_array_region_report.json,True,file,FLOORPLAN_RULES;SRAM_CONFIGURATION,,False,DIRECT,Scanned file under outputs.
outputs,outputs/openyield_complete_floorplan/current_supported_config/complete_array_region_report.md,True,file,FLOORPLAN_RULES;SRAM_CONFIGURATION,,False,DIRECT,Scanned file under outputs.
outputs,outputs/openyield_complete_floorplan/current_supported_config/complete_column_path_region_report.json,True,file,FLOORPLAN_RULES;SRAM_CONFIGURATION,,False,DIRECT,Scanned file under outputs.
outputs,outputs/openyield_complete_floorplan/current_supported_config/complete_column_path_region_report.md,True,file,FLOORPLAN_RULES;SRAM_CONFIGURATION,,False,DIRECT,Scanned file under outputs.
outputs,outputs/openyield_complete_floorplan/current_supported_config/complete_control_region_report.json,True,file,FLOORPLAN_RULES;SRAM_CONFIGURATION,,False,DIRECT,Scanned file under outputs.
outputs,outputs/openyield_complete_floorplan/current_supported_config/complete_control_region_report.md,True,file,FLOORPLAN_RULES;SRAM_CONFIGURATION,,False,DIRECT,Scanned file under outputs.
outputs,outputs/openyield_complete_floorplan/current_supported_config/complete_floorplan_gds_sanity_report.json,True,file,FLOORPLAN_RULES;SRAM_CONFIGURATION;VERIFICATION_AND_TRACE,,False,DIRECT,Scanned file under outputs.
outputs,outputs/openyield_complete_floorplan/current_supported_config/complete_floorplan_generation_report.json,True,file,FLOORPLAN_RULES;SRAM_CONFIGURATION,,False,DIRECT,Scanned file under outputs.
outputs,outputs/openyield_complete_floorplan/current_supported_config/complete_floorplan_generation_report.md,True,file,FLOORPLAN_RULES;SRAM_CONFIGURATION,,False,DIRECT,Scanned file under outputs.
outputs,outputs/openyield_complete_floorplan/current_supported_config/complete_floorplan_generator_manifest.json,True,file,FLOORPLAN_RULES;PHYSICAL_IMPLEMENTATION_LIBRARY;SRAM_CONFIGURATION,,False,DIRECT,Scanned file under outputs.
outputs,outputs/openyield_complete_floorplan/current_supported_config/complete_power_strap_region_plan.json,True,file,FLOORPLAN_RULES;POWER_PLAN;SRAM_CONFIGURATION,,False,DIRECT,Scanned file under outputs.
outputs,outputs/openyield_complete_floorplan/current_supported_config/complete_power_strap_region_plan.md,True,file,FLOORPLAN_RULES;POWER_PLAN;SRAM_CONFIGURATION,,False,DIRECT,Scanned file under outputs.
outputs,outputs/openyield_complete_floorplan/current_supported_config/complete_routing_channel_plan.json,True,file,FLOORPLAN_RULES;ROUTING_RULES;SRAM_CONFIGURATION,,False,DIRECT,Scanned file under outputs.
outputs,outputs/openyield_complete_floorplan/current_supported_config/complete_routing_channel_plan.md,True,file,FLOORPLAN_RULES;ROUTING_RULES;SRAM_CONFIGURATION,,False,DIRECT,Scanned file under outputs.
outputs,outputs/openyield_complete_floorplan/current_supported_config/complete_row_path_region_report.json,True,file,FLOORPLAN_RULES;SRAM_CONFIGURATION,,False,DIRECT,Scanned file under outputs.
outputs,outputs/openyield_complete_floorplan/current_supported_config/complete_row_path_region_report.md,True,file,FLOORPLAN_RULES;SRAM_CONFIGURATION,,False,DIRECT,Scanned file under outputs.
outputs,outputs/openyield_complete_floorplan/current_supported_config/complete_sram_floorplan.json,True,file,FLOORPLAN_RULES;SRAM_CONFIGURATION,,False,DIRECT,Scanned file under outputs.
outputs,outputs/openyield_complete_floorplan/current_supported_config/complete_sram_floorplan.md,True,file,FLOORPLAN_RULES;SRAM_CONFIGURATION,,False,DIRECT,Scanned file under outputs.
outputs,outputs/openyield_complete_floorplan/current_supported_config/complete_sram_placement.csv,True,file,FLOORPLAN_RULES;PLACEMENT_RULES;SRAM_CONFIGURATION,,False,DIRECT,Scanned file under outputs.
outputs,outputs/openyield_complete_floorplan/current_supported_config/complete_sram_placement.json,True,file,FLOORPLAN_RULES;PLACEMENT_RULES;SRAM_CONFIGURATION,,False,DIRECT,Scanned file under outputs.
outputs,outputs/openyield_complete_floorplan/current_supported_config/complete_sram_placement.md,True,file,FLOORPLAN_RULES;PLACEMENT_RULES;SRAM_CONFIGURATION,,False,DIRECT,Scanned file under outputs.
outputs,outputs/openyield_complete_floorplan/current_supported_config/complete_sram_region_plan.json,True,file,FLOORPLAN_RULES;SRAM_CONFIGURATION,,False,DIRECT,Scanned file under outputs.
outputs,outputs/openyield_complete_floorplan/current_supported_config/complete_sram_region_plan.md,True,file,FLOORPLAN_RULES;SRAM_CONFIGURATION,,False,DIRECT,Scanned file under outputs.
outputs,outputs/openyield_complete_floorplan/current_supported_config/layoutgen_reference_reuse_decision.json,True,file,FLOORPLAN_RULES;SRAM_CONFIGURATION,,False,DIRECT,Scanned file under outputs.
outputs,outputs/openyield_complete_floorplan/current_supported_config/layoutgen_reference_reuse_decision.md,True,file,FLOORPLAN_RULES;SRAM_CONFIGURATION,,False,DIRECT,Scanned file under outputs.
outputs,outputs/openyield_complete_floorplan/current_supported_config/openyield_complete_floorplan_sram.gds,True,file,FLOORPLAN_RULES;SRAM_CONFIGURATION,,False,DIRECT,Scanned file under outputs.
outputs,outputs/openyield_complete_floorplan/current_supported_config/pitch_exact_alignment_report.json,True,file,FLOORPLAN_RULES;PLACEMENT_RULES;SRAM_CONFIGURATION,,False,DIRECT,Scanned file under outputs.
outputs,outputs/openyield_complete_floorplan/current_supported_config/pitch_exact_alignment_report.md,True,file,FLOORPLAN_RULES;PLACEMENT_RULES;SRAM_CONFIGURATION,,False,DIRECT,Scanned file under outputs.
outputs,outputs/openyield_complete_gds_gap_audit/current_supported_config/approximate_geometry_inventory.csv,True,file,SRAM_CONFIGURATION,,False,DIRECT,Scanned file under outputs.
outputs,outputs/openyield_complete_gds_gap_audit/current_supported_config/approximate_geometry_inventory.md,True,file,SRAM_CONFIGURATION,,False,DIRECT,Scanned file under outputs.
outputs,outputs/openyield_complete_gds_gap_audit/current_supported_config/complete_gds_blocker_matrix.csv,True,file,SRAM_CONFIGURATION,,False,DIRECT,Scanned file under outputs.
outputs,outputs/openyield_complete_gds_gap_audit/current_supported_config/complete_gds_blocker_matrix.md,True,file,SRAM_CONFIGURATION,,False,DIRECT,Scanned file under outputs.
outputs,outputs/openyield_complete_gds_gap_audit/current_supported_config/complete_gds_gap_audit_report.json,True,file,SRAM_CONFIGURATION,,False,DIRECT,Scanned file under outputs.
outputs,outputs/openyield_complete_gds_gap_audit/current_supported_config/complete_gds_gap_audit_report.md,True,file,SRAM_CONFIGURATION,,False,DIRECT,Scanned file under outputs.
outputs,outputs/openyield_complete_gds_gap_audit/current_supported_config/contract_connection_inventory.csv,True,file,SRAM_CONFIGURATION,,False,DIRECT,Scanned file under outputs.
outputs,outputs/openyield_complete_gds_gap_audit/current_supported_config/contract_connection_inventory.md,True,file,SRAM_CONFIGURATION,,False,DIRECT,Scanned file under outputs.
outputs,outputs/openyield_complete_gds_gap_audit/current_supported_config/contract_power_inventory.csv,True,file,POWER_PLAN;SRAM_CONFIGURATION,,False,DIRECT,Scanned file under outputs.
outputs,outputs/openyield_complete_gds_gap_audit/current_supported_config/contract_power_inventory.md,True,file,POWER_PLAN;SRAM_CONFIGURATION,,False,DIRECT,Scanned file under outputs.
outputs,outputs/openyield_complete_gds_gap_audit/current_supported_config/geometry_connection_gap_summary.json,True,file,SRAM_CONFIGURATION,,False,DIRECT,Scanned file under outputs.
outputs,outputs/openyield_complete_gds_gap_audit/current_supported_config/geometry_connection_gap_summary.md,True,file,SRAM_CONFIGURATION,,False,DIRECT,Scanned file under outputs.
outputs,outputs/openyield_complete_gds_gap_audit/current_supported_config/missing_pin_geometry_inventory.csv,True,file,SRAM_CONFIGURATION,,False,DIRECT,Scanned file under outputs.
outputs,outputs/openyield_complete_gds_gap_audit/current_supported_config/missing_pin_geometry_inventory.md,True,file,SRAM_CONFIGURATION,,False,DIRECT,Scanned file under outputs.
outputs,outputs/openyield_complete_gds_gap_audit/current_supported_config/real_geometry_inventory.csv,True,file,SRAM_CONFIGURATION,,False,DIRECT,Scanned file under outputs.
outputs,outputs/openyield_complete_gds_gap_audit/current_supported_config/real_geometry_inventory.md,True,file,SRAM_CONFIGURATION,,False,DIRECT,Scanned file under outputs.
outputs,outputs/openyield_complete_gds_rule_extraction/current_supported_config/array_physical_rules.json,True,file,SRAM_CONFIGURATION,,False,DIRECT,Scanned file under outputs.
outputs,outputs/openyield_complete_gds_rule_extraction/current_supported_config/array_physical_rules.md,True,file,SRAM_CONFIGURATION,,False,DIRECT,Scanned file under outputs.
outputs,outputs/openyield_complete_gds_rule_extraction/current_supported_config/c0_blocker_to_c2_c6_fix_plan.csv,True,file,SRAM_CONFIGURATION,,False,DIRECT,Scanned file under outputs.
outputs,outputs/openyield_complete_gds_rule_extraction/current_supported_config/c0_blocker_to_c2_c6_fix_plan.md,True,file,SRAM_CONFIGURATION,,False,DIRECT,Scanned file under outputs.
outputs,outputs/openyield_complete_gds_rule_extraction/current_supported_config/column_path_physical_rules.json,True,file,SRAM_CONFIGURATION,,False,DIRECT,Scanned file under outputs.
outputs,outputs/openyield_complete_gds_rule_extraction/current_supported_config/column_path_physical_rules.md,True,file,SRAM_CONFIGURATION,,False,DIRECT,Scanned file under outputs.
outputs,outputs/openyield_complete_gds_rule_extraction/current_supported_config/complete_gds_physical_requirements.json,True,file,SRAM_CONFIGURATION,,False,DIRECT,Scanned file under outputs.
outputs,outputs/openyield_complete_gds_rule_extraction/current_supported_config/complete_gds_physical_requirements.md,True,file,SRAM_CONFIGURATION,,False,DIRECT,Scanned file under outputs.
outputs,outputs/openyield_complete_gds_rule_extraction/current_supported_config/control_io_physical_rules.json,True,file,SRAM_CONFIGURATION,,False,DIRECT,Scanned file under outputs.
outputs,outputs/openyield_complete_gds_rule_extraction/current_supported_config/control_io_physical_rules.md,True,file,SRAM_CONFIGURATION,,False,DIRECT,Scanned file under outputs.
outputs,outputs/openyield_complete_gds_rule_extraction/current_supported_config/openram_source_rule_inventory.csv,True,file,SRAM_CONFIGURATION,,False,DIRECT,Scanned file under outputs.
outputs,outputs/openyield_complete_gds_rule_extraction/current_supported_config/openram_source_rule_inventory.md,True,file,SRAM_CONFIGURATION,,False,DIRECT,Scanned file under outputs.
outputs,outputs/openyield_complete_gds_rule_extraction/current_supported_config/openram_vs_openyield_layout_gap_matrix.csv,True,file,SRAM_CONFIGURATION,,False,DIRECT,Scanned file under outputs.
outputs,outputs/openyield_complete_gds_rule_extraction/current_supported_config/openram_vs_openyield_layout_gap_matrix.md,True,file,SRAM_CONFIGURATION,,False,DIRECT,Scanned file under outputs.
outputs,outputs/openyield_complete_gds_rule_extraction/current_supported_config/pin_label_layer_rules.json,True,file,SRAM_CONFIGURATION,,False,DIRECT,Scanned file under outputs.
outputs,outputs/openyield_complete_gds_rule_extraction/current_supported_config/pin_label_layer_rules.md,True,file,SRAM_CONFIGURATION,,False,DIRECT,Scanned file under outputs.
outputs,outputs/openyield_complete_gds_rule_extraction/current_supported_config/power_physical_rules.json,True,file,POWER_PLAN;SRAM_CONFIGURATION,,False,DIRECT,Scanned file under outputs.
outputs,outputs/openyield_complete_gds_rule_extraction/current_supported_config/power_physical_rules.md,True,file,POWER_PLAN;SRAM_CONFIGURATION,,False,DIRECT,Scanned file under outputs.
outputs,outputs/openyield_complete_gds_rule_extraction/current_supported_config/reference_gds_physical_observation.json,True,file,SRAM_CONFIGURATION,,False,DIRECT,Scanned file under outputs.
outputs,outputs/openyield_complete_gds_rule_extraction/current_supported_config/reference_gds_physical_observation.md,True,file,SRAM_CONFIGURATION,,False,DIRECT,Scanned file under outputs.
outputs,outputs/openyield_complete_gds_rule_extraction/current_supported_config/row_path_physical_rules.json,True,file,SRAM_CONFIGURATION,,False,DIRECT,Scanned file under outputs.
outputs,outputs/openyield_complete_gds_rule_extraction/current_supported_config/row_path_physical_rules.md,True,file,SRAM_CONFIGURATION,,False,DIRECT,Scanned file under outputs.
outputs,outputs/openyield_complete_gds_rule_extraction/current_supported_config/sram_baseline_physical_rulebook.json,True,file,SRAM_CONFIGURATION,,False,DIRECT,Scanned file under outputs.
outputs,outputs/openyield_complete_gds_rule_extraction/current_supported_config/sram_baseline_physical_rulebook.md,True,file,SRAM_CONFIGURATION,,False,DIRECT,Scanned file under outputs.
outputs,outputs/openyield_complete_power_network/current_supported_config/complete_power_gds_sanity_report.json,True,file,POWER_PLAN;SRAM_CONFIGURATION;VERIFICATION_AND_TRACE,,False,DIRECT,Scanned file under outputs.
outputs,outputs/openyield_complete_power_network/current_supported_config/complete_power_generation_report.json,True,file,POWER_PLAN;SRAM_CONFIGURATION,,False,DIRECT,Scanned file under outputs.
outputs,outputs/openyield_complete_power_network/current_supported_config/complete_power_generation_report.md,True,file,POWER_PLAN;SRAM_CONFIGURATION,,False,DIRECT,Scanned file under outputs.
outputs,outputs/openyield_complete_power_network/current_supported_config/complete_power_generator_manifest.json,True,file,PHYSICAL_IMPLEMENTATION_LIBRARY;POWER_PLAN;SRAM_CONFIGURATION,,False,DIRECT,Scanned file under outputs.
outputs,outputs/openyield_complete_power_network/current_supported_config/complete_power_network_config.json,True,file,POWER_PLAN;SRAM_CONFIGURATION,,False,DIRECT,Scanned file under outputs.
outputs,outputs/openyield_complete_power_network/current_supported_config/complete_power_network_config.md,True,file,POWER_PLAN;SRAM_CONFIGURATION,,False,DIRECT,Scanned file under outputs.
outputs,outputs/openyield_complete_power_network/current_supported_config/complete_power_network_report.json,True,file,POWER_PLAN;SRAM_CONFIGURATION,,False,DIRECT,Scanned file under outputs.
outputs,outputs/openyield_complete_power_network/current_supported_config/complete_power_network_report.md,True,file,POWER_PLAN;SRAM_CONFIGURATION,,False,DIRECT,Scanned file under outputs.
outputs,outputs/openyield_complete_power_network/current_supported_config/complete_power_stitch_report.json,True,file,POWER_PLAN;SRAM_CONFIGURATION,,False,DIRECT,Scanned file under outputs.
outputs,outputs/openyield_complete_power_network/current_supported_config/complete_power_stitch_report.md,True,file,POWER_PLAN;SRAM_CONFIGURATION,,False,DIRECT,Scanned file under outputs.
outputs,outputs/openyield_complete_power_network/current_supported_config/module_power_connection_report.json,True,file,POWER_PLAN;SRAM_CONFIGURATION,,False,DIRECT,Scanned file under outputs.
outputs,outputs/openyield_complete_power_network/current_supported_config/module_power_connection_report.md,True,file,POWER_PLAN;SRAM_CONFIGURATION,,False,DIRECT,Scanned file under outputs.
outputs,outputs/openyield_complete_power_network/current_supported_config/openyield_complete_power_stitched_sram.gds,True,file,POWER_PLAN;SRAM_CONFIGURATION,,False,DIRECT,Scanned file under outputs.
outputs,outputs/openyield_complete_power_network/current_supported_config/power_connectivity_graph.json,True,file,POWER_PLAN;SRAM_CONFIGURATION,,False,DIRECT,Scanned file under outputs.
outputs,outputs/openyield_complete_power_network/current_supported_config/power_connectivity_graph.md,True,file,POWER_PLAN;SRAM_CONFIGURATION,,False,DIRECT,Scanned file under outputs.
outputs,outputs/openyield_complete_power_network/current_supported_config/power_net_to_shape_map.csv,True,file,POWER_PLAN;ROUTING_RULES;SRAM_CONFIGURATION,,False,DIRECT,Scanned file under outputs.
outputs,outputs/openyield_complete_power_network/current_supported_config/power_net_to_shape_map.json,True,file,POWER_PLAN;ROUTING_RULES;SRAM_CONFIGURATION,,False,DIRECT,Scanned file under outputs.
outputs,outputs/openyield_complete_power_network/current_supported_config/power_net_to_shape_map.md,True,file,POWER_PLAN;ROUTING_RULES;SRAM_CONFIGURATION,,False,DIRECT,Scanned file under outputs.
outputs,outputs/openyield_complete_power_network/current_supported_config/power_route_shape_index.csv,True,file,POWER_PLAN;ROUTING_RULES;SRAM_CONFIGURATION,,False,DIRECT,Scanned file under outputs.
outputs,outputs/openyield_complete_power_network/current_supported_config/power_route_shape_index.json,True,file,POWER_PLAN;ROUTING_RULES;SRAM_CONFIGURATION,,False,DIRECT,Scanned file under outputs.
outputs,outputs/openyield_complete_power_network/current_supported_config/power_route_shape_index.md,True,file,POWER_PLAN;ROUTING_RULES;SRAM_CONFIGURATION,,False,DIRECT,Scanned file under outputs.
outputs,outputs/openyield_complete_power_network/current_supported_config/power_stitch_blocker_resolution_matrix.csv,True,file,POWER_PLAN;SRAM_CONFIGURATION,,False,DIRECT,Scanned file under outputs.
outputs,outputs/openyield_complete_power_network/current_supported_config/power_stitch_blocker_resolution_matrix.md,True,file,POWER_PLAN;SRAM_CONFIGURATION,,False,DIRECT,Scanned file under outputs.
outputs,outputs/openyield_complete_power_network/current_supported_config/top_power_pin_report.json,True,file,POWER_PLAN;SRAM_CONFIGURATION,,False,DIRECT,Scanned file under outputs.
outputs,outputs/openyield_complete_power_network/current_supported_config/top_power_pin_report.md,True,file,POWER_PLAN;SRAM_CONFIGURATION,,False,DIRECT,Scanned file under outputs.
outputs,outputs/openyield_complete_signal_routing/current_supported_config/complete_bitline_routing_report.json,True,file,ROUTING_RULES;SRAM_CONFIGURATION,,False,DIRECT,Scanned file under outputs.
outputs,outputs/openyield_complete_signal_routing/current_supported_config/complete_bitline_routing_report.md,True,file,ROUTING_RULES;SRAM_CONFIGURATION,,False,DIRECT,Scanned file under outputs.
outputs,outputs/openyield_complete_signal_routing/current_supported_config/complete_column_path_routing_report.json,True,file,ROUTING_RULES;SRAM_CONFIGURATION,,False,DIRECT,Scanned file under outputs.
outputs,outputs/openyield_complete_signal_routing/current_supported_config/complete_column_path_routing_report.md,True,file,ROUTING_RULES;SRAM_CONFIGURATION,,False,DIRECT,Scanned file under outputs.
outputs,outputs/openyield_complete_signal_routing/current_supported_config/complete_control_routing_report.json,True,file,ROUTING_RULES;SRAM_CONFIGURATION,,False,DIRECT,Scanned file under outputs.
outputs,outputs/openyield_complete_signal_routing/current_supported_config/complete_control_routing_report.md,True,file,ROUTING_RULES;SRAM_CONFIGURATION,,False,DIRECT,Scanned file under outputs.
outputs,outputs/openyield_complete_signal_routing/current_supported_config/complete_signal_net_to_shape_map.csv,True,file,ROUTING_RULES;SRAM_CONFIGURATION,,False,DIRECT,Scanned file under outputs.
outputs,outputs/openyield_complete_signal_routing/current_supported_config/complete_signal_net_to_shape_map.json,True,file,ROUTING_RULES;SRAM_CONFIGURATION,,False,DIRECT,Scanned file under outputs.
outputs,outputs/openyield_complete_signal_routing/current_supported_config/complete_signal_net_to_shape_map.md,True,file,ROUTING_RULES;SRAM_CONFIGURATION,,False,DIRECT,Scanned file under outputs.
outputs,outputs/openyield_complete_signal_routing/current_supported_config/complete_signal_route_shape_index.csv,True,file,ROUTING_RULES;SRAM_CONFIGURATION,,False,DIRECT,Scanned file under outputs.
outputs,outputs/openyield_complete_signal_routing/current_supported_config/complete_signal_route_shape_index.json,True,file,ROUTING_RULES;SRAM_CONFIGURATION,,False,DIRECT,Scanned file under outputs.
outputs,outputs/openyield_complete_signal_routing/current_supported_config/complete_signal_route_shape_index.md,True,file,ROUTING_RULES;SRAM_CONFIGURATION,,False,DIRECT,Scanned file under outputs.
outputs,outputs/openyield_complete_signal_routing/current_supported_config/complete_signal_routing_config.json,True,file,ROUTING_RULES;SRAM_CONFIGURATION,,False,DIRECT,Scanned file under outputs.
outputs,outputs/openyield_complete_signal_routing/current_supported_config/complete_signal_routing_config.md,True,file,ROUTING_RULES;SRAM_CONFIGURATION,,False,DIRECT,Scanned file under outputs.
outputs,outputs/openyield_complete_signal_routing/current_supported_config/complete_signal_routing_gds_sanity_report.json,True,file,ROUTING_RULES;SRAM_CONFIGURATION;VERIFICATION_AND_TRACE,,False,DIRECT,Scanned file under outputs.
outputs,outputs/openyield_complete_signal_routing/current_supported_config/complete_signal_routing_generation_report.json,True,file,ROUTING_RULES;SRAM_CONFIGURATION,,False,DIRECT,Scanned file under outputs.
outputs,outputs/openyield_complete_signal_routing/current_supported_config/complete_signal_routing_generation_report.md,True,file,ROUTING_RULES;SRAM_CONFIGURATION,,False,DIRECT,Scanned file under outputs.
outputs,outputs/openyield_complete_signal_routing/current_supported_config/complete_signal_routing_generator_manifest.json,True,file,PHYSICAL_IMPLEMENTATION_LIBRARY;ROUTING_RULES;SRAM_CONFIGURATION,,False,DIRECT,Scanned file under outputs.
outputs,outputs/openyield_complete_signal_routing/current_supported_config/complete_top_io_routing_report.json,True,file,ROUTING_RULES;SRAM_CONFIGURATION,,False,DIRECT,Scanned file under outputs.
outputs,outputs/openyield_complete_signal_routing/current_supported_config/complete_top_io_routing_report.md,True,file,ROUTING_RULES;SRAM_CONFIGURATION,,False,DIRECT,Scanned file under outputs.
outputs,outputs/openyield_complete_signal_routing/current_supported_config/complete_wordline_routing_report.json,True,file,ROUTING_RULES;SRAM_CONFIGURATION,,False,DIRECT,Scanned file under outputs.
outputs,outputs/openyield_complete_signal_routing/current_supported_config/complete_wordline_routing_report.md,True,file,ROUTING_RULES;SRAM_CONFIGURATION,,False,DIRECT,Scanned file under outputs.
outputs,outputs/openyield_complete_signal_routing/current_supported_config/openyield_complete_signal_routed_sram.gds,True,file,ROUTING_RULES;SRAM_CONFIGURATION,,False,DIRECT,Scanned file under outputs.
outputs,outputs/openyield_complete_sram/current_supported_config/final_complete_gds_comparison_report.json,True,file,SRAM_CONFIGURATION,,False,DIRECT,Scanned file under outputs.
outputs,outputs/openyield_complete_sram/current_supported_config/final_complete_gds_comparison_report.md,True,file,SRAM_CONFIGURATION,,False,DIRECT,Scanned file under outputs.
outputs,outputs/openyield_complete_sram/current_supported_config/final_complete_gds_config.json,True,file,SRAM_CONFIGURATION,,False,DIRECT,Scanned file under outputs.
outputs,outputs/openyield_complete_sram/current_supported_config/final_complete_gds_config.md,True,file,SRAM_CONFIGURATION,,False,DIRECT,Scanned file under outputs.
outputs,outputs/openyield_complete_sram/current_supported_config/final_complete_gds_generation_report.json,True,file,SRAM_CONFIGURATION,,False,DIRECT,Scanned file under outputs.
outputs,outputs/openyield_complete_sram/current_supported_config/final_complete_gds_generation_report.md,True,file,SRAM_CONFIGURATION,,False,DIRECT,Scanned file under outputs.
outputs,outputs/openyield_complete_sram/current_supported_config/final_complete_gds_generator_manifest.json,True,file,PHYSICAL_IMPLEMENTATION_LIBRARY;SRAM_CONFIGURATION,,False,DIRECT,Scanned file under outputs.
outputs,outputs/openyield_complete_sram/current_supported_config/final_complete_gds_sanity_report.json,True,file,SRAM_CONFIGURATION;VERIFICATION_AND_TRACE,,False,DIRECT,Scanned file under outputs.
outputs,outputs/openyield_complete_sram/current_supported_config/final_complete_gds_sanity_report.md,True,file,SRAM_CONFIGURATION;VERIFICATION_AND_TRACE,,False,DIRECT,Scanned file under outputs.
outputs,outputs/openyield_complete_sram/current_supported_config/final_delivery_checklist.json,True,file,SRAM_CONFIGURATION,,False,DIRECT,Scanned file under outputs.
outputs,outputs/openyield_complete_sram/current_supported_config/final_delivery_checklist.md,True,file,SRAM_CONFIGURATION,,False,DIRECT,Scanned file under outputs.
outputs,outputs/openyield_complete_sram/current_supported_config/final_drc_smoke.lyrdb,True,file,SRAM_CONFIGURATION,,False,DIRECT,Scanned file under outputs.
outputs,outputs/openyield_complete_sram/current_supported_config/final_drc_smoke_report.json,True,file,SRAM_CONFIGURATION,,False,DIRECT,Scanned file under outputs.
outputs,outputs/openyield_complete_sram/current_supported_config/final_drc_smoke_report.md,True,file,SRAM_CONFIGURATION,,False,DIRECT,Scanned file under outputs.
outputs,outputs/openyield_complete_sram/current_supported_config/final_floorplan_validation_report.json,True,file,FLOORPLAN_RULES;SRAM_CONFIGURATION,,False,DIRECT,Scanned file under outputs.
outputs,outputs/openyield_complete_sram/current_supported_config/final_floorplan_validation_report.md,True,file,FLOORPLAN_RULES;SRAM_CONFIGURATION,,False,DIRECT,Scanned file under outputs.
outputs,outputs/openyield_complete_sram/current_supported_config/final_hierarchy_validation_report.json,True,file,SRAM_CONFIGURATION,,False,DIRECT,Scanned file under outputs.
outputs,outputs/openyield_complete_sram/current_supported_config/final_hierarchy_validation_report.md,True,file,SRAM_CONFIGURATION,,False,DIRECT,Scanned file under outputs.
outputs,outputs/openyield_complete_sram/current_supported_config/final_lvs_feasibility_report.json,True,file,SRAM_CONFIGURATION,,False,DIRECT,Scanned file under outputs.
outputs,outputs/openyield_complete_sram/current_supported_config/final_lvs_feasibility_report.md,True,file,SRAM_CONFIGURATION,,False,DIRECT,Scanned file under outputs.
outputs,outputs/openyield_complete_sram/current_supported_config/final_lvs_run_report.json,True,file,SRAM_CONFIGURATION,,False,DIRECT,Scanned file under outputs.
outputs,outputs/openyield_complete_sram/current_supported_config/final_lvs_run_report.md,True,file,SRAM_CONFIGURATION,,False,DIRECT,Scanned file under outputs.
outputs,outputs/openyield_complete_sram/current_supported_config/final_net_to_shape_validation_report.json,True,file,ROUTING_RULES;SRAM_CONFIGURATION,,False,DIRECT,Scanned file under outputs.
outputs,outputs/openyield_complete_sram/current_supported_config/final_net_to_shape_validation_report.md,True,file,ROUTING_RULES;SRAM_CONFIGURATION,,False,DIRECT,Scanned file under outputs.
outputs,outputs/openyield_complete_sram/current_supported_config/final_one_page_summary.md,True,file,SRAM_CONFIGURATION,,False,DIRECT,Scanned file under outputs.
outputs,outputs/openyield_complete_sram/current_supported_config/final_power_connectivity_validation_report.json,True,file,POWER_PLAN;SRAM_CONFIGURATION,,False,DIRECT,Scanned file under outputs.
outputs,outputs/openyield_complete_sram/current_supported_config/final_power_connectivity_validation_report.md,True,file,POWER_PLAN;SRAM_CONFIGURATION,,False,DIRECT,Scanned file under outputs.
outputs,outputs/openyield_complete_sram/current_supported_config/final_project_summary.json,True,file,SRAM_CONFIGURATION,,False,DIRECT,Scanned file under outputs.
outputs,outputs/openyield_complete_sram/current_supported_config/final_project_summary.md,True,file,SRAM_CONFIGURATION,,False,DIRECT,Scanned file under outputs.
outputs,outputs/openyield_complete_sram/current_supported_config/final_risk_register.json,True,file,SRAM_CONFIGURATION,,False,DIRECT,Scanned file under outputs.
outputs,outputs/openyield_complete_sram/current_supported_config/final_risk_register.md,True,file,SRAM_CONFIGURATION,,False,DIRECT,Scanned file under outputs.
outputs,outputs/openyield_complete_sram/current_supported_config/final_signal_connectivity_validation_report.json,True,file,SRAM_CONFIGURATION,,False,DIRECT,Scanned file under outputs.
outputs,outputs/openyield_complete_sram/current_supported_config/final_signal_connectivity_validation_report.md,True,file,SRAM_CONFIGURATION,,False,DIRECT,Scanned file under outputs.
outputs,outputs/openyield_complete_sram/current_supported_config/final_top_pin_validation_report.json,True,file,SRAM_CONFIGURATION,,False,DIRECT,Scanned file under outputs.
outputs,outputs/openyield_complete_sram/current_supported_config/final_top_pin_validation_report.md,True,file,SRAM_CONFIGURATION,,False,DIRECT,Scanned file under outputs.
outputs,outputs/openyield_complete_sram/current_supported_config/openyield_complete_sram.gds,True,file,SRAM_CONFIGURATION,,False,DIRECT,Scanned file under outputs.
outputs,outputs/openyield_drc_triage/current_supported_config/drc_marker_fix_priority.json,True,file,SRAM_CONFIGURATION,,False,DIRECT,Scanned file under outputs.
outputs,outputs/openyield_drc_triage/current_supported_config/drc_marker_module_mapping.json,True,file,SRAM_CONFIGURATION,,False,DIRECT,Scanned file under outputs.
outputs,outputs/openyield_drc_triage/current_supported_config/drc_marker_raw_extract.json,True,file,SRAM_CONFIGURATION,,False,DIRECT,Scanned file under outputs.
outputs,outputs/openyield_drc_triage/current_supported_config/drc_marker_representative_samples.json,True,file,SRAM_CONFIGURATION,,False,DIRECT,Scanned file under outputs.
outputs,outputs/openyield_drc_triage/current_supported_config/drc_marker_root_cause_classification.json,True,file,SRAM_CONFIGURATION,,False,DIRECT,Scanned file under outputs.
outputs,outputs/openyield_drc_triage/current_supported_config/drc_marker_rule_summary.json,True,file,SRAM_CONFIGURATION,,False,DIRECT,Scanned file under outputs.
outputs,outputs/openyield_drc_triage/current_supported_config/drc_marker_spatial_clusters.json,True,file,SRAM_CONFIGURATION,,False,DIRECT,Scanned file under outputs.
outputs,outputs/openyield_drc_triage/current_supported_config/drc_triage_summary.json,True,file,SRAM_CONFIGURATION,,False,DIRECT,Scanned file under outputs.
outputs,outputs/openyield_drc_triage/current_supported_config/drc_triage_summary.md,True,file,SRAM_CONFIGURATION,,False,DIRECT,Scanned file under outputs.
outputs,outputs/openyield_final_handoff/current_supported_config/final_capability_boundary.md,True,file,SRAM_CONFIGURATION,,False,DIRECT,Scanned file under outputs.
outputs,outputs/openyield_final_handoff/current_supported_config/final_delivery_checklist.json,True,file,SRAM_CONFIGURATION,,False,DIRECT,Scanned file under outputs.
outputs,outputs/openyield_final_handoff/current_supported_config/final_delivery_checklist.md,True,file,SRAM_CONFIGURATION,,False,DIRECT,Scanned file under outputs.
outputs,outputs/openyield_final_handoff/current_supported_config/final_evidence_index.json,True,file,SRAM_CONFIGURATION,,False,DIRECT,Scanned file under outputs.
outputs,outputs/openyield_final_handoff/current_supported_config/final_evidence_index.md,True,file,SRAM_CONFIGURATION,,False,DIRECT,Scanned file under outputs.
outputs,outputs/openyield_final_handoff/current_supported_config/final_future_work_plan.md,True,file,SRAM_CONFIGURATION,,False,DIRECT,Scanned file under outputs.
outputs,outputs/openyield_final_handoff/current_supported_config/final_limitations_and_risks.md,True,file,SRAM_CONFIGURATION,,False,DIRECT,Scanned file under outputs.
outputs,outputs/openyield_final_handoff/current_supported_config/final_one_page_summary.md,True,file,SRAM_CONFIGURATION,,False,DIRECT,Scanned file under outputs.
outputs,outputs/openyield_final_handoff/current_supported_config/final_project_summary.json,True,file,SRAM_CONFIGURATION,,False,DIRECT,Scanned file under outputs.
outputs,outputs/openyield_final_handoff/current_supported_config/final_project_summary.md,True,file,SRAM_CONFIGURATION,,False,DIRECT,Scanned file under outputs.
outputs,outputs/openyield_final_handoff/current_supported_config/final_technical_report.md,True,file,SRAM_CONFIGURATION,,False,DIRECT,Scanned file under outputs.
outputs,outputs/openyield_final_validation/current_supported_config/final_delivery_checklist.json,True,file,SRAM_CONFIGURATION,,False,DIRECT,Scanned file under outputs.
outputs,outputs/openyield_final_validation/current_supported_config/final_delivery_checklist.md,True,file,SRAM_CONFIGURATION,,False,DIRECT,Scanned file under outputs.
outputs,outputs/openyield_final_validation/current_supported_config/final_gds_comparison_report.json,True,file,SRAM_CONFIGURATION,,False,DIRECT,Scanned file under outputs.
outputs,outputs/openyield_final_validation/current_supported_config/final_gds_comparison_report.md,True,file,SRAM_CONFIGURATION,,False,DIRECT,Scanned file under outputs.
outputs,outputs/openyield_final_validation/current_supported_config/final_gds_sanity_report.json,True,file,SRAM_CONFIGURATION;VERIFICATION_AND_TRACE,,False,DIRECT,Scanned file under outputs.
outputs,outputs/openyield_final_validation/current_supported_config/final_gds_sanity_report.md,True,file,SRAM_CONFIGURATION;VERIFICATION_AND_TRACE,,False,DIRECT,Scanned file under outputs.
outputs,outputs/openyield_final_validation/current_supported_config/final_hierarchy_validation_report.json,True,file,SRAM_CONFIGURATION,,False,DIRECT,Scanned file under outputs.
outputs,outputs/openyield_final_validation/current_supported_config/final_hierarchy_validation_report.md,True,file,SRAM_CONFIGURATION,,False,DIRECT,Scanned file under outputs.
outputs,outputs/openyield_final_validation/current_supported_config/final_net_mapping_audit.json,True,file,SRAM_CONFIGURATION,,False,DIRECT,Scanned file under outputs.
outputs,outputs/openyield_final_validation/current_supported_config/final_net_mapping_audit.md,True,file,SRAM_CONFIGURATION,,False,DIRECT,Scanned file under outputs.
outputs,outputs/openyield_final_validation/current_supported_config/final_one_page_summary.md,True,file,SRAM_CONFIGURATION,,False,DIRECT,Scanned file under outputs.
outputs,outputs/openyield_final_validation/current_supported_config/final_pin_export_audit.json,True,file,SRAM_CONFIGURATION,,False,DIRECT,Scanned file under outputs.
outputs,outputs/openyield_final_validation/current_supported_config/final_pin_export_audit.md,True,file,SRAM_CONFIGURATION,,False,DIRECT,Scanned file under outputs.
outputs,outputs/openyield_final_validation/current_supported_config/final_power_continuity_audit.json,True,file,POWER_PLAN;SRAM_CONFIGURATION,,False,DIRECT,Scanned file under outputs.
outputs,outputs/openyield_final_validation/current_supported_config/final_power_continuity_audit.md,True,file,POWER_PLAN;SRAM_CONFIGURATION,,False,DIRECT,Scanned file under outputs.
outputs,outputs/openyield_final_validation/current_supported_config/final_project_summary.json,True,file,SRAM_CONFIGURATION,,False,DIRECT,Scanned file under outputs.
outputs,outputs/openyield_final_validation/current_supported_config/final_project_summary.md,True,file,SRAM_CONFIGURATION,,False,DIRECT,Scanned file under outputs.
outputs,outputs/openyield_final_validation/current_supported_config/final_risk_register.json,True,file,SRAM_CONFIGURATION,,False,DIRECT,Scanned file under outputs.
outputs,outputs/openyield_final_validation/current_supported_config/final_risk_register.md,True,file,SRAM_CONFIGURATION,,False,DIRECT,Scanned file under outputs.
outputs,outputs/openyield_final_validation/current_supported_config/final_routing_completeness_audit.json,True,file,ROUTING_RULES;SRAM_CONFIGURATION,,False,DIRECT,Scanned file under outputs.
outputs,outputs/openyield_final_validation/current_supported_config/final_routing_completeness_audit.md,True,file,ROUTING_RULES;SRAM_CONFIGURATION,,False,DIRECT,Scanned file under outputs.
outputs,outputs/openyield_final_validation/current_supported_config/final_topology_validation_report.json,True,file,SRAM_CONFIGURATION,,False,DIRECT,Scanned file under outputs.
outputs,outputs/openyield_final_validation/current_supported_config/final_topology_validation_report.md,True,file,SRAM_CONFIGURATION,,False,DIRECT,Scanned file under outputs.
outputs,outputs/openyield_generator_architecture/current_supported_config/openyield_generator_component_plan.json,True,file,SRAM_CONFIGURATION,,False,DIRECT,Scanned file under outputs.
outputs,outputs/openyield_generator_architecture/current_supported_config/openyield_generator_component_plan.md,True,file,SRAM_CONFIGURATION,,False,DIRECT,Scanned file under outputs.
outputs,outputs/openyield_generator_architecture/current_supported_config/openyield_generator_dataflow.json,True,file,SRAM_CONFIGURATION,,False,DIRECT,Scanned file under outputs.
outputs,outputs/openyield_generator_architecture/current_supported_config/openyield_generator_dataflow.md,True,file,SRAM_CONFIGURATION,,False,DIRECT,Scanned file under outputs.
outputs,outputs/openyield_generator_architecture/current_supported_config/openyield_generator_module_interfaces.json,True,file,SRAM_CONFIGURATION,,False,DIRECT,Scanned file under outputs.
outputs,outputs/openyield_generator_architecture/current_supported_config/openyield_generator_module_interfaces.md,True,file,SRAM_CONFIGURATION,,False,DIRECT,Scanned file under outputs.
outputs,outputs/openyield_generator_architecture/current_supported_config/openyield_generator_reuse_decision.json,True,file,SRAM_CONFIGURATION,,False,DIRECT,Scanned file under outputs.
outputs,outputs/openyield_generator_architecture/current_supported_config/openyield_generator_reuse_decision.md,True,file,SRAM_CONFIGURATION,,False,DIRECT,Scanned file under outputs.
outputs,outputs/openyield_generator_architecture/current_supported_config/openyield_r3_minimum_implementation_plan.json,True,file,SRAM_CONFIGURATION,,False,DIRECT,Scanned file under outputs.
outputs,outputs/openyield_generator_architecture/current_supported_config/openyield_r3_minimum_implementation_plan.md,True,file,SRAM_CONFIGURATION,,False,DIRECT,Scanned file under outputs.
outputs,outputs/openyield_generator_architecture/current_supported_config/openyield_r4_routing_power_pin_plan.json,True,file,POWER_PLAN;ROUTING_RULES;SRAM_CONFIGURATION,,False,DIRECT,Scanned file under outputs.
outputs,outputs/openyield_generator_architecture/current_supported_config/openyield_r4_routing_power_pin_plan.md,True,file,POWER_PLAN;ROUTING_RULES;SRAM_CONFIGURATION,,False,DIRECT,Scanned file under outputs.
outputs,outputs/openyield_generator_architecture/current_supported_config/openyield_sram_generator_architecture.json,True,file,SRAM_CONFIGURATION,,False,DIRECT,Scanned file under outputs.
outputs,outputs/openyield_generator_architecture/current_supported_config/openyield_sram_generator_architecture.md,True,file,SRAM_CONFIGURATION,,False,DIRECT,Scanned file under outputs.
outputs,outputs/openyield_layout_intent/current_supported_config/openyield_array_topology_contract.json,True,file,FLOORPLAN_RULES;NETLIST_SEMANTICS;SRAM_CONFIGURATION,,False,DIRECT,Scanned file under outputs.
outputs,outputs/openyield_layout_intent/current_supported_config/openyield_array_topology_contract.md,True,file,FLOORPLAN_RULES;NETLIST_SEMANTICS;SRAM_CONFIGURATION,,False,DIRECT,Scanned file under outputs.
outputs,outputs/openyield_layout_intent/current_supported_config/openyield_column_path_intent.json,True,file,FLOORPLAN_RULES;NETLIST_SEMANTICS;SRAM_CONFIGURATION,,False,DIRECT,Scanned file under outputs.
outputs,outputs/openyield_layout_intent/current_supported_config/openyield_column_path_intent.md,True,file,FLOORPLAN_RULES;NETLIST_SEMANTICS;SRAM_CONFIGURATION,,False,DIRECT,Scanned file under outputs.
outputs,outputs/openyield_layout_intent/current_supported_config/openyield_control_path_intent.json,True,file,FLOORPLAN_RULES;NETLIST_SEMANTICS;SRAM_CONFIGURATION,,False,DIRECT,Scanned file under outputs.
outputs,outputs/openyield_layout_intent/current_supported_config/openyield_control_path_intent.md,True,file,FLOORPLAN_RULES;NETLIST_SEMANTICS;SRAM_CONFIGURATION,,False,DIRECT,Scanned file under outputs.
outputs,outputs/openyield_layout_intent/current_supported_config/openyield_module_to_physical_role_map.csv,True,file,FLOORPLAN_RULES;NETLIST_SEMANTICS;SRAM_CONFIGURATION,,False,DIRECT,Scanned file under outputs.
outputs,outputs/openyield_layout_intent/current_supported_config/openyield_module_to_physical_role_map.md,True,file,FLOORPLAN_RULES;NETLIST_SEMANTICS;SRAM_CONFIGURATION,,False,DIRECT,Scanned file under outputs.
outputs,outputs/openyield_layout_intent/current_supported_config/openyield_net_to_layout_role_map.csv,True,file,FLOORPLAN_RULES;NETLIST_SEMANTICS;SRAM_CONFIGURATION,,False,DIRECT,Scanned file under outputs.
outputs,outputs/openyield_layout_intent/current_supported_config/openyield_net_to_layout_role_map.md,True,file,FLOORPLAN_RULES;NETLIST_SEMANTICS;SRAM_CONFIGURATION,,False,DIRECT,Scanned file under outputs.
outputs,outputs/openyield_layout_intent/current_supported_config/openyield_pin_intent.json,True,file,FLOORPLAN_RULES;NETLIST_SEMANTICS;SRAM_CONFIGURATION,,False,DIRECT,Scanned file under outputs.
outputs,outputs/openyield_layout_intent/current_supported_config/openyield_pin_intent.md,True,file,FLOORPLAN_RULES;NETLIST_SEMANTICS;SRAM_CONFIGURATION,,False,DIRECT,Scanned file under outputs.
outputs,outputs/openyield_layout_intent/current_supported_config/openyield_power_intent.json,True,file,FLOORPLAN_RULES;NETLIST_SEMANTICS;POWER_PLAN;SRAM_CONFIGURATION,,False,DIRECT,Scanned file under outputs.
outputs,outputs/openyield_layout_intent/current_supported_config/openyield_power_intent.md,True,file,FLOORPLAN_RULES;NETLIST_SEMANTICS;POWER_PLAN;SRAM_CONFIGURATION,,False,DIRECT,Scanned file under outputs.
outputs,outputs/openyield_layout_intent/current_supported_config/openyield_row_path_intent.json,True,file,FLOORPLAN_RULES;NETLIST_SEMANTICS;SRAM_CONFIGURATION,,False,DIRECT,Scanned file under outputs.
outputs,outputs/openyield_layout_intent/current_supported_config/openyield_row_path_intent.md,True,file,FLOORPLAN_RULES;NETLIST_SEMANTICS;SRAM_CONFIGURATION,,False,DIRECT,Scanned file under outputs.
outputs,outputs/openyield_layout_intent/current_supported_config/openyield_sram_layout_intent.json,True,file,FLOORPLAN_RULES;NETLIST_SEMANTICS;SRAM_CONFIGURATION,,False,DIRECT,Scanned file under outputs.
outputs,outputs/openyield_layout_intent/current_supported_config/openyield_sram_layout_intent.md,True,file,FLOORPLAN_RULES;NETLIST_SEMANTICS;SRAM_CONFIGURATION,,False,DIRECT,Scanned file under outputs.
outputs,outputs/openyield_module_gds/CONTROL_LOGIC/CONTROL_LOGIC.gds,True,file,PHYSICAL_IMPLEMENTATION_LIBRARY,,False,DIRECT,Scanned file under outputs.
outputs,outputs/openyield_module_gds/CONTROL_LOGIC/bbox.json,True,file,PHYSICAL_IMPLEMENTATION_LIBRARY;PIN_BBOX_RAIL_METADATA,,False,DIRECT,Scanned file under outputs.
outputs,outputs/openyield_module_gds/CONTROL_LOGIC/generation_report.json,True,file,PHYSICAL_IMPLEMENTATION_LIBRARY,,False,DIRECT,Scanned file under outputs.
outputs,outputs/openyield_module_gds/CONTROL_LOGIC/generation_report.md,True,file,PHYSICAL_IMPLEMENTATION_LIBRARY,,False,DIRECT,Scanned file under outputs.
outputs,outputs/openyield_module_gds/CONTROL_LOGIC/generator_manifest.json,True,file,PHYSICAL_IMPLEMENTATION_LIBRARY,,False,DIRECT,Scanned file under outputs.
outputs,outputs/openyield_module_gds/CONTROL_LOGIC/pins.json,True,file,PHYSICAL_IMPLEMENTATION_LIBRARY;PIN_BBOX_RAIL_METADATA,,False,DIRECT,Scanned file under outputs.
outputs,outputs/openyield_module_gds/CONTROL_LOGIC/rail_report.json,True,file,PHYSICAL_IMPLEMENTATION_LIBRARY;PIN_BBOX_RAIL_METADATA;POWER_PLAN,,False,DIRECT,Scanned file under outputs.
outputs,outputs/openyield_module_gds/DELAY_CHAIN/DELAY_CHAIN.gds,True,file,PHYSICAL_IMPLEMENTATION_LIBRARY,,False,DIRECT,Scanned file under outputs.
outputs,outputs/openyield_module_gds/DELAY_CHAIN/bbox.json,True,file,PHYSICAL_IMPLEMENTATION_LIBRARY;PIN_BBOX_RAIL_METADATA,,False,DIRECT,Scanned file under outputs.
outputs,outputs/openyield_module_gds/DELAY_CHAIN/generation_report.json,True,file,PHYSICAL_IMPLEMENTATION_LIBRARY,,False,DIRECT,Scanned file under outputs.
outputs,outputs/openyield_module_gds/DELAY_CHAIN/generation_report.md,True,file,PHYSICAL_IMPLEMENTATION_LIBRARY,,False,DIRECT,Scanned file under outputs.
outputs,outputs/openyield_module_gds/DELAY_CHAIN/generator_manifest.json,True,file,PHYSICAL_IMPLEMENTATION_LIBRARY,,False,DIRECT,Scanned file under outputs.
outputs,outputs/openyield_module_gds/DELAY_CHAIN/pins.json,True,file,PHYSICAL_IMPLEMENTATION_LIBRARY;PIN_BBOX_RAIL_METADATA,,False,DIRECT,Scanned file under outputs.
outputs,outputs/openyield_module_gds/DELAY_CHAIN/rail_report.json,True,file,PHYSICAL_IMPLEMENTATION_LIBRARY;PIN_BBOX_RAIL_METADATA;POWER_PLAN,,False,DIRECT,Scanned file under outputs.
outputs,outputs/openyield_module_gds/DFF_ROW/DFF_ROW.gds,True,file,PHYSICAL_IMPLEMENTATION_LIBRARY,,False,DIRECT,Scanned file under outputs.
outputs,outputs/openyield_module_gds/DFF_ROW/bbox.json,True,file,PHYSICAL_IMPLEMENTATION_LIBRARY;PIN_BBOX_RAIL_METADATA,,False,DIRECT,Scanned file under outputs.
outputs,outputs/openyield_module_gds/DFF_ROW/generation_report.json,True,file,PHYSICAL_IMPLEMENTATION_LIBRARY,,False,DIRECT,Scanned file under outputs.
outputs,outputs/openyield_module_gds/DFF_ROW/generation_report.md,True,file,PHYSICAL_IMPLEMENTATION_LIBRARY,,False,DIRECT,Scanned file under outputs.
outputs,outputs/openyield_module_gds/DFF_ROW/generator_manifest.json,True,file,PHYSICAL_IMPLEMENTATION_LIBRARY,,False,DIRECT,Scanned file under outputs.
outputs,outputs/openyield_module_gds/DFF_ROW/pins.json,True,file,PHYSICAL_IMPLEMENTATION_LIBRARY;PIN_BBOX_RAIL_METADATA,,False,DIRECT,Scanned file under outputs.
outputs,outputs/openyield_module_gds/DFF_ROW/rail_report.json,True,file,PHYSICAL_IMPLEMENTATION_LIBRARY;PIN_BBOX_RAIL_METADATA;POWER_PLAN,,False,DIRECT,Scanned file under outputs.
outputs,outputs/openyield_module_gds/GATED_CLOCK_PATH/GATED_CLOCK_PATH.gds,True,file,PHYSICAL_IMPLEMENTATION_LIBRARY,,False,DIRECT,Scanned file under outputs.
outputs,outputs/openyield_module_gds/GATED_CLOCK_PATH/bbox.json,True,file,PHYSICAL_IMPLEMENTATION_LIBRARY;PIN_BBOX_RAIL_METADATA,,False,DIRECT,Scanned file under outputs.
outputs,outputs/openyield_module_gds/GATED_CLOCK_PATH/generation_report.json,True,file,PHYSICAL_IMPLEMENTATION_LIBRARY,,False,DIRECT,Scanned file under outputs.
outputs,outputs/openyield_module_gds/GATED_CLOCK_PATH/generation_report.md,True,file,PHYSICAL_IMPLEMENTATION_LIBRARY,,False,DIRECT,Scanned file under outputs.
outputs,outputs/openyield_module_gds/GATED_CLOCK_PATH/generator_manifest.json,True,file,PHYSICAL_IMPLEMENTATION_LIBRARY,,False,DIRECT,Scanned file under outputs.
outputs,outputs/openyield_module_gds/GATED_CLOCK_PATH/pins.json,True,file,PHYSICAL_IMPLEMENTATION_LIBRARY;PIN_BBOX_RAIL_METADATA,,False,DIRECT,Scanned file under outputs.
outputs,outputs/openyield_module_gds/GATED_CLOCK_PATH/rail_report.json,True,file,PHYSICAL_IMPLEMENTATION_LIBRARY;PIN_BBOX_RAIL_METADATA;POWER_PLAN,,False,DIRECT,Scanned file under outputs.
outputs,outputs/openyield_module_gds/PRECHARGE_ENABLE_PATH/PRECHARGE_ENABLE_PATH.gds,True,file,PHYSICAL_IMPLEMENTATION_LIBRARY,,False,DIRECT,Scanned file under outputs.
outputs,outputs/openyield_module_gds/PRECHARGE_ENABLE_PATH/bbox.json,True,file,PHYSICAL_IMPLEMENTATION_LIBRARY;PIN_BBOX_RAIL_METADATA,,False,DIRECT,Scanned file under outputs.
outputs,outputs/openyield_module_gds/PRECHARGE_ENABLE_PATH/generation_report.json,True,file,PHYSICAL_IMPLEMENTATION_LIBRARY,,False,DIRECT,Scanned file under outputs.
outputs,outputs/openyield_module_gds/PRECHARGE_ENABLE_PATH/generation_report.md,True,file,PHYSICAL_IMPLEMENTATION_LIBRARY,,False,DIRECT,Scanned file under outputs.
outputs,outputs/openyield_module_gds/PRECHARGE_ENABLE_PATH/generator_manifest.json,True,file,PHYSICAL_IMPLEMENTATION_LIBRARY,,False,DIRECT,Scanned file under outputs.
outputs,outputs/openyield_module_gds/PRECHARGE_ENABLE_PATH/pins.json,True,file,PHYSICAL_IMPLEMENTATION_LIBRARY;PIN_BBOX_RAIL_METADATA,,False,DIRECT,Scanned file under outputs.
outputs,outputs/openyield_module_gds/PRECHARGE_ENABLE_PATH/rail_report.json,True,file,PHYSICAL_IMPLEMENTATION_LIBRARY;PIN_BBOX_RAIL_METADATA;POWER_PLAN,,False,DIRECT,Scanned file under outputs.
outputs,outputs/openyield_module_gds/SENSE_ENABLE_PATH/SENSE_ENABLE_PATH.gds,True,file,PHYSICAL_IMPLEMENTATION_LIBRARY,,False,DIRECT,Scanned file under outputs.
outputs,outputs/openyield_module_gds/SENSE_ENABLE_PATH/bbox.json,True,file,PHYSICAL_IMPLEMENTATION_LIBRARY;PIN_BBOX_RAIL_METADATA,,False,DIRECT,Scanned file under outputs.
outputs,outputs/openyield_module_gds/SENSE_ENABLE_PATH/generation_report.json,True,file,PHYSICAL_IMPLEMENTATION_LIBRARY,,False,DIRECT,Scanned file under outputs.
outputs,outputs/openyield_module_gds/SENSE_ENABLE_PATH/generation_report.md,True,file,PHYSICAL_IMPLEMENTATION_LIBRARY,,False,DIRECT,Scanned file under outputs.
outputs,outputs/openyield_module_gds/SENSE_ENABLE_PATH/generator_manifest.json,True,file,PHYSICAL_IMPLEMENTATION_LIBRARY,,False,DIRECT,Scanned file under outputs.
outputs,outputs/openyield_module_gds/SENSE_ENABLE_PATH/pins.json,True,file,PHYSICAL_IMPLEMENTATION_LIBRARY;PIN_BBOX_RAIL_METADATA,,False,DIRECT,Scanned file under outputs.
outputs,outputs/openyield_module_gds/SENSE_ENABLE_PATH/rail_report.json,True,file,PHYSICAL_IMPLEMENTATION_LIBRARY;PIN_BBOX_RAIL_METADATA;POWER_PLAN,,False,DIRECT,Scanned file under outputs.
outputs,outputs/openyield_module_gds/WORDLINE_ENABLE_PATH/WORDLINE_ENABLE_PATH.gds,True,file,PHYSICAL_IMPLEMENTATION_LIBRARY;ROUTING_RULES,,False,DIRECT,Scanned file under outputs.
outputs,outputs/openyield_module_gds/WORDLINE_ENABLE_PATH/bbox.json,True,file,PHYSICAL_IMPLEMENTATION_LIBRARY;PIN_BBOX_RAIL_METADATA;ROUTING_RULES,,False,DIRECT,Scanned file under outputs.
outputs,outputs/openyield_module_gds/WORDLINE_ENABLE_PATH/generation_report.json,True,file,PHYSICAL_IMPLEMENTATION_LIBRARY;ROUTING_RULES,,False,DIRECT,Scanned file under outputs.
outputs,outputs/openyield_module_gds/WORDLINE_ENABLE_PATH/generation_report.md,True,file,PHYSICAL_IMPLEMENTATION_LIBRARY;ROUTING_RULES,,False,DIRECT,Scanned file under outputs.
outputs,outputs/openyield_module_gds/WORDLINE_ENABLE_PATH/generator_manifest.json,True,file,PHYSICAL_IMPLEMENTATION_LIBRARY;ROUTING_RULES,,False,DIRECT,Scanned file under outputs.
outputs,outputs/openyield_module_gds/WORDLINE_ENABLE_PATH/pins.json,True,file,PHYSICAL_IMPLEMENTATION_LIBRARY;PIN_BBOX_RAIL_METADATA;ROUTING_RULES,,False,DIRECT,Scanned file under outputs.
outputs,outputs/openyield_module_gds/WORDLINE_ENABLE_PATH/rail_report.json,True,file,PHYSICAL_IMPLEMENTATION_LIBRARY;PIN_BBOX_RAIL_METADATA;POWER_PLAN;ROUTING_RULES,,False,DIRECT,Scanned file under outputs.
outputs,outputs/openyield_module_gds/WRITE_ENABLE_PATH/WRITE_ENABLE_PATH.gds,True,file,PHYSICAL_IMPLEMENTATION_LIBRARY,,False,DIRECT,Scanned file under outputs.
outputs,outputs/openyield_module_gds/WRITE_ENABLE_PATH/bbox.json,True,file,PHYSICAL_IMPLEMENTATION_LIBRARY;PIN_BBOX_RAIL_METADATA,,False,DIRECT,Scanned file under outputs.
outputs,outputs/openyield_module_gds/WRITE_ENABLE_PATH/generation_report.json,True,file,PHYSICAL_IMPLEMENTATION_LIBRARY,,False,DIRECT,Scanned file under outputs.
outputs,outputs/openyield_module_gds/WRITE_ENABLE_PATH/generation_report.md,True,file,PHYSICAL_IMPLEMENTATION_LIBRARY,,False,DIRECT,Scanned file under outputs.
outputs,outputs/openyield_module_gds/WRITE_ENABLE_PATH/generator_manifest.json,True,file,PHYSICAL_IMPLEMENTATION_LIBRARY,,False,DIRECT,Scanned file under outputs.
outputs,outputs/openyield_module_gds/WRITE_ENABLE_PATH/pins.json,True,file,PHYSICAL_IMPLEMENTATION_LIBRARY;PIN_BBOX_RAIL_METADATA,,False,DIRECT,Scanned file under outputs.
outputs,outputs/openyield_module_gds/WRITE_ENABLE_PATH/rail_report.json,True,file,PHYSICAL_IMPLEMENTATION_LIBRARY;PIN_BBOX_RAIL_METADATA;POWER_PLAN,,False,DIRECT,Scanned file under outputs.
outputs,outputs/openyield_module_gds/bitcell_array/bbox.json,True,file,PHYSICAL_IMPLEMENTATION_LIBRARY;PIN_BBOX_RAIL_METADATA,,False,DIRECT,Scanned file under outputs.
outputs,outputs/openyield_module_gds/bitcell_array/bitcell_array.gds,True,file,PHYSICAL_IMPLEMENTATION_LIBRARY,,False,DIRECT,Scanned file under outputs.
outputs,outputs/openyield_module_gds/bitcell_array/generation_report.json,True,file,PHYSICAL_IMPLEMENTATION_LIBRARY,,False,DIRECT,Scanned file under outputs.
outputs,outputs/openyield_module_gds/bitcell_array/generation_report.md,True,file,PHYSICAL_IMPLEMENTATION_LIBRARY,,False,DIRECT,Scanned file under outputs.
outputs,outputs/openyield_module_gds/bitcell_array/generator_manifest.json,True,file,PHYSICAL_IMPLEMENTATION_LIBRARY,,False,DIRECT,Scanned file under outputs.
outputs,outputs/openyield_module_gds/bitcell_array/pins.json,True,file,PHYSICAL_IMPLEMENTATION_LIBRARY;PIN_BBOX_RAIL_METADATA,,False,DIRECT,Scanned file under outputs.
outputs,outputs/openyield_module_gds/bitcell_array/rail_report.json,True,file,PHYSICAL_IMPLEMENTATION_LIBRARY;PIN_BBOX_RAIL_METADATA;POWER_PLAN,,False,DIRECT,Scanned file under outputs.
outputs,outputs/openyield_module_gds/column_mux/bbox.json,True,file,PHYSICAL_IMPLEMENTATION_LIBRARY;PIN_BBOX_RAIL_METADATA,,False,DIRECT,Scanned file under outputs.
outputs,outputs/openyield_module_gds/column_mux/column_mux.gds,True,file,PHYSICAL_IMPLEMENTATION_LIBRARY,,False,DIRECT,Scanned file under outputs.
outputs,outputs/openyield_module_gds/column_mux/generation_report.json,True,file,PHYSICAL_IMPLEMENTATION_LIBRARY,,False,DIRECT,Scanned file under outputs.
outputs,outputs/openyield_module_gds/column_mux/generation_report.md,True,file,PHYSICAL_IMPLEMENTATION_LIBRARY,,False,DIRECT,Scanned file under outputs.
outputs,outputs/openyield_module_gds/column_mux/generator_manifest.json,True,file,PHYSICAL_IMPLEMENTATION_LIBRARY,,False,DIRECT,Scanned file under outputs.
outputs,outputs/openyield_module_gds/column_mux/pins.json,True,file,PHYSICAL_IMPLEMENTATION_LIBRARY;PIN_BBOX_RAIL_METADATA,,False,DIRECT,Scanned file under outputs.
outputs,outputs/openyield_module_gds/column_mux/rail_report.json,True,file,PHYSICAL_IMPLEMENTATION_LIBRARY;PIN_BBOX_RAIL_METADATA;POWER_PLAN,,False,DIRECT,Scanned file under outputs.
outputs,outputs/openyield_module_gds/decoder_gate_cells/bbox.json,True,file,PHYSICAL_IMPLEMENTATION_LIBRARY;PIN_BBOX_RAIL_METADATA,,False,DIRECT,Scanned file under outputs.
outputs,outputs/openyield_module_gds/decoder_gate_cells/decoder_gate_cells.gds,True,file,PHYSICAL_IMPLEMENTATION_LIBRARY,,False,DIRECT,Scanned file under outputs.
outputs,outputs/openyield_module_gds/decoder_gate_cells/generation_report.json,True,file,PHYSICAL_IMPLEMENTATION_LIBRARY,,False,DIRECT,Scanned file under outputs.
outputs,outputs/openyield_module_gds/decoder_gate_cells/generation_report.md,True,file,PHYSICAL_IMPLEMENTATION_LIBRARY,,False,DIRECT,Scanned file under outputs.
outputs,outputs/openyield_module_gds/decoder_gate_cells/generator_manifest.json,True,file,PHYSICAL_IMPLEMENTATION_LIBRARY,,False,DIRECT,Scanned file under outputs.
outputs,outputs/openyield_module_gds/decoder_gate_cells/pins.json,True,file,PHYSICAL_IMPLEMENTATION_LIBRARY;PIN_BBOX_RAIL_METADATA,,False,DIRECT,Scanned file under outputs.
outputs,outputs/openyield_module_gds/decoder_gate_cells/rail_report.json,True,file,PHYSICAL_IMPLEMENTATION_LIBRARY;PIN_BBOX_RAIL_METADATA;POWER_PLAN,,False,DIRECT,Scanned file under outputs.
outputs,outputs/openyield_module_gds/dummy_array/bbox.json,True,file,PHYSICAL_IMPLEMENTATION_LIBRARY;PIN_BBOX_RAIL_METADATA,,False,DIRECT,Scanned file under outputs.
outputs,outputs/openyield_module_gds/dummy_array/dummy_array.gds,True,file,PHYSICAL_IMPLEMENTATION_LIBRARY,,False,DIRECT,Scanned file under outputs.
outputs,outputs/openyield_module_gds/dummy_array/generation_report.json,True,file,PHYSICAL_IMPLEMENTATION_LIBRARY,,False,DIRECT,Scanned file under outputs.
outputs,outputs/openyield_module_gds/dummy_array/generation_report.md,True,file,PHYSICAL_IMPLEMENTATION_LIBRARY,,False,DIRECT,Scanned file under outputs.
outputs,outputs/openyield_module_gds/dummy_array/generator_manifest.json,True,file,PHYSICAL_IMPLEMENTATION_LIBRARY,,False,DIRECT,Scanned file under outputs.
outputs,outputs/openyield_module_gds/dummy_array/pins.json,True,file,PHYSICAL_IMPLEMENTATION_LIBRARY;PIN_BBOX_RAIL_METADATA,,False,DIRECT,Scanned file under outputs.
outputs,outputs/openyield_module_gds/dummy_array/rail_report.json,True,file,PHYSICAL_IMPLEMENTATION_LIBRARY;PIN_BBOX_RAIL_METADATA;POWER_PLAN,,False,DIRECT,Scanned file under outputs.
outputs,outputs/openyield_module_gds/precharge/bbox.json,True,file,PHYSICAL_IMPLEMENTATION_LIBRARY;PIN_BBOX_RAIL_METADATA,,False,DIRECT,Scanned file under outputs.
outputs,outputs/openyield_module_gds/precharge/generation_report.json,True,file,PHYSICAL_IMPLEMENTATION_LIBRARY,,False,DIRECT,Scanned file under outputs.
outputs,outputs/openyield_module_gds/precharge/generation_report.md,True,file,PHYSICAL_IMPLEMENTATION_LIBRARY,,False,DIRECT,Scanned file under outputs.
outputs,outputs/openyield_module_gds/precharge/generator_manifest.json,True,file,PHYSICAL_IMPLEMENTATION_LIBRARY,,False,DIRECT,Scanned file under outputs.
outputs,outputs/openyield_module_gds/precharge/pins.json,True,file,PHYSICAL_IMPLEMENTATION_LIBRARY;PIN_BBOX_RAIL_METADATA,,False,DIRECT,Scanned file under outputs.
outputs,outputs/openyield_module_gds/precharge/precharge.gds,True,file,PHYSICAL_IMPLEMENTATION_LIBRARY,,False,DIRECT,Scanned file under outputs.
outputs,outputs/openyield_module_gds/precharge/rail_report.json,True,file,PHYSICAL_IMPLEMENTATION_LIBRARY;PIN_BBOX_RAIL_METADATA;POWER_PLAN,,False,DIRECT,Scanned file under outputs.
outputs,outputs/openyield_module_gds/replica_array/bbox.json,True,file,PHYSICAL_IMPLEMENTATION_LIBRARY;PIN_BBOX_RAIL_METADATA,,False,DIRECT,Scanned file under outputs.
outputs,outputs/openyield_module_gds/replica_array/generation_report.json,True,file,PHYSICAL_IMPLEMENTATION_LIBRARY,,False,DIRECT,Scanned file under outputs.
outputs,outputs/openyield_module_gds/replica_array/generation_report.md,True,file,PHYSICAL_IMPLEMENTATION_LIBRARY,,False,DIRECT,Scanned file under outputs.
outputs,outputs/openyield_module_gds/replica_array/generator_manifest.json,True,file,PHYSICAL_IMPLEMENTATION_LIBRARY,,False,DIRECT,Scanned file under outputs.
outputs,outputs/openyield_module_gds/replica_array/pins.json,True,file,PHYSICAL_IMPLEMENTATION_LIBRARY;PIN_BBOX_RAIL_METADATA,,False,DIRECT,Scanned file under outputs.
outputs,outputs/openyield_module_gds/replica_array/rail_report.json,True,file,PHYSICAL_IMPLEMENTATION_LIBRARY;PIN_BBOX_RAIL_METADATA;POWER_PLAN,,False,DIRECT,Scanned file under outputs.
outputs,outputs/openyield_module_gds/replica_array/replica_array.gds,True,file,PHYSICAL_IMPLEMENTATION_LIBRARY,,False,DIRECT,Scanned file under outputs.
outputs,outputs/openyield_module_gds/row_decoder/bbox.json,True,file,PHYSICAL_IMPLEMENTATION_LIBRARY;PIN_BBOX_RAIL_METADATA,,False,DIRECT,Scanned file under outputs.
outputs,outputs/openyield_module_gds/row_decoder/generation_report.json,True,file,PHYSICAL_IMPLEMENTATION_LIBRARY,,False,DIRECT,Scanned file under outputs.
outputs,outputs/openyield_module_gds/row_decoder/generation_report.md,True,file,PHYSICAL_IMPLEMENTATION_LIBRARY,,False,DIRECT,Scanned file under outputs.
outputs,outputs/openyield_module_gds/row_decoder/generator_manifest.json,True,file,PHYSICAL_IMPLEMENTATION_LIBRARY,,False,DIRECT,Scanned file under outputs.
outputs,outputs/openyield_module_gds/row_decoder/pins.json,True,file,PHYSICAL_IMPLEMENTATION_LIBRARY;PIN_BBOX_RAIL_METADATA,,False,DIRECT,Scanned file under outputs.
outputs,outputs/openyield_module_gds/row_decoder/rail_report.json,True,file,PHYSICAL_IMPLEMENTATION_LIBRARY;PIN_BBOX_RAIL_METADATA;POWER_PLAN,,False,DIRECT,Scanned file under outputs.
outputs,outputs/openyield_module_gds/row_decoder/row_decoder.gds,True,file,PHYSICAL_IMPLEMENTATION_LIBRARY,,False,DIRECT,Scanned file under outputs.
outputs,outputs/openyield_module_gds/sense_amp/bbox.json,True,file,PHYSICAL_IMPLEMENTATION_LIBRARY;PIN_BBOX_RAIL_METADATA,,False,DIRECT,Scanned file under outputs.
outputs,outputs/openyield_module_gds/sense_amp/generation_report.json,True,file,PHYSICAL_IMPLEMENTATION_LIBRARY,,False,DIRECT,Scanned file under outputs.
outputs,outputs/openyield_module_gds/sense_amp/generation_report.md,True,file,PHYSICAL_IMPLEMENTATION_LIBRARY,,False,DIRECT,Scanned file under outputs.
outputs,outputs/openyield_module_gds/sense_amp/generator_manifest.json,True,file,PHYSICAL_IMPLEMENTATION_LIBRARY,,False,DIRECT,Scanned file under outputs.
outputs,outputs/openyield_module_gds/sense_amp/pins.json,True,file,PHYSICAL_IMPLEMENTATION_LIBRARY;PIN_BBOX_RAIL_METADATA,,False,DIRECT,Scanned file under outputs.
outputs,outputs/openyield_module_gds/sense_amp/rail_report.json,True,file,PHYSICAL_IMPLEMENTATION_LIBRARY;PIN_BBOX_RAIL_METADATA;POWER_PLAN,,False,DIRECT,Scanned file under outputs.
outputs,outputs/openyield_module_gds/sense_amp/sense_amp.gds,True,file,PHYSICAL_IMPLEMENTATION_LIBRARY,,False,DIRECT,Scanned file under outputs.
outputs,outputs/openyield_module_gds/wordline_decoder/bbox.json,True,file,PHYSICAL_IMPLEMENTATION_LIBRARY;PIN_BBOX_RAIL_METADATA;ROUTING_RULES,,False,DIRECT,Scanned file under outputs.
outputs,outputs/openyield_module_gds/wordline_decoder/generation_report.json,True,file,PHYSICAL_IMPLEMENTATION_LIBRARY;ROUTING_RULES,,False,DIRECT,Scanned file under outputs.
outputs,outputs/openyield_module_gds/wordline_decoder/generation_report.md,True,file,PHYSICAL_IMPLEMENTATION_LIBRARY;ROUTING_RULES,,False,DIRECT,Scanned file under outputs.
outputs,outputs/openyield_module_gds/wordline_decoder/generator_manifest.json,True,file,PHYSICAL_IMPLEMENTATION_LIBRARY;ROUTING_RULES,,False,DIRECT,Scanned file under outputs.
outputs,outputs/openyield_module_gds/wordline_decoder/pins.json,True,file,PHYSICAL_IMPLEMENTATION_LIBRARY;PIN_BBOX_RAIL_METADATA;ROUTING_RULES,,False,DIRECT,Scanned file under outputs.
outputs,outputs/openyield_module_gds/wordline_decoder/rail_report.json,True,file,PHYSICAL_IMPLEMENTATION_LIBRARY;PIN_BBOX_RAIL_METADATA;POWER_PLAN;ROUTING_RULES,,False,DIRECT,Scanned file under outputs.
outputs,outputs/openyield_module_gds/wordline_decoder/wordline_decoder.gds,True,file,PHYSICAL_IMPLEMENTATION_LIBRARY;ROUTING_RULES,,False,DIRECT,Scanned file under outputs.
outputs,outputs/openyield_module_gds/wordline_driver/bbox.json,True,file,PHYSICAL_IMPLEMENTATION_LIBRARY;PIN_BBOX_RAIL_METADATA;ROUTING_RULES,,False,DIRECT,Scanned file under outputs.
outputs,outputs/openyield_module_gds/wordline_driver/generation_report.json,True,file,PHYSICAL_IMPLEMENTATION_LIBRARY;ROUTING_RULES,,False,DIRECT,Scanned file under outputs.
outputs,outputs/openyield_module_gds/wordline_driver/generation_report.md,True,file,PHYSICAL_IMPLEMENTATION_LIBRARY;ROUTING_RULES,,False,DIRECT,Scanned file under outputs.
outputs,outputs/openyield_module_gds/wordline_driver/generator_manifest.json,True,file,PHYSICAL_IMPLEMENTATION_LIBRARY;ROUTING_RULES,,False,DIRECT,Scanned file under outputs.
outputs,outputs/openyield_module_gds/wordline_driver/pins.json,True,file,PHYSICAL_IMPLEMENTATION_LIBRARY;PIN_BBOX_RAIL_METADATA;ROUTING_RULES,,False,DIRECT,Scanned file under outputs.
outputs,outputs/openyield_module_gds/wordline_driver/rail_report.json,True,file,PHYSICAL_IMPLEMENTATION_LIBRARY;PIN_BBOX_RAIL_METADATA;POWER_PLAN;ROUTING_RULES,,False,DIRECT,Scanned file under outputs.
outputs,outputs/openyield_module_gds/wordline_driver/wordline_driver.gds,True,file,PHYSICAL_IMPLEMENTATION_LIBRARY;ROUTING_RULES,,False,DIRECT,Scanned file under outputs.
outputs,outputs/openyield_module_gds/wordline_driver_gate_cells/bbox.json,True,file,PHYSICAL_IMPLEMENTATION_LIBRARY;PIN_BBOX_RAIL_METADATA;ROUTING_RULES,,False,DIRECT,Scanned file under outputs.
outputs,outputs/openyield_module_gds/wordline_driver_gate_cells/generation_report.json,True,file,PHYSICAL_IMPLEMENTATION_LIBRARY;ROUTING_RULES,,False,DIRECT,Scanned file under outputs.
outputs,outputs/openyield_module_gds/wordline_driver_gate_cells/generation_report.md,True,file,PHYSICAL_IMPLEMENTATION_LIBRARY;ROUTING_RULES,,False,DIRECT,Scanned file under outputs.
outputs,outputs/openyield_module_gds/wordline_driver_gate_cells/generator_manifest.json,True,file,PHYSICAL_IMPLEMENTATION_LIBRARY;ROUTING_RULES,,False,DIRECT,Scanned file under outputs.
outputs,outputs/openyield_module_gds/wordline_driver_gate_cells/pins.json,True,file,PHYSICAL_IMPLEMENTATION_LIBRARY;PIN_BBOX_RAIL_METADATA;ROUTING_RULES,,False,DIRECT,Scanned file under outputs.
outputs,outputs/openyield_module_gds/wordline_driver_gate_cells/rail_report.json,True,file,PHYSICAL_IMPLEMENTATION_LIBRARY;PIN_BBOX_RAIL_METADATA;POWER_PLAN;ROUTING_RULES,,False,DIRECT,Scanned file under outputs.
outputs,outputs/openyield_module_gds/wordline_driver_gate_cells/wordline_driver_gate_cells.gds,True,file,PHYSICAL_IMPLEMENTATION_LIBRARY;ROUTING_RULES,,False,DIRECT,Scanned file under outputs.
outputs,outputs/openyield_module_gds/write_driver/bbox.json,True,file,PHYSICAL_IMPLEMENTATION_LIBRARY;PIN_BBOX_RAIL_METADATA,,False,DIRECT,Scanned file under outputs.
outputs,outputs/openyield_module_gds/write_driver/generation_report.json,True,file,PHYSICAL_IMPLEMENTATION_LIBRARY,,False,DIRECT,Scanned file under outputs.
outputs,outputs/openyield_module_gds/write_driver/generation_report.md,True,file,PHYSICAL_IMPLEMENTATION_LIBRARY,,False,DIRECT,Scanned file under outputs.
outputs,outputs/openyield_module_gds/write_driver/generator_manifest.json,True,file,PHYSICAL_IMPLEMENTATION_LIBRARY,,False,DIRECT,Scanned file under outputs.
outputs,outputs/openyield_module_gds/write_driver/pins.json,True,file,PHYSICAL_IMPLEMENTATION_LIBRARY;PIN_BBOX_RAIL_METADATA,,False,DIRECT,Scanned file under outputs.
outputs,outputs/openyield_module_gds/write_driver/rail_report.json,True,file,PHYSICAL_IMPLEMENTATION_LIBRARY;PIN_BBOX_RAIL_METADATA;POWER_PLAN,,False,DIRECT,Scanned file under outputs.
outputs,outputs/openyield_module_gds/write_driver/write_driver.gds,True,file,PHYSICAL_IMPLEMENTATION_LIBRARY,,False,DIRECT,Scanned file under outputs.
outputs,outputs/openyield_pin_access_repair/current_supported_config/c2_blocker_resolution_matrix.csv,True,file,PIN_BBOX_RAIL_METADATA;SRAM_CONFIGURATION,,False,DIRECT,Scanned file under outputs.
outputs,outputs/openyield_pin_access_repair/current_supported_config/c2_blocker_resolution_matrix.md,True,file,PIN_BBOX_RAIL_METADATA;SRAM_CONFIGURATION,,False,DIRECT,Scanned file under outputs.
outputs,outputs/openyield_pin_access_repair/current_supported_config/critical_net_pin_access_report.json,True,file,PIN_BBOX_RAIL_METADATA;SRAM_CONFIGURATION,,False,DIRECT,Scanned file under outputs.
outputs,outputs/openyield_pin_access_repair/current_supported_config/critical_net_pin_access_report.md,True,file,PIN_BBOX_RAIL_METADATA;SRAM_CONFIGURATION,,False,DIRECT,Scanned file under outputs.
outputs,outputs/openyield_pin_access_repair/current_supported_config/layoutgen_reference_pin_access_audit.json,True,file,PIN_BBOX_RAIL_METADATA;SRAM_CONFIGURATION,,False,DIRECT,Scanned file under outputs.
outputs,outputs/openyield_pin_access_repair/current_supported_config/layoutgen_reference_pin_access_audit.md,True,file,PIN_BBOX_RAIL_METADATA;SRAM_CONFIGURATION,,False,DIRECT,Scanned file under outputs.
outputs,outputs/openyield_pin_access_repair/current_supported_config/module_access_view_manifest.json,True,file,PIN_BBOX_RAIL_METADATA;SRAM_CONFIGURATION,,False,DIRECT,Scanned file under outputs.
outputs,outputs/openyield_pin_access_repair/current_supported_config/module_access_view_manifest.md,True,file,PIN_BBOX_RAIL_METADATA;SRAM_CONFIGURATION,,False,DIRECT,Scanned file under outputs.
outputs,outputs/openyield_pin_access_repair/current_supported_config/module_access_views/CONTROL_LOGIC/CONTROL_LOGIC_access.gds,True,file,PIN_BBOX_RAIL_METADATA;SRAM_CONFIGURATION,,False,DIRECT,Scanned file under outputs.
outputs,outputs/openyield_pin_access_repair/current_supported_config/module_access_views/CONTROL_LOGIC/pin_access_report.json,True,file,PIN_BBOX_RAIL_METADATA;SRAM_CONFIGURATION,,False,DIRECT,Scanned file under outputs.
outputs,outputs/openyield_pin_access_repair/current_supported_config/module_access_views/CONTROL_LOGIC/pins_repaired.json,True,file,PIN_BBOX_RAIL_METADATA;SRAM_CONFIGURATION,,False,DIRECT,Scanned file under outputs.
outputs,outputs/openyield_pin_access_repair/current_supported_config/module_access_views/DELAY_CHAIN/DELAY_CHAIN_access.gds,True,file,PIN_BBOX_RAIL_METADATA;SRAM_CONFIGURATION,,False,DIRECT,Scanned file under outputs.
outputs,outputs/openyield_pin_access_repair/current_supported_config/module_access_views/DELAY_CHAIN/pin_access_report.json,True,file,PIN_BBOX_RAIL_METADATA;SRAM_CONFIGURATION,,False,DIRECT,Scanned file under outputs.
outputs,outputs/openyield_pin_access_repair/current_supported_config/module_access_views/DELAY_CHAIN/pins_repaired.json,True,file,PIN_BBOX_RAIL_METADATA;SRAM_CONFIGURATION,,False,DIRECT,Scanned file under outputs.
outputs,outputs/openyield_pin_access_repair/current_supported_config/module_access_views/DFF_ROW/DFF_ROW_access.gds,True,file,PIN_BBOX_RAIL_METADATA;SRAM_CONFIGURATION,,False,DIRECT,Scanned file under outputs.
outputs,outputs/openyield_pin_access_repair/current_supported_config/module_access_views/DFF_ROW/pin_access_report.json,True,file,PIN_BBOX_RAIL_METADATA;SRAM_CONFIGURATION,,False,DIRECT,Scanned file under outputs.
outputs,outputs/openyield_pin_access_repair/current_supported_config/module_access_views/DFF_ROW/pins_repaired.json,True,file,PIN_BBOX_RAIL_METADATA;SRAM_CONFIGURATION,,False,DIRECT,Scanned file under outputs.
outputs,outputs/openyield_pin_access_repair/current_supported_config/module_access_views/GATED_CLOCK_PATH/GATED_CLOCK_PATH_access.gds,True,file,PIN_BBOX_RAIL_METADATA;SRAM_CONFIGURATION,,False,DIRECT,Scanned file under outputs.
outputs,outputs/openyield_pin_access_repair/current_supported_config/module_access_views/GATED_CLOCK_PATH/pin_access_report.json,True,file,PIN_BBOX_RAIL_METADATA;SRAM_CONFIGURATION,,False,DIRECT,Scanned file under outputs.
outputs,outputs/openyield_pin_access_repair/current_supported_config/module_access_views/GATED_CLOCK_PATH/pins_repaired.json,True,file,PIN_BBOX_RAIL_METADATA;SRAM_CONFIGURATION,,False,DIRECT,Scanned file under outputs.
outputs,outputs/openyield_pin_access_repair/current_supported_config/module_access_views/PRECHARGE_ENABLE_PATH/PRECHARGE_ENABLE_PATH_access.gds,True,file,PIN_BBOX_RAIL_METADATA;SRAM_CONFIGURATION,,False,DIRECT,Scanned file under outputs.
outputs,outputs/openyield_pin_access_repair/current_supported_config/module_access_views/PRECHARGE_ENABLE_PATH/pin_access_report.json,True,file,PIN_BBOX_RAIL_METADATA;SRAM_CONFIGURATION,,False,DIRECT,Scanned file under outputs.
outputs,outputs/openyield_pin_access_repair/current_supported_config/module_access_views/PRECHARGE_ENABLE_PATH/pins_repaired.json,True,file,PIN_BBOX_RAIL_METADATA;SRAM_CONFIGURATION,,False,DIRECT,Scanned file under outputs.
outputs,outputs/openyield_pin_access_repair/current_supported_config/module_access_views/SENSE_ENABLE_PATH/SENSE_ENABLE_PATH_access.gds,True,file,PIN_BBOX_RAIL_METADATA;SRAM_CONFIGURATION,,False,DIRECT,Scanned file under outputs.
outputs,outputs/openyield_pin_access_repair/current_supported_config/module_access_views/SENSE_ENABLE_PATH/pin_access_report.json,True,file,PIN_BBOX_RAIL_METADATA;SRAM_CONFIGURATION,,False,DIRECT,Scanned file under outputs.
outputs,outputs/openyield_pin_access_repair/current_supported_config/module_access_views/SENSE_ENABLE_PATH/pins_repaired.json,True,file,PIN_BBOX_RAIL_METADATA;SRAM_CONFIGURATION,,False,DIRECT,Scanned file under outputs.
outputs,outputs/openyield_pin_access_repair/current_supported_config/module_access_views/WORDLINE_ENABLE_PATH/WORDLINE_ENABLE_PATH_access.gds,True,file,PIN_BBOX_RAIL_METADATA;ROUTING_RULES;SRAM_CONFIGURATION,,False,DIRECT,Scanned file under outputs.
outputs,outputs/openyield_pin_access_repair/current_supported_config/module_access_views/WORDLINE_ENABLE_PATH/pin_access_report.json,True,file,PIN_BBOX_RAIL_METADATA;ROUTING_RULES;SRAM_CONFIGURATION,,False,DIRECT,Scanned file under outputs.
outputs,outputs/openyield_pin_access_repair/current_supported_config/module_access_views/WORDLINE_ENABLE_PATH/pins_repaired.json,True,file,PIN_BBOX_RAIL_METADATA;ROUTING_RULES;SRAM_CONFIGURATION,,False,DIRECT,Scanned file under outputs.
outputs,outputs/openyield_pin_access_repair/current_supported_config/module_access_views/WRITE_ENABLE_PATH/WRITE_ENABLE_PATH_access.gds,True,file,PIN_BBOX_RAIL_METADATA;SRAM_CONFIGURATION,,False,DIRECT,Scanned file under outputs.
outputs,outputs/openyield_pin_access_repair/current_supported_config/module_access_views/WRITE_ENABLE_PATH/pin_access_report.json,True,file,PIN_BBOX_RAIL_METADATA;SRAM_CONFIGURATION,,False,DIRECT,Scanned file under outputs.
outputs,outputs/openyield_pin_access_repair/current_supported_config/module_access_views/WRITE_ENABLE_PATH/pins_repaired.json,True,file,PIN_BBOX_RAIL_METADATA;SRAM_CONFIGURATION,,False,DIRECT,Scanned file under outputs.
outputs,outputs/openyield_pin_access_repair/current_supported_config/module_access_views/bitcell_array/bitcell_array_access.gds,True,file,PIN_BBOX_RAIL_METADATA;SRAM_CONFIGURATION,,False,DIRECT,Scanned file under outputs.
outputs,outputs/openyield_pin_access_repair/current_supported_config/module_access_views/bitcell_array/pin_access_report.json,True,file,PIN_BBOX_RAIL_METADATA;SRAM_CONFIGURATION,,False,DIRECT,Scanned file under outputs.
outputs,outputs/openyield_pin_access_repair/current_supported_config/module_access_views/bitcell_array/pins_repaired.json,True,file,PIN_BBOX_RAIL_METADATA;SRAM_CONFIGURATION,,False,DIRECT,Scanned file under outputs.
outputs,outputs/openyield_pin_access_repair/current_supported_config/module_access_views/column_mux/column_mux_access.gds,True,file,PIN_BBOX_RAIL_METADATA;SRAM_CONFIGURATION,,False,DIRECT,Scanned file under outputs.
outputs,outputs/openyield_pin_access_repair/current_supported_config/module_access_views/column_mux/pin_access_report.json,True,file,PIN_BBOX_RAIL_METADATA;SRAM_CONFIGURATION,,False,DIRECT,Scanned file under outputs.
outputs,outputs/openyield_pin_access_repair/current_supported_config/module_access_views/column_mux/pins_repaired.json,True,file,PIN_BBOX_RAIL_METADATA;SRAM_CONFIGURATION,,False,DIRECT,Scanned file under outputs.
outputs,outputs/openyield_pin_access_repair/current_supported_config/module_access_views/decoder_gate_cells/decoder_gate_cells_access.gds,True,file,PIN_BBOX_RAIL_METADATA;SRAM_CONFIGURATION,,False,DIRECT,Scanned file under outputs.
outputs,outputs/openyield_pin_access_repair/current_supported_config/module_access_views/decoder_gate_cells/pin_access_report.json,True,file,PIN_BBOX_RAIL_METADATA;SRAM_CONFIGURATION,,False,DIRECT,Scanned file under outputs.
outputs,outputs/openyield_pin_access_repair/current_supported_config/module_access_views/decoder_gate_cells/pins_repaired.json,True,file,PIN_BBOX_RAIL_METADATA;SRAM_CONFIGURATION,,False,DIRECT,Scanned file under outputs.
outputs,outputs/openyield_pin_access_repair/current_supported_config/module_access_views/dummy_array/dummy_array_access.gds,True,file,PIN_BBOX_RAIL_METADATA;SRAM_CONFIGURATION,,False,DIRECT,Scanned file under outputs.
outputs,outputs/openyield_pin_access_repair/current_supported_config/module_access_views/dummy_array/pin_access_report.json,True,file,PIN_BBOX_RAIL_METADATA;SRAM_CONFIGURATION,,False,DIRECT,Scanned file under outputs.
outputs,outputs/openyield_pin_access_repair/current_supported_config/module_access_views/dummy_array/pins_repaired.json,True,file,PIN_BBOX_RAIL_METADATA;SRAM_CONFIGURATION,,False,DIRECT,Scanned file under outputs.
outputs,outputs/openyield_pin_access_repair/current_supported_config/module_access_views/precharge/pin_access_report.json,True,file,PIN_BBOX_RAIL_METADATA;SRAM_CONFIGURATION,,False,DIRECT,Scanned file under outputs.
outputs,outputs/openyield_pin_access_repair/current_supported_config/module_access_views/precharge/pins_repaired.json,True,file,PIN_BBOX_RAIL_METADATA;SRAM_CONFIGURATION,,False,DIRECT,Scanned file under outputs.
outputs,outputs/openyield_pin_access_repair/current_supported_config/module_access_views/precharge/precharge_access.gds,True,file,PIN_BBOX_RAIL_METADATA;SRAM_CONFIGURATION,,False,DIRECT,Scanned file under outputs.
outputs,outputs/openyield_pin_access_repair/current_supported_config/module_access_views/replica_array/pin_access_report.json,True,file,PIN_BBOX_RAIL_METADATA;SRAM_CONFIGURATION,,False,DIRECT,Scanned file under outputs.
outputs,outputs/openyield_pin_access_repair/current_supported_config/module_access_views/replica_array/pins_repaired.json,True,file,PIN_BBOX_RAIL_METADATA;SRAM_CONFIGURATION,,False,DIRECT,Scanned file under outputs.
outputs,outputs/openyield_pin_access_repair/current_supported_config/module_access_views/replica_array/replica_array_access.gds,True,file,PIN_BBOX_RAIL_METADATA;SRAM_CONFIGURATION,,False,DIRECT,Scanned file under outputs.
outputs,outputs/openyield_pin_access_repair/current_supported_config/module_access_views/row_decoder/pin_access_report.json,True,file,PIN_BBOX_RAIL_METADATA;SRAM_CONFIGURATION,,False,DIRECT,Scanned file under outputs.
outputs,outputs/openyield_pin_access_repair/current_supported_config/module_access_views/row_decoder/pins_repaired.json,True,file,PIN_BBOX_RAIL_METADATA;SRAM_CONFIGURATION,,False,DIRECT,Scanned file under outputs.
outputs,outputs/openyield_pin_access_repair/current_supported_config/module_access_views/row_decoder/row_decoder_access.gds,True,file,PIN_BBOX_RAIL_METADATA;SRAM_CONFIGURATION,,False,DIRECT,Scanned file under outputs.
outputs,outputs/openyield_pin_access_repair/current_supported_config/module_access_views/sense_amp/pin_access_report.json,True,file,PIN_BBOX_RAIL_METADATA;SRAM_CONFIGURATION,,False,DIRECT,Scanned file under outputs.
outputs,outputs/openyield_pin_access_repair/current_supported_config/module_access_views/sense_amp/pins_repaired.json,True,file,PIN_BBOX_RAIL_METADATA;SRAM_CONFIGURATION,,False,DIRECT,Scanned file under outputs.
outputs,outputs/openyield_pin_access_repair/current_supported_config/module_access_views/sense_amp/sense_amp_access.gds,True,file,PIN_BBOX_RAIL_METADATA;SRAM_CONFIGURATION,,False,DIRECT,Scanned file under outputs.
outputs,outputs/openyield_pin_access_repair/current_supported_config/module_access_views/wordline_decoder/pin_access_report.json,True,file,PIN_BBOX_RAIL_METADATA;ROUTING_RULES;SRAM_CONFIGURATION,,False,DIRECT,Scanned file under outputs.
outputs,outputs/openyield_pin_access_repair/current_supported_config/module_access_views/wordline_decoder/pins_repaired.json,True,file,PIN_BBOX_RAIL_METADATA;ROUTING_RULES;SRAM_CONFIGURATION,,False,DIRECT,Scanned file under outputs.
outputs,outputs/openyield_pin_access_repair/current_supported_config/module_access_views/wordline_decoder/wordline_decoder_access.gds,True,file,PIN_BBOX_RAIL_METADATA;ROUTING_RULES;SRAM_CONFIGURATION,,False,DIRECT,Scanned file under outputs.
outputs,outputs/openyield_pin_access_repair/current_supported_config/module_access_views/wordline_driver/pin_access_report.json,True,file,PIN_BBOX_RAIL_METADATA;ROUTING_RULES;SRAM_CONFIGURATION,,False,DIRECT,Scanned file under outputs.
outputs,outputs/openyield_pin_access_repair/current_supported_config/module_access_views/wordline_driver/pins_repaired.json,True,file,PIN_BBOX_RAIL_METADATA;ROUTING_RULES;SRAM_CONFIGURATION,,False,DIRECT,Scanned file under outputs.
outputs,outputs/openyield_pin_access_repair/current_supported_config/module_access_views/wordline_driver/wordline_driver_access.gds,True,file,PIN_BBOX_RAIL_METADATA;ROUTING_RULES;SRAM_CONFIGURATION,,False,DIRECT,Scanned file under outputs.
outputs,outputs/openyield_pin_access_repair/current_supported_config/module_access_views/wordline_driver_gate_cells/pin_access_report.json,True,file,PIN_BBOX_RAIL_METADATA;ROUTING_RULES;SRAM_CONFIGURATION,,False,DIRECT,Scanned file under outputs.
outputs,outputs/openyield_pin_access_repair/current_supported_config/module_access_views/wordline_driver_gate_cells/pins_repaired.json,True,file,PIN_BBOX_RAIL_METADATA;ROUTING_RULES;SRAM_CONFIGURATION,,False,DIRECT,Scanned file under outputs.
outputs,outputs/openyield_pin_access_repair/current_supported_config/module_access_views/wordline_driver_gate_cells/wordline_driver_gate_cells_access.gds,True,file,PIN_BBOX_RAIL_METADATA;ROUTING_RULES;SRAM_CONFIGURATION,,False,DIRECT,Scanned file under outputs.
outputs,outputs/openyield_pin_access_repair/current_supported_config/module_access_views/write_driver/pin_access_report.json,True,file,PIN_BBOX_RAIL_METADATA;SRAM_CONFIGURATION,,False,DIRECT,Scanned file under outputs.
outputs,outputs/openyield_pin_access_repair/current_supported_config/module_access_views/write_driver/pins_repaired.json,True,file,PIN_BBOX_RAIL_METADATA;SRAM_CONFIGURATION,,False,DIRECT,Scanned file under outputs.
outputs,outputs/openyield_pin_access_repair/current_supported_config/module_access_views/write_driver/write_driver_access.gds,True,file,PIN_BBOX_RAIL_METADATA;SRAM_CONFIGURATION,,False,DIRECT,Scanned file under outputs.
outputs,outputs/openyield_pin_access_repair/current_supported_config/module_pin_geometry_report.json,True,file,PIN_BBOX_RAIL_METADATA;SRAM_CONFIGURATION,,False,DIRECT,Scanned file under outputs.
outputs,outputs/openyield_pin_access_repair/current_supported_config/module_pin_geometry_report.md,True,file,PIN_BBOX_RAIL_METADATA;SRAM_CONFIGURATION,,False,DIRECT,Scanned file under outputs.
outputs,outputs/openyield_pin_access_repair/current_supported_config/normalized_pin_access_database.csv,True,file,PIN_BBOX_RAIL_METADATA;SRAM_CONFIGURATION,,False,DIRECT,Scanned file under outputs.
outputs,outputs/openyield_pin_access_repair/current_supported_config/normalized_pin_access_database.json,True,file,PIN_BBOX_RAIL_METADATA;SRAM_CONFIGURATION,,False,DIRECT,Scanned file under outputs.
outputs,outputs/openyield_pin_access_repair/current_supported_config/normalized_pin_access_database.md,True,file,PIN_BBOX_RAIL_METADATA;SRAM_CONFIGURATION,,False,DIRECT,Scanned file under outputs.
outputs,outputs/openyield_pin_access_repair/current_supported_config/pin_access_gap_summary.json,True,file,PIN_BBOX_RAIL_METADATA;SRAM_CONFIGURATION,,False,DIRECT,Scanned file under outputs.
outputs,outputs/openyield_pin_access_repair/current_supported_config/pin_access_gap_summary.md,True,file,PIN_BBOX_RAIL_METADATA;SRAM_CONFIGURATION,,False,DIRECT,Scanned file under outputs.
outputs,outputs/openyield_pin_access_repair/current_supported_config/pin_access_repair_plan.csv,True,file,PIN_BBOX_RAIL_METADATA;SRAM_CONFIGURATION,,False,DIRECT,Scanned file under outputs.
outputs,outputs/openyield_pin_access_repair/current_supported_config/pin_access_repair_plan.json,True,file,PIN_BBOX_RAIL_METADATA;SRAM_CONFIGURATION,,False,DIRECT,Scanned file under outputs.
outputs,outputs/openyield_pin_access_repair/current_supported_config/pin_access_repair_plan.md,True,file,PIN_BBOX_RAIL_METADATA;SRAM_CONFIGURATION,,False,DIRECT,Scanned file under outputs.
outputs,outputs/openyield_pin_access_repair/current_supported_config/power_pin_access_report.json,True,file,PIN_BBOX_RAIL_METADATA;POWER_PLAN;SRAM_CONFIGURATION,,False,DIRECT,Scanned file under outputs.
outputs,outputs/openyield_pin_access_repair/current_supported_config/power_pin_access_report.md,True,file,PIN_BBOX_RAIL_METADATA;POWER_PLAN;SRAM_CONFIGURATION,,False,DIRECT,Scanned file under outputs.
outputs,outputs/openyield_pin_access_repair/current_supported_config/top_io_pin_access_report.json,True,file,PIN_BBOX_RAIL_METADATA;SRAM_CONFIGURATION,,False,DIRECT,Scanned file under outputs.
outputs,outputs/openyield_pin_access_repair/current_supported_config/top_io_pin_access_report.md,True,file,PIN_BBOX_RAIL_METADATA;SRAM_CONFIGURATION,,False,DIRECT,Scanned file under outputs.
outputs,outputs/openyield_project_closure/current_supported_config/final_handoff_checklist.json,True,file,SRAM_CONFIGURATION,,False,DIRECT,Scanned file under outputs.
outputs,outputs/openyield_project_closure/current_supported_config/final_handoff_checklist.md,True,file,SRAM_CONFIGURATION,,False,DIRECT,Scanned file under outputs.
outputs,outputs/openyield_project_closure/current_supported_config/final_repair_plan.json,True,file,SRAM_CONFIGURATION,,False,DIRECT,Scanned file under outputs.
outputs,outputs/openyield_project_closure/current_supported_config/final_repair_plan.md,True,file,SRAM_CONFIGURATION,,False,DIRECT,Scanned file under outputs.
outputs,outputs/openyield_project_closure/current_supported_config/future_work_roadmap.json,True,file,SRAM_CONFIGURATION,,False,DIRECT,Scanned file under outputs.
outputs,outputs/openyield_project_closure/current_supported_config/future_work_roadmap.md,True,file,SRAM_CONFIGURATION,,False,DIRECT,Scanned file under outputs.
outputs,outputs/openyield_project_closure/current_supported_config/project_v1_capability_statement.json,True,file,SRAM_CONFIGURATION,,False,DIRECT,Scanned file under outputs.
outputs,outputs/openyield_project_closure/current_supported_config/project_v1_capability_statement.md,True,file,SRAM_CONFIGURATION,,False,DIRECT,Scanned file under outputs.
outputs,outputs/openyield_project_closure/current_supported_config/project_v1_limitation_statement.json,True,file,SRAM_CONFIGURATION,,False,DIRECT,Scanned file under outputs.
outputs,outputs/openyield_project_closure/current_supported_config/project_v1_limitation_statement.md,True,file,SRAM_CONFIGURATION,,False,DIRECT,Scanned file under outputs.
outputs,outputs/openyield_routing_power_pin/current_supported_config/bitline_routing_report.json,True,file,POWER_PLAN;ROUTING_RULES;SRAM_CONFIGURATION,,False,DIRECT,Scanned file under outputs.
outputs,outputs/openyield_routing_power_pin/current_supported_config/bitline_routing_report.md,True,file,POWER_PLAN;ROUTING_RULES;SRAM_CONFIGURATION,,False,DIRECT,Scanned file under outputs.
outputs,outputs/openyield_routing_power_pin/current_supported_config/control_routing_report.json,True,file,POWER_PLAN;ROUTING_RULES;SRAM_CONFIGURATION,,False,DIRECT,Scanned file under outputs.
outputs,outputs/openyield_routing_power_pin/current_supported_config/control_routing_report.md,True,file,POWER_PLAN;ROUTING_RULES;SRAM_CONFIGURATION,,False,DIRECT,Scanned file under outputs.
outputs,outputs/openyield_routing_power_pin/current_supported_config/instance_mapping.csv,True,file,POWER_PLAN;ROUTING_RULES;SRAM_CONFIGURATION,,False,DIRECT,Scanned file under outputs.
outputs,outputs/openyield_routing_power_pin/current_supported_config/instance_mapping.json,True,file,POWER_PLAN;ROUTING_RULES;SRAM_CONFIGURATION,,False,DIRECT,Scanned file under outputs.
outputs,outputs/openyield_routing_power_pin/current_supported_config/instance_mapping.md,True,file,POWER_PLAN;ROUTING_RULES;SRAM_CONFIGURATION,,False,DIRECT,Scanned file under outputs.
outputs,outputs/openyield_routing_power_pin/current_supported_config/net_to_shape_map.csv,True,file,POWER_PLAN;ROUTING_RULES;SRAM_CONFIGURATION,,False,DIRECT,Scanned file under outputs.
outputs,outputs/openyield_routing_power_pin/current_supported_config/net_to_shape_map.json,True,file,POWER_PLAN;ROUTING_RULES;SRAM_CONFIGURATION,,False,DIRECT,Scanned file under outputs.
outputs,outputs/openyield_routing_power_pin/current_supported_config/net_to_shape_map.md,True,file,POWER_PLAN;ROUTING_RULES;SRAM_CONFIGURATION,,False,DIRECT,Scanned file under outputs.
outputs,outputs/openyield_routing_power_pin/current_supported_config/openyield_routed_power_pin_sram.gds,True,file,POWER_PLAN;ROUTING_RULES;SRAM_CONFIGURATION,,False,DIRECT,Scanned file under outputs.
outputs,outputs/openyield_routing_power_pin/current_supported_config/power_routing_report.json,True,file,POWER_PLAN;ROUTING_RULES;SRAM_CONFIGURATION,,False,DIRECT,Scanned file under outputs.
outputs,outputs/openyield_routing_power_pin/current_supported_config/power_routing_report.md,True,file,POWER_PLAN;ROUTING_RULES;SRAM_CONFIGURATION,,False,DIRECT,Scanned file under outputs.
outputs,outputs/openyield_routing_power_pin/current_supported_config/routing_power_pin_config.json,True,file,POWER_PLAN;ROUTING_RULES;SRAM_CONFIGURATION,,False,DIRECT,Scanned file under outputs.
outputs,outputs/openyield_routing_power_pin/current_supported_config/routing_power_pin_gds_sanity_report.json,True,file,POWER_PLAN;ROUTING_RULES;SRAM_CONFIGURATION;VERIFICATION_AND_TRACE,,False,DIRECT,Scanned file under outputs.
outputs,outputs/openyield_routing_power_pin/current_supported_config/routing_power_pin_generation_report.json,True,file,POWER_PLAN;ROUTING_RULES;SRAM_CONFIGURATION,,False,DIRECT,Scanned file under outputs.
outputs,outputs/openyield_routing_power_pin/current_supported_config/routing_power_pin_generation_report.md,True,file,POWER_PLAN;ROUTING_RULES;SRAM_CONFIGURATION,,False,DIRECT,Scanned file under outputs.
outputs,outputs/openyield_routing_power_pin/current_supported_config/routing_power_pin_generator_manifest.json,True,file,PHYSICAL_IMPLEMENTATION_LIBRARY;POWER_PLAN;ROUTING_RULES;SRAM_CONFIGURATION,,False,DIRECT,Scanned file under outputs.
outputs,outputs/openyield_routing_power_pin/current_supported_config/top_pin_export_report.json,True,file,POWER_PLAN;ROUTING_RULES;SRAM_CONFIGURATION,,False,DIRECT,Scanned file under outputs.
outputs,outputs/openyield_routing_power_pin/current_supported_config/top_pin_export_report.md,True,file,POWER_PLAN;ROUTING_RULES;SRAM_CONFIGURATION,,False,DIRECT,Scanned file under outputs.
outputs,outputs/openyield_routing_power_pin/current_supported_config/wordline_routing_report.json,True,file,POWER_PLAN;ROUTING_RULES;SRAM_CONFIGURATION,,False,DIRECT,Scanned file under outputs.
outputs,outputs/openyield_routing_power_pin/current_supported_config/wordline_routing_report.md,True,file,POWER_PLAN;ROUTING_RULES;SRAM_CONFIGURATION,,False,DIRECT,Scanned file under outputs.
outputs,outputs/openyield_structure_complete_gds/current_supported_config/array_region_report.json,True,file,FLOORPLAN_RULES;SRAM_CONFIGURATION,,False,DIRECT,Scanned file under outputs.
outputs,outputs/openyield_structure_complete_gds/current_supported_config/column_periphery_report.json,True,file,SRAM_CONFIGURATION,,False,DIRECT,Scanned file under outputs.
outputs,outputs/openyield_structure_complete_gds/current_supported_config/control_periphery_report.json,True,file,SRAM_CONFIGURATION,,False,DIRECT,Scanned file under outputs.
outputs,outputs/openyield_structure_complete_gds/current_supported_config/openyield_structure_complete_sram.gds,True,file,SRAM_CONFIGURATION,,False,DIRECT,Scanned file under outputs.
outputs,outputs/openyield_structure_complete_gds/current_supported_config/pitch_alignment_report.json,True,file,PLACEMENT_RULES;SRAM_CONFIGURATION,,False,DIRECT,Scanned file under outputs.
outputs,outputs/openyield_structure_complete_gds/current_supported_config/row_periphery_report.json,True,file,SRAM_CONFIGURATION,,False,DIRECT,Scanned file under outputs.
outputs,outputs/openyield_structure_complete_gds/current_supported_config/sram_physical_floorplan.json,True,file,FLOORPLAN_RULES;SRAM_CONFIGURATION,,False,DIRECT,Scanned file under outputs.
outputs,outputs/openyield_structure_complete_gds/current_supported_config/sram_region_plan.json,True,file,FLOORPLAN_RULES;SRAM_CONFIGURATION,,False,DIRECT,Scanned file under outputs.
outputs,outputs/openyield_structure_complete_gds/current_supported_config/sram_structure_placement.json,True,file,PLACEMENT_RULES;SRAM_CONFIGURATION,,False,DIRECT,Scanned file under outputs.
outputs,outputs/openyield_structure_complete_gds/current_supported_config/structure_complete_config.json,True,file,SRAM_CONFIGURATION,,False,DIRECT,Scanned file under outputs.
outputs,outputs/openyield_structure_complete_gds/current_supported_config/structure_gds_sanity_report.json,True,file,SRAM_CONFIGURATION;VERIFICATION_AND_TRACE,,False,DIRECT,Scanned file under outputs.
outputs,outputs/openyield_structure_complete_gds/current_supported_config/structure_generation_report.json,True,file,SRAM_CONFIGURATION,,False,DIRECT,Scanned file under outputs.
outputs,outputs/openyield_structure_complete_gds/current_supported_config/structure_generation_report.md,True,file,SRAM_CONFIGURATION,,False,DIRECT,Scanned file under outputs.
outputs,outputs/openyield_structure_complete_gds/current_supported_config/structure_generator_manifest.json,True,file,PHYSICAL_IMPLEMENTATION_LIBRARY;SRAM_CONFIGURATION,,False,DIRECT,Scanned file under outputs.
outputs,outputs/openyield_top_level_assembly/configs/current_supported_config.json,True,file,SRAM_CONFIGURATION,,False,DIRECT,Scanned file under outputs.
outputs,outputs/openyield_top_level_assembly/current_supported_config/module_placement.json,True,file,PLACEMENT_RULES;SRAM_CONFIGURATION,,False,DIRECT,Scanned file under outputs.
outputs,outputs/openyield_top_level_assembly/current_supported_config/openyield_top_level_candidate.gds,True,file,SRAM_CONFIGURATION,,False,DIRECT,Scanned file under outputs.
outputs,outputs/openyield_top_level_assembly/current_supported_config/top_level_config.json,True,file,SRAM_CONFIGURATION,,False,DIRECT,Scanned file under outputs.
outputs,outputs/openyield_top_level_assembly/current_supported_config/top_level_floorplan.json,True,file,FLOORPLAN_RULES;SRAM_CONFIGURATION,,False,DIRECT,Scanned file under outputs.
outputs,outputs/openyield_top_level_assembly/current_supported_config/top_level_generation_report.json,True,file,SRAM_CONFIGURATION,,False,DIRECT,Scanned file under outputs.
outputs,outputs/openyield_top_level_assembly/current_supported_config/top_level_generation_report.md,True,file,SRAM_CONFIGURATION,,False,DIRECT,Scanned file under outputs.
outputs,outputs/openyield_top_level_assembly/current_supported_config/top_level_generator_manifest.json,True,file,PHYSICAL_IMPLEMENTATION_LIBRARY;SRAM_CONFIGURATION,,False,DIRECT,Scanned file under outputs.
outputs,outputs/openyield_top_level_assembly/current_supported_config/top_level_pin_map.json,True,file,SRAM_CONFIGURATION,,False,DIRECT,Scanned file under outputs.
outputs,outputs/openyield_top_level_assembly/current_supported_config/top_level_rail_stitch_plan.json,True,file,POWER_PLAN;SRAM_CONFIGURATION,,False,DIRECT,Scanned file under outputs.
outputs,outputs/openyield_top_level_assembly/current_supported_config/top_level_routing_handoff.json,True,file,ROUTING_RULES;SRAM_CONFIGURATION,,False,DIRECT,Scanned file under outputs.
outputs,outputs/openyield_validation/current_supported_config/candidate_geometry_risk_report.json,True,file,SRAM_CONFIGURATION,,False,DIRECT,Scanned file under outputs.
outputs,outputs/openyield_validation/current_supported_config/drc_smoke_report.json,True,file,SRAM_CONFIGURATION,,False,DIRECT,Scanned file under outputs.
outputs,outputs/openyield_validation/current_supported_config/lvs_feasibility_report.json,True,file,SRAM_CONFIGURATION,,False,DIRECT,Scanned file under outputs.
outputs,outputs/openyield_validation/current_supported_config/module_completeness_report.json,True,file,SRAM_CONFIGURATION,,False,DIRECT,Scanned file under outputs.
outputs,outputs/openyield_validation/current_supported_config/pin_accessibility_audit.json,True,file,PIN_BBOX_RAIL_METADATA;SRAM_CONFIGURATION,,False,DIRECT,Scanned file under outputs.
outputs,outputs/openyield_validation/current_supported_config/placement_consistency_report.json,True,file,PLACEMENT_RULES;SRAM_CONFIGURATION,,False,DIRECT,Scanned file under outputs.
outputs,outputs/openyield_validation/current_supported_config/rail_stitch_audit.json,True,file,POWER_PLAN;SRAM_CONFIGURATION,,False,DIRECT,Scanned file under outputs.
outputs,outputs/openyield_validation/current_supported_config/routing_handoff_audit.json,True,file,ROUTING_RULES;SRAM_CONFIGURATION,,False,DIRECT,Scanned file under outputs.
outputs,outputs/openyield_validation/current_supported_config/timing_metadata_consistency_report.json,True,file,SRAM_CONFIGURATION,,False,DIRECT,Scanned file under outputs.
outputs,outputs/openyield_validation/current_supported_config/top_gds_hierarchy_diagnosis.json,True,file,SRAM_CONFIGURATION,,False,DIRECT,Scanned file under outputs.
outputs,outputs/openyield_validation/current_supported_config/top_gds_hierarchy_diagnosis.md,True,file,SRAM_CONFIGURATION,,False,DIRECT,Scanned file under outputs.
outputs,outputs/openyield_validation/current_supported_config/top_gds_sanity_report.json,True,file,SRAM_CONFIGURATION;VERIFICATION_AND_TRACE,,False,DIRECT,Scanned file under outputs.
outputs,outputs/openyield_validation/current_supported_config/top_level_candidate_drc.log,True,file,SRAM_CONFIGURATION,,False,DIRECT,Scanned file under outputs.
outputs,outputs/openyield_validation/current_supported_config/top_level_candidate_drc.lyrdb,True,file,SRAM_CONFIGURATION,,False,DIRECT,Scanned file under outputs.
outputs,outputs/openyield_validation/current_supported_config/validation_summary.json,True,file,SRAM_CONFIGURATION,,False,DIRECT,Scanned file under outputs.
outputs,outputs/openyield_validation/current_supported_config/validation_summary.md,True,file,SRAM_CONFIGURATION,,False,DIRECT,Scanned file under outputs.
outputs,outputs/project_status_reset_review/current_supported_config/first_round_openyield_candidate.gds,True,file,SRAM_CONFIGURATION;VERIFICATION_AND_TRACE,,False,DIRECT,Scanned file under outputs.
outputs,outputs/project_status_reset_review/current_supported_config/layoutgen_reference.gds,True,file,SRAM_CONFIGURATION;VERIFICATION_AND_TRACE,,False,DIRECT,Scanned file under outputs.
outputs,outputs/project_status_reset_review/current_supported_config/previous_access_view_final.gds,True,file,SRAM_CONFIGURATION;VERIFICATION_AND_TRACE,,False,DIRECT,Scanned file under outputs.
outputs,outputs/project_status_reset_review/current_supported_config/review_gds_manifest.json,True,file,SRAM_CONFIGURATION;VERIFICATION_AND_TRACE,,False,DIRECT,Scanned file under outputs.
outputs,outputs/project_status_reset_review/current_supported_config/review_gds_manifest.md,True,file,SRAM_CONFIGURATION;VERIFICATION_AND_TRACE,,False,DIRECT,Scanned file under outputs.
outputs,outputs/test_M2R_full_sram_regen/current_supported_config/M2R_full_sram_generation_report.json,True,file,SRAM_CONFIGURATION,M2R_full_sram_generation_report.json,False,DIRECT,Scanned file under outputs.
outputs,outputs/test_M2R_full_sram_regen/current_supported_config/M2R_full_sram_generation_report.md,True,file,SRAM_CONFIGURATION,M2R_full_sram_generation_report.md,False,DIRECT,Scanned file under outputs.
outputs,outputs/test_M2R_full_sram_regen/current_supported_config/M2R_layoutgen_top_flow_trace.json,True,file,SRAM_CONFIGURATION;VERIFICATION_AND_TRACE,M2R_layoutgen_top_flow_trace.json,False,DIRECT,Scanned file under outputs.
outputs,outputs/test_M2R_full_sram_regen/current_supported_config/M2R_layoutgen_top_flow_trace.md,True,file,SRAM_CONFIGURATION;VERIFICATION_AND_TRACE,M2R_layoutgen_top_flow_trace.md,False,DIRECT,Scanned file under outputs.
outputs,outputs/test_M2R_full_sram_regen/current_supported_config/M2R_locked_sram_spec.json,True,file,SRAM_CONFIGURATION,M2R_locked_sram_spec.json,False,DIRECT,Scanned file under outputs.
outputs,outputs/test_M2R_full_sram_regen/current_supported_config/M2R_locked_sram_spec.md,True,file,SRAM_CONFIGURATION,M2R_locked_sram_spec.md,False,DIRECT,Scanned file under outputs.
outputs,outputs/test_M2R_full_sram_regen/current_supported_config/M2R_openyield_adaptation_report.json,True,file,SRAM_CONFIGURATION,M2R_openyield_adaptation_report.json,False,DIRECT,Scanned file under outputs.
outputs,outputs/test_M2R_full_sram_regen/current_supported_config/M2R_openyield_adaptation_report.md,True,file,SRAM_CONFIGURATION,M2R_openyield_adaptation_report.md,False,DIRECT,Scanned file under outputs.
outputs,outputs/test_M2R_full_sram_regen/current_supported_config/M2R_remaining_gap_report.json,True,file,SRAM_CONFIGURATION;VERIFICATION_AND_TRACE,M2R_remaining_gap_report.json,False,DIRECT,Scanned file under outputs.
outputs,outputs/test_M2R_full_sram_regen/current_supported_config/M2R_remaining_gap_report.md,True,file,SRAM_CONFIGURATION;VERIFICATION_AND_TRACE,M2R_remaining_gap_report.md,False,DIRECT,Scanned file under outputs.
outputs,outputs/test_M2R_full_sram_regen/current_supported_config/M2R_visual_sram_likeness_report.json,True,file,SRAM_CONFIGURATION,M2R_visual_sram_likeness_report.json,False,DIRECT,Scanned file under outputs.
outputs,outputs/test_M2R_full_sram_regen/current_supported_config/M2R_visual_sram_likeness_report.md,True,file,SRAM_CONFIGURATION,M2R_visual_sram_likeness_report.md,False,DIRECT,Scanned file under outputs.
outputs,outputs/test_M2R_full_sram_regen/current_supported_config/openyield_layoutgen_full_sram_M2R.architecture.gds,True,file,SRAM_CONFIGURATION,,False,DIRECT,Scanned file under outputs.
outputs,outputs/test_M2R_full_sram_regen/current_supported_config/openyield_layoutgen_full_sram_M2R.architecture.svg,True,file,SRAM_CONFIGURATION,,False,DIRECT,Scanned file under outputs.
outputs,outputs/test_M2R_full_sram_regen/current_supported_config/openyield_layoutgen_full_sram_M2R.complete.gds,True,file,SRAM_CONFIGURATION,,False,DIRECT,Scanned file under outputs.
outputs,outputs/test_M2R_full_sram_regen/current_supported_config/openyield_layoutgen_full_sram_M2R.debug.gds,True,file,SRAM_CONFIGURATION,,False,DIRECT,Scanned file under outputs.
outputs,outputs/test_M2R_full_sram_regen/current_supported_config/openyield_layoutgen_full_sram_M2R.gds,True,file,SRAM_CONFIGURATION,,False,DIRECT,Scanned file under outputs.
outputs,outputs/test_M2R_full_sram_regen/current_supported_config/openyield_layoutgen_full_sram_M2R.integration.gds,True,file,SRAM_CONFIGURATION,,False,DIRECT,Scanned file under outputs.
outputs,outputs/test_M2R_full_sram_regen/current_supported_config/openyield_layoutgen_full_sram_M2R.layout.json,True,file,SRAM_CONFIGURATION,,False,DIRECT,Scanned file under outputs.
outputs,outputs/test_M2R_full_sram_regen/current_supported_config/openyield_layoutgen_full_sram_M2R.lef,True,file,SRAM_CONFIGURATION,,False,DIRECT,Scanned file under outputs.
outputs,outputs/test_M2R_full_sram_regen/current_supported_config/openyield_layoutgen_full_sram_M2R.occupancy.svg,True,file,SRAM_CONFIGURATION,,False,DIRECT,Scanned file under outputs.
outputs,outputs/test_M2R_full_sram_regen/current_supported_config/openyield_layoutgen_full_sram_M2R.presentation.gds,True,file,SRAM_CONFIGURATION,,False,DIRECT,Scanned file under outputs.
outputs,outputs/test_M2R_full_sram_regen/current_supported_config/openyield_layoutgen_full_sram_M2R.report.json,True,file,SRAM_CONFIGURATION,,False,DIRECT,Scanned file under outputs.
outputs,outputs/test_M2R_full_sram_regen/current_supported_config/openyield_layoutgen_full_sram_M2R.report.md,True,file,SRAM_CONFIGURATION,,False,DIRECT,Scanned file under outputs.
outputs,outputs/test_M2R_full_sram_regen/current_supported_config/openyield_layoutgen_full_sram_M2R.route_guides.gds,True,file,SRAM_CONFIGURATION,,False,DIRECT,Scanned file under outputs.
outputs,outputs/test_M2R_full_sram_regen/current_supported_config/openyield_layoutgen_full_sram_M2R.sp,True,file,SRAM_CONFIGURATION,,False,DIRECT,Scanned file under outputs.
outputs,outputs/test_M2R_full_sram_regen/current_supported_config/review_gds_manifest.json,True,file,SRAM_CONFIGURATION;VERIFICATION_AND_TRACE,,False,DIRECT,Scanned file under outputs.
outputs,outputs/test_M2R_full_sram_regen/current_supported_config/review_gds_manifest.md,True,file,SRAM_CONFIGURATION;VERIFICATION_AND_TRACE,,False,DIRECT,Scanned file under outputs.
outputs,outputs/test_M2_layoutgen_full_trial/current_supported_config/M2_full_sram_assembly_report.json,True,file,SRAM_CONFIGURATION,M2_full_sram_assembly_report.json,False,DIRECT,Scanned file under outputs.
outputs,outputs/test_M2_layoutgen_full_trial/current_supported_config/M2_full_sram_assembly_report.md,True,file,SRAM_CONFIGURATION,M2_full_sram_assembly_report.md,False,DIRECT,Scanned file under outputs.
outputs,outputs/test_M2_layoutgen_full_trial/current_supported_config/M2_gap_and_risk_report.json,True,file,SRAM_CONFIGURATION,M2_gap_and_risk_report.json,False,DIRECT,Scanned file under outputs.
outputs,outputs/test_M2_layoutgen_full_trial/current_supported_config/M2_gap_and_risk_report.md,True,file,SRAM_CONFIGURATION,M2_gap_and_risk_report.md,False,DIRECT,Scanned file under outputs.
outputs,outputs/test_M2_layoutgen_full_trial/current_supported_config/M2_real_module_generation_report.json,True,file,SRAM_CONFIGURATION,M2_real_module_generation_report.json,False,DIRECT,Scanned file under outputs.
outputs,outputs/test_M2_layoutgen_full_trial/current_supported_config/M2_real_module_generation_report.md,True,file,SRAM_CONFIGURATION,M2_real_module_generation_report.md,False,DIRECT,Scanned file under outputs.
outputs,outputs/test_M2_layoutgen_full_trial/current_supported_config/M2_visual_structure_check_report.json,True,file,SRAM_CONFIGURATION,M2_visual_structure_check_report.json,False,DIRECT,Scanned file under outputs.
outputs,outputs/test_M2_layoutgen_full_trial/current_supported_config/M2_visual_structure_check_report.md,True,file,SRAM_CONFIGURATION,M2_visual_structure_check_report.md,False,DIRECT,Scanned file under outputs.
outputs,outputs/test_M2_layoutgen_full_trial/current_supported_config/openyield_layoutgen_full_trial_sram.gds,True,file,SRAM_CONFIGURATION,,False,DIRECT,Scanned file under outputs.
outputs,outputs/test_M2_layoutgen_full_trial/current_supported_config/review_gds_manifest.json,True,file,SRAM_CONFIGURATION;VERIFICATION_AND_TRACE,,False,DIRECT,Scanned file under outputs.
outputs,outputs/test_M2_layoutgen_full_trial/current_supported_config/review_gds_manifest.md,True,file,SRAM_CONFIGURATION;VERIFICATION_AND_TRACE,,False,DIRECT,Scanned file under outputs.
outputs,outputs/test_M2_layoutgen_full_trial/current_supported_config/review_wrappers/CONTROL_LOGIC.gds,True,file,SRAM_CONFIGURATION;VERIFICATION_AND_TRACE,,False,DIRECT,Scanned file under outputs.
outputs,outputs/test_M2_layoutgen_full_trial/current_supported_config/review_wrappers/DELAY_CHAIN.gds,True,file,SRAM_CONFIGURATION;VERIFICATION_AND_TRACE,,False,DIRECT,Scanned file under outputs.
outputs,outputs/test_M2_layoutgen_full_trial/current_supported_config/review_wrappers/DFF_ROW.gds,True,file,SRAM_CONFIGURATION;VERIFICATION_AND_TRACE,,False,DIRECT,Scanned file under outputs.
outputs,outputs/test_M2_layoutgen_full_trial/current_supported_config/review_wrappers/GATED_CLOCK_PATH.gds,True,file,SRAM_CONFIGURATION;VERIFICATION_AND_TRACE,,False,DIRECT,Scanned file under outputs.
outputs,outputs/test_M2_layoutgen_full_trial/current_supported_config/review_wrappers/PRECHARGE_ENABLE_PATH.gds,True,file,SRAM_CONFIGURATION;VERIFICATION_AND_TRACE,,False,DIRECT,Scanned file under outputs.
outputs,outputs/test_M2_layoutgen_full_trial/current_supported_config/review_wrappers/SENSE_ENABLE_PATH.gds,True,file,SRAM_CONFIGURATION;VERIFICATION_AND_TRACE,,False,DIRECT,Scanned file under outputs.
outputs,outputs/test_M2_layoutgen_full_trial/current_supported_config/review_wrappers/WORDLINE_ENABLE_PATH.gds,True,file,ROUTING_RULES;SRAM_CONFIGURATION;VERIFICATION_AND_TRACE,,False,DIRECT,Scanned file under outputs.
outputs,outputs/test_M2_layoutgen_full_trial/current_supported_config/review_wrappers/WRITE_ENABLE_PATH.gds,True,file,SRAM_CONFIGURATION;VERIFICATION_AND_TRACE,,False,DIRECT,Scanned file under outputs.
outputs,outputs/test_M2_layoutgen_full_trial/current_supported_config/review_wrappers/decoder_gate_cells.gds,True,file,SRAM_CONFIGURATION;VERIFICATION_AND_TRACE,,False,DIRECT,Scanned file under outputs.
outputs,outputs/test_M2_layoutgen_full_trial/current_supported_config/review_wrappers/row_decoder.gds,True,file,SRAM_CONFIGURATION;VERIFICATION_AND_TRACE,,False,DIRECT,Scanned file under outputs.
outputs,outputs/test_M2_layoutgen_full_trial/current_supported_config/review_wrappers/wordline_decoder.gds,True,file,ROUTING_RULES;SRAM_CONFIGURATION;VERIFICATION_AND_TRACE,,False,DIRECT,Scanned file under outputs.
outputs,outputs/test_M2_layoutgen_full_trial/current_supported_config/review_wrappers/wordline_driver_gate_cells.gds,True,file,ROUTING_RULES;SRAM_CONFIGURATION;VERIFICATION_AND_TRACE,,False,DIRECT,Scanned file under outputs.
outputs,outputs/test_M8_cand1/current_supported_config/sram_8x64_wpr4_fd45.architecture.gds,True,file,SRAM_CONFIGURATION,,False,DIRECT,Scanned file under outputs.
outputs,outputs/test_M8_cand1/current_supported_config/sram_8x64_wpr4_fd45.architecture.svg,True,file,SRAM_CONFIGURATION,,False,DIRECT,Scanned file under outputs.
outputs,outputs/test_M8_cand1/current_supported_config/sram_8x64_wpr4_fd45.complete.gds,True,file,SRAM_CONFIGURATION,,False,DIRECT,Scanned file under outputs.
outputs,outputs/test_M8_cand1/current_supported_config/sram_8x64_wpr4_fd45.debug.gds,True,file,SRAM_CONFIGURATION,,False,DIRECT,Scanned file under outputs.
outputs,outputs/test_M8_cand1/current_supported_config/sram_8x64_wpr4_fd45.gds,True,file,SRAM_CONFIGURATION,,False,DIRECT,Scanned file under outputs.
outputs,outputs/test_M8_cand1/current_supported_config/sram_8x64_wpr4_fd45.integration.gds,True,file,SRAM_CONFIGURATION,,False,DIRECT,Scanned file under outputs.
outputs,outputs/test_M8_cand1/current_supported_config/sram_8x64_wpr4_fd45.layout.json,True,file,SRAM_CONFIGURATION,,False,DIRECT,Scanned file under outputs.
outputs,outputs/test_M8_cand1/current_supported_config/sram_8x64_wpr4_fd45.lef,True,file,SRAM_CONFIGURATION,,False,DIRECT,Scanned file under outputs.
outputs,outputs/test_M8_cand1/current_supported_config/sram_8x64_wpr4_fd45.occupancy.svg,True,file,SRAM_CONFIGURATION,,False,DIRECT,Scanned file under outputs.
outputs,outputs/test_M8_cand1/current_supported_config/sram_8x64_wpr4_fd45.presentation.gds,True,file,SRAM_CONFIGURATION,,False,DIRECT,Scanned file under outputs.
outputs,outputs/test_M8_cand1/current_supported_config/sram_8x64_wpr4_fd45.report.json,True,file,SRAM_CONFIGURATION,,False,DIRECT,Scanned file under outputs.
outputs,outputs/test_M8_cand1/current_supported_config/sram_8x64_wpr4_fd45.report.md,True,file,SRAM_CONFIGURATION,,False,DIRECT,Scanned file under outputs.
outputs,outputs/test_M8_cand1/current_supported_config/sram_8x64_wpr4_fd45.route_guides.gds,True,file,SRAM_CONFIGURATION,,False,DIRECT,Scanned file under outputs.
outputs,outputs/test_M8_cand1/current_supported_config/sram_8x64_wpr4_fd45.sp,True,file,SRAM_CONFIGURATION,,False,DIRECT,Scanned file under outputs.
outputs,outputs/test_M8_cand2/current_supported_config/sram_8x64_wpr4_fd45.architecture.gds,True,file,SRAM_CONFIGURATION,,False,DIRECT,Scanned file under outputs.
outputs,outputs/test_M8_cand2/current_supported_config/sram_8x64_wpr4_fd45.architecture.svg,True,file,SRAM_CONFIGURATION,,False,DIRECT,Scanned file under outputs.
outputs,outputs/test_M8_cand2/current_supported_config/sram_8x64_wpr4_fd45.complete.gds,True,file,SRAM_CONFIGURATION,,False,DIRECT,Scanned file under outputs.
outputs,outputs/test_M8_cand2/current_supported_config/sram_8x64_wpr4_fd45.debug.gds,True,file,SRAM_CONFIGURATION,,False,DIRECT,Scanned file under outputs.
outputs,outputs/test_M8_cand2/current_supported_config/sram_8x64_wpr4_fd45.gds,True,file,SRAM_CONFIGURATION,,False,DIRECT,Scanned file under outputs.
outputs,outputs/test_M8_cand2/current_supported_config/sram_8x64_wpr4_fd45.integration.gds,True,file,SRAM_CONFIGURATION,,False,DIRECT,Scanned file under outputs.
outputs,outputs/test_M8_cand2/current_supported_config/sram_8x64_wpr4_fd45.layout.json,True,file,SRAM_CONFIGURATION,,False,DIRECT,Scanned file under outputs.
outputs,outputs/test_M8_cand2/current_supported_config/sram_8x64_wpr4_fd45.lef,True,file,SRAM_CONFIGURATION,,False,DIRECT,Scanned file under outputs.
outputs,outputs/test_M8_cand2/current_supported_config/sram_8x64_wpr4_fd45.occupancy.svg,True,file,SRAM_CONFIGURATION,,False,DIRECT,Scanned file under outputs.
outputs,outputs/test_M8_cand2/current_supported_config/sram_8x64_wpr4_fd45.presentation.gds,True,file,SRAM_CONFIGURATION,,False,DIRECT,Scanned file under outputs.
outputs,outputs/test_M8_cand2/current_supported_config/sram_8x64_wpr4_fd45.report.json,True,file,SRAM_CONFIGURATION,,False,DIRECT,Scanned file under outputs.
outputs,outputs/test_M8_cand2/current_supported_config/sram_8x64_wpr4_fd45.report.md,True,file,SRAM_CONFIGURATION,,False,DIRECT,Scanned file under outputs.
outputs,outputs/test_M8_cand2/current_supported_config/sram_8x64_wpr4_fd45.route_guides.gds,True,file,SRAM_CONFIGURATION,,False,DIRECT,Scanned file under outputs.
outputs,outputs/test_M8_cand2/current_supported_config/sram_8x64_wpr4_fd45.sp,True,file,SRAM_CONFIGURATION,,False,DIRECT,Scanned file under outputs.
outputs,outputs/test_M8_cand3/current_supported_config/sram_8x64_wpr4_fd45.architecture.gds,True,file,SRAM_CONFIGURATION,,False,DIRECT,Scanned file under outputs.
outputs,outputs/test_M8_cand3/current_supported_config/sram_8x64_wpr4_fd45.architecture.svg,True,file,SRAM_CONFIGURATION,,False,DIRECT,Scanned file under outputs.
outputs,outputs/test_M8_cand3/current_supported_config/sram_8x64_wpr4_fd45.complete.gds,True,file,SRAM_CONFIGURATION,,False,DIRECT,Scanned file under outputs.
outputs,outputs/test_M8_cand3/current_supported_config/sram_8x64_wpr4_fd45.debug.gds,True,file,SRAM_CONFIGURATION,,False,DIRECT,Scanned file under outputs.
outputs,outputs/test_M8_cand3/current_supported_config/sram_8x64_wpr4_fd45.gds,True,file,SRAM_CONFIGURATION,,False,DIRECT,Scanned file under outputs.
outputs,outputs/test_M8_cand3/current_supported_config/sram_8x64_wpr4_fd45.integration.gds,True,file,SRAM_CONFIGURATION,,False,DIRECT,Scanned file under outputs.
outputs,outputs/test_M8_cand3/current_supported_config/sram_8x64_wpr4_fd45.layout.json,True,file,SRAM_CONFIGURATION,,False,DIRECT,Scanned file under outputs.
outputs,outputs/test_M8_cand3/current_supported_config/sram_8x64_wpr4_fd45.lef,True,file,SRAM_CONFIGURATION,,False,DIRECT,Scanned file under outputs.
outputs,outputs/test_M8_cand3/current_supported_config/sram_8x64_wpr4_fd45.occupancy.svg,True,file,SRAM_CONFIGURATION,,False,DIRECT,Scanned file under outputs.
outputs,outputs/test_M8_cand3/current_supported_config/sram_8x64_wpr4_fd45.presentation.gds,True,file,SRAM_CONFIGURATION,,False,DIRECT,Scanned file under outputs.
outputs,outputs/test_M8_cand3/current_supported_config/sram_8x64_wpr4_fd45.report.json,True,file,SRAM_CONFIGURATION,,False,DIRECT,Scanned file under outputs.
outputs,outputs/test_M8_cand3/current_supported_config/sram_8x64_wpr4_fd45.report.md,True,file,SRAM_CONFIGURATION,,False,DIRECT,Scanned file under outputs.
outputs,outputs/test_M8_cand3/current_supported_config/sram_8x64_wpr4_fd45.route_guides.gds,True,file,SRAM_CONFIGURATION,,False,DIRECT,Scanned file under outputs.
outputs,outputs/test_M8_cand3/current_supported_config/sram_8x64_wpr4_fd45.sp,True,file,SRAM_CONFIGURATION,,False,DIRECT,Scanned file under outputs.
outputs,outputs/test_M8_cand4/current_supported_config/sram_8x64_wpr4_fd45.architecture.gds,True,file,SRAM_CONFIGURATION,,False,DIRECT,Scanned file under outputs.
outputs,outputs/test_M8_cand4/current_supported_config/sram_8x64_wpr4_fd45.architecture.svg,True,file,SRAM_CONFIGURATION,,False,DIRECT,Scanned file under outputs.
outputs,outputs/test_M8_cand4/current_supported_config/sram_8x64_wpr4_fd45.complete.gds,True,file,SRAM_CONFIGURATION,,False,DIRECT,Scanned file under outputs.
outputs,outputs/test_M8_cand4/current_supported_config/sram_8x64_wpr4_fd45.debug.gds,True,file,SRAM_CONFIGURATION,,False,DIRECT,Scanned file under outputs.
outputs,outputs/test_M8_cand4/current_supported_config/sram_8x64_wpr4_fd45.gds,True,file,SRAM_CONFIGURATION,,False,DIRECT,Scanned file under outputs.
outputs,outputs/test_M8_cand4/current_supported_config/sram_8x64_wpr4_fd45.integration.gds,True,file,SRAM_CONFIGURATION,,False,DIRECT,Scanned file under outputs.
outputs,outputs/test_M8_cand4/current_supported_config/sram_8x64_wpr4_fd45.layout.json,True,file,SRAM_CONFIGURATION,,False,DIRECT,Scanned file under outputs.
outputs,outputs/test_M8_cand4/current_supported_config/sram_8x64_wpr4_fd45.lef,True,file,SRAM_CONFIGURATION,,False,DIRECT,Scanned file under outputs.
outputs,outputs/test_M8_cand4/current_supported_config/sram_8x64_wpr4_fd45.occupancy.svg,True,file,SRAM_CONFIGURATION,,False,DIRECT,Scanned file under outputs.
outputs,outputs/test_M8_cand4/current_supported_config/sram_8x64_wpr4_fd45.presentation.gds,True,file,SRAM_CONFIGURATION,,False,DIRECT,Scanned file under outputs.
outputs,outputs/test_M8_cand4/current_supported_config/sram_8x64_wpr4_fd45.report.json,True,file,SRAM_CONFIGURATION,,False,DIRECT,Scanned file under outputs.
outputs,outputs/test_M8_cand4/current_supported_config/sram_8x64_wpr4_fd45.report.md,True,file,SRAM_CONFIGURATION,,False,DIRECT,Scanned file under outputs.
outputs,outputs/test_M8_cand4/current_supported_config/sram_8x64_wpr4_fd45.route_guides.gds,True,file,SRAM_CONFIGURATION,,False,DIRECT,Scanned file under outputs.
outputs,outputs/test_M8_cand4/current_supported_config/sram_8x64_wpr4_fd45.sp,True,file,SRAM_CONFIGURATION,,False,DIRECT,Scanned file under outputs.
outputs,outputs/test_M8_probe/current_supported_config/sram_8x64_wpr4_fd45.architecture.gds,True,file,SRAM_CONFIGURATION,,False,DIRECT,Scanned file under outputs.
outputs,outputs/test_M8_probe/current_supported_config/sram_8x64_wpr4_fd45.architecture.svg,True,file,SRAM_CONFIGURATION,,False,DIRECT,Scanned file under outputs.
outputs,outputs/test_M8_probe/current_supported_config/sram_8x64_wpr4_fd45.complete.gds,True,file,SRAM_CONFIGURATION,,False,DIRECT,Scanned file under outputs.
outputs,outputs/test_M8_probe/current_supported_config/sram_8x64_wpr4_fd45.debug.gds,True,file,SRAM_CONFIGURATION,,False,DIRECT,Scanned file under outputs.
outputs,outputs/test_M8_probe/current_supported_config/sram_8x64_wpr4_fd45.gds,True,file,SRAM_CONFIGURATION,,False,DIRECT,Scanned file under outputs.
outputs,outputs/test_M8_probe/current_supported_config/sram_8x64_wpr4_fd45.integration.gds,True,file,SRAM_CONFIGURATION,,False,DIRECT,Scanned file under outputs.
outputs,outputs/test_M8_probe/current_supported_config/sram_8x64_wpr4_fd45.layout.json,True,file,SRAM_CONFIGURATION,,False,DIRECT,Scanned file under outputs.
outputs,outputs/test_M8_probe/current_supported_config/sram_8x64_wpr4_fd45.lef,True,file,SRAM_CONFIGURATION,,False,DIRECT,Scanned file under outputs.
outputs,outputs/test_M8_probe/current_supported_config/sram_8x64_wpr4_fd45.occupancy.svg,True,file,SRAM_CONFIGURATION,,False,DIRECT,Scanned file under outputs.
outputs,outputs/test_M8_probe/current_supported_config/sram_8x64_wpr4_fd45.presentation.gds,True,file,SRAM_CONFIGURATION,,False,DIRECT,Scanned file under outputs.
outputs,outputs/test_M8_probe/current_supported_config/sram_8x64_wpr4_fd45.report.json,True,file,SRAM_CONFIGURATION,,False,DIRECT,Scanned file under outputs.
outputs,outputs/test_M8_probe/current_supported_config/sram_8x64_wpr4_fd45.report.md,True,file,SRAM_CONFIGURATION,,False,DIRECT,Scanned file under outputs.
outputs,outputs/test_M8_probe/current_supported_config/sram_8x64_wpr4_fd45.route_guides.gds,True,file,SRAM_CONFIGURATION,,False,DIRECT,Scanned file under outputs.
outputs,outputs/test_M8_probe/current_supported_config/sram_8x64_wpr4_fd45.sp,True,file,SRAM_CONFIGURATION,,False,DIRECT,Scanned file under outputs.
outputs,outputs/test_M8_probe_base/current_supported_config/sram_8x64_wpr4_fd45.architecture.gds,True,file,SRAM_CONFIGURATION,,False,DIRECT,Scanned file under outputs.
outputs,outputs/test_M8_probe_base/current_supported_config/sram_8x64_wpr4_fd45.architecture.svg,True,file,SRAM_CONFIGURATION,,False,DIRECT,Scanned file under outputs.
outputs,outputs/test_M8_probe_base/current_supported_config/sram_8x64_wpr4_fd45.complete.gds,True,file,SRAM_CONFIGURATION,,False,DIRECT,Scanned file under outputs.
outputs,outputs/test_M8_probe_base/current_supported_config/sram_8x64_wpr4_fd45.debug.gds,True,file,SRAM_CONFIGURATION,,False,DIRECT,Scanned file under outputs.
outputs,outputs/test_M8_probe_base/current_supported_config/sram_8x64_wpr4_fd45.gds,True,file,SRAM_CONFIGURATION,,False,DIRECT,Scanned file under outputs.
outputs,outputs/test_M8_probe_base/current_supported_config/sram_8x64_wpr4_fd45.integration.gds,True,file,SRAM_CONFIGURATION,,False,DIRECT,Scanned file under outputs.
outputs,outputs/test_M8_probe_base/current_supported_config/sram_8x64_wpr4_fd45.layout.json,True,file,SRAM_CONFIGURATION,,False,DIRECT,Scanned file under outputs.
outputs,outputs/test_M8_probe_base/current_supported_config/sram_8x64_wpr4_fd45.lef,True,file,SRAM_CONFIGURATION,,False,DIRECT,Scanned file under outputs.
outputs,outputs/test_M8_probe_base/current_supported_config/sram_8x64_wpr4_fd45.occupancy.svg,True,file,SRAM_CONFIGURATION,,False,DIRECT,Scanned file under outputs.
outputs,outputs/test_M8_probe_base/current_supported_config/sram_8x64_wpr4_fd45.presentation.gds,True,file,SRAM_CONFIGURATION,,False,DIRECT,Scanned file under outputs.
outputs,outputs/test_M8_probe_base/current_supported_config/sram_8x64_wpr4_fd45.report.json,True,file,SRAM_CONFIGURATION,,False,DIRECT,Scanned file under outputs.
outputs,outputs/test_M8_probe_base/current_supported_config/sram_8x64_wpr4_fd45.report.md,True,file,SRAM_CONFIGURATION,,False,DIRECT,Scanned file under outputs.
outputs,outputs/test_M8_probe_base/current_supported_config/sram_8x64_wpr4_fd45.route_guides.gds,True,file,SRAM_CONFIGURATION,,False,DIRECT,Scanned file under outputs.
outputs,outputs/test_M8_probe_base/current_supported_config/sram_8x64_wpr4_fd45.sp,True,file,SRAM_CONFIGURATION,,False,DIRECT,Scanned file under outputs.
outputs,outputs/test_openyield_dff_overlap_exclusion/cell_rail_overlap_eligibility.csv,True,file,POWER_PLAN,,False,DIRECT,Scanned file under outputs.
outputs,outputs/test_openyield_dff_overlap_exclusion/cell_rail_overlap_eligibility.md,True,file,POWER_PLAN,,False,DIRECT,Scanned file under outputs.
outputs,outputs/test_openyield_dff_overlap_exclusion/gds_row_abutment_audit.json,True,file,PLACEMENT_RULES,,False,DIRECT,Scanned file under outputs.
outputs,outputs/test_openyield_dff_overlap_exclusion/gds_row_abutment_audit.md,True,file,PLACEMENT_RULES,,False,DIRECT,Scanned file under outputs.
outputs,outputs/test_openyield_dff_overlap_exclusion/generation.log,True,file,,,False,CONTEXT,Scanned file under outputs.
outputs,outputs/test_openyield_dff_overlap_exclusion/hybrid_openyield_rail_overlap.architecture.gds,True,file,POWER_PLAN,,False,DIRECT,Scanned file under outputs.
outputs,outputs/test_openyield_dff_overlap_exclusion/hybrid_openyield_rail_overlap.architecture.svg,True,file,POWER_PLAN,,False,DIRECT,Scanned file under outputs.
outputs,outputs/test_openyield_dff_overlap_exclusion/hybrid_openyield_rail_overlap.complete.gds,True,file,POWER_PLAN,,False,DIRECT,Scanned file under outputs.
outputs,outputs/test_openyield_dff_overlap_exclusion/hybrid_openyield_rail_overlap.debug.gds,True,file,POWER_PLAN,,False,DIRECT,Scanned file under outputs.
outputs,outputs/test_openyield_dff_overlap_exclusion/hybrid_openyield_rail_overlap.gds,True,file,POWER_PLAN,,False,DIRECT,Scanned file under outputs.
outputs,outputs/test_openyield_dff_overlap_exclusion/hybrid_openyield_rail_overlap.integration.gds,True,file,POWER_PLAN,,False,DIRECT,Scanned file under outputs.
outputs,outputs/test_openyield_dff_overlap_exclusion/hybrid_openyield_rail_overlap.layout.json,True,file,POWER_PLAN,,False,DIRECT,Scanned file under outputs.
outputs,outputs/test_openyield_dff_overlap_exclusion/hybrid_openyield_rail_overlap.lef,True,file,POWER_PLAN,,False,DIRECT,Scanned file under outputs.
outputs,outputs/test_openyield_dff_overlap_exclusion/hybrid_openyield_rail_overlap.occupancy.svg,True,file,POWER_PLAN,,False,DIRECT,Scanned file under outputs.
outputs,outputs/test_openyield_dff_overlap_exclusion/hybrid_openyield_rail_overlap.presentation.gds,True,file,POWER_PLAN,,False,DIRECT,Scanned file under outputs.
outputs,outputs/test_openyield_dff_overlap_exclusion/hybrid_openyield_rail_overlap.report.json,True,file,POWER_PLAN,,False,DIRECT,Scanned file under outputs.
outputs,outputs/test_openyield_dff_overlap_exclusion/hybrid_openyield_rail_overlap.report.md,True,file,POWER_PLAN,,False,DIRECT,Scanned file under outputs.
outputs,outputs/test_openyield_dff_overlap_exclusion/hybrid_openyield_rail_overlap.route_guides.gds,True,file,POWER_PLAN,,False,DIRECT,Scanned file under outputs.
outputs,outputs/test_openyield_dff_overlap_exclusion/hybrid_openyield_rail_overlap.sp,True,file,POWER_PLAN,,False,DIRECT,Scanned file under outputs.
outputs,outputs/test_openyield_dff_overlap_exclusion/klayout_summary.json,True,file,,,False,CONTEXT,Scanned file under outputs.
outputs,outputs/test_openyield_dff_overlap_exclusion/module_coverage.json,True,file,,,False,CONTEXT,Scanned file under outputs.
outputs,outputs/test_openyield_dff_overlap_exclusion/module_coverage.md,True,file,,,False,CONTEXT,Scanned file under outputs.
outputs,outputs/test_openyield_dff_overlap_exclusion/prototype_result.json,True,file,,,False,CONTEXT,Scanned file under outputs.
outputs,outputs/test_openyield_dff_overlap_exclusion/rail_overlap_packing_report.json,True,file,POWER_PLAN,,False,DIRECT,Scanned file under outputs.
outputs,outputs/test_openyield_dff_overlap_exclusion/rail_overlap_packing_report.md,True,file,POWER_PLAN,,False,DIRECT,Scanned file under outputs.
outputs,outputs/test_openyield_gate_row_packing/gate_row_packing_report.json,True,file,,,False,CONTEXT,Scanned file under outputs.
outputs,outputs/test_openyield_gate_row_packing/gate_row_packing_report.md,True,file,,,False,CONTEXT,Scanned file under outputs.
outputs,outputs/test_openyield_gate_row_packing/generation.log,True,file,,,False,CONTEXT,Scanned file under outputs.
outputs,outputs/test_openyield_gate_row_packing/hybrid_openyield_compacted.architecture.gds,True,file,,,False,CONTEXT,Scanned file under outputs.
outputs,outputs/test_openyield_gate_row_packing/hybrid_openyield_compacted.architecture.svg,True,file,,,False,CONTEXT,Scanned file under outputs.
outputs,outputs/test_openyield_gate_row_packing/hybrid_openyield_compacted.complete.gds,True,file,,,False,CONTEXT,Scanned file under outputs.
outputs,outputs/test_openyield_gate_row_packing/hybrid_openyield_compacted.debug.gds,True,file,,,False,CONTEXT,Scanned file under outputs.
outputs,outputs/test_openyield_gate_row_packing/hybrid_openyield_compacted.gds,True,file,,,False,CONTEXT,Scanned file under outputs.
outputs,outputs/test_openyield_gate_row_packing/hybrid_openyield_compacted.integration.gds,True,file,,,False,CONTEXT,Scanned file under outputs.
outputs,outputs/test_openyield_gate_row_packing/hybrid_openyield_compacted.layout.json,True,file,,,False,CONTEXT,Scanned file under outputs.
outputs,outputs/test_openyield_gate_row_packing/hybrid_openyield_compacted.lef,True,file,,,False,CONTEXT,Scanned file under outputs.
outputs,outputs/test_openyield_gate_row_packing/hybrid_openyield_compacted.occupancy.svg,True,file,,,False,CONTEXT,Scanned file under outputs.
outputs,outputs/test_openyield_gate_row_packing/hybrid_openyield_compacted.presentation.gds,True,file,,,False,CONTEXT,Scanned file under outputs.
outputs,outputs/test_openyield_gate_row_packing/hybrid_openyield_compacted.report.json,True,file,,,False,CONTEXT,Scanned file under outputs.
outputs,outputs/test_openyield_gate_row_packing/hybrid_openyield_compacted.report.md,True,file,,,False,CONTEXT,Scanned file under outputs.
outputs,outputs/test_openyield_gate_row_packing/hybrid_openyield_compacted.route_guides.gds,True,file,,,False,CONTEXT,Scanned file under outputs.
outputs,outputs/test_openyield_gate_row_packing/hybrid_openyield_compacted.sp,True,file,,,False,CONTEXT,Scanned file under outputs.
outputs,outputs/test_openyield_gate_row_packing/klayout_summary.json,True,file,,,False,CONTEXT,Scanned file under outputs.
outputs,outputs/test_openyield_gate_row_packing/module_coverage.json,True,file,,,False,CONTEXT,Scanned file under outputs.
outputs,outputs/test_openyield_gate_row_packing/module_coverage.md,True,file,,,False,CONTEXT,Scanned file under outputs.
outputs,outputs/test_openyield_gate_row_packing/prototype_result.json,True,file,,,False,CONTEXT,Scanned file under outputs.
outputs,outputs/test_openyield_gate_row_vertical_abutment/gate_row_vertical_abutment_report.json,True,file,PLACEMENT_RULES,,False,DIRECT,Scanned file under outputs.
outputs,outputs/test_openyield_gate_row_vertical_abutment/gate_row_vertical_abutment_report.md,True,file,PLACEMENT_RULES,,False,DIRECT,Scanned file under outputs.
outputs,outputs/test_openyield_gate_row_vertical_abutment/generation.log,True,file,PLACEMENT_RULES,,False,DIRECT,Scanned file under outputs.
outputs,outputs/test_openyield_gate_row_vertical_abutment/hybrid_openyield_row_abutted.architecture.gds,True,file,PLACEMENT_RULES,,False,DIRECT,Scanned file under outputs.
outputs,outputs/test_openyield_gate_row_vertical_abutment/hybrid_openyield_row_abutted.architecture.svg,True,file,PLACEMENT_RULES,,False,DIRECT,Scanned file under outputs.
outputs,outputs/test_openyield_gate_row_vertical_abutment/hybrid_openyield_row_abutted.complete.gds,True,file,PLACEMENT_RULES,,False,DIRECT,Scanned file under outputs.
outputs,outputs/test_openyield_gate_row_vertical_abutment/hybrid_openyield_row_abutted.debug.gds,True,file,PLACEMENT_RULES,,False,DIRECT,Scanned file under outputs.
outputs,outputs/test_openyield_gate_row_vertical_abutment/hybrid_openyield_row_abutted.gds,True,file,PLACEMENT_RULES,,False,DIRECT,Scanned file under outputs.
outputs,outputs/test_openyield_gate_row_vertical_abutment/hybrid_openyield_row_abutted.integration.gds,True,file,PLACEMENT_RULES,,False,DIRECT,Scanned file under outputs.
outputs,outputs/test_openyield_gate_row_vertical_abutment/hybrid_openyield_row_abutted.layout.json,True,file,PLACEMENT_RULES,,False,DIRECT,Scanned file under outputs.
outputs,outputs/test_openyield_gate_row_vertical_abutment/hybrid_openyield_row_abutted.lef,True,file,PLACEMENT_RULES,,False,DIRECT,Scanned file under outputs.
outputs,outputs/test_openyield_gate_row_vertical_abutment/hybrid_openyield_row_abutted.occupancy.svg,True,file,PLACEMENT_RULES,,False,DIRECT,Scanned file under outputs.
outputs,outputs/test_openyield_gate_row_vertical_abutment/hybrid_openyield_row_abutted.presentation.gds,True,file,PLACEMENT_RULES,,False,DIRECT,Scanned file under outputs.
outputs,outputs/test_openyield_gate_row_vertical_abutment/hybrid_openyield_row_abutted.report.json,True,file,PLACEMENT_RULES,,False,DIRECT,Scanned file under outputs.
outputs,outputs/test_openyield_gate_row_vertical_abutment/hybrid_openyield_row_abutted.report.md,True,file,PLACEMENT_RULES,,False,DIRECT,Scanned file under outputs.
outputs,outputs/test_openyield_gate_row_vertical_abutment/hybrid_openyield_row_abutted.route_guides.gds,True,file,PLACEMENT_RULES,,False,DIRECT,Scanned file under outputs.
outputs,outputs/test_openyield_gate_row_vertical_abutment/hybrid_openyield_row_abutted.sp,True,file,PLACEMENT_RULES,,False,DIRECT,Scanned file under outputs.
outputs,outputs/test_openyield_gate_row_vertical_abutment/klayout_summary.json,True,file,PLACEMENT_RULES,,False,DIRECT,Scanned file under outputs.
outputs,outputs/test_openyield_gate_row_vertical_abutment/module_coverage.json,True,file,PLACEMENT_RULES,,False,DIRECT,Scanned file under outputs.
outputs,outputs/test_openyield_gate_row_vertical_abutment/module_coverage.md,True,file,PLACEMENT_RULES,,False,DIRECT,Scanned file under outputs.
outputs,outputs/test_openyield_gate_row_vertical_abutment/prototype_result.json,True,file,PLACEMENT_RULES,,False,DIRECT,Scanned file under outputs.
outputs,outputs/test_openyield_power_rail_overlap_packing/cell_rail_overlap_eligibility.csv,True,file,POWER_PLAN,,False,DIRECT,Scanned file under outputs.
outputs,outputs/test_openyield_power_rail_overlap_packing/cell_rail_overlap_eligibility.md,True,file,POWER_PLAN,,False,DIRECT,Scanned file under outputs.
outputs,outputs/test_openyield_power_rail_overlap_packing/gds_row_abutment_audit.json,True,file,PLACEMENT_RULES;POWER_PLAN,,False,DIRECT,Scanned file under outputs.
outputs,outputs/test_openyield_power_rail_overlap_packing/gds_row_abutment_audit.md,True,file,PLACEMENT_RULES;POWER_PLAN,,False,DIRECT,Scanned file under outputs.
outputs,outputs/test_openyield_power_rail_overlap_packing/generation.log,True,file,POWER_PLAN,,False,DIRECT,Scanned file under outputs.
outputs,outputs/test_openyield_power_rail_overlap_packing/hybrid_openyield_rail_overlap.architecture.gds,True,file,POWER_PLAN,,False,DIRECT,Scanned file under outputs.
outputs,outputs/test_openyield_power_rail_overlap_packing/hybrid_openyield_rail_overlap.architecture.svg,True,file,POWER_PLAN,,False,DIRECT,Scanned file under outputs.
outputs,outputs/test_openyield_power_rail_overlap_packing/hybrid_openyield_rail_overlap.complete.gds,True,file,POWER_PLAN,,False,DIRECT,Scanned file under outputs.
outputs,outputs/test_openyield_power_rail_overlap_packing/hybrid_openyield_rail_overlap.debug.gds,True,file,POWER_PLAN,,False,DIRECT,Scanned file under outputs.
outputs,outputs/test_openyield_power_rail_overlap_packing/hybrid_openyield_rail_overlap.gds,True,file,POWER_PLAN,,False,DIRECT,Scanned file under outputs.
outputs,outputs/test_openyield_power_rail_overlap_packing/hybrid_openyield_rail_overlap.integration.gds,True,file,POWER_PLAN,,False,DIRECT,Scanned file under outputs.
outputs,outputs/test_openyield_power_rail_overlap_packing/hybrid_openyield_rail_overlap.layout.json,True,file,POWER_PLAN,,False,DIRECT,Scanned file under outputs.
outputs,outputs/test_openyield_power_rail_overlap_packing/hybrid_openyield_rail_overlap.lef,True,file,POWER_PLAN,,False,DIRECT,Scanned file under outputs.
outputs,outputs/test_openyield_power_rail_overlap_packing/hybrid_openyield_rail_overlap.occupancy.svg,True,file,POWER_PLAN,,False,DIRECT,Scanned file under outputs.
outputs,outputs/test_openyield_power_rail_overlap_packing/hybrid_openyield_rail_overlap.presentation.gds,True,file,POWER_PLAN,,False,DIRECT,Scanned file under outputs.
outputs,outputs/test_openyield_power_rail_overlap_packing/hybrid_openyield_rail_overlap.report.json,True,file,POWER_PLAN,,False,DIRECT,Scanned file under outputs.
outputs,outputs/test_openyield_power_rail_overlap_packing/hybrid_openyield_rail_overlap.report.md,True,file,POWER_PLAN,,False,DIRECT,Scanned file under outputs.
outputs,outputs/test_openyield_power_rail_overlap_packing/hybrid_openyield_rail_overlap.route_guides.gds,True,file,POWER_PLAN,,False,DIRECT,Scanned file under outputs.
outputs,outputs/test_openyield_power_rail_overlap_packing/hybrid_openyield_rail_overlap.sp,True,file,POWER_PLAN,,False,DIRECT,Scanned file under outputs.
outputs,outputs/test_openyield_power_rail_overlap_packing/klayout_summary.json,True,file,POWER_PLAN,,False,DIRECT,Scanned file under outputs.
outputs,outputs/test_openyield_power_rail_overlap_packing/module_coverage.json,True,file,POWER_PLAN,,False,DIRECT,Scanned file under outputs.
outputs,outputs/test_openyield_power_rail_overlap_packing/module_coverage.md,True,file,POWER_PLAN,,False,DIRECT,Scanned file under outputs.
outputs,outputs/test_openyield_power_rail_overlap_packing/prototype_result.json,True,file,POWER_PLAN,,False,DIRECT,Scanned file under outputs.
outputs,outputs/test_openyield_power_rail_overlap_packing/rail_overlap_packing_report.json,True,file,POWER_PLAN,,False,DIRECT,Scanned file under outputs.
outputs,outputs/test_openyield_power_rail_overlap_packing/rail_overlap_packing_report.md,True,file,POWER_PLAN,,False,DIRECT,Scanned file under outputs.
outputs,outputs/test_openyield_rail_to_rail_abutment/gds_row_abutment_audit.json,True,file,PLACEMENT_RULES;POWER_PLAN,,False,DIRECT,Scanned file under outputs.
outputs,outputs/test_openyield_rail_to_rail_abutment/gds_row_abutment_audit.md,True,file,PLACEMENT_RULES;POWER_PLAN,,False,DIRECT,Scanned file under outputs.
outputs,outputs/test_openyield_rail_to_rail_abutment/generation.log,True,file,PLACEMENT_RULES;POWER_PLAN,,False,DIRECT,Scanned file under outputs.
outputs,outputs/test_openyield_rail_to_rail_abutment/hybrid_openyield_rail_abutted.architecture.gds,True,file,PLACEMENT_RULES;POWER_PLAN,,False,DIRECT,Scanned file under outputs.
outputs,outputs/test_openyield_rail_to_rail_abutment/hybrid_openyield_rail_abutted.architecture.svg,True,file,PLACEMENT_RULES;POWER_PLAN,,False,DIRECT,Scanned file under outputs.
outputs,outputs/test_openyield_rail_to_rail_abutment/hybrid_openyield_rail_abutted.complete.gds,True,file,PLACEMENT_RULES;POWER_PLAN,,False,DIRECT,Scanned file under outputs.
outputs,outputs/test_openyield_rail_to_rail_abutment/hybrid_openyield_rail_abutted.debug.gds,True,file,PLACEMENT_RULES;POWER_PLAN,,False,DIRECT,Scanned file under outputs.
outputs,outputs/test_openyield_rail_to_rail_abutment/hybrid_openyield_rail_abutted.gds,True,file,PLACEMENT_RULES;POWER_PLAN,,False,DIRECT,Scanned file under outputs.
outputs,outputs/test_openyield_rail_to_rail_abutment/hybrid_openyield_rail_abutted.integration.gds,True,file,PLACEMENT_RULES;POWER_PLAN,,False,DIRECT,Scanned file under outputs.
outputs,outputs/test_openyield_rail_to_rail_abutment/hybrid_openyield_rail_abutted.layout.json,True,file,PLACEMENT_RULES;POWER_PLAN,,False,DIRECT,Scanned file under outputs.
outputs,outputs/test_openyield_rail_to_rail_abutment/hybrid_openyield_rail_abutted.lef,True,file,PLACEMENT_RULES;POWER_PLAN,,False,DIRECT,Scanned file under outputs.
outputs,outputs/test_openyield_rail_to_rail_abutment/hybrid_openyield_rail_abutted.occupancy.svg,True,file,PLACEMENT_RULES;POWER_PLAN,,False,DIRECT,Scanned file under outputs.
outputs,outputs/test_openyield_rail_to_rail_abutment/hybrid_openyield_rail_abutted.presentation.gds,True,file,PLACEMENT_RULES;POWER_PLAN,,False,DIRECT,Scanned file under outputs.
outputs,outputs/test_openyield_rail_to_rail_abutment/hybrid_openyield_rail_abutted.report.json,True,file,PLACEMENT_RULES;POWER_PLAN,,False,DIRECT,Scanned file under outputs.
outputs,outputs/test_openyield_rail_to_rail_abutment/hybrid_openyield_rail_abutted.report.md,True,file,PLACEMENT_RULES;POWER_PLAN,,False,DIRECT,Scanned file under outputs.
outputs,outputs/test_openyield_rail_to_rail_abutment/hybrid_openyield_rail_abutted.route_guides.gds,True,file,PLACEMENT_RULES;POWER_PLAN,,False,DIRECT,Scanned file under outputs.
outputs,outputs/test_openyield_rail_to_rail_abutment/hybrid_openyield_rail_abutted.sp,True,file,PLACEMENT_RULES;POWER_PLAN,,False,DIRECT,Scanned file under outputs.
outputs,outputs/test_openyield_rail_to_rail_abutment/klayout_summary.json,True,file,PLACEMENT_RULES;POWER_PLAN,,False,DIRECT,Scanned file under outputs.
outputs,outputs/test_openyield_rail_to_rail_abutment/module_coverage.json,True,file,PLACEMENT_RULES;POWER_PLAN,,False,DIRECT,Scanned file under outputs.
outputs,outputs/test_openyield_rail_to_rail_abutment/module_coverage.md,True,file,PLACEMENT_RULES;POWER_PLAN,,False,DIRECT,Scanned file under outputs.
outputs,outputs/test_openyield_rail_to_rail_abutment/prototype_result.json,True,file,PLACEMENT_RULES;POWER_PLAN,,False,DIRECT,Scanned file under outputs.
outputs,outputs/test_openyield_rail_to_rail_abutment/rail_to_rail_abutment_report.json,True,file,PLACEMENT_RULES;POWER_PLAN,,False,DIRECT,Scanned file under outputs.
outputs,outputs/test_openyield_rail_to_rail_abutment/rail_to_rail_abutment_report.md,True,file,PLACEMENT_RULES;POWER_PLAN,,False,DIRECT,Scanned file under outputs.
outputs,outputs/test_tmp_rail/gds_row_abutment_audit.json,True,file,PLACEMENT_RULES;POWER_PLAN,,False,DIRECT,Scanned file under outputs.
outputs,outputs/test_tmp_rail/gds_row_abutment_audit.md,True,file,PLACEMENT_RULES;POWER_PLAN,,False,DIRECT,Scanned file under outputs.
outputs,outputs/test_tmp_rail/generation.log,True,file,POWER_PLAN,,False,DIRECT,Scanned file under outputs.
outputs,outputs/test_tmp_rail/hybrid_openyield_rail_abutted.architecture.gds,True,file,POWER_PLAN,,False,DIRECT,Scanned file under outputs.
outputs,outputs/test_tmp_rail/hybrid_openyield_rail_abutted.architecture.svg,True,file,POWER_PLAN,,False,DIRECT,Scanned file under outputs.
outputs,outputs/test_tmp_rail/hybrid_openyield_rail_abutted.complete.gds,True,file,POWER_PLAN,,False,DIRECT,Scanned file under outputs.
outputs,outputs/test_tmp_rail/hybrid_openyield_rail_abutted.debug.gds,True,file,POWER_PLAN,,False,DIRECT,Scanned file under outputs.
outputs,outputs/test_tmp_rail/hybrid_openyield_rail_abutted.gds,True,file,POWER_PLAN,,False,DIRECT,Scanned file under outputs.
outputs,outputs/test_tmp_rail/hybrid_openyield_rail_abutted.integration.gds,True,file,POWER_PLAN,,False,DIRECT,Scanned file under outputs.
outputs,outputs/test_tmp_rail/hybrid_openyield_rail_abutted.layout.json,True,file,POWER_PLAN,,False,DIRECT,Scanned file under outputs.
outputs,outputs/test_tmp_rail/hybrid_openyield_rail_abutted.lef,True,file,POWER_PLAN,,False,DIRECT,Scanned file under outputs.
outputs,outputs/test_tmp_rail/hybrid_openyield_rail_abutted.occupancy.svg,True,file,POWER_PLAN,,False,DIRECT,Scanned file under outputs.
outputs,outputs/test_tmp_rail/hybrid_openyield_rail_abutted.presentation.gds,True,file,POWER_PLAN,,False,DIRECT,Scanned file under outputs.
outputs,outputs/test_tmp_rail/hybrid_openyield_rail_abutted.report.json,True,file,POWER_PLAN,,False,DIRECT,Scanned file under outputs.
outputs,outputs/test_tmp_rail/hybrid_openyield_rail_abutted.report.md,True,file,POWER_PLAN,,False,DIRECT,Scanned file under outputs.
outputs,outputs/test_tmp_rail/hybrid_openyield_rail_abutted.route_guides.gds,True,file,POWER_PLAN,,False,DIRECT,Scanned file under outputs.
outputs,outputs/test_tmp_rail/hybrid_openyield_rail_abutted.sp,True,file,POWER_PLAN,,False,DIRECT,Scanned file under outputs.
outputs,outputs/test_tmp_rail/klayout_summary.json,True,file,POWER_PLAN,,False,DIRECT,Scanned file under outputs.
outputs,outputs/test_tmp_rail/module_coverage.json,True,file,POWER_PLAN,,False,DIRECT,Scanned file under outputs.
outputs,outputs/test_tmp_rail/module_coverage.md,True,file,POWER_PLAN,,False,DIRECT,Scanned file under outputs.
outputs,outputs/test_tmp_rail/prototype_result.json,True,file,POWER_PLAN,,False,DIRECT,Scanned file under outputs.
outputs,outputs/test_tmp_rail/rail_to_rail_abutment_report.json,True,file,PLACEMENT_RULES;POWER_PLAN,,False,DIRECT,Scanned file under outputs.
outputs,outputs/test_tmp_rail/rail_to_rail_abutment_report.md,True,file,PLACEMENT_RULES;POWER_PLAN,,False,DIRECT,Scanned file under outputs.
external_references,external_references/full_layout_collection.zip,True,file,,,False,CONTEXT,Scanned file under external_references.
