
No compatibility mode selected!


Circuit: * delay chain measurement refinement

Doing analysis at TEMP = 25.000000 and TNOM = 27.000000

Note: Starting dynamic gmin stepping
Trying gmin =   1.0000E-03 Note: One successful gmin step
Trying gmin =   1.0000E-04 Note: One successful gmin step
Trying gmin =   1.0000E-05 Warning: Further gmin increment
Trying gmin =   5.6234E-05 Note: One successful gmin step
Trying gmin =   2.3714E-05 Note: One successful gmin step
Trying gmin =   6.4938E-06 Warning: Further gmin increment
Trying gmin =   1.7154E-05 Warning: Further gmin increment
Trying gmin =   2.1870E-05 Note: One successful gmin step
Trying gmin =   1.9369E-05 Note: One successful gmin step
Trying gmin =   1.6144E-05 Note: One successful gmin step
Trying gmin =   1.2284E-05 Note: One successful gmin step
Trying gmin =   8.1541E-06 Note: One successful gmin step
Trying gmin =   4.4097E-06 Note: One successful gmin step
Trying gmin =   1.7537E-06 Note: One successful gmin step
Trying gmin =   4.3983E-07 Note: One successful gmin step
Trying gmin =   5.5241E-08 Note: One successful gmin step
Trying gmin =   5.5241E-09 Note: One successful gmin step
Trying gmin =   5.5241E-10 Note: One successful gmin step
Trying gmin =   5.5241E-11 Note: One successful gmin step
Trying gmin =   5.5241E-12 Note: One successful gmin step
Trying gmin =   1.0000E-12 Note: One successful gmin step
Note: Dynamic gmin stepping completed

Initial Transient Solution
--------------------------

Node                                   Voltage
----                                   -------
vdd                                          1
rbl                                          0
dout_1                                0.999994
n_0_0                              8.56902e-06
n_0_1                              8.56902e-06
n_0_2                              8.56902e-06
n_0_3                              8.56902e-06
dout_2                             2.82984e-05
n_1_0                                 0.999998
n_1_1                                 0.999998
n_1_2                                 0.999998
n_1_3                                 0.999998
dout_3                                0.999994
n_2_0                              8.56902e-06
n_2_1                              8.56902e-06
n_2_2                              8.56902e-06
n_2_3                              8.56902e-06
dout_4                             2.82984e-05
n_3_0                                 0.999998
n_3_1                                 0.999998
n_3_2                                 0.999998
n_3_3                                 0.999998
dout_5                                0.999994
n_4_0                              8.56902e-06
n_4_1                              8.56902e-06
n_4_2                              8.56902e-06
n_4_3                              8.56902e-06
dout_6                             2.82984e-05
n_5_0                                 0.999998
n_5_1                                 0.999998
n_5_2                                 0.999998
n_5_3                                 0.999998
dout_7                                0.999994
n_6_0                              8.56902e-06
n_6_1                              8.56902e-06
n_6_2                              8.56902e-06
n_6_3                              8.56902e-06
dout_8                             2.82984e-05
n_7_0                                 0.999998
n_7_1                                 0.999998
n_7_2                                 0.999998
n_7_3                                 0.999998
rbl_delay                             0.999995
n_8_0                              8.56888e-06
n_8_1                              8.56888e-06
n_8_2                              8.56888e-06
n_8_3                              8.56888e-06
vin#branch                         1.27704e-09
vdd_src#branch                    -1.13313e-07


No. of Data Rows : 2026

  Measurements for Transient Analysis

smoke_delay_rise_to_fall=  1.963452e-10 targ=  2.513452e-10 trig=  5.500000e-11
smoke_delay_fall_to_rise=  1.876240e-10 targ=  1.752624e-09 trig=  1.565000e-09

                      * delay chain measurement refinement
                      Transient Analysis  Sun Jun 28 02:03:08  2026
--------------------------------------------------------------------------------
Index   time            v(rbl)          v(dout_1)       v(dout_4)       
--------------------------------------------------------------------------------
0	0.000000e+00	0.000000e+00	9.999944e-01	2.829841e-05	
1	2.000000e-14	0.000000e+00	9.999944e-01	2.829841e-05	
2	4.000000e-14	0.000000e+00	9.999944e-01	2.829841e-05	
3	8.000000e-14	0.000000e+00	9.999944e-01	2.829841e-05	
4	1.600000e-13	0.000000e+00	9.999944e-01	2.829841e-05	
5	3.200000e-13	0.000000e+00	9.999944e-01	2.829841e-05	
6	6.400000e-13	0.000000e+00	9.999944e-01	2.829841e-05	
7	1.280000e-12	0.000000e+00	9.999944e-01	2.829841e-05	
8	2.560000e-12	0.000000e+00	9.999944e-01	2.829841e-05	
9	4.560000e-12	0.000000e+00	9.999944e-01	2.829841e-05	
10	6.560000e-12	0.000000e+00	9.999944e-01	2.829841e-05	
11	8.560000e-12	0.000000e+00	9.999944e-01	2.829841e-05	
12	1.056000e-11	0.000000e+00	9.999944e-01	2.829841e-05	
13	1.256000e-11	0.000000e+00	9.999944e-01	2.829841e-05	
14	1.456000e-11	0.000000e+00	9.999944e-01	2.829841e-05	
15	1.656000e-11	0.000000e+00	9.999944e-01	2.829841e-05	
16	1.856000e-11	0.000000e+00	9.999944e-01	2.829841e-05	
17	2.056000e-11	0.000000e+00	9.999944e-01	2.829841e-05	
18	2.256000e-11	0.000000e+00	9.999944e-01	2.829841e-05	
19	2.456000e-11	0.000000e+00	9.999944e-01	2.829841e-05	
20	2.656000e-11	0.000000e+00	9.999944e-01	2.829841e-05	
21	2.856000e-11	0.000000e+00	9.999944e-01	2.829841e-05	
22	3.056000e-11	0.000000e+00	9.999944e-01	2.829841e-05	
23	3.256000e-11	0.000000e+00	9.999944e-01	2.829841e-05	
24	3.456000e-11	0.000000e+00	9.999944e-01	2.829841e-05	
25	3.656000e-11	0.000000e+00	9.999944e-01	2.829841e-05	
26	3.856000e-11	0.000000e+00	9.999944e-01	2.829841e-05	
27	4.056000e-11	0.000000e+00	9.999944e-01	2.829841e-05	
28	4.256000e-11	0.000000e+00	9.999944e-01	2.829841e-05	
29	4.456000e-11	0.000000e+00	9.999944e-01	2.829841e-05	
30	4.656000e-11	0.000000e+00	9.999944e-01	2.829841e-05	
31	4.856000e-11	0.000000e+00	9.999944e-01	2.829841e-05	
32	5.000000e-11	0.000000e+00	9.999944e-01	2.829841e-05	
33	5.020000e-11	2.000000e-02	1.002385e+00	2.913100e-05	
34	5.060000e-11	6.000000e-02	1.006782e+00	3.032483e-05	
35	5.140000e-11	1.400000e-01	1.013821e+00	3.095307e-05	
36	5.300000e-11	3.000000e-01	1.023884e+00	3.038463e-05	
37	5.500000e-11	5.000000e-01	1.027978e+00	2.833321e-05	
38	5.700000e-11	7.000000e-01	1.012538e+00	2.447341e-05	
39	5.900000e-11	9.000000e-01	9.706453e-01	1.986679e-05	
40	6.000000e-11	1.000000e+00	9.399518e-01	1.796274e-05	
41	6.020000e-11	1.000000e+00	9.315614e-01	1.718862e-05	
42	6.060000e-11	1.000000e+00	9.149679e-01	1.605472e-05	
43	6.140000e-11	1.000000e+00	8.825417e-01	1.540264e-05	
44	6.300000e-11	1.000000e+00	8.194153e-01	1.693956e-05	
45	6.500000e-11	1.000000e+00	7.433809e-01	2.205560e-05	
46	6.700000e-11	1.000000e+00	6.739681e-01	3.277909e-05	
47	6.900000e-11	1.000000e+00	6.140362e-01	5.297734e-05	
48	7.100000e-11	1.000000e+00	5.620578e-01	7.907822e-05	
49	7.300000e-11	1.000000e+00	5.189594e-01	1.070829e-04	
50	7.500000e-11	1.000000e+00	4.860869e-01	1.315923e-04	
51	7.700000e-11	1.000000e+00	4.615287e-01	1.493050e-04	
52	7.900000e-11	1.000000e+00	4.416092e-01	1.606598e-04	
53	8.100000e-11	1.000000e+00	4.225204e-01	1.677933e-04	
54	8.300000e-11	1.000000e+00	3.979948e-01	1.742658e-04	

Index   time            v(rbl)          v(dout_1)       v(dout_4)       
--------------------------------------------------------------------------------
55	8.500000e-11	1.000000e+00	3.618657e-01	1.855090e-04	
56	8.700000e-11	1.000000e+00	3.190435e-01	2.012273e-04	
57	8.900000e-11	1.000000e+00	2.772748e-01	2.005703e-04	
58	9.100000e-11	1.000000e+00	2.386415e-01	1.393590e-04	
59	9.300000e-11	1.000000e+00	2.038428e-01	-3.67643e-05	
60	9.500000e-11	1.000000e+00	1.731996e-01	-3.71825e-04	
61	9.700000e-11	1.000000e+00	1.464484e-01	-9.42620e-04	
62	9.900000e-11	1.000000e+00	1.231654e-01	-1.77889e-03	
63	1.010000e-10	1.000000e+00	1.030340e-01	-2.78079e-03	
64	1.030000e-10	1.000000e+00	8.596947e-02	-3.84409e-03	
65	1.050000e-10	1.000000e+00	7.183051e-02	-4.89936e-03	
66	1.070000e-10	1.000000e+00	6.080528e-02	-5.86212e-03	
67	1.090000e-10	1.000000e+00	5.203247e-02	-6.51848e-03	
68	1.110000e-10	1.000000e+00	4.426979e-02	-5.96049e-03	
69	1.130000e-10	1.000000e+00	3.724342e-02	-2.48558e-03	
70	1.150000e-10	1.000000e+00	3.096581e-02	5.475852e-03	
71	1.170000e-10	1.000000e+00	2.548905e-02	1.896844e-02	
72	1.190000e-10	1.000000e+00	2.082501e-02	3.817394e-02	
73	1.210000e-10	1.000000e+00	1.692116e-02	6.239378e-02	
74	1.230000e-10	1.000000e+00	1.369040e-02	9.077749e-02	
75	1.250000e-10	1.000000e+00	1.103495e-02	1.227362e-01	
76	1.270000e-10	1.000000e+00	8.862567e-03	1.581081e-01	
77	1.290000e-10	1.000000e+00	7.076851e-03	1.975825e-01	
78	1.310000e-10	1.000000e+00	5.624456e-03	2.429959e-01	
79	1.330000e-10	1.000000e+00	4.474579e-03	2.953995e-01	
80	1.350000e-10	1.000000e+00	3.571446e-03	3.535166e-01	
81	1.370000e-10	1.000000e+00	2.859982e-03	4.147802e-01	
82	1.390000e-10	1.000000e+00	2.299299e-03	4.789063e-01	
83	1.410000e-10	1.000000e+00	1.854845e-03	5.439758e-01	
84	1.430000e-10	1.000000e+00	1.501439e-03	6.046710e-01	
85	1.450000e-10	1.000000e+00	1.218482e-03	6.565425e-01	
86	1.470000e-10	1.000000e+00	9.929460e-04	7.020884e-01	
87	1.490000e-10	1.000000e+00	8.123387e-04	7.445493e-01	
88	1.510000e-10	1.000000e+00	6.696561e-04	7.947671e-01	
89	1.530000e-10	1.000000e+00	5.553223e-04	8.552275e-01	
90	1.550000e-10	1.000000e+00	4.608213e-04	9.068327e-01	
91	1.570000e-10	1.000000e+00	3.812965e-04	9.413931e-01	
92	1.590000e-10	1.000000e+00	3.164109e-04	9.632120e-01	
93	1.610000e-10	1.000000e+00	2.633896e-04	9.766098e-01	
94	1.630000e-10	1.000000e+00	2.212519e-04	9.848212e-01	
95	1.650000e-10	1.000000e+00	1.870072e-04	9.899664e-01	
96	1.670000e-10	1.000000e+00	1.598200e-04	9.932265e-01	
97	1.690000e-10	1.000000e+00	1.372766e-04	9.952652e-01	
98	1.710000e-10	1.000000e+00	1.192403e-04	9.964657e-01	
99	1.730000e-10	1.000000e+00	1.038849e-04	9.969531e-01	
100	1.750000e-10	1.000000e+00	9.156382e-05	9.968115e-01	
101	1.770000e-10	1.000000e+00	8.094932e-05	9.965341e-01	
102	1.790000e-10	1.000000e+00	7.260000e-05	9.964659e-01	
103	1.810000e-10	1.000000e+00	6.515642e-05	9.965635e-01	
104	1.830000e-10	1.000000e+00	5.933062e-05	9.967714e-01	
105	1.850000e-10	1.000000e+00	5.397377e-05	9.970449e-01	
106	1.870000e-10	1.000000e+00	4.989548e-05	9.973361e-01	
107	1.890000e-10	1.000000e+00	4.602257e-05	9.976191e-01	
108	1.910000e-10	1.000000e+00	4.321259e-05	9.978844e-01	
109	1.930000e-10	1.000000e+00	4.042800e-05	9.981417e-01	
110	1.950000e-10	1.000000e+00	3.854321e-05	9.983928e-01	
111	1.970000e-10	1.000000e+00	3.654398e-05	9.986553e-01	
112	1.990000e-10	1.000000e+00	3.530811e-05	9.988868e-01	

Index   time            v(rbl)          v(dout_1)       v(dout_4)       
--------------------------------------------------------------------------------
113	2.010000e-10	1.000000e+00	3.384047e-05	9.990522e-01	
114	2.030000e-10	1.000000e+00	3.306225e-05	9.991723e-01	
115	2.050000e-10	1.000000e+00	3.199428e-05	9.992707e-01	
116	2.070000e-10	1.000000e+00	3.154859e-05	9.993585e-01	
117	2.090000e-10	1.000000e+00	3.075446e-05	9.994425e-01	
118	2.110000e-10	1.000000e+00	3.052971e-05	9.995208e-01	
119	2.130000e-10	1.000000e+00	2.991635e-05	9.995937e-01	
120	2.150000e-10	1.000000e+00	2.983840e-05	9.996579e-01	
121	2.170000e-10	1.000000e+00	2.934735e-05	9.997148e-01	
122	2.190000e-10	1.000000e+00	2.936931e-05	9.997622e-01	
123	2.210000e-10	1.000000e+00	2.896261e-05	9.998035e-01	
124	2.230000e-10	1.000000e+00	2.905362e-05	9.998388e-01	
125	2.250000e-10	1.000000e+00	2.870467e-05	9.998696e-01	
126	2.270000e-10	1.000000e+00	2.884148e-05	9.998942e-01	
127	2.290000e-10	1.000000e+00	2.853153e-05	9.999150e-01	
128	2.310000e-10	1.000000e+00	2.869928e-05	9.999308e-01	
129	2.330000e-10	1.000000e+00	2.841601e-05	9.999442e-01	
130	2.350000e-10	1.000000e+00	2.860441e-05	9.999539e-01	
131	2.370000e-10	1.000000e+00	2.833926e-05	9.999625e-01	
132	2.390000e-10	1.000000e+00	2.854120e-05	9.999685e-01	
133	2.410000e-10	1.000000e+00	2.828827e-05	9.999742e-01	
134	2.430000e-10	1.000000e+00	2.849890e-05	9.999778e-01	
135	2.450000e-10	1.000000e+00	2.825421e-05	9.999814e-01	
136	2.470000e-10	1.000000e+00	2.847037e-05	9.999834e-01	
137	2.490000e-10	1.000000e+00	2.823149e-05	9.999858e-01	
138	2.510000e-10	1.000000e+00	2.845115e-05	9.999870e-01	
139	2.530000e-10	1.000000e+00	2.821631e-05	9.999888e-01	
140	2.550000e-10	1.000000e+00	2.843804e-05	9.999894e-01	
141	2.570000e-10	1.000000e+00	2.820611e-05	9.999908e-01	
142	2.590000e-10	1.000000e+00	2.842901e-05	9.999911e-01	
143	2.610000e-10	1.000000e+00	2.819926e-05	9.999921e-01	
144	2.630000e-10	1.000000e+00	2.842275e-05	9.999921e-01	
145	2.650000e-10	1.000000e+00	2.819472e-05	9.999930e-01	
146	2.670000e-10	1.000000e+00	2.841840e-05	9.999928e-01	
147	2.690000e-10	1.000000e+00	2.819174e-05	9.999935e-01	
148	2.710000e-10	1.000000e+00	2.841533e-05	9.999932e-01	
149	2.730000e-10	1.000000e+00	2.818982e-05	9.999939e-01	
150	2.750000e-10	1.000000e+00	2.841314e-05	9.999935e-01	
151	2.770000e-10	1.000000e+00	2.818862e-05	9.999941e-01	
152	2.790000e-10	1.000000e+00	2.841154e-05	9.999937e-01	
153	2.810000e-10	1.000000e+00	2.818791e-05	9.999943e-01	
154	2.830000e-10	1.000000e+00	2.841034e-05	9.999939e-01	
155	2.850000e-10	1.000000e+00	2.818753e-05	9.999944e-01	
156	2.870000e-10	1.000000e+00	2.840943e-05	9.999940e-01	
157	2.890000e-10	1.000000e+00	2.818738e-05	9.999945e-01	
158	2.910000e-10	1.000000e+00	2.840869e-05	9.999940e-01	
159	2.930000e-10	1.000000e+00	2.818738e-05	9.999945e-01	
160	2.950000e-10	1.000000e+00	2.840809e-05	9.999941e-01	
161	2.970000e-10	1.000000e+00	2.818749e-05	9.999946e-01	
162	2.990000e-10	1.000000e+00	2.840758e-05	9.999941e-01	
163	3.010000e-10	1.000000e+00	2.818767e-05	9.999946e-01	
164	3.030000e-10	1.000000e+00	2.840712e-05	9.999941e-01	
165	3.050000e-10	1.000000e+00	2.818790e-05	9.999946e-01	
166	3.070000e-10	1.000000e+00	2.840671e-05	9.999942e-01	
167	3.090000e-10	1.000000e+00	2.818816e-05	9.999946e-01	
168	3.110000e-10	1.000000e+00	2.840632e-05	9.999942e-01	
169	3.130000e-10	1.000000e+00	2.818844e-05	9.999946e-01	
170	3.150000e-10	1.000000e+00	2.840595e-05	9.999942e-01	

Index   time            v(rbl)          v(dout_1)       v(dout_4)       
--------------------------------------------------------------------------------
171	3.170000e-10	1.000000e+00	2.818874e-05	9.999946e-01	
172	3.190000e-10	1.000000e+00	2.840560e-05	9.999942e-01	
173	3.210000e-10	1.000000e+00	2.818905e-05	9.999946e-01	
174	3.230000e-10	1.000000e+00	2.840525e-05	9.999942e-01	
175	3.250000e-10	1.000000e+00	2.818936e-05	9.999946e-01	
176	3.270000e-10	1.000000e+00	2.840491e-05	9.999942e-01	
177	3.290000e-10	1.000000e+00	2.818968e-05	9.999946e-01	
178	3.310000e-10	1.000000e+00	2.840458e-05	9.999942e-01	
179	3.330000e-10	1.000000e+00	2.819000e-05	9.999946e-01	
180	3.350000e-10	1.000000e+00	2.840424e-05	9.999942e-01	
181	3.370000e-10	1.000000e+00	2.819032e-05	9.999946e-01	
182	3.390000e-10	1.000000e+00	2.840391e-05	9.999942e-01	
183	3.410000e-10	1.000000e+00	2.819064e-05	9.999946e-01	
184	3.430000e-10	1.000000e+00	2.840358e-05	9.999942e-01	
185	3.450000e-10	1.000000e+00	2.819097e-05	9.999946e-01	
186	3.470000e-10	1.000000e+00	2.840326e-05	9.999942e-01	
187	3.490000e-10	1.000000e+00	2.819129e-05	9.999946e-01	
188	3.510000e-10	1.000000e+00	2.840293e-05	9.999942e-01	
189	3.530000e-10	1.000000e+00	2.819162e-05	9.999946e-01	
190	3.550000e-10	1.000000e+00	2.840260e-05	9.999942e-01	
191	3.570000e-10	1.000000e+00	2.819194e-05	9.999946e-01	
192	3.590000e-10	1.000000e+00	2.840228e-05	9.999942e-01	
193	3.610000e-10	1.000000e+00	2.819227e-05	9.999946e-01	
194	3.630000e-10	1.000000e+00	2.840195e-05	9.999942e-01	
195	3.650000e-10	1.000000e+00	2.819259e-05	9.999946e-01	
196	3.670000e-10	1.000000e+00	2.840163e-05	9.999942e-01	
197	3.690000e-10	1.000000e+00	2.819291e-05	9.999946e-01	
198	3.710000e-10	1.000000e+00	2.840131e-05	9.999942e-01	
199	3.730000e-10	1.000000e+00	2.819324e-05	9.999946e-01	
200	3.750000e-10	1.000000e+00	2.840098e-05	9.999942e-01	
201	3.770000e-10	1.000000e+00	2.819356e-05	9.999946e-01	
202	3.790000e-10	1.000000e+00	2.840066e-05	9.999942e-01	
203	3.810000e-10	1.000000e+00	2.819388e-05	9.999946e-01	
204	3.830000e-10	1.000000e+00	2.840034e-05	9.999942e-01	
205	3.850000e-10	1.000000e+00	2.819420e-05	9.999946e-01	
206	3.870000e-10	1.000000e+00	2.840002e-05	9.999942e-01	
207	3.890000e-10	1.000000e+00	2.819453e-05	9.999946e-01	
208	3.910000e-10	1.000000e+00	2.839970e-05	9.999942e-01	
209	3.930000e-10	1.000000e+00	2.819485e-05	9.999946e-01	
210	3.950000e-10	1.000000e+00	2.839938e-05	9.999942e-01	
211	3.970000e-10	1.000000e+00	2.819517e-05	9.999946e-01	
212	3.990000e-10	1.000000e+00	2.839905e-05	9.999942e-01	
213	4.010000e-10	1.000000e+00	2.819549e-05	9.999946e-01	
214	4.030000e-10	1.000000e+00	2.839873e-05	9.999942e-01	
215	4.050000e-10	1.000000e+00	2.819581e-05	9.999946e-01	
216	4.070000e-10	1.000000e+00	2.839842e-05	9.999942e-01	
217	4.090000e-10	1.000000e+00	2.819613e-05	9.999946e-01	
218	4.110000e-10	1.000000e+00	2.839810e-05	9.999942e-01	
219	4.130000e-10	1.000000e+00	2.819644e-05	9.999946e-01	
220	4.150000e-10	1.000000e+00	2.839778e-05	9.999942e-01	
221	4.170000e-10	1.000000e+00	2.819676e-05	9.999946e-01	
222	4.190000e-10	1.000000e+00	2.839746e-05	9.999942e-01	
223	4.210000e-10	1.000000e+00	2.819708e-05	9.999946e-01	
224	4.230000e-10	1.000000e+00	2.839714e-05	9.999942e-01	
225	4.250000e-10	1.000000e+00	2.819740e-05	9.999946e-01	
226	4.270000e-10	1.000000e+00	2.839683e-05	9.999942e-01	
227	4.290000e-10	1.000000e+00	2.819772e-05	9.999946e-01	
228	4.310000e-10	1.000000e+00	2.839651e-05	9.999942e-01	

Index   time            v(rbl)          v(dout_1)       v(dout_4)       
--------------------------------------------------------------------------------
229	4.330000e-10	1.000000e+00	2.819803e-05	9.999946e-01	
230	4.350000e-10	1.000000e+00	2.839619e-05	9.999942e-01	
231	4.370000e-10	1.000000e+00	2.819835e-05	9.999946e-01	
232	4.390000e-10	1.000000e+00	2.839588e-05	9.999942e-01	
233	4.410000e-10	1.000000e+00	2.819866e-05	9.999946e-01	
234	4.430000e-10	1.000000e+00	2.839556e-05	9.999942e-01	
235	4.450000e-10	1.000000e+00	2.819898e-05	9.999946e-01	
236	4.470000e-10	1.000000e+00	2.839525e-05	9.999942e-01	
237	4.490000e-10	1.000000e+00	2.819929e-05	9.999946e-01	
238	4.510000e-10	1.000000e+00	2.839493e-05	9.999942e-01	
239	4.530000e-10	1.000000e+00	2.819961e-05	9.999946e-01	
240	4.550000e-10	1.000000e+00	2.839462e-05	9.999942e-01	
241	4.570000e-10	1.000000e+00	2.819992e-05	9.999946e-01	
242	4.590000e-10	1.000000e+00	2.839431e-05	9.999942e-01	
243	4.610000e-10	1.000000e+00	2.820023e-05	9.999946e-01	
244	4.630000e-10	1.000000e+00	2.839399e-05	9.999942e-01	
245	4.650000e-10	1.000000e+00	2.820055e-05	9.999946e-01	
246	4.670000e-10	1.000000e+00	2.839368e-05	9.999942e-01	
247	4.690000e-10	1.000000e+00	2.820086e-05	9.999946e-01	
248	4.710000e-10	1.000000e+00	2.839337e-05	9.999942e-01	
249	4.730000e-10	1.000000e+00	2.820117e-05	9.999946e-01	
250	4.750000e-10	1.000000e+00	2.839306e-05	9.999942e-01	
251	4.770000e-10	1.000000e+00	2.820148e-05	9.999946e-01	
252	4.790000e-10	1.000000e+00	2.839275e-05	9.999942e-01	
253	4.810000e-10	1.000000e+00	2.820179e-05	9.999946e-01	
254	4.830000e-10	1.000000e+00	2.839244e-05	9.999942e-01	
255	4.850000e-10	1.000000e+00	2.820210e-05	9.999946e-01	
256	4.870000e-10	1.000000e+00	2.839213e-05	9.999942e-01	
257	4.890000e-10	1.000000e+00	2.820241e-05	9.999946e-01	
258	4.910000e-10	1.000000e+00	2.839182e-05	9.999942e-01	
259	4.930000e-10	1.000000e+00	2.820272e-05	9.999946e-01	
260	4.950000e-10	1.000000e+00	2.839151e-05	9.999942e-01	
261	4.970000e-10	1.000000e+00	2.820303e-05	9.999946e-01	
262	4.990000e-10	1.000000e+00	2.839120e-05	9.999942e-01	
263	5.010000e-10	1.000000e+00	2.820334e-05	9.999946e-01	
264	5.030000e-10	1.000000e+00	2.839089e-05	9.999942e-01	
265	5.050000e-10	1.000000e+00	2.820365e-05	9.999946e-01	
266	5.070000e-10	1.000000e+00	2.839058e-05	9.999942e-01	
267	5.090000e-10	1.000000e+00	2.820395e-05	9.999946e-01	
268	5.110000e-10	1.000000e+00	2.839028e-05	9.999942e-01	
269	5.130000e-10	1.000000e+00	2.820426e-05	9.999946e-01	
270	5.150000e-10	1.000000e+00	2.838997e-05	9.999942e-01	
271	5.170000e-10	1.000000e+00	2.820457e-05	9.999946e-01	
272	5.190000e-10	1.000000e+00	2.838966e-05	9.999942e-01	
273	5.210000e-10	1.000000e+00	2.820487e-05	9.999946e-01	
274	5.230000e-10	1.000000e+00	2.838936e-05	9.999942e-01	
275	5.250000e-10	1.000000e+00	2.820518e-05	9.999946e-01	
276	5.270000e-10	1.000000e+00	2.838905e-05	9.999942e-01	
277	5.290000e-10	1.000000e+00	2.820548e-05	9.999946e-01	
278	5.310000e-10	1.000000e+00	2.838875e-05	9.999942e-01	
279	5.330000e-10	1.000000e+00	2.820579e-05	9.999946e-01	
280	5.350000e-10	1.000000e+00	2.838844e-05	9.999942e-01	
281	5.370000e-10	1.000000e+00	2.820609e-05	9.999946e-01	
282	5.390000e-10	1.000000e+00	2.838814e-05	9.999942e-01	
283	5.410000e-10	1.000000e+00	2.820639e-05	9.999946e-01	
284	5.430000e-10	1.000000e+00	2.838784e-05	9.999942e-01	
285	5.450000e-10	1.000000e+00	2.820670e-05	9.999946e-01	
286	5.470000e-10	1.000000e+00	2.838754e-05	9.999942e-01	

Index   time            v(rbl)          v(dout_1)       v(dout_4)       
--------------------------------------------------------------------------------
287	5.490000e-10	1.000000e+00	2.820700e-05	9.999946e-01	
288	5.510000e-10	1.000000e+00	2.838723e-05	9.999942e-01	
289	5.530000e-10	1.000000e+00	2.820730e-05	9.999946e-01	
290	5.550000e-10	1.000000e+00	2.838693e-05	9.999942e-01	
291	5.570000e-10	1.000000e+00	2.820760e-05	9.999946e-01	
292	5.590000e-10	1.000000e+00	2.838663e-05	9.999942e-01	
293	5.610000e-10	1.000000e+00	2.820790e-05	9.999946e-01	
294	5.630000e-10	1.000000e+00	2.838633e-05	9.999942e-01	
295	5.650000e-10	1.000000e+00	2.820820e-05	9.999946e-01	
296	5.670000e-10	1.000000e+00	2.838603e-05	9.999942e-01	
297	5.690000e-10	1.000000e+00	2.820850e-05	9.999946e-01	
298	5.710000e-10	1.000000e+00	2.838573e-05	9.999942e-01	
299	5.730000e-10	1.000000e+00	2.820880e-05	9.999946e-01	
300	5.750000e-10	1.000000e+00	2.838543e-05	9.999942e-01	
301	5.770000e-10	1.000000e+00	2.820910e-05	9.999946e-01	
302	5.790000e-10	1.000000e+00	2.838513e-05	9.999942e-01	
303	5.810000e-10	1.000000e+00	2.820940e-05	9.999946e-01	
304	5.830000e-10	1.000000e+00	2.838483e-05	9.999942e-01	
305	5.850000e-10	1.000000e+00	2.820970e-05	9.999946e-01	
306	5.870000e-10	1.000000e+00	2.838454e-05	9.999942e-01	
307	5.890000e-10	1.000000e+00	2.821000e-05	9.999946e-01	
308	5.910000e-10	1.000000e+00	2.838424e-05	9.999942e-01	
309	5.930000e-10	1.000000e+00	2.821029e-05	9.999946e-01	
310	5.950000e-10	1.000000e+00	2.838394e-05	9.999942e-01	
311	5.970000e-10	1.000000e+00	2.821059e-05	9.999946e-01	
312	5.990000e-10	1.000000e+00	2.838365e-05	9.999942e-01	
313	6.010000e-10	1.000000e+00	2.821089e-05	9.999946e-01	
314	6.030000e-10	1.000000e+00	2.838335e-05	9.999942e-01	
315	6.050000e-10	1.000000e+00	2.821118e-05	9.999946e-01	
316	6.070000e-10	1.000000e+00	2.838306e-05	9.999942e-01	
317	6.090000e-10	1.000000e+00	2.821148e-05	9.999946e-01	
318	6.110000e-10	1.000000e+00	2.838276e-05	9.999942e-01	
319	6.130000e-10	1.000000e+00	2.821177e-05	9.999946e-01	
320	6.150000e-10	1.000000e+00	2.838247e-05	9.999942e-01	
321	6.170000e-10	1.000000e+00	2.821206e-05	9.999946e-01	
322	6.190000e-10	1.000000e+00	2.838217e-05	9.999942e-01	
323	6.210000e-10	1.000000e+00	2.821236e-05	9.999946e-01	
324	6.230000e-10	1.000000e+00	2.838188e-05	9.999942e-01	
325	6.250000e-10	1.000000e+00	2.821265e-05	9.999946e-01	
326	6.270000e-10	1.000000e+00	2.838159e-05	9.999942e-01	
327	6.290000e-10	1.000000e+00	2.821294e-05	9.999946e-01	
328	6.310000e-10	1.000000e+00	2.838130e-05	9.999942e-01	
329	6.330000e-10	1.000000e+00	2.821323e-05	9.999946e-01	
330	6.350000e-10	1.000000e+00	2.838100e-05	9.999942e-01	
331	6.370000e-10	1.000000e+00	2.821353e-05	9.999946e-01	
332	6.390000e-10	1.000000e+00	2.838071e-05	9.999942e-01	
333	6.410000e-10	1.000000e+00	2.821382e-05	9.999946e-01	
334	6.430000e-10	1.000000e+00	2.838042e-05	9.999942e-01	
335	6.450000e-10	1.000000e+00	2.821411e-05	9.999946e-01	
336	6.470000e-10	1.000000e+00	2.838013e-05	9.999942e-01	
337	6.490000e-10	1.000000e+00	2.821440e-05	9.999946e-01	
338	6.510000e-10	1.000000e+00	2.837984e-05	9.999942e-01	
339	6.530000e-10	1.000000e+00	2.821469e-05	9.999946e-01	
340	6.550000e-10	1.000000e+00	2.837955e-05	9.999942e-01	
341	6.570000e-10	1.000000e+00	2.821497e-05	9.999946e-01	
342	6.590000e-10	1.000000e+00	2.837927e-05	9.999942e-01	
343	6.610000e-10	1.000000e+00	2.821526e-05	9.999946e-01	
344	6.630000e-10	1.000000e+00	2.837898e-05	9.999942e-01	

Index   time            v(rbl)          v(dout_1)       v(dout_4)       
--------------------------------------------------------------------------------
345	6.650000e-10	1.000000e+00	2.821555e-05	9.999946e-01	
346	6.670000e-10	1.000000e+00	2.837869e-05	9.999942e-01	
347	6.690000e-10	1.000000e+00	2.821584e-05	9.999946e-01	
348	6.710000e-10	1.000000e+00	2.837840e-05	9.999942e-01	
349	6.730000e-10	1.000000e+00	2.821613e-05	9.999946e-01	
350	6.750000e-10	1.000000e+00	2.837812e-05	9.999942e-01	
351	6.770000e-10	1.000000e+00	2.821641e-05	9.999946e-01	
352	6.790000e-10	1.000000e+00	2.837783e-05	9.999942e-01	
353	6.810000e-10	1.000000e+00	2.821670e-05	9.999946e-01	
354	6.830000e-10	1.000000e+00	2.837754e-05	9.999942e-01	
355	6.850000e-10	1.000000e+00	2.821698e-05	9.999946e-01	
356	6.870000e-10	1.000000e+00	2.837726e-05	9.999942e-01	
357	6.890000e-10	1.000000e+00	2.821727e-05	9.999946e-01	
358	6.910000e-10	1.000000e+00	2.837698e-05	9.999942e-01	
359	6.930000e-10	1.000000e+00	2.821755e-05	9.999946e-01	
360	6.950000e-10	1.000000e+00	2.837669e-05	9.999942e-01	
361	6.970000e-10	1.000000e+00	2.821784e-05	9.999946e-01	
362	6.990000e-10	1.000000e+00	2.837641e-05	9.999942e-01	
363	7.010000e-10	1.000000e+00	2.821812e-05	9.999946e-01	
364	7.030000e-10	1.000000e+00	2.837613e-05	9.999942e-01	
365	7.050000e-10	1.000000e+00	2.821840e-05	9.999946e-01	
366	7.070000e-10	1.000000e+00	2.837584e-05	9.999942e-01	
367	7.090000e-10	1.000000e+00	2.821868e-05	9.999946e-01	
368	7.110000e-10	1.000000e+00	2.837556e-05	9.999942e-01	
369	7.130000e-10	1.000000e+00	2.821896e-05	9.999946e-01	
370	7.150000e-10	1.000000e+00	2.837528e-05	9.999942e-01	
371	7.170000e-10	1.000000e+00	2.821925e-05	9.999946e-01	
372	7.190000e-10	1.000000e+00	2.837500e-05	9.999942e-01	
373	7.210000e-10	1.000000e+00	2.821953e-05	9.999946e-01	
374	7.230000e-10	1.000000e+00	2.837472e-05	9.999942e-01	
375	7.250000e-10	1.000000e+00	2.821981e-05	9.999946e-01	
376	7.270000e-10	1.000000e+00	2.837444e-05	9.999942e-01	
377	7.290000e-10	1.000000e+00	2.822009e-05	9.999946e-01	
378	7.310000e-10	1.000000e+00	2.837416e-05	9.999942e-01	
379	7.330000e-10	1.000000e+00	2.822036e-05	9.999946e-01	
380	7.350000e-10	1.000000e+00	2.837388e-05	9.999942e-01	
381	7.370000e-10	1.000000e+00	2.822064e-05	9.999946e-01	
382	7.390000e-10	1.000000e+00	2.837360e-05	9.999942e-01	
383	7.410000e-10	1.000000e+00	2.822092e-05	9.999946e-01	
384	7.430000e-10	1.000000e+00	2.837332e-05	9.999942e-01	
385	7.450000e-10	1.000000e+00	2.822120e-05	9.999946e-01	
386	7.470000e-10	1.000000e+00	2.837305e-05	9.999942e-01	
387	7.490000e-10	1.000000e+00	2.822148e-05	9.999946e-01	
388	7.510000e-10	1.000000e+00	2.837277e-05	9.999942e-01	
389	7.530000e-10	1.000000e+00	2.822175e-05	9.999946e-01	
390	7.550000e-10	1.000000e+00	2.837250e-05	9.999942e-01	
391	7.570000e-10	1.000000e+00	2.822203e-05	9.999946e-01	
392	7.590000e-10	1.000000e+00	2.837222e-05	9.999942e-01	
393	7.610000e-10	1.000000e+00	2.822230e-05	9.999946e-01	
394	7.630000e-10	1.000000e+00	2.837194e-05	9.999942e-01	
395	7.650000e-10	1.000000e+00	2.822258e-05	9.999946e-01	
396	7.670000e-10	1.000000e+00	2.837167e-05	9.999942e-01	
397	7.690000e-10	1.000000e+00	2.822285e-05	9.999946e-01	
398	7.710000e-10	1.000000e+00	2.837140e-05	9.999942e-01	
399	7.730000e-10	1.000000e+00	2.822313e-05	9.999946e-01	
400	7.750000e-10	1.000000e+00	2.837112e-05	9.999942e-01	
401	7.770000e-10	1.000000e+00	2.822340e-05	9.999946e-01	
402	7.790000e-10	1.000000e+00	2.837085e-05	9.999942e-01	

Index   time            v(rbl)          v(dout_1)       v(dout_4)       
--------------------------------------------------------------------------------
403	7.810000e-10	1.000000e+00	2.822367e-05	9.999946e-01	
404	7.830000e-10	1.000000e+00	2.837058e-05	9.999942e-01	
405	7.850000e-10	1.000000e+00	2.822395e-05	9.999946e-01	
406	7.870000e-10	1.000000e+00	2.837030e-05	9.999942e-01	
407	7.890000e-10	1.000000e+00	2.822422e-05	9.999946e-01	
408	7.910000e-10	1.000000e+00	2.837003e-05	9.999942e-01	
409	7.930000e-10	1.000000e+00	2.822449e-05	9.999946e-01	
410	7.950000e-10	1.000000e+00	2.836976e-05	9.999942e-01	
411	7.970000e-10	1.000000e+00	2.822476e-05	9.999946e-01	
412	7.990000e-10	1.000000e+00	2.836949e-05	9.999942e-01	
413	8.010000e-10	1.000000e+00	2.822503e-05	9.999946e-01	
414	8.030000e-10	1.000000e+00	2.836922e-05	9.999942e-01	
415	8.050000e-10	1.000000e+00	2.822530e-05	9.999946e-01	
416	8.070000e-10	1.000000e+00	2.836895e-05	9.999942e-01	
417	8.090000e-10	1.000000e+00	2.822557e-05	9.999946e-01	
418	8.110000e-10	1.000000e+00	2.836868e-05	9.999942e-01	
419	8.130000e-10	1.000000e+00	2.822584e-05	9.999946e-01	
420	8.150000e-10	1.000000e+00	2.836841e-05	9.999942e-01	
421	8.170000e-10	1.000000e+00	2.822611e-05	9.999946e-01	
422	8.190000e-10	1.000000e+00	2.836815e-05	9.999942e-01	
423	8.210000e-10	1.000000e+00	2.822637e-05	9.999946e-01	
424	8.230000e-10	1.000000e+00	2.836788e-05	9.999942e-01	
425	8.250000e-10	1.000000e+00	2.822664e-05	9.999946e-01	
426	8.270000e-10	1.000000e+00	2.836761e-05	9.999942e-01	
427	8.290000e-10	1.000000e+00	2.822691e-05	9.999946e-01	
428	8.310000e-10	1.000000e+00	2.836735e-05	9.999942e-01	
429	8.330000e-10	1.000000e+00	2.822717e-05	9.999946e-01	
430	8.350000e-10	1.000000e+00	2.836708e-05	9.999942e-01	
431	8.370000e-10	1.000000e+00	2.822744e-05	9.999946e-01	
432	8.390000e-10	1.000000e+00	2.836681e-05	9.999942e-01	
433	8.410000e-10	1.000000e+00	2.822770e-05	9.999946e-01	
434	8.430000e-10	1.000000e+00	2.836655e-05	9.999942e-01	
435	8.450000e-10	1.000000e+00	2.822797e-05	9.999946e-01	
436	8.470000e-10	1.000000e+00	2.836629e-05	9.999942e-01	
437	8.490000e-10	1.000000e+00	2.822823e-05	9.999946e-01	
438	8.510000e-10	1.000000e+00	2.836602e-05	9.999942e-01	
439	8.530000e-10	1.000000e+00	2.822850e-05	9.999946e-01	
440	8.550000e-10	1.000000e+00	2.836576e-05	9.999942e-01	
441	8.570000e-10	1.000000e+00	2.822876e-05	9.999946e-01	
442	8.590000e-10	1.000000e+00	2.836550e-05	9.999942e-01	
443	8.610000e-10	1.000000e+00	2.822902e-05	9.999946e-01	
444	8.630000e-10	1.000000e+00	2.836523e-05	9.999942e-01	
445	8.650000e-10	1.000000e+00	2.822928e-05	9.999946e-01	
446	8.670000e-10	1.000000e+00	2.836497e-05	9.999942e-01	
447	8.690000e-10	1.000000e+00	2.822955e-05	9.999946e-01	
448	8.710000e-10	1.000000e+00	2.836471e-05	9.999942e-01	
449	8.730000e-10	1.000000e+00	2.822981e-05	9.999946e-01	
450	8.750000e-10	1.000000e+00	2.836445e-05	9.999942e-01	
451	8.770000e-10	1.000000e+00	2.823007e-05	9.999946e-01	
452	8.790000e-10	1.000000e+00	2.836419e-05	9.999942e-01	
453	8.810000e-10	1.000000e+00	2.823033e-05	9.999946e-01	
454	8.830000e-10	1.000000e+00	2.836393e-05	9.999943e-01	
455	8.850000e-10	1.000000e+00	2.823059e-05	9.999946e-01	
456	8.870000e-10	1.000000e+00	2.836367e-05	9.999943e-01	
457	8.890000e-10	1.000000e+00	2.823085e-05	9.999946e-01	
458	8.910000e-10	1.000000e+00	2.836341e-05	9.999943e-01	
459	8.930000e-10	1.000000e+00	2.823110e-05	9.999946e-01	
460	8.950000e-10	1.000000e+00	2.836315e-05	9.999943e-01	

Index   time            v(rbl)          v(dout_1)       v(dout_4)       
--------------------------------------------------------------------------------
461	8.970000e-10	1.000000e+00	2.823136e-05	9.999946e-01	
462	8.990000e-10	1.000000e+00	2.836290e-05	9.999943e-01	
463	9.010000e-10	1.000000e+00	2.823162e-05	9.999946e-01	
464	9.030000e-10	1.000000e+00	2.836264e-05	9.999943e-01	
465	9.050000e-10	1.000000e+00	2.823188e-05	9.999946e-01	
466	9.070000e-10	1.000000e+00	2.836238e-05	9.999943e-01	
467	9.090000e-10	1.000000e+00	2.823213e-05	9.999946e-01	
468	9.110000e-10	1.000000e+00	2.836213e-05	9.999943e-01	
469	9.130000e-10	1.000000e+00	2.823239e-05	9.999946e-01	
470	9.150000e-10	1.000000e+00	2.836187e-05	9.999943e-01	
471	9.170000e-10	1.000000e+00	2.823264e-05	9.999946e-01	
472	9.190000e-10	1.000000e+00	2.836162e-05	9.999943e-01	
473	9.210000e-10	1.000000e+00	2.823290e-05	9.999946e-01	
474	9.230000e-10	1.000000e+00	2.836136e-05	9.999943e-01	
475	9.250000e-10	1.000000e+00	2.823315e-05	9.999946e-01	
476	9.270000e-10	1.000000e+00	2.836111e-05	9.999943e-01	
477	9.290000e-10	1.000000e+00	2.823341e-05	9.999946e-01	
478	9.310000e-10	1.000000e+00	2.836085e-05	9.999943e-01	
479	9.330000e-10	1.000000e+00	2.823366e-05	9.999946e-01	
480	9.350000e-10	1.000000e+00	2.836060e-05	9.999943e-01	
481	9.370000e-10	1.000000e+00	2.823391e-05	9.999946e-01	
482	9.390000e-10	1.000000e+00	2.836035e-05	9.999943e-01	
483	9.410000e-10	1.000000e+00	2.823417e-05	9.999946e-01	
484	9.430000e-10	1.000000e+00	2.836010e-05	9.999943e-01	
485	9.450000e-10	1.000000e+00	2.823442e-05	9.999946e-01	
486	9.470000e-10	1.000000e+00	2.835984e-05	9.999943e-01	
487	9.490000e-10	1.000000e+00	2.823467e-05	9.999946e-01	
488	9.510000e-10	1.000000e+00	2.835959e-05	9.999943e-01	
489	9.530000e-10	1.000000e+00	2.823492e-05	9.999946e-01	
490	9.550000e-10	1.000000e+00	2.835934e-05	9.999943e-01	
491	9.570000e-10	1.000000e+00	2.823517e-05	9.999946e-01	
492	9.590000e-10	1.000000e+00	2.835909e-05	9.999943e-01	
493	9.610000e-10	1.000000e+00	2.823542e-05	9.999946e-01	
494	9.630000e-10	1.000000e+00	2.835884e-05	9.999943e-01	
495	9.650000e-10	1.000000e+00	2.823567e-05	9.999946e-01	
496	9.670000e-10	1.000000e+00	2.835859e-05	9.999943e-01	
497	9.690000e-10	1.000000e+00	2.823592e-05	9.999946e-01	
498	9.710000e-10	1.000000e+00	2.835835e-05	9.999943e-01	
499	9.730000e-10	1.000000e+00	2.823617e-05	9.999946e-01	
500	9.750000e-10	1.000000e+00	2.835810e-05	9.999943e-01	
501	9.770000e-10	1.000000e+00	2.823641e-05	9.999946e-01	
502	9.790000e-10	1.000000e+00	2.835785e-05	9.999943e-01	
503	9.810000e-10	1.000000e+00	2.823666e-05	9.999946e-01	
504	9.830000e-10	1.000000e+00	2.835760e-05	9.999943e-01	
505	9.850000e-10	1.000000e+00	2.823691e-05	9.999946e-01	
506	9.870000e-10	1.000000e+00	2.835736e-05	9.999943e-01	
507	9.890000e-10	1.000000e+00	2.823715e-05	9.999946e-01	
508	9.910000e-10	1.000000e+00	2.835711e-05	9.999943e-01	
509	9.930000e-10	1.000000e+00	2.823740e-05	9.999946e-01	
510	9.950000e-10	1.000000e+00	2.835686e-05	9.999943e-01	
511	9.970000e-10	1.000000e+00	2.823764e-05	9.999946e-01	
512	9.990000e-10	1.000000e+00	2.835662e-05	9.999943e-01	
513	1.001000e-09	1.000000e+00	2.823789e-05	9.999946e-01	
514	1.003000e-09	1.000000e+00	2.835638e-05	9.999943e-01	
515	1.005000e-09	1.000000e+00	2.823813e-05	9.999946e-01	
516	1.007000e-09	1.000000e+00	2.835613e-05	9.999943e-01	
517	1.009000e-09	1.000000e+00	2.823838e-05	9.999946e-01	
518	1.011000e-09	1.000000e+00	2.835589e-05	9.999943e-01	

Index   time            v(rbl)          v(dout_1)       v(dout_4)       
--------------------------------------------------------------------------------
519	1.013000e-09	1.000000e+00	2.823862e-05	9.999946e-01	
520	1.015000e-09	1.000000e+00	2.835565e-05	9.999943e-01	
521	1.017000e-09	1.000000e+00	2.823886e-05	9.999946e-01	
522	1.019000e-09	1.000000e+00	2.835540e-05	9.999943e-01	
523	1.021000e-09	1.000000e+00	2.823911e-05	9.999946e-01	
524	1.023000e-09	1.000000e+00	2.835516e-05	9.999943e-01	
525	1.025000e-09	1.000000e+00	2.823935e-05	9.999946e-01	
526	1.027000e-09	1.000000e+00	2.835492e-05	9.999943e-01	
527	1.029000e-09	1.000000e+00	2.823959e-05	9.999946e-01	
528	1.031000e-09	1.000000e+00	2.835468e-05	9.999943e-01	
529	1.033000e-09	1.000000e+00	2.823983e-05	9.999946e-01	
530	1.035000e-09	1.000000e+00	2.835444e-05	9.999943e-01	
531	1.037000e-09	1.000000e+00	2.824007e-05	9.999946e-01	
532	1.039000e-09	1.000000e+00	2.835420e-05	9.999943e-01	
533	1.041000e-09	1.000000e+00	2.824031e-05	9.999946e-01	
534	1.043000e-09	1.000000e+00	2.835396e-05	9.999943e-01	
535	1.045000e-09	1.000000e+00	2.824055e-05	9.999946e-01	
536	1.047000e-09	1.000000e+00	2.835372e-05	9.999943e-01	
537	1.049000e-09	1.000000e+00	2.824079e-05	9.999946e-01	
538	1.051000e-09	1.000000e+00	2.835348e-05	9.999943e-01	
539	1.053000e-09	1.000000e+00	2.824103e-05	9.999946e-01	
540	1.055000e-09	1.000000e+00	2.835324e-05	9.999943e-01	
541	1.057000e-09	1.000000e+00	2.824126e-05	9.999946e-01	
542	1.059000e-09	1.000000e+00	2.835301e-05	9.999943e-01	
543	1.061000e-09	1.000000e+00	2.824150e-05	9.999946e-01	
544	1.063000e-09	1.000000e+00	2.835277e-05	9.999943e-01	
545	1.065000e-09	1.000000e+00	2.824174e-05	9.999946e-01	
546	1.067000e-09	1.000000e+00	2.835253e-05	9.999943e-01	
547	1.069000e-09	1.000000e+00	2.824197e-05	9.999946e-01	
548	1.071000e-09	1.000000e+00	2.835230e-05	9.999943e-01	
549	1.073000e-09	1.000000e+00	2.824221e-05	9.999946e-01	
550	1.075000e-09	1.000000e+00	2.835206e-05	9.999943e-01	
551	1.077000e-09	1.000000e+00	2.824245e-05	9.999946e-01	
552	1.079000e-09	1.000000e+00	2.835182e-05	9.999943e-01	
553	1.081000e-09	1.000000e+00	2.824268e-05	9.999946e-01	
554	1.083000e-09	1.000000e+00	2.835159e-05	9.999943e-01	
555	1.085000e-09	1.000000e+00	2.824291e-05	9.999946e-01	
556	1.087000e-09	1.000000e+00	2.835136e-05	9.999943e-01	
557	1.089000e-09	1.000000e+00	2.824315e-05	9.999946e-01	
558	1.091000e-09	1.000000e+00	2.835112e-05	9.999943e-01	
559	1.093000e-09	1.000000e+00	2.824338e-05	9.999946e-01	
560	1.095000e-09	1.000000e+00	2.835089e-05	9.999943e-01	
561	1.097000e-09	1.000000e+00	2.824361e-05	9.999946e-01	
562	1.099000e-09	1.000000e+00	2.835066e-05	9.999943e-01	
563	1.101000e-09	1.000000e+00	2.824385e-05	9.999946e-01	
564	1.103000e-09	1.000000e+00	2.835043e-05	9.999943e-01	
565	1.105000e-09	1.000000e+00	2.824408e-05	9.999946e-01	
566	1.107000e-09	1.000000e+00	2.835019e-05	9.999943e-01	
567	1.109000e-09	1.000000e+00	2.824431e-05	9.999946e-01	
568	1.111000e-09	1.000000e+00	2.834996e-05	9.999943e-01	
569	1.113000e-09	1.000000e+00	2.824454e-05	9.999946e-01	
570	1.115000e-09	1.000000e+00	2.834973e-05	9.999943e-01	
571	1.117000e-09	1.000000e+00	2.824477e-05	9.999946e-01	
572	1.119000e-09	1.000000e+00	2.834950e-05	9.999943e-01	
573	1.121000e-09	1.000000e+00	2.824500e-05	9.999946e-01	
574	1.123000e-09	1.000000e+00	2.834927e-05	9.999943e-01	
575	1.125000e-09	1.000000e+00	2.824523e-05	9.999946e-01	
576	1.127000e-09	1.000000e+00	2.834904e-05	9.999943e-01	

Index   time            v(rbl)          v(dout_1)       v(dout_4)       
--------------------------------------------------------------------------------
577	1.129000e-09	1.000000e+00	2.824546e-05	9.999946e-01	
578	1.131000e-09	1.000000e+00	2.834881e-05	9.999943e-01	
579	1.133000e-09	1.000000e+00	2.824569e-05	9.999946e-01	
580	1.135000e-09	1.000000e+00	2.834859e-05	9.999943e-01	
581	1.137000e-09	1.000000e+00	2.824592e-05	9.999946e-01	
582	1.139000e-09	1.000000e+00	2.834836e-05	9.999943e-01	
583	1.141000e-09	1.000000e+00	2.824614e-05	9.999946e-01	
584	1.143000e-09	1.000000e+00	2.834813e-05	9.999943e-01	
585	1.145000e-09	1.000000e+00	2.824637e-05	9.999946e-01	
586	1.147000e-09	1.000000e+00	2.834790e-05	9.999943e-01	
587	1.149000e-09	1.000000e+00	2.824660e-05	9.999946e-01	
588	1.151000e-09	1.000000e+00	2.834768e-05	9.999943e-01	
589	1.153000e-09	1.000000e+00	2.824682e-05	9.999946e-01	
590	1.155000e-09	1.000000e+00	2.834745e-05	9.999943e-01	
591	1.157000e-09	1.000000e+00	2.824705e-05	9.999946e-01	
592	1.159000e-09	1.000000e+00	2.834723e-05	9.999943e-01	
593	1.161000e-09	1.000000e+00	2.824727e-05	9.999946e-01	
594	1.163000e-09	1.000000e+00	2.834700e-05	9.999943e-01	
595	1.165000e-09	1.000000e+00	2.824750e-05	9.999946e-01	
596	1.167000e-09	1.000000e+00	2.834678e-05	9.999943e-01	
597	1.169000e-09	1.000000e+00	2.824772e-05	9.999946e-01	
598	1.171000e-09	1.000000e+00	2.834655e-05	9.999943e-01	
599	1.173000e-09	1.000000e+00	2.824795e-05	9.999946e-01	
600	1.175000e-09	1.000000e+00	2.834633e-05	9.999943e-01	
601	1.177000e-09	1.000000e+00	2.824817e-05	9.999946e-01	
602	1.179000e-09	1.000000e+00	2.834611e-05	9.999943e-01	
603	1.181000e-09	1.000000e+00	2.824839e-05	9.999946e-01	
604	1.183000e-09	1.000000e+00	2.834589e-05	9.999943e-01	
605	1.185000e-09	1.000000e+00	2.824861e-05	9.999946e-01	
606	1.187000e-09	1.000000e+00	2.834566e-05	9.999943e-01	
607	1.189000e-09	1.000000e+00	2.824884e-05	9.999946e-01	
608	1.191000e-09	1.000000e+00	2.834544e-05	9.999943e-01	
609	1.193000e-09	1.000000e+00	2.824906e-05	9.999946e-01	
610	1.195000e-09	1.000000e+00	2.834522e-05	9.999943e-01	
611	1.197000e-09	1.000000e+00	2.824928e-05	9.999946e-01	
612	1.199000e-09	1.000000e+00	2.834500e-05	9.999943e-01	
613	1.201000e-09	1.000000e+00	2.824950e-05	9.999946e-01	
614	1.203000e-09	1.000000e+00	2.834478e-05	9.999943e-01	
615	1.205000e-09	1.000000e+00	2.824972e-05	9.999946e-01	
616	1.207000e-09	1.000000e+00	2.834456e-05	9.999943e-01	
617	1.209000e-09	1.000000e+00	2.824994e-05	9.999946e-01	
618	1.211000e-09	1.000000e+00	2.834434e-05	9.999943e-01	
619	1.213000e-09	1.000000e+00	2.825016e-05	9.999946e-01	
620	1.215000e-09	1.000000e+00	2.834412e-05	9.999943e-01	
621	1.217000e-09	1.000000e+00	2.825037e-05	9.999946e-01	
622	1.219000e-09	1.000000e+00	2.834390e-05	9.999943e-01	
623	1.221000e-09	1.000000e+00	2.825059e-05	9.999946e-01	
624	1.223000e-09	1.000000e+00	2.834369e-05	9.999943e-01	
625	1.225000e-09	1.000000e+00	2.825081e-05	9.999946e-01	
626	1.227000e-09	1.000000e+00	2.834347e-05	9.999943e-01	
627	1.229000e-09	1.000000e+00	2.825103e-05	9.999946e-01	
628	1.231000e-09	1.000000e+00	2.834325e-05	9.999943e-01	
629	1.233000e-09	1.000000e+00	2.825124e-05	9.999946e-01	
630	1.235000e-09	1.000000e+00	2.834304e-05	9.999943e-01	
631	1.237000e-09	1.000000e+00	2.825146e-05	9.999946e-01	
632	1.239000e-09	1.000000e+00	2.834282e-05	9.999943e-01	
633	1.241000e-09	1.000000e+00	2.825168e-05	9.999946e-01	
634	1.243000e-09	1.000000e+00	2.834261e-05	9.999943e-01	

Index   time            v(rbl)          v(dout_1)       v(dout_4)       
--------------------------------------------------------------------------------
635	1.245000e-09	1.000000e+00	2.825189e-05	9.999946e-01	
636	1.247000e-09	1.000000e+00	2.834239e-05	9.999943e-01	
637	1.249000e-09	1.000000e+00	2.825210e-05	9.999946e-01	
638	1.251000e-09	1.000000e+00	2.834218e-05	9.999943e-01	
639	1.253000e-09	1.000000e+00	2.825232e-05	9.999946e-01	
640	1.255000e-09	1.000000e+00	2.834196e-05	9.999943e-01	
641	1.257000e-09	1.000000e+00	2.825253e-05	9.999946e-01	
642	1.259000e-09	1.000000e+00	2.834175e-05	9.999943e-01	
643	1.261000e-09	1.000000e+00	2.825275e-05	9.999946e-01	
644	1.263000e-09	1.000000e+00	2.834154e-05	9.999943e-01	
645	1.265000e-09	1.000000e+00	2.825296e-05	9.999946e-01	
646	1.267000e-09	1.000000e+00	2.834132e-05	9.999943e-01	
647	1.269000e-09	1.000000e+00	2.825317e-05	9.999946e-01	
648	1.271000e-09	1.000000e+00	2.834111e-05	9.999943e-01	
649	1.273000e-09	1.000000e+00	2.825338e-05	9.999946e-01	
650	1.275000e-09	1.000000e+00	2.834090e-05	9.999943e-01	
651	1.277000e-09	1.000000e+00	2.825359e-05	9.999946e-01	
652	1.279000e-09	1.000000e+00	2.834069e-05	9.999943e-01	
653	1.281000e-09	1.000000e+00	2.825381e-05	9.999946e-01	
654	1.283000e-09	1.000000e+00	2.834048e-05	9.999943e-01	
655	1.285000e-09	1.000000e+00	2.825402e-05	9.999946e-01	
656	1.287000e-09	1.000000e+00	2.834027e-05	9.999943e-01	
657	1.289000e-09	1.000000e+00	2.825423e-05	9.999946e-01	
658	1.291000e-09	1.000000e+00	2.834006e-05	9.999943e-01	
659	1.293000e-09	1.000000e+00	2.825444e-05	9.999946e-01	
660	1.295000e-09	1.000000e+00	2.833985e-05	9.999943e-01	
661	1.297000e-09	1.000000e+00	2.825464e-05	9.999946e-01	
662	1.299000e-09	1.000000e+00	2.833964e-05	9.999943e-01	
663	1.301000e-09	1.000000e+00	2.825485e-05	9.999946e-01	
664	1.303000e-09	1.000000e+00	2.833943e-05	9.999943e-01	
665	1.305000e-09	1.000000e+00	2.825506e-05	9.999946e-01	
666	1.307000e-09	1.000000e+00	2.833922e-05	9.999943e-01	
667	1.309000e-09	1.000000e+00	2.825527e-05	9.999946e-01	
668	1.311000e-09	1.000000e+00	2.833902e-05	9.999943e-01	
669	1.313000e-09	1.000000e+00	2.825548e-05	9.999946e-01	
670	1.315000e-09	1.000000e+00	2.833881e-05	9.999943e-01	
671	1.317000e-09	1.000000e+00	2.825568e-05	9.999946e-01	
672	1.319000e-09	1.000000e+00	2.833860e-05	9.999943e-01	
673	1.321000e-09	1.000000e+00	2.825589e-05	9.999946e-01	
674	1.323000e-09	1.000000e+00	2.833840e-05	9.999943e-01	
675	1.325000e-09	1.000000e+00	2.825610e-05	9.999946e-01	
676	1.327000e-09	1.000000e+00	2.833819e-05	9.999943e-01	
677	1.329000e-09	1.000000e+00	2.825630e-05	9.999946e-01	
678	1.331000e-09	1.000000e+00	2.833799e-05	9.999943e-01	
679	1.333000e-09	1.000000e+00	2.825651e-05	9.999946e-01	
680	1.335000e-09	1.000000e+00	2.833778e-05	9.999943e-01	
681	1.337000e-09	1.000000e+00	2.825671e-05	9.999946e-01	
682	1.339000e-09	1.000000e+00	2.833758e-05	9.999943e-01	
683	1.341000e-09	1.000000e+00	2.825691e-05	9.999946e-01	
684	1.343000e-09	1.000000e+00	2.833737e-05	9.999943e-01	
685	1.345000e-09	1.000000e+00	2.825712e-05	9.999946e-01	
686	1.347000e-09	1.000000e+00	2.833717e-05	9.999943e-01	
687	1.349000e-09	1.000000e+00	2.825732e-05	9.999946e-01	
688	1.351000e-09	1.000000e+00	2.833697e-05	9.999943e-01	
689	1.353000e-09	1.000000e+00	2.825752e-05	9.999946e-01	
690	1.355000e-09	1.000000e+00	2.833676e-05	9.999943e-01	
691	1.357000e-09	1.000000e+00	2.825773e-05	9.999946e-01	
692	1.359000e-09	1.000000e+00	2.833656e-05	9.999943e-01	

Index   time            v(rbl)          v(dout_1)       v(dout_4)       
--------------------------------------------------------------------------------
693	1.361000e-09	1.000000e+00	2.825793e-05	9.999946e-01	
694	1.363000e-09	1.000000e+00	2.833636e-05	9.999943e-01	
695	1.365000e-09	1.000000e+00	2.825813e-05	9.999946e-01	
696	1.367000e-09	1.000000e+00	2.833616e-05	9.999943e-01	
697	1.369000e-09	1.000000e+00	2.825833e-05	9.999946e-01	
698	1.371000e-09	1.000000e+00	2.833596e-05	9.999943e-01	
699	1.373000e-09	1.000000e+00	2.825853e-05	9.999946e-01	
700	1.375000e-09	1.000000e+00	2.833576e-05	9.999943e-01	
701	1.377000e-09	1.000000e+00	2.825873e-05	9.999946e-01	
702	1.379000e-09	1.000000e+00	2.833556e-05	9.999943e-01	
703	1.381000e-09	1.000000e+00	2.825893e-05	9.999946e-01	
704	1.383000e-09	1.000000e+00	2.833536e-05	9.999943e-01	
705	1.385000e-09	1.000000e+00	2.825913e-05	9.999946e-01	
706	1.387000e-09	1.000000e+00	2.833516e-05	9.999943e-01	
707	1.389000e-09	1.000000e+00	2.825933e-05	9.999946e-01	
708	1.391000e-09	1.000000e+00	2.833496e-05	9.999943e-01	
709	1.393000e-09	1.000000e+00	2.825953e-05	9.999946e-01	
710	1.395000e-09	1.000000e+00	2.833476e-05	9.999943e-01	
711	1.397000e-09	1.000000e+00	2.825972e-05	9.999946e-01	
712	1.399000e-09	1.000000e+00	2.833456e-05	9.999943e-01	
713	1.401000e-09	1.000000e+00	2.825992e-05	9.999946e-01	
714	1.403000e-09	1.000000e+00	2.833437e-05	9.999943e-01	
715	1.405000e-09	1.000000e+00	2.826012e-05	9.999946e-01	
716	1.407000e-09	1.000000e+00	2.833417e-05	9.999943e-01	
717	1.409000e-09	1.000000e+00	2.826032e-05	9.999946e-01	
718	1.411000e-09	1.000000e+00	2.833398e-05	9.999943e-01	
719	1.413000e-09	1.000000e+00	2.826051e-05	9.999946e-01	
720	1.415000e-09	1.000000e+00	2.833378e-05	9.999943e-01	
721	1.417000e-09	1.000000e+00	2.826071e-05	9.999946e-01	
722	1.419000e-09	1.000000e+00	2.833358e-05	9.999943e-01	
723	1.421000e-09	1.000000e+00	2.826090e-05	9.999946e-01	
724	1.423000e-09	1.000000e+00	2.833339e-05	9.999943e-01	
725	1.425000e-09	1.000000e+00	2.826110e-05	9.999946e-01	
726	1.427000e-09	1.000000e+00	2.833319e-05	9.999943e-01	
727	1.429000e-09	1.000000e+00	2.826129e-05	9.999946e-01	
728	1.431000e-09	1.000000e+00	2.833300e-05	9.999943e-01	
729	1.433000e-09	1.000000e+00	2.826149e-05	9.999946e-01	
730	1.435000e-09	1.000000e+00	2.833281e-05	9.999943e-01	
731	1.437000e-09	1.000000e+00	2.826168e-05	9.999946e-01	
732	1.439000e-09	1.000000e+00	2.833261e-05	9.999943e-01	
733	1.441000e-09	1.000000e+00	2.826187e-05	9.999946e-01	
734	1.443000e-09	1.000000e+00	2.833242e-05	9.999943e-01	
735	1.445000e-09	1.000000e+00	2.826207e-05	9.999946e-01	
736	1.447000e-09	1.000000e+00	2.833223e-05	9.999943e-01	
737	1.449000e-09	1.000000e+00	2.826226e-05	9.999946e-01	
738	1.451000e-09	1.000000e+00	2.833204e-05	9.999943e-01	
739	1.453000e-09	1.000000e+00	2.826245e-05	9.999946e-01	
740	1.455000e-09	1.000000e+00	2.833184e-05	9.999943e-01	
741	1.457000e-09	1.000000e+00	2.826264e-05	9.999946e-01	
742	1.459000e-09	1.000000e+00	2.833165e-05	9.999943e-01	
743	1.461000e-09	1.000000e+00	2.826283e-05	9.999946e-01	
744	1.463000e-09	1.000000e+00	2.833146e-05	9.999943e-01	
745	1.465000e-09	1.000000e+00	2.826302e-05	9.999946e-01	
746	1.467000e-09	1.000000e+00	2.833127e-05	9.999943e-01	
747	1.469000e-09	1.000000e+00	2.826321e-05	9.999946e-01	
748	1.471000e-09	1.000000e+00	2.833108e-05	9.999943e-01	
749	1.473000e-09	1.000000e+00	2.826340e-05	9.999946e-01	
750	1.475000e-09	1.000000e+00	2.833089e-05	9.999943e-01	

Index   time            v(rbl)          v(dout_1)       v(dout_4)       
--------------------------------------------------------------------------------
751	1.477000e-09	1.000000e+00	2.826359e-05	9.999946e-01	
752	1.479000e-09	1.000000e+00	2.833070e-05	9.999943e-01	
753	1.481000e-09	1.000000e+00	2.826378e-05	9.999946e-01	
754	1.483000e-09	1.000000e+00	2.833052e-05	9.999943e-01	
755	1.485000e-09	1.000000e+00	2.826397e-05	9.999946e-01	
756	1.487000e-09	1.000000e+00	2.833033e-05	9.999943e-01	
757	1.489000e-09	1.000000e+00	2.826416e-05	9.999946e-01	
758	1.491000e-09	1.000000e+00	2.833014e-05	9.999943e-01	
759	1.493000e-09	1.000000e+00	2.826434e-05	9.999946e-01	
760	1.495000e-09	1.000000e+00	2.832995e-05	9.999943e-01	
761	1.497000e-09	1.000000e+00	2.826453e-05	9.999946e-01	
762	1.499000e-09	1.000000e+00	2.832977e-05	9.999943e-01	
763	1.501000e-09	1.000000e+00	2.826472e-05	9.999946e-01	
764	1.503000e-09	1.000000e+00	2.832958e-05	9.999943e-01	
765	1.505000e-09	1.000000e+00	2.826490e-05	9.999946e-01	
766	1.507000e-09	1.000000e+00	2.832939e-05	9.999943e-01	
767	1.509000e-09	1.000000e+00	2.826509e-05	9.999946e-01	
768	1.511000e-09	1.000000e+00	2.832921e-05	9.999943e-01	
769	1.513000e-09	1.000000e+00	2.826527e-05	9.999946e-01	
770	1.515000e-09	1.000000e+00	2.832902e-05	9.999943e-01	
771	1.517000e-09	1.000000e+00	2.826546e-05	9.999946e-01	
772	1.519000e-09	1.000000e+00	2.832884e-05	9.999943e-01	
773	1.521000e-09	1.000000e+00	2.826564e-05	9.999946e-01	
774	1.523000e-09	1.000000e+00	2.832865e-05	9.999943e-01	
775	1.525000e-09	1.000000e+00	2.826583e-05	9.999946e-01	
776	1.527000e-09	1.000000e+00	2.832847e-05	9.999943e-01	
777	1.529000e-09	1.000000e+00	2.826601e-05	9.999946e-01	
778	1.531000e-09	1.000000e+00	2.832829e-05	9.999943e-01	
779	1.533000e-09	1.000000e+00	2.826620e-05	9.999945e-01	
780	1.535000e-09	1.000000e+00	2.832810e-05	9.999943e-01	
781	1.537000e-09	1.000000e+00	2.826638e-05	9.999945e-01	
782	1.539000e-09	1.000000e+00	2.832792e-05	9.999943e-01	
783	1.541000e-09	1.000000e+00	2.826656e-05	9.999945e-01	
784	1.543000e-09	1.000000e+00	2.832774e-05	9.999943e-01	
785	1.545000e-09	1.000000e+00	2.826674e-05	9.999945e-01	
786	1.547000e-09	1.000000e+00	2.832756e-05	9.999943e-01	
787	1.549000e-09	1.000000e+00	2.826692e-05	9.999945e-01	
788	1.551000e-09	1.000000e+00	2.832737e-05	9.999943e-01	
789	1.553000e-09	1.000000e+00	2.826711e-05	9.999945e-01	
790	1.555000e-09	1.000000e+00	2.832719e-05	9.999943e-01	
791	1.557000e-09	1.000000e+00	2.826729e-05	9.999945e-01	
792	1.559000e-09	1.000000e+00	2.832701e-05	9.999943e-01	
793	1.560000e-09	1.000000e+00	2.826756e-05	9.999945e-01	
794	1.560200e-09	9.800000e-01	-1.04419e-03	9.999937e-01	
795	1.560600e-09	9.400000e-01	-3.07283e-03	9.999927e-01	
796	1.561400e-09	8.600000e-01	-6.63180e-03	9.999920e-01	
797	1.563000e-09	7.000000e-01	-1.18901e-02	9.999928e-01	
798	1.565000e-09	5.000000e-01	-6.18267e-03	9.999978e-01	
799	1.567000e-09	3.000000e-01	3.127670e-02	1.000009e+00	
800	1.569000e-09	1.000000e-01	1.056485e-01	1.000018e+00	
801	1.570000e-09	0.000000e+00	1.564595e-01	1.000021e+00	
802	1.570200e-09	0.000000e+00	1.691676e-01	1.000022e+00	
803	1.570600e-09	0.000000e+00	1.941968e-01	1.000024e+00	
804	1.571400e-09	0.000000e+00	2.428123e-01	1.000022e+00	
805	1.573000e-09	0.000000e+00	3.365893e-01	1.000012e+00	
806	1.575000e-09	0.000000e+00	4.441628e-01	9.999865e-01	
807	1.577000e-09	0.000000e+00	5.425296e-01	9.999483e-01	
808	1.579000e-09	0.000000e+00	6.307358e-01	9.998955e-01	

Index   time            v(rbl)          v(dout_1)       v(dout_4)       
--------------------------------------------------------------------------------
809	1.581000e-09	0.000000e+00	6.975678e-01	9.998401e-01	
810	1.583000e-09	0.000000e+00	7.474591e-01	9.998029e-01	
811	1.585000e-09	0.000000e+00	7.906513e-01	9.997852e-01	
812	1.587000e-09	0.000000e+00	8.435303e-01	9.997854e-01	
813	1.589000e-09	0.000000e+00	8.990435e-01	9.998069e-01	
814	1.591000e-09	0.000000e+00	9.380158e-01	9.999065e-01	
815	1.593000e-09	0.000000e+00	9.620993e-01	1.000204e+00	
816	1.595000e-09	0.000000e+00	9.765496e-01	1.000750e+00	
817	1.597000e-09	0.000000e+00	9.851191e-01	1.001516e+00	
818	1.599000e-09	0.000000e+00	9.903184e-01	1.002426e+00	
819	1.601000e-09	0.000000e+00	9.935852e-01	1.003365e+00	
820	1.603000e-09	0.000000e+00	9.956419e-01	1.004261e+00	
821	1.605000e-09	0.000000e+00	9.968844e-01	1.005105e+00	
822	1.607000e-09	0.000000e+00	9.975301e-01	1.005925e+00	
823	1.609000e-09	0.000000e+00	9.975435e-01	1.006802e+00	
824	1.611000e-09	0.000000e+00	9.971368e-01	1.007854e+00	
825	1.613000e-09	0.000000e+00	9.968323e-01	1.008962e+00	
826	1.615000e-09	0.000000e+00	9.967581e-01	1.009431e+00	
827	1.617000e-09	0.000000e+00	9.968449e-01	1.007925e+00	
828	1.619000e-09	0.000000e+00	9.970374e-01	1.002915e+00	
829	1.621000e-09	0.000000e+00	9.972872e-01	9.926486e-01	
830	1.623000e-09	0.000000e+00	9.975498e-01	9.743118e-01	
831	1.625000e-09	0.000000e+00	9.978040e-01	9.472885e-01	
832	1.627000e-09	0.000000e+00	9.980490e-01	9.130384e-01	
833	1.629000e-09	0.000000e+00	9.982883e-01	8.730204e-01	
834	1.631000e-09	0.000000e+00	9.985340e-01	8.281789e-01	
835	1.633000e-09	0.000000e+00	9.987830e-01	7.780573e-01	
836	1.635000e-09	0.000000e+00	9.989829e-01	7.223196e-01	
837	1.637000e-09	0.000000e+00	9.991234e-01	6.655958e-01	
838	1.639000e-09	0.000000e+00	9.992290e-01	6.122183e-01	
839	1.641000e-09	0.000000e+00	9.993194e-01	5.636375e-01	
840	1.643000e-09	0.000000e+00	9.994025e-01	5.220123e-01	
841	1.645000e-09	0.000000e+00	9.994825e-01	4.894571e-01	
842	1.647000e-09	0.000000e+00	9.995568e-01	4.646700e-01	
843	1.649000e-09	0.000000e+00	9.996253e-01	4.445084e-01	
844	1.651000e-09	0.000000e+00	9.996854e-01	4.254622e-01	
845	1.653000e-09	0.000000e+00	9.997380e-01	4.020121e-01	
846	1.655000e-09	0.000000e+00	9.997817e-01	3.672858e-01	
847	1.657000e-09	0.000000e+00	9.998204e-01	3.248847e-01	
848	1.659000e-09	0.000000e+00	9.998533e-01	2.829810e-01	
849	1.661000e-09	0.000000e+00	9.998816e-01	2.439460e-01	
850	1.663000e-09	0.000000e+00	9.999040e-01	2.086211e-01	
851	1.665000e-09	0.000000e+00	9.999229e-01	1.774807e-01	
852	1.667000e-09	0.000000e+00	9.999372e-01	1.502296e-01	
853	1.669000e-09	0.000000e+00	9.999492e-01	1.264795e-01	
854	1.671000e-09	0.000000e+00	9.999580e-01	1.058939e-01	
855	1.673000e-09	0.000000e+00	9.999657e-01	8.840357e-02	
856	1.675000e-09	0.000000e+00	9.999712e-01	7.383062e-02	
857	1.677000e-09	0.000000e+00	9.999763e-01	6.240965e-02	
858	1.679000e-09	0.000000e+00	9.999795e-01	5.338692e-02	
859	1.681000e-09	0.000000e+00	9.999827e-01	4.546295e-02	
860	1.683000e-09	0.000000e+00	9.999844e-01	3.829223e-02	
861	1.685000e-09	0.000000e+00	9.999866e-01	3.187535e-02	
862	1.687000e-09	0.000000e+00	9.999877e-01	2.626383e-02	
863	1.689000e-09	0.000000e+00	9.999894e-01	2.147504e-02	
864	1.691000e-09	0.000000e+00	9.999900e-01	1.746101e-02	
865	1.693000e-09	0.000000e+00	9.999912e-01	1.413583e-02	
866	1.695000e-09	0.000000e+00	9.999914e-01	1.140076e-02	

Index   time            v(rbl)          v(dout_1)       v(dout_4)       
--------------------------------------------------------------------------------
867	1.697000e-09	0.000000e+00	9.999924e-01	9.162761e-03	
868	1.699000e-09	0.000000e+00	9.999923e-01	7.323611e-03	
869	1.701000e-09	0.000000e+00	9.999931e-01	5.824413e-03	
870	1.703000e-09	0.000000e+00	9.999929e-01	4.634007e-03	
871	1.705000e-09	0.000000e+00	9.999936e-01	3.698868e-03	
872	1.707000e-09	0.000000e+00	9.999933e-01	2.961864e-03	
873	1.709000e-09	0.000000e+00	9.999939e-01	2.380943e-03	
874	1.711000e-09	0.000000e+00	9.999936e-01	1.920446e-03	
875	1.713000e-09	0.000000e+00	9.999941e-01	1.554324e-03	
876	1.715000e-09	0.000000e+00	9.999938e-01	1.261139e-03	
877	1.717000e-09	0.000000e+00	9.999943e-01	1.027343e-03	
878	1.719000e-09	0.000000e+00	9.999939e-01	8.400514e-04	
879	1.721000e-09	0.000000e+00	9.999944e-01	6.918418e-04	
880	1.723000e-09	0.000000e+00	9.999940e-01	5.733212e-04	
881	1.725000e-09	0.000000e+00	9.999945e-01	4.758055e-04	
882	1.727000e-09	0.000000e+00	9.999941e-01	3.935964e-04	
883	1.729000e-09	0.000000e+00	9.999945e-01	3.264602e-04	
884	1.731000e-09	0.000000e+00	9.999941e-01	2.714999e-04	
885	1.733000e-09	0.000000e+00	9.999946e-01	2.278180e-04	
886	1.735000e-09	0.000000e+00	9.999941e-01	1.922925e-04	
887	1.737000e-09	0.000000e+00	9.999946e-01	1.641324e-04	
888	1.739000e-09	0.000000e+00	9.999942e-01	1.407711e-04	
889	1.741000e-09	0.000000e+00	9.999946e-01	1.221247e-04	
890	1.743000e-09	0.000000e+00	9.999942e-01	1.062406e-04	
891	1.745000e-09	0.000000e+00	9.999946e-01	9.352478e-05	
892	1.747000e-09	0.000000e+00	9.999942e-01	8.253281e-05	
893	1.749000e-09	0.000000e+00	9.999946e-01	7.392804e-05	
894	1.751000e-09	0.000000e+00	9.999942e-01	6.623413e-05	
895	1.753000e-09	0.000000e+00	9.999946e-01	6.024996e-05	
896	1.755000e-09	0.000000e+00	9.999942e-01	5.471521e-05	
897	1.757000e-09	0.000000e+00	9.999946e-01	5.053300e-05	
898	1.759000e-09	0.000000e+00	9.999942e-01	4.653281e-05	
899	1.761000e-09	0.000000e+00	9.999946e-01	4.366319e-05	
900	1.763000e-09	0.000000e+00	9.999942e-01	4.078459e-05	
901	1.765000e-09	0.000000e+00	9.999946e-01	3.886565e-05	
902	1.767000e-09	0.000000e+00	9.999942e-01	3.677558e-05	
903	1.769000e-09	0.000000e+00	9.999946e-01	3.550714e-05	
904	1.771000e-09	0.000000e+00	9.999942e-01	3.398785e-05	
905	1.773000e-09	0.000000e+00	9.999946e-01	3.321382e-05	
906	1.775000e-09	0.000000e+00	9.999942e-01	3.210493e-05	
907	1.777000e-09	0.000000e+00	9.999946e-01	3.166434e-05	
908	1.779000e-09	0.000000e+00	9.999942e-01	3.082827e-05	
909	1.781000e-09	0.000000e+00	9.999946e-01	3.060992e-05	
910	1.783000e-09	0.000000e+00	9.999942e-01	2.995881e-05	
911	1.785000e-09	0.000000e+00	9.999946e-01	2.989254e-05	
912	1.787000e-09	0.000000e+00	9.999942e-01	2.936923e-05	
913	1.789000e-09	0.000000e+00	9.999946e-01	2.940767e-05	
914	1.791000e-09	0.000000e+00	9.999942e-01	2.897250e-05	
915	1.793000e-09	0.000000e+00	9.999946e-01	2.908229e-05	
916	1.795000e-09	0.000000e+00	9.999942e-01	2.870722e-05	
917	1.797000e-09	0.000000e+00	9.999946e-01	2.886492e-05	
918	1.799000e-09	0.000000e+00	9.999942e-01	2.853044e-05	
919	1.801000e-09	0.000000e+00	9.999946e-01	2.871989e-05	
920	1.803000e-09	0.000000e+00	9.999942e-01	2.841272e-05	
921	1.805000e-09	0.000000e+00	9.999946e-01	2.862303e-05	
922	1.807000e-09	0.000000e+00	9.999942e-01	2.833423e-05	
923	1.809000e-09	0.000000e+00	9.999946e-01	2.855813e-05	
924	1.811000e-09	0.000000e+00	9.999942e-01	2.828181e-05	

Index   time            v(rbl)          v(dout_1)       v(dout_4)       
--------------------------------------------------------------------------------
925	1.813000e-09	0.000000e+00	9.999946e-01	2.851449e-05	
926	1.815000e-09	0.000000e+00	9.999942e-01	2.824672e-05	
927	1.817000e-09	0.000000e+00	9.999946e-01	2.848500e-05	
928	1.819000e-09	0.000000e+00	9.999942e-01	2.822320e-05	
929	1.821000e-09	0.000000e+00	9.999946e-01	2.846498e-05	
930	1.823000e-09	0.000000e+00	9.999942e-01	2.820743e-05	
931	1.825000e-09	0.000000e+00	9.999946e-01	2.845132e-05	
932	1.827000e-09	0.000000e+00	9.999942e-01	2.819688e-05	
933	1.829000e-09	0.000000e+00	9.999946e-01	2.844193e-05	
934	1.831000e-09	0.000000e+00	9.999942e-01	2.818984e-05	
935	1.833000e-09	0.000000e+00	9.999946e-01	2.843544e-05	
936	1.835000e-09	0.000000e+00	9.999942e-01	2.818519e-05	
937	1.837000e-09	0.000000e+00	9.999946e-01	2.843091e-05	
938	1.839000e-09	0.000000e+00	9.999942e-01	2.818214e-05	
939	1.841000e-09	0.000000e+00	9.999946e-01	2.842771e-05	
940	1.843000e-09	0.000000e+00	9.999942e-01	2.818019e-05	
941	1.845000e-09	0.000000e+00	9.999947e-01	2.842541e-05	
942	1.847000e-09	0.000000e+00	9.999942e-01	2.817899e-05	
943	1.849000e-09	0.000000e+00	9.999947e-01	2.842373e-05	
944	1.851000e-09	0.000000e+00	9.999942e-01	2.817829e-05	
945	1.853000e-09	0.000000e+00	9.999947e-01	2.842246e-05	
946	1.855000e-09	0.000000e+00	9.999942e-01	2.817793e-05	
947	1.857000e-09	0.000000e+00	9.999947e-01	2.842148e-05	
948	1.859000e-09	0.000000e+00	9.999942e-01	2.817781e-05	
949	1.861000e-09	0.000000e+00	9.999947e-01	2.842070e-05	
950	1.863000e-09	0.000000e+00	9.999942e-01	2.817785e-05	
951	1.865000e-09	0.000000e+00	9.999947e-01	2.842004e-05	
952	1.867000e-09	0.000000e+00	9.999942e-01	2.817800e-05	
953	1.869000e-09	0.000000e+00	9.999947e-01	2.841948e-05	
954	1.871000e-09	0.000000e+00	9.999942e-01	2.817822e-05	
955	1.873000e-09	0.000000e+00	9.999947e-01	2.841898e-05	
956	1.875000e-09	0.000000e+00	9.999942e-01	2.817849e-05	
957	1.877000e-09	0.000000e+00	9.999947e-01	2.841852e-05	
958	1.879000e-09	0.000000e+00	9.999942e-01	2.817879e-05	
959	1.881000e-09	0.000000e+00	9.999947e-01	2.841809e-05	
960	1.883000e-09	0.000000e+00	9.999942e-01	2.817912e-05	
961	1.885000e-09	0.000000e+00	9.999947e-01	2.841768e-05	
962	1.887000e-09	0.000000e+00	9.999942e-01	2.817946e-05	
963	1.889000e-09	0.000000e+00	9.999947e-01	2.841728e-05	
964	1.891000e-09	0.000000e+00	9.999942e-01	2.817981e-05	
965	1.893000e-09	0.000000e+00	9.999947e-01	2.841689e-05	
966	1.895000e-09	0.000000e+00	9.999942e-01	2.818017e-05	
967	1.897000e-09	0.000000e+00	9.999947e-01	2.841650e-05	
968	1.899000e-09	0.000000e+00	9.999942e-01	2.818053e-05	
969	1.901000e-09	0.000000e+00	9.999947e-01	2.841612e-05	
970	1.903000e-09	0.000000e+00	9.999942e-01	2.818089e-05	
971	1.905000e-09	0.000000e+00	9.999947e-01	2.841575e-05	
972	1.907000e-09	0.000000e+00	9.999942e-01	2.818126e-05	
973	1.909000e-09	0.000000e+00	9.999947e-01	2.841538e-05	
974	1.911000e-09	0.000000e+00	9.999942e-01	2.818163e-05	
975	1.913000e-09	0.000000e+00	9.999947e-01	2.841500e-05	
976	1.915000e-09	0.000000e+00	9.999942e-01	2.818199e-05	
977	1.917000e-09	0.000000e+00	9.999947e-01	2.841463e-05	
978	1.919000e-09	0.000000e+00	9.999942e-01	2.818236e-05	
979	1.921000e-09	0.000000e+00	9.999947e-01	2.841426e-05	
980	1.923000e-09	0.000000e+00	9.999942e-01	2.818273e-05	
981	1.925000e-09	0.000000e+00	9.999947e-01	2.841389e-05	
982	1.927000e-09	0.000000e+00	9.999942e-01	2.818310e-05	

Index   time            v(rbl)          v(dout_1)       v(dout_4)       
--------------------------------------------------------------------------------
983	1.929000e-09	0.000000e+00	9.999947e-01	2.841353e-05	
984	1.931000e-09	0.000000e+00	9.999942e-01	2.818346e-05	
985	1.933000e-09	0.000000e+00	9.999947e-01	2.841316e-05	
986	1.935000e-09	0.000000e+00	9.999942e-01	2.818383e-05	
987	1.937000e-09	0.000000e+00	9.999947e-01	2.841279e-05	
988	1.939000e-09	0.000000e+00	9.999942e-01	2.818419e-05	
989	1.941000e-09	0.000000e+00	9.999947e-01	2.841243e-05	
990	1.943000e-09	0.000000e+00	9.999942e-01	2.818456e-05	
991	1.945000e-09	0.000000e+00	9.999947e-01	2.841206e-05	
992	1.947000e-09	0.000000e+00	9.999942e-01	2.818492e-05	
993	1.949000e-09	0.000000e+00	9.999947e-01	2.841170e-05	
994	1.951000e-09	0.000000e+00	9.999942e-01	2.818529e-05	
995	1.953000e-09	0.000000e+00	9.999947e-01	2.841133e-05	
996	1.955000e-09	0.000000e+00	9.999942e-01	2.818565e-05	
997	1.957000e-09	0.000000e+00	9.999947e-01	2.841097e-05	
998	1.959000e-09	0.000000e+00	9.999942e-01	2.818602e-05	
999	1.961000e-09	0.000000e+00	9.999947e-01	2.841061e-05	
1000	1.963000e-09	0.000000e+00	9.999942e-01	2.818638e-05	
1001	1.965000e-09	0.000000e+00	9.999947e-01	2.841024e-05	
1002	1.967000e-09	0.000000e+00	9.999942e-01	2.818674e-05	
1003	1.969000e-09	0.000000e+00	9.999947e-01	2.840988e-05	
1004	1.971000e-09	0.000000e+00	9.999942e-01	2.818710e-05	
1005	1.973000e-09	0.000000e+00	9.999947e-01	2.840952e-05	
1006	1.975000e-09	0.000000e+00	9.999942e-01	2.818746e-05	
1007	1.977000e-09	0.000000e+00	9.999947e-01	2.840916e-05	
1008	1.979000e-09	0.000000e+00	9.999942e-01	2.818783e-05	
1009	1.981000e-09	0.000000e+00	9.999947e-01	2.840880e-05	
1010	1.983000e-09	0.000000e+00	9.999942e-01	2.818819e-05	
1011	1.985000e-09	0.000000e+00	9.999947e-01	2.840844e-05	
1012	1.987000e-09	0.000000e+00	9.999942e-01	2.818854e-05	
1013	1.989000e-09	0.000000e+00	9.999947e-01	2.840808e-05	
1014	1.991000e-09	0.000000e+00	9.999942e-01	2.818890e-05	
1015	1.993000e-09	0.000000e+00	9.999947e-01	2.840772e-05	
1016	1.995000e-09	0.000000e+00	9.999942e-01	2.818926e-05	
1017	1.997000e-09	0.000000e+00	9.999947e-01	2.840736e-05	
1018	1.999000e-09	0.000000e+00	9.999942e-01	2.818962e-05	
1019	2.001000e-09	0.000000e+00	9.999947e-01	2.840701e-05	
1020	2.003000e-09	0.000000e+00	9.999942e-01	2.818998e-05	
1021	2.005000e-09	0.000000e+00	9.999947e-01	2.840665e-05	
1022	2.007000e-09	0.000000e+00	9.999942e-01	2.819033e-05	
1023	2.009000e-09	0.000000e+00	9.999947e-01	2.840629e-05	
1024	2.011000e-09	0.000000e+00	9.999942e-01	2.819069e-05	
1025	2.013000e-09	0.000000e+00	9.999947e-01	2.840594e-05	
1026	2.015000e-09	0.000000e+00	9.999942e-01	2.819105e-05	
1027	2.017000e-09	0.000000e+00	9.999947e-01	2.840558e-05	
1028	2.019000e-09	0.000000e+00	9.999942e-01	2.819140e-05	
1029	2.021000e-09	0.000000e+00	9.999947e-01	2.840523e-05	
1030	2.023000e-09	0.000000e+00	9.999942e-01	2.819176e-05	
1031	2.025000e-09	0.000000e+00	9.999947e-01	2.840487e-05	
1032	2.027000e-09	0.000000e+00	9.999942e-01	2.819211e-05	
1033	2.029000e-09	0.000000e+00	9.999947e-01	2.840452e-05	
1034	2.031000e-09	0.000000e+00	9.999942e-01	2.819246e-05	
1035	2.033000e-09	0.000000e+00	9.999947e-01	2.840417e-05	
1036	2.035000e-09	0.000000e+00	9.999942e-01	2.819282e-05	
1037	2.037000e-09	0.000000e+00	9.999947e-01	2.840381e-05	
1038	2.039000e-09	0.000000e+00	9.999942e-01	2.819317e-05	
1039	2.041000e-09	0.000000e+00	9.999947e-01	2.840346e-05	
1040	2.043000e-09	0.000000e+00	9.999942e-01	2.819352e-05	

Index   time            v(rbl)          v(dout_1)       v(dout_4)       
--------------------------------------------------------------------------------
1041	2.045000e-09	0.000000e+00	9.999947e-01	2.840311e-05	
1042	2.047000e-09	0.000000e+00	9.999942e-01	2.819387e-05	
1043	2.049000e-09	0.000000e+00	9.999947e-01	2.840276e-05	
1044	2.051000e-09	0.000000e+00	9.999942e-01	2.819422e-05	
1045	2.053000e-09	0.000000e+00	9.999947e-01	2.840241e-05	
1046	2.055000e-09	0.000000e+00	9.999942e-01	2.819457e-05	
1047	2.057000e-09	0.000000e+00	9.999947e-01	2.840206e-05	
1048	2.059000e-09	0.000000e+00	9.999942e-01	2.819492e-05	
1049	2.061000e-09	0.000000e+00	9.999947e-01	2.840171e-05	
1050	2.063000e-09	0.000000e+00	9.999942e-01	2.819527e-05	
1051	2.065000e-09	0.000000e+00	9.999947e-01	2.840136e-05	
1052	2.067000e-09	0.000000e+00	9.999942e-01	2.819562e-05	
1053	2.069000e-09	0.000000e+00	9.999947e-01	2.840101e-05	
1054	2.071000e-09	0.000000e+00	9.999942e-01	2.819597e-05	
1055	2.073000e-09	0.000000e+00	9.999947e-01	2.840067e-05	
1056	2.075000e-09	0.000000e+00	9.999942e-01	2.819631e-05	
1057	2.077000e-09	0.000000e+00	9.999947e-01	2.840032e-05	
1058	2.079000e-09	0.000000e+00	9.999942e-01	2.819666e-05	
1059	2.081000e-09	0.000000e+00	9.999947e-01	2.839997e-05	
1060	2.083000e-09	0.000000e+00	9.999942e-01	2.819701e-05	
1061	2.085000e-09	0.000000e+00	9.999947e-01	2.839963e-05	
1062	2.087000e-09	0.000000e+00	9.999942e-01	2.819735e-05	
1063	2.089000e-09	0.000000e+00	9.999947e-01	2.839928e-05	
1064	2.091000e-09	0.000000e+00	9.999942e-01	2.819770e-05	
1065	2.093000e-09	0.000000e+00	9.999947e-01	2.839894e-05	
1066	2.095000e-09	0.000000e+00	9.999942e-01	2.819804e-05	
1067	2.097000e-09	0.000000e+00	9.999947e-01	2.839859e-05	
1068	2.099000e-09	0.000000e+00	9.999942e-01	2.819838e-05	
1069	2.101000e-09	0.000000e+00	9.999947e-01	2.839825e-05	
1070	2.103000e-09	0.000000e+00	9.999942e-01	2.819873e-05	
1071	2.105000e-09	0.000000e+00	9.999947e-01	2.839791e-05	
1072	2.107000e-09	0.000000e+00	9.999942e-01	2.819907e-05	
1073	2.109000e-09	0.000000e+00	9.999947e-01	2.839756e-05	
1074	2.111000e-09	0.000000e+00	9.999942e-01	2.819941e-05	
1075	2.113000e-09	0.000000e+00	9.999947e-01	2.839722e-05	
1076	2.115000e-09	0.000000e+00	9.999942e-01	2.819975e-05	
1077	2.117000e-09	0.000000e+00	9.999947e-01	2.839688e-05	
1078	2.119000e-09	0.000000e+00	9.999942e-01	2.820009e-05	
1079	2.121000e-09	0.000000e+00	9.999947e-01	2.839654e-05	
1080	2.123000e-09	0.000000e+00	9.999942e-01	2.820044e-05	
1081	2.125000e-09	0.000000e+00	9.999947e-01	2.839620e-05	
1082	2.127000e-09	0.000000e+00	9.999942e-01	2.820078e-05	
1083	2.129000e-09	0.000000e+00	9.999947e-01	2.839586e-05	
1084	2.131000e-09	0.000000e+00	9.999942e-01	2.820111e-05	
1085	2.133000e-09	0.000000e+00	9.999947e-01	2.839552e-05	
1086	2.135000e-09	0.000000e+00	9.999942e-01	2.820145e-05	
1087	2.137000e-09	0.000000e+00	9.999947e-01	2.839518e-05	
1088	2.139000e-09	0.000000e+00	9.999942e-01	2.820179e-05	
1089	2.141000e-09	0.000000e+00	9.999947e-01	2.839485e-05	
1090	2.143000e-09	0.000000e+00	9.999942e-01	2.820213e-05	
1091	2.145000e-09	0.000000e+00	9.999947e-01	2.839451e-05	
1092	2.147000e-09	0.000000e+00	9.999942e-01	2.820247e-05	
1093	2.149000e-09	0.000000e+00	9.999947e-01	2.839417e-05	
1094	2.151000e-09	0.000000e+00	9.999942e-01	2.820280e-05	
1095	2.153000e-09	0.000000e+00	9.999947e-01	2.839384e-05	
1096	2.155000e-09	0.000000e+00	9.999942e-01	2.820314e-05	
1097	2.157000e-09	0.000000e+00	9.999947e-01	2.839350e-05	
1098	2.159000e-09	0.000000e+00	9.999942e-01	2.820347e-05	

Index   time            v(rbl)          v(dout_1)       v(dout_4)       
--------------------------------------------------------------------------------
1099	2.161000e-09	0.000000e+00	9.999947e-01	2.839317e-05	
1100	2.163000e-09	0.000000e+00	9.999942e-01	2.820381e-05	
1101	2.165000e-09	0.000000e+00	9.999947e-01	2.839283e-05	
1102	2.167000e-09	0.000000e+00	9.999942e-01	2.820414e-05	
1103	2.169000e-09	0.000000e+00	9.999947e-01	2.839250e-05	
1104	2.171000e-09	0.000000e+00	9.999942e-01	2.820447e-05	
1105	2.173000e-09	0.000000e+00	9.999947e-01	2.839217e-05	
1106	2.175000e-09	0.000000e+00	9.999942e-01	2.820481e-05	
1107	2.177000e-09	0.000000e+00	9.999947e-01	2.839183e-05	
1108	2.179000e-09	0.000000e+00	9.999942e-01	2.820514e-05	
1109	2.181000e-09	0.000000e+00	9.999947e-01	2.839150e-05	
1110	2.183000e-09	0.000000e+00	9.999942e-01	2.820547e-05	
1111	2.185000e-09	0.000000e+00	9.999947e-01	2.839117e-05	
1112	2.187000e-09	0.000000e+00	9.999942e-01	2.820580e-05	
1113	2.189000e-09	0.000000e+00	9.999947e-01	2.839084e-05	
1114	2.191000e-09	0.000000e+00	9.999942e-01	2.820613e-05	
1115	2.193000e-09	0.000000e+00	9.999947e-01	2.839051e-05	
1116	2.195000e-09	0.000000e+00	9.999942e-01	2.820646e-05	
1117	2.197000e-09	0.000000e+00	9.999947e-01	2.839018e-05	
1118	2.199000e-09	0.000000e+00	9.999942e-01	2.820679e-05	
1119	2.201000e-09	0.000000e+00	9.999947e-01	2.838985e-05	
1120	2.203000e-09	0.000000e+00	9.999942e-01	2.820712e-05	
1121	2.205000e-09	0.000000e+00	9.999947e-01	2.838952e-05	
1122	2.207000e-09	0.000000e+00	9.999942e-01	2.820745e-05	
1123	2.209000e-09	0.000000e+00	9.999947e-01	2.838919e-05	
1124	2.211000e-09	0.000000e+00	9.999942e-01	2.820778e-05	
1125	2.213000e-09	0.000000e+00	9.999947e-01	2.838887e-05	
1126	2.215000e-09	0.000000e+00	9.999942e-01	2.820810e-05	
1127	2.217000e-09	0.000000e+00	9.999947e-01	2.838854e-05	
1128	2.219000e-09	0.000000e+00	9.999942e-01	2.820843e-05	
1129	2.221000e-09	0.000000e+00	9.999947e-01	2.838821e-05	
1130	2.223000e-09	0.000000e+00	9.999942e-01	2.820876e-05	
1131	2.225000e-09	0.000000e+00	9.999947e-01	2.838789e-05	
1132	2.227000e-09	0.000000e+00	9.999942e-01	2.820908e-05	
1133	2.229000e-09	0.000000e+00	9.999947e-01	2.838756e-05	
1134	2.231000e-09	0.000000e+00	9.999942e-01	2.820941e-05	
1135	2.233000e-09	0.000000e+00	9.999947e-01	2.838724e-05	
1136	2.235000e-09	0.000000e+00	9.999942e-01	2.820973e-05	
1137	2.237000e-09	0.000000e+00	9.999947e-01	2.838692e-05	
1138	2.239000e-09	0.000000e+00	9.999942e-01	2.821005e-05	
1139	2.241000e-09	0.000000e+00	9.999947e-01	2.838659e-05	
1140	2.243000e-09	0.000000e+00	9.999942e-01	2.821038e-05	
1141	2.245000e-09	0.000000e+00	9.999947e-01	2.838627e-05	
1142	2.247000e-09	0.000000e+00	9.999942e-01	2.821070e-05	
1143	2.249000e-09	0.000000e+00	9.999947e-01	2.838595e-05	
1144	2.251000e-09	0.000000e+00	9.999942e-01	2.821102e-05	
1145	2.253000e-09	0.000000e+00	9.999947e-01	2.838563e-05	
1146	2.255000e-09	0.000000e+00	9.999942e-01	2.821134e-05	
1147	2.257000e-09	0.000000e+00	9.999947e-01	2.838531e-05	
1148	2.259000e-09	0.000000e+00	9.999942e-01	2.821166e-05	
1149	2.261000e-09	0.000000e+00	9.999947e-01	2.838499e-05	
1150	2.263000e-09	0.000000e+00	9.999942e-01	2.821198e-05	
1151	2.265000e-09	0.000000e+00	9.999947e-01	2.838467e-05	
1152	2.267000e-09	0.000000e+00	9.999942e-01	2.821230e-05	
1153	2.269000e-09	0.000000e+00	9.999947e-01	2.838435e-05	
1154	2.271000e-09	0.000000e+00	9.999942e-01	2.821262e-05	
1155	2.273000e-09	0.000000e+00	9.999947e-01	2.838403e-05	
1156	2.275000e-09	0.000000e+00	9.999942e-01	2.821294e-05	

Index   time            v(rbl)          v(dout_1)       v(dout_4)       
--------------------------------------------------------------------------------
1157	2.277000e-09	0.000000e+00	9.999947e-01	2.838371e-05	
1158	2.279000e-09	0.000000e+00	9.999942e-01	2.821326e-05	
1159	2.281000e-09	0.000000e+00	9.999947e-01	2.838339e-05	
1160	2.283000e-09	0.000000e+00	9.999942e-01	2.821357e-05	
1161	2.285000e-09	0.000000e+00	9.999947e-01	2.838308e-05	
1162	2.287000e-09	0.000000e+00	9.999942e-01	2.821389e-05	
1163	2.289000e-09	0.000000e+00	9.999947e-01	2.838276e-05	
1164	2.291000e-09	0.000000e+00	9.999942e-01	2.821421e-05	
1165	2.293000e-09	0.000000e+00	9.999947e-01	2.838244e-05	
1166	2.295000e-09	0.000000e+00	9.999942e-01	2.821452e-05	
1167	2.297000e-09	0.000000e+00	9.999947e-01	2.838213e-05	
1168	2.299000e-09	0.000000e+00	9.999942e-01	2.821484e-05	
1169	2.301000e-09	0.000000e+00	9.999947e-01	2.838181e-05	
1170	2.303000e-09	0.000000e+00	9.999942e-01	2.821515e-05	
1171	2.305000e-09	0.000000e+00	9.999947e-01	2.838150e-05	
1172	2.307000e-09	0.000000e+00	9.999942e-01	2.821546e-05	
1173	2.309000e-09	0.000000e+00	9.999947e-01	2.838119e-05	
1174	2.311000e-09	0.000000e+00	9.999942e-01	2.821578e-05	
1175	2.313000e-09	0.000000e+00	9.999947e-01	2.838087e-05	
1176	2.315000e-09	0.000000e+00	9.999942e-01	2.821609e-05	
1177	2.317000e-09	0.000000e+00	9.999947e-01	2.838056e-05	
1178	2.319000e-09	0.000000e+00	9.999942e-01	2.821640e-05	
1179	2.321000e-09	0.000000e+00	9.999947e-01	2.838025e-05	
1180	2.323000e-09	0.000000e+00	9.999942e-01	2.821671e-05	
1181	2.325000e-09	0.000000e+00	9.999947e-01	2.837994e-05	
1182	2.327000e-09	0.000000e+00	9.999942e-01	2.821702e-05	
1183	2.329000e-09	0.000000e+00	9.999947e-01	2.837963e-05	
1184	2.331000e-09	0.000000e+00	9.999942e-01	2.821733e-05	
1185	2.333000e-09	0.000000e+00	9.999947e-01	2.837932e-05	
1186	2.335000e-09	0.000000e+00	9.999942e-01	2.821764e-05	
1187	2.337000e-09	0.000000e+00	9.999947e-01	2.837901e-05	
1188	2.339000e-09	0.000000e+00	9.999942e-01	2.821795e-05	
1189	2.341000e-09	0.000000e+00	9.999947e-01	2.837870e-05	
1190	2.343000e-09	0.000000e+00	9.999942e-01	2.821826e-05	
1191	2.345000e-09	0.000000e+00	9.999947e-01	2.837839e-05	
1192	2.347000e-09	0.000000e+00	9.999942e-01	2.821857e-05	
1193	2.349000e-09	0.000000e+00	9.999947e-01	2.837809e-05	
1194	2.351000e-09	0.000000e+00	9.999942e-01	2.821888e-05	
1195	2.353000e-09	0.000000e+00	9.999947e-01	2.837778e-05	
1196	2.355000e-09	0.000000e+00	9.999942e-01	2.821918e-05	
1197	2.357000e-09	0.000000e+00	9.999947e-01	2.837747e-05	
1198	2.359000e-09	0.000000e+00	9.999942e-01	2.821949e-05	
1199	2.361000e-09	0.000000e+00	9.999947e-01	2.837717e-05	
1200	2.363000e-09	0.000000e+00	9.999942e-01	2.821980e-05	
1201	2.365000e-09	0.000000e+00	9.999947e-01	2.837686e-05	
1202	2.367000e-09	0.000000e+00	9.999942e-01	2.822010e-05	
1203	2.369000e-09	0.000000e+00	9.999947e-01	2.837656e-05	
1204	2.371000e-09	0.000000e+00	9.999942e-01	2.822040e-05	
1205	2.373000e-09	0.000000e+00	9.999947e-01	2.837625e-05	
1206	2.375000e-09	0.000000e+00	9.999942e-01	2.822071e-05	
1207	2.377000e-09	0.000000e+00	9.999947e-01	2.837595e-05	
1208	2.379000e-09	0.000000e+00	9.999942e-01	2.822101e-05	
1209	2.381000e-09	0.000000e+00	9.999947e-01	2.837565e-05	
1210	2.383000e-09	0.000000e+00	9.999942e-01	2.822131e-05	
1211	2.385000e-09	0.000000e+00	9.999947e-01	2.837534e-05	
1212	2.387000e-09	0.000000e+00	9.999942e-01	2.822162e-05	
1213	2.389000e-09	0.000000e+00	9.999947e-01	2.837504e-05	
1214	2.391000e-09	0.000000e+00	9.999942e-01	2.822192e-05	

Index   time            v(rbl)          v(dout_1)       v(dout_4)       
--------------------------------------------------------------------------------
1215	2.393000e-09	0.000000e+00	9.999947e-01	2.837474e-05	
1216	2.395000e-09	0.000000e+00	9.999942e-01	2.822222e-05	
1217	2.397000e-09	0.000000e+00	9.999947e-01	2.837444e-05	
1218	2.399000e-09	0.000000e+00	9.999942e-01	2.822252e-05	
1219	2.401000e-09	0.000000e+00	9.999947e-01	2.837414e-05	
1220	2.403000e-09	0.000000e+00	9.999942e-01	2.822282e-05	
1221	2.405000e-09	0.000000e+00	9.999947e-01	2.837384e-05	
1222	2.407000e-09	0.000000e+00	9.999942e-01	2.822312e-05	
1223	2.409000e-09	0.000000e+00	9.999947e-01	2.837354e-05	
1224	2.411000e-09	0.000000e+00	9.999942e-01	2.822342e-05	
1225	2.413000e-09	0.000000e+00	9.999947e-01	2.837324e-05	
1226	2.415000e-09	0.000000e+00	9.999942e-01	2.822371e-05	
1227	2.417000e-09	0.000000e+00	9.999947e-01	2.837295e-05	
1228	2.419000e-09	0.000000e+00	9.999942e-01	2.822401e-05	
1229	2.421000e-09	0.000000e+00	9.999947e-01	2.837265e-05	
1230	2.423000e-09	0.000000e+00	9.999942e-01	2.822431e-05	
1231	2.425000e-09	0.000000e+00	9.999947e-01	2.837235e-05	
1232	2.427000e-09	0.000000e+00	9.999942e-01	2.822461e-05	
1233	2.429000e-09	0.000000e+00	9.999947e-01	2.837206e-05	
1234	2.431000e-09	0.000000e+00	9.999942e-01	2.822490e-05	
1235	2.433000e-09	0.000000e+00	9.999947e-01	2.837176e-05	
1236	2.435000e-09	0.000000e+00	9.999942e-01	2.822520e-05	
1237	2.437000e-09	0.000000e+00	9.999947e-01	2.837146e-05	
1238	2.439000e-09	0.000000e+00	9.999942e-01	2.822549e-05	
1239	2.441000e-09	0.000000e+00	9.999947e-01	2.837117e-05	
1240	2.443000e-09	0.000000e+00	9.999942e-01	2.822579e-05	
1241	2.445000e-09	0.000000e+00	9.999947e-01	2.837088e-05	
1242	2.447000e-09	0.000000e+00	9.999942e-01	2.822608e-05	
1243	2.449000e-09	0.000000e+00	9.999947e-01	2.837058e-05	
1244	2.451000e-09	0.000000e+00	9.999942e-01	2.822637e-05	
1245	2.453000e-09	0.000000e+00	9.999947e-01	2.837029e-05	
1246	2.455000e-09	0.000000e+00	9.999942e-01	2.822666e-05	
1247	2.457000e-09	0.000000e+00	9.999947e-01	2.837000e-05	
1248	2.459000e-09	0.000000e+00	9.999942e-01	2.822696e-05	
1249	2.461000e-09	0.000000e+00	9.999947e-01	2.836971e-05	
1250	2.463000e-09	0.000000e+00	9.999942e-01	2.822725e-05	
1251	2.465000e-09	0.000000e+00	9.999947e-01	2.836942e-05	
1252	2.467000e-09	0.000000e+00	9.999942e-01	2.822754e-05	
1253	2.469000e-09	0.000000e+00	9.999947e-01	2.836913e-05	
1254	2.471000e-09	0.000000e+00	9.999942e-01	2.822783e-05	
1255	2.473000e-09	0.000000e+00	9.999947e-01	2.836884e-05	
1256	2.475000e-09	0.000000e+00	9.999942e-01	2.822812e-05	
1257	2.477000e-09	0.000000e+00	9.999947e-01	2.836855e-05	
1258	2.479000e-09	0.000000e+00	9.999942e-01	2.822841e-05	
1259	2.481000e-09	0.000000e+00	9.999947e-01	2.836826e-05	
1260	2.483000e-09	0.000000e+00	9.999942e-01	2.822870e-05	
1261	2.485000e-09	0.000000e+00	9.999947e-01	2.836797e-05	
1262	2.487000e-09	0.000000e+00	9.999942e-01	2.822898e-05	
1263	2.489000e-09	0.000000e+00	9.999947e-01	2.836768e-05	
1264	2.491000e-09	0.000000e+00	9.999942e-01	2.822927e-05	
1265	2.493000e-09	0.000000e+00	9.999947e-01	2.836740e-05	
1266	2.495000e-09	0.000000e+00	9.999942e-01	2.822956e-05	
1267	2.497000e-09	0.000000e+00	9.999947e-01	2.836711e-05	
1268	2.499000e-09	0.000000e+00	9.999942e-01	2.822984e-05	
1269	2.501000e-09	0.000000e+00	9.999947e-01	2.836682e-05	
1270	2.503000e-09	0.000000e+00	9.999942e-01	2.823013e-05	
1271	2.505000e-09	0.000000e+00	9.999947e-01	2.836654e-05	
1272	2.507000e-09	0.000000e+00	9.999942e-01	2.823041e-05	

Index   time            v(rbl)          v(dout_1)       v(dout_4)       
--------------------------------------------------------------------------------
1273	2.509000e-09	0.000000e+00	9.999947e-01	2.836625e-05	
1274	2.511000e-09	0.000000e+00	9.999942e-01	2.823070e-05	
1275	2.513000e-09	0.000000e+00	9.999947e-01	2.836597e-05	
1276	2.515000e-09	0.000000e+00	9.999942e-01	2.823098e-05	
1277	2.517000e-09	0.000000e+00	9.999947e-01	2.836569e-05	
1278	2.519000e-09	0.000000e+00	9.999942e-01	2.823127e-05	
1279	2.521000e-09	0.000000e+00	9.999947e-01	2.836540e-05	
1280	2.523000e-09	0.000000e+00	9.999942e-01	2.823155e-05	
1281	2.525000e-09	0.000000e+00	9.999947e-01	2.836512e-05	
1282	2.527000e-09	0.000000e+00	9.999942e-01	2.823183e-05	
1283	2.529000e-09	0.000000e+00	9.999947e-01	2.836484e-05	
1284	2.531000e-09	0.000000e+00	9.999942e-01	2.823211e-05	
1285	2.533000e-09	0.000000e+00	9.999947e-01	2.836456e-05	
1286	2.535000e-09	0.000000e+00	9.999942e-01	2.823239e-05	
1287	2.537000e-09	0.000000e+00	9.999947e-01	2.836428e-05	
1288	2.539000e-09	0.000000e+00	9.999942e-01	2.823267e-05	
1289	2.541000e-09	0.000000e+00	9.999947e-01	2.836400e-05	
1290	2.543000e-09	0.000000e+00	9.999942e-01	2.823295e-05	
1291	2.545000e-09	0.000000e+00	9.999947e-01	2.836372e-05	
1292	2.547000e-09	0.000000e+00	9.999942e-01	2.823323e-05	
1293	2.549000e-09	0.000000e+00	9.999947e-01	2.836344e-05	
1294	2.551000e-09	0.000000e+00	9.999942e-01	2.823351e-05	
1295	2.553000e-09	0.000000e+00	9.999947e-01	2.836316e-05	
1296	2.555000e-09	0.000000e+00	9.999942e-01	2.823379e-05	
1297	2.557000e-09	0.000000e+00	9.999947e-01	2.836288e-05	
1298	2.559000e-09	0.000000e+00	9.999942e-01	2.823407e-05	
1299	2.561000e-09	0.000000e+00	9.999947e-01	2.836260e-05	
1300	2.563000e-09	0.000000e+00	9.999942e-01	2.823435e-05	
1301	2.565000e-09	0.000000e+00	9.999947e-01	2.836233e-05	
1302	2.567000e-09	0.000000e+00	9.999942e-01	2.823462e-05	
1303	2.569000e-09	0.000000e+00	9.999947e-01	2.836205e-05	
1304	2.571000e-09	0.000000e+00	9.999942e-01	2.823490e-05	
1305	2.573000e-09	0.000000e+00	9.999947e-01	2.836177e-05	
1306	2.575000e-09	0.000000e+00	9.999942e-01	2.823517e-05	
1307	2.577000e-09	0.000000e+00	9.999947e-01	2.836150e-05	
1308	2.579000e-09	0.000000e+00	9.999942e-01	2.823545e-05	
1309	2.581000e-09	0.000000e+00	9.999947e-01	2.836122e-05	
1310	2.583000e-09	0.000000e+00	9.999942e-01	2.823572e-05	
1311	2.585000e-09	0.000000e+00	9.999947e-01	2.836095e-05	
1312	2.587000e-09	0.000000e+00	9.999942e-01	2.823600e-05	
1313	2.589000e-09	0.000000e+00	9.999947e-01	2.836068e-05	
1314	2.591000e-09	0.000000e+00	9.999942e-01	2.823627e-05	
1315	2.593000e-09	0.000000e+00	9.999947e-01	2.836040e-05	
1316	2.595000e-09	0.000000e+00	9.999942e-01	2.823654e-05	
1317	2.597000e-09	0.000000e+00	9.999947e-01	2.836013e-05	
1318	2.599000e-09	0.000000e+00	9.999942e-01	2.823682e-05	
1319	2.601000e-09	0.000000e+00	9.999947e-01	2.835986e-05	
1320	2.603000e-09	0.000000e+00	9.999942e-01	2.823709e-05	
1321	2.605000e-09	0.000000e+00	9.999947e-01	2.835959e-05	
1322	2.607000e-09	0.000000e+00	9.999942e-01	2.823736e-05	
1323	2.609000e-09	0.000000e+00	9.999947e-01	2.835932e-05	
1324	2.611000e-09	0.000000e+00	9.999942e-01	2.823763e-05	
1325	2.613000e-09	0.000000e+00	9.999947e-01	2.835905e-05	
1326	2.615000e-09	0.000000e+00	9.999942e-01	2.823790e-05	
1327	2.617000e-09	0.000000e+00	9.999947e-01	2.835878e-05	
1328	2.619000e-09	0.000000e+00	9.999942e-01	2.823817e-05	
1329	2.621000e-09	0.000000e+00	9.999947e-01	2.835851e-05	
1330	2.623000e-09	0.000000e+00	9.999942e-01	2.823844e-05	

Index   time            v(rbl)          v(dout_1)       v(dout_4)       
--------------------------------------------------------------------------------
1331	2.625000e-09	0.000000e+00	9.999947e-01	2.835824e-05	
1332	2.627000e-09	0.000000e+00	9.999942e-01	2.823871e-05	
1333	2.629000e-09	0.000000e+00	9.999947e-01	2.835797e-05	
1334	2.631000e-09	0.000000e+00	9.999942e-01	2.823897e-05	
1335	2.633000e-09	0.000000e+00	9.999947e-01	2.835770e-05	
1336	2.635000e-09	0.000000e+00	9.999942e-01	2.823924e-05	
1337	2.637000e-09	0.000000e+00	9.999947e-01	2.835744e-05	
1338	2.639000e-09	0.000000e+00	9.999942e-01	2.823951e-05	
1339	2.641000e-09	0.000000e+00	9.999947e-01	2.835717e-05	
1340	2.643000e-09	0.000000e+00	9.999942e-01	2.823977e-05	
1341	2.645000e-09	0.000000e+00	9.999947e-01	2.835690e-05	
1342	2.647000e-09	0.000000e+00	9.999942e-01	2.824004e-05	
1343	2.649000e-09	0.000000e+00	9.999947e-01	2.835664e-05	
1344	2.651000e-09	0.000000e+00	9.999942e-01	2.824031e-05	
1345	2.653000e-09	0.000000e+00	9.999947e-01	2.835637e-05	
1346	2.655000e-09	0.000000e+00	9.999942e-01	2.824057e-05	
1347	2.657000e-09	0.000000e+00	9.999947e-01	2.835611e-05	
1348	2.659000e-09	0.000000e+00	9.999942e-01	2.824083e-05	
1349	2.661000e-09	0.000000e+00	9.999947e-01	2.835584e-05	
1350	2.663000e-09	0.000000e+00	9.999942e-01	2.824110e-05	
1351	2.665000e-09	0.000000e+00	9.999947e-01	2.835558e-05	
1352	2.667000e-09	0.000000e+00	9.999942e-01	2.824136e-05	
1353	2.669000e-09	0.000000e+00	9.999947e-01	2.835532e-05	
1354	2.671000e-09	0.000000e+00	9.999942e-01	2.824162e-05	
1355	2.673000e-09	0.000000e+00	9.999947e-01	2.835506e-05	
1356	2.675000e-09	0.000000e+00	9.999942e-01	2.824189e-05	
1357	2.677000e-09	0.000000e+00	9.999947e-01	2.835479e-05	
1358	2.679000e-09	0.000000e+00	9.999942e-01	2.824215e-05	
1359	2.681000e-09	0.000000e+00	9.999947e-01	2.835453e-05	
1360	2.683000e-09	0.000000e+00	9.999942e-01	2.824241e-05	
1361	2.685000e-09	0.000000e+00	9.999947e-01	2.835427e-05	
1362	2.687000e-09	0.000000e+00	9.999942e-01	2.824267e-05	
1363	2.689000e-09	0.000000e+00	9.999947e-01	2.835401e-05	
1364	2.691000e-09	0.000000e+00	9.999942e-01	2.824293e-05	
1365	2.693000e-09	0.000000e+00	9.999947e-01	2.835375e-05	
1366	2.695000e-09	0.000000e+00	9.999942e-01	2.824319e-05	
1367	2.697000e-09	0.000000e+00	9.999947e-01	2.835349e-05	
1368	2.699000e-09	0.000000e+00	9.999942e-01	2.824345e-05	
1369	2.701000e-09	0.000000e+00	9.999947e-01	2.835324e-05	
1370	2.703000e-09	0.000000e+00	9.999942e-01	2.824370e-05	
1371	2.705000e-09	0.000000e+00	9.999947e-01	2.835298e-05	
1372	2.707000e-09	0.000000e+00	9.999942e-01	2.824396e-05	
1373	2.709000e-09	0.000000e+00	9.999947e-01	2.835272e-05	
1374	2.711000e-09	0.000000e+00	9.999942e-01	2.824422e-05	
1375	2.713000e-09	0.000000e+00	9.999947e-01	2.835246e-05	
1376	2.715000e-09	0.000000e+00	9.999942e-01	2.824448e-05	
1377	2.717000e-09	0.000000e+00	9.999947e-01	2.835221e-05	
1378	2.719000e-09	0.000000e+00	9.999942e-01	2.824473e-05	
1379	2.721000e-09	0.000000e+00	9.999947e-01	2.835195e-05	
1380	2.723000e-09	0.000000e+00	9.999942e-01	2.824499e-05	
1381	2.725000e-09	0.000000e+00	9.999947e-01	2.835170e-05	
1382	2.727000e-09	0.000000e+00	9.999942e-01	2.824524e-05	
1383	2.729000e-09	0.000000e+00	9.999947e-01	2.835144e-05	
1384	2.731000e-09	0.000000e+00	9.999942e-01	2.824550e-05	
1385	2.733000e-09	0.000000e+00	9.999947e-01	2.835119e-05	
1386	2.735000e-09	0.000000e+00	9.999942e-01	2.824575e-05	
1387	2.737000e-09	0.000000e+00	9.999947e-01	2.835093e-05	
1388	2.739000e-09	0.000000e+00	9.999942e-01	2.824600e-05	

Index   time            v(rbl)          v(dout_1)       v(dout_4)       
--------------------------------------------------------------------------------
1389	2.741000e-09	0.000000e+00	9.999947e-01	2.835068e-05	
1390	2.743000e-09	0.000000e+00	9.999942e-01	2.824626e-05	
1391	2.745000e-09	0.000000e+00	9.999947e-01	2.835043e-05	
1392	2.747000e-09	0.000000e+00	9.999942e-01	2.824651e-05	
1393	2.749000e-09	0.000000e+00	9.999947e-01	2.835018e-05	
1394	2.751000e-09	0.000000e+00	9.999942e-01	2.824676e-05	
1395	2.753000e-09	0.000000e+00	9.999947e-01	2.834992e-05	
1396	2.755000e-09	0.000000e+00	9.999942e-01	2.824701e-05	
1397	2.757000e-09	0.000000e+00	9.999947e-01	2.834967e-05	
1398	2.759000e-09	0.000000e+00	9.999942e-01	2.824726e-05	
1399	2.761000e-09	0.000000e+00	9.999947e-01	2.834942e-05	
1400	2.763000e-09	0.000000e+00	9.999942e-01	2.824751e-05	
1401	2.765000e-09	0.000000e+00	9.999947e-01	2.834917e-05	
1402	2.767000e-09	0.000000e+00	9.999942e-01	2.824776e-05	
1403	2.769000e-09	0.000000e+00	9.999947e-01	2.834892e-05	
1404	2.771000e-09	0.000000e+00	9.999942e-01	2.824801e-05	
1405	2.773000e-09	0.000000e+00	9.999947e-01	2.834867e-05	
1406	2.775000e-09	0.000000e+00	9.999942e-01	2.824826e-05	
1407	2.777000e-09	0.000000e+00	9.999947e-01	2.834842e-05	
1408	2.779000e-09	0.000000e+00	9.999942e-01	2.824851e-05	
1409	2.781000e-09	0.000000e+00	9.999947e-01	2.834818e-05	
1410	2.783000e-09	0.000000e+00	9.999942e-01	2.824876e-05	
1411	2.785000e-09	0.000000e+00	9.999947e-01	2.834793e-05	
1412	2.787000e-09	0.000000e+00	9.999942e-01	2.824901e-05	
1413	2.789000e-09	0.000000e+00	9.999947e-01	2.834768e-05	
1414	2.791000e-09	0.000000e+00	9.999942e-01	2.824925e-05	
1415	2.793000e-09	0.000000e+00	9.999947e-01	2.834744e-05	
1416	2.795000e-09	0.000000e+00	9.999942e-01	2.824950e-05	
1417	2.797000e-09	0.000000e+00	9.999947e-01	2.834719e-05	
1418	2.799000e-09	0.000000e+00	9.999942e-01	2.824974e-05	
1419	2.801000e-09	0.000000e+00	9.999947e-01	2.834694e-05	
1420	2.803000e-09	0.000000e+00	9.999942e-01	2.824999e-05	
1421	2.805000e-09	0.000000e+00	9.999947e-01	2.834670e-05	
1422	2.807000e-09	0.000000e+00	9.999942e-01	2.825023e-05	
1423	2.809000e-09	0.000000e+00	9.999947e-01	2.834645e-05	
1424	2.811000e-09	0.000000e+00	9.999942e-01	2.825048e-05	
1425	2.813000e-09	0.000000e+00	9.999947e-01	2.834621e-05	
1426	2.815000e-09	0.000000e+00	9.999942e-01	2.825072e-05	
1427	2.817000e-09	0.000000e+00	9.999947e-01	2.834597e-05	
1428	2.819000e-09	0.000000e+00	9.999942e-01	2.825097e-05	
1429	2.821000e-09	0.000000e+00	9.999947e-01	2.834572e-05	
1430	2.823000e-09	0.000000e+00	9.999942e-01	2.825121e-05	
1431	2.825000e-09	0.000000e+00	9.999947e-01	2.834548e-05	
1432	2.827000e-09	0.000000e+00	9.999942e-01	2.825145e-05	
1433	2.829000e-09	0.000000e+00	9.999947e-01	2.834524e-05	
1434	2.831000e-09	0.000000e+00	9.999942e-01	2.825169e-05	
1435	2.833000e-09	0.000000e+00	9.999947e-01	2.834500e-05	
1436	2.835000e-09	0.000000e+00	9.999942e-01	2.825193e-05	
1437	2.837000e-09	0.000000e+00	9.999947e-01	2.834476e-05	
1438	2.839000e-09	0.000000e+00	9.999942e-01	2.825217e-05	
1439	2.841000e-09	0.000000e+00	9.999947e-01	2.834452e-05	
1440	2.843000e-09	0.000000e+00	9.999942e-01	2.825241e-05	
1441	2.845000e-09	0.000000e+00	9.999947e-01	2.834428e-05	
1442	2.847000e-09	0.000000e+00	9.999942e-01	2.825265e-05	
1443	2.849000e-09	0.000000e+00	9.999947e-01	2.834404e-05	
1444	2.851000e-09	0.000000e+00	9.999942e-01	2.825289e-05	
1445	2.853000e-09	0.000000e+00	9.999947e-01	2.834380e-05	
1446	2.855000e-09	0.000000e+00	9.999942e-01	2.825313e-05	

Index   time            v(rbl)          v(dout_1)       v(dout_4)       
--------------------------------------------------------------------------------
1447	2.857000e-09	0.000000e+00	9.999947e-01	2.834356e-05	
1448	2.859000e-09	0.000000e+00	9.999942e-01	2.825337e-05	
1449	2.861000e-09	0.000000e+00	9.999947e-01	2.834332e-05	
1450	2.863000e-09	0.000000e+00	9.999942e-01	2.825361e-05	
1451	2.865000e-09	0.000000e+00	9.999947e-01	2.834309e-05	
1452	2.867000e-09	0.000000e+00	9.999942e-01	2.825384e-05	
1453	2.869000e-09	0.000000e+00	9.999947e-01	2.834285e-05	
1454	2.871000e-09	0.000000e+00	9.999942e-01	2.825408e-05	
1455	2.873000e-09	0.000000e+00	9.999947e-01	2.834261e-05	
1456	2.875000e-09	0.000000e+00	9.999942e-01	2.825432e-05	
1457	2.877000e-09	0.000000e+00	9.999947e-01	2.834238e-05	
1458	2.879000e-09	0.000000e+00	9.999942e-01	2.825455e-05	
1459	2.881000e-09	0.000000e+00	9.999947e-01	2.834214e-05	
1460	2.883000e-09	0.000000e+00	9.999942e-01	2.825479e-05	
1461	2.885000e-09	0.000000e+00	9.999947e-01	2.834191e-05	
1462	2.887000e-09	0.000000e+00	9.999942e-01	2.825502e-05	
1463	2.889000e-09	0.000000e+00	9.999947e-01	2.834167e-05	
1464	2.891000e-09	0.000000e+00	9.999942e-01	2.825526e-05	
1465	2.893000e-09	0.000000e+00	9.999947e-01	2.834144e-05	
1466	2.895000e-09	0.000000e+00	9.999942e-01	2.825549e-05	
1467	2.897000e-09	0.000000e+00	9.999947e-01	2.834120e-05	
1468	2.899000e-09	0.000000e+00	9.999942e-01	2.825572e-05	
1469	2.901000e-09	0.000000e+00	9.999947e-01	2.834097e-05	
1470	2.903000e-09	0.000000e+00	9.999942e-01	2.825596e-05	
1471	2.905000e-09	0.000000e+00	9.999947e-01	2.834074e-05	
1472	2.907000e-09	0.000000e+00	9.999942e-01	2.825619e-05	
1473	2.909000e-09	0.000000e+00	9.999947e-01	2.834051e-05	
1474	2.911000e-09	0.000000e+00	9.999942e-01	2.825642e-05	
1475	2.913000e-09	0.000000e+00	9.999947e-01	2.834028e-05	
1476	2.915000e-09	0.000000e+00	9.999942e-01	2.825665e-05	
1477	2.917000e-09	0.000000e+00	9.999947e-01	2.834004e-05	
1478	2.919000e-09	0.000000e+00	9.999942e-01	2.825688e-05	
1479	2.921000e-09	0.000000e+00	9.999947e-01	2.833981e-05	
1480	2.923000e-09	0.000000e+00	9.999942e-01	2.825711e-05	
1481	2.925000e-09	0.000000e+00	9.999947e-01	2.833958e-05	
1482	2.927000e-09	0.000000e+00	9.999942e-01	2.825734e-05	
1483	2.929000e-09	0.000000e+00	9.999947e-01	2.833935e-05	
1484	2.931000e-09	0.000000e+00	9.999942e-01	2.825757e-05	
1485	2.933000e-09	0.000000e+00	9.999947e-01	2.833913e-05	
1486	2.935000e-09	0.000000e+00	9.999942e-01	2.825780e-05	
1487	2.937000e-09	0.000000e+00	9.999947e-01	2.833890e-05	
1488	2.939000e-09	0.000000e+00	9.999942e-01	2.825803e-05	
1489	2.941000e-09	0.000000e+00	9.999947e-01	2.833867e-05	
1490	2.943000e-09	0.000000e+00	9.999942e-01	2.825826e-05	
1491	2.945000e-09	0.000000e+00	9.999947e-01	2.833844e-05	
1492	2.947000e-09	0.000000e+00	9.999942e-01	2.825848e-05	
1493	2.949000e-09	0.000000e+00	9.999947e-01	2.833821e-05	
1494	2.951000e-09	0.000000e+00	9.999942e-01	2.825871e-05	
1495	2.953000e-09	0.000000e+00	9.999947e-01	2.833799e-05	
1496	2.955000e-09	0.000000e+00	9.999942e-01	2.825894e-05	
1497	2.957000e-09	0.000000e+00	9.999947e-01	2.833776e-05	
1498	2.959000e-09	0.000000e+00	9.999942e-01	2.825916e-05	
1499	2.961000e-09	0.000000e+00	9.999947e-01	2.833754e-05	
1500	2.963000e-09	0.000000e+00	9.999942e-01	2.825939e-05	
1501	2.965000e-09	0.000000e+00	9.999947e-01	2.833731e-05	
1502	2.967000e-09	0.000000e+00	9.999942e-01	2.825961e-05	
1503	2.969000e-09	0.000000e+00	9.999947e-01	2.833709e-05	
1504	2.971000e-09	0.000000e+00	9.999942e-01	2.825984e-05	

Index   time            v(rbl)          v(dout_1)       v(dout_4)       
--------------------------------------------------------------------------------
1505	2.973000e-09	0.000000e+00	9.999947e-01	2.833686e-05	
1506	2.975000e-09	0.000000e+00	9.999942e-01	2.826006e-05	
1507	2.977000e-09	0.000000e+00	9.999947e-01	2.833664e-05	
1508	2.979000e-09	0.000000e+00	9.999942e-01	2.826029e-05	
1509	2.981000e-09	0.000000e+00	9.999947e-01	2.833641e-05	
1510	2.983000e-09	0.000000e+00	9.999942e-01	2.826051e-05	
1511	2.985000e-09	0.000000e+00	9.999947e-01	2.833619e-05	
1512	2.987000e-09	0.000000e+00	9.999942e-01	2.826073e-05	
1513	2.989000e-09	0.000000e+00	9.999947e-01	2.833597e-05	
1514	2.991000e-09	0.000000e+00	9.999942e-01	2.826095e-05	
1515	2.993000e-09	0.000000e+00	9.999947e-01	2.833575e-05	
1516	2.995000e-09	0.000000e+00	9.999942e-01	2.826117e-05	
1517	2.997000e-09	0.000000e+00	9.999947e-01	2.833553e-05	
1518	2.999000e-09	0.000000e+00	9.999942e-01	2.826140e-05	
1519	3.001000e-09	0.000000e+00	9.999947e-01	2.833531e-05	
1520	3.003000e-09	0.000000e+00	9.999942e-01	2.826162e-05	
1521	3.005000e-09	0.000000e+00	9.999947e-01	2.833509e-05	
1522	3.007000e-09	0.000000e+00	9.999942e-01	2.826184e-05	
1523	3.009000e-09	0.000000e+00	9.999947e-01	2.833487e-05	
1524	3.011000e-09	0.000000e+00	9.999942e-01	2.826206e-05	
1525	3.013000e-09	0.000000e+00	9.999947e-01	2.833465e-05	
1526	3.015000e-09	0.000000e+00	9.999942e-01	2.826228e-05	
1527	3.017000e-09	0.000000e+00	9.999947e-01	2.833443e-05	
1528	3.019000e-09	0.000000e+00	9.999942e-01	2.826249e-05	
1529	3.021000e-09	0.000000e+00	9.999947e-01	2.833421e-05	
1530	3.023000e-09	0.000000e+00	9.999942e-01	2.826271e-05	
1531	3.025000e-09	0.000000e+00	9.999947e-01	2.833399e-05	
1532	3.027000e-09	0.000000e+00	9.999942e-01	2.826293e-05	
1533	3.029000e-09	0.000000e+00	9.999947e-01	2.833377e-05	
1534	3.031000e-09	0.000000e+00	9.999942e-01	2.826315e-05	
1535	3.033000e-09	0.000000e+00	9.999947e-01	2.833356e-05	
1536	3.035000e-09	0.000000e+00	9.999942e-01	2.826337e-05	
1537	3.037000e-09	0.000000e+00	9.999947e-01	2.833334e-05	
1538	3.039000e-09	0.000000e+00	9.999942e-01	2.826358e-05	
1539	3.041000e-09	0.000000e+00	9.999947e-01	2.833312e-05	
1540	3.043000e-09	0.000000e+00	9.999942e-01	2.826380e-05	
1541	3.045000e-09	0.000000e+00	9.999947e-01	2.833291e-05	
1542	3.047000e-09	0.000000e+00	9.999942e-01	2.826401e-05	
1543	3.049000e-09	0.000000e+00	9.999947e-01	2.833269e-05	
1544	3.050000e-09	0.000000e+00	9.999942e-01	2.826434e-05	
1545	3.050200e-09	2.000000e-02	1.002385e+00	2.913072e-05	
1546	3.050600e-09	6.000000e-02	1.006782e+00	3.032510e-05	
1547	3.051400e-09	1.400000e-01	1.013821e+00	3.095280e-05	
1548	3.053000e-09	3.000000e-01	1.023884e+00	3.038490e-05	
1549	3.055000e-09	5.000000e-01	1.027978e+00	2.833294e-05	
1550	3.057000e-09	7.000000e-01	1.012538e+00	2.447367e-05	
1551	3.059000e-09	9.000000e-01	9.706453e-01	1.986652e-05	
1552	3.060000e-09	1.000000e+00	9.399518e-01	1.796300e-05	
1553	3.060200e-09	1.000000e+00	9.315614e-01	1.718862e-05	
1554	3.060600e-09	1.000000e+00	9.149679e-01	1.605472e-05	
1555	3.061400e-09	1.000000e+00	8.825417e-01	1.540264e-05	
1556	3.063000e-09	1.000000e+00	8.194153e-01	1.693956e-05	
1557	3.065000e-09	1.000000e+00	7.433809e-01	2.205560e-05	
1558	3.067000e-09	1.000000e+00	6.739681e-01	3.277909e-05	
1559	3.069000e-09	1.000000e+00	6.140362e-01	5.297734e-05	
1560	3.071000e-09	1.000000e+00	5.620578e-01	7.907821e-05	
1561	3.073000e-09	1.000000e+00	5.189594e-01	1.070829e-04	
1562	3.075000e-09	1.000000e+00	4.860869e-01	1.315923e-04	

Index   time            v(rbl)          v(dout_1)       v(dout_4)       
--------------------------------------------------------------------------------
1563	3.077000e-09	1.000000e+00	4.615287e-01	1.493050e-04	
1564	3.079000e-09	1.000000e+00	4.416092e-01	1.606598e-04	
1565	3.081000e-09	1.000000e+00	4.225204e-01	1.677933e-04	
1566	3.083000e-09	1.000000e+00	3.979948e-01	1.742658e-04	
1567	3.085000e-09	1.000000e+00	3.618657e-01	1.855090e-04	
1568	3.087000e-09	1.000000e+00	3.190435e-01	2.012273e-04	
1569	3.089000e-09	1.000000e+00	2.772748e-01	2.005703e-04	
1570	3.091000e-09	1.000000e+00	2.386415e-01	1.393590e-04	
1571	3.093000e-09	1.000000e+00	2.038428e-01	-3.67643e-05	
1572	3.095000e-09	1.000000e+00	1.731996e-01	-3.71825e-04	
1573	3.097000e-09	1.000000e+00	1.464484e-01	-9.42620e-04	
1574	3.099000e-09	1.000000e+00	1.231654e-01	-1.77889e-03	
1575	3.101000e-09	1.000000e+00	1.030340e-01	-2.78079e-03	
1576	3.103000e-09	1.000000e+00	8.596947e-02	-3.84409e-03	
1577	3.105000e-09	1.000000e+00	7.183051e-02	-4.89936e-03	
1578	3.107000e-09	1.000000e+00	6.080528e-02	-5.86212e-03	
1579	3.109000e-09	1.000000e+00	5.203247e-02	-6.51848e-03	
1580	3.111000e-09	1.000000e+00	4.426979e-02	-5.96049e-03	
1581	3.113000e-09	1.000000e+00	3.724342e-02	-2.48558e-03	
1582	3.115000e-09	1.000000e+00	3.096581e-02	5.475852e-03	
1583	3.117000e-09	1.000000e+00	2.548905e-02	1.896844e-02	
1584	3.119000e-09	1.000000e+00	2.082501e-02	3.817394e-02	
1585	3.121000e-09	1.000000e+00	1.692116e-02	6.239378e-02	
1586	3.123000e-09	1.000000e+00	1.369040e-02	9.077749e-02	
1587	3.125000e-09	1.000000e+00	1.103495e-02	1.227362e-01	
1588	3.127000e-09	1.000000e+00	8.862567e-03	1.581081e-01	
1589	3.129000e-09	1.000000e+00	7.076851e-03	1.975825e-01	
1590	3.131000e-09	1.000000e+00	5.624456e-03	2.429959e-01	
1591	3.133000e-09	1.000000e+00	4.474579e-03	2.953995e-01	
1592	3.135000e-09	1.000000e+00	3.571446e-03	3.535166e-01	
1593	3.137000e-09	1.000000e+00	2.859982e-03	4.147802e-01	
1594	3.139000e-09	1.000000e+00	2.299299e-03	4.789063e-01	
1595	3.141000e-09	1.000000e+00	1.854845e-03	5.439758e-01	
1596	3.143000e-09	1.000000e+00	1.501439e-03	6.046710e-01	
1597	3.145000e-09	1.000000e+00	1.218482e-03	6.565425e-01	
1598	3.147000e-09	1.000000e+00	9.929460e-04	7.020884e-01	
1599	3.149000e-09	1.000000e+00	8.123387e-04	7.445493e-01	
1600	3.151000e-09	1.000000e+00	6.696561e-04	7.947671e-01	
1601	3.153000e-09	1.000000e+00	5.553223e-04	8.552275e-01	
1602	3.155000e-09	1.000000e+00	4.608213e-04	9.068327e-01	
1603	3.157000e-09	1.000000e+00	3.812965e-04	9.413931e-01	
1604	3.159000e-09	1.000000e+00	3.164109e-04	9.632120e-01	
1605	3.161000e-09	1.000000e+00	2.633896e-04	9.766098e-01	
1606	3.163000e-09	1.000000e+00	2.212519e-04	9.848212e-01	
1607	3.165000e-09	1.000000e+00	1.870072e-04	9.899664e-01	
1608	3.167000e-09	1.000000e+00	1.598200e-04	9.932265e-01	
1609	3.169000e-09	1.000000e+00	1.372766e-04	9.952652e-01	
1610	3.171000e-09	1.000000e+00	1.192403e-04	9.964657e-01	
1611	3.173000e-09	1.000000e+00	1.038849e-04	9.969531e-01	
1612	3.175000e-09	1.000000e+00	9.156382e-05	9.968115e-01	
1613	3.177000e-09	1.000000e+00	8.094932e-05	9.965341e-01	
1614	3.179000e-09	1.000000e+00	7.260000e-05	9.964659e-01	
1615	3.181000e-09	1.000000e+00	6.515642e-05	9.965635e-01	
1616	3.183000e-09	1.000000e+00	5.933062e-05	9.967714e-01	
1617	3.185000e-09	1.000000e+00	5.397377e-05	9.970449e-01	
1618	3.187000e-09	1.000000e+00	4.989548e-05	9.973361e-01	
1619	3.189000e-09	1.000000e+00	4.602257e-05	9.976191e-01	
1620	3.191000e-09	1.000000e+00	4.321259e-05	9.978844e-01	

Index   time            v(rbl)          v(dout_1)       v(dout_4)       
--------------------------------------------------------------------------------
1621	3.193000e-09	1.000000e+00	4.042800e-05	9.981417e-01	
1622	3.195000e-09	1.000000e+00	3.854321e-05	9.983928e-01	
1623	3.197000e-09	1.000000e+00	3.654398e-05	9.986553e-01	
1624	3.199000e-09	1.000000e+00	3.530811e-05	9.988868e-01	
1625	3.201000e-09	1.000000e+00	3.384047e-05	9.990522e-01	
1626	3.203000e-09	1.000000e+00	3.306225e-05	9.991723e-01	
1627	3.205000e-09	1.000000e+00	3.199428e-05	9.992707e-01	
1628	3.207000e-09	1.000000e+00	3.154859e-05	9.993585e-01	
1629	3.209000e-09	1.000000e+00	3.075446e-05	9.994425e-01	
1630	3.211000e-09	1.000000e+00	3.052971e-05	9.995208e-01	
1631	3.213000e-09	1.000000e+00	2.991635e-05	9.995937e-01	
1632	3.215000e-09	1.000000e+00	2.983840e-05	9.996579e-01	
1633	3.217000e-09	1.000000e+00	2.934735e-05	9.997148e-01	
1634	3.219000e-09	1.000000e+00	2.936931e-05	9.997622e-01	
1635	3.221000e-09	1.000000e+00	2.896261e-05	9.998035e-01	
1636	3.223000e-09	1.000000e+00	2.905362e-05	9.998388e-01	
1637	3.225000e-09	1.000000e+00	2.870467e-05	9.998696e-01	
1638	3.227000e-09	1.000000e+00	2.884148e-05	9.998942e-01	
1639	3.229000e-09	1.000000e+00	2.853153e-05	9.999150e-01	
1640	3.231000e-09	1.000000e+00	2.869928e-05	9.999308e-01	
1641	3.233000e-09	1.000000e+00	2.841601e-05	9.999442e-01	
1642	3.235000e-09	1.000000e+00	2.860441e-05	9.999539e-01	
1643	3.237000e-09	1.000000e+00	2.833926e-05	9.999625e-01	
1644	3.239000e-09	1.000000e+00	2.854120e-05	9.999685e-01	
1645	3.241000e-09	1.000000e+00	2.828827e-05	9.999742e-01	
1646	3.243000e-09	1.000000e+00	2.849890e-05	9.999778e-01	
1647	3.245000e-09	1.000000e+00	2.825421e-05	9.999814e-01	
1648	3.247000e-09	1.000000e+00	2.847038e-05	9.999834e-01	
1649	3.249000e-09	1.000000e+00	2.823149e-05	9.999858e-01	
1650	3.251000e-09	1.000000e+00	2.845115e-05	9.999870e-01	
1651	3.253000e-09	1.000000e+00	2.821631e-05	9.999888e-01	
1652	3.255000e-09	1.000000e+00	2.843804e-05	9.999894e-01	
1653	3.257000e-09	1.000000e+00	2.820611e-05	9.999908e-01	
1654	3.259000e-09	1.000000e+00	2.842901e-05	9.999911e-01	
1655	3.261000e-09	1.000000e+00	2.819926e-05	9.999921e-01	
1656	3.263000e-09	1.000000e+00	2.842275e-05	9.999921e-01	
1657	3.265000e-09	1.000000e+00	2.819472e-05	9.999930e-01	
1658	3.267000e-09	1.000000e+00	2.841840e-05	9.999928e-01	
1659	3.269000e-09	1.000000e+00	2.819174e-05	9.999935e-01	
1660	3.271000e-09	1.000000e+00	2.841533e-05	9.999932e-01	
1661	3.273000e-09	1.000000e+00	2.818982e-05	9.999939e-01	
1662	3.275000e-09	1.000000e+00	2.841314e-05	9.999935e-01	
1663	3.277000e-09	1.000000e+00	2.818862e-05	9.999941e-01	
1664	3.279000e-09	1.000000e+00	2.841154e-05	9.999937e-01	
1665	3.281000e-09	1.000000e+00	2.818791e-05	9.999943e-01	
1666	3.283000e-09	1.000000e+00	2.841034e-05	9.999939e-01	
1667	3.285000e-09	1.000000e+00	2.818753e-05	9.999944e-01	
1668	3.287000e-09	1.000000e+00	2.840943e-05	9.999940e-01	
1669	3.289000e-09	1.000000e+00	2.818738e-05	9.999945e-01	
1670	3.291000e-09	1.000000e+00	2.840869e-05	9.999940e-01	
1671	3.293000e-09	1.000000e+00	2.818738e-05	9.999945e-01	
1672	3.295000e-09	1.000000e+00	2.840809e-05	9.999941e-01	
1673	3.297000e-09	1.000000e+00	2.818749e-05	9.999946e-01	
1674	3.299000e-09	1.000000e+00	2.840758e-05	9.999941e-01	
1675	3.301000e-09	1.000000e+00	2.818767e-05	9.999946e-01	
1676	3.303000e-09	1.000000e+00	2.840712e-05	9.999941e-01	
1677	3.305000e-09	1.000000e+00	2.818790e-05	9.999946e-01	
1678	3.307000e-09	1.000000e+00	2.840671e-05	9.999942e-01	

Index   time            v(rbl)          v(dout_1)       v(dout_4)       
--------------------------------------------------------------------------------
1679	3.309000e-09	1.000000e+00	2.818816e-05	9.999946e-01	
1680	3.311000e-09	1.000000e+00	2.840632e-05	9.999942e-01	
1681	3.313000e-09	1.000000e+00	2.818844e-05	9.999946e-01	
1682	3.315000e-09	1.000000e+00	2.840595e-05	9.999942e-01	
1683	3.317000e-09	1.000000e+00	2.818874e-05	9.999946e-01	
1684	3.319000e-09	1.000000e+00	2.840560e-05	9.999942e-01	
1685	3.321000e-09	1.000000e+00	2.818905e-05	9.999946e-01	
1686	3.323000e-09	1.000000e+00	2.840525e-05	9.999942e-01	
1687	3.325000e-09	1.000000e+00	2.818936e-05	9.999946e-01	
1688	3.327000e-09	1.000000e+00	2.840491e-05	9.999942e-01	
1689	3.329000e-09	1.000000e+00	2.818968e-05	9.999946e-01	
1690	3.331000e-09	1.000000e+00	2.840458e-05	9.999942e-01	
1691	3.333000e-09	1.000000e+00	2.819000e-05	9.999946e-01	
1692	3.335000e-09	1.000000e+00	2.840424e-05	9.999942e-01	
1693	3.337000e-09	1.000000e+00	2.819032e-05	9.999946e-01	
1694	3.339000e-09	1.000000e+00	2.840391e-05	9.999942e-01	
1695	3.341000e-09	1.000000e+00	2.819064e-05	9.999946e-01	
1696	3.343000e-09	1.000000e+00	2.840358e-05	9.999942e-01	
1697	3.345000e-09	1.000000e+00	2.819097e-05	9.999946e-01	
1698	3.347000e-09	1.000000e+00	2.840326e-05	9.999942e-01	
1699	3.349000e-09	1.000000e+00	2.819129e-05	9.999946e-01	
1700	3.351000e-09	1.000000e+00	2.840293e-05	9.999942e-01	
1701	3.353000e-09	1.000000e+00	2.819162e-05	9.999946e-01	
1702	3.355000e-09	1.000000e+00	2.840260e-05	9.999942e-01	
1703	3.357000e-09	1.000000e+00	2.819194e-05	9.999946e-01	
1704	3.359000e-09	1.000000e+00	2.840228e-05	9.999942e-01	
1705	3.361000e-09	1.000000e+00	2.819227e-05	9.999946e-01	
1706	3.363000e-09	1.000000e+00	2.840195e-05	9.999942e-01	
1707	3.365000e-09	1.000000e+00	2.819259e-05	9.999946e-01	
1708	3.367000e-09	1.000000e+00	2.840163e-05	9.999942e-01	
1709	3.369000e-09	1.000000e+00	2.819291e-05	9.999946e-01	
1710	3.371000e-09	1.000000e+00	2.840131e-05	9.999942e-01	
1711	3.373000e-09	1.000000e+00	2.819324e-05	9.999946e-01	
1712	3.375000e-09	1.000000e+00	2.840098e-05	9.999942e-01	
1713	3.377000e-09	1.000000e+00	2.819356e-05	9.999946e-01	
1714	3.379000e-09	1.000000e+00	2.840066e-05	9.999942e-01	
1715	3.381000e-09	1.000000e+00	2.819388e-05	9.999946e-01	
1716	3.383000e-09	1.000000e+00	2.840034e-05	9.999942e-01	
1717	3.385000e-09	1.000000e+00	2.819420e-05	9.999946e-01	
1718	3.387000e-09	1.000000e+00	2.840002e-05	9.999942e-01	
1719	3.389000e-09	1.000000e+00	2.819453e-05	9.999946e-01	
1720	3.391000e-09	1.000000e+00	2.839970e-05	9.999942e-01	
1721	3.393000e-09	1.000000e+00	2.819485e-05	9.999946e-01	
1722	3.395000e-09	1.000000e+00	2.839938e-05	9.999942e-01	
1723	3.397000e-09	1.000000e+00	2.819517e-05	9.999946e-01	
1724	3.399000e-09	1.000000e+00	2.839905e-05	9.999942e-01	
1725	3.401000e-09	1.000000e+00	2.819549e-05	9.999946e-01	
1726	3.403000e-09	1.000000e+00	2.839873e-05	9.999942e-01	
1727	3.405000e-09	1.000000e+00	2.819581e-05	9.999946e-01	
1728	3.407000e-09	1.000000e+00	2.839842e-05	9.999942e-01	
1729	3.409000e-09	1.000000e+00	2.819613e-05	9.999946e-01	
1730	3.411000e-09	1.000000e+00	2.839810e-05	9.999942e-01	
1731	3.413000e-09	1.000000e+00	2.819644e-05	9.999946e-01	
1732	3.415000e-09	1.000000e+00	2.839778e-05	9.999942e-01	
1733	3.417000e-09	1.000000e+00	2.819676e-05	9.999946e-01	
1734	3.419000e-09	1.000000e+00	2.839746e-05	9.999942e-01	
1735	3.421000e-09	1.000000e+00	2.819708e-05	9.999946e-01	
1736	3.423000e-09	1.000000e+00	2.839714e-05	9.999942e-01	

Index   time            v(rbl)          v(dout_1)       v(dout_4)       
--------------------------------------------------------------------------------
1737	3.425000e-09	1.000000e+00	2.819740e-05	9.999946e-01	
1738	3.427000e-09	1.000000e+00	2.839683e-05	9.999942e-01	
1739	3.429000e-09	1.000000e+00	2.819772e-05	9.999946e-01	
1740	3.431000e-09	1.000000e+00	2.839651e-05	9.999942e-01	
1741	3.433000e-09	1.000000e+00	2.819803e-05	9.999946e-01	
1742	3.435000e-09	1.000000e+00	2.839619e-05	9.999942e-01	
1743	3.437000e-09	1.000000e+00	2.819835e-05	9.999946e-01	
1744	3.439000e-09	1.000000e+00	2.839588e-05	9.999942e-01	
1745	3.441000e-09	1.000000e+00	2.819866e-05	9.999946e-01	
1746	3.443000e-09	1.000000e+00	2.839556e-05	9.999942e-01	
1747	3.445000e-09	1.000000e+00	2.819898e-05	9.999946e-01	
1748	3.447000e-09	1.000000e+00	2.839525e-05	9.999942e-01	
1749	3.449000e-09	1.000000e+00	2.819929e-05	9.999946e-01	
1750	3.451000e-09	1.000000e+00	2.839493e-05	9.999942e-01	
1751	3.453000e-09	1.000000e+00	2.819961e-05	9.999946e-01	
1752	3.455000e-09	1.000000e+00	2.839462e-05	9.999942e-01	
1753	3.457000e-09	1.000000e+00	2.819992e-05	9.999946e-01	
1754	3.459000e-09	1.000000e+00	2.839431e-05	9.999942e-01	
1755	3.461000e-09	1.000000e+00	2.820023e-05	9.999946e-01	
1756	3.463000e-09	1.000000e+00	2.839399e-05	9.999942e-01	
1757	3.465000e-09	1.000000e+00	2.820055e-05	9.999946e-01	
1758	3.467000e-09	1.000000e+00	2.839368e-05	9.999942e-01	
1759	3.469000e-09	1.000000e+00	2.820086e-05	9.999946e-01	
1760	3.471000e-09	1.000000e+00	2.839337e-05	9.999942e-01	
1761	3.473000e-09	1.000000e+00	2.820117e-05	9.999946e-01	
1762	3.475000e-09	1.000000e+00	2.839306e-05	9.999942e-01	
1763	3.477000e-09	1.000000e+00	2.820148e-05	9.999946e-01	
1764	3.479000e-09	1.000000e+00	2.839275e-05	9.999942e-01	
1765	3.481000e-09	1.000000e+00	2.820179e-05	9.999946e-01	
1766	3.483000e-09	1.000000e+00	2.839244e-05	9.999942e-01	
1767	3.485000e-09	1.000000e+00	2.820210e-05	9.999946e-01	
1768	3.487000e-09	1.000000e+00	2.839213e-05	9.999942e-01	
1769	3.489000e-09	1.000000e+00	2.820241e-05	9.999946e-01	
1770	3.491000e-09	1.000000e+00	2.839182e-05	9.999942e-01	
1771	3.493000e-09	1.000000e+00	2.820272e-05	9.999946e-01	
1772	3.495000e-09	1.000000e+00	2.839151e-05	9.999942e-01	
1773	3.497000e-09	1.000000e+00	2.820303e-05	9.999946e-01	
1774	3.499000e-09	1.000000e+00	2.839120e-05	9.999942e-01	
1775	3.501000e-09	1.000000e+00	2.820334e-05	9.999946e-01	
1776	3.503000e-09	1.000000e+00	2.839089e-05	9.999942e-01	
1777	3.505000e-09	1.000000e+00	2.820365e-05	9.999946e-01	
1778	3.507000e-09	1.000000e+00	2.839058e-05	9.999942e-01	
1779	3.509000e-09	1.000000e+00	2.820395e-05	9.999946e-01	
1780	3.511000e-09	1.000000e+00	2.839028e-05	9.999942e-01	
1781	3.513000e-09	1.000000e+00	2.820426e-05	9.999946e-01	
1782	3.515000e-09	1.000000e+00	2.838997e-05	9.999942e-01	
1783	3.517000e-09	1.000000e+00	2.820457e-05	9.999946e-01	
1784	3.519000e-09	1.000000e+00	2.838966e-05	9.999942e-01	
1785	3.521000e-09	1.000000e+00	2.820487e-05	9.999946e-01	
1786	3.523000e-09	1.000000e+00	2.838936e-05	9.999942e-01	
1787	3.525000e-09	1.000000e+00	2.820518e-05	9.999946e-01	
1788	3.527000e-09	1.000000e+00	2.838905e-05	9.999942e-01	
1789	3.529000e-09	1.000000e+00	2.820548e-05	9.999946e-01	
1790	3.531000e-09	1.000000e+00	2.838875e-05	9.999942e-01	
1791	3.533000e-09	1.000000e+00	2.820579e-05	9.999946e-01	
1792	3.535000e-09	1.000000e+00	2.838844e-05	9.999942e-01	
1793	3.537000e-09	1.000000e+00	2.820609e-05	9.999946e-01	
1794	3.539000e-09	1.000000e+00	2.838814e-05	9.999942e-01	

Index   time            v(rbl)          v(dout_1)       v(dout_4)       
--------------------------------------------------------------------------------
1795	3.541000e-09	1.000000e+00	2.820639e-05	9.999946e-01	
1796	3.543000e-09	1.000000e+00	2.838784e-05	9.999942e-01	
1797	3.545000e-09	1.000000e+00	2.820670e-05	9.999946e-01	
1798	3.547000e-09	1.000000e+00	2.838754e-05	9.999942e-01	
1799	3.549000e-09	1.000000e+00	2.820700e-05	9.999946e-01	
1800	3.551000e-09	1.000000e+00	2.838723e-05	9.999942e-01	
1801	3.553000e-09	1.000000e+00	2.820730e-05	9.999946e-01	
1802	3.555000e-09	1.000000e+00	2.838693e-05	9.999942e-01	
1803	3.557000e-09	1.000000e+00	2.820760e-05	9.999946e-01	
1804	3.559000e-09	1.000000e+00	2.838663e-05	9.999942e-01	
1805	3.561000e-09	1.000000e+00	2.820790e-05	9.999946e-01	
1806	3.563000e-09	1.000000e+00	2.838633e-05	9.999942e-01	
1807	3.565000e-09	1.000000e+00	2.820820e-05	9.999946e-01	
1808	3.567000e-09	1.000000e+00	2.838603e-05	9.999942e-01	
1809	3.569000e-09	1.000000e+00	2.820850e-05	9.999946e-01	
1810	3.571000e-09	1.000000e+00	2.838573e-05	9.999942e-01	
1811	3.573000e-09	1.000000e+00	2.820880e-05	9.999946e-01	
1812	3.575000e-09	1.000000e+00	2.838543e-05	9.999942e-01	
1813	3.577000e-09	1.000000e+00	2.820910e-05	9.999946e-01	
1814	3.579000e-09	1.000000e+00	2.838513e-05	9.999942e-01	
1815	3.581000e-09	1.000000e+00	2.820940e-05	9.999946e-01	
1816	3.583000e-09	1.000000e+00	2.838483e-05	9.999942e-01	
1817	3.585000e-09	1.000000e+00	2.820970e-05	9.999946e-01	
1818	3.587000e-09	1.000000e+00	2.838454e-05	9.999942e-01	
1819	3.589000e-09	1.000000e+00	2.821000e-05	9.999946e-01	
1820	3.591000e-09	1.000000e+00	2.838424e-05	9.999942e-01	
1821	3.593000e-09	1.000000e+00	2.821029e-05	9.999946e-01	
1822	3.595000e-09	1.000000e+00	2.838394e-05	9.999942e-01	
1823	3.597000e-09	1.000000e+00	2.821059e-05	9.999946e-01	
1824	3.599000e-09	1.000000e+00	2.838365e-05	9.999942e-01	
1825	3.601000e-09	1.000000e+00	2.821089e-05	9.999946e-01	
1826	3.603000e-09	1.000000e+00	2.838335e-05	9.999942e-01	
1827	3.605000e-09	1.000000e+00	2.821118e-05	9.999946e-01	
1828	3.607000e-09	1.000000e+00	2.838306e-05	9.999942e-01	
1829	3.609000e-09	1.000000e+00	2.821148e-05	9.999946e-01	
1830	3.611000e-09	1.000000e+00	2.838276e-05	9.999942e-01	
1831	3.613000e-09	1.000000e+00	2.821177e-05	9.999946e-01	
1832	3.615000e-09	1.000000e+00	2.838247e-05	9.999942e-01	
1833	3.617000e-09	1.000000e+00	2.821206e-05	9.999946e-01	
1834	3.619000e-09	1.000000e+00	2.838217e-05	9.999942e-01	
1835	3.621000e-09	1.000000e+00	2.821236e-05	9.999946e-01	
1836	3.623000e-09	1.000000e+00	2.838188e-05	9.999942e-01	
1837	3.625000e-09	1.000000e+00	2.821265e-05	9.999946e-01	
1838	3.627000e-09	1.000000e+00	2.838159e-05	9.999942e-01	
1839	3.629000e-09	1.000000e+00	2.821294e-05	9.999946e-01	
1840	3.631000e-09	1.000000e+00	2.838130e-05	9.999942e-01	
1841	3.633000e-09	1.000000e+00	2.821323e-05	9.999946e-01	
1842	3.635000e-09	1.000000e+00	2.838100e-05	9.999942e-01	
1843	3.637000e-09	1.000000e+00	2.821353e-05	9.999946e-01	
1844	3.639000e-09	1.000000e+00	2.838071e-05	9.999942e-01	
1845	3.641000e-09	1.000000e+00	2.821382e-05	9.999946e-01	
1846	3.643000e-09	1.000000e+00	2.838042e-05	9.999942e-01	
1847	3.645000e-09	1.000000e+00	2.821411e-05	9.999946e-01	
1848	3.647000e-09	1.000000e+00	2.838013e-05	9.999942e-01	
1849	3.649000e-09	1.000000e+00	2.821440e-05	9.999946e-01	
1850	3.651000e-09	1.000000e+00	2.837984e-05	9.999942e-01	
1851	3.653000e-09	1.000000e+00	2.821469e-05	9.999946e-01	
1852	3.655000e-09	1.000000e+00	2.837955e-05	9.999942e-01	

Index   time            v(rbl)          v(dout_1)       v(dout_4)       
--------------------------------------------------------------------------------
1853	3.657000e-09	1.000000e+00	2.821498e-05	9.999946e-01	
1854	3.659000e-09	1.000000e+00	2.837927e-05	9.999942e-01	
1855	3.661000e-09	1.000000e+00	2.821526e-05	9.999946e-01	
1856	3.663000e-09	1.000000e+00	2.837898e-05	9.999942e-01	
1857	3.665000e-09	1.000000e+00	2.821555e-05	9.999946e-01	
1858	3.667000e-09	1.000000e+00	2.837869e-05	9.999942e-01	
1859	3.669000e-09	1.000000e+00	2.821584e-05	9.999946e-01	
1860	3.671000e-09	1.000000e+00	2.837840e-05	9.999942e-01	
1861	3.673000e-09	1.000000e+00	2.821613e-05	9.999946e-01	
1862	3.675000e-09	1.000000e+00	2.837812e-05	9.999942e-01	
1863	3.677000e-09	1.000000e+00	2.821641e-05	9.999946e-01	
1864	3.679000e-09	1.000000e+00	2.837783e-05	9.999942e-01	
1865	3.681000e-09	1.000000e+00	2.821670e-05	9.999946e-01	
1866	3.683000e-09	1.000000e+00	2.837754e-05	9.999942e-01	
1867	3.685000e-09	1.000000e+00	2.821698e-05	9.999946e-01	
1868	3.687000e-09	1.000000e+00	2.837726e-05	9.999942e-01	
1869	3.689000e-09	1.000000e+00	2.821727e-05	9.999946e-01	
1870	3.691000e-09	1.000000e+00	2.837698e-05	9.999942e-01	
1871	3.693000e-09	1.000000e+00	2.821755e-05	9.999946e-01	
1872	3.695000e-09	1.000000e+00	2.837669e-05	9.999942e-01	
1873	3.697000e-09	1.000000e+00	2.821784e-05	9.999946e-01	
1874	3.699000e-09	1.000000e+00	2.837641e-05	9.999942e-01	
1875	3.701000e-09	1.000000e+00	2.821812e-05	9.999946e-01	
1876	3.703000e-09	1.000000e+00	2.837613e-05	9.999942e-01	
1877	3.705000e-09	1.000000e+00	2.821840e-05	9.999946e-01	
1878	3.707000e-09	1.000000e+00	2.837584e-05	9.999942e-01	
1879	3.709000e-09	1.000000e+00	2.821868e-05	9.999946e-01	
1880	3.711000e-09	1.000000e+00	2.837556e-05	9.999942e-01	
1881	3.713000e-09	1.000000e+00	2.821896e-05	9.999946e-01	
1882	3.715000e-09	1.000000e+00	2.837528e-05	9.999942e-01	
1883	3.717000e-09	1.000000e+00	2.821925e-05	9.999946e-01	
1884	3.719000e-09	1.000000e+00	2.837500e-05	9.999942e-01	
1885	3.721000e-09	1.000000e+00	2.821953e-05	9.999946e-01	
1886	3.723000e-09	1.000000e+00	2.837472e-05	9.999942e-01	
1887	3.725000e-09	1.000000e+00	2.821981e-05	9.999946e-01	
1888	3.727000e-09	1.000000e+00	2.837444e-05	9.999942e-01	
1889	3.729000e-09	1.000000e+00	2.822009e-05	9.999946e-01	
1890	3.731000e-09	1.000000e+00	2.837416e-05	9.999942e-01	
1891	3.733000e-09	1.000000e+00	2.822036e-05	9.999946e-01	
1892	3.735000e-09	1.000000e+00	2.837388e-05	9.999942e-01	
1893	3.737000e-09	1.000000e+00	2.822064e-05	9.999946e-01	
1894	3.739000e-09	1.000000e+00	2.837360e-05	9.999942e-01	
1895	3.741000e-09	1.000000e+00	2.822092e-05	9.999946e-01	
1896	3.743000e-09	1.000000e+00	2.837332e-05	9.999942e-01	
1897	3.745000e-09	1.000000e+00	2.822120e-05	9.999946e-01	
1898	3.747000e-09	1.000000e+00	2.837305e-05	9.999942e-01	
1899	3.749000e-09	1.000000e+00	2.822148e-05	9.999946e-01	
1900	3.751000e-09	1.000000e+00	2.837277e-05	9.999942e-01	
1901	3.753000e-09	1.000000e+00	2.822175e-05	9.999946e-01	
1902	3.755000e-09	1.000000e+00	2.837250e-05	9.999942e-01	
1903	3.757000e-09	1.000000e+00	2.822203e-05	9.999946e-01	
1904	3.759000e-09	1.000000e+00	2.837222e-05	9.999942e-01	
1905	3.761000e-09	1.000000e+00	2.822230e-05	9.999946e-01	
1906	3.763000e-09	1.000000e+00	2.837194e-05	9.999942e-01	
1907	3.765000e-09	1.000000e+00	2.822258e-05	9.999946e-01	
1908	3.767000e-09	1.000000e+00	2.837167e-05	9.999942e-01	
1909	3.769000e-09	1.000000e+00	2.822285e-05	9.999946e-01	
1910	3.771000e-09	1.000000e+00	2.837140e-05	9.999942e-01	

Index   time            v(rbl)          v(dout_1)       v(dout_4)       
--------------------------------------------------------------------------------
1911	3.773000e-09	1.000000e+00	2.822313e-05	9.999946e-01	
1912	3.775000e-09	1.000000e+00	2.837112e-05	9.999942e-01	
1913	3.777000e-09	1.000000e+00	2.822340e-05	9.999946e-01	
1914	3.779000e-09	1.000000e+00	2.837085e-05	9.999942e-01	
1915	3.781000e-09	1.000000e+00	2.822367e-05	9.999946e-01	
1916	3.783000e-09	1.000000e+00	2.837058e-05	9.999942e-01	
1917	3.785000e-09	1.000000e+00	2.822395e-05	9.999946e-01	
1918	3.787000e-09	1.000000e+00	2.837030e-05	9.999942e-01	
1919	3.789000e-09	1.000000e+00	2.822422e-05	9.999946e-01	
1920	3.791000e-09	1.000000e+00	2.837003e-05	9.999942e-01	
1921	3.793000e-09	1.000000e+00	2.822449e-05	9.999946e-01	
1922	3.795000e-09	1.000000e+00	2.836976e-05	9.999942e-01	
1923	3.797000e-09	1.000000e+00	2.822476e-05	9.999946e-01	
1924	3.799000e-09	1.000000e+00	2.836949e-05	9.999942e-01	
1925	3.801000e-09	1.000000e+00	2.822503e-05	9.999946e-01	
1926	3.803000e-09	1.000000e+00	2.836922e-05	9.999942e-01	
1927	3.805000e-09	1.000000e+00	2.822530e-05	9.999946e-01	
1928	3.807000e-09	1.000000e+00	2.836895e-05	9.999942e-01	
1929	3.809000e-09	1.000000e+00	2.822557e-05	9.999946e-01	
1930	3.811000e-09	1.000000e+00	2.836868e-05	9.999942e-01	
1931	3.813000e-09	1.000000e+00	2.822584e-05	9.999946e-01	
1932	3.815000e-09	1.000000e+00	2.836841e-05	9.999942e-01	
1933	3.817000e-09	1.000000e+00	2.822611e-05	9.999946e-01	
1934	3.819000e-09	1.000000e+00	2.836815e-05	9.999942e-01	
1935	3.821000e-09	1.000000e+00	2.822637e-05	9.999946e-01	
1936	3.823000e-09	1.000000e+00	2.836788e-05	9.999942e-01	
1937	3.825000e-09	1.000000e+00	2.822664e-05	9.999946e-01	
1938	3.827000e-09	1.000000e+00	2.836761e-05	9.999942e-01	
1939	3.829000e-09	1.000000e+00	2.822691e-05	9.999946e-01	
1940	3.831000e-09	1.000000e+00	2.836735e-05	9.999942e-01	
1941	3.833000e-09	1.000000e+00	2.822717e-05	9.999946e-01	
1942	3.835000e-09	1.000000e+00	2.836708e-05	9.999942e-01	
1943	3.837000e-09	1.000000e+00	2.822744e-05	9.999946e-01	
1944	3.839000e-09	1.000000e+00	2.836681e-05	9.999942e-01	
1945	3.841000e-09	1.000000e+00	2.822770e-05	9.999946e-01	
1946	3.843000e-09	1.000000e+00	2.836655e-05	9.999942e-01	
1947	3.845000e-09	1.000000e+00	2.822797e-05	9.999946e-01	
1948	3.847000e-09	1.000000e+00	2.836629e-05	9.999942e-01	
1949	3.849000e-09	1.000000e+00	2.822823e-05	9.999946e-01	
1950	3.851000e-09	1.000000e+00	2.836602e-05	9.999942e-01	
1951	3.853000e-09	1.000000e+00	2.822850e-05	9.999946e-01	
1952	3.855000e-09	1.000000e+00	2.836576e-05	9.999942e-01	
1953	3.857000e-09	1.000000e+00	2.822876e-05	9.999946e-01	
1954	3.859000e-09	1.000000e+00	2.836550e-05	9.999942e-01	
1955	3.861000e-09	1.000000e+00	2.822902e-05	9.999946e-01	
1956	3.863000e-09	1.000000e+00	2.836523e-05	9.999942e-01	
1957	3.865000e-09	1.000000e+00	2.822928e-05	9.999946e-01	
1958	3.867000e-09	1.000000e+00	2.836497e-05	9.999942e-01	
1959	3.869000e-09	1.000000e+00	2.822955e-05	9.999946e-01	
1960	3.871000e-09	1.000000e+00	2.836471e-05	9.999942e-01	
1961	3.873000e-09	1.000000e+00	2.822981e-05	9.999946e-01	
1962	3.875000e-09	1.000000e+00	2.836445e-05	9.999942e-01	
1963	3.877000e-09	1.000000e+00	2.823007e-05	9.999946e-01	
1964	3.879000e-09	1.000000e+00	2.836419e-05	9.999942e-01	
1965	3.881000e-09	1.000000e+00	2.823033e-05	9.999946e-01	
1966	3.883000e-09	1.000000e+00	2.836393e-05	9.999943e-01	
1967	3.885000e-09	1.000000e+00	2.823059e-05	9.999946e-01	
1968	3.887000e-09	1.000000e+00	2.836367e-05	9.999943e-01	

Index   time            v(rbl)          v(dout_1)       v(dout_4)       
--------------------------------------------------------------------------------
1969	3.889000e-09	1.000000e+00	2.823085e-05	9.999946e-01	
1970	3.891000e-09	1.000000e+00	2.836341e-05	9.999943e-01	
1971	3.893000e-09	1.000000e+00	2.823110e-05	9.999946e-01	
1972	3.895000e-09	1.000000e+00	2.836315e-05	9.999943e-01	
1973	3.897000e-09	1.000000e+00	2.823136e-05	9.999946e-01	
1974	3.899000e-09	1.000000e+00	2.836290e-05	9.999943e-01	
1975	3.901000e-09	1.000000e+00	2.823162e-05	9.999946e-01	
1976	3.903000e-09	1.000000e+00	2.836264e-05	9.999943e-01	
1977	3.905000e-09	1.000000e+00	2.823188e-05	9.999946e-01	
1978	3.907000e-09	1.000000e+00	2.836238e-05	9.999943e-01	
1979	3.909000e-09	1.000000e+00	2.823213e-05	9.999946e-01	
1980	3.911000e-09	1.000000e+00	2.836213e-05	9.999943e-01	
1981	3.913000e-09	1.000000e+00	2.823239e-05	9.999946e-01	
1982	3.915000e-09	1.000000e+00	2.836187e-05	9.999943e-01	
1983	3.917000e-09	1.000000e+00	2.823264e-05	9.999946e-01	
1984	3.919000e-09	1.000000e+00	2.836162e-05	9.999943e-01	
1985	3.921000e-09	1.000000e+00	2.823290e-05	9.999946e-01	
1986	3.923000e-09	1.000000e+00	2.836136e-05	9.999943e-01	
1987	3.925000e-09	1.000000e+00	2.823315e-05	9.999946e-01	
1988	3.927000e-09	1.000000e+00	2.836111e-05	9.999943e-01	
1989	3.929000e-09	1.000000e+00	2.823341e-05	9.999946e-01	
1990	3.931000e-09	1.000000e+00	2.836085e-05	9.999943e-01	
1991	3.933000e-09	1.000000e+00	2.823366e-05	9.999946e-01	
1992	3.935000e-09	1.000000e+00	2.836060e-05	9.999943e-01	
1993	3.937000e-09	1.000000e+00	2.823391e-05	9.999946e-01	
1994	3.939000e-09	1.000000e+00	2.836035e-05	9.999943e-01	
1995	3.941000e-09	1.000000e+00	2.823417e-05	9.999946e-01	
1996	3.943000e-09	1.000000e+00	2.836010e-05	9.999943e-01	
1997	3.945000e-09	1.000000e+00	2.823442e-05	9.999946e-01	
1998	3.947000e-09	1.000000e+00	2.835984e-05	9.999943e-01	
1999	3.949000e-09	1.000000e+00	2.823467e-05	9.999946e-01	
2000	3.951000e-09	1.000000e+00	2.835959e-05	9.999943e-01	
2001	3.953000e-09	1.000000e+00	2.823492e-05	9.999946e-01	
2002	3.955000e-09	1.000000e+00	2.835934e-05	9.999943e-01	
2003	3.957000e-09	1.000000e+00	2.823517e-05	9.999946e-01	
2004	3.959000e-09	1.000000e+00	2.835909e-05	9.999943e-01	
2005	3.961000e-09	1.000000e+00	2.823542e-05	9.999946e-01	
2006	3.963000e-09	1.000000e+00	2.835884e-05	9.999943e-01	
2007	3.965000e-09	1.000000e+00	2.823567e-05	9.999946e-01	
2008	3.967000e-09	1.000000e+00	2.835859e-05	9.999943e-01	
2009	3.969000e-09	1.000000e+00	2.823592e-05	9.999946e-01	
2010	3.971000e-09	1.000000e+00	2.835835e-05	9.999943e-01	
2011	3.973000e-09	1.000000e+00	2.823617e-05	9.999946e-01	
2012	3.975000e-09	1.000000e+00	2.835810e-05	9.999943e-01	
2013	3.977000e-09	1.000000e+00	2.823641e-05	9.999946e-01	
2014	3.979000e-09	1.000000e+00	2.835785e-05	9.999943e-01	
2015	3.981000e-09	1.000000e+00	2.823666e-05	9.999946e-01	
2016	3.983000e-09	1.000000e+00	2.835760e-05	9.999943e-01	
2017	3.985000e-09	1.000000e+00	2.823691e-05	9.999946e-01	
2018	3.987000e-09	1.000000e+00	2.835736e-05	9.999943e-01	
2019	3.989000e-09	1.000000e+00	2.823715e-05	9.999946e-01	
2020	3.991000e-09	1.000000e+00	2.835711e-05	9.999943e-01	
2021	3.993000e-09	1.000000e+00	2.823740e-05	9.999946e-01	
2022	3.995000e-09	1.000000e+00	2.835686e-05	9.999943e-01	
2023	3.997000e-09	1.000000e+00	2.823765e-05	9.999946e-01	
2024	3.999000e-09	1.000000e+00	2.835662e-05	9.999943e-01	
2025	4.000000e-09	1.000000e+00	2.823801e-05	9.999946e-01	

                      * delay chain measurement refinement
                      Transient Analysis  Sun Jun 28 02:03:08  2026
--------------------------------------------------------------------------------
Index   time            v(dout_8)       v(rbl_delay)    
--------------------------------------------------------------------------------
0	0.000000e+00	2.829841e-05	9.999951e-01	
1	2.000000e-14	2.829841e-05	9.999951e-01	
2	4.000000e-14	2.829841e-05	9.999951e-01	
3	8.000000e-14	2.829841e-05	9.999951e-01	
4	1.600000e-13	2.829841e-05	9.999951e-01	
5	3.200000e-13	2.829841e-05	9.999951e-01	
6	6.400000e-13	2.829841e-05	9.999951e-01	
7	1.280000e-12	2.829841e-05	9.999951e-01	
8	2.560000e-12	2.829841e-05	9.999951e-01	
9	4.560000e-12	2.829841e-05	9.999951e-01	
10	6.560000e-12	2.829841e-05	9.999951e-01	
11	8.560000e-12	2.829841e-05	9.999951e-01	
12	1.056000e-11	2.829841e-05	9.999951e-01	
13	1.256000e-11	2.829841e-05	9.999951e-01	
14	1.456000e-11	2.829841e-05	9.999951e-01	
15	1.656000e-11	2.829841e-05	9.999951e-01	
16	1.856000e-11	2.829841e-05	9.999951e-01	
17	2.056000e-11	2.829841e-05	9.999951e-01	
18	2.256000e-11	2.829841e-05	9.999951e-01	
19	2.456000e-11	2.829841e-05	9.999951e-01	
20	2.656000e-11	2.829841e-05	9.999951e-01	
21	2.856000e-11	2.829841e-05	9.999951e-01	
22	3.056000e-11	2.829841e-05	9.999951e-01	
23	3.256000e-11	2.829841e-05	9.999951e-01	
24	3.456000e-11	2.829841e-05	9.999951e-01	
25	3.656000e-11	2.829841e-05	9.999951e-01	
26	3.856000e-11	2.829841e-05	9.999951e-01	
27	4.056000e-11	2.829841e-05	9.999951e-01	
28	4.256000e-11	2.829841e-05	9.999951e-01	
29	4.456000e-11	2.829841e-05	9.999951e-01	
30	4.656000e-11	2.829841e-05	9.999951e-01	
31	4.856000e-11	2.829841e-05	9.999951e-01	
32	5.000000e-11	2.829841e-05	9.999951e-01	
33	5.020000e-11	2.829844e-05	9.999951e-01	
34	5.060000e-11	2.829847e-05	9.999951e-01	
35	5.140000e-11	2.829843e-05	9.999951e-01	
36	5.300000e-11	2.829838e-05	9.999951e-01	
37	5.500000e-11	2.829837e-05	9.999951e-01	
38	5.700000e-11	2.829836e-05	9.999951e-01	
39	5.900000e-11	2.829839e-05	9.999951e-01	
40	6.000000e-11	2.829841e-05	9.999951e-01	
41	6.020000e-11	2.829840e-05	9.999951e-01	
42	6.060000e-11	2.829840e-05	9.999951e-01	
43	6.140000e-11	2.829845e-05	9.999951e-01	
44	6.300000e-11	2.829852e-05	9.999951e-01	
45	6.500000e-11	2.829853e-05	9.999951e-01	
46	6.700000e-11	2.829854e-05	9.999951e-01	
47	6.900000e-11	2.829859e-05	9.999951e-01	
48	7.100000e-11	2.829853e-05	9.999951e-01	
49	7.300000e-11	2.829842e-05	9.999951e-01	
50	7.500000e-11	2.829827e-05	9.999951e-01	
51	7.700000e-11	2.829815e-05	9.999951e-01	
52	7.900000e-11	2.829813e-05	9.999951e-01	
53	8.100000e-11	2.829819e-05	9.999951e-01	
54	8.300000e-11	2.829831e-05	9.999951e-01	

Index   time            v(dout_8)       v(rbl_delay)    
--------------------------------------------------------------------------------
55	8.500000e-11	2.829848e-05	9.999951e-01	
56	8.700000e-11	2.829856e-05	9.999951e-01	
57	8.900000e-11	2.829826e-05	9.999951e-01	
58	9.100000e-11	2.829746e-05	9.999951e-01	
59	9.300000e-11	2.829635e-05	9.999951e-01	
60	9.500000e-11	2.829540e-05	9.999951e-01	
61	9.700000e-11	2.829419e-05	9.999951e-01	
62	9.900000e-11	2.829380e-05	9.999951e-01	
63	1.010000e-10	2.829589e-05	9.999951e-01	
64	1.030000e-10	2.829908e-05	9.999951e-01	
65	1.050000e-10	2.830198e-05	9.999951e-01	
66	1.070000e-10	2.830450e-05	9.999951e-01	
67	1.090000e-10	2.830830e-05	9.999951e-01	
68	1.110000e-10	2.832270e-05	9.999951e-01	
69	1.130000e-10	2.835564e-05	9.999951e-01	
70	1.150000e-10	2.838846e-05	9.999951e-01	
71	1.170000e-10	2.840792e-05	9.999951e-01	
72	1.190000e-10	2.840416e-05	9.999951e-01	
73	1.210000e-10	2.837450e-05	9.999951e-01	
74	1.230000e-10	2.833349e-05	9.999951e-01	
75	1.250000e-10	2.829638e-05	9.999951e-01	
76	1.270000e-10	2.827286e-05	9.999951e-01	
77	1.290000e-10	2.827283e-05	9.999951e-01	
78	1.310000e-10	2.829790e-05	9.999951e-01	
79	1.330000e-10	2.829115e-05	9.999951e-01	
80	1.350000e-10	2.814854e-05	9.999951e-01	
81	1.370000e-10	2.777466e-05	9.999951e-01	
82	1.390000e-10	2.717618e-05	9.999950e-01	
83	1.410000e-10	2.635608e-05	9.999950e-01	
84	1.430000e-10	2.522655e-05	9.999950e-01	
85	1.450000e-10	2.431632e-05	9.999950e-01	
86	1.470000e-10	2.398320e-05	9.999950e-01	
87	1.490000e-10	2.419393e-05	9.999951e-01	
88	1.510000e-10	2.488115e-05	9.999952e-01	
89	1.530000e-10	2.606938e-05	9.999953e-01	
90	1.550000e-10	2.920816e-05	9.999955e-01	
91	1.570000e-10	3.832786e-05	9.999962e-01	
92	1.590000e-10	5.585417e-05	9.999973e-01	
93	1.610000e-10	7.912363e-05	9.999983e-01	
94	1.630000e-10	1.049882e-04	9.999991e-01	
95	1.650000e-10	1.280544e-04	9.999991e-01	
96	1.670000e-10	1.452850e-04	9.999986e-01	
97	1.690000e-10	1.568641e-04	9.999978e-01	
98	1.710000e-10	1.645512e-04	9.999971e-01	
99	1.730000e-10	1.716203e-04	9.999967e-01	
100	1.750000e-10	1.832319e-04	9.999970e-01	
101	1.770000e-10	1.986839e-04	9.999975e-01	
102	1.790000e-10	1.966776e-04	9.999960e-01	
103	1.810000e-10	1.327313e-04	9.999893e-01	
104	1.830000e-10	-4.66598e-05	9.999751e-01	
105	1.850000e-10	-3.85206e-04	9.999535e-01	
106	1.870000e-10	-9.60696e-04	9.999208e-01	
107	1.890000e-10	-1.79891e-03	9.998807e-01	
108	1.910000e-10	-2.79990e-03	9.998472e-01	
109	1.930000e-10	-3.86086e-03	9.998260e-01	
110	1.950000e-10	-4.91287e-03	9.998168e-01	
111	1.970000e-10	-5.87125e-03	9.998215e-01	
112	1.990000e-10	-6.51605e-03	9.998538e-01	

Index   time            v(dout_8)       v(rbl_delay)    
--------------------------------------------------------------------------------
113	2.010000e-10	-5.92444e-03	9.999886e-01	
114	2.030000e-10	-2.38787e-03	1.000357e+00	
115	2.050000e-10	5.653381e-03	1.000973e+00	
116	2.070000e-10	1.923528e-02	1.001805e+00	
117	2.090000e-10	3.852267e-02	1.002756e+00	
118	2.110000e-10	6.280927e-02	1.003707e+00	
119	2.130000e-10	9.124796e-02	1.004600e+00	
120	2.150000e-10	1.232552e-01	1.005437e+00	
121	2.170000e-10	1.586789e-01	1.006260e+00	
122	2.190000e-10	1.982261e-01	1.007170e+00	
123	2.210000e-10	2.437417e-01	1.008287e+00	
124	2.230000e-10	2.962456e-01	1.009393e+00	
125	2.250000e-10	3.544156e-01	1.009583e+00	
126	2.270000e-10	4.156691e-01	1.007271e+00	
127	2.290000e-10	4.797687e-01	1.000760e+00	
128	2.310000e-10	5.447597e-01	9.877702e-01	
129	2.330000e-10	6.051859e-01	9.646835e-01	
130	2.350000e-10	6.566872e-01	9.313062e-01	
131	2.370000e-10	7.019166e-01	8.895624e-01	
132	2.390000e-10	7.441243e-01	8.412124e-01	
133	2.410000e-10	7.942248e-01	7.874394e-01	
134	2.430000e-10	8.546469e-01	7.281014e-01	
135	2.450000e-10	9.063151e-01	6.657877e-01	
136	2.470000e-10	9.409978e-01	6.055568e-01	
137	2.490000e-10	9.629491e-01	5.507728e-01	
138	2.510000e-10	9.766124e-01	5.057133e-01	
139	2.530000e-10	9.851420e-01	4.726103e-01	
140	2.550000e-10	9.904340e-01	4.482952e-01	
141	2.570000e-10	9.936119e-01	4.275027e-01	
142	2.590000e-10	9.953485e-01	4.044951e-01	
143	2.610000e-10	9.958320e-01	3.681189e-01	
144	2.630000e-10	9.956212e-01	3.177048e-01	
145	2.650000e-10	9.955167e-01	2.655883e-01	
146	2.670000e-10	9.956589e-01	2.177524e-01	
147	2.690000e-10	9.959715e-01	1.757586e-01	
148	2.710000e-10	9.963815e-01	1.400886e-01	
149	2.730000e-10	9.968261e-01	1.105459e-01	
150	2.750000e-10	9.972695e-01	8.652617e-02	
151	2.770000e-10	9.976906e-01	6.728376e-02	
152	2.790000e-10	9.980789e-01	5.204332e-02	
153	2.810000e-10	9.984247e-01	4.008565e-02	
154	2.830000e-10	9.987256e-01	3.077130e-02	
155	2.850000e-10	9.989795e-01	2.356054e-02	
156	2.870000e-10	9.991909e-01	1.800253e-02	
157	2.890000e-10	9.993624e-01	1.373580e-02	
158	2.910000e-10	9.995011e-01	1.046787e-02	
159	2.930000e-10	9.996107e-01	7.972111e-03	
160	2.950000e-10	9.996978e-01	6.067542e-03	
161	2.970000e-10	9.997652e-01	4.617727e-03	
162	2.990000e-10	9.998184e-01	3.513434e-03	
163	3.010000e-10	9.998589e-01	2.674587e-03	
164	3.030000e-10	9.998908e-01	2.036092e-03	
165	3.050000e-10	9.999147e-01	1.551983e-03	
166	3.070000e-10	9.999338e-01	1.183374e-03	
167	3.090000e-10	9.999477e-01	9.044528e-04	
168	3.110000e-10	9.999590e-01	6.917693e-04	
169	3.130000e-10	9.999670e-01	5.312850e-04	
170	3.150000e-10	9.999738e-01	4.085430e-04	

Index   time            v(dout_8)       v(rbl_delay)    
--------------------------------------------------------------------------------
171	3.170000e-10	9.999783e-01	3.163395e-04	
172	3.190000e-10	9.999825e-01	2.454314e-04	
173	3.210000e-10	9.999849e-01	1.925657e-04	
174	3.230000e-10	9.999875e-01	1.515148e-04	
175	3.250000e-10	9.999888e-01	1.213030e-04	
176	3.270000e-10	9.999905e-01	9.744562e-05	
177	3.290000e-10	9.999911e-01	8.027671e-05	
178	3.310000e-10	9.999922e-01	6.631919e-05	
179	3.330000e-10	9.999924e-01	5.665845e-05	
180	3.350000e-10	9.999932e-01	4.840099e-05	
181	3.370000e-10	9.999931e-01	4.306175e-05	
182	3.390000e-10	9.999938e-01	3.808642e-05	
183	3.410000e-10	9.999936e-01	3.523411e-05	
184	3.430000e-10	9.999941e-01	3.214898e-05	
185	3.450000e-10	9.999939e-01	3.072751e-05	
186	3.470000e-10	9.999943e-01	2.873128e-05	
187	3.490000e-10	9.999940e-01	2.813270e-05	
188	3.510000e-10	9.999944e-01	2.676410e-05	
189	3.530000e-10	9.999941e-01	2.663846e-05	
190	3.550000e-10	9.999945e-01	2.563196e-05	
191	3.570000e-10	9.999942e-01	2.577780e-05	
192	3.590000e-10	9.999946e-01	2.498054e-05	
193	3.610000e-10	9.999942e-01	2.528189e-05	
194	3.630000e-10	9.999946e-01	2.460587e-05	
195	3.650000e-10	9.999942e-01	2.499597e-05	
196	3.670000e-10	9.999946e-01	2.439053e-05	
197	3.690000e-10	9.999942e-01	2.483095e-05	
198	3.710000e-10	9.999946e-01	2.426693e-05	
199	3.730000e-10	9.999942e-01	2.473555e-05	
200	3.750000e-10	9.999946e-01	2.419614e-05	
201	3.770000e-10	9.999942e-01	2.468022e-05	
202	3.790000e-10	9.999946e-01	2.415576e-05	
203	3.810000e-10	9.999942e-01	2.464797e-05	
204	3.830000e-10	9.999946e-01	2.413289e-05	
205	3.850000e-10	9.999942e-01	2.462902e-05	
206	3.870000e-10	9.999946e-01	2.412010e-05	
207	3.890000e-10	9.999942e-01	2.461772e-05	
208	3.910000e-10	9.999946e-01	2.411311e-05	
209	3.930000e-10	9.999942e-01	2.461083e-05	
210	3.950000e-10	9.999946e-01	2.410947e-05	
211	3.970000e-10	9.999942e-01	2.460648e-05	
212	3.990000e-10	9.999946e-01	2.410775e-05	
213	4.010000e-10	9.999942e-01	2.460360e-05	
214	4.030000e-10	9.999946e-01	2.410714e-05	
215	4.050000e-10	9.999942e-01	2.460156e-05	
216	4.070000e-10	9.999946e-01	2.410717e-05	
217	4.090000e-10	9.999942e-01	2.460000e-05	
218	4.110000e-10	9.999946e-01	2.410756e-05	
219	4.130000e-10	9.999942e-01	2.459873e-05	
220	4.150000e-10	9.999946e-01	2.410816e-05	
221	4.170000e-10	9.999942e-01	2.459763e-05	
222	4.190000e-10	9.999946e-01	2.410888e-05	
223	4.210000e-10	9.999942e-01	2.459662e-05	
224	4.230000e-10	9.999946e-01	2.410967e-05	
225	4.250000e-10	9.999942e-01	2.459566e-05	
226	4.270000e-10	9.999946e-01	2.411049e-05	
227	4.290000e-10	9.999942e-01	2.459474e-05	
228	4.310000e-10	9.999946e-01	2.411134e-05	

Index   time            v(dout_8)       v(rbl_delay)    
--------------------------------------------------------------------------------
229	4.330000e-10	9.999942e-01	2.459384e-05	
230	4.350000e-10	9.999946e-01	2.411220e-05	
231	4.370000e-10	9.999942e-01	2.459295e-05	
232	4.390000e-10	9.999946e-01	2.411306e-05	
233	4.410000e-10	9.999942e-01	2.459206e-05	
234	4.430000e-10	9.999946e-01	2.411393e-05	
235	4.450000e-10	9.999942e-01	2.459119e-05	
236	4.470000e-10	9.999946e-01	2.411479e-05	
237	4.490000e-10	9.999942e-01	2.459032e-05	
238	4.510000e-10	9.999946e-01	2.411566e-05	
239	4.530000e-10	9.999942e-01	2.458945e-05	
240	4.550000e-10	9.999946e-01	2.411652e-05	
241	4.570000e-10	9.999942e-01	2.458859e-05	
242	4.590000e-10	9.999946e-01	2.411738e-05	
243	4.610000e-10	9.999942e-01	2.458773e-05	
244	4.630000e-10	9.999946e-01	2.411824e-05	
245	4.650000e-10	9.999942e-01	2.458687e-05	
246	4.670000e-10	9.999946e-01	2.411910e-05	
247	4.690000e-10	9.999942e-01	2.458601e-05	
248	4.710000e-10	9.999946e-01	2.411995e-05	
249	4.730000e-10	9.999942e-01	2.458516e-05	
250	4.750000e-10	9.999946e-01	2.412080e-05	
251	4.770000e-10	9.999942e-01	2.458431e-05	
252	4.790000e-10	9.999946e-01	2.412165e-05	
253	4.810000e-10	9.999942e-01	2.458346e-05	
254	4.830000e-10	9.999946e-01	2.412250e-05	
255	4.850000e-10	9.999942e-01	2.458261e-05	
256	4.870000e-10	9.999946e-01	2.412335e-05	
257	4.890000e-10	9.999942e-01	2.458177e-05	
258	4.910000e-10	9.999946e-01	2.412419e-05	
259	4.930000e-10	9.999942e-01	2.458093e-05	
260	4.950000e-10	9.999946e-01	2.412503e-05	
261	4.970000e-10	9.999942e-01	2.458009e-05	
262	4.990000e-10	9.999946e-01	2.412587e-05	
263	5.010000e-10	9.999942e-01	2.457925e-05	
264	5.030000e-10	9.999946e-01	2.412671e-05	
265	5.050000e-10	9.999942e-01	2.457842e-05	
266	5.070000e-10	9.999946e-01	2.412754e-05	
267	5.090000e-10	9.999942e-01	2.457758e-05	
268	5.110000e-10	9.999946e-01	2.412837e-05	
269	5.130000e-10	9.999942e-01	2.457675e-05	
270	5.150000e-10	9.999946e-01	2.412920e-05	
271	5.170000e-10	9.999942e-01	2.457593e-05	
272	5.190000e-10	9.999946e-01	2.413003e-05	
273	5.210000e-10	9.999942e-01	2.457510e-05	
274	5.230000e-10	9.999946e-01	2.413085e-05	
275	5.250000e-10	9.999942e-01	2.457428e-05	
276	5.270000e-10	9.999946e-01	2.413167e-05	
277	5.290000e-10	9.999942e-01	2.457346e-05	
278	5.310000e-10	9.999946e-01	2.413249e-05	
279	5.330000e-10	9.999942e-01	2.457264e-05	
280	5.350000e-10	9.999946e-01	2.413331e-05	
281	5.370000e-10	9.999942e-01	2.457182e-05	
282	5.390000e-10	9.999946e-01	2.413413e-05	
283	5.410000e-10	9.999942e-01	2.457101e-05	
284	5.430000e-10	9.999946e-01	2.413494e-05	
285	5.450000e-10	9.999942e-01	2.457019e-05	
286	5.470000e-10	9.999946e-01	2.413575e-05	

Index   time            v(dout_8)       v(rbl_delay)    
--------------------------------------------------------------------------------
287	5.490000e-10	9.999942e-01	2.456939e-05	
288	5.510000e-10	9.999946e-01	2.413656e-05	
289	5.530000e-10	9.999942e-01	2.456858e-05	
290	5.550000e-10	9.999946e-01	2.413736e-05	
291	5.570000e-10	9.999942e-01	2.456777e-05	
292	5.590000e-10	9.999946e-01	2.413817e-05	
293	5.610000e-10	9.999942e-01	2.456697e-05	
294	5.630000e-10	9.999946e-01	2.413897e-05	
295	5.650000e-10	9.999942e-01	2.456617e-05	
296	5.670000e-10	9.999946e-01	2.413977e-05	
297	5.690000e-10	9.999942e-01	2.456537e-05	
298	5.710000e-10	9.999946e-01	2.414057e-05	
299	5.730000e-10	9.999942e-01	2.456457e-05	
300	5.750000e-10	9.999946e-01	2.414136e-05	
301	5.770000e-10	9.999942e-01	2.456378e-05	
302	5.790000e-10	9.999946e-01	2.414216e-05	
303	5.810000e-10	9.999943e-01	2.456299e-05	
304	5.830000e-10	9.999946e-01	2.414295e-05	
305	5.850000e-10	9.999943e-01	2.456220e-05	
306	5.870000e-10	9.999946e-01	2.414374e-05	
307	5.890000e-10	9.999943e-01	2.456141e-05	
308	5.910000e-10	9.999946e-01	2.414452e-05	
309	5.930000e-10	9.999943e-01	2.456063e-05	
310	5.950000e-10	9.999946e-01	2.414531e-05	
311	5.970000e-10	9.999943e-01	2.455984e-05	
312	5.990000e-10	9.999946e-01	2.414609e-05	
313	6.010000e-10	9.999943e-01	2.455906e-05	
314	6.030000e-10	9.999946e-01	2.414687e-05	
315	6.050000e-10	9.999943e-01	2.455828e-05	
316	6.070000e-10	9.999946e-01	2.414765e-05	
317	6.090000e-10	9.999943e-01	2.455751e-05	
318	6.110000e-10	9.999946e-01	2.414842e-05	
319	6.130000e-10	9.999943e-01	2.455673e-05	
320	6.150000e-10	9.999946e-01	2.414920e-05	
321	6.170000e-10	9.999943e-01	2.455596e-05	
322	6.190000e-10	9.999946e-01	2.414997e-05	
323	6.210000e-10	9.999943e-01	2.455519e-05	
324	6.230000e-10	9.999946e-01	2.415074e-05	
325	6.250000e-10	9.999943e-01	2.455442e-05	
326	6.270000e-10	9.999946e-01	2.415150e-05	
327	6.290000e-10	9.999943e-01	2.455365e-05	
328	6.310000e-10	9.999946e-01	2.415227e-05	
329	6.330000e-10	9.999943e-01	2.455289e-05	
330	6.350000e-10	9.999946e-01	2.415303e-05	
331	6.370000e-10	9.999943e-01	2.455213e-05	
332	6.390000e-10	9.999946e-01	2.415379e-05	
333	6.410000e-10	9.999943e-01	2.455137e-05	
334	6.430000e-10	9.999946e-01	2.415455e-05	
335	6.450000e-10	9.999943e-01	2.455061e-05	
336	6.470000e-10	9.999946e-01	2.415531e-05	
337	6.490000e-10	9.999943e-01	2.454985e-05	
338	6.510000e-10	9.999946e-01	2.415606e-05	
339	6.530000e-10	9.999943e-01	2.454910e-05	
340	6.550000e-10	9.999946e-01	2.415682e-05	
341	6.570000e-10	9.999943e-01	2.454835e-05	
342	6.590000e-10	9.999946e-01	2.415757e-05	
343	6.610000e-10	9.999943e-01	2.454760e-05	
344	6.630000e-10	9.999946e-01	2.415832e-05	

Index   time            v(dout_8)       v(rbl_delay)    
--------------------------------------------------------------------------------
345	6.650000e-10	9.999943e-01	2.454685e-05	
346	6.670000e-10	9.999946e-01	2.415906e-05	
347	6.690000e-10	9.999943e-01	2.454611e-05	
348	6.710000e-10	9.999946e-01	2.415981e-05	
349	6.730000e-10	9.999943e-01	2.454536e-05	
350	6.750000e-10	9.999946e-01	2.416055e-05	
351	6.770000e-10	9.999943e-01	2.454462e-05	
352	6.790000e-10	9.999946e-01	2.416129e-05	
353	6.810000e-10	9.999943e-01	2.454388e-05	
354	6.830000e-10	9.999946e-01	2.416203e-05	
355	6.850000e-10	9.999943e-01	2.454315e-05	
356	6.870000e-10	9.999946e-01	2.416277e-05	
357	6.890000e-10	9.999943e-01	2.454241e-05	
358	6.910000e-10	9.999946e-01	2.416350e-05	
359	6.930000e-10	9.999943e-01	2.454168e-05	
360	6.950000e-10	9.999946e-01	2.416423e-05	
361	6.970000e-10	9.999943e-01	2.454095e-05	
362	6.990000e-10	9.999946e-01	2.416496e-05	
363	7.010000e-10	9.999943e-01	2.454022e-05	
364	7.030000e-10	9.999946e-01	2.416569e-05	
365	7.050000e-10	9.999943e-01	2.453949e-05	
366	7.070000e-10	9.999946e-01	2.416642e-05	
367	7.090000e-10	9.999943e-01	2.453876e-05	
368	7.110000e-10	9.999946e-01	2.416714e-05	
369	7.130000e-10	9.999943e-01	2.453804e-05	
370	7.150000e-10	9.999946e-01	2.416786e-05	
371	7.170000e-10	9.999943e-01	2.453732e-05	
372	7.190000e-10	9.999946e-01	2.416858e-05	
373	7.210000e-10	9.999943e-01	2.453660e-05	
374	7.230000e-10	9.999946e-01	2.416930e-05	
375	7.250000e-10	9.999943e-01	2.453588e-05	
376	7.270000e-10	9.999946e-01	2.417002e-05	
377	7.290000e-10	9.999943e-01	2.453517e-05	
378	7.310000e-10	9.999946e-01	2.417073e-05	
379	7.330000e-10	9.999943e-01	2.453445e-05	
380	7.350000e-10	9.999946e-01	2.417145e-05	
381	7.370000e-10	9.999943e-01	2.453374e-05	
382	7.390000e-10	9.999946e-01	2.417216e-05	
383	7.410000e-10	9.999943e-01	2.453303e-05	
384	7.430000e-10	9.999946e-01	2.417287e-05	
385	7.450000e-10	9.999943e-01	2.453232e-05	
386	7.470000e-10	9.999946e-01	2.417357e-05	
387	7.490000e-10	9.999943e-01	2.453162e-05	
388	7.510000e-10	9.999946e-01	2.417428e-05	
389	7.530000e-10	9.999943e-01	2.453091e-05	
390	7.550000e-10	9.999946e-01	2.417498e-05	
391	7.570000e-10	9.999943e-01	2.453021e-05	
392	7.590000e-10	9.999946e-01	2.417568e-05	
393	7.610000e-10	9.999943e-01	2.452951e-05	
394	7.630000e-10	9.999946e-01	2.417638e-05	
395	7.650000e-10	9.999943e-01	2.452881e-05	
396	7.670000e-10	9.999946e-01	2.417708e-05	
397	7.690000e-10	9.999943e-01	2.452812e-05	
398	7.710000e-10	9.999946e-01	2.417778e-05	
399	7.730000e-10	9.999943e-01	2.452742e-05	
400	7.750000e-10	9.999946e-01	2.417847e-05	
401	7.770000e-10	9.999943e-01	2.452673e-05	
402	7.790000e-10	9.999946e-01	2.417916e-05	

Index   time            v(dout_8)       v(rbl_delay)    
--------------------------------------------------------------------------------
403	7.810000e-10	9.999943e-01	2.452604e-05	
404	7.830000e-10	9.999946e-01	2.417985e-05	
405	7.850000e-10	9.999943e-01	2.452535e-05	
406	7.870000e-10	9.999946e-01	2.418054e-05	
407	7.890000e-10	9.999943e-01	2.452466e-05	
408	7.910000e-10	9.999946e-01	2.418123e-05	
409	7.930000e-10	9.999943e-01	2.452398e-05	
410	7.950000e-10	9.999946e-01	2.418191e-05	
411	7.970000e-10	9.999943e-01	2.452329e-05	
412	7.990000e-10	9.999946e-01	2.418259e-05	
413	8.010000e-10	9.999943e-01	2.452261e-05	
414	8.030000e-10	9.999946e-01	2.418327e-05	
415	8.050000e-10	9.999943e-01	2.452193e-05	
416	8.070000e-10	9.999946e-01	2.418395e-05	
417	8.090000e-10	9.999943e-01	2.452126e-05	
418	8.110000e-10	9.999946e-01	2.418463e-05	
419	8.130000e-10	9.999943e-01	2.452058e-05	
420	8.150000e-10	9.999946e-01	2.418530e-05	
421	8.170000e-10	9.999943e-01	2.451990e-05	
422	8.190000e-10	9.999946e-01	2.418598e-05	
423	8.210000e-10	9.999943e-01	2.451923e-05	
424	8.230000e-10	9.999946e-01	2.418665e-05	
425	8.250000e-10	9.999943e-01	2.451856e-05	
426	8.270000e-10	9.999946e-01	2.418732e-05	
427	8.290000e-10	9.999943e-01	2.451789e-05	
428	8.310000e-10	9.999946e-01	2.418799e-05	
429	8.330000e-10	9.999943e-01	2.451723e-05	
430	8.350000e-10	9.999946e-01	2.418865e-05	
431	8.370000e-10	9.999943e-01	2.451656e-05	
432	8.390000e-10	9.999946e-01	2.418932e-05	
433	8.410000e-10	9.999943e-01	2.451590e-05	
434	8.430000e-10	9.999946e-01	2.418998e-05	
435	8.450000e-10	9.999943e-01	2.451524e-05	
436	8.470000e-10	9.999946e-01	2.419064e-05	
437	8.490000e-10	9.999943e-01	2.451458e-05	
438	8.510000e-10	9.999946e-01	2.419130e-05	
439	8.530000e-10	9.999943e-01	2.451392e-05	
440	8.550000e-10	9.999946e-01	2.419196e-05	
441	8.570000e-10	9.999943e-01	2.451326e-05	
442	8.590000e-10	9.999946e-01	2.419261e-05	
443	8.610000e-10	9.999943e-01	2.451261e-05	
444	8.630000e-10	9.999946e-01	2.419326e-05	
445	8.650000e-10	9.999943e-01	2.451195e-05	
446	8.670000e-10	9.999946e-01	2.419392e-05	
447	8.690000e-10	9.999943e-01	2.451130e-05	
448	8.710000e-10	9.999946e-01	2.419457e-05	
449	8.730000e-10	9.999943e-01	2.451065e-05	
450	8.750000e-10	9.999946e-01	2.419522e-05	
451	8.770000e-10	9.999943e-01	2.451001e-05	
452	8.790000e-10	9.999946e-01	2.419586e-05	
453	8.810000e-10	9.999943e-01	2.450936e-05	
454	8.830000e-10	9.999946e-01	2.419651e-05	
455	8.850000e-10	9.999943e-01	2.450872e-05	
456	8.870000e-10	9.999946e-01	2.419715e-05	
457	8.890000e-10	9.999943e-01	2.450808e-05	
458	8.910000e-10	9.999946e-01	2.419779e-05	
459	8.930000e-10	9.999943e-01	2.450743e-05	
460	8.950000e-10	9.999946e-01	2.419843e-05	

Index   time            v(dout_8)       v(rbl_delay)    
--------------------------------------------------------------------------------
461	8.970000e-10	9.999943e-01	2.450680e-05	
462	8.990000e-10	9.999946e-01	2.419907e-05	
463	9.010000e-10	9.999943e-01	2.450616e-05	
464	9.030000e-10	9.999946e-01	2.419971e-05	
465	9.050000e-10	9.999943e-01	2.450552e-05	
466	9.070000e-10	9.999946e-01	2.420034e-05	
467	9.090000e-10	9.999943e-01	2.450489e-05	
468	9.110000e-10	9.999946e-01	2.420097e-05	
469	9.130000e-10	9.999943e-01	2.450426e-05	
470	9.150000e-10	9.999946e-01	2.420161e-05	
471	9.170000e-10	9.999943e-01	2.450363e-05	
472	9.190000e-10	9.999946e-01	2.420223e-05	
473	9.210000e-10	9.999943e-01	2.450300e-05	
474	9.230000e-10	9.999946e-01	2.420286e-05	
475	9.250000e-10	9.999943e-01	2.450237e-05	
476	9.270000e-10	9.999946e-01	2.420349e-05	
477	9.290000e-10	9.999943e-01	2.450175e-05	
478	9.310000e-10	9.999946e-01	2.420411e-05	
479	9.330000e-10	9.999943e-01	2.450112e-05	
480	9.350000e-10	9.999946e-01	2.420474e-05	
481	9.370000e-10	9.999943e-01	2.450050e-05	
482	9.390000e-10	9.999946e-01	2.420536e-05	
483	9.410000e-10	9.999943e-01	2.449988e-05	
484	9.430000e-10	9.999946e-01	2.420598e-05	
485	9.450000e-10	9.999943e-01	2.449926e-05	
486	9.470000e-10	9.999946e-01	2.420660e-05	
487	9.490000e-10	9.999943e-01	2.449864e-05	
488	9.510000e-10	9.999946e-01	2.420721e-05	
489	9.530000e-10	9.999943e-01	2.449803e-05	
490	9.550000e-10	9.999946e-01	2.420783e-05	
491	9.570000e-10	9.999943e-01	2.449741e-05	
492	9.590000e-10	9.999946e-01	2.420844e-05	
493	9.610000e-10	9.999943e-01	2.449680e-05	
494	9.630000e-10	9.999946e-01	2.420905e-05	
495	9.650000e-10	9.999943e-01	2.449619e-05	
496	9.670000e-10	9.999946e-01	2.420966e-05	
497	9.690000e-10	9.999943e-01	2.449558e-05	
498	9.710000e-10	9.999946e-01	2.421027e-05	
499	9.730000e-10	9.999943e-01	2.449498e-05	
500	9.750000e-10	9.999946e-01	2.421088e-05	
501	9.770000e-10	9.999943e-01	2.449437e-05	
502	9.790000e-10	9.999946e-01	2.421148e-05	
503	9.810000e-10	9.999943e-01	2.449377e-05	
504	9.830000e-10	9.999946e-01	2.421208e-05	
505	9.850000e-10	9.999943e-01	2.449316e-05	
506	9.870000e-10	9.999946e-01	2.421269e-05	
507	9.890000e-10	9.999943e-01	2.449256e-05	
508	9.910000e-10	9.999946e-01	2.421329e-05	
509	9.930000e-10	9.999943e-01	2.449196e-05	
510	9.950000e-10	9.999946e-01	2.421388e-05	
511	9.970000e-10	9.999943e-01	2.449137e-05	
512	9.990000e-10	9.999946e-01	2.421448e-05	
513	1.001000e-09	9.999943e-01	2.449077e-05	
514	1.003000e-09	9.999946e-01	2.421508e-05	
515	1.005000e-09	9.999943e-01	2.449018e-05	
516	1.007000e-09	9.999946e-01	2.421567e-05	
517	1.009000e-09	9.999943e-01	2.448958e-05	
518	1.011000e-09	9.999946e-01	2.421626e-05	

Index   time            v(dout_8)       v(rbl_delay)    
--------------------------------------------------------------------------------
519	1.013000e-09	9.999943e-01	2.448899e-05	
520	1.015000e-09	9.999946e-01	2.421685e-05	
521	1.017000e-09	9.999943e-01	2.448840e-05	
522	1.019000e-09	9.999946e-01	2.421744e-05	
523	1.021000e-09	9.999943e-01	2.448781e-05	
524	1.023000e-09	9.999946e-01	2.421803e-05	
525	1.025000e-09	9.999943e-01	2.448723e-05	
526	1.027000e-09	9.999946e-01	2.421862e-05	
527	1.029000e-09	9.999943e-01	2.448664e-05	
528	1.031000e-09	9.999946e-01	2.421920e-05	
529	1.033000e-09	9.999943e-01	2.448606e-05	
530	1.035000e-09	9.999946e-01	2.421978e-05	
531	1.037000e-09	9.999943e-01	2.448548e-05	
532	1.039000e-09	9.999946e-01	2.422036e-05	
533	1.041000e-09	9.999943e-01	2.448490e-05	
534	1.043000e-09	9.999946e-01	2.422094e-05	
535	1.045000e-09	9.999943e-01	2.448432e-05	
536	1.047000e-09	9.999946e-01	2.422152e-05	
537	1.049000e-09	9.999943e-01	2.448374e-05	
538	1.051000e-09	9.999946e-01	2.422210e-05	
539	1.053000e-09	9.999943e-01	2.448316e-05	
540	1.055000e-09	9.999946e-01	2.422267e-05	
541	1.057000e-09	9.999943e-01	2.448259e-05	
542	1.059000e-09	9.999946e-01	2.422325e-05	
543	1.061000e-09	9.999943e-01	2.448202e-05	
544	1.063000e-09	9.999946e-01	2.422382e-05	
545	1.065000e-09	9.999943e-01	2.448144e-05	
546	1.067000e-09	9.999946e-01	2.422439e-05	
547	1.069000e-09	9.999943e-01	2.448087e-05	
548	1.071000e-09	9.999946e-01	2.422496e-05	
549	1.073000e-09	9.999943e-01	2.448031e-05	
550	1.075000e-09	9.999946e-01	2.422553e-05	
551	1.077000e-09	9.999943e-01	2.447974e-05	
552	1.079000e-09	9.999946e-01	2.422609e-05	
553	1.081000e-09	9.999943e-01	2.447917e-05	
554	1.083000e-09	9.999946e-01	2.422666e-05	
555	1.085000e-09	9.999943e-01	2.447861e-05	
556	1.087000e-09	9.999946e-01	2.422722e-05	
557	1.089000e-09	9.999943e-01	2.447805e-05	
558	1.091000e-09	9.999946e-01	2.422778e-05	
559	1.093000e-09	9.999943e-01	2.447749e-05	
560	1.095000e-09	9.999946e-01	2.422834e-05	
561	1.097000e-09	9.999943e-01	2.447693e-05	
562	1.099000e-09	9.999946e-01	2.422890e-05	
563	1.101000e-09	9.999943e-01	2.447637e-05	
564	1.103000e-09	9.999946e-01	2.422946e-05	
565	1.105000e-09	9.999943e-01	2.447581e-05	
566	1.107000e-09	9.999946e-01	2.423002e-05	
567	1.109000e-09	9.999943e-01	2.447526e-05	
568	1.111000e-09	9.999946e-01	2.423057e-05	
569	1.113000e-09	9.999943e-01	2.447470e-05	
570	1.115000e-09	9.999946e-01	2.423112e-05	
571	1.117000e-09	9.999943e-01	2.447415e-05	
572	1.119000e-09	9.999946e-01	2.423167e-05	
573	1.121000e-09	9.999943e-01	2.447360e-05	
574	1.123000e-09	9.999946e-01	2.423222e-05	
575	1.125000e-09	9.999943e-01	2.447305e-05	
576	1.127000e-09	9.999946e-01	2.423277e-05	

Index   time            v(dout_8)       v(rbl_delay)    
--------------------------------------------------------------------------------
577	1.129000e-09	9.999943e-01	2.447250e-05	
578	1.131000e-09	9.999946e-01	2.423332e-05	
579	1.133000e-09	9.999943e-01	2.447196e-05	
580	1.135000e-09	9.999946e-01	2.423387e-05	
581	1.137000e-09	9.999943e-01	2.447141e-05	
582	1.139000e-09	9.999946e-01	2.423441e-05	
583	1.141000e-09	9.999943e-01	2.447087e-05	
584	1.143000e-09	9.999946e-01	2.423495e-05	
585	1.145000e-09	9.999943e-01	2.447033e-05	
586	1.147000e-09	9.999946e-01	2.423549e-05	
587	1.149000e-09	9.999943e-01	2.446979e-05	
588	1.151000e-09	9.999946e-01	2.423603e-05	
589	1.153000e-09	9.999943e-01	2.446925e-05	
590	1.155000e-09	9.999946e-01	2.423657e-05	
591	1.157000e-09	9.999943e-01	2.446871e-05	
592	1.159000e-09	9.999946e-01	2.423711e-05	
593	1.161000e-09	9.999943e-01	2.446817e-05	
594	1.163000e-09	9.999946e-01	2.423764e-05	
595	1.165000e-09	9.999943e-01	2.446764e-05	
596	1.167000e-09	9.999946e-01	2.423818e-05	
597	1.169000e-09	9.999943e-01	2.446711e-05	
598	1.171000e-09	9.999946e-01	2.423871e-05	
599	1.173000e-09	9.999943e-01	2.446657e-05	
600	1.175000e-09	9.999946e-01	2.423924e-05	
601	1.177000e-09	9.999943e-01	2.446604e-05	
602	1.179000e-09	9.999946e-01	2.423977e-05	
603	1.181000e-09	9.999943e-01	2.446551e-05	
604	1.183000e-09	9.999946e-01	2.424030e-05	
605	1.185000e-09	9.999943e-01	2.446498e-05	
606	1.187000e-09	9.999946e-01	2.424083e-05	
607	1.189000e-09	9.999943e-01	2.446446e-05	
608	1.191000e-09	9.999946e-01	2.424136e-05	
609	1.193000e-09	9.999943e-01	2.446393e-05	
610	1.195000e-09	9.999946e-01	2.424188e-05	
611	1.197000e-09	9.999943e-01	2.446341e-05	
612	1.199000e-09	9.999946e-01	2.424240e-05	
613	1.201000e-09	9.999943e-01	2.446289e-05	
614	1.203000e-09	9.999946e-01	2.424293e-05	
615	1.205000e-09	9.999943e-01	2.446237e-05	
616	1.207000e-09	9.999946e-01	2.424345e-05	
617	1.209000e-09	9.999943e-01	2.446185e-05	
618	1.211000e-09	9.999946e-01	2.424397e-05	
619	1.213000e-09	9.999943e-01	2.446133e-05	
620	1.215000e-09	9.999946e-01	2.424448e-05	
621	1.217000e-09	9.999943e-01	2.446081e-05	
622	1.219000e-09	9.999946e-01	2.424500e-05	
623	1.221000e-09	9.999943e-01	2.446029e-05	
624	1.223000e-09	9.999946e-01	2.424551e-05	
625	1.225000e-09	9.999943e-01	2.445978e-05	
626	1.227000e-09	9.999946e-01	2.424603e-05	
627	1.229000e-09	9.999943e-01	2.445927e-05	
628	1.231000e-09	9.999946e-01	2.424654e-05	
629	1.233000e-09	9.999943e-01	2.445876e-05	
630	1.235000e-09	9.999945e-01	2.424705e-05	
631	1.237000e-09	9.999943e-01	2.445824e-05	
632	1.239000e-09	9.999945e-01	2.424756e-05	
633	1.241000e-09	9.999943e-01	2.445774e-05	
634	1.243000e-09	9.999945e-01	2.424807e-05	

Index   time            v(dout_8)       v(rbl_delay)    
--------------------------------------------------------------------------------
635	1.245000e-09	9.999943e-01	2.445723e-05	
636	1.247000e-09	9.999945e-01	2.424858e-05	
637	1.249000e-09	9.999943e-01	2.445672e-05	
638	1.251000e-09	9.999945e-01	2.424908e-05	
639	1.253000e-09	9.999943e-01	2.445622e-05	
640	1.255000e-09	9.999945e-01	2.424959e-05	
641	1.257000e-09	9.999943e-01	2.445571e-05	
642	1.259000e-09	9.999945e-01	2.425009e-05	
643	1.261000e-09	9.999943e-01	2.445521e-05	
644	1.263000e-09	9.999945e-01	2.425059e-05	
645	1.265000e-09	9.999943e-01	2.445471e-05	
646	1.267000e-09	9.999945e-01	2.425109e-05	
647	1.269000e-09	9.999943e-01	2.445421e-05	
648	1.271000e-09	9.999945e-01	2.425159e-05	
649	1.273000e-09	9.999943e-01	2.445371e-05	
650	1.275000e-09	9.999945e-01	2.425209e-05	
651	1.277000e-09	9.999943e-01	2.445321e-05	
652	1.279000e-09	9.999945e-01	2.425259e-05	
653	1.281000e-09	9.999943e-01	2.445272e-05	
654	1.283000e-09	9.999945e-01	2.425308e-05	
655	1.285000e-09	9.999943e-01	2.445222e-05	
656	1.287000e-09	9.999945e-01	2.425358e-05	
657	1.289000e-09	9.999943e-01	2.445173e-05	
658	1.291000e-09	9.999945e-01	2.425407e-05	
659	1.293000e-09	9.999943e-01	2.445124e-05	
660	1.295000e-09	9.999945e-01	2.425456e-05	
661	1.297000e-09	9.999943e-01	2.445075e-05	
662	1.299000e-09	9.999945e-01	2.425505e-05	
663	1.301000e-09	9.999943e-01	2.445026e-05	
664	1.303000e-09	9.999945e-01	2.425554e-05	
665	1.305000e-09	9.999943e-01	2.444977e-05	
666	1.307000e-09	9.999945e-01	2.425603e-05	
667	1.309000e-09	9.999943e-01	2.444928e-05	
668	1.311000e-09	9.999945e-01	2.425651e-05	
669	1.313000e-09	9.999943e-01	2.444880e-05	
670	1.315000e-09	9.999945e-01	2.425700e-05	
671	1.317000e-09	9.999943e-01	2.444831e-05	
672	1.319000e-09	9.999945e-01	2.425748e-05	
673	1.321000e-09	9.999943e-01	2.444783e-05	
674	1.323000e-09	9.999945e-01	2.425797e-05	
675	1.325000e-09	9.999943e-01	2.444735e-05	
676	1.327000e-09	9.999945e-01	2.425845e-05	
677	1.329000e-09	9.999943e-01	2.444686e-05	
678	1.331000e-09	9.999945e-01	2.425893e-05	
679	1.333000e-09	9.999943e-01	2.444638e-05	
680	1.335000e-09	9.999945e-01	2.425941e-05	
681	1.337000e-09	9.999943e-01	2.444591e-05	
682	1.339000e-09	9.999945e-01	2.425988e-05	
683	1.341000e-09	9.999943e-01	2.444543e-05	
684	1.343000e-09	9.999945e-01	2.426036e-05	
685	1.345000e-09	9.999943e-01	2.444495e-05	
686	1.347000e-09	9.999945e-01	2.426084e-05	
687	1.349000e-09	9.999943e-01	2.444448e-05	
688	1.351000e-09	9.999945e-01	2.426131e-05	
689	1.353000e-09	9.999943e-01	2.444401e-05	
690	1.355000e-09	9.999945e-01	2.426178e-05	
691	1.357000e-09	9.999943e-01	2.444353e-05	
692	1.359000e-09	9.999945e-01	2.426226e-05	

Index   time            v(dout_8)       v(rbl_delay)    
--------------------------------------------------------------------------------
693	1.361000e-09	9.999943e-01	2.444306e-05	
694	1.363000e-09	9.999945e-01	2.426273e-05	
695	1.365000e-09	9.999943e-01	2.444259e-05	
696	1.367000e-09	9.999945e-01	2.426319e-05	
697	1.369000e-09	9.999943e-01	2.444212e-05	
698	1.371000e-09	9.999945e-01	2.426366e-05	
699	1.373000e-09	9.999943e-01	2.444166e-05	
700	1.375000e-09	9.999945e-01	2.426413e-05	
701	1.377000e-09	9.999943e-01	2.444119e-05	
702	1.379000e-09	9.999945e-01	2.426460e-05	
703	1.381000e-09	9.999943e-01	2.444073e-05	
704	1.383000e-09	9.999945e-01	2.426506e-05	
705	1.385000e-09	9.999943e-01	2.444026e-05	
706	1.387000e-09	9.999945e-01	2.426552e-05	
707	1.389000e-09	9.999943e-01	2.443980e-05	
708	1.391000e-09	9.999945e-01	2.426598e-05	
709	1.393000e-09	9.999943e-01	2.443934e-05	
710	1.395000e-09	9.999945e-01	2.426645e-05	
711	1.397000e-09	9.999943e-01	2.443888e-05	
712	1.399000e-09	9.999945e-01	2.426691e-05	
713	1.401000e-09	9.999943e-01	2.443842e-05	
714	1.403000e-09	9.999945e-01	2.426736e-05	
715	1.405000e-09	9.999943e-01	2.443796e-05	
716	1.407000e-09	9.999945e-01	2.426782e-05	
717	1.409000e-09	9.999943e-01	2.443750e-05	
718	1.411000e-09	9.999945e-01	2.426828e-05	
719	1.413000e-09	9.999943e-01	2.443705e-05	
720	1.415000e-09	9.999945e-01	2.426873e-05	
721	1.417000e-09	9.999943e-01	2.443660e-05	
722	1.419000e-09	9.999945e-01	2.426919e-05	
723	1.421000e-09	9.999943e-01	2.443614e-05	
724	1.423000e-09	9.999945e-01	2.426964e-05	
725	1.425000e-09	9.999943e-01	2.443569e-05	
726	1.427000e-09	9.999945e-01	2.427009e-05	
727	1.429000e-09	9.999943e-01	2.443524e-05	
728	1.431000e-09	9.999945e-01	2.427054e-05	
729	1.433000e-09	9.999943e-01	2.443479e-05	
730	1.435000e-09	9.999945e-01	2.427099e-05	
731	1.437000e-09	9.999943e-01	2.443434e-05	
732	1.439000e-09	9.999945e-01	2.427144e-05	
733	1.441000e-09	9.999943e-01	2.443389e-05	
734	1.443000e-09	9.999945e-01	2.427188e-05	
735	1.445000e-09	9.999943e-01	2.443345e-05	
736	1.447000e-09	9.999945e-01	2.427233e-05	
737	1.449000e-09	9.999943e-01	2.443300e-05	
738	1.451000e-09	9.999945e-01	2.427277e-05	
739	1.453000e-09	9.999943e-01	2.443256e-05	
740	1.455000e-09	9.999945e-01	2.427322e-05	
741	1.457000e-09	9.999943e-01	2.443212e-05	
742	1.459000e-09	9.999945e-01	2.427366e-05	
743	1.461000e-09	9.999943e-01	2.443167e-05	
744	1.463000e-09	9.999945e-01	2.427410e-05	
745	1.465000e-09	9.999943e-01	2.443123e-05	
746	1.467000e-09	9.999945e-01	2.427454e-05	
747	1.469000e-09	9.999943e-01	2.443079e-05	
748	1.471000e-09	9.999945e-01	2.427498e-05	
749	1.473000e-09	9.999943e-01	2.443036e-05	
750	1.475000e-09	9.999945e-01	2.427542e-05	

Index   time            v(dout_8)       v(rbl_delay)    
--------------------------------------------------------------------------------
751	1.477000e-09	9.999943e-01	2.442992e-05	
752	1.479000e-09	9.999945e-01	2.427585e-05	
753	1.481000e-09	9.999943e-01	2.442948e-05	
754	1.483000e-09	9.999945e-01	2.427629e-05	
755	1.485000e-09	9.999943e-01	2.442905e-05	
756	1.487000e-09	9.999945e-01	2.427672e-05	
757	1.489000e-09	9.999943e-01	2.442862e-05	
758	1.491000e-09	9.999945e-01	2.427716e-05	
759	1.493000e-09	9.999943e-01	2.442818e-05	
760	1.495000e-09	9.999945e-01	2.427759e-05	
761	1.497000e-09	9.999943e-01	2.442775e-05	
762	1.499000e-09	9.999945e-01	2.427802e-05	
763	1.501000e-09	9.999943e-01	2.442732e-05	
764	1.503000e-09	9.999945e-01	2.427845e-05	
765	1.505000e-09	9.999943e-01	2.442689e-05	
766	1.507000e-09	9.999945e-01	2.427888e-05	
767	1.509000e-09	9.999943e-01	2.442646e-05	
768	1.511000e-09	9.999945e-01	2.427931e-05	
769	1.513000e-09	9.999943e-01	2.442604e-05	
770	1.515000e-09	9.999945e-01	2.427973e-05	
771	1.517000e-09	9.999943e-01	2.442561e-05	
772	1.519000e-09	9.999945e-01	2.428016e-05	
773	1.521000e-09	9.999943e-01	2.442518e-05	
774	1.523000e-09	9.999945e-01	2.428058e-05	
775	1.525000e-09	9.999943e-01	2.442476e-05	
776	1.527000e-09	9.999945e-01	2.428101e-05	
777	1.529000e-09	9.999943e-01	2.442434e-05	
778	1.531000e-09	9.999945e-01	2.428143e-05	
779	1.533000e-09	9.999943e-01	2.442392e-05	
780	1.535000e-09	9.999945e-01	2.428185e-05	
781	1.537000e-09	9.999943e-01	2.442350e-05	
782	1.539000e-09	9.999945e-01	2.428227e-05	
783	1.541000e-09	9.999943e-01	2.442308e-05	
784	1.543000e-09	9.999945e-01	2.428269e-05	
785	1.545000e-09	9.999943e-01	2.442266e-05	
786	1.547000e-09	9.999945e-01	2.428311e-05	
787	1.549000e-09	9.999943e-01	2.442224e-05	
788	1.551000e-09	9.999945e-01	2.428352e-05	
789	1.553000e-09	9.999943e-01	2.442182e-05	
790	1.555000e-09	9.999945e-01	2.428394e-05	
791	1.557000e-09	9.999943e-01	2.442141e-05	
792	1.559000e-09	9.999945e-01	2.428435e-05	
793	1.560000e-09	9.999943e-01	2.442079e-05	
794	1.560200e-09	9.999944e-01	2.435329e-05	
795	1.560600e-09	9.999944e-01	2.435226e-05	
796	1.561400e-09	9.999944e-01	2.435329e-05	
797	1.563000e-09	9.999944e-01	2.435227e-05	
798	1.565000e-09	9.999944e-01	2.435329e-05	
799	1.567000e-09	9.999944e-01	2.435228e-05	
800	1.569000e-09	9.999944e-01	2.435328e-05	
801	1.570000e-09	9.999944e-01	2.435227e-05	
802	1.570200e-09	9.999944e-01	2.435278e-05	
803	1.570600e-09	9.999944e-01	2.435278e-05	
804	1.571400e-09	9.999944e-01	2.435277e-05	
805	1.573000e-09	9.999944e-01	2.435277e-05	
806	1.575000e-09	9.999944e-01	2.435277e-05	
807	1.577000e-09	9.999944e-01	2.435278e-05	
808	1.579000e-09	9.999944e-01	2.435278e-05	

Index   time            v(dout_8)       v(rbl_delay)    
--------------------------------------------------------------------------------
809	1.581000e-09	9.999944e-01	2.435280e-05	
810	1.583000e-09	9.999944e-01	2.435281e-05	
811	1.585000e-09	9.999944e-01	2.435282e-05	
812	1.587000e-09	9.999944e-01	2.435281e-05	
813	1.589000e-09	9.999944e-01	2.435280e-05	
814	1.591000e-09	9.999944e-01	2.435283e-05	
815	1.593000e-09	9.999944e-01	2.435293e-05	
816	1.595000e-09	9.999944e-01	2.435295e-05	
817	1.597000e-09	9.999944e-01	2.435288e-05	
818	1.599000e-09	9.999944e-01	2.435275e-05	
819	1.601000e-09	9.999944e-01	2.435258e-05	
820	1.603000e-09	9.999944e-01	2.435249e-05	
821	1.605000e-09	9.999944e-01	2.435251e-05	
822	1.607000e-09	9.999944e-01	2.435260e-05	
823	1.609000e-09	9.999944e-01	2.435276e-05	
824	1.611000e-09	9.999944e-01	2.435293e-05	
825	1.613000e-09	9.999944e-01	2.435287e-05	
826	1.615000e-09	9.999944e-01	2.435229e-05	
827	1.617000e-09	9.999944e-01	2.435115e-05	
828	1.619000e-09	9.999944e-01	2.434994e-05	
829	1.621000e-09	9.999943e-01	2.434892e-05	
830	1.623000e-09	9.999943e-01	2.434755e-05	
831	1.625000e-09	9.999943e-01	2.434848e-05	
832	1.627000e-09	9.999943e-01	2.435176e-05	
833	1.629000e-09	9.999944e-01	2.435544e-05	
834	1.631000e-09	9.999944e-01	2.435852e-05	
835	1.633000e-09	9.999945e-01	2.436107e-05	
836	1.635000e-09	9.999947e-01	2.436858e-05	
837	1.637000e-09	9.999953e-01	2.439390e-05	
838	1.639000e-09	9.999963e-01	2.443542e-05	
839	1.641000e-09	9.999973e-01	2.446556e-05	
840	1.643000e-09	9.999981e-01	2.447674e-05	
841	1.645000e-09	9.999983e-01	2.445559e-05	
842	1.647000e-09	9.999980e-01	2.441130e-05	
843	1.649000e-09	9.999973e-01	2.436349e-05	
844	1.651000e-09	9.999966e-01	2.432691e-05	
845	1.653000e-09	9.999962e-01	2.431185e-05	
846	1.655000e-09	9.999963e-01	2.432859e-05	
847	1.657000e-09	9.999967e-01	2.435735e-05	
848	1.659000e-09	9.999958e-01	2.430159e-05	
849	1.661000e-09	9.999905e-01	2.403607e-05	
850	1.663000e-09	9.999785e-01	2.349245e-05	
851	1.665000e-09	9.999592e-01	2.272584e-05	
852	1.667000e-09	9.999301e-01	2.164287e-05	
853	1.669000e-09	9.998922e-01	2.039922e-05	
854	1.671000e-09	9.998579e-01	1.968638e-05	
855	1.673000e-09	9.998341e-01	1.968536e-05	
856	1.675000e-09	9.998214e-01	2.023749e-05	
857	1.677000e-09	9.998218e-01	2.131114e-05	
858	1.679000e-09	9.998443e-01	2.325528e-05	
859	1.681000e-09	9.999479e-01	2.899021e-05	
860	1.683000e-09	1.000249e+00	4.364055e-05	
861	1.685000e-09	1.000789e+00	6.667749e-05	
862	1.687000e-09	1.001546e+00	9.457894e-05	
863	1.689000e-09	1.002446e+00	1.223833e-04	
864	1.691000e-09	1.003376e+00	1.443632e-04	
865	1.693000e-09	1.004267e+00	1.588831e-04	
866	1.695000e-09	1.005108e+00	1.674990e-04	

Index   time            v(dout_8)       v(rbl_delay)    
--------------------------------------------------------------------------------
867	1.697000e-09	1.005927e+00	1.729762e-04	
868	1.699000e-09	1.006804e+00	1.802652e-04	
869	1.701000e-09	1.007857e+00	1.949543e-04	
870	1.703000e-09	1.008957e+00	2.073931e-04	
871	1.705000e-09	1.009397e+00	1.814242e-04	
872	1.707000e-09	1.007836e+00	5.754131e-05	
873	1.709000e-09	1.002748e+00	-2.20686e-04	
874	1.711000e-09	9.923651e-01	-7.05135e-04	
875	1.713000e-09	9.738758e-01	-1.49190e-03	
876	1.715000e-09	9.467193e-01	-2.52754e-03	
877	1.717000e-09	9.123688e-01	-3.67590e-03	
878	1.719000e-09	8.722704e-01	-4.83749e-03	
879	1.721000e-09	8.273627e-01	-5.93058e-03	
880	1.723000e-09	7.771565e-01	-6.85019e-03	
881	1.725000e-09	7.213678e-01	-7.10035e-03	
882	1.727000e-09	6.647102e-01	-5.12381e-03	
883	1.729000e-09	6.114582e-01	1.065135e-03	
884	1.731000e-09	5.630319e-01	1.306611e-02	
885	1.733000e-09	5.216174e-01	3.182132e-02	
886	1.735000e-09	4.892908e-01	5.709836e-02	
887	1.737000e-09	4.647012e-01	8.800842e-02	
888	1.739000e-09	4.447002e-01	1.236601e-01	
889	1.741000e-09	4.258022e-01	1.633953e-01	
890	1.743000e-09	4.025574e-01	2.072579e-01	
891	1.745000e-09	3.681835e-01	2.565605e-01	
892	1.747000e-09	3.262475e-01	3.130753e-01	
893	1.749000e-09	2.847568e-01	3.759660e-01	
894	1.751000e-09	2.459763e-01	4.423415e-01	
895	1.753000e-09	2.109090e-01	5.133514e-01	
896	1.755000e-09	1.796517e-01	5.820624e-01	
897	1.757000e-09	1.519102e-01	6.420692e-01	
898	1.759000e-09	1.275910e-01	6.926797e-01	
899	1.761000e-09	1.067789e-01	7.395469e-01	
900	1.763000e-09	8.953056e-02	7.906780e-01	
901	1.765000e-09	7.595593e-02	8.558309e-01	
902	1.767000e-09	6.474794e-02	9.158602e-01	
903	1.769000e-09	5.453205e-02	9.534118e-01	
904	1.771000e-09	4.529019e-02	9.746502e-01	
905	1.773000e-09	3.717614e-02	9.862049e-01	
906	1.775000e-09	3.025318e-02	9.923610e-01	
907	1.777000e-09	2.446896e-02	9.956318e-01	
908	1.779000e-09	1.970748e-02	9.973873e-01	
909	1.781000e-09	1.582604e-02	9.983472e-01	
910	1.783000e-09	1.268434e-02	9.988946e-01	
911	1.785000e-09	1.015204e-02	9.992223e-01	
912	1.787000e-09	8.118357e-03	9.994307e-01	
913	1.789000e-09	6.487744e-03	9.995700e-01	
914	1.791000e-09	5.183353e-03	9.996687e-01	
915	1.793000e-09	4.140129e-03	9.997406e-01	
916	1.795000e-09	3.307456e-03	9.997953e-01	
917	1.797000e-09	2.642276e-03	9.998370e-01	
918	1.799000e-09	2.112122e-03	9.998700e-01	
919	1.801000e-09	1.688762e-03	9.998955e-01	
920	1.803000e-09	1.351748e-03	9.999161e-01	
921	1.805000e-09	1.082557e-03	9.999320e-01	
922	1.807000e-09	8.685453e-04	9.999451e-01	
923	1.809000e-09	6.974557e-04	9.999550e-01	
924	1.811000e-09	5.616642e-04	9.999634e-01	

Index   time            v(dout_8)       v(rbl_delay)    
--------------------------------------------------------------------------------
925	1.813000e-09	4.529300e-04	9.999696e-01	
926	1.815000e-09	3.668370e-04	9.999751e-01	
927	1.817000e-09	2.977101e-04	9.999789e-01	
928	1.819000e-09	2.431772e-04	9.999824e-01	
929	1.821000e-09	1.991978e-04	9.999848e-01	
930	1.823000e-09	1.646996e-04	9.999871e-01	
931	1.825000e-09	1.366827e-04	9.999885e-01	
932	1.827000e-09	1.149002e-04	9.999901e-01	
933	1.829000e-09	9.701411e-05	9.999909e-01	
934	1.831000e-09	8.330090e-05	9.999920e-01	
935	1.833000e-09	7.184376e-05	9.999924e-01	
936	1.835000e-09	6.325077e-05	9.999932e-01	
937	1.837000e-09	5.587325e-05	9.999933e-01	
938	1.839000e-09	5.052896e-05	9.999939e-01	
939	1.841000e-09	4.574023e-05	9.999939e-01	
940	1.843000e-09	4.245705e-05	9.999944e-01	
941	1.845000e-09	3.931109e-05	9.999943e-01	
942	1.847000e-09	3.733547e-05	9.999947e-01	
943	1.849000e-09	3.523204e-05	9.999946e-01	
944	1.851000e-09	3.408584e-05	9.999949e-01	
945	1.853000e-09	3.264407e-05	9.999947e-01	
946	1.855000e-09	3.202392e-05	9.999950e-01	
947	1.857000e-09	3.100216e-05	9.999948e-01	
948	1.859000e-09	3.071558e-05	9.999951e-01	
949	1.861000e-09	2.996051e-05	9.999949e-01	
950	1.863000e-09	2.988537e-05	9.999952e-01	
951	1.865000e-09	2.929970e-05	9.999949e-01	
952	1.867000e-09	2.935852e-05	9.999952e-01	
953	1.869000e-09	2.888054e-05	9.999949e-01	
954	1.871000e-09	2.902415e-05	9.999952e-01	
955	1.873000e-09	2.861469e-05	9.999949e-01	
956	1.875000e-09	2.881189e-05	9.999952e-01	
957	1.877000e-09	2.844611e-05	9.999950e-01	
958	1.879000e-09	2.867712e-05	9.999952e-01	
959	1.881000e-09	2.833925e-05	9.999950e-01	
960	1.883000e-09	2.859151e-05	9.999953e-01	
961	1.885000e-09	2.827155e-05	9.999950e-01	
962	1.887000e-09	2.853709e-05	9.999953e-01	
963	1.889000e-09	2.822870e-05	9.999950e-01	
964	1.891000e-09	2.850247e-05	9.999953e-01	
965	1.893000e-09	2.820161e-05	9.999950e-01	
966	1.895000e-09	2.848040e-05	9.999953e-01	
967	1.897000e-09	2.818452e-05	9.999950e-01	
968	1.899000e-09	2.846630e-05	9.999953e-01	
969	1.901000e-09	2.817377e-05	9.999950e-01	
970	1.903000e-09	2.845725e-05	9.999953e-01	
971	1.905000e-09	2.816706e-05	9.999950e-01	
972	1.907000e-09	2.845141e-05	9.999953e-01	
973	1.909000e-09	2.816289e-05	9.999950e-01	
974	1.911000e-09	2.844761e-05	9.999953e-01	
975	1.913000e-09	2.816035e-05	9.999950e-01	
976	1.915000e-09	2.844509e-05	9.999953e-01	
977	1.917000e-09	2.815884e-05	9.999950e-01	
978	1.919000e-09	2.844340e-05	9.999953e-01	
979	1.921000e-09	2.815797e-05	9.999950e-01	
980	1.923000e-09	2.844223e-05	9.999953e-01	
981	1.925000e-09	2.815753e-05	9.999950e-01	
982	1.927000e-09	2.844139e-05	9.999953e-01	

Index   time            v(dout_8)       v(rbl_delay)    
--------------------------------------------------------------------------------
983	1.929000e-09	2.815734e-05	9.999950e-01	
984	1.931000e-09	2.844075e-05	9.999953e-01	
985	1.933000e-09	2.815732e-05	9.999950e-01	
986	1.935000e-09	2.844025e-05	9.999953e-01	
987	1.937000e-09	2.815741e-05	9.999950e-01	
988	1.939000e-09	2.843984e-05	9.999953e-01	
989	1.941000e-09	2.815756e-05	9.999950e-01	
990	1.943000e-09	2.843948e-05	9.999953e-01	
991	1.945000e-09	2.815776e-05	9.999950e-01	
992	1.947000e-09	2.843915e-05	9.999953e-01	
993	1.949000e-09	2.815798e-05	9.999950e-01	
994	1.951000e-09	2.843884e-05	9.999953e-01	
995	1.953000e-09	2.815822e-05	9.999950e-01	
996	1.955000e-09	2.843855e-05	9.999953e-01	
997	1.957000e-09	2.815846e-05	9.999950e-01	
998	1.959000e-09	2.843827e-05	9.999953e-01	
999	1.961000e-09	2.815872e-05	9.999950e-01	
1000	1.963000e-09	2.843799e-05	9.999953e-01	
1001	1.965000e-09	2.815898e-05	9.999950e-01	
1002	1.967000e-09	2.843772e-05	9.999953e-01	
1003	1.969000e-09	2.815924e-05	9.999950e-01	
1004	1.971000e-09	2.843745e-05	9.999953e-01	
1005	1.973000e-09	2.815951e-05	9.999950e-01	
1006	1.975000e-09	2.843718e-05	9.999953e-01	
1007	1.977000e-09	2.815977e-05	9.999950e-01	
1008	1.979000e-09	2.843691e-05	9.999953e-01	
1009	1.981000e-09	2.816004e-05	9.999950e-01	
1010	1.983000e-09	2.843664e-05	9.999953e-01	
1011	1.985000e-09	2.816030e-05	9.999950e-01	
1012	1.987000e-09	2.843638e-05	9.999953e-01	
1013	1.989000e-09	2.816057e-05	9.999950e-01	
1014	1.991000e-09	2.843611e-05	9.999953e-01	
1015	1.993000e-09	2.816083e-05	9.999950e-01	
1016	1.995000e-09	2.843584e-05	9.999953e-01	
1017	1.997000e-09	2.816110e-05	9.999950e-01	
1018	1.999000e-09	2.843558e-05	9.999953e-01	
1019	2.001000e-09	2.816136e-05	9.999950e-01	
1020	2.003000e-09	2.843531e-05	9.999953e-01	
1021	2.005000e-09	2.816162e-05	9.999950e-01	
1022	2.007000e-09	2.843505e-05	9.999953e-01	
1023	2.009000e-09	2.816189e-05	9.999950e-01	
1024	2.011000e-09	2.843479e-05	9.999953e-01	
1025	2.013000e-09	2.816215e-05	9.999950e-01	
1026	2.015000e-09	2.843452e-05	9.999953e-01	
1027	2.017000e-09	2.816242e-05	9.999950e-01	
1028	2.019000e-09	2.843426e-05	9.999953e-01	
1029	2.021000e-09	2.816268e-05	9.999950e-01	
1030	2.023000e-09	2.843400e-05	9.999953e-01	
1031	2.025000e-09	2.816294e-05	9.999950e-01	
1032	2.027000e-09	2.843373e-05	9.999953e-01	
1033	2.029000e-09	2.816320e-05	9.999950e-01	
1034	2.031000e-09	2.843347e-05	9.999953e-01	
1035	2.033000e-09	2.816347e-05	9.999950e-01	
1036	2.035000e-09	2.843321e-05	9.999953e-01	
1037	2.037000e-09	2.816373e-05	9.999950e-01	
1038	2.039000e-09	2.843295e-05	9.999953e-01	
1039	2.041000e-09	2.816399e-05	9.999950e-01	
1040	2.043000e-09	2.843269e-05	9.999953e-01	

Index   time            v(dout_8)       v(rbl_delay)    
--------------------------------------------------------------------------------
1041	2.045000e-09	2.816425e-05	9.999950e-01	
1042	2.047000e-09	2.843243e-05	9.999953e-01	
1043	2.049000e-09	2.816451e-05	9.999950e-01	
1044	2.051000e-09	2.843217e-05	9.999953e-01	
1045	2.053000e-09	2.816477e-05	9.999950e-01	
1046	2.055000e-09	2.843190e-05	9.999953e-01	
1047	2.057000e-09	2.816503e-05	9.999950e-01	
1048	2.059000e-09	2.843164e-05	9.999953e-01	
1049	2.061000e-09	2.816529e-05	9.999950e-01	
1050	2.063000e-09	2.843138e-05	9.999953e-01	
1051	2.065000e-09	2.816555e-05	9.999950e-01	
1052	2.067000e-09	2.843113e-05	9.999953e-01	
1053	2.069000e-09	2.816581e-05	9.999950e-01	
1054	2.071000e-09	2.843087e-05	9.999953e-01	
1055	2.073000e-09	2.816607e-05	9.999950e-01	
1056	2.075000e-09	2.843061e-05	9.999953e-01	
1057	2.077000e-09	2.816633e-05	9.999950e-01	
1058	2.079000e-09	2.843035e-05	9.999953e-01	
1059	2.081000e-09	2.816659e-05	9.999950e-01	
1060	2.083000e-09	2.843009e-05	9.999953e-01	
1061	2.085000e-09	2.816685e-05	9.999950e-01	
1062	2.087000e-09	2.842983e-05	9.999953e-01	
1063	2.089000e-09	2.816710e-05	9.999950e-01	
1064	2.091000e-09	2.842957e-05	9.999953e-01	
1065	2.093000e-09	2.816736e-05	9.999950e-01	
1066	2.095000e-09	2.842932e-05	9.999953e-01	
1067	2.097000e-09	2.816762e-05	9.999950e-01	
1068	2.099000e-09	2.842906e-05	9.999953e-01	
1069	2.101000e-09	2.816788e-05	9.999950e-01	
1070	2.103000e-09	2.842880e-05	9.999953e-01	
1071	2.105000e-09	2.816813e-05	9.999950e-01	
1072	2.107000e-09	2.842855e-05	9.999953e-01	
1073	2.109000e-09	2.816839e-05	9.999950e-01	
1074	2.111000e-09	2.842829e-05	9.999953e-01	
1075	2.113000e-09	2.816864e-05	9.999950e-01	
1076	2.115000e-09	2.842804e-05	9.999953e-01	
1077	2.117000e-09	2.816890e-05	9.999950e-01	
1078	2.119000e-09	2.842778e-05	9.999953e-01	
1079	2.121000e-09	2.816916e-05	9.999949e-01	
1080	2.123000e-09	2.842753e-05	9.999953e-01	
1081	2.125000e-09	2.816941e-05	9.999949e-01	
1082	2.127000e-09	2.842727e-05	9.999953e-01	
1083	2.129000e-09	2.816967e-05	9.999949e-01	
1084	2.131000e-09	2.842702e-05	9.999953e-01	
1085	2.133000e-09	2.816992e-05	9.999949e-01	
1086	2.135000e-09	2.842676e-05	9.999953e-01	
1087	2.137000e-09	2.817017e-05	9.999949e-01	
1088	2.139000e-09	2.842651e-05	9.999953e-01	
1089	2.141000e-09	2.817043e-05	9.999949e-01	
1090	2.143000e-09	2.842625e-05	9.999953e-01	
1091	2.145000e-09	2.817068e-05	9.999949e-01	
1092	2.147000e-09	2.842600e-05	9.999953e-01	
1093	2.149000e-09	2.817093e-05	9.999949e-01	
1094	2.151000e-09	2.842575e-05	9.999953e-01	
1095	2.153000e-09	2.817119e-05	9.999949e-01	
1096	2.155000e-09	2.842550e-05	9.999953e-01	
1097	2.157000e-09	2.817144e-05	9.999949e-01	
1098	2.159000e-09	2.842524e-05	9.999953e-01	

Index   time            v(dout_8)       v(rbl_delay)    
--------------------------------------------------------------------------------
1099	2.161000e-09	2.817169e-05	9.999949e-01	
1100	2.163000e-09	2.842499e-05	9.999953e-01	
1101	2.165000e-09	2.817194e-05	9.999949e-01	
1102	2.167000e-09	2.842474e-05	9.999953e-01	
1103	2.169000e-09	2.817219e-05	9.999949e-01	
1104	2.171000e-09	2.842449e-05	9.999953e-01	
1105	2.173000e-09	2.817245e-05	9.999949e-01	
1106	2.175000e-09	2.842424e-05	9.999953e-01	
1107	2.177000e-09	2.817270e-05	9.999949e-01	
1108	2.179000e-09	2.842399e-05	9.999953e-01	
1109	2.181000e-09	2.817295e-05	9.999949e-01	
1110	2.183000e-09	2.842374e-05	9.999953e-01	
1111	2.185000e-09	2.817320e-05	9.999949e-01	
1112	2.187000e-09	2.842349e-05	9.999953e-01	
1113	2.189000e-09	2.817345e-05	9.999949e-01	
1114	2.191000e-09	2.842324e-05	9.999953e-01	
1115	2.193000e-09	2.817370e-05	9.999949e-01	
1116	2.195000e-09	2.842299e-05	9.999953e-01	
1117	2.197000e-09	2.817395e-05	9.999949e-01	
1118	2.199000e-09	2.842274e-05	9.999953e-01	
1119	2.201000e-09	2.817419e-05	9.999949e-01	
1120	2.203000e-09	2.842249e-05	9.999953e-01	
1121	2.205000e-09	2.817444e-05	9.999949e-01	
1122	2.207000e-09	2.842224e-05	9.999953e-01	
1123	2.209000e-09	2.817469e-05	9.999949e-01	
1124	2.211000e-09	2.842199e-05	9.999953e-01	
1125	2.213000e-09	2.817494e-05	9.999949e-01	
1126	2.215000e-09	2.842175e-05	9.999953e-01	
1127	2.217000e-09	2.817519e-05	9.999949e-01	
1128	2.219000e-09	2.842150e-05	9.999953e-01	
1129	2.221000e-09	2.817543e-05	9.999949e-01	
1130	2.223000e-09	2.842125e-05	9.999953e-01	
1131	2.225000e-09	2.817568e-05	9.999949e-01	
1132	2.227000e-09	2.842101e-05	9.999953e-01	
1133	2.229000e-09	2.817593e-05	9.999949e-01	
1134	2.231000e-09	2.842076e-05	9.999953e-01	
1135	2.233000e-09	2.817617e-05	9.999949e-01	
1136	2.235000e-09	2.842051e-05	9.999953e-01	
1137	2.237000e-09	2.817642e-05	9.999949e-01	
1138	2.239000e-09	2.842027e-05	9.999953e-01	
1139	2.241000e-09	2.817667e-05	9.999949e-01	
1140	2.243000e-09	2.842002e-05	9.999953e-01	
1141	2.245000e-09	2.817691e-05	9.999949e-01	
1142	2.247000e-09	2.841978e-05	9.999953e-01	
1143	2.249000e-09	2.817716e-05	9.999949e-01	
1144	2.251000e-09	2.841953e-05	9.999953e-01	
1145	2.253000e-09	2.817740e-05	9.999949e-01	
1146	2.255000e-09	2.841929e-05	9.999953e-01	
1147	2.257000e-09	2.817764e-05	9.999949e-01	
1148	2.259000e-09	2.841904e-05	9.999953e-01	
1149	2.261000e-09	2.817789e-05	9.999949e-01	
1150	2.263000e-09	2.841880e-05	9.999953e-01	
1151	2.265000e-09	2.817813e-05	9.999949e-01	
1152	2.267000e-09	2.841856e-05	9.999953e-01	
1153	2.269000e-09	2.817838e-05	9.999949e-01	
1154	2.271000e-09	2.841831e-05	9.999953e-01	
1155	2.273000e-09	2.817862e-05	9.999949e-01	
1156	2.275000e-09	2.841807e-05	9.999953e-01	

Index   time            v(dout_8)       v(rbl_delay)    
--------------------------------------------------------------------------------
1157	2.277000e-09	2.817886e-05	9.999949e-01	
1158	2.279000e-09	2.841783e-05	9.999953e-01	
1159	2.281000e-09	2.817910e-05	9.999949e-01	
1160	2.283000e-09	2.841759e-05	9.999953e-01	
1161	2.285000e-09	2.817935e-05	9.999949e-01	
1162	2.287000e-09	2.841734e-05	9.999953e-01	
1163	2.289000e-09	2.817959e-05	9.999949e-01	
1164	2.291000e-09	2.841710e-05	9.999953e-01	
1165	2.293000e-09	2.817983e-05	9.999949e-01	
1166	2.295000e-09	2.841686e-05	9.999953e-01	
1167	2.297000e-09	2.818007e-05	9.999949e-01	
1168	2.299000e-09	2.841662e-05	9.999953e-01	
1169	2.301000e-09	2.818031e-05	9.999949e-01	
1170	2.303000e-09	2.841638e-05	9.999953e-01	
1171	2.305000e-09	2.818055e-05	9.999949e-01	
1172	2.307000e-09	2.841614e-05	9.999953e-01	
1173	2.309000e-09	2.818079e-05	9.999949e-01	
1174	2.311000e-09	2.841590e-05	9.999953e-01	
1175	2.313000e-09	2.818103e-05	9.999949e-01	
1176	2.315000e-09	2.841566e-05	9.999953e-01	
1177	2.317000e-09	2.818127e-05	9.999949e-01	
1178	2.319000e-09	2.841542e-05	9.999953e-01	
1179	2.321000e-09	2.818151e-05	9.999949e-01	
1180	2.323000e-09	2.841518e-05	9.999953e-01	
1181	2.325000e-09	2.818175e-05	9.999949e-01	
1182	2.327000e-09	2.841494e-05	9.999953e-01	
1183	2.329000e-09	2.818199e-05	9.999949e-01	
1184	2.331000e-09	2.841470e-05	9.999953e-01	
1185	2.333000e-09	2.818223e-05	9.999949e-01	
1186	2.335000e-09	2.841447e-05	9.999953e-01	
1187	2.337000e-09	2.818246e-05	9.999949e-01	
1188	2.339000e-09	2.841423e-05	9.999953e-01	
1189	2.341000e-09	2.818270e-05	9.999949e-01	
1190	2.343000e-09	2.841399e-05	9.999953e-01	
1191	2.345000e-09	2.818294e-05	9.999949e-01	
1192	2.347000e-09	2.841375e-05	9.999953e-01	
1193	2.349000e-09	2.818318e-05	9.999949e-01	
1194	2.351000e-09	2.841352e-05	9.999953e-01	
1195	2.353000e-09	2.818341e-05	9.999949e-01	
1196	2.355000e-09	2.841328e-05	9.999953e-01	
1197	2.357000e-09	2.818365e-05	9.999949e-01	
1198	2.359000e-09	2.841304e-05	9.999953e-01	
1199	2.361000e-09	2.818388e-05	9.999949e-01	
1200	2.363000e-09	2.841281e-05	9.999953e-01	
1201	2.365000e-09	2.818412e-05	9.999949e-01	
1202	2.367000e-09	2.841257e-05	9.999953e-01	
1203	2.369000e-09	2.818436e-05	9.999949e-01	
1204	2.371000e-09	2.841234e-05	9.999953e-01	
1205	2.373000e-09	2.818459e-05	9.999949e-01	
1206	2.375000e-09	2.841210e-05	9.999953e-01	
1207	2.377000e-09	2.818482e-05	9.999949e-01	
1208	2.379000e-09	2.841187e-05	9.999953e-01	
1209	2.381000e-09	2.818506e-05	9.999949e-01	
1210	2.383000e-09	2.841163e-05	9.999953e-01	
1211	2.385000e-09	2.818529e-05	9.999949e-01	
1212	2.387000e-09	2.841140e-05	9.999953e-01	
1213	2.389000e-09	2.818553e-05	9.999949e-01	
1214	2.391000e-09	2.841117e-05	9.999953e-01	

Index   time            v(dout_8)       v(rbl_delay)    
--------------------------------------------------------------------------------
1215	2.393000e-09	2.818576e-05	9.999949e-01	
1216	2.395000e-09	2.841093e-05	9.999953e-01	
1217	2.397000e-09	2.818599e-05	9.999949e-01	
1218	2.399000e-09	2.841070e-05	9.999953e-01	
1219	2.401000e-09	2.818623e-05	9.999949e-01	
1220	2.403000e-09	2.841047e-05	9.999953e-01	
1221	2.405000e-09	2.818646e-05	9.999949e-01	
1222	2.407000e-09	2.841024e-05	9.999953e-01	
1223	2.409000e-09	2.818669e-05	9.999949e-01	
1224	2.411000e-09	2.841000e-05	9.999953e-01	
1225	2.413000e-09	2.818692e-05	9.999949e-01	
1226	2.415000e-09	2.840977e-05	9.999953e-01	
1227	2.417000e-09	2.818715e-05	9.999949e-01	
1228	2.419000e-09	2.840954e-05	9.999953e-01	
1229	2.421000e-09	2.818738e-05	9.999949e-01	
1230	2.423000e-09	2.840931e-05	9.999953e-01	
1231	2.425000e-09	2.818762e-05	9.999949e-01	
1232	2.427000e-09	2.840908e-05	9.999953e-01	
1233	2.429000e-09	2.818785e-05	9.999949e-01	
1234	2.431000e-09	2.840885e-05	9.999953e-01	
1235	2.433000e-09	2.818808e-05	9.999949e-01	
1236	2.435000e-09	2.840862e-05	9.999953e-01	
1237	2.437000e-09	2.818831e-05	9.999949e-01	
1238	2.439000e-09	2.840839e-05	9.999953e-01	
1239	2.441000e-09	2.818854e-05	9.999949e-01	
1240	2.443000e-09	2.840816e-05	9.999953e-01	
1241	2.445000e-09	2.818877e-05	9.999949e-01	
1242	2.447000e-09	2.840793e-05	9.999953e-01	
1243	2.449000e-09	2.818899e-05	9.999949e-01	
1244	2.451000e-09	2.840770e-05	9.999953e-01	
1245	2.453000e-09	2.818922e-05	9.999949e-01	
1246	2.455000e-09	2.840747e-05	9.999953e-01	
1247	2.457000e-09	2.818945e-05	9.999949e-01	
1248	2.459000e-09	2.840725e-05	9.999953e-01	
1249	2.461000e-09	2.818968e-05	9.999949e-01	
1250	2.463000e-09	2.840702e-05	9.999953e-01	
1251	2.465000e-09	2.818991e-05	9.999949e-01	
1252	2.467000e-09	2.840679e-05	9.999953e-01	
1253	2.469000e-09	2.819013e-05	9.999949e-01	
1254	2.471000e-09	2.840656e-05	9.999953e-01	
1255	2.473000e-09	2.819036e-05	9.999949e-01	
1256	2.475000e-09	2.840634e-05	9.999953e-01	
1257	2.477000e-09	2.819059e-05	9.999949e-01	
1258	2.479000e-09	2.840611e-05	9.999953e-01	
1259	2.481000e-09	2.819081e-05	9.999949e-01	
1260	2.483000e-09	2.840588e-05	9.999953e-01	
1261	2.485000e-09	2.819104e-05	9.999949e-01	
1262	2.487000e-09	2.840566e-05	9.999953e-01	
1263	2.489000e-09	2.819127e-05	9.999949e-01	
1264	2.491000e-09	2.840543e-05	9.999953e-01	
1265	2.493000e-09	2.819149e-05	9.999949e-01	
1266	2.495000e-09	2.840521e-05	9.999953e-01	
1267	2.497000e-09	2.819172e-05	9.999949e-01	
1268	2.499000e-09	2.840498e-05	9.999953e-01	
1269	2.501000e-09	2.819194e-05	9.999949e-01	
1270	2.503000e-09	2.840476e-05	9.999953e-01	
1271	2.505000e-09	2.819217e-05	9.999949e-01	
1272	2.507000e-09	2.840453e-05	9.999953e-01	

Index   time            v(dout_8)       v(rbl_delay)    
--------------------------------------------------------------------------------
1273	2.509000e-09	2.819239e-05	9.999949e-01	
1274	2.511000e-09	2.840431e-05	9.999953e-01	
1275	2.513000e-09	2.819261e-05	9.999949e-01	
1276	2.515000e-09	2.840409e-05	9.999953e-01	
1277	2.517000e-09	2.819284e-05	9.999949e-01	
1278	2.519000e-09	2.840386e-05	9.999953e-01	
1279	2.521000e-09	2.819306e-05	9.999949e-01	
1280	2.523000e-09	2.840364e-05	9.999953e-01	
1281	2.525000e-09	2.819328e-05	9.999949e-01	
1282	2.527000e-09	2.840342e-05	9.999953e-01	
1283	2.529000e-09	2.819351e-05	9.999949e-01	
1284	2.531000e-09	2.840319e-05	9.999953e-01	
1285	2.533000e-09	2.819373e-05	9.999949e-01	
1286	2.535000e-09	2.840297e-05	9.999953e-01	
1287	2.537000e-09	2.819395e-05	9.999949e-01	
1288	2.539000e-09	2.840275e-05	9.999953e-01	
1289	2.541000e-09	2.819417e-05	9.999949e-01	
1290	2.543000e-09	2.840253e-05	9.999953e-01	
1291	2.545000e-09	2.819439e-05	9.999949e-01	
1292	2.547000e-09	2.840231e-05	9.999953e-01	
1293	2.549000e-09	2.819461e-05	9.999949e-01	
1294	2.551000e-09	2.840209e-05	9.999953e-01	
1295	2.553000e-09	2.819483e-05	9.999949e-01	
1296	2.555000e-09	2.840187e-05	9.999953e-01	
1297	2.557000e-09	2.819506e-05	9.999949e-01	
1298	2.559000e-09	2.840165e-05	9.999953e-01	
1299	2.561000e-09	2.819528e-05	9.999949e-01	
1300	2.563000e-09	2.840143e-05	9.999953e-01	
1301	2.565000e-09	2.819550e-05	9.999949e-01	
1302	2.567000e-09	2.840121e-05	9.999953e-01	
1303	2.569000e-09	2.819571e-05	9.999949e-01	
1304	2.571000e-09	2.840099e-05	9.999953e-01	
1305	2.573000e-09	2.819593e-05	9.999949e-01	
1306	2.575000e-09	2.840077e-05	9.999953e-01	
1307	2.577000e-09	2.819615e-05	9.999949e-01	
1308	2.579000e-09	2.840055e-05	9.999953e-01	
1309	2.581000e-09	2.819637e-05	9.999949e-01	
1310	2.583000e-09	2.840033e-05	9.999953e-01	
1311	2.585000e-09	2.819659e-05	9.999949e-01	
1312	2.587000e-09	2.840011e-05	9.999953e-01	
1313	2.589000e-09	2.819681e-05	9.999949e-01	
1314	2.591000e-09	2.839990e-05	9.999953e-01	
1315	2.593000e-09	2.819702e-05	9.999949e-01	
1316	2.595000e-09	2.839968e-05	9.999953e-01	
1317	2.597000e-09	2.819724e-05	9.999949e-01	
1318	2.599000e-09	2.839946e-05	9.999953e-01	
1319	2.601000e-09	2.819746e-05	9.999949e-01	
1320	2.603000e-09	2.839924e-05	9.999953e-01	
1321	2.605000e-09	2.819768e-05	9.999949e-01	
1322	2.607000e-09	2.839903e-05	9.999953e-01	
1323	2.609000e-09	2.819789e-05	9.999949e-01	
1324	2.611000e-09	2.839881e-05	9.999953e-01	
1325	2.613000e-09	2.819811e-05	9.999949e-01	
1326	2.615000e-09	2.839860e-05	9.999953e-01	
1327	2.617000e-09	2.819832e-05	9.999949e-01	
1328	2.619000e-09	2.839838e-05	9.999953e-01	
1329	2.621000e-09	2.819854e-05	9.999949e-01	
1330	2.623000e-09	2.839817e-05	9.999953e-01	

Index   time            v(dout_8)       v(rbl_delay)    
--------------------------------------------------------------------------------
1331	2.625000e-09	2.819875e-05	9.999949e-01	
1332	2.627000e-09	2.839795e-05	9.999953e-01	
1333	2.629000e-09	2.819897e-05	9.999949e-01	
1334	2.631000e-09	2.839774e-05	9.999953e-01	
1335	2.633000e-09	2.819918e-05	9.999949e-01	
1336	2.635000e-09	2.839752e-05	9.999953e-01	
1337	2.637000e-09	2.819940e-05	9.999949e-01	
1338	2.639000e-09	2.839731e-05	9.999953e-01	
1339	2.641000e-09	2.819961e-05	9.999949e-01	
1340	2.643000e-09	2.839709e-05	9.999953e-01	
1341	2.645000e-09	2.819983e-05	9.999949e-01	
1342	2.647000e-09	2.839688e-05	9.999953e-01	
1343	2.649000e-09	2.820004e-05	9.999949e-01	
1344	2.651000e-09	2.839667e-05	9.999953e-01	
1345	2.653000e-09	2.820025e-05	9.999949e-01	
1346	2.655000e-09	2.839645e-05	9.999953e-01	
1347	2.657000e-09	2.820046e-05	9.999949e-01	
1348	2.659000e-09	2.839624e-05	9.999953e-01	
1349	2.661000e-09	2.820068e-05	9.999949e-01	
1350	2.663000e-09	2.839603e-05	9.999953e-01	
1351	2.665000e-09	2.820089e-05	9.999949e-01	
1352	2.667000e-09	2.839582e-05	9.999953e-01	
1353	2.669000e-09	2.820110e-05	9.999949e-01	
1354	2.671000e-09	2.839561e-05	9.999953e-01	
1355	2.673000e-09	2.820131e-05	9.999949e-01	
1356	2.675000e-09	2.839540e-05	9.999953e-01	
1357	2.677000e-09	2.820152e-05	9.999949e-01	
1358	2.679000e-09	2.839518e-05	9.999953e-01	
1359	2.681000e-09	2.820173e-05	9.999949e-01	
1360	2.683000e-09	2.839497e-05	9.999953e-01	
1361	2.685000e-09	2.820194e-05	9.999949e-01	
1362	2.687000e-09	2.839476e-05	9.999953e-01	
1363	2.689000e-09	2.820215e-05	9.999949e-01	
1364	2.691000e-09	2.839455e-05	9.999953e-01	
1365	2.693000e-09	2.820236e-05	9.999949e-01	
1366	2.695000e-09	2.839434e-05	9.999953e-01	
1367	2.697000e-09	2.820257e-05	9.999949e-01	
1368	2.699000e-09	2.839413e-05	9.999953e-01	
1369	2.701000e-09	2.820278e-05	9.999949e-01	
1370	2.703000e-09	2.839392e-05	9.999953e-01	
1371	2.705000e-09	2.820299e-05	9.999949e-01	
1372	2.707000e-09	2.839372e-05	9.999953e-01	
1373	2.709000e-09	2.820320e-05	9.999949e-01	
1374	2.711000e-09	2.839351e-05	9.999953e-01	
1375	2.713000e-09	2.820341e-05	9.999949e-01	
1376	2.715000e-09	2.839330e-05	9.999953e-01	
1377	2.717000e-09	2.820362e-05	9.999949e-01	
1378	2.719000e-09	2.839309e-05	9.999953e-01	
1379	2.721000e-09	2.820383e-05	9.999949e-01	
1380	2.723000e-09	2.839288e-05	9.999953e-01	
1381	2.725000e-09	2.820403e-05	9.999949e-01	
1382	2.727000e-09	2.839268e-05	9.999953e-01	
1383	2.729000e-09	2.820424e-05	9.999949e-01	
1384	2.731000e-09	2.839247e-05	9.999953e-01	
1385	2.733000e-09	2.820445e-05	9.999949e-01	
1386	2.735000e-09	2.839226e-05	9.999953e-01	
1387	2.737000e-09	2.820465e-05	9.999949e-01	
1388	2.739000e-09	2.839206e-05	9.999953e-01	

Index   time            v(dout_8)       v(rbl_delay)    
--------------------------------------------------------------------------------
1389	2.741000e-09	2.820486e-05	9.999949e-01	
1390	2.743000e-09	2.839185e-05	9.999953e-01	
1391	2.745000e-09	2.820507e-05	9.999949e-01	
1392	2.747000e-09	2.839164e-05	9.999953e-01	
1393	2.749000e-09	2.820527e-05	9.999949e-01	
1394	2.751000e-09	2.839144e-05	9.999953e-01	
1395	2.753000e-09	2.820548e-05	9.999949e-01	
1396	2.755000e-09	2.839123e-05	9.999953e-01	
1397	2.757000e-09	2.820568e-05	9.999949e-01	
1398	2.759000e-09	2.839103e-05	9.999953e-01	
1399	2.761000e-09	2.820589e-05	9.999949e-01	
1400	2.763000e-09	2.839082e-05	9.999953e-01	
1401	2.765000e-09	2.820609e-05	9.999949e-01	
1402	2.767000e-09	2.839062e-05	9.999953e-01	
1403	2.769000e-09	2.820630e-05	9.999949e-01	
1404	2.771000e-09	2.839041e-05	9.999953e-01	
1405	2.773000e-09	2.820650e-05	9.999949e-01	
1406	2.775000e-09	2.839021e-05	9.999953e-01	
1407	2.777000e-09	2.820670e-05	9.999949e-01	
1408	2.779000e-09	2.839001e-05	9.999954e-01	
1409	2.781000e-09	2.820691e-05	9.999949e-01	
1410	2.783000e-09	2.838980e-05	9.999954e-01	
1411	2.785000e-09	2.820711e-05	9.999949e-01	
1412	2.787000e-09	2.838960e-05	9.999954e-01	
1413	2.789000e-09	2.820731e-05	9.999949e-01	
1414	2.791000e-09	2.838940e-05	9.999954e-01	
1415	2.793000e-09	2.820752e-05	9.999949e-01	
1416	2.795000e-09	2.838920e-05	9.999954e-01	
1417	2.797000e-09	2.820772e-05	9.999949e-01	
1418	2.799000e-09	2.838899e-05	9.999954e-01	
1419	2.801000e-09	2.820792e-05	9.999949e-01	
1420	2.803000e-09	2.838879e-05	9.999954e-01	
1421	2.805000e-09	2.820812e-05	9.999949e-01	
1422	2.807000e-09	2.838859e-05	9.999954e-01	
1423	2.809000e-09	2.820832e-05	9.999949e-01	
1424	2.811000e-09	2.838839e-05	9.999954e-01	
1425	2.813000e-09	2.820852e-05	9.999949e-01	
1426	2.815000e-09	2.838819e-05	9.999954e-01	
1427	2.817000e-09	2.820873e-05	9.999949e-01	
1428	2.819000e-09	2.838799e-05	9.999954e-01	
1429	2.821000e-09	2.820893e-05	9.999949e-01	
1430	2.823000e-09	2.838779e-05	9.999954e-01	
1431	2.825000e-09	2.820913e-05	9.999949e-01	
1432	2.827000e-09	2.838759e-05	9.999954e-01	
1433	2.829000e-09	2.820933e-05	9.999949e-01	
1434	2.831000e-09	2.838739e-05	9.999954e-01	
1435	2.833000e-09	2.820953e-05	9.999949e-01	
1436	2.835000e-09	2.838719e-05	9.999954e-01	
1437	2.837000e-09	2.820972e-05	9.999949e-01	
1438	2.839000e-09	2.838699e-05	9.999954e-01	
1439	2.841000e-09	2.820992e-05	9.999949e-01	
1440	2.843000e-09	2.838679e-05	9.999954e-01	
1441	2.845000e-09	2.821012e-05	9.999949e-01	
1442	2.847000e-09	2.838659e-05	9.999954e-01	
1443	2.849000e-09	2.821032e-05	9.999949e-01	
1444	2.851000e-09	2.838639e-05	9.999954e-01	
1445	2.853000e-09	2.821052e-05	9.999949e-01	
1446	2.855000e-09	2.838620e-05	9.999954e-01	

Index   time            v(dout_8)       v(rbl_delay)    
--------------------------------------------------------------------------------
1447	2.857000e-09	2.821072e-05	9.999949e-01	
1448	2.859000e-09	2.838600e-05	9.999954e-01	
1449	2.861000e-09	2.821091e-05	9.999949e-01	
1450	2.863000e-09	2.838580e-05	9.999954e-01	
1451	2.865000e-09	2.821111e-05	9.999949e-01	
1452	2.867000e-09	2.838560e-05	9.999954e-01	
1453	2.869000e-09	2.821131e-05	9.999949e-01	
1454	2.871000e-09	2.838541e-05	9.999954e-01	
1455	2.873000e-09	2.821150e-05	9.999949e-01	
1456	2.875000e-09	2.838521e-05	9.999954e-01	
1457	2.877000e-09	2.821170e-05	9.999949e-01	
1458	2.879000e-09	2.838501e-05	9.999954e-01	
1459	2.881000e-09	2.821190e-05	9.999949e-01	
1460	2.883000e-09	2.838482e-05	9.999954e-01	
1461	2.885000e-09	2.821209e-05	9.999949e-01	
1462	2.887000e-09	2.838462e-05	9.999954e-01	
1463	2.889000e-09	2.821229e-05	9.999949e-01	
1464	2.891000e-09	2.838443e-05	9.999954e-01	
1465	2.893000e-09	2.821248e-05	9.999949e-01	
1466	2.895000e-09	2.838423e-05	9.999954e-01	
1467	2.897000e-09	2.821268e-05	9.999949e-01	
1468	2.899000e-09	2.838404e-05	9.999954e-01	
1469	2.901000e-09	2.821287e-05	9.999949e-01	
1470	2.903000e-09	2.838384e-05	9.999954e-01	
1471	2.905000e-09	2.821307e-05	9.999949e-01	
1472	2.907000e-09	2.838365e-05	9.999954e-01	
1473	2.909000e-09	2.821326e-05	9.999949e-01	
1474	2.911000e-09	2.838345e-05	9.999954e-01	
1475	2.913000e-09	2.821346e-05	9.999949e-01	
1476	2.915000e-09	2.838326e-05	9.999954e-01	
1477	2.917000e-09	2.821365e-05	9.999949e-01	
1478	2.919000e-09	2.838307e-05	9.999954e-01	
1479	2.921000e-09	2.821384e-05	9.999949e-01	
1480	2.923000e-09	2.838287e-05	9.999954e-01	
1481	2.925000e-09	2.821404e-05	9.999949e-01	
1482	2.927000e-09	2.838268e-05	9.999954e-01	
1483	2.929000e-09	2.821423e-05	9.999949e-01	
1484	2.931000e-09	2.838249e-05	9.999954e-01	
1485	2.933000e-09	2.821442e-05	9.999949e-01	
1486	2.935000e-09	2.838230e-05	9.999954e-01	
1487	2.937000e-09	2.821461e-05	9.999949e-01	
1488	2.939000e-09	2.838210e-05	9.999954e-01	
1489	2.941000e-09	2.821481e-05	9.999949e-01	
1490	2.943000e-09	2.838191e-05	9.999954e-01	
1491	2.945000e-09	2.821500e-05	9.999949e-01	
1492	2.947000e-09	2.838172e-05	9.999954e-01	
1493	2.949000e-09	2.821519e-05	9.999949e-01	
1494	2.951000e-09	2.838153e-05	9.999954e-01	
1495	2.953000e-09	2.821538e-05	9.999949e-01	
1496	2.955000e-09	2.838134e-05	9.999954e-01	
1497	2.957000e-09	2.821557e-05	9.999949e-01	
1498	2.959000e-09	2.838115e-05	9.999954e-01	
1499	2.961000e-09	2.821576e-05	9.999949e-01	
1500	2.963000e-09	2.838096e-05	9.999954e-01	
1501	2.965000e-09	2.821595e-05	9.999949e-01	
1502	2.967000e-09	2.838077e-05	9.999954e-01	
1503	2.969000e-09	2.821614e-05	9.999949e-01	
1504	2.971000e-09	2.838058e-05	9.999954e-01	

Index   time            v(dout_8)       v(rbl_delay)    
--------------------------------------------------------------------------------
1505	2.973000e-09	2.821633e-05	9.999949e-01	
1506	2.975000e-09	2.838039e-05	9.999954e-01	
1507	2.977000e-09	2.821652e-05	9.999949e-01	
1508	2.979000e-09	2.838020e-05	9.999954e-01	
1509	2.981000e-09	2.821671e-05	9.999949e-01	
1510	2.983000e-09	2.838001e-05	9.999954e-01	
1511	2.985000e-09	2.821690e-05	9.999949e-01	
1512	2.987000e-09	2.837982e-05	9.999954e-01	
1513	2.989000e-09	2.821709e-05	9.999949e-01	
1514	2.991000e-09	2.837963e-05	9.999954e-01	
1515	2.993000e-09	2.821727e-05	9.999949e-01	
1516	2.995000e-09	2.837945e-05	9.999954e-01	
1517	2.997000e-09	2.821746e-05	9.999949e-01	
1518	2.999000e-09	2.837926e-05	9.999954e-01	
1519	3.001000e-09	2.821765e-05	9.999949e-01	
1520	3.003000e-09	2.837907e-05	9.999954e-01	
1521	3.005000e-09	2.821784e-05	9.999949e-01	
1522	3.007000e-09	2.837888e-05	9.999954e-01	
1523	3.009000e-09	2.821802e-05	9.999949e-01	
1524	3.011000e-09	2.837870e-05	9.999954e-01	
1525	3.013000e-09	2.821821e-05	9.999949e-01	
1526	3.015000e-09	2.837851e-05	9.999954e-01	
1527	3.017000e-09	2.821840e-05	9.999949e-01	
1528	3.019000e-09	2.837832e-05	9.999954e-01	
1529	3.021000e-09	2.821858e-05	9.999949e-01	
1530	3.023000e-09	2.837814e-05	9.999954e-01	
1531	3.025000e-09	2.821877e-05	9.999949e-01	
1532	3.027000e-09	2.837795e-05	9.999954e-01	
1533	3.029000e-09	2.821896e-05	9.999949e-01	
1534	3.031000e-09	2.837776e-05	9.999954e-01	
1535	3.033000e-09	2.821914e-05	9.999949e-01	
1536	3.035000e-09	2.837758e-05	9.999954e-01	
1537	3.037000e-09	2.821933e-05	9.999949e-01	
1538	3.039000e-09	2.837739e-05	9.999954e-01	
1539	3.041000e-09	2.821951e-05	9.999949e-01	
1540	3.043000e-09	2.837721e-05	9.999954e-01	
1541	3.045000e-09	2.821970e-05	9.999949e-01	
1542	3.047000e-09	2.837702e-05	9.999954e-01	
1543	3.049000e-09	2.821988e-05	9.999949e-01	
1544	3.050000e-09	2.837675e-05	9.999954e-01	
1545	3.050200e-09	2.829867e-05	9.999951e-01	
1546	3.050600e-09	2.829823e-05	9.999951e-01	
1547	3.051400e-09	2.829866e-05	9.999951e-01	
1548	3.053000e-09	2.829815e-05	9.999951e-01	
1549	3.055000e-09	2.829859e-05	9.999951e-01	
1550	3.057000e-09	2.829813e-05	9.999951e-01	
1551	3.059000e-09	2.829861e-05	9.999951e-01	
1552	3.060000e-09	2.829818e-05	9.999951e-01	
1553	3.060200e-09	2.829840e-05	9.999951e-01	
1554	3.060600e-09	2.829840e-05	9.999951e-01	
1555	3.061400e-09	2.829844e-05	9.999951e-01	
1556	3.063000e-09	2.829851e-05	9.999951e-01	
1557	3.065000e-09	2.829852e-05	9.999951e-01	
1558	3.067000e-09	2.829854e-05	9.999951e-01	
1559	3.069000e-09	2.829859e-05	9.999951e-01	
1560	3.071000e-09	2.829853e-05	9.999951e-01	
1561	3.073000e-09	2.829842e-05	9.999951e-01	
1562	3.075000e-09	2.829827e-05	9.999951e-01	

Index   time            v(dout_8)       v(rbl_delay)    
--------------------------------------------------------------------------------
1563	3.077000e-09	2.829815e-05	9.999951e-01	
1564	3.079000e-09	2.829813e-05	9.999951e-01	
1565	3.081000e-09	2.829819e-05	9.999951e-01	
1566	3.083000e-09	2.829831e-05	9.999951e-01	
1567	3.085000e-09	2.829848e-05	9.999951e-01	
1568	3.087000e-09	2.829856e-05	9.999951e-01	
1569	3.089000e-09	2.829826e-05	9.999951e-01	
1570	3.091000e-09	2.829746e-05	9.999951e-01	
1571	3.093000e-09	2.829635e-05	9.999951e-01	
1572	3.095000e-09	2.829540e-05	9.999951e-01	
1573	3.097000e-09	2.829419e-05	9.999951e-01	
1574	3.099000e-09	2.829380e-05	9.999951e-01	
1575	3.101000e-09	2.829589e-05	9.999951e-01	
1576	3.103000e-09	2.829908e-05	9.999951e-01	
1577	3.105000e-09	2.830198e-05	9.999951e-01	
1578	3.107000e-09	2.830450e-05	9.999951e-01	
1579	3.109000e-09	2.830830e-05	9.999951e-01	
1580	3.111000e-09	2.832270e-05	9.999951e-01	
1581	3.113000e-09	2.835564e-05	9.999951e-01	
1582	3.115000e-09	2.838846e-05	9.999951e-01	
1583	3.117000e-09	2.840792e-05	9.999951e-01	
1584	3.119000e-09	2.840417e-05	9.999951e-01	
1585	3.121000e-09	2.837450e-05	9.999951e-01	
1586	3.123000e-09	2.833350e-05	9.999951e-01	
1587	3.125000e-09	2.829638e-05	9.999951e-01	
1588	3.127000e-09	2.827286e-05	9.999951e-01	
1589	3.129000e-09	2.827283e-05	9.999951e-01	
1590	3.131000e-09	2.829790e-05	9.999951e-01	
1591	3.133000e-09	2.829115e-05	9.999951e-01	
1592	3.135000e-09	2.814854e-05	9.999951e-01	
1593	3.137000e-09	2.777466e-05	9.999951e-01	
1594	3.139000e-09	2.717618e-05	9.999950e-01	
1595	3.141000e-09	2.635608e-05	9.999950e-01	
1596	3.143000e-09	2.522655e-05	9.999950e-01	
1597	3.145000e-09	2.431632e-05	9.999950e-01	
1598	3.147000e-09	2.398320e-05	9.999950e-01	
1599	3.149000e-09	2.419393e-05	9.999951e-01	
1600	3.151000e-09	2.488115e-05	9.999952e-01	
1601	3.153000e-09	2.606938e-05	9.999953e-01	
1602	3.155000e-09	2.920816e-05	9.999955e-01	
1603	3.157000e-09	3.832786e-05	9.999962e-01	
1604	3.159000e-09	5.585417e-05	9.999973e-01	
1605	3.161000e-09	7.912362e-05	9.999983e-01	
1606	3.163000e-09	1.049882e-04	9.999991e-01	
1607	3.165000e-09	1.280544e-04	9.999991e-01	
1608	3.167000e-09	1.452850e-04	9.999986e-01	
1609	3.169000e-09	1.568641e-04	9.999978e-01	
1610	3.171000e-09	1.645512e-04	9.999971e-01	
1611	3.173000e-09	1.716203e-04	9.999967e-01	
1612	3.175000e-09	1.832319e-04	9.999970e-01	
1613	3.177000e-09	1.986839e-04	9.999975e-01	
1614	3.179000e-09	1.966776e-04	9.999960e-01	
1615	3.181000e-09	1.327313e-04	9.999893e-01	
1616	3.183000e-09	-4.66598e-05	9.999751e-01	
1617	3.185000e-09	-3.85206e-04	9.999535e-01	
1618	3.187000e-09	-9.60696e-04	9.999208e-01	
1619	3.189000e-09	-1.79891e-03	9.998807e-01	
1620	3.191000e-09	-2.79990e-03	9.998472e-01	

Index   time            v(dout_8)       v(rbl_delay)    
--------------------------------------------------------------------------------
1621	3.193000e-09	-3.86086e-03	9.998260e-01	
1622	3.195000e-09	-4.91287e-03	9.998168e-01	
1623	3.197000e-09	-5.87125e-03	9.998215e-01	
1624	3.199000e-09	-6.51605e-03	9.998538e-01	
1625	3.201000e-09	-5.92444e-03	9.999886e-01	
1626	3.203000e-09	-2.38787e-03	1.000357e+00	
1627	3.205000e-09	5.653381e-03	1.000973e+00	
1628	3.207000e-09	1.923528e-02	1.001805e+00	
1629	3.209000e-09	3.852267e-02	1.002756e+00	
1630	3.211000e-09	6.280927e-02	1.003707e+00	
1631	3.213000e-09	9.124796e-02	1.004600e+00	
1632	3.215000e-09	1.232552e-01	1.005437e+00	
1633	3.217000e-09	1.586789e-01	1.006260e+00	
1634	3.219000e-09	1.982261e-01	1.007170e+00	
1635	3.221000e-09	2.437417e-01	1.008287e+00	
1636	3.223000e-09	2.962456e-01	1.009393e+00	
1637	3.225000e-09	3.544156e-01	1.009583e+00	
1638	3.227000e-09	4.156691e-01	1.007271e+00	
1639	3.229000e-09	4.797687e-01	1.000760e+00	
1640	3.231000e-09	5.447597e-01	9.877702e-01	
1641	3.233000e-09	6.051859e-01	9.646835e-01	
1642	3.235000e-09	6.566872e-01	9.313062e-01	
1643	3.237000e-09	7.019166e-01	8.895624e-01	
1644	3.239000e-09	7.441243e-01	8.412124e-01	
1645	3.241000e-09	7.942248e-01	7.874394e-01	
1646	3.243000e-09	8.546469e-01	7.281014e-01	
1647	3.245000e-09	9.063151e-01	6.657877e-01	
1648	3.247000e-09	9.409978e-01	6.055568e-01	
1649	3.249000e-09	9.629491e-01	5.507728e-01	
1650	3.251000e-09	9.766124e-01	5.057133e-01	
1651	3.253000e-09	9.851420e-01	4.726103e-01	
1652	3.255000e-09	9.904340e-01	4.482952e-01	
1653	3.257000e-09	9.936119e-01	4.275027e-01	
1654	3.259000e-09	9.953485e-01	4.044951e-01	
1655	3.261000e-09	9.958320e-01	3.681189e-01	
1656	3.263000e-09	9.956212e-01	3.177048e-01	
1657	3.265000e-09	9.955167e-01	2.655883e-01	
1658	3.267000e-09	9.956589e-01	2.177524e-01	
1659	3.269000e-09	9.959715e-01	1.757586e-01	
1660	3.271000e-09	9.963815e-01	1.400886e-01	
1661	3.273000e-09	9.968261e-01	1.105459e-01	
1662	3.275000e-09	9.972695e-01	8.652617e-02	
1663	3.277000e-09	9.976906e-01	6.728376e-02	
1664	3.279000e-09	9.980789e-01	5.204332e-02	
1665	3.281000e-09	9.984247e-01	4.008565e-02	
1666	3.283000e-09	9.987256e-01	3.077130e-02	
1667	3.285000e-09	9.989795e-01	2.356054e-02	
1668	3.287000e-09	9.991909e-01	1.800253e-02	
1669	3.289000e-09	9.993624e-01	1.373580e-02	
1670	3.291000e-09	9.995011e-01	1.046787e-02	
1671	3.293000e-09	9.996107e-01	7.972111e-03	
1672	3.295000e-09	9.996978e-01	6.067542e-03	
1673	3.297000e-09	9.997652e-01	4.617727e-03	
1674	3.299000e-09	9.998184e-01	3.513434e-03	
1675	3.301000e-09	9.998589e-01	2.674587e-03	
1676	3.303000e-09	9.998908e-01	2.036092e-03	
1677	3.305000e-09	9.999147e-01	1.551983e-03	
1678	3.307000e-09	9.999338e-01	1.183374e-03	

Index   time            v(dout_8)       v(rbl_delay)    
--------------------------------------------------------------------------------
1679	3.309000e-09	9.999477e-01	9.044528e-04	
1680	3.311000e-09	9.999590e-01	6.917693e-04	
1681	3.313000e-09	9.999670e-01	5.312850e-04	
1682	3.315000e-09	9.999738e-01	4.085430e-04	
1683	3.317000e-09	9.999783e-01	3.163395e-04	
1684	3.319000e-09	9.999825e-01	2.454314e-04	
1685	3.321000e-09	9.999849e-01	1.925657e-04	
1686	3.323000e-09	9.999875e-01	1.515148e-04	
1687	3.325000e-09	9.999888e-01	1.213030e-04	
1688	3.327000e-09	9.999905e-01	9.744561e-05	
1689	3.329000e-09	9.999911e-01	8.027671e-05	
1690	3.331000e-09	9.999922e-01	6.631919e-05	
1691	3.333000e-09	9.999924e-01	5.665845e-05	
1692	3.335000e-09	9.999932e-01	4.840099e-05	
1693	3.337000e-09	9.999931e-01	4.306175e-05	
1694	3.339000e-09	9.999938e-01	3.808642e-05	
1695	3.341000e-09	9.999936e-01	3.523411e-05	
1696	3.343000e-09	9.999941e-01	3.214898e-05	
1697	3.345000e-09	9.999939e-01	3.072751e-05	
1698	3.347000e-09	9.999943e-01	2.873128e-05	
1699	3.349000e-09	9.999940e-01	2.813271e-05	
1700	3.351000e-09	9.999944e-01	2.676410e-05	
1701	3.353000e-09	9.999941e-01	2.663847e-05	
1702	3.355000e-09	9.999945e-01	2.563196e-05	
1703	3.357000e-09	9.999942e-01	2.577780e-05	
1704	3.359000e-09	9.999946e-01	2.498054e-05	
1705	3.361000e-09	9.999942e-01	2.528189e-05	
1706	3.363000e-09	9.999946e-01	2.460587e-05	
1707	3.365000e-09	9.999942e-01	2.499597e-05	
1708	3.367000e-09	9.999946e-01	2.439053e-05	
1709	3.369000e-09	9.999942e-01	2.483096e-05	
1710	3.371000e-09	9.999946e-01	2.426693e-05	
1711	3.373000e-09	9.999942e-01	2.473555e-05	
1712	3.375000e-09	9.999946e-01	2.419614e-05	
1713	3.377000e-09	9.999942e-01	2.468022e-05	
1714	3.379000e-09	9.999946e-01	2.415576e-05	
1715	3.381000e-09	9.999942e-01	2.464798e-05	
1716	3.383000e-09	9.999946e-01	2.413289e-05	
1717	3.385000e-09	9.999942e-01	2.462902e-05	
1718	3.387000e-09	9.999946e-01	2.412010e-05	
1719	3.389000e-09	9.999942e-01	2.461772e-05	
1720	3.391000e-09	9.999946e-01	2.411311e-05	
1721	3.393000e-09	9.999942e-01	2.461083e-05	
1722	3.395000e-09	9.999946e-01	2.410947e-05	
1723	3.397000e-09	9.999942e-01	2.460648e-05	
1724	3.399000e-09	9.999946e-01	2.410775e-05	
1725	3.401000e-09	9.999942e-01	2.460360e-05	
1726	3.403000e-09	9.999946e-01	2.410714e-05	
1727	3.405000e-09	9.999942e-01	2.460156e-05	
1728	3.407000e-09	9.999946e-01	2.410716e-05	
1729	3.409000e-09	9.999942e-01	2.460000e-05	
1730	3.411000e-09	9.999946e-01	2.410756e-05	
1731	3.413000e-09	9.999942e-01	2.459873e-05	
1732	3.415000e-09	9.999946e-01	2.410816e-05	
1733	3.417000e-09	9.999942e-01	2.459763e-05	
1734	3.419000e-09	9.999946e-01	2.410888e-05	
1735	3.421000e-09	9.999942e-01	2.459662e-05	
1736	3.423000e-09	9.999946e-01	2.410966e-05	

Index   time            v(dout_8)       v(rbl_delay)    
--------------------------------------------------------------------------------
1737	3.425000e-09	9.999942e-01	2.459566e-05	
1738	3.427000e-09	9.999946e-01	2.411049e-05	
1739	3.429000e-09	9.999942e-01	2.459474e-05	
1740	3.431000e-09	9.999946e-01	2.411134e-05	
1741	3.433000e-09	9.999942e-01	2.459384e-05	
1742	3.435000e-09	9.999946e-01	2.411220e-05	
1743	3.437000e-09	9.999942e-01	2.459295e-05	
1744	3.439000e-09	9.999946e-01	2.411306e-05	
1745	3.441000e-09	9.999942e-01	2.459207e-05	
1746	3.443000e-09	9.999946e-01	2.411393e-05	
1747	3.445000e-09	9.999942e-01	2.459119e-05	
1748	3.447000e-09	9.999946e-01	2.411479e-05	
1749	3.449000e-09	9.999942e-01	2.459032e-05	
1750	3.451000e-09	9.999946e-01	2.411566e-05	
1751	3.453000e-09	9.999942e-01	2.458945e-05	
1752	3.455000e-09	9.999946e-01	2.411652e-05	
1753	3.457000e-09	9.999942e-01	2.458859e-05	
1754	3.459000e-09	9.999946e-01	2.411738e-05	
1755	3.461000e-09	9.999942e-01	2.458773e-05	
1756	3.463000e-09	9.999946e-01	2.411824e-05	
1757	3.465000e-09	9.999942e-01	2.458687e-05	
1758	3.467000e-09	9.999946e-01	2.411910e-05	
1759	3.469000e-09	9.999942e-01	2.458601e-05	
1760	3.471000e-09	9.999946e-01	2.411995e-05	
1761	3.473000e-09	9.999942e-01	2.458516e-05	
1762	3.475000e-09	9.999946e-01	2.412080e-05	
1763	3.477000e-09	9.999942e-01	2.458431e-05	
1764	3.479000e-09	9.999946e-01	2.412165e-05	
1765	3.481000e-09	9.999942e-01	2.458346e-05	
1766	3.483000e-09	9.999946e-01	2.412250e-05	
1767	3.485000e-09	9.999942e-01	2.458261e-05	
1768	3.487000e-09	9.999946e-01	2.412335e-05	
1769	3.489000e-09	9.999942e-01	2.458177e-05	
1770	3.491000e-09	9.999946e-01	2.412419e-05	
1771	3.493000e-09	9.999942e-01	2.458093e-05	
1772	3.495000e-09	9.999946e-01	2.412503e-05	
1773	3.497000e-09	9.999942e-01	2.458009e-05	
1774	3.499000e-09	9.999946e-01	2.412587e-05	
1775	3.501000e-09	9.999942e-01	2.457925e-05	
1776	3.503000e-09	9.999946e-01	2.412670e-05	
1777	3.505000e-09	9.999942e-01	2.457842e-05	
1778	3.507000e-09	9.999946e-01	2.412754e-05	
1779	3.509000e-09	9.999942e-01	2.457758e-05	
1780	3.511000e-09	9.999946e-01	2.412837e-05	
1781	3.513000e-09	9.999942e-01	2.457675e-05	
1782	3.515000e-09	9.999946e-01	2.412920e-05	
1783	3.517000e-09	9.999942e-01	2.457593e-05	
1784	3.519000e-09	9.999946e-01	2.413003e-05	
1785	3.521000e-09	9.999942e-01	2.457510e-05	
1786	3.523000e-09	9.999946e-01	2.413085e-05	
1787	3.525000e-09	9.999942e-01	2.457428e-05	
1788	3.527000e-09	9.999946e-01	2.413167e-05	
1789	3.529000e-09	9.999942e-01	2.457346e-05	
1790	3.531000e-09	9.999946e-01	2.413249e-05	
1791	3.533000e-09	9.999942e-01	2.457264e-05	
1792	3.535000e-09	9.999946e-01	2.413331e-05	
1793	3.537000e-09	9.999942e-01	2.457182e-05	
1794	3.539000e-09	9.999946e-01	2.413412e-05	

Index   time            v(dout_8)       v(rbl_delay)    
--------------------------------------------------------------------------------
1795	3.541000e-09	9.999942e-01	2.457101e-05	
1796	3.543000e-09	9.999946e-01	2.413494e-05	
1797	3.545000e-09	9.999942e-01	2.457020e-05	
1798	3.547000e-09	9.999946e-01	2.413575e-05	
1799	3.549000e-09	9.999942e-01	2.456939e-05	
1800	3.551000e-09	9.999946e-01	2.413656e-05	
1801	3.553000e-09	9.999942e-01	2.456858e-05	
1802	3.555000e-09	9.999946e-01	2.413736e-05	
1803	3.557000e-09	9.999942e-01	2.456777e-05	
1804	3.559000e-09	9.999946e-01	2.413817e-05	
1805	3.561000e-09	9.999942e-01	2.456697e-05	
1806	3.563000e-09	9.999946e-01	2.413897e-05	
1807	3.565000e-09	9.999942e-01	2.456617e-05	
1808	3.567000e-09	9.999946e-01	2.413977e-05	
1809	3.569000e-09	9.999942e-01	2.456537e-05	
1810	3.571000e-09	9.999946e-01	2.414057e-05	
1811	3.573000e-09	9.999942e-01	2.456457e-05	
1812	3.575000e-09	9.999946e-01	2.414136e-05	
1813	3.577000e-09	9.999942e-01	2.456378e-05	
1814	3.579000e-09	9.999946e-01	2.414216e-05	
1815	3.581000e-09	9.999943e-01	2.456299e-05	
1816	3.583000e-09	9.999946e-01	2.414295e-05	
1817	3.585000e-09	9.999943e-01	2.456220e-05	
1818	3.587000e-09	9.999946e-01	2.414374e-05	
1819	3.589000e-09	9.999943e-01	2.456141e-05	
1820	3.591000e-09	9.999946e-01	2.414452e-05	
1821	3.593000e-09	9.999943e-01	2.456063e-05	
1822	3.595000e-09	9.999946e-01	2.414531e-05	
1823	3.597000e-09	9.999943e-01	2.455984e-05	
1824	3.599000e-09	9.999946e-01	2.414609e-05	
1825	3.601000e-09	9.999943e-01	2.455906e-05	
1826	3.603000e-09	9.999946e-01	2.414687e-05	
1827	3.605000e-09	9.999943e-01	2.455828e-05	
1828	3.607000e-09	9.999946e-01	2.414765e-05	
1829	3.609000e-09	9.999943e-01	2.455751e-05	
1830	3.611000e-09	9.999946e-01	2.414842e-05	
1831	3.613000e-09	9.999943e-01	2.455673e-05	
1832	3.615000e-09	9.999946e-01	2.414920e-05	
1833	3.617000e-09	9.999943e-01	2.455596e-05	
1834	3.619000e-09	9.999946e-01	2.414997e-05	
1835	3.621000e-09	9.999943e-01	2.455519e-05	
1836	3.623000e-09	9.999946e-01	2.415074e-05	
1837	3.625000e-09	9.999943e-01	2.455442e-05	
1838	3.627000e-09	9.999946e-01	2.415150e-05	
1839	3.629000e-09	9.999943e-01	2.455365e-05	
1840	3.631000e-09	9.999946e-01	2.415227e-05	
1841	3.633000e-09	9.999943e-01	2.455289e-05	
1842	3.635000e-09	9.999946e-01	2.415303e-05	
1843	3.637000e-09	9.999943e-01	2.455213e-05	
1844	3.639000e-09	9.999946e-01	2.415379e-05	
1845	3.641000e-09	9.999943e-01	2.455137e-05	
1846	3.643000e-09	9.999946e-01	2.415455e-05	
1847	3.645000e-09	9.999943e-01	2.455061e-05	
1848	3.647000e-09	9.999946e-01	2.415531e-05	
1849	3.649000e-09	9.999943e-01	2.454985e-05	
1850	3.651000e-09	9.999946e-01	2.415606e-05	
1851	3.653000e-09	9.999943e-01	2.454910e-05	
1852	3.655000e-09	9.999946e-01	2.415682e-05	

Index   time            v(dout_8)       v(rbl_delay)    
--------------------------------------------------------------------------------
1853	3.657000e-09	9.999943e-01	2.454835e-05	
1854	3.659000e-09	9.999946e-01	2.415757e-05	
1855	3.661000e-09	9.999943e-01	2.454760e-05	
1856	3.663000e-09	9.999946e-01	2.415832e-05	
1857	3.665000e-09	9.999943e-01	2.454685e-05	
1858	3.667000e-09	9.999946e-01	2.415906e-05	
1859	3.669000e-09	9.999943e-01	2.454611e-05	
1860	3.671000e-09	9.999946e-01	2.415981e-05	
1861	3.673000e-09	9.999943e-01	2.454536e-05	
1862	3.675000e-09	9.999946e-01	2.416055e-05	
1863	3.677000e-09	9.999943e-01	2.454462e-05	
1864	3.679000e-09	9.999946e-01	2.416129e-05	
1865	3.681000e-09	9.999943e-01	2.454388e-05	
1866	3.683000e-09	9.999946e-01	2.416203e-05	
1867	3.685000e-09	9.999943e-01	2.454315e-05	
1868	3.687000e-09	9.999946e-01	2.416276e-05	
1869	3.689000e-09	9.999943e-01	2.454241e-05	
1870	3.691000e-09	9.999946e-01	2.416350e-05	
1871	3.693000e-09	9.999943e-01	2.454168e-05	
1872	3.695000e-09	9.999946e-01	2.416423e-05	
1873	3.697000e-09	9.999943e-01	2.454095e-05	
1874	3.699000e-09	9.999946e-01	2.416496e-05	
1875	3.701000e-09	9.999943e-01	2.454022e-05	
1876	3.703000e-09	9.999946e-01	2.416569e-05	
1877	3.705000e-09	9.999943e-01	2.453949e-05	
1878	3.707000e-09	9.999946e-01	2.416642e-05	
1879	3.709000e-09	9.999943e-01	2.453876e-05	
1880	3.711000e-09	9.999946e-01	2.416714e-05	
1881	3.713000e-09	9.999943e-01	2.453804e-05	
1882	3.715000e-09	9.999946e-01	2.416786e-05	
1883	3.717000e-09	9.999943e-01	2.453732e-05	
1884	3.719000e-09	9.999946e-01	2.416858e-05	
1885	3.721000e-09	9.999943e-01	2.453660e-05	
1886	3.723000e-09	9.999946e-01	2.416930e-05	
1887	3.725000e-09	9.999943e-01	2.453588e-05	
1888	3.727000e-09	9.999946e-01	2.417002e-05	
1889	3.729000e-09	9.999943e-01	2.453517e-05	
1890	3.731000e-09	9.999946e-01	2.417073e-05	
1891	3.733000e-09	9.999943e-01	2.453445e-05	
1892	3.735000e-09	9.999946e-01	2.417145e-05	
1893	3.737000e-09	9.999943e-01	2.453374e-05	
1894	3.739000e-09	9.999946e-01	2.417216e-05	
1895	3.741000e-09	9.999943e-01	2.453303e-05	
1896	3.743000e-09	9.999946e-01	2.417287e-05	
1897	3.745000e-09	9.999943e-01	2.453232e-05	
1898	3.747000e-09	9.999946e-01	2.417357e-05	
1899	3.749000e-09	9.999943e-01	2.453162e-05	
1900	3.751000e-09	9.999946e-01	2.417428e-05	
1901	3.753000e-09	9.999943e-01	2.453091e-05	
1902	3.755000e-09	9.999946e-01	2.417498e-05	
1903	3.757000e-09	9.999943e-01	2.453021e-05	
1904	3.759000e-09	9.999946e-01	2.417568e-05	
1905	3.761000e-09	9.999943e-01	2.452951e-05	
1906	3.763000e-09	9.999946e-01	2.417638e-05	
1907	3.765000e-09	9.999943e-01	2.452881e-05	
1908	3.767000e-09	9.999946e-01	2.417708e-05	
1909	3.769000e-09	9.999943e-01	2.452812e-05	
1910	3.771000e-09	9.999946e-01	2.417778e-05	

Index   time            v(dout_8)       v(rbl_delay)    
--------------------------------------------------------------------------------
1911	3.773000e-09	9.999943e-01	2.452742e-05	
1912	3.775000e-09	9.999946e-01	2.417847e-05	
1913	3.777000e-09	9.999943e-01	2.452673e-05	
1914	3.779000e-09	9.999946e-01	2.417916e-05	
1915	3.781000e-09	9.999943e-01	2.452604e-05	
1916	3.783000e-09	9.999946e-01	2.417985e-05	
1917	3.785000e-09	9.999943e-01	2.452535e-05	
1918	3.787000e-09	9.999946e-01	2.418054e-05	
1919	3.789000e-09	9.999943e-01	2.452466e-05	
1920	3.791000e-09	9.999946e-01	2.418122e-05	
1921	3.793000e-09	9.999943e-01	2.452398e-05	
1922	3.795000e-09	9.999946e-01	2.418191e-05	
1923	3.797000e-09	9.999943e-01	2.452329e-05	
1924	3.799000e-09	9.999946e-01	2.418259e-05	
1925	3.801000e-09	9.999943e-01	2.452261e-05	
1926	3.803000e-09	9.999946e-01	2.418327e-05	
1927	3.805000e-09	9.999943e-01	2.452193e-05	
1928	3.807000e-09	9.999946e-01	2.418395e-05	
1929	3.809000e-09	9.999943e-01	2.452126e-05	
1930	3.811000e-09	9.999946e-01	2.418463e-05	
1931	3.813000e-09	9.999943e-01	2.452058e-05	
1932	3.815000e-09	9.999946e-01	2.418530e-05	
1933	3.817000e-09	9.999943e-01	2.451991e-05	
1934	3.819000e-09	9.999946e-01	2.418598e-05	
1935	3.821000e-09	9.999943e-01	2.451923e-05	
1936	3.823000e-09	9.999946e-01	2.418665e-05	
1937	3.825000e-09	9.999943e-01	2.451856e-05	
1938	3.827000e-09	9.999946e-01	2.418732e-05	
1939	3.829000e-09	9.999943e-01	2.451789e-05	
1940	3.831000e-09	9.999946e-01	2.418799e-05	
1941	3.833000e-09	9.999943e-01	2.451723e-05	
1942	3.835000e-09	9.999946e-01	2.418865e-05	
1943	3.837000e-09	9.999943e-01	2.451656e-05	
1944	3.839000e-09	9.999946e-01	2.418932e-05	
1945	3.841000e-09	9.999943e-01	2.451590e-05	
1946	3.843000e-09	9.999946e-01	2.418998e-05	
1947	3.845000e-09	9.999943e-01	2.451524e-05	
1948	3.847000e-09	9.999946e-01	2.419064e-05	
1949	3.849000e-09	9.999943e-01	2.451458e-05	
1950	3.851000e-09	9.999946e-01	2.419130e-05	
1951	3.853000e-09	9.999943e-01	2.451392e-05	
1952	3.855000e-09	9.999946e-01	2.419196e-05	
1953	3.857000e-09	9.999943e-01	2.451326e-05	
1954	3.859000e-09	9.999946e-01	2.419261e-05	
1955	3.861000e-09	9.999943e-01	2.451261e-05	
1956	3.863000e-09	9.999946e-01	2.419326e-05	
1957	3.865000e-09	9.999943e-01	2.451196e-05	
1958	3.867000e-09	9.999946e-01	2.419392e-05	
1959	3.869000e-09	9.999943e-01	2.451130e-05	
1960	3.871000e-09	9.999946e-01	2.419457e-05	
1961	3.873000e-09	9.999943e-01	2.451066e-05	
1962	3.875000e-09	9.999946e-01	2.419522e-05	
1963	3.877000e-09	9.999943e-01	2.451001e-05	
1964	3.879000e-09	9.999946e-01	2.419586e-05	
1965	3.881000e-09	9.999943e-01	2.450936e-05	
1966	3.883000e-09	9.999946e-01	2.419651e-05	
1967	3.885000e-09	9.999943e-01	2.450872e-05	
1968	3.887000e-09	9.999946e-01	2.419715e-05	

Index   time            v(dout_8)       v(rbl_delay)    
--------------------------------------------------------------------------------
1969	3.889000e-09	9.999943e-01	2.450808e-05	
1970	3.891000e-09	9.999946e-01	2.419779e-05	
1971	3.893000e-09	9.999943e-01	2.450744e-05	
1972	3.895000e-09	9.999946e-01	2.419843e-05	
1973	3.897000e-09	9.999943e-01	2.450680e-05	
1974	3.899000e-09	9.999946e-01	2.419907e-05	
1975	3.901000e-09	9.999943e-01	2.450616e-05	
1976	3.903000e-09	9.999946e-01	2.419971e-05	
1977	3.905000e-09	9.999943e-01	2.450552e-05	
1978	3.907000e-09	9.999946e-01	2.420034e-05	
1979	3.909000e-09	9.999943e-01	2.450489e-05	
1980	3.911000e-09	9.999946e-01	2.420097e-05	
1981	3.913000e-09	9.999943e-01	2.450426e-05	
1982	3.915000e-09	9.999946e-01	2.420160e-05	
1983	3.917000e-09	9.999943e-01	2.450363e-05	
1984	3.919000e-09	9.999946e-01	2.420223e-05	
1985	3.921000e-09	9.999943e-01	2.450300e-05	
1986	3.923000e-09	9.999946e-01	2.420286e-05	
1987	3.925000e-09	9.999943e-01	2.450237e-05	
1988	3.927000e-09	9.999946e-01	2.420349e-05	
1989	3.929000e-09	9.999943e-01	2.450175e-05	
1990	3.931000e-09	9.999946e-01	2.420411e-05	
1991	3.933000e-09	9.999943e-01	2.450112e-05	
1992	3.935000e-09	9.999946e-01	2.420474e-05	
1993	3.937000e-09	9.999943e-01	2.450050e-05	
1994	3.939000e-09	9.999946e-01	2.420536e-05	
1995	3.941000e-09	9.999943e-01	2.449988e-05	
1996	3.943000e-09	9.999946e-01	2.420598e-05	
1997	3.945000e-09	9.999943e-01	2.449926e-05	
1998	3.947000e-09	9.999946e-01	2.420659e-05	
1999	3.949000e-09	9.999943e-01	2.449864e-05	
2000	3.951000e-09	9.999946e-01	2.420721e-05	
2001	3.953000e-09	9.999943e-01	2.449803e-05	
2002	3.955000e-09	9.999946e-01	2.420783e-05	
2003	3.957000e-09	9.999943e-01	2.449742e-05	
2004	3.959000e-09	9.999946e-01	2.420844e-05	
2005	3.961000e-09	9.999943e-01	2.449680e-05	
2006	3.963000e-09	9.999946e-01	2.420905e-05	
2007	3.965000e-09	9.999943e-01	2.449619e-05	
2008	3.967000e-09	9.999946e-01	2.420966e-05	
2009	3.969000e-09	9.999943e-01	2.449558e-05	
2010	3.971000e-09	9.999946e-01	2.421027e-05	
2011	3.973000e-09	9.999943e-01	2.449498e-05	
2012	3.975000e-09	9.999946e-01	2.421087e-05	
2013	3.977000e-09	9.999943e-01	2.449437e-05	
2014	3.979000e-09	9.999946e-01	2.421148e-05	
2015	3.981000e-09	9.999943e-01	2.449377e-05	
2016	3.983000e-09	9.999946e-01	2.421208e-05	
2017	3.985000e-09	9.999943e-01	2.449316e-05	
2018	3.987000e-09	9.999946e-01	2.421268e-05	
2019	3.989000e-09	9.999943e-01	2.449256e-05	
2020	3.991000e-09	9.999946e-01	2.421328e-05	
2021	3.993000e-09	9.999943e-01	2.449196e-05	
2022	3.995000e-09	9.999946e-01	2.421388e-05	
2023	3.997000e-09	9.999943e-01	2.449137e-05	
2024	3.999000e-09	9.999946e-01	2.421448e-05	
2025	4.000000e-09	9.999943e-01	2.449047e-05	


Total analysis time (seconds) = 0.515

Total elapsed time (seconds) = 0.529 

Total DRAM available = 515580.883 MB.
DRAM currently available = 78616.746 MB.
Maximum ngspice program size =   29.258 MB.
Current ngspice program size =   13.781 MB.

Shared ngspice pages =   10.871 MB.
Text (code) pages =    5.316 MB.
Stack = 0 bytes.
Library pages =   11.004 MB.

