source_scope,path,file_type,stem,candidate_priority,is_exact_32x16_freepdk45,spec_name,word_size,num_words,words_per_row,tech
external_reference,/data1/qujh/work/sram_layoutgen_step45_clean/external_references/openram_full_reference/E:\njust\keyan\SRAM Compiler_V2\fromSSH\sram_1rw_32x16_freepdk45.gds,gds,E:\njust\keyan\SRAM Compiler_V2\fromSSH\sram_1rw_32x16_freepdk45,0,True,E:\njust\keyan\SRAM Compiler_V2\fromSSH\sram_1rw_32x16_freepdk45,16,32,UNKNOWN,freepdk45
openram_root,/data1/qujh/OpenRAM/_config.yml,yml,_config,3,False,_config,UNKNOWN,UNKNOWN,UNKNOWN,UNKNOWN
openram_root,/data1/qujh/OpenRAM/build/lib/build/lib/openram/sram_char.py,py,sram_char,3,False,sram_char,UNKNOWN,UNKNOWN,UNKNOWN,UNKNOWN
openram_root,/data1/qujh/OpenRAM/build/lib/build/lib/openram/sram_compiler.py,py,sram_compiler,3,False,sram_compiler,UNKNOWN,UNKNOWN,UNKNOWN,UNKNOWN
openram_root,/data1/qujh/OpenRAM/build/lib/build/lib/openram/sram_func.py,py,sram_func,3,False,sram_func,UNKNOWN,UNKNOWN,UNKNOWN,UNKNOWN
openram_root,/data1/qujh/OpenRAM/build/lib/openram/build/lib/openram/compiler/characterizer/fake_sram.py,py,fake_sram,3,False,fake_sram,UNKNOWN,UNKNOWN,UNKNOWN,UNKNOWN
openram_root,/data1/qujh/OpenRAM/build/lib/openram/build/lib/openram/compiler/gdsMill/pyx/config.py,py,config,3,False,config,UNKNOWN,UNKNOWN,UNKNOWN,UNKNOWN
openram_root,/data1/qujh/OpenRAM/build/lib/openram/build/lib/openram/compiler/gdsMill/pyx/siteconfig.py,py,siteconfig,3,False,siteconfig,UNKNOWN,UNKNOWN,UNKNOWN,UNKNOWN
openram_root,/data1/qujh/OpenRAM/build/lib/openram/build/lib/openram/compiler/model_configs/shared_config.py,py,shared_config,3,False,shared_config,UNKNOWN,UNKNOWN,UNKNOWN,UNKNOWN
openram_root,/data1/qujh/OpenRAM/build/lib/openram/build/lib/openram/compiler/model_configs/sram_10b_64w_4wpr_21las_1rw.py,py,sram_10b_64w_4wpr_21las_1rw,3,False,sram_10b_64w_4wpr_21las_1rw,UNKNOWN,UNKNOWN,UNKNOWN,UNKNOWN
openram_root,/data1/qujh/OpenRAM/build/lib/openram/build/lib/openram/compiler/model_configs/sram_128b_1024_1rw.py,py,sram_128b_1024_1rw,3,False,sram_128b_1024_1rw,UNKNOWN,UNKNOWN,UNKNOWN,UNKNOWN
openram_root,/data1/qujh/OpenRAM/build/lib/openram/build/lib/openram/compiler/model_configs/sram_12b_128w_4wpr_38las_1rw.py,py,sram_12b_128w_4wpr_38las_1rw,3,False,sram_12b_128w_4wpr_38las_1rw,UNKNOWN,UNKNOWN,UNKNOWN,UNKNOWN
openram_root,/data1/qujh/OpenRAM/build/lib/openram/build/lib/openram/compiler/model_configs/sram_12b_16w_1wpr_1las_1rw.py,py,sram_12b_16w_1wpr_1las_1rw,3,False,sram_12b_16w_1wpr_1las_1rw,UNKNOWN,UNKNOWN,UNKNOWN,UNKNOWN
openram_root,/data1/qujh/OpenRAM/build/lib/openram/build/lib/openram/compiler/model_configs/sram_12b_256w_16wpr_186las_1rw.py,py,sram_12b_256w_16wpr_186las_1rw,3,False,sram_12b_256w_16wpr_186las_1rw,UNKNOWN,UNKNOWN,UNKNOWN,UNKNOWN
openram_root,/data1/qujh/OpenRAM/build/lib/openram/build/lib/openram/compiler/model_configs/sram_12b_256w_8wpr_17las_1rw.py,py,sram_12b_256w_8wpr_17las_1rw,3,False,sram_12b_256w_8wpr_17las_1rw,UNKNOWN,UNKNOWN,UNKNOWN,UNKNOWN
openram_root,/data1/qujh/OpenRAM/build/lib/openram/build/lib/openram/compiler/model_configs/sram_14b_32w_2wpr_23las_1rw.py,py,sram_14b_32w_2wpr_23las_1rw,3,False,sram_14b_32w_2wpr_23las_1rw,UNKNOWN,UNKNOWN,UNKNOWN,UNKNOWN
openram_root,/data1/qujh/OpenRAM/build/lib/openram/build/lib/openram/compiler/model_configs/sram_15b_512w_8wpr_85las_1rw.py,py,sram_15b_512w_8wpr_85las_1rw,3,False,sram_15b_512w_8wpr_85las_1rw,UNKNOWN,UNKNOWN,UNKNOWN,UNKNOWN
openram_root,/data1/qujh/OpenRAM/build/lib/openram/build/lib/openram/compiler/model_configs/sram_16b_1024w_16wpr_40las_1rw.py,py,sram_16b_1024w_16wpr_40las_1rw,3,False,sram_16b_1024w_16wpr_40las_1rw,UNKNOWN,UNKNOWN,UNKNOWN,UNKNOWN
openram_root,/data1/qujh/OpenRAM/build/lib/openram/build/lib/openram/compiler/model_configs/sram_17b_1024w_16wpr_86las_1rw.py,py,sram_17b_1024w_16wpr_86las_1rw,3,False,sram_17b_1024w_16wpr_86las_1rw,UNKNOWN,UNKNOWN,UNKNOWN,UNKNOWN
openram_root,/data1/qujh/OpenRAM/build/lib/openram/build/lib/openram/compiler/model_configs/sram_17b_256w_16wpr_49las_1rw.py,py,sram_17b_256w_16wpr_49las_1rw,3,False,sram_17b_256w_16wpr_49las_1rw,UNKNOWN,UNKNOWN,UNKNOWN,UNKNOWN
openram_root,/data1/qujh/OpenRAM/build/lib/openram/build/lib/openram/compiler/model_configs/sram_18b_128w_2wpr_7las_1rw.py,py,sram_18b_128w_2wpr_7las_1rw,3,False,sram_18b_128w_2wpr_7las_1rw,UNKNOWN,UNKNOWN,UNKNOWN,UNKNOWN
openram_root,/data1/qujh/OpenRAM/build/lib/openram/build/lib/openram/compiler/model_configs/sram_18b_32w_1wpr_18las_1rw.py,py,sram_18b_32w_1wpr_18las_1rw,3,False,sram_18b_32w_1wpr_18las_1rw,UNKNOWN,UNKNOWN,UNKNOWN,UNKNOWN
openram_root,/data1/qujh/OpenRAM/build/lib/openram/build/lib/openram/compiler/model_configs/sram_21b_1024w_4wpr_54las_1rw.py,py,sram_21b_1024w_4wpr_54las_1rw,3,False,sram_21b_1024w_4wpr_54las_1rw,UNKNOWN,UNKNOWN,UNKNOWN,UNKNOWN
openram_root,/data1/qujh/OpenRAM/build/lib/openram/build/lib/openram/compiler/model_configs/sram_22b_512w_16wpr_249las_1rw.py,py,sram_22b_512w_16wpr_249las_1rw,3,False,sram_22b_512w_16wpr_249las_1rw,UNKNOWN,UNKNOWN,UNKNOWN,UNKNOWN
openram_root,/data1/qujh/OpenRAM/build/lib/openram/build/lib/openram/compiler/model_configs/sram_23b_1024w_16wpr_118las_1rw.py,py,sram_23b_1024w_16wpr_118las_1rw,3,False,sram_23b_1024w_16wpr_118las_1rw,UNKNOWN,UNKNOWN,UNKNOWN,UNKNOWN
openram_root,/data1/qujh/OpenRAM/build/lib/openram/build/lib/openram/compiler/model_configs/sram_26b_64w_4wpr_23las_1rw.py,py,sram_26b_64w_4wpr_23las_1rw,3,False,sram_26b_64w_4wpr_23las_1rw,UNKNOWN,UNKNOWN,UNKNOWN,UNKNOWN
openram_root,/data1/qujh/OpenRAM/build/lib/openram/build/lib/openram/compiler/model_configs/sram_27b_1024w_4wpr_89las_1rw.py,py,sram_27b_1024w_4wpr_89las_1rw,3,False,sram_27b_1024w_4wpr_89las_1rw,UNKNOWN,UNKNOWN,UNKNOWN,UNKNOWN
openram_root,/data1/qujh/OpenRAM/build/lib/openram/build/lib/openram/compiler/model_configs/sram_27b_256w_8wpr_191las_1rw.py,py,sram_27b_256w_8wpr_191las_1rw,3,False,sram_27b_256w_8wpr_191las_1rw,UNKNOWN,UNKNOWN,UNKNOWN,UNKNOWN
openram_root,/data1/qujh/OpenRAM/build/lib/openram/build/lib/openram/compiler/model_configs/sram_27b_512w_4wpr_60las_1rw.py,py,sram_27b_512w_4wpr_60las_1rw,3,False,sram_27b_512w_4wpr_60las_1rw,UNKNOWN,UNKNOWN,UNKNOWN,UNKNOWN
openram_root,/data1/qujh/OpenRAM/build/lib/openram/build/lib/openram/compiler/model_configs/sram_32b_1024_1rw.py,py,sram_32b_1024_1rw,3,False,sram_32b_1024_1rw,UNKNOWN,UNKNOWN,UNKNOWN,UNKNOWN
openram_root,/data1/qujh/OpenRAM/build/lib/openram/build/lib/openram/compiler/model_configs/sram_32b_2048_1rw.py,py,sram_32b_2048_1rw,3,False,sram_32b_2048_1rw,UNKNOWN,UNKNOWN,UNKNOWN,UNKNOWN
openram_root,/data1/qujh/OpenRAM/build/lib/openram/build/lib/openram/compiler/model_configs/sram_32b_256_1rw.py,py,sram_32b_256_1rw,3,False,sram_32b_256_1rw,UNKNOWN,UNKNOWN,UNKNOWN,UNKNOWN
openram_root,/data1/qujh/OpenRAM/build/lib/openram/build/lib/openram/compiler/model_configs/sram_32b_32w_1wpr_31las_1rw.py,py,sram_32b_32w_1wpr_31las_1rw,3,False,sram_32b_32w_1wpr_31las_1rw,UNKNOWN,UNKNOWN,UNKNOWN,UNKNOWN
openram_root,/data1/qujh/OpenRAM/build/lib/openram/build/lib/openram/compiler/model_configs/sram_32b_512_1rw.py,py,sram_32b_512_1rw,3,False,sram_32b_512_1rw,UNKNOWN,UNKNOWN,UNKNOWN,UNKNOWN
openram_root,/data1/qujh/OpenRAM/build/lib/openram/build/lib/openram/compiler/model_configs/sram_4b_16w_1wpr_4las_1rw.py,py,sram_4b_16w_1wpr_4las_1rw,3,False,sram_4b_16w_1wpr_4las_1rw,UNKNOWN,UNKNOWN,UNKNOWN,UNKNOWN
openram_root,/data1/qujh/OpenRAM/build/lib/openram/build/lib/openram/compiler/model_configs/sram_4b_32w_2wpr_5las_1rw.py,py,sram_4b_32w_2wpr_5las_1rw,3,False,sram_4b_32w_2wpr_5las_1rw,UNKNOWN,UNKNOWN,UNKNOWN,UNKNOWN
openram_root,/data1/qujh/OpenRAM/build/lib/openram/build/lib/openram/compiler/model_configs/sram_4b_64w_4wpr_14las_1rw.py,py,sram_4b_64w_4wpr_14las_1rw,3,False,sram_4b_64w_4wpr_14las_1rw,UNKNOWN,UNKNOWN,UNKNOWN,UNKNOWN
openram_root,/data1/qujh/OpenRAM/build/lib/openram/build/lib/openram/compiler/model_configs/sram_5b_256w_16wpr_75las_1rw.py,py,sram_5b_256w_16wpr_75las_1rw,3,False,sram_5b_256w_16wpr_75las_1rw,UNKNOWN,UNKNOWN,UNKNOWN,UNKNOWN
openram_root,/data1/qujh/OpenRAM/build/lib/openram/build/lib/openram/compiler/model_configs/sram_64b_1024_1rw.py,py,sram_64b_1024_1rw,3,False,sram_64b_1024_1rw,UNKNOWN,UNKNOWN,UNKNOWN,UNKNOWN
openram_root,/data1/qujh/OpenRAM/build/lib/openram/build/lib/openram/compiler/model_configs/sram_64b_512_1rw.py,py,sram_64b_512_1rw,3,False,sram_64b_512_1rw,UNKNOWN,UNKNOWN,UNKNOWN,UNKNOWN
openram_root,/data1/qujh/OpenRAM/build/lib/openram/build/lib/openram/compiler/model_configs/sram_6b_16w_1wpr_1las_1rw.py,py,sram_6b_16w_1wpr_1las_1rw,3,False,sram_6b_16w_1wpr_1las_1rw,UNKNOWN,UNKNOWN,UNKNOWN,UNKNOWN
openram_root,/data1/qujh/OpenRAM/build/lib/openram/build/lib/openram/compiler/model_configs/sram_7b_256w_4wpr_25las_1rw.py,py,sram_7b_256w_4wpr_25las_1rw,3,False,sram_7b_256w_4wpr_25las_1rw,UNKNOWN,UNKNOWN,UNKNOWN,UNKNOWN
openram_root,/data1/qujh/OpenRAM/build/lib/openram/build/lib/openram/compiler/model_configs/sram_7b_64w_2wpr_10las_1rw.py,py,sram_7b_64w_2wpr_10las_1rw,3,False,sram_7b_64w_2wpr_10las_1rw,UNKNOWN,UNKNOWN,UNKNOWN,UNKNOWN
openram_root,/data1/qujh/OpenRAM/build/lib/openram/build/lib/openram/compiler/model_configs/sram_8b_1024_1rw.py,py,sram_8b_1024_1rw,3,False,sram_8b_1024_1rw,UNKNOWN,UNKNOWN,UNKNOWN,UNKNOWN
openram_root,/data1/qujh/OpenRAM/build/lib/openram/build/lib/openram/compiler/model_configs/sram_8b_256_1rw.py,py,sram_8b_256_1rw,3,False,sram_8b_256_1rw,UNKNOWN,UNKNOWN,UNKNOWN,UNKNOWN
openram_root,/data1/qujh/OpenRAM/build/lib/openram/build/lib/openram/compiler/model_configs/sram_8b_256w_1wpr_1las_1rw.py,py,sram_8b_256w_1wpr_1las_1rw,3,False,sram_8b_256w_1wpr_1las_1rw,UNKNOWN,UNKNOWN,UNKNOWN,UNKNOWN
openram_root,/data1/qujh/OpenRAM/build/lib/openram/build/lib/openram/compiler/model_configs/sram_8b_512_1rw.py,py,sram_8b_512_1rw,3,False,sram_8b_512_1rw,UNKNOWN,UNKNOWN,UNKNOWN,UNKNOWN
openram_root,/data1/qujh/OpenRAM/build/lib/openram/build/lib/openram/compiler/model_configs/sram_9b_1024w_4wpr_3las_1rw.py,py,sram_9b_1024w_4wpr_3las_1rw,3,False,sram_9b_1024w_4wpr_3las_1rw,UNKNOWN,UNKNOWN,UNKNOWN,UNKNOWN
openram_root,/data1/qujh/OpenRAM/build/lib/openram/build/lib/openram/compiler/model_configs/sram_9b_128w_1wpr_4las_1rw.py,py,sram_9b_128w_1wpr_4las_1rw,3,False,sram_9b_128w_1wpr_4las_1rw,UNKNOWN,UNKNOWN,UNKNOWN,UNKNOWN
openram_root,/data1/qujh/OpenRAM/build/lib/openram/build/lib/openram/compiler/model_configs/sram_9b_256w_4wpr_15las_1rw.py,py,sram_9b_256w_4wpr_15las_1rw,3,False,sram_9b_256w_4wpr_15las_1rw,UNKNOWN,UNKNOWN,UNKNOWN,UNKNOWN
openram_root,/data1/qujh/OpenRAM/build/lib/openram/build/lib/openram/compiler/modules/sram_1bank.py,py,sram_1bank,3,False,sram_1bank,UNKNOWN,UNKNOWN,UNKNOWN,UNKNOWN
openram_root,/data1/qujh/OpenRAM/build/lib/openram/build/lib/openram/compiler/modules/sram_multibank.py,py,sram_multibank,3,False,sram_multibank,UNKNOWN,UNKNOWN,UNKNOWN,UNKNOWN
openram_root,/data1/qujh/OpenRAM/build/lib/openram/build/lib/openram/compiler/rom_config.py,py,rom_config,3,False,rom_config,UNKNOWN,UNKNOWN,UNKNOWN,UNKNOWN
openram_root,/data1/qujh/OpenRAM/build/lib/openram/build/lib/openram/compiler/sram.py,py,sram,3,False,sram,UNKNOWN,UNKNOWN,UNKNOWN,UNKNOWN
openram_root,/data1/qujh/OpenRAM/build/lib/openram/build/lib/openram/compiler/sram_config.py,py,sram_config,3,False,sram_config,UNKNOWN,UNKNOWN,UNKNOWN,UNKNOWN
openram_root,/data1/qujh/OpenRAM/build/lib/openram/build/lib/openram/compiler/sram_factory.py,py,sram_factory,3,False,sram_factory,UNKNOWN,UNKNOWN,UNKNOWN,UNKNOWN
openram_root,/data1/qujh/OpenRAM/build/lib/openram/build/lib/openram/compiler/tests/20_psram_1bank_2mux_1rw_1w_test.py,py,20_psram_1bank_2mux_1rw_1w_test,3,False,20_psram_1bank_2mux_1rw_1w_test,UNKNOWN,UNKNOWN,UNKNOWN,UNKNOWN
openram_root,/data1/qujh/OpenRAM/build/lib/openram/build/lib/openram/compiler/tests/20_psram_1bank_2mux_1rw_1w_wmask_test.py,py,20_psram_1bank_2mux_1rw_1w_wmask_test,3,False,20_psram_1bank_2mux_1rw_1w_wmask_test,UNKNOWN,UNKNOWN,UNKNOWN,UNKNOWN
openram_root,/data1/qujh/OpenRAM/build/lib/openram/build/lib/openram/compiler/tests/20_psram_1bank_2mux_1w_1r_test.py,py,20_psram_1bank_2mux_1w_1r_test,3,False,20_psram_1bank_2mux_1w_1r_test,UNKNOWN,UNKNOWN,UNKNOWN,UNKNOWN
openram_root,/data1/qujh/OpenRAM/build/lib/openram/build/lib/openram/compiler/tests/20_psram_1bank_2mux_test.py,py,20_psram_1bank_2mux_test,3,False,20_psram_1bank_2mux_test,UNKNOWN,UNKNOWN,UNKNOWN,UNKNOWN
openram_root,/data1/qujh/OpenRAM/build/lib/openram/build/lib/openram/compiler/tests/20_psram_1bank_4mux_1rw_1r_test.py,py,20_psram_1bank_4mux_1rw_1r_test,3,False,20_psram_1bank_4mux_1rw_1r_test,UNKNOWN,UNKNOWN,UNKNOWN,UNKNOWN
openram_root,/data1/qujh/OpenRAM/build/lib/openram/build/lib/openram/compiler/tests/20_sram_1bank_16mux_1rw_1r_test.py,py,20_sram_1bank_16mux_1rw_1r_test,3,False,20_sram_1bank_16mux_1rw_1r_test,UNKNOWN,UNKNOWN,UNKNOWN,UNKNOWN
openram_root,/data1/qujh/OpenRAM/build/lib/openram/build/lib/openram/compiler/tests/20_sram_1bank_16mux_test.py,py,20_sram_1bank_16mux_test,3,False,20_sram_1bank_16mux_test,UNKNOWN,UNKNOWN,UNKNOWN,UNKNOWN
openram_root,/data1/qujh/OpenRAM/build/lib/openram/build/lib/openram/compiler/tests/20_sram_1bank_2mux_1rw_1r_spare_cols_test.py,py,20_sram_1bank_2mux_1rw_1r_spare_cols_test,3,False,20_sram_1bank_2mux_1rw_1r_spare_cols_test,UNKNOWN,UNKNOWN,UNKNOWN,UNKNOWN
openram_root,/data1/qujh/OpenRAM/build/lib/openram/build/lib/openram/compiler/tests/20_sram_1bank_2mux_1rw_1r_test.py,py,20_sram_1bank_2mux_1rw_1r_test,3,False,20_sram_1bank_2mux_1rw_1r_test,UNKNOWN,UNKNOWN,UNKNOWN,UNKNOWN
openram_root,/data1/qujh/OpenRAM/build/lib/openram/build/lib/openram/compiler/tests/20_sram_1bank_2mux_1w_1r_spare_cols_test.py,py,20_sram_1bank_2mux_1w_1r_spare_cols_test,3,False,20_sram_1bank_2mux_1w_1r_spare_cols_test,UNKNOWN,UNKNOWN,UNKNOWN,UNKNOWN
openram_root,/data1/qujh/OpenRAM/build/lib/openram/build/lib/openram/compiler/tests/20_sram_1bank_2mux_1w_1r_test.py,py,20_sram_1bank_2mux_1w_1r_test,3,False,20_sram_1bank_2mux_1w_1r_test,UNKNOWN,UNKNOWN,UNKNOWN,UNKNOWN
openram_root,/data1/qujh/OpenRAM/build/lib/openram/build/lib/openram/compiler/tests/20_sram_1bank_2mux_global_test.py,py,20_sram_1bank_2mux_global_test,3,False,20_sram_1bank_2mux_global_test,UNKNOWN,UNKNOWN,UNKNOWN,UNKNOWN
openram_root,/data1/qujh/OpenRAM/build/lib/openram/build/lib/openram/compiler/tests/20_sram_1bank_2mux_test.py,py,20_sram_1bank_2mux_test,3,False,20_sram_1bank_2mux_test,UNKNOWN,UNKNOWN,UNKNOWN,UNKNOWN
openram_root,/data1/qujh/OpenRAM/build/lib/openram/build/lib/openram/compiler/tests/20_sram_1bank_2mux_wmask_spare_cols_test.py,py,20_sram_1bank_2mux_wmask_spare_cols_test,3,False,20_sram_1bank_2mux_wmask_spare_cols_test,UNKNOWN,UNKNOWN,UNKNOWN,UNKNOWN
openram_root,/data1/qujh/OpenRAM/build/lib/openram/build/lib/openram/compiler/tests/20_sram_1bank_2mux_wmask_test.py,py,20_sram_1bank_2mux_wmask_test,3,False,20_sram_1bank_2mux_wmask_test,UNKNOWN,UNKNOWN,UNKNOWN,UNKNOWN
openram_root,/data1/qujh/OpenRAM/build/lib/openram/build/lib/openram/compiler/tests/20_sram_1bank_32b_1024_wmask_test.py,py,20_sram_1bank_32b_1024_wmask_test,3,False,20_sram_1bank_32b_1024_wmask_test,UNKNOWN,UNKNOWN,UNKNOWN,UNKNOWN
openram_root,/data1/qujh/OpenRAM/build/lib/openram/build/lib/openram/compiler/tests/20_sram_1bank_4mux_1rw_1r_test.py,py,20_sram_1bank_4mux_1rw_1r_test,3,False,20_sram_1bank_4mux_1rw_1r_test,UNKNOWN,UNKNOWN,UNKNOWN,UNKNOWN
openram_root,/data1/qujh/OpenRAM/build/lib/openram/build/lib/openram/compiler/tests/20_sram_1bank_4mux_test.py,py,20_sram_1bank_4mux_test,3,False,20_sram_1bank_4mux_test,UNKNOWN,UNKNOWN,UNKNOWN,UNKNOWN
openram_root,/data1/qujh/OpenRAM/build/lib/openram/build/lib/openram/compiler/tests/20_sram_1bank_8mux_1rw_1r_test.py,py,20_sram_1bank_8mux_1rw_1r_test,3,False,20_sram_1bank_8mux_1rw_1r_test,UNKNOWN,UNKNOWN,UNKNOWN,UNKNOWN
openram_root,/data1/qujh/OpenRAM/build/lib/openram/build/lib/openram/compiler/tests/20_sram_1bank_8mux_test.py,py,20_sram_1bank_8mux_test,3,False,20_sram_1bank_8mux_test,UNKNOWN,UNKNOWN,UNKNOWN,UNKNOWN
openram_root,/data1/qujh/OpenRAM/build/lib/openram/build/lib/openram/compiler/tests/20_sram_1bank_nomux_1rw_1r_spare_cols_test.py,py,20_sram_1bank_nomux_1rw_1r_spare_cols_test,3,False,20_sram_1bank_nomux_1rw_1r_spare_cols_test,UNKNOWN,UNKNOWN,UNKNOWN,UNKNOWN
openram_root,/data1/qujh/OpenRAM/build/lib/openram/build/lib/openram/compiler/tests/20_sram_1bank_nomux_1rw_1r_test.py,py,20_sram_1bank_nomux_1rw_1r_test,3,False,20_sram_1bank_nomux_1rw_1r_test,UNKNOWN,UNKNOWN,UNKNOWN,UNKNOWN
openram_root,/data1/qujh/OpenRAM/build/lib/openram/build/lib/openram/compiler/tests/20_sram_1bank_nomux_norbl_1rw_1r_test.py,py,20_sram_1bank_nomux_norbl_1rw_1r_test,3,False,20_sram_1bank_nomux_norbl_1rw_1r_test,UNKNOWN,UNKNOWN,UNKNOWN,UNKNOWN
openram_root,/data1/qujh/OpenRAM/build/lib/openram/build/lib/openram/compiler/tests/20_sram_1bank_nomux_norbl_test.py,py,20_sram_1bank_nomux_norbl_test,3,False,20_sram_1bank_nomux_norbl_test,UNKNOWN,UNKNOWN,UNKNOWN,UNKNOWN
openram_root,/data1/qujh/OpenRAM/build/lib/openram/build/lib/openram/compiler/tests/20_sram_1bank_nomux_spare_cols_test.py,py,20_sram_1bank_nomux_spare_cols_test,3,False,20_sram_1bank_nomux_spare_cols_test,UNKNOWN,UNKNOWN,UNKNOWN,UNKNOWN
openram_root,/data1/qujh/OpenRAM/build/lib/openram/build/lib/openram/compiler/tests/20_sram_1bank_nomux_test.py,py,20_sram_1bank_nomux_test,3,False,20_sram_1bank_nomux_test,UNKNOWN,UNKNOWN,UNKNOWN,UNKNOWN
openram_root,/data1/qujh/OpenRAM/build/lib/openram/build/lib/openram/compiler/tests/20_sram_1bank_nomux_wmask_sparecols_test.py,py,20_sram_1bank_nomux_wmask_sparecols_test,3,False,20_sram_1bank_nomux_wmask_sparecols_test,UNKNOWN,UNKNOWN,UNKNOWN,UNKNOWN
openram_root,/data1/qujh/OpenRAM/build/lib/openram/build/lib/openram/compiler/tests/20_sram_1bank_nomux_wmask_test.py,py,20_sram_1bank_nomux_wmask_test,3,False,20_sram_1bank_nomux_wmask_test,UNKNOWN,UNKNOWN,UNKNOWN,UNKNOWN
openram_root,/data1/qujh/OpenRAM/build/lib/openram/build/lib/openram/compiler/tests/20_sram_1bank_ring_test.py,py,20_sram_1bank_ring_test,3,False,20_sram_1bank_ring_test,UNKNOWN,UNKNOWN,UNKNOWN,UNKNOWN
openram_root,/data1/qujh/OpenRAM/build/lib/openram/build/lib/openram/compiler/tests/20_sram_2bank_test.py,py,20_sram_2bank_test,3,False,20_sram_2bank_test,UNKNOWN,UNKNOWN,UNKNOWN,UNKNOWN
openram_root,/data1/qujh/OpenRAM/build/lib/openram/build/lib/openram/compiler/tests/22_psram_1bank_2mux_func_test.py,py,22_psram_1bank_2mux_func_test,3,False,22_psram_1bank_2mux_func_test,UNKNOWN,UNKNOWN,UNKNOWN,UNKNOWN
openram_root,/data1/qujh/OpenRAM/build/lib/openram/build/lib/openram/compiler/tests/22_psram_1bank_4mux_func_test.py,py,22_psram_1bank_4mux_func_test,3,False,22_psram_1bank_4mux_func_test,UNKNOWN,UNKNOWN,UNKNOWN,UNKNOWN
openram_root,/data1/qujh/OpenRAM/build/lib/openram/build/lib/openram/compiler/tests/22_psram_1bank_8mux_func_test.py,py,22_psram_1bank_8mux_func_test,3,False,22_psram_1bank_8mux_func_test,UNKNOWN,UNKNOWN,UNKNOWN,UNKNOWN
openram_root,/data1/qujh/OpenRAM/build/lib/openram/build/lib/openram/compiler/tests/22_psram_1bank_nomux_func_test.py,py,22_psram_1bank_nomux_func_test,3,False,22_psram_1bank_nomux_func_test,UNKNOWN,UNKNOWN,UNKNOWN,UNKNOWN
openram_root,/data1/qujh/OpenRAM/build/lib/openram/build/lib/openram/compiler/tests/22_sram_1bank_2mux_func_test.py,py,22_sram_1bank_2mux_func_test,3,False,22_sram_1bank_2mux_func_test,UNKNOWN,UNKNOWN,UNKNOWN,UNKNOWN
openram_root,/data1/qujh/OpenRAM/build/lib/openram/build/lib/openram/compiler/tests/22_sram_1bank_2mux_global_func_test.py,py,22_sram_1bank_2mux_global_func_test,3,False,22_sram_1bank_2mux_global_func_test,UNKNOWN,UNKNOWN,UNKNOWN,UNKNOWN
openram_root,/data1/qujh/OpenRAM/build/lib/openram/build/lib/openram/compiler/tests/22_sram_1bank_2mux_sparecols_func_test.py,py,22_sram_1bank_2mux_sparecols_func_test,3,False,22_sram_1bank_2mux_sparecols_func_test,UNKNOWN,UNKNOWN,UNKNOWN,UNKNOWN
openram_root,/data1/qujh/OpenRAM/build/lib/openram/build/lib/openram/compiler/tests/22_sram_1bank_4mux_func_test.py,py,22_sram_1bank_4mux_func_test,3,False,22_sram_1bank_4mux_func_test,UNKNOWN,UNKNOWN,UNKNOWN,UNKNOWN
openram_root,/data1/qujh/OpenRAM/build/lib/openram/build/lib/openram/compiler/tests/22_sram_1bank_8mux_func_test.py,py,22_sram_1bank_8mux_func_test,3,False,22_sram_1bank_8mux_func_test,UNKNOWN,UNKNOWN,UNKNOWN,UNKNOWN
openram_root,/data1/qujh/OpenRAM/build/lib/openram/build/lib/openram/compiler/tests/22_sram_1bank_nomux_1rw_1r_func_test.py,py,22_sram_1bank_nomux_1rw_1r_func_test,3,False,22_sram_1bank_nomux_1rw_1r_func_test,UNKNOWN,UNKNOWN,UNKNOWN,UNKNOWN
openram_root,/data1/qujh/OpenRAM/build/lib/openram/build/lib/openram/compiler/tests/22_sram_1bank_nomux_func_test.py,py,22_sram_1bank_nomux_func_test,3,False,22_sram_1bank_nomux_func_test,UNKNOWN,UNKNOWN,UNKNOWN,UNKNOWN
openram_root,/data1/qujh/OpenRAM/build/lib/openram/build/lib/openram/compiler/tests/22_sram_1bank_nomux_sparecols_func_test.py,py,22_sram_1bank_nomux_sparecols_func_test,3,False,22_sram_1bank_nomux_sparecols_func_test,UNKNOWN,UNKNOWN,UNKNOWN,UNKNOWN
openram_root,/data1/qujh/OpenRAM/build/lib/openram/build/lib/openram/compiler/tests/22_sram_1bank_wmask_1rw_1r_func_test.py,py,22_sram_1bank_wmask_1rw_1r_func_test,3,False,22_sram_1bank_wmask_1rw_1r_func_test,UNKNOWN,UNKNOWN,UNKNOWN,UNKNOWN
openram_root,/data1/qujh/OpenRAM/build/lib/openram/build/lib/openram/compiler/tests/22_sram_wmask_func_test.py,py,22_sram_wmask_func_test,3,False,22_sram_wmask_func_test,UNKNOWN,UNKNOWN,UNKNOWN,UNKNOWN
openram_root,/data1/qujh/OpenRAM/build/lib/openram/build/lib/openram/compiler/tests/23_lib_sram_linear_regression_test.py,py,23_lib_sram_linear_regression_test,3,False,23_lib_sram_linear_regression_test,UNKNOWN,UNKNOWN,UNKNOWN,UNKNOWN
openram_root,/data1/qujh/OpenRAM/build/lib/openram/build/lib/openram/compiler/tests/23_lib_sram_model_corners_test.py,py,23_lib_sram_model_corners_test,3,False,23_lib_sram_model_corners_test,UNKNOWN,UNKNOWN,UNKNOWN,UNKNOWN
openram_root,/data1/qujh/OpenRAM/build/lib/openram/build/lib/openram/compiler/tests/23_lib_sram_model_test.py,py,23_lib_sram_model_test,3,False,23_lib_sram_model_test,UNKNOWN,UNKNOWN,UNKNOWN,UNKNOWN
openram_root,/data1/qujh/OpenRAM/build/lib/openram/build/lib/openram/compiler/tests/23_lib_sram_prune_test.py,py,23_lib_sram_prune_test,3,False,23_lib_sram_prune_test,UNKNOWN,UNKNOWN,UNKNOWN,UNKNOWN
openram_root,/data1/qujh/OpenRAM/build/lib/openram/build/lib/openram/compiler/tests/23_lib_sram_test.py,py,23_lib_sram_test,3,False,23_lib_sram_test,UNKNOWN,UNKNOWN,UNKNOWN,UNKNOWN
openram_root,/data1/qujh/OpenRAM/build/lib/openram/build/lib/openram/compiler/tests/24_lef_sram_test.py,py,24_lef_sram_test,3,False,24_lef_sram_test,UNKNOWN,UNKNOWN,UNKNOWN,UNKNOWN
openram_root,/data1/qujh/OpenRAM/build/lib/openram/build/lib/openram/compiler/tests/25_verilog_sram_test.py,py,25_verilog_sram_test,3,False,25_verilog_sram_test,UNKNOWN,UNKNOWN,UNKNOWN,UNKNOWN
openram_root,/data1/qujh/OpenRAM/build/lib/openram/build/lib/openram/compiler/tests/26_sram_pex_test.py,py,26_sram_pex_test,3,False,26_sram_pex_test,UNKNOWN,UNKNOWN,UNKNOWN,UNKNOWN
openram_root,/data1/qujh/OpenRAM/build/lib/openram/build/lib/openram/compiler/tests/30_openram_sram_char_test.py,py,30_openram_sram_char_test,3,False,30_openram_sram_char_test,UNKNOWN,UNKNOWN,UNKNOWN,UNKNOWN
openram_root,/data1/qujh/OpenRAM/build/lib/openram/build/lib/openram/compiler/tests/30_openram_sram_func_test.py,py,30_openram_sram_func_test,3,False,30_openram_sram_func_test,UNKNOWN,UNKNOWN,UNKNOWN,UNKNOWN
openram_root,/data1/qujh/OpenRAM/build/lib/openram/build/lib/openram/compiler/tests/configs/config.py,py,config,3,False,config,UNKNOWN,UNKNOWN,UNKNOWN,UNKNOWN
openram_root,/data1/qujh/OpenRAM/build/lib/openram/build/lib/openram/compiler/tests/configs/config_back_end.py,py,config_back_end,3,False,config_back_end,UNKNOWN,UNKNOWN,UNKNOWN,UNKNOWN
openram_root,/data1/qujh/OpenRAM/build/lib/openram/build/lib/openram/compiler/tests/configs/config_front_end.py,py,config_front_end,3,False,config_front_end,UNKNOWN,UNKNOWN,UNKNOWN,UNKNOWN
openram_root,/data1/qujh/OpenRAM/build/lib/openram/build/lib/openram/compiler/tests/configs/config_mem_char_func.py,py,config_mem_char_func,3,False,config_mem_char_func,UNKNOWN,UNKNOWN,UNKNOWN,UNKNOWN
openram_root,/data1/qujh/OpenRAM/build/lib/openram/build/lib/openram/macros/sram_configs/example_config_1rw_1r_scn4m_subm.py,py,example_config_1rw_1r_scn4m_subm,3,False,example_config_1rw_1r_scn4m_subm,UNKNOWN,UNKNOWN,UNKNOWN,UNKNOWN
openram_root,/data1/qujh/OpenRAM/build/lib/openram/build/lib/openram/macros/sram_configs/example_config_1rw_1w_scn4m_subm.py,py,example_config_1rw_1w_scn4m_subm,3,False,example_config_1rw_1w_scn4m_subm,UNKNOWN,UNKNOWN,UNKNOWN,UNKNOWN
openram_root,/data1/qujh/OpenRAM/build/lib/openram/build/lib/openram/macros/sram_configs/example_config_1rw_2mux_scn4m_subm.py,py,example_config_1rw_2mux_scn4m_subm,3,False,example_config_1rw_2mux_scn4m_subm,UNKNOWN,UNKNOWN,UNKNOWN,UNKNOWN
openram_root,/data1/qujh/OpenRAM/build/lib/openram/build/lib/openram/macros/sram_configs/example_config_1w_1r_scn4m_subm.py,py,example_config_1w_1r_scn4m_subm,3,False,example_config_1w_1r_scn4m_subm,UNKNOWN,UNKNOWN,UNKNOWN,UNKNOWN
openram_root,/data1/qujh/OpenRAM/build/lib/openram/build/lib/openram/macros/sram_configs/example_config_2rw_scn4m_subm.py,py,example_config_2rw_scn4m_subm,3,False,example_config_2rw_scn4m_subm,UNKNOWN,UNKNOWN,UNKNOWN,UNKNOWN
openram_root,/data1/qujh/OpenRAM/build/lib/openram/build/lib/openram/macros/sram_configs/example_config_big_scn4m_subm.py,py,example_config_big_scn4m_subm,3,False,example_config_big_scn4m_subm,UNKNOWN,UNKNOWN,UNKNOWN,UNKNOWN
openram_root,/data1/qujh/OpenRAM/build/lib/openram/build/lib/openram/macros/sram_configs/example_config_freepdk45.py,py,example_config_freepdk45,3,False,example_config_freepdk45,UNKNOWN,UNKNOWN,UNKNOWN,UNKNOWN
openram_root,/data1/qujh/OpenRAM/build/lib/openram/build/lib/openram/macros/sram_configs/example_config_giant_scn4m_subm.py,py,example_config_giant_scn4m_subm,3,False,example_config_giant_scn4m_subm,UNKNOWN,UNKNOWN,UNKNOWN,UNKNOWN
openram_root,/data1/qujh/OpenRAM/build/lib/openram/build/lib/openram/macros/sram_configs/example_config_medium_scn4m_subm.py,py,example_config_medium_scn4m_subm,3,False,example_config_medium_scn4m_subm,UNKNOWN,UNKNOWN,UNKNOWN,UNKNOWN
openram_root,/data1/qujh/OpenRAM/build/lib/openram/build/lib/openram/macros/sram_configs/example_config_scn4m_subm.py,py,example_config_scn4m_subm,3,False,example_config_scn4m_subm,UNKNOWN,UNKNOWN,UNKNOWN,UNKNOWN
openram_root,/data1/qujh/OpenRAM/build/lib/openram/build/lib/openram/macros/sram_configs/freepdk45_sram_1rw1r_32x2048_8.py,py,freepdk45_sram_1rw1r_32x2048_8,3,False,freepdk45_sram_1rw1r_32x2048_8,2048,32,UNKNOWN,8
openram_root,/data1/qujh/OpenRAM/build/lib/openram/build/lib/openram/macros/sram_configs/scn4m_subm_sram_16kbyte_1rw1r_32x4096_8.py,py,scn4m_subm_sram_16kbyte_1rw1r_32x4096_8,3,False,scn4m_subm_sram_16kbyte_1rw1r_32x4096_8,UNKNOWN,UNKNOWN,UNKNOWN,UNKNOWN
openram_root,/data1/qujh/OpenRAM/build/lib/openram/build/lib/openram/macros/sram_configs/scn4m_subm_sram_1kbyte_1rw1r_32x256_8.py,py,scn4m_subm_sram_1kbyte_1rw1r_32x256_8,3,False,scn4m_subm_sram_1kbyte_1rw1r_32x256_8,UNKNOWN,UNKNOWN,UNKNOWN,UNKNOWN
openram_root,/data1/qujh/OpenRAM/build/lib/openram/build/lib/openram/macros/sram_configs/scn4m_subm_sram_2kbyte_1rw1r_32x512_8.py,py,scn4m_subm_sram_2kbyte_1rw1r_32x512_8,3,False,scn4m_subm_sram_2kbyte_1rw1r_32x512_8,UNKNOWN,UNKNOWN,UNKNOWN,UNKNOWN
openram_root,/data1/qujh/OpenRAM/build/lib/openram/build/lib/openram/macros/sram_configs/scn4m_subm_sram_32kbyte_1rw1r_2x32x4096_8.py,py,scn4m_subm_sram_32kbyte_1rw1r_2x32x4096_8,3,False,scn4m_subm_sram_32kbyte_1rw1r_2x32x4096_8,UNKNOWN,UNKNOWN,UNKNOWN,UNKNOWN
openram_root,/data1/qujh/OpenRAM/build/lib/openram/build/lib/openram/macros/sram_configs/scn4m_subm_sram_4kbyte_1rw1r_32x1024_8.py,py,scn4m_subm_sram_4kbyte_1rw1r_32x1024_8,3,False,scn4m_subm_sram_4kbyte_1rw1r_32x1024_8,UNKNOWN,UNKNOWN,UNKNOWN,UNKNOWN
openram_root,/data1/qujh/OpenRAM/build/lib/openram/build/lib/openram/macros/sram_configs/scn4m_subm_sram_8kbyte_1rw1r_32x2048_8.py,py,scn4m_subm_sram_8kbyte_1rw1r_32x2048_8,3,False,scn4m_subm_sram_8kbyte_1rw1r_32x2048_8,UNKNOWN,UNKNOWN,UNKNOWN,UNKNOWN
openram_root,/data1/qujh/OpenRAM/build/lib/openram/build/lib/openram/macros/sram_configs/sky130_sram_1kbyte_1r1w_8x1024_8.py,py,sky130_sram_1kbyte_1r1w_8x1024_8,3,False,sky130_sram_1kbyte_1r1w_8x1024_8,UNKNOWN,UNKNOWN,UNKNOWN,UNKNOWN
openram_root,/data1/qujh/OpenRAM/build/lib/openram/build/lib/openram/macros/sram_configs/sky130_sram_1kbyte_1rw1r_32x256_8.py,py,sky130_sram_1kbyte_1rw1r_32x256_8,3,False,sky130_sram_1kbyte_1rw1r_32x256_8,UNKNOWN,UNKNOWN,UNKNOWN,UNKNOWN
openram_root,/data1/qujh/OpenRAM/build/lib/openram/build/lib/openram/macros/sram_configs/sky130_sram_1kbyte_1rw1r_8x1024_8.py,py,sky130_sram_1kbyte_1rw1r_8x1024_8,3,False,sky130_sram_1kbyte_1rw1r_8x1024_8,UNKNOWN,UNKNOWN,UNKNOWN,UNKNOWN
openram_root,/data1/qujh/OpenRAM/build/lib/openram/build/lib/openram/macros/sram_configs/sky130_sram_1kbyte_1rw_32x256_8.py,py,sky130_sram_1kbyte_1rw_32x256_8,3,False,sky130_sram_1kbyte_1rw_32x256_8,UNKNOWN,UNKNOWN,UNKNOWN,UNKNOWN
openram_root,/data1/qujh/OpenRAM/build/lib/openram/build/lib/openram/macros/sram_configs/sky130_sram_1rw1r_tiny.py,py,sky130_sram_1rw1r_tiny,3,False,sky130_sram_1rw1r_tiny,UNKNOWN,UNKNOWN,UNKNOWN,UNKNOWN
openram_root,/data1/qujh/OpenRAM/build/lib/openram/build/lib/openram/macros/sram_configs/sky130_sram_1rw_tiny.py,py,sky130_sram_1rw_tiny,3,False,sky130_sram_1rw_tiny,UNKNOWN,UNKNOWN,UNKNOWN,UNKNOWN
openram_root,/data1/qujh/OpenRAM/build/lib/openram/build/lib/openram/macros/sram_configs/sky130_sram_2kbyte_1rw1r_32x512_8.py,py,sky130_sram_2kbyte_1rw1r_32x512_8,3,False,sky130_sram_2kbyte_1rw1r_32x512_8,UNKNOWN,UNKNOWN,UNKNOWN,UNKNOWN
openram_root,/data1/qujh/OpenRAM/build/lib/openram/build/lib/openram/macros/sram_configs/sky130_sram_2kbyte_1rw_32x512_8.py,py,sky130_sram_2kbyte_1rw_32x512_8,3,False,sky130_sram_2kbyte_1rw_32x512_8,UNKNOWN,UNKNOWN,UNKNOWN,UNKNOWN
openram_root,/data1/qujh/OpenRAM/build/lib/openram/build/lib/openram/macros/sram_configs/sky130_sram_4kbyte_1rw1r_32x1024_8.py,py,sky130_sram_4kbyte_1rw1r_32x1024_8,3,False,sky130_sram_4kbyte_1rw1r_32x1024_8,UNKNOWN,UNKNOWN,UNKNOWN,UNKNOWN
openram_root,/data1/qujh/OpenRAM/build/lib/openram/build/lib/openram/macros/sram_configs/sky130_sram_4kbyte_1rw_32x1024_8.py,py,sky130_sram_4kbyte_1rw_32x1024_8,3,False,sky130_sram_4kbyte_1rw_32x1024_8,UNKNOWN,UNKNOWN,UNKNOWN,UNKNOWN
openram_root,/data1/qujh/OpenRAM/build/lib/openram/build/lib/openram/macros/sram_configs/sky130_sram_4kbyte_1rw_64x512_8.py,py,sky130_sram_4kbyte_1rw_64x512_8,3,False,sky130_sram_4kbyte_1rw_64x512_8,UNKNOWN,UNKNOWN,UNKNOWN,UNKNOWN
openram_root,/data1/qujh/OpenRAM/build/lib/openram/build/lib/openram/macros/sram_configs/sky130_sram_common.py,py,sky130_sram_common,3,False,sky130_sram_common,UNKNOWN,UNKNOWN,UNKNOWN,UNKNOWN
openram_root,/data1/qujh/OpenRAM/build/lib/openram/compiler/characterizer/fake_sram.py,py,fake_sram,3,False,fake_sram,UNKNOWN,UNKNOWN,UNKNOWN,UNKNOWN
openram_root,/data1/qujh/OpenRAM/build/lib/openram/compiler/gdsMill/pyx/config.py,py,config,3,False,config,UNKNOWN,UNKNOWN,UNKNOWN,UNKNOWN
openram_root,/data1/qujh/OpenRAM/build/lib/openram/compiler/gdsMill/pyx/siteconfig.py,py,siteconfig,3,False,siteconfig,UNKNOWN,UNKNOWN,UNKNOWN,UNKNOWN
openram_root,/data1/qujh/OpenRAM/build/lib/openram/compiler/gdsMill/sram_examples/sram_lib16.gds,gds,sram_lib16,2,False,sram_lib16,UNKNOWN,UNKNOWN,UNKNOWN,UNKNOWN
openram_root,/data1/qujh/OpenRAM/build/lib/openram/compiler/gdsMill/sram_examples/sram_lib2.gds,gds,sram_lib2,2,False,sram_lib2,UNKNOWN,UNKNOWN,UNKNOWN,UNKNOWN
openram_root,/data1/qujh/OpenRAM/build/lib/openram/compiler/model_configs/shared_config.py,py,shared_config,3,False,shared_config,UNKNOWN,UNKNOWN,UNKNOWN,UNKNOWN
openram_root,/data1/qujh/OpenRAM/build/lib/openram/compiler/model_configs/sram_10b_64w_4wpr_21las_1rw.py,py,sram_10b_64w_4wpr_21las_1rw,3,False,sram_10b_64w_4wpr_21las_1rw,UNKNOWN,UNKNOWN,UNKNOWN,UNKNOWN
openram_root,/data1/qujh/OpenRAM/build/lib/openram/compiler/model_configs/sram_128b_1024_1rw.py,py,sram_128b_1024_1rw,3,False,sram_128b_1024_1rw,UNKNOWN,UNKNOWN,UNKNOWN,UNKNOWN
openram_root,/data1/qujh/OpenRAM/build/lib/openram/compiler/model_configs/sram_12b_128w_4wpr_38las_1rw.py,py,sram_12b_128w_4wpr_38las_1rw,3,False,sram_12b_128w_4wpr_38las_1rw,UNKNOWN,UNKNOWN,UNKNOWN,UNKNOWN
openram_root,/data1/qujh/OpenRAM/build/lib/openram/compiler/model_configs/sram_12b_16w_1wpr_1las_1rw.py,py,sram_12b_16w_1wpr_1las_1rw,3,False,sram_12b_16w_1wpr_1las_1rw,UNKNOWN,UNKNOWN,UNKNOWN,UNKNOWN
openram_root,/data1/qujh/OpenRAM/build/lib/openram/compiler/model_configs/sram_12b_256w_16wpr_186las_1rw.py,py,sram_12b_256w_16wpr_186las_1rw,3,False,sram_12b_256w_16wpr_186las_1rw,UNKNOWN,UNKNOWN,UNKNOWN,UNKNOWN
openram_root,/data1/qujh/OpenRAM/build/lib/openram/compiler/model_configs/sram_12b_256w_8wpr_17las_1rw.py,py,sram_12b_256w_8wpr_17las_1rw,3,False,sram_12b_256w_8wpr_17las_1rw,UNKNOWN,UNKNOWN,UNKNOWN,UNKNOWN
openram_root,/data1/qujh/OpenRAM/build/lib/openram/compiler/model_configs/sram_14b_32w_2wpr_23las_1rw.py,py,sram_14b_32w_2wpr_23las_1rw,3,False,sram_14b_32w_2wpr_23las_1rw,UNKNOWN,UNKNOWN,UNKNOWN,UNKNOWN
openram_root,/data1/qujh/OpenRAM/build/lib/openram/compiler/model_configs/sram_15b_512w_8wpr_85las_1rw.py,py,sram_15b_512w_8wpr_85las_1rw,3,False,sram_15b_512w_8wpr_85las_1rw,UNKNOWN,UNKNOWN,UNKNOWN,UNKNOWN
openram_root,/data1/qujh/OpenRAM/build/lib/openram/compiler/model_configs/sram_16b_1024w_16wpr_40las_1rw.py,py,sram_16b_1024w_16wpr_40las_1rw,3,False,sram_16b_1024w_16wpr_40las_1rw,UNKNOWN,UNKNOWN,UNKNOWN,UNKNOWN
openram_root,/data1/qujh/OpenRAM/build/lib/openram/compiler/model_configs/sram_17b_1024w_16wpr_86las_1rw.py,py,sram_17b_1024w_16wpr_86las_1rw,3,False,sram_17b_1024w_16wpr_86las_1rw,UNKNOWN,UNKNOWN,UNKNOWN,UNKNOWN
openram_root,/data1/qujh/OpenRAM/build/lib/openram/compiler/model_configs/sram_17b_256w_16wpr_49las_1rw.py,py,sram_17b_256w_16wpr_49las_1rw,3,False,sram_17b_256w_16wpr_49las_1rw,UNKNOWN,UNKNOWN,UNKNOWN,UNKNOWN
openram_root,/data1/qujh/OpenRAM/build/lib/openram/compiler/model_configs/sram_18b_128w_2wpr_7las_1rw.py,py,sram_18b_128w_2wpr_7las_1rw,3,False,sram_18b_128w_2wpr_7las_1rw,UNKNOWN,UNKNOWN,UNKNOWN,UNKNOWN
openram_root,/data1/qujh/OpenRAM/build/lib/openram/compiler/model_configs/sram_18b_32w_1wpr_18las_1rw.py,py,sram_18b_32w_1wpr_18las_1rw,3,False,sram_18b_32w_1wpr_18las_1rw,UNKNOWN,UNKNOWN,UNKNOWN,UNKNOWN
openram_root,/data1/qujh/OpenRAM/build/lib/openram/compiler/model_configs/sram_21b_1024w_4wpr_54las_1rw.py,py,sram_21b_1024w_4wpr_54las_1rw,3,False,sram_21b_1024w_4wpr_54las_1rw,UNKNOWN,UNKNOWN,UNKNOWN,UNKNOWN
openram_root,/data1/qujh/OpenRAM/build/lib/openram/compiler/model_configs/sram_22b_512w_16wpr_249las_1rw.py,py,sram_22b_512w_16wpr_249las_1rw,3,False,sram_22b_512w_16wpr_249las_1rw,UNKNOWN,UNKNOWN,UNKNOWN,UNKNOWN
openram_root,/data1/qujh/OpenRAM/build/lib/openram/compiler/model_configs/sram_23b_1024w_16wpr_118las_1rw.py,py,sram_23b_1024w_16wpr_118las_1rw,3,False,sram_23b_1024w_16wpr_118las_1rw,UNKNOWN,UNKNOWN,UNKNOWN,UNKNOWN
openram_root,/data1/qujh/OpenRAM/build/lib/openram/compiler/model_configs/sram_26b_64w_4wpr_23las_1rw.py,py,sram_26b_64w_4wpr_23las_1rw,3,False,sram_26b_64w_4wpr_23las_1rw,UNKNOWN,UNKNOWN,UNKNOWN,UNKNOWN
openram_root,/data1/qujh/OpenRAM/build/lib/openram/compiler/model_configs/sram_27b_1024w_4wpr_89las_1rw.py,py,sram_27b_1024w_4wpr_89las_1rw,3,False,sram_27b_1024w_4wpr_89las_1rw,UNKNOWN,UNKNOWN,UNKNOWN,UNKNOWN
openram_root,/data1/qujh/OpenRAM/build/lib/openram/compiler/model_configs/sram_27b_256w_8wpr_191las_1rw.py,py,sram_27b_256w_8wpr_191las_1rw,3,False,sram_27b_256w_8wpr_191las_1rw,UNKNOWN,UNKNOWN,UNKNOWN,UNKNOWN
openram_root,/data1/qujh/OpenRAM/build/lib/openram/compiler/model_configs/sram_27b_512w_4wpr_60las_1rw.py,py,sram_27b_512w_4wpr_60las_1rw,3,False,sram_27b_512w_4wpr_60las_1rw,UNKNOWN,UNKNOWN,UNKNOWN,UNKNOWN
openram_root,/data1/qujh/OpenRAM/build/lib/openram/compiler/model_configs/sram_32b_1024_1rw.py,py,sram_32b_1024_1rw,3,False,sram_32b_1024_1rw,UNKNOWN,UNKNOWN,UNKNOWN,UNKNOWN
openram_root,/data1/qujh/OpenRAM/build/lib/openram/compiler/model_configs/sram_32b_2048_1rw.py,py,sram_32b_2048_1rw,3,False,sram_32b_2048_1rw,UNKNOWN,UNKNOWN,UNKNOWN,UNKNOWN
openram_root,/data1/qujh/OpenRAM/build/lib/openram/compiler/model_configs/sram_32b_256_1rw.py,py,sram_32b_256_1rw,3,False,sram_32b_256_1rw,UNKNOWN,UNKNOWN,UNKNOWN,UNKNOWN
openram_root,/data1/qujh/OpenRAM/build/lib/openram/compiler/model_configs/sram_32b_32w_1wpr_31las_1rw.py,py,sram_32b_32w_1wpr_31las_1rw,3,False,sram_32b_32w_1wpr_31las_1rw,UNKNOWN,UNKNOWN,UNKNOWN,UNKNOWN
openram_root,/data1/qujh/OpenRAM/build/lib/openram/compiler/model_configs/sram_32b_512_1rw.py,py,sram_32b_512_1rw,3,False,sram_32b_512_1rw,UNKNOWN,UNKNOWN,UNKNOWN,UNKNOWN
openram_root,/data1/qujh/OpenRAM/build/lib/openram/compiler/model_configs/sram_4b_16w_1wpr_4las_1rw.py,py,sram_4b_16w_1wpr_4las_1rw,3,False,sram_4b_16w_1wpr_4las_1rw,UNKNOWN,UNKNOWN,UNKNOWN,UNKNOWN
openram_root,/data1/qujh/OpenRAM/build/lib/openram/compiler/model_configs/sram_4b_32w_2wpr_5las_1rw.py,py,sram_4b_32w_2wpr_5las_1rw,3,False,sram_4b_32w_2wpr_5las_1rw,UNKNOWN,UNKNOWN,UNKNOWN,UNKNOWN
openram_root,/data1/qujh/OpenRAM/build/lib/openram/compiler/model_configs/sram_4b_64w_4wpr_14las_1rw.py,py,sram_4b_64w_4wpr_14las_1rw,3,False,sram_4b_64w_4wpr_14las_1rw,UNKNOWN,UNKNOWN,UNKNOWN,UNKNOWN
openram_root,/data1/qujh/OpenRAM/build/lib/openram/compiler/model_configs/sram_5b_256w_16wpr_75las_1rw.py,py,sram_5b_256w_16wpr_75las_1rw,3,False,sram_5b_256w_16wpr_75las_1rw,UNKNOWN,UNKNOWN,UNKNOWN,UNKNOWN
openram_root,/data1/qujh/OpenRAM/build/lib/openram/compiler/model_configs/sram_64b_1024_1rw.py,py,sram_64b_1024_1rw,3,False,sram_64b_1024_1rw,UNKNOWN,UNKNOWN,UNKNOWN,UNKNOWN
openram_root,/data1/qujh/OpenRAM/build/lib/openram/compiler/model_configs/sram_64b_512_1rw.py,py,sram_64b_512_1rw,3,False,sram_64b_512_1rw,UNKNOWN,UNKNOWN,UNKNOWN,UNKNOWN
openram_root,/data1/qujh/OpenRAM/build/lib/openram/compiler/model_configs/sram_6b_16w_1wpr_1las_1rw.py,py,sram_6b_16w_1wpr_1las_1rw,3,False,sram_6b_16w_1wpr_1las_1rw,UNKNOWN,UNKNOWN,UNKNOWN,UNKNOWN
openram_root,/data1/qujh/OpenRAM/build/lib/openram/compiler/model_configs/sram_7b_256w_4wpr_25las_1rw.py,py,sram_7b_256w_4wpr_25las_1rw,3,False,sram_7b_256w_4wpr_25las_1rw,UNKNOWN,UNKNOWN,UNKNOWN,UNKNOWN
openram_root,/data1/qujh/OpenRAM/build/lib/openram/compiler/model_configs/sram_7b_64w_2wpr_10las_1rw.py,py,sram_7b_64w_2wpr_10las_1rw,3,False,sram_7b_64w_2wpr_10las_1rw,UNKNOWN,UNKNOWN,UNKNOWN,UNKNOWN
openram_root,/data1/qujh/OpenRAM/build/lib/openram/compiler/model_configs/sram_8b_1024_1rw.py,py,sram_8b_1024_1rw,3,False,sram_8b_1024_1rw,UNKNOWN,UNKNOWN,UNKNOWN,UNKNOWN
openram_root,/data1/qujh/OpenRAM/build/lib/openram/compiler/model_configs/sram_8b_256_1rw.py,py,sram_8b_256_1rw,3,False,sram_8b_256_1rw,UNKNOWN,UNKNOWN,UNKNOWN,UNKNOWN
openram_root,/data1/qujh/OpenRAM/build/lib/openram/compiler/model_configs/sram_8b_256w_1wpr_1las_1rw.py,py,sram_8b_256w_1wpr_1las_1rw,3,False,sram_8b_256w_1wpr_1las_1rw,UNKNOWN,UNKNOWN,UNKNOWN,UNKNOWN
openram_root,/data1/qujh/OpenRAM/build/lib/openram/compiler/model_configs/sram_8b_512_1rw.py,py,sram_8b_512_1rw,3,False,sram_8b_512_1rw,UNKNOWN,UNKNOWN,UNKNOWN,UNKNOWN
openram_root,/data1/qujh/OpenRAM/build/lib/openram/compiler/model_configs/sram_9b_1024w_4wpr_3las_1rw.py,py,sram_9b_1024w_4wpr_3las_1rw,3,False,sram_9b_1024w_4wpr_3las_1rw,UNKNOWN,UNKNOWN,UNKNOWN,UNKNOWN
openram_root,/data1/qujh/OpenRAM/build/lib/openram/compiler/model_configs/sram_9b_128w_1wpr_4las_1rw.py,py,sram_9b_128w_1wpr_4las_1rw,3,False,sram_9b_128w_1wpr_4las_1rw,UNKNOWN,UNKNOWN,UNKNOWN,UNKNOWN
openram_root,/data1/qujh/OpenRAM/build/lib/openram/compiler/model_configs/sram_9b_256w_4wpr_15las_1rw.py,py,sram_9b_256w_4wpr_15las_1rw,3,False,sram_9b_256w_4wpr_15las_1rw,UNKNOWN,UNKNOWN,UNKNOWN,UNKNOWN
openram_root,/data1/qujh/OpenRAM/build/lib/openram/compiler/modules/sram_1bank.py,py,sram_1bank,3,False,sram_1bank,UNKNOWN,UNKNOWN,UNKNOWN,UNKNOWN
openram_root,/data1/qujh/OpenRAM/build/lib/openram/compiler/modules/sram_multibank.py,py,sram_multibank,3,False,sram_multibank,UNKNOWN,UNKNOWN,UNKNOWN,UNKNOWN
openram_root,/data1/qujh/OpenRAM/build/lib/openram/compiler/modules/sram_multibank_template.v,v,sram_multibank_template,3,False,sram_multibank_template,UNKNOWN,UNKNOWN,UNKNOWN,UNKNOWN
openram_root,/data1/qujh/OpenRAM/build/lib/openram/compiler/rom_config.py,py,rom_config,3,False,rom_config,UNKNOWN,UNKNOWN,UNKNOWN,UNKNOWN
openram_root,/data1/qujh/OpenRAM/build/lib/openram/compiler/sram.py,py,sram,3,False,sram,UNKNOWN,UNKNOWN,UNKNOWN,UNKNOWN
openram_root,/data1/qujh/OpenRAM/build/lib/openram/compiler/sram_config.py,py,sram_config,3,False,sram_config,UNKNOWN,UNKNOWN,UNKNOWN,UNKNOWN
openram_root,/data1/qujh/OpenRAM/build/lib/openram/compiler/sram_factory.py,py,sram_factory,3,False,sram_factory,UNKNOWN,UNKNOWN,UNKNOWN,UNKNOWN
openram_root,/data1/qujh/OpenRAM/build/lib/openram/compiler/tests/20_psram_1bank_2mux_1rw_1w_test.py,py,20_psram_1bank_2mux_1rw_1w_test,3,False,20_psram_1bank_2mux_1rw_1w_test,UNKNOWN,UNKNOWN,UNKNOWN,UNKNOWN
openram_root,/data1/qujh/OpenRAM/build/lib/openram/compiler/tests/20_psram_1bank_2mux_1rw_1w_wmask_test.py,py,20_psram_1bank_2mux_1rw_1w_wmask_test,3,False,20_psram_1bank_2mux_1rw_1w_wmask_test,UNKNOWN,UNKNOWN,UNKNOWN,UNKNOWN
openram_root,/data1/qujh/OpenRAM/build/lib/openram/compiler/tests/20_psram_1bank_2mux_1w_1r_test.py,py,20_psram_1bank_2mux_1w_1r_test,3,False,20_psram_1bank_2mux_1w_1r_test,UNKNOWN,UNKNOWN,UNKNOWN,UNKNOWN
openram_root,/data1/qujh/OpenRAM/build/lib/openram/compiler/tests/20_psram_1bank_2mux_test.py,py,20_psram_1bank_2mux_test,3,False,20_psram_1bank_2mux_test,UNKNOWN,UNKNOWN,UNKNOWN,UNKNOWN
openram_root,/data1/qujh/OpenRAM/build/lib/openram/compiler/tests/20_psram_1bank_4mux_1rw_1r_test.py,py,20_psram_1bank_4mux_1rw_1r_test,3,False,20_psram_1bank_4mux_1rw_1r_test,UNKNOWN,UNKNOWN,UNKNOWN,UNKNOWN
openram_root,/data1/qujh/OpenRAM/build/lib/openram/compiler/tests/20_sram_1bank_16mux_1rw_1r_test.py,py,20_sram_1bank_16mux_1rw_1r_test,3,False,20_sram_1bank_16mux_1rw_1r_test,UNKNOWN,UNKNOWN,UNKNOWN,UNKNOWN
openram_root,/data1/qujh/OpenRAM/build/lib/openram/compiler/tests/20_sram_1bank_16mux_test.py,py,20_sram_1bank_16mux_test,3,False,20_sram_1bank_16mux_test,UNKNOWN,UNKNOWN,UNKNOWN,UNKNOWN
openram_root,/data1/qujh/OpenRAM/build/lib/openram/compiler/tests/20_sram_1bank_2mux_1rw_1r_spare_cols_test.py,py,20_sram_1bank_2mux_1rw_1r_spare_cols_test,3,False,20_sram_1bank_2mux_1rw_1r_spare_cols_test,UNKNOWN,UNKNOWN,UNKNOWN,UNKNOWN
openram_root,/data1/qujh/OpenRAM/build/lib/openram/compiler/tests/20_sram_1bank_2mux_1rw_1r_test.py,py,20_sram_1bank_2mux_1rw_1r_test,3,False,20_sram_1bank_2mux_1rw_1r_test,UNKNOWN,UNKNOWN,UNKNOWN,UNKNOWN
openram_root,/data1/qujh/OpenRAM/build/lib/openram/compiler/tests/20_sram_1bank_2mux_1w_1r_spare_cols_test.py,py,20_sram_1bank_2mux_1w_1r_spare_cols_test,3,False,20_sram_1bank_2mux_1w_1r_spare_cols_test,UNKNOWN,UNKNOWN,UNKNOWN,UNKNOWN
openram_root,/data1/qujh/OpenRAM/build/lib/openram/compiler/tests/20_sram_1bank_2mux_1w_1r_test.py,py,20_sram_1bank_2mux_1w_1r_test,3,False,20_sram_1bank_2mux_1w_1r_test,UNKNOWN,UNKNOWN,UNKNOWN,UNKNOWN
openram_root,/data1/qujh/OpenRAM/build/lib/openram/compiler/tests/20_sram_1bank_2mux_global_test.py,py,20_sram_1bank_2mux_global_test,3,False,20_sram_1bank_2mux_global_test,UNKNOWN,UNKNOWN,UNKNOWN,UNKNOWN
openram_root,/data1/qujh/OpenRAM/build/lib/openram/compiler/tests/20_sram_1bank_2mux_test.py,py,20_sram_1bank_2mux_test,3,False,20_sram_1bank_2mux_test,UNKNOWN,UNKNOWN,UNKNOWN,UNKNOWN
openram_root,/data1/qujh/OpenRAM/build/lib/openram/compiler/tests/20_sram_1bank_2mux_wmask_spare_cols_test.py,py,20_sram_1bank_2mux_wmask_spare_cols_test,3,False,20_sram_1bank_2mux_wmask_spare_cols_test,UNKNOWN,UNKNOWN,UNKNOWN,UNKNOWN
openram_root,/data1/qujh/OpenRAM/build/lib/openram/compiler/tests/20_sram_1bank_2mux_wmask_test.py,py,20_sram_1bank_2mux_wmask_test,3,False,20_sram_1bank_2mux_wmask_test,UNKNOWN,UNKNOWN,UNKNOWN,UNKNOWN
openram_root,/data1/qujh/OpenRAM/build/lib/openram/compiler/tests/20_sram_1bank_32b_1024_wmask_test.py,py,20_sram_1bank_32b_1024_wmask_test,3,False,20_sram_1bank_32b_1024_wmask_test,UNKNOWN,UNKNOWN,UNKNOWN,UNKNOWN
openram_root,/data1/qujh/OpenRAM/build/lib/openram/compiler/tests/20_sram_1bank_4mux_1rw_1r_test.py,py,20_sram_1bank_4mux_1rw_1r_test,3,False,20_sram_1bank_4mux_1rw_1r_test,UNKNOWN,UNKNOWN,UNKNOWN,UNKNOWN
openram_root,/data1/qujh/OpenRAM/build/lib/openram/compiler/tests/20_sram_1bank_4mux_test.py,py,20_sram_1bank_4mux_test,3,False,20_sram_1bank_4mux_test,UNKNOWN,UNKNOWN,UNKNOWN,UNKNOWN
openram_root,/data1/qujh/OpenRAM/build/lib/openram/compiler/tests/20_sram_1bank_8mux_1rw_1r_test.py,py,20_sram_1bank_8mux_1rw_1r_test,3,False,20_sram_1bank_8mux_1rw_1r_test,UNKNOWN,UNKNOWN,UNKNOWN,UNKNOWN
openram_root,/data1/qujh/OpenRAM/build/lib/openram/compiler/tests/20_sram_1bank_8mux_test.py,py,20_sram_1bank_8mux_test,3,False,20_sram_1bank_8mux_test,UNKNOWN,UNKNOWN,UNKNOWN,UNKNOWN
openram_root,/data1/qujh/OpenRAM/build/lib/openram/compiler/tests/20_sram_1bank_nomux_1rw_1r_spare_cols_test.py,py,20_sram_1bank_nomux_1rw_1r_spare_cols_test,3,False,20_sram_1bank_nomux_1rw_1r_spare_cols_test,UNKNOWN,UNKNOWN,UNKNOWN,UNKNOWN
openram_root,/data1/qujh/OpenRAM/build/lib/openram/compiler/tests/20_sram_1bank_nomux_1rw_1r_test.py,py,20_sram_1bank_nomux_1rw_1r_test,3,False,20_sram_1bank_nomux_1rw_1r_test,UNKNOWN,UNKNOWN,UNKNOWN,UNKNOWN
openram_root,/data1/qujh/OpenRAM/build/lib/openram/compiler/tests/20_sram_1bank_nomux_norbl_1rw_1r_test.py,py,20_sram_1bank_nomux_norbl_1rw_1r_test,3,False,20_sram_1bank_nomux_norbl_1rw_1r_test,UNKNOWN,UNKNOWN,UNKNOWN,UNKNOWN
openram_root,/data1/qujh/OpenRAM/build/lib/openram/compiler/tests/20_sram_1bank_nomux_norbl_test.py,py,20_sram_1bank_nomux_norbl_test,3,False,20_sram_1bank_nomux_norbl_test,UNKNOWN,UNKNOWN,UNKNOWN,UNKNOWN
openram_root,/data1/qujh/OpenRAM/build/lib/openram/compiler/tests/20_sram_1bank_nomux_spare_cols_test.py,py,20_sram_1bank_nomux_spare_cols_test,3,False,20_sram_1bank_nomux_spare_cols_test,UNKNOWN,UNKNOWN,UNKNOWN,UNKNOWN
openram_root,/data1/qujh/OpenRAM/build/lib/openram/compiler/tests/20_sram_1bank_nomux_test.py,py,20_sram_1bank_nomux_test,3,False,20_sram_1bank_nomux_test,UNKNOWN,UNKNOWN,UNKNOWN,UNKNOWN
openram_root,/data1/qujh/OpenRAM/build/lib/openram/compiler/tests/20_sram_1bank_nomux_wmask_sparecols_test.py,py,20_sram_1bank_nomux_wmask_sparecols_test,3,False,20_sram_1bank_nomux_wmask_sparecols_test,UNKNOWN,UNKNOWN,UNKNOWN,UNKNOWN
openram_root,/data1/qujh/OpenRAM/build/lib/openram/compiler/tests/20_sram_1bank_nomux_wmask_test.py,py,20_sram_1bank_nomux_wmask_test,3,False,20_sram_1bank_nomux_wmask_test,UNKNOWN,UNKNOWN,UNKNOWN,UNKNOWN
openram_root,/data1/qujh/OpenRAM/build/lib/openram/compiler/tests/20_sram_1bank_ring_test.py,py,20_sram_1bank_ring_test,3,False,20_sram_1bank_ring_test,UNKNOWN,UNKNOWN,UNKNOWN,UNKNOWN
openram_root,/data1/qujh/OpenRAM/build/lib/openram/compiler/tests/20_sram_2bank_test.py,py,20_sram_2bank_test,3,False,20_sram_2bank_test,UNKNOWN,UNKNOWN,UNKNOWN,UNKNOWN
openram_root,/data1/qujh/OpenRAM/build/lib/openram/compiler/tests/22_psram_1bank_2mux_func_test.py,py,22_psram_1bank_2mux_func_test,3,False,22_psram_1bank_2mux_func_test,UNKNOWN,UNKNOWN,UNKNOWN,UNKNOWN
openram_root,/data1/qujh/OpenRAM/build/lib/openram/compiler/tests/22_psram_1bank_4mux_func_test.py,py,22_psram_1bank_4mux_func_test,3,False,22_psram_1bank_4mux_func_test,UNKNOWN,UNKNOWN,UNKNOWN,UNKNOWN
openram_root,/data1/qujh/OpenRAM/build/lib/openram/compiler/tests/22_psram_1bank_8mux_func_test.py,py,22_psram_1bank_8mux_func_test,3,False,22_psram_1bank_8mux_func_test,UNKNOWN,UNKNOWN,UNKNOWN,UNKNOWN
openram_root,/data1/qujh/OpenRAM/build/lib/openram/compiler/tests/22_psram_1bank_nomux_func_test.py,py,22_psram_1bank_nomux_func_test,3,False,22_psram_1bank_nomux_func_test,UNKNOWN,UNKNOWN,UNKNOWN,UNKNOWN
openram_root,/data1/qujh/OpenRAM/build/lib/openram/compiler/tests/22_sram_1bank_2mux_func_test.py,py,22_sram_1bank_2mux_func_test,3,False,22_sram_1bank_2mux_func_test,UNKNOWN,UNKNOWN,UNKNOWN,UNKNOWN
openram_root,/data1/qujh/OpenRAM/build/lib/openram/compiler/tests/22_sram_1bank_2mux_global_func_test.py,py,22_sram_1bank_2mux_global_func_test,3,False,22_sram_1bank_2mux_global_func_test,UNKNOWN,UNKNOWN,UNKNOWN,UNKNOWN
openram_root,/data1/qujh/OpenRAM/build/lib/openram/compiler/tests/22_sram_1bank_2mux_sparecols_func_test.py,py,22_sram_1bank_2mux_sparecols_func_test,3,False,22_sram_1bank_2mux_sparecols_func_test,UNKNOWN,UNKNOWN,UNKNOWN,UNKNOWN
openram_root,/data1/qujh/OpenRAM/build/lib/openram/compiler/tests/22_sram_1bank_4mux_func_test.py,py,22_sram_1bank_4mux_func_test,3,False,22_sram_1bank_4mux_func_test,UNKNOWN,UNKNOWN,UNKNOWN,UNKNOWN
openram_root,/data1/qujh/OpenRAM/build/lib/openram/compiler/tests/22_sram_1bank_8mux_func_test.py,py,22_sram_1bank_8mux_func_test,3,False,22_sram_1bank_8mux_func_test,UNKNOWN,UNKNOWN,UNKNOWN,UNKNOWN
openram_root,/data1/qujh/OpenRAM/build/lib/openram/compiler/tests/22_sram_1bank_nomux_1rw_1r_func_test.py,py,22_sram_1bank_nomux_1rw_1r_func_test,3,False,22_sram_1bank_nomux_1rw_1r_func_test,UNKNOWN,UNKNOWN,UNKNOWN,UNKNOWN
openram_root,/data1/qujh/OpenRAM/build/lib/openram/compiler/tests/22_sram_1bank_nomux_func_test.py,py,22_sram_1bank_nomux_func_test,3,False,22_sram_1bank_nomux_func_test,UNKNOWN,UNKNOWN,UNKNOWN,UNKNOWN
openram_root,/data1/qujh/OpenRAM/build/lib/openram/compiler/tests/22_sram_1bank_nomux_sparecols_func_test.py,py,22_sram_1bank_nomux_sparecols_func_test,3,False,22_sram_1bank_nomux_sparecols_func_test,UNKNOWN,UNKNOWN,UNKNOWN,UNKNOWN
openram_root,/data1/qujh/OpenRAM/build/lib/openram/compiler/tests/22_sram_1bank_wmask_1rw_1r_func_test.py,py,22_sram_1bank_wmask_1rw_1r_func_test,3,False,22_sram_1bank_wmask_1rw_1r_func_test,UNKNOWN,UNKNOWN,UNKNOWN,UNKNOWN
openram_root,/data1/qujh/OpenRAM/build/lib/openram/compiler/tests/22_sram_wmask_func_test.py,py,22_sram_wmask_func_test,3,False,22_sram_wmask_func_test,UNKNOWN,UNKNOWN,UNKNOWN,UNKNOWN
openram_root,/data1/qujh/OpenRAM/build/lib/openram/compiler/tests/23_lib_sram_linear_regression_test.py,py,23_lib_sram_linear_regression_test,3,False,23_lib_sram_linear_regression_test,UNKNOWN,UNKNOWN,UNKNOWN,UNKNOWN
openram_root,/data1/qujh/OpenRAM/build/lib/openram/compiler/tests/23_lib_sram_model_corners_test.py,py,23_lib_sram_model_corners_test,3,False,23_lib_sram_model_corners_test,UNKNOWN,UNKNOWN,UNKNOWN,UNKNOWN
openram_root,/data1/qujh/OpenRAM/build/lib/openram/compiler/tests/23_lib_sram_model_test.py,py,23_lib_sram_model_test,3,False,23_lib_sram_model_test,UNKNOWN,UNKNOWN,UNKNOWN,UNKNOWN
openram_root,/data1/qujh/OpenRAM/build/lib/openram/compiler/tests/23_lib_sram_prune_test.py,py,23_lib_sram_prune_test,3,False,23_lib_sram_prune_test,UNKNOWN,UNKNOWN,UNKNOWN,UNKNOWN
openram_root,/data1/qujh/OpenRAM/build/lib/openram/compiler/tests/23_lib_sram_test.py,py,23_lib_sram_test,3,False,23_lib_sram_test,UNKNOWN,UNKNOWN,UNKNOWN,UNKNOWN
openram_root,/data1/qujh/OpenRAM/build/lib/openram/compiler/tests/24_lef_sram_test.py,py,24_lef_sram_test,3,False,24_lef_sram_test,UNKNOWN,UNKNOWN,UNKNOWN,UNKNOWN
openram_root,/data1/qujh/OpenRAM/build/lib/openram/compiler/tests/25_verilog_sram_test.py,py,25_verilog_sram_test,3,False,25_verilog_sram_test,UNKNOWN,UNKNOWN,UNKNOWN,UNKNOWN
openram_root,/data1/qujh/OpenRAM/build/lib/openram/compiler/tests/26_sram_pex_test.py,py,26_sram_pex_test,3,False,26_sram_pex_test,UNKNOWN,UNKNOWN,UNKNOWN,UNKNOWN
openram_root,/data1/qujh/OpenRAM/build/lib/openram/compiler/tests/30_openram_sram_char_test.py,py,30_openram_sram_char_test,3,False,30_openram_sram_char_test,UNKNOWN,UNKNOWN,UNKNOWN,UNKNOWN
openram_root,/data1/qujh/OpenRAM/build/lib/openram/compiler/tests/30_openram_sram_func_test.py,py,30_openram_sram_func_test,3,False,30_openram_sram_func_test,UNKNOWN,UNKNOWN,UNKNOWN,UNKNOWN
openram_root,/data1/qujh/OpenRAM/build/lib/openram/compiler/tests/configs/config.py,py,config,3,False,config,UNKNOWN,UNKNOWN,UNKNOWN,UNKNOWN
openram_root,/data1/qujh/OpenRAM/build/lib/openram/compiler/tests/configs/config_back_end.py,py,config_back_end,3,False,config_back_end,UNKNOWN,UNKNOWN,UNKNOWN,UNKNOWN
openram_root,/data1/qujh/OpenRAM/build/lib/openram/compiler/tests/configs/config_front_end.py,py,config_front_end,3,False,config_front_end,UNKNOWN,UNKNOWN,UNKNOWN,UNKNOWN
openram_root,/data1/qujh/OpenRAM/build/lib/openram/compiler/tests/configs/config_mem_char_func.py,py,config_mem_char_func,3,False,config_mem_char_func,UNKNOWN,UNKNOWN,UNKNOWN,UNKNOWN
openram_root,/data1/qujh/OpenRAM/build/lib/openram/compiler/tests/golden/sram_2_16_1_freepdk45.lef,lef,sram_2_16_1_freepdk45,3,False,sram_2_16_1_freepdk45,16,1,UNKNOWN,freepdk45
openram_root,/data1/qujh/OpenRAM/build/lib/openram/compiler/tests/golden/sram_2_16_1_freepdk45.sp,sp,sram_2_16_1_freepdk45,3,False,sram_2_16_1_freepdk45,16,1,UNKNOWN,freepdk45
openram_root,/data1/qujh/OpenRAM/build/lib/openram/compiler/tests/golden/sram_2_16_1_freepdk45.v,v,sram_2_16_1_freepdk45,3,False,sram_2_16_1_freepdk45,16,1,UNKNOWN,freepdk45
openram_root,/data1/qujh/OpenRAM/build/lib/openram/compiler/tests/golden/sram_2_16_1_scn4m_subm.lef,lef,sram_2_16_1_scn4m_subm,3,False,sram_2_16_1_scn4m_subm,16,1,UNKNOWN,scn4m_subm
openram_root,/data1/qujh/OpenRAM/build/lib/openram/compiler/tests/golden/sram_2_16_1_scn4m_subm.sp,sp,sram_2_16_1_scn4m_subm,3,False,sram_2_16_1_scn4m_subm,16,1,UNKNOWN,scn4m_subm
openram_root,/data1/qujh/OpenRAM/build/lib/openram/compiler/tests/golden/sram_2_16_1_scn4m_subm.v,v,sram_2_16_1_scn4m_subm,3,False,sram_2_16_1_scn4m_subm,16,1,UNKNOWN,scn4m_subm
openram_root,/data1/qujh/OpenRAM/build/lib/openram/compiler/tests/golden/sram_2_16_1_sky130.sp,sp,sram_2_16_1_sky130,3,False,sram_2_16_1_sky130,16,1,UNKNOWN,sky130
openram_root,/data1/qujh/OpenRAM/build/lib/openram/compiler/tests/golden/sram_2_16_2_freepdk45.v,v,sram_2_16_2_freepdk45,3,False,sram_2_16_2_freepdk45,16,2,UNKNOWN,freepdk45
openram_root,/data1/qujh/OpenRAM/build/lib/openram/compiler/tests/golden/sram_2_16_2_freepdk45_top.v,v,sram_2_16_2_freepdk45_top,3,False,sram_2_16_2_freepdk45_top,16,2,UNKNOWN,freepdk45_top
openram_root,/data1/qujh/OpenRAM/build/lib/openram/compiler/tests/golden/sram_2_16_2_scn4m_subm.v,v,sram_2_16_2_scn4m_subm,3,False,sram_2_16_2_scn4m_subm,16,2,UNKNOWN,scn4m_subm
openram_root,/data1/qujh/OpenRAM/build/lib/openram/compiler/tests/golden/sram_2_16_2_scn4m_subm_top.v,v,sram_2_16_2_scn4m_subm_top,3,False,sram_2_16_2_scn4m_subm_top,16,2,UNKNOWN,scn4m_subm_top
openram_root,/data1/qujh/OpenRAM/build/lib/openram/compiler/tests/sp_files/sram_2_16_1_freepdk45.sp,sp,sram_2_16_1_freepdk45,3,False,sram_2_16_1_freepdk45,16,1,UNKNOWN,freepdk45
openram_root,/data1/qujh/OpenRAM/build/lib/openram/compiler/tests/sp_files/sram_2_16_1_scn4m_subm.sp,sp,sram_2_16_1_scn4m_subm,3,False,sram_2_16_1_scn4m_subm,16,1,UNKNOWN,scn4m_subm
openram_root,/data1/qujh/OpenRAM/build/lib/openram/compiler/tests/sp_files/sram_2_16_1_sky130.sp,sp,sram_2_16_1_sky130,3,False,sram_2_16_1_sky130,16,1,UNKNOWN,sky130
openram_root,/data1/qujh/OpenRAM/build/lib/openram/compiler/tests/sram_1rw_1r_tb.v,v,sram_1rw_1r_tb,3,False,sram_1rw_1r_tb,UNKNOWN,UNKNOWN,UNKNOWN,UNKNOWN
openram_root,/data1/qujh/OpenRAM/build/lib/openram/compiler/tests/sram_1rw_tb.v,v,sram_1rw_tb,3,False,sram_1rw_tb,UNKNOWN,UNKNOWN,UNKNOWN,UNKNOWN
openram_root,/data1/qujh/OpenRAM/build/lib/openram/compiler/tests/sram_1rw_wmask_tb.v,v,sram_1rw_wmask_tb,3,False,sram_1rw_wmask_tb,UNKNOWN,UNKNOWN,UNKNOWN,UNKNOWN
openram_root,/data1/qujh/OpenRAM/build/lib/openram/macros/sram_configs/example_config_1rw_1r_scn4m_subm.py,py,example_config_1rw_1r_scn4m_subm,3,False,example_config_1rw_1r_scn4m_subm,UNKNOWN,UNKNOWN,UNKNOWN,UNKNOWN
openram_root,/data1/qujh/OpenRAM/build/lib/openram/macros/sram_configs/example_config_1rw_1w_scn4m_subm.py,py,example_config_1rw_1w_scn4m_subm,3,False,example_config_1rw_1w_scn4m_subm,UNKNOWN,UNKNOWN,UNKNOWN,UNKNOWN
openram_root,/data1/qujh/OpenRAM/build/lib/openram/macros/sram_configs/example_config_1rw_2mux_scn4m_subm.py,py,example_config_1rw_2mux_scn4m_subm,3,False,example_config_1rw_2mux_scn4m_subm,UNKNOWN,UNKNOWN,UNKNOWN,UNKNOWN
openram_root,/data1/qujh/OpenRAM/build/lib/openram/macros/sram_configs/example_config_1w_1r_scn4m_subm.py,py,example_config_1w_1r_scn4m_subm,3,False,example_config_1w_1r_scn4m_subm,UNKNOWN,UNKNOWN,UNKNOWN,UNKNOWN
openram_root,/data1/qujh/OpenRAM/build/lib/openram/macros/sram_configs/example_config_2rw_scn4m_subm.py,py,example_config_2rw_scn4m_subm,3,False,example_config_2rw_scn4m_subm,UNKNOWN,UNKNOWN,UNKNOWN,UNKNOWN
openram_root,/data1/qujh/OpenRAM/build/lib/openram/macros/sram_configs/example_config_big_scn4m_subm.py,py,example_config_big_scn4m_subm,3,False,example_config_big_scn4m_subm,UNKNOWN,UNKNOWN,UNKNOWN,UNKNOWN
openram_root,/data1/qujh/OpenRAM/build/lib/openram/macros/sram_configs/example_config_freepdk45.py,py,example_config_freepdk45,3,False,example_config_freepdk45,UNKNOWN,UNKNOWN,UNKNOWN,UNKNOWN
openram_root,/data1/qujh/OpenRAM/build/lib/openram/macros/sram_configs/example_config_giant_scn4m_subm.py,py,example_config_giant_scn4m_subm,3,False,example_config_giant_scn4m_subm,UNKNOWN,UNKNOWN,UNKNOWN,UNKNOWN
openram_root,/data1/qujh/OpenRAM/build/lib/openram/macros/sram_configs/example_config_medium_scn4m_subm.py,py,example_config_medium_scn4m_subm,3,False,example_config_medium_scn4m_subm,UNKNOWN,UNKNOWN,UNKNOWN,UNKNOWN
openram_root,/data1/qujh/OpenRAM/build/lib/openram/macros/sram_configs/example_config_scn4m_subm.py,py,example_config_scn4m_subm,3,False,example_config_scn4m_subm,UNKNOWN,UNKNOWN,UNKNOWN,UNKNOWN
openram_root,/data1/qujh/OpenRAM/build/lib/openram/macros/sram_configs/freepdk45_sram_1rw1r_32x2048_8.py,py,freepdk45_sram_1rw1r_32x2048_8,3,False,freepdk45_sram_1rw1r_32x2048_8,2048,32,UNKNOWN,8
openram_root,/data1/qujh/OpenRAM/build/lib/openram/macros/sram_configs/scn4m_subm_sram_16kbyte_1rw1r_32x4096_8.py,py,scn4m_subm_sram_16kbyte_1rw1r_32x4096_8,3,False,scn4m_subm_sram_16kbyte_1rw1r_32x4096_8,UNKNOWN,UNKNOWN,UNKNOWN,UNKNOWN
openram_root,/data1/qujh/OpenRAM/build/lib/openram/macros/sram_configs/scn4m_subm_sram_1kbyte_1rw1r_32x256_8.py,py,scn4m_subm_sram_1kbyte_1rw1r_32x256_8,3,False,scn4m_subm_sram_1kbyte_1rw1r_32x256_8,UNKNOWN,UNKNOWN,UNKNOWN,UNKNOWN
openram_root,/data1/qujh/OpenRAM/build/lib/openram/macros/sram_configs/scn4m_subm_sram_2kbyte_1rw1r_32x512_8.py,py,scn4m_subm_sram_2kbyte_1rw1r_32x512_8,3,False,scn4m_subm_sram_2kbyte_1rw1r_32x512_8,UNKNOWN,UNKNOWN,UNKNOWN,UNKNOWN
openram_root,/data1/qujh/OpenRAM/build/lib/openram/macros/sram_configs/scn4m_subm_sram_32kbyte_1rw1r_2x32x4096_8.py,py,scn4m_subm_sram_32kbyte_1rw1r_2x32x4096_8,3,False,scn4m_subm_sram_32kbyte_1rw1r_2x32x4096_8,UNKNOWN,UNKNOWN,UNKNOWN,UNKNOWN
openram_root,/data1/qujh/OpenRAM/build/lib/openram/macros/sram_configs/scn4m_subm_sram_4kbyte_1rw1r_32x1024_8.py,py,scn4m_subm_sram_4kbyte_1rw1r_32x1024_8,3,False,scn4m_subm_sram_4kbyte_1rw1r_32x1024_8,UNKNOWN,UNKNOWN,UNKNOWN,UNKNOWN
openram_root,/data1/qujh/OpenRAM/build/lib/openram/macros/sram_configs/scn4m_subm_sram_8kbyte_1rw1r_32x2048_8.py,py,scn4m_subm_sram_8kbyte_1rw1r_32x2048_8,3,False,scn4m_subm_sram_8kbyte_1rw1r_32x2048_8,UNKNOWN,UNKNOWN,UNKNOWN,UNKNOWN
openram_root,/data1/qujh/OpenRAM/build/lib/openram/macros/sram_configs/sky130_sram_1kbyte_1r1w_8x1024_8.py,py,sky130_sram_1kbyte_1r1w_8x1024_8,3,False,sky130_sram_1kbyte_1r1w_8x1024_8,UNKNOWN,UNKNOWN,UNKNOWN,UNKNOWN
openram_root,/data1/qujh/OpenRAM/build/lib/openram/macros/sram_configs/sky130_sram_1kbyte_1rw1r_32x256_8.py,py,sky130_sram_1kbyte_1rw1r_32x256_8,3,False,sky130_sram_1kbyte_1rw1r_32x256_8,UNKNOWN,UNKNOWN,UNKNOWN,UNKNOWN
openram_root,/data1/qujh/OpenRAM/build/lib/openram/macros/sram_configs/sky130_sram_1kbyte_1rw1r_8x1024_8.py,py,sky130_sram_1kbyte_1rw1r_8x1024_8,3,False,sky130_sram_1kbyte_1rw1r_8x1024_8,UNKNOWN,UNKNOWN,UNKNOWN,UNKNOWN
openram_root,/data1/qujh/OpenRAM/build/lib/openram/macros/sram_configs/sky130_sram_1kbyte_1rw_32x256_8.py,py,sky130_sram_1kbyte_1rw_32x256_8,3,False,sky130_sram_1kbyte_1rw_32x256_8,UNKNOWN,UNKNOWN,UNKNOWN,UNKNOWN
openram_root,/data1/qujh/OpenRAM/build/lib/openram/macros/sram_configs/sky130_sram_1rw1r_tiny.py,py,sky130_sram_1rw1r_tiny,3,False,sky130_sram_1rw1r_tiny,UNKNOWN,UNKNOWN,UNKNOWN,UNKNOWN
openram_root,/data1/qujh/OpenRAM/build/lib/openram/macros/sram_configs/sky130_sram_1rw_tiny.py,py,sky130_sram_1rw_tiny,3,False,sky130_sram_1rw_tiny,UNKNOWN,UNKNOWN,UNKNOWN,UNKNOWN
openram_root,/data1/qujh/OpenRAM/build/lib/openram/macros/sram_configs/sky130_sram_2kbyte_1rw1r_32x512_8.py,py,sky130_sram_2kbyte_1rw1r_32x512_8,3,False,sky130_sram_2kbyte_1rw1r_32x512_8,UNKNOWN,UNKNOWN,UNKNOWN,UNKNOWN
openram_root,/data1/qujh/OpenRAM/build/lib/openram/macros/sram_configs/sky130_sram_2kbyte_1rw_32x512_8.py,py,sky130_sram_2kbyte_1rw_32x512_8,3,False,sky130_sram_2kbyte_1rw_32x512_8,UNKNOWN,UNKNOWN,UNKNOWN,UNKNOWN
openram_root,/data1/qujh/OpenRAM/build/lib/openram/macros/sram_configs/sky130_sram_4kbyte_1rw1r_32x1024_8.py,py,sky130_sram_4kbyte_1rw1r_32x1024_8,3,False,sky130_sram_4kbyte_1rw1r_32x1024_8,UNKNOWN,UNKNOWN,UNKNOWN,UNKNOWN
openram_root,/data1/qujh/OpenRAM/build/lib/openram/macros/sram_configs/sky130_sram_4kbyte_1rw_32x1024_8.py,py,sky130_sram_4kbyte_1rw_32x1024_8,3,False,sky130_sram_4kbyte_1rw_32x1024_8,UNKNOWN,UNKNOWN,UNKNOWN,UNKNOWN
openram_root,/data1/qujh/OpenRAM/build/lib/openram/macros/sram_configs/sky130_sram_4kbyte_1rw_64x512_8.py,py,sky130_sram_4kbyte_1rw_64x512_8,3,False,sky130_sram_4kbyte_1rw_64x512_8,UNKNOWN,UNKNOWN,UNKNOWN,UNKNOWN
openram_root,/data1/qujh/OpenRAM/build/lib/openram/macros/sram_configs/sky130_sram_common.py,py,sky130_sram_common,3,False,sky130_sram_common,UNKNOWN,UNKNOWN,UNKNOWN,UNKNOWN
openram_root,/data1/qujh/OpenRAM/build/lib/openram/sram_char.py,py,sram_char,3,False,sram_char,UNKNOWN,UNKNOWN,UNKNOWN,UNKNOWN
openram_root,/data1/qujh/OpenRAM/build/lib/openram/sram_compiler.py,py,sram_compiler,3,False,sram_compiler,UNKNOWN,UNKNOWN,UNKNOWN,UNKNOWN
openram_root,/data1/qujh/OpenRAM/build/lib/openram/sram_func.py,py,sram_func,3,False,sram_func,UNKNOWN,UNKNOWN,UNKNOWN,UNKNOWN
openram_root,/data1/qujh/OpenRAM/compiler/characterizer/fake_sram.py,py,fake_sram,3,False,fake_sram,UNKNOWN,UNKNOWN,UNKNOWN,UNKNOWN
openram_root,/data1/qujh/OpenRAM/compiler/gdsMill/pyx/config.py,py,config,3,False,config,UNKNOWN,UNKNOWN,UNKNOWN,UNKNOWN
openram_root,/data1/qujh/OpenRAM/compiler/gdsMill/pyx/siteconfig.py,py,siteconfig,3,False,siteconfig,UNKNOWN,UNKNOWN,UNKNOWN,UNKNOWN
openram_root,/data1/qujh/OpenRAM/compiler/gdsMill/sram_examples/sram_lib16.gds,gds,sram_lib16,2,False,sram_lib16,UNKNOWN,UNKNOWN,UNKNOWN,UNKNOWN
openram_root,/data1/qujh/OpenRAM/compiler/gdsMill/sram_examples/sram_lib2.gds,gds,sram_lib2,2,False,sram_lib2,UNKNOWN,UNKNOWN,UNKNOWN,UNKNOWN
openram_root,/data1/qujh/OpenRAM/compiler/model_configs/shared_config.py,py,shared_config,3,False,shared_config,UNKNOWN,UNKNOWN,UNKNOWN,UNKNOWN
openram_root,/data1/qujh/OpenRAM/compiler/model_configs/sram_10b_64w_4wpr_21las_1rw.py,py,sram_10b_64w_4wpr_21las_1rw,3,False,sram_10b_64w_4wpr_21las_1rw,UNKNOWN,UNKNOWN,UNKNOWN,UNKNOWN
openram_root,/data1/qujh/OpenRAM/compiler/model_configs/sram_128b_1024_1rw.py,py,sram_128b_1024_1rw,3,False,sram_128b_1024_1rw,UNKNOWN,UNKNOWN,UNKNOWN,UNKNOWN
openram_root,/data1/qujh/OpenRAM/compiler/model_configs/sram_12b_128w_4wpr_38las_1rw.py,py,sram_12b_128w_4wpr_38las_1rw,3,False,sram_12b_128w_4wpr_38las_1rw,UNKNOWN,UNKNOWN,UNKNOWN,UNKNOWN
openram_root,/data1/qujh/OpenRAM/compiler/model_configs/sram_12b_16w_1wpr_1las_1rw.py,py,sram_12b_16w_1wpr_1las_1rw,3,False,sram_12b_16w_1wpr_1las_1rw,UNKNOWN,UNKNOWN,UNKNOWN,UNKNOWN
openram_root,/data1/qujh/OpenRAM/compiler/model_configs/sram_12b_256w_16wpr_186las_1rw.py,py,sram_12b_256w_16wpr_186las_1rw,3,False,sram_12b_256w_16wpr_186las_1rw,UNKNOWN,UNKNOWN,UNKNOWN,UNKNOWN
openram_root,/data1/qujh/OpenRAM/compiler/model_configs/sram_12b_256w_8wpr_17las_1rw.py,py,sram_12b_256w_8wpr_17las_1rw,3,False,sram_12b_256w_8wpr_17las_1rw,UNKNOWN,UNKNOWN,UNKNOWN,UNKNOWN
openram_root,/data1/qujh/OpenRAM/compiler/model_configs/sram_14b_32w_2wpr_23las_1rw.py,py,sram_14b_32w_2wpr_23las_1rw,3,False,sram_14b_32w_2wpr_23las_1rw,UNKNOWN,UNKNOWN,UNKNOWN,UNKNOWN
openram_root,/data1/qujh/OpenRAM/compiler/model_configs/sram_15b_512w_8wpr_85las_1rw.py,py,sram_15b_512w_8wpr_85las_1rw,3,False,sram_15b_512w_8wpr_85las_1rw,UNKNOWN,UNKNOWN,UNKNOWN,UNKNOWN
openram_root,/data1/qujh/OpenRAM/compiler/model_configs/sram_16b_1024w_16wpr_40las_1rw.py,py,sram_16b_1024w_16wpr_40las_1rw,3,False,sram_16b_1024w_16wpr_40las_1rw,UNKNOWN,UNKNOWN,UNKNOWN,UNKNOWN
openram_root,/data1/qujh/OpenRAM/compiler/model_configs/sram_17b_1024w_16wpr_86las_1rw.py,py,sram_17b_1024w_16wpr_86las_1rw,3,False,sram_17b_1024w_16wpr_86las_1rw,UNKNOWN,UNKNOWN,UNKNOWN,UNKNOWN
openram_root,/data1/qujh/OpenRAM/compiler/model_configs/sram_17b_256w_16wpr_49las_1rw.py,py,sram_17b_256w_16wpr_49las_1rw,3,False,sram_17b_256w_16wpr_49las_1rw,UNKNOWN,UNKNOWN,UNKNOWN,UNKNOWN
openram_root,/data1/qujh/OpenRAM/compiler/model_configs/sram_18b_128w_2wpr_7las_1rw.py,py,sram_18b_128w_2wpr_7las_1rw,3,False,sram_18b_128w_2wpr_7las_1rw,UNKNOWN,UNKNOWN,UNKNOWN,UNKNOWN
openram_root,/data1/qujh/OpenRAM/compiler/model_configs/sram_18b_32w_1wpr_18las_1rw.py,py,sram_18b_32w_1wpr_18las_1rw,3,False,sram_18b_32w_1wpr_18las_1rw,UNKNOWN,UNKNOWN,UNKNOWN,UNKNOWN
openram_root,/data1/qujh/OpenRAM/compiler/model_configs/sram_21b_1024w_4wpr_54las_1rw.py,py,sram_21b_1024w_4wpr_54las_1rw,3,False,sram_21b_1024w_4wpr_54las_1rw,UNKNOWN,UNKNOWN,UNKNOWN,UNKNOWN
openram_root,/data1/qujh/OpenRAM/compiler/model_configs/sram_22b_512w_16wpr_249las_1rw.py,py,sram_22b_512w_16wpr_249las_1rw,3,False,sram_22b_512w_16wpr_249las_1rw,UNKNOWN,UNKNOWN,UNKNOWN,UNKNOWN
openram_root,/data1/qujh/OpenRAM/compiler/model_configs/sram_23b_1024w_16wpr_118las_1rw.py,py,sram_23b_1024w_16wpr_118las_1rw,3,False,sram_23b_1024w_16wpr_118las_1rw,UNKNOWN,UNKNOWN,UNKNOWN,UNKNOWN
openram_root,/data1/qujh/OpenRAM/compiler/model_configs/sram_26b_64w_4wpr_23las_1rw.py,py,sram_26b_64w_4wpr_23las_1rw,3,False,sram_26b_64w_4wpr_23las_1rw,UNKNOWN,UNKNOWN,UNKNOWN,UNKNOWN
openram_root,/data1/qujh/OpenRAM/compiler/model_configs/sram_27b_1024w_4wpr_89las_1rw.py,py,sram_27b_1024w_4wpr_89las_1rw,3,False,sram_27b_1024w_4wpr_89las_1rw,UNKNOWN,UNKNOWN,UNKNOWN,UNKNOWN
openram_root,/data1/qujh/OpenRAM/compiler/model_configs/sram_27b_256w_8wpr_191las_1rw.py,py,sram_27b_256w_8wpr_191las_1rw,3,False,sram_27b_256w_8wpr_191las_1rw,UNKNOWN,UNKNOWN,UNKNOWN,UNKNOWN
openram_root,/data1/qujh/OpenRAM/compiler/model_configs/sram_27b_512w_4wpr_60las_1rw.py,py,sram_27b_512w_4wpr_60las_1rw,3,False,sram_27b_512w_4wpr_60las_1rw,UNKNOWN,UNKNOWN,UNKNOWN,UNKNOWN
openram_root,/data1/qujh/OpenRAM/compiler/model_configs/sram_32b_1024_1rw.py,py,sram_32b_1024_1rw,3,False,sram_32b_1024_1rw,UNKNOWN,UNKNOWN,UNKNOWN,UNKNOWN
openram_root,/data1/qujh/OpenRAM/compiler/model_configs/sram_32b_2048_1rw.py,py,sram_32b_2048_1rw,3,False,sram_32b_2048_1rw,UNKNOWN,UNKNOWN,UNKNOWN,UNKNOWN
openram_root,/data1/qujh/OpenRAM/compiler/model_configs/sram_32b_256_1rw.py,py,sram_32b_256_1rw,3,False,sram_32b_256_1rw,UNKNOWN,UNKNOWN,UNKNOWN,UNKNOWN
openram_root,/data1/qujh/OpenRAM/compiler/model_configs/sram_32b_32w_1wpr_31las_1rw.py,py,sram_32b_32w_1wpr_31las_1rw,3,False,sram_32b_32w_1wpr_31las_1rw,UNKNOWN,UNKNOWN,UNKNOWN,UNKNOWN
openram_root,/data1/qujh/OpenRAM/compiler/model_configs/sram_32b_512_1rw.py,py,sram_32b_512_1rw,3,False,sram_32b_512_1rw,UNKNOWN,UNKNOWN,UNKNOWN,UNKNOWN
openram_root,/data1/qujh/OpenRAM/compiler/model_configs/sram_4b_16w_1wpr_4las_1rw.py,py,sram_4b_16w_1wpr_4las_1rw,3,False,sram_4b_16w_1wpr_4las_1rw,UNKNOWN,UNKNOWN,UNKNOWN,UNKNOWN
openram_root,/data1/qujh/OpenRAM/compiler/model_configs/sram_4b_32w_2wpr_5las_1rw.py,py,sram_4b_32w_2wpr_5las_1rw,3,False,sram_4b_32w_2wpr_5las_1rw,UNKNOWN,UNKNOWN,UNKNOWN,UNKNOWN
openram_root,/data1/qujh/OpenRAM/compiler/model_configs/sram_4b_64w_4wpr_14las_1rw.py,py,sram_4b_64w_4wpr_14las_1rw,3,False,sram_4b_64w_4wpr_14las_1rw,UNKNOWN,UNKNOWN,UNKNOWN,UNKNOWN
openram_root,/data1/qujh/OpenRAM/compiler/model_configs/sram_5b_256w_16wpr_75las_1rw.py,py,sram_5b_256w_16wpr_75las_1rw,3,False,sram_5b_256w_16wpr_75las_1rw,UNKNOWN,UNKNOWN,UNKNOWN,UNKNOWN
openram_root,/data1/qujh/OpenRAM/compiler/model_configs/sram_64b_1024_1rw.py,py,sram_64b_1024_1rw,3,False,sram_64b_1024_1rw,UNKNOWN,UNKNOWN,UNKNOWN,UNKNOWN
openram_root,/data1/qujh/OpenRAM/compiler/model_configs/sram_64b_512_1rw.py,py,sram_64b_512_1rw,3,False,sram_64b_512_1rw,UNKNOWN,UNKNOWN,UNKNOWN,UNKNOWN
openram_root,/data1/qujh/OpenRAM/compiler/model_configs/sram_6b_16w_1wpr_1las_1rw.py,py,sram_6b_16w_1wpr_1las_1rw,3,False,sram_6b_16w_1wpr_1las_1rw,UNKNOWN,UNKNOWN,UNKNOWN,UNKNOWN
openram_root,/data1/qujh/OpenRAM/compiler/model_configs/sram_7b_256w_4wpr_25las_1rw.py,py,sram_7b_256w_4wpr_25las_1rw,3,False,sram_7b_256w_4wpr_25las_1rw,UNKNOWN,UNKNOWN,UNKNOWN,UNKNOWN
openram_root,/data1/qujh/OpenRAM/compiler/model_configs/sram_7b_64w_2wpr_10las_1rw.py,py,sram_7b_64w_2wpr_10las_1rw,3,False,sram_7b_64w_2wpr_10las_1rw,UNKNOWN,UNKNOWN,UNKNOWN,UNKNOWN
openram_root,/data1/qujh/OpenRAM/compiler/model_configs/sram_8b_1024_1rw.py,py,sram_8b_1024_1rw,3,False,sram_8b_1024_1rw,UNKNOWN,UNKNOWN,UNKNOWN,UNKNOWN
openram_root,/data1/qujh/OpenRAM/compiler/model_configs/sram_8b_256_1rw.py,py,sram_8b_256_1rw,3,False,sram_8b_256_1rw,UNKNOWN,UNKNOWN,UNKNOWN,UNKNOWN
openram_root,/data1/qujh/OpenRAM/compiler/model_configs/sram_8b_256w_1wpr_1las_1rw.py,py,sram_8b_256w_1wpr_1las_1rw,3,False,sram_8b_256w_1wpr_1las_1rw,UNKNOWN,UNKNOWN,UNKNOWN,UNKNOWN
openram_root,/data1/qujh/OpenRAM/compiler/model_configs/sram_8b_512_1rw.py,py,sram_8b_512_1rw,3,False,sram_8b_512_1rw,UNKNOWN,UNKNOWN,UNKNOWN,UNKNOWN
openram_root,/data1/qujh/OpenRAM/compiler/model_configs/sram_9b_1024w_4wpr_3las_1rw.py,py,sram_9b_1024w_4wpr_3las_1rw,3,False,sram_9b_1024w_4wpr_3las_1rw,UNKNOWN,UNKNOWN,UNKNOWN,UNKNOWN
openram_root,/data1/qujh/OpenRAM/compiler/model_configs/sram_9b_128w_1wpr_4las_1rw.py,py,sram_9b_128w_1wpr_4las_1rw,3,False,sram_9b_128w_1wpr_4las_1rw,UNKNOWN,UNKNOWN,UNKNOWN,UNKNOWN
openram_root,/data1/qujh/OpenRAM/compiler/model_configs/sram_9b_256w_4wpr_15las_1rw.py,py,sram_9b_256w_4wpr_15las_1rw,3,False,sram_9b_256w_4wpr_15las_1rw,UNKNOWN,UNKNOWN,UNKNOWN,UNKNOWN
openram_root,/data1/qujh/OpenRAM/compiler/modules/sram_1bank.py,py,sram_1bank,3,False,sram_1bank,UNKNOWN,UNKNOWN,UNKNOWN,UNKNOWN
openram_root,/data1/qujh/OpenRAM/compiler/modules/sram_multibank.py,py,sram_multibank,3,False,sram_multibank,UNKNOWN,UNKNOWN,UNKNOWN,UNKNOWN
openram_root,/data1/qujh/OpenRAM/compiler/modules/sram_multibank_template.v,v,sram_multibank_template,3,False,sram_multibank_template,UNKNOWN,UNKNOWN,UNKNOWN,UNKNOWN
openram_root,/data1/qujh/OpenRAM/compiler/rom_config.py,py,rom_config,3,False,rom_config,UNKNOWN,UNKNOWN,UNKNOWN,UNKNOWN
openram_root,/data1/qujh/OpenRAM/compiler/sram.py,py,sram,3,False,sram,UNKNOWN,UNKNOWN,UNKNOWN,UNKNOWN
openram_root,/data1/qujh/OpenRAM/compiler/sram_config.py,py,sram_config,3,False,sram_config,UNKNOWN,UNKNOWN,UNKNOWN,UNKNOWN
openram_root,/data1/qujh/OpenRAM/compiler/sram_factory.py,py,sram_factory,3,False,sram_factory,UNKNOWN,UNKNOWN,UNKNOWN,UNKNOWN
openram_root,/data1/qujh/OpenRAM/compiler/tests/20_psram_1bank_2mux_1rw_1w_test.py,py,20_psram_1bank_2mux_1rw_1w_test,3,False,20_psram_1bank_2mux_1rw_1w_test,UNKNOWN,UNKNOWN,UNKNOWN,UNKNOWN
openram_root,/data1/qujh/OpenRAM/compiler/tests/20_psram_1bank_2mux_1rw_1w_wmask_test.py,py,20_psram_1bank_2mux_1rw_1w_wmask_test,3,False,20_psram_1bank_2mux_1rw_1w_wmask_test,UNKNOWN,UNKNOWN,UNKNOWN,UNKNOWN
openram_root,/data1/qujh/OpenRAM/compiler/tests/20_psram_1bank_2mux_1w_1r_test.py,py,20_psram_1bank_2mux_1w_1r_test,3,False,20_psram_1bank_2mux_1w_1r_test,UNKNOWN,UNKNOWN,UNKNOWN,UNKNOWN
openram_root,/data1/qujh/OpenRAM/compiler/tests/20_psram_1bank_2mux_test.py,py,20_psram_1bank_2mux_test,3,False,20_psram_1bank_2mux_test,UNKNOWN,UNKNOWN,UNKNOWN,UNKNOWN
openram_root,/data1/qujh/OpenRAM/compiler/tests/20_psram_1bank_4mux_1rw_1r_test.py,py,20_psram_1bank_4mux_1rw_1r_test,3,False,20_psram_1bank_4mux_1rw_1r_test,UNKNOWN,UNKNOWN,UNKNOWN,UNKNOWN
openram_root,/data1/qujh/OpenRAM/compiler/tests/20_sram_1bank_16mux_1rw_1r_test.py,py,20_sram_1bank_16mux_1rw_1r_test,3,False,20_sram_1bank_16mux_1rw_1r_test,UNKNOWN,UNKNOWN,UNKNOWN,UNKNOWN
openram_root,/data1/qujh/OpenRAM/compiler/tests/20_sram_1bank_16mux_test.py,py,20_sram_1bank_16mux_test,3,False,20_sram_1bank_16mux_test,UNKNOWN,UNKNOWN,UNKNOWN,UNKNOWN
openram_root,/data1/qujh/OpenRAM/compiler/tests/20_sram_1bank_2mux_1rw_1r_spare_cols_test.py,py,20_sram_1bank_2mux_1rw_1r_spare_cols_test,3,False,20_sram_1bank_2mux_1rw_1r_spare_cols_test,UNKNOWN,UNKNOWN,UNKNOWN,UNKNOWN
openram_root,/data1/qujh/OpenRAM/compiler/tests/20_sram_1bank_2mux_1rw_1r_test.py,py,20_sram_1bank_2mux_1rw_1r_test,3,False,20_sram_1bank_2mux_1rw_1r_test,UNKNOWN,UNKNOWN,UNKNOWN,UNKNOWN
openram_root,/data1/qujh/OpenRAM/compiler/tests/20_sram_1bank_2mux_1w_1r_spare_cols_test.py,py,20_sram_1bank_2mux_1w_1r_spare_cols_test,3,False,20_sram_1bank_2mux_1w_1r_spare_cols_test,UNKNOWN,UNKNOWN,UNKNOWN,UNKNOWN
openram_root,/data1/qujh/OpenRAM/compiler/tests/20_sram_1bank_2mux_1w_1r_test.py,py,20_sram_1bank_2mux_1w_1r_test,3,False,20_sram_1bank_2mux_1w_1r_test,UNKNOWN,UNKNOWN,UNKNOWN,UNKNOWN
openram_root,/data1/qujh/OpenRAM/compiler/tests/20_sram_1bank_2mux_global_test.py,py,20_sram_1bank_2mux_global_test,3,False,20_sram_1bank_2mux_global_test,UNKNOWN,UNKNOWN,UNKNOWN,UNKNOWN
openram_root,/data1/qujh/OpenRAM/compiler/tests/20_sram_1bank_2mux_test.py,py,20_sram_1bank_2mux_test,3,False,20_sram_1bank_2mux_test,UNKNOWN,UNKNOWN,UNKNOWN,UNKNOWN
openram_root,/data1/qujh/OpenRAM/compiler/tests/20_sram_1bank_2mux_wmask_spare_cols_test.py,py,20_sram_1bank_2mux_wmask_spare_cols_test,3,False,20_sram_1bank_2mux_wmask_spare_cols_test,UNKNOWN,UNKNOWN,UNKNOWN,UNKNOWN
openram_root,/data1/qujh/OpenRAM/compiler/tests/20_sram_1bank_2mux_wmask_test.py,py,20_sram_1bank_2mux_wmask_test,3,False,20_sram_1bank_2mux_wmask_test,UNKNOWN,UNKNOWN,UNKNOWN,UNKNOWN
openram_root,/data1/qujh/OpenRAM/compiler/tests/20_sram_1bank_32b_1024_wmask_test.py,py,20_sram_1bank_32b_1024_wmask_test,3,False,20_sram_1bank_32b_1024_wmask_test,UNKNOWN,UNKNOWN,UNKNOWN,UNKNOWN
openram_root,/data1/qujh/OpenRAM/compiler/tests/20_sram_1bank_4mux_1rw_1r_test.py,py,20_sram_1bank_4mux_1rw_1r_test,3,False,20_sram_1bank_4mux_1rw_1r_test,UNKNOWN,UNKNOWN,UNKNOWN,UNKNOWN
openram_root,/data1/qujh/OpenRAM/compiler/tests/20_sram_1bank_4mux_test.py,py,20_sram_1bank_4mux_test,3,False,20_sram_1bank_4mux_test,UNKNOWN,UNKNOWN,UNKNOWN,UNKNOWN
openram_root,/data1/qujh/OpenRAM/compiler/tests/20_sram_1bank_8mux_1rw_1r_test.py,py,20_sram_1bank_8mux_1rw_1r_test,3,False,20_sram_1bank_8mux_1rw_1r_test,UNKNOWN,UNKNOWN,UNKNOWN,UNKNOWN
openram_root,/data1/qujh/OpenRAM/compiler/tests/20_sram_1bank_8mux_test.py,py,20_sram_1bank_8mux_test,3,False,20_sram_1bank_8mux_test,UNKNOWN,UNKNOWN,UNKNOWN,UNKNOWN
openram_root,/data1/qujh/OpenRAM/compiler/tests/20_sram_1bank_nomux_1rw_1r_spare_cols_test.py,py,20_sram_1bank_nomux_1rw_1r_spare_cols_test,3,False,20_sram_1bank_nomux_1rw_1r_spare_cols_test,UNKNOWN,UNKNOWN,UNKNOWN,UNKNOWN
openram_root,/data1/qujh/OpenRAM/compiler/tests/20_sram_1bank_nomux_1rw_1r_test.py,py,20_sram_1bank_nomux_1rw_1r_test,3,False,20_sram_1bank_nomux_1rw_1r_test,UNKNOWN,UNKNOWN,UNKNOWN,UNKNOWN
openram_root,/data1/qujh/OpenRAM/compiler/tests/20_sram_1bank_nomux_norbl_1rw_1r_test.py,py,20_sram_1bank_nomux_norbl_1rw_1r_test,3,False,20_sram_1bank_nomux_norbl_1rw_1r_test,UNKNOWN,UNKNOWN,UNKNOWN,UNKNOWN
openram_root,/data1/qujh/OpenRAM/compiler/tests/20_sram_1bank_nomux_norbl_test.py,py,20_sram_1bank_nomux_norbl_test,3,False,20_sram_1bank_nomux_norbl_test,UNKNOWN,UNKNOWN,UNKNOWN,UNKNOWN
openram_root,/data1/qujh/OpenRAM/compiler/tests/20_sram_1bank_nomux_spare_cols_test.py,py,20_sram_1bank_nomux_spare_cols_test,3,False,20_sram_1bank_nomux_spare_cols_test,UNKNOWN,UNKNOWN,UNKNOWN,UNKNOWN
openram_root,/data1/qujh/OpenRAM/compiler/tests/20_sram_1bank_nomux_test.py,py,20_sram_1bank_nomux_test,3,False,20_sram_1bank_nomux_test,UNKNOWN,UNKNOWN,UNKNOWN,UNKNOWN
openram_root,/data1/qujh/OpenRAM/compiler/tests/20_sram_1bank_nomux_wmask_sparecols_test.py,py,20_sram_1bank_nomux_wmask_sparecols_test,3,False,20_sram_1bank_nomux_wmask_sparecols_test,UNKNOWN,UNKNOWN,UNKNOWN,UNKNOWN
openram_root,/data1/qujh/OpenRAM/compiler/tests/20_sram_1bank_nomux_wmask_test.py,py,20_sram_1bank_nomux_wmask_test,3,False,20_sram_1bank_nomux_wmask_test,UNKNOWN,UNKNOWN,UNKNOWN,UNKNOWN
openram_root,/data1/qujh/OpenRAM/compiler/tests/20_sram_1bank_ring_test.py,py,20_sram_1bank_ring_test,3,False,20_sram_1bank_ring_test,UNKNOWN,UNKNOWN,UNKNOWN,UNKNOWN
openram_root,/data1/qujh/OpenRAM/compiler/tests/20_sram_2bank_test.py,py,20_sram_2bank_test,3,False,20_sram_2bank_test,UNKNOWN,UNKNOWN,UNKNOWN,UNKNOWN
openram_root,/data1/qujh/OpenRAM/compiler/tests/22_psram_1bank_2mux_func_test.py,py,22_psram_1bank_2mux_func_test,3,False,22_psram_1bank_2mux_func_test,UNKNOWN,UNKNOWN,UNKNOWN,UNKNOWN
openram_root,/data1/qujh/OpenRAM/compiler/tests/22_psram_1bank_4mux_func_test.py,py,22_psram_1bank_4mux_func_test,3,False,22_psram_1bank_4mux_func_test,UNKNOWN,UNKNOWN,UNKNOWN,UNKNOWN
openram_root,/data1/qujh/OpenRAM/compiler/tests/22_psram_1bank_8mux_func_test.py,py,22_psram_1bank_8mux_func_test,3,False,22_psram_1bank_8mux_func_test,UNKNOWN,UNKNOWN,UNKNOWN,UNKNOWN
openram_root,/data1/qujh/OpenRAM/compiler/tests/22_psram_1bank_nomux_func_test.py,py,22_psram_1bank_nomux_func_test,3,False,22_psram_1bank_nomux_func_test,UNKNOWN,UNKNOWN,UNKNOWN,UNKNOWN
openram_root,/data1/qujh/OpenRAM/compiler/tests/22_sram_1bank_2mux_func_test.py,py,22_sram_1bank_2mux_func_test,3,False,22_sram_1bank_2mux_func_test,UNKNOWN,UNKNOWN,UNKNOWN,UNKNOWN
openram_root,/data1/qujh/OpenRAM/compiler/tests/22_sram_1bank_2mux_global_func_test.py,py,22_sram_1bank_2mux_global_func_test,3,False,22_sram_1bank_2mux_global_func_test,UNKNOWN,UNKNOWN,UNKNOWN,UNKNOWN
openram_root,/data1/qujh/OpenRAM/compiler/tests/22_sram_1bank_2mux_sparecols_func_test.py,py,22_sram_1bank_2mux_sparecols_func_test,3,False,22_sram_1bank_2mux_sparecols_func_test,UNKNOWN,UNKNOWN,UNKNOWN,UNKNOWN
openram_root,/data1/qujh/OpenRAM/compiler/tests/22_sram_1bank_4mux_func_test.py,py,22_sram_1bank_4mux_func_test,3,False,22_sram_1bank_4mux_func_test,UNKNOWN,UNKNOWN,UNKNOWN,UNKNOWN
openram_root,/data1/qujh/OpenRAM/compiler/tests/22_sram_1bank_8mux_func_test.py,py,22_sram_1bank_8mux_func_test,3,False,22_sram_1bank_8mux_func_test,UNKNOWN,UNKNOWN,UNKNOWN,UNKNOWN
openram_root,/data1/qujh/OpenRAM/compiler/tests/22_sram_1bank_nomux_1rw_1r_func_test.py,py,22_sram_1bank_nomux_1rw_1r_func_test,3,False,22_sram_1bank_nomux_1rw_1r_func_test,UNKNOWN,UNKNOWN,UNKNOWN,UNKNOWN
openram_root,/data1/qujh/OpenRAM/compiler/tests/22_sram_1bank_nomux_func_test.py,py,22_sram_1bank_nomux_func_test,3,False,22_sram_1bank_nomux_func_test,UNKNOWN,UNKNOWN,UNKNOWN,UNKNOWN
openram_root,/data1/qujh/OpenRAM/compiler/tests/22_sram_1bank_nomux_sparecols_func_test.py,py,22_sram_1bank_nomux_sparecols_func_test,3,False,22_sram_1bank_nomux_sparecols_func_test,UNKNOWN,UNKNOWN,UNKNOWN,UNKNOWN
openram_root,/data1/qujh/OpenRAM/compiler/tests/22_sram_1bank_wmask_1rw_1r_func_test.py,py,22_sram_1bank_wmask_1rw_1r_func_test,3,False,22_sram_1bank_wmask_1rw_1r_func_test,UNKNOWN,UNKNOWN,UNKNOWN,UNKNOWN
openram_root,/data1/qujh/OpenRAM/compiler/tests/22_sram_wmask_func_test.py,py,22_sram_wmask_func_test,3,False,22_sram_wmask_func_test,UNKNOWN,UNKNOWN,UNKNOWN,UNKNOWN
openram_root,/data1/qujh/OpenRAM/compiler/tests/23_lib_sram_linear_regression_test.py,py,23_lib_sram_linear_regression_test,3,False,23_lib_sram_linear_regression_test,UNKNOWN,UNKNOWN,UNKNOWN,UNKNOWN
openram_root,/data1/qujh/OpenRAM/compiler/tests/23_lib_sram_model_corners_test.py,py,23_lib_sram_model_corners_test,3,False,23_lib_sram_model_corners_test,UNKNOWN,UNKNOWN,UNKNOWN,UNKNOWN
openram_root,/data1/qujh/OpenRAM/compiler/tests/23_lib_sram_model_test.py,py,23_lib_sram_model_test,3,False,23_lib_sram_model_test,UNKNOWN,UNKNOWN,UNKNOWN,UNKNOWN
openram_root,/data1/qujh/OpenRAM/compiler/tests/23_lib_sram_prune_test.py,py,23_lib_sram_prune_test,3,False,23_lib_sram_prune_test,UNKNOWN,UNKNOWN,UNKNOWN,UNKNOWN
openram_root,/data1/qujh/OpenRAM/compiler/tests/23_lib_sram_test.py,py,23_lib_sram_test,3,False,23_lib_sram_test,UNKNOWN,UNKNOWN,UNKNOWN,UNKNOWN
openram_root,/data1/qujh/OpenRAM/compiler/tests/24_lef_sram_test.py,py,24_lef_sram_test,3,False,24_lef_sram_test,UNKNOWN,UNKNOWN,UNKNOWN,UNKNOWN
openram_root,/data1/qujh/OpenRAM/compiler/tests/25_verilog_sram_test.py,py,25_verilog_sram_test,3,False,25_verilog_sram_test,UNKNOWN,UNKNOWN,UNKNOWN,UNKNOWN
openram_root,/data1/qujh/OpenRAM/compiler/tests/26_sram_pex_test.py,py,26_sram_pex_test,3,False,26_sram_pex_test,UNKNOWN,UNKNOWN,UNKNOWN,UNKNOWN
openram_root,/data1/qujh/OpenRAM/compiler/tests/30_openram_sram_char_test.py,py,30_openram_sram_char_test,3,False,30_openram_sram_char_test,UNKNOWN,UNKNOWN,UNKNOWN,UNKNOWN
openram_root,/data1/qujh/OpenRAM/compiler/tests/30_openram_sram_func_test.py,py,30_openram_sram_func_test,3,False,30_openram_sram_func_test,UNKNOWN,UNKNOWN,UNKNOWN,UNKNOWN
openram_root,/data1/qujh/OpenRAM/compiler/tests/configs/config.py,py,config,3,False,config,UNKNOWN,UNKNOWN,UNKNOWN,UNKNOWN
openram_root,/data1/qujh/OpenRAM/compiler/tests/configs/config_back_end.py,py,config_back_end,3,False,config_back_end,UNKNOWN,UNKNOWN,UNKNOWN,UNKNOWN
openram_root,/data1/qujh/OpenRAM/compiler/tests/configs/config_front_end.py,py,config_front_end,3,False,config_front_end,UNKNOWN,UNKNOWN,UNKNOWN,UNKNOWN
openram_root,/data1/qujh/OpenRAM/compiler/tests/configs/config_mem_char_func.py,py,config_mem_char_func,3,False,config_mem_char_func,UNKNOWN,UNKNOWN,UNKNOWN,UNKNOWN
openram_root,/data1/qujh/OpenRAM/compiler/tests/golden/sram_2_16_1_freepdk45.lef,lef,sram_2_16_1_freepdk45,3,False,sram_2_16_1_freepdk45,16,1,UNKNOWN,freepdk45
openram_root,/data1/qujh/OpenRAM/compiler/tests/golden/sram_2_16_1_freepdk45.sp,sp,sram_2_16_1_freepdk45,3,False,sram_2_16_1_freepdk45,16,1,UNKNOWN,freepdk45
openram_root,/data1/qujh/OpenRAM/compiler/tests/golden/sram_2_16_1_freepdk45.v,v,sram_2_16_1_freepdk45,3,False,sram_2_16_1_freepdk45,16,1,UNKNOWN,freepdk45
openram_root,/data1/qujh/OpenRAM/compiler/tests/golden/sram_2_16_1_scn4m_subm.lef,lef,sram_2_16_1_scn4m_subm,3,False,sram_2_16_1_scn4m_subm,16,1,UNKNOWN,scn4m_subm
openram_root,/data1/qujh/OpenRAM/compiler/tests/golden/sram_2_16_1_scn4m_subm.sp,sp,sram_2_16_1_scn4m_subm,3,False,sram_2_16_1_scn4m_subm,16,1,UNKNOWN,scn4m_subm
openram_root,/data1/qujh/OpenRAM/compiler/tests/golden/sram_2_16_1_scn4m_subm.v,v,sram_2_16_1_scn4m_subm,3,False,sram_2_16_1_scn4m_subm,16,1,UNKNOWN,scn4m_subm
openram_root,/data1/qujh/OpenRAM/compiler/tests/golden/sram_2_16_1_sky130.sp,sp,sram_2_16_1_sky130,3,False,sram_2_16_1_sky130,16,1,UNKNOWN,sky130
openram_root,/data1/qujh/OpenRAM/compiler/tests/golden/sram_2_16_2_freepdk45.v,v,sram_2_16_2_freepdk45,3,False,sram_2_16_2_freepdk45,16,2,UNKNOWN,freepdk45
openram_root,/data1/qujh/OpenRAM/compiler/tests/golden/sram_2_16_2_freepdk45_top.v,v,sram_2_16_2_freepdk45_top,3,False,sram_2_16_2_freepdk45_top,16,2,UNKNOWN,freepdk45_top
openram_root,/data1/qujh/OpenRAM/compiler/tests/golden/sram_2_16_2_scn4m_subm.v,v,sram_2_16_2_scn4m_subm,3,False,sram_2_16_2_scn4m_subm,16,2,UNKNOWN,scn4m_subm
openram_root,/data1/qujh/OpenRAM/compiler/tests/golden/sram_2_16_2_scn4m_subm_top.v,v,sram_2_16_2_scn4m_subm_top,3,False,sram_2_16_2_scn4m_subm_top,16,2,UNKNOWN,scn4m_subm_top
openram_root,/data1/qujh/OpenRAM/compiler/tests/sp_files/sram_2_16_1_freepdk45.sp,sp,sram_2_16_1_freepdk45,3,False,sram_2_16_1_freepdk45,16,1,UNKNOWN,freepdk45
openram_root,/data1/qujh/OpenRAM/compiler/tests/sp_files/sram_2_16_1_scn4m_subm.sp,sp,sram_2_16_1_scn4m_subm,3,False,sram_2_16_1_scn4m_subm,16,1,UNKNOWN,scn4m_subm
openram_root,/data1/qujh/OpenRAM/compiler/tests/sp_files/sram_2_16_1_sky130.sp,sp,sram_2_16_1_sky130,3,False,sram_2_16_1_sky130,16,1,UNKNOWN,sky130
openram_root,/data1/qujh/OpenRAM/compiler/tests/sram_1rw_1r_tb.v,v,sram_1rw_1r_tb,3,False,sram_1rw_1r_tb,UNKNOWN,UNKNOWN,UNKNOWN,UNKNOWN
openram_root,/data1/qujh/OpenRAM/compiler/tests/sram_1rw_tb.v,v,sram_1rw_tb,3,False,sram_1rw_tb,UNKNOWN,UNKNOWN,UNKNOWN,UNKNOWN
openram_root,/data1/qujh/OpenRAM/compiler/tests/sram_1rw_wmask_tb.v,v,sram_1rw_wmask_tb,3,False,sram_1rw_wmask_tb,UNKNOWN,UNKNOWN,UNKNOWN,UNKNOWN
openram_root,/data1/qujh/OpenRAM/macro/sram_1rw0r0w_2_16_freepdk45/sram.sp,sp,sram,3,False,sram,UNKNOWN,UNKNOWN,UNKNOWN,UNKNOWN
openram_root,/data1/qujh/OpenRAM/macro/sram_1rw0r0w_2_16_freepdk45/sram_1rw0r0w_2_16_freepdk45.gds,gds,sram_1rw0r0w_2_16_freepdk45,1,False,sram_1rw0r0w_2_16_freepdk45,2,16,UNKNOWN,freepdk45
openram_root,/data1/qujh/OpenRAM/macro/sram_1rw0r0w_2_16_freepdk45/sram_1rw0r0w_2_16_freepdk45.html,html,sram_1rw0r0w_2_16_freepdk45,3,False,sram_1rw0r0w_2_16_freepdk45,2,16,UNKNOWN,freepdk45
openram_root,/data1/qujh/OpenRAM/macro/sram_1rw0r0w_2_16_freepdk45/sram_1rw0r0w_2_16_freepdk45.lef,lef,sram_1rw0r0w_2_16_freepdk45,3,False,sram_1rw0r0w_2_16_freepdk45,2,16,UNKNOWN,freepdk45
openram_root,/data1/qujh/OpenRAM/macro/sram_1rw0r0w_2_16_freepdk45/sram_1rw0r0w_2_16_freepdk45.lvs.sp,sp,sram_1rw0r0w_2_16_freepdk45.lvs,3,False,sram_1rw0r0w_2_16_freepdk45.lvs,2,16,UNKNOWN,freepdk45
openram_root,/data1/qujh/OpenRAM/macro/sram_1rw0r0w_2_16_freepdk45/sram_1rw0r0w_2_16_freepdk45.py,py,sram_1rw0r0w_2_16_freepdk45,3,False,sram_1rw0r0w_2_16_freepdk45,2,16,UNKNOWN,freepdk45
openram_root,/data1/qujh/OpenRAM/macro/sram_1rw0r0w_2_16_freepdk45/sram_1rw0r0w_2_16_freepdk45.sp,sp,sram_1rw0r0w_2_16_freepdk45,3,False,sram_1rw0r0w_2_16_freepdk45,2,16,UNKNOWN,freepdk45
openram_root,/data1/qujh/OpenRAM/macro/sram_1rw0r0w_2_16_freepdk45/sram_1rw0r0w_2_16_freepdk45.v,v,sram_1rw0r0w_2_16_freepdk45,3,False,sram_1rw0r0w_2_16_freepdk45,2,16,UNKNOWN,freepdk45
openram_root,/data1/qujh/OpenRAM/macro/sram_1rw_31x14_freepdk45/sram.sp,sp,sram,3,False,sram,UNKNOWN,UNKNOWN,UNKNOWN,UNKNOWN
openram_root,/data1/qujh/OpenRAM/macro/sram_1rw_31x14_freepdk45/sram_1rw_31x14_freepdk45.sp,sp,sram_1rw_31x14_freepdk45,3,False,sram_1rw_31x14_freepdk45,14,31,UNKNOWN,freepdk45
openram_root,/data1/qujh/OpenRAM/macro/sram_1rw_32x14_freepdk45/sram.sp,sp,sram,3,False,sram,UNKNOWN,UNKNOWN,UNKNOWN,UNKNOWN
openram_root,/data1/qujh/OpenRAM/macro/sram_1rw_32x14_freepdk45/sram_1rw_32x14_freepdk45.gds,gds,sram_1rw_32x14_freepdk45,1,False,sram_1rw_32x14_freepdk45,14,32,UNKNOWN,freepdk45
openram_root,/data1/qujh/OpenRAM/macro/sram_1rw_32x14_freepdk45/sram_1rw_32x14_freepdk45.html,html,sram_1rw_32x14_freepdk45,3,False,sram_1rw_32x14_freepdk45,14,32,UNKNOWN,freepdk45
openram_root,/data1/qujh/OpenRAM/macro/sram_1rw_32x14_freepdk45/sram_1rw_32x14_freepdk45.lef,lef,sram_1rw_32x14_freepdk45,3,False,sram_1rw_32x14_freepdk45,14,32,UNKNOWN,freepdk45
openram_root,/data1/qujh/OpenRAM/macro/sram_1rw_32x14_freepdk45/sram_1rw_32x14_freepdk45.lvs.sp,sp,sram_1rw_32x14_freepdk45.lvs,3,False,sram_1rw_32x14_freepdk45.lvs,14,32,UNKNOWN,freepdk45
openram_root,/data1/qujh/OpenRAM/macro/sram_1rw_32x14_freepdk45/sram_1rw_32x14_freepdk45.py,py,sram_1rw_32x14_freepdk45,3,False,sram_1rw_32x14_freepdk45,14,32,UNKNOWN,freepdk45
openram_root,/data1/qujh/OpenRAM/macro/sram_1rw_32x14_freepdk45/sram_1rw_32x14_freepdk45.sp,sp,sram_1rw_32x14_freepdk45,3,False,sram_1rw_32x14_freepdk45,14,32,UNKNOWN,freepdk45
openram_root,/data1/qujh/OpenRAM/macro/sram_1rw_32x14_freepdk45/sram_1rw_32x14_freepdk45.v,v,sram_1rw_32x14_freepdk45,3,False,sram_1rw_32x14_freepdk45,14,32,UNKNOWN,freepdk45
openram_root,/data1/qujh/OpenRAM/macros/sram_configs/example_config_1rw_1r_scn4m_subm.py,py,example_config_1rw_1r_scn4m_subm,3,False,example_config_1rw_1r_scn4m_subm,UNKNOWN,UNKNOWN,UNKNOWN,UNKNOWN
openram_root,/data1/qujh/OpenRAM/macros/sram_configs/example_config_1rw_1w_scn4m_subm.py,py,example_config_1rw_1w_scn4m_subm,3,False,example_config_1rw_1w_scn4m_subm,UNKNOWN,UNKNOWN,UNKNOWN,UNKNOWN
openram_root,/data1/qujh/OpenRAM/macros/sram_configs/example_config_1rw_2mux_scn4m_subm.py,py,example_config_1rw_2mux_scn4m_subm,3,False,example_config_1rw_2mux_scn4m_subm,UNKNOWN,UNKNOWN,UNKNOWN,UNKNOWN
openram_root,/data1/qujh/OpenRAM/macros/sram_configs/example_config_1w_1r_scn4m_subm.py,py,example_config_1w_1r_scn4m_subm,3,False,example_config_1w_1r_scn4m_subm,UNKNOWN,UNKNOWN,UNKNOWN,UNKNOWN
openram_root,/data1/qujh/OpenRAM/macros/sram_configs/example_config_2rw_scn4m_subm.py,py,example_config_2rw_scn4m_subm,3,False,example_config_2rw_scn4m_subm,UNKNOWN,UNKNOWN,UNKNOWN,UNKNOWN
openram_root,/data1/qujh/OpenRAM/macros/sram_configs/example_config_big_scn4m_subm.py,py,example_config_big_scn4m_subm,3,False,example_config_big_scn4m_subm,UNKNOWN,UNKNOWN,UNKNOWN,UNKNOWN
openram_root,/data1/qujh/OpenRAM/macros/sram_configs/example_config_freepdk45.py,py,example_config_freepdk45,3,False,example_config_freepdk45,UNKNOWN,UNKNOWN,UNKNOWN,UNKNOWN
openram_root,/data1/qujh/OpenRAM/macros/sram_configs/example_config_giant_scn4m_subm.py,py,example_config_giant_scn4m_subm,3,False,example_config_giant_scn4m_subm,UNKNOWN,UNKNOWN,UNKNOWN,UNKNOWN
openram_root,/data1/qujh/OpenRAM/macros/sram_configs/example_config_medium_scn4m_subm.py,py,example_config_medium_scn4m_subm,3,False,example_config_medium_scn4m_subm,UNKNOWN,UNKNOWN,UNKNOWN,UNKNOWN
openram_root,/data1/qujh/OpenRAM/macros/sram_configs/example_config_scn4m_subm.py,py,example_config_scn4m_subm,3,False,example_config_scn4m_subm,UNKNOWN,UNKNOWN,UNKNOWN,UNKNOWN
openram_root,/data1/qujh/OpenRAM/macros/sram_configs/freepdk45_sram_1rw1r_32x2048_8.py,py,freepdk45_sram_1rw1r_32x2048_8,3,False,freepdk45_sram_1rw1r_32x2048_8,2048,32,UNKNOWN,8
openram_root,/data1/qujh/OpenRAM/macros/sram_configs/scn4m_subm_sram_16kbyte_1rw1r_32x4096_8.py,py,scn4m_subm_sram_16kbyte_1rw1r_32x4096_8,3,False,scn4m_subm_sram_16kbyte_1rw1r_32x4096_8,UNKNOWN,UNKNOWN,UNKNOWN,UNKNOWN
openram_root,/data1/qujh/OpenRAM/macros/sram_configs/scn4m_subm_sram_1kbyte_1rw1r_32x256_8.py,py,scn4m_subm_sram_1kbyte_1rw1r_32x256_8,3,False,scn4m_subm_sram_1kbyte_1rw1r_32x256_8,UNKNOWN,UNKNOWN,UNKNOWN,UNKNOWN
openram_root,/data1/qujh/OpenRAM/macros/sram_configs/scn4m_subm_sram_2kbyte_1rw1r_32x512_8.py,py,scn4m_subm_sram_2kbyte_1rw1r_32x512_8,3,False,scn4m_subm_sram_2kbyte_1rw1r_32x512_8,UNKNOWN,UNKNOWN,UNKNOWN,UNKNOWN
openram_root,/data1/qujh/OpenRAM/macros/sram_configs/scn4m_subm_sram_32kbyte_1rw1r_2x32x4096_8.py,py,scn4m_subm_sram_32kbyte_1rw1r_2x32x4096_8,3,False,scn4m_subm_sram_32kbyte_1rw1r_2x32x4096_8,UNKNOWN,UNKNOWN,UNKNOWN,UNKNOWN
openram_root,/data1/qujh/OpenRAM/macros/sram_configs/scn4m_subm_sram_4kbyte_1rw1r_32x1024_8.py,py,scn4m_subm_sram_4kbyte_1rw1r_32x1024_8,3,False,scn4m_subm_sram_4kbyte_1rw1r_32x1024_8,UNKNOWN,UNKNOWN,UNKNOWN,UNKNOWN
openram_root,/data1/qujh/OpenRAM/macros/sram_configs/scn4m_subm_sram_8kbyte_1rw1r_32x2048_8.py,py,scn4m_subm_sram_8kbyte_1rw1r_32x2048_8,3,False,scn4m_subm_sram_8kbyte_1rw1r_32x2048_8,UNKNOWN,UNKNOWN,UNKNOWN,UNKNOWN
openram_root,/data1/qujh/OpenRAM/macros/sram_configs/sky130_sram_1kbyte_1r1w_8x1024_8.py,py,sky130_sram_1kbyte_1r1w_8x1024_8,3,False,sky130_sram_1kbyte_1r1w_8x1024_8,UNKNOWN,UNKNOWN,UNKNOWN,UNKNOWN
openram_root,/data1/qujh/OpenRAM/macros/sram_configs/sky130_sram_1kbyte_1rw1r_32x256_8.py,py,sky130_sram_1kbyte_1rw1r_32x256_8,3,False,sky130_sram_1kbyte_1rw1r_32x256_8,UNKNOWN,UNKNOWN,UNKNOWN,UNKNOWN
openram_root,/data1/qujh/OpenRAM/macros/sram_configs/sky130_sram_1kbyte_1rw1r_8x1024_8.py,py,sky130_sram_1kbyte_1rw1r_8x1024_8,3,False,sky130_sram_1kbyte_1rw1r_8x1024_8,UNKNOWN,UNKNOWN,UNKNOWN,UNKNOWN
openram_root,/data1/qujh/OpenRAM/macros/sram_configs/sky130_sram_1kbyte_1rw_32x256_8.py,py,sky130_sram_1kbyte_1rw_32x256_8,3,False,sky130_sram_1kbyte_1rw_32x256_8,UNKNOWN,UNKNOWN,UNKNOWN,UNKNOWN
openram_root,/data1/qujh/OpenRAM/macros/sram_configs/sky130_sram_1rw1r_tiny.py,py,sky130_sram_1rw1r_tiny,3,False,sky130_sram_1rw1r_tiny,UNKNOWN,UNKNOWN,UNKNOWN,UNKNOWN
openram_root,/data1/qujh/OpenRAM/macros/sram_configs/sky130_sram_1rw_tiny.py,py,sky130_sram_1rw_tiny,3,False,sky130_sram_1rw_tiny,UNKNOWN,UNKNOWN,UNKNOWN,UNKNOWN
openram_root,/data1/qujh/OpenRAM/macros/sram_configs/sky130_sram_2kbyte_1rw1r_32x512_8.py,py,sky130_sram_2kbyte_1rw1r_32x512_8,3,False,sky130_sram_2kbyte_1rw1r_32x512_8,UNKNOWN,UNKNOWN,UNKNOWN,UNKNOWN
openram_root,/data1/qujh/OpenRAM/macros/sram_configs/sky130_sram_2kbyte_1rw_32x512_8.py,py,sky130_sram_2kbyte_1rw_32x512_8,3,False,sky130_sram_2kbyte_1rw_32x512_8,UNKNOWN,UNKNOWN,UNKNOWN,UNKNOWN
openram_root,/data1/qujh/OpenRAM/macros/sram_configs/sky130_sram_4kbyte_1rw1r_32x1024_8.py,py,sky130_sram_4kbyte_1rw1r_32x1024_8,3,False,sky130_sram_4kbyte_1rw1r_32x1024_8,UNKNOWN,UNKNOWN,UNKNOWN,UNKNOWN
openram_root,/data1/qujh/OpenRAM/macros/sram_configs/sky130_sram_4kbyte_1rw_32x1024_8.py,py,sky130_sram_4kbyte_1rw_32x1024_8,3,False,sky130_sram_4kbyte_1rw_32x1024_8,UNKNOWN,UNKNOWN,UNKNOWN,UNKNOWN
openram_root,/data1/qujh/OpenRAM/macros/sram_configs/sky130_sram_4kbyte_1rw_64x512_8.py,py,sky130_sram_4kbyte_1rw_64x512_8,3,False,sky130_sram_4kbyte_1rw_64x512_8,UNKNOWN,UNKNOWN,UNKNOWN,UNKNOWN
openram_root,/data1/qujh/OpenRAM/macros/sram_configs/sky130_sram_common.py,py,sky130_sram_common,3,False,sky130_sram_common,UNKNOWN,UNKNOWN,UNKNOWN,UNKNOWN
openram_root,/data1/qujh/OpenRAM/miniconda/conda-meta/fontconfig-2.14.2-h14ed4e7_0.json,json,fontconfig-2.14.2-h14ed4e7_0,3,False,fontconfig-2.14.2-h14ed4e7_0,UNKNOWN,UNKNOWN,UNKNOWN,UNKNOWN
openram_root,/data1/qujh/OpenRAM/miniconda/lib/cmake/tribits/examples/TribitsExampleProject/packages/wrap_external/external_func/configure.py,py,configure,3,False,configure,UNKNOWN,UNKNOWN,UNKNOWN,UNKNOWN
openram_root,/data1/qujh/OpenRAM/miniconda/lib/cmake/tribits/examples/TribitsExampleProject/project-checkin-test-config.py,py,project-checkin-test-config,3,False,project-checkin-test-config,UNKNOWN,UNKNOWN,UNKNOWN,UNKNOWN
openram_root,/data1/qujh/OpenRAM/miniconda/lib/python3.8/_sysconfigdata__linux_x86_64-linux-gnu.py,py,_sysconfigdata__linux_x86_64-linux-gnu,3,False,_sysconfigdata__linux_x86_64-linux-gnu,UNKNOWN,UNKNOWN,UNKNOWN,UNKNOWN
openram_root,/data1/qujh/OpenRAM/miniconda/lib/python3.8/_sysconfigdata_aarch64_conda_cos7_linux_gnu.py,py,_sysconfigdata_aarch64_conda_cos7_linux_gnu,3,False,_sysconfigdata_aarch64_conda_cos7_linux_gnu,UNKNOWN,UNKNOWN,UNKNOWN,UNKNOWN
openram_root,/data1/qujh/OpenRAM/miniconda/lib/python3.8/_sysconfigdata_aarch64_conda_linux_gnu.py,py,_sysconfigdata_aarch64_conda_linux_gnu,3,False,_sysconfigdata_aarch64_conda_linux_gnu,UNKNOWN,UNKNOWN,UNKNOWN,UNKNOWN
openram_root,/data1/qujh/OpenRAM/miniconda/lib/python3.8/_sysconfigdata_arm64_apple_darwin20_0_0.py,py,_sysconfigdata_arm64_apple_darwin20_0_0,3,False,_sysconfigdata_arm64_apple_darwin20_0_0,UNKNOWN,UNKNOWN,UNKNOWN,UNKNOWN
openram_root,/data1/qujh/OpenRAM/miniconda/lib/python3.8/_sysconfigdata_i686_conda_cos6_linux_gnu.py,py,_sysconfigdata_i686_conda_cos6_linux_gnu,3,False,_sysconfigdata_i686_conda_cos6_linux_gnu,UNKNOWN,UNKNOWN,UNKNOWN,UNKNOWN
openram_root,/data1/qujh/OpenRAM/miniconda/lib/python3.8/_sysconfigdata_i686_conda_linux_gnu.py,py,_sysconfigdata_i686_conda_linux_gnu,3,False,_sysconfigdata_i686_conda_linux_gnu,UNKNOWN,UNKNOWN,UNKNOWN,UNKNOWN
openram_root,/data1/qujh/OpenRAM/miniconda/lib/python3.8/_sysconfigdata_powerpc64le_conda_cos7_linux_gnu.py,py,_sysconfigdata_powerpc64le_conda_cos7_linux_gnu,3,False,_sysconfigdata_powerpc64le_conda_cos7_linux_gnu,UNKNOWN,UNKNOWN,UNKNOWN,UNKNOWN
openram_root,/data1/qujh/OpenRAM/miniconda/lib/python3.8/_sysconfigdata_powerpc64le_conda_linux_gnu.py,py,_sysconfigdata_powerpc64le_conda_linux_gnu,3,False,_sysconfigdata_powerpc64le_conda_linux_gnu,UNKNOWN,UNKNOWN,UNKNOWN,UNKNOWN
openram_root,/data1/qujh/OpenRAM/miniconda/lib/python3.8/_sysconfigdata_s390x_conda_cos7_linux_gnu.py,py,_sysconfigdata_s390x_conda_cos7_linux_gnu,3,False,_sysconfigdata_s390x_conda_cos7_linux_gnu,UNKNOWN,UNKNOWN,UNKNOWN,UNKNOWN
openram_root,/data1/qujh/OpenRAM/miniconda/lib/python3.8/_sysconfigdata_s390x_conda_linux_gnu.py,py,_sysconfigdata_s390x_conda_linux_gnu,3,False,_sysconfigdata_s390x_conda_linux_gnu,UNKNOWN,UNKNOWN,UNKNOWN,UNKNOWN
openram_root,/data1/qujh/OpenRAM/miniconda/lib/python3.8/_sysconfigdata_x86_64_apple_darwin13_4_0.py,py,_sysconfigdata_x86_64_apple_darwin13_4_0,3,False,_sysconfigdata_x86_64_apple_darwin13_4_0,UNKNOWN,UNKNOWN,UNKNOWN,UNKNOWN
openram_root,/data1/qujh/OpenRAM/miniconda/lib/python3.8/_sysconfigdata_x86_64_conda_cos6_linux_gnu.py,py,_sysconfigdata_x86_64_conda_cos6_linux_gnu,3,False,_sysconfigdata_x86_64_conda_cos6_linux_gnu,UNKNOWN,UNKNOWN,UNKNOWN,UNKNOWN
openram_root,/data1/qujh/OpenRAM/miniconda/lib/python3.8/_sysconfigdata_x86_64_conda_cos7_linux_gnu.py,py,_sysconfigdata_x86_64_conda_cos7_linux_gnu,3,False,_sysconfigdata_x86_64_conda_cos7_linux_gnu,UNKNOWN,UNKNOWN,UNKNOWN,UNKNOWN
openram_root,/data1/qujh/OpenRAM/miniconda/lib/python3.8/_sysconfigdata_x86_64_conda_linux_gnu.py,py,_sysconfigdata_x86_64_conda_linux_gnu,3,False,_sysconfigdata_x86_64_conda_linux_gnu,UNKNOWN,UNKNOWN,UNKNOWN,UNKNOWN
openram_root,/data1/qujh/OpenRAM/miniconda/lib/python3.8/config-3.8-x86_64-linux-gnu/python-config.py,py,python-config,3,False,python-config,UNKNOWN,UNKNOWN,UNKNOWN,UNKNOWN
openram_root,/data1/qujh/OpenRAM/miniconda/lib/python3.8/configparser.py,py,configparser,3,False,configparser,UNKNOWN,UNKNOWN,UNKNOWN,UNKNOWN
openram_root,/data1/qujh/OpenRAM/miniconda/lib/python3.8/distutils/command/config.py,py,config,3,False,config,UNKNOWN,UNKNOWN,UNKNOWN,UNKNOWN
openram_root,/data1/qujh/OpenRAM/miniconda/lib/python3.8/distutils/config.py,py,config,3,False,config,UNKNOWN,UNKNOWN,UNKNOWN,UNKNOWN
openram_root,/data1/qujh/OpenRAM/miniconda/lib/python3.8/distutils/sysconfig.py,py,sysconfig,3,False,sysconfig,UNKNOWN,UNKNOWN,UNKNOWN,UNKNOWN
openram_root,/data1/qujh/OpenRAM/miniconda/lib/python3.8/distutils/tests/test_config.py,py,test_config,3,False,test_config,UNKNOWN,UNKNOWN,UNKNOWN,UNKNOWN
openram_root,/data1/qujh/OpenRAM/miniconda/lib/python3.8/distutils/tests/test_config_cmd.py,py,test_config_cmd,3,False,test_config_cmd,UNKNOWN,UNKNOWN,UNKNOWN,UNKNOWN
openram_root,/data1/qujh/OpenRAM/miniconda/lib/python3.8/distutils/tests/test_sysconfig.py,py,test_sysconfig,3,False,test_sysconfig,UNKNOWN,UNKNOWN,UNKNOWN,UNKNOWN
openram_root,/data1/qujh/OpenRAM/miniconda/lib/python3.8/idlelib/config.py,py,config,3,False,config,UNKNOWN,UNKNOWN,UNKNOWN,UNKNOWN
openram_root,/data1/qujh/OpenRAM/miniconda/lib/python3.8/idlelib/config_key.py,py,config_key,3,False,config_key,UNKNOWN,UNKNOWN,UNKNOWN,UNKNOWN
openram_root,/data1/qujh/OpenRAM/miniconda/lib/python3.8/idlelib/configdialog.py,py,configdialog,3,False,configdialog,UNKNOWN,UNKNOWN,UNKNOWN,UNKNOWN
openram_root,/data1/qujh/OpenRAM/miniconda/lib/python3.8/idlelib/idle_test/test_config.py,py,test_config,3,False,test_config,UNKNOWN,UNKNOWN,UNKNOWN,UNKNOWN
openram_root,/data1/qujh/OpenRAM/miniconda/lib/python3.8/idlelib/idle_test/test_config_key.py,py,test_config_key,3,False,test_config_key,UNKNOWN,UNKNOWN,UNKNOWN,UNKNOWN
openram_root,/data1/qujh/OpenRAM/miniconda/lib/python3.8/idlelib/idle_test/test_configdialog.py,py,test_configdialog,3,False,test_configdialog,UNKNOWN,UNKNOWN,UNKNOWN,UNKNOWN
openram_root,/data1/qujh/OpenRAM/miniconda/lib/python3.8/logging/config.py,py,config,3,False,config,UNKNOWN,UNKNOWN,UNKNOWN,UNKNOWN
openram_root,/data1/qujh/OpenRAM/miniconda/lib/python3.8/site-packages/cffi/pkgconfig.py,py,pkgconfig,3,False,pkgconfig,UNKNOWN,UNKNOWN,UNKNOWN,UNKNOWN
openram_root,/data1/qujh/OpenRAM/miniconda/lib/python3.8/site-packages/conda/cli/main_config.py,py,main_config,3,False,main_config,UNKNOWN,UNKNOWN,UNKNOWN,UNKNOWN
openram_root,/data1/qujh/OpenRAM/miniconda/lib/python3.8/site-packages/conda/cli/main_env_config.py,py,main_env_config,3,False,main_env_config,UNKNOWN,UNKNOWN,UNKNOWN,UNKNOWN
openram_root,/data1/qujh/OpenRAM/miniconda/lib/python3.8/site-packages/conda/common/configuration.py,py,configuration,3,False,configuration,UNKNOWN,UNKNOWN,UNKNOWN,UNKNOWN
openram_root,/data1/qujh/OpenRAM/miniconda/lib/python3.8/site-packages/conda_env/cli/main_config.py,py,main_config,3,False,main_config,UNKNOWN,UNKNOWN,UNKNOWN,UNKNOWN
openram_root,/data1/qujh/OpenRAM/miniconda/lib/python3.8/site-packages/numpy/__config__.py,py,__config__,3,False,__config__,UNKNOWN,UNKNOWN,UNKNOWN,UNKNOWN
openram_root,/data1/qujh/OpenRAM/miniconda/lib/python3.8/site-packages/numpy/core/_ufunc_config.py,py,_ufunc_config,3,False,_ufunc_config,UNKNOWN,UNKNOWN,UNKNOWN,UNKNOWN
openram_root,/data1/qujh/OpenRAM/miniconda/lib/python3.8/site-packages/numpy/distutils/__config__.py,py,__config__,3,False,__config__,UNKNOWN,UNKNOWN,UNKNOWN,UNKNOWN
openram_root,/data1/qujh/OpenRAM/miniconda/lib/python3.8/site-packages/numpy/distutils/command/config.py,py,config,3,False,config,UNKNOWN,UNKNOWN,UNKNOWN,UNKNOWN
openram_root,/data1/qujh/OpenRAM/miniconda/lib/python3.8/site-packages/numpy/distutils/command/config_compiler.py,py,config_compiler,3,False,config_compiler,UNKNOWN,UNKNOWN,UNKNOWN,UNKNOWN
openram_root,/data1/qujh/OpenRAM/miniconda/lib/python3.8/site-packages/numpy/distutils/npy_pkg_config.py,py,npy_pkg_config,3,False,npy_pkg_config,UNKNOWN,UNKNOWN,UNKNOWN,UNKNOWN
openram_root,/data1/qujh/OpenRAM/miniconda/lib/python3.8/site-packages/numpy/distutils/tests/test_npy_pkg_config.py,py,test_npy_pkg_config,3,False,test_npy_pkg_config,UNKNOWN,UNKNOWN,UNKNOWN,UNKNOWN
openram_root,/data1/qujh/OpenRAM/miniconda/lib/python3.8/site-packages/numpy/typing/tests/data/pass/ufunc_config.py,py,ufunc_config,3,False,ufunc_config,UNKNOWN,UNKNOWN,UNKNOWN,UNKNOWN
openram_root,/data1/qujh/OpenRAM/miniconda/lib/python3.8/site-packages/pip/_internal/commands/configuration.py,py,configuration,3,False,configuration,UNKNOWN,UNKNOWN,UNKNOWN,UNKNOWN
openram_root,/data1/qujh/OpenRAM/miniconda/lib/python3.8/site-packages/pip/_internal/configuration.py,py,configuration,3,False,configuration,UNKNOWN,UNKNOWN,UNKNOWN,UNKNOWN
openram_root,/data1/qujh/OpenRAM/miniconda/lib/python3.8/site-packages/pip/_internal/locations/_sysconfig.py,py,_sysconfig,3,False,_sysconfig,UNKNOWN,UNKNOWN,UNKNOWN,UNKNOWN
openram_root,/data1/qujh/OpenRAM/miniconda/lib/python3.8/site-packages/ruamel/yaml/configobjwalker.py,py,configobjwalker,3,False,configobjwalker,UNKNOWN,UNKNOWN,UNKNOWN,UNKNOWN
openram_root,/data1/qujh/OpenRAM/miniconda/lib/python3.8/site-packages/scipy/__config__.py,py,__config__,3,False,__config__,UNKNOWN,UNKNOWN,UNKNOWN,UNKNOWN
openram_root,/data1/qujh/OpenRAM/miniconda/lib/python3.8/site-packages/setuptools/_distutils/command/config.py,py,config,3,False,config,UNKNOWN,UNKNOWN,UNKNOWN,UNKNOWN
openram_root,/data1/qujh/OpenRAM/miniconda/lib/python3.8/site-packages/setuptools/_distutils/config.py,py,config,3,False,config,UNKNOWN,UNKNOWN,UNKNOWN,UNKNOWN
openram_root,/data1/qujh/OpenRAM/miniconda/lib/python3.8/site-packages/setuptools/_distutils/sysconfig.py,py,sysconfig,3,False,sysconfig,UNKNOWN,UNKNOWN,UNKNOWN,UNKNOWN
openram_root,/data1/qujh/OpenRAM/miniconda/lib/python3.8/sysconfig.py,py,sysconfig,3,False,sysconfig,UNKNOWN,UNKNOWN,UNKNOWN,UNKNOWN
openram_root,/data1/qujh/OpenRAM/miniconda/lib/ruby/gems/3.1.0/gems/typeprof-0.21.2/vscode/tsconfig.json,json,tsconfig,3,False,tsconfig,UNKNOWN,UNKNOWN,UNKNOWN,UNKNOWN
openram_root,/data1/qujh/OpenRAM/miniconda/mkspecs/features/data/configure.json,json,configure,3,False,configure,UNKNOWN,UNKNOWN,UNKNOWN,UNKNOWN
openram_root,/data1/qujh/OpenRAM/miniconda/pkgs/_libgcc_mutex-0.1-main/info/recipe/conda_build_config.yaml,yaml,conda_build_config,3,False,conda_build_config,UNKNOWN,UNKNOWN,UNKNOWN,UNKNOWN
openram_root,/data1/qujh/OpenRAM/miniconda/pkgs/_openmp_mutex-5.1-1_gnu/info/recipe/conda_build_config.yaml,yaml,conda_build_config,3,False,conda_build_config,UNKNOWN,UNKNOWN,UNKNOWN,UNKNOWN
openram_root,/data1/qujh/OpenRAM/miniconda/pkgs/_openmp_mutex-5.1-1_gnu/info/recipe/parent/conda_build_config.yaml,yaml,conda_build_config,3,False,conda_build_config,UNKNOWN,UNKNOWN,UNKNOWN,UNKNOWN
openram_root,/data1/qujh/OpenRAM/miniconda/pkgs/archspec-0.2.1-pyhd3eb1b0_0/info/recipe/conda_build_config.yaml,yaml,conda_build_config,3,False,conda_build_config,UNKNOWN,UNKNOWN,UNKNOWN,UNKNOWN
openram_root,/data1/qujh/OpenRAM/miniconda/pkgs/archspec-0.2.3-pyhd8ed1ab_0/info/recipe/conda_build_config.yaml,yaml,conda_build_config,3,False,conda_build_config,UNKNOWN,UNKNOWN,UNKNOWN,UNKNOWN
openram_root,/data1/qujh/OpenRAM/miniconda/pkgs/boltons-23.0.0-py38h06a4308_0/info/recipe/conda_build_config.yaml,yaml,conda_build_config,3,False,conda_build_config,UNKNOWN,UNKNOWN,UNKNOWN,UNKNOWN
openram_root,/data1/qujh/OpenRAM/miniconda/pkgs/boost-cpp-1.82.0-hdb19cb5_2/info/recipe/conda_build_config.yaml,yaml,conda_build_config,3,False,conda_build_config,UNKNOWN,UNKNOWN,UNKNOWN,UNKNOWN
openram_root,/data1/qujh/OpenRAM/miniconda/pkgs/brotli-python-1.0.9-py38h6a678d5_7/info/recipe/conda_build_config.yaml,yaml,conda_build_config,3,False,conda_build_config,UNKNOWN,UNKNOWN,UNKNOWN,UNKNOWN
openram_root,/data1/qujh/OpenRAM/miniconda/pkgs/bzip2-1.0.8-h7b6447c_0/info/recipe/conda_build_config.yaml,yaml,conda_build_config,3,False,conda_build_config,UNKNOWN,UNKNOWN,UNKNOWN,UNKNOWN
openram_root,/data1/qujh/OpenRAM/miniconda/pkgs/c-ares-1.19.1-h5eee18b_0/info/recipe/conda_build_config.yaml,yaml,conda_build_config,3,False,conda_build_config,UNKNOWN,UNKNOWN,UNKNOWN,UNKNOWN
openram_root,/data1/qujh/OpenRAM/miniconda/pkgs/ca-certificates-2023.12.12-h06a4308_0/info/recipe/conda_build_config.yaml,yaml,conda_build_config,3,False,conda_build_config,UNKNOWN,UNKNOWN,UNKNOWN,UNKNOWN
openram_root,/data1/qujh/OpenRAM/miniconda/pkgs/ca-certificates-2026.2.25-hbd8a1cb_0/info/recipe/conda_build_config.yaml,yaml,conda_build_config,3,False,conda_build_config,UNKNOWN,UNKNOWN,UNKNOWN,UNKNOWN
openram_root,/data1/qujh/OpenRAM/miniconda/pkgs/cairo-1.16.0-he5ede1b_6/info/recipe/conda_build_config.yaml,yaml,conda_build_config,3,False,conda_build_config,UNKNOWN,UNKNOWN,UNKNOWN,UNKNOWN
openram_root,/data1/qujh/OpenRAM/miniconda/pkgs/certifi-2023.11.17-py38h06a4308_0/info/recipe/conda_build_config.yaml,yaml,conda_build_config,3,False,conda_build_config,UNKNOWN,UNKNOWN,UNKNOWN,UNKNOWN
openram_root,/data1/qujh/OpenRAM/miniconda/pkgs/certifi-2024.8.30-pyhd8ed1ab_0/info/recipe/conda_build_config.yaml,yaml,conda_build_config,3,False,conda_build_config,UNKNOWN,UNKNOWN,UNKNOWN,UNKNOWN
openram_root,/data1/qujh/OpenRAM/miniconda/pkgs/cffi-1.16.0-py38h5eee18b_0/info/recipe/conda_build_config.yaml,yaml,conda_build_config,3,False,conda_build_config,UNKNOWN,UNKNOWN,UNKNOWN,UNKNOWN
openram_root,/data1/qujh/OpenRAM/miniconda/pkgs/cffi-1.16.0-py38h5eee18b_0/lib/python3.8/site-packages/cffi/pkgconfig.py,py,pkgconfig,3,False,pkgconfig,UNKNOWN,UNKNOWN,UNKNOWN,UNKNOWN
openram_root,/data1/qujh/OpenRAM/miniconda/pkgs/charset-normalizer-2.0.4-pyhd3eb1b0_0/info/recipe/conda_build_config.yaml,yaml,conda_build_config,3,False,conda_build_config,UNKNOWN,UNKNOWN,UNKNOWN,UNKNOWN
openram_root,/data1/qujh/OpenRAM/miniconda/pkgs/conda-23.11.0-py38h06a4308_0/info/recipe/conda_build_config.yaml,yaml,conda_build_config,3,False,conda_build_config,UNKNOWN,UNKNOWN,UNKNOWN,UNKNOWN
openram_root,/data1/qujh/OpenRAM/miniconda/pkgs/conda-23.11.0-py38h06a4308_0/lib/python3.8/site-packages/conda/cli/main_config.py,py,main_config,3,False,main_config,UNKNOWN,UNKNOWN,UNKNOWN,UNKNOWN
openram_root,/data1/qujh/OpenRAM/miniconda/pkgs/conda-23.11.0-py38h06a4308_0/lib/python3.8/site-packages/conda/common/configuration.py,py,configuration,3,False,configuration,UNKNOWN,UNKNOWN,UNKNOWN,UNKNOWN
openram_root,/data1/qujh/OpenRAM/miniconda/pkgs/conda-23.11.0-py38h06a4308_0/lib/python3.8/site-packages/conda_env/cli/main_config.py,py,main_config,3,False,main_config,UNKNOWN,UNKNOWN,UNKNOWN,UNKNOWN
openram_root,/data1/qujh/OpenRAM/miniconda/pkgs/conda-24.7.1-py38h578d9bd_0/info/recipe/conda_build_config.yaml,yaml,conda_build_config,3,False,conda_build_config,UNKNOWN,UNKNOWN,UNKNOWN,UNKNOWN
openram_root,/data1/qujh/OpenRAM/miniconda/pkgs/conda-24.7.1-py38h578d9bd_0/lib/python3.8/site-packages/conda/cli/main_config.py,py,main_config,3,False,main_config,UNKNOWN,UNKNOWN,UNKNOWN,UNKNOWN
openram_root,/data1/qujh/OpenRAM/miniconda/pkgs/conda-24.7.1-py38h578d9bd_0/lib/python3.8/site-packages/conda/cli/main_env_config.py,py,main_env_config,3,False,main_env_config,UNKNOWN,UNKNOWN,UNKNOWN,UNKNOWN
openram_root,/data1/qujh/OpenRAM/miniconda/pkgs/conda-24.7.1-py38h578d9bd_0/lib/python3.8/site-packages/conda/common/configuration.py,py,configuration,3,False,configuration,UNKNOWN,UNKNOWN,UNKNOWN,UNKNOWN
openram_root,/data1/qujh/OpenRAM/miniconda/pkgs/conda-24.7.1-py38h578d9bd_0/lib/python3.8/site-packages/conda_env/cli/main_config.py,py,main_config,3,False,main_config,UNKNOWN,UNKNOWN,UNKNOWN,UNKNOWN
openram_root,/data1/qujh/OpenRAM/miniconda/pkgs/conda-content-trust-0.2.0-py38h06a4308_0/info/recipe/conda_build_config.yaml,yaml,conda_build_config,3,False,conda_build_config,UNKNOWN,UNKNOWN,UNKNOWN,UNKNOWN
openram_root,/data1/qujh/OpenRAM/miniconda/pkgs/conda-libmamba-solver-23.12.0-pyhd3eb1b0_1/info/recipe/conda_build_config.yaml,yaml,conda_build_config,3,False,conda_build_config,UNKNOWN,UNKNOWN,UNKNOWN,UNKNOWN
openram_root,/data1/qujh/OpenRAM/miniconda/pkgs/conda-package-handling-2.2.0-py38h06a4308_0/info/recipe/conda_build_config.yaml,yaml,conda_build_config,3,False,conda_build_config,UNKNOWN,UNKNOWN,UNKNOWN,UNKNOWN
openram_root,/data1/qujh/OpenRAM/miniconda/pkgs/conda-package-streaming-0.9.0-py38h06a4308_0/info/recipe/conda_build_config.yaml,yaml,conda_build_config,3,False,conda_build_config,UNKNOWN,UNKNOWN,UNKNOWN,UNKNOWN
openram_root,/data1/qujh/OpenRAM/miniconda/pkgs/cryptography-41.0.7-py38hdda0065_0/info/recipe/conda_build_config.yaml,yaml,conda_build_config,3,False,conda_build_config,UNKNOWN,UNKNOWN,UNKNOWN,UNKNOWN
openram_root,/data1/qujh/OpenRAM/miniconda/pkgs/dbus-1.16.2-h5bd4931_0/info/recipe/conda_build_config.yaml,yaml,conda_build_config,3,False,conda_build_config,UNKNOWN,UNKNOWN,UNKNOWN,UNKNOWN
openram_root,/data1/qujh/OpenRAM/miniconda/pkgs/distro-1.8.0-py38h06a4308_0/info/recipe/conda_build_config.yaml,yaml,conda_build_config,3,False,conda_build_config,UNKNOWN,UNKNOWN,UNKNOWN,UNKNOWN
openram_root,/data1/qujh/OpenRAM/miniconda/pkgs/expat-2.7.4-hecca717_0/info/recipe/conda_build_config.yaml,yaml,conda_build_config,3,False,conda_build_config,UNKNOWN,UNKNOWN,UNKNOWN,UNKNOWN
openram_root,/data1/qujh/OpenRAM/miniconda/pkgs/fftw-3.3.10-nompi_h3b011a4_112/info/recipe/conda_build_config.yaml,yaml,conda_build_config,3,False,conda_build_config,UNKNOWN,UNKNOWN,UNKNOWN,UNKNOWN
openram_root,/data1/qujh/OpenRAM/miniconda/pkgs/fftw-3.3.10-nompi_h3b011a4_112/info/recipe/parent/conda_build_config.yaml,yaml,conda_build_config,3,False,conda_build_config,UNKNOWN,UNKNOWN,UNKNOWN,UNKNOWN
openram_root,/data1/qujh/OpenRAM/miniconda/pkgs/fmt-9.1.0-hdb19cb5_0/info/recipe/conda_build_config.yaml,yaml,conda_build_config,3,False,conda_build_config,UNKNOWN,UNKNOWN,UNKNOWN,UNKNOWN
openram_root,/data1/qujh/OpenRAM/miniconda/pkgs/fontconfig-2.14.2-h14ed4e7_0/info/recipe/conda_build_config.yaml,yaml,conda_build_config,3,False,conda_build_config,UNKNOWN,UNKNOWN,UNKNOWN,UNKNOWN
openram_root,/data1/qujh/OpenRAM/miniconda/pkgs/freetype-2.12.1-h267a509_2/info/recipe/conda_build_config.yaml,yaml,conda_build_config,3,False,conda_build_config,UNKNOWN,UNKNOWN,UNKNOWN,UNKNOWN
openram_root,/data1/qujh/OpenRAM/miniconda/pkgs/frozendict-2.4.4-py38hfb59056_0/info/recipe/conda_build_config.yaml,yaml,conda_build_config,3,False,conda_build_config,UNKNOWN,UNKNOWN,UNKNOWN,UNKNOWN
openram_root,/data1/qujh/OpenRAM/miniconda/pkgs/gdbm-1.18-h0a1914f_2/info/recipe/conda_build_config.yaml,yaml,conda_build_config,3,False,conda_build_config,UNKNOWN,UNKNOWN,UNKNOWN,UNKNOWN
openram_root,/data1/qujh/OpenRAM/miniconda/pkgs/gettext-0.25.1-h3f43e3d_1/info/recipe/conda_build_config.yaml,yaml,conda_build_config,3,False,conda_build_config,UNKNOWN,UNKNOWN,UNKNOWN,UNKNOWN
openram_root,/data1/qujh/OpenRAM/miniconda/pkgs/gettext-tools-0.25.1-h3f43e3d_1/info/recipe/conda_build_config.yaml,yaml,conda_build_config,3,False,conda_build_config,UNKNOWN,UNKNOWN,UNKNOWN,UNKNOWN
openram_root,/data1/qujh/OpenRAM/miniconda/pkgs/glib-2.78.4-hfc55251_0/info/recipe/conda_build_config.yaml,yaml,conda_build_config,3,False,conda_build_config,UNKNOWN,UNKNOWN,UNKNOWN,UNKNOWN
openram_root,/data1/qujh/OpenRAM/miniconda/pkgs/glib-2.78.4-hfc55251_0/share/glib-2.0/codegen/config.py,py,config,3,False,config,UNKNOWN,UNKNOWN,UNKNOWN,UNKNOWN
openram_root,/data1/qujh/OpenRAM/miniconda/pkgs/glib-tools-2.78.4-hfc55251_0/info/recipe/conda_build_config.yaml,yaml,conda_build_config,3,False,conda_build_config,UNKNOWN,UNKNOWN,UNKNOWN,UNKNOWN
openram_root,/data1/qujh/OpenRAM/miniconda/pkgs/gmp-6.3.0-hac33072_2/info/recipe/conda_build_config.yaml,yaml,conda_build_config,3,False,conda_build_config,UNKNOWN,UNKNOWN,UNKNOWN,UNKNOWN
openram_root,/data1/qujh/OpenRAM/miniconda/pkgs/gst-plugins-base-1.14.1-h6a678d5_1/info/recipe/conda_build_config.yaml,yaml,conda_build_config,3,False,conda_build_config,UNKNOWN,UNKNOWN,UNKNOWN,UNKNOWN
openram_root,/data1/qujh/OpenRAM/miniconda/pkgs/gstreamer-1.14.1-h5eee18b_1/info/recipe/conda_build_config.yaml,yaml,conda_build_config,3,False,conda_build_config,UNKNOWN,UNKNOWN,UNKNOWN,UNKNOWN
openram_root,/data1/qujh/OpenRAM/miniconda/pkgs/hdf5-1.14.3-mpi_mpich_ha2c2bf8_0/info/recipe/conda_build_config.yaml,yaml,conda_build_config,3,False,conda_build_config,UNKNOWN,UNKNOWN,UNKNOWN,UNKNOWN
openram_root,/data1/qujh/OpenRAM/miniconda/pkgs/icu-73.1-h6a678d5_0/info/recipe/conda_build_config.yaml,yaml,conda_build_config,3,False,conda_build_config,UNKNOWN,UNKNOWN,UNKNOWN,UNKNOWN
openram_root,/data1/qujh/OpenRAM/miniconda/pkgs/idna-3.4-py38h06a4308_0/info/recipe/conda_build_config.yaml,yaml,conda_build_config,3,False,conda_build_config,UNKNOWN,UNKNOWN,UNKNOWN,UNKNOWN
openram_root,/data1/qujh/OpenRAM/miniconda/pkgs/iverilog-0_8_6897_g58dcf39db-20231104_052339/info/recipe/conda_build_config.yaml,yaml,conda_build_config,3,False,conda_build_config,UNKNOWN,UNKNOWN,UNKNOWN,UNKNOWN
openram_root,/data1/qujh/OpenRAM/miniconda/pkgs/jpeg-9e-h0b41bf4_3/info/recipe/conda_build_config.yaml,yaml,conda_build_config,3,False,conda_build_config,UNKNOWN,UNKNOWN,UNKNOWN,UNKNOWN
openram_root,/data1/qujh/OpenRAM/miniconda/pkgs/jsonpatch-1.32-pyhd3eb1b0_0/info/recipe/conda_build_config.yaml,yaml,conda_build_config,3,False,conda_build_config,UNKNOWN,UNKNOWN,UNKNOWN,UNKNOWN
openram_root,/data1/qujh/OpenRAM/miniconda/pkgs/jsonpointer-2.1-pyhd3eb1b0_0/info/recipe/conda_build_config.yaml,yaml,conda_build_config,3,False,conda_build_config,UNKNOWN,UNKNOWN,UNKNOWN,UNKNOWN
openram_root,/data1/qujh/OpenRAM/miniconda/pkgs/klayout-0.28.3-py38h2bc3f7f_0/info/recipe/conda_build_config.yaml,yaml,conda_build_config,3,False,conda_build_config,UNKNOWN,UNKNOWN,UNKNOWN,UNKNOWN
openram_root,/data1/qujh/OpenRAM/miniconda/pkgs/krb5-1.20.1-h143b758_1/info/recipe/conda_build_config.yaml,yaml,conda_build_config,3,False,conda_build_config,UNKNOWN,UNKNOWN,UNKNOWN,UNKNOWN
openram_root,/data1/qujh/OpenRAM/miniconda/pkgs/ld_impl_linux-64-2.38-h1181459_1/info/recipe/conda_build_config.yaml,yaml,conda_build_config,3,False,conda_build_config,UNKNOWN,UNKNOWN,UNKNOWN,UNKNOWN
openram_root,/data1/qujh/OpenRAM/miniconda/pkgs/ld_impl_linux-64-2.38-h1181459_1/info/recipe/parent/conda_build_config.yaml,yaml,conda_build_config,3,False,conda_build_config,UNKNOWN,UNKNOWN,UNKNOWN,UNKNOWN
openram_root,/data1/qujh/OpenRAM/miniconda/pkgs/libaec-1.1.5-h088129d_0/info/recipe/conda_build_config.yaml,yaml,conda_build_config,3,False,conda_build_config,UNKNOWN,UNKNOWN,UNKNOWN,UNKNOWN
openram_root,/data1/qujh/OpenRAM/miniconda/pkgs/libarchive-3.6.2-h6ac8c49_2/info/recipe/conda_build_config.yaml,yaml,conda_build_config,3,False,conda_build_config,UNKNOWN,UNKNOWN,UNKNOWN,UNKNOWN
openram_root,/data1/qujh/OpenRAM/miniconda/pkgs/libasprintf-0.25.1-h3f43e3d_1/info/recipe/conda_build_config.yaml,yaml,conda_build_config,3,False,conda_build_config,UNKNOWN,UNKNOWN,UNKNOWN,UNKNOWN
openram_root,/data1/qujh/OpenRAM/miniconda/pkgs/libasprintf-devel-0.25.1-h3f43e3d_1/info/recipe/conda_build_config.yaml,yaml,conda_build_config,3,False,conda_build_config,UNKNOWN,UNKNOWN,UNKNOWN,UNKNOWN
openram_root,/data1/qujh/OpenRAM/miniconda/pkgs/libblas-3.9.0-16_linux64_openblas/info/recipe/conda_build_config.yaml,yaml,conda_build_config,3,False,conda_build_config,UNKNOWN,UNKNOWN,UNKNOWN,UNKNOWN
openram_root,/data1/qujh/OpenRAM/miniconda/pkgs/libblas-3.9.0-16_linux64_openblas/info/recipe/parent/conda_build_config.yaml,yaml,conda_build_config,3,False,conda_build_config,UNKNOWN,UNKNOWN,UNKNOWN,UNKNOWN
openram_root,/data1/qujh/OpenRAM/miniconda/pkgs/libboost-1.82.0-h109eef0_2/info/recipe/conda_build_config.yaml,yaml,conda_build_config,3,False,conda_build_config,UNKNOWN,UNKNOWN,UNKNOWN,UNKNOWN
openram_root,/data1/qujh/OpenRAM/miniconda/pkgs/libcblas-3.9.0-16_linux64_openblas/info/recipe/conda_build_config.yaml,yaml,conda_build_config,3,False,conda_build_config,UNKNOWN,UNKNOWN,UNKNOWN,UNKNOWN
openram_root,/data1/qujh/OpenRAM/miniconda/pkgs/libcblas-3.9.0-16_linux64_openblas/info/recipe/parent/conda_build_config.yaml,yaml,conda_build_config,3,False,conda_build_config,UNKNOWN,UNKNOWN,UNKNOWN,UNKNOWN
openram_root,/data1/qujh/OpenRAM/miniconda/pkgs/libclang-14.0.6-default_h7634d5b_1/info/recipe/conda_build_config.yaml,yaml,conda_build_config,3,False,conda_build_config,UNKNOWN,UNKNOWN,UNKNOWN,UNKNOWN
openram_root,/data1/qujh/OpenRAM/miniconda/pkgs/libclang-14.0.6-default_h7634d5b_1/info/recipe/parent/conda_build_config.yaml,yaml,conda_build_config,3,False,conda_build_config,UNKNOWN,UNKNOWN,UNKNOWN,UNKNOWN
openram_root,/data1/qujh/OpenRAM/miniconda/pkgs/libclang13-14.0.6-default_h9986a30_1/info/recipe/conda_build_config.yaml,yaml,conda_build_config,3,False,conda_build_config,UNKNOWN,UNKNOWN,UNKNOWN,UNKNOWN
openram_root,/data1/qujh/OpenRAM/miniconda/pkgs/libclang13-14.0.6-default_h9986a30_1/info/recipe/parent/conda_build_config.yaml,yaml,conda_build_config,3,False,conda_build_config,UNKNOWN,UNKNOWN,UNKNOWN,UNKNOWN
openram_root,/data1/qujh/OpenRAM/miniconda/pkgs/libcups-2.3.3-h36d4200_3/info/recipe/conda_build_config.yaml,yaml,conda_build_config,3,False,conda_build_config,UNKNOWN,UNKNOWN,UNKNOWN,UNKNOWN
openram_root,/data1/qujh/OpenRAM/miniconda/pkgs/libcurl-8.4.0-h251f7ec_1/info/recipe/conda_build_config.yaml,yaml,conda_build_config,3,False,conda_build_config,UNKNOWN,UNKNOWN,UNKNOWN,UNKNOWN
openram_root,/data1/qujh/OpenRAM/miniconda/pkgs/libedit-3.1.20230828-h5eee18b_0/info/recipe/conda_build_config.yaml,yaml,conda_build_config,3,False,conda_build_config,UNKNOWN,UNKNOWN,UNKNOWN,UNKNOWN
openram_root,/data1/qujh/OpenRAM/miniconda/pkgs/libev-4.33-h7f8727e_1/info/recipe/conda_build_config.yaml,yaml,conda_build_config,3,False,conda_build_config,UNKNOWN,UNKNOWN,UNKNOWN,UNKNOWN
openram_root,/data1/qujh/OpenRAM/miniconda/pkgs/libevent-2.1.12-hf998b51_1/info/recipe/conda_build_config.yaml,yaml,conda_build_config,3,False,conda_build_config,UNKNOWN,UNKNOWN,UNKNOWN,UNKNOWN
openram_root,/data1/qujh/OpenRAM/miniconda/pkgs/libexpat-2.7.4-hecca717_0/info/recipe/conda_build_config.yaml,yaml,conda_build_config,3,False,conda_build_config,UNKNOWN,UNKNOWN,UNKNOWN,UNKNOWN
openram_root,/data1/qujh/OpenRAM/miniconda/pkgs/libffi-3.4.4-h6a678d5_0/info/recipe/conda_build_config.yaml,yaml,conda_build_config,3,False,conda_build_config,UNKNOWN,UNKNOWN,UNKNOWN,UNKNOWN
openram_root,/data1/qujh/OpenRAM/miniconda/pkgs/libgcc-15.2.0-he0feb66_18/info/recipe/conda_build_config.yaml,yaml,conda_build_config,3,False,conda_build_config,UNKNOWN,UNKNOWN,UNKNOWN,UNKNOWN
openram_root,/data1/qujh/OpenRAM/miniconda/pkgs/libgcc-15.2.0-he0feb66_18/info/recipe/parent/conda_build_config.yaml,yaml,conda_build_config,3,False,conda_build_config,UNKNOWN,UNKNOWN,UNKNOWN,UNKNOWN
openram_root,/data1/qujh/OpenRAM/miniconda/pkgs/libgcc-ng-11.2.0-h1234567_1/info/recipe/conda_build_config.yaml,yaml,conda_build_config,3,False,conda_build_config,UNKNOWN,UNKNOWN,UNKNOWN,UNKNOWN
openram_root,/data1/qujh/OpenRAM/miniconda/pkgs/libgcc-ng-11.2.0-h1234567_1/info/recipe/parent/conda_build_config.yaml,yaml,conda_build_config,3,False,conda_build_config,UNKNOWN,UNKNOWN,UNKNOWN,UNKNOWN
openram_root,/data1/qujh/OpenRAM/miniconda/pkgs/libgcc-ng-15.2.0-h69a702a_18/info/recipe/conda_build_config.yaml,yaml,conda_build_config,3,False,conda_build_config,UNKNOWN,UNKNOWN,UNKNOWN,UNKNOWN
openram_root,/data1/qujh/OpenRAM/miniconda/pkgs/libgcc-ng-15.2.0-h69a702a_18/info/recipe/parent/conda_build_config.yaml,yaml,conda_build_config,3,False,conda_build_config,UNKNOWN,UNKNOWN,UNKNOWN,UNKNOWN
openram_root,/data1/qujh/OpenRAM/miniconda/pkgs/libgettextpo-0.25.1-h3f43e3d_1/info/recipe/conda_build_config.yaml,yaml,conda_build_config,3,False,conda_build_config,UNKNOWN,UNKNOWN,UNKNOWN,UNKNOWN
openram_root,/data1/qujh/OpenRAM/miniconda/pkgs/libgettextpo-devel-0.25.1-h3f43e3d_1/info/recipe/conda_build_config.yaml,yaml,conda_build_config,3,False,conda_build_config,UNKNOWN,UNKNOWN,UNKNOWN,UNKNOWN
openram_root,/data1/qujh/OpenRAM/miniconda/pkgs/libgfortran-15.2.0-h69a702a_18/info/recipe/conda_build_config.yaml,yaml,conda_build_config,3,False,conda_build_config,UNKNOWN,UNKNOWN,UNKNOWN,UNKNOWN
openram_root,/data1/qujh/OpenRAM/miniconda/pkgs/libgfortran-15.2.0-h69a702a_18/info/recipe/parent/conda_build_config.yaml,yaml,conda_build_config,3,False,conda_build_config,UNKNOWN,UNKNOWN,UNKNOWN,UNKNOWN
openram_root,/data1/qujh/OpenRAM/miniconda/pkgs/libgfortran-ng-15.2.0-h69a702a_18/info/recipe/conda_build_config.yaml,yaml,conda_build_config,3,False,conda_build_config,UNKNOWN,UNKNOWN,UNKNOWN,UNKNOWN
openram_root,/data1/qujh/OpenRAM/miniconda/pkgs/libgfortran-ng-15.2.0-h69a702a_18/info/recipe/parent/conda_build_config.yaml,yaml,conda_build_config,3,False,conda_build_config,UNKNOWN,UNKNOWN,UNKNOWN,UNKNOWN
openram_root,/data1/qujh/OpenRAM/miniconda/pkgs/libgfortran5-15.2.0-h68bc16d_18/info/recipe/conda_build_config.yaml,yaml,conda_build_config,3,False,conda_build_config,UNKNOWN,UNKNOWN,UNKNOWN,UNKNOWN
openram_root,/data1/qujh/OpenRAM/miniconda/pkgs/libgfortran5-15.2.0-h68bc16d_18/info/recipe/parent/conda_build_config.yaml,yaml,conda_build_config,3,False,conda_build_config,UNKNOWN,UNKNOWN,UNKNOWN,UNKNOWN
openram_root,/data1/qujh/OpenRAM/miniconda/pkgs/libglib-2.78.4-h783c2da_0/info/recipe/conda_build_config.yaml,yaml,conda_build_config,3,False,conda_build_config,UNKNOWN,UNKNOWN,UNKNOWN,UNKNOWN
openram_root,/data1/qujh/OpenRAM/miniconda/pkgs/libgomp-11.2.0-h1234567_1/info/recipe/conda_build_config.yaml,yaml,conda_build_config,3,False,conda_build_config,UNKNOWN,UNKNOWN,UNKNOWN,UNKNOWN
openram_root,/data1/qujh/OpenRAM/miniconda/pkgs/libgomp-11.2.0-h1234567_1/info/recipe/parent/conda_build_config.yaml,yaml,conda_build_config,3,False,conda_build_config,UNKNOWN,UNKNOWN,UNKNOWN,UNKNOWN
openram_root,/data1/qujh/OpenRAM/miniconda/pkgs/libgomp-15.2.0-he0feb66_18/info/recipe/conda_build_config.yaml,yaml,conda_build_config,3,False,conda_build_config,UNKNOWN,UNKNOWN,UNKNOWN,UNKNOWN
openram_root,/data1/qujh/OpenRAM/miniconda/pkgs/libgomp-15.2.0-he0feb66_18/info/recipe/parent/conda_build_config.yaml,yaml,conda_build_config,3,False,conda_build_config,UNKNOWN,UNKNOWN,UNKNOWN,UNKNOWN
openram_root,/data1/qujh/OpenRAM/miniconda/pkgs/libiconv-1.18-h3b78370_2/info/recipe/conda_build_config.yaml,yaml,conda_build_config,3,False,conda_build_config,UNKNOWN,UNKNOWN,UNKNOWN,UNKNOWN
openram_root,/data1/qujh/OpenRAM/miniconda/pkgs/libiconv-1.18-h3b78370_2/info/recipe/parent/conda_build_config.yaml,yaml,conda_build_config,3,False,conda_build_config,UNKNOWN,UNKNOWN,UNKNOWN,UNKNOWN
openram_root,/data1/qujh/OpenRAM/miniconda/pkgs/liblapack-3.9.0-16_linux64_openblas/info/recipe/conda_build_config.yaml,yaml,conda_build_config,3,False,conda_build_config,UNKNOWN,UNKNOWN,UNKNOWN,UNKNOWN
openram_root,/data1/qujh/OpenRAM/miniconda/pkgs/liblapack-3.9.0-16_linux64_openblas/info/recipe/parent/conda_build_config.yaml,yaml,conda_build_config,3,False,conda_build_config,UNKNOWN,UNKNOWN,UNKNOWN,UNKNOWN
openram_root,/data1/qujh/OpenRAM/miniconda/pkgs/libllvm14-14.0.6-hcd5def8_4/info/recipe/conda_build_config.yaml,yaml,conda_build_config,3,False,conda_build_config,UNKNOWN,UNKNOWN,UNKNOWN,UNKNOWN
openram_root,/data1/qujh/OpenRAM/miniconda/pkgs/libllvm14-14.0.6-hcd5def8_4/info/recipe/parent/conda_build_config.yaml,yaml,conda_build_config,3,False,conda_build_config,UNKNOWN,UNKNOWN,UNKNOWN,UNKNOWN
openram_root,/data1/qujh/OpenRAM/miniconda/pkgs/libmamba-1.5.3-haf1ee3a_0/info/recipe/conda_build_config.yaml,yaml,conda_build_config,3,False,conda_build_config,UNKNOWN,UNKNOWN,UNKNOWN,UNKNOWN
openram_root,/data1/qujh/OpenRAM/miniconda/pkgs/libmamba-1.5.3-haf1ee3a_0/info/recipe/parent/conda_build_config.yaml,yaml,conda_build_config,3,False,conda_build_config,UNKNOWN,UNKNOWN,UNKNOWN,UNKNOWN
openram_root,/data1/qujh/OpenRAM/miniconda/pkgs/libmambapy-1.5.3-py38h2dafd23_0/info/recipe/conda_build_config.yaml,yaml,conda_build_config,3,False,conda_build_config,UNKNOWN,UNKNOWN,UNKNOWN,UNKNOWN
openram_root,/data1/qujh/OpenRAM/miniconda/pkgs/libmambapy-1.5.3-py38h2dafd23_0/info/recipe/parent/conda_build_config.yaml,yaml,conda_build_config,3,False,conda_build_config,UNKNOWN,UNKNOWN,UNKNOWN,UNKNOWN
openram_root,/data1/qujh/OpenRAM/miniconda/pkgs/libmatio-1.5.26-h31675a7_0/info/recipe/conda_build_config.yaml,yaml,conda_build_config,3,False,conda_build_config,UNKNOWN,UNKNOWN,UNKNOWN,UNKNOWN
openram_root,/data1/qujh/OpenRAM/miniconda/pkgs/libnghttp2-1.57.0-h2d74bed_0/info/recipe/conda_build_config.yaml,yaml,conda_build_config,3,False,conda_build_config,UNKNOWN,UNKNOWN,UNKNOWN,UNKNOWN
openram_root,/data1/qujh/OpenRAM/miniconda/pkgs/libopenblas-0.3.21-h043d6bf_0/info/recipe/conda_build_config.yaml,yaml,conda_build_config,3,False,conda_build_config,UNKNOWN,UNKNOWN,UNKNOWN,UNKNOWN
openram_root,/data1/qujh/OpenRAM/miniconda/pkgs/libpng-1.6.43-h2797004_0/info/recipe/conda_build_config.yaml,yaml,conda_build_config,3,False,conda_build_config,UNKNOWN,UNKNOWN,UNKNOWN,UNKNOWN
openram_root,/data1/qujh/OpenRAM/miniconda/pkgs/libpq-12.20-hdbd6064_0/info/recipe/conda_build_config.yaml,yaml,conda_build_config,3,False,conda_build_config,UNKNOWN,UNKNOWN,UNKNOWN,UNKNOWN
openram_root,/data1/qujh/OpenRAM/miniconda/pkgs/libpq-12.20-hdbd6064_0/info/recipe/parent/conda_build_config.yaml,yaml,conda_build_config,3,False,conda_build_config,UNKNOWN,UNKNOWN,UNKNOWN,UNKNOWN
openram_root,/data1/qujh/OpenRAM/miniconda/pkgs/libsolv-0.7.24-he621ea3_0/info/recipe/conda_build_config.yaml,yaml,conda_build_config,3,False,conda_build_config,UNKNOWN,UNKNOWN,UNKNOWN,UNKNOWN
openram_root,/data1/qujh/OpenRAM/miniconda/pkgs/libsqlite-3.46.0-hde9e2c9_0/info/recipe/conda_build_config.yaml,yaml,conda_build_config,3,False,conda_build_config,UNKNOWN,UNKNOWN,UNKNOWN,UNKNOWN
openram_root,/data1/qujh/OpenRAM/miniconda/pkgs/libssh2-1.10.0-hdbd6064_2/info/recipe/conda_build_config.yaml,yaml,conda_build_config,3,False,conda_build_config,UNKNOWN,UNKNOWN,UNKNOWN,UNKNOWN
openram_root,/data1/qujh/OpenRAM/miniconda/pkgs/libstdcxx-15.2.0-h934c35e_18/info/recipe/conda_build_config.yaml,yaml,conda_build_config,3,False,conda_build_config,UNKNOWN,UNKNOWN,UNKNOWN,UNKNOWN
openram_root,/data1/qujh/OpenRAM/miniconda/pkgs/libstdcxx-15.2.0-h934c35e_18/info/recipe/parent/conda_build_config.yaml,yaml,conda_build_config,3,False,conda_build_config,UNKNOWN,UNKNOWN,UNKNOWN,UNKNOWN
openram_root,/data1/qujh/OpenRAM/miniconda/pkgs/libstdcxx-ng-11.2.0-h1234567_1/info/recipe/conda_build_config.yaml,yaml,conda_build_config,3,False,conda_build_config,UNKNOWN,UNKNOWN,UNKNOWN,UNKNOWN
openram_root,/data1/qujh/OpenRAM/miniconda/pkgs/libstdcxx-ng-11.2.0-h1234567_1/info/recipe/parent/conda_build_config.yaml,yaml,conda_build_config,3,False,conda_build_config,UNKNOWN,UNKNOWN,UNKNOWN,UNKNOWN
openram_root,/data1/qujh/OpenRAM/miniconda/pkgs/libstdcxx-ng-15.2.0-hdf11a46_18/info/recipe/conda_build_config.yaml,yaml,conda_build_config,3,False,conda_build_config,UNKNOWN,UNKNOWN,UNKNOWN,UNKNOWN
openram_root,/data1/qujh/OpenRAM/miniconda/pkgs/libstdcxx-ng-15.2.0-hdf11a46_18/info/recipe/parent/conda_build_config.yaml,yaml,conda_build_config,3,False,conda_build_config,UNKNOWN,UNKNOWN,UNKNOWN,UNKNOWN
openram_root,/data1/qujh/OpenRAM/miniconda/pkgs/libuuid-2.41.3-h5347b49_0/info/recipe/variant_config.yaml,yaml,variant_config,3,False,variant_config,UNKNOWN,UNKNOWN,UNKNOWN,UNKNOWN
openram_root,/data1/qujh/OpenRAM/miniconda/pkgs/libxcb-1.17.0-h8a09558_0/info/recipe/conda_build_config.yaml,yaml,conda_build_config,3,False,conda_build_config,UNKNOWN,UNKNOWN,UNKNOWN,UNKNOWN
openram_root,/data1/qujh/OpenRAM/miniconda/pkgs/libxkbcommon-1.0.3-he3ba5ed_0/info/recipe/conda_build_config.yaml,yaml,conda_build_config,3,False,conda_build_config,UNKNOWN,UNKNOWN,UNKNOWN,UNKNOWN
openram_root,/data1/qujh/OpenRAM/miniconda/pkgs/libxml2-2.10.4-hf1b16e4_1/info/recipe/conda_build_config.yaml,yaml,conda_build_config,3,False,conda_build_config,UNKNOWN,UNKNOWN,UNKNOWN,UNKNOWN
openram_root,/data1/qujh/OpenRAM/miniconda/pkgs/libzlib-1.2.13-h4ab18f5_6/info/recipe/conda_build_config.yaml,yaml,conda_build_config,3,False,conda_build_config,UNKNOWN,UNKNOWN,UNKNOWN,UNKNOWN
openram_root,/data1/qujh/OpenRAM/miniconda/pkgs/libzlib-1.2.13-h4ab18f5_6/info/recipe/parent/conda_build_config.yaml,yaml,conda_build_config,3,False,conda_build_config,UNKNOWN,UNKNOWN,UNKNOWN,UNKNOWN
openram_root,/data1/qujh/OpenRAM/miniconda/pkgs/lz4-c-1.9.4-h6a678d5_0/info/recipe/conda_build_config.yaml,yaml,conda_build_config,3,False,conda_build_config,UNKNOWN,UNKNOWN,UNKNOWN,UNKNOWN
openram_root,/data1/qujh/OpenRAM/miniconda/pkgs/magic-8.3.363-h9bf148f_0/info/recipe/conda_build_config.yaml,yaml,conda_build_config,3,False,conda_build_config,UNKNOWN,UNKNOWN,UNKNOWN,UNKNOWN
openram_root,/data1/qujh/OpenRAM/miniconda/pkgs/menuinst-2.0.1-py38h06a4308_1/info/recipe/conda_build_config.yaml,yaml,conda_build_config,3,False,conda_build_config,UNKNOWN,UNKNOWN,UNKNOWN,UNKNOWN
openram_root,/data1/qujh/OpenRAM/miniconda/pkgs/metis-5.1.0-hd0bcaf9_1007/info/recipe/conda_build_config.yaml,yaml,conda_build_config,3,False,conda_build_config,UNKNOWN,UNKNOWN,UNKNOWN,UNKNOWN
openram_root,/data1/qujh/OpenRAM/miniconda/pkgs/mpfr-4.2.1-h90cbb55_3/info/recipe/conda_build_config.yaml,yaml,conda_build_config,3,False,conda_build_config,UNKNOWN,UNKNOWN,UNKNOWN,UNKNOWN
openram_root,/data1/qujh/OpenRAM/miniconda/pkgs/mpi-1.0.1-mpich/info/recipe/conda_build_config.yaml,yaml,conda_build_config,3,False,conda_build_config,UNKNOWN,UNKNOWN,UNKNOWN,UNKNOWN
openram_root,/data1/qujh/OpenRAM/miniconda/pkgs/mpich-4.2.3-h670b19f_100/info/recipe/conda_build_config.yaml,yaml,conda_build_config,3,False,conda_build_config,UNKNOWN,UNKNOWN,UNKNOWN,UNKNOWN
openram_root,/data1/qujh/OpenRAM/miniconda/pkgs/mpich-4.2.3-h670b19f_100/info/recipe/parent/conda_build_config.yaml,yaml,conda_build_config,3,False,conda_build_config,UNKNOWN,UNKNOWN,UNKNOWN,UNKNOWN
openram_root,/data1/qujh/OpenRAM/miniconda/pkgs/mysql-5.7.20-hf484d3e_1001/info/recipe/conda_build_config.yaml,yaml,conda_build_config,3,False,conda_build_config,UNKNOWN,UNKNOWN,UNKNOWN,UNKNOWN
openram_root,/data1/qujh/OpenRAM/miniconda/pkgs/ncurses-6.4-h6a678d5_0/info/recipe/conda_build_config.yaml,yaml,conda_build_config,3,False,conda_build_config,UNKNOWN,UNKNOWN,UNKNOWN,UNKNOWN
openram_root,/data1/qujh/OpenRAM/miniconda/pkgs/netgen-1.5.253-py38h9bf148f_0/info/recipe/conda_build_config.yaml,yaml,conda_build_config,3,False,conda_build_config,UNKNOWN,UNKNOWN,UNKNOWN,UNKNOWN
openram_root,/data1/qujh/OpenRAM/miniconda/pkgs/ngspice-26-h9bf148f_0/info/recipe/conda_build_config.yaml,yaml,conda_build_config,3,False,conda_build_config,UNKNOWN,UNKNOWN,UNKNOWN,UNKNOWN
openram_root,/data1/qujh/OpenRAM/miniconda/pkgs/nspr-4.38-h29cc59b_0/info/recipe/conda_build_config.yaml,yaml,conda_build_config,3,False,conda_build_config,UNKNOWN,UNKNOWN,UNKNOWN,UNKNOWN
openram_root,/data1/qujh/OpenRAM/miniconda/pkgs/nss-3.100-hca3bf56_0/info/recipe/conda_build_config.yaml,yaml,conda_build_config,3,False,conda_build_config,UNKNOWN,UNKNOWN,UNKNOWN,UNKNOWN
openram_root,/data1/qujh/OpenRAM/miniconda/pkgs/numpy-1.24.4-py38h59b608b_0/info/recipe/conda_build_config.yaml,yaml,conda_build_config,3,False,conda_build_config,UNKNOWN,UNKNOWN,UNKNOWN,UNKNOWN
openram_root,/data1/qujh/OpenRAM/miniconda/pkgs/numpy-1.24.4-py38h59b608b_0/lib/python3.8/site-packages/numpy/__config__.py,py,__config__,3,False,__config__,UNKNOWN,UNKNOWN,UNKNOWN,UNKNOWN
openram_root,/data1/qujh/OpenRAM/miniconda/pkgs/numpy-1.24.4-py38h59b608b_0/lib/python3.8/site-packages/numpy/core/_ufunc_config.py,py,_ufunc_config,3,False,_ufunc_config,UNKNOWN,UNKNOWN,UNKNOWN,UNKNOWN
openram_root,/data1/qujh/OpenRAM/miniconda/pkgs/numpy-1.24.4-py38h59b608b_0/lib/python3.8/site-packages/numpy/distutils/__config__.py,py,__config__,3,False,__config__,UNKNOWN,UNKNOWN,UNKNOWN,UNKNOWN
openram_root,/data1/qujh/OpenRAM/miniconda/pkgs/numpy-1.24.4-py38h59b608b_0/lib/python3.8/site-packages/numpy/distutils/command/config.py,py,config,3,False,config,UNKNOWN,UNKNOWN,UNKNOWN,UNKNOWN
openram_root,/data1/qujh/OpenRAM/miniconda/pkgs/numpy-1.24.4-py38h59b608b_0/lib/python3.8/site-packages/numpy/distutils/command/config_compiler.py,py,config_compiler,3,False,config_compiler,UNKNOWN,UNKNOWN,UNKNOWN,UNKNOWN
openram_root,/data1/qujh/OpenRAM/miniconda/pkgs/numpy-1.24.4-py38h59b608b_0/lib/python3.8/site-packages/numpy/distutils/npy_pkg_config.py,py,npy_pkg_config,3,False,npy_pkg_config,UNKNOWN,UNKNOWN,UNKNOWN,UNKNOWN
openram_root,/data1/qujh/OpenRAM/miniconda/pkgs/numpy-1.24.4-py38h59b608b_0/lib/python3.8/site-packages/numpy/distutils/tests/test_npy_pkg_config.py,py,test_npy_pkg_config,3,False,test_npy_pkg_config,UNKNOWN,UNKNOWN,UNKNOWN,UNKNOWN
openram_root,/data1/qujh/OpenRAM/miniconda/pkgs/numpy-1.24.4-py38h59b608b_0/lib/python3.8/site-packages/numpy/typing/tests/data/pass/ufunc_config.py,py,ufunc_config,3,False,ufunc_config,UNKNOWN,UNKNOWN,UNKNOWN,UNKNOWN
openram_root,/data1/qujh/OpenRAM/miniconda/pkgs/openmpi-4.1.6-hc5af2df_101/info/recipe/conda_build_config.yaml,yaml,conda_build_config,3,False,conda_build_config,UNKNOWN,UNKNOWN,UNKNOWN,UNKNOWN
openram_root,/data1/qujh/OpenRAM/miniconda/pkgs/openmpi-4.1.6-hc5af2df_101/info/recipe/parent/conda_build_config.yaml,yaml,conda_build_config,3,False,conda_build_config,UNKNOWN,UNKNOWN,UNKNOWN,UNKNOWN
openram_root,/data1/qujh/OpenRAM/miniconda/pkgs/openssl-3.0.12-h7f8727e_0/info/recipe/conda_build_config.yaml,yaml,conda_build_config,3,False,conda_build_config,UNKNOWN,UNKNOWN,UNKNOWN,UNKNOWN
openram_root,/data1/qujh/OpenRAM/miniconda/pkgs/openssl-3.6.1-h35e630c_1/info/recipe/conda_build_config.yaml,yaml,conda_build_config,3,False,conda_build_config,UNKNOWN,UNKNOWN,UNKNOWN,UNKNOWN
openram_root,/data1/qujh/OpenRAM/miniconda/pkgs/openssl-3.6.1-h35e630c_1/info/recipe/parent/conda_build_config.yaml,yaml,conda_build_config,3,False,conda_build_config,UNKNOWN,UNKNOWN,UNKNOWN,UNKNOWN
openram_root,/data1/qujh/OpenRAM/miniconda/pkgs/packaging-23.1-py38h06a4308_0/info/recipe/conda_build_config.yaml,yaml,conda_build_config,3,False,conda_build_config,UNKNOWN,UNKNOWN,UNKNOWN,UNKNOWN
openram_root,/data1/qujh/OpenRAM/miniconda/pkgs/pcre2-10.42-hebb0a14_0/info/recipe/conda_build_config.yaml,yaml,conda_build_config,3,False,conda_build_config,UNKNOWN,UNKNOWN,UNKNOWN,UNKNOWN
openram_root,/data1/qujh/OpenRAM/miniconda/pkgs/pcre2-10.42-hebb0a14_0/share/doc/pcre2/html/pcre2-config.html,html,pcre2-config,3,False,pcre2-config,UNKNOWN,UNKNOWN,UNKNOWN,UNKNOWN
openram_root,/data1/qujh/OpenRAM/miniconda/pkgs/pcre2-10.42-hebb0a14_0/share/doc/pcre2/html/pcre2_config.html,html,pcre2_config,3,False,pcre2_config,UNKNOWN,UNKNOWN,UNKNOWN,UNKNOWN
openram_root,/data1/qujh/OpenRAM/miniconda/pkgs/pip-23.3.1-py38h06a4308_0/info/recipe/conda_build_config.yaml,yaml,conda_build_config,3,False,conda_build_config,UNKNOWN,UNKNOWN,UNKNOWN,UNKNOWN
openram_root,/data1/qujh/OpenRAM/miniconda/pkgs/pip-23.3.1-py38h06a4308_0/lib/python3.8/site-packages/pip/_internal/commands/configuration.py,py,configuration,3,False,configuration,UNKNOWN,UNKNOWN,UNKNOWN,UNKNOWN
openram_root,/data1/qujh/OpenRAM/miniconda/pkgs/pip-23.3.1-py38h06a4308_0/lib/python3.8/site-packages/pip/_internal/configuration.py,py,configuration,3,False,configuration,UNKNOWN,UNKNOWN,UNKNOWN,UNKNOWN
openram_root,/data1/qujh/OpenRAM/miniconda/pkgs/pip-23.3.1-py38h06a4308_0/lib/python3.8/site-packages/pip/_internal/locations/_sysconfig.py,py,_sysconfig,3,False,_sysconfig,UNKNOWN,UNKNOWN,UNKNOWN,UNKNOWN
openram_root,/data1/qujh/OpenRAM/miniconda/pkgs/pixman-0.46.4-h54a6638_1/info/recipe/variant_config.yaml,yaml,variant_config,3,False,variant_config,UNKNOWN,UNKNOWN,UNKNOWN,UNKNOWN
openram_root,/data1/qujh/OpenRAM/miniconda/pkgs/platformdirs-3.10.0-py38h06a4308_0/info/recipe/conda_build_config.yaml,yaml,conda_build_config,3,False,conda_build_config,UNKNOWN,UNKNOWN,UNKNOWN,UNKNOWN
openram_root,/data1/qujh/OpenRAM/miniconda/pkgs/pluggy-1.0.0-py38h06a4308_1/info/recipe/conda_build_config.yaml,yaml,conda_build_config,3,False,conda_build_config,UNKNOWN,UNKNOWN,UNKNOWN,UNKNOWN
openram_root,/data1/qujh/OpenRAM/miniconda/pkgs/pooch-1.8.2-pyhd8ed1ab_0/info/recipe/conda_build_config.yaml,yaml,conda_build_config,3,False,conda_build_config,UNKNOWN,UNKNOWN,UNKNOWN,UNKNOWN
openram_root,/data1/qujh/OpenRAM/miniconda/pkgs/pthread-stubs-0.4-hb9d3cd8_1002/info/recipe/conda_build_config.yaml,yaml,conda_build_config,3,False,conda_build_config,UNKNOWN,UNKNOWN,UNKNOWN,UNKNOWN
openram_root,/data1/qujh/OpenRAM/miniconda/pkgs/pybind11-abi-4-hd3eb1b0_1/info/recipe/conda_build_config.yaml,yaml,conda_build_config,3,False,conda_build_config,UNKNOWN,UNKNOWN,UNKNOWN,UNKNOWN
openram_root,/data1/qujh/OpenRAM/miniconda/pkgs/pycosat-0.6.6-py38h5eee18b_0/info/recipe/conda_build_config.yaml,yaml,conda_build_config,3,False,conda_build_config,UNKNOWN,UNKNOWN,UNKNOWN,UNKNOWN
openram_root,/data1/qujh/OpenRAM/miniconda/pkgs/pycparser-2.21-pyhd3eb1b0_0/info/recipe/conda_build_config.yaml,yaml,conda_build_config,3,False,conda_build_config,UNKNOWN,UNKNOWN,UNKNOWN,UNKNOWN
openram_root,/data1/qujh/OpenRAM/miniconda/pkgs/pyopenssl-23.2.0-py38h06a4308_0/info/recipe/conda_build_config.yaml,yaml,conda_build_config,3,False,conda_build_config,UNKNOWN,UNKNOWN,UNKNOWN,UNKNOWN
openram_root,/data1/qujh/OpenRAM/miniconda/pkgs/pysocks-1.7.1-py38h06a4308_0/info/recipe/conda_build_config.yaml,yaml,conda_build_config,3,False,conda_build_config,UNKNOWN,UNKNOWN,UNKNOWN,UNKNOWN
openram_root,/data1/qujh/OpenRAM/miniconda/pkgs/python-3.8.18-h955ad1f_0/info/recipe/conda_build_config.yaml,yaml,conda_build_config,3,False,conda_build_config,UNKNOWN,UNKNOWN,UNKNOWN,UNKNOWN
openram_root,/data1/qujh/OpenRAM/miniconda/pkgs/python-3.8.18-h955ad1f_0/info/recipe/parent/.circleci/config.yml,yml,config,3,False,config,UNKNOWN,UNKNOWN,UNKNOWN,UNKNOWN
openram_root,/data1/qujh/OpenRAM/miniconda/pkgs/python-3.8.18-h955ad1f_0/info/recipe/parent/conda_build_config.yaml,yaml,conda_build_config,3,False,conda_build_config,UNKNOWN,UNKNOWN,UNKNOWN,UNKNOWN
openram_root,/data1/qujh/OpenRAM/miniconda/pkgs/python-3.8.18-h955ad1f_0/info/recipe/parent/sysconfigdata/_sysconfigdata_aarch64_conda_cos7_linux_gnu.py,py,_sysconfigdata_aarch64_conda_cos7_linux_gnu,3,False,_sysconfigdata_aarch64_conda_cos7_linux_gnu,UNKNOWN,UNKNOWN,UNKNOWN,UNKNOWN
openram_root,/data1/qujh/OpenRAM/miniconda/pkgs/python-3.8.18-h955ad1f_0/info/recipe/parent/sysconfigdata/_sysconfigdata_aarch64_conda_linux_gnu.py,py,_sysconfigdata_aarch64_conda_linux_gnu,3,False,_sysconfigdata_aarch64_conda_linux_gnu,UNKNOWN,UNKNOWN,UNKNOWN,UNKNOWN
openram_root,/data1/qujh/OpenRAM/miniconda/pkgs/python-3.8.18-h955ad1f_0/info/recipe/parent/sysconfigdata/_sysconfigdata_arm64_apple_darwin20_0_0.py,py,_sysconfigdata_arm64_apple_darwin20_0_0,3,False,_sysconfigdata_arm64_apple_darwin20_0_0,UNKNOWN,UNKNOWN,UNKNOWN,UNKNOWN
openram_root,/data1/qujh/OpenRAM/miniconda/pkgs/python-3.8.18-h955ad1f_0/info/recipe/parent/sysconfigdata/_sysconfigdata_i686_conda_cos6_linux_gnu.py,py,_sysconfigdata_i686_conda_cos6_linux_gnu,3,False,_sysconfigdata_i686_conda_cos6_linux_gnu,UNKNOWN,UNKNOWN,UNKNOWN,UNKNOWN
openram_root,/data1/qujh/OpenRAM/miniconda/pkgs/python-3.8.18-h955ad1f_0/info/recipe/parent/sysconfigdata/_sysconfigdata_i686_conda_linux_gnu.py,py,_sysconfigdata_i686_conda_linux_gnu,3,False,_sysconfigdata_i686_conda_linux_gnu,UNKNOWN,UNKNOWN,UNKNOWN,UNKNOWN
openram_root,/data1/qujh/OpenRAM/miniconda/pkgs/python-3.8.18-h955ad1f_0/info/recipe/parent/sysconfigdata/_sysconfigdata_powerpc64le_conda_cos7_linux_gnu.py,py,_sysconfigdata_powerpc64le_conda_cos7_linux_gnu,3,False,_sysconfigdata_powerpc64le_conda_cos7_linux_gnu,UNKNOWN,UNKNOWN,UNKNOWN,UNKNOWN
openram_root,/data1/qujh/OpenRAM/miniconda/pkgs/python-3.8.18-h955ad1f_0/info/recipe/parent/sysconfigdata/_sysconfigdata_powerpc64le_conda_linux_gnu.py,py,_sysconfigdata_powerpc64le_conda_linux_gnu,3,False,_sysconfigdata_powerpc64le_conda_linux_gnu,UNKNOWN,UNKNOWN,UNKNOWN,UNKNOWN
openram_root,/data1/qujh/OpenRAM/miniconda/pkgs/python-3.8.18-h955ad1f_0/info/recipe/parent/sysconfigdata/_sysconfigdata_s390x_conda_cos7_linux_gnu.py,py,_sysconfigdata_s390x_conda_cos7_linux_gnu,3,False,_sysconfigdata_s390x_conda_cos7_linux_gnu,UNKNOWN,UNKNOWN,UNKNOWN,UNKNOWN
openram_root,/data1/qujh/OpenRAM/miniconda/pkgs/python-3.8.18-h955ad1f_0/info/recipe/parent/sysconfigdata/_sysconfigdata_s390x_conda_linux_gnu.py,py,_sysconfigdata_s390x_conda_linux_gnu,3,False,_sysconfigdata_s390x_conda_linux_gnu,UNKNOWN,UNKNOWN,UNKNOWN,UNKNOWN
openram_root,/data1/qujh/OpenRAM/miniconda/pkgs/python-3.8.18-h955ad1f_0/info/recipe/parent/sysconfigdata/_sysconfigdata_x86_64_apple_darwin13_4_0.py,py,_sysconfigdata_x86_64_apple_darwin13_4_0,3,False,_sysconfigdata_x86_64_apple_darwin13_4_0,UNKNOWN,UNKNOWN,UNKNOWN,UNKNOWN
openram_root,/data1/qujh/OpenRAM/miniconda/pkgs/python-3.8.18-h955ad1f_0/info/recipe/parent/sysconfigdata/_sysconfigdata_x86_64_conda_cos6_linux_gnu.py,py,_sysconfigdata_x86_64_conda_cos6_linux_gnu,3,False,_sysconfigdata_x86_64_conda_cos6_linux_gnu,UNKNOWN,UNKNOWN,UNKNOWN,UNKNOWN
openram_root,/data1/qujh/OpenRAM/miniconda/pkgs/python-3.8.18-h955ad1f_0/info/recipe/parent/sysconfigdata/_sysconfigdata_x86_64_conda_cos7_linux_gnu.py,py,_sysconfigdata_x86_64_conda_cos7_linux_gnu,3,False,_sysconfigdata_x86_64_conda_cos7_linux_gnu,UNKNOWN,UNKNOWN,UNKNOWN,UNKNOWN
openram_root,/data1/qujh/OpenRAM/miniconda/pkgs/python-3.8.18-h955ad1f_0/info/recipe/parent/sysconfigdata/_sysconfigdata_x86_64_conda_linux_gnu.py,py,_sysconfigdata_x86_64_conda_linux_gnu,3,False,_sysconfigdata_x86_64_conda_linux_gnu,UNKNOWN,UNKNOWN,UNKNOWN,UNKNOWN
openram_root,/data1/qujh/OpenRAM/miniconda/pkgs/python-3.8.18-h955ad1f_0/info/recipe/parent/sysconfigdata/default/_sysconfigdata_linux.py,py,_sysconfigdata_linux,3,False,_sysconfigdata_linux,UNKNOWN,UNKNOWN,UNKNOWN,UNKNOWN
openram_root,/data1/qujh/OpenRAM/miniconda/pkgs/python-3.8.18-h955ad1f_0/info/recipe/parent/sysconfigdata/default/_sysconfigdata_osx.py,py,_sysconfigdata_osx,3,False,_sysconfigdata_osx,UNKNOWN,UNKNOWN,UNKNOWN,UNKNOWN
openram_root,/data1/qujh/OpenRAM/miniconda/pkgs/python-3.8.18-h955ad1f_0/lib/python3.8/_sysconfigdata__linux_x86_64-linux-gnu.py,py,_sysconfigdata__linux_x86_64-linux-gnu,3,False,_sysconfigdata__linux_x86_64-linux-gnu,UNKNOWN,UNKNOWN,UNKNOWN,UNKNOWN
openram_root,/data1/qujh/OpenRAM/miniconda/pkgs/python-3.8.18-h955ad1f_0/lib/python3.8/_sysconfigdata_aarch64_conda_cos7_linux_gnu.py,py,_sysconfigdata_aarch64_conda_cos7_linux_gnu,3,False,_sysconfigdata_aarch64_conda_cos7_linux_gnu,UNKNOWN,UNKNOWN,UNKNOWN,UNKNOWN
openram_root,/data1/qujh/OpenRAM/miniconda/pkgs/python-3.8.18-h955ad1f_0/lib/python3.8/_sysconfigdata_aarch64_conda_linux_gnu.py,py,_sysconfigdata_aarch64_conda_linux_gnu,3,False,_sysconfigdata_aarch64_conda_linux_gnu,UNKNOWN,UNKNOWN,UNKNOWN,UNKNOWN
openram_root,/data1/qujh/OpenRAM/miniconda/pkgs/python-3.8.18-h955ad1f_0/lib/python3.8/_sysconfigdata_arm64_apple_darwin20_0_0.py,py,_sysconfigdata_arm64_apple_darwin20_0_0,3,False,_sysconfigdata_arm64_apple_darwin20_0_0,UNKNOWN,UNKNOWN,UNKNOWN,UNKNOWN
openram_root,/data1/qujh/OpenRAM/miniconda/pkgs/python-3.8.18-h955ad1f_0/lib/python3.8/_sysconfigdata_i686_conda_cos6_linux_gnu.py,py,_sysconfigdata_i686_conda_cos6_linux_gnu,3,False,_sysconfigdata_i686_conda_cos6_linux_gnu,UNKNOWN,UNKNOWN,UNKNOWN,UNKNOWN
openram_root,/data1/qujh/OpenRAM/miniconda/pkgs/python-3.8.18-h955ad1f_0/lib/python3.8/_sysconfigdata_i686_conda_linux_gnu.py,py,_sysconfigdata_i686_conda_linux_gnu,3,False,_sysconfigdata_i686_conda_linux_gnu,UNKNOWN,UNKNOWN,UNKNOWN,UNKNOWN
openram_root,/data1/qujh/OpenRAM/miniconda/pkgs/python-3.8.18-h955ad1f_0/lib/python3.8/_sysconfigdata_powerpc64le_conda_cos7_linux_gnu.py,py,_sysconfigdata_powerpc64le_conda_cos7_linux_gnu,3,False,_sysconfigdata_powerpc64le_conda_cos7_linux_gnu,UNKNOWN,UNKNOWN,UNKNOWN,UNKNOWN
openram_root,/data1/qujh/OpenRAM/miniconda/pkgs/python-3.8.18-h955ad1f_0/lib/python3.8/_sysconfigdata_powerpc64le_conda_linux_gnu.py,py,_sysconfigdata_powerpc64le_conda_linux_gnu,3,False,_sysconfigdata_powerpc64le_conda_linux_gnu,UNKNOWN,UNKNOWN,UNKNOWN,UNKNOWN
openram_root,/data1/qujh/OpenRAM/miniconda/pkgs/python-3.8.18-h955ad1f_0/lib/python3.8/_sysconfigdata_s390x_conda_cos7_linux_gnu.py,py,_sysconfigdata_s390x_conda_cos7_linux_gnu,3,False,_sysconfigdata_s390x_conda_cos7_linux_gnu,UNKNOWN,UNKNOWN,UNKNOWN,UNKNOWN
openram_root,/data1/qujh/OpenRAM/miniconda/pkgs/python-3.8.18-h955ad1f_0/lib/python3.8/_sysconfigdata_s390x_conda_linux_gnu.py,py,_sysconfigdata_s390x_conda_linux_gnu,3,False,_sysconfigdata_s390x_conda_linux_gnu,UNKNOWN,UNKNOWN,UNKNOWN,UNKNOWN
openram_root,/data1/qujh/OpenRAM/miniconda/pkgs/python-3.8.18-h955ad1f_0/lib/python3.8/_sysconfigdata_x86_64_apple_darwin13_4_0.py,py,_sysconfigdata_x86_64_apple_darwin13_4_0,3,False,_sysconfigdata_x86_64_apple_darwin13_4_0,UNKNOWN,UNKNOWN,UNKNOWN,UNKNOWN
openram_root,/data1/qujh/OpenRAM/miniconda/pkgs/python-3.8.18-h955ad1f_0/lib/python3.8/_sysconfigdata_x86_64_conda_cos6_linux_gnu.py,py,_sysconfigdata_x86_64_conda_cos6_linux_gnu,3,False,_sysconfigdata_x86_64_conda_cos6_linux_gnu,UNKNOWN,UNKNOWN,UNKNOWN,UNKNOWN
openram_root,/data1/qujh/OpenRAM/miniconda/pkgs/python-3.8.18-h955ad1f_0/lib/python3.8/_sysconfigdata_x86_64_conda_cos7_linux_gnu.py,py,_sysconfigdata_x86_64_conda_cos7_linux_gnu,3,False,_sysconfigdata_x86_64_conda_cos7_linux_gnu,UNKNOWN,UNKNOWN,UNKNOWN,UNKNOWN
openram_root,/data1/qujh/OpenRAM/miniconda/pkgs/python-3.8.18-h955ad1f_0/lib/python3.8/_sysconfigdata_x86_64_conda_linux_gnu.py,py,_sysconfigdata_x86_64_conda_linux_gnu,3,False,_sysconfigdata_x86_64_conda_linux_gnu,UNKNOWN,UNKNOWN,UNKNOWN,UNKNOWN
openram_root,/data1/qujh/OpenRAM/miniconda/pkgs/python-3.8.18-h955ad1f_0/lib/python3.8/config-3.8-x86_64-linux-gnu/python-config.py,py,python-config,3,False,python-config,UNKNOWN,UNKNOWN,UNKNOWN,UNKNOWN
openram_root,/data1/qujh/OpenRAM/miniconda/pkgs/python-3.8.18-h955ad1f_0/lib/python3.8/configparser.py,py,configparser,3,False,configparser,UNKNOWN,UNKNOWN,UNKNOWN,UNKNOWN
openram_root,/data1/qujh/OpenRAM/miniconda/pkgs/python-3.8.18-h955ad1f_0/lib/python3.8/distutils/command/config.py,py,config,3,False,config,UNKNOWN,UNKNOWN,UNKNOWN,UNKNOWN
openram_root,/data1/qujh/OpenRAM/miniconda/pkgs/python-3.8.18-h955ad1f_0/lib/python3.8/distutils/config.py,py,config,3,False,config,UNKNOWN,UNKNOWN,UNKNOWN,UNKNOWN
openram_root,/data1/qujh/OpenRAM/miniconda/pkgs/python-3.8.18-h955ad1f_0/lib/python3.8/distutils/sysconfig.py,py,sysconfig,3,False,sysconfig,UNKNOWN,UNKNOWN,UNKNOWN,UNKNOWN
openram_root,/data1/qujh/OpenRAM/miniconda/pkgs/python-3.8.18-h955ad1f_0/lib/python3.8/distutils/tests/test_config.py,py,test_config,3,False,test_config,UNKNOWN,UNKNOWN,UNKNOWN,UNKNOWN
openram_root,/data1/qujh/OpenRAM/miniconda/pkgs/python-3.8.18-h955ad1f_0/lib/python3.8/distutils/tests/test_config_cmd.py,py,test_config_cmd,3,False,test_config_cmd,UNKNOWN,UNKNOWN,UNKNOWN,UNKNOWN
openram_root,/data1/qujh/OpenRAM/miniconda/pkgs/python-3.8.18-h955ad1f_0/lib/python3.8/distutils/tests/test_sysconfig.py,py,test_sysconfig,3,False,test_sysconfig,UNKNOWN,UNKNOWN,UNKNOWN,UNKNOWN
openram_root,/data1/qujh/OpenRAM/miniconda/pkgs/python-3.8.18-h955ad1f_0/lib/python3.8/idlelib/config.py,py,config,3,False,config,UNKNOWN,UNKNOWN,UNKNOWN,UNKNOWN
openram_root,/data1/qujh/OpenRAM/miniconda/pkgs/python-3.8.18-h955ad1f_0/lib/python3.8/idlelib/config_key.py,py,config_key,3,False,config_key,UNKNOWN,UNKNOWN,UNKNOWN,UNKNOWN
openram_root,/data1/qujh/OpenRAM/miniconda/pkgs/python-3.8.18-h955ad1f_0/lib/python3.8/idlelib/configdialog.py,py,configdialog,3,False,configdialog,UNKNOWN,UNKNOWN,UNKNOWN,UNKNOWN
openram_root,/data1/qujh/OpenRAM/miniconda/pkgs/python-3.8.18-h955ad1f_0/lib/python3.8/idlelib/idle_test/test_config.py,py,test_config,3,False,test_config,UNKNOWN,UNKNOWN,UNKNOWN,UNKNOWN
openram_root,/data1/qujh/OpenRAM/miniconda/pkgs/python-3.8.18-h955ad1f_0/lib/python3.8/idlelib/idle_test/test_config_key.py,py,test_config_key,3,False,test_config_key,UNKNOWN,UNKNOWN,UNKNOWN,UNKNOWN
openram_root,/data1/qujh/OpenRAM/miniconda/pkgs/python-3.8.18-h955ad1f_0/lib/python3.8/idlelib/idle_test/test_configdialog.py,py,test_configdialog,3,False,test_configdialog,UNKNOWN,UNKNOWN,UNKNOWN,UNKNOWN
openram_root,/data1/qujh/OpenRAM/miniconda/pkgs/python-3.8.18-h955ad1f_0/lib/python3.8/logging/config.py,py,config,3,False,config,UNKNOWN,UNKNOWN,UNKNOWN,UNKNOWN
openram_root,/data1/qujh/OpenRAM/miniconda/pkgs/python-3.8.18-h955ad1f_0/lib/python3.8/sysconfig.py,py,sysconfig,3,False,sysconfig,UNKNOWN,UNKNOWN,UNKNOWN,UNKNOWN
openram_root,/data1/qujh/OpenRAM/miniconda/pkgs/python_abi-3.8-2_cp38/info/recipe/conda_build_config.yaml,yaml,conda_build_config,3,False,conda_build_config,UNKNOWN,UNKNOWN,UNKNOWN,UNKNOWN
openram_root,/data1/qujh/OpenRAM/miniconda/pkgs/qt-5.15.9-h06a4308_0/info/recipe/conda_build_config.yaml,yaml,conda_build_config,3,False,conda_build_config,UNKNOWN,UNKNOWN,UNKNOWN,UNKNOWN
openram_root,/data1/qujh/OpenRAM/miniconda/pkgs/qt-main-5.15.2-h53bd1ea_10/info/recipe/conda_build_config.yaml,yaml,conda_build_config,3,False,conda_build_config,UNKNOWN,UNKNOWN,UNKNOWN,UNKNOWN
openram_root,/data1/qujh/OpenRAM/miniconda/pkgs/qt-main-5.15.2-h53bd1ea_10/mkspecs/features/data/configure.json,json,configure,3,False,configure,UNKNOWN,UNKNOWN,UNKNOWN,UNKNOWN
openram_root,/data1/qujh/OpenRAM/miniconda/pkgs/qt-webengine-5.15.9-h9ab4d14_7/info/recipe/conda_build_config.yaml,yaml,conda_build_config,3,False,conda_build_config,UNKNOWN,UNKNOWN,UNKNOWN,UNKNOWN
openram_root,/data1/qujh/OpenRAM/miniconda/pkgs/readline-8.2-h5eee18b_0/info/recipe/conda_build_config.yaml,yaml,conda_build_config,3,False,conda_build_config,UNKNOWN,UNKNOWN,UNKNOWN,UNKNOWN
openram_root,/data1/qujh/OpenRAM/miniconda/pkgs/reproc-14.2.4-h295c915_1/info/recipe/conda_build_config.yaml,yaml,conda_build_config,3,False,conda_build_config,UNKNOWN,UNKNOWN,UNKNOWN,UNKNOWN
openram_root,/data1/qujh/OpenRAM/miniconda/pkgs/reproc-cpp-14.2.4-h295c915_1/info/recipe/conda_build_config.yaml,yaml,conda_build_config,3,False,conda_build_config,UNKNOWN,UNKNOWN,UNKNOWN,UNKNOWN
openram_root,/data1/qujh/OpenRAM/miniconda/pkgs/reproc-cpp-14.2.4-h295c915_1/info/recipe/parent/conda_build_config.yaml,yaml,conda_build_config,3,False,conda_build_config,UNKNOWN,UNKNOWN,UNKNOWN,UNKNOWN
openram_root,/data1/qujh/OpenRAM/miniconda/pkgs/requests-2.31.0-py38h06a4308_0/info/recipe/conda_build_config.yaml,yaml,conda_build_config,3,False,conda_build_config,UNKNOWN,UNKNOWN,UNKNOWN,UNKNOWN
openram_root,/data1/qujh/OpenRAM/miniconda/pkgs/ruamel.yaml-0.17.21-py38h5eee18b_0/info/recipe/conda_build_config.yaml,yaml,conda_build_config,3,False,conda_build_config,UNKNOWN,UNKNOWN,UNKNOWN,UNKNOWN
openram_root,/data1/qujh/OpenRAM/miniconda/pkgs/ruamel.yaml-0.17.21-py38h5eee18b_0/lib/python3.8/site-packages/ruamel/yaml/configobjwalker.py,py,configobjwalker,3,False,configobjwalker,UNKNOWN,UNKNOWN,UNKNOWN,UNKNOWN
openram_root,/data1/qujh/OpenRAM/miniconda/pkgs/ruamel.yaml.clib-0.2.6-py38h5eee18b_1/info/recipe/conda_build_config.yaml,yaml,conda_build_config,3,False,conda_build_config,UNKNOWN,UNKNOWN,UNKNOWN,UNKNOWN
openram_root,/data1/qujh/OpenRAM/miniconda/pkgs/ruby-3.1.2-hff50039_1/info/recipe/conda_build_config.yaml,yaml,conda_build_config,3,False,conda_build_config,UNKNOWN,UNKNOWN,UNKNOWN,UNKNOWN
openram_root,/data1/qujh/OpenRAM/miniconda/pkgs/ruby-3.1.2-hff50039_1/lib/ruby/gems/3.1.0/gems/typeprof-0.21.2/vscode/tsconfig.json,json,tsconfig,3,False,tsconfig,UNKNOWN,UNKNOWN,UNKNOWN,UNKNOWN
openram_root,/data1/qujh/OpenRAM/miniconda/pkgs/scikit-umfpack-0.3.3-py38h6c5afa5_1/info/recipe/conda_build_config.yaml,yaml,conda_build_config,3,False,conda_build_config,UNKNOWN,UNKNOWN,UNKNOWN,UNKNOWN
openram_root,/data1/qujh/OpenRAM/miniconda/pkgs/scipy-1.10.1-py38h59b608b_3/info/recipe/conda_build_config.yaml,yaml,conda_build_config,3,False,conda_build_config,UNKNOWN,UNKNOWN,UNKNOWN,UNKNOWN
openram_root,/data1/qujh/OpenRAM/miniconda/pkgs/scipy-1.10.1-py38h59b608b_3/info/recipe/parent/conda_build_config.yaml,yaml,conda_build_config,3,False,conda_build_config,UNKNOWN,UNKNOWN,UNKNOWN,UNKNOWN
openram_root,/data1/qujh/OpenRAM/miniconda/pkgs/scipy-1.10.1-py38h59b608b_3/lib/python3.8/site-packages/scipy/__config__.py,py,__config__,3,False,__config__,UNKNOWN,UNKNOWN,UNKNOWN,UNKNOWN
openram_root,/data1/qujh/OpenRAM/miniconda/pkgs/setuptools-68.2.2-py38h06a4308_0/info/recipe/conda_build_config.yaml,yaml,conda_build_config,3,False,conda_build_config,UNKNOWN,UNKNOWN,UNKNOWN,UNKNOWN
openram_root,/data1/qujh/OpenRAM/miniconda/pkgs/setuptools-68.2.2-py38h06a4308_0/lib/python3.8/site-packages/setuptools/_distutils/command/config.py,py,config,3,False,config,UNKNOWN,UNKNOWN,UNKNOWN,UNKNOWN
openram_root,/data1/qujh/OpenRAM/miniconda/pkgs/setuptools-68.2.2-py38h06a4308_0/lib/python3.8/site-packages/setuptools/_distutils/config.py,py,config,3,False,config,UNKNOWN,UNKNOWN,UNKNOWN,UNKNOWN
openram_root,/data1/qujh/OpenRAM/miniconda/pkgs/setuptools-68.2.2-py38h06a4308_0/lib/python3.8/site-packages/setuptools/_distutils/sysconfig.py,py,sysconfig,3,False,sysconfig,UNKNOWN,UNKNOWN,UNKNOWN,UNKNOWN
openram_root,/data1/qujh/OpenRAM/miniconda/pkgs/sqlite-3.41.2-h5eee18b_0/info/recipe/conda_build_config.yaml,yaml,conda_build_config,3,False,conda_build_config,UNKNOWN,UNKNOWN,UNKNOWN,UNKNOWN
openram_root,/data1/qujh/OpenRAM/miniconda/pkgs/suitesparse-5.10.1-h5a4f163_3/info/recipe/conda_build_config.yaml,yaml,conda_build_config,3,False,conda_build_config,UNKNOWN,UNKNOWN,UNKNOWN,UNKNOWN
openram_root,/data1/qujh/OpenRAM/miniconda/pkgs/tbb-2022.0.0-hdb19cb5_0/info/recipe/conda_build_config.yaml,yaml,conda_build_config,3,False,conda_build_config,UNKNOWN,UNKNOWN,UNKNOWN,UNKNOWN
openram_root,/data1/qujh/OpenRAM/miniconda/pkgs/tk-8.6.12-h1ccaba5_0/info/recipe/conda_build_config.yaml,yaml,conda_build_config,3,False,conda_build_config,UNKNOWN,UNKNOWN,UNKNOWN,UNKNOWN
openram_root,/data1/qujh/OpenRAM/miniconda/pkgs/tqdm-4.65.0-py38hb070fc8_0/info/recipe/conda_build_config.yaml,yaml,conda_build_config,3,False,conda_build_config,UNKNOWN,UNKNOWN,UNKNOWN,UNKNOWN
openram_root,/data1/qujh/OpenRAM/miniconda/pkgs/trilinos-12.12.1-1/info/recipe/conda_build_config.yaml,yaml,conda_build_config,3,False,conda_build_config,UNKNOWN,UNKNOWN,UNKNOWN,UNKNOWN
openram_root,/data1/qujh/OpenRAM/miniconda/pkgs/trilinos-12.12.1-1/lib/cmake/tribits/examples/TribitsExampleProject/packages/wrap_external/external_func/configure.py,py,configure,3,False,configure,UNKNOWN,UNKNOWN,UNKNOWN,UNKNOWN
openram_root,/data1/qujh/OpenRAM/miniconda/pkgs/trilinos-12.12.1-1/lib/cmake/tribits/examples/TribitsExampleProject/project-checkin-test-config.py,py,project-checkin-test-config,3,False,project-checkin-test-config,UNKNOWN,UNKNOWN,UNKNOWN,UNKNOWN
openram_root,/data1/qujh/OpenRAM/miniconda/pkgs/trilinos-12.12.1-py38_1/info/recipe/conda_build_config.yaml,yaml,conda_build_config,3,False,conda_build_config,UNKNOWN,UNKNOWN,UNKNOWN,UNKNOWN
openram_root,/data1/qujh/OpenRAM/miniconda/pkgs/trilinos-12.12.1-py38_1/lib/cmake/tribits/examples/TribitsExampleProject/packages/wrap_external/external_func/configure.py,py,configure,3,False,configure,UNKNOWN,UNKNOWN,UNKNOWN,UNKNOWN
openram_root,/data1/qujh/OpenRAM/miniconda/pkgs/trilinos-12.12.1-py38_1/lib/cmake/tribits/examples/TribitsExampleProject/project-checkin-test-config.py,py,project-checkin-test-config,3,False,project-checkin-test-config,UNKNOWN,UNKNOWN,UNKNOWN,UNKNOWN
openram_root,/data1/qujh/OpenRAM/miniconda/pkgs/urllib3-1.26.18-py38h06a4308_0/info/recipe/conda_build_config.yaml,yaml,conda_build_config,3,False,conda_build_config,UNKNOWN,UNKNOWN,UNKNOWN,UNKNOWN
openram_root,/data1/qujh/OpenRAM/miniconda/pkgs/wheel-0.41.2-py38h06a4308_0/info/recipe/conda_build_config.yaml,yaml,conda_build_config,3,False,conda_build_config,UNKNOWN,UNKNOWN,UNKNOWN,UNKNOWN
openram_root,/data1/qujh/OpenRAM/miniconda/pkgs/xorg-libice-1.1.2-hb9d3cd8_0/info/recipe/conda_build_config.yaml,yaml,conda_build_config,3,False,conda_build_config,UNKNOWN,UNKNOWN,UNKNOWN,UNKNOWN
openram_root,/data1/qujh/OpenRAM/miniconda/pkgs/xorg-libsm-1.2.6-he73a12e_0/info/recipe/conda_build_config.yaml,yaml,conda_build_config,3,False,conda_build_config,UNKNOWN,UNKNOWN,UNKNOWN,UNKNOWN
openram_root,/data1/qujh/OpenRAM/miniconda/pkgs/xorg-libx11-1.8.13-he1eb515_0/info/recipe/conda_build_config.yaml,yaml,conda_build_config,3,False,conda_build_config,UNKNOWN,UNKNOWN,UNKNOWN,UNKNOWN
openram_root,/data1/qujh/OpenRAM/miniconda/pkgs/xorg-libxau-1.0.12-hb03c661_1/info/recipe/conda_build_config.yaml,yaml,conda_build_config,3,False,conda_build_config,UNKNOWN,UNKNOWN,UNKNOWN,UNKNOWN
openram_root,/data1/qujh/OpenRAM/miniconda/pkgs/xorg-libxaw-1.0.16-hb9d3cd8_0/info/recipe/conda_build_config.yaml,yaml,conda_build_config,3,False,conda_build_config,UNKNOWN,UNKNOWN,UNKNOWN,UNKNOWN
openram_root,/data1/qujh/OpenRAM/miniconda/pkgs/xorg-libxdmcp-1.1.5-hb03c661_1/info/recipe/conda_build_config.yaml,yaml,conda_build_config,3,False,conda_build_config,UNKNOWN,UNKNOWN,UNKNOWN,UNKNOWN
openram_root,/data1/qujh/OpenRAM/miniconda/pkgs/xorg-libxext-1.3.7-hb03c661_0/info/recipe/conda_build_config.yaml,yaml,conda_build_config,3,False,conda_build_config,UNKNOWN,UNKNOWN,UNKNOWN,UNKNOWN
openram_root,/data1/qujh/OpenRAM/miniconda/pkgs/xorg-libxmu-1.3.1-hb03c661_0/info/recipe/conda_build_config.yaml,yaml,conda_build_config,3,False,conda_build_config,UNKNOWN,UNKNOWN,UNKNOWN,UNKNOWN
openram_root,/data1/qujh/OpenRAM/miniconda/pkgs/xorg-libxpm-3.5.18-hb03c661_0/info/recipe/conda_build_config.yaml,yaml,conda_build_config,3,False,conda_build_config,UNKNOWN,UNKNOWN,UNKNOWN,UNKNOWN
openram_root,/data1/qujh/OpenRAM/miniconda/pkgs/xorg-libxrender-0.9.12-hb9d3cd8_0/info/recipe/conda_build_config.yaml,yaml,conda_build_config,3,False,conda_build_config,UNKNOWN,UNKNOWN,UNKNOWN,UNKNOWN
openram_root,/data1/qujh/OpenRAM/miniconda/pkgs/xorg-libxt-1.3.1-hb9d3cd8_0/info/recipe/conda_build_config.yaml,yaml,conda_build_config,3,False,conda_build_config,UNKNOWN,UNKNOWN,UNKNOWN,UNKNOWN
openram_root,/data1/qujh/OpenRAM/miniconda/pkgs/xyce-7.4-3/info/recipe/conda_build_config.yaml,yaml,conda_build_config,3,False,conda_build_config,UNKNOWN,UNKNOWN,UNKNOWN,UNKNOWN
openram_root,/data1/qujh/OpenRAM/miniconda/pkgs/xz-5.4.5-h5eee18b_0/info/recipe/conda_build_config.yaml,yaml,conda_build_config,3,False,conda_build_config,UNKNOWN,UNKNOWN,UNKNOWN,UNKNOWN
openram_root,/data1/qujh/OpenRAM/miniconda/pkgs/yaml-0.2.5-h280c20c_3/info/recipe/variant_config.yaml,yaml,variant_config,3,False,variant_config,UNKNOWN,UNKNOWN,UNKNOWN,UNKNOWN
openram_root,/data1/qujh/OpenRAM/miniconda/pkgs/yaml-cpp-0.8.0-h6a678d5_0/info/recipe/conda_build_config.yaml,yaml,conda_build_config,3,False,conda_build_config,UNKNOWN,UNKNOWN,UNKNOWN,UNKNOWN
openram_root,/data1/qujh/OpenRAM/miniconda/pkgs/zlib-1.2.13-h4ab18f5_6/info/recipe/conda_build_config.yaml,yaml,conda_build_config,3,False,conda_build_config,UNKNOWN,UNKNOWN,UNKNOWN,UNKNOWN
openram_root,/data1/qujh/OpenRAM/miniconda/pkgs/zlib-1.2.13-h4ab18f5_6/info/recipe/parent/conda_build_config.yaml,yaml,conda_build_config,3,False,conda_build_config,UNKNOWN,UNKNOWN,UNKNOWN,UNKNOWN
openram_root,/data1/qujh/OpenRAM/miniconda/pkgs/zlib-1.2.13-h5eee18b_0/info/recipe/conda_build_config.yaml,yaml,conda_build_config,3,False,conda_build_config,UNKNOWN,UNKNOWN,UNKNOWN,UNKNOWN
openram_root,/data1/qujh/OpenRAM/miniconda/pkgs/zstandard-0.19.0-py38h5eee18b_0/info/recipe/conda_build_config.yaml,yaml,conda_build_config,3,False,conda_build_config,UNKNOWN,UNKNOWN,UNKNOWN,UNKNOWN
openram_root,/data1/qujh/OpenRAM/miniconda/pkgs/zstd-1.5.5-hc292b87_0/info/recipe/conda_build_config.yaml,yaml,conda_build_config,3,False,conda_build_config,UNKNOWN,UNKNOWN,UNKNOWN,UNKNOWN
openram_root,/data1/qujh/OpenRAM/miniconda/share/doc/pcre2/html/pcre2-config.html,html,pcre2-config,3,False,pcre2-config,UNKNOWN,UNKNOWN,UNKNOWN,UNKNOWN
openram_root,/data1/qujh/OpenRAM/miniconda/share/doc/pcre2/html/pcre2_config.html,html,pcre2_config,3,False,pcre2_config,UNKNOWN,UNKNOWN,UNKNOWN,UNKNOWN
openram_root,/data1/qujh/OpenRAM/miniconda/share/glib-2.0/codegen/config.py,py,config,3,False,config,UNKNOWN,UNKNOWN,UNKNOWN,UNKNOWN
openram_root,/data1/qujh/OpenRAM/my_design/sram_1rw_32x14_freepdk45.py,py,sram_1rw_32x14_freepdk45,3,False,sram_1rw_32x14_freepdk45,14,32,UNKNOWN,freepdk45
openram_root,/data1/qujh/OpenRAM/sram_char.py,py,sram_char,3,False,sram_char,UNKNOWN,UNKNOWN,UNKNOWN,UNKNOWN
openram_root,/data1/qujh/OpenRAM/sram_compiler.py,py,sram_compiler,3,False,sram_compiler,UNKNOWN,UNKNOWN,UNKNOWN,UNKNOWN
openram_root,/data1/qujh/OpenRAM/sram_func.py,py,sram_func,3,False,sram_func,UNKNOWN,UNKNOWN,UNKNOWN,UNKNOWN
