
No compatibility mode selected!


Circuit: * precharge transient smoke

Doing analysis at TEMP = 25.000000 and TNOM = 27.000000


Initial Transient Solution
--------------------------

Node                                   Voltage
----                                   -------
vdd                                          1
enb                                          1
bl                                           0
blb                                          0
venb#branch                       -8.00803e-10
vdd_src#branch                    -4.93077e-09


No. of Data Rows : 2032

  Measurements for Transient Analysis

smoke_bl_rise       =  3.436477e-11 targ=  2.453194e-10 trig=  2.109546e-10
smoke_blb_rise      =  3.441418e-11 targ=  2.454064e-10 trig=  2.109922e-10

                          * precharge transient smoke
                          Transient Analysis  Sun Jun 28 03:40:52  2026
--------------------------------------------------------------------------------
Index   time            v(enb)          v(bl)           v(blb)          
--------------------------------------------------------------------------------
0	0.000000e+00	1.000000e+00	0.000000e+00	0.000000e+00	
1	2.000000e-14	1.000000e+00	1.073070e-08	1.061653e-08	
2	4.000000e-14	1.000000e+00	2.144053e-08	2.120008e-08	
3	8.000000e-14	1.000000e+00	4.285836e-08	4.236336e-08	
4	1.600000e-13	1.000000e+00	8.569371e-08	8.468916e-08	
5	3.200000e-13	1.000000e+00	1.713647e-07	1.693414e-07	
6	6.400000e-13	1.000000e+00	3.427063e-07	3.386453e-07	
7	1.280000e-12	1.000000e+00	6.853894e-07	6.772533e-07	
8	2.560000e-12	1.000000e+00	1.370754e-06	1.354468e-06	
9	4.560000e-12	1.000000e+00	2.441635e-06	2.412613e-06	
10	6.560000e-12	1.000000e+00	3.512511e-06	3.470754e-06	
11	8.560000e-12	1.000000e+00	4.583384e-06	4.528893e-06	
12	1.056000e-11	1.000000e+00	5.654254e-06	5.587027e-06	
13	1.256000e-11	1.000000e+00	6.725120e-06	6.645159e-06	
14	1.456000e-11	1.000000e+00	7.795982e-06	7.703287e-06	
15	1.656000e-11	1.000000e+00	8.866841e-06	8.761411e-06	
16	1.856000e-11	1.000000e+00	9.937697e-06	9.819532e-06	
17	2.056000e-11	1.000000e+00	1.100855e-05	1.087765e-05	
18	2.256000e-11	1.000000e+00	1.207940e-05	1.193576e-05	
19	2.456000e-11	1.000000e+00	1.315024e-05	1.299388e-05	
20	2.656000e-11	1.000000e+00	1.422108e-05	1.405198e-05	
21	2.856000e-11	1.000000e+00	1.529192e-05	1.511009e-05	
22	3.056000e-11	1.000000e+00	1.636276e-05	1.616819e-05	
23	3.256000e-11	1.000000e+00	1.743359e-05	1.722628e-05	
24	3.456000e-11	1.000000e+00	1.850441e-05	1.828438e-05	
25	3.656000e-11	1.000000e+00	1.957524e-05	1.934247e-05	
26	3.856000e-11	1.000000e+00	2.064606e-05	2.040055e-05	
27	4.056000e-11	1.000000e+00	2.171688e-05	2.145864e-05	
28	4.256000e-11	1.000000e+00	2.278769e-05	2.251672e-05	
29	4.456000e-11	1.000000e+00	2.385850e-05	2.357479e-05	
30	4.656000e-11	1.000000e+00	2.492931e-05	2.463287e-05	
31	4.856000e-11	1.000000e+00	2.600011e-05	2.569094e-05	
32	5.056000e-11	1.000000e+00	2.707091e-05	2.674900e-05	
33	5.256000e-11	1.000000e+00	2.814170e-05	2.780707e-05	
34	5.456000e-11	1.000000e+00	2.921250e-05	2.886513e-05	
35	5.656000e-11	1.000000e+00	3.028329e-05	2.992318e-05	
36	5.856000e-11	1.000000e+00	3.135407e-05	3.098123e-05	
37	6.056000e-11	1.000000e+00	3.242485e-05	3.203928e-05	
38	6.256000e-11	1.000000e+00	3.349563e-05	3.309733e-05	
39	6.456000e-11	1.000000e+00	3.456641e-05	3.415537e-05	
40	6.656000e-11	1.000000e+00	3.563718e-05	3.521341e-05	
41	6.856000e-11	1.000000e+00	3.670794e-05	3.627145e-05	
42	7.056000e-11	1.000000e+00	3.777871e-05	3.732948e-05	
43	7.256000e-11	1.000000e+00	3.884947e-05	3.838751e-05	
44	7.456000e-11	1.000000e+00	3.992023e-05	3.944553e-05	
45	7.656000e-11	1.000000e+00	4.099098e-05	4.050355e-05	
46	7.856000e-11	1.000000e+00	4.206173e-05	4.156157e-05	
47	8.056000e-11	1.000000e+00	4.313248e-05	4.261959e-05	
48	8.256000e-11	1.000000e+00	4.420322e-05	4.367760e-05	
49	8.456000e-11	1.000000e+00	4.527396e-05	4.473561e-05	
50	8.656000e-11	1.000000e+00	4.634470e-05	4.579361e-05	
51	8.856000e-11	1.000000e+00	4.741543e-05	4.685161e-05	
52	9.056000e-11	1.000000e+00	4.848616e-05	4.790961e-05	
53	9.256000e-11	1.000000e+00	4.955689e-05	4.896760e-05	
54	9.456000e-11	1.000000e+00	5.062761e-05	5.002559e-05	

Index   time            v(enb)          v(bl)           v(blb)          
--------------------------------------------------------------------------------
55	9.656000e-11	1.000000e+00	5.169833e-05	5.108358e-05	
56	9.856000e-11	1.000000e+00	5.276904e-05	5.214157e-05	
57	1.005600e-10	1.000000e+00	5.383975e-05	5.319955e-05	
58	1.025600e-10	1.000000e+00	5.491046e-05	5.425752e-05	
59	1.045600e-10	1.000000e+00	5.598117e-05	5.531550e-05	
60	1.065600e-10	1.000000e+00	5.705187e-05	5.637347e-05	
61	1.085600e-10	1.000000e+00	5.812257e-05	5.743144e-05	
62	1.105600e-10	1.000000e+00	5.919326e-05	5.848940e-05	
63	1.125600e-10	1.000000e+00	6.026395e-05	5.954736e-05	
64	1.145600e-10	1.000000e+00	6.133464e-05	6.060532e-05	
65	1.165600e-10	1.000000e+00	6.240532e-05	6.166327e-05	
66	1.185600e-10	1.000000e+00	6.347600e-05	6.272122e-05	
67	1.205600e-10	1.000000e+00	6.454668e-05	6.377916e-05	
68	1.225600e-10	1.000000e+00	6.561735e-05	6.483711e-05	
69	1.245600e-10	1.000000e+00	6.668802e-05	6.589505e-05	
70	1.265600e-10	1.000000e+00	6.775869e-05	6.695298e-05	
71	1.285600e-10	1.000000e+00	6.882935e-05	6.801092e-05	
72	1.305600e-10	1.000000e+00	6.990001e-05	6.906885e-05	
73	1.325600e-10	1.000000e+00	7.097066e-05	7.012677e-05	
74	1.345600e-10	1.000000e+00	7.204132e-05	7.118469e-05	
75	1.365600e-10	1.000000e+00	7.311197e-05	7.224261e-05	
76	1.385600e-10	1.000000e+00	7.418261e-05	7.330053e-05	
77	1.405600e-10	1.000000e+00	7.525325e-05	7.435844e-05	
78	1.425600e-10	1.000000e+00	7.632389e-05	7.541635e-05	
79	1.445600e-10	1.000000e+00	7.739453e-05	7.647425e-05	
80	1.465600e-10	1.000000e+00	7.846516e-05	7.753216e-05	
81	1.485600e-10	1.000000e+00	7.953578e-05	7.859005e-05	
82	1.505600e-10	1.000000e+00	8.060641e-05	7.964795e-05	
83	1.525600e-10	1.000000e+00	8.167703e-05	8.070584e-05	
84	1.545600e-10	1.000000e+00	8.274765e-05	8.176373e-05	
85	1.565600e-10	1.000000e+00	8.381826e-05	8.282161e-05	
86	1.585600e-10	1.000000e+00	8.488887e-05	8.387949e-05	
87	1.605600e-10	1.000000e+00	8.595948e-05	8.493737e-05	
88	1.625600e-10	1.000000e+00	8.703008e-05	8.599525e-05	
89	1.645600e-10	1.000000e+00	8.810068e-05	8.705312e-05	
90	1.665600e-10	1.000000e+00	8.917127e-05	8.811099e-05	
91	1.685600e-10	1.000000e+00	9.024187e-05	8.916885e-05	
92	1.705600e-10	1.000000e+00	9.131246e-05	9.022671e-05	
93	1.725600e-10	1.000000e+00	9.238304e-05	9.128457e-05	
94	1.745600e-10	1.000000e+00	9.345362e-05	9.234242e-05	
95	1.765600e-10	1.000000e+00	9.452420e-05	9.340027e-05	
96	1.785600e-10	1.000000e+00	9.559478e-05	9.445812e-05	
97	1.805600e-10	1.000000e+00	9.666535e-05	9.551596e-05	
98	1.825600e-10	1.000000e+00	9.773592e-05	9.657380e-05	
99	1.845600e-10	1.000000e+00	9.880648e-05	9.763164e-05	
100	1.865600e-10	1.000000e+00	9.987704e-05	9.868947e-05	
101	1.885600e-10	1.000000e+00	1.009476e-04	9.974730e-05	
102	1.905600e-10	1.000000e+00	1.020182e-04	1.008051e-04	
103	1.925600e-10	1.000000e+00	1.030887e-04	1.018630e-04	
104	1.945600e-10	1.000000e+00	1.041593e-04	1.029208e-04	
105	1.965600e-10	1.000000e+00	1.052298e-04	1.039786e-04	
106	1.985600e-10	1.000000e+00	1.063003e-04	1.050364e-04	
107	2.000000e-10	1.000000e+00	1.070711e-04	1.057980e-04	
108	2.002000e-10	9.800000e-01	-4.06581e-04	-4.01892e-04	
109	2.006000e-10	9.400000e-01	-1.43638e-03	-1.41945e-03	
110	2.014000e-10	8.600000e-01	-3.49968e-03	-3.45823e-03	
111	2.030000e-10	7.000000e-01	-7.20621e-03	-7.12083e-03	
112	2.050000e-10	5.000000e-01	-5.94446e-03	-5.87445e-03	

Index   time            v(enb)          v(bl)           v(blb)          
--------------------------------------------------------------------------------
113	2.070000e-10	3.000000e-01	1.062762e-02	1.050203e-02	
114	2.090000e-10	1.000000e-01	4.584382e-02	4.530867e-02	
115	2.100000e-10	7.771561e-16	7.013228e-02	6.931830e-02	
116	2.102000e-10	0.000000e+00	7.641189e-02	7.552538e-02	
117	2.106000e-10	0.000000e+00	8.894869e-02	8.791709e-02	
118	2.114000e-10	0.000000e+00	1.138810e-01	1.125617e-01	
119	2.130000e-10	0.000000e+00	1.631895e-01	1.613047e-01	
120	2.150000e-10	0.000000e+00	2.238025e-01	2.212285e-01	
121	2.170000e-10	0.000000e+00	2.832946e-01	2.800514e-01	
122	2.190000e-10	0.000000e+00	3.416626e-01	3.377739e-01	
123	2.210000e-10	0.000000e+00	3.988731e-01	3.943774e-01	
124	2.230000e-10	0.000000e+00	4.548203e-01	4.498087e-01	
125	2.250000e-10	0.000000e+00	5.092228e-01	5.038976e-01	
126	2.270000e-10	0.000000e+00	5.617560e-01	5.564239e-01	
127	2.290000e-10	0.000000e+00	6.122591e-01	6.072414e-01	
128	2.310000e-10	0.000000e+00	6.604038e-01	6.559530e-01	
129	2.330000e-10	0.000000e+00	7.056656e-01	7.019160e-01	
130	2.350000e-10	0.000000e+00	7.474993e-01	7.444654e-01	
131	2.370000e-10	0.000000e+00	7.854925e-01	7.831048e-01	
132	2.390000e-10	0.000000e+00	8.194151e-01	8.175660e-01	
133	2.410000e-10	0.000000e+00	8.492148e-01	8.477923e-01	
134	2.430000e-10	0.000000e+00	8.750032e-01	8.739081e-01	
135	2.450000e-10	0.000000e+00	8.970291e-01	8.961816e-01	
136	2.470000e-10	0.000000e+00	9.156335e-01	9.149726e-01	
137	2.490000e-10	0.000000e+00	9.312003e-01	9.306811e-01	
138	2.510000e-10	0.000000e+00	9.441206e-01	9.437102e-01	
139	2.530000e-10	0.000000e+00	9.547698e-01	9.544439e-01	
140	2.550000e-10	0.000000e+00	9.634951e-01	9.632356e-01	
141	2.570000e-10	0.000000e+00	9.706080e-01	9.704009e-01	
142	2.590000e-10	0.000000e+00	9.763820e-01	9.762166e-01	
143	2.610000e-10	0.000000e+00	9.810527e-01	9.809205e-01	
144	2.630000e-10	0.000000e+00	9.848199e-01	9.847142e-01	
145	2.650000e-10	0.000000e+00	9.878512e-01	9.877668e-01	
146	2.670000e-10	0.000000e+00	9.902856e-01	9.902182e-01	
147	2.690000e-10	0.000000e+00	9.922377e-01	9.921838e-01	
148	2.710000e-10	0.000000e+00	9.938010e-01	9.937580e-01	
149	2.730000e-10	0.000000e+00	9.950516e-01	9.950173e-01	
150	2.750000e-10	0.000000e+00	9.960513e-01	9.960239e-01	
151	2.770000e-10	0.000000e+00	9.968499e-01	9.968280e-01	
152	2.790000e-10	0.000000e+00	9.974875e-01	9.974701e-01	
153	2.810000e-10	0.000000e+00	9.979963e-01	9.979825e-01	
154	2.830000e-10	0.000000e+00	9.984023e-01	9.983912e-01	
155	2.850000e-10	0.000000e+00	9.987261e-01	9.987173e-01	
156	2.870000e-10	0.000000e+00	9.989843e-01	9.989773e-01	
157	2.890000e-10	0.000000e+00	9.991902e-01	9.991846e-01	
158	2.910000e-10	0.000000e+00	9.993543e-01	9.993498e-01	
159	2.930000e-10	0.000000e+00	9.994851e-01	9.994815e-01	
160	2.950000e-10	0.000000e+00	9.995893e-01	9.995865e-01	
161	2.970000e-10	0.000000e+00	9.996724e-01	9.996701e-01	
162	2.990000e-10	0.000000e+00	9.997386e-01	9.997368e-01	
163	3.010000e-10	0.000000e+00	9.997914e-01	9.997899e-01	
164	3.030000e-10	0.000000e+00	9.998334e-01	9.998323e-01	
165	3.050000e-10	0.000000e+00	9.998669e-01	9.998660e-01	
166	3.070000e-10	0.000000e+00	9.998936e-01	9.998929e-01	
167	3.090000e-10	0.000000e+00	9.999149e-01	9.999143e-01	
168	3.110000e-10	0.000000e+00	9.999319e-01	9.999314e-01	
169	3.130000e-10	0.000000e+00	9.999453e-01	9.999450e-01	
170	3.150000e-10	0.000000e+00	9.999561e-01	9.999558e-01	

Index   time            v(enb)          v(bl)           v(blb)          
--------------------------------------------------------------------------------
171	3.170000e-10	0.000000e+00	9.999647e-01	9.999644e-01	
172	3.190000e-10	0.000000e+00	9.999715e-01	9.999713e-01	
173	3.210000e-10	0.000000e+00	9.999769e-01	9.999768e-01	
174	3.230000e-10	0.000000e+00	9.999813e-01	9.999812e-01	
175	3.250000e-10	0.000000e+00	9.999847e-01	9.999846e-01	
176	3.270000e-10	0.000000e+00	9.999875e-01	9.999874e-01	
177	3.290000e-10	0.000000e+00	9.999897e-01	9.999896e-01	
178	3.310000e-10	0.000000e+00	9.999914e-01	9.999914e-01	
179	3.330000e-10	0.000000e+00	9.999928e-01	9.999928e-01	
180	3.350000e-10	0.000000e+00	9.999939e-01	9.999939e-01	
181	3.370000e-10	0.000000e+00	9.999948e-01	9.999948e-01	
182	3.390000e-10	0.000000e+00	9.999955e-01	9.999955e-01	
183	3.410000e-10	0.000000e+00	9.999961e-01	9.999961e-01	
184	3.430000e-10	0.000000e+00	9.999965e-01	9.999965e-01	
185	3.450000e-10	0.000000e+00	9.999969e-01	9.999969e-01	
186	3.470000e-10	0.000000e+00	9.999972e-01	9.999972e-01	
187	3.490000e-10	0.000000e+00	9.999974e-01	9.999974e-01	
188	3.510000e-10	0.000000e+00	9.999976e-01	9.999976e-01	
189	3.530000e-10	0.000000e+00	9.999977e-01	9.999977e-01	
190	3.550000e-10	0.000000e+00	9.999978e-01	9.999978e-01	
191	3.570000e-10	0.000000e+00	9.999979e-01	9.999979e-01	
192	3.590000e-10	0.000000e+00	9.999980e-01	9.999980e-01	
193	3.610000e-10	0.000000e+00	9.999981e-01	9.999981e-01	
194	3.630000e-10	0.000000e+00	9.999981e-01	9.999981e-01	
195	3.650000e-10	0.000000e+00	9.999981e-01	9.999981e-01	
196	3.670000e-10	0.000000e+00	9.999982e-01	9.999982e-01	
197	3.690000e-10	0.000000e+00	9.999982e-01	9.999982e-01	
198	3.710000e-10	0.000000e+00	9.999982e-01	9.999982e-01	
199	3.730000e-10	0.000000e+00	9.999982e-01	9.999982e-01	
200	3.750000e-10	0.000000e+00	9.999982e-01	9.999982e-01	
201	3.770000e-10	0.000000e+00	9.999982e-01	9.999982e-01	
202	3.790000e-10	0.000000e+00	9.999983e-01	9.999983e-01	
203	3.810000e-10	0.000000e+00	9.999983e-01	9.999983e-01	
204	3.830000e-10	0.000000e+00	9.999983e-01	9.999983e-01	
205	3.850000e-10	0.000000e+00	9.999983e-01	9.999983e-01	
206	3.870000e-10	0.000000e+00	9.999983e-01	9.999983e-01	
207	3.890000e-10	0.000000e+00	9.999983e-01	9.999983e-01	
208	3.910000e-10	0.000000e+00	9.999983e-01	9.999983e-01	
209	3.930000e-10	0.000000e+00	9.999983e-01	9.999983e-01	
210	3.950000e-10	0.000000e+00	9.999983e-01	9.999983e-01	
211	3.970000e-10	0.000000e+00	9.999983e-01	9.999983e-01	
212	3.990000e-10	0.000000e+00	9.999983e-01	9.999983e-01	
213	4.010000e-10	0.000000e+00	9.999983e-01	9.999983e-01	
214	4.030000e-10	0.000000e+00	9.999983e-01	9.999983e-01	
215	4.050000e-10	0.000000e+00	9.999983e-01	9.999983e-01	
216	4.070000e-10	0.000000e+00	9.999983e-01	9.999983e-01	
217	4.090000e-10	0.000000e+00	9.999983e-01	9.999983e-01	
218	4.110000e-10	0.000000e+00	9.999983e-01	9.999983e-01	
219	4.130000e-10	0.000000e+00	9.999983e-01	9.999983e-01	
220	4.150000e-10	0.000000e+00	9.999983e-01	9.999983e-01	
221	4.170000e-10	0.000000e+00	9.999983e-01	9.999983e-01	
222	4.190000e-10	0.000000e+00	9.999983e-01	9.999983e-01	
223	4.210000e-10	0.000000e+00	9.999983e-01	9.999983e-01	
224	4.230000e-10	0.000000e+00	9.999983e-01	9.999983e-01	
225	4.250000e-10	0.000000e+00	9.999983e-01	9.999983e-01	
226	4.270000e-10	0.000000e+00	9.999983e-01	9.999983e-01	
227	4.290000e-10	0.000000e+00	9.999983e-01	9.999983e-01	
228	4.310000e-10	0.000000e+00	9.999983e-01	9.999983e-01	

Index   time            v(enb)          v(bl)           v(blb)          
--------------------------------------------------------------------------------
229	4.330000e-10	0.000000e+00	9.999983e-01	9.999983e-01	
230	4.350000e-10	0.000000e+00	9.999983e-01	9.999983e-01	
231	4.370000e-10	0.000000e+00	9.999983e-01	9.999983e-01	
232	4.390000e-10	0.000000e+00	9.999983e-01	9.999983e-01	
233	4.410000e-10	0.000000e+00	9.999983e-01	9.999983e-01	
234	4.430000e-10	0.000000e+00	9.999983e-01	9.999983e-01	
235	4.450000e-10	0.000000e+00	9.999983e-01	9.999983e-01	
236	4.470000e-10	0.000000e+00	9.999983e-01	9.999983e-01	
237	4.490000e-10	0.000000e+00	9.999983e-01	9.999983e-01	
238	4.510000e-10	0.000000e+00	9.999983e-01	9.999983e-01	
239	4.530000e-10	0.000000e+00	9.999983e-01	9.999983e-01	
240	4.550000e-10	0.000000e+00	9.999983e-01	9.999983e-01	
241	4.570000e-10	0.000000e+00	9.999983e-01	9.999983e-01	
242	4.590000e-10	0.000000e+00	9.999983e-01	9.999983e-01	
243	4.610000e-10	0.000000e+00	9.999983e-01	9.999983e-01	
244	4.630000e-10	0.000000e+00	9.999983e-01	9.999983e-01	
245	4.650000e-10	0.000000e+00	9.999983e-01	9.999983e-01	
246	4.670000e-10	0.000000e+00	9.999983e-01	9.999983e-01	
247	4.690000e-10	0.000000e+00	9.999983e-01	9.999983e-01	
248	4.710000e-10	0.000000e+00	9.999983e-01	9.999983e-01	
249	4.730000e-10	0.000000e+00	9.999983e-01	9.999983e-01	
250	4.750000e-10	0.000000e+00	9.999983e-01	9.999983e-01	
251	4.770000e-10	0.000000e+00	9.999983e-01	9.999983e-01	
252	4.790000e-10	0.000000e+00	9.999983e-01	9.999983e-01	
253	4.810000e-10	0.000000e+00	9.999983e-01	9.999983e-01	
254	4.830000e-10	0.000000e+00	9.999983e-01	9.999983e-01	
255	4.850000e-10	0.000000e+00	9.999983e-01	9.999983e-01	
256	4.870000e-10	0.000000e+00	9.999983e-01	9.999983e-01	
257	4.890000e-10	0.000000e+00	9.999983e-01	9.999983e-01	
258	4.910000e-10	0.000000e+00	9.999983e-01	9.999983e-01	
259	4.930000e-10	0.000000e+00	9.999983e-01	9.999983e-01	
260	4.950000e-10	0.000000e+00	9.999983e-01	9.999983e-01	
261	4.970000e-10	0.000000e+00	9.999983e-01	9.999983e-01	
262	4.990000e-10	0.000000e+00	9.999983e-01	9.999983e-01	
263	5.010000e-10	0.000000e+00	9.999983e-01	9.999983e-01	
264	5.030000e-10	0.000000e+00	9.999983e-01	9.999983e-01	
265	5.050000e-10	0.000000e+00	9.999983e-01	9.999983e-01	
266	5.070000e-10	0.000000e+00	9.999983e-01	9.999983e-01	
267	5.090000e-10	0.000000e+00	9.999983e-01	9.999983e-01	
268	5.110000e-10	0.000000e+00	9.999983e-01	9.999983e-01	
269	5.130000e-10	0.000000e+00	9.999983e-01	9.999983e-01	
270	5.150000e-10	0.000000e+00	9.999983e-01	9.999983e-01	
271	5.170000e-10	0.000000e+00	9.999983e-01	9.999983e-01	
272	5.190000e-10	0.000000e+00	9.999983e-01	9.999983e-01	
273	5.210000e-10	0.000000e+00	9.999983e-01	9.999983e-01	
274	5.230000e-10	0.000000e+00	9.999983e-01	9.999983e-01	
275	5.250000e-10	0.000000e+00	9.999983e-01	9.999983e-01	
276	5.270000e-10	0.000000e+00	9.999983e-01	9.999983e-01	
277	5.290000e-10	0.000000e+00	9.999983e-01	9.999983e-01	
278	5.310000e-10	0.000000e+00	9.999983e-01	9.999983e-01	
279	5.330000e-10	0.000000e+00	9.999983e-01	9.999983e-01	
280	5.350000e-10	0.000000e+00	9.999983e-01	9.999983e-01	
281	5.370000e-10	0.000000e+00	9.999983e-01	9.999983e-01	
282	5.390000e-10	0.000000e+00	9.999983e-01	9.999983e-01	
283	5.410000e-10	0.000000e+00	9.999983e-01	9.999983e-01	
284	5.430000e-10	0.000000e+00	9.999983e-01	9.999983e-01	
285	5.450000e-10	0.000000e+00	9.999983e-01	9.999983e-01	
286	5.470000e-10	0.000000e+00	9.999983e-01	9.999983e-01	

Index   time            v(enb)          v(bl)           v(blb)          
--------------------------------------------------------------------------------
287	5.490000e-10	0.000000e+00	9.999983e-01	9.999983e-01	
288	5.510000e-10	0.000000e+00	9.999983e-01	9.999983e-01	
289	5.530000e-10	0.000000e+00	9.999983e-01	9.999983e-01	
290	5.550000e-10	0.000000e+00	9.999983e-01	9.999983e-01	
291	5.570000e-10	0.000000e+00	9.999983e-01	9.999983e-01	
292	5.590000e-10	0.000000e+00	9.999983e-01	9.999983e-01	
293	5.610000e-10	0.000000e+00	9.999983e-01	9.999983e-01	
294	5.630000e-10	0.000000e+00	9.999983e-01	9.999983e-01	
295	5.650000e-10	0.000000e+00	9.999983e-01	9.999983e-01	
296	5.670000e-10	0.000000e+00	9.999983e-01	9.999983e-01	
297	5.690000e-10	0.000000e+00	9.999983e-01	9.999983e-01	
298	5.710000e-10	0.000000e+00	9.999983e-01	9.999983e-01	
299	5.730000e-10	0.000000e+00	9.999983e-01	9.999983e-01	
300	5.750000e-10	0.000000e+00	9.999983e-01	9.999983e-01	
301	5.770000e-10	0.000000e+00	9.999983e-01	9.999983e-01	
302	5.790000e-10	0.000000e+00	9.999983e-01	9.999983e-01	
303	5.810000e-10	0.000000e+00	9.999983e-01	9.999983e-01	
304	5.830000e-10	0.000000e+00	9.999983e-01	9.999983e-01	
305	5.850000e-10	0.000000e+00	9.999983e-01	9.999983e-01	
306	5.870000e-10	0.000000e+00	9.999983e-01	9.999983e-01	
307	5.890000e-10	0.000000e+00	9.999983e-01	9.999983e-01	
308	5.910000e-10	0.000000e+00	9.999983e-01	9.999983e-01	
309	5.930000e-10	0.000000e+00	9.999983e-01	9.999983e-01	
310	5.950000e-10	0.000000e+00	9.999983e-01	9.999983e-01	
311	5.970000e-10	0.000000e+00	9.999983e-01	9.999983e-01	
312	5.990000e-10	0.000000e+00	9.999983e-01	9.999983e-01	
313	6.010000e-10	0.000000e+00	9.999983e-01	9.999983e-01	
314	6.030000e-10	0.000000e+00	9.999983e-01	9.999983e-01	
315	6.050000e-10	0.000000e+00	9.999983e-01	9.999983e-01	
316	6.070000e-10	0.000000e+00	9.999983e-01	9.999983e-01	
317	6.090000e-10	0.000000e+00	9.999983e-01	9.999983e-01	
318	6.110000e-10	0.000000e+00	9.999983e-01	9.999983e-01	
319	6.130000e-10	0.000000e+00	9.999983e-01	9.999983e-01	
320	6.150000e-10	0.000000e+00	9.999983e-01	9.999983e-01	
321	6.170000e-10	0.000000e+00	9.999983e-01	9.999983e-01	
322	6.190000e-10	0.000000e+00	9.999983e-01	9.999983e-01	
323	6.210000e-10	0.000000e+00	9.999983e-01	9.999983e-01	
324	6.230000e-10	0.000000e+00	9.999983e-01	9.999983e-01	
325	6.250000e-10	0.000000e+00	9.999983e-01	9.999983e-01	
326	6.270000e-10	0.000000e+00	9.999983e-01	9.999983e-01	
327	6.290000e-10	0.000000e+00	9.999983e-01	9.999983e-01	
328	6.310000e-10	0.000000e+00	9.999983e-01	9.999983e-01	
329	6.330000e-10	0.000000e+00	9.999983e-01	9.999983e-01	
330	6.350000e-10	0.000000e+00	9.999983e-01	9.999983e-01	
331	6.370000e-10	0.000000e+00	9.999983e-01	9.999983e-01	
332	6.390000e-10	0.000000e+00	9.999983e-01	9.999983e-01	
333	6.410000e-10	0.000000e+00	9.999983e-01	9.999983e-01	
334	6.430000e-10	0.000000e+00	9.999983e-01	9.999983e-01	
335	6.450000e-10	0.000000e+00	9.999983e-01	9.999983e-01	
336	6.470000e-10	0.000000e+00	9.999983e-01	9.999983e-01	
337	6.490000e-10	0.000000e+00	9.999983e-01	9.999983e-01	
338	6.510000e-10	0.000000e+00	9.999983e-01	9.999983e-01	
339	6.530000e-10	0.000000e+00	9.999983e-01	9.999983e-01	
340	6.550000e-10	0.000000e+00	9.999983e-01	9.999983e-01	
341	6.570000e-10	0.000000e+00	9.999983e-01	9.999983e-01	
342	6.590000e-10	0.000000e+00	9.999983e-01	9.999983e-01	
343	6.610000e-10	0.000000e+00	9.999983e-01	9.999983e-01	
344	6.630000e-10	0.000000e+00	9.999983e-01	9.999983e-01	

Index   time            v(enb)          v(bl)           v(blb)          
--------------------------------------------------------------------------------
345	6.650000e-10	0.000000e+00	9.999983e-01	9.999983e-01	
346	6.670000e-10	0.000000e+00	9.999983e-01	9.999983e-01	
347	6.690000e-10	0.000000e+00	9.999983e-01	9.999983e-01	
348	6.710000e-10	0.000000e+00	9.999983e-01	9.999983e-01	
349	6.730000e-10	0.000000e+00	9.999983e-01	9.999983e-01	
350	6.750000e-10	0.000000e+00	9.999983e-01	9.999983e-01	
351	6.770000e-10	0.000000e+00	9.999983e-01	9.999983e-01	
352	6.790000e-10	0.000000e+00	9.999983e-01	9.999983e-01	
353	6.810000e-10	0.000000e+00	9.999983e-01	9.999983e-01	
354	6.830000e-10	0.000000e+00	9.999983e-01	9.999983e-01	
355	6.850000e-10	0.000000e+00	9.999983e-01	9.999983e-01	
356	6.870000e-10	0.000000e+00	9.999983e-01	9.999983e-01	
357	6.890000e-10	0.000000e+00	9.999983e-01	9.999983e-01	
358	6.910000e-10	0.000000e+00	9.999983e-01	9.999983e-01	
359	6.930000e-10	0.000000e+00	9.999983e-01	9.999983e-01	
360	6.950000e-10	0.000000e+00	9.999983e-01	9.999983e-01	
361	6.970000e-10	0.000000e+00	9.999983e-01	9.999983e-01	
362	6.990000e-10	0.000000e+00	9.999983e-01	9.999983e-01	
363	7.010000e-10	0.000000e+00	9.999983e-01	9.999983e-01	
364	7.030000e-10	0.000000e+00	9.999983e-01	9.999983e-01	
365	7.050000e-10	0.000000e+00	9.999983e-01	9.999983e-01	
366	7.070000e-10	0.000000e+00	9.999983e-01	9.999983e-01	
367	7.090000e-10	0.000000e+00	9.999983e-01	9.999983e-01	
368	7.110000e-10	0.000000e+00	9.999983e-01	9.999983e-01	
369	7.130000e-10	0.000000e+00	9.999983e-01	9.999983e-01	
370	7.150000e-10	0.000000e+00	9.999983e-01	9.999983e-01	
371	7.170000e-10	0.000000e+00	9.999983e-01	9.999983e-01	
372	7.190000e-10	0.000000e+00	9.999983e-01	9.999983e-01	
373	7.210000e-10	0.000000e+00	9.999983e-01	9.999983e-01	
374	7.230000e-10	0.000000e+00	9.999983e-01	9.999983e-01	
375	7.250000e-10	0.000000e+00	9.999983e-01	9.999983e-01	
376	7.270000e-10	0.000000e+00	9.999983e-01	9.999983e-01	
377	7.290000e-10	0.000000e+00	9.999983e-01	9.999983e-01	
378	7.310000e-10	0.000000e+00	9.999983e-01	9.999983e-01	
379	7.330000e-10	0.000000e+00	9.999983e-01	9.999983e-01	
380	7.350000e-10	0.000000e+00	9.999983e-01	9.999983e-01	
381	7.370000e-10	0.000000e+00	9.999983e-01	9.999983e-01	
382	7.390000e-10	0.000000e+00	9.999983e-01	9.999983e-01	
383	7.410000e-10	0.000000e+00	9.999983e-01	9.999983e-01	
384	7.430000e-10	0.000000e+00	9.999983e-01	9.999983e-01	
385	7.450000e-10	0.000000e+00	9.999983e-01	9.999983e-01	
386	7.470000e-10	0.000000e+00	9.999983e-01	9.999983e-01	
387	7.490000e-10	0.000000e+00	9.999983e-01	9.999983e-01	
388	7.510000e-10	0.000000e+00	9.999983e-01	9.999983e-01	
389	7.530000e-10	0.000000e+00	9.999983e-01	9.999983e-01	
390	7.550000e-10	0.000000e+00	9.999983e-01	9.999983e-01	
391	7.570000e-10	0.000000e+00	9.999983e-01	9.999983e-01	
392	7.590000e-10	0.000000e+00	9.999983e-01	9.999983e-01	
393	7.610000e-10	0.000000e+00	9.999983e-01	9.999983e-01	
394	7.630000e-10	0.000000e+00	9.999983e-01	9.999983e-01	
395	7.650000e-10	0.000000e+00	9.999983e-01	9.999983e-01	
396	7.670000e-10	0.000000e+00	9.999983e-01	9.999983e-01	
397	7.690000e-10	0.000000e+00	9.999983e-01	9.999983e-01	
398	7.710000e-10	0.000000e+00	9.999983e-01	9.999983e-01	
399	7.730000e-10	0.000000e+00	9.999983e-01	9.999983e-01	
400	7.750000e-10	0.000000e+00	9.999983e-01	9.999983e-01	
401	7.770000e-10	0.000000e+00	9.999983e-01	9.999983e-01	
402	7.790000e-10	0.000000e+00	9.999983e-01	9.999983e-01	

Index   time            v(enb)          v(bl)           v(blb)          
--------------------------------------------------------------------------------
403	7.810000e-10	0.000000e+00	9.999983e-01	9.999983e-01	
404	7.830000e-10	0.000000e+00	9.999983e-01	9.999983e-01	
405	7.850000e-10	0.000000e+00	9.999983e-01	9.999983e-01	
406	7.870000e-10	0.000000e+00	9.999983e-01	9.999983e-01	
407	7.890000e-10	0.000000e+00	9.999983e-01	9.999983e-01	
408	7.910000e-10	0.000000e+00	9.999983e-01	9.999983e-01	
409	7.930000e-10	0.000000e+00	9.999983e-01	9.999983e-01	
410	7.950000e-10	0.000000e+00	9.999983e-01	9.999983e-01	
411	7.970000e-10	0.000000e+00	9.999983e-01	9.999983e-01	
412	7.990000e-10	0.000000e+00	9.999983e-01	9.999983e-01	
413	8.010000e-10	0.000000e+00	9.999983e-01	9.999983e-01	
414	8.030000e-10	0.000000e+00	9.999983e-01	9.999983e-01	
415	8.050000e-10	0.000000e+00	9.999983e-01	9.999983e-01	
416	8.070000e-10	0.000000e+00	9.999983e-01	9.999983e-01	
417	8.090000e-10	0.000000e+00	9.999983e-01	9.999983e-01	
418	8.110000e-10	0.000000e+00	9.999983e-01	9.999983e-01	
419	8.130000e-10	0.000000e+00	9.999983e-01	9.999983e-01	
420	8.150000e-10	0.000000e+00	9.999983e-01	9.999983e-01	
421	8.170000e-10	0.000000e+00	9.999983e-01	9.999983e-01	
422	8.190000e-10	0.000000e+00	9.999983e-01	9.999983e-01	
423	8.210000e-10	0.000000e+00	9.999983e-01	9.999983e-01	
424	8.230000e-10	0.000000e+00	9.999983e-01	9.999983e-01	
425	8.250000e-10	0.000000e+00	9.999983e-01	9.999983e-01	
426	8.270000e-10	0.000000e+00	9.999983e-01	9.999983e-01	
427	8.290000e-10	0.000000e+00	9.999983e-01	9.999983e-01	
428	8.310000e-10	0.000000e+00	9.999983e-01	9.999983e-01	
429	8.330000e-10	0.000000e+00	9.999983e-01	9.999983e-01	
430	8.350000e-10	0.000000e+00	9.999983e-01	9.999983e-01	
431	8.370000e-10	0.000000e+00	9.999983e-01	9.999983e-01	
432	8.390000e-10	0.000000e+00	9.999983e-01	9.999983e-01	
433	8.410000e-10	0.000000e+00	9.999983e-01	9.999983e-01	
434	8.430000e-10	0.000000e+00	9.999983e-01	9.999983e-01	
435	8.450000e-10	0.000000e+00	9.999983e-01	9.999983e-01	
436	8.470000e-10	0.000000e+00	9.999983e-01	9.999983e-01	
437	8.490000e-10	0.000000e+00	9.999983e-01	9.999983e-01	
438	8.510000e-10	0.000000e+00	9.999983e-01	9.999983e-01	
439	8.530000e-10	0.000000e+00	9.999983e-01	9.999983e-01	
440	8.550000e-10	0.000000e+00	9.999983e-01	9.999983e-01	
441	8.570000e-10	0.000000e+00	9.999983e-01	9.999983e-01	
442	8.590000e-10	0.000000e+00	9.999983e-01	9.999983e-01	
443	8.610000e-10	0.000000e+00	9.999983e-01	9.999983e-01	
444	8.630000e-10	0.000000e+00	9.999983e-01	9.999983e-01	
445	8.650000e-10	0.000000e+00	9.999983e-01	9.999983e-01	
446	8.670000e-10	0.000000e+00	9.999983e-01	9.999983e-01	
447	8.690000e-10	0.000000e+00	9.999983e-01	9.999983e-01	
448	8.710000e-10	0.000000e+00	9.999983e-01	9.999983e-01	
449	8.730000e-10	0.000000e+00	9.999983e-01	9.999983e-01	
450	8.750000e-10	0.000000e+00	9.999983e-01	9.999983e-01	
451	8.770000e-10	0.000000e+00	9.999983e-01	9.999983e-01	
452	8.790000e-10	0.000000e+00	9.999983e-01	9.999983e-01	
453	8.810000e-10	0.000000e+00	9.999983e-01	9.999983e-01	
454	8.830000e-10	0.000000e+00	9.999983e-01	9.999983e-01	
455	8.850000e-10	0.000000e+00	9.999983e-01	9.999983e-01	
456	8.870000e-10	0.000000e+00	9.999983e-01	9.999983e-01	
457	8.890000e-10	0.000000e+00	9.999983e-01	9.999983e-01	
458	8.910000e-10	0.000000e+00	9.999983e-01	9.999983e-01	
459	8.930000e-10	0.000000e+00	9.999983e-01	9.999983e-01	
460	8.950000e-10	0.000000e+00	9.999983e-01	9.999983e-01	

Index   time            v(enb)          v(bl)           v(blb)          
--------------------------------------------------------------------------------
461	8.970000e-10	0.000000e+00	9.999983e-01	9.999983e-01	
462	8.990000e-10	0.000000e+00	9.999983e-01	9.999983e-01	
463	9.010000e-10	0.000000e+00	9.999983e-01	9.999983e-01	
464	9.030000e-10	0.000000e+00	9.999983e-01	9.999983e-01	
465	9.050000e-10	0.000000e+00	9.999983e-01	9.999983e-01	
466	9.070000e-10	0.000000e+00	9.999983e-01	9.999983e-01	
467	9.090000e-10	0.000000e+00	9.999983e-01	9.999983e-01	
468	9.110000e-10	0.000000e+00	9.999983e-01	9.999983e-01	
469	9.130000e-10	0.000000e+00	9.999983e-01	9.999983e-01	
470	9.150000e-10	0.000000e+00	9.999983e-01	9.999983e-01	
471	9.170000e-10	0.000000e+00	9.999983e-01	9.999983e-01	
472	9.190000e-10	0.000000e+00	9.999983e-01	9.999983e-01	
473	9.210000e-10	0.000000e+00	9.999983e-01	9.999983e-01	
474	9.230000e-10	0.000000e+00	9.999983e-01	9.999983e-01	
475	9.250000e-10	0.000000e+00	9.999983e-01	9.999983e-01	
476	9.270000e-10	0.000000e+00	9.999983e-01	9.999983e-01	
477	9.290000e-10	0.000000e+00	9.999983e-01	9.999983e-01	
478	9.310000e-10	0.000000e+00	9.999983e-01	9.999983e-01	
479	9.330000e-10	0.000000e+00	9.999983e-01	9.999983e-01	
480	9.350000e-10	0.000000e+00	9.999983e-01	9.999983e-01	
481	9.370000e-10	0.000000e+00	9.999983e-01	9.999983e-01	
482	9.390000e-10	0.000000e+00	9.999983e-01	9.999983e-01	
483	9.410000e-10	0.000000e+00	9.999983e-01	9.999983e-01	
484	9.430000e-10	0.000000e+00	9.999983e-01	9.999983e-01	
485	9.450000e-10	0.000000e+00	9.999983e-01	9.999983e-01	
486	9.470000e-10	0.000000e+00	9.999983e-01	9.999983e-01	
487	9.490000e-10	0.000000e+00	9.999983e-01	9.999983e-01	
488	9.510000e-10	0.000000e+00	9.999983e-01	9.999983e-01	
489	9.530000e-10	0.000000e+00	9.999983e-01	9.999983e-01	
490	9.550000e-10	0.000000e+00	9.999983e-01	9.999983e-01	
491	9.570000e-10	0.000000e+00	9.999983e-01	9.999983e-01	
492	9.590000e-10	0.000000e+00	9.999983e-01	9.999983e-01	
493	9.610000e-10	0.000000e+00	9.999983e-01	9.999983e-01	
494	9.630000e-10	0.000000e+00	9.999983e-01	9.999983e-01	
495	9.650000e-10	0.000000e+00	9.999983e-01	9.999983e-01	
496	9.670000e-10	0.000000e+00	9.999983e-01	9.999983e-01	
497	9.690000e-10	0.000000e+00	9.999983e-01	9.999983e-01	
498	9.710000e-10	0.000000e+00	9.999983e-01	9.999983e-01	
499	9.730000e-10	0.000000e+00	9.999983e-01	9.999983e-01	
500	9.750000e-10	0.000000e+00	9.999983e-01	9.999983e-01	
501	9.770000e-10	0.000000e+00	9.999983e-01	9.999983e-01	
502	9.790000e-10	0.000000e+00	9.999983e-01	9.999983e-01	
503	9.810000e-10	0.000000e+00	9.999983e-01	9.999983e-01	
504	9.830000e-10	0.000000e+00	9.999983e-01	9.999983e-01	
505	9.850000e-10	0.000000e+00	9.999983e-01	9.999983e-01	
506	9.870000e-10	0.000000e+00	9.999983e-01	9.999983e-01	
507	9.890000e-10	0.000000e+00	9.999983e-01	9.999983e-01	
508	9.910000e-10	0.000000e+00	9.999983e-01	9.999983e-01	
509	9.930000e-10	0.000000e+00	9.999983e-01	9.999983e-01	
510	9.950000e-10	0.000000e+00	9.999983e-01	9.999983e-01	
511	9.970000e-10	0.000000e+00	9.999983e-01	9.999983e-01	
512	9.990000e-10	0.000000e+00	9.999983e-01	9.999983e-01	
513	1.001000e-09	0.000000e+00	9.999983e-01	9.999983e-01	
514	1.003000e-09	0.000000e+00	9.999983e-01	9.999983e-01	
515	1.005000e-09	0.000000e+00	9.999983e-01	9.999983e-01	
516	1.007000e-09	0.000000e+00	9.999983e-01	9.999983e-01	
517	1.009000e-09	0.000000e+00	9.999983e-01	9.999983e-01	
518	1.011000e-09	0.000000e+00	9.999983e-01	9.999983e-01	

Index   time            v(enb)          v(bl)           v(blb)          
--------------------------------------------------------------------------------
519	1.013000e-09	0.000000e+00	9.999983e-01	9.999983e-01	
520	1.015000e-09	0.000000e+00	9.999983e-01	9.999983e-01	
521	1.017000e-09	0.000000e+00	9.999983e-01	9.999983e-01	
522	1.019000e-09	0.000000e+00	9.999983e-01	9.999983e-01	
523	1.021000e-09	0.000000e+00	9.999983e-01	9.999983e-01	
524	1.023000e-09	0.000000e+00	9.999983e-01	9.999983e-01	
525	1.025000e-09	0.000000e+00	9.999983e-01	9.999983e-01	
526	1.027000e-09	0.000000e+00	9.999983e-01	9.999983e-01	
527	1.029000e-09	0.000000e+00	9.999983e-01	9.999983e-01	
528	1.031000e-09	0.000000e+00	9.999983e-01	9.999983e-01	
529	1.033000e-09	0.000000e+00	9.999983e-01	9.999983e-01	
530	1.035000e-09	0.000000e+00	9.999983e-01	9.999983e-01	
531	1.037000e-09	0.000000e+00	9.999983e-01	9.999983e-01	
532	1.039000e-09	0.000000e+00	9.999983e-01	9.999983e-01	
533	1.041000e-09	0.000000e+00	9.999983e-01	9.999983e-01	
534	1.043000e-09	0.000000e+00	9.999983e-01	9.999983e-01	
535	1.045000e-09	0.000000e+00	9.999983e-01	9.999983e-01	
536	1.047000e-09	0.000000e+00	9.999983e-01	9.999983e-01	
537	1.049000e-09	0.000000e+00	9.999983e-01	9.999983e-01	
538	1.051000e-09	0.000000e+00	9.999983e-01	9.999983e-01	
539	1.053000e-09	0.000000e+00	9.999983e-01	9.999983e-01	
540	1.055000e-09	0.000000e+00	9.999983e-01	9.999983e-01	
541	1.057000e-09	0.000000e+00	9.999983e-01	9.999983e-01	
542	1.059000e-09	0.000000e+00	9.999983e-01	9.999983e-01	
543	1.061000e-09	0.000000e+00	9.999983e-01	9.999983e-01	
544	1.063000e-09	0.000000e+00	9.999983e-01	9.999983e-01	
545	1.065000e-09	0.000000e+00	9.999983e-01	9.999983e-01	
546	1.067000e-09	0.000000e+00	9.999983e-01	9.999983e-01	
547	1.069000e-09	0.000000e+00	9.999983e-01	9.999983e-01	
548	1.071000e-09	0.000000e+00	9.999983e-01	9.999983e-01	
549	1.073000e-09	0.000000e+00	9.999983e-01	9.999983e-01	
550	1.075000e-09	0.000000e+00	9.999983e-01	9.999983e-01	
551	1.077000e-09	0.000000e+00	9.999983e-01	9.999983e-01	
552	1.079000e-09	0.000000e+00	9.999983e-01	9.999983e-01	
553	1.081000e-09	0.000000e+00	9.999983e-01	9.999983e-01	
554	1.083000e-09	0.000000e+00	9.999983e-01	9.999983e-01	
555	1.085000e-09	0.000000e+00	9.999983e-01	9.999983e-01	
556	1.087000e-09	0.000000e+00	9.999983e-01	9.999983e-01	
557	1.089000e-09	0.000000e+00	9.999983e-01	9.999983e-01	
558	1.091000e-09	0.000000e+00	9.999983e-01	9.999983e-01	
559	1.093000e-09	0.000000e+00	9.999983e-01	9.999983e-01	
560	1.095000e-09	0.000000e+00	9.999983e-01	9.999983e-01	
561	1.097000e-09	0.000000e+00	9.999983e-01	9.999983e-01	
562	1.099000e-09	0.000000e+00	9.999983e-01	9.999983e-01	
563	1.101000e-09	0.000000e+00	9.999983e-01	9.999983e-01	
564	1.103000e-09	0.000000e+00	9.999983e-01	9.999983e-01	
565	1.105000e-09	0.000000e+00	9.999983e-01	9.999983e-01	
566	1.107000e-09	0.000000e+00	9.999983e-01	9.999983e-01	
567	1.109000e-09	0.000000e+00	9.999983e-01	9.999983e-01	
568	1.111000e-09	0.000000e+00	9.999983e-01	9.999983e-01	
569	1.113000e-09	0.000000e+00	9.999983e-01	9.999983e-01	
570	1.115000e-09	0.000000e+00	9.999983e-01	9.999983e-01	
571	1.117000e-09	0.000000e+00	9.999983e-01	9.999983e-01	
572	1.119000e-09	0.000000e+00	9.999983e-01	9.999983e-01	
573	1.121000e-09	0.000000e+00	9.999983e-01	9.999983e-01	
574	1.123000e-09	0.000000e+00	9.999983e-01	9.999983e-01	
575	1.125000e-09	0.000000e+00	9.999983e-01	9.999983e-01	
576	1.127000e-09	0.000000e+00	9.999983e-01	9.999983e-01	

Index   time            v(enb)          v(bl)           v(blb)          
--------------------------------------------------------------------------------
577	1.129000e-09	0.000000e+00	9.999983e-01	9.999983e-01	
578	1.131000e-09	0.000000e+00	9.999983e-01	9.999983e-01	
579	1.133000e-09	0.000000e+00	9.999983e-01	9.999983e-01	
580	1.135000e-09	0.000000e+00	9.999983e-01	9.999983e-01	
581	1.137000e-09	0.000000e+00	9.999983e-01	9.999983e-01	
582	1.139000e-09	0.000000e+00	9.999983e-01	9.999983e-01	
583	1.141000e-09	0.000000e+00	9.999983e-01	9.999983e-01	
584	1.143000e-09	0.000000e+00	9.999983e-01	9.999983e-01	
585	1.145000e-09	0.000000e+00	9.999983e-01	9.999983e-01	
586	1.147000e-09	0.000000e+00	9.999983e-01	9.999983e-01	
587	1.149000e-09	0.000000e+00	9.999983e-01	9.999983e-01	
588	1.151000e-09	0.000000e+00	9.999983e-01	9.999983e-01	
589	1.153000e-09	0.000000e+00	9.999983e-01	9.999983e-01	
590	1.155000e-09	0.000000e+00	9.999983e-01	9.999983e-01	
591	1.157000e-09	0.000000e+00	9.999983e-01	9.999983e-01	
592	1.159000e-09	0.000000e+00	9.999983e-01	9.999983e-01	
593	1.161000e-09	0.000000e+00	9.999983e-01	9.999983e-01	
594	1.163000e-09	0.000000e+00	9.999983e-01	9.999983e-01	
595	1.165000e-09	0.000000e+00	9.999983e-01	9.999983e-01	
596	1.167000e-09	0.000000e+00	9.999983e-01	9.999983e-01	
597	1.169000e-09	0.000000e+00	9.999983e-01	9.999983e-01	
598	1.171000e-09	0.000000e+00	9.999983e-01	9.999983e-01	
599	1.173000e-09	0.000000e+00	9.999983e-01	9.999983e-01	
600	1.175000e-09	0.000000e+00	9.999983e-01	9.999983e-01	
601	1.177000e-09	0.000000e+00	9.999983e-01	9.999983e-01	
602	1.179000e-09	0.000000e+00	9.999983e-01	9.999983e-01	
603	1.181000e-09	0.000000e+00	9.999983e-01	9.999983e-01	
604	1.183000e-09	0.000000e+00	9.999983e-01	9.999983e-01	
605	1.185000e-09	0.000000e+00	9.999983e-01	9.999983e-01	
606	1.187000e-09	0.000000e+00	9.999983e-01	9.999983e-01	
607	1.189000e-09	0.000000e+00	9.999983e-01	9.999983e-01	
608	1.191000e-09	0.000000e+00	9.999983e-01	9.999983e-01	
609	1.193000e-09	0.000000e+00	9.999983e-01	9.999983e-01	
610	1.195000e-09	0.000000e+00	9.999983e-01	9.999983e-01	
611	1.197000e-09	0.000000e+00	9.999983e-01	9.999983e-01	
612	1.199000e-09	0.000000e+00	9.999983e-01	9.999983e-01	
613	1.201000e-09	0.000000e+00	9.999983e-01	9.999983e-01	
614	1.203000e-09	0.000000e+00	9.999983e-01	9.999983e-01	
615	1.205000e-09	0.000000e+00	9.999983e-01	9.999983e-01	
616	1.207000e-09	0.000000e+00	9.999983e-01	9.999983e-01	
617	1.209000e-09	0.000000e+00	9.999983e-01	9.999983e-01	
618	1.211000e-09	0.000000e+00	9.999983e-01	9.999983e-01	
619	1.213000e-09	0.000000e+00	9.999983e-01	9.999983e-01	
620	1.215000e-09	0.000000e+00	9.999983e-01	9.999983e-01	
621	1.217000e-09	0.000000e+00	9.999983e-01	9.999983e-01	
622	1.219000e-09	0.000000e+00	9.999983e-01	9.999983e-01	
623	1.221000e-09	0.000000e+00	9.999983e-01	9.999983e-01	
624	1.223000e-09	0.000000e+00	9.999983e-01	9.999983e-01	
625	1.225000e-09	0.000000e+00	9.999983e-01	9.999983e-01	
626	1.227000e-09	0.000000e+00	9.999983e-01	9.999983e-01	
627	1.229000e-09	0.000000e+00	9.999983e-01	9.999983e-01	
628	1.231000e-09	0.000000e+00	9.999983e-01	9.999983e-01	
629	1.233000e-09	0.000000e+00	9.999983e-01	9.999983e-01	
630	1.235000e-09	0.000000e+00	9.999983e-01	9.999983e-01	
631	1.237000e-09	0.000000e+00	9.999983e-01	9.999983e-01	
632	1.239000e-09	0.000000e+00	9.999983e-01	9.999983e-01	
633	1.241000e-09	0.000000e+00	9.999983e-01	9.999983e-01	
634	1.243000e-09	0.000000e+00	9.999983e-01	9.999983e-01	

Index   time            v(enb)          v(bl)           v(blb)          
--------------------------------------------------------------------------------
635	1.245000e-09	0.000000e+00	9.999983e-01	9.999983e-01	
636	1.247000e-09	0.000000e+00	9.999983e-01	9.999983e-01	
637	1.249000e-09	0.000000e+00	9.999983e-01	9.999983e-01	
638	1.251000e-09	0.000000e+00	9.999983e-01	9.999983e-01	
639	1.253000e-09	0.000000e+00	9.999983e-01	9.999983e-01	
640	1.255000e-09	0.000000e+00	9.999983e-01	9.999983e-01	
641	1.257000e-09	0.000000e+00	9.999983e-01	9.999983e-01	
642	1.259000e-09	0.000000e+00	9.999983e-01	9.999983e-01	
643	1.261000e-09	0.000000e+00	9.999983e-01	9.999983e-01	
644	1.263000e-09	0.000000e+00	9.999983e-01	9.999983e-01	
645	1.265000e-09	0.000000e+00	9.999983e-01	9.999983e-01	
646	1.267000e-09	0.000000e+00	9.999983e-01	9.999983e-01	
647	1.269000e-09	0.000000e+00	9.999983e-01	9.999983e-01	
648	1.271000e-09	0.000000e+00	9.999983e-01	9.999983e-01	
649	1.273000e-09	0.000000e+00	9.999983e-01	9.999983e-01	
650	1.275000e-09	0.000000e+00	9.999983e-01	9.999983e-01	
651	1.277000e-09	0.000000e+00	9.999983e-01	9.999983e-01	
652	1.279000e-09	0.000000e+00	9.999983e-01	9.999983e-01	
653	1.281000e-09	0.000000e+00	9.999983e-01	9.999983e-01	
654	1.283000e-09	0.000000e+00	9.999983e-01	9.999983e-01	
655	1.285000e-09	0.000000e+00	9.999983e-01	9.999983e-01	
656	1.287000e-09	0.000000e+00	9.999983e-01	9.999983e-01	
657	1.289000e-09	0.000000e+00	9.999983e-01	9.999983e-01	
658	1.291000e-09	0.000000e+00	9.999983e-01	9.999983e-01	
659	1.293000e-09	0.000000e+00	9.999983e-01	9.999983e-01	
660	1.295000e-09	0.000000e+00	9.999983e-01	9.999983e-01	
661	1.297000e-09	0.000000e+00	9.999983e-01	9.999983e-01	
662	1.299000e-09	0.000000e+00	9.999983e-01	9.999983e-01	
663	1.301000e-09	0.000000e+00	9.999983e-01	9.999983e-01	
664	1.303000e-09	0.000000e+00	9.999983e-01	9.999983e-01	
665	1.305000e-09	0.000000e+00	9.999983e-01	9.999983e-01	
666	1.307000e-09	0.000000e+00	9.999983e-01	9.999983e-01	
667	1.309000e-09	0.000000e+00	9.999983e-01	9.999983e-01	
668	1.311000e-09	0.000000e+00	9.999983e-01	9.999983e-01	
669	1.313000e-09	0.000000e+00	9.999983e-01	9.999983e-01	
670	1.315000e-09	0.000000e+00	9.999983e-01	9.999983e-01	
671	1.317000e-09	0.000000e+00	9.999983e-01	9.999983e-01	
672	1.319000e-09	0.000000e+00	9.999983e-01	9.999983e-01	
673	1.321000e-09	0.000000e+00	9.999983e-01	9.999983e-01	
674	1.323000e-09	0.000000e+00	9.999983e-01	9.999983e-01	
675	1.325000e-09	0.000000e+00	9.999983e-01	9.999983e-01	
676	1.327000e-09	0.000000e+00	9.999983e-01	9.999983e-01	
677	1.329000e-09	0.000000e+00	9.999983e-01	9.999983e-01	
678	1.331000e-09	0.000000e+00	9.999983e-01	9.999983e-01	
679	1.333000e-09	0.000000e+00	9.999983e-01	9.999983e-01	
680	1.335000e-09	0.000000e+00	9.999983e-01	9.999983e-01	
681	1.337000e-09	0.000000e+00	9.999983e-01	9.999983e-01	
682	1.339000e-09	0.000000e+00	9.999983e-01	9.999983e-01	
683	1.341000e-09	0.000000e+00	9.999983e-01	9.999983e-01	
684	1.343000e-09	0.000000e+00	9.999983e-01	9.999983e-01	
685	1.345000e-09	0.000000e+00	9.999983e-01	9.999983e-01	
686	1.347000e-09	0.000000e+00	9.999983e-01	9.999983e-01	
687	1.349000e-09	0.000000e+00	9.999983e-01	9.999983e-01	
688	1.351000e-09	0.000000e+00	9.999983e-01	9.999983e-01	
689	1.353000e-09	0.000000e+00	9.999983e-01	9.999983e-01	
690	1.355000e-09	0.000000e+00	9.999983e-01	9.999983e-01	
691	1.357000e-09	0.000000e+00	9.999983e-01	9.999983e-01	
692	1.359000e-09	0.000000e+00	9.999983e-01	9.999983e-01	

Index   time            v(enb)          v(bl)           v(blb)          
--------------------------------------------------------------------------------
693	1.361000e-09	0.000000e+00	9.999983e-01	9.999983e-01	
694	1.363000e-09	0.000000e+00	9.999983e-01	9.999983e-01	
695	1.365000e-09	0.000000e+00	9.999983e-01	9.999983e-01	
696	1.367000e-09	0.000000e+00	9.999983e-01	9.999983e-01	
697	1.369000e-09	0.000000e+00	9.999983e-01	9.999983e-01	
698	1.371000e-09	0.000000e+00	9.999983e-01	9.999983e-01	
699	1.373000e-09	0.000000e+00	9.999983e-01	9.999983e-01	
700	1.375000e-09	0.000000e+00	9.999983e-01	9.999983e-01	
701	1.377000e-09	0.000000e+00	9.999983e-01	9.999983e-01	
702	1.379000e-09	0.000000e+00	9.999983e-01	9.999983e-01	
703	1.381000e-09	0.000000e+00	9.999983e-01	9.999983e-01	
704	1.383000e-09	0.000000e+00	9.999983e-01	9.999983e-01	
705	1.385000e-09	0.000000e+00	9.999983e-01	9.999983e-01	
706	1.387000e-09	0.000000e+00	9.999983e-01	9.999983e-01	
707	1.389000e-09	0.000000e+00	9.999983e-01	9.999983e-01	
708	1.391000e-09	0.000000e+00	9.999983e-01	9.999983e-01	
709	1.393000e-09	0.000000e+00	9.999983e-01	9.999983e-01	
710	1.395000e-09	0.000000e+00	9.999983e-01	9.999983e-01	
711	1.397000e-09	0.000000e+00	9.999983e-01	9.999983e-01	
712	1.399000e-09	0.000000e+00	9.999983e-01	9.999983e-01	
713	1.401000e-09	0.000000e+00	9.999983e-01	9.999983e-01	
714	1.403000e-09	0.000000e+00	9.999983e-01	9.999983e-01	
715	1.405000e-09	0.000000e+00	9.999983e-01	9.999983e-01	
716	1.407000e-09	0.000000e+00	9.999983e-01	9.999983e-01	
717	1.409000e-09	0.000000e+00	9.999983e-01	9.999983e-01	
718	1.410000e-09	0.000000e+00	9.999983e-01	9.999983e-01	
719	1.410200e-09	2.000000e-02	1.001482e+00	1.001463e+00	
720	1.410600e-09	6.000000e-02	1.004384e+00	1.004329e+00	
721	1.411400e-09	1.400000e-01	1.009811e+00	1.009700e+00	
722	1.413000e-09	3.000000e-01	1.019577e+00	1.019392e+00	
723	1.415000e-09	5.000000e-01	1.030851e+00	1.030588e+00	
724	1.417000e-09	7.000000e-01	1.041167e+00	1.040792e+00	
725	1.419000e-09	9.000000e-01	1.049985e+00	1.049487e+00	
726	1.420000e-09	1.000000e+00	1.054172e+00	1.053611e+00	
727	1.420200e-09	1.000000e+00	1.054173e+00	1.053612e+00	
728	1.420600e-09	1.000000e+00	1.054173e+00	1.053612e+00	
729	1.421400e-09	1.000000e+00	1.054173e+00	1.053612e+00	
730	1.423000e-09	1.000000e+00	1.054172e+00	1.053611e+00	
731	1.425000e-09	1.000000e+00	1.054172e+00	1.053611e+00	
732	1.427000e-09	1.000000e+00	1.054172e+00	1.053611e+00	
733	1.429000e-09	1.000000e+00	1.054171e+00	1.053610e+00	
734	1.431000e-09	1.000000e+00	1.054171e+00	1.053610e+00	
735	1.433000e-09	1.000000e+00	1.054171e+00	1.053610e+00	
736	1.435000e-09	1.000000e+00	1.054170e+00	1.053609e+00	
737	1.437000e-09	1.000000e+00	1.054170e+00	1.053609e+00	
738	1.439000e-09	1.000000e+00	1.054169e+00	1.053609e+00	
739	1.441000e-09	1.000000e+00	1.054169e+00	1.053608e+00	
740	1.443000e-09	1.000000e+00	1.054169e+00	1.053608e+00	
741	1.445000e-09	1.000000e+00	1.054168e+00	1.053608e+00	
742	1.447000e-09	1.000000e+00	1.054168e+00	1.053607e+00	
743	1.449000e-09	1.000000e+00	1.054168e+00	1.053607e+00	
744	1.451000e-09	1.000000e+00	1.054167e+00	1.053607e+00	
745	1.453000e-09	1.000000e+00	1.054167e+00	1.053606e+00	
746	1.455000e-09	1.000000e+00	1.054167e+00	1.053606e+00	
747	1.457000e-09	1.000000e+00	1.054166e+00	1.053606e+00	
748	1.459000e-09	1.000000e+00	1.054166e+00	1.053605e+00	
749	1.461000e-09	1.000000e+00	1.054165e+00	1.053605e+00	
750	1.463000e-09	1.000000e+00	1.054165e+00	1.053605e+00	

Index   time            v(enb)          v(bl)           v(blb)          
--------------------------------------------------------------------------------
751	1.465000e-09	1.000000e+00	1.054165e+00	1.053604e+00	
752	1.467000e-09	1.000000e+00	1.054164e+00	1.053604e+00	
753	1.469000e-09	1.000000e+00	1.054164e+00	1.053604e+00	
754	1.471000e-09	1.000000e+00	1.054164e+00	1.053603e+00	
755	1.473000e-09	1.000000e+00	1.054163e+00	1.053603e+00	
756	1.475000e-09	1.000000e+00	1.054163e+00	1.053602e+00	
757	1.477000e-09	1.000000e+00	1.054163e+00	1.053602e+00	
758	1.479000e-09	1.000000e+00	1.054162e+00	1.053602e+00	
759	1.481000e-09	1.000000e+00	1.054162e+00	1.053601e+00	
760	1.483000e-09	1.000000e+00	1.054161e+00	1.053601e+00	
761	1.485000e-09	1.000000e+00	1.054161e+00	1.053601e+00	
762	1.487000e-09	1.000000e+00	1.054161e+00	1.053600e+00	
763	1.489000e-09	1.000000e+00	1.054160e+00	1.053600e+00	
764	1.491000e-09	1.000000e+00	1.054160e+00	1.053600e+00	
765	1.493000e-09	1.000000e+00	1.054160e+00	1.053599e+00	
766	1.495000e-09	1.000000e+00	1.054159e+00	1.053599e+00	
767	1.497000e-09	1.000000e+00	1.054159e+00	1.053599e+00	
768	1.499000e-09	1.000000e+00	1.054159e+00	1.053598e+00	
769	1.501000e-09	1.000000e+00	1.054158e+00	1.053598e+00	
770	1.503000e-09	1.000000e+00	1.054158e+00	1.053598e+00	
771	1.505000e-09	1.000000e+00	1.054157e+00	1.053597e+00	
772	1.507000e-09	1.000000e+00	1.054157e+00	1.053597e+00	
773	1.509000e-09	1.000000e+00	1.054157e+00	1.053597e+00	
774	1.511000e-09	1.000000e+00	1.054156e+00	1.053596e+00	
775	1.513000e-09	1.000000e+00	1.054156e+00	1.053596e+00	
776	1.515000e-09	1.000000e+00	1.054156e+00	1.053596e+00	
777	1.517000e-09	1.000000e+00	1.054155e+00	1.053595e+00	
778	1.519000e-09	1.000000e+00	1.054155e+00	1.053595e+00	
779	1.521000e-09	1.000000e+00	1.054155e+00	1.053595e+00	
780	1.523000e-09	1.000000e+00	1.054154e+00	1.053594e+00	
781	1.525000e-09	1.000000e+00	1.054154e+00	1.053594e+00	
782	1.527000e-09	1.000000e+00	1.054153e+00	1.053594e+00	
783	1.529000e-09	1.000000e+00	1.054153e+00	1.053593e+00	
784	1.531000e-09	1.000000e+00	1.054153e+00	1.053593e+00	
785	1.533000e-09	1.000000e+00	1.054152e+00	1.053593e+00	
786	1.535000e-09	1.000000e+00	1.054152e+00	1.053592e+00	
787	1.537000e-09	1.000000e+00	1.054152e+00	1.053592e+00	
788	1.539000e-09	1.000000e+00	1.054151e+00	1.053592e+00	
789	1.541000e-09	1.000000e+00	1.054151e+00	1.053591e+00	
790	1.543000e-09	1.000000e+00	1.054151e+00	1.053591e+00	
791	1.545000e-09	1.000000e+00	1.054150e+00	1.053591e+00	
792	1.547000e-09	1.000000e+00	1.054150e+00	1.053590e+00	
793	1.549000e-09	1.000000e+00	1.054149e+00	1.053590e+00	
794	1.551000e-09	1.000000e+00	1.054149e+00	1.053590e+00	
795	1.553000e-09	1.000000e+00	1.054149e+00	1.053589e+00	
796	1.555000e-09	1.000000e+00	1.054148e+00	1.053589e+00	
797	1.557000e-09	1.000000e+00	1.054148e+00	1.053589e+00	
798	1.559000e-09	1.000000e+00	1.054148e+00	1.053588e+00	
799	1.561000e-09	1.000000e+00	1.054147e+00	1.053588e+00	
800	1.563000e-09	1.000000e+00	1.054147e+00	1.053588e+00	
801	1.565000e-09	1.000000e+00	1.054147e+00	1.053587e+00	
802	1.567000e-09	1.000000e+00	1.054146e+00	1.053587e+00	
803	1.569000e-09	1.000000e+00	1.054146e+00	1.053587e+00	
804	1.571000e-09	1.000000e+00	1.054145e+00	1.053586e+00	
805	1.573000e-09	1.000000e+00	1.054145e+00	1.053586e+00	
806	1.575000e-09	1.000000e+00	1.054145e+00	1.053586e+00	
807	1.577000e-09	1.000000e+00	1.054144e+00	1.053585e+00	
808	1.579000e-09	1.000000e+00	1.054144e+00	1.053585e+00	

Index   time            v(enb)          v(bl)           v(blb)          
--------------------------------------------------------------------------------
809	1.581000e-09	1.000000e+00	1.054144e+00	1.053585e+00	
810	1.583000e-09	1.000000e+00	1.054143e+00	1.053584e+00	
811	1.585000e-09	1.000000e+00	1.054143e+00	1.053584e+00	
812	1.587000e-09	1.000000e+00	1.054143e+00	1.053584e+00	
813	1.589000e-09	1.000000e+00	1.054142e+00	1.053583e+00	
814	1.591000e-09	1.000000e+00	1.054142e+00	1.053583e+00	
815	1.593000e-09	1.000000e+00	1.054141e+00	1.053583e+00	
816	1.595000e-09	1.000000e+00	1.054141e+00	1.053582e+00	
817	1.597000e-09	1.000000e+00	1.054141e+00	1.053582e+00	
818	1.599000e-09	1.000000e+00	1.054140e+00	1.053582e+00	
819	1.601000e-09	1.000000e+00	1.054140e+00	1.053581e+00	
820	1.603000e-09	1.000000e+00	1.054140e+00	1.053581e+00	
821	1.605000e-09	1.000000e+00	1.054139e+00	1.053581e+00	
822	1.607000e-09	1.000000e+00	1.054139e+00	1.053580e+00	
823	1.609000e-09	1.000000e+00	1.054139e+00	1.053580e+00	
824	1.611000e-09	1.000000e+00	1.054138e+00	1.053580e+00	
825	1.613000e-09	1.000000e+00	1.054138e+00	1.053579e+00	
826	1.615000e-09	1.000000e+00	1.054137e+00	1.053579e+00	
827	1.617000e-09	1.000000e+00	1.054137e+00	1.053579e+00	
828	1.619000e-09	1.000000e+00	1.054137e+00	1.053578e+00	
829	1.621000e-09	1.000000e+00	1.054136e+00	1.053578e+00	
830	1.623000e-09	1.000000e+00	1.054136e+00	1.053578e+00	
831	1.625000e-09	1.000000e+00	1.054136e+00	1.053577e+00	
832	1.627000e-09	1.000000e+00	1.054135e+00	1.053577e+00	
833	1.629000e-09	1.000000e+00	1.054135e+00	1.053577e+00	
834	1.631000e-09	1.000000e+00	1.054135e+00	1.053576e+00	
835	1.633000e-09	1.000000e+00	1.054134e+00	1.053576e+00	
836	1.635000e-09	1.000000e+00	1.054134e+00	1.053576e+00	
837	1.637000e-09	1.000000e+00	1.054133e+00	1.053575e+00	
838	1.639000e-09	1.000000e+00	1.054133e+00	1.053575e+00	
839	1.641000e-09	1.000000e+00	1.054133e+00	1.053575e+00	
840	1.643000e-09	1.000000e+00	1.054132e+00	1.053574e+00	
841	1.645000e-09	1.000000e+00	1.054132e+00	1.053574e+00	
842	1.647000e-09	1.000000e+00	1.054132e+00	1.053574e+00	
843	1.649000e-09	1.000000e+00	1.054131e+00	1.053573e+00	
844	1.651000e-09	1.000000e+00	1.054131e+00	1.053573e+00	
845	1.653000e-09	1.000000e+00	1.054131e+00	1.053573e+00	
846	1.655000e-09	1.000000e+00	1.054130e+00	1.053572e+00	
847	1.657000e-09	1.000000e+00	1.054130e+00	1.053572e+00	
848	1.659000e-09	1.000000e+00	1.054129e+00	1.053572e+00	
849	1.661000e-09	1.000000e+00	1.054129e+00	1.053571e+00	
850	1.663000e-09	1.000000e+00	1.054129e+00	1.053571e+00	
851	1.665000e-09	1.000000e+00	1.054128e+00	1.053571e+00	
852	1.667000e-09	1.000000e+00	1.054128e+00	1.053570e+00	
853	1.669000e-09	1.000000e+00	1.054128e+00	1.053570e+00	
854	1.671000e-09	1.000000e+00	1.054127e+00	1.053570e+00	
855	1.673000e-09	1.000000e+00	1.054127e+00	1.053569e+00	
856	1.675000e-09	1.000000e+00	1.054127e+00	1.053569e+00	
857	1.677000e-09	1.000000e+00	1.054126e+00	1.053569e+00	
858	1.679000e-09	1.000000e+00	1.054126e+00	1.053568e+00	
859	1.681000e-09	1.000000e+00	1.054125e+00	1.053568e+00	
860	1.683000e-09	1.000000e+00	1.054125e+00	1.053567e+00	
861	1.685000e-09	1.000000e+00	1.054125e+00	1.053567e+00	
862	1.687000e-09	1.000000e+00	1.054124e+00	1.053567e+00	
863	1.689000e-09	1.000000e+00	1.054124e+00	1.053566e+00	
864	1.691000e-09	1.000000e+00	1.054124e+00	1.053566e+00	
865	1.693000e-09	1.000000e+00	1.054123e+00	1.053566e+00	
866	1.695000e-09	1.000000e+00	1.054123e+00	1.053565e+00	

Index   time            v(enb)          v(bl)           v(blb)          
--------------------------------------------------------------------------------
867	1.697000e-09	1.000000e+00	1.054123e+00	1.053565e+00	
868	1.699000e-09	1.000000e+00	1.054122e+00	1.053565e+00	
869	1.701000e-09	1.000000e+00	1.054122e+00	1.053564e+00	
870	1.703000e-09	1.000000e+00	1.054121e+00	1.053564e+00	
871	1.705000e-09	1.000000e+00	1.054121e+00	1.053564e+00	
872	1.707000e-09	1.000000e+00	1.054121e+00	1.053563e+00	
873	1.709000e-09	1.000000e+00	1.054120e+00	1.053563e+00	
874	1.711000e-09	1.000000e+00	1.054120e+00	1.053563e+00	
875	1.713000e-09	1.000000e+00	1.054120e+00	1.053562e+00	
876	1.715000e-09	1.000000e+00	1.054119e+00	1.053562e+00	
877	1.717000e-09	1.000000e+00	1.054119e+00	1.053562e+00	
878	1.719000e-09	1.000000e+00	1.054119e+00	1.053561e+00	
879	1.721000e-09	1.000000e+00	1.054118e+00	1.053561e+00	
880	1.723000e-09	1.000000e+00	1.054118e+00	1.053561e+00	
881	1.725000e-09	1.000000e+00	1.054117e+00	1.053560e+00	
882	1.727000e-09	1.000000e+00	1.054117e+00	1.053560e+00	
883	1.729000e-09	1.000000e+00	1.054117e+00	1.053560e+00	
884	1.731000e-09	1.000000e+00	1.054116e+00	1.053559e+00	
885	1.733000e-09	1.000000e+00	1.054116e+00	1.053559e+00	
886	1.735000e-09	1.000000e+00	1.054116e+00	1.053559e+00	
887	1.737000e-09	1.000000e+00	1.054115e+00	1.053558e+00	
888	1.739000e-09	1.000000e+00	1.054115e+00	1.053558e+00	
889	1.741000e-09	1.000000e+00	1.054115e+00	1.053558e+00	
890	1.743000e-09	1.000000e+00	1.054114e+00	1.053557e+00	
891	1.745000e-09	1.000000e+00	1.054114e+00	1.053557e+00	
892	1.747000e-09	1.000000e+00	1.054113e+00	1.053557e+00	
893	1.749000e-09	1.000000e+00	1.054113e+00	1.053556e+00	
894	1.751000e-09	1.000000e+00	1.054113e+00	1.053556e+00	
895	1.753000e-09	1.000000e+00	1.054112e+00	1.053556e+00	
896	1.755000e-09	1.000000e+00	1.054112e+00	1.053555e+00	
897	1.757000e-09	1.000000e+00	1.054112e+00	1.053555e+00	
898	1.759000e-09	1.000000e+00	1.054111e+00	1.053555e+00	
899	1.761000e-09	1.000000e+00	1.054111e+00	1.053554e+00	
900	1.763000e-09	1.000000e+00	1.054111e+00	1.053554e+00	
901	1.765000e-09	1.000000e+00	1.054110e+00	1.053554e+00	
902	1.767000e-09	1.000000e+00	1.054110e+00	1.053553e+00	
903	1.769000e-09	1.000000e+00	1.054109e+00	1.053553e+00	
904	1.771000e-09	1.000000e+00	1.054109e+00	1.053553e+00	
905	1.773000e-09	1.000000e+00	1.054109e+00	1.053552e+00	
906	1.775000e-09	1.000000e+00	1.054108e+00	1.053552e+00	
907	1.777000e-09	1.000000e+00	1.054108e+00	1.053552e+00	
908	1.779000e-09	1.000000e+00	1.054108e+00	1.053551e+00	
909	1.781000e-09	1.000000e+00	1.054107e+00	1.053551e+00	
910	1.783000e-09	1.000000e+00	1.054107e+00	1.053551e+00	
911	1.785000e-09	1.000000e+00	1.054107e+00	1.053550e+00	
912	1.787000e-09	1.000000e+00	1.054106e+00	1.053550e+00	
913	1.789000e-09	1.000000e+00	1.054106e+00	1.053550e+00	
914	1.791000e-09	1.000000e+00	1.054105e+00	1.053549e+00	
915	1.793000e-09	1.000000e+00	1.054105e+00	1.053549e+00	
916	1.795000e-09	1.000000e+00	1.054105e+00	1.053549e+00	
917	1.797000e-09	1.000000e+00	1.054104e+00	1.053548e+00	
918	1.799000e-09	1.000000e+00	1.054104e+00	1.053548e+00	
919	1.801000e-09	1.000000e+00	1.054104e+00	1.053548e+00	
920	1.803000e-09	1.000000e+00	1.054103e+00	1.053547e+00	
921	1.805000e-09	1.000000e+00	1.054103e+00	1.053547e+00	
922	1.807000e-09	1.000000e+00	1.054103e+00	1.053547e+00	
923	1.809000e-09	1.000000e+00	1.054102e+00	1.053546e+00	
924	1.811000e-09	1.000000e+00	1.054102e+00	1.053546e+00	

Index   time            v(enb)          v(bl)           v(blb)          
--------------------------------------------------------------------------------
925	1.813000e-09	1.000000e+00	1.054101e+00	1.053546e+00	
926	1.815000e-09	1.000000e+00	1.054101e+00	1.053545e+00	
927	1.817000e-09	1.000000e+00	1.054101e+00	1.053545e+00	
928	1.819000e-09	1.000000e+00	1.054100e+00	1.053545e+00	
929	1.821000e-09	1.000000e+00	1.054100e+00	1.053544e+00	
930	1.823000e-09	1.000000e+00	1.054100e+00	1.053544e+00	
931	1.825000e-09	1.000000e+00	1.054099e+00	1.053544e+00	
932	1.827000e-09	1.000000e+00	1.054099e+00	1.053543e+00	
933	1.829000e-09	1.000000e+00	1.054099e+00	1.053543e+00	
934	1.831000e-09	1.000000e+00	1.054098e+00	1.053543e+00	
935	1.833000e-09	1.000000e+00	1.054098e+00	1.053542e+00	
936	1.835000e-09	1.000000e+00	1.054097e+00	1.053542e+00	
937	1.837000e-09	1.000000e+00	1.054097e+00	1.053542e+00	
938	1.839000e-09	1.000000e+00	1.054097e+00	1.053541e+00	
939	1.841000e-09	1.000000e+00	1.054096e+00	1.053541e+00	
940	1.843000e-09	1.000000e+00	1.054096e+00	1.053541e+00	
941	1.845000e-09	1.000000e+00	1.054096e+00	1.053540e+00	
942	1.847000e-09	1.000000e+00	1.054095e+00	1.053540e+00	
943	1.849000e-09	1.000000e+00	1.054095e+00	1.053540e+00	
944	1.851000e-09	1.000000e+00	1.054095e+00	1.053539e+00	
945	1.853000e-09	1.000000e+00	1.054094e+00	1.053539e+00	
946	1.855000e-09	1.000000e+00	1.054094e+00	1.053539e+00	
947	1.857000e-09	1.000000e+00	1.054093e+00	1.053538e+00	
948	1.859000e-09	1.000000e+00	1.054093e+00	1.053538e+00	
949	1.861000e-09	1.000000e+00	1.054093e+00	1.053538e+00	
950	1.863000e-09	1.000000e+00	1.054092e+00	1.053537e+00	
951	1.865000e-09	1.000000e+00	1.054092e+00	1.053537e+00	
952	1.867000e-09	1.000000e+00	1.054092e+00	1.053537e+00	
953	1.869000e-09	1.000000e+00	1.054091e+00	1.053536e+00	
954	1.871000e-09	1.000000e+00	1.054091e+00	1.053536e+00	
955	1.873000e-09	1.000000e+00	1.054091e+00	1.053536e+00	
956	1.875000e-09	1.000000e+00	1.054090e+00	1.053535e+00	
957	1.877000e-09	1.000000e+00	1.054090e+00	1.053535e+00	
958	1.879000e-09	1.000000e+00	1.054089e+00	1.053535e+00	
959	1.881000e-09	1.000000e+00	1.054089e+00	1.053534e+00	
960	1.883000e-09	1.000000e+00	1.054089e+00	1.053534e+00	
961	1.885000e-09	1.000000e+00	1.054088e+00	1.053534e+00	
962	1.887000e-09	1.000000e+00	1.054088e+00	1.053533e+00	
963	1.889000e-09	1.000000e+00	1.054088e+00	1.053533e+00	
964	1.891000e-09	1.000000e+00	1.054087e+00	1.053533e+00	
965	1.893000e-09	1.000000e+00	1.054087e+00	1.053532e+00	
966	1.895000e-09	1.000000e+00	1.054087e+00	1.053532e+00	
967	1.897000e-09	1.000000e+00	1.054086e+00	1.053532e+00	
968	1.899000e-09	1.000000e+00	1.054086e+00	1.053531e+00	
969	1.901000e-09	1.000000e+00	1.054085e+00	1.053531e+00	
970	1.903000e-09	1.000000e+00	1.054085e+00	1.053531e+00	
971	1.905000e-09	1.000000e+00	1.054085e+00	1.053530e+00	
972	1.907000e-09	1.000000e+00	1.054084e+00	1.053530e+00	
973	1.909000e-09	1.000000e+00	1.054084e+00	1.053530e+00	
974	1.911000e-09	1.000000e+00	1.054084e+00	1.053529e+00	
975	1.913000e-09	1.000000e+00	1.054083e+00	1.053529e+00	
976	1.915000e-09	1.000000e+00	1.054083e+00	1.053529e+00	
977	1.917000e-09	1.000000e+00	1.054083e+00	1.053528e+00	
978	1.919000e-09	1.000000e+00	1.054082e+00	1.053528e+00	
979	1.921000e-09	1.000000e+00	1.054082e+00	1.053528e+00	
980	1.923000e-09	1.000000e+00	1.054081e+00	1.053527e+00	
981	1.925000e-09	1.000000e+00	1.054081e+00	1.053527e+00	
982	1.927000e-09	1.000000e+00	1.054081e+00	1.053526e+00	

Index   time            v(enb)          v(bl)           v(blb)          
--------------------------------------------------------------------------------
983	1.929000e-09	1.000000e+00	1.054080e+00	1.053526e+00	
984	1.931000e-09	1.000000e+00	1.054080e+00	1.053526e+00	
985	1.933000e-09	1.000000e+00	1.054080e+00	1.053525e+00	
986	1.935000e-09	1.000000e+00	1.054079e+00	1.053525e+00	
987	1.937000e-09	1.000000e+00	1.054079e+00	1.053525e+00	
988	1.939000e-09	1.000000e+00	1.054079e+00	1.053524e+00	
989	1.941000e-09	1.000000e+00	1.054078e+00	1.053524e+00	
990	1.943000e-09	1.000000e+00	1.054078e+00	1.053524e+00	
991	1.945000e-09	1.000000e+00	1.054077e+00	1.053523e+00	
992	1.947000e-09	1.000000e+00	1.054077e+00	1.053523e+00	
993	1.949000e-09	1.000000e+00	1.054077e+00	1.053523e+00	
994	1.951000e-09	1.000000e+00	1.054076e+00	1.053522e+00	
995	1.953000e-09	1.000000e+00	1.054076e+00	1.053522e+00	
996	1.955000e-09	1.000000e+00	1.054076e+00	1.053522e+00	
997	1.957000e-09	1.000000e+00	1.054075e+00	1.053521e+00	
998	1.959000e-09	1.000000e+00	1.054075e+00	1.053521e+00	
999	1.961000e-09	1.000000e+00	1.054075e+00	1.053521e+00	
1000	1.963000e-09	1.000000e+00	1.054074e+00	1.053520e+00	
1001	1.965000e-09	1.000000e+00	1.054074e+00	1.053520e+00	
1002	1.967000e-09	1.000000e+00	1.054073e+00	1.053520e+00	
1003	1.969000e-09	1.000000e+00	1.054073e+00	1.053519e+00	
1004	1.971000e-09	1.000000e+00	1.054073e+00	1.053519e+00	
1005	1.973000e-09	1.000000e+00	1.054072e+00	1.053519e+00	
1006	1.975000e-09	1.000000e+00	1.054072e+00	1.053518e+00	
1007	1.977000e-09	1.000000e+00	1.054072e+00	1.053518e+00	
1008	1.979000e-09	1.000000e+00	1.054071e+00	1.053518e+00	
1009	1.981000e-09	1.000000e+00	1.054071e+00	1.053517e+00	
1010	1.983000e-09	1.000000e+00	1.054071e+00	1.053517e+00	
1011	1.985000e-09	1.000000e+00	1.054070e+00	1.053517e+00	
1012	1.987000e-09	1.000000e+00	1.054070e+00	1.053516e+00	
1013	1.989000e-09	1.000000e+00	1.054069e+00	1.053516e+00	
1014	1.991000e-09	1.000000e+00	1.054069e+00	1.053516e+00	
1015	1.993000e-09	1.000000e+00	1.054069e+00	1.053515e+00	
1016	1.995000e-09	1.000000e+00	1.054068e+00	1.053515e+00	
1017	1.997000e-09	1.000000e+00	1.054068e+00	1.053515e+00	
1018	1.999000e-09	1.000000e+00	1.054068e+00	1.053514e+00	
1019	2.001000e-09	1.000000e+00	1.054067e+00	1.053514e+00	
1020	2.003000e-09	1.000000e+00	1.054067e+00	1.053514e+00	
1021	2.005000e-09	1.000000e+00	1.054067e+00	1.053513e+00	
1022	2.007000e-09	1.000000e+00	1.054066e+00	1.053513e+00	
1023	2.009000e-09	1.000000e+00	1.054066e+00	1.053513e+00	
1024	2.011000e-09	1.000000e+00	1.054066e+00	1.053512e+00	
1025	2.013000e-09	1.000000e+00	1.054065e+00	1.053512e+00	
1026	2.015000e-09	1.000000e+00	1.054065e+00	1.053512e+00	
1027	2.017000e-09	1.000000e+00	1.054064e+00	1.053511e+00	
1028	2.019000e-09	1.000000e+00	1.054064e+00	1.053511e+00	
1029	2.021000e-09	1.000000e+00	1.054064e+00	1.053511e+00	
1030	2.023000e-09	1.000000e+00	1.054063e+00	1.053510e+00	
1031	2.025000e-09	1.000000e+00	1.054063e+00	1.053510e+00	
1032	2.027000e-09	1.000000e+00	1.054063e+00	1.053510e+00	
1033	2.029000e-09	1.000000e+00	1.054062e+00	1.053509e+00	
1034	2.031000e-09	1.000000e+00	1.054062e+00	1.053509e+00	
1035	2.033000e-09	1.000000e+00	1.054062e+00	1.053509e+00	
1036	2.035000e-09	1.000000e+00	1.054061e+00	1.053508e+00	
1037	2.037000e-09	1.000000e+00	1.054061e+00	1.053508e+00	
1038	2.039000e-09	1.000000e+00	1.054060e+00	1.053508e+00	
1039	2.041000e-09	1.000000e+00	1.054060e+00	1.053507e+00	
1040	2.043000e-09	1.000000e+00	1.054060e+00	1.053507e+00	

Index   time            v(enb)          v(bl)           v(blb)          
--------------------------------------------------------------------------------
1041	2.045000e-09	1.000000e+00	1.054059e+00	1.053507e+00	
1042	2.047000e-09	1.000000e+00	1.054059e+00	1.053506e+00	
1043	2.049000e-09	1.000000e+00	1.054059e+00	1.053506e+00	
1044	2.051000e-09	1.000000e+00	1.054058e+00	1.053506e+00	
1045	2.053000e-09	1.000000e+00	1.054058e+00	1.053505e+00	
1046	2.055000e-09	1.000000e+00	1.054058e+00	1.053505e+00	
1047	2.057000e-09	1.000000e+00	1.054057e+00	1.053505e+00	
1048	2.059000e-09	1.000000e+00	1.054057e+00	1.053504e+00	
1049	2.061000e-09	1.000000e+00	1.054056e+00	1.053504e+00	
1050	2.063000e-09	1.000000e+00	1.054056e+00	1.053504e+00	
1051	2.065000e-09	1.000000e+00	1.054056e+00	1.053503e+00	
1052	2.067000e-09	1.000000e+00	1.054055e+00	1.053503e+00	
1053	2.069000e-09	1.000000e+00	1.054055e+00	1.053503e+00	
1054	2.071000e-09	1.000000e+00	1.054055e+00	1.053502e+00	
1055	2.073000e-09	1.000000e+00	1.054054e+00	1.053502e+00	
1056	2.075000e-09	1.000000e+00	1.054054e+00	1.053502e+00	
1057	2.077000e-09	1.000000e+00	1.054054e+00	1.053501e+00	
1058	2.079000e-09	1.000000e+00	1.054053e+00	1.053501e+00	
1059	2.081000e-09	1.000000e+00	1.054053e+00	1.053501e+00	
1060	2.083000e-09	1.000000e+00	1.054052e+00	1.053500e+00	
1061	2.085000e-09	1.000000e+00	1.054052e+00	1.053500e+00	
1062	2.087000e-09	1.000000e+00	1.054052e+00	1.053500e+00	
1063	2.089000e-09	1.000000e+00	1.054051e+00	1.053499e+00	
1064	2.091000e-09	1.000000e+00	1.054051e+00	1.053499e+00	
1065	2.093000e-09	1.000000e+00	1.054051e+00	1.053499e+00	
1066	2.095000e-09	1.000000e+00	1.054050e+00	1.053498e+00	
1067	2.097000e-09	1.000000e+00	1.054050e+00	1.053498e+00	
1068	2.099000e-09	1.000000e+00	1.054050e+00	1.053498e+00	
1069	2.101000e-09	1.000000e+00	1.054049e+00	1.053497e+00	
1070	2.103000e-09	1.000000e+00	1.054049e+00	1.053497e+00	
1071	2.105000e-09	1.000000e+00	1.054048e+00	1.053497e+00	
1072	2.107000e-09	1.000000e+00	1.054048e+00	1.053496e+00	
1073	2.109000e-09	1.000000e+00	1.054048e+00	1.053496e+00	
1074	2.111000e-09	1.000000e+00	1.054047e+00	1.053496e+00	
1075	2.113000e-09	1.000000e+00	1.054047e+00	1.053495e+00	
1076	2.115000e-09	1.000000e+00	1.054047e+00	1.053495e+00	
1077	2.117000e-09	1.000000e+00	1.054046e+00	1.053495e+00	
1078	2.119000e-09	1.000000e+00	1.054046e+00	1.053494e+00	
1079	2.121000e-09	1.000000e+00	1.054046e+00	1.053494e+00	
1080	2.123000e-09	1.000000e+00	1.054045e+00	1.053494e+00	
1081	2.125000e-09	1.000000e+00	1.054045e+00	1.053493e+00	
1082	2.127000e-09	1.000000e+00	1.054044e+00	1.053493e+00	
1083	2.129000e-09	1.000000e+00	1.054044e+00	1.053493e+00	
1084	2.131000e-09	1.000000e+00	1.054044e+00	1.053492e+00	
1085	2.133000e-09	1.000000e+00	1.054043e+00	1.053492e+00	
1086	2.135000e-09	1.000000e+00	1.054043e+00	1.053492e+00	
1087	2.137000e-09	1.000000e+00	1.054043e+00	1.053491e+00	
1088	2.139000e-09	1.000000e+00	1.054042e+00	1.053491e+00	
1089	2.141000e-09	1.000000e+00	1.054042e+00	1.053491e+00	
1090	2.143000e-09	1.000000e+00	1.054042e+00	1.053490e+00	
1091	2.145000e-09	1.000000e+00	1.054041e+00	1.053490e+00	
1092	2.147000e-09	1.000000e+00	1.054041e+00	1.053490e+00	
1093	2.149000e-09	1.000000e+00	1.054040e+00	1.053489e+00	
1094	2.151000e-09	1.000000e+00	1.054040e+00	1.053489e+00	
1095	2.153000e-09	1.000000e+00	1.054040e+00	1.053489e+00	
1096	2.155000e-09	1.000000e+00	1.054039e+00	1.053488e+00	
1097	2.157000e-09	1.000000e+00	1.054039e+00	1.053488e+00	
1098	2.159000e-09	1.000000e+00	1.054039e+00	1.053488e+00	

Index   time            v(enb)          v(bl)           v(blb)          
--------------------------------------------------------------------------------
1099	2.161000e-09	1.000000e+00	1.054038e+00	1.053487e+00	
1100	2.163000e-09	1.000000e+00	1.054038e+00	1.053487e+00	
1101	2.165000e-09	1.000000e+00	1.054038e+00	1.053487e+00	
1102	2.167000e-09	1.000000e+00	1.054037e+00	1.053486e+00	
1103	2.169000e-09	1.000000e+00	1.054037e+00	1.053486e+00	
1104	2.171000e-09	1.000000e+00	1.054037e+00	1.053486e+00	
1105	2.173000e-09	1.000000e+00	1.054036e+00	1.053485e+00	
1106	2.175000e-09	1.000000e+00	1.054036e+00	1.053485e+00	
1107	2.177000e-09	1.000000e+00	1.054035e+00	1.053485e+00	
1108	2.179000e-09	1.000000e+00	1.054035e+00	1.053484e+00	
1109	2.181000e-09	1.000000e+00	1.054035e+00	1.053484e+00	
1110	2.183000e-09	1.000000e+00	1.054034e+00	1.053484e+00	
1111	2.185000e-09	1.000000e+00	1.054034e+00	1.053483e+00	
1112	2.187000e-09	1.000000e+00	1.054034e+00	1.053483e+00	
1113	2.189000e-09	1.000000e+00	1.054033e+00	1.053483e+00	
1114	2.191000e-09	1.000000e+00	1.054033e+00	1.053482e+00	
1115	2.193000e-09	1.000000e+00	1.054033e+00	1.053482e+00	
1116	2.195000e-09	1.000000e+00	1.054032e+00	1.053482e+00	
1117	2.197000e-09	1.000000e+00	1.054032e+00	1.053481e+00	
1118	2.199000e-09	1.000000e+00	1.054031e+00	1.053481e+00	
1119	2.201000e-09	1.000000e+00	1.054031e+00	1.053481e+00	
1120	2.203000e-09	1.000000e+00	1.054031e+00	1.053480e+00	
1121	2.205000e-09	1.000000e+00	1.054030e+00	1.053480e+00	
1122	2.207000e-09	1.000000e+00	1.054030e+00	1.053480e+00	
1123	2.209000e-09	1.000000e+00	1.054030e+00	1.053479e+00	
1124	2.211000e-09	1.000000e+00	1.054029e+00	1.053479e+00	
1125	2.213000e-09	1.000000e+00	1.054029e+00	1.053479e+00	
1126	2.215000e-09	1.000000e+00	1.054029e+00	1.053478e+00	
1127	2.217000e-09	1.000000e+00	1.054028e+00	1.053478e+00	
1128	2.219000e-09	1.000000e+00	1.054028e+00	1.053478e+00	
1129	2.221000e-09	1.000000e+00	1.054027e+00	1.053477e+00	
1130	2.223000e-09	1.000000e+00	1.054027e+00	1.053477e+00	
1131	2.225000e-09	1.000000e+00	1.054027e+00	1.053477e+00	
1132	2.227000e-09	1.000000e+00	1.054026e+00	1.053476e+00	
1133	2.229000e-09	1.000000e+00	1.054026e+00	1.053476e+00	
1134	2.231000e-09	1.000000e+00	1.054026e+00	1.053476e+00	
1135	2.233000e-09	1.000000e+00	1.054025e+00	1.053475e+00	
1136	2.235000e-09	1.000000e+00	1.054025e+00	1.053475e+00	
1137	2.237000e-09	1.000000e+00	1.054025e+00	1.053475e+00	
1138	2.239000e-09	1.000000e+00	1.054024e+00	1.053474e+00	
1139	2.241000e-09	1.000000e+00	1.054024e+00	1.053474e+00	
1140	2.243000e-09	1.000000e+00	1.054023e+00	1.053473e+00	
1141	2.245000e-09	1.000000e+00	1.054023e+00	1.053473e+00	
1142	2.247000e-09	1.000000e+00	1.054023e+00	1.053473e+00	
1143	2.249000e-09	1.000000e+00	1.054022e+00	1.053472e+00	
1144	2.251000e-09	1.000000e+00	1.054022e+00	1.053472e+00	
1145	2.253000e-09	1.000000e+00	1.054022e+00	1.053472e+00	
1146	2.255000e-09	1.000000e+00	1.054021e+00	1.053471e+00	
1147	2.257000e-09	1.000000e+00	1.054021e+00	1.053471e+00	
1148	2.259000e-09	1.000000e+00	1.054021e+00	1.053471e+00	
1149	2.261000e-09	1.000000e+00	1.054020e+00	1.053470e+00	
1150	2.263000e-09	1.000000e+00	1.054020e+00	1.053470e+00	
1151	2.265000e-09	1.000000e+00	1.054019e+00	1.053470e+00	
1152	2.267000e-09	1.000000e+00	1.054019e+00	1.053469e+00	
1153	2.269000e-09	1.000000e+00	1.054019e+00	1.053469e+00	
1154	2.271000e-09	1.000000e+00	1.054018e+00	1.053469e+00	
1155	2.273000e-09	1.000000e+00	1.054018e+00	1.053468e+00	
1156	2.275000e-09	1.000000e+00	1.054018e+00	1.053468e+00	

Index   time            v(enb)          v(bl)           v(blb)          
--------------------------------------------------------------------------------
1157	2.277000e-09	1.000000e+00	1.054017e+00	1.053468e+00	
1158	2.279000e-09	1.000000e+00	1.054017e+00	1.053467e+00	
1159	2.281000e-09	1.000000e+00	1.054017e+00	1.053467e+00	
1160	2.283000e-09	1.000000e+00	1.054016e+00	1.053467e+00	
1161	2.285000e-09	1.000000e+00	1.054016e+00	1.053466e+00	
1162	2.287000e-09	1.000000e+00	1.054016e+00	1.053466e+00	
1163	2.289000e-09	1.000000e+00	1.054015e+00	1.053466e+00	
1164	2.291000e-09	1.000000e+00	1.054015e+00	1.053465e+00	
1165	2.293000e-09	1.000000e+00	1.054014e+00	1.053465e+00	
1166	2.295000e-09	1.000000e+00	1.054014e+00	1.053465e+00	
1167	2.297000e-09	1.000000e+00	1.054014e+00	1.053464e+00	
1168	2.299000e-09	1.000000e+00	1.054013e+00	1.053464e+00	
1169	2.301000e-09	1.000000e+00	1.054013e+00	1.053464e+00	
1170	2.303000e-09	1.000000e+00	1.054013e+00	1.053463e+00	
1171	2.305000e-09	1.000000e+00	1.054012e+00	1.053463e+00	
1172	2.307000e-09	1.000000e+00	1.054012e+00	1.053463e+00	
1173	2.309000e-09	1.000000e+00	1.054012e+00	1.053462e+00	
1174	2.311000e-09	1.000000e+00	1.054011e+00	1.053462e+00	
1175	2.313000e-09	1.000000e+00	1.054011e+00	1.053462e+00	
1176	2.315000e-09	1.000000e+00	1.054010e+00	1.053461e+00	
1177	2.317000e-09	1.000000e+00	1.054010e+00	1.053461e+00	
1178	2.319000e-09	1.000000e+00	1.054010e+00	1.053461e+00	
1179	2.321000e-09	1.000000e+00	1.054009e+00	1.053460e+00	
1180	2.323000e-09	1.000000e+00	1.054009e+00	1.053460e+00	
1181	2.325000e-09	1.000000e+00	1.054009e+00	1.053460e+00	
1182	2.327000e-09	1.000000e+00	1.054008e+00	1.053459e+00	
1183	2.329000e-09	1.000000e+00	1.054008e+00	1.053459e+00	
1184	2.331000e-09	1.000000e+00	1.054008e+00	1.053459e+00	
1185	2.333000e-09	1.000000e+00	1.054007e+00	1.053458e+00	
1186	2.335000e-09	1.000000e+00	1.054007e+00	1.053458e+00	
1187	2.337000e-09	1.000000e+00	1.054006e+00	1.053458e+00	
1188	2.339000e-09	1.000000e+00	1.054006e+00	1.053457e+00	
1189	2.341000e-09	1.000000e+00	1.054006e+00	1.053457e+00	
1190	2.343000e-09	1.000000e+00	1.054005e+00	1.053457e+00	
1191	2.345000e-09	1.000000e+00	1.054005e+00	1.053456e+00	
1192	2.347000e-09	1.000000e+00	1.054005e+00	1.053456e+00	
1193	2.349000e-09	1.000000e+00	1.054004e+00	1.053456e+00	
1194	2.351000e-09	1.000000e+00	1.054004e+00	1.053455e+00	
1195	2.353000e-09	1.000000e+00	1.054004e+00	1.053455e+00	
1196	2.355000e-09	1.000000e+00	1.054003e+00	1.053455e+00	
1197	2.357000e-09	1.000000e+00	1.054003e+00	1.053454e+00	
1198	2.359000e-09	1.000000e+00	1.054002e+00	1.053454e+00	
1199	2.361000e-09	1.000000e+00	1.054002e+00	1.053454e+00	
1200	2.363000e-09	1.000000e+00	1.054002e+00	1.053453e+00	
1201	2.365000e-09	1.000000e+00	1.054001e+00	1.053453e+00	
1202	2.367000e-09	1.000000e+00	1.054001e+00	1.053453e+00	
1203	2.369000e-09	1.000000e+00	1.054001e+00	1.053452e+00	
1204	2.371000e-09	1.000000e+00	1.054000e+00	1.053452e+00	
1205	2.373000e-09	1.000000e+00	1.054000e+00	1.053452e+00	
1206	2.375000e-09	1.000000e+00	1.054000e+00	1.053451e+00	
1207	2.377000e-09	1.000000e+00	1.053999e+00	1.053451e+00	
1208	2.379000e-09	1.000000e+00	1.053999e+00	1.053451e+00	
1209	2.381000e-09	1.000000e+00	1.053999e+00	1.053450e+00	
1210	2.383000e-09	1.000000e+00	1.053998e+00	1.053450e+00	
1211	2.385000e-09	1.000000e+00	1.053998e+00	1.053450e+00	
1212	2.387000e-09	1.000000e+00	1.053997e+00	1.053449e+00	
1213	2.389000e-09	1.000000e+00	1.053997e+00	1.053449e+00	
1214	2.391000e-09	1.000000e+00	1.053997e+00	1.053449e+00	

Index   time            v(enb)          v(bl)           v(blb)          
--------------------------------------------------------------------------------
1215	2.393000e-09	1.000000e+00	1.053996e+00	1.053448e+00	
1216	2.395000e-09	1.000000e+00	1.053996e+00	1.053448e+00	
1217	2.397000e-09	1.000000e+00	1.053996e+00	1.053448e+00	
1218	2.399000e-09	1.000000e+00	1.053995e+00	1.053447e+00	
1219	2.401000e-09	1.000000e+00	1.053995e+00	1.053447e+00	
1220	2.403000e-09	1.000000e+00	1.053995e+00	1.053447e+00	
1221	2.405000e-09	1.000000e+00	1.053994e+00	1.053446e+00	
1222	2.407000e-09	1.000000e+00	1.053994e+00	1.053446e+00	
1223	2.409000e-09	1.000000e+00	1.053993e+00	1.053446e+00	
1224	2.411000e-09	1.000000e+00	1.053993e+00	1.053445e+00	
1225	2.413000e-09	1.000000e+00	1.053993e+00	1.053445e+00	
1226	2.415000e-09	1.000000e+00	1.053992e+00	1.053445e+00	
1227	2.417000e-09	1.000000e+00	1.053992e+00	1.053444e+00	
1228	2.419000e-09	1.000000e+00	1.053992e+00	1.053444e+00	
1229	2.421000e-09	1.000000e+00	1.053991e+00	1.053444e+00	
1230	2.423000e-09	1.000000e+00	1.053991e+00	1.053443e+00	
1231	2.425000e-09	1.000000e+00	1.053991e+00	1.053443e+00	
1232	2.427000e-09	1.000000e+00	1.053990e+00	1.053443e+00	
1233	2.429000e-09	1.000000e+00	1.053990e+00	1.053442e+00	
1234	2.431000e-09	1.000000e+00	1.053989e+00	1.053442e+00	
1235	2.433000e-09	1.000000e+00	1.053989e+00	1.053442e+00	
1236	2.435000e-09	1.000000e+00	1.053989e+00	1.053441e+00	
1237	2.437000e-09	1.000000e+00	1.053988e+00	1.053441e+00	
1238	2.439000e-09	1.000000e+00	1.053988e+00	1.053441e+00	
1239	2.441000e-09	1.000000e+00	1.053988e+00	1.053440e+00	
1240	2.443000e-09	1.000000e+00	1.053987e+00	1.053440e+00	
1241	2.445000e-09	1.000000e+00	1.053987e+00	1.053440e+00	
1242	2.447000e-09	1.000000e+00	1.053987e+00	1.053439e+00	
1243	2.449000e-09	1.000000e+00	1.053986e+00	1.053439e+00	
1244	2.451000e-09	1.000000e+00	1.053986e+00	1.053439e+00	
1245	2.453000e-09	1.000000e+00	1.053985e+00	1.053438e+00	
1246	2.455000e-09	1.000000e+00	1.053985e+00	1.053438e+00	
1247	2.457000e-09	1.000000e+00	1.053985e+00	1.053438e+00	
1248	2.459000e-09	1.000000e+00	1.053984e+00	1.053437e+00	
1249	2.461000e-09	1.000000e+00	1.053984e+00	1.053437e+00	
1250	2.463000e-09	1.000000e+00	1.053984e+00	1.053437e+00	
1251	2.465000e-09	1.000000e+00	1.053983e+00	1.053436e+00	
1252	2.467000e-09	1.000000e+00	1.053983e+00	1.053436e+00	
1253	2.469000e-09	1.000000e+00	1.053983e+00	1.053436e+00	
1254	2.471000e-09	1.000000e+00	1.053982e+00	1.053435e+00	
1255	2.473000e-09	1.000000e+00	1.053982e+00	1.053435e+00	
1256	2.475000e-09	1.000000e+00	1.053982e+00	1.053435e+00	
1257	2.477000e-09	1.000000e+00	1.053981e+00	1.053434e+00	
1258	2.479000e-09	1.000000e+00	1.053981e+00	1.053434e+00	
1259	2.481000e-09	1.000000e+00	1.053980e+00	1.053434e+00	
1260	2.483000e-09	1.000000e+00	1.053980e+00	1.053433e+00	
1261	2.485000e-09	1.000000e+00	1.053980e+00	1.053433e+00	
1262	2.487000e-09	1.000000e+00	1.053979e+00	1.053433e+00	
1263	2.489000e-09	1.000000e+00	1.053979e+00	1.053432e+00	
1264	2.491000e-09	1.000000e+00	1.053979e+00	1.053432e+00	
1265	2.493000e-09	1.000000e+00	1.053978e+00	1.053432e+00	
1266	2.495000e-09	1.000000e+00	1.053978e+00	1.053431e+00	
1267	2.497000e-09	1.000000e+00	1.053978e+00	1.053431e+00	
1268	2.499000e-09	1.000000e+00	1.053977e+00	1.053431e+00	
1269	2.501000e-09	1.000000e+00	1.053977e+00	1.053430e+00	
1270	2.503000e-09	1.000000e+00	1.053976e+00	1.053430e+00	
1271	2.505000e-09	1.000000e+00	1.053976e+00	1.053430e+00	
1272	2.507000e-09	1.000000e+00	1.053976e+00	1.053429e+00	

Index   time            v(enb)          v(bl)           v(blb)          
--------------------------------------------------------------------------------
1273	2.509000e-09	1.000000e+00	1.053975e+00	1.053429e+00	
1274	2.511000e-09	1.000000e+00	1.053975e+00	1.053429e+00	
1275	2.513000e-09	1.000000e+00	1.053975e+00	1.053428e+00	
1276	2.515000e-09	1.000000e+00	1.053974e+00	1.053428e+00	
1277	2.517000e-09	1.000000e+00	1.053974e+00	1.053428e+00	
1278	2.519000e-09	1.000000e+00	1.053974e+00	1.053427e+00	
1279	2.521000e-09	1.000000e+00	1.053973e+00	1.053427e+00	
1280	2.523000e-09	1.000000e+00	1.053973e+00	1.053427e+00	
1281	2.525000e-09	1.000000e+00	1.053972e+00	1.053426e+00	
1282	2.527000e-09	1.000000e+00	1.053972e+00	1.053426e+00	
1283	2.529000e-09	1.000000e+00	1.053972e+00	1.053426e+00	
1284	2.531000e-09	1.000000e+00	1.053971e+00	1.053425e+00	
1285	2.533000e-09	1.000000e+00	1.053971e+00	1.053425e+00	
1286	2.535000e-09	1.000000e+00	1.053971e+00	1.053425e+00	
1287	2.537000e-09	1.000000e+00	1.053970e+00	1.053424e+00	
1288	2.539000e-09	1.000000e+00	1.053970e+00	1.053424e+00	
1289	2.541000e-09	1.000000e+00	1.053970e+00	1.053424e+00	
1290	2.543000e-09	1.000000e+00	1.053969e+00	1.053423e+00	
1291	2.545000e-09	1.000000e+00	1.053969e+00	1.053423e+00	
1292	2.547000e-09	1.000000e+00	1.053969e+00	1.053423e+00	
1293	2.549000e-09	1.000000e+00	1.053968e+00	1.053422e+00	
1294	2.551000e-09	1.000000e+00	1.053968e+00	1.053422e+00	
1295	2.553000e-09	1.000000e+00	1.053967e+00	1.053422e+00	
1296	2.555000e-09	1.000000e+00	1.053967e+00	1.053421e+00	
1297	2.557000e-09	1.000000e+00	1.053967e+00	1.053421e+00	
1298	2.559000e-09	1.000000e+00	1.053966e+00	1.053421e+00	
1299	2.561000e-09	1.000000e+00	1.053966e+00	1.053420e+00	
1300	2.563000e-09	1.000000e+00	1.053966e+00	1.053420e+00	
1301	2.565000e-09	1.000000e+00	1.053965e+00	1.053420e+00	
1302	2.567000e-09	1.000000e+00	1.053965e+00	1.053419e+00	
1303	2.569000e-09	1.000000e+00	1.053965e+00	1.053419e+00	
1304	2.571000e-09	1.000000e+00	1.053964e+00	1.053419e+00	
1305	2.573000e-09	1.000000e+00	1.053964e+00	1.053418e+00	
1306	2.575000e-09	1.000000e+00	1.053963e+00	1.053418e+00	
1307	2.577000e-09	1.000000e+00	1.053963e+00	1.053418e+00	
1308	2.579000e-09	1.000000e+00	1.053963e+00	1.053417e+00	
1309	2.581000e-09	1.000000e+00	1.053962e+00	1.053417e+00	
1310	2.583000e-09	1.000000e+00	1.053962e+00	1.053417e+00	
1311	2.585000e-09	1.000000e+00	1.053962e+00	1.053416e+00	
1312	2.587000e-09	1.000000e+00	1.053961e+00	1.053416e+00	
1313	2.589000e-09	1.000000e+00	1.053961e+00	1.053416e+00	
1314	2.591000e-09	1.000000e+00	1.053961e+00	1.053415e+00	
1315	2.593000e-09	1.000000e+00	1.053960e+00	1.053415e+00	
1316	2.595000e-09	1.000000e+00	1.053960e+00	1.053415e+00	
1317	2.597000e-09	1.000000e+00	1.053959e+00	1.053414e+00	
1318	2.599000e-09	1.000000e+00	1.053959e+00	1.053414e+00	
1319	2.600000e-09	1.000000e+00	1.053959e+00	1.053414e+00	
1320	2.600200e-09	9.800000e-01	1.053144e+00	1.052610e+00	
1321	2.600600e-09	9.400000e-01	1.051477e+00	1.050969e+00	
1322	2.601400e-09	8.600000e-01	1.048031e+00	1.047574e+00	
1323	2.603000e-09	7.000000e-01	1.040627e+00	1.040286e+00	
1324	2.605000e-09	5.000000e-01	1.027547e+00	1.027422e+00	
1325	2.607000e-09	3.000000e-01	1.011314e+00	1.011413e+00	
1326	2.609000e-09	1.000000e-01	9.960597e-01	9.962759e-01	
1327	2.610000e-09	0.000000e+00	9.895013e-01	9.897351e-01	
1328	2.610200e-09	0.000000e+00	9.897335e-01	9.899500e-01	
1329	2.610600e-09	0.000000e+00	9.901930e-01	9.903766e-01	
1330	2.611400e-09	0.000000e+00	9.910498e-01	9.911798e-01	

Index   time            v(enb)          v(bl)           v(blb)          
--------------------------------------------------------------------------------
1331	2.613000e-09	0.000000e+00	9.925436e-01	9.926027e-01	
1332	2.615000e-09	0.000000e+00	9.940622e-01	9.940761e-01	
1333	2.617000e-09	0.000000e+00	9.952689e-01	9.952634e-01	
1334	2.619000e-09	0.000000e+00	9.962292e-01	9.962166e-01	
1335	2.621000e-09	0.000000e+00	9.969941e-01	9.969800e-01	
1336	2.623000e-09	0.000000e+00	9.976037e-01	9.975904e-01	
1337	2.625000e-09	0.000000e+00	9.980896e-01	9.980780e-01	
1338	2.627000e-09	0.000000e+00	9.984769e-01	9.984672e-01	
1339	2.629000e-09	0.000000e+00	9.987857e-01	9.987777e-01	
1340	2.631000e-09	0.000000e+00	9.990319e-01	9.990254e-01	
1341	2.633000e-09	0.000000e+00	9.992282e-01	9.992229e-01	
1342	2.635000e-09	0.000000e+00	9.993846e-01	9.993804e-01	
1343	2.637000e-09	0.000000e+00	9.995092e-01	9.995059e-01	
1344	2.639000e-09	0.000000e+00	9.996086e-01	9.996059e-01	
1345	2.641000e-09	0.000000e+00	9.996878e-01	9.996856e-01	
1346	2.643000e-09	0.000000e+00	9.997509e-01	9.997491e-01	
1347	2.645000e-09	0.000000e+00	9.998011e-01	9.997998e-01	
1348	2.647000e-09	0.000000e+00	9.998412e-01	9.998401e-01	
1349	2.649000e-09	0.000000e+00	9.998731e-01	9.998723e-01	
1350	2.651000e-09	0.000000e+00	9.998986e-01	9.998979e-01	
1351	2.653000e-09	0.000000e+00	9.999188e-01	9.999183e-01	
1352	2.655000e-09	0.000000e+00	9.999350e-01	9.999345e-01	
1353	2.657000e-09	0.000000e+00	9.999478e-01	9.999475e-01	
1354	2.659000e-09	0.000000e+00	9.999581e-01	9.999578e-01	
1355	2.661000e-09	0.000000e+00	9.999663e-01	9.999660e-01	
1356	2.663000e-09	0.000000e+00	9.999728e-01	9.999726e-01	
1357	2.665000e-09	0.000000e+00	9.999780e-01	9.999778e-01	
1358	2.667000e-09	0.000000e+00	9.999821e-01	9.999820e-01	
1359	2.669000e-09	0.000000e+00	9.999854e-01	9.999853e-01	
1360	2.671000e-09	0.000000e+00	9.999880e-01	9.999879e-01	
1361	2.673000e-09	0.000000e+00	9.999901e-01	9.999900e-01	
1362	2.675000e-09	0.000000e+00	9.999918e-01	9.999917e-01	
1363	2.677000e-09	0.000000e+00	9.999931e-01	9.999930e-01	
1364	2.679000e-09	0.000000e+00	9.999941e-01	9.999941e-01	
1365	2.681000e-09	0.000000e+00	9.999950e-01	9.999950e-01	
1366	2.683000e-09	0.000000e+00	9.999957e-01	9.999956e-01	
1367	2.685000e-09	0.000000e+00	9.999962e-01	9.999962e-01	
1368	2.687000e-09	0.000000e+00	9.999966e-01	9.999966e-01	
1369	2.689000e-09	0.000000e+00	9.999970e-01	9.999969e-01	
1370	2.691000e-09	0.000000e+00	9.999972e-01	9.999972e-01	
1371	2.693000e-09	0.000000e+00	9.999974e-01	9.999974e-01	
1372	2.695000e-09	0.000000e+00	9.999976e-01	9.999976e-01	
1373	2.697000e-09	0.000000e+00	9.999977e-01	9.999977e-01	
1374	2.699000e-09	0.000000e+00	9.999979e-01	9.999979e-01	
1375	2.701000e-09	0.000000e+00	9.999979e-01	9.999979e-01	
1376	2.703000e-09	0.000000e+00	9.999980e-01	9.999980e-01	
1377	2.705000e-09	0.000000e+00	9.999981e-01	9.999981e-01	
1378	2.707000e-09	0.000000e+00	9.999981e-01	9.999981e-01	
1379	2.709000e-09	0.000000e+00	9.999981e-01	9.999981e-01	
1380	2.711000e-09	0.000000e+00	9.999982e-01	9.999982e-01	
1381	2.713000e-09	0.000000e+00	9.999982e-01	9.999982e-01	
1382	2.715000e-09	0.000000e+00	9.999982e-01	9.999982e-01	
1383	2.717000e-09	0.000000e+00	9.999982e-01	9.999982e-01	
1384	2.719000e-09	0.000000e+00	9.999982e-01	9.999982e-01	
1385	2.721000e-09	0.000000e+00	9.999982e-01	9.999982e-01	
1386	2.723000e-09	0.000000e+00	9.999983e-01	9.999983e-01	
1387	2.725000e-09	0.000000e+00	9.999983e-01	9.999983e-01	
1388	2.727000e-09	0.000000e+00	9.999983e-01	9.999983e-01	

Index   time            v(enb)          v(bl)           v(blb)          
--------------------------------------------------------------------------------
1389	2.729000e-09	0.000000e+00	9.999983e-01	9.999983e-01	
1390	2.731000e-09	0.000000e+00	9.999983e-01	9.999983e-01	
1391	2.733000e-09	0.000000e+00	9.999983e-01	9.999983e-01	
1392	2.735000e-09	0.000000e+00	9.999983e-01	9.999983e-01	
1393	2.737000e-09	0.000000e+00	9.999983e-01	9.999983e-01	
1394	2.739000e-09	0.000000e+00	9.999983e-01	9.999983e-01	
1395	2.741000e-09	0.000000e+00	9.999983e-01	9.999983e-01	
1396	2.743000e-09	0.000000e+00	9.999983e-01	9.999983e-01	
1397	2.745000e-09	0.000000e+00	9.999983e-01	9.999983e-01	
1398	2.747000e-09	0.000000e+00	9.999983e-01	9.999983e-01	
1399	2.749000e-09	0.000000e+00	9.999983e-01	9.999983e-01	
1400	2.751000e-09	0.000000e+00	9.999983e-01	9.999983e-01	
1401	2.753000e-09	0.000000e+00	9.999983e-01	9.999983e-01	
1402	2.755000e-09	0.000000e+00	9.999983e-01	9.999983e-01	
1403	2.757000e-09	0.000000e+00	9.999983e-01	9.999983e-01	
1404	2.759000e-09	0.000000e+00	9.999983e-01	9.999983e-01	
1405	2.761000e-09	0.000000e+00	9.999983e-01	9.999983e-01	
1406	2.763000e-09	0.000000e+00	9.999983e-01	9.999983e-01	
1407	2.765000e-09	0.000000e+00	9.999983e-01	9.999983e-01	
1408	2.767000e-09	0.000000e+00	9.999983e-01	9.999983e-01	
1409	2.769000e-09	0.000000e+00	9.999983e-01	9.999983e-01	
1410	2.771000e-09	0.000000e+00	9.999983e-01	9.999983e-01	
1411	2.773000e-09	0.000000e+00	9.999983e-01	9.999983e-01	
1412	2.775000e-09	0.000000e+00	9.999983e-01	9.999983e-01	
1413	2.777000e-09	0.000000e+00	9.999983e-01	9.999983e-01	
1414	2.779000e-09	0.000000e+00	9.999983e-01	9.999983e-01	
1415	2.781000e-09	0.000000e+00	9.999983e-01	9.999983e-01	
1416	2.783000e-09	0.000000e+00	9.999983e-01	9.999983e-01	
1417	2.785000e-09	0.000000e+00	9.999983e-01	9.999983e-01	
1418	2.787000e-09	0.000000e+00	9.999983e-01	9.999983e-01	
1419	2.789000e-09	0.000000e+00	9.999983e-01	9.999983e-01	
1420	2.791000e-09	0.000000e+00	9.999983e-01	9.999983e-01	
1421	2.793000e-09	0.000000e+00	9.999983e-01	9.999983e-01	
1422	2.795000e-09	0.000000e+00	9.999983e-01	9.999983e-01	
1423	2.797000e-09	0.000000e+00	9.999983e-01	9.999983e-01	
1424	2.799000e-09	0.000000e+00	9.999983e-01	9.999983e-01	
1425	2.801000e-09	0.000000e+00	9.999983e-01	9.999983e-01	
1426	2.803000e-09	0.000000e+00	9.999983e-01	9.999983e-01	
1427	2.805000e-09	0.000000e+00	9.999983e-01	9.999983e-01	
1428	2.807000e-09	0.000000e+00	9.999983e-01	9.999983e-01	
1429	2.809000e-09	0.000000e+00	9.999983e-01	9.999983e-01	
1430	2.811000e-09	0.000000e+00	9.999983e-01	9.999983e-01	
1431	2.813000e-09	0.000000e+00	9.999983e-01	9.999983e-01	
1432	2.815000e-09	0.000000e+00	9.999983e-01	9.999983e-01	
1433	2.817000e-09	0.000000e+00	9.999983e-01	9.999983e-01	
1434	2.819000e-09	0.000000e+00	9.999983e-01	9.999983e-01	
1435	2.821000e-09	0.000000e+00	9.999983e-01	9.999983e-01	
1436	2.823000e-09	0.000000e+00	9.999983e-01	9.999983e-01	
1437	2.825000e-09	0.000000e+00	9.999983e-01	9.999983e-01	
1438	2.827000e-09	0.000000e+00	9.999983e-01	9.999983e-01	
1439	2.829000e-09	0.000000e+00	9.999983e-01	9.999983e-01	
1440	2.831000e-09	0.000000e+00	9.999983e-01	9.999983e-01	
1441	2.833000e-09	0.000000e+00	9.999983e-01	9.999983e-01	
1442	2.835000e-09	0.000000e+00	9.999983e-01	9.999983e-01	
1443	2.837000e-09	0.000000e+00	9.999983e-01	9.999983e-01	
1444	2.839000e-09	0.000000e+00	9.999983e-01	9.999983e-01	
1445	2.841000e-09	0.000000e+00	9.999983e-01	9.999983e-01	
1446	2.843000e-09	0.000000e+00	9.999983e-01	9.999983e-01	

Index   time            v(enb)          v(bl)           v(blb)          
--------------------------------------------------------------------------------
1447	2.845000e-09	0.000000e+00	9.999983e-01	9.999983e-01	
1448	2.847000e-09	0.000000e+00	9.999983e-01	9.999983e-01	
1449	2.849000e-09	0.000000e+00	9.999983e-01	9.999983e-01	
1450	2.851000e-09	0.000000e+00	9.999983e-01	9.999983e-01	
1451	2.853000e-09	0.000000e+00	9.999983e-01	9.999983e-01	
1452	2.855000e-09	0.000000e+00	9.999983e-01	9.999983e-01	
1453	2.857000e-09	0.000000e+00	9.999983e-01	9.999983e-01	
1454	2.859000e-09	0.000000e+00	9.999983e-01	9.999983e-01	
1455	2.861000e-09	0.000000e+00	9.999983e-01	9.999983e-01	
1456	2.863000e-09	0.000000e+00	9.999983e-01	9.999983e-01	
1457	2.865000e-09	0.000000e+00	9.999983e-01	9.999983e-01	
1458	2.867000e-09	0.000000e+00	9.999983e-01	9.999983e-01	
1459	2.869000e-09	0.000000e+00	9.999983e-01	9.999983e-01	
1460	2.871000e-09	0.000000e+00	9.999983e-01	9.999983e-01	
1461	2.873000e-09	0.000000e+00	9.999983e-01	9.999983e-01	
1462	2.875000e-09	0.000000e+00	9.999983e-01	9.999983e-01	
1463	2.877000e-09	0.000000e+00	9.999983e-01	9.999983e-01	
1464	2.879000e-09	0.000000e+00	9.999983e-01	9.999983e-01	
1465	2.881000e-09	0.000000e+00	9.999983e-01	9.999983e-01	
1466	2.883000e-09	0.000000e+00	9.999983e-01	9.999983e-01	
1467	2.885000e-09	0.000000e+00	9.999983e-01	9.999983e-01	
1468	2.887000e-09	0.000000e+00	9.999983e-01	9.999983e-01	
1469	2.889000e-09	0.000000e+00	9.999983e-01	9.999983e-01	
1470	2.891000e-09	0.000000e+00	9.999983e-01	9.999983e-01	
1471	2.893000e-09	0.000000e+00	9.999983e-01	9.999983e-01	
1472	2.895000e-09	0.000000e+00	9.999983e-01	9.999983e-01	
1473	2.897000e-09	0.000000e+00	9.999983e-01	9.999983e-01	
1474	2.899000e-09	0.000000e+00	9.999983e-01	9.999983e-01	
1475	2.901000e-09	0.000000e+00	9.999983e-01	9.999983e-01	
1476	2.903000e-09	0.000000e+00	9.999983e-01	9.999983e-01	
1477	2.905000e-09	0.000000e+00	9.999983e-01	9.999983e-01	
1478	2.907000e-09	0.000000e+00	9.999983e-01	9.999983e-01	
1479	2.909000e-09	0.000000e+00	9.999983e-01	9.999983e-01	
1480	2.911000e-09	0.000000e+00	9.999983e-01	9.999983e-01	
1481	2.913000e-09	0.000000e+00	9.999983e-01	9.999983e-01	
1482	2.915000e-09	0.000000e+00	9.999983e-01	9.999983e-01	
1483	2.917000e-09	0.000000e+00	9.999983e-01	9.999983e-01	
1484	2.919000e-09	0.000000e+00	9.999983e-01	9.999983e-01	
1485	2.921000e-09	0.000000e+00	9.999983e-01	9.999983e-01	
1486	2.923000e-09	0.000000e+00	9.999983e-01	9.999983e-01	
1487	2.925000e-09	0.000000e+00	9.999983e-01	9.999983e-01	
1488	2.927000e-09	0.000000e+00	9.999983e-01	9.999983e-01	
1489	2.929000e-09	0.000000e+00	9.999983e-01	9.999983e-01	
1490	2.931000e-09	0.000000e+00	9.999983e-01	9.999983e-01	
1491	2.933000e-09	0.000000e+00	9.999983e-01	9.999983e-01	
1492	2.935000e-09	0.000000e+00	9.999983e-01	9.999983e-01	
1493	2.937000e-09	0.000000e+00	9.999983e-01	9.999983e-01	
1494	2.939000e-09	0.000000e+00	9.999983e-01	9.999983e-01	
1495	2.941000e-09	0.000000e+00	9.999983e-01	9.999983e-01	
1496	2.943000e-09	0.000000e+00	9.999983e-01	9.999983e-01	
1497	2.945000e-09	0.000000e+00	9.999983e-01	9.999983e-01	
1498	2.947000e-09	0.000000e+00	9.999983e-01	9.999983e-01	
1499	2.949000e-09	0.000000e+00	9.999983e-01	9.999983e-01	
1500	2.951000e-09	0.000000e+00	9.999983e-01	9.999983e-01	
1501	2.953000e-09	0.000000e+00	9.999983e-01	9.999983e-01	
1502	2.955000e-09	0.000000e+00	9.999983e-01	9.999983e-01	
1503	2.957000e-09	0.000000e+00	9.999983e-01	9.999983e-01	
1504	2.959000e-09	0.000000e+00	9.999983e-01	9.999983e-01	

Index   time            v(enb)          v(bl)           v(blb)          
--------------------------------------------------------------------------------
1505	2.961000e-09	0.000000e+00	9.999983e-01	9.999983e-01	
1506	2.963000e-09	0.000000e+00	9.999983e-01	9.999983e-01	
1507	2.965000e-09	0.000000e+00	9.999983e-01	9.999983e-01	
1508	2.967000e-09	0.000000e+00	9.999983e-01	9.999983e-01	
1509	2.969000e-09	0.000000e+00	9.999983e-01	9.999983e-01	
1510	2.971000e-09	0.000000e+00	9.999983e-01	9.999983e-01	
1511	2.973000e-09	0.000000e+00	9.999983e-01	9.999983e-01	
1512	2.975000e-09	0.000000e+00	9.999983e-01	9.999983e-01	
1513	2.977000e-09	0.000000e+00	9.999983e-01	9.999983e-01	
1514	2.979000e-09	0.000000e+00	9.999983e-01	9.999983e-01	
1515	2.981000e-09	0.000000e+00	9.999983e-01	9.999983e-01	
1516	2.983000e-09	0.000000e+00	9.999983e-01	9.999983e-01	
1517	2.985000e-09	0.000000e+00	9.999983e-01	9.999983e-01	
1518	2.987000e-09	0.000000e+00	9.999983e-01	9.999983e-01	
1519	2.989000e-09	0.000000e+00	9.999983e-01	9.999983e-01	
1520	2.991000e-09	0.000000e+00	9.999983e-01	9.999983e-01	
1521	2.993000e-09	0.000000e+00	9.999983e-01	9.999983e-01	
1522	2.995000e-09	0.000000e+00	9.999983e-01	9.999983e-01	
1523	2.997000e-09	0.000000e+00	9.999983e-01	9.999983e-01	
1524	2.999000e-09	0.000000e+00	9.999983e-01	9.999983e-01	
1525	3.001000e-09	0.000000e+00	9.999983e-01	9.999983e-01	
1526	3.003000e-09	0.000000e+00	9.999983e-01	9.999983e-01	
1527	3.005000e-09	0.000000e+00	9.999983e-01	9.999983e-01	
1528	3.007000e-09	0.000000e+00	9.999983e-01	9.999983e-01	
1529	3.009000e-09	0.000000e+00	9.999983e-01	9.999983e-01	
1530	3.011000e-09	0.000000e+00	9.999983e-01	9.999983e-01	
1531	3.013000e-09	0.000000e+00	9.999983e-01	9.999983e-01	
1532	3.015000e-09	0.000000e+00	9.999983e-01	9.999983e-01	
1533	3.017000e-09	0.000000e+00	9.999983e-01	9.999983e-01	
1534	3.019000e-09	0.000000e+00	9.999983e-01	9.999983e-01	
1535	3.021000e-09	0.000000e+00	9.999983e-01	9.999983e-01	
1536	3.023000e-09	0.000000e+00	9.999983e-01	9.999983e-01	
1537	3.025000e-09	0.000000e+00	9.999983e-01	9.999983e-01	
1538	3.027000e-09	0.000000e+00	9.999983e-01	9.999983e-01	
1539	3.029000e-09	0.000000e+00	9.999983e-01	9.999983e-01	
1540	3.031000e-09	0.000000e+00	9.999983e-01	9.999983e-01	
1541	3.033000e-09	0.000000e+00	9.999983e-01	9.999983e-01	
1542	3.035000e-09	0.000000e+00	9.999983e-01	9.999983e-01	
1543	3.037000e-09	0.000000e+00	9.999983e-01	9.999983e-01	
1544	3.039000e-09	0.000000e+00	9.999983e-01	9.999983e-01	
1545	3.041000e-09	0.000000e+00	9.999983e-01	9.999983e-01	
1546	3.043000e-09	0.000000e+00	9.999983e-01	9.999983e-01	
1547	3.045000e-09	0.000000e+00	9.999983e-01	9.999983e-01	
1548	3.047000e-09	0.000000e+00	9.999983e-01	9.999983e-01	
1549	3.049000e-09	0.000000e+00	9.999983e-01	9.999983e-01	
1550	3.051000e-09	0.000000e+00	9.999983e-01	9.999983e-01	
1551	3.053000e-09	0.000000e+00	9.999983e-01	9.999983e-01	
1552	3.055000e-09	0.000000e+00	9.999983e-01	9.999983e-01	
1553	3.057000e-09	0.000000e+00	9.999983e-01	9.999983e-01	
1554	3.059000e-09	0.000000e+00	9.999983e-01	9.999983e-01	
1555	3.061000e-09	0.000000e+00	9.999983e-01	9.999983e-01	
1556	3.063000e-09	0.000000e+00	9.999983e-01	9.999983e-01	
1557	3.065000e-09	0.000000e+00	9.999983e-01	9.999983e-01	
1558	3.067000e-09	0.000000e+00	9.999983e-01	9.999983e-01	
1559	3.069000e-09	0.000000e+00	9.999983e-01	9.999983e-01	
1560	3.071000e-09	0.000000e+00	9.999983e-01	9.999983e-01	
1561	3.073000e-09	0.000000e+00	9.999983e-01	9.999983e-01	
1562	3.075000e-09	0.000000e+00	9.999983e-01	9.999983e-01	

Index   time            v(enb)          v(bl)           v(blb)          
--------------------------------------------------------------------------------
1563	3.077000e-09	0.000000e+00	9.999983e-01	9.999983e-01	
1564	3.079000e-09	0.000000e+00	9.999983e-01	9.999983e-01	
1565	3.081000e-09	0.000000e+00	9.999983e-01	9.999983e-01	
1566	3.083000e-09	0.000000e+00	9.999983e-01	9.999983e-01	
1567	3.085000e-09	0.000000e+00	9.999983e-01	9.999983e-01	
1568	3.087000e-09	0.000000e+00	9.999983e-01	9.999983e-01	
1569	3.089000e-09	0.000000e+00	9.999983e-01	9.999983e-01	
1570	3.091000e-09	0.000000e+00	9.999983e-01	9.999983e-01	
1571	3.093000e-09	0.000000e+00	9.999983e-01	9.999983e-01	
1572	3.095000e-09	0.000000e+00	9.999983e-01	9.999983e-01	
1573	3.097000e-09	0.000000e+00	9.999983e-01	9.999983e-01	
1574	3.099000e-09	0.000000e+00	9.999983e-01	9.999983e-01	
1575	3.101000e-09	0.000000e+00	9.999983e-01	9.999983e-01	
1576	3.103000e-09	0.000000e+00	9.999983e-01	9.999983e-01	
1577	3.105000e-09	0.000000e+00	9.999983e-01	9.999983e-01	
1578	3.107000e-09	0.000000e+00	9.999983e-01	9.999983e-01	
1579	3.109000e-09	0.000000e+00	9.999983e-01	9.999983e-01	
1580	3.111000e-09	0.000000e+00	9.999983e-01	9.999983e-01	
1581	3.113000e-09	0.000000e+00	9.999983e-01	9.999983e-01	
1582	3.115000e-09	0.000000e+00	9.999983e-01	9.999983e-01	
1583	3.117000e-09	0.000000e+00	9.999983e-01	9.999983e-01	
1584	3.119000e-09	0.000000e+00	9.999983e-01	9.999983e-01	
1585	3.121000e-09	0.000000e+00	9.999983e-01	9.999983e-01	
1586	3.123000e-09	0.000000e+00	9.999983e-01	9.999983e-01	
1587	3.125000e-09	0.000000e+00	9.999983e-01	9.999983e-01	
1588	3.127000e-09	0.000000e+00	9.999983e-01	9.999983e-01	
1589	3.129000e-09	0.000000e+00	9.999983e-01	9.999983e-01	
1590	3.131000e-09	0.000000e+00	9.999983e-01	9.999983e-01	
1591	3.133000e-09	0.000000e+00	9.999983e-01	9.999983e-01	
1592	3.135000e-09	0.000000e+00	9.999983e-01	9.999983e-01	
1593	3.137000e-09	0.000000e+00	9.999983e-01	9.999983e-01	
1594	3.139000e-09	0.000000e+00	9.999983e-01	9.999983e-01	
1595	3.141000e-09	0.000000e+00	9.999983e-01	9.999983e-01	
1596	3.143000e-09	0.000000e+00	9.999983e-01	9.999983e-01	
1597	3.145000e-09	0.000000e+00	9.999983e-01	9.999983e-01	
1598	3.147000e-09	0.000000e+00	9.999983e-01	9.999983e-01	
1599	3.149000e-09	0.000000e+00	9.999983e-01	9.999983e-01	
1600	3.151000e-09	0.000000e+00	9.999983e-01	9.999983e-01	
1601	3.153000e-09	0.000000e+00	9.999983e-01	9.999983e-01	
1602	3.155000e-09	0.000000e+00	9.999983e-01	9.999983e-01	
1603	3.157000e-09	0.000000e+00	9.999983e-01	9.999983e-01	
1604	3.159000e-09	0.000000e+00	9.999983e-01	9.999983e-01	
1605	3.161000e-09	0.000000e+00	9.999983e-01	9.999983e-01	
1606	3.163000e-09	0.000000e+00	9.999983e-01	9.999983e-01	
1607	3.165000e-09	0.000000e+00	9.999983e-01	9.999983e-01	
1608	3.167000e-09	0.000000e+00	9.999983e-01	9.999983e-01	
1609	3.169000e-09	0.000000e+00	9.999983e-01	9.999983e-01	
1610	3.171000e-09	0.000000e+00	9.999983e-01	9.999983e-01	
1611	3.173000e-09	0.000000e+00	9.999983e-01	9.999983e-01	
1612	3.175000e-09	0.000000e+00	9.999983e-01	9.999983e-01	
1613	3.177000e-09	0.000000e+00	9.999983e-01	9.999983e-01	
1614	3.179000e-09	0.000000e+00	9.999983e-01	9.999983e-01	
1615	3.181000e-09	0.000000e+00	9.999983e-01	9.999983e-01	
1616	3.183000e-09	0.000000e+00	9.999983e-01	9.999983e-01	
1617	3.185000e-09	0.000000e+00	9.999983e-01	9.999983e-01	
1618	3.187000e-09	0.000000e+00	9.999983e-01	9.999983e-01	
1619	3.189000e-09	0.000000e+00	9.999983e-01	9.999983e-01	
1620	3.191000e-09	0.000000e+00	9.999983e-01	9.999983e-01	

Index   time            v(enb)          v(bl)           v(blb)          
--------------------------------------------------------------------------------
1621	3.193000e-09	0.000000e+00	9.999983e-01	9.999983e-01	
1622	3.195000e-09	0.000000e+00	9.999983e-01	9.999983e-01	
1623	3.197000e-09	0.000000e+00	9.999983e-01	9.999983e-01	
1624	3.199000e-09	0.000000e+00	9.999983e-01	9.999983e-01	
1625	3.201000e-09	0.000000e+00	9.999983e-01	9.999983e-01	
1626	3.203000e-09	0.000000e+00	9.999983e-01	9.999983e-01	
1627	3.205000e-09	0.000000e+00	9.999983e-01	9.999983e-01	
1628	3.207000e-09	0.000000e+00	9.999983e-01	9.999983e-01	
1629	3.209000e-09	0.000000e+00	9.999983e-01	9.999983e-01	
1630	3.211000e-09	0.000000e+00	9.999983e-01	9.999983e-01	
1631	3.213000e-09	0.000000e+00	9.999983e-01	9.999983e-01	
1632	3.215000e-09	0.000000e+00	9.999983e-01	9.999983e-01	
1633	3.217000e-09	0.000000e+00	9.999983e-01	9.999983e-01	
1634	3.219000e-09	0.000000e+00	9.999983e-01	9.999983e-01	
1635	3.221000e-09	0.000000e+00	9.999983e-01	9.999983e-01	
1636	3.223000e-09	0.000000e+00	9.999983e-01	9.999983e-01	
1637	3.225000e-09	0.000000e+00	9.999983e-01	9.999983e-01	
1638	3.227000e-09	0.000000e+00	9.999983e-01	9.999983e-01	
1639	3.229000e-09	0.000000e+00	9.999983e-01	9.999983e-01	
1640	3.231000e-09	0.000000e+00	9.999983e-01	9.999983e-01	
1641	3.233000e-09	0.000000e+00	9.999983e-01	9.999983e-01	
1642	3.235000e-09	0.000000e+00	9.999983e-01	9.999983e-01	
1643	3.237000e-09	0.000000e+00	9.999983e-01	9.999983e-01	
1644	3.239000e-09	0.000000e+00	9.999983e-01	9.999983e-01	
1645	3.241000e-09	0.000000e+00	9.999983e-01	9.999983e-01	
1646	3.243000e-09	0.000000e+00	9.999983e-01	9.999983e-01	
1647	3.245000e-09	0.000000e+00	9.999983e-01	9.999983e-01	
1648	3.247000e-09	0.000000e+00	9.999983e-01	9.999983e-01	
1649	3.249000e-09	0.000000e+00	9.999983e-01	9.999983e-01	
1650	3.251000e-09	0.000000e+00	9.999983e-01	9.999983e-01	
1651	3.253000e-09	0.000000e+00	9.999983e-01	9.999983e-01	
1652	3.255000e-09	0.000000e+00	9.999983e-01	9.999983e-01	
1653	3.257000e-09	0.000000e+00	9.999983e-01	9.999983e-01	
1654	3.259000e-09	0.000000e+00	9.999983e-01	9.999983e-01	
1655	3.261000e-09	0.000000e+00	9.999983e-01	9.999983e-01	
1656	3.263000e-09	0.000000e+00	9.999983e-01	9.999983e-01	
1657	3.265000e-09	0.000000e+00	9.999983e-01	9.999983e-01	
1658	3.267000e-09	0.000000e+00	9.999983e-01	9.999983e-01	
1659	3.269000e-09	0.000000e+00	9.999983e-01	9.999983e-01	
1660	3.271000e-09	0.000000e+00	9.999983e-01	9.999983e-01	
1661	3.273000e-09	0.000000e+00	9.999983e-01	9.999983e-01	
1662	3.275000e-09	0.000000e+00	9.999983e-01	9.999983e-01	
1663	3.277000e-09	0.000000e+00	9.999983e-01	9.999983e-01	
1664	3.279000e-09	0.000000e+00	9.999983e-01	9.999983e-01	
1665	3.281000e-09	0.000000e+00	9.999983e-01	9.999983e-01	
1666	3.283000e-09	0.000000e+00	9.999983e-01	9.999983e-01	
1667	3.285000e-09	0.000000e+00	9.999983e-01	9.999983e-01	
1668	3.287000e-09	0.000000e+00	9.999983e-01	9.999983e-01	
1669	3.289000e-09	0.000000e+00	9.999983e-01	9.999983e-01	
1670	3.291000e-09	0.000000e+00	9.999983e-01	9.999983e-01	
1671	3.293000e-09	0.000000e+00	9.999983e-01	9.999983e-01	
1672	3.295000e-09	0.000000e+00	9.999983e-01	9.999983e-01	
1673	3.297000e-09	0.000000e+00	9.999983e-01	9.999983e-01	
1674	3.299000e-09	0.000000e+00	9.999983e-01	9.999983e-01	
1675	3.301000e-09	0.000000e+00	9.999983e-01	9.999983e-01	
1676	3.303000e-09	0.000000e+00	9.999983e-01	9.999983e-01	
1677	3.305000e-09	0.000000e+00	9.999983e-01	9.999983e-01	
1678	3.307000e-09	0.000000e+00	9.999983e-01	9.999983e-01	

Index   time            v(enb)          v(bl)           v(blb)          
--------------------------------------------------------------------------------
1679	3.309000e-09	0.000000e+00	9.999983e-01	9.999983e-01	
1680	3.311000e-09	0.000000e+00	9.999983e-01	9.999983e-01	
1681	3.313000e-09	0.000000e+00	9.999983e-01	9.999983e-01	
1682	3.315000e-09	0.000000e+00	9.999983e-01	9.999983e-01	
1683	3.317000e-09	0.000000e+00	9.999983e-01	9.999983e-01	
1684	3.319000e-09	0.000000e+00	9.999983e-01	9.999983e-01	
1685	3.321000e-09	0.000000e+00	9.999983e-01	9.999983e-01	
1686	3.323000e-09	0.000000e+00	9.999983e-01	9.999983e-01	
1687	3.325000e-09	0.000000e+00	9.999983e-01	9.999983e-01	
1688	3.327000e-09	0.000000e+00	9.999983e-01	9.999983e-01	
1689	3.329000e-09	0.000000e+00	9.999983e-01	9.999983e-01	
1690	3.331000e-09	0.000000e+00	9.999983e-01	9.999983e-01	
1691	3.333000e-09	0.000000e+00	9.999983e-01	9.999983e-01	
1692	3.335000e-09	0.000000e+00	9.999983e-01	9.999983e-01	
1693	3.337000e-09	0.000000e+00	9.999983e-01	9.999983e-01	
1694	3.339000e-09	0.000000e+00	9.999983e-01	9.999983e-01	
1695	3.341000e-09	0.000000e+00	9.999983e-01	9.999983e-01	
1696	3.343000e-09	0.000000e+00	9.999983e-01	9.999983e-01	
1697	3.345000e-09	0.000000e+00	9.999983e-01	9.999983e-01	
1698	3.347000e-09	0.000000e+00	9.999983e-01	9.999983e-01	
1699	3.349000e-09	0.000000e+00	9.999983e-01	9.999983e-01	
1700	3.351000e-09	0.000000e+00	9.999983e-01	9.999983e-01	
1701	3.353000e-09	0.000000e+00	9.999983e-01	9.999983e-01	
1702	3.355000e-09	0.000000e+00	9.999983e-01	9.999983e-01	
1703	3.357000e-09	0.000000e+00	9.999983e-01	9.999983e-01	
1704	3.359000e-09	0.000000e+00	9.999983e-01	9.999983e-01	
1705	3.361000e-09	0.000000e+00	9.999983e-01	9.999983e-01	
1706	3.363000e-09	0.000000e+00	9.999983e-01	9.999983e-01	
1707	3.365000e-09	0.000000e+00	9.999983e-01	9.999983e-01	
1708	3.367000e-09	0.000000e+00	9.999983e-01	9.999983e-01	
1709	3.369000e-09	0.000000e+00	9.999983e-01	9.999983e-01	
1710	3.371000e-09	0.000000e+00	9.999983e-01	9.999983e-01	
1711	3.373000e-09	0.000000e+00	9.999983e-01	9.999983e-01	
1712	3.375000e-09	0.000000e+00	9.999983e-01	9.999983e-01	
1713	3.377000e-09	0.000000e+00	9.999983e-01	9.999983e-01	
1714	3.379000e-09	0.000000e+00	9.999983e-01	9.999983e-01	
1715	3.381000e-09	0.000000e+00	9.999983e-01	9.999983e-01	
1716	3.383000e-09	0.000000e+00	9.999983e-01	9.999983e-01	
1717	3.385000e-09	0.000000e+00	9.999983e-01	9.999983e-01	
1718	3.387000e-09	0.000000e+00	9.999983e-01	9.999983e-01	
1719	3.389000e-09	0.000000e+00	9.999983e-01	9.999983e-01	
1720	3.391000e-09	0.000000e+00	9.999983e-01	9.999983e-01	
1721	3.393000e-09	0.000000e+00	9.999983e-01	9.999983e-01	
1722	3.395000e-09	0.000000e+00	9.999983e-01	9.999983e-01	
1723	3.397000e-09	0.000000e+00	9.999983e-01	9.999983e-01	
1724	3.399000e-09	0.000000e+00	9.999983e-01	9.999983e-01	
1725	3.401000e-09	0.000000e+00	9.999983e-01	9.999983e-01	
1726	3.403000e-09	0.000000e+00	9.999983e-01	9.999983e-01	
1727	3.405000e-09	0.000000e+00	9.999983e-01	9.999983e-01	
1728	3.407000e-09	0.000000e+00	9.999983e-01	9.999983e-01	
1729	3.409000e-09	0.000000e+00	9.999983e-01	9.999983e-01	
1730	3.411000e-09	0.000000e+00	9.999983e-01	9.999983e-01	
1731	3.413000e-09	0.000000e+00	9.999983e-01	9.999983e-01	
1732	3.415000e-09	0.000000e+00	9.999983e-01	9.999983e-01	
1733	3.417000e-09	0.000000e+00	9.999983e-01	9.999983e-01	
1734	3.419000e-09	0.000000e+00	9.999983e-01	9.999983e-01	
1735	3.421000e-09	0.000000e+00	9.999983e-01	9.999983e-01	
1736	3.423000e-09	0.000000e+00	9.999983e-01	9.999983e-01	

Index   time            v(enb)          v(bl)           v(blb)          
--------------------------------------------------------------------------------
1737	3.425000e-09	0.000000e+00	9.999983e-01	9.999983e-01	
1738	3.427000e-09	0.000000e+00	9.999983e-01	9.999983e-01	
1739	3.429000e-09	0.000000e+00	9.999983e-01	9.999983e-01	
1740	3.431000e-09	0.000000e+00	9.999983e-01	9.999983e-01	
1741	3.433000e-09	0.000000e+00	9.999983e-01	9.999983e-01	
1742	3.435000e-09	0.000000e+00	9.999983e-01	9.999983e-01	
1743	3.437000e-09	0.000000e+00	9.999983e-01	9.999983e-01	
1744	3.439000e-09	0.000000e+00	9.999983e-01	9.999983e-01	
1745	3.441000e-09	0.000000e+00	9.999983e-01	9.999983e-01	
1746	3.443000e-09	0.000000e+00	9.999983e-01	9.999983e-01	
1747	3.445000e-09	0.000000e+00	9.999983e-01	9.999983e-01	
1748	3.447000e-09	0.000000e+00	9.999983e-01	9.999983e-01	
1749	3.449000e-09	0.000000e+00	9.999983e-01	9.999983e-01	
1750	3.451000e-09	0.000000e+00	9.999983e-01	9.999983e-01	
1751	3.453000e-09	0.000000e+00	9.999983e-01	9.999983e-01	
1752	3.455000e-09	0.000000e+00	9.999983e-01	9.999983e-01	
1753	3.457000e-09	0.000000e+00	9.999983e-01	9.999983e-01	
1754	3.459000e-09	0.000000e+00	9.999983e-01	9.999983e-01	
1755	3.461000e-09	0.000000e+00	9.999983e-01	9.999983e-01	
1756	3.463000e-09	0.000000e+00	9.999983e-01	9.999983e-01	
1757	3.465000e-09	0.000000e+00	9.999983e-01	9.999983e-01	
1758	3.467000e-09	0.000000e+00	9.999983e-01	9.999983e-01	
1759	3.469000e-09	0.000000e+00	9.999983e-01	9.999983e-01	
1760	3.471000e-09	0.000000e+00	9.999983e-01	9.999983e-01	
1761	3.473000e-09	0.000000e+00	9.999983e-01	9.999983e-01	
1762	3.475000e-09	0.000000e+00	9.999983e-01	9.999983e-01	
1763	3.477000e-09	0.000000e+00	9.999983e-01	9.999983e-01	
1764	3.479000e-09	0.000000e+00	9.999983e-01	9.999983e-01	
1765	3.481000e-09	0.000000e+00	9.999983e-01	9.999983e-01	
1766	3.483000e-09	0.000000e+00	9.999983e-01	9.999983e-01	
1767	3.485000e-09	0.000000e+00	9.999983e-01	9.999983e-01	
1768	3.487000e-09	0.000000e+00	9.999983e-01	9.999983e-01	
1769	3.489000e-09	0.000000e+00	9.999983e-01	9.999983e-01	
1770	3.491000e-09	0.000000e+00	9.999983e-01	9.999983e-01	
1771	3.493000e-09	0.000000e+00	9.999983e-01	9.999983e-01	
1772	3.495000e-09	0.000000e+00	9.999983e-01	9.999983e-01	
1773	3.497000e-09	0.000000e+00	9.999983e-01	9.999983e-01	
1774	3.499000e-09	0.000000e+00	9.999983e-01	9.999983e-01	
1775	3.501000e-09	0.000000e+00	9.999983e-01	9.999983e-01	
1776	3.503000e-09	0.000000e+00	9.999983e-01	9.999983e-01	
1777	3.505000e-09	0.000000e+00	9.999983e-01	9.999983e-01	
1778	3.507000e-09	0.000000e+00	9.999983e-01	9.999983e-01	
1779	3.509000e-09	0.000000e+00	9.999983e-01	9.999983e-01	
1780	3.511000e-09	0.000000e+00	9.999983e-01	9.999983e-01	
1781	3.513000e-09	0.000000e+00	9.999983e-01	9.999983e-01	
1782	3.515000e-09	0.000000e+00	9.999983e-01	9.999983e-01	
1783	3.517000e-09	0.000000e+00	9.999983e-01	9.999983e-01	
1784	3.519000e-09	0.000000e+00	9.999983e-01	9.999983e-01	
1785	3.521000e-09	0.000000e+00	9.999983e-01	9.999983e-01	
1786	3.523000e-09	0.000000e+00	9.999983e-01	9.999983e-01	
1787	3.525000e-09	0.000000e+00	9.999983e-01	9.999983e-01	
1788	3.527000e-09	0.000000e+00	9.999983e-01	9.999983e-01	
1789	3.529000e-09	0.000000e+00	9.999983e-01	9.999983e-01	
1790	3.531000e-09	0.000000e+00	9.999983e-01	9.999983e-01	
1791	3.533000e-09	0.000000e+00	9.999983e-01	9.999983e-01	
1792	3.535000e-09	0.000000e+00	9.999983e-01	9.999983e-01	
1793	3.537000e-09	0.000000e+00	9.999983e-01	9.999983e-01	
1794	3.539000e-09	0.000000e+00	9.999983e-01	9.999983e-01	

Index   time            v(enb)          v(bl)           v(blb)          
--------------------------------------------------------------------------------
1795	3.541000e-09	0.000000e+00	9.999983e-01	9.999983e-01	
1796	3.543000e-09	0.000000e+00	9.999983e-01	9.999983e-01	
1797	3.545000e-09	0.000000e+00	9.999983e-01	9.999983e-01	
1798	3.547000e-09	0.000000e+00	9.999983e-01	9.999983e-01	
1799	3.549000e-09	0.000000e+00	9.999983e-01	9.999983e-01	
1800	3.551000e-09	0.000000e+00	9.999983e-01	9.999983e-01	
1801	3.553000e-09	0.000000e+00	9.999983e-01	9.999983e-01	
1802	3.555000e-09	0.000000e+00	9.999983e-01	9.999983e-01	
1803	3.557000e-09	0.000000e+00	9.999983e-01	9.999983e-01	
1804	3.559000e-09	0.000000e+00	9.999983e-01	9.999983e-01	
1805	3.561000e-09	0.000000e+00	9.999983e-01	9.999983e-01	
1806	3.563000e-09	0.000000e+00	9.999983e-01	9.999983e-01	
1807	3.565000e-09	0.000000e+00	9.999983e-01	9.999983e-01	
1808	3.567000e-09	0.000000e+00	9.999983e-01	9.999983e-01	
1809	3.569000e-09	0.000000e+00	9.999983e-01	9.999983e-01	
1810	3.571000e-09	0.000000e+00	9.999983e-01	9.999983e-01	
1811	3.573000e-09	0.000000e+00	9.999983e-01	9.999983e-01	
1812	3.575000e-09	0.000000e+00	9.999983e-01	9.999983e-01	
1813	3.577000e-09	0.000000e+00	9.999983e-01	9.999983e-01	
1814	3.579000e-09	0.000000e+00	9.999983e-01	9.999983e-01	
1815	3.581000e-09	0.000000e+00	9.999983e-01	9.999983e-01	
1816	3.583000e-09	0.000000e+00	9.999983e-01	9.999983e-01	
1817	3.585000e-09	0.000000e+00	9.999983e-01	9.999983e-01	
1818	3.587000e-09	0.000000e+00	9.999983e-01	9.999983e-01	
1819	3.589000e-09	0.000000e+00	9.999983e-01	9.999983e-01	
1820	3.591000e-09	0.000000e+00	9.999983e-01	9.999983e-01	
1821	3.593000e-09	0.000000e+00	9.999983e-01	9.999983e-01	
1822	3.595000e-09	0.000000e+00	9.999983e-01	9.999983e-01	
1823	3.597000e-09	0.000000e+00	9.999983e-01	9.999983e-01	
1824	3.599000e-09	0.000000e+00	9.999983e-01	9.999983e-01	
1825	3.601000e-09	0.000000e+00	9.999983e-01	9.999983e-01	
1826	3.603000e-09	0.000000e+00	9.999983e-01	9.999983e-01	
1827	3.605000e-09	0.000000e+00	9.999983e-01	9.999983e-01	
1828	3.607000e-09	0.000000e+00	9.999983e-01	9.999983e-01	
1829	3.609000e-09	0.000000e+00	9.999983e-01	9.999983e-01	
1830	3.611000e-09	0.000000e+00	9.999983e-01	9.999983e-01	
1831	3.613000e-09	0.000000e+00	9.999983e-01	9.999983e-01	
1832	3.615000e-09	0.000000e+00	9.999983e-01	9.999983e-01	
1833	3.617000e-09	0.000000e+00	9.999983e-01	9.999983e-01	
1834	3.619000e-09	0.000000e+00	9.999983e-01	9.999983e-01	
1835	3.621000e-09	0.000000e+00	9.999983e-01	9.999983e-01	
1836	3.623000e-09	0.000000e+00	9.999983e-01	9.999983e-01	
1837	3.625000e-09	0.000000e+00	9.999983e-01	9.999983e-01	
1838	3.627000e-09	0.000000e+00	9.999983e-01	9.999983e-01	
1839	3.629000e-09	0.000000e+00	9.999983e-01	9.999983e-01	
1840	3.631000e-09	0.000000e+00	9.999983e-01	9.999983e-01	
1841	3.633000e-09	0.000000e+00	9.999983e-01	9.999983e-01	
1842	3.635000e-09	0.000000e+00	9.999983e-01	9.999983e-01	
1843	3.637000e-09	0.000000e+00	9.999983e-01	9.999983e-01	
1844	3.639000e-09	0.000000e+00	9.999983e-01	9.999983e-01	
1845	3.641000e-09	0.000000e+00	9.999983e-01	9.999983e-01	
1846	3.643000e-09	0.000000e+00	9.999983e-01	9.999983e-01	
1847	3.645000e-09	0.000000e+00	9.999983e-01	9.999983e-01	
1848	3.647000e-09	0.000000e+00	9.999983e-01	9.999983e-01	
1849	3.649000e-09	0.000000e+00	9.999983e-01	9.999983e-01	
1850	3.651000e-09	0.000000e+00	9.999983e-01	9.999983e-01	
1851	3.653000e-09	0.000000e+00	9.999983e-01	9.999983e-01	
1852	3.655000e-09	0.000000e+00	9.999983e-01	9.999983e-01	

Index   time            v(enb)          v(bl)           v(blb)          
--------------------------------------------------------------------------------
1853	3.657000e-09	0.000000e+00	9.999983e-01	9.999983e-01	
1854	3.659000e-09	0.000000e+00	9.999983e-01	9.999983e-01	
1855	3.661000e-09	0.000000e+00	9.999983e-01	9.999983e-01	
1856	3.663000e-09	0.000000e+00	9.999983e-01	9.999983e-01	
1857	3.665000e-09	0.000000e+00	9.999983e-01	9.999983e-01	
1858	3.667000e-09	0.000000e+00	9.999983e-01	9.999983e-01	
1859	3.669000e-09	0.000000e+00	9.999983e-01	9.999983e-01	
1860	3.671000e-09	0.000000e+00	9.999983e-01	9.999983e-01	
1861	3.673000e-09	0.000000e+00	9.999983e-01	9.999983e-01	
1862	3.675000e-09	0.000000e+00	9.999983e-01	9.999983e-01	
1863	3.677000e-09	0.000000e+00	9.999983e-01	9.999983e-01	
1864	3.679000e-09	0.000000e+00	9.999983e-01	9.999983e-01	
1865	3.681000e-09	0.000000e+00	9.999983e-01	9.999983e-01	
1866	3.683000e-09	0.000000e+00	9.999983e-01	9.999983e-01	
1867	3.685000e-09	0.000000e+00	9.999983e-01	9.999983e-01	
1868	3.687000e-09	0.000000e+00	9.999983e-01	9.999983e-01	
1869	3.689000e-09	0.000000e+00	9.999983e-01	9.999983e-01	
1870	3.691000e-09	0.000000e+00	9.999983e-01	9.999983e-01	
1871	3.693000e-09	0.000000e+00	9.999983e-01	9.999983e-01	
1872	3.695000e-09	0.000000e+00	9.999983e-01	9.999983e-01	
1873	3.697000e-09	0.000000e+00	9.999983e-01	9.999983e-01	
1874	3.699000e-09	0.000000e+00	9.999983e-01	9.999983e-01	
1875	3.701000e-09	0.000000e+00	9.999983e-01	9.999983e-01	
1876	3.703000e-09	0.000000e+00	9.999983e-01	9.999983e-01	
1877	3.705000e-09	0.000000e+00	9.999983e-01	9.999983e-01	
1878	3.707000e-09	0.000000e+00	9.999983e-01	9.999983e-01	
1879	3.709000e-09	0.000000e+00	9.999983e-01	9.999983e-01	
1880	3.711000e-09	0.000000e+00	9.999983e-01	9.999983e-01	
1881	3.713000e-09	0.000000e+00	9.999983e-01	9.999983e-01	
1882	3.715000e-09	0.000000e+00	9.999983e-01	9.999983e-01	
1883	3.717000e-09	0.000000e+00	9.999983e-01	9.999983e-01	
1884	3.719000e-09	0.000000e+00	9.999983e-01	9.999983e-01	
1885	3.721000e-09	0.000000e+00	9.999983e-01	9.999983e-01	
1886	3.723000e-09	0.000000e+00	9.999983e-01	9.999983e-01	
1887	3.725000e-09	0.000000e+00	9.999983e-01	9.999983e-01	
1888	3.727000e-09	0.000000e+00	9.999983e-01	9.999983e-01	
1889	3.729000e-09	0.000000e+00	9.999983e-01	9.999983e-01	
1890	3.731000e-09	0.000000e+00	9.999983e-01	9.999983e-01	
1891	3.733000e-09	0.000000e+00	9.999983e-01	9.999983e-01	
1892	3.735000e-09	0.000000e+00	9.999983e-01	9.999983e-01	
1893	3.737000e-09	0.000000e+00	9.999983e-01	9.999983e-01	
1894	3.739000e-09	0.000000e+00	9.999983e-01	9.999983e-01	
1895	3.741000e-09	0.000000e+00	9.999983e-01	9.999983e-01	
1896	3.743000e-09	0.000000e+00	9.999983e-01	9.999983e-01	
1897	3.745000e-09	0.000000e+00	9.999983e-01	9.999983e-01	
1898	3.747000e-09	0.000000e+00	9.999983e-01	9.999983e-01	
1899	3.749000e-09	0.000000e+00	9.999983e-01	9.999983e-01	
1900	3.751000e-09	0.000000e+00	9.999983e-01	9.999983e-01	
1901	3.753000e-09	0.000000e+00	9.999983e-01	9.999983e-01	
1902	3.755000e-09	0.000000e+00	9.999983e-01	9.999983e-01	
1903	3.757000e-09	0.000000e+00	9.999983e-01	9.999983e-01	
1904	3.759000e-09	0.000000e+00	9.999983e-01	9.999983e-01	
1905	3.761000e-09	0.000000e+00	9.999983e-01	9.999983e-01	
1906	3.763000e-09	0.000000e+00	9.999983e-01	9.999983e-01	
1907	3.765000e-09	0.000000e+00	9.999983e-01	9.999983e-01	
1908	3.767000e-09	0.000000e+00	9.999983e-01	9.999983e-01	
1909	3.769000e-09	0.000000e+00	9.999983e-01	9.999983e-01	
1910	3.771000e-09	0.000000e+00	9.999983e-01	9.999983e-01	

Index   time            v(enb)          v(bl)           v(blb)          
--------------------------------------------------------------------------------
1911	3.773000e-09	0.000000e+00	9.999983e-01	9.999983e-01	
1912	3.775000e-09	0.000000e+00	9.999983e-01	9.999983e-01	
1913	3.777000e-09	0.000000e+00	9.999983e-01	9.999983e-01	
1914	3.779000e-09	0.000000e+00	9.999983e-01	9.999983e-01	
1915	3.781000e-09	0.000000e+00	9.999983e-01	9.999983e-01	
1916	3.783000e-09	0.000000e+00	9.999983e-01	9.999983e-01	
1917	3.785000e-09	0.000000e+00	9.999983e-01	9.999983e-01	
1918	3.787000e-09	0.000000e+00	9.999983e-01	9.999983e-01	
1919	3.789000e-09	0.000000e+00	9.999983e-01	9.999983e-01	
1920	3.791000e-09	0.000000e+00	9.999983e-01	9.999983e-01	
1921	3.793000e-09	0.000000e+00	9.999983e-01	9.999983e-01	
1922	3.795000e-09	0.000000e+00	9.999983e-01	9.999983e-01	
1923	3.797000e-09	0.000000e+00	9.999983e-01	9.999983e-01	
1924	3.799000e-09	0.000000e+00	9.999983e-01	9.999983e-01	
1925	3.801000e-09	0.000000e+00	9.999983e-01	9.999983e-01	
1926	3.803000e-09	0.000000e+00	9.999983e-01	9.999983e-01	
1927	3.805000e-09	0.000000e+00	9.999983e-01	9.999983e-01	
1928	3.807000e-09	0.000000e+00	9.999983e-01	9.999983e-01	
1929	3.809000e-09	0.000000e+00	9.999983e-01	9.999983e-01	
1930	3.810000e-09	6.203855e-14	9.999983e-01	9.999983e-01	
1931	3.810200e-09	2.000000e-02	1.001482e+00	1.001463e+00	
1932	3.810600e-09	6.000000e-02	1.004384e+00	1.004329e+00	
1933	3.811400e-09	1.400000e-01	1.009811e+00	1.009700e+00	
1934	3.813000e-09	3.000000e-01	1.019577e+00	1.019392e+00	
1935	3.815000e-09	5.000000e-01	1.030851e+00	1.030588e+00	
1936	3.817000e-09	7.000000e-01	1.041167e+00	1.040792e+00	
1937	3.819000e-09	9.000000e-01	1.049985e+00	1.049487e+00	
1938	3.820000e-09	1.000000e+00	1.054172e+00	1.053611e+00	
1939	3.820200e-09	1.000000e+00	1.054173e+00	1.053612e+00	
1940	3.820600e-09	1.000000e+00	1.054173e+00	1.053612e+00	
1941	3.821400e-09	1.000000e+00	1.054173e+00	1.053612e+00	
1942	3.823000e-09	1.000000e+00	1.054172e+00	1.053611e+00	
1943	3.825000e-09	1.000000e+00	1.054172e+00	1.053611e+00	
1944	3.827000e-09	1.000000e+00	1.054172e+00	1.053611e+00	
1945	3.829000e-09	1.000000e+00	1.054171e+00	1.053610e+00	
1946	3.831000e-09	1.000000e+00	1.054171e+00	1.053610e+00	
1947	3.833000e-09	1.000000e+00	1.054171e+00	1.053610e+00	
1948	3.835000e-09	1.000000e+00	1.054170e+00	1.053609e+00	
1949	3.837000e-09	1.000000e+00	1.054170e+00	1.053609e+00	
1950	3.839000e-09	1.000000e+00	1.054169e+00	1.053609e+00	
1951	3.841000e-09	1.000000e+00	1.054169e+00	1.053608e+00	
1952	3.843000e-09	1.000000e+00	1.054169e+00	1.053608e+00	
1953	3.845000e-09	1.000000e+00	1.054168e+00	1.053608e+00	
1954	3.847000e-09	1.000000e+00	1.054168e+00	1.053607e+00	
1955	3.849000e-09	1.000000e+00	1.054168e+00	1.053607e+00	
1956	3.851000e-09	1.000000e+00	1.054167e+00	1.053607e+00	
1957	3.853000e-09	1.000000e+00	1.054167e+00	1.053606e+00	
1958	3.855000e-09	1.000000e+00	1.054167e+00	1.053606e+00	
1959	3.857000e-09	1.000000e+00	1.054166e+00	1.053606e+00	
1960	3.859000e-09	1.000000e+00	1.054166e+00	1.053605e+00	
1961	3.861000e-09	1.000000e+00	1.054165e+00	1.053605e+00	
1962	3.863000e-09	1.000000e+00	1.054165e+00	1.053605e+00	
1963	3.865000e-09	1.000000e+00	1.054165e+00	1.053604e+00	
1964	3.867000e-09	1.000000e+00	1.054164e+00	1.053604e+00	
1965	3.869000e-09	1.000000e+00	1.054164e+00	1.053604e+00	
1966	3.871000e-09	1.000000e+00	1.054164e+00	1.053603e+00	
1967	3.873000e-09	1.000000e+00	1.054163e+00	1.053603e+00	
1968	3.875000e-09	1.000000e+00	1.054163e+00	1.053602e+00	

Index   time            v(enb)          v(bl)           v(blb)          
--------------------------------------------------------------------------------
1969	3.877000e-09	1.000000e+00	1.054163e+00	1.053602e+00	
1970	3.879000e-09	1.000000e+00	1.054162e+00	1.053602e+00	
1971	3.881000e-09	1.000000e+00	1.054162e+00	1.053601e+00	
1972	3.883000e-09	1.000000e+00	1.054161e+00	1.053601e+00	
1973	3.885000e-09	1.000000e+00	1.054161e+00	1.053601e+00	
1974	3.887000e-09	1.000000e+00	1.054161e+00	1.053600e+00	
1975	3.889000e-09	1.000000e+00	1.054160e+00	1.053600e+00	
1976	3.891000e-09	1.000000e+00	1.054160e+00	1.053600e+00	
1977	3.893000e-09	1.000000e+00	1.054160e+00	1.053599e+00	
1978	3.895000e-09	1.000000e+00	1.054159e+00	1.053599e+00	
1979	3.897000e-09	1.000000e+00	1.054159e+00	1.053599e+00	
1980	3.899000e-09	1.000000e+00	1.054159e+00	1.053598e+00	
1981	3.901000e-09	1.000000e+00	1.054158e+00	1.053598e+00	
1982	3.903000e-09	1.000000e+00	1.054158e+00	1.053598e+00	
1983	3.905000e-09	1.000000e+00	1.054157e+00	1.053597e+00	
1984	3.907000e-09	1.000000e+00	1.054157e+00	1.053597e+00	
1985	3.909000e-09	1.000000e+00	1.054157e+00	1.053597e+00	
1986	3.911000e-09	1.000000e+00	1.054156e+00	1.053596e+00	
1987	3.913000e-09	1.000000e+00	1.054156e+00	1.053596e+00	
1988	3.915000e-09	1.000000e+00	1.054156e+00	1.053596e+00	
1989	3.917000e-09	1.000000e+00	1.054155e+00	1.053595e+00	
1990	3.919000e-09	1.000000e+00	1.054155e+00	1.053595e+00	
1991	3.921000e-09	1.000000e+00	1.054155e+00	1.053595e+00	
1992	3.923000e-09	1.000000e+00	1.054154e+00	1.053594e+00	
1993	3.925000e-09	1.000000e+00	1.054154e+00	1.053594e+00	
1994	3.927000e-09	1.000000e+00	1.054153e+00	1.053594e+00	
1995	3.929000e-09	1.000000e+00	1.054153e+00	1.053593e+00	
1996	3.931000e-09	1.000000e+00	1.054153e+00	1.053593e+00	
1997	3.933000e-09	1.000000e+00	1.054152e+00	1.053593e+00	
1998	3.935000e-09	1.000000e+00	1.054152e+00	1.053592e+00	
1999	3.937000e-09	1.000000e+00	1.054152e+00	1.053592e+00	
2000	3.939000e-09	1.000000e+00	1.054151e+00	1.053592e+00	
2001	3.941000e-09	1.000000e+00	1.054151e+00	1.053591e+00	
2002	3.943000e-09	1.000000e+00	1.054151e+00	1.053591e+00	
2003	3.945000e-09	1.000000e+00	1.054150e+00	1.053591e+00	
2004	3.947000e-09	1.000000e+00	1.054150e+00	1.053590e+00	
2005	3.949000e-09	1.000000e+00	1.054149e+00	1.053590e+00	
2006	3.951000e-09	1.000000e+00	1.054149e+00	1.053590e+00	
2007	3.953000e-09	1.000000e+00	1.054149e+00	1.053589e+00	
2008	3.955000e-09	1.000000e+00	1.054148e+00	1.053589e+00	
2009	3.957000e-09	1.000000e+00	1.054148e+00	1.053589e+00	
2010	3.959000e-09	1.000000e+00	1.054148e+00	1.053588e+00	
2011	3.961000e-09	1.000000e+00	1.054147e+00	1.053588e+00	
2012	3.963000e-09	1.000000e+00	1.054147e+00	1.053588e+00	
2013	3.965000e-09	1.000000e+00	1.054147e+00	1.053587e+00	
2014	3.967000e-09	1.000000e+00	1.054146e+00	1.053587e+00	
2015	3.969000e-09	1.000000e+00	1.054146e+00	1.053587e+00	
2016	3.971000e-09	1.000000e+00	1.054145e+00	1.053586e+00	
2017	3.973000e-09	1.000000e+00	1.054145e+00	1.053586e+00	
2018	3.975000e-09	1.000000e+00	1.054145e+00	1.053586e+00	
2019	3.977000e-09	1.000000e+00	1.054144e+00	1.053585e+00	
2020	3.979000e-09	1.000000e+00	1.054144e+00	1.053585e+00	
2021	3.981000e-09	1.000000e+00	1.054144e+00	1.053585e+00	
2022	3.983000e-09	1.000000e+00	1.054143e+00	1.053584e+00	
2023	3.985000e-09	1.000000e+00	1.054143e+00	1.053584e+00	
2024	3.987000e-09	1.000000e+00	1.054143e+00	1.053584e+00	
2025	3.989000e-09	1.000000e+00	1.054142e+00	1.053583e+00	
2026	3.991000e-09	1.000000e+00	1.054142e+00	1.053583e+00	

Index   time            v(enb)          v(bl)           v(blb)          
--------------------------------------------------------------------------------
2027	3.993000e-09	1.000000e+00	1.054141e+00	1.053583e+00	
2028	3.995000e-09	1.000000e+00	1.054141e+00	1.053582e+00	
2029	3.997000e-09	1.000000e+00	1.054141e+00	1.053582e+00	
2030	3.999000e-09	1.000000e+00	1.054140e+00	1.053582e+00	
2031	4.000000e-09	1.000000e+00	1.054140e+00	1.053581e+00	


Total analysis time (seconds) = 0.027

Total elapsed time (seconds) = 0.035 

Total DRAM available = 515580.883 MB.
DRAM currently available = 76477.355 MB.
Maximum ngspice program size =   28.605 MB.
Current ngspice program size =   12.902 MB.

Shared ngspice pages =   10.738 MB.
Text (code) pages =    5.316 MB.
Stack = 0 bytes.
Library pages =   10.352 MB.

