
No compatibility mode selected!


Circuit: * delay chain pvt corner smoke

Doing analysis at TEMP = 25.000000 and TNOM = 27.000000

Warning: toxe, toxp and dtox all given and toxe != toxp + dtox; dtox ignored.
Note: Starting dynamic gmin stepping
Trying gmin =   1.0000E-03 Note: One successful gmin step
Trying gmin =   1.0000E-04 Note: One successful gmin step
Trying gmin =   1.0000E-05 Warning: Further gmin increment
Trying gmin =   5.6234E-05 Note: One successful gmin step
Trying gmin =   2.3714E-05 Note: One successful gmin step
Trying gmin =   6.4938E-06 Warning: Further gmin increment
Trying gmin =   1.7154E-05 Note: One successful gmin step
Trying gmin =   1.0554E-05 Note: One successful gmin step
Trying gmin =   5.0937E-06 Note: One successful gmin step
Trying gmin =   1.7077E-06 Note: One successful gmin step
Trying gmin =   3.3152E-07 Note: One successful gmin step
Trying gmin =   3.3152E-08 Note: One successful gmin step
Trying gmin =   3.3152E-09 Note: One successful gmin step
Trying gmin =   3.3152E-10 Note: One successful gmin step
Trying gmin =   3.3152E-11 Note: One successful gmin step
Trying gmin =   3.3152E-12 Note: One successful gmin step
Trying gmin =   1.0000E-12 Note: One successful gmin step
Note: Dynamic gmin stepping completed

Initial Transient Solution
--------------------------

Node                                   Voltage
----                                   -------
vdd                                          1
rbl                                          0
dout_1                                0.999989
n_0_0                              1.94503e-05
n_0_1                              1.94503e-05
n_0_2                              1.94503e-05
n_0_3                              1.94503e-05
dout_2                             5.64052e-05
n_1_0                                 0.999996
n_1_1                                 0.999996
n_1_2                                 0.999996
n_1_3                                 0.999996
dout_3                                0.999989
n_2_0                              1.94503e-05
n_2_1                              1.94503e-05
n_2_2                              1.94503e-05
n_2_3                              1.94503e-05
dout_4                             5.64052e-05
n_3_0                                 0.999996
n_3_1                                 0.999996
n_3_2                                 0.999996
n_3_3                                 0.999996
dout_5                                0.999989
n_4_0                              1.94503e-05
n_4_1                              1.94503e-05
n_4_2                              1.94503e-05
n_4_3                              1.94503e-05
dout_6                             5.64052e-05
n_5_0                                 0.999996
n_5_1                                 0.999996
n_5_2                                 0.999996
n_5_3                                 0.999996
dout_7                                0.999989
n_6_0                              1.94503e-05
n_6_1                              1.94503e-05
n_6_2                              1.94503e-05
n_6_3                              1.94503e-05
dout_8                             5.64052e-05
n_7_0                                 0.999996
n_7_1                                 0.999996
n_7_2                                 0.999996
n_7_3                                 0.999996
rbl_delay                             0.999991
n_8_0                              1.94497e-05
n_8_1                              1.94497e-05
n_8_2                              1.94497e-05
n_8_3                              1.94497e-05
vin#branch                         2.47882e-09
vdd_src#branch                    -2.51627e-07


No. of Data Rows : 2026

  Measurements for Transient Analysis

smoke_delay_rise_to_fall=  1.801558e-10 targ=  2.351558e-10 trig=  5.500000e-11
smoke_delay_fall_to_rise=  1.715128e-10 targ=  1.736513e-09 trig=  1.565000e-09

                         * delay chain pvt corner smoke
                         Transient Analysis  Sun Jun 28 02:19:15  2026
--------------------------------------------------------------------------------
Index   time            v(rbl)          v(dout_1)       v(dout_4)       
--------------------------------------------------------------------------------
0	0.000000e+00	0.000000e+00	9.999892e-01	5.640517e-05	
1	2.000000e-14	0.000000e+00	9.999892e-01	5.640517e-05	
2	4.000000e-14	0.000000e+00	9.999892e-01	5.640517e-05	
3	8.000000e-14	0.000000e+00	9.999892e-01	5.640517e-05	
4	1.600000e-13	0.000000e+00	9.999892e-01	5.640517e-05	
5	3.200000e-13	0.000000e+00	9.999892e-01	5.640517e-05	
6	6.400000e-13	0.000000e+00	9.999892e-01	5.640517e-05	
7	1.280000e-12	0.000000e+00	9.999892e-01	5.640517e-05	
8	2.560000e-12	0.000000e+00	9.999892e-01	5.640517e-05	
9	4.560000e-12	0.000000e+00	9.999892e-01	5.640517e-05	
10	6.560000e-12	0.000000e+00	9.999892e-01	5.640517e-05	
11	8.560000e-12	0.000000e+00	9.999892e-01	5.640517e-05	
12	1.056000e-11	0.000000e+00	9.999892e-01	5.640517e-05	
13	1.256000e-11	0.000000e+00	9.999892e-01	5.640517e-05	
14	1.456000e-11	0.000000e+00	9.999892e-01	5.640517e-05	
15	1.656000e-11	0.000000e+00	9.999892e-01	5.640517e-05	
16	1.856000e-11	0.000000e+00	9.999892e-01	5.640517e-05	
17	2.056000e-11	0.000000e+00	9.999892e-01	5.640517e-05	
18	2.256000e-11	0.000000e+00	9.999892e-01	5.640517e-05	
19	2.456000e-11	0.000000e+00	9.999892e-01	5.640517e-05	
20	2.656000e-11	0.000000e+00	9.999892e-01	5.640517e-05	
21	2.856000e-11	0.000000e+00	9.999892e-01	5.640517e-05	
22	3.056000e-11	0.000000e+00	9.999892e-01	5.640517e-05	
23	3.256000e-11	0.000000e+00	9.999892e-01	5.640517e-05	
24	3.456000e-11	0.000000e+00	9.999892e-01	5.640517e-05	
25	3.656000e-11	0.000000e+00	9.999892e-01	5.640517e-05	
26	3.856000e-11	0.000000e+00	9.999892e-01	5.640517e-05	
27	4.056000e-11	0.000000e+00	9.999892e-01	5.640517e-05	
28	4.256000e-11	0.000000e+00	9.999892e-01	5.640517e-05	
29	4.456000e-11	0.000000e+00	9.999892e-01	5.640517e-05	
30	4.656000e-11	0.000000e+00	9.999892e-01	5.640517e-05	
31	4.856000e-11	0.000000e+00	9.999892e-01	5.640517e-05	
32	5.000000e-11	0.000000e+00	9.999892e-01	5.640517e-05	
33	5.020000e-11	2.000000e-02	1.002360e+00	5.720142e-05	
34	5.060000e-11	6.000000e-02	1.006703e+00	5.836884e-05	
35	5.140000e-11	1.400000e-01	1.013560e+00	5.891847e-05	
36	5.300000e-11	3.000000e-01	1.022759e+00	5.817918e-05	
37	5.500000e-11	5.000000e-01	1.023824e+00	5.580928e-05	
38	5.700000e-11	7.000000e-01	1.003864e+00	5.195169e-05	
39	5.900000e-11	9.000000e-01	9.566208e-01	4.758448e-05	
40	6.000000e-11	1.000000e+00	9.231241e-01	4.593866e-05	
41	6.020000e-11	1.000000e+00	9.141848e-01	4.523099e-05	
42	6.060000e-11	1.000000e+00	8.965058e-01	4.424678e-05	
43	6.140000e-11	1.000000e+00	8.619812e-01	4.397352e-05	
44	6.300000e-11	1.000000e+00	7.952135e-01	4.684906e-05	
45	6.500000e-11	1.000000e+00	7.178507e-01	5.681371e-05	
46	6.700000e-11	1.000000e+00	6.511341e-01	7.726872e-05	
47	6.900000e-11	1.000000e+00	5.931481e-01	1.055974e-04	
48	7.100000e-11	1.000000e+00	5.435697e-01	1.354927e-04	
49	7.300000e-11	1.000000e+00	5.047859e-01	1.618392e-04	
50	7.500000e-11	1.000000e+00	4.762006e-01	1.807680e-04	
51	7.700000e-11	1.000000e+00	4.536280e-01	1.923279e-04	
52	7.900000e-11	1.000000e+00	4.323417e-01	1.990754e-04	
53	8.100000e-11	1.000000e+00	4.050263e-01	2.040625e-04	
54	8.300000e-11	1.000000e+00	3.657144e-01	2.093803e-04	

Index   time            v(rbl)          v(dout_1)       v(dout_4)       
--------------------------------------------------------------------------------
55	8.500000e-11	1.000000e+00	3.204248e-01	2.015842e-04	
56	8.700000e-11	1.000000e+00	2.766955e-01	1.353012e-04	
57	8.900000e-11	1.000000e+00	2.362787e-01	-4.57182e-05	
58	9.100000e-11	1.000000e+00	2.001182e-01	-3.78276e-04	
59	9.300000e-11	1.000000e+00	1.683768e-01	-9.28206e-04	
60	9.500000e-11	1.000000e+00	1.407320e-01	-1.76292e-03	
61	9.700000e-11	1.000000e+00	1.168429e-01	-2.81024e-03	
62	9.900000e-11	1.000000e+00	9.665271e-02	-3.92630e-03	
63	1.010000e-10	1.000000e+00	8.002488e-02	-4.96139e-03	
64	1.030000e-10	1.000000e+00	6.707988e-02	-5.64484e-03	
65	1.050000e-10	1.000000e+00	5.679406e-02	-5.25919e-03	
66	1.070000e-10	1.000000e+00	4.775075e-02	-2.14394e-03	
67	1.090000e-10	1.000000e+00	3.965593e-02	5.598484e-03	
68	1.110000e-10	1.000000e+00	3.252770e-02	1.927500e-02	
69	1.130000e-10	1.000000e+00	2.641763e-02	3.930143e-02	
70	1.150000e-10	1.000000e+00	2.129974e-02	6.511502e-02	
71	1.170000e-10	1.000000e+00	1.707998e-02	9.579583e-02	
72	1.190000e-10	1.000000e+00	1.363580e-02	1.307130e-01	
73	1.210000e-10	1.000000e+00	1.084281e-02	1.696947e-01	
74	1.230000e-10	1.000000e+00	8.574615e-03	2.135027e-01	
75	1.250000e-10	1.000000e+00	6.752325e-03	2.639479e-01	
76	1.270000e-10	1.000000e+00	5.322436e-03	3.213170e-01	
77	1.290000e-10	1.000000e+00	4.207186e-03	3.832694e-01	
78	1.310000e-10	1.000000e+00	3.336323e-03	4.493207e-01	
79	1.330000e-10	1.000000e+00	2.655920e-03	5.176439e-01	
80	1.350000e-10	1.000000e+00	2.121728e-03	5.830293e-01	
81	1.370000e-10	1.000000e+00	1.701200e-03	6.397238e-01	
82	1.390000e-10	1.000000e+00	1.369284e-03	6.885144e-01	
83	1.410000e-10	1.000000e+00	1.108004e-03	7.342329e-01	
84	1.430000e-10	1.000000e+00	9.026507e-04	7.877741e-01	
85	1.450000e-10	1.000000e+00	7.410446e-04	8.524022e-01	
86	1.470000e-10	1.000000e+00	6.093036e-04	9.075708e-01	
87	1.490000e-10	1.000000e+00	5.016072e-04	9.435922e-01	
88	1.510000e-10	1.000000e+00	4.143803e-04	9.656137e-01	
89	1.530000e-10	1.000000e+00	3.451095e-04	9.786990e-01	
90	1.550000e-10	1.000000e+00	2.898831e-04	9.865316e-01	
91	1.570000e-10	1.000000e+00	2.463658e-04	9.913007e-01	
92	1.590000e-10	1.000000e+00	2.112890e-04	9.941799e-01	
93	1.610000e-10	1.000000e+00	1.833920e-04	9.958458e-01	
94	1.630000e-10	1.000000e+00	1.604370e-04	9.965914e-01	
95	1.650000e-10	1.000000e+00	1.420315e-04	9.965783e-01	
96	1.670000e-10	1.000000e+00	1.267249e-04	9.963610e-01	
97	1.690000e-10	1.000000e+00	1.145560e-04	9.963403e-01	
98	1.710000e-10	1.000000e+00	1.041852e-04	9.964703e-01	
99	1.730000e-10	1.000000e+00	9.593106e-05	9.967111e-01	
100	1.750000e-10	1.000000e+00	8.875191e-05	9.970082e-01	
101	1.770000e-10	1.000000e+00	8.312766e-05	9.973177e-01	
102	1.790000e-10	1.000000e+00	7.814027e-05	9.976154e-01	
103	1.810000e-10	1.000000e+00	7.435476e-05	9.979067e-01	
104	1.830000e-10	1.000000e+00	7.090690e-05	9.981914e-01	
105	1.850000e-10	1.000000e+00	6.840687e-05	9.984877e-01	
106	1.870000e-10	1.000000e+00	6.601620e-05	9.987541e-01	
107	1.890000e-10	1.000000e+00	6.437597e-05	9.989454e-01	
108	1.910000e-10	1.000000e+00	6.270953e-05	9.990848e-01	
109	1.930000e-10	1.000000e+00	6.168564e-05	9.991994e-01	
110	1.950000e-10	1.000000e+00	6.052691e-05	9.993029e-01	
111	1.970000e-10	1.000000e+00	5.991512e-05	9.994008e-01	
112	1.990000e-10	1.000000e+00	5.908794e-05	9.994912e-01	

Index   time            v(rbl)          v(dout_1)       v(dout_4)       
--------------------------------------------------------------------------------
113	2.010000e-10	1.000000e+00	5.874420e-05	9.995734e-01	
114	2.030000e-10	1.000000e+00	5.813456e-05	9.996450e-01	
115	2.050000e-10	1.000000e+00	5.796856e-05	9.997065e-01	
116	2.070000e-10	1.000000e+00	5.750429e-05	9.997581e-01	
117	2.090000e-10	1.000000e+00	5.745788e-05	9.998033e-01	
118	2.110000e-10	1.000000e+00	5.709052e-05	9.998407e-01	
119	2.130000e-10	1.000000e+00	5.712274e-05	9.998718e-01	
120	2.150000e-10	1.000000e+00	5.681914e-05	9.998963e-01	
121	2.170000e-10	1.000000e+00	5.690355e-05	9.999162e-01	
122	2.190000e-10	1.000000e+00	5.664205e-05	9.999314e-01	
123	2.210000e-10	1.000000e+00	5.676082e-05	9.999439e-01	
124	2.230000e-10	1.000000e+00	5.652684e-05	9.999532e-01	
125	2.250000e-10	1.000000e+00	5.666802e-05	9.999611e-01	
126	2.270000e-10	1.000000e+00	5.645180e-05	9.999668e-01	
127	2.290000e-10	1.000000e+00	5.660747e-05	9.999716e-01	
128	2.310000e-10	1.000000e+00	5.640268e-05	9.999748e-01	
129	2.330000e-10	1.000000e+00	5.656791e-05	9.999778e-01	
130	2.350000e-10	1.000000e+00	5.637058e-05	9.999798e-01	
131	2.370000e-10	1.000000e+00	5.654201e-05	9.999820e-01	
132	2.390000e-10	1.000000e+00	5.634942e-05	9.999832e-01	
133	2.410000e-10	1.000000e+00	5.652493e-05	9.999846e-01	
134	2.430000e-10	1.000000e+00	5.633541e-05	9.999853e-01	
135	2.450000e-10	1.000000e+00	5.651365e-05	9.999863e-01	
136	2.470000e-10	1.000000e+00	5.632612e-05	9.999866e-01	
137	2.490000e-10	1.000000e+00	5.650622e-05	9.999874e-01	
138	2.510000e-10	1.000000e+00	5.631996e-05	9.999875e-01	
139	2.530000e-10	1.000000e+00	5.650133e-05	9.999880e-01	
140	2.550000e-10	1.000000e+00	5.631586e-05	9.999880e-01	
141	2.570000e-10	1.000000e+00	5.649811e-05	9.999885e-01	
142	2.590000e-10	1.000000e+00	5.631313e-05	9.999884e-01	
143	2.610000e-10	1.000000e+00	5.649600e-05	9.999887e-01	
144	2.630000e-10	1.000000e+00	5.631130e-05	9.999886e-01	
145	2.650000e-10	1.000000e+00	5.649462e-05	9.999889e-01	
146	2.670000e-10	1.000000e+00	5.631007e-05	9.999887e-01	
147	2.690000e-10	1.000000e+00	5.649373e-05	9.999891e-01	
148	2.710000e-10	1.000000e+00	5.630923e-05	9.999889e-01	
149	2.730000e-10	1.000000e+00	5.649316e-05	9.999892e-01	
150	2.750000e-10	1.000000e+00	5.630866e-05	9.999889e-01	
151	2.770000e-10	1.000000e+00	5.649280e-05	9.999892e-01	
152	2.790000e-10	1.000000e+00	5.630826e-05	9.999890e-01	
153	2.810000e-10	1.000000e+00	5.649258e-05	9.999893e-01	
154	2.830000e-10	1.000000e+00	5.630797e-05	9.999890e-01	
155	2.850000e-10	1.000000e+00	5.649245e-05	9.999893e-01	
156	2.870000e-10	1.000000e+00	5.630777e-05	9.999890e-01	
157	2.890000e-10	1.000000e+00	5.649239e-05	9.999893e-01	
158	2.910000e-10	1.000000e+00	5.630762e-05	9.999891e-01	
159	2.930000e-10	1.000000e+00	5.649237e-05	9.999893e-01	
160	2.950000e-10	1.000000e+00	5.630750e-05	9.999891e-01	
161	2.970000e-10	1.000000e+00	5.649237e-05	9.999893e-01	
162	2.990000e-10	1.000000e+00	5.630740e-05	9.999891e-01	
163	3.010000e-10	1.000000e+00	5.649239e-05	9.999893e-01	
164	3.030000e-10	1.000000e+00	5.630732e-05	9.999891e-01	
165	3.050000e-10	1.000000e+00	5.649242e-05	9.999893e-01	
166	3.070000e-10	1.000000e+00	5.630724e-05	9.999891e-01	
167	3.090000e-10	1.000000e+00	5.649246e-05	9.999893e-01	
168	3.110000e-10	1.000000e+00	5.630718e-05	9.999891e-01	
169	3.130000e-10	1.000000e+00	5.649251e-05	9.999893e-01	
170	3.150000e-10	1.000000e+00	5.630712e-05	9.999891e-01	

Index   time            v(rbl)          v(dout_1)       v(dout_4)       
--------------------------------------------------------------------------------
171	3.170000e-10	1.000000e+00	5.649255e-05	9.999893e-01	
172	3.190000e-10	1.000000e+00	5.630706e-05	9.999891e-01	
173	3.210000e-10	1.000000e+00	5.649260e-05	9.999893e-01	
174	3.230000e-10	1.000000e+00	5.630701e-05	9.999891e-01	
175	3.250000e-10	1.000000e+00	5.649265e-05	9.999893e-01	
176	3.270000e-10	1.000000e+00	5.630695e-05	9.999891e-01	
177	3.290000e-10	1.000000e+00	5.649270e-05	9.999893e-01	
178	3.310000e-10	1.000000e+00	5.630690e-05	9.999891e-01	
179	3.330000e-10	1.000000e+00	5.649274e-05	9.999893e-01	
180	3.350000e-10	1.000000e+00	5.630685e-05	9.999891e-01	
181	3.370000e-10	1.000000e+00	5.649279e-05	9.999893e-01	
182	3.390000e-10	1.000000e+00	5.630680e-05	9.999891e-01	
183	3.410000e-10	1.000000e+00	5.649284e-05	9.999893e-01	
184	3.430000e-10	1.000000e+00	5.630676e-05	9.999891e-01	
185	3.450000e-10	1.000000e+00	5.649288e-05	9.999893e-01	
186	3.470000e-10	1.000000e+00	5.630671e-05	9.999891e-01	
187	3.490000e-10	1.000000e+00	5.649293e-05	9.999893e-01	
188	3.510000e-10	1.000000e+00	5.630666e-05	9.999891e-01	
189	3.530000e-10	1.000000e+00	5.649298e-05	9.999893e-01	
190	3.550000e-10	1.000000e+00	5.630662e-05	9.999891e-01	
191	3.570000e-10	1.000000e+00	5.649302e-05	9.999893e-01	
192	3.590000e-10	1.000000e+00	5.630657e-05	9.999891e-01	
193	3.610000e-10	1.000000e+00	5.649307e-05	9.999893e-01	
194	3.630000e-10	1.000000e+00	5.630653e-05	9.999891e-01	
195	3.650000e-10	1.000000e+00	5.649311e-05	9.999893e-01	
196	3.670000e-10	1.000000e+00	5.630648e-05	9.999891e-01	
197	3.690000e-10	1.000000e+00	5.649315e-05	9.999893e-01	
198	3.710000e-10	1.000000e+00	5.630644e-05	9.999891e-01	
199	3.730000e-10	1.000000e+00	5.649320e-05	9.999893e-01	
200	3.750000e-10	1.000000e+00	5.630640e-05	9.999891e-01	
201	3.770000e-10	1.000000e+00	5.649324e-05	9.999893e-01	
202	3.790000e-10	1.000000e+00	5.630636e-05	9.999891e-01	
203	3.810000e-10	1.000000e+00	5.649328e-05	9.999893e-01	
204	3.830000e-10	1.000000e+00	5.630632e-05	9.999891e-01	
205	3.850000e-10	1.000000e+00	5.649332e-05	9.999893e-01	
206	3.870000e-10	1.000000e+00	5.630628e-05	9.999891e-01	
207	3.890000e-10	1.000000e+00	5.649336e-05	9.999893e-01	
208	3.910000e-10	1.000000e+00	5.630624e-05	9.999891e-01	
209	3.930000e-10	1.000000e+00	5.649340e-05	9.999893e-01	
210	3.950000e-10	1.000000e+00	5.630620e-05	9.999891e-01	
211	3.970000e-10	1.000000e+00	5.649344e-05	9.999893e-01	
212	3.990000e-10	1.000000e+00	5.630616e-05	9.999891e-01	
213	4.010000e-10	1.000000e+00	5.649348e-05	9.999893e-01	
214	4.030000e-10	1.000000e+00	5.630612e-05	9.999891e-01	
215	4.050000e-10	1.000000e+00	5.649351e-05	9.999893e-01	
216	4.070000e-10	1.000000e+00	5.630608e-05	9.999891e-01	
217	4.090000e-10	1.000000e+00	5.649355e-05	9.999893e-01	
218	4.110000e-10	1.000000e+00	5.630605e-05	9.999891e-01	
219	4.130000e-10	1.000000e+00	5.649359e-05	9.999893e-01	
220	4.150000e-10	1.000000e+00	5.630601e-05	9.999891e-01	
221	4.170000e-10	1.000000e+00	5.649362e-05	9.999893e-01	
222	4.190000e-10	1.000000e+00	5.630597e-05	9.999891e-01	
223	4.210000e-10	1.000000e+00	5.649366e-05	9.999893e-01	
224	4.230000e-10	1.000000e+00	5.630594e-05	9.999891e-01	
225	4.250000e-10	1.000000e+00	5.649369e-05	9.999893e-01	
226	4.270000e-10	1.000000e+00	5.630591e-05	9.999891e-01	
227	4.290000e-10	1.000000e+00	5.649373e-05	9.999893e-01	
228	4.310000e-10	1.000000e+00	5.630587e-05	9.999891e-01	

Index   time            v(rbl)          v(dout_1)       v(dout_4)       
--------------------------------------------------------------------------------
229	4.330000e-10	1.000000e+00	5.649376e-05	9.999893e-01	
230	4.350000e-10	1.000000e+00	5.630584e-05	9.999891e-01	
231	4.370000e-10	1.000000e+00	5.649379e-05	9.999893e-01	
232	4.390000e-10	1.000000e+00	5.630581e-05	9.999891e-01	
233	4.410000e-10	1.000000e+00	5.649383e-05	9.999893e-01	
234	4.430000e-10	1.000000e+00	5.630577e-05	9.999891e-01	
235	4.450000e-10	1.000000e+00	5.649386e-05	9.999893e-01	
236	4.470000e-10	1.000000e+00	5.630574e-05	9.999891e-01	
237	4.490000e-10	1.000000e+00	5.649389e-05	9.999893e-01	
238	4.510000e-10	1.000000e+00	5.630571e-05	9.999891e-01	
239	4.530000e-10	1.000000e+00	5.649392e-05	9.999893e-01	
240	4.550000e-10	1.000000e+00	5.630568e-05	9.999891e-01	
241	4.570000e-10	1.000000e+00	5.649395e-05	9.999893e-01	
242	4.590000e-10	1.000000e+00	5.630565e-05	9.999891e-01	
243	4.610000e-10	1.000000e+00	5.649398e-05	9.999893e-01	
244	4.630000e-10	1.000000e+00	5.630562e-05	9.999891e-01	
245	4.650000e-10	1.000000e+00	5.649401e-05	9.999893e-01	
246	4.670000e-10	1.000000e+00	5.630559e-05	9.999891e-01	
247	4.690000e-10	1.000000e+00	5.649404e-05	9.999893e-01	
248	4.710000e-10	1.000000e+00	5.630556e-05	9.999891e-01	
249	4.730000e-10	1.000000e+00	5.649407e-05	9.999893e-01	
250	4.750000e-10	1.000000e+00	5.630554e-05	9.999891e-01	
251	4.770000e-10	1.000000e+00	5.649409e-05	9.999893e-01	
252	4.790000e-10	1.000000e+00	5.630551e-05	9.999891e-01	
253	4.810000e-10	1.000000e+00	5.649412e-05	9.999893e-01	
254	4.830000e-10	1.000000e+00	5.630548e-05	9.999891e-01	
255	4.850000e-10	1.000000e+00	5.649415e-05	9.999893e-01	
256	4.870000e-10	1.000000e+00	5.630546e-05	9.999891e-01	
257	4.890000e-10	1.000000e+00	5.649417e-05	9.999893e-01	
258	4.910000e-10	1.000000e+00	5.630543e-05	9.999891e-01	
259	4.930000e-10	1.000000e+00	5.649420e-05	9.999893e-01	
260	4.950000e-10	1.000000e+00	5.630541e-05	9.999891e-01	
261	4.970000e-10	1.000000e+00	5.649422e-05	9.999893e-01	
262	4.990000e-10	1.000000e+00	5.630538e-05	9.999891e-01	
263	5.010000e-10	1.000000e+00	5.649425e-05	9.999893e-01	
264	5.030000e-10	1.000000e+00	5.630536e-05	9.999891e-01	
265	5.050000e-10	1.000000e+00	5.649427e-05	9.999893e-01	
266	5.070000e-10	1.000000e+00	5.630533e-05	9.999891e-01	
267	5.090000e-10	1.000000e+00	5.649429e-05	9.999893e-01	
268	5.110000e-10	1.000000e+00	5.630531e-05	9.999891e-01	
269	5.130000e-10	1.000000e+00	5.649432e-05	9.999893e-01	
270	5.150000e-10	1.000000e+00	5.630529e-05	9.999891e-01	
271	5.170000e-10	1.000000e+00	5.649434e-05	9.999893e-01	
272	5.190000e-10	1.000000e+00	5.630527e-05	9.999891e-01	
273	5.210000e-10	1.000000e+00	5.649436e-05	9.999893e-01	
274	5.230000e-10	1.000000e+00	5.630525e-05	9.999891e-01	
275	5.250000e-10	1.000000e+00	5.649438e-05	9.999893e-01	
276	5.270000e-10	1.000000e+00	5.630522e-05	9.999891e-01	
277	5.290000e-10	1.000000e+00	5.649440e-05	9.999893e-01	
278	5.310000e-10	1.000000e+00	5.630520e-05	9.999891e-01	
279	5.330000e-10	1.000000e+00	5.649442e-05	9.999893e-01	
280	5.350000e-10	1.000000e+00	5.630518e-05	9.999891e-01	
281	5.370000e-10	1.000000e+00	5.649444e-05	9.999893e-01	
282	5.390000e-10	1.000000e+00	5.630516e-05	9.999891e-01	
283	5.410000e-10	1.000000e+00	5.649446e-05	9.999893e-01	
284	5.430000e-10	1.000000e+00	5.630514e-05	9.999891e-01	
285	5.450000e-10	1.000000e+00	5.649448e-05	9.999893e-01	
286	5.470000e-10	1.000000e+00	5.630513e-05	9.999891e-01	

Index   time            v(rbl)          v(dout_1)       v(dout_4)       
--------------------------------------------------------------------------------
287	5.490000e-10	1.000000e+00	5.649450e-05	9.999893e-01	
288	5.510000e-10	1.000000e+00	5.630511e-05	9.999891e-01	
289	5.530000e-10	1.000000e+00	5.649452e-05	9.999893e-01	
290	5.550000e-10	1.000000e+00	5.630509e-05	9.999891e-01	
291	5.570000e-10	1.000000e+00	5.649453e-05	9.999893e-01	
292	5.590000e-10	1.000000e+00	5.630507e-05	9.999891e-01	
293	5.610000e-10	1.000000e+00	5.649455e-05	9.999893e-01	
294	5.630000e-10	1.000000e+00	5.630506e-05	9.999891e-01	
295	5.650000e-10	1.000000e+00	5.649457e-05	9.999893e-01	
296	5.670000e-10	1.000000e+00	5.630504e-05	9.999891e-01	
297	5.690000e-10	1.000000e+00	5.649458e-05	9.999893e-01	
298	5.710000e-10	1.000000e+00	5.630502e-05	9.999891e-01	
299	5.730000e-10	1.000000e+00	5.649460e-05	9.999893e-01	
300	5.750000e-10	1.000000e+00	5.630501e-05	9.999891e-01	
301	5.770000e-10	1.000000e+00	5.649462e-05	9.999893e-01	
302	5.790000e-10	1.000000e+00	5.630499e-05	9.999891e-01	
303	5.810000e-10	1.000000e+00	5.649463e-05	9.999893e-01	
304	5.830000e-10	1.000000e+00	5.630498e-05	9.999891e-01	
305	5.850000e-10	1.000000e+00	5.649464e-05	9.999893e-01	
306	5.870000e-10	1.000000e+00	5.630496e-05	9.999891e-01	
307	5.890000e-10	1.000000e+00	5.649466e-05	9.999893e-01	
308	5.910000e-10	1.000000e+00	5.630495e-05	9.999891e-01	
309	5.930000e-10	1.000000e+00	5.649467e-05	9.999893e-01	
310	5.950000e-10	1.000000e+00	5.630494e-05	9.999891e-01	
311	5.970000e-10	1.000000e+00	5.649468e-05	9.999893e-01	
312	5.990000e-10	1.000000e+00	5.630493e-05	9.999891e-01	
313	6.010000e-10	1.000000e+00	5.649470e-05	9.999893e-01	
314	6.030000e-10	1.000000e+00	5.630491e-05	9.999891e-01	
315	6.050000e-10	1.000000e+00	5.649471e-05	9.999893e-01	
316	6.070000e-10	1.000000e+00	5.630490e-05	9.999891e-01	
317	6.090000e-10	1.000000e+00	5.649472e-05	9.999893e-01	
318	6.110000e-10	1.000000e+00	5.630489e-05	9.999891e-01	
319	6.130000e-10	1.000000e+00	5.649473e-05	9.999893e-01	
320	6.150000e-10	1.000000e+00	5.630488e-05	9.999891e-01	
321	6.170000e-10	1.000000e+00	5.649474e-05	9.999893e-01	
322	6.190000e-10	1.000000e+00	5.630487e-05	9.999891e-01	
323	6.210000e-10	1.000000e+00	5.649475e-05	9.999893e-01	
324	6.230000e-10	1.000000e+00	5.630486e-05	9.999891e-01	
325	6.250000e-10	1.000000e+00	5.649476e-05	9.999893e-01	
326	6.270000e-10	1.000000e+00	5.630485e-05	9.999891e-01	
327	6.290000e-10	1.000000e+00	5.649477e-05	9.999893e-01	
328	6.310000e-10	1.000000e+00	5.630484e-05	9.999891e-01	
329	6.330000e-10	1.000000e+00	5.649478e-05	9.999893e-01	
330	6.350000e-10	1.000000e+00	5.630483e-05	9.999891e-01	
331	6.370000e-10	1.000000e+00	5.649479e-05	9.999893e-01	
332	6.390000e-10	1.000000e+00	5.630482e-05	9.999891e-01	
333	6.410000e-10	1.000000e+00	5.649480e-05	9.999893e-01	
334	6.430000e-10	1.000000e+00	5.630481e-05	9.999891e-01	
335	6.450000e-10	1.000000e+00	5.649481e-05	9.999893e-01	
336	6.470000e-10	1.000000e+00	5.630480e-05	9.999891e-01	
337	6.490000e-10	1.000000e+00	5.649482e-05	9.999893e-01	
338	6.510000e-10	1.000000e+00	5.630480e-05	9.999891e-01	
339	6.530000e-10	1.000000e+00	5.649482e-05	9.999893e-01	
340	6.550000e-10	1.000000e+00	5.630479e-05	9.999891e-01	
341	6.570000e-10	1.000000e+00	5.649483e-05	9.999893e-01	
342	6.590000e-10	1.000000e+00	5.630478e-05	9.999891e-01	
343	6.610000e-10	1.000000e+00	5.649484e-05	9.999893e-01	
344	6.630000e-10	1.000000e+00	5.630478e-05	9.999891e-01	

Index   time            v(rbl)          v(dout_1)       v(dout_4)       
--------------------------------------------------------------------------------
345	6.650000e-10	1.000000e+00	5.649484e-05	9.999893e-01	
346	6.670000e-10	1.000000e+00	5.630477e-05	9.999891e-01	
347	6.690000e-10	1.000000e+00	5.649485e-05	9.999893e-01	
348	6.710000e-10	1.000000e+00	5.630476e-05	9.999891e-01	
349	6.730000e-10	1.000000e+00	5.649485e-05	9.999893e-01	
350	6.750000e-10	1.000000e+00	5.630476e-05	9.999891e-01	
351	6.770000e-10	1.000000e+00	5.649486e-05	9.999893e-01	
352	6.790000e-10	1.000000e+00	5.630475e-05	9.999891e-01	
353	6.810000e-10	1.000000e+00	5.649486e-05	9.999893e-01	
354	6.830000e-10	1.000000e+00	5.630475e-05	9.999891e-01	
355	6.850000e-10	1.000000e+00	5.649487e-05	9.999893e-01	
356	6.870000e-10	1.000000e+00	5.630475e-05	9.999891e-01	
357	6.890000e-10	1.000000e+00	5.649487e-05	9.999893e-01	
358	6.910000e-10	1.000000e+00	5.630474e-05	9.999891e-01	
359	6.930000e-10	1.000000e+00	5.649488e-05	9.999893e-01	
360	6.950000e-10	1.000000e+00	5.630474e-05	9.999891e-01	
361	6.970000e-10	1.000000e+00	5.649488e-05	9.999893e-01	
362	6.990000e-10	1.000000e+00	5.630474e-05	9.999891e-01	
363	7.010000e-10	1.000000e+00	5.649488e-05	9.999893e-01	
364	7.030000e-10	1.000000e+00	5.630473e-05	9.999891e-01	
365	7.050000e-10	1.000000e+00	5.649488e-05	9.999893e-01	
366	7.070000e-10	1.000000e+00	5.630473e-05	9.999891e-01	
367	7.090000e-10	1.000000e+00	5.649489e-05	9.999893e-01	
368	7.110000e-10	1.000000e+00	5.630473e-05	9.999891e-01	
369	7.130000e-10	1.000000e+00	5.649489e-05	9.999893e-01	
370	7.150000e-10	1.000000e+00	5.630473e-05	9.999891e-01	
371	7.170000e-10	1.000000e+00	5.649489e-05	9.999893e-01	
372	7.190000e-10	1.000000e+00	5.630473e-05	9.999891e-01	
373	7.210000e-10	1.000000e+00	5.649489e-05	9.999893e-01	
374	7.230000e-10	1.000000e+00	5.630472e-05	9.999891e-01	
375	7.250000e-10	1.000000e+00	5.649489e-05	9.999893e-01	
376	7.270000e-10	1.000000e+00	5.630472e-05	9.999891e-01	
377	7.290000e-10	1.000000e+00	5.649489e-05	9.999893e-01	
378	7.310000e-10	1.000000e+00	5.630472e-05	9.999891e-01	
379	7.330000e-10	1.000000e+00	5.649489e-05	9.999893e-01	
380	7.350000e-10	1.000000e+00	5.630472e-05	9.999891e-01	
381	7.370000e-10	1.000000e+00	5.649489e-05	9.999893e-01	
382	7.390000e-10	1.000000e+00	5.630472e-05	9.999891e-01	
383	7.410000e-10	1.000000e+00	5.649489e-05	9.999893e-01	
384	7.430000e-10	1.000000e+00	5.630472e-05	9.999891e-01	
385	7.450000e-10	1.000000e+00	5.649489e-05	9.999893e-01	
386	7.470000e-10	1.000000e+00	5.630473e-05	9.999891e-01	
387	7.490000e-10	1.000000e+00	5.649489e-05	9.999893e-01	
388	7.510000e-10	1.000000e+00	5.630473e-05	9.999891e-01	
389	7.530000e-10	1.000000e+00	5.649489e-05	9.999893e-01	
390	7.550000e-10	1.000000e+00	5.630473e-05	9.999891e-01	
391	7.570000e-10	1.000000e+00	5.649489e-05	9.999893e-01	
392	7.590000e-10	1.000000e+00	5.630473e-05	9.999891e-01	
393	7.610000e-10	1.000000e+00	5.649488e-05	9.999893e-01	
394	7.630000e-10	1.000000e+00	5.630473e-05	9.999891e-01	
395	7.650000e-10	1.000000e+00	5.649488e-05	9.999893e-01	
396	7.670000e-10	1.000000e+00	5.630474e-05	9.999891e-01	
397	7.690000e-10	1.000000e+00	5.649488e-05	9.999893e-01	
398	7.710000e-10	1.000000e+00	5.630474e-05	9.999891e-01	
399	7.730000e-10	1.000000e+00	5.649488e-05	9.999893e-01	
400	7.750000e-10	1.000000e+00	5.630474e-05	9.999891e-01	
401	7.770000e-10	1.000000e+00	5.649487e-05	9.999893e-01	
402	7.790000e-10	1.000000e+00	5.630475e-05	9.999891e-01	

Index   time            v(rbl)          v(dout_1)       v(dout_4)       
--------------------------------------------------------------------------------
403	7.810000e-10	1.000000e+00	5.649487e-05	9.999893e-01	
404	7.830000e-10	1.000000e+00	5.630475e-05	9.999891e-01	
405	7.850000e-10	1.000000e+00	5.649486e-05	9.999893e-01	
406	7.870000e-10	1.000000e+00	5.630475e-05	9.999891e-01	
407	7.890000e-10	1.000000e+00	5.649486e-05	9.999893e-01	
408	7.910000e-10	1.000000e+00	5.630476e-05	9.999891e-01	
409	7.930000e-10	1.000000e+00	5.649486e-05	9.999893e-01	
410	7.950000e-10	1.000000e+00	5.630476e-05	9.999891e-01	
411	7.970000e-10	1.000000e+00	5.649485e-05	9.999893e-01	
412	7.990000e-10	1.000000e+00	5.630477e-05	9.999891e-01	
413	8.010000e-10	1.000000e+00	5.649485e-05	9.999893e-01	
414	8.030000e-10	1.000000e+00	5.630477e-05	9.999891e-01	
415	8.050000e-10	1.000000e+00	5.649484e-05	9.999893e-01	
416	8.070000e-10	1.000000e+00	5.630478e-05	9.999891e-01	
417	8.090000e-10	1.000000e+00	5.649483e-05	9.999893e-01	
418	8.110000e-10	1.000000e+00	5.630479e-05	9.999891e-01	
419	8.130000e-10	1.000000e+00	5.649483e-05	9.999893e-01	
420	8.150000e-10	1.000000e+00	5.630479e-05	9.999891e-01	
421	8.170000e-10	1.000000e+00	5.649482e-05	9.999893e-01	
422	8.190000e-10	1.000000e+00	5.630480e-05	9.999891e-01	
423	8.210000e-10	1.000000e+00	5.649482e-05	9.999893e-01	
424	8.230000e-10	1.000000e+00	5.630480e-05	9.999891e-01	
425	8.250000e-10	1.000000e+00	5.649481e-05	9.999893e-01	
426	8.270000e-10	1.000000e+00	5.630481e-05	9.999891e-01	
427	8.290000e-10	1.000000e+00	5.649480e-05	9.999893e-01	
428	8.310000e-10	1.000000e+00	5.630482e-05	9.999891e-01	
429	8.330000e-10	1.000000e+00	5.649479e-05	9.999893e-01	
430	8.350000e-10	1.000000e+00	5.630483e-05	9.999891e-01	
431	8.370000e-10	1.000000e+00	5.649479e-05	9.999893e-01	
432	8.390000e-10	1.000000e+00	5.630483e-05	9.999891e-01	
433	8.410000e-10	1.000000e+00	5.649478e-05	9.999893e-01	
434	8.430000e-10	1.000000e+00	5.630484e-05	9.999891e-01	
435	8.450000e-10	1.000000e+00	5.649477e-05	9.999893e-01	
436	8.470000e-10	1.000000e+00	5.630485e-05	9.999891e-01	
437	8.490000e-10	1.000000e+00	5.649476e-05	9.999893e-01	
438	8.510000e-10	1.000000e+00	5.630486e-05	9.999891e-01	
439	8.530000e-10	1.000000e+00	5.649475e-05	9.999893e-01	
440	8.550000e-10	1.000000e+00	5.630487e-05	9.999891e-01	
441	8.570000e-10	1.000000e+00	5.649474e-05	9.999893e-01	
442	8.590000e-10	1.000000e+00	5.630488e-05	9.999891e-01	
443	8.610000e-10	1.000000e+00	5.649473e-05	9.999893e-01	
444	8.630000e-10	1.000000e+00	5.630489e-05	9.999891e-01	
445	8.650000e-10	1.000000e+00	5.649472e-05	9.999893e-01	
446	8.670000e-10	1.000000e+00	5.630490e-05	9.999891e-01	
447	8.690000e-10	1.000000e+00	5.649471e-05	9.999893e-01	
448	8.710000e-10	1.000000e+00	5.630491e-05	9.999891e-01	
449	8.730000e-10	1.000000e+00	5.649470e-05	9.999893e-01	
450	8.750000e-10	1.000000e+00	5.630492e-05	9.999891e-01	
451	8.770000e-10	1.000000e+00	5.649469e-05	9.999893e-01	
452	8.790000e-10	1.000000e+00	5.630493e-05	9.999891e-01	
453	8.810000e-10	1.000000e+00	5.649468e-05	9.999893e-01	
454	8.830000e-10	1.000000e+00	5.630494e-05	9.999891e-01	
455	8.850000e-10	1.000000e+00	5.649467e-05	9.999893e-01	
456	8.870000e-10	1.000000e+00	5.630495e-05	9.999891e-01	
457	8.890000e-10	1.000000e+00	5.649466e-05	9.999893e-01	
458	8.910000e-10	1.000000e+00	5.630496e-05	9.999891e-01	
459	8.930000e-10	1.000000e+00	5.649465e-05	9.999893e-01	
460	8.950000e-10	1.000000e+00	5.630497e-05	9.999891e-01	

Index   time            v(rbl)          v(dout_1)       v(dout_4)       
--------------------------------------------------------------------------------
461	8.970000e-10	1.000000e+00	5.649464e-05	9.999893e-01	
462	8.990000e-10	1.000000e+00	5.630499e-05	9.999891e-01	
463	9.010000e-10	1.000000e+00	5.649462e-05	9.999893e-01	
464	9.030000e-10	1.000000e+00	5.630500e-05	9.999891e-01	
465	9.050000e-10	1.000000e+00	5.649461e-05	9.999893e-01	
466	9.070000e-10	1.000000e+00	5.630501e-05	9.999891e-01	
467	9.090000e-10	1.000000e+00	5.649460e-05	9.999893e-01	
468	9.110000e-10	1.000000e+00	5.630502e-05	9.999891e-01	
469	9.130000e-10	1.000000e+00	5.649459e-05	9.999893e-01	
470	9.150000e-10	1.000000e+00	5.630504e-05	9.999891e-01	
471	9.170000e-10	1.000000e+00	5.649457e-05	9.999893e-01	
472	9.190000e-10	1.000000e+00	5.630505e-05	9.999891e-01	
473	9.210000e-10	1.000000e+00	5.649456e-05	9.999893e-01	
474	9.230000e-10	1.000000e+00	5.630506e-05	9.999891e-01	
475	9.250000e-10	1.000000e+00	5.649455e-05	9.999893e-01	
476	9.270000e-10	1.000000e+00	5.630508e-05	9.999891e-01	
477	9.290000e-10	1.000000e+00	5.649453e-05	9.999893e-01	
478	9.310000e-10	1.000000e+00	5.630509e-05	9.999891e-01	
479	9.330000e-10	1.000000e+00	5.649452e-05	9.999893e-01	
480	9.350000e-10	1.000000e+00	5.630510e-05	9.999891e-01	
481	9.370000e-10	1.000000e+00	5.649451e-05	9.999893e-01	
482	9.390000e-10	1.000000e+00	5.630512e-05	9.999891e-01	
483	9.410000e-10	1.000000e+00	5.649449e-05	9.999893e-01	
484	9.430000e-10	1.000000e+00	5.630513e-05	9.999891e-01	
485	9.450000e-10	1.000000e+00	5.649448e-05	9.999893e-01	
486	9.470000e-10	1.000000e+00	5.630515e-05	9.999891e-01	
487	9.490000e-10	1.000000e+00	5.649446e-05	9.999893e-01	
488	9.510000e-10	1.000000e+00	5.630516e-05	9.999891e-01	
489	9.530000e-10	1.000000e+00	5.649445e-05	9.999893e-01	
490	9.550000e-10	1.000000e+00	5.630518e-05	9.999891e-01	
491	9.570000e-10	1.000000e+00	5.649443e-05	9.999893e-01	
492	9.590000e-10	1.000000e+00	5.630519e-05	9.999891e-01	
493	9.610000e-10	1.000000e+00	5.649442e-05	9.999893e-01	
494	9.630000e-10	1.000000e+00	5.630521e-05	9.999891e-01	
495	9.650000e-10	1.000000e+00	5.649440e-05	9.999893e-01	
496	9.670000e-10	1.000000e+00	5.630522e-05	9.999891e-01	
497	9.690000e-10	1.000000e+00	5.649438e-05	9.999893e-01	
498	9.710000e-10	1.000000e+00	5.630524e-05	9.999891e-01	
499	9.730000e-10	1.000000e+00	5.649437e-05	9.999893e-01	
500	9.750000e-10	1.000000e+00	5.630526e-05	9.999891e-01	
501	9.770000e-10	1.000000e+00	5.649435e-05	9.999893e-01	
502	9.790000e-10	1.000000e+00	5.630527e-05	9.999891e-01	
503	9.810000e-10	1.000000e+00	5.649434e-05	9.999893e-01	
504	9.830000e-10	1.000000e+00	5.630529e-05	9.999891e-01	
505	9.850000e-10	1.000000e+00	5.649432e-05	9.999893e-01	
506	9.870000e-10	1.000000e+00	5.630531e-05	9.999891e-01	
507	9.890000e-10	1.000000e+00	5.649430e-05	9.999893e-01	
508	9.910000e-10	1.000000e+00	5.630532e-05	9.999891e-01	
509	9.930000e-10	1.000000e+00	5.649428e-05	9.999893e-01	
510	9.950000e-10	1.000000e+00	5.630534e-05	9.999891e-01	
511	9.970000e-10	1.000000e+00	5.649427e-05	9.999893e-01	
512	9.990000e-10	1.000000e+00	5.630536e-05	9.999891e-01	
513	1.001000e-09	1.000000e+00	5.649425e-05	9.999893e-01	
514	1.003000e-09	1.000000e+00	5.630538e-05	9.999892e-01	
515	1.005000e-09	1.000000e+00	5.649423e-05	9.999893e-01	
516	1.007000e-09	1.000000e+00	5.630539e-05	9.999892e-01	
517	1.009000e-09	1.000000e+00	5.649421e-05	9.999893e-01	
518	1.011000e-09	1.000000e+00	5.630541e-05	9.999892e-01	

Index   time            v(rbl)          v(dout_1)       v(dout_4)       
--------------------------------------------------------------------------------
519	1.013000e-09	1.000000e+00	5.649420e-05	9.999893e-01	
520	1.015000e-09	1.000000e+00	5.630543e-05	9.999892e-01	
521	1.017000e-09	1.000000e+00	5.649418e-05	9.999893e-01	
522	1.019000e-09	1.000000e+00	5.630545e-05	9.999892e-01	
523	1.021000e-09	1.000000e+00	5.649416e-05	9.999893e-01	
524	1.023000e-09	1.000000e+00	5.630547e-05	9.999892e-01	
525	1.025000e-09	1.000000e+00	5.649414e-05	9.999893e-01	
526	1.027000e-09	1.000000e+00	5.630549e-05	9.999892e-01	
527	1.029000e-09	1.000000e+00	5.649412e-05	9.999893e-01	
528	1.031000e-09	1.000000e+00	5.630551e-05	9.999892e-01	
529	1.033000e-09	1.000000e+00	5.649410e-05	9.999893e-01	
530	1.035000e-09	1.000000e+00	5.630553e-05	9.999892e-01	
531	1.037000e-09	1.000000e+00	5.649408e-05	9.999893e-01	
532	1.039000e-09	1.000000e+00	5.630554e-05	9.999892e-01	
533	1.041000e-09	1.000000e+00	5.649406e-05	9.999893e-01	
534	1.043000e-09	1.000000e+00	5.630556e-05	9.999892e-01	
535	1.045000e-09	1.000000e+00	5.649404e-05	9.999893e-01	
536	1.047000e-09	1.000000e+00	5.630558e-05	9.999892e-01	
537	1.049000e-09	1.000000e+00	5.649402e-05	9.999893e-01	
538	1.051000e-09	1.000000e+00	5.630560e-05	9.999892e-01	
539	1.053000e-09	1.000000e+00	5.649400e-05	9.999893e-01	
540	1.055000e-09	1.000000e+00	5.630562e-05	9.999892e-01	
541	1.057000e-09	1.000000e+00	5.649398e-05	9.999893e-01	
542	1.059000e-09	1.000000e+00	5.630564e-05	9.999892e-01	
543	1.061000e-09	1.000000e+00	5.649396e-05	9.999893e-01	
544	1.063000e-09	1.000000e+00	5.630567e-05	9.999892e-01	
545	1.065000e-09	1.000000e+00	5.649394e-05	9.999893e-01	
546	1.067000e-09	1.000000e+00	5.630569e-05	9.999892e-01	
547	1.069000e-09	1.000000e+00	5.649392e-05	9.999893e-01	
548	1.071000e-09	1.000000e+00	5.630571e-05	9.999892e-01	
549	1.073000e-09	1.000000e+00	5.649390e-05	9.999893e-01	
550	1.075000e-09	1.000000e+00	5.630573e-05	9.999892e-01	
551	1.077000e-09	1.000000e+00	5.649388e-05	9.999893e-01	
552	1.079000e-09	1.000000e+00	5.630575e-05	9.999892e-01	
553	1.081000e-09	1.000000e+00	5.649386e-05	9.999893e-01	
554	1.083000e-09	1.000000e+00	5.630577e-05	9.999892e-01	
555	1.085000e-09	1.000000e+00	5.649384e-05	9.999893e-01	
556	1.087000e-09	1.000000e+00	5.630579e-05	9.999892e-01	
557	1.089000e-09	1.000000e+00	5.649381e-05	9.999893e-01	
558	1.091000e-09	1.000000e+00	5.630581e-05	9.999892e-01	
559	1.093000e-09	1.000000e+00	5.649379e-05	9.999893e-01	
560	1.095000e-09	1.000000e+00	5.630584e-05	9.999892e-01	
561	1.097000e-09	1.000000e+00	5.649377e-05	9.999893e-01	
562	1.099000e-09	1.000000e+00	5.630586e-05	9.999892e-01	
563	1.101000e-09	1.000000e+00	5.649375e-05	9.999893e-01	
564	1.103000e-09	1.000000e+00	5.630588e-05	9.999892e-01	
565	1.105000e-09	1.000000e+00	5.649372e-05	9.999893e-01	
566	1.107000e-09	1.000000e+00	5.630590e-05	9.999892e-01	
567	1.109000e-09	1.000000e+00	5.649370e-05	9.999893e-01	
568	1.111000e-09	1.000000e+00	5.630593e-05	9.999892e-01	
569	1.113000e-09	1.000000e+00	5.649368e-05	9.999893e-01	
570	1.115000e-09	1.000000e+00	5.630595e-05	9.999892e-01	
571	1.117000e-09	1.000000e+00	5.649366e-05	9.999893e-01	
572	1.119000e-09	1.000000e+00	5.630597e-05	9.999892e-01	
573	1.121000e-09	1.000000e+00	5.649363e-05	9.999893e-01	
574	1.123000e-09	1.000000e+00	5.630599e-05	9.999892e-01	
575	1.125000e-09	1.000000e+00	5.649361e-05	9.999893e-01	
576	1.127000e-09	1.000000e+00	5.630602e-05	9.999892e-01	

Index   time            v(rbl)          v(dout_1)       v(dout_4)       
--------------------------------------------------------------------------------
577	1.129000e-09	1.000000e+00	5.649359e-05	9.999893e-01	
578	1.131000e-09	1.000000e+00	5.630604e-05	9.999892e-01	
579	1.133000e-09	1.000000e+00	5.649356e-05	9.999893e-01	
580	1.135000e-09	1.000000e+00	5.630607e-05	9.999892e-01	
581	1.137000e-09	1.000000e+00	5.649354e-05	9.999893e-01	
582	1.139000e-09	1.000000e+00	5.630609e-05	9.999892e-01	
583	1.141000e-09	1.000000e+00	5.649352e-05	9.999893e-01	
584	1.143000e-09	1.000000e+00	5.630611e-05	9.999892e-01	
585	1.145000e-09	1.000000e+00	5.649349e-05	9.999893e-01	
586	1.147000e-09	1.000000e+00	5.630614e-05	9.999892e-01	
587	1.149000e-09	1.000000e+00	5.649347e-05	9.999893e-01	
588	1.151000e-09	1.000000e+00	5.630616e-05	9.999892e-01	
589	1.153000e-09	1.000000e+00	5.649344e-05	9.999893e-01	
590	1.155000e-09	1.000000e+00	5.630619e-05	9.999892e-01	
591	1.157000e-09	1.000000e+00	5.649342e-05	9.999893e-01	
592	1.159000e-09	1.000000e+00	5.630621e-05	9.999892e-01	
593	1.161000e-09	1.000000e+00	5.649339e-05	9.999893e-01	
594	1.163000e-09	1.000000e+00	5.630623e-05	9.999892e-01	
595	1.165000e-09	1.000000e+00	5.649337e-05	9.999893e-01	
596	1.167000e-09	1.000000e+00	5.630626e-05	9.999892e-01	
597	1.169000e-09	1.000000e+00	5.649334e-05	9.999893e-01	
598	1.171000e-09	1.000000e+00	5.630628e-05	9.999892e-01	
599	1.173000e-09	1.000000e+00	5.649332e-05	9.999893e-01	
600	1.175000e-09	1.000000e+00	5.630631e-05	9.999892e-01	
601	1.177000e-09	1.000000e+00	5.649329e-05	9.999893e-01	
602	1.179000e-09	1.000000e+00	5.630633e-05	9.999892e-01	
603	1.181000e-09	1.000000e+00	5.649327e-05	9.999893e-01	
604	1.183000e-09	1.000000e+00	5.630636e-05	9.999892e-01	
605	1.185000e-09	1.000000e+00	5.649324e-05	9.999893e-01	
606	1.187000e-09	1.000000e+00	5.630639e-05	9.999892e-01	
607	1.189000e-09	1.000000e+00	5.649322e-05	9.999893e-01	
608	1.191000e-09	1.000000e+00	5.630641e-05	9.999892e-01	
609	1.193000e-09	1.000000e+00	5.649319e-05	9.999893e-01	
610	1.195000e-09	1.000000e+00	5.630644e-05	9.999892e-01	
611	1.197000e-09	1.000000e+00	5.649317e-05	9.999893e-01	
612	1.199000e-09	1.000000e+00	5.630646e-05	9.999892e-01	
613	1.201000e-09	1.000000e+00	5.649314e-05	9.999893e-01	
614	1.203000e-09	1.000000e+00	5.630649e-05	9.999892e-01	
615	1.205000e-09	1.000000e+00	5.649311e-05	9.999893e-01	
616	1.207000e-09	1.000000e+00	5.630652e-05	9.999892e-01	
617	1.209000e-09	1.000000e+00	5.649309e-05	9.999893e-01	
618	1.211000e-09	1.000000e+00	5.630654e-05	9.999892e-01	
619	1.213000e-09	1.000000e+00	5.649306e-05	9.999893e-01	
620	1.215000e-09	1.000000e+00	5.630657e-05	9.999892e-01	
621	1.217000e-09	1.000000e+00	5.649303e-05	9.999893e-01	
622	1.219000e-09	1.000000e+00	5.630660e-05	9.999892e-01	
623	1.221000e-09	1.000000e+00	5.649301e-05	9.999893e-01	
624	1.223000e-09	1.000000e+00	5.630662e-05	9.999892e-01	
625	1.225000e-09	1.000000e+00	5.649298e-05	9.999893e-01	
626	1.227000e-09	1.000000e+00	5.630665e-05	9.999892e-01	
627	1.229000e-09	1.000000e+00	5.649295e-05	9.999893e-01	
628	1.231000e-09	1.000000e+00	5.630668e-05	9.999892e-01	
629	1.233000e-09	1.000000e+00	5.649293e-05	9.999893e-01	
630	1.235000e-09	1.000000e+00	5.630670e-05	9.999892e-01	
631	1.237000e-09	1.000000e+00	5.649290e-05	9.999893e-01	
632	1.239000e-09	1.000000e+00	5.630673e-05	9.999892e-01	
633	1.241000e-09	1.000000e+00	5.649287e-05	9.999893e-01	
634	1.243000e-09	1.000000e+00	5.630676e-05	9.999892e-01	

Index   time            v(rbl)          v(dout_1)       v(dout_4)       
--------------------------------------------------------------------------------
635	1.245000e-09	1.000000e+00	5.649284e-05	9.999893e-01	
636	1.247000e-09	1.000000e+00	5.630679e-05	9.999892e-01	
637	1.249000e-09	1.000000e+00	5.649282e-05	9.999893e-01	
638	1.251000e-09	1.000000e+00	5.630681e-05	9.999892e-01	
639	1.253000e-09	1.000000e+00	5.649279e-05	9.999893e-01	
640	1.255000e-09	1.000000e+00	5.630684e-05	9.999892e-01	
641	1.257000e-09	1.000000e+00	5.649276e-05	9.999893e-01	
642	1.259000e-09	1.000000e+00	5.630687e-05	9.999892e-01	
643	1.261000e-09	1.000000e+00	5.649273e-05	9.999893e-01	
644	1.263000e-09	1.000000e+00	5.630690e-05	9.999892e-01	
645	1.265000e-09	1.000000e+00	5.649271e-05	9.999893e-01	
646	1.267000e-09	1.000000e+00	5.630693e-05	9.999892e-01	
647	1.269000e-09	1.000000e+00	5.649268e-05	9.999893e-01	
648	1.271000e-09	1.000000e+00	5.630695e-05	9.999892e-01	
649	1.273000e-09	1.000000e+00	5.649265e-05	9.999893e-01	
650	1.275000e-09	1.000000e+00	5.630698e-05	9.999892e-01	
651	1.277000e-09	1.000000e+00	5.649262e-05	9.999893e-01	
652	1.279000e-09	1.000000e+00	5.630701e-05	9.999892e-01	
653	1.281000e-09	1.000000e+00	5.649259e-05	9.999893e-01	
654	1.283000e-09	1.000000e+00	5.630704e-05	9.999892e-01	
655	1.285000e-09	1.000000e+00	5.649256e-05	9.999893e-01	
656	1.287000e-09	1.000000e+00	5.630707e-05	9.999892e-01	
657	1.289000e-09	1.000000e+00	5.649253e-05	9.999893e-01	
658	1.291000e-09	1.000000e+00	5.630710e-05	9.999892e-01	
659	1.293000e-09	1.000000e+00	5.649251e-05	9.999893e-01	
660	1.295000e-09	1.000000e+00	5.630713e-05	9.999892e-01	
661	1.297000e-09	1.000000e+00	5.649248e-05	9.999893e-01	
662	1.299000e-09	1.000000e+00	5.630715e-05	9.999892e-01	
663	1.301000e-09	1.000000e+00	5.649245e-05	9.999893e-01	
664	1.303000e-09	1.000000e+00	5.630718e-05	9.999892e-01	
665	1.305000e-09	1.000000e+00	5.649242e-05	9.999893e-01	
666	1.307000e-09	1.000000e+00	5.630721e-05	9.999892e-01	
667	1.309000e-09	1.000000e+00	5.649239e-05	9.999893e-01	
668	1.311000e-09	1.000000e+00	5.630724e-05	9.999892e-01	
669	1.313000e-09	1.000000e+00	5.649236e-05	9.999893e-01	
670	1.315000e-09	1.000000e+00	5.630727e-05	9.999892e-01	
671	1.317000e-09	1.000000e+00	5.649233e-05	9.999893e-01	
672	1.319000e-09	1.000000e+00	5.630730e-05	9.999892e-01	
673	1.321000e-09	1.000000e+00	5.649230e-05	9.999893e-01	
674	1.323000e-09	1.000000e+00	5.630733e-05	9.999892e-01	
675	1.325000e-09	1.000000e+00	5.649227e-05	9.999893e-01	
676	1.327000e-09	1.000000e+00	5.630736e-05	9.999892e-01	
677	1.329000e-09	1.000000e+00	5.649224e-05	9.999893e-01	
678	1.331000e-09	1.000000e+00	5.630739e-05	9.999892e-01	
679	1.333000e-09	1.000000e+00	5.649221e-05	9.999893e-01	
680	1.335000e-09	1.000000e+00	5.630742e-05	9.999892e-01	
681	1.337000e-09	1.000000e+00	5.649218e-05	9.999893e-01	
682	1.339000e-09	1.000000e+00	5.630745e-05	9.999892e-01	
683	1.341000e-09	1.000000e+00	5.649215e-05	9.999893e-01	
684	1.343000e-09	1.000000e+00	5.630748e-05	9.999892e-01	
685	1.345000e-09	1.000000e+00	5.649212e-05	9.999893e-01	
686	1.347000e-09	1.000000e+00	5.630751e-05	9.999892e-01	
687	1.349000e-09	1.000000e+00	5.649209e-05	9.999893e-01	
688	1.351000e-09	1.000000e+00	5.630754e-05	9.999892e-01	
689	1.353000e-09	1.000000e+00	5.649206e-05	9.999893e-01	
690	1.355000e-09	1.000000e+00	5.630757e-05	9.999892e-01	
691	1.357000e-09	1.000000e+00	5.649203e-05	9.999893e-01	
692	1.359000e-09	1.000000e+00	5.630760e-05	9.999892e-01	

Index   time            v(rbl)          v(dout_1)       v(dout_4)       
--------------------------------------------------------------------------------
693	1.361000e-09	1.000000e+00	5.649200e-05	9.999893e-01	
694	1.363000e-09	1.000000e+00	5.630764e-05	9.999892e-01	
695	1.365000e-09	1.000000e+00	5.649197e-05	9.999893e-01	
696	1.367000e-09	1.000000e+00	5.630767e-05	9.999892e-01	
697	1.369000e-09	1.000000e+00	5.649193e-05	9.999893e-01	
698	1.371000e-09	1.000000e+00	5.630770e-05	9.999892e-01	
699	1.373000e-09	1.000000e+00	5.649190e-05	9.999893e-01	
700	1.375000e-09	1.000000e+00	5.630773e-05	9.999892e-01	
701	1.377000e-09	1.000000e+00	5.649187e-05	9.999893e-01	
702	1.379000e-09	1.000000e+00	5.630776e-05	9.999892e-01	
703	1.381000e-09	1.000000e+00	5.649184e-05	9.999893e-01	
704	1.383000e-09	1.000000e+00	5.630779e-05	9.999892e-01	
705	1.385000e-09	1.000000e+00	5.649181e-05	9.999893e-01	
706	1.387000e-09	1.000000e+00	5.630782e-05	9.999892e-01	
707	1.389000e-09	1.000000e+00	5.649178e-05	9.999893e-01	
708	1.391000e-09	1.000000e+00	5.630785e-05	9.999892e-01	
709	1.393000e-09	1.000000e+00	5.649175e-05	9.999893e-01	
710	1.395000e-09	1.000000e+00	5.630789e-05	9.999892e-01	
711	1.397000e-09	1.000000e+00	5.649172e-05	9.999893e-01	
712	1.399000e-09	1.000000e+00	5.630792e-05	9.999892e-01	
713	1.401000e-09	1.000000e+00	5.649168e-05	9.999893e-01	
714	1.403000e-09	1.000000e+00	5.630795e-05	9.999892e-01	
715	1.405000e-09	1.000000e+00	5.649165e-05	9.999893e-01	
716	1.407000e-09	1.000000e+00	5.630798e-05	9.999892e-01	
717	1.409000e-09	1.000000e+00	5.649162e-05	9.999893e-01	
718	1.411000e-09	1.000000e+00	5.630801e-05	9.999892e-01	
719	1.413000e-09	1.000000e+00	5.649159e-05	9.999893e-01	
720	1.415000e-09	1.000000e+00	5.630804e-05	9.999892e-01	
721	1.417000e-09	1.000000e+00	5.649156e-05	9.999893e-01	
722	1.419000e-09	1.000000e+00	5.630808e-05	9.999892e-01	
723	1.421000e-09	1.000000e+00	5.649152e-05	9.999893e-01	
724	1.423000e-09	1.000000e+00	5.630811e-05	9.999892e-01	
725	1.425000e-09	1.000000e+00	5.649149e-05	9.999893e-01	
726	1.427000e-09	1.000000e+00	5.630814e-05	9.999892e-01	
727	1.429000e-09	1.000000e+00	5.649146e-05	9.999893e-01	
728	1.431000e-09	1.000000e+00	5.630817e-05	9.999892e-01	
729	1.433000e-09	1.000000e+00	5.649143e-05	9.999893e-01	
730	1.435000e-09	1.000000e+00	5.630821e-05	9.999892e-01	
731	1.437000e-09	1.000000e+00	5.649139e-05	9.999893e-01	
732	1.439000e-09	1.000000e+00	5.630824e-05	9.999892e-01	
733	1.441000e-09	1.000000e+00	5.649136e-05	9.999893e-01	
734	1.443000e-09	1.000000e+00	5.630827e-05	9.999892e-01	
735	1.445000e-09	1.000000e+00	5.649133e-05	9.999893e-01	
736	1.447000e-09	1.000000e+00	5.630830e-05	9.999892e-01	
737	1.449000e-09	1.000000e+00	5.649130e-05	9.999893e-01	
738	1.451000e-09	1.000000e+00	5.630834e-05	9.999892e-01	
739	1.453000e-09	1.000000e+00	5.649126e-05	9.999893e-01	
740	1.455000e-09	1.000000e+00	5.630837e-05	9.999892e-01	
741	1.457000e-09	1.000000e+00	5.649123e-05	9.999893e-01	
742	1.459000e-09	1.000000e+00	5.630840e-05	9.999892e-01	
743	1.461000e-09	1.000000e+00	5.649120e-05	9.999893e-01	
744	1.463000e-09	1.000000e+00	5.630844e-05	9.999892e-01	
745	1.465000e-09	1.000000e+00	5.649116e-05	9.999893e-01	
746	1.467000e-09	1.000000e+00	5.630847e-05	9.999892e-01	
747	1.469000e-09	1.000000e+00	5.649113e-05	9.999893e-01	
748	1.471000e-09	1.000000e+00	5.630850e-05	9.999892e-01	
749	1.473000e-09	1.000000e+00	5.649110e-05	9.999893e-01	
750	1.475000e-09	1.000000e+00	5.630854e-05	9.999892e-01	

Index   time            v(rbl)          v(dout_1)       v(dout_4)       
--------------------------------------------------------------------------------
751	1.477000e-09	1.000000e+00	5.649107e-05	9.999893e-01	
752	1.479000e-09	1.000000e+00	5.630857e-05	9.999892e-01	
753	1.481000e-09	1.000000e+00	5.649103e-05	9.999893e-01	
754	1.483000e-09	1.000000e+00	5.630860e-05	9.999892e-01	
755	1.485000e-09	1.000000e+00	5.649100e-05	9.999893e-01	
756	1.487000e-09	1.000000e+00	5.630864e-05	9.999892e-01	
757	1.489000e-09	1.000000e+00	5.649096e-05	9.999893e-01	
758	1.491000e-09	1.000000e+00	5.630867e-05	9.999892e-01	
759	1.493000e-09	1.000000e+00	5.649093e-05	9.999893e-01	
760	1.495000e-09	1.000000e+00	5.630870e-05	9.999892e-01	
761	1.497000e-09	1.000000e+00	5.649090e-05	9.999893e-01	
762	1.499000e-09	1.000000e+00	5.630874e-05	9.999892e-01	
763	1.501000e-09	1.000000e+00	5.649086e-05	9.999893e-01	
764	1.503000e-09	1.000000e+00	5.630877e-05	9.999892e-01	
765	1.505000e-09	1.000000e+00	5.649083e-05	9.999893e-01	
766	1.507000e-09	1.000000e+00	5.630880e-05	9.999892e-01	
767	1.509000e-09	1.000000e+00	5.649080e-05	9.999893e-01	
768	1.511000e-09	1.000000e+00	5.630884e-05	9.999892e-01	
769	1.513000e-09	1.000000e+00	5.649076e-05	9.999893e-01	
770	1.515000e-09	1.000000e+00	5.630887e-05	9.999892e-01	
771	1.517000e-09	1.000000e+00	5.649073e-05	9.999893e-01	
772	1.519000e-09	1.000000e+00	5.630891e-05	9.999892e-01	
773	1.521000e-09	1.000000e+00	5.649069e-05	9.999893e-01	
774	1.523000e-09	1.000000e+00	5.630894e-05	9.999892e-01	
775	1.525000e-09	1.000000e+00	5.649066e-05	9.999893e-01	
776	1.527000e-09	1.000000e+00	5.630897e-05	9.999892e-01	
777	1.529000e-09	1.000000e+00	5.649063e-05	9.999893e-01	
778	1.531000e-09	1.000000e+00	5.630901e-05	9.999892e-01	
779	1.533000e-09	1.000000e+00	5.649059e-05	9.999893e-01	
780	1.535000e-09	1.000000e+00	5.630904e-05	9.999892e-01	
781	1.537000e-09	1.000000e+00	5.649056e-05	9.999893e-01	
782	1.539000e-09	1.000000e+00	5.630908e-05	9.999892e-01	
783	1.541000e-09	1.000000e+00	5.649052e-05	9.999893e-01	
784	1.543000e-09	1.000000e+00	5.630911e-05	9.999892e-01	
785	1.545000e-09	1.000000e+00	5.649049e-05	9.999893e-01	
786	1.547000e-09	1.000000e+00	5.630915e-05	9.999892e-01	
787	1.549000e-09	1.000000e+00	5.649045e-05	9.999893e-01	
788	1.551000e-09	1.000000e+00	5.630918e-05	9.999892e-01	
789	1.553000e-09	1.000000e+00	5.649042e-05	9.999893e-01	
790	1.555000e-09	1.000000e+00	5.630922e-05	9.999892e-01	
791	1.557000e-09	1.000000e+00	5.649038e-05	9.999893e-01	
792	1.559000e-09	1.000000e+00	5.630925e-05	9.999892e-01	
793	1.560000e-09	1.000000e+00	5.649033e-05	9.999893e-01	
794	1.560200e-09	9.800000e-01	-1.01824e-03	9.999885e-01	
795	1.560600e-09	9.400000e-01	-3.04753e-03	9.999875e-01	
796	1.561400e-09	8.600000e-01	-6.57484e-03	9.999869e-01	
797	1.563000e-09	7.000000e-01	-1.09758e-02	9.999881e-01	
798	1.565000e-09	5.000000e-01	-6.20565e-04	9.999941e-01	
799	1.567000e-09	3.000000e-01	4.460682e-02	1.000005e+00	
800	1.569000e-09	1.000000e-01	1.279496e-01	1.000012e+00	
801	1.570000e-09	0.000000e+00	1.834063e-01	1.000014e+00	
802	1.570200e-09	0.000000e+00	1.970347e-01	1.000016e+00	
803	1.570600e-09	0.000000e+00	2.238609e-01	1.000017e+00	
804	1.571400e-09	0.000000e+00	2.757021e-01	1.000013e+00	
805	1.573000e-09	0.000000e+00	3.729742e-01	9.999954e-01	
806	1.575000e-09	0.000000e+00	4.828893e-01	9.999586e-01	
807	1.577000e-09	0.000000e+00	5.841437e-01	9.999114e-01	
808	1.579000e-09	0.000000e+00	6.660417e-01	9.998516e-01	

Index   time            v(rbl)          v(dout_1)       v(dout_4)       
--------------------------------------------------------------------------------
809	1.581000e-09	0.000000e+00	7.252198e-01	9.998043e-01	
810	1.583000e-09	0.000000e+00	7.726769e-01	9.997825e-01	
811	1.585000e-09	0.000000e+00	8.275349e-01	9.997905e-01	
812	1.587000e-09	0.000000e+00	8.887136e-01	9.998477e-01	
813	1.589000e-09	0.000000e+00	9.336701e-01	1.000043e+00	
814	1.591000e-09	0.000000e+00	9.607927e-01	1.000502e+00	
815	1.593000e-09	0.000000e+00	9.765486e-01	1.001214e+00	
816	1.595000e-09	0.000000e+00	9.855856e-01	1.002122e+00	
817	1.597000e-09	0.000000e+00	9.909074e-01	1.003114e+00	
818	1.599000e-09	0.000000e+00	9.941301e-01	1.004085e+00	
819	1.601000e-09	0.000000e+00	9.960508e-01	1.004997e+00	
820	1.603000e-09	0.000000e+00	9.971030e-01	1.005863e+00	
821	1.605000e-09	0.000000e+00	9.974054e-01	1.006724e+00	
822	1.607000e-09	0.000000e+00	9.971150e-01	1.007605e+00	
823	1.609000e-09	0.000000e+00	9.967819e-01	1.008171e+00	
824	1.611000e-09	0.000000e+00	9.966886e-01	1.007275e+00	
825	1.613000e-09	0.000000e+00	9.967624e-01	1.003332e+00	
826	1.615000e-09	0.000000e+00	9.969582e-01	9.949571e-01	
827	1.617000e-09	0.000000e+00	9.972154e-01	9.797419e-01	
828	1.619000e-09	0.000000e+00	9.974900e-01	9.551653e-01	
829	1.621000e-09	0.000000e+00	9.977594e-01	9.213897e-01	
830	1.623000e-09	0.000000e+00	9.980288e-01	8.802545e-01	
831	1.625000e-09	0.000000e+00	9.982985e-01	8.333578e-01	
832	1.627000e-09	0.000000e+00	9.985812e-01	7.814964e-01	
833	1.629000e-09	0.000000e+00	9.988267e-01	7.250590e-01	
834	1.631000e-09	0.000000e+00	9.990001e-01	6.680059e-01	
835	1.633000e-09	0.000000e+00	9.991280e-01	6.138685e-01	
836	1.635000e-09	0.000000e+00	9.992358e-01	5.640876e-01	
837	1.637000e-09	0.000000e+00	9.993342e-01	5.222165e-01	
838	1.639000e-09	0.000000e+00	9.994283e-01	4.900544e-01	
839	1.641000e-09	0.000000e+00	9.995148e-01	4.653285e-01	
840	1.643000e-09	0.000000e+00	9.995937e-01	4.439573e-01	
841	1.645000e-09	0.000000e+00	9.996618e-01	4.210357e-01	
842	1.647000e-09	0.000000e+00	9.997206e-01	3.878574e-01	
843	1.649000e-09	0.000000e+00	9.997698e-01	3.443181e-01	
844	1.651000e-09	0.000000e+00	9.998133e-01	2.995369e-01	
845	1.653000e-09	0.000000e+00	9.998488e-01	2.573693e-01	
846	1.655000e-09	0.000000e+00	9.998785e-01	2.189962e-01	
847	1.657000e-09	0.000000e+00	9.999015e-01	1.849806e-01	
848	1.659000e-09	0.000000e+00	9.999206e-01	1.552210e-01	
849	1.661000e-09	0.000000e+00	9.999347e-01	1.293436e-01	
850	1.663000e-09	0.000000e+00	9.999467e-01	1.071924e-01	
851	1.665000e-09	0.000000e+00	9.999553e-01	8.863869e-02	
852	1.667000e-09	0.000000e+00	9.999629e-01	7.381253e-02	
853	1.669000e-09	0.000000e+00	9.999681e-01	6.229984e-02	
854	1.671000e-09	0.000000e+00	9.999728e-01	5.262936e-02	
855	1.673000e-09	0.000000e+00	9.999756e-01	4.397687e-02	
856	1.675000e-09	0.000000e+00	9.999787e-01	3.628573e-02	
857	1.677000e-09	0.000000e+00	9.999803e-01	2.960465e-02	
858	1.679000e-09	0.000000e+00	9.999825e-01	2.395089e-02	
859	1.681000e-09	0.000000e+00	9.999835e-01	1.925715e-02	
860	1.683000e-09	0.000000e+00	9.999851e-01	1.540934e-02	
861	1.685000e-09	0.000000e+00	9.999855e-01	1.228037e-02	
862	1.687000e-09	0.000000e+00	9.999866e-01	9.742542e-03	
863	1.689000e-09	0.000000e+00	9.999867e-01	7.687158e-03	
864	1.691000e-09	0.000000e+00	9.999876e-01	6.055222e-03	
865	1.693000e-09	0.000000e+00	9.999875e-01	4.781570e-03	
866	1.695000e-09	0.000000e+00	9.999882e-01	3.786731e-03	

Index   time            v(rbl)          v(dout_1)       v(dout_4)       
--------------------------------------------------------------------------------
867	1.697000e-09	0.000000e+00	9.999880e-01	3.009522e-03	
868	1.699000e-09	0.000000e+00	9.999886e-01	2.400774e-03	
869	1.701000e-09	0.000000e+00	9.999883e-01	1.921673e-03	
870	1.703000e-09	0.000000e+00	9.999889e-01	1.543830e-03	
871	1.705000e-09	0.000000e+00	9.999885e-01	1.245828e-03	
872	1.707000e-09	0.000000e+00	9.999891e-01	1.011175e-03	
873	1.709000e-09	0.000000e+00	9.999887e-01	8.270959e-04	
874	1.711000e-09	0.000000e+00	9.999892e-01	6.800301e-04	
875	1.713000e-09	0.000000e+00	9.999888e-01	5.589454e-04	
876	1.715000e-09	0.000000e+00	9.999893e-01	4.607505e-04	
877	1.717000e-09	0.000000e+00	9.999888e-01	3.817923e-04	
878	1.719000e-09	0.000000e+00	9.999893e-01	3.192574e-04	
879	1.721000e-09	0.000000e+00	9.999889e-01	2.694947e-04	
880	1.723000e-09	0.000000e+00	9.999894e-01	2.300635e-04	
881	1.725000e-09	0.000000e+00	9.999889e-01	1.982668e-04	
882	1.727000e-09	0.000000e+00	9.999894e-01	1.727726e-04	
883	1.729000e-09	0.000000e+00	9.999889e-01	1.518212e-04	
884	1.731000e-09	0.000000e+00	9.999894e-01	1.349289e-04	
885	1.733000e-09	0.000000e+00	9.999890e-01	1.209999e-04	
886	1.735000e-09	0.000000e+00	9.999894e-01	1.097490e-04	
887	1.737000e-09	0.000000e+00	9.999890e-01	1.002644e-04	
888	1.739000e-09	0.000000e+00	9.999894e-01	9.259005e-05	
889	1.741000e-09	0.000000e+00	9.999890e-01	8.604066e-05	
890	1.743000e-09	0.000000e+00	9.999894e-01	8.080517e-05	
891	1.745000e-09	0.000000e+00	9.999890e-01	7.629555e-05	
892	1.747000e-09	0.000000e+00	9.999895e-01	7.276592e-05	
893	1.749000e-09	0.000000e+00	9.999890e-01	6.967118e-05	
894	1.751000e-09	0.000000e+00	9.999895e-01	6.729500e-05	
895	1.753000e-09	0.000000e+00	9.999890e-01	6.516652e-05	
896	1.755000e-09	0.000000e+00	9.999895e-01	6.361753e-05	
897	1.757000e-09	0.000000e+00	9.999890e-01	6.217764e-05	
898	1.759000e-09	0.000000e+00	9.999895e-01	6.118614e-05	
899	1.761000e-09	0.000000e+00	9.999890e-01	6.019761e-05	
900	1.763000e-09	0.000000e+00	9.999895e-01	5.957118e-05	
901	1.765000e-09	0.000000e+00	9.999890e-01	5.888138e-05	
902	1.767000e-09	0.000000e+00	9.999895e-01	5.849882e-05	
903	1.769000e-09	0.000000e+00	9.999890e-01	5.800990e-05	
904	1.771000e-09	0.000000e+00	9.999895e-01	5.779114e-05	
905	1.773000e-09	0.000000e+00	9.999890e-01	5.743700e-05	
906	1.775000e-09	0.000000e+00	9.999895e-01	5.732724e-05	
907	1.777000e-09	0.000000e+00	9.999890e-01	5.706252e-05	
908	1.779000e-09	0.000000e+00	9.999895e-01	5.702442e-05	
909	1.781000e-09	0.000000e+00	9.999890e-01	5.681849e-05	
910	1.783000e-09	0.000000e+00	9.999895e-01	5.682701e-05	
911	1.785000e-09	0.000000e+00	9.999890e-01	5.665953e-05	
912	1.787000e-09	0.000000e+00	9.999895e-01	5.669822e-05	
913	1.789000e-09	0.000000e+00	9.999890e-01	5.655588e-05	
914	1.791000e-09	0.000000e+00	9.999895e-01	5.661401e-05	
915	1.793000e-09	0.000000e+00	9.999890e-01	5.648818e-05	
916	1.795000e-09	0.000000e+00	9.999895e-01	5.655879e-05	
917	1.797000e-09	0.000000e+00	9.999890e-01	5.644386e-05	
918	1.799000e-09	0.000000e+00	9.999895e-01	5.652246e-05	
919	1.801000e-09	0.000000e+00	9.999890e-01	5.641481e-05	
920	1.803000e-09	0.000000e+00	9.999895e-01	5.649847e-05	
921	1.805000e-09	0.000000e+00	9.999890e-01	5.639575e-05	
922	1.807000e-09	0.000000e+00	9.999895e-01	5.648258e-05	
923	1.809000e-09	0.000000e+00	9.999890e-01	5.638325e-05	
924	1.811000e-09	0.000000e+00	9.999895e-01	5.647200e-05	

Index   time            v(rbl)          v(dout_1)       v(dout_4)       
--------------------------------------------------------------------------------
925	1.813000e-09	0.000000e+00	9.999890e-01	5.637507e-05	
926	1.815000e-09	0.000000e+00	9.999895e-01	5.646494e-05	
927	1.817000e-09	0.000000e+00	9.999890e-01	5.636974e-05	
928	1.819000e-09	0.000000e+00	9.999894e-01	5.646019e-05	
929	1.821000e-09	0.000000e+00	9.999890e-01	5.636628e-05	
930	1.823000e-09	0.000000e+00	9.999894e-01	5.645697e-05	
931	1.825000e-09	0.000000e+00	9.999890e-01	5.636407e-05	
932	1.827000e-09	0.000000e+00	9.999894e-01	5.645476e-05	
933	1.829000e-09	0.000000e+00	9.999890e-01	5.636269e-05	
934	1.831000e-09	0.000000e+00	9.999894e-01	5.645322e-05	
935	1.833000e-09	0.000000e+00	9.999890e-01	5.636185e-05	
936	1.835000e-09	0.000000e+00	9.999894e-01	5.645213e-05	
937	1.837000e-09	0.000000e+00	9.999890e-01	5.636137e-05	
938	1.839000e-09	0.000000e+00	9.999894e-01	5.645133e-05	
939	1.841000e-09	0.000000e+00	9.999890e-01	5.636113e-05	
940	1.843000e-09	0.000000e+00	9.999894e-01	5.645073e-05	
941	1.845000e-09	0.000000e+00	9.999890e-01	5.636104e-05	
942	1.847000e-09	0.000000e+00	9.999894e-01	5.645026e-05	
943	1.849000e-09	0.000000e+00	9.999890e-01	5.636106e-05	
944	1.851000e-09	0.000000e+00	9.999894e-01	5.644987e-05	
945	1.853000e-09	0.000000e+00	9.999890e-01	5.636115e-05	
946	1.855000e-09	0.000000e+00	9.999894e-01	5.644954e-05	
947	1.857000e-09	0.000000e+00	9.999890e-01	5.636129e-05	
948	1.859000e-09	0.000000e+00	9.999894e-01	5.644924e-05	
949	1.861000e-09	0.000000e+00	9.999890e-01	5.636145e-05	
950	1.863000e-09	0.000000e+00	9.999894e-01	5.644897e-05	
951	1.865000e-09	0.000000e+00	9.999890e-01	5.636164e-05	
952	1.867000e-09	0.000000e+00	9.999894e-01	5.644872e-05	
953	1.869000e-09	0.000000e+00	9.999890e-01	5.636183e-05	
954	1.871000e-09	0.000000e+00	9.999894e-01	5.644848e-05	
955	1.873000e-09	0.000000e+00	9.999890e-01	5.636204e-05	
956	1.875000e-09	0.000000e+00	9.999894e-01	5.644824e-05	
957	1.877000e-09	0.000000e+00	9.999890e-01	5.636225e-05	
958	1.879000e-09	0.000000e+00	9.999894e-01	5.644802e-05	
959	1.881000e-09	0.000000e+00	9.999890e-01	5.636246e-05	
960	1.883000e-09	0.000000e+00	9.999894e-01	5.644779e-05	
961	1.885000e-09	0.000000e+00	9.999890e-01	5.636268e-05	
962	1.887000e-09	0.000000e+00	9.999894e-01	5.644757e-05	
963	1.889000e-09	0.000000e+00	9.999890e-01	5.636289e-05	
964	1.891000e-09	0.000000e+00	9.999894e-01	5.644734e-05	
965	1.893000e-09	0.000000e+00	9.999890e-01	5.636311e-05	
966	1.895000e-09	0.000000e+00	9.999894e-01	5.644712e-05	
967	1.897000e-09	0.000000e+00	9.999890e-01	5.636333e-05	
968	1.899000e-09	0.000000e+00	9.999894e-01	5.644690e-05	
969	1.901000e-09	0.000000e+00	9.999890e-01	5.636355e-05	
970	1.903000e-09	0.000000e+00	9.999894e-01	5.644669e-05	
971	1.905000e-09	0.000000e+00	9.999890e-01	5.636376e-05	
972	1.907000e-09	0.000000e+00	9.999894e-01	5.644647e-05	
973	1.909000e-09	0.000000e+00	9.999890e-01	5.636398e-05	
974	1.911000e-09	0.000000e+00	9.999894e-01	5.644625e-05	
975	1.913000e-09	0.000000e+00	9.999890e-01	5.636420e-05	
976	1.915000e-09	0.000000e+00	9.999894e-01	5.644603e-05	
977	1.917000e-09	0.000000e+00	9.999890e-01	5.636441e-05	
978	1.919000e-09	0.000000e+00	9.999894e-01	5.644582e-05	
979	1.921000e-09	0.000000e+00	9.999890e-01	5.636463e-05	
980	1.923000e-09	0.000000e+00	9.999894e-01	5.644560e-05	
981	1.925000e-09	0.000000e+00	9.999890e-01	5.636485e-05	
982	1.927000e-09	0.000000e+00	9.999894e-01	5.644539e-05	

Index   time            v(rbl)          v(dout_1)       v(dout_4)       
--------------------------------------------------------------------------------
983	1.929000e-09	0.000000e+00	9.999890e-01	5.636506e-05	
984	1.931000e-09	0.000000e+00	9.999894e-01	5.644517e-05	
985	1.933000e-09	0.000000e+00	9.999890e-01	5.636528e-05	
986	1.935000e-09	0.000000e+00	9.999894e-01	5.644496e-05	
987	1.937000e-09	0.000000e+00	9.999890e-01	5.636549e-05	
988	1.939000e-09	0.000000e+00	9.999894e-01	5.644474e-05	
989	1.941000e-09	0.000000e+00	9.999890e-01	5.636570e-05	
990	1.943000e-09	0.000000e+00	9.999894e-01	5.644453e-05	
991	1.945000e-09	0.000000e+00	9.999890e-01	5.636592e-05	
992	1.947000e-09	0.000000e+00	9.999894e-01	5.644432e-05	
993	1.949000e-09	0.000000e+00	9.999890e-01	5.636613e-05	
994	1.951000e-09	0.000000e+00	9.999894e-01	5.644410e-05	
995	1.953000e-09	0.000000e+00	9.999890e-01	5.636634e-05	
996	1.955000e-09	0.000000e+00	9.999894e-01	5.644389e-05	
997	1.957000e-09	0.000000e+00	9.999890e-01	5.636656e-05	
998	1.959000e-09	0.000000e+00	9.999894e-01	5.644368e-05	
999	1.961000e-09	0.000000e+00	9.999890e-01	5.636677e-05	
1000	1.963000e-09	0.000000e+00	9.999894e-01	5.644347e-05	
1001	1.965000e-09	0.000000e+00	9.999890e-01	5.636698e-05	
1002	1.967000e-09	0.000000e+00	9.999894e-01	5.644326e-05	
1003	1.969000e-09	0.000000e+00	9.999890e-01	5.636719e-05	
1004	1.971000e-09	0.000000e+00	9.999894e-01	5.644304e-05	
1005	1.973000e-09	0.000000e+00	9.999890e-01	5.636740e-05	
1006	1.975000e-09	0.000000e+00	9.999894e-01	5.644283e-05	
1007	1.977000e-09	0.000000e+00	9.999890e-01	5.636761e-05	
1008	1.979000e-09	0.000000e+00	9.999894e-01	5.644262e-05	
1009	1.981000e-09	0.000000e+00	9.999890e-01	5.636782e-05	
1010	1.983000e-09	0.000000e+00	9.999894e-01	5.644241e-05	
1011	1.985000e-09	0.000000e+00	9.999890e-01	5.636803e-05	
1012	1.987000e-09	0.000000e+00	9.999894e-01	5.644221e-05	
1013	1.989000e-09	0.000000e+00	9.999890e-01	5.636824e-05	
1014	1.991000e-09	0.000000e+00	9.999894e-01	5.644200e-05	
1015	1.993000e-09	0.000000e+00	9.999890e-01	5.636845e-05	
1016	1.995000e-09	0.000000e+00	9.999894e-01	5.644179e-05	
1017	1.997000e-09	0.000000e+00	9.999890e-01	5.636865e-05	
1018	1.999000e-09	0.000000e+00	9.999894e-01	5.644158e-05	
1019	2.001000e-09	0.000000e+00	9.999890e-01	5.636886e-05	
1020	2.003000e-09	0.000000e+00	9.999894e-01	5.644137e-05	
1021	2.005000e-09	0.000000e+00	9.999890e-01	5.636907e-05	
1022	2.007000e-09	0.000000e+00	9.999894e-01	5.644117e-05	
1023	2.009000e-09	0.000000e+00	9.999890e-01	5.636928e-05	
1024	2.011000e-09	0.000000e+00	9.999894e-01	5.644096e-05	
1025	2.013000e-09	0.000000e+00	9.999890e-01	5.636948e-05	
1026	2.015000e-09	0.000000e+00	9.999894e-01	5.644076e-05	
1027	2.017000e-09	0.000000e+00	9.999890e-01	5.636969e-05	
1028	2.019000e-09	0.000000e+00	9.999894e-01	5.644055e-05	
1029	2.021000e-09	0.000000e+00	9.999890e-01	5.636989e-05	
1030	2.023000e-09	0.000000e+00	9.999894e-01	5.644034e-05	
1031	2.025000e-09	0.000000e+00	9.999890e-01	5.637010e-05	
1032	2.027000e-09	0.000000e+00	9.999894e-01	5.644014e-05	
1033	2.029000e-09	0.000000e+00	9.999890e-01	5.637030e-05	
1034	2.031000e-09	0.000000e+00	9.999894e-01	5.643994e-05	
1035	2.033000e-09	0.000000e+00	9.999890e-01	5.637051e-05	
1036	2.035000e-09	0.000000e+00	9.999894e-01	5.643973e-05	
1037	2.037000e-09	0.000000e+00	9.999890e-01	5.637071e-05	
1038	2.039000e-09	0.000000e+00	9.999894e-01	5.643953e-05	
1039	2.041000e-09	0.000000e+00	9.999890e-01	5.637091e-05	
1040	2.043000e-09	0.000000e+00	9.999894e-01	5.643932e-05	

Index   time            v(rbl)          v(dout_1)       v(dout_4)       
--------------------------------------------------------------------------------
1041	2.045000e-09	0.000000e+00	9.999890e-01	5.637112e-05	
1042	2.047000e-09	0.000000e+00	9.999894e-01	5.643912e-05	
1043	2.049000e-09	0.000000e+00	9.999890e-01	5.637132e-05	
1044	2.051000e-09	0.000000e+00	9.999894e-01	5.643892e-05	
1045	2.053000e-09	0.000000e+00	9.999890e-01	5.637152e-05	
1046	2.055000e-09	0.000000e+00	9.999894e-01	5.643872e-05	
1047	2.057000e-09	0.000000e+00	9.999890e-01	5.637172e-05	
1048	2.059000e-09	0.000000e+00	9.999894e-01	5.643852e-05	
1049	2.061000e-09	0.000000e+00	9.999890e-01	5.637192e-05	
1050	2.063000e-09	0.000000e+00	9.999894e-01	5.643832e-05	
1051	2.065000e-09	0.000000e+00	9.999890e-01	5.637212e-05	
1052	2.067000e-09	0.000000e+00	9.999894e-01	5.643812e-05	
1053	2.069000e-09	0.000000e+00	9.999890e-01	5.637232e-05	
1054	2.071000e-09	0.000000e+00	9.999894e-01	5.643792e-05	
1055	2.073000e-09	0.000000e+00	9.999890e-01	5.637252e-05	
1056	2.075000e-09	0.000000e+00	9.999894e-01	5.643772e-05	
1057	2.077000e-09	0.000000e+00	9.999890e-01	5.637272e-05	
1058	2.079000e-09	0.000000e+00	9.999894e-01	5.643752e-05	
1059	2.081000e-09	0.000000e+00	9.999890e-01	5.637292e-05	
1060	2.083000e-09	0.000000e+00	9.999894e-01	5.643732e-05	
1061	2.085000e-09	0.000000e+00	9.999890e-01	5.637312e-05	
1062	2.087000e-09	0.000000e+00	9.999894e-01	5.643712e-05	
1063	2.089000e-09	0.000000e+00	9.999890e-01	5.637332e-05	
1064	2.091000e-09	0.000000e+00	9.999894e-01	5.643692e-05	
1065	2.093000e-09	0.000000e+00	9.999890e-01	5.637352e-05	
1066	2.095000e-09	0.000000e+00	9.999894e-01	5.643672e-05	
1067	2.097000e-09	0.000000e+00	9.999890e-01	5.637371e-05	
1068	2.099000e-09	0.000000e+00	9.999894e-01	5.643653e-05	
1069	2.101000e-09	0.000000e+00	9.999890e-01	5.637391e-05	
1070	2.103000e-09	0.000000e+00	9.999894e-01	5.643633e-05	
1071	2.105000e-09	0.000000e+00	9.999890e-01	5.637411e-05	
1072	2.107000e-09	0.000000e+00	9.999894e-01	5.643613e-05	
1073	2.109000e-09	0.000000e+00	9.999890e-01	5.637430e-05	
1074	2.111000e-09	0.000000e+00	9.999894e-01	5.643594e-05	
1075	2.113000e-09	0.000000e+00	9.999890e-01	5.637450e-05	
1076	2.115000e-09	0.000000e+00	9.999894e-01	5.643574e-05	
1077	2.117000e-09	0.000000e+00	9.999890e-01	5.637469e-05	
1078	2.119000e-09	0.000000e+00	9.999894e-01	5.643555e-05	
1079	2.121000e-09	0.000000e+00	9.999890e-01	5.637489e-05	
1080	2.123000e-09	0.000000e+00	9.999894e-01	5.643535e-05	
1081	2.125000e-09	0.000000e+00	9.999890e-01	5.637508e-05	
1082	2.127000e-09	0.000000e+00	9.999894e-01	5.643516e-05	
1083	2.129000e-09	0.000000e+00	9.999890e-01	5.637528e-05	
1084	2.131000e-09	0.000000e+00	9.999894e-01	5.643496e-05	
1085	2.133000e-09	0.000000e+00	9.999890e-01	5.637547e-05	
1086	2.135000e-09	0.000000e+00	9.999894e-01	5.643477e-05	
1087	2.137000e-09	0.000000e+00	9.999890e-01	5.637566e-05	
1088	2.139000e-09	0.000000e+00	9.999894e-01	5.643458e-05	
1089	2.141000e-09	0.000000e+00	9.999890e-01	5.637586e-05	
1090	2.143000e-09	0.000000e+00	9.999894e-01	5.643439e-05	
1091	2.145000e-09	0.000000e+00	9.999890e-01	5.637605e-05	
1092	2.147000e-09	0.000000e+00	9.999894e-01	5.643419e-05	
1093	2.149000e-09	0.000000e+00	9.999890e-01	5.637624e-05	
1094	2.151000e-09	0.000000e+00	9.999894e-01	5.643400e-05	
1095	2.153000e-09	0.000000e+00	9.999890e-01	5.637643e-05	
1096	2.155000e-09	0.000000e+00	9.999894e-01	5.643381e-05	
1097	2.157000e-09	0.000000e+00	9.999890e-01	5.637662e-05	
1098	2.159000e-09	0.000000e+00	9.999894e-01	5.643362e-05	

Index   time            v(rbl)          v(dout_1)       v(dout_4)       
--------------------------------------------------------------------------------
1099	2.161000e-09	0.000000e+00	9.999890e-01	5.637681e-05	
1100	2.163000e-09	0.000000e+00	9.999894e-01	5.643343e-05	
1101	2.165000e-09	0.000000e+00	9.999890e-01	5.637701e-05	
1102	2.167000e-09	0.000000e+00	9.999894e-01	5.643324e-05	
1103	2.169000e-09	0.000000e+00	9.999890e-01	5.637719e-05	
1104	2.171000e-09	0.000000e+00	9.999894e-01	5.643305e-05	
1105	2.173000e-09	0.000000e+00	9.999890e-01	5.637738e-05	
1106	2.175000e-09	0.000000e+00	9.999894e-01	5.643286e-05	
1107	2.177000e-09	0.000000e+00	9.999890e-01	5.637757e-05	
1108	2.179000e-09	0.000000e+00	9.999894e-01	5.643267e-05	
1109	2.181000e-09	0.000000e+00	9.999890e-01	5.637776e-05	
1110	2.183000e-09	0.000000e+00	9.999894e-01	5.643248e-05	
1111	2.185000e-09	0.000000e+00	9.999890e-01	5.637795e-05	
1112	2.187000e-09	0.000000e+00	9.999894e-01	5.643230e-05	
1113	2.189000e-09	0.000000e+00	9.999890e-01	5.637814e-05	
1114	2.191000e-09	0.000000e+00	9.999894e-01	5.643211e-05	
1115	2.193000e-09	0.000000e+00	9.999890e-01	5.637833e-05	
1116	2.195000e-09	0.000000e+00	9.999894e-01	5.643192e-05	
1117	2.197000e-09	0.000000e+00	9.999890e-01	5.637851e-05	
1118	2.199000e-09	0.000000e+00	9.999894e-01	5.643173e-05	
1119	2.201000e-09	0.000000e+00	9.999890e-01	5.637870e-05	
1120	2.203000e-09	0.000000e+00	9.999894e-01	5.643155e-05	
1121	2.205000e-09	0.000000e+00	9.999890e-01	5.637888e-05	
1122	2.207000e-09	0.000000e+00	9.999894e-01	5.643136e-05	
1123	2.209000e-09	0.000000e+00	9.999890e-01	5.637907e-05	
1124	2.211000e-09	0.000000e+00	9.999894e-01	5.643118e-05	
1125	2.213000e-09	0.000000e+00	9.999890e-01	5.637926e-05	
1126	2.215000e-09	0.000000e+00	9.999894e-01	5.643099e-05	
1127	2.217000e-09	0.000000e+00	9.999890e-01	5.637944e-05	
1128	2.219000e-09	0.000000e+00	9.999894e-01	5.643081e-05	
1129	2.221000e-09	0.000000e+00	9.999890e-01	5.637963e-05	
1130	2.223000e-09	0.000000e+00	9.999894e-01	5.643062e-05	
1131	2.225000e-09	0.000000e+00	9.999890e-01	5.637981e-05	
1132	2.227000e-09	0.000000e+00	9.999894e-01	5.643044e-05	
1133	2.229000e-09	0.000000e+00	9.999890e-01	5.637999e-05	
1134	2.231000e-09	0.000000e+00	9.999894e-01	5.643025e-05	
1135	2.233000e-09	0.000000e+00	9.999890e-01	5.638018e-05	
1136	2.235000e-09	0.000000e+00	9.999894e-01	5.643007e-05	
1137	2.237000e-09	0.000000e+00	9.999890e-01	5.638036e-05	
1138	2.239000e-09	0.000000e+00	9.999894e-01	5.642989e-05	
1139	2.241000e-09	0.000000e+00	9.999890e-01	5.638054e-05	
1140	2.243000e-09	0.000000e+00	9.999894e-01	5.642971e-05	
1141	2.245000e-09	0.000000e+00	9.999890e-01	5.638072e-05	
1142	2.247000e-09	0.000000e+00	9.999894e-01	5.642952e-05	
1143	2.249000e-09	0.000000e+00	9.999890e-01	5.638091e-05	
1144	2.251000e-09	0.000000e+00	9.999894e-01	5.642934e-05	
1145	2.253000e-09	0.000000e+00	9.999890e-01	5.638109e-05	
1146	2.255000e-09	0.000000e+00	9.999894e-01	5.642916e-05	
1147	2.257000e-09	0.000000e+00	9.999890e-01	5.638127e-05	
1148	2.259000e-09	0.000000e+00	9.999894e-01	5.642898e-05	
1149	2.261000e-09	0.000000e+00	9.999890e-01	5.638145e-05	
1150	2.263000e-09	0.000000e+00	9.999894e-01	5.642880e-05	
1151	2.265000e-09	0.000000e+00	9.999890e-01	5.638163e-05	
1152	2.267000e-09	0.000000e+00	9.999894e-01	5.642862e-05	
1153	2.269000e-09	0.000000e+00	9.999890e-01	5.638181e-05	
1154	2.271000e-09	0.000000e+00	9.999894e-01	5.642844e-05	
1155	2.273000e-09	0.000000e+00	9.999890e-01	5.638199e-05	
1156	2.275000e-09	0.000000e+00	9.999894e-01	5.642826e-05	

Index   time            v(rbl)          v(dout_1)       v(dout_4)       
--------------------------------------------------------------------------------
1157	2.277000e-09	0.000000e+00	9.999890e-01	5.638217e-05	
1158	2.279000e-09	0.000000e+00	9.999894e-01	5.642808e-05	
1159	2.281000e-09	0.000000e+00	9.999890e-01	5.638234e-05	
1160	2.283000e-09	0.000000e+00	9.999894e-01	5.642791e-05	
1161	2.285000e-09	0.000000e+00	9.999890e-01	5.638252e-05	
1162	2.287000e-09	0.000000e+00	9.999894e-01	5.642773e-05	
1163	2.289000e-09	0.000000e+00	9.999890e-01	5.638270e-05	
1164	2.291000e-09	0.000000e+00	9.999894e-01	5.642755e-05	
1165	2.293000e-09	0.000000e+00	9.999890e-01	5.638288e-05	
1166	2.295000e-09	0.000000e+00	9.999894e-01	5.642737e-05	
1167	2.297000e-09	0.000000e+00	9.999890e-01	5.638305e-05	
1168	2.299000e-09	0.000000e+00	9.999894e-01	5.642720e-05	
1169	2.301000e-09	0.000000e+00	9.999890e-01	5.638323e-05	
1170	2.303000e-09	0.000000e+00	9.999894e-01	5.642702e-05	
1171	2.305000e-09	0.000000e+00	9.999890e-01	5.638341e-05	
1172	2.307000e-09	0.000000e+00	9.999894e-01	5.642685e-05	
1173	2.309000e-09	0.000000e+00	9.999890e-01	5.638358e-05	
1174	2.311000e-09	0.000000e+00	9.999894e-01	5.642667e-05	
1175	2.313000e-09	0.000000e+00	9.999890e-01	5.638376e-05	
1176	2.315000e-09	0.000000e+00	9.999894e-01	5.642649e-05	
1177	2.317000e-09	0.000000e+00	9.999890e-01	5.638393e-05	
1178	2.319000e-09	0.000000e+00	9.999894e-01	5.642632e-05	
1179	2.321000e-09	0.000000e+00	9.999890e-01	5.638411e-05	
1180	2.323000e-09	0.000000e+00	9.999894e-01	5.642615e-05	
1181	2.325000e-09	0.000000e+00	9.999890e-01	5.638428e-05	
1182	2.327000e-09	0.000000e+00	9.999894e-01	5.642597e-05	
1183	2.329000e-09	0.000000e+00	9.999890e-01	5.638446e-05	
1184	2.331000e-09	0.000000e+00	9.999894e-01	5.642580e-05	
1185	2.333000e-09	0.000000e+00	9.999890e-01	5.638463e-05	
1186	2.335000e-09	0.000000e+00	9.999894e-01	5.642563e-05	
1187	2.337000e-09	0.000000e+00	9.999890e-01	5.638480e-05	
1188	2.339000e-09	0.000000e+00	9.999894e-01	5.642545e-05	
1189	2.341000e-09	0.000000e+00	9.999890e-01	5.638497e-05	
1190	2.343000e-09	0.000000e+00	9.999894e-01	5.642528e-05	
1191	2.345000e-09	0.000000e+00	9.999890e-01	5.638515e-05	
1192	2.347000e-09	0.000000e+00	9.999894e-01	5.642511e-05	
1193	2.349000e-09	0.000000e+00	9.999890e-01	5.638532e-05	
1194	2.351000e-09	0.000000e+00	9.999894e-01	5.642494e-05	
1195	2.353000e-09	0.000000e+00	9.999890e-01	5.638549e-05	
1196	2.355000e-09	0.000000e+00	9.999894e-01	5.642477e-05	
1197	2.357000e-09	0.000000e+00	9.999890e-01	5.638566e-05	
1198	2.359000e-09	0.000000e+00	9.999894e-01	5.642459e-05	
1199	2.361000e-09	0.000000e+00	9.999890e-01	5.638583e-05	
1200	2.363000e-09	0.000000e+00	9.999894e-01	5.642442e-05	
1201	2.365000e-09	0.000000e+00	9.999890e-01	5.638600e-05	
1202	2.367000e-09	0.000000e+00	9.999894e-01	5.642425e-05	
1203	2.369000e-09	0.000000e+00	9.999890e-01	5.638617e-05	
1204	2.371000e-09	0.000000e+00	9.999894e-01	5.642409e-05	
1205	2.373000e-09	0.000000e+00	9.999890e-01	5.638634e-05	
1206	2.375000e-09	0.000000e+00	9.999894e-01	5.642392e-05	
1207	2.377000e-09	0.000000e+00	9.999890e-01	5.638651e-05	
1208	2.379000e-09	0.000000e+00	9.999894e-01	5.642375e-05	
1209	2.381000e-09	0.000000e+00	9.999890e-01	5.638668e-05	
1210	2.383000e-09	0.000000e+00	9.999894e-01	5.642358e-05	
1211	2.385000e-09	0.000000e+00	9.999890e-01	5.638685e-05	
1212	2.387000e-09	0.000000e+00	9.999894e-01	5.642341e-05	
1213	2.389000e-09	0.000000e+00	9.999890e-01	5.638701e-05	
1214	2.391000e-09	0.000000e+00	9.999894e-01	5.642324e-05	

Index   time            v(rbl)          v(dout_1)       v(dout_4)       
--------------------------------------------------------------------------------
1215	2.393000e-09	0.000000e+00	9.999890e-01	5.638718e-05	
1216	2.395000e-09	0.000000e+00	9.999894e-01	5.642308e-05	
1217	2.397000e-09	0.000000e+00	9.999890e-01	5.638735e-05	
1218	2.399000e-09	0.000000e+00	9.999894e-01	5.642291e-05	
1219	2.401000e-09	0.000000e+00	9.999890e-01	5.638751e-05	
1220	2.403000e-09	0.000000e+00	9.999894e-01	5.642274e-05	
1221	2.405000e-09	0.000000e+00	9.999890e-01	5.638768e-05	
1222	2.407000e-09	0.000000e+00	9.999894e-01	5.642258e-05	
1223	2.409000e-09	0.000000e+00	9.999890e-01	5.638785e-05	
1224	2.411000e-09	0.000000e+00	9.999894e-01	5.642241e-05	
1225	2.413000e-09	0.000000e+00	9.999890e-01	5.638801e-05	
1226	2.415000e-09	0.000000e+00	9.999894e-01	5.642225e-05	
1227	2.417000e-09	0.000000e+00	9.999890e-01	5.638818e-05	
1228	2.419000e-09	0.000000e+00	9.999894e-01	5.642208e-05	
1229	2.421000e-09	0.000000e+00	9.999890e-01	5.638834e-05	
1230	2.423000e-09	0.000000e+00	9.999894e-01	5.642192e-05	
1231	2.425000e-09	0.000000e+00	9.999890e-01	5.638851e-05	
1232	2.427000e-09	0.000000e+00	9.999894e-01	5.642175e-05	
1233	2.429000e-09	0.000000e+00	9.999890e-01	5.638867e-05	
1234	2.431000e-09	0.000000e+00	9.999894e-01	5.642159e-05	
1235	2.433000e-09	0.000000e+00	9.999890e-01	5.638883e-05	
1236	2.435000e-09	0.000000e+00	9.999894e-01	5.642142e-05	
1237	2.437000e-09	0.000000e+00	9.999890e-01	5.638900e-05	
1238	2.439000e-09	0.000000e+00	9.999894e-01	5.642126e-05	
1239	2.441000e-09	0.000000e+00	9.999890e-01	5.638916e-05	
1240	2.443000e-09	0.000000e+00	9.999894e-01	5.642110e-05	
1241	2.445000e-09	0.000000e+00	9.999890e-01	5.638932e-05	
1242	2.447000e-09	0.000000e+00	9.999894e-01	5.642094e-05	
1243	2.449000e-09	0.000000e+00	9.999890e-01	5.638949e-05	
1244	2.451000e-09	0.000000e+00	9.999894e-01	5.642077e-05	
1245	2.453000e-09	0.000000e+00	9.999890e-01	5.638965e-05	
1246	2.455000e-09	0.000000e+00	9.999894e-01	5.642061e-05	
1247	2.457000e-09	0.000000e+00	9.999890e-01	5.638981e-05	
1248	2.459000e-09	0.000000e+00	9.999894e-01	5.642045e-05	
1249	2.461000e-09	0.000000e+00	9.999890e-01	5.638997e-05	
1250	2.463000e-09	0.000000e+00	9.999894e-01	5.642029e-05	
1251	2.465000e-09	0.000000e+00	9.999890e-01	5.639013e-05	
1252	2.467000e-09	0.000000e+00	9.999894e-01	5.642013e-05	
1253	2.469000e-09	0.000000e+00	9.999890e-01	5.639029e-05	
1254	2.471000e-09	0.000000e+00	9.999894e-01	5.641997e-05	
1255	2.473000e-09	0.000000e+00	9.999890e-01	5.639045e-05	
1256	2.475000e-09	0.000000e+00	9.999894e-01	5.641981e-05	
1257	2.477000e-09	0.000000e+00	9.999890e-01	5.639061e-05	
1258	2.479000e-09	0.000000e+00	9.999894e-01	5.641965e-05	
1259	2.481000e-09	0.000000e+00	9.999890e-01	5.639077e-05	
1260	2.483000e-09	0.000000e+00	9.999894e-01	5.641949e-05	
1261	2.485000e-09	0.000000e+00	9.999890e-01	5.639093e-05	
1262	2.487000e-09	0.000000e+00	9.999894e-01	5.641933e-05	
1263	2.489000e-09	0.000000e+00	9.999890e-01	5.639109e-05	
1264	2.491000e-09	0.000000e+00	9.999894e-01	5.641918e-05	
1265	2.493000e-09	0.000000e+00	9.999890e-01	5.639124e-05	
1266	2.495000e-09	0.000000e+00	9.999894e-01	5.641902e-05	
1267	2.497000e-09	0.000000e+00	9.999890e-01	5.639140e-05	
1268	2.499000e-09	0.000000e+00	9.999894e-01	5.641886e-05	
1269	2.501000e-09	0.000000e+00	9.999890e-01	5.639156e-05	
1270	2.503000e-09	0.000000e+00	9.999894e-01	5.641870e-05	
1271	2.505000e-09	0.000000e+00	9.999890e-01	5.639172e-05	
1272	2.507000e-09	0.000000e+00	9.999894e-01	5.641855e-05	

Index   time            v(rbl)          v(dout_1)       v(dout_4)       
--------------------------------------------------------------------------------
1273	2.509000e-09	0.000000e+00	9.999890e-01	5.639187e-05	
1274	2.511000e-09	0.000000e+00	9.999894e-01	5.641839e-05	
1275	2.513000e-09	0.000000e+00	9.999890e-01	5.639203e-05	
1276	2.515000e-09	0.000000e+00	9.999894e-01	5.641823e-05	
1277	2.517000e-09	0.000000e+00	9.999890e-01	5.639218e-05	
1278	2.519000e-09	0.000000e+00	9.999894e-01	5.641808e-05	
1279	2.521000e-09	0.000000e+00	9.999890e-01	5.639234e-05	
1280	2.523000e-09	0.000000e+00	9.999894e-01	5.641792e-05	
1281	2.525000e-09	0.000000e+00	9.999890e-01	5.639249e-05	
1282	2.527000e-09	0.000000e+00	9.999894e-01	5.641777e-05	
1283	2.529000e-09	0.000000e+00	9.999890e-01	5.639265e-05	
1284	2.531000e-09	0.000000e+00	9.999894e-01	5.641761e-05	
1285	2.533000e-09	0.000000e+00	9.999890e-01	5.639280e-05	
1286	2.535000e-09	0.000000e+00	9.999894e-01	5.641746e-05	
1287	2.537000e-09	0.000000e+00	9.999890e-01	5.639296e-05	
1288	2.539000e-09	0.000000e+00	9.999894e-01	5.641731e-05	
1289	2.541000e-09	0.000000e+00	9.999890e-01	5.639311e-05	
1290	2.543000e-09	0.000000e+00	9.999894e-01	5.641715e-05	
1291	2.545000e-09	0.000000e+00	9.999890e-01	5.639326e-05	
1292	2.547000e-09	0.000000e+00	9.999894e-01	5.641700e-05	
1293	2.549000e-09	0.000000e+00	9.999890e-01	5.639342e-05	
1294	2.551000e-09	0.000000e+00	9.999894e-01	5.641685e-05	
1295	2.553000e-09	0.000000e+00	9.999890e-01	5.639357e-05	
1296	2.555000e-09	0.000000e+00	9.999894e-01	5.641669e-05	
1297	2.557000e-09	0.000000e+00	9.999890e-01	5.639372e-05	
1298	2.559000e-09	0.000000e+00	9.999894e-01	5.641654e-05	
1299	2.561000e-09	0.000000e+00	9.999890e-01	5.639387e-05	
1300	2.563000e-09	0.000000e+00	9.999894e-01	5.641639e-05	
1301	2.565000e-09	0.000000e+00	9.999890e-01	5.639403e-05	
1302	2.567000e-09	0.000000e+00	9.999894e-01	5.641624e-05	
1303	2.569000e-09	0.000000e+00	9.999890e-01	5.639418e-05	
1304	2.571000e-09	0.000000e+00	9.999894e-01	5.641609e-05	
1305	2.573000e-09	0.000000e+00	9.999890e-01	5.639433e-05	
1306	2.575000e-09	0.000000e+00	9.999894e-01	5.641594e-05	
1307	2.577000e-09	0.000000e+00	9.999890e-01	5.639448e-05	
1308	2.579000e-09	0.000000e+00	9.999894e-01	5.641579e-05	
1309	2.581000e-09	0.000000e+00	9.999890e-01	5.639463e-05	
1310	2.583000e-09	0.000000e+00	9.999894e-01	5.641564e-05	
1311	2.585000e-09	0.000000e+00	9.999890e-01	5.639478e-05	
1312	2.587000e-09	0.000000e+00	9.999894e-01	5.641549e-05	
1313	2.589000e-09	0.000000e+00	9.999890e-01	5.639493e-05	
1314	2.591000e-09	0.000000e+00	9.999894e-01	5.641534e-05	
1315	2.593000e-09	0.000000e+00	9.999890e-01	5.639508e-05	
1316	2.595000e-09	0.000000e+00	9.999894e-01	5.641519e-05	
1317	2.597000e-09	0.000000e+00	9.999890e-01	5.639522e-05	
1318	2.599000e-09	0.000000e+00	9.999894e-01	5.641504e-05	
1319	2.601000e-09	0.000000e+00	9.999890e-01	5.639537e-05	
1320	2.603000e-09	0.000000e+00	9.999894e-01	5.641489e-05	
1321	2.605000e-09	0.000000e+00	9.999890e-01	5.639552e-05	
1322	2.607000e-09	0.000000e+00	9.999894e-01	5.641475e-05	
1323	2.609000e-09	0.000000e+00	9.999890e-01	5.639567e-05	
1324	2.611000e-09	0.000000e+00	9.999894e-01	5.641460e-05	
1325	2.613000e-09	0.000000e+00	9.999890e-01	5.639581e-05	
1326	2.615000e-09	0.000000e+00	9.999894e-01	5.641445e-05	
1327	2.617000e-09	0.000000e+00	9.999890e-01	5.639596e-05	
1328	2.619000e-09	0.000000e+00	9.999894e-01	5.641431e-05	
1329	2.621000e-09	0.000000e+00	9.999890e-01	5.639611e-05	
1330	2.623000e-09	0.000000e+00	9.999894e-01	5.641416e-05	

Index   time            v(rbl)          v(dout_1)       v(dout_4)       
--------------------------------------------------------------------------------
1331	2.625000e-09	0.000000e+00	9.999890e-01	5.639625e-05	
1332	2.627000e-09	0.000000e+00	9.999894e-01	5.641401e-05	
1333	2.629000e-09	0.000000e+00	9.999890e-01	5.639640e-05	
1334	2.631000e-09	0.000000e+00	9.999894e-01	5.641387e-05	
1335	2.633000e-09	0.000000e+00	9.999890e-01	5.639655e-05	
1336	2.635000e-09	0.000000e+00	9.999894e-01	5.641372e-05	
1337	2.637000e-09	0.000000e+00	9.999890e-01	5.639669e-05	
1338	2.639000e-09	0.000000e+00	9.999894e-01	5.641358e-05	
1339	2.641000e-09	0.000000e+00	9.999890e-01	5.639684e-05	
1340	2.643000e-09	0.000000e+00	9.999894e-01	5.641343e-05	
1341	2.645000e-09	0.000000e+00	9.999890e-01	5.639698e-05	
1342	2.647000e-09	0.000000e+00	9.999894e-01	5.641329e-05	
1343	2.649000e-09	0.000000e+00	9.999890e-01	5.639712e-05	
1344	2.651000e-09	0.000000e+00	9.999894e-01	5.641315e-05	
1345	2.653000e-09	0.000000e+00	9.999890e-01	5.639727e-05	
1346	2.655000e-09	0.000000e+00	9.999894e-01	5.641300e-05	
1347	2.657000e-09	0.000000e+00	9.999890e-01	5.639741e-05	
1348	2.659000e-09	0.000000e+00	9.999894e-01	5.641286e-05	
1349	2.661000e-09	0.000000e+00	9.999890e-01	5.639755e-05	
1350	2.663000e-09	0.000000e+00	9.999894e-01	5.641272e-05	
1351	2.665000e-09	0.000000e+00	9.999890e-01	5.639770e-05	
1352	2.667000e-09	0.000000e+00	9.999894e-01	5.641257e-05	
1353	2.669000e-09	0.000000e+00	9.999890e-01	5.639784e-05	
1354	2.671000e-09	0.000000e+00	9.999894e-01	5.641243e-05	
1355	2.673000e-09	0.000000e+00	9.999890e-01	5.639798e-05	
1356	2.675000e-09	0.000000e+00	9.999894e-01	5.641229e-05	
1357	2.677000e-09	0.000000e+00	9.999890e-01	5.639812e-05	
1358	2.679000e-09	0.000000e+00	9.999894e-01	5.641215e-05	
1359	2.681000e-09	0.000000e+00	9.999890e-01	5.639826e-05	
1360	2.683000e-09	0.000000e+00	9.999894e-01	5.641201e-05	
1361	2.685000e-09	0.000000e+00	9.999890e-01	5.639840e-05	
1362	2.687000e-09	0.000000e+00	9.999894e-01	5.641187e-05	
1363	2.689000e-09	0.000000e+00	9.999890e-01	5.639855e-05	
1364	2.691000e-09	0.000000e+00	9.999894e-01	5.641173e-05	
1365	2.693000e-09	0.000000e+00	9.999890e-01	5.639869e-05	
1366	2.695000e-09	0.000000e+00	9.999894e-01	5.641159e-05	
1367	2.697000e-09	0.000000e+00	9.999890e-01	5.639883e-05	
1368	2.699000e-09	0.000000e+00	9.999894e-01	5.641145e-05	
1369	2.701000e-09	0.000000e+00	9.999890e-01	5.639897e-05	
1370	2.703000e-09	0.000000e+00	9.999894e-01	5.641131e-05	
1371	2.705000e-09	0.000000e+00	9.999890e-01	5.639910e-05	
1372	2.707000e-09	0.000000e+00	9.999894e-01	5.641117e-05	
1373	2.709000e-09	0.000000e+00	9.999890e-01	5.639924e-05	
1374	2.711000e-09	0.000000e+00	9.999894e-01	5.641103e-05	
1375	2.713000e-09	0.000000e+00	9.999890e-01	5.639938e-05	
1376	2.715000e-09	0.000000e+00	9.999894e-01	5.641089e-05	
1377	2.717000e-09	0.000000e+00	9.999890e-01	5.639952e-05	
1378	2.719000e-09	0.000000e+00	9.999894e-01	5.641075e-05	
1379	2.721000e-09	0.000000e+00	9.999890e-01	5.639966e-05	
1380	2.723000e-09	0.000000e+00	9.999894e-01	5.641061e-05	
1381	2.725000e-09	0.000000e+00	9.999890e-01	5.639980e-05	
1382	2.727000e-09	0.000000e+00	9.999894e-01	5.641048e-05	
1383	2.729000e-09	0.000000e+00	9.999890e-01	5.639993e-05	
1384	2.731000e-09	0.000000e+00	9.999894e-01	5.641034e-05	
1385	2.733000e-09	0.000000e+00	9.999890e-01	5.640007e-05	
1386	2.735000e-09	0.000000e+00	9.999894e-01	5.641020e-05	
1387	2.737000e-09	0.000000e+00	9.999890e-01	5.640021e-05	
1388	2.739000e-09	0.000000e+00	9.999894e-01	5.641007e-05	

Index   time            v(rbl)          v(dout_1)       v(dout_4)       
--------------------------------------------------------------------------------
1389	2.741000e-09	0.000000e+00	9.999890e-01	5.640034e-05	
1390	2.743000e-09	0.000000e+00	9.999894e-01	5.640993e-05	
1391	2.745000e-09	0.000000e+00	9.999890e-01	5.640048e-05	
1392	2.747000e-09	0.000000e+00	9.999894e-01	5.640979e-05	
1393	2.749000e-09	0.000000e+00	9.999890e-01	5.640061e-05	
1394	2.751000e-09	0.000000e+00	9.999894e-01	5.640966e-05	
1395	2.753000e-09	0.000000e+00	9.999890e-01	5.640075e-05	
1396	2.755000e-09	0.000000e+00	9.999894e-01	5.640952e-05	
1397	2.757000e-09	0.000000e+00	9.999890e-01	5.640088e-05	
1398	2.759000e-09	0.000000e+00	9.999894e-01	5.640939e-05	
1399	2.761000e-09	0.000000e+00	9.999890e-01	5.640102e-05	
1400	2.763000e-09	0.000000e+00	9.999894e-01	5.640926e-05	
1401	2.765000e-09	0.000000e+00	9.999890e-01	5.640115e-05	
1402	2.767000e-09	0.000000e+00	9.999894e-01	5.640912e-05	
1403	2.769000e-09	0.000000e+00	9.999890e-01	5.640129e-05	
1404	2.771000e-09	0.000000e+00	9.999894e-01	5.640899e-05	
1405	2.773000e-09	0.000000e+00	9.999890e-01	5.640142e-05	
1406	2.775000e-09	0.000000e+00	9.999894e-01	5.640885e-05	
1407	2.777000e-09	0.000000e+00	9.999890e-01	5.640155e-05	
1408	2.779000e-09	0.000000e+00	9.999894e-01	5.640872e-05	
1409	2.781000e-09	0.000000e+00	9.999890e-01	5.640169e-05	
1410	2.783000e-09	0.000000e+00	9.999894e-01	5.640859e-05	
1411	2.785000e-09	0.000000e+00	9.999890e-01	5.640182e-05	
1412	2.787000e-09	0.000000e+00	9.999894e-01	5.640846e-05	
1413	2.789000e-09	0.000000e+00	9.999890e-01	5.640195e-05	
1414	2.791000e-09	0.000000e+00	9.999894e-01	5.640832e-05	
1415	2.793000e-09	0.000000e+00	9.999890e-01	5.640208e-05	
1416	2.795000e-09	0.000000e+00	9.999894e-01	5.640819e-05	
1417	2.797000e-09	0.000000e+00	9.999890e-01	5.640222e-05	
1418	2.799000e-09	0.000000e+00	9.999894e-01	5.640806e-05	
1419	2.801000e-09	0.000000e+00	9.999890e-01	5.640235e-05	
1420	2.803000e-09	0.000000e+00	9.999894e-01	5.640793e-05	
1421	2.805000e-09	0.000000e+00	9.999890e-01	5.640248e-05	
1422	2.807000e-09	0.000000e+00	9.999894e-01	5.640780e-05	
1423	2.809000e-09	0.000000e+00	9.999890e-01	5.640261e-05	
1424	2.811000e-09	0.000000e+00	9.999894e-01	5.640767e-05	
1425	2.813000e-09	0.000000e+00	9.999890e-01	5.640274e-05	
1426	2.815000e-09	0.000000e+00	9.999894e-01	5.640754e-05	
1427	2.817000e-09	0.000000e+00	9.999890e-01	5.640287e-05	
1428	2.819000e-09	0.000000e+00	9.999894e-01	5.640741e-05	
1429	2.821000e-09	0.000000e+00	9.999890e-01	5.640300e-05	
1430	2.823000e-09	0.000000e+00	9.999894e-01	5.640728e-05	
1431	2.825000e-09	0.000000e+00	9.999890e-01	5.640313e-05	
1432	2.827000e-09	0.000000e+00	9.999894e-01	5.640715e-05	
1433	2.829000e-09	0.000000e+00	9.999890e-01	5.640326e-05	
1434	2.831000e-09	0.000000e+00	9.999894e-01	5.640702e-05	
1435	2.833000e-09	0.000000e+00	9.999890e-01	5.640339e-05	
1436	2.835000e-09	0.000000e+00	9.999894e-01	5.640689e-05	
1437	2.837000e-09	0.000000e+00	9.999890e-01	5.640352e-05	
1438	2.839000e-09	0.000000e+00	9.999894e-01	5.640676e-05	
1439	2.841000e-09	0.000000e+00	9.999890e-01	5.640364e-05	
1440	2.843000e-09	0.000000e+00	9.999894e-01	5.640663e-05	
1441	2.845000e-09	0.000000e+00	9.999890e-01	5.640377e-05	
1442	2.847000e-09	0.000000e+00	9.999894e-01	5.640651e-05	
1443	2.849000e-09	0.000000e+00	9.999890e-01	5.640390e-05	
1444	2.851000e-09	0.000000e+00	9.999894e-01	5.640638e-05	
1445	2.853000e-09	0.000000e+00	9.999890e-01	5.640403e-05	
1446	2.855000e-09	0.000000e+00	9.999894e-01	5.640625e-05	

Index   time            v(rbl)          v(dout_1)       v(dout_4)       
--------------------------------------------------------------------------------
1447	2.857000e-09	0.000000e+00	9.999890e-01	5.640415e-05	
1448	2.859000e-09	0.000000e+00	9.999894e-01	5.640613e-05	
1449	2.861000e-09	0.000000e+00	9.999890e-01	5.640428e-05	
1450	2.863000e-09	0.000000e+00	9.999894e-01	5.640600e-05	
1451	2.865000e-09	0.000000e+00	9.999890e-01	5.640441e-05	
1452	2.867000e-09	0.000000e+00	9.999894e-01	5.640587e-05	
1453	2.869000e-09	0.000000e+00	9.999890e-01	5.640453e-05	
1454	2.871000e-09	0.000000e+00	9.999894e-01	5.640575e-05	
1455	2.873000e-09	0.000000e+00	9.999890e-01	5.640466e-05	
1456	2.875000e-09	0.000000e+00	9.999894e-01	5.640562e-05	
1457	2.877000e-09	0.000000e+00	9.999890e-01	5.640478e-05	
1458	2.879000e-09	0.000000e+00	9.999894e-01	5.640550e-05	
1459	2.881000e-09	0.000000e+00	9.999890e-01	5.640491e-05	
1460	2.883000e-09	0.000000e+00	9.999894e-01	5.640537e-05	
1461	2.885000e-09	0.000000e+00	9.999890e-01	5.640503e-05	
1462	2.887000e-09	0.000000e+00	9.999894e-01	5.640525e-05	
1463	2.889000e-09	0.000000e+00	9.999890e-01	5.640516e-05	
1464	2.891000e-09	0.000000e+00	9.999894e-01	5.640512e-05	
1465	2.893000e-09	0.000000e+00	9.999890e-01	5.640528e-05	
1466	2.895000e-09	0.000000e+00	9.999894e-01	5.640500e-05	
1467	2.897000e-09	0.000000e+00	9.999890e-01	5.640540e-05	
1468	2.899000e-09	0.000000e+00	9.999894e-01	5.640488e-05	
1469	2.901000e-09	0.000000e+00	9.999890e-01	5.640553e-05	
1470	2.903000e-09	0.000000e+00	9.999894e-01	5.640475e-05	
1471	2.905000e-09	0.000000e+00	9.999890e-01	5.640565e-05	
1472	2.907000e-09	0.000000e+00	9.999894e-01	5.640463e-05	
1473	2.909000e-09	0.000000e+00	9.999890e-01	5.640577e-05	
1474	2.911000e-09	0.000000e+00	9.999894e-01	5.640451e-05	
1475	2.913000e-09	0.000000e+00	9.999890e-01	5.640590e-05	
1476	2.915000e-09	0.000000e+00	9.999894e-01	5.640438e-05	
1477	2.917000e-09	0.000000e+00	9.999890e-01	5.640602e-05	
1478	2.919000e-09	0.000000e+00	9.999894e-01	5.640426e-05	
1479	2.921000e-09	0.000000e+00	9.999890e-01	5.640614e-05	
1480	2.923000e-09	0.000000e+00	9.999894e-01	5.640414e-05	
1481	2.925000e-09	0.000000e+00	9.999890e-01	5.640626e-05	
1482	2.927000e-09	0.000000e+00	9.999894e-01	5.640402e-05	
1483	2.929000e-09	0.000000e+00	9.999890e-01	5.640638e-05	
1484	2.931000e-09	0.000000e+00	9.999894e-01	5.640390e-05	
1485	2.933000e-09	0.000000e+00	9.999890e-01	5.640651e-05	
1486	2.935000e-09	0.000000e+00	9.999894e-01	5.640378e-05	
1487	2.937000e-09	0.000000e+00	9.999890e-01	5.640663e-05	
1488	2.939000e-09	0.000000e+00	9.999894e-01	5.640366e-05	
1489	2.941000e-09	0.000000e+00	9.999890e-01	5.640675e-05	
1490	2.943000e-09	0.000000e+00	9.999894e-01	5.640354e-05	
1491	2.945000e-09	0.000000e+00	9.999890e-01	5.640687e-05	
1492	2.947000e-09	0.000000e+00	9.999894e-01	5.640341e-05	
1493	2.949000e-09	0.000000e+00	9.999890e-01	5.640699e-05	
1494	2.951000e-09	0.000000e+00	9.999894e-01	5.640330e-05	
1495	2.953000e-09	0.000000e+00	9.999890e-01	5.640711e-05	
1496	2.955000e-09	0.000000e+00	9.999894e-01	5.640318e-05	
1497	2.957000e-09	0.000000e+00	9.999890e-01	5.640723e-05	
1498	2.959000e-09	0.000000e+00	9.999894e-01	5.640306e-05	
1499	2.961000e-09	0.000000e+00	9.999890e-01	5.640734e-05	
1500	2.963000e-09	0.000000e+00	9.999894e-01	5.640294e-05	
1501	2.965000e-09	0.000000e+00	9.999890e-01	5.640746e-05	
1502	2.967000e-09	0.000000e+00	9.999894e-01	5.640282e-05	
1503	2.969000e-09	0.000000e+00	9.999890e-01	5.640758e-05	
1504	2.971000e-09	0.000000e+00	9.999894e-01	5.640270e-05	

Index   time            v(rbl)          v(dout_1)       v(dout_4)       
--------------------------------------------------------------------------------
1505	2.973000e-09	0.000000e+00	9.999890e-01	5.640770e-05	
1506	2.975000e-09	0.000000e+00	9.999894e-01	5.640258e-05	
1507	2.977000e-09	0.000000e+00	9.999890e-01	5.640782e-05	
1508	2.979000e-09	0.000000e+00	9.999894e-01	5.640247e-05	
1509	2.981000e-09	0.000000e+00	9.999890e-01	5.640793e-05	
1510	2.983000e-09	0.000000e+00	9.999894e-01	5.640235e-05	
1511	2.985000e-09	0.000000e+00	9.999890e-01	5.640805e-05	
1512	2.987000e-09	0.000000e+00	9.999894e-01	5.640223e-05	
1513	2.989000e-09	0.000000e+00	9.999890e-01	5.640817e-05	
1514	2.991000e-09	0.000000e+00	9.999894e-01	5.640211e-05	
1515	2.993000e-09	0.000000e+00	9.999890e-01	5.640829e-05	
1516	2.995000e-09	0.000000e+00	9.999894e-01	5.640200e-05	
1517	2.997000e-09	0.000000e+00	9.999890e-01	5.640840e-05	
1518	2.999000e-09	0.000000e+00	9.999894e-01	5.640188e-05	
1519	3.001000e-09	0.000000e+00	9.999890e-01	5.640852e-05	
1520	3.003000e-09	0.000000e+00	9.999894e-01	5.640177e-05	
1521	3.005000e-09	0.000000e+00	9.999890e-01	5.640863e-05	
1522	3.007000e-09	0.000000e+00	9.999894e-01	5.640165e-05	
1523	3.009000e-09	0.000000e+00	9.999890e-01	5.640875e-05	
1524	3.011000e-09	0.000000e+00	9.999894e-01	5.640153e-05	
1525	3.013000e-09	0.000000e+00	9.999890e-01	5.640886e-05	
1526	3.015000e-09	0.000000e+00	9.999894e-01	5.640142e-05	
1527	3.017000e-09	0.000000e+00	9.999890e-01	5.640898e-05	
1528	3.019000e-09	0.000000e+00	9.999894e-01	5.640131e-05	
1529	3.021000e-09	0.000000e+00	9.999890e-01	5.640909e-05	
1530	3.023000e-09	0.000000e+00	9.999894e-01	5.640119e-05	
1531	3.025000e-09	0.000000e+00	9.999890e-01	5.640921e-05	
1532	3.027000e-09	0.000000e+00	9.999894e-01	5.640108e-05	
1533	3.029000e-09	0.000000e+00	9.999890e-01	5.640932e-05	
1534	3.031000e-09	0.000000e+00	9.999894e-01	5.640096e-05	
1535	3.033000e-09	0.000000e+00	9.999890e-01	5.640944e-05	
1536	3.035000e-09	0.000000e+00	9.999894e-01	5.640085e-05	
1537	3.037000e-09	0.000000e+00	9.999890e-01	5.640955e-05	
1538	3.039000e-09	0.000000e+00	9.999894e-01	5.640074e-05	
1539	3.041000e-09	0.000000e+00	9.999890e-01	5.640966e-05	
1540	3.043000e-09	0.000000e+00	9.999894e-01	5.640062e-05	
1541	3.045000e-09	0.000000e+00	9.999890e-01	5.640978e-05	
1542	3.047000e-09	0.000000e+00	9.999894e-01	5.640051e-05	
1543	3.049000e-09	0.000000e+00	9.999890e-01	5.640989e-05	
1544	3.050000e-09	0.000000e+00	9.999894e-01	5.640034e-05	
1545	3.050200e-09	2.000000e-02	1.002360e+00	5.720156e-05	
1546	3.050600e-09	6.000000e-02	1.006703e+00	5.836870e-05	
1547	3.051400e-09	1.400000e-01	1.013560e+00	5.891861e-05	
1548	3.053000e-09	3.000000e-01	1.022759e+00	5.817904e-05	
1549	3.055000e-09	5.000000e-01	1.023824e+00	5.580941e-05	
1550	3.057000e-09	7.000000e-01	1.003864e+00	5.195156e-05	
1551	3.059000e-09	9.000000e-01	9.566208e-01	4.758462e-05	
1552	3.060000e-09	1.000000e+00	9.231241e-01	4.593852e-05	
1553	3.060200e-09	1.000000e+00	9.141848e-01	4.523099e-05	
1554	3.060600e-09	1.000000e+00	8.965058e-01	4.424678e-05	
1555	3.061400e-09	1.000000e+00	8.619812e-01	4.397352e-05	
1556	3.063000e-09	1.000000e+00	7.952135e-01	4.684906e-05	
1557	3.065000e-09	1.000000e+00	7.178507e-01	5.681371e-05	
1558	3.067000e-09	1.000000e+00	6.511341e-01	7.726872e-05	
1559	3.069000e-09	1.000000e+00	5.931481e-01	1.055974e-04	
1560	3.071000e-09	1.000000e+00	5.435697e-01	1.354927e-04	
1561	3.073000e-09	1.000000e+00	5.047859e-01	1.618392e-04	
1562	3.075000e-09	1.000000e+00	4.762006e-01	1.807680e-04	

Index   time            v(rbl)          v(dout_1)       v(dout_4)       
--------------------------------------------------------------------------------
1563	3.077000e-09	1.000000e+00	4.536280e-01	1.923279e-04	
1564	3.079000e-09	1.000000e+00	4.323417e-01	1.990754e-04	
1565	3.081000e-09	1.000000e+00	4.050263e-01	2.040625e-04	
1566	3.083000e-09	1.000000e+00	3.657144e-01	2.093803e-04	
1567	3.085000e-09	1.000000e+00	3.204248e-01	2.015842e-04	
1568	3.087000e-09	1.000000e+00	2.766955e-01	1.353012e-04	
1569	3.089000e-09	1.000000e+00	2.362787e-01	-4.57182e-05	
1570	3.091000e-09	1.000000e+00	2.001182e-01	-3.78276e-04	
1571	3.093000e-09	1.000000e+00	1.683768e-01	-9.28206e-04	
1572	3.095000e-09	1.000000e+00	1.407320e-01	-1.76292e-03	
1573	3.097000e-09	1.000000e+00	1.168429e-01	-2.81024e-03	
1574	3.099000e-09	1.000000e+00	9.665271e-02	-3.92630e-03	
1575	3.101000e-09	1.000000e+00	8.002488e-02	-4.96139e-03	
1576	3.103000e-09	1.000000e+00	6.707988e-02	-5.64484e-03	
1577	3.105000e-09	1.000000e+00	5.679406e-02	-5.25919e-03	
1578	3.107000e-09	1.000000e+00	4.775075e-02	-2.14394e-03	
1579	3.109000e-09	1.000000e+00	3.965593e-02	5.598484e-03	
1580	3.111000e-09	1.000000e+00	3.252770e-02	1.927500e-02	
1581	3.113000e-09	1.000000e+00	2.641763e-02	3.930143e-02	
1582	3.115000e-09	1.000000e+00	2.129974e-02	6.511502e-02	
1583	3.117000e-09	1.000000e+00	1.707998e-02	9.579583e-02	
1584	3.119000e-09	1.000000e+00	1.363580e-02	1.307130e-01	
1585	3.121000e-09	1.000000e+00	1.084281e-02	1.696947e-01	
1586	3.123000e-09	1.000000e+00	8.574615e-03	2.135027e-01	
1587	3.125000e-09	1.000000e+00	6.752325e-03	2.639479e-01	
1588	3.127000e-09	1.000000e+00	5.322436e-03	3.213170e-01	
1589	3.129000e-09	1.000000e+00	4.207186e-03	3.832694e-01	
1590	3.131000e-09	1.000000e+00	3.336323e-03	4.493207e-01	
1591	3.133000e-09	1.000000e+00	2.655920e-03	5.176439e-01	
1592	3.135000e-09	1.000000e+00	2.121728e-03	5.830293e-01	
1593	3.137000e-09	1.000000e+00	1.701200e-03	6.397238e-01	
1594	3.139000e-09	1.000000e+00	1.369284e-03	6.885144e-01	
1595	3.141000e-09	1.000000e+00	1.108004e-03	7.342329e-01	
1596	3.143000e-09	1.000000e+00	9.026507e-04	7.877741e-01	
1597	3.145000e-09	1.000000e+00	7.410446e-04	8.524022e-01	
1598	3.147000e-09	1.000000e+00	6.093036e-04	9.075708e-01	
1599	3.149000e-09	1.000000e+00	5.016072e-04	9.435922e-01	
1600	3.151000e-09	1.000000e+00	4.143803e-04	9.656137e-01	
1601	3.153000e-09	1.000000e+00	3.451095e-04	9.786990e-01	
1602	3.155000e-09	1.000000e+00	2.898831e-04	9.865316e-01	
1603	3.157000e-09	1.000000e+00	2.463658e-04	9.913007e-01	
1604	3.159000e-09	1.000000e+00	2.112890e-04	9.941799e-01	
1605	3.161000e-09	1.000000e+00	1.833920e-04	9.958458e-01	
1606	3.163000e-09	1.000000e+00	1.604370e-04	9.965914e-01	
1607	3.165000e-09	1.000000e+00	1.420315e-04	9.965783e-01	
1608	3.167000e-09	1.000000e+00	1.267249e-04	9.963610e-01	
1609	3.169000e-09	1.000000e+00	1.145560e-04	9.963403e-01	
1610	3.171000e-09	1.000000e+00	1.041852e-04	9.964703e-01	
1611	3.173000e-09	1.000000e+00	9.593106e-05	9.967111e-01	
1612	3.175000e-09	1.000000e+00	8.875191e-05	9.970082e-01	
1613	3.177000e-09	1.000000e+00	8.312766e-05	9.973177e-01	
1614	3.179000e-09	1.000000e+00	7.814027e-05	9.976154e-01	
1615	3.181000e-09	1.000000e+00	7.435476e-05	9.979067e-01	
1616	3.183000e-09	1.000000e+00	7.090690e-05	9.981914e-01	
1617	3.185000e-09	1.000000e+00	6.840687e-05	9.984877e-01	
1618	3.187000e-09	1.000000e+00	6.601620e-05	9.987541e-01	
1619	3.189000e-09	1.000000e+00	6.437597e-05	9.989454e-01	
1620	3.191000e-09	1.000000e+00	6.270953e-05	9.990848e-01	

Index   time            v(rbl)          v(dout_1)       v(dout_4)       
--------------------------------------------------------------------------------
1621	3.193000e-09	1.000000e+00	6.168564e-05	9.991994e-01	
1622	3.195000e-09	1.000000e+00	6.052691e-05	9.993029e-01	
1623	3.197000e-09	1.000000e+00	5.991512e-05	9.994008e-01	
1624	3.199000e-09	1.000000e+00	5.908794e-05	9.994912e-01	
1625	3.201000e-09	1.000000e+00	5.874420e-05	9.995734e-01	
1626	3.203000e-09	1.000000e+00	5.813456e-05	9.996450e-01	
1627	3.205000e-09	1.000000e+00	5.796856e-05	9.997065e-01	
1628	3.207000e-09	1.000000e+00	5.750429e-05	9.997581e-01	
1629	3.209000e-09	1.000000e+00	5.745788e-05	9.998033e-01	
1630	3.211000e-09	1.000000e+00	5.709052e-05	9.998407e-01	
1631	3.213000e-09	1.000000e+00	5.712274e-05	9.998718e-01	
1632	3.215000e-09	1.000000e+00	5.681914e-05	9.998963e-01	
1633	3.217000e-09	1.000000e+00	5.690354e-05	9.999162e-01	
1634	3.219000e-09	1.000000e+00	5.664205e-05	9.999314e-01	
1635	3.221000e-09	1.000000e+00	5.676082e-05	9.999439e-01	
1636	3.223000e-09	1.000000e+00	5.652684e-05	9.999532e-01	
1637	3.225000e-09	1.000000e+00	5.666802e-05	9.999611e-01	
1638	3.227000e-09	1.000000e+00	5.645180e-05	9.999668e-01	
1639	3.229000e-09	1.000000e+00	5.660747e-05	9.999716e-01	
1640	3.231000e-09	1.000000e+00	5.640268e-05	9.999748e-01	
1641	3.233000e-09	1.000000e+00	5.656791e-05	9.999778e-01	
1642	3.235000e-09	1.000000e+00	5.637058e-05	9.999798e-01	
1643	3.237000e-09	1.000000e+00	5.654201e-05	9.999820e-01	
1644	3.239000e-09	1.000000e+00	5.634942e-05	9.999832e-01	
1645	3.241000e-09	1.000000e+00	5.652493e-05	9.999846e-01	
1646	3.243000e-09	1.000000e+00	5.633541e-05	9.999853e-01	
1647	3.245000e-09	1.000000e+00	5.651365e-05	9.999863e-01	
1648	3.247000e-09	1.000000e+00	5.632612e-05	9.999866e-01	
1649	3.249000e-09	1.000000e+00	5.650622e-05	9.999874e-01	
1650	3.251000e-09	1.000000e+00	5.631996e-05	9.999875e-01	
1651	3.253000e-09	1.000000e+00	5.650133e-05	9.999880e-01	
1652	3.255000e-09	1.000000e+00	5.631586e-05	9.999880e-01	
1653	3.257000e-09	1.000000e+00	5.649811e-05	9.999885e-01	
1654	3.259000e-09	1.000000e+00	5.631313e-05	9.999884e-01	
1655	3.261000e-09	1.000000e+00	5.649600e-05	9.999887e-01	
1656	3.263000e-09	1.000000e+00	5.631130e-05	9.999886e-01	
1657	3.265000e-09	1.000000e+00	5.649462e-05	9.999889e-01	
1658	3.267000e-09	1.000000e+00	5.631007e-05	9.999887e-01	
1659	3.269000e-09	1.000000e+00	5.649373e-05	9.999891e-01	
1660	3.271000e-09	1.000000e+00	5.630923e-05	9.999889e-01	
1661	3.273000e-09	1.000000e+00	5.649315e-05	9.999892e-01	
1662	3.275000e-09	1.000000e+00	5.630866e-05	9.999889e-01	
1663	3.277000e-09	1.000000e+00	5.649280e-05	9.999892e-01	
1664	3.279000e-09	1.000000e+00	5.630826e-05	9.999890e-01	
1665	3.281000e-09	1.000000e+00	5.649258e-05	9.999893e-01	
1666	3.283000e-09	1.000000e+00	5.630798e-05	9.999890e-01	
1667	3.285000e-09	1.000000e+00	5.649245e-05	9.999893e-01	
1668	3.287000e-09	1.000000e+00	5.630777e-05	9.999890e-01	
1669	3.289000e-09	1.000000e+00	5.649239e-05	9.999893e-01	
1670	3.291000e-09	1.000000e+00	5.630762e-05	9.999891e-01	
1671	3.293000e-09	1.000000e+00	5.649237e-05	9.999893e-01	
1672	3.295000e-09	1.000000e+00	5.630750e-05	9.999891e-01	
1673	3.297000e-09	1.000000e+00	5.649237e-05	9.999893e-01	
1674	3.299000e-09	1.000000e+00	5.630740e-05	9.999891e-01	
1675	3.301000e-09	1.000000e+00	5.649239e-05	9.999893e-01	
1676	3.303000e-09	1.000000e+00	5.630732e-05	9.999891e-01	
1677	3.305000e-09	1.000000e+00	5.649242e-05	9.999893e-01	
1678	3.307000e-09	1.000000e+00	5.630724e-05	9.999891e-01	

Index   time            v(rbl)          v(dout_1)       v(dout_4)       
--------------------------------------------------------------------------------
1679	3.309000e-09	1.000000e+00	5.649246e-05	9.999893e-01	
1680	3.311000e-09	1.000000e+00	5.630718e-05	9.999891e-01	
1681	3.313000e-09	1.000000e+00	5.649251e-05	9.999893e-01	
1682	3.315000e-09	1.000000e+00	5.630712e-05	9.999891e-01	
1683	3.317000e-09	1.000000e+00	5.649255e-05	9.999893e-01	
1684	3.319000e-09	1.000000e+00	5.630706e-05	9.999891e-01	
1685	3.321000e-09	1.000000e+00	5.649260e-05	9.999893e-01	
1686	3.323000e-09	1.000000e+00	5.630701e-05	9.999891e-01	
1687	3.325000e-09	1.000000e+00	5.649265e-05	9.999893e-01	
1688	3.327000e-09	1.000000e+00	5.630695e-05	9.999891e-01	
1689	3.329000e-09	1.000000e+00	5.649269e-05	9.999893e-01	
1690	3.331000e-09	1.000000e+00	5.630690e-05	9.999891e-01	
1691	3.333000e-09	1.000000e+00	5.649274e-05	9.999893e-01	
1692	3.335000e-09	1.000000e+00	5.630685e-05	9.999891e-01	
1693	3.337000e-09	1.000000e+00	5.649279e-05	9.999893e-01	
1694	3.339000e-09	1.000000e+00	5.630680e-05	9.999891e-01	
1695	3.341000e-09	1.000000e+00	5.649284e-05	9.999893e-01	
1696	3.343000e-09	1.000000e+00	5.630676e-05	9.999891e-01	
1697	3.345000e-09	1.000000e+00	5.649288e-05	9.999893e-01	
1698	3.347000e-09	1.000000e+00	5.630671e-05	9.999891e-01	
1699	3.349000e-09	1.000000e+00	5.649293e-05	9.999893e-01	
1700	3.351000e-09	1.000000e+00	5.630666e-05	9.999891e-01	
1701	3.353000e-09	1.000000e+00	5.649298e-05	9.999893e-01	
1702	3.355000e-09	1.000000e+00	5.630662e-05	9.999891e-01	
1703	3.357000e-09	1.000000e+00	5.649302e-05	9.999893e-01	
1704	3.359000e-09	1.000000e+00	5.630657e-05	9.999891e-01	
1705	3.361000e-09	1.000000e+00	5.649307e-05	9.999893e-01	
1706	3.363000e-09	1.000000e+00	5.630653e-05	9.999891e-01	
1707	3.365000e-09	1.000000e+00	5.649311e-05	9.999893e-01	
1708	3.367000e-09	1.000000e+00	5.630648e-05	9.999891e-01	
1709	3.369000e-09	1.000000e+00	5.649315e-05	9.999893e-01	
1710	3.371000e-09	1.000000e+00	5.630644e-05	9.999891e-01	
1711	3.373000e-09	1.000000e+00	5.649320e-05	9.999893e-01	
1712	3.375000e-09	1.000000e+00	5.630640e-05	9.999891e-01	
1713	3.377000e-09	1.000000e+00	5.649324e-05	9.999893e-01	
1714	3.379000e-09	1.000000e+00	5.630636e-05	9.999891e-01	
1715	3.381000e-09	1.000000e+00	5.649328e-05	9.999893e-01	
1716	3.383000e-09	1.000000e+00	5.630632e-05	9.999891e-01	
1717	3.385000e-09	1.000000e+00	5.649332e-05	9.999893e-01	
1718	3.387000e-09	1.000000e+00	5.630628e-05	9.999891e-01	
1719	3.389000e-09	1.000000e+00	5.649336e-05	9.999893e-01	
1720	3.391000e-09	1.000000e+00	5.630624e-05	9.999891e-01	
1721	3.393000e-09	1.000000e+00	5.649340e-05	9.999893e-01	
1722	3.395000e-09	1.000000e+00	5.630620e-05	9.999891e-01	
1723	3.397000e-09	1.000000e+00	5.649344e-05	9.999893e-01	
1724	3.399000e-09	1.000000e+00	5.630616e-05	9.999891e-01	
1725	3.401000e-09	1.000000e+00	5.649348e-05	9.999893e-01	
1726	3.403000e-09	1.000000e+00	5.630612e-05	9.999891e-01	
1727	3.405000e-09	1.000000e+00	5.649351e-05	9.999893e-01	
1728	3.407000e-09	1.000000e+00	5.630608e-05	9.999891e-01	
1729	3.409000e-09	1.000000e+00	5.649355e-05	9.999893e-01	
1730	3.411000e-09	1.000000e+00	5.630605e-05	9.999891e-01	
1731	3.413000e-09	1.000000e+00	5.649359e-05	9.999893e-01	
1732	3.415000e-09	1.000000e+00	5.630601e-05	9.999891e-01	
1733	3.417000e-09	1.000000e+00	5.649362e-05	9.999893e-01	
1734	3.419000e-09	1.000000e+00	5.630597e-05	9.999891e-01	
1735	3.421000e-09	1.000000e+00	5.649366e-05	9.999893e-01	
1736	3.423000e-09	1.000000e+00	5.630594e-05	9.999891e-01	

Index   time            v(rbl)          v(dout_1)       v(dout_4)       
--------------------------------------------------------------------------------
1737	3.425000e-09	1.000000e+00	5.649369e-05	9.999893e-01	
1738	3.427000e-09	1.000000e+00	5.630591e-05	9.999891e-01	
1739	3.429000e-09	1.000000e+00	5.649373e-05	9.999893e-01	
1740	3.431000e-09	1.000000e+00	5.630587e-05	9.999891e-01	
1741	3.433000e-09	1.000000e+00	5.649376e-05	9.999893e-01	
1742	3.435000e-09	1.000000e+00	5.630584e-05	9.999891e-01	
1743	3.437000e-09	1.000000e+00	5.649379e-05	9.999893e-01	
1744	3.439000e-09	1.000000e+00	5.630581e-05	9.999891e-01	
1745	3.441000e-09	1.000000e+00	5.649383e-05	9.999893e-01	
1746	3.443000e-09	1.000000e+00	5.630577e-05	9.999891e-01	
1747	3.445000e-09	1.000000e+00	5.649386e-05	9.999893e-01	
1748	3.447000e-09	1.000000e+00	5.630574e-05	9.999891e-01	
1749	3.449000e-09	1.000000e+00	5.649389e-05	9.999893e-01	
1750	3.451000e-09	1.000000e+00	5.630571e-05	9.999891e-01	
1751	3.453000e-09	1.000000e+00	5.649392e-05	9.999893e-01	
1752	3.455000e-09	1.000000e+00	5.630568e-05	9.999891e-01	
1753	3.457000e-09	1.000000e+00	5.649395e-05	9.999893e-01	
1754	3.459000e-09	1.000000e+00	5.630565e-05	9.999891e-01	
1755	3.461000e-09	1.000000e+00	5.649398e-05	9.999893e-01	
1756	3.463000e-09	1.000000e+00	5.630562e-05	9.999891e-01	
1757	3.465000e-09	1.000000e+00	5.649401e-05	9.999893e-01	
1758	3.467000e-09	1.000000e+00	5.630559e-05	9.999891e-01	
1759	3.469000e-09	1.000000e+00	5.649404e-05	9.999893e-01	
1760	3.471000e-09	1.000000e+00	5.630556e-05	9.999891e-01	
1761	3.473000e-09	1.000000e+00	5.649407e-05	9.999893e-01	
1762	3.475000e-09	1.000000e+00	5.630554e-05	9.999891e-01	
1763	3.477000e-09	1.000000e+00	5.649409e-05	9.999893e-01	
1764	3.479000e-09	1.000000e+00	5.630551e-05	9.999891e-01	
1765	3.481000e-09	1.000000e+00	5.649412e-05	9.999893e-01	
1766	3.483000e-09	1.000000e+00	5.630548e-05	9.999891e-01	
1767	3.485000e-09	1.000000e+00	5.649415e-05	9.999893e-01	
1768	3.487000e-09	1.000000e+00	5.630546e-05	9.999891e-01	
1769	3.489000e-09	1.000000e+00	5.649417e-05	9.999893e-01	
1770	3.491000e-09	1.000000e+00	5.630543e-05	9.999891e-01	
1771	3.493000e-09	1.000000e+00	5.649420e-05	9.999893e-01	
1772	3.495000e-09	1.000000e+00	5.630541e-05	9.999891e-01	
1773	3.497000e-09	1.000000e+00	5.649422e-05	9.999893e-01	
1774	3.499000e-09	1.000000e+00	5.630538e-05	9.999891e-01	
1775	3.501000e-09	1.000000e+00	5.649425e-05	9.999893e-01	
1776	3.503000e-09	1.000000e+00	5.630536e-05	9.999891e-01	
1777	3.505000e-09	1.000000e+00	5.649427e-05	9.999893e-01	
1778	3.507000e-09	1.000000e+00	5.630533e-05	9.999891e-01	
1779	3.509000e-09	1.000000e+00	5.649429e-05	9.999893e-01	
1780	3.511000e-09	1.000000e+00	5.630531e-05	9.999891e-01	
1781	3.513000e-09	1.000000e+00	5.649432e-05	9.999893e-01	
1782	3.515000e-09	1.000000e+00	5.630529e-05	9.999891e-01	
1783	3.517000e-09	1.000000e+00	5.649434e-05	9.999893e-01	
1784	3.519000e-09	1.000000e+00	5.630527e-05	9.999891e-01	
1785	3.521000e-09	1.000000e+00	5.649436e-05	9.999893e-01	
1786	3.523000e-09	1.000000e+00	5.630525e-05	9.999891e-01	
1787	3.525000e-09	1.000000e+00	5.649438e-05	9.999893e-01	
1788	3.527000e-09	1.000000e+00	5.630522e-05	9.999891e-01	
1789	3.529000e-09	1.000000e+00	5.649440e-05	9.999893e-01	
1790	3.531000e-09	1.000000e+00	5.630520e-05	9.999891e-01	
1791	3.533000e-09	1.000000e+00	5.649442e-05	9.999893e-01	
1792	3.535000e-09	1.000000e+00	5.630518e-05	9.999891e-01	
1793	3.537000e-09	1.000000e+00	5.649444e-05	9.999893e-01	
1794	3.539000e-09	1.000000e+00	5.630516e-05	9.999891e-01	

Index   time            v(rbl)          v(dout_1)       v(dout_4)       
--------------------------------------------------------------------------------
1795	3.541000e-09	1.000000e+00	5.649446e-05	9.999893e-01	
1796	3.543000e-09	1.000000e+00	5.630514e-05	9.999891e-01	
1797	3.545000e-09	1.000000e+00	5.649448e-05	9.999893e-01	
1798	3.547000e-09	1.000000e+00	5.630513e-05	9.999891e-01	
1799	3.549000e-09	1.000000e+00	5.649450e-05	9.999893e-01	
1800	3.551000e-09	1.000000e+00	5.630511e-05	9.999891e-01	
1801	3.553000e-09	1.000000e+00	5.649452e-05	9.999893e-01	
1802	3.555000e-09	1.000000e+00	5.630509e-05	9.999891e-01	
1803	3.557000e-09	1.000000e+00	5.649453e-05	9.999893e-01	
1804	3.559000e-09	1.000000e+00	5.630507e-05	9.999891e-01	
1805	3.561000e-09	1.000000e+00	5.649455e-05	9.999893e-01	
1806	3.563000e-09	1.000000e+00	5.630506e-05	9.999891e-01	
1807	3.565000e-09	1.000000e+00	5.649457e-05	9.999893e-01	
1808	3.567000e-09	1.000000e+00	5.630504e-05	9.999891e-01	
1809	3.569000e-09	1.000000e+00	5.649458e-05	9.999893e-01	
1810	3.571000e-09	1.000000e+00	5.630502e-05	9.999891e-01	
1811	3.573000e-09	1.000000e+00	5.649460e-05	9.999893e-01	
1812	3.575000e-09	1.000000e+00	5.630501e-05	9.999891e-01	
1813	3.577000e-09	1.000000e+00	5.649462e-05	9.999893e-01	
1814	3.579000e-09	1.000000e+00	5.630499e-05	9.999891e-01	
1815	3.581000e-09	1.000000e+00	5.649463e-05	9.999893e-01	
1816	3.583000e-09	1.000000e+00	5.630498e-05	9.999891e-01	
1817	3.585000e-09	1.000000e+00	5.649464e-05	9.999893e-01	
1818	3.587000e-09	1.000000e+00	5.630496e-05	9.999891e-01	
1819	3.589000e-09	1.000000e+00	5.649466e-05	9.999893e-01	
1820	3.591000e-09	1.000000e+00	5.630495e-05	9.999891e-01	
1821	3.593000e-09	1.000000e+00	5.649467e-05	9.999893e-01	
1822	3.595000e-09	1.000000e+00	5.630494e-05	9.999891e-01	
1823	3.597000e-09	1.000000e+00	5.649468e-05	9.999893e-01	
1824	3.599000e-09	1.000000e+00	5.630493e-05	9.999891e-01	
1825	3.601000e-09	1.000000e+00	5.649470e-05	9.999893e-01	
1826	3.603000e-09	1.000000e+00	5.630491e-05	9.999891e-01	
1827	3.605000e-09	1.000000e+00	5.649471e-05	9.999893e-01	
1828	3.607000e-09	1.000000e+00	5.630490e-05	9.999891e-01	
1829	3.609000e-09	1.000000e+00	5.649472e-05	9.999893e-01	
1830	3.611000e-09	1.000000e+00	5.630489e-05	9.999891e-01	
1831	3.613000e-09	1.000000e+00	5.649473e-05	9.999893e-01	
1832	3.615000e-09	1.000000e+00	5.630488e-05	9.999891e-01	
1833	3.617000e-09	1.000000e+00	5.649474e-05	9.999893e-01	
1834	3.619000e-09	1.000000e+00	5.630487e-05	9.999891e-01	
1835	3.621000e-09	1.000000e+00	5.649475e-05	9.999893e-01	
1836	3.623000e-09	1.000000e+00	5.630486e-05	9.999891e-01	
1837	3.625000e-09	1.000000e+00	5.649476e-05	9.999893e-01	
1838	3.627000e-09	1.000000e+00	5.630485e-05	9.999891e-01	
1839	3.629000e-09	1.000000e+00	5.649477e-05	9.999893e-01	
1840	3.631000e-09	1.000000e+00	5.630484e-05	9.999891e-01	
1841	3.633000e-09	1.000000e+00	5.649478e-05	9.999893e-01	
1842	3.635000e-09	1.000000e+00	5.630483e-05	9.999891e-01	
1843	3.637000e-09	1.000000e+00	5.649479e-05	9.999893e-01	
1844	3.639000e-09	1.000000e+00	5.630482e-05	9.999891e-01	
1845	3.641000e-09	1.000000e+00	5.649480e-05	9.999893e-01	
1846	3.643000e-09	1.000000e+00	5.630481e-05	9.999891e-01	
1847	3.645000e-09	1.000000e+00	5.649481e-05	9.999893e-01	
1848	3.647000e-09	1.000000e+00	5.630480e-05	9.999891e-01	
1849	3.649000e-09	1.000000e+00	5.649482e-05	9.999893e-01	
1850	3.651000e-09	1.000000e+00	5.630480e-05	9.999891e-01	
1851	3.653000e-09	1.000000e+00	5.649482e-05	9.999893e-01	
1852	3.655000e-09	1.000000e+00	5.630479e-05	9.999891e-01	

Index   time            v(rbl)          v(dout_1)       v(dout_4)       
--------------------------------------------------------------------------------
1853	3.657000e-09	1.000000e+00	5.649483e-05	9.999893e-01	
1854	3.659000e-09	1.000000e+00	5.630478e-05	9.999891e-01	
1855	3.661000e-09	1.000000e+00	5.649484e-05	9.999893e-01	
1856	3.663000e-09	1.000000e+00	5.630478e-05	9.999891e-01	
1857	3.665000e-09	1.000000e+00	5.649484e-05	9.999893e-01	
1858	3.667000e-09	1.000000e+00	5.630477e-05	9.999891e-01	
1859	3.669000e-09	1.000000e+00	5.649485e-05	9.999893e-01	
1860	3.671000e-09	1.000000e+00	5.630476e-05	9.999891e-01	
1861	3.673000e-09	1.000000e+00	5.649485e-05	9.999893e-01	
1862	3.675000e-09	1.000000e+00	5.630476e-05	9.999891e-01	
1863	3.677000e-09	1.000000e+00	5.649486e-05	9.999893e-01	
1864	3.679000e-09	1.000000e+00	5.630475e-05	9.999891e-01	
1865	3.681000e-09	1.000000e+00	5.649486e-05	9.999893e-01	
1866	3.683000e-09	1.000000e+00	5.630475e-05	9.999891e-01	
1867	3.685000e-09	1.000000e+00	5.649487e-05	9.999893e-01	
1868	3.687000e-09	1.000000e+00	5.630475e-05	9.999891e-01	
1869	3.689000e-09	1.000000e+00	5.649487e-05	9.999893e-01	
1870	3.691000e-09	1.000000e+00	5.630474e-05	9.999891e-01	
1871	3.693000e-09	1.000000e+00	5.649488e-05	9.999893e-01	
1872	3.695000e-09	1.000000e+00	5.630474e-05	9.999891e-01	
1873	3.697000e-09	1.000000e+00	5.649488e-05	9.999893e-01	
1874	3.699000e-09	1.000000e+00	5.630474e-05	9.999891e-01	
1875	3.701000e-09	1.000000e+00	5.649488e-05	9.999893e-01	
1876	3.703000e-09	1.000000e+00	5.630473e-05	9.999891e-01	
1877	3.705000e-09	1.000000e+00	5.649488e-05	9.999893e-01	
1878	3.707000e-09	1.000000e+00	5.630473e-05	9.999891e-01	
1879	3.709000e-09	1.000000e+00	5.649489e-05	9.999893e-01	
1880	3.711000e-09	1.000000e+00	5.630473e-05	9.999891e-01	
1881	3.713000e-09	1.000000e+00	5.649489e-05	9.999893e-01	
1882	3.715000e-09	1.000000e+00	5.630473e-05	9.999891e-01	
1883	3.717000e-09	1.000000e+00	5.649489e-05	9.999893e-01	
1884	3.719000e-09	1.000000e+00	5.630473e-05	9.999891e-01	
1885	3.721000e-09	1.000000e+00	5.649489e-05	9.999893e-01	
1886	3.723000e-09	1.000000e+00	5.630472e-05	9.999891e-01	
1887	3.725000e-09	1.000000e+00	5.649489e-05	9.999893e-01	
1888	3.727000e-09	1.000000e+00	5.630472e-05	9.999891e-01	
1889	3.729000e-09	1.000000e+00	5.649489e-05	9.999893e-01	
1890	3.731000e-09	1.000000e+00	5.630472e-05	9.999891e-01	
1891	3.733000e-09	1.000000e+00	5.649489e-05	9.999893e-01	
1892	3.735000e-09	1.000000e+00	5.630472e-05	9.999891e-01	
1893	3.737000e-09	1.000000e+00	5.649489e-05	9.999893e-01	
1894	3.739000e-09	1.000000e+00	5.630472e-05	9.999891e-01	
1895	3.741000e-09	1.000000e+00	5.649489e-05	9.999893e-01	
1896	3.743000e-09	1.000000e+00	5.630472e-05	9.999891e-01	
1897	3.745000e-09	1.000000e+00	5.649489e-05	9.999893e-01	
1898	3.747000e-09	1.000000e+00	5.630473e-05	9.999891e-01	
1899	3.749000e-09	1.000000e+00	5.649489e-05	9.999893e-01	
1900	3.751000e-09	1.000000e+00	5.630473e-05	9.999891e-01	
1901	3.753000e-09	1.000000e+00	5.649489e-05	9.999893e-01	
1902	3.755000e-09	1.000000e+00	5.630473e-05	9.999891e-01	
1903	3.757000e-09	1.000000e+00	5.649489e-05	9.999893e-01	
1904	3.759000e-09	1.000000e+00	5.630473e-05	9.999891e-01	
1905	3.761000e-09	1.000000e+00	5.649488e-05	9.999893e-01	
1906	3.763000e-09	1.000000e+00	5.630473e-05	9.999891e-01	
1907	3.765000e-09	1.000000e+00	5.649488e-05	9.999893e-01	
1908	3.767000e-09	1.000000e+00	5.630474e-05	9.999891e-01	
1909	3.769000e-09	1.000000e+00	5.649488e-05	9.999893e-01	
1910	3.771000e-09	1.000000e+00	5.630474e-05	9.999891e-01	

Index   time            v(rbl)          v(dout_1)       v(dout_4)       
--------------------------------------------------------------------------------
1911	3.773000e-09	1.000000e+00	5.649488e-05	9.999893e-01	
1912	3.775000e-09	1.000000e+00	5.630474e-05	9.999891e-01	
1913	3.777000e-09	1.000000e+00	5.649487e-05	9.999893e-01	
1914	3.779000e-09	1.000000e+00	5.630475e-05	9.999891e-01	
1915	3.781000e-09	1.000000e+00	5.649487e-05	9.999893e-01	
1916	3.783000e-09	1.000000e+00	5.630475e-05	9.999891e-01	
1917	3.785000e-09	1.000000e+00	5.649486e-05	9.999893e-01	
1918	3.787000e-09	1.000000e+00	5.630475e-05	9.999891e-01	
1919	3.789000e-09	1.000000e+00	5.649486e-05	9.999893e-01	
1920	3.791000e-09	1.000000e+00	5.630476e-05	9.999891e-01	
1921	3.793000e-09	1.000000e+00	5.649486e-05	9.999893e-01	
1922	3.795000e-09	1.000000e+00	5.630476e-05	9.999891e-01	
1923	3.797000e-09	1.000000e+00	5.649485e-05	9.999893e-01	
1924	3.799000e-09	1.000000e+00	5.630477e-05	9.999891e-01	
1925	3.801000e-09	1.000000e+00	5.649485e-05	9.999893e-01	
1926	3.803000e-09	1.000000e+00	5.630477e-05	9.999891e-01	
1927	3.805000e-09	1.000000e+00	5.649484e-05	9.999893e-01	
1928	3.807000e-09	1.000000e+00	5.630478e-05	9.999891e-01	
1929	3.809000e-09	1.000000e+00	5.649483e-05	9.999893e-01	
1930	3.811000e-09	1.000000e+00	5.630479e-05	9.999891e-01	
1931	3.813000e-09	1.000000e+00	5.649483e-05	9.999893e-01	
1932	3.815000e-09	1.000000e+00	5.630479e-05	9.999891e-01	
1933	3.817000e-09	1.000000e+00	5.649482e-05	9.999893e-01	
1934	3.819000e-09	1.000000e+00	5.630480e-05	9.999891e-01	
1935	3.821000e-09	1.000000e+00	5.649482e-05	9.999893e-01	
1936	3.823000e-09	1.000000e+00	5.630480e-05	9.999891e-01	
1937	3.825000e-09	1.000000e+00	5.649481e-05	9.999893e-01	
1938	3.827000e-09	1.000000e+00	5.630481e-05	9.999891e-01	
1939	3.829000e-09	1.000000e+00	5.649480e-05	9.999893e-01	
1940	3.831000e-09	1.000000e+00	5.630482e-05	9.999891e-01	
1941	3.833000e-09	1.000000e+00	5.649479e-05	9.999893e-01	
1942	3.835000e-09	1.000000e+00	5.630483e-05	9.999891e-01	
1943	3.837000e-09	1.000000e+00	5.649479e-05	9.999893e-01	
1944	3.839000e-09	1.000000e+00	5.630484e-05	9.999891e-01	
1945	3.841000e-09	1.000000e+00	5.649478e-05	9.999893e-01	
1946	3.843000e-09	1.000000e+00	5.630484e-05	9.999891e-01	
1947	3.845000e-09	1.000000e+00	5.649477e-05	9.999893e-01	
1948	3.847000e-09	1.000000e+00	5.630485e-05	9.999891e-01	
1949	3.849000e-09	1.000000e+00	5.649476e-05	9.999893e-01	
1950	3.851000e-09	1.000000e+00	5.630486e-05	9.999891e-01	
1951	3.853000e-09	1.000000e+00	5.649475e-05	9.999893e-01	
1952	3.855000e-09	1.000000e+00	5.630487e-05	9.999891e-01	
1953	3.857000e-09	1.000000e+00	5.649474e-05	9.999893e-01	
1954	3.859000e-09	1.000000e+00	5.630488e-05	9.999891e-01	
1955	3.861000e-09	1.000000e+00	5.649473e-05	9.999893e-01	
1956	3.863000e-09	1.000000e+00	5.630489e-05	9.999891e-01	
1957	3.865000e-09	1.000000e+00	5.649472e-05	9.999893e-01	
1958	3.867000e-09	1.000000e+00	5.630490e-05	9.999891e-01	
1959	3.869000e-09	1.000000e+00	5.649471e-05	9.999893e-01	
1960	3.871000e-09	1.000000e+00	5.630491e-05	9.999891e-01	
1961	3.873000e-09	1.000000e+00	5.649470e-05	9.999893e-01	
1962	3.875000e-09	1.000000e+00	5.630492e-05	9.999891e-01	
1963	3.877000e-09	1.000000e+00	5.649469e-05	9.999893e-01	
1964	3.879000e-09	1.000000e+00	5.630493e-05	9.999891e-01	
1965	3.881000e-09	1.000000e+00	5.649468e-05	9.999893e-01	
1966	3.883000e-09	1.000000e+00	5.630494e-05	9.999891e-01	
1967	3.885000e-09	1.000000e+00	5.649467e-05	9.999893e-01	
1968	3.887000e-09	1.000000e+00	5.630495e-05	9.999891e-01	

Index   time            v(rbl)          v(dout_1)       v(dout_4)       
--------------------------------------------------------------------------------
1969	3.889000e-09	1.000000e+00	5.649466e-05	9.999893e-01	
1970	3.891000e-09	1.000000e+00	5.630496e-05	9.999891e-01	
1971	3.893000e-09	1.000000e+00	5.649465e-05	9.999893e-01	
1972	3.895000e-09	1.000000e+00	5.630497e-05	9.999891e-01	
1973	3.897000e-09	1.000000e+00	5.649464e-05	9.999893e-01	
1974	3.899000e-09	1.000000e+00	5.630499e-05	9.999891e-01	
1975	3.901000e-09	1.000000e+00	5.649462e-05	9.999893e-01	
1976	3.903000e-09	1.000000e+00	5.630500e-05	9.999891e-01	
1977	3.905000e-09	1.000000e+00	5.649461e-05	9.999893e-01	
1978	3.907000e-09	1.000000e+00	5.630501e-05	9.999891e-01	
1979	3.909000e-09	1.000000e+00	5.649460e-05	9.999893e-01	
1980	3.911000e-09	1.000000e+00	5.630502e-05	9.999891e-01	
1981	3.913000e-09	1.000000e+00	5.649459e-05	9.999893e-01	
1982	3.915000e-09	1.000000e+00	5.630504e-05	9.999891e-01	
1983	3.917000e-09	1.000000e+00	5.649457e-05	9.999893e-01	
1984	3.919000e-09	1.000000e+00	5.630505e-05	9.999891e-01	
1985	3.921000e-09	1.000000e+00	5.649456e-05	9.999893e-01	
1986	3.923000e-09	1.000000e+00	5.630506e-05	9.999891e-01	
1987	3.925000e-09	1.000000e+00	5.649455e-05	9.999893e-01	
1988	3.927000e-09	1.000000e+00	5.630508e-05	9.999891e-01	
1989	3.929000e-09	1.000000e+00	5.649453e-05	9.999893e-01	
1990	3.931000e-09	1.000000e+00	5.630509e-05	9.999891e-01	
1991	3.933000e-09	1.000000e+00	5.649452e-05	9.999893e-01	
1992	3.935000e-09	1.000000e+00	5.630510e-05	9.999891e-01	
1993	3.937000e-09	1.000000e+00	5.649451e-05	9.999893e-01	
1994	3.939000e-09	1.000000e+00	5.630512e-05	9.999891e-01	
1995	3.941000e-09	1.000000e+00	5.649449e-05	9.999893e-01	
1996	3.943000e-09	1.000000e+00	5.630513e-05	9.999891e-01	
1997	3.945000e-09	1.000000e+00	5.649448e-05	9.999893e-01	
1998	3.947000e-09	1.000000e+00	5.630515e-05	9.999891e-01	
1999	3.949000e-09	1.000000e+00	5.649446e-05	9.999893e-01	
2000	3.951000e-09	1.000000e+00	5.630516e-05	9.999891e-01	
2001	3.953000e-09	1.000000e+00	5.649445e-05	9.999893e-01	
2002	3.955000e-09	1.000000e+00	5.630518e-05	9.999891e-01	
2003	3.957000e-09	1.000000e+00	5.649443e-05	9.999893e-01	
2004	3.959000e-09	1.000000e+00	5.630519e-05	9.999891e-01	
2005	3.961000e-09	1.000000e+00	5.649442e-05	9.999893e-01	
2006	3.963000e-09	1.000000e+00	5.630521e-05	9.999891e-01	
2007	3.965000e-09	1.000000e+00	5.649440e-05	9.999893e-01	
2008	3.967000e-09	1.000000e+00	5.630522e-05	9.999891e-01	
2009	3.969000e-09	1.000000e+00	5.649438e-05	9.999893e-01	
2010	3.971000e-09	1.000000e+00	5.630524e-05	9.999891e-01	
2011	3.973000e-09	1.000000e+00	5.649437e-05	9.999893e-01	
2012	3.975000e-09	1.000000e+00	5.630526e-05	9.999891e-01	
2013	3.977000e-09	1.000000e+00	5.649435e-05	9.999893e-01	
2014	3.979000e-09	1.000000e+00	5.630527e-05	9.999891e-01	
2015	3.981000e-09	1.000000e+00	5.649434e-05	9.999893e-01	
2016	3.983000e-09	1.000000e+00	5.630529e-05	9.999891e-01	
2017	3.985000e-09	1.000000e+00	5.649432e-05	9.999893e-01	
2018	3.987000e-09	1.000000e+00	5.630531e-05	9.999891e-01	
2019	3.989000e-09	1.000000e+00	5.649430e-05	9.999893e-01	
2020	3.991000e-09	1.000000e+00	5.630532e-05	9.999891e-01	
2021	3.993000e-09	1.000000e+00	5.649428e-05	9.999893e-01	
2022	3.995000e-09	1.000000e+00	5.630534e-05	9.999891e-01	
2023	3.997000e-09	1.000000e+00	5.649427e-05	9.999893e-01	
2024	3.999000e-09	1.000000e+00	5.630536e-05	9.999891e-01	
2025	4.000000e-09	1.000000e+00	5.649424e-05	9.999893e-01	

                         * delay chain pvt corner smoke
                         Transient Analysis  Sun Jun 28 02:19:15  2026
--------------------------------------------------------------------------------
Index   time            v(dout_8)       v(rbl_delay)    
--------------------------------------------------------------------------------
0	0.000000e+00	5.640518e-05	9.999905e-01	
1	2.000000e-14	5.640518e-05	9.999905e-01	
2	4.000000e-14	5.640518e-05	9.999905e-01	
3	8.000000e-14	5.640518e-05	9.999905e-01	
4	1.600000e-13	5.640518e-05	9.999905e-01	
5	3.200000e-13	5.640518e-05	9.999905e-01	
6	6.400000e-13	5.640518e-05	9.999905e-01	
7	1.280000e-12	5.640518e-05	9.999905e-01	
8	2.560000e-12	5.640518e-05	9.999905e-01	
9	4.560000e-12	5.640518e-05	9.999905e-01	
10	6.560000e-12	5.640518e-05	9.999905e-01	
11	8.560000e-12	5.640518e-05	9.999905e-01	
12	1.056000e-11	5.640518e-05	9.999905e-01	
13	1.256000e-11	5.640518e-05	9.999905e-01	
14	1.456000e-11	5.640518e-05	9.999905e-01	
15	1.656000e-11	5.640518e-05	9.999905e-01	
16	1.856000e-11	5.640518e-05	9.999905e-01	
17	2.056000e-11	5.640518e-05	9.999905e-01	
18	2.256000e-11	5.640518e-05	9.999905e-01	
19	2.456000e-11	5.640518e-05	9.999905e-01	
20	2.656000e-11	5.640518e-05	9.999905e-01	
21	2.856000e-11	5.640518e-05	9.999905e-01	
22	3.056000e-11	5.640518e-05	9.999905e-01	
23	3.256000e-11	5.640518e-05	9.999905e-01	
24	3.456000e-11	5.640518e-05	9.999905e-01	
25	3.656000e-11	5.640518e-05	9.999905e-01	
26	3.856000e-11	5.640518e-05	9.999905e-01	
27	4.056000e-11	5.640518e-05	9.999905e-01	
28	4.256000e-11	5.640518e-05	9.999905e-01	
29	4.456000e-11	5.640518e-05	9.999905e-01	
30	4.656000e-11	5.640518e-05	9.999905e-01	
31	4.856000e-11	5.640518e-05	9.999905e-01	
32	5.000000e-11	5.640518e-05	9.999905e-01	
33	5.020000e-11	5.640520e-05	9.999905e-01	
34	5.060000e-11	5.640523e-05	9.999905e-01	
35	5.140000e-11	5.640520e-05	9.999905e-01	
36	5.300000e-11	5.640515e-05	9.999905e-01	
37	5.500000e-11	5.640514e-05	9.999905e-01	
38	5.700000e-11	5.640514e-05	9.999905e-01	
39	5.900000e-11	5.640516e-05	9.999905e-01	
40	6.000000e-11	5.640519e-05	9.999905e-01	
41	6.020000e-11	5.640518e-05	9.999905e-01	
42	6.060000e-11	5.640518e-05	9.999905e-01	
43	6.140000e-11	5.640523e-05	9.999905e-01	
44	6.300000e-11	5.640529e-05	9.999905e-01	
45	6.500000e-11	5.640533e-05	9.999905e-01	
46	6.700000e-11	5.640538e-05	9.999905e-01	
47	6.900000e-11	5.640532e-05	9.999905e-01	
48	7.100000e-11	5.640518e-05	9.999905e-01	
49	7.300000e-11	5.640502e-05	9.999905e-01	
50	7.500000e-11	5.640491e-05	9.999905e-01	
51	7.700000e-11	5.640489e-05	9.999905e-01	
52	7.900000e-11	5.640496e-05	9.999905e-01	
53	8.100000e-11	5.640508e-05	9.999905e-01	
54	8.300000e-11	5.640519e-05	9.999905e-01	

Index   time            v(dout_8)       v(rbl_delay)    
--------------------------------------------------------------------------------
55	8.500000e-11	5.640505e-05	9.999905e-01	
56	8.700000e-11	5.640436e-05	9.999905e-01	
57	8.900000e-11	5.640334e-05	9.999905e-01	
58	9.100000e-11	5.640260e-05	9.999905e-01	
59	9.300000e-11	5.640173e-05	9.999905e-01	
60	9.500000e-11	5.640098e-05	9.999905e-01	
61	9.700000e-11	5.640247e-05	9.999905e-01	
62	9.900000e-11	5.640588e-05	9.999905e-01	
63	1.010000e-10	5.640989e-05	9.999905e-01	
64	1.030000e-10	5.641529e-05	9.999905e-01	
65	1.050000e-10	5.642687e-05	9.999905e-01	
66	1.070000e-10	5.645549e-05	9.999906e-01	
67	1.090000e-10	5.648927e-05	9.999906e-01	
68	1.110000e-10	5.651091e-05	9.999906e-01	
69	1.130000e-10	5.650924e-05	9.999905e-01	
70	1.150000e-10	5.648110e-05	9.999905e-01	
71	1.170000e-10	5.643927e-05	9.999905e-01	
72	1.190000e-10	5.640051e-05	9.999905e-01	
73	1.210000e-10	5.637385e-05	9.999905e-01	
74	1.230000e-10	5.636435e-05	9.999905e-01	
75	1.250000e-10	5.635357e-05	9.999905e-01	
76	1.270000e-10	5.623982e-05	9.999905e-01	
77	1.290000e-10	5.590070e-05	9.999905e-01	
78	1.310000e-10	5.535075e-05	9.999905e-01	
79	1.330000e-10	5.465758e-05	9.999905e-01	
80	1.350000e-10	5.363877e-05	9.999904e-01	
81	1.370000e-10	5.263253e-05	9.999904e-01	
82	1.390000e-10	5.216434e-05	9.999904e-01	
83	1.410000e-10	5.246087e-05	9.999905e-01	
84	1.430000e-10	5.367079e-05	9.999907e-01	
85	1.450000e-10	5.653576e-05	9.999909e-01	
86	1.470000e-10	6.405753e-05	9.999914e-01	
87	1.490000e-10	8.013429e-05	9.999924e-01	
88	1.510000e-10	1.031573e-04	9.999935e-01	
89	1.530000e-10	1.297757e-04	9.999943e-01	
90	1.550000e-10	1.546556e-04	9.999945e-01	
91	1.570000e-10	1.738368e-04	9.999941e-01	
92	1.590000e-10	1.865129e-04	9.999933e-01	
93	1.610000e-10	1.944023e-04	9.999925e-01	
94	1.630000e-10	2.000347e-04	9.999920e-01	
95	1.650000e-10	2.054175e-04	9.999917e-01	
96	1.670000e-10	1.996039e-04	9.999905e-01	
97	1.690000e-10	1.404348e-04	9.999849e-01	
98	1.710000e-10	-2.82943e-05	9.999721e-01	
99	1.730000e-10	-3.44339e-04	9.999528e-01	
100	1.750000e-10	-8.67935e-04	9.999249e-01	
101	1.770000e-10	-1.67399e-03	9.998862e-01	
102	1.790000e-10	-2.70320e-03	9.998487e-01	
103	1.810000e-10	-3.81548e-03	9.998248e-01	
104	1.830000e-10	-4.86311e-03	9.998203e-01	
105	1.850000e-10	-5.59603e-03	9.998480e-01	
106	1.870000e-10	-5.37521e-03	9.999502e-01	
107	1.890000e-10	-2.62113e-03	1.000250e+00	
108	1.910000e-10	4.587490e-03	1.000819e+00	
109	1.930000e-10	1.763291e-02	1.001633e+00	
110	1.950000e-10	3.702898e-02	1.002607e+00	
111	1.970000e-10	6.230022e-02	1.003616e+00	
112	1.990000e-10	9.252486e-02	1.004575e+00	

Index   time            v(dout_8)       v(rbl_delay)    
--------------------------------------------------------------------------------
113	2.010000e-10	1.270314e-01	1.005471e+00	
114	2.030000e-10	1.655862e-01	1.006329e+00	
115	2.050000e-10	2.088357e-01	1.007200e+00	
116	2.070000e-10	2.585551e-01	1.008058e+00	
117	2.090000e-10	3.152925e-01	1.008267e+00	
118	2.110000e-10	3.768563e-01	1.006283e+00	
119	2.130000e-10	4.424035e-01	1.000405e+00	
120	2.150000e-10	5.106261e-01	9.889791e-01	
121	2.170000e-10	5.765070e-01	9.682315e-01	
122	2.190000e-10	6.340226e-01	9.359284e-01	
123	2.210000e-10	6.832122e-01	8.931046e-01	
124	2.230000e-10	7.289723e-01	8.422618e-01	
125	2.250000e-10	7.807429e-01	7.854643e-01	
126	2.270000e-10	8.446892e-01	7.244759e-01	
127	2.290000e-10	9.020182e-01	6.620769e-01	
128	2.310000e-10	9.400273e-01	6.014097e-01	
129	2.330000e-10	9.634529e-01	5.463146e-01	
130	2.350000e-10	9.776655e-01	5.024521e-01	
131	2.370000e-10	9.862470e-01	4.709678e-01	
132	2.390000e-10	9.912986e-01	4.466896e-01	
133	2.410000e-10	9.941294e-01	4.229242e-01	
134	2.430000e-10	9.952940e-01	3.886512e-01	
135	2.450000e-10	9.953672e-01	3.384014e-01	
136	2.470000e-10	9.952904e-01	2.827810e-01	
137	2.490000e-10	9.954488e-01	2.308815e-01	
138	2.510000e-10	9.957822e-01	1.849500e-01	
139	2.530000e-10	9.962266e-01	1.459811e-01	
140	2.550000e-10	9.967129e-01	1.138900e-01	
141	2.570000e-10	9.971968e-01	8.805335e-02	
142	2.590000e-10	9.976549e-01	6.758568e-02	
143	2.610000e-10	9.980721e-01	5.157737e-02	
144	2.630000e-10	9.984403e-01	3.918250e-02	
145	2.650000e-10	9.987547e-01	2.966151e-02	
146	2.670000e-10	9.990171e-01	2.239436e-02	
147	2.690000e-10	9.992308e-01	1.687406e-02	
148	2.710000e-10	9.994024e-01	1.269696e-02	
149	2.730000e-10	9.995377e-01	9.544805e-03	
150	2.750000e-10	9.996439e-01	7.171786e-03	
151	2.770000e-10	9.997258e-01	5.387755e-03	
152	2.790000e-10	9.997892e-01	4.048698e-03	
153	2.810000e-10	9.998374e-01	3.044056e-03	
154	2.830000e-10	9.998745e-01	2.291350e-03	
155	2.850000e-10	9.999023e-01	1.727185e-03	
156	2.870000e-10	9.999238e-01	1.305012e-03	
157	2.890000e-10	9.999396e-01	9.886727e-04	
158	2.910000e-10	9.999520e-01	7.522015e-04	
159	2.930000e-10	9.999610e-01	5.749479e-04	
160	2.950000e-10	9.999681e-01	4.426136e-04	
161	2.970000e-10	9.999731e-01	3.433091e-04	
162	2.990000e-10	9.999773e-01	2.693118e-04	
163	3.010000e-10	9.999800e-01	2.136591e-04	
164	3.030000e-10	9.999825e-01	1.723231e-04	
165	3.050000e-10	9.999839e-01	1.411053e-04	
166	3.070000e-10	9.999854e-01	1.180498e-04	
167	3.090000e-10	9.999862e-01	1.005067e-04	
168	3.110000e-10	9.999871e-01	8.768111e-05	
169	3.130000e-10	9.999874e-01	7.778986e-05	
170	3.150000e-10	9.999880e-01	7.068866e-05	

Index   time            v(dout_8)       v(rbl_delay)    
--------------------------------------------------------------------------------
171	3.170000e-10	9.999882e-01	6.507881e-05	
172	3.190000e-10	9.999886e-01	6.118074e-05	
173	3.210000e-10	9.999886e-01	5.796633e-05	
174	3.230000e-10	9.999889e-01	5.586065e-05	
175	3.250000e-10	9.999888e-01	5.398642e-05	
176	3.270000e-10	9.999891e-01	5.288378e-05	
177	3.290000e-10	9.999889e-01	5.175931e-05	
178	3.310000e-10	9.999892e-01	5.121805e-05	
179	3.330000e-10	9.999890e-01	5.051298e-05	
180	3.350000e-10	9.999892e-01	5.028597e-05	
181	3.370000e-10	9.999891e-01	4.981544e-05	
182	3.390000e-10	9.999893e-01	4.976441e-05	
183	3.410000e-10	9.999891e-01	4.942501e-05	
184	3.430000e-10	9.999893e-01	4.947259e-05	
185	3.450000e-10	9.999891e-01	4.920644e-05	
186	3.470000e-10	9.999893e-01	4.930932e-05	
187	3.490000e-10	9.999891e-01	4.908405e-05	
188	3.510000e-10	9.999893e-01	4.921800e-05	
189	3.530000e-10	9.999891e-01	4.901548e-05	
190	3.550000e-10	9.999893e-01	4.916695e-05	
191	3.570000e-10	9.999891e-01	4.897703e-05	
192	3.590000e-10	9.999893e-01	4.913842e-05	
193	3.610000e-10	9.999891e-01	4.895545e-05	
194	3.630000e-10	9.999893e-01	4.912252e-05	
195	3.650000e-10	9.999891e-01	4.894331e-05	
196	3.670000e-10	9.999893e-01	4.911367e-05	
197	3.690000e-10	9.999891e-01	4.893646e-05	
198	3.710000e-10	9.999893e-01	4.910877e-05	
199	3.730000e-10	9.999891e-01	4.893256e-05	
200	3.750000e-10	9.999893e-01	4.910608e-05	
201	3.770000e-10	9.999891e-01	4.893032e-05	
202	3.790000e-10	9.999893e-01	4.910463e-05	
203	3.810000e-10	9.999891e-01	4.892902e-05	
204	3.830000e-10	9.999893e-01	4.910387e-05	
205	3.850000e-10	9.999891e-01	4.892823e-05	
206	3.870000e-10	9.999893e-01	4.910350e-05	
207	3.890000e-10	9.999891e-01	4.892774e-05	
208	3.910000e-10	9.999893e-01	4.910335e-05	
209	3.930000e-10	9.999891e-01	4.892741e-05	
210	3.950000e-10	9.999893e-01	4.910331e-05	
211	3.970000e-10	9.999891e-01	4.892717e-05	
212	3.990000e-10	9.999893e-01	4.910334e-05	
213	4.010000e-10	9.999891e-01	4.892699e-05	
214	4.030000e-10	9.999893e-01	4.910341e-05	
215	4.050000e-10	9.999891e-01	4.892684e-05	
216	4.070000e-10	9.999893e-01	4.910350e-05	
217	4.090000e-10	9.999891e-01	4.892671e-05	
218	4.110000e-10	9.999893e-01	4.910360e-05	
219	4.130000e-10	9.999891e-01	4.892658e-05	
220	4.150000e-10	9.999893e-01	4.910370e-05	
221	4.170000e-10	9.999891e-01	4.892647e-05	
222	4.190000e-10	9.999893e-01	4.910380e-05	
223	4.210000e-10	9.999891e-01	4.892635e-05	
224	4.230000e-10	9.999893e-01	4.910390e-05	
225	4.250000e-10	9.999891e-01	4.892625e-05	
226	4.270000e-10	9.999893e-01	4.910401e-05	
227	4.290000e-10	9.999891e-01	4.892614e-05	
228	4.310000e-10	9.999893e-01	4.910411e-05	

Index   time            v(dout_8)       v(rbl_delay)    
--------------------------------------------------------------------------------
229	4.330000e-10	9.999891e-01	4.892604e-05	
230	4.350000e-10	9.999893e-01	4.910421e-05	
231	4.370000e-10	9.999891e-01	4.892594e-05	
232	4.390000e-10	9.999893e-01	4.910431e-05	
233	4.410000e-10	9.999891e-01	4.892584e-05	
234	4.430000e-10	9.999893e-01	4.910441e-05	
235	4.450000e-10	9.999891e-01	4.892574e-05	
236	4.470000e-10	9.999893e-01	4.910451e-05	
237	4.490000e-10	9.999891e-01	4.892565e-05	
238	4.510000e-10	9.999893e-01	4.910460e-05	
239	4.530000e-10	9.999891e-01	4.892555e-05	
240	4.550000e-10	9.999893e-01	4.910469e-05	
241	4.570000e-10	9.999891e-01	4.892546e-05	
242	4.590000e-10	9.999893e-01	4.910478e-05	
243	4.610000e-10	9.999891e-01	4.892537e-05	
244	4.630000e-10	9.999893e-01	4.910487e-05	
245	4.650000e-10	9.999891e-01	4.892528e-05	
246	4.670000e-10	9.999893e-01	4.910496e-05	
247	4.690000e-10	9.999891e-01	4.892519e-05	
248	4.710000e-10	9.999893e-01	4.910505e-05	
249	4.730000e-10	9.999891e-01	4.892511e-05	
250	4.750000e-10	9.999893e-01	4.910513e-05	
251	4.770000e-10	9.999891e-01	4.892502e-05	
252	4.790000e-10	9.999893e-01	4.910521e-05	
253	4.810000e-10	9.999891e-01	4.892494e-05	
254	4.830000e-10	9.999893e-01	4.910530e-05	
255	4.850000e-10	9.999891e-01	4.892486e-05	
256	4.870000e-10	9.999893e-01	4.910538e-05	
257	4.890000e-10	9.999891e-01	4.892478e-05	
258	4.910000e-10	9.999893e-01	4.910545e-05	
259	4.930000e-10	9.999891e-01	4.892471e-05	
260	4.950000e-10	9.999893e-01	4.910553e-05	
261	4.970000e-10	9.999891e-01	4.892463e-05	
262	4.990000e-10	9.999893e-01	4.910560e-05	
263	5.010000e-10	9.999891e-01	4.892456e-05	
264	5.030000e-10	9.999893e-01	4.910568e-05	
265	5.050000e-10	9.999891e-01	4.892448e-05	
266	5.070000e-10	9.999893e-01	4.910575e-05	
267	5.090000e-10	9.999891e-01	4.892441e-05	
268	5.110000e-10	9.999893e-01	4.910582e-05	
269	5.130000e-10	9.999891e-01	4.892434e-05	
270	5.150000e-10	9.999893e-01	4.910589e-05	
271	5.170000e-10	9.999891e-01	4.892428e-05	
272	5.190000e-10	9.999893e-01	4.910596e-05	
273	5.210000e-10	9.999891e-01	4.892421e-05	
274	5.230000e-10	9.999893e-01	4.910602e-05	
275	5.250000e-10	9.999891e-01	4.892414e-05	
276	5.270000e-10	9.999893e-01	4.910609e-05	
277	5.290000e-10	9.999891e-01	4.892408e-05	
278	5.310000e-10	9.999893e-01	4.910615e-05	
279	5.330000e-10	9.999891e-01	4.892402e-05	
280	5.350000e-10	9.999893e-01	4.910621e-05	
281	5.370000e-10	9.999891e-01	4.892396e-05	
282	5.390000e-10	9.999893e-01	4.910627e-05	
283	5.410000e-10	9.999891e-01	4.892390e-05	
284	5.430000e-10	9.999893e-01	4.910633e-05	
285	5.450000e-10	9.999891e-01	4.892384e-05	
286	5.470000e-10	9.999893e-01	4.910639e-05	

Index   time            v(dout_8)       v(rbl_delay)    
--------------------------------------------------------------------------------
287	5.490000e-10	9.999891e-01	4.892378e-05	
288	5.510000e-10	9.999893e-01	4.910644e-05	
289	5.530000e-10	9.999891e-01	4.892373e-05	
290	5.550000e-10	9.999893e-01	4.910650e-05	
291	5.570000e-10	9.999891e-01	4.892367e-05	
292	5.590000e-10	9.999893e-01	4.910655e-05	
293	5.610000e-10	9.999892e-01	4.892362e-05	
294	5.630000e-10	9.999893e-01	4.910660e-05	
295	5.650000e-10	9.999892e-01	4.892357e-05	
296	5.670000e-10	9.999893e-01	4.910665e-05	
297	5.690000e-10	9.999892e-01	4.892352e-05	
298	5.710000e-10	9.999893e-01	4.910670e-05	
299	5.730000e-10	9.999892e-01	4.892347e-05	
300	5.750000e-10	9.999893e-01	4.910675e-05	
301	5.770000e-10	9.999892e-01	4.892343e-05	
302	5.790000e-10	9.999893e-01	4.910680e-05	
303	5.810000e-10	9.999892e-01	4.892338e-05	
304	5.830000e-10	9.999893e-01	4.910684e-05	
305	5.850000e-10	9.999892e-01	4.892334e-05	
306	5.870000e-10	9.999893e-01	4.910688e-05	
307	5.890000e-10	9.999892e-01	4.892329e-05	
308	5.910000e-10	9.999893e-01	4.910693e-05	
309	5.930000e-10	9.999892e-01	4.892325e-05	
310	5.950000e-10	9.999893e-01	4.910697e-05	
311	5.970000e-10	9.999892e-01	4.892321e-05	
312	5.990000e-10	9.999893e-01	4.910701e-05	
313	6.010000e-10	9.999892e-01	4.892317e-05	
314	6.030000e-10	9.999893e-01	4.910705e-05	
315	6.050000e-10	9.999892e-01	4.892313e-05	
316	6.070000e-10	9.999893e-01	4.910708e-05	
317	6.090000e-10	9.999892e-01	4.892310e-05	
318	6.110000e-10	9.999893e-01	4.910712e-05	
319	6.130000e-10	9.999892e-01	4.892306e-05	
320	6.150000e-10	9.999893e-01	4.910715e-05	
321	6.170000e-10	9.999892e-01	4.892303e-05	
322	6.190000e-10	9.999893e-01	4.910719e-05	
323	6.210000e-10	9.999892e-01	4.892299e-05	
324	6.230000e-10	9.999893e-01	4.910722e-05	
325	6.250000e-10	9.999892e-01	4.892296e-05	
326	6.270000e-10	9.999893e-01	4.910725e-05	
327	6.290000e-10	9.999892e-01	4.892293e-05	
328	6.310000e-10	9.999893e-01	4.910728e-05	
329	6.330000e-10	9.999892e-01	4.892290e-05	
330	6.350000e-10	9.999893e-01	4.910731e-05	
331	6.370000e-10	9.999892e-01	4.892287e-05	
332	6.390000e-10	9.999893e-01	4.910734e-05	
333	6.410000e-10	9.999892e-01	4.892285e-05	
334	6.430000e-10	9.999893e-01	4.910737e-05	
335	6.450000e-10	9.999892e-01	4.892282e-05	
336	6.470000e-10	9.999893e-01	4.910739e-05	
337	6.490000e-10	9.999892e-01	4.892280e-05	
338	6.510000e-10	9.999893e-01	4.910742e-05	
339	6.530000e-10	9.999892e-01	4.892277e-05	
340	6.550000e-10	9.999893e-01	4.910744e-05	
341	6.570000e-10	9.999892e-01	4.892275e-05	
342	6.590000e-10	9.999893e-01	4.910746e-05	
343	6.610000e-10	9.999892e-01	4.892273e-05	
344	6.630000e-10	9.999893e-01	4.910748e-05	

Index   time            v(dout_8)       v(rbl_delay)    
--------------------------------------------------------------------------------
345	6.650000e-10	9.999892e-01	4.892271e-05	
346	6.670000e-10	9.999893e-01	4.910750e-05	
347	6.690000e-10	9.999892e-01	4.892269e-05	
348	6.710000e-10	9.999893e-01	4.910752e-05	
349	6.730000e-10	9.999892e-01	4.892267e-05	
350	6.750000e-10	9.999893e-01	4.910754e-05	
351	6.770000e-10	9.999892e-01	4.892265e-05	
352	6.790000e-10	9.999893e-01	4.910756e-05	
353	6.810000e-10	9.999892e-01	4.892263e-05	
354	6.830000e-10	9.999893e-01	4.910757e-05	
355	6.850000e-10	9.999892e-01	4.892262e-05	
356	6.870000e-10	9.999893e-01	4.910759e-05	
357	6.890000e-10	9.999892e-01	4.892261e-05	
358	6.910000e-10	9.999893e-01	4.910760e-05	
359	6.930000e-10	9.999892e-01	4.892259e-05	
360	6.950000e-10	9.999893e-01	4.910761e-05	
361	6.970000e-10	9.999892e-01	4.892258e-05	
362	6.990000e-10	9.999893e-01	4.910762e-05	
363	7.010000e-10	9.999892e-01	4.892257e-05	
364	7.030000e-10	9.999893e-01	4.910763e-05	
365	7.050000e-10	9.999892e-01	4.892256e-05	
366	7.070000e-10	9.999893e-01	4.910764e-05	
367	7.090000e-10	9.999892e-01	4.892255e-05	
368	7.110000e-10	9.999893e-01	4.910765e-05	
369	7.130000e-10	9.999892e-01	4.892254e-05	
370	7.150000e-10	9.999893e-01	4.910766e-05	
371	7.170000e-10	9.999892e-01	4.892253e-05	
372	7.190000e-10	9.999893e-01	4.910767e-05	
373	7.210000e-10	9.999892e-01	4.892253e-05	
374	7.230000e-10	9.999893e-01	4.910767e-05	
375	7.250000e-10	9.999892e-01	4.892252e-05	
376	7.270000e-10	9.999893e-01	4.910768e-05	
377	7.290000e-10	9.999892e-01	4.892252e-05	
378	7.310000e-10	9.999893e-01	4.910768e-05	
379	7.330000e-10	9.999892e-01	4.892252e-05	
380	7.350000e-10	9.999893e-01	4.910768e-05	
381	7.370000e-10	9.999892e-01	4.892251e-05	
382	7.390000e-10	9.999893e-01	4.910769e-05	
383	7.410000e-10	9.999892e-01	4.892251e-05	
384	7.430000e-10	9.999893e-01	4.910769e-05	
385	7.450000e-10	9.999892e-01	4.892251e-05	
386	7.470000e-10	9.999893e-01	4.910769e-05	
387	7.490000e-10	9.999892e-01	4.892251e-05	
388	7.510000e-10	9.999893e-01	4.910769e-05	
389	7.530000e-10	9.999892e-01	4.892251e-05	
390	7.550000e-10	9.999893e-01	4.910768e-05	
391	7.570000e-10	9.999892e-01	4.892252e-05	
392	7.590000e-10	9.999893e-01	4.910768e-05	
393	7.610000e-10	9.999892e-01	4.892252e-05	
394	7.630000e-10	9.999893e-01	4.910768e-05	
395	7.650000e-10	9.999892e-01	4.892252e-05	
396	7.670000e-10	9.999893e-01	4.910767e-05	
397	7.690000e-10	9.999892e-01	4.892253e-05	
398	7.710000e-10	9.999893e-01	4.910767e-05	
399	7.730000e-10	9.999892e-01	4.892253e-05	
400	7.750000e-10	9.999893e-01	4.910766e-05	
401	7.770000e-10	9.999892e-01	4.892254e-05	
402	7.790000e-10	9.999893e-01	4.910766e-05	

Index   time            v(dout_8)       v(rbl_delay)    
--------------------------------------------------------------------------------
403	7.810000e-10	9.999892e-01	4.892255e-05	
404	7.830000e-10	9.999893e-01	4.910765e-05	
405	7.850000e-10	9.999892e-01	4.892256e-05	
406	7.870000e-10	9.999893e-01	4.910764e-05	
407	7.890000e-10	9.999892e-01	4.892256e-05	
408	7.910000e-10	9.999893e-01	4.910763e-05	
409	7.930000e-10	9.999892e-01	4.892257e-05	
410	7.950000e-10	9.999893e-01	4.910762e-05	
411	7.970000e-10	9.999892e-01	4.892258e-05	
412	7.990000e-10	9.999893e-01	4.910761e-05	
413	8.010000e-10	9.999892e-01	4.892260e-05	
414	8.030000e-10	9.999893e-01	4.910760e-05	
415	8.050000e-10	9.999892e-01	4.892261e-05	
416	8.070000e-10	9.999893e-01	4.910758e-05	
417	8.090000e-10	9.999892e-01	4.892262e-05	
418	8.110000e-10	9.999893e-01	4.910757e-05	
419	8.130000e-10	9.999892e-01	4.892264e-05	
420	8.150000e-10	9.999893e-01	4.910756e-05	
421	8.170000e-10	9.999892e-01	4.892265e-05	
422	8.190000e-10	9.999893e-01	4.910754e-05	
423	8.210000e-10	9.999892e-01	4.892267e-05	
424	8.230000e-10	9.999893e-01	4.910753e-05	
425	8.250000e-10	9.999892e-01	4.892268e-05	
426	8.270000e-10	9.999893e-01	4.910751e-05	
427	8.290000e-10	9.999892e-01	4.892270e-05	
428	8.310000e-10	9.999893e-01	4.910749e-05	
429	8.330000e-10	9.999892e-01	4.892272e-05	
430	8.350000e-10	9.999893e-01	4.910747e-05	
431	8.370000e-10	9.999892e-01	4.892274e-05	
432	8.390000e-10	9.999893e-01	4.910745e-05	
433	8.410000e-10	9.999892e-01	4.892275e-05	
434	8.430000e-10	9.999893e-01	4.910743e-05	
435	8.450000e-10	9.999892e-01	4.892277e-05	
436	8.470000e-10	9.999893e-01	4.910741e-05	
437	8.490000e-10	9.999892e-01	4.892279e-05	
438	8.510000e-10	9.999893e-01	4.910739e-05	
439	8.530000e-10	9.999892e-01	4.892282e-05	
440	8.550000e-10	9.999893e-01	4.910737e-05	
441	8.570000e-10	9.999892e-01	4.892284e-05	
442	8.590000e-10	9.999893e-01	4.910735e-05	
443	8.610000e-10	9.999892e-01	4.892286e-05	
444	8.630000e-10	9.999893e-01	4.910733e-05	
445	8.650000e-10	9.999892e-01	4.892289e-05	
446	8.670000e-10	9.999893e-01	4.910730e-05	
447	8.690000e-10	9.999892e-01	4.892291e-05	
448	8.710000e-10	9.999893e-01	4.910728e-05	
449	8.730000e-10	9.999892e-01	4.892293e-05	
450	8.750000e-10	9.999893e-01	4.910725e-05	
451	8.770000e-10	9.999892e-01	4.892296e-05	
452	8.790000e-10	9.999893e-01	4.910723e-05	
453	8.810000e-10	9.999892e-01	4.892299e-05	
454	8.830000e-10	9.999893e-01	4.910720e-05	
455	8.850000e-10	9.999892e-01	4.892301e-05	
456	8.870000e-10	9.999893e-01	4.910717e-05	
457	8.890000e-10	9.999892e-01	4.892304e-05	
458	8.910000e-10	9.999893e-01	4.910714e-05	
459	8.930000e-10	9.999892e-01	4.892307e-05	
460	8.950000e-10	9.999893e-01	4.910712e-05	

Index   time            v(dout_8)       v(rbl_delay)    
--------------------------------------------------------------------------------
461	8.970000e-10	9.999892e-01	4.892310e-05	
462	8.990000e-10	9.999893e-01	4.910709e-05	
463	9.010000e-10	9.999892e-01	4.892313e-05	
464	9.030000e-10	9.999893e-01	4.910706e-05	
465	9.050000e-10	9.999892e-01	4.892316e-05	
466	9.070000e-10	9.999893e-01	4.910703e-05	
467	9.090000e-10	9.999892e-01	4.892319e-05	
468	9.110000e-10	9.999893e-01	4.910700e-05	
469	9.130000e-10	9.999892e-01	4.892322e-05	
470	9.150000e-10	9.999893e-01	4.910696e-05	
471	9.170000e-10	9.999892e-01	4.892325e-05	
472	9.190000e-10	9.999893e-01	4.910693e-05	
473	9.210000e-10	9.999892e-01	4.892328e-05	
474	9.230000e-10	9.999893e-01	4.910690e-05	
475	9.250000e-10	9.999892e-01	4.892332e-05	
476	9.270000e-10	9.999893e-01	4.910686e-05	
477	9.290000e-10	9.999892e-01	4.892335e-05	
478	9.310000e-10	9.999893e-01	4.910683e-05	
479	9.330000e-10	9.999892e-01	4.892339e-05	
480	9.350000e-10	9.999893e-01	4.910680e-05	
481	9.370000e-10	9.999892e-01	4.892342e-05	
482	9.390000e-10	9.999893e-01	4.910676e-05	
483	9.410000e-10	9.999892e-01	4.892346e-05	
484	9.430000e-10	9.999893e-01	4.910672e-05	
485	9.450000e-10	9.999892e-01	4.892349e-05	
486	9.470000e-10	9.999893e-01	4.910669e-05	
487	9.490000e-10	9.999892e-01	4.892353e-05	
488	9.510000e-10	9.999893e-01	4.910665e-05	
489	9.530000e-10	9.999892e-01	4.892357e-05	
490	9.550000e-10	9.999893e-01	4.910661e-05	
491	9.570000e-10	9.999892e-01	4.892360e-05	
492	9.590000e-10	9.999893e-01	4.910658e-05	
493	9.610000e-10	9.999892e-01	4.892364e-05	
494	9.630000e-10	9.999893e-01	4.910654e-05	
495	9.650000e-10	9.999892e-01	4.892368e-05	
496	9.670000e-10	9.999893e-01	4.910650e-05	
497	9.690000e-10	9.999892e-01	4.892372e-05	
498	9.710000e-10	9.999893e-01	4.910646e-05	
499	9.730000e-10	9.999892e-01	4.892376e-05	
500	9.750000e-10	9.999893e-01	4.910642e-05	
501	9.770000e-10	9.999892e-01	4.892380e-05	
502	9.790000e-10	9.999893e-01	4.910638e-05	
503	9.810000e-10	9.999892e-01	4.892384e-05	
504	9.830000e-10	9.999893e-01	4.910634e-05	
505	9.850000e-10	9.999892e-01	4.892389e-05	
506	9.870000e-10	9.999893e-01	4.910629e-05	
507	9.890000e-10	9.999892e-01	4.892393e-05	
508	9.910000e-10	9.999893e-01	4.910625e-05	
509	9.930000e-10	9.999892e-01	4.892397e-05	
510	9.950000e-10	9.999892e-01	4.910621e-05	
511	9.970000e-10	9.999892e-01	4.892401e-05	
512	9.990000e-10	9.999892e-01	4.910616e-05	
513	1.001000e-09	9.999892e-01	4.892406e-05	
514	1.003000e-09	9.999892e-01	4.910612e-05	
515	1.005000e-09	9.999892e-01	4.892410e-05	
516	1.007000e-09	9.999892e-01	4.910608e-05	
517	1.009000e-09	9.999892e-01	4.892415e-05	
518	1.011000e-09	9.999892e-01	4.910603e-05	

Index   time            v(dout_8)       v(rbl_delay)    
--------------------------------------------------------------------------------
519	1.013000e-09	9.999892e-01	4.892419e-05	
520	1.015000e-09	9.999892e-01	4.910599e-05	
521	1.017000e-09	9.999892e-01	4.892424e-05	
522	1.019000e-09	9.999892e-01	4.910594e-05	
523	1.021000e-09	9.999892e-01	4.892428e-05	
524	1.023000e-09	9.999892e-01	4.910589e-05	
525	1.025000e-09	9.999892e-01	4.892433e-05	
526	1.027000e-09	9.999892e-01	4.910585e-05	
527	1.029000e-09	9.999892e-01	4.892438e-05	
528	1.031000e-09	9.999892e-01	4.910580e-05	
529	1.033000e-09	9.999892e-01	4.892442e-05	
530	1.035000e-09	9.999892e-01	4.910575e-05	
531	1.037000e-09	9.999892e-01	4.892447e-05	
532	1.039000e-09	9.999892e-01	4.910570e-05	
533	1.041000e-09	9.999892e-01	4.892452e-05	
534	1.043000e-09	9.999892e-01	4.910565e-05	
535	1.045000e-09	9.999892e-01	4.892457e-05	
536	1.047000e-09	9.999892e-01	4.910560e-05	
537	1.049000e-09	9.999892e-01	4.892462e-05	
538	1.051000e-09	9.999892e-01	4.910556e-05	
539	1.053000e-09	9.999892e-01	4.892467e-05	
540	1.055000e-09	9.999892e-01	4.910551e-05	
541	1.057000e-09	9.999892e-01	4.892472e-05	
542	1.059000e-09	9.999892e-01	4.910545e-05	
543	1.061000e-09	9.999892e-01	4.892477e-05	
544	1.063000e-09	9.999892e-01	4.910540e-05	
545	1.065000e-09	9.999892e-01	4.892482e-05	
546	1.067000e-09	9.999892e-01	4.910535e-05	
547	1.069000e-09	9.999892e-01	4.892487e-05	
548	1.071000e-09	9.999892e-01	4.910530e-05	
549	1.073000e-09	9.999892e-01	4.892492e-05	
550	1.075000e-09	9.999892e-01	4.910525e-05	
551	1.077000e-09	9.999892e-01	4.892498e-05	
552	1.079000e-09	9.999892e-01	4.910520e-05	
553	1.081000e-09	9.999892e-01	4.892503e-05	
554	1.083000e-09	9.999892e-01	4.910514e-05	
555	1.085000e-09	9.999892e-01	4.892508e-05	
556	1.087000e-09	9.999892e-01	4.910509e-05	
557	1.089000e-09	9.999892e-01	4.892514e-05	
558	1.091000e-09	9.999892e-01	4.910504e-05	
559	1.093000e-09	9.999892e-01	4.892519e-05	
560	1.095000e-09	9.999892e-01	4.910498e-05	
561	1.097000e-09	9.999892e-01	4.892525e-05	
562	1.099000e-09	9.999892e-01	4.910493e-05	
563	1.101000e-09	9.999892e-01	4.892530e-05	
564	1.103000e-09	9.999892e-01	4.910487e-05	
565	1.105000e-09	9.999892e-01	4.892536e-05	
566	1.107000e-09	9.999892e-01	4.910482e-05	
567	1.109000e-09	9.999892e-01	4.892541e-05	
568	1.111000e-09	9.999892e-01	4.910476e-05	
569	1.113000e-09	9.999892e-01	4.892547e-05	
570	1.115000e-09	9.999892e-01	4.910470e-05	
571	1.117000e-09	9.999892e-01	4.892552e-05	
572	1.119000e-09	9.999892e-01	4.910465e-05	
573	1.121000e-09	9.999892e-01	4.892558e-05	
574	1.123000e-09	9.999892e-01	4.910459e-05	
575	1.125000e-09	9.999892e-01	4.892564e-05	
576	1.127000e-09	9.999892e-01	4.910453e-05	

Index   time            v(dout_8)       v(rbl_delay)    
--------------------------------------------------------------------------------
577	1.129000e-09	9.999892e-01	4.892569e-05	
578	1.131000e-09	9.999892e-01	4.910448e-05	
579	1.133000e-09	9.999892e-01	4.892575e-05	
580	1.135000e-09	9.999892e-01	4.910442e-05	
581	1.137000e-09	9.999892e-01	4.892581e-05	
582	1.139000e-09	9.999892e-01	4.910436e-05	
583	1.141000e-09	9.999892e-01	4.892587e-05	
584	1.143000e-09	9.999892e-01	4.910430e-05	
585	1.145000e-09	9.999892e-01	4.892593e-05	
586	1.147000e-09	9.999892e-01	4.910424e-05	
587	1.149000e-09	9.999892e-01	4.892599e-05	
588	1.151000e-09	9.999892e-01	4.910418e-05	
589	1.153000e-09	9.999892e-01	4.892605e-05	
590	1.155000e-09	9.999892e-01	4.910412e-05	
591	1.157000e-09	9.999892e-01	4.892611e-05	
592	1.159000e-09	9.999892e-01	4.910406e-05	
593	1.161000e-09	9.999892e-01	4.892617e-05	
594	1.163000e-09	9.999892e-01	4.910400e-05	
595	1.165000e-09	9.999892e-01	4.892623e-05	
596	1.167000e-09	9.999892e-01	4.910394e-05	
597	1.169000e-09	9.999892e-01	4.892629e-05	
598	1.171000e-09	9.999892e-01	4.910388e-05	
599	1.173000e-09	9.999892e-01	4.892635e-05	
600	1.175000e-09	9.999892e-01	4.910382e-05	
601	1.177000e-09	9.999892e-01	4.892641e-05	
602	1.179000e-09	9.999892e-01	4.910376e-05	
603	1.181000e-09	9.999892e-01	4.892647e-05	
604	1.183000e-09	9.999892e-01	4.910370e-05	
605	1.185000e-09	9.999892e-01	4.892653e-05	
606	1.187000e-09	9.999892e-01	4.910363e-05	
607	1.189000e-09	9.999892e-01	4.892660e-05	
608	1.191000e-09	9.999892e-01	4.910357e-05	
609	1.193000e-09	9.999892e-01	4.892666e-05	
610	1.195000e-09	9.999892e-01	4.910351e-05	
611	1.197000e-09	9.999892e-01	4.892672e-05	
612	1.199000e-09	9.999892e-01	4.910345e-05	
613	1.201000e-09	9.999892e-01	4.892679e-05	
614	1.203000e-09	9.999892e-01	4.910338e-05	
615	1.205000e-09	9.999892e-01	4.892685e-05	
616	1.207000e-09	9.999892e-01	4.910332e-05	
617	1.209000e-09	9.999892e-01	4.892691e-05	
618	1.211000e-09	9.999892e-01	4.910325e-05	
619	1.213000e-09	9.999892e-01	4.892698e-05	
620	1.215000e-09	9.999892e-01	4.910319e-05	
621	1.217000e-09	9.999892e-01	4.892704e-05	
622	1.219000e-09	9.999892e-01	4.910313e-05	
623	1.221000e-09	9.999892e-01	4.892711e-05	
624	1.223000e-09	9.999892e-01	4.910306e-05	
625	1.225000e-09	9.999892e-01	4.892717e-05	
626	1.227000e-09	9.999892e-01	4.910300e-05	
627	1.229000e-09	9.999892e-01	4.892724e-05	
628	1.231000e-09	9.999892e-01	4.910293e-05	
629	1.233000e-09	9.999892e-01	4.892730e-05	
630	1.235000e-09	9.999892e-01	4.910286e-05	
631	1.237000e-09	9.999892e-01	4.892737e-05	
632	1.239000e-09	9.999892e-01	4.910280e-05	
633	1.241000e-09	9.999892e-01	4.892743e-05	
634	1.243000e-09	9.999892e-01	4.910273e-05	

Index   time            v(dout_8)       v(rbl_delay)    
--------------------------------------------------------------------------------
635	1.245000e-09	9.999892e-01	4.892750e-05	
636	1.247000e-09	9.999892e-01	4.910267e-05	
637	1.249000e-09	9.999892e-01	4.892757e-05	
638	1.251000e-09	9.999892e-01	4.910260e-05	
639	1.253000e-09	9.999892e-01	4.892763e-05	
640	1.255000e-09	9.999892e-01	4.910253e-05	
641	1.257000e-09	9.999892e-01	4.892770e-05	
642	1.259000e-09	9.999892e-01	4.910246e-05	
643	1.261000e-09	9.999892e-01	4.892777e-05	
644	1.263000e-09	9.999892e-01	4.910240e-05	
645	1.265000e-09	9.999892e-01	4.892784e-05	
646	1.267000e-09	9.999892e-01	4.910233e-05	
647	1.269000e-09	9.999892e-01	4.892790e-05	
648	1.271000e-09	9.999892e-01	4.910226e-05	
649	1.273000e-09	9.999892e-01	4.892797e-05	
650	1.275000e-09	9.999892e-01	4.910219e-05	
651	1.277000e-09	9.999892e-01	4.892804e-05	
652	1.279000e-09	9.999892e-01	4.910212e-05	
653	1.281000e-09	9.999892e-01	4.892811e-05	
654	1.283000e-09	9.999892e-01	4.910206e-05	
655	1.285000e-09	9.999892e-01	4.892818e-05	
656	1.287000e-09	9.999892e-01	4.910199e-05	
657	1.289000e-09	9.999892e-01	4.892825e-05	
658	1.291000e-09	9.999892e-01	4.910192e-05	
659	1.293000e-09	9.999892e-01	4.892832e-05	
660	1.295000e-09	9.999892e-01	4.910185e-05	
661	1.297000e-09	9.999892e-01	4.892839e-05	
662	1.299000e-09	9.999892e-01	4.910178e-05	
663	1.301000e-09	9.999892e-01	4.892846e-05	
664	1.303000e-09	9.999892e-01	4.910171e-05	
665	1.305000e-09	9.999892e-01	4.892853e-05	
666	1.307000e-09	9.999892e-01	4.910164e-05	
667	1.309000e-09	9.999892e-01	4.892860e-05	
668	1.311000e-09	9.999892e-01	4.910157e-05	
669	1.313000e-09	9.999892e-01	4.892867e-05	
670	1.315000e-09	9.999892e-01	4.910150e-05	
671	1.317000e-09	9.999892e-01	4.892874e-05	
672	1.319000e-09	9.999892e-01	4.910143e-05	
673	1.321000e-09	9.999892e-01	4.892881e-05	
674	1.323000e-09	9.999892e-01	4.910136e-05	
675	1.325000e-09	9.999892e-01	4.892888e-05	
676	1.327000e-09	9.999892e-01	4.910129e-05	
677	1.329000e-09	9.999892e-01	4.892895e-05	
678	1.331000e-09	9.999892e-01	4.910121e-05	
679	1.333000e-09	9.999892e-01	4.892902e-05	
680	1.335000e-09	9.999892e-01	4.910114e-05	
681	1.337000e-09	9.999892e-01	4.892909e-05	
682	1.339000e-09	9.999892e-01	4.910107e-05	
683	1.341000e-09	9.999892e-01	4.892916e-05	
684	1.343000e-09	9.999892e-01	4.910100e-05	
685	1.345000e-09	9.999892e-01	4.892924e-05	
686	1.347000e-09	9.999892e-01	4.910093e-05	
687	1.349000e-09	9.999892e-01	4.892931e-05	
688	1.351000e-09	9.999892e-01	4.910086e-05	
689	1.353000e-09	9.999892e-01	4.892938e-05	
690	1.355000e-09	9.999892e-01	4.910078e-05	
691	1.357000e-09	9.999892e-01	4.892945e-05	
692	1.359000e-09	9.999892e-01	4.910071e-05	

Index   time            v(dout_8)       v(rbl_delay)    
--------------------------------------------------------------------------------
693	1.361000e-09	9.999892e-01	4.892953e-05	
694	1.363000e-09	9.999892e-01	4.910064e-05	
695	1.365000e-09	9.999892e-01	4.892960e-05	
696	1.367000e-09	9.999892e-01	4.910057e-05	
697	1.369000e-09	9.999892e-01	4.892967e-05	
698	1.371000e-09	9.999892e-01	4.910049e-05	
699	1.373000e-09	9.999892e-01	4.892974e-05	
700	1.375000e-09	9.999892e-01	4.910042e-05	
701	1.377000e-09	9.999892e-01	4.892982e-05	
702	1.379000e-09	9.999892e-01	4.910035e-05	
703	1.381000e-09	9.999892e-01	4.892989e-05	
704	1.383000e-09	9.999892e-01	4.910027e-05	
705	1.385000e-09	9.999892e-01	4.892997e-05	
706	1.387000e-09	9.999892e-01	4.910020e-05	
707	1.389000e-09	9.999892e-01	4.893004e-05	
708	1.391000e-09	9.999892e-01	4.910012e-05	
709	1.393000e-09	9.999892e-01	4.893011e-05	
710	1.395000e-09	9.999892e-01	4.910005e-05	
711	1.397000e-09	9.999892e-01	4.893019e-05	
712	1.399000e-09	9.999892e-01	4.909998e-05	
713	1.401000e-09	9.999892e-01	4.893026e-05	
714	1.403000e-09	9.999892e-01	4.909990e-05	
715	1.405000e-09	9.999892e-01	4.893034e-05	
716	1.407000e-09	9.999892e-01	4.909983e-05	
717	1.409000e-09	9.999892e-01	4.893041e-05	
718	1.411000e-09	9.999892e-01	4.909975e-05	
719	1.413000e-09	9.999892e-01	4.893049e-05	
720	1.415000e-09	9.999892e-01	4.909968e-05	
721	1.417000e-09	9.999892e-01	4.893056e-05	
722	1.419000e-09	9.999892e-01	4.909960e-05	
723	1.421000e-09	9.999892e-01	4.893064e-05	
724	1.423000e-09	9.999892e-01	4.909953e-05	
725	1.425000e-09	9.999892e-01	4.893071e-05	
726	1.427000e-09	9.999892e-01	4.909945e-05	
727	1.429000e-09	9.999892e-01	4.893079e-05	
728	1.431000e-09	9.999892e-01	4.909938e-05	
729	1.433000e-09	9.999892e-01	4.893086e-05	
730	1.435000e-09	9.999892e-01	4.909930e-05	
731	1.437000e-09	9.999892e-01	4.893094e-05	
732	1.439000e-09	9.999892e-01	4.909923e-05	
733	1.441000e-09	9.999892e-01	4.893101e-05	
734	1.443000e-09	9.999892e-01	4.909915e-05	
735	1.445000e-09	9.999892e-01	4.893109e-05	
736	1.447000e-09	9.999892e-01	4.909907e-05	
737	1.449000e-09	9.999892e-01	4.893117e-05	
738	1.451000e-09	9.999892e-01	4.909900e-05	
739	1.453000e-09	9.999892e-01	4.893124e-05	
740	1.455000e-09	9.999892e-01	4.909892e-05	
741	1.457000e-09	9.999892e-01	4.893132e-05	
742	1.459000e-09	9.999892e-01	4.909884e-05	
743	1.461000e-09	9.999892e-01	4.893139e-05	
744	1.463000e-09	9.999892e-01	4.909877e-05	
745	1.465000e-09	9.999892e-01	4.893147e-05	
746	1.467000e-09	9.999892e-01	4.909869e-05	
747	1.469000e-09	9.999892e-01	4.893155e-05	
748	1.471000e-09	9.999892e-01	4.909861e-05	
749	1.473000e-09	9.999892e-01	4.893162e-05	
750	1.475000e-09	9.999892e-01	4.909854e-05	

Index   time            v(dout_8)       v(rbl_delay)    
--------------------------------------------------------------------------------
751	1.477000e-09	9.999892e-01	4.893170e-05	
752	1.479000e-09	9.999892e-01	4.909846e-05	
753	1.481000e-09	9.999892e-01	4.893178e-05	
754	1.483000e-09	9.999892e-01	4.909838e-05	
755	1.485000e-09	9.999892e-01	4.893186e-05	
756	1.487000e-09	9.999892e-01	4.909831e-05	
757	1.489000e-09	9.999892e-01	4.893193e-05	
758	1.491000e-09	9.999892e-01	4.909823e-05	
759	1.493000e-09	9.999892e-01	4.893201e-05	
760	1.495000e-09	9.999892e-01	4.909815e-05	
761	1.497000e-09	9.999892e-01	4.893209e-05	
762	1.499000e-09	9.999892e-01	4.909807e-05	
763	1.501000e-09	9.999892e-01	4.893216e-05	
764	1.503000e-09	9.999892e-01	4.909800e-05	
765	1.505000e-09	9.999892e-01	4.893224e-05	
766	1.507000e-09	9.999892e-01	4.909792e-05	
767	1.509000e-09	9.999892e-01	4.893232e-05	
768	1.511000e-09	9.999892e-01	4.909784e-05	
769	1.513000e-09	9.999892e-01	4.893240e-05	
770	1.515000e-09	9.999892e-01	4.909776e-05	
771	1.517000e-09	9.999892e-01	4.893248e-05	
772	1.519000e-09	9.999892e-01	4.909769e-05	
773	1.521000e-09	9.999892e-01	4.893255e-05	
774	1.523000e-09	9.999892e-01	4.909761e-05	
775	1.525000e-09	9.999892e-01	4.893263e-05	
776	1.527000e-09	9.999892e-01	4.909753e-05	
777	1.529000e-09	9.999892e-01	4.893271e-05	
778	1.531000e-09	9.999892e-01	4.909745e-05	
779	1.533000e-09	9.999892e-01	4.893279e-05	
780	1.535000e-09	9.999892e-01	4.909737e-05	
781	1.537000e-09	9.999892e-01	4.893287e-05	
782	1.539000e-09	9.999892e-01	4.909729e-05	
783	1.541000e-09	9.999892e-01	4.893295e-05	
784	1.543000e-09	9.999892e-01	4.909722e-05	
785	1.545000e-09	9.999892e-01	4.893302e-05	
786	1.547000e-09	9.999892e-01	4.909714e-05	
787	1.549000e-09	9.999892e-01	4.893310e-05	
788	1.551000e-09	9.999892e-01	4.909706e-05	
789	1.553000e-09	9.999892e-01	4.893318e-05	
790	1.555000e-09	9.999892e-01	4.909698e-05	
791	1.557000e-09	9.999892e-01	4.893326e-05	
792	1.559000e-09	9.999892e-01	4.909690e-05	
793	1.560000e-09	9.999892e-01	4.893338e-05	
794	1.560200e-09	9.999892e-01	4.901500e-05	
795	1.560600e-09	9.999892e-01	4.901520e-05	
796	1.561400e-09	9.999892e-01	4.901500e-05	
797	1.563000e-09	9.999892e-01	4.901520e-05	
798	1.565000e-09	9.999892e-01	4.901501e-05	
799	1.567000e-09	9.999892e-01	4.901520e-05	
800	1.569000e-09	9.999892e-01	4.901500e-05	
801	1.570000e-09	9.999892e-01	4.901520e-05	
802	1.570200e-09	9.999892e-01	4.901510e-05	
803	1.570600e-09	9.999892e-01	4.901510e-05	
804	1.571400e-09	9.999892e-01	4.901509e-05	
805	1.573000e-09	9.999892e-01	4.901508e-05	
806	1.575000e-09	9.999892e-01	4.901509e-05	
807	1.577000e-09	9.999892e-01	4.901510e-05	
808	1.579000e-09	9.999892e-01	4.901511e-05	

Index   time            v(dout_8)       v(rbl_delay)    
--------------------------------------------------------------------------------
809	1.581000e-09	9.999892e-01	4.901513e-05	
810	1.583000e-09	9.999892e-01	4.901514e-05	
811	1.585000e-09	9.999892e-01	4.901514e-05	
812	1.587000e-09	9.999892e-01	4.901514e-05	
813	1.589000e-09	9.999892e-01	4.901519e-05	
814	1.591000e-09	9.999892e-01	4.901527e-05	
815	1.593000e-09	9.999892e-01	4.901523e-05	
816	1.595000e-09	9.999892e-01	4.901511e-05	
817	1.597000e-09	9.999892e-01	4.901495e-05	
818	1.599000e-09	9.999892e-01	4.901483e-05	
819	1.601000e-09	9.999892e-01	4.901482e-05	
820	1.603000e-09	9.999892e-01	4.901489e-05	
821	1.605000e-09	9.999892e-01	4.901502e-05	
822	1.607000e-09	9.999892e-01	4.901513e-05	
823	1.609000e-09	9.999892e-01	4.901492e-05	
824	1.611000e-09	9.999892e-01	4.901405e-05	
825	1.613000e-09	9.999892e-01	4.901291e-05	
826	1.615000e-09	9.999891e-01	4.901216e-05	
827	1.617000e-09	9.999891e-01	4.901117e-05	
828	1.619000e-09	9.999891e-01	4.901053e-05	
829	1.621000e-09	9.999891e-01	4.901257e-05	
830	1.623000e-09	9.999892e-01	4.901662e-05	
831	1.625000e-09	9.999893e-01	4.902124e-05	
832	1.627000e-09	9.999894e-01	4.902758e-05	
833	1.629000e-09	9.999897e-01	4.904173e-05	
834	1.631000e-09	9.999905e-01	4.907609e-05	
835	1.633000e-09	9.999916e-01	4.911327e-05	
836	1.635000e-09	9.999925e-01	4.913436e-05	
837	1.637000e-09	9.999930e-01	4.912701e-05	
838	1.639000e-09	9.999929e-01	4.908977e-05	
839	1.641000e-09	9.999923e-01	4.903968e-05	
840	1.643000e-09	9.999916e-01	4.899640e-05	
841	1.645000e-09	9.999909e-01	4.896914e-05	
842	1.647000e-09	9.999906e-01	4.896249e-05	
843	1.649000e-09	9.999900e-01	4.894961e-05	
844	1.651000e-09	9.999870e-01	4.880405e-05	
845	1.653000e-09	9.999780e-01	4.839139e-05	
846	1.655000e-09	9.999623e-01	4.775068e-05	
847	1.657000e-09	9.999402e-01	4.695938e-05	
848	1.659000e-09	9.999068e-01	4.579439e-05	
849	1.661000e-09	9.998687e-01	4.472695e-05	
850	1.663000e-09	9.998381e-01	4.434725e-05	
851	1.665000e-09	9.998232e-01	4.486400e-05	
852	1.667000e-09	9.998319e-01	4.644841e-05	
853	1.669000e-09	9.998872e-01	5.002792e-05	
854	1.671000e-09	1.000071e+00	5.935121e-05	
855	1.673000e-09	1.000494e+00	7.851990e-05	
856	1.675000e-09	1.001166e+00	1.051263e-04	
857	1.677000e-09	1.002040e+00	1.346682e-04	
858	1.679000e-09	1.003015e+00	1.610672e-04	
859	1.681000e-09	1.003982e+00	1.801182e-04	
860	1.683000e-09	1.004897e+00	1.914804e-04	
861	1.685000e-09	1.005765e+00	1.975988e-04	
862	1.687000e-09	1.006622e+00	2.016555e-04	
863	1.689000e-09	1.007501e+00	2.057665e-04	
864	1.691000e-09	1.008123e+00	1.948464e-04	
865	1.693000e-09	1.007425e+00	1.171779e-04	
866	1.695000e-09	1.003826e+00	-9.16045e-05	

Index   time            v(dout_8)       v(rbl_delay)    
--------------------------------------------------------------------------------
867	1.697000e-09	9.959466e-01	-4.69042e-04	
868	1.699000e-09	9.815246e-01	-1.08751e-03	
869	1.701000e-09	9.578712e-01	-2.02278e-03	
870	1.703000e-09	9.248989e-01	-3.18625e-03	
871	1.705000e-09	8.844404e-01	-4.40777e-03	
872	1.707000e-09	8.381189e-01	-5.51740e-03	
873	1.709000e-09	7.868456e-01	-6.21112e-03	
874	1.711000e-09	7.308073e-01	-5.68085e-03	
875	1.713000e-09	6.736710e-01	-2.03398e-03	
876	1.715000e-09	6.192495e-01	6.894133e-03	
877	1.717000e-09	5.689902e-01	2.266734e-02	
878	1.719000e-09	5.262553e-01	4.586641e-02	
879	1.721000e-09	4.932321e-01	7.599069e-02	
880	1.723000e-09	4.680294e-01	1.121019e-01	
881	1.725000e-09	4.466579e-01	1.533861e-01	
882	1.727000e-09	4.244973e-01	1.994016e-01	
883	1.729000e-09	3.930635e-01	2.507540e-01	
884	1.731000e-09	3.507909e-01	3.090259e-01	
885	1.733000e-09	3.062657e-01	3.737304e-01	
886	1.735000e-09	2.641159e-01	4.439120e-01	
887	1.737000e-09	2.255076e-01	5.180650e-01	
888	1.739000e-09	1.908280e-01	5.887778e-01	
889	1.741000e-09	1.600249e-01	6.489512e-01	
890	1.743000e-09	1.332301e-01	7.006808e-01	
891	1.745000e-09	1.105414e-01	7.504033e-01	
892	1.747000e-09	9.230744e-02	8.128350e-01	
893	1.749000e-09	7.789835e-02	8.845877e-01	
894	1.751000e-09	6.540857e-02	9.370872e-01	
895	1.753000e-09	5.408866e-02	9.667345e-01	
896	1.755000e-09	4.412196e-02	9.825486e-01	
897	1.757000e-09	3.561828e-02	9.907095e-01	
898	1.759000e-09	2.854388e-02	9.948876e-01	
899	1.761000e-09	2.276086e-02	9.970426e-01	
900	1.763000e-09	1.808841e-02	9.981742e-01	
901	1.765000e-09	1.434360e-02	9.987981e-01	
902	1.767000e-09	1.135713e-02	9.991628e-01	
903	1.769000e-09	8.984621e-03	9.993906e-01	
904	1.771000e-09	7.103743e-03	9.995420e-01	
905	1.773000e-09	5.615940e-03	9.996484e-01	
906	1.775000e-09	4.439799e-03	9.997261e-01	
907	1.777000e-09	3.511612e-03	9.997846e-01	
908	1.779000e-09	2.778870e-03	9.998293e-01	
909	1.781000e-09	2.201439e-03	9.998641e-01	
910	1.783000e-09	1.745849e-03	9.998911e-01	
911	1.785000e-09	1.387221e-03	9.999124e-01	
912	1.787000e-09	1.104259e-03	9.999289e-01	
913	1.789000e-09	8.817602e-04	9.999421e-01	
914	1.791000e-09	7.061090e-04	9.999524e-01	
915	1.793000e-09	5.681749e-04	9.999605e-01	
916	1.795000e-09	4.591524e-04	9.999669e-01	
917	1.797000e-09	3.737032e-04	9.999720e-01	
918	1.799000e-09	3.060214e-04	9.999758e-01	
919	1.801000e-09	2.531289e-04	9.999790e-01	
920	1.803000e-09	2.110867e-04	9.999814e-01	
921	1.805000e-09	1.783825e-04	9.999834e-01	
922	1.807000e-09	1.522380e-04	9.999849e-01	
923	1.809000e-09	1.320497e-04	9.999861e-01	
924	1.811000e-09	1.157611e-04	9.999870e-01	

Index   time            v(dout_8)       v(rbl_delay)    
--------------------------------------------------------------------------------
925	1.813000e-09	1.033311e-04	9.999878e-01	
926	1.815000e-09	9.315215e-05	9.999883e-01	
927	1.817000e-09	8.553088e-05	9.999889e-01	
928	1.819000e-09	7.913921e-05	9.999892e-01	
929	1.821000e-09	7.449817e-05	9.999895e-01	
930	1.823000e-09	7.045423e-05	9.999897e-01	
931	1.825000e-09	6.766005e-05	9.999899e-01	
932	1.827000e-09	6.507154e-05	9.999900e-01	
933	1.829000e-09	6.342172e-05	9.999902e-01	
934	1.831000e-09	6.173558e-05	9.999902e-01	
935	1.833000e-09	6.079472e-05	9.999903e-01	
936	1.835000e-09	5.966815e-05	9.999903e-01	
937	1.837000e-09	5.916639e-05	9.999904e-01	
938	1.839000e-09	5.838695e-05	9.999904e-01	
939	1.841000e-09	5.815702e-05	9.999905e-01	
940	1.843000e-09	5.759304e-05	9.999904e-01	
941	1.845000e-09	5.753128e-05	9.999905e-01	
942	1.847000e-09	5.710113e-05	9.999905e-01	
943	1.849000e-09	5.714331e-05	9.999905e-01	
944	1.851000e-09	5.679641e-05	9.999905e-01	
945	1.853000e-09	5.690270e-05	9.999906e-01	
946	1.855000e-09	5.660770e-05	9.999905e-01	
947	1.857000e-09	5.675341e-05	9.999906e-01	
948	1.859000e-09	5.649089e-05	9.999905e-01	
949	1.861000e-09	5.666074e-05	9.999906e-01	
950	1.863000e-09	5.641864e-05	9.999905e-01	
951	1.865000e-09	5.660315e-05	9.999906e-01	
952	1.867000e-09	5.637402e-05	9.999905e-01	
953	1.869000e-09	5.656731e-05	9.999906e-01	
954	1.871000e-09	5.634651e-05	9.999905e-01	
955	1.873000e-09	5.654494e-05	9.999906e-01	
956	1.875000e-09	5.632961e-05	9.999905e-01	
957	1.877000e-09	5.653093e-05	9.999906e-01	
958	1.879000e-09	5.631929e-05	9.999905e-01	
959	1.881000e-09	5.652209e-05	9.999906e-01	
960	1.883000e-09	5.631304e-05	9.999905e-01	
961	1.885000e-09	5.651647e-05	9.999906e-01	
962	1.887000e-09	5.630931e-05	9.999905e-01	
963	1.889000e-09	5.651283e-05	9.999906e-01	
964	1.891000e-09	5.630716e-05	9.999905e-01	
965	1.893000e-09	5.651043e-05	9.999906e-01	
966	1.895000e-09	5.630597e-05	9.999905e-01	
967	1.897000e-09	5.650879e-05	9.999906e-01	
968	1.899000e-09	5.630538e-05	9.999905e-01	
969	1.901000e-09	5.650763e-05	9.999906e-01	
970	1.903000e-09	5.630516e-05	9.999905e-01	
971	1.905000e-09	5.650676e-05	9.999906e-01	
972	1.907000e-09	5.630518e-05	9.999905e-01	
973	1.909000e-09	5.650607e-05	9.999906e-01	
974	1.911000e-09	5.630534e-05	9.999905e-01	
975	1.913000e-09	5.650550e-05	9.999906e-01	
976	1.915000e-09	5.630558e-05	9.999905e-01	
977	1.917000e-09	5.650499e-05	9.999906e-01	
978	1.919000e-09	5.630588e-05	9.999905e-01	
979	1.921000e-09	5.650453e-05	9.999906e-01	
980	1.923000e-09	5.630621e-05	9.999905e-01	
981	1.925000e-09	5.650410e-05	9.999906e-01	
982	1.927000e-09	5.630657e-05	9.999905e-01	

Index   time            v(dout_8)       v(rbl_delay)    
--------------------------------------------------------------------------------
983	1.929000e-09	5.650369e-05	9.999906e-01	
984	1.931000e-09	5.630693e-05	9.999905e-01	
985	1.933000e-09	5.650328e-05	9.999906e-01	
986	1.935000e-09	5.630730e-05	9.999905e-01	
987	1.937000e-09	5.650289e-05	9.999906e-01	
988	1.939000e-09	5.630768e-05	9.999905e-01	
989	1.941000e-09	5.650250e-05	9.999906e-01	
990	1.943000e-09	5.630806e-05	9.999905e-01	
991	1.945000e-09	5.650211e-05	9.999906e-01	
992	1.947000e-09	5.630844e-05	9.999905e-01	
993	1.949000e-09	5.650172e-05	9.999906e-01	
994	1.951000e-09	5.630882e-05	9.999905e-01	
995	1.953000e-09	5.650134e-05	9.999906e-01	
996	1.955000e-09	5.630920e-05	9.999905e-01	
997	1.957000e-09	5.650095e-05	9.999906e-01	
998	1.959000e-09	5.630959e-05	9.999905e-01	
999	1.961000e-09	5.650057e-05	9.999906e-01	
1000	1.963000e-09	5.630997e-05	9.999905e-01	
1001	1.965000e-09	5.650019e-05	9.999906e-01	
1002	1.967000e-09	5.631035e-05	9.999905e-01	
1003	1.969000e-09	5.649981e-05	9.999906e-01	
1004	1.971000e-09	5.631073e-05	9.999905e-01	
1005	1.973000e-09	5.649943e-05	9.999906e-01	
1006	1.975000e-09	5.631110e-05	9.999905e-01	
1007	1.977000e-09	5.649905e-05	9.999906e-01	
1008	1.979000e-09	5.631148e-05	9.999905e-01	
1009	1.981000e-09	5.649867e-05	9.999906e-01	
1010	1.983000e-09	5.631186e-05	9.999905e-01	
1011	1.985000e-09	5.649830e-05	9.999906e-01	
1012	1.987000e-09	5.631224e-05	9.999905e-01	
1013	1.989000e-09	5.649792e-05	9.999906e-01	
1014	1.991000e-09	5.631261e-05	9.999905e-01	
1015	1.993000e-09	5.649755e-05	9.999906e-01	
1016	1.995000e-09	5.631299e-05	9.999905e-01	
1017	1.997000e-09	5.649717e-05	9.999906e-01	
1018	1.999000e-09	5.631336e-05	9.999905e-01	
1019	2.001000e-09	5.649680e-05	9.999906e-01	
1020	2.003000e-09	5.631374e-05	9.999905e-01	
1021	2.005000e-09	5.649642e-05	9.999906e-01	
1022	2.007000e-09	5.631411e-05	9.999905e-01	
1023	2.009000e-09	5.649605e-05	9.999906e-01	
1024	2.011000e-09	5.631448e-05	9.999905e-01	
1025	2.013000e-09	5.649568e-05	9.999906e-01	
1026	2.015000e-09	5.631485e-05	9.999905e-01	
1027	2.017000e-09	5.649531e-05	9.999906e-01	
1028	2.019000e-09	5.631523e-05	9.999905e-01	
1029	2.021000e-09	5.649494e-05	9.999906e-01	
1030	2.023000e-09	5.631560e-05	9.999905e-01	
1031	2.025000e-09	5.649456e-05	9.999906e-01	
1032	2.027000e-09	5.631597e-05	9.999905e-01	
1033	2.029000e-09	5.649420e-05	9.999906e-01	
1034	2.031000e-09	5.631634e-05	9.999905e-01	
1035	2.033000e-09	5.649383e-05	9.999906e-01	
1036	2.035000e-09	5.631670e-05	9.999905e-01	
1037	2.037000e-09	5.649346e-05	9.999906e-01	
1038	2.039000e-09	5.631707e-05	9.999905e-01	
1039	2.041000e-09	5.649309e-05	9.999906e-01	
1040	2.043000e-09	5.631744e-05	9.999905e-01	

Index   time            v(dout_8)       v(rbl_delay)    
--------------------------------------------------------------------------------
1041	2.045000e-09	5.649273e-05	9.999906e-01	
1042	2.047000e-09	5.631780e-05	9.999905e-01	
1043	2.049000e-09	5.649236e-05	9.999906e-01	
1044	2.051000e-09	5.631817e-05	9.999905e-01	
1045	2.053000e-09	5.649199e-05	9.999906e-01	
1046	2.055000e-09	5.631853e-05	9.999905e-01	
1047	2.057000e-09	5.649163e-05	9.999906e-01	
1048	2.059000e-09	5.631890e-05	9.999905e-01	
1049	2.061000e-09	5.649127e-05	9.999906e-01	
1050	2.063000e-09	5.631926e-05	9.999905e-01	
1051	2.065000e-09	5.649090e-05	9.999906e-01	
1052	2.067000e-09	5.631962e-05	9.999905e-01	
1053	2.069000e-09	5.649054e-05	9.999906e-01	
1054	2.071000e-09	5.631999e-05	9.999905e-01	
1055	2.073000e-09	5.649018e-05	9.999906e-01	
1056	2.075000e-09	5.632035e-05	9.999905e-01	
1057	2.077000e-09	5.648982e-05	9.999906e-01	
1058	2.079000e-09	5.632071e-05	9.999905e-01	
1059	2.081000e-09	5.648946e-05	9.999906e-01	
1060	2.083000e-09	5.632107e-05	9.999905e-01	
1061	2.085000e-09	5.648910e-05	9.999906e-01	
1062	2.087000e-09	5.632143e-05	9.999905e-01	
1063	2.089000e-09	5.648874e-05	9.999906e-01	
1064	2.091000e-09	5.632178e-05	9.999905e-01	
1065	2.093000e-09	5.648838e-05	9.999906e-01	
1066	2.095000e-09	5.632214e-05	9.999905e-01	
1067	2.097000e-09	5.648803e-05	9.999906e-01	
1068	2.099000e-09	5.632250e-05	9.999905e-01	
1069	2.101000e-09	5.648767e-05	9.999906e-01	
1070	2.103000e-09	5.632286e-05	9.999905e-01	
1071	2.105000e-09	5.648731e-05	9.999906e-01	
1072	2.107000e-09	5.632321e-05	9.999905e-01	
1073	2.109000e-09	5.648696e-05	9.999906e-01	
1074	2.111000e-09	5.632357e-05	9.999905e-01	
1075	2.113000e-09	5.648660e-05	9.999906e-01	
1076	2.115000e-09	5.632392e-05	9.999905e-01	
1077	2.117000e-09	5.648625e-05	9.999906e-01	
1078	2.119000e-09	5.632427e-05	9.999905e-01	
1079	2.121000e-09	5.648590e-05	9.999906e-01	
1080	2.123000e-09	5.632463e-05	9.999905e-01	
1081	2.125000e-09	5.648555e-05	9.999906e-01	
1082	2.127000e-09	5.632498e-05	9.999905e-01	
1083	2.129000e-09	5.648519e-05	9.999906e-01	
1084	2.131000e-09	5.632533e-05	9.999905e-01	
1085	2.133000e-09	5.648484e-05	9.999906e-01	
1086	2.135000e-09	5.632568e-05	9.999905e-01	
1087	2.137000e-09	5.648449e-05	9.999906e-01	
1088	2.139000e-09	5.632603e-05	9.999905e-01	
1089	2.141000e-09	5.648414e-05	9.999906e-01	
1090	2.143000e-09	5.632638e-05	9.999905e-01	
1091	2.145000e-09	5.648379e-05	9.999906e-01	
1092	2.147000e-09	5.632673e-05	9.999905e-01	
1093	2.149000e-09	5.648345e-05	9.999906e-01	
1094	2.151000e-09	5.632707e-05	9.999905e-01	
1095	2.153000e-09	5.648310e-05	9.999906e-01	
1096	2.155000e-09	5.632742e-05	9.999905e-01	
1097	2.157000e-09	5.648275e-05	9.999906e-01	
1098	2.159000e-09	5.632777e-05	9.999905e-01	

Index   time            v(dout_8)       v(rbl_delay)    
--------------------------------------------------------------------------------
1099	2.161000e-09	5.648241e-05	9.999906e-01	
1100	2.163000e-09	5.632811e-05	9.999905e-01	
1101	2.165000e-09	5.648206e-05	9.999906e-01	
1102	2.167000e-09	5.632846e-05	9.999905e-01	
1103	2.169000e-09	5.648172e-05	9.999906e-01	
1104	2.171000e-09	5.632880e-05	9.999905e-01	
1105	2.173000e-09	5.648137e-05	9.999906e-01	
1106	2.175000e-09	5.632915e-05	9.999905e-01	
1107	2.177000e-09	5.648103e-05	9.999906e-01	
1108	2.179000e-09	5.632949e-05	9.999905e-01	
1109	2.181000e-09	5.648069e-05	9.999906e-01	
1110	2.183000e-09	5.632983e-05	9.999905e-01	
1111	2.185000e-09	5.648035e-05	9.999906e-01	
1112	2.187000e-09	5.633017e-05	9.999905e-01	
1113	2.189000e-09	5.648001e-05	9.999906e-01	
1114	2.191000e-09	5.633051e-05	9.999905e-01	
1115	2.193000e-09	5.647967e-05	9.999906e-01	
1116	2.195000e-09	5.633085e-05	9.999905e-01	
1117	2.197000e-09	5.647933e-05	9.999906e-01	
1118	2.199000e-09	5.633119e-05	9.999905e-01	
1119	2.201000e-09	5.647899e-05	9.999906e-01	
1120	2.203000e-09	5.633153e-05	9.999905e-01	
1121	2.205000e-09	5.647865e-05	9.999906e-01	
1122	2.207000e-09	5.633187e-05	9.999905e-01	
1123	2.209000e-09	5.647831e-05	9.999906e-01	
1124	2.211000e-09	5.633221e-05	9.999905e-01	
1125	2.213000e-09	5.647797e-05	9.999906e-01	
1126	2.215000e-09	5.633254e-05	9.999905e-01	
1127	2.217000e-09	5.647764e-05	9.999906e-01	
1128	2.219000e-09	5.633288e-05	9.999905e-01	
1129	2.221000e-09	5.647730e-05	9.999906e-01	
1130	2.223000e-09	5.633321e-05	9.999905e-01	
1131	2.225000e-09	5.647697e-05	9.999906e-01	
1132	2.227000e-09	5.633355e-05	9.999905e-01	
1133	2.229000e-09	5.647663e-05	9.999906e-01	
1134	2.231000e-09	5.633388e-05	9.999905e-01	
1135	2.233000e-09	5.647630e-05	9.999906e-01	
1136	2.235000e-09	5.633421e-05	9.999905e-01	
1137	2.237000e-09	5.647597e-05	9.999906e-01	
1138	2.239000e-09	5.633455e-05	9.999905e-01	
1139	2.241000e-09	5.647564e-05	9.999906e-01	
1140	2.243000e-09	5.633488e-05	9.999905e-01	
1141	2.245000e-09	5.647531e-05	9.999906e-01	
1142	2.247000e-09	5.633521e-05	9.999905e-01	
1143	2.249000e-09	5.647497e-05	9.999906e-01	
1144	2.251000e-09	5.633554e-05	9.999905e-01	
1145	2.253000e-09	5.647464e-05	9.999906e-01	
1146	2.255000e-09	5.633587e-05	9.999905e-01	
1147	2.257000e-09	5.647432e-05	9.999906e-01	
1148	2.259000e-09	5.633620e-05	9.999905e-01	
1149	2.261000e-09	5.647399e-05	9.999906e-01	
1150	2.263000e-09	5.633652e-05	9.999905e-01	
1151	2.265000e-09	5.647366e-05	9.999906e-01	
1152	2.267000e-09	5.633685e-05	9.999905e-01	
1153	2.269000e-09	5.647333e-05	9.999906e-01	
1154	2.271000e-09	5.633718e-05	9.999905e-01	
1155	2.273000e-09	5.647301e-05	9.999906e-01	
1156	2.275000e-09	5.633750e-05	9.999905e-01	

Index   time            v(dout_8)       v(rbl_delay)    
--------------------------------------------------------------------------------
1157	2.277000e-09	5.647268e-05	9.999906e-01	
1158	2.279000e-09	5.633783e-05	9.999905e-01	
1159	2.281000e-09	5.647236e-05	9.999906e-01	
1160	2.283000e-09	5.633815e-05	9.999905e-01	
1161	2.285000e-09	5.647203e-05	9.999906e-01	
1162	2.287000e-09	5.633848e-05	9.999905e-01	
1163	2.289000e-09	5.647171e-05	9.999906e-01	
1164	2.291000e-09	5.633880e-05	9.999905e-01	
1165	2.293000e-09	5.647138e-05	9.999906e-01	
1166	2.295000e-09	5.633913e-05	9.999905e-01	
1167	2.297000e-09	5.647106e-05	9.999906e-01	
1168	2.299000e-09	5.633945e-05	9.999905e-01	
1169	2.301000e-09	5.647074e-05	9.999906e-01	
1170	2.303000e-09	5.633977e-05	9.999905e-01	
1171	2.305000e-09	5.647042e-05	9.999906e-01	
1172	2.307000e-09	5.634009e-05	9.999905e-01	
1173	2.309000e-09	5.647010e-05	9.999906e-01	
1174	2.311000e-09	5.634041e-05	9.999905e-01	
1175	2.313000e-09	5.646978e-05	9.999906e-01	
1176	2.315000e-09	5.634073e-05	9.999905e-01	
1177	2.317000e-09	5.646946e-05	9.999906e-01	
1178	2.319000e-09	5.634105e-05	9.999905e-01	
1179	2.321000e-09	5.646914e-05	9.999906e-01	
1180	2.323000e-09	5.634136e-05	9.999905e-01	
1181	2.325000e-09	5.646883e-05	9.999906e-01	
1182	2.327000e-09	5.634168e-05	9.999905e-01	
1183	2.329000e-09	5.646851e-05	9.999906e-01	
1184	2.331000e-09	5.634200e-05	9.999905e-01	
1185	2.333000e-09	5.646819e-05	9.999906e-01	
1186	2.335000e-09	5.634231e-05	9.999905e-01	
1187	2.337000e-09	5.646788e-05	9.999906e-01	
1188	2.339000e-09	5.634263e-05	9.999905e-01	
1189	2.341000e-09	5.646756e-05	9.999906e-01	
1190	2.343000e-09	5.634294e-05	9.999905e-01	
1191	2.345000e-09	5.646725e-05	9.999905e-01	
1192	2.347000e-09	5.634326e-05	9.999905e-01	
1193	2.349000e-09	5.646693e-05	9.999905e-01	
1194	2.351000e-09	5.634357e-05	9.999905e-01	
1195	2.353000e-09	5.646662e-05	9.999905e-01	
1196	2.355000e-09	5.634388e-05	9.999905e-01	
1197	2.357000e-09	5.646631e-05	9.999905e-01	
1198	2.359000e-09	5.634419e-05	9.999905e-01	
1199	2.361000e-09	5.646600e-05	9.999905e-01	
1200	2.363000e-09	5.634451e-05	9.999905e-01	
1201	2.365000e-09	5.646569e-05	9.999905e-01	
1202	2.367000e-09	5.634482e-05	9.999905e-01	
1203	2.369000e-09	5.646538e-05	9.999905e-01	
1204	2.371000e-09	5.634513e-05	9.999905e-01	
1205	2.373000e-09	5.646507e-05	9.999905e-01	
1206	2.375000e-09	5.634543e-05	9.999905e-01	
1207	2.377000e-09	5.646476e-05	9.999905e-01	
1208	2.379000e-09	5.634574e-05	9.999905e-01	
1209	2.381000e-09	5.646445e-05	9.999905e-01	
1210	2.383000e-09	5.634605e-05	9.999905e-01	
1211	2.385000e-09	5.646414e-05	9.999905e-01	
1212	2.387000e-09	5.634636e-05	9.999905e-01	
1213	2.389000e-09	5.646384e-05	9.999905e-01	
1214	2.391000e-09	5.634666e-05	9.999905e-01	

Index   time            v(dout_8)       v(rbl_delay)    
--------------------------------------------------------------------------------
1215	2.393000e-09	5.646353e-05	9.999905e-01	
1216	2.395000e-09	5.634697e-05	9.999905e-01	
1217	2.397000e-09	5.646323e-05	9.999905e-01	
1218	2.399000e-09	5.634728e-05	9.999905e-01	
1219	2.401000e-09	5.646292e-05	9.999905e-01	
1220	2.403000e-09	5.634758e-05	9.999905e-01	
1221	2.405000e-09	5.646262e-05	9.999905e-01	
1222	2.407000e-09	5.634788e-05	9.999906e-01	
1223	2.409000e-09	5.646231e-05	9.999905e-01	
1224	2.411000e-09	5.634819e-05	9.999906e-01	
1225	2.413000e-09	5.646201e-05	9.999905e-01	
1226	2.415000e-09	5.634849e-05	9.999906e-01	
1227	2.417000e-09	5.646171e-05	9.999905e-01	
1228	2.419000e-09	5.634879e-05	9.999906e-01	
1229	2.421000e-09	5.646141e-05	9.999905e-01	
1230	2.423000e-09	5.634909e-05	9.999906e-01	
1231	2.425000e-09	5.646111e-05	9.999905e-01	
1232	2.427000e-09	5.634939e-05	9.999906e-01	
1233	2.429000e-09	5.646081e-05	9.999905e-01	
1234	2.431000e-09	5.634969e-05	9.999906e-01	
1235	2.433000e-09	5.646051e-05	9.999905e-01	
1236	2.435000e-09	5.634999e-05	9.999906e-01	
1237	2.437000e-09	5.646021e-05	9.999905e-01	
1238	2.439000e-09	5.635029e-05	9.999906e-01	
1239	2.441000e-09	5.645991e-05	9.999905e-01	
1240	2.443000e-09	5.635059e-05	9.999906e-01	
1241	2.445000e-09	5.645961e-05	9.999905e-01	
1242	2.447000e-09	5.635089e-05	9.999906e-01	
1243	2.449000e-09	5.645932e-05	9.999905e-01	
1244	2.451000e-09	5.635118e-05	9.999906e-01	
1245	2.453000e-09	5.645902e-05	9.999905e-01	
1246	2.455000e-09	5.635148e-05	9.999906e-01	
1247	2.457000e-09	5.645872e-05	9.999905e-01	
1248	2.459000e-09	5.635177e-05	9.999906e-01	
1249	2.461000e-09	5.645843e-05	9.999905e-01	
1250	2.463000e-09	5.635207e-05	9.999906e-01	
1251	2.465000e-09	5.645814e-05	9.999905e-01	
1252	2.467000e-09	5.635236e-05	9.999906e-01	
1253	2.469000e-09	5.645784e-05	9.999905e-01	
1254	2.471000e-09	5.635265e-05	9.999906e-01	
1255	2.473000e-09	5.645755e-05	9.999905e-01	
1256	2.475000e-09	5.635295e-05	9.999906e-01	
1257	2.477000e-09	5.645726e-05	9.999905e-01	
1258	2.479000e-09	5.635324e-05	9.999906e-01	
1259	2.481000e-09	5.645696e-05	9.999905e-01	
1260	2.483000e-09	5.635353e-05	9.999906e-01	
1261	2.485000e-09	5.645667e-05	9.999905e-01	
1262	2.487000e-09	5.635382e-05	9.999906e-01	
1263	2.489000e-09	5.645638e-05	9.999905e-01	
1264	2.491000e-09	5.635411e-05	9.999906e-01	
1265	2.493000e-09	5.645609e-05	9.999905e-01	
1266	2.495000e-09	5.635440e-05	9.999906e-01	
1267	2.497000e-09	5.645580e-05	9.999905e-01	
1268	2.499000e-09	5.635469e-05	9.999906e-01	
1269	2.501000e-09	5.645552e-05	9.999905e-01	
1270	2.503000e-09	5.635498e-05	9.999906e-01	
1271	2.505000e-09	5.645523e-05	9.999905e-01	
1272	2.507000e-09	5.635526e-05	9.999906e-01	

Index   time            v(dout_8)       v(rbl_delay)    
--------------------------------------------------------------------------------
1273	2.509000e-09	5.645494e-05	9.999905e-01	
1274	2.511000e-09	5.635555e-05	9.999906e-01	
1275	2.513000e-09	5.645465e-05	9.999905e-01	
1276	2.515000e-09	5.635584e-05	9.999906e-01	
1277	2.517000e-09	5.645437e-05	9.999905e-01	
1278	2.519000e-09	5.635612e-05	9.999906e-01	
1279	2.521000e-09	5.645408e-05	9.999905e-01	
1280	2.523000e-09	5.635641e-05	9.999906e-01	
1281	2.525000e-09	5.645380e-05	9.999905e-01	
1282	2.527000e-09	5.635669e-05	9.999906e-01	
1283	2.529000e-09	5.645352e-05	9.999905e-01	
1284	2.531000e-09	5.635698e-05	9.999906e-01	
1285	2.533000e-09	5.645323e-05	9.999905e-01	
1286	2.535000e-09	5.635726e-05	9.999906e-01	
1287	2.537000e-09	5.645295e-05	9.999905e-01	
1288	2.539000e-09	5.635754e-05	9.999906e-01	
1289	2.541000e-09	5.645267e-05	9.999905e-01	
1290	2.543000e-09	5.635782e-05	9.999906e-01	
1291	2.545000e-09	5.645239e-05	9.999905e-01	
1292	2.547000e-09	5.635810e-05	9.999906e-01	
1293	2.549000e-09	5.645211e-05	9.999905e-01	
1294	2.551000e-09	5.635838e-05	9.999906e-01	
1295	2.553000e-09	5.645183e-05	9.999905e-01	
1296	2.555000e-09	5.635866e-05	9.999906e-01	
1297	2.557000e-09	5.645155e-05	9.999905e-01	
1298	2.559000e-09	5.635894e-05	9.999906e-01	
1299	2.561000e-09	5.645127e-05	9.999905e-01	
1300	2.563000e-09	5.635922e-05	9.999906e-01	
1301	2.565000e-09	5.645099e-05	9.999905e-01	
1302	2.567000e-09	5.635950e-05	9.999906e-01	
1303	2.569000e-09	5.645071e-05	9.999905e-01	
1304	2.571000e-09	5.635978e-05	9.999906e-01	
1305	2.573000e-09	5.645043e-05	9.999905e-01	
1306	2.575000e-09	5.636005e-05	9.999906e-01	
1307	2.577000e-09	5.645016e-05	9.999905e-01	
1308	2.579000e-09	5.636033e-05	9.999906e-01	
1309	2.581000e-09	5.644988e-05	9.999905e-01	
1310	2.583000e-09	5.636061e-05	9.999906e-01	
1311	2.585000e-09	5.644961e-05	9.999905e-01	
1312	2.587000e-09	5.636088e-05	9.999906e-01	
1313	2.589000e-09	5.644933e-05	9.999905e-01	
1314	2.591000e-09	5.636115e-05	9.999906e-01	
1315	2.593000e-09	5.644906e-05	9.999905e-01	
1316	2.595000e-09	5.636143e-05	9.999906e-01	
1317	2.597000e-09	5.644878e-05	9.999905e-01	
1318	2.599000e-09	5.636170e-05	9.999906e-01	
1319	2.601000e-09	5.644851e-05	9.999905e-01	
1320	2.603000e-09	5.636197e-05	9.999906e-01	
1321	2.605000e-09	5.644824e-05	9.999905e-01	
1322	2.607000e-09	5.636225e-05	9.999906e-01	
1323	2.609000e-09	5.644797e-05	9.999905e-01	
1324	2.611000e-09	5.636252e-05	9.999906e-01	
1325	2.613000e-09	5.644770e-05	9.999905e-01	
1326	2.615000e-09	5.636279e-05	9.999906e-01	
1327	2.617000e-09	5.644743e-05	9.999905e-01	
1328	2.619000e-09	5.636306e-05	9.999906e-01	
1329	2.621000e-09	5.644716e-05	9.999905e-01	
1330	2.623000e-09	5.636333e-05	9.999906e-01	

Index   time            v(dout_8)       v(rbl_delay)    
--------------------------------------------------------------------------------
1331	2.625000e-09	5.644689e-05	9.999905e-01	
1332	2.627000e-09	5.636359e-05	9.999906e-01	
1333	2.629000e-09	5.644662e-05	9.999905e-01	
1334	2.631000e-09	5.636386e-05	9.999906e-01	
1335	2.633000e-09	5.644635e-05	9.999905e-01	
1336	2.635000e-09	5.636413e-05	9.999906e-01	
1337	2.637000e-09	5.644609e-05	9.999905e-01	
1338	2.639000e-09	5.636440e-05	9.999906e-01	
1339	2.641000e-09	5.644582e-05	9.999905e-01	
1340	2.643000e-09	5.636466e-05	9.999906e-01	
1341	2.645000e-09	5.644555e-05	9.999905e-01	
1342	2.647000e-09	5.636493e-05	9.999906e-01	
1343	2.649000e-09	5.644529e-05	9.999905e-01	
1344	2.651000e-09	5.636519e-05	9.999906e-01	
1345	2.653000e-09	5.644502e-05	9.999905e-01	
1346	2.655000e-09	5.636546e-05	9.999906e-01	
1347	2.657000e-09	5.644476e-05	9.999905e-01	
1348	2.659000e-09	5.636572e-05	9.999906e-01	
1349	2.661000e-09	5.644450e-05	9.999905e-01	
1350	2.663000e-09	5.636599e-05	9.999906e-01	
1351	2.665000e-09	5.644423e-05	9.999905e-01	
1352	2.667000e-09	5.636625e-05	9.999906e-01	
1353	2.669000e-09	5.644397e-05	9.999905e-01	
1354	2.671000e-09	5.636651e-05	9.999906e-01	
1355	2.673000e-09	5.644371e-05	9.999905e-01	
1356	2.675000e-09	5.636677e-05	9.999906e-01	
1357	2.677000e-09	5.644345e-05	9.999905e-01	
1358	2.679000e-09	5.636703e-05	9.999906e-01	
1359	2.681000e-09	5.644319e-05	9.999905e-01	
1360	2.683000e-09	5.636729e-05	9.999906e-01	
1361	2.685000e-09	5.644293e-05	9.999905e-01	
1362	2.687000e-09	5.636755e-05	9.999906e-01	
1363	2.689000e-09	5.644267e-05	9.999905e-01	
1364	2.691000e-09	5.636781e-05	9.999906e-01	
1365	2.693000e-09	5.644241e-05	9.999905e-01	
1366	2.695000e-09	5.636807e-05	9.999906e-01	
1367	2.697000e-09	5.644215e-05	9.999905e-01	
1368	2.699000e-09	5.636833e-05	9.999906e-01	
1369	2.701000e-09	5.644189e-05	9.999905e-01	
1370	2.703000e-09	5.636858e-05	9.999906e-01	
1371	2.705000e-09	5.644164e-05	9.999905e-01	
1372	2.707000e-09	5.636884e-05	9.999906e-01	
1373	2.709000e-09	5.644138e-05	9.999905e-01	
1374	2.711000e-09	5.636910e-05	9.999906e-01	
1375	2.713000e-09	5.644113e-05	9.999905e-01	
1376	2.715000e-09	5.636935e-05	9.999906e-01	
1377	2.717000e-09	5.644087e-05	9.999905e-01	
1378	2.719000e-09	5.636961e-05	9.999906e-01	
1379	2.721000e-09	5.644062e-05	9.999905e-01	
1380	2.723000e-09	5.636986e-05	9.999906e-01	
1381	2.725000e-09	5.644036e-05	9.999905e-01	
1382	2.727000e-09	5.637012e-05	9.999906e-01	
1383	2.729000e-09	5.644011e-05	9.999905e-01	
1384	2.731000e-09	5.637037e-05	9.999906e-01	
1385	2.733000e-09	5.643986e-05	9.999905e-01	
1386	2.735000e-09	5.637062e-05	9.999906e-01	
1387	2.737000e-09	5.643960e-05	9.999905e-01	
1388	2.739000e-09	5.637087e-05	9.999906e-01	

Index   time            v(dout_8)       v(rbl_delay)    
--------------------------------------------------------------------------------
1389	2.741000e-09	5.643935e-05	9.999905e-01	
1390	2.743000e-09	5.637112e-05	9.999906e-01	
1391	2.745000e-09	5.643910e-05	9.999905e-01	
1392	2.747000e-09	5.637138e-05	9.999906e-01	
1393	2.749000e-09	5.643885e-05	9.999905e-01	
1394	2.751000e-09	5.637163e-05	9.999906e-01	
1395	2.753000e-09	5.643860e-05	9.999905e-01	
1396	2.755000e-09	5.637188e-05	9.999906e-01	
1397	2.757000e-09	5.643835e-05	9.999905e-01	
1398	2.759000e-09	5.637212e-05	9.999906e-01	
1399	2.761000e-09	5.643810e-05	9.999905e-01	
1400	2.763000e-09	5.637237e-05	9.999906e-01	
1401	2.765000e-09	5.643785e-05	9.999905e-01	
1402	2.767000e-09	5.637262e-05	9.999906e-01	
1403	2.769000e-09	5.643761e-05	9.999905e-01	
1404	2.771000e-09	5.637287e-05	9.999906e-01	
1405	2.773000e-09	5.643736e-05	9.999905e-01	
1406	2.775000e-09	5.637311e-05	9.999906e-01	
1407	2.777000e-09	5.643711e-05	9.999905e-01	
1408	2.779000e-09	5.637336e-05	9.999906e-01	
1409	2.781000e-09	5.643687e-05	9.999905e-01	
1410	2.783000e-09	5.637361e-05	9.999906e-01	
1411	2.785000e-09	5.643662e-05	9.999905e-01	
1412	2.787000e-09	5.637385e-05	9.999906e-01	
1413	2.789000e-09	5.643638e-05	9.999905e-01	
1414	2.791000e-09	5.637410e-05	9.999906e-01	
1415	2.793000e-09	5.643613e-05	9.999905e-01	
1416	2.795000e-09	5.637434e-05	9.999906e-01	
1417	2.797000e-09	5.643589e-05	9.999905e-01	
1418	2.799000e-09	5.637458e-05	9.999906e-01	
1419	2.801000e-09	5.643565e-05	9.999905e-01	
1420	2.803000e-09	5.637483e-05	9.999906e-01	
1421	2.805000e-09	5.643540e-05	9.999905e-01	
1422	2.807000e-09	5.637507e-05	9.999906e-01	
1423	2.809000e-09	5.643516e-05	9.999905e-01	
1424	2.811000e-09	5.637531e-05	9.999906e-01	
1425	2.813000e-09	5.643492e-05	9.999905e-01	
1426	2.815000e-09	5.637555e-05	9.999906e-01	
1427	2.817000e-09	5.643468e-05	9.999905e-01	
1428	2.819000e-09	5.637579e-05	9.999906e-01	
1429	2.821000e-09	5.643444e-05	9.999905e-01	
1430	2.823000e-09	5.637603e-05	9.999906e-01	
1431	2.825000e-09	5.643420e-05	9.999905e-01	
1432	2.827000e-09	5.637627e-05	9.999906e-01	
1433	2.829000e-09	5.643396e-05	9.999905e-01	
1434	2.831000e-09	5.637651e-05	9.999906e-01	
1435	2.833000e-09	5.643372e-05	9.999905e-01	
1436	2.835000e-09	5.637675e-05	9.999906e-01	
1437	2.837000e-09	5.643348e-05	9.999905e-01	
1438	2.839000e-09	5.637698e-05	9.999906e-01	
1439	2.841000e-09	5.643325e-05	9.999905e-01	
1440	2.843000e-09	5.637722e-05	9.999906e-01	
1441	2.845000e-09	5.643301e-05	9.999905e-01	
1442	2.847000e-09	5.637746e-05	9.999906e-01	
1443	2.849000e-09	5.643277e-05	9.999905e-01	
1444	2.851000e-09	5.637769e-05	9.999906e-01	
1445	2.853000e-09	5.643254e-05	9.999905e-01	
1446	2.855000e-09	5.637793e-05	9.999906e-01	

Index   time            v(dout_8)       v(rbl_delay)    
--------------------------------------------------------------------------------
1447	2.857000e-09	5.643230e-05	9.999905e-01	
1448	2.859000e-09	5.637816e-05	9.999906e-01	
1449	2.861000e-09	5.643207e-05	9.999905e-01	
1450	2.863000e-09	5.637840e-05	9.999906e-01	
1451	2.865000e-09	5.643183e-05	9.999905e-01	
1452	2.867000e-09	5.637863e-05	9.999906e-01	
1453	2.869000e-09	5.643160e-05	9.999905e-01	
1454	2.871000e-09	5.637887e-05	9.999906e-01	
1455	2.873000e-09	5.643137e-05	9.999905e-01	
1456	2.875000e-09	5.637910e-05	9.999906e-01	
1457	2.877000e-09	5.643114e-05	9.999905e-01	
1458	2.879000e-09	5.637933e-05	9.999906e-01	
1459	2.881000e-09	5.643090e-05	9.999905e-01	
1460	2.883000e-09	5.637956e-05	9.999906e-01	
1461	2.885000e-09	5.643067e-05	9.999905e-01	
1462	2.887000e-09	5.637979e-05	9.999906e-01	
1463	2.889000e-09	5.643044e-05	9.999905e-01	
1464	2.891000e-09	5.638002e-05	9.999906e-01	
1465	2.893000e-09	5.643021e-05	9.999905e-01	
1466	2.895000e-09	5.638025e-05	9.999906e-01	
1467	2.897000e-09	5.642998e-05	9.999905e-01	
1468	2.899000e-09	5.638048e-05	9.999906e-01	
1469	2.901000e-09	5.642975e-05	9.999905e-01	
1470	2.903000e-09	5.638071e-05	9.999906e-01	
1471	2.905000e-09	5.642952e-05	9.999905e-01	
1472	2.907000e-09	5.638094e-05	9.999906e-01	
1473	2.909000e-09	5.642930e-05	9.999905e-01	
1474	2.911000e-09	5.638117e-05	9.999906e-01	
1475	2.913000e-09	5.642907e-05	9.999905e-01	
1476	2.915000e-09	5.638140e-05	9.999906e-01	
1477	2.917000e-09	5.642884e-05	9.999905e-01	
1478	2.919000e-09	5.638162e-05	9.999906e-01	
1479	2.921000e-09	5.642862e-05	9.999905e-01	
1480	2.923000e-09	5.638185e-05	9.999906e-01	
1481	2.925000e-09	5.642839e-05	9.999905e-01	
1482	2.927000e-09	5.638207e-05	9.999906e-01	
1483	2.929000e-09	5.642816e-05	9.999905e-01	
1484	2.931000e-09	5.638230e-05	9.999906e-01	
1485	2.933000e-09	5.642794e-05	9.999905e-01	
1486	2.935000e-09	5.638252e-05	9.999906e-01	
1487	2.937000e-09	5.642771e-05	9.999905e-01	
1488	2.939000e-09	5.638275e-05	9.999906e-01	
1489	2.941000e-09	5.642749e-05	9.999905e-01	
1490	2.943000e-09	5.638297e-05	9.999906e-01	
1491	2.945000e-09	5.642727e-05	9.999905e-01	
1492	2.947000e-09	5.638319e-05	9.999906e-01	
1493	2.949000e-09	5.642705e-05	9.999905e-01	
1494	2.951000e-09	5.638342e-05	9.999906e-01	
1495	2.953000e-09	5.642682e-05	9.999905e-01	
1496	2.955000e-09	5.638364e-05	9.999906e-01	
1497	2.957000e-09	5.642660e-05	9.999905e-01	
1498	2.959000e-09	5.638386e-05	9.999906e-01	
1499	2.961000e-09	5.642638e-05	9.999905e-01	
1500	2.963000e-09	5.638408e-05	9.999906e-01	
1501	2.965000e-09	5.642616e-05	9.999905e-01	
1502	2.967000e-09	5.638430e-05	9.999906e-01	
1503	2.969000e-09	5.642594e-05	9.999905e-01	
1504	2.971000e-09	5.638452e-05	9.999906e-01	

Index   time            v(dout_8)       v(rbl_delay)    
--------------------------------------------------------------------------------
1505	2.973000e-09	5.642572e-05	9.999905e-01	
1506	2.975000e-09	5.638474e-05	9.999906e-01	
1507	2.977000e-09	5.642550e-05	9.999905e-01	
1508	2.979000e-09	5.638496e-05	9.999906e-01	
1509	2.981000e-09	5.642528e-05	9.999905e-01	
1510	2.983000e-09	5.638518e-05	9.999906e-01	
1511	2.985000e-09	5.642506e-05	9.999905e-01	
1512	2.987000e-09	5.638540e-05	9.999906e-01	
1513	2.989000e-09	5.642485e-05	9.999905e-01	
1514	2.991000e-09	5.638561e-05	9.999906e-01	
1515	2.993000e-09	5.642463e-05	9.999905e-01	
1516	2.995000e-09	5.638583e-05	9.999906e-01	
1517	2.997000e-09	5.642441e-05	9.999905e-01	
1518	2.999000e-09	5.638605e-05	9.999906e-01	
1519	3.001000e-09	5.642420e-05	9.999905e-01	
1520	3.003000e-09	5.638626e-05	9.999906e-01	
1521	3.005000e-09	5.642398e-05	9.999905e-01	
1522	3.007000e-09	5.638648e-05	9.999906e-01	
1523	3.009000e-09	5.642377e-05	9.999905e-01	
1524	3.011000e-09	5.638669e-05	9.999906e-01	
1525	3.013000e-09	5.642355e-05	9.999905e-01	
1526	3.015000e-09	5.638691e-05	9.999906e-01	
1527	3.017000e-09	5.642334e-05	9.999905e-01	
1528	3.019000e-09	5.638712e-05	9.999906e-01	
1529	3.021000e-09	5.642313e-05	9.999905e-01	
1530	3.023000e-09	5.638733e-05	9.999906e-01	
1531	3.025000e-09	5.642291e-05	9.999905e-01	
1532	3.027000e-09	5.638755e-05	9.999906e-01	
1533	3.029000e-09	5.642270e-05	9.999905e-01	
1534	3.031000e-09	5.638776e-05	9.999906e-01	
1535	3.033000e-09	5.642249e-05	9.999905e-01	
1536	3.035000e-09	5.638797e-05	9.999906e-01	
1537	3.037000e-09	5.642228e-05	9.999905e-01	
1538	3.039000e-09	5.638818e-05	9.999906e-01	
1539	3.041000e-09	5.642207e-05	9.999905e-01	
1540	3.043000e-09	5.638839e-05	9.999906e-01	
1541	3.045000e-09	5.642186e-05	9.999905e-01	
1542	3.047000e-09	5.638860e-05	9.999906e-01	
1543	3.049000e-09	5.642165e-05	9.999905e-01	
1544	3.050000e-09	5.638892e-05	9.999906e-01	
1545	3.050200e-09	5.640494e-05	9.999905e-01	
1546	3.050600e-09	5.640549e-05	9.999905e-01	
1547	3.051400e-09	5.640494e-05	9.999905e-01	
1548	3.053000e-09	5.640540e-05	9.999905e-01	
1549	3.055000e-09	5.640488e-05	9.999905e-01	
1550	3.057000e-09	5.640539e-05	9.999905e-01	
1551	3.059000e-09	5.640490e-05	9.999905e-01	
1552	3.060000e-09	5.640544e-05	9.999905e-01	
1553	3.060200e-09	5.640518e-05	9.999905e-01	
1554	3.060600e-09	5.640518e-05	9.999905e-01	
1555	3.061400e-09	5.640523e-05	9.999905e-01	
1556	3.063000e-09	5.640529e-05	9.999905e-01	
1557	3.065000e-09	5.640533e-05	9.999905e-01	
1558	3.067000e-09	5.640538e-05	9.999905e-01	
1559	3.069000e-09	5.640532e-05	9.999905e-01	
1560	3.071000e-09	5.640518e-05	9.999905e-01	
1561	3.073000e-09	5.640502e-05	9.999905e-01	
1562	3.075000e-09	5.640491e-05	9.999905e-01	

Index   time            v(dout_8)       v(rbl_delay)    
--------------------------------------------------------------------------------
1563	3.077000e-09	5.640489e-05	9.999905e-01	
1564	3.079000e-09	5.640496e-05	9.999905e-01	
1565	3.081000e-09	5.640508e-05	9.999905e-01	
1566	3.083000e-09	5.640519e-05	9.999905e-01	
1567	3.085000e-09	5.640505e-05	9.999905e-01	
1568	3.087000e-09	5.640435e-05	9.999905e-01	
1569	3.089000e-09	5.640334e-05	9.999905e-01	
1570	3.091000e-09	5.640260e-05	9.999905e-01	
1571	3.093000e-09	5.640173e-05	9.999905e-01	
1572	3.095000e-09	5.640098e-05	9.999905e-01	
1573	3.097000e-09	5.640247e-05	9.999905e-01	
1574	3.099000e-09	5.640588e-05	9.999905e-01	
1575	3.101000e-09	5.640989e-05	9.999905e-01	
1576	3.103000e-09	5.641529e-05	9.999905e-01	
1577	3.105000e-09	5.642687e-05	9.999905e-01	
1578	3.107000e-09	5.645549e-05	9.999906e-01	
1579	3.109000e-09	5.648927e-05	9.999906e-01	
1580	3.111000e-09	5.651091e-05	9.999906e-01	
1581	3.113000e-09	5.650924e-05	9.999905e-01	
1582	3.115000e-09	5.648110e-05	9.999905e-01	
1583	3.117000e-09	5.643927e-05	9.999905e-01	
1584	3.119000e-09	5.640051e-05	9.999905e-01	
1585	3.121000e-09	5.637385e-05	9.999905e-01	
1586	3.123000e-09	5.636435e-05	9.999905e-01	
1587	3.125000e-09	5.635357e-05	9.999905e-01	
1588	3.127000e-09	5.623982e-05	9.999905e-01	
1589	3.129000e-09	5.590071e-05	9.999905e-01	
1590	3.131000e-09	5.535074e-05	9.999905e-01	
1591	3.133000e-09	5.465758e-05	9.999905e-01	
1592	3.135000e-09	5.363877e-05	9.999904e-01	
1593	3.137000e-09	5.263253e-05	9.999904e-01	
1594	3.139000e-09	5.216434e-05	9.999904e-01	
1595	3.141000e-09	5.246087e-05	9.999905e-01	
1596	3.143000e-09	5.367079e-05	9.999907e-01	
1597	3.145000e-09	5.653576e-05	9.999909e-01	
1598	3.147000e-09	6.405753e-05	9.999914e-01	
1599	3.149000e-09	8.013429e-05	9.999924e-01	
1600	3.151000e-09	1.031573e-04	9.999935e-01	
1601	3.153000e-09	1.297757e-04	9.999943e-01	
1602	3.155000e-09	1.546556e-04	9.999945e-01	
1603	3.157000e-09	1.738368e-04	9.999941e-01	
1604	3.159000e-09	1.865129e-04	9.999933e-01	
1605	3.161000e-09	1.944023e-04	9.999925e-01	
1606	3.163000e-09	2.000347e-04	9.999920e-01	
1607	3.165000e-09	2.054175e-04	9.999917e-01	
1608	3.167000e-09	1.996039e-04	9.999905e-01	
1609	3.169000e-09	1.404348e-04	9.999849e-01	
1610	3.171000e-09	-2.82943e-05	9.999721e-01	
1611	3.173000e-09	-3.44339e-04	9.999528e-01	
1612	3.175000e-09	-8.67935e-04	9.999249e-01	
1613	3.177000e-09	-1.67399e-03	9.998862e-01	
1614	3.179000e-09	-2.70320e-03	9.998487e-01	
1615	3.181000e-09	-3.81548e-03	9.998248e-01	
1616	3.183000e-09	-4.86311e-03	9.998203e-01	
1617	3.185000e-09	-5.59603e-03	9.998480e-01	
1618	3.187000e-09	-5.37521e-03	9.999502e-01	
1619	3.189000e-09	-2.62113e-03	1.000250e+00	
1620	3.191000e-09	4.587490e-03	1.000819e+00	

Index   time            v(dout_8)       v(rbl_delay)    
--------------------------------------------------------------------------------
1621	3.193000e-09	1.763291e-02	1.001633e+00	
1622	3.195000e-09	3.702898e-02	1.002607e+00	
1623	3.197000e-09	6.230022e-02	1.003616e+00	
1624	3.199000e-09	9.252486e-02	1.004575e+00	
1625	3.201000e-09	1.270314e-01	1.005471e+00	
1626	3.203000e-09	1.655862e-01	1.006329e+00	
1627	3.205000e-09	2.088357e-01	1.007200e+00	
1628	3.207000e-09	2.585551e-01	1.008058e+00	
1629	3.209000e-09	3.152925e-01	1.008267e+00	
1630	3.211000e-09	3.768563e-01	1.006283e+00	
1631	3.213000e-09	4.424035e-01	1.000405e+00	
1632	3.215000e-09	5.106261e-01	9.889791e-01	
1633	3.217000e-09	5.765070e-01	9.682315e-01	
1634	3.219000e-09	6.340226e-01	9.359284e-01	
1635	3.221000e-09	6.832122e-01	8.931046e-01	
1636	3.223000e-09	7.289723e-01	8.422618e-01	
1637	3.225000e-09	7.807429e-01	7.854643e-01	
1638	3.227000e-09	8.446892e-01	7.244759e-01	
1639	3.229000e-09	9.020182e-01	6.620769e-01	
1640	3.231000e-09	9.400273e-01	6.014097e-01	
1641	3.233000e-09	9.634529e-01	5.463146e-01	
1642	3.235000e-09	9.776655e-01	5.024521e-01	
1643	3.237000e-09	9.862470e-01	4.709678e-01	
1644	3.239000e-09	9.912986e-01	4.466896e-01	
1645	3.241000e-09	9.941294e-01	4.229242e-01	
1646	3.243000e-09	9.952940e-01	3.886512e-01	
1647	3.245000e-09	9.953672e-01	3.384014e-01	
1648	3.247000e-09	9.952904e-01	2.827810e-01	
1649	3.249000e-09	9.954488e-01	2.308815e-01	
1650	3.251000e-09	9.957822e-01	1.849500e-01	
1651	3.253000e-09	9.962266e-01	1.459811e-01	
1652	3.255000e-09	9.967129e-01	1.138900e-01	
1653	3.257000e-09	9.971968e-01	8.805335e-02	
1654	3.259000e-09	9.976549e-01	6.758568e-02	
1655	3.261000e-09	9.980721e-01	5.157737e-02	
1656	3.263000e-09	9.984403e-01	3.918250e-02	
1657	3.265000e-09	9.987547e-01	2.966151e-02	
1658	3.267000e-09	9.990171e-01	2.239436e-02	
1659	3.269000e-09	9.992308e-01	1.687406e-02	
1660	3.271000e-09	9.994024e-01	1.269696e-02	
1661	3.273000e-09	9.995377e-01	9.544805e-03	
1662	3.275000e-09	9.996439e-01	7.171786e-03	
1663	3.277000e-09	9.997258e-01	5.387755e-03	
1664	3.279000e-09	9.997892e-01	4.048698e-03	
1665	3.281000e-09	9.998374e-01	3.044056e-03	
1666	3.283000e-09	9.998745e-01	2.291350e-03	
1667	3.285000e-09	9.999023e-01	1.727185e-03	
1668	3.287000e-09	9.999238e-01	1.305012e-03	
1669	3.289000e-09	9.999396e-01	9.886727e-04	
1670	3.291000e-09	9.999520e-01	7.522015e-04	
1671	3.293000e-09	9.999610e-01	5.749479e-04	
1672	3.295000e-09	9.999681e-01	4.426136e-04	
1673	3.297000e-09	9.999731e-01	3.433091e-04	
1674	3.299000e-09	9.999773e-01	2.693118e-04	
1675	3.301000e-09	9.999800e-01	2.136591e-04	
1676	3.303000e-09	9.999825e-01	1.723231e-04	
1677	3.305000e-09	9.999839e-01	1.411053e-04	
1678	3.307000e-09	9.999854e-01	1.180498e-04	

Index   time            v(dout_8)       v(rbl_delay)    
--------------------------------------------------------------------------------
1679	3.309000e-09	9.999862e-01	1.005067e-04	
1680	3.311000e-09	9.999871e-01	8.768111e-05	
1681	3.313000e-09	9.999874e-01	7.778986e-05	
1682	3.315000e-09	9.999880e-01	7.068866e-05	
1683	3.317000e-09	9.999882e-01	6.507881e-05	
1684	3.319000e-09	9.999886e-01	6.118074e-05	
1685	3.321000e-09	9.999886e-01	5.796633e-05	
1686	3.323000e-09	9.999889e-01	5.586065e-05	
1687	3.325000e-09	9.999888e-01	5.398642e-05	
1688	3.327000e-09	9.999891e-01	5.288378e-05	
1689	3.329000e-09	9.999889e-01	5.175931e-05	
1690	3.331000e-09	9.999892e-01	5.121805e-05	
1691	3.333000e-09	9.999890e-01	5.051298e-05	
1692	3.335000e-09	9.999892e-01	5.028597e-05	
1693	3.337000e-09	9.999891e-01	4.981544e-05	
1694	3.339000e-09	9.999893e-01	4.976441e-05	
1695	3.341000e-09	9.999891e-01	4.942501e-05	
1696	3.343000e-09	9.999893e-01	4.947259e-05	
1697	3.345000e-09	9.999891e-01	4.920644e-05	
1698	3.347000e-09	9.999893e-01	4.930932e-05	
1699	3.349000e-09	9.999891e-01	4.908405e-05	
1700	3.351000e-09	9.999893e-01	4.921800e-05	
1701	3.353000e-09	9.999891e-01	4.901548e-05	
1702	3.355000e-09	9.999893e-01	4.916695e-05	
1703	3.357000e-09	9.999891e-01	4.897703e-05	
1704	3.359000e-09	9.999893e-01	4.913842e-05	
1705	3.361000e-09	9.999891e-01	4.895545e-05	
1706	3.363000e-09	9.999893e-01	4.912252e-05	
1707	3.365000e-09	9.999891e-01	4.894331e-05	
1708	3.367000e-09	9.999893e-01	4.911367e-05	
1709	3.369000e-09	9.999891e-01	4.893646e-05	
1710	3.371000e-09	9.999893e-01	4.910877e-05	
1711	3.373000e-09	9.999891e-01	4.893256e-05	
1712	3.375000e-09	9.999893e-01	4.910608e-05	
1713	3.377000e-09	9.999891e-01	4.893033e-05	
1714	3.379000e-09	9.999893e-01	4.910463e-05	
1715	3.381000e-09	9.999891e-01	4.892902e-05	
1716	3.383000e-09	9.999893e-01	4.910387e-05	
1717	3.385000e-09	9.999891e-01	4.892823e-05	
1718	3.387000e-09	9.999893e-01	4.910350e-05	
1719	3.389000e-09	9.999891e-01	4.892774e-05	
1720	3.391000e-09	9.999893e-01	4.910335e-05	
1721	3.393000e-09	9.999891e-01	4.892741e-05	
1722	3.395000e-09	9.999893e-01	4.910331e-05	
1723	3.397000e-09	9.999891e-01	4.892717e-05	
1724	3.399000e-09	9.999893e-01	4.910334e-05	
1725	3.401000e-09	9.999891e-01	4.892699e-05	
1726	3.403000e-09	9.999893e-01	4.910341e-05	
1727	3.405000e-09	9.999891e-01	4.892684e-05	
1728	3.407000e-09	9.999893e-01	4.910350e-05	
1729	3.409000e-09	9.999891e-01	4.892671e-05	
1730	3.411000e-09	9.999893e-01	4.910359e-05	
1731	3.413000e-09	9.999891e-01	4.892658e-05	
1732	3.415000e-09	9.999893e-01	4.910370e-05	
1733	3.417000e-09	9.999891e-01	4.892647e-05	
1734	3.419000e-09	9.999893e-01	4.910380e-05	
1735	3.421000e-09	9.999891e-01	4.892636e-05	
1736	3.423000e-09	9.999893e-01	4.910390e-05	

Index   time            v(dout_8)       v(rbl_delay)    
--------------------------------------------------------------------------------
1737	3.425000e-09	9.999891e-01	4.892625e-05	
1738	3.427000e-09	9.999893e-01	4.910401e-05	
1739	3.429000e-09	9.999891e-01	4.892614e-05	
1740	3.431000e-09	9.999893e-01	4.910411e-05	
1741	3.433000e-09	9.999891e-01	4.892604e-05	
1742	3.435000e-09	9.999893e-01	4.910421e-05	
1743	3.437000e-09	9.999891e-01	4.892594e-05	
1744	3.439000e-09	9.999893e-01	4.910431e-05	
1745	3.441000e-09	9.999891e-01	4.892584e-05	
1746	3.443000e-09	9.999893e-01	4.910441e-05	
1747	3.445000e-09	9.999891e-01	4.892574e-05	
1748	3.447000e-09	9.999893e-01	4.910451e-05	
1749	3.449000e-09	9.999891e-01	4.892565e-05	
1750	3.451000e-09	9.999893e-01	4.910460e-05	
1751	3.453000e-09	9.999891e-01	4.892555e-05	
1752	3.455000e-09	9.999893e-01	4.910469e-05	
1753	3.457000e-09	9.999891e-01	4.892546e-05	
1754	3.459000e-09	9.999893e-01	4.910478e-05	
1755	3.461000e-09	9.999891e-01	4.892537e-05	
1756	3.463000e-09	9.999893e-01	4.910487e-05	
1757	3.465000e-09	9.999891e-01	4.892528e-05	
1758	3.467000e-09	9.999893e-01	4.910496e-05	
1759	3.469000e-09	9.999891e-01	4.892519e-05	
1760	3.471000e-09	9.999893e-01	4.910505e-05	
1761	3.473000e-09	9.999891e-01	4.892511e-05	
1762	3.475000e-09	9.999893e-01	4.910513e-05	
1763	3.477000e-09	9.999891e-01	4.892503e-05	
1764	3.479000e-09	9.999893e-01	4.910521e-05	
1765	3.481000e-09	9.999891e-01	4.892494e-05	
1766	3.483000e-09	9.999893e-01	4.910530e-05	
1767	3.485000e-09	9.999891e-01	4.892486e-05	
1768	3.487000e-09	9.999893e-01	4.910538e-05	
1769	3.489000e-09	9.999891e-01	4.892478e-05	
1770	3.491000e-09	9.999893e-01	4.910545e-05	
1771	3.493000e-09	9.999891e-01	4.892471e-05	
1772	3.495000e-09	9.999893e-01	4.910553e-05	
1773	3.497000e-09	9.999891e-01	4.892463e-05	
1774	3.499000e-09	9.999893e-01	4.910560e-05	
1775	3.501000e-09	9.999891e-01	4.892456e-05	
1776	3.503000e-09	9.999893e-01	4.910568e-05	
1777	3.505000e-09	9.999891e-01	4.892448e-05	
1778	3.507000e-09	9.999893e-01	4.910575e-05	
1779	3.509000e-09	9.999891e-01	4.892441e-05	
1780	3.511000e-09	9.999893e-01	4.910582e-05	
1781	3.513000e-09	9.999891e-01	4.892434e-05	
1782	3.515000e-09	9.999893e-01	4.910589e-05	
1783	3.517000e-09	9.999891e-01	4.892428e-05	
1784	3.519000e-09	9.999893e-01	4.910596e-05	
1785	3.521000e-09	9.999891e-01	4.892421e-05	
1786	3.523000e-09	9.999893e-01	4.910602e-05	
1787	3.525000e-09	9.999891e-01	4.892414e-05	
1788	3.527000e-09	9.999893e-01	4.910609e-05	
1789	3.529000e-09	9.999891e-01	4.892408e-05	
1790	3.531000e-09	9.999893e-01	4.910615e-05	
1791	3.533000e-09	9.999891e-01	4.892402e-05	
1792	3.535000e-09	9.999893e-01	4.910621e-05	
1793	3.537000e-09	9.999891e-01	4.892396e-05	
1794	3.539000e-09	9.999893e-01	4.910627e-05	

Index   time            v(dout_8)       v(rbl_delay)    
--------------------------------------------------------------------------------
1795	3.541000e-09	9.999891e-01	4.892390e-05	
1796	3.543000e-09	9.999893e-01	4.910633e-05	
1797	3.545000e-09	9.999891e-01	4.892384e-05	
1798	3.547000e-09	9.999893e-01	4.910639e-05	
1799	3.549000e-09	9.999891e-01	4.892378e-05	
1800	3.551000e-09	9.999893e-01	4.910644e-05	
1801	3.553000e-09	9.999891e-01	4.892373e-05	
1802	3.555000e-09	9.999893e-01	4.910650e-05	
1803	3.557000e-09	9.999891e-01	4.892367e-05	
1804	3.559000e-09	9.999893e-01	4.910655e-05	
1805	3.561000e-09	9.999892e-01	4.892362e-05	
1806	3.563000e-09	9.999893e-01	4.910660e-05	
1807	3.565000e-09	9.999892e-01	4.892357e-05	
1808	3.567000e-09	9.999893e-01	4.910665e-05	
1809	3.569000e-09	9.999892e-01	4.892352e-05	
1810	3.571000e-09	9.999893e-01	4.910670e-05	
1811	3.573000e-09	9.999892e-01	4.892347e-05	
1812	3.575000e-09	9.999893e-01	4.910675e-05	
1813	3.577000e-09	9.999892e-01	4.892343e-05	
1814	3.579000e-09	9.999893e-01	4.910679e-05	
1815	3.581000e-09	9.999892e-01	4.892338e-05	
1816	3.583000e-09	9.999893e-01	4.910684e-05	
1817	3.585000e-09	9.999892e-01	4.892334e-05	
1818	3.587000e-09	9.999893e-01	4.910688e-05	
1819	3.589000e-09	9.999892e-01	4.892329e-05	
1820	3.591000e-09	9.999893e-01	4.910693e-05	
1821	3.593000e-09	9.999892e-01	4.892325e-05	
1822	3.595000e-09	9.999893e-01	4.910697e-05	
1823	3.597000e-09	9.999892e-01	4.892321e-05	
1824	3.599000e-09	9.999893e-01	4.910701e-05	
1825	3.601000e-09	9.999892e-01	4.892317e-05	
1826	3.603000e-09	9.999893e-01	4.910705e-05	
1827	3.605000e-09	9.999892e-01	4.892313e-05	
1828	3.607000e-09	9.999893e-01	4.910708e-05	
1829	3.609000e-09	9.999892e-01	4.892310e-05	
1830	3.611000e-09	9.999893e-01	4.910712e-05	
1831	3.613000e-09	9.999892e-01	4.892306e-05	
1832	3.615000e-09	9.999893e-01	4.910715e-05	
1833	3.617000e-09	9.999892e-01	4.892303e-05	
1834	3.619000e-09	9.999893e-01	4.910719e-05	
1835	3.621000e-09	9.999892e-01	4.892299e-05	
1836	3.623000e-09	9.999893e-01	4.910722e-05	
1837	3.625000e-09	9.999892e-01	4.892296e-05	
1838	3.627000e-09	9.999893e-01	4.910725e-05	
1839	3.629000e-09	9.999892e-01	4.892293e-05	
1840	3.631000e-09	9.999893e-01	4.910728e-05	
1841	3.633000e-09	9.999892e-01	4.892290e-05	
1842	3.635000e-09	9.999893e-01	4.910731e-05	
1843	3.637000e-09	9.999892e-01	4.892287e-05	
1844	3.639000e-09	9.999893e-01	4.910734e-05	
1845	3.641000e-09	9.999892e-01	4.892285e-05	
1846	3.643000e-09	9.999893e-01	4.910737e-05	
1847	3.645000e-09	9.999892e-01	4.892282e-05	
1848	3.647000e-09	9.999893e-01	4.910739e-05	
1849	3.649000e-09	9.999892e-01	4.892280e-05	
1850	3.651000e-09	9.999893e-01	4.910742e-05	
1851	3.653000e-09	9.999892e-01	4.892277e-05	
1852	3.655000e-09	9.999893e-01	4.910744e-05	

Index   time            v(dout_8)       v(rbl_delay)    
--------------------------------------------------------------------------------
1853	3.657000e-09	9.999892e-01	4.892275e-05	
1854	3.659000e-09	9.999893e-01	4.910746e-05	
1855	3.661000e-09	9.999892e-01	4.892273e-05	
1856	3.663000e-09	9.999893e-01	4.910748e-05	
1857	3.665000e-09	9.999892e-01	4.892271e-05	
1858	3.667000e-09	9.999893e-01	4.910750e-05	
1859	3.669000e-09	9.999892e-01	4.892269e-05	
1860	3.671000e-09	9.999893e-01	4.910752e-05	
1861	3.673000e-09	9.999892e-01	4.892267e-05	
1862	3.675000e-09	9.999893e-01	4.910754e-05	
1863	3.677000e-09	9.999892e-01	4.892265e-05	
1864	3.679000e-09	9.999893e-01	4.910756e-05	
1865	3.681000e-09	9.999892e-01	4.892264e-05	
1866	3.683000e-09	9.999893e-01	4.910757e-05	
1867	3.685000e-09	9.999892e-01	4.892262e-05	
1868	3.687000e-09	9.999893e-01	4.910759e-05	
1869	3.689000e-09	9.999892e-01	4.892261e-05	
1870	3.691000e-09	9.999893e-01	4.910760e-05	
1871	3.693000e-09	9.999892e-01	4.892259e-05	
1872	3.695000e-09	9.999893e-01	4.910761e-05	
1873	3.697000e-09	9.999892e-01	4.892258e-05	
1874	3.699000e-09	9.999893e-01	4.910762e-05	
1875	3.701000e-09	9.999892e-01	4.892257e-05	
1876	3.703000e-09	9.999893e-01	4.910763e-05	
1877	3.705000e-09	9.999892e-01	4.892256e-05	
1878	3.707000e-09	9.999893e-01	4.910764e-05	
1879	3.709000e-09	9.999892e-01	4.892255e-05	
1880	3.711000e-09	9.999893e-01	4.910765e-05	
1881	3.713000e-09	9.999892e-01	4.892254e-05	
1882	3.715000e-09	9.999893e-01	4.910766e-05	
1883	3.717000e-09	9.999892e-01	4.892253e-05	
1884	3.719000e-09	9.999893e-01	4.910767e-05	
1885	3.721000e-09	9.999892e-01	4.892253e-05	
1886	3.723000e-09	9.999893e-01	4.910767e-05	
1887	3.725000e-09	9.999892e-01	4.892252e-05	
1888	3.727000e-09	9.999893e-01	4.910768e-05	
1889	3.729000e-09	9.999892e-01	4.892252e-05	
1890	3.731000e-09	9.999893e-01	4.910768e-05	
1891	3.733000e-09	9.999892e-01	4.892252e-05	
1892	3.735000e-09	9.999893e-01	4.910768e-05	
1893	3.737000e-09	9.999892e-01	4.892251e-05	
1894	3.739000e-09	9.999893e-01	4.910769e-05	
1895	3.741000e-09	9.999892e-01	4.892251e-05	
1896	3.743000e-09	9.999893e-01	4.910769e-05	
1897	3.745000e-09	9.999892e-01	4.892251e-05	
1898	3.747000e-09	9.999893e-01	4.910769e-05	
1899	3.749000e-09	9.999892e-01	4.892251e-05	
1900	3.751000e-09	9.999893e-01	4.910769e-05	
1901	3.753000e-09	9.999892e-01	4.892251e-05	
1902	3.755000e-09	9.999893e-01	4.910768e-05	
1903	3.757000e-09	9.999892e-01	4.892252e-05	
1904	3.759000e-09	9.999893e-01	4.910768e-05	
1905	3.761000e-09	9.999892e-01	4.892252e-05	
1906	3.763000e-09	9.999893e-01	4.910768e-05	
1907	3.765000e-09	9.999892e-01	4.892252e-05	
1908	3.767000e-09	9.999893e-01	4.910767e-05	
1909	3.769000e-09	9.999892e-01	4.892253e-05	
1910	3.771000e-09	9.999893e-01	4.910767e-05	

Index   time            v(dout_8)       v(rbl_delay)    
--------------------------------------------------------------------------------
1911	3.773000e-09	9.999892e-01	4.892253e-05	
1912	3.775000e-09	9.999893e-01	4.910766e-05	
1913	3.777000e-09	9.999892e-01	4.892254e-05	
1914	3.779000e-09	9.999893e-01	4.910766e-05	
1915	3.781000e-09	9.999892e-01	4.892255e-05	
1916	3.783000e-09	9.999893e-01	4.910765e-05	
1917	3.785000e-09	9.999892e-01	4.892256e-05	
1918	3.787000e-09	9.999893e-01	4.910764e-05	
1919	3.789000e-09	9.999892e-01	4.892256e-05	
1920	3.791000e-09	9.999893e-01	4.910763e-05	
1921	3.793000e-09	9.999892e-01	4.892257e-05	
1922	3.795000e-09	9.999893e-01	4.910762e-05	
1923	3.797000e-09	9.999892e-01	4.892258e-05	
1924	3.799000e-09	9.999893e-01	4.910761e-05	
1925	3.801000e-09	9.999892e-01	4.892260e-05	
1926	3.803000e-09	9.999893e-01	4.910760e-05	
1927	3.805000e-09	9.999892e-01	4.892261e-05	
1928	3.807000e-09	9.999893e-01	4.910758e-05	
1929	3.809000e-09	9.999892e-01	4.892262e-05	
1930	3.811000e-09	9.999893e-01	4.910757e-05	
1931	3.813000e-09	9.999892e-01	4.892264e-05	
1932	3.815000e-09	9.999893e-01	4.910756e-05	
1933	3.817000e-09	9.999892e-01	4.892265e-05	
1934	3.819000e-09	9.999893e-01	4.910754e-05	
1935	3.821000e-09	9.999892e-01	4.892267e-05	
1936	3.823000e-09	9.999893e-01	4.910753e-05	
1937	3.825000e-09	9.999892e-01	4.892268e-05	
1938	3.827000e-09	9.999893e-01	4.910751e-05	
1939	3.829000e-09	9.999892e-01	4.892270e-05	
1940	3.831000e-09	9.999893e-01	4.910749e-05	
1941	3.833000e-09	9.999892e-01	4.892272e-05	
1942	3.835000e-09	9.999893e-01	4.910747e-05	
1943	3.837000e-09	9.999892e-01	4.892274e-05	
1944	3.839000e-09	9.999893e-01	4.910745e-05	
1945	3.841000e-09	9.999892e-01	4.892275e-05	
1946	3.843000e-09	9.999893e-01	4.910743e-05	
1947	3.845000e-09	9.999892e-01	4.892277e-05	
1948	3.847000e-09	9.999893e-01	4.910741e-05	
1949	3.849000e-09	9.999892e-01	4.892280e-05	
1950	3.851000e-09	9.999893e-01	4.910739e-05	
1951	3.853000e-09	9.999892e-01	4.892282e-05	
1952	3.855000e-09	9.999893e-01	4.910737e-05	
1953	3.857000e-09	9.999892e-01	4.892284e-05	
1954	3.859000e-09	9.999893e-01	4.910735e-05	
1955	3.861000e-09	9.999892e-01	4.892286e-05	
1956	3.863000e-09	9.999893e-01	4.910733e-05	
1957	3.865000e-09	9.999892e-01	4.892289e-05	
1958	3.867000e-09	9.999893e-01	4.910730e-05	
1959	3.869000e-09	9.999892e-01	4.892291e-05	
1960	3.871000e-09	9.999893e-01	4.910728e-05	
1961	3.873000e-09	9.999892e-01	4.892293e-05	
1962	3.875000e-09	9.999893e-01	4.910725e-05	
1963	3.877000e-09	9.999892e-01	4.892296e-05	
1964	3.879000e-09	9.999893e-01	4.910723e-05	
1965	3.881000e-09	9.999892e-01	4.892299e-05	
1966	3.883000e-09	9.999893e-01	4.910720e-05	
1967	3.885000e-09	9.999892e-01	4.892301e-05	
1968	3.887000e-09	9.999893e-01	4.910717e-05	

Index   time            v(dout_8)       v(rbl_delay)    
--------------------------------------------------------------------------------
1969	3.889000e-09	9.999892e-01	4.892304e-05	
1970	3.891000e-09	9.999893e-01	4.910714e-05	
1971	3.893000e-09	9.999892e-01	4.892307e-05	
1972	3.895000e-09	9.999893e-01	4.910712e-05	
1973	3.897000e-09	9.999892e-01	4.892310e-05	
1974	3.899000e-09	9.999893e-01	4.910709e-05	
1975	3.901000e-09	9.999892e-01	4.892313e-05	
1976	3.903000e-09	9.999893e-01	4.910706e-05	
1977	3.905000e-09	9.999892e-01	4.892316e-05	
1978	3.907000e-09	9.999893e-01	4.910703e-05	
1979	3.909000e-09	9.999892e-01	4.892319e-05	
1980	3.911000e-09	9.999893e-01	4.910700e-05	
1981	3.913000e-09	9.999892e-01	4.892322e-05	
1982	3.915000e-09	9.999893e-01	4.910696e-05	
1983	3.917000e-09	9.999892e-01	4.892325e-05	
1984	3.919000e-09	9.999893e-01	4.910693e-05	
1985	3.921000e-09	9.999892e-01	4.892328e-05	
1986	3.923000e-09	9.999893e-01	4.910690e-05	
1987	3.925000e-09	9.999892e-01	4.892332e-05	
1988	3.927000e-09	9.999893e-01	4.910686e-05	
1989	3.929000e-09	9.999892e-01	4.892335e-05	
1990	3.931000e-09	9.999893e-01	4.910683e-05	
1991	3.933000e-09	9.999892e-01	4.892339e-05	
1992	3.935000e-09	9.999893e-01	4.910680e-05	
1993	3.937000e-09	9.999892e-01	4.892342e-05	
1994	3.939000e-09	9.999893e-01	4.910676e-05	
1995	3.941000e-09	9.999892e-01	4.892346e-05	
1996	3.943000e-09	9.999893e-01	4.910672e-05	
1997	3.945000e-09	9.999892e-01	4.892349e-05	
1998	3.947000e-09	9.999893e-01	4.910669e-05	
1999	3.949000e-09	9.999892e-01	4.892353e-05	
2000	3.951000e-09	9.999893e-01	4.910665e-05	
2001	3.953000e-09	9.999892e-01	4.892357e-05	
2002	3.955000e-09	9.999893e-01	4.910661e-05	
2003	3.957000e-09	9.999892e-01	4.892360e-05	
2004	3.959000e-09	9.999893e-01	4.910658e-05	
2005	3.961000e-09	9.999892e-01	4.892364e-05	
2006	3.963000e-09	9.999893e-01	4.910654e-05	
2007	3.965000e-09	9.999892e-01	4.892368e-05	
2008	3.967000e-09	9.999893e-01	4.910650e-05	
2009	3.969000e-09	9.999892e-01	4.892372e-05	
2010	3.971000e-09	9.999893e-01	4.910646e-05	
2011	3.973000e-09	9.999892e-01	4.892376e-05	
2012	3.975000e-09	9.999893e-01	4.910642e-05	
2013	3.977000e-09	9.999892e-01	4.892380e-05	
2014	3.979000e-09	9.999893e-01	4.910638e-05	
2015	3.981000e-09	9.999892e-01	4.892384e-05	
2016	3.983000e-09	9.999893e-01	4.910633e-05	
2017	3.985000e-09	9.999892e-01	4.892389e-05	
2018	3.987000e-09	9.999893e-01	4.910629e-05	
2019	3.989000e-09	9.999892e-01	4.892393e-05	
2020	3.991000e-09	9.999893e-01	4.910625e-05	
2021	3.993000e-09	9.999892e-01	4.892397e-05	
2022	3.995000e-09	9.999892e-01	4.910621e-05	
2023	3.997000e-09	9.999892e-01	4.892401e-05	
2024	3.999000e-09	9.999892e-01	4.910616e-05	
2025	4.000000e-09	9.999892e-01	4.892408e-05	


Total analysis time (seconds) = 0.509

Total elapsed time (seconds) = 0.538 

Total DRAM available = 515580.883 MB.
DRAM currently available = 78478.820 MB.
Maximum ngspice program size =   29.258 MB.
Current ngspice program size =   13.867 MB.

Shared ngspice pages =   10.957 MB.
Text (code) pages =    5.316 MB.
Stack = 0 bytes.
Library pages =   11.004 MB.

