
No compatibility mode selected!


Circuit: * delay chain pvt corner smoke

Doing analysis at TEMP = 25.000000 and TNOM = 27.000000

Warning: toxe, toxp and dtox all given and toxe != toxp + dtox; dtox ignored.
Note: Starting dynamic gmin stepping
Trying gmin =   1.0000E-03 Note: One successful gmin step
Trying gmin =   1.0000E-04 Note: One successful gmin step
Trying gmin =   1.0000E-05 Warning: Further gmin increment
Trying gmin =   5.6234E-05 Note: One successful gmin step
Trying gmin =   2.3714E-05 Note: One successful gmin step
Trying gmin =   6.4938E-06 Warning: Further gmin increment
Trying gmin =   1.7154E-05 Note: One successful gmin step
Trying gmin =   1.2409E-05 Note: One successful gmin step
Trying gmin =   7.6351E-06 Note: One successful gmin step
Trying gmin =   3.6847E-06 Note: One successful gmin step
Trying gmin =   1.2354E-06 Note: One successful gmin step
Trying gmin =   2.3982E-07 Note: One successful gmin step
Trying gmin =   2.3982E-08 Note: One successful gmin step
Trying gmin =   2.3982E-09 Note: One successful gmin step
Trying gmin =   2.3982E-10 Note: One successful gmin step
Trying gmin =   2.3982E-11 Note: One successful gmin step
Trying gmin =   2.3982E-12 Note: One successful gmin step
Trying gmin =   1.0000E-12 Note: One successful gmin step
Note: Dynamic gmin stepping completed

Initial Transient Solution
--------------------------

Node                                   Voltage
----                                   -------
vdd                                          1
rbl                                          0
dout_1                                0.999997
n_0_0                              3.96772e-06
n_0_1                              3.96772e-06
n_0_2                              3.96772e-06
n_0_3                              3.96772e-06
dout_2                             1.52689e-05
n_1_0                                 0.999999
n_1_1                                 0.999999
n_1_2                                 0.999999
n_1_3                                 0.999999
dout_3                                0.999997
n_2_0                              3.96772e-06
n_2_1                              3.96772e-06
n_2_2                              3.96772e-06
n_2_3                              3.96772e-06
dout_4                             1.52689e-05
n_3_0                                 0.999999
n_3_1                                 0.999999
n_3_2                                 0.999999
n_3_3                                 0.999999
dout_5                                0.999997
n_4_0                              3.96772e-06
n_4_1                              3.96772e-06
n_4_2                              3.96772e-06
n_4_3                              3.96772e-06
dout_6                             1.52689e-05
n_5_0                                 0.999999
n_5_1                                 0.999999
n_5_2                                 0.999999
n_5_3                                 0.999999
dout_7                                0.999997
n_6_0                              3.96772e-06
n_6_1                              3.96772e-06
n_6_2                              3.96772e-06
n_6_3                              3.96772e-06
dout_8                             1.52689e-05
n_7_0                                 0.999999
n_7_1                                 0.999999
n_7_2                                 0.999999
n_7_3                                 0.999999
rbl_delay                             0.999997
n_8_0                              3.96769e-06
n_8_1                              3.96769e-06
n_8_2                              3.96769e-06
n_8_3                              3.96769e-06
vin#branch                          7.0054e-10
vdd_src#branch                    -5.36247e-08


No. of Data Rows : 2026

  Measurements for Transient Analysis

smoke_delay_rise_to_fall=  2.157380e-10 targ=  2.707380e-10 trig=  5.500000e-11
smoke_delay_fall_to_rise=  2.067219e-10 targ=  1.771722e-09 trig=  1.565000e-09

                         * delay chain pvt corner smoke
                         Transient Analysis  Sun Jun 28 02:19:15  2026
--------------------------------------------------------------------------------
Index   time            v(rbl)          v(dout_1)       v(dout_4)       
--------------------------------------------------------------------------------
0	0.000000e+00	0.000000e+00	9.999969e-01	1.526886e-05	
1	2.000000e-14	0.000000e+00	9.999969e-01	1.526886e-05	
2	4.000000e-14	0.000000e+00	9.999969e-01	1.526886e-05	
3	8.000000e-14	0.000000e+00	9.999969e-01	1.526886e-05	
4	1.600000e-13	0.000000e+00	9.999969e-01	1.526886e-05	
5	3.200000e-13	0.000000e+00	9.999969e-01	1.526886e-05	
6	6.400000e-13	0.000000e+00	9.999969e-01	1.526886e-05	
7	1.280000e-12	0.000000e+00	9.999969e-01	1.526886e-05	
8	2.560000e-12	0.000000e+00	9.999969e-01	1.526886e-05	
9	4.560000e-12	0.000000e+00	9.999969e-01	1.526886e-05	
10	6.560000e-12	0.000000e+00	9.999969e-01	1.526886e-05	
11	8.560000e-12	0.000000e+00	9.999969e-01	1.526886e-05	
12	1.056000e-11	0.000000e+00	9.999969e-01	1.526886e-05	
13	1.256000e-11	0.000000e+00	9.999969e-01	1.526886e-05	
14	1.456000e-11	0.000000e+00	9.999969e-01	1.526886e-05	
15	1.656000e-11	0.000000e+00	9.999969e-01	1.526886e-05	
16	1.856000e-11	0.000000e+00	9.999969e-01	1.526886e-05	
17	2.056000e-11	0.000000e+00	9.999969e-01	1.526886e-05	
18	2.256000e-11	0.000000e+00	9.999969e-01	1.526886e-05	
19	2.456000e-11	0.000000e+00	9.999969e-01	1.526886e-05	
20	2.656000e-11	0.000000e+00	9.999969e-01	1.526886e-05	
21	2.856000e-11	0.000000e+00	9.999969e-01	1.526886e-05	
22	3.056000e-11	0.000000e+00	9.999969e-01	1.526886e-05	
23	3.256000e-11	0.000000e+00	9.999969e-01	1.526886e-05	
24	3.456000e-11	0.000000e+00	9.999969e-01	1.526886e-05	
25	3.656000e-11	0.000000e+00	9.999969e-01	1.526886e-05	
26	3.856000e-11	0.000000e+00	9.999969e-01	1.526886e-05	
27	4.056000e-11	0.000000e+00	9.999969e-01	1.526886e-05	
28	4.256000e-11	0.000000e+00	9.999969e-01	1.526886e-05	
29	4.456000e-11	0.000000e+00	9.999969e-01	1.526886e-05	
30	4.656000e-11	0.000000e+00	9.999969e-01	1.526886e-05	
31	4.856000e-11	0.000000e+00	9.999969e-01	1.526886e-05	
32	5.000000e-11	0.000000e+00	9.999969e-01	1.526886e-05	
33	5.020000e-11	2.000000e-02	1.002405e+00	1.612444e-05	
34	5.060000e-11	6.000000e-02	1.006855e+00	1.735003e-05	
35	5.140000e-11	1.400000e-01	1.014071e+00	1.793848e-05	
36	5.300000e-11	3.000000e-01	1.024869e+00	1.741305e-05	
37	5.500000e-11	5.000000e-01	1.031878e+00	1.587635e-05	
38	5.700000e-11	7.000000e-01	1.021311e+00	1.212890e-05	
39	5.900000e-11	9.000000e-01	9.852312e-01	7.387964e-06	
40	6.000000e-11	1.000000e+00	9.575970e-01	5.239096e-06	
41	6.020000e-11	1.000000e+00	9.498101e-01	4.406125e-06	
42	6.060000e-11	1.000000e+00	9.344145e-01	3.142362e-06	
43	6.140000e-11	1.000000e+00	9.043402e-01	2.197956e-06	
44	6.300000e-11	1.000000e+00	8.456973e-01	3.033593e-06	
45	6.500000e-11	1.000000e+00	7.741443e-01	6.134862e-06	
46	6.700000e-11	1.000000e+00	7.051322e-01	1.132268e-05	
47	6.900000e-11	1.000000e+00	6.422753e-01	2.131964e-05	
48	7.100000e-11	1.000000e+00	5.877394e-01	3.919343e-05	
49	7.300000e-11	1.000000e+00	5.407291e-01	6.278873e-05	
50	7.500000e-11	1.000000e+00	5.023849e-01	8.869944e-05	
51	7.700000e-11	1.000000e+00	4.731888e-01	1.118440e-04	
52	7.900000e-11	1.000000e+00	4.510122e-01	1.290165e-04	
53	8.100000e-11	1.000000e+00	4.329784e-01	1.402866e-04	
54	8.300000e-11	1.000000e+00	4.160646e-01	1.472774e-04	

Index   time            v(rbl)          v(dout_1)       v(dout_4)       
--------------------------------------------------------------------------------
55	8.500000e-11	1.000000e+00	3.960980e-01	1.530726e-04	
56	8.700000e-11	1.000000e+00	3.658803e-01	1.627825e-04	
57	8.900000e-11	1.000000e+00	3.267654e-01	1.821882e-04	
58	9.100000e-11	1.000000e+00	2.868882e-01	2.078958e-04	
59	9.300000e-11	1.000000e+00	2.495900e-01	2.243203e-04	
60	9.500000e-11	1.000000e+00	2.156774e-01	1.997087e-04	
61	9.700000e-11	1.000000e+00	1.853380e-01	8.112516e-05	
62	9.900000e-11	1.000000e+00	1.586510e-01	-1.83820e-04	
63	1.010000e-10	1.000000e+00	1.353838e-01	-6.70639e-04	
64	1.030000e-10	1.000000e+00	1.150255e-01	-1.41186e-03	
65	1.050000e-10	1.000000e+00	9.723854e-02	-2.31620e-03	
66	1.070000e-10	1.000000e+00	8.197405e-02	-3.29613e-03	
67	1.090000e-10	1.000000e+00	6.902356e-02	-4.30600e-03	
68	1.110000e-10	1.000000e+00	5.863447e-02	-5.30855e-03	
69	1.130000e-10	1.000000e+00	5.056342e-02	-6.31613e-03	
70	1.150000e-10	1.000000e+00	4.369204e-02	-7.19532e-03	
71	1.170000e-10	1.000000e+00	3.741695e-02	-7.26795e-03	
72	1.190000e-10	1.000000e+00	3.169175e-02	-5.17789e-03	
73	1.210000e-10	1.000000e+00	2.656402e-02	4.902487e-04	
74	1.230000e-10	1.000000e+00	2.207570e-02	1.084156e-02	
75	1.250000e-10	1.000000e+00	1.822970e-02	2.631931e-02	
76	1.270000e-10	1.000000e+00	1.498381e-02	4.643156e-02	
77	1.290000e-10	1.000000e+00	1.227074e-02	7.038699e-02	
78	1.310000e-10	1.000000e+00	1.001661e-02	9.752654e-02	
79	1.330000e-10	1.000000e+00	8.152233e-03	1.274725e-01	
80	1.350000e-10	1.000000e+00	6.607099e-03	1.603482e-01	
81	1.370000e-10	1.000000e+00	5.320505e-03	1.972499e-01	
82	1.390000e-10	1.000000e+00	4.271485e-03	2.400008e-01	
83	1.410000e-10	1.000000e+00	3.439528e-03	2.893660e-01	
84	1.430000e-10	1.000000e+00	2.779452e-03	3.445748e-01	
85	1.450000e-10	1.000000e+00	2.255068e-03	4.036445e-01	
86	1.470000e-10	1.000000e+00	1.836420e-03	4.641078e-01	
87	1.490000e-10	1.000000e+00	1.501308e-03	5.270300e-01	
88	1.510000e-10	1.000000e+00	1.230909e-03	5.884871e-01	
89	1.530000e-10	1.000000e+00	1.011853e-03	6.425867e-01	
90	1.550000e-10	1.000000e+00	8.337879e-04	6.882007e-01	
91	1.570000e-10	1.000000e+00	6.899447e-04	7.291012e-01	
92	1.590000e-10	1.000000e+00	5.731408e-04	7.676439e-01	
93	1.610000e-10	1.000000e+00	4.802524e-04	8.157861e-01	
94	1.630000e-10	1.000000e+00	4.042994e-04	8.710886e-01	
95	1.650000e-10	1.000000e+00	3.394223e-04	9.154030e-01	
96	1.670000e-10	1.000000e+00	2.838325e-04	9.452605e-01	
97	1.690000e-10	1.000000e+00	2.376525e-04	9.645534e-01	
98	1.710000e-10	1.000000e+00	1.994444e-04	9.767584e-01	
99	1.730000e-10	1.000000e+00	1.685963e-04	9.844501e-01	
100	1.750000e-10	1.000000e+00	1.432981e-04	9.894061e-01	
101	1.770000e-10	1.000000e+00	1.228981e-04	9.926686e-01	
102	1.790000e-10	1.000000e+00	1.058589e-04	9.948203e-01	
103	1.810000e-10	1.000000e+00	9.195958e-05	9.962010e-01	
104	1.830000e-10	1.000000e+00	8.007886e-05	9.970239e-01	
105	1.850000e-10	1.000000e+00	7.028848e-05	9.972857e-01	
106	1.870000e-10	1.000000e+00	6.174196e-05	9.970363e-01	
107	1.890000e-10	1.000000e+00	5.483294e-05	9.967185e-01	
108	1.910000e-10	1.000000e+00	4.878226e-05	9.966160e-01	
109	1.930000e-10	1.000000e+00	4.387220e-05	9.966816e-01	
110	1.950000e-10	1.000000e+00	3.941543e-05	9.968584e-01	
111	1.970000e-10	1.000000e+00	3.583641e-05	9.970962e-01	
112	1.990000e-10	1.000000e+00	3.251918e-05	9.973661e-01	

Index   time            v(rbl)          v(dout_1)       v(dout_4)       
--------------------------------------------------------------------------------
113	2.010000e-10	1.000000e+00	2.992490e-05	9.976320e-01	
114	2.030000e-10	1.000000e+00	2.746508e-05	9.978785e-01	
115	2.050000e-10	1.000000e+00	2.562260e-05	9.981079e-01	
116	2.070000e-10	1.000000e+00	2.382087e-05	9.983292e-01	
117	2.090000e-10	1.000000e+00	2.254470e-05	9.985434e-01	
118	2.110000e-10	1.000000e+00	2.123224e-05	9.987716e-01	
119	2.130000e-10	1.000000e+00	2.036327e-05	9.989792e-01	
120	2.150000e-10	1.000000e+00	1.938218e-05	9.991298e-01	
121	2.170000e-10	1.000000e+00	1.880308e-05	9.992372e-01	
122	2.190000e-10	1.000000e+00	1.808420e-05	9.993232e-01	
123	2.210000e-10	1.000000e+00	1.772800e-05	9.993980e-01	
124	2.230000e-10	1.000000e+00	1.719517e-05	9.994695e-01	
125	2.250000e-10	1.000000e+00	1.699022e-05	9.995371e-01	
126	2.270000e-10	1.000000e+00	1.658180e-05	9.996015e-01	
127	2.290000e-10	1.000000e+00	1.647813e-05	9.996595e-01	
128	2.310000e-10	1.000000e+00	1.615481e-05	9.997123e-01	
129	2.330000e-10	1.000000e+00	1.612137e-05	9.997575e-01	
130	2.350000e-10	1.000000e+00	1.585789e-05	9.997969e-01	
131	2.370000e-10	1.000000e+00	1.587389e-05	9.998294e-01	
132	2.390000e-10	1.000000e+00	1.565339e-05	9.998592e-01	
133	2.410000e-10	1.000000e+00	1.570415e-05	9.998842e-01	
134	2.430000e-10	1.000000e+00	1.551299e-05	9.999062e-01	
135	2.450000e-10	1.000000e+00	1.558711e-05	9.999234e-01	
136	2.470000e-10	1.000000e+00	1.541649e-05	9.999382e-01	
137	2.490000e-10	1.000000e+00	1.550681e-05	9.999492e-01	
138	2.510000e-10	1.000000e+00	1.535064e-05	9.999589e-01	
139	2.530000e-10	1.000000e+00	1.545104e-05	9.999657e-01	
140	2.550000e-10	1.000000e+00	1.530539e-05	9.999721e-01	
141	2.570000e-10	1.000000e+00	1.541504e-05	9.999764e-01	
142	2.590000e-10	1.000000e+00	1.527564e-05	9.999808e-01	
143	2.610000e-10	1.000000e+00	1.538911e-05	9.999835e-01	
144	2.630000e-10	1.000000e+00	1.525472e-05	9.999864e-01	
145	2.650000e-10	1.000000e+00	1.537110e-05	9.999877e-01	
146	2.670000e-10	1.000000e+00	1.524026e-05	9.999897e-01	
147	2.690000e-10	1.000000e+00	1.535863e-05	9.999905e-01	
148	2.710000e-10	1.000000e+00	1.523037e-05	9.999920e-01	
149	2.730000e-10	1.000000e+00	1.534990e-05	9.999924e-01	
150	2.750000e-10	1.000000e+00	1.522354e-05	9.999937e-01	
151	2.770000e-10	1.000000e+00	1.534296e-05	9.999938e-01	
152	2.790000e-10	1.000000e+00	1.521845e-05	9.999948e-01	
153	2.810000e-10	1.000000e+00	1.533972e-05	9.999947e-01	
154	2.830000e-10	1.000000e+00	1.521582e-05	9.999955e-01	
155	2.850000e-10	1.000000e+00	1.533638e-05	9.999953e-01	
156	2.870000e-10	1.000000e+00	1.521363e-05	9.999960e-01	
157	2.890000e-10	1.000000e+00	1.533325e-05	9.999957e-01	
158	2.910000e-10	1.000000e+00	1.521172e-05	9.999964e-01	
159	2.930000e-10	1.000000e+00	1.533194e-05	9.999960e-01	
160	2.950000e-10	1.000000e+00	1.521095e-05	9.999966e-01	
161	2.970000e-10	1.000000e+00	1.533088e-05	9.999962e-01	
162	2.990000e-10	1.000000e+00	1.521052e-05	9.999967e-01	
163	3.010000e-10	1.000000e+00	1.533003e-05	9.999963e-01	
164	3.030000e-10	1.000000e+00	1.521026e-05	9.999968e-01	
165	3.050000e-10	1.000000e+00	1.532934e-05	9.999964e-01	
166	3.070000e-10	1.000000e+00	1.521014e-05	9.999969e-01	
167	3.090000e-10	1.000000e+00	1.532876e-05	9.999965e-01	
168	3.110000e-10	1.000000e+00	1.521010e-05	9.999970e-01	
169	3.130000e-10	1.000000e+00	1.532826e-05	9.999965e-01	
170	3.150000e-10	1.000000e+00	1.521014e-05	9.999970e-01	

Index   time            v(rbl)          v(dout_1)       v(dout_4)       
--------------------------------------------------------------------------------
171	3.170000e-10	1.000000e+00	1.532782e-05	9.999965e-01	
172	3.190000e-10	1.000000e+00	1.521024e-05	9.999971e-01	
173	3.210000e-10	1.000000e+00	1.532744e-05	9.999966e-01	
174	3.230000e-10	1.000000e+00	1.521038e-05	9.999971e-01	
175	3.250000e-10	1.000000e+00	1.532710e-05	9.999966e-01	
176	3.270000e-10	1.000000e+00	1.521055e-05	9.999971e-01	
177	3.290000e-10	1.000000e+00	1.532678e-05	9.999966e-01	
178	3.310000e-10	1.000000e+00	1.521074e-05	9.999971e-01	
179	3.330000e-10	1.000000e+00	1.532648e-05	9.999966e-01	
180	3.350000e-10	1.000000e+00	1.521095e-05	9.999971e-01	
181	3.370000e-10	1.000000e+00	1.532620e-05	9.999966e-01	
182	3.390000e-10	1.000000e+00	1.521117e-05	9.999971e-01	
183	3.410000e-10	1.000000e+00	1.532593e-05	9.999966e-01	
184	3.430000e-10	1.000000e+00	1.521140e-05	9.999971e-01	
185	3.450000e-10	1.000000e+00	1.532566e-05	9.999966e-01	
186	3.470000e-10	1.000000e+00	1.521163e-05	9.999971e-01	
187	3.490000e-10	1.000000e+00	1.532540e-05	9.999966e-01	
188	3.510000e-10	1.000000e+00	1.521187e-05	9.999971e-01	
189	3.530000e-10	1.000000e+00	1.532515e-05	9.999966e-01	
190	3.550000e-10	1.000000e+00	1.521211e-05	9.999971e-01	
191	3.570000e-10	1.000000e+00	1.532490e-05	9.999966e-01	
192	3.590000e-10	1.000000e+00	1.521235e-05	9.999971e-01	
193	3.610000e-10	1.000000e+00	1.532465e-05	9.999966e-01	
194	3.630000e-10	1.000000e+00	1.521259e-05	9.999971e-01	
195	3.650000e-10	1.000000e+00	1.532440e-05	9.999966e-01	
196	3.670000e-10	1.000000e+00	1.521283e-05	9.999971e-01	
197	3.690000e-10	1.000000e+00	1.532416e-05	9.999966e-01	
198	3.710000e-10	1.000000e+00	1.521307e-05	9.999971e-01	
199	3.730000e-10	1.000000e+00	1.532392e-05	9.999966e-01	
200	3.750000e-10	1.000000e+00	1.521331e-05	9.999971e-01	
201	3.770000e-10	1.000000e+00	1.532367e-05	9.999966e-01	
202	3.790000e-10	1.000000e+00	1.521355e-05	9.999971e-01	
203	3.810000e-10	1.000000e+00	1.532343e-05	9.999966e-01	
204	3.830000e-10	1.000000e+00	1.521379e-05	9.999971e-01	
205	3.850000e-10	1.000000e+00	1.532319e-05	9.999966e-01	
206	3.870000e-10	1.000000e+00	1.521403e-05	9.999971e-01	
207	3.890000e-10	1.000000e+00	1.532295e-05	9.999966e-01	
208	3.910000e-10	1.000000e+00	1.521427e-05	9.999971e-01	
209	3.930000e-10	1.000000e+00	1.532271e-05	9.999966e-01	
210	3.950000e-10	1.000000e+00	1.521451e-05	9.999971e-01	
211	3.970000e-10	1.000000e+00	1.532247e-05	9.999966e-01	
212	3.990000e-10	1.000000e+00	1.521475e-05	9.999971e-01	
213	4.010000e-10	1.000000e+00	1.532223e-05	9.999966e-01	
214	4.030000e-10	1.000000e+00	1.521498e-05	9.999971e-01	
215	4.050000e-10	1.000000e+00	1.532200e-05	9.999967e-01	
216	4.070000e-10	1.000000e+00	1.521522e-05	9.999971e-01	
217	4.090000e-10	1.000000e+00	1.532176e-05	9.999967e-01	
218	4.110000e-10	1.000000e+00	1.521546e-05	9.999971e-01	
219	4.130000e-10	1.000000e+00	1.532152e-05	9.999967e-01	
220	4.150000e-10	1.000000e+00	1.521569e-05	9.999971e-01	
221	4.170000e-10	1.000000e+00	1.532129e-05	9.999967e-01	
222	4.190000e-10	1.000000e+00	1.521593e-05	9.999971e-01	
223	4.210000e-10	1.000000e+00	1.532105e-05	9.999967e-01	
224	4.230000e-10	1.000000e+00	1.521616e-05	9.999971e-01	
225	4.250000e-10	1.000000e+00	1.532082e-05	9.999967e-01	
226	4.270000e-10	1.000000e+00	1.521639e-05	9.999971e-01	
227	4.290000e-10	1.000000e+00	1.532059e-05	9.999967e-01	
228	4.310000e-10	1.000000e+00	1.521663e-05	9.999971e-01	

Index   time            v(rbl)          v(dout_1)       v(dout_4)       
--------------------------------------------------------------------------------
229	4.330000e-10	1.000000e+00	1.532035e-05	9.999967e-01	
230	4.350000e-10	1.000000e+00	1.521686e-05	9.999971e-01	
231	4.370000e-10	1.000000e+00	1.532012e-05	9.999967e-01	
232	4.390000e-10	1.000000e+00	1.521709e-05	9.999971e-01	
233	4.410000e-10	1.000000e+00	1.531989e-05	9.999967e-01	
234	4.430000e-10	1.000000e+00	1.521732e-05	9.999971e-01	
235	4.450000e-10	1.000000e+00	1.531966e-05	9.999967e-01	
236	4.470000e-10	1.000000e+00	1.521755e-05	9.999971e-01	
237	4.490000e-10	1.000000e+00	1.531943e-05	9.999967e-01	
238	4.510000e-10	1.000000e+00	1.521778e-05	9.999971e-01	
239	4.530000e-10	1.000000e+00	1.531920e-05	9.999967e-01	
240	4.550000e-10	1.000000e+00	1.521801e-05	9.999971e-01	
241	4.570000e-10	1.000000e+00	1.531897e-05	9.999967e-01	
242	4.590000e-10	1.000000e+00	1.521824e-05	9.999971e-01	
243	4.610000e-10	1.000000e+00	1.531874e-05	9.999967e-01	
244	4.630000e-10	1.000000e+00	1.521847e-05	9.999971e-01	
245	4.650000e-10	1.000000e+00	1.531852e-05	9.999967e-01	
246	4.670000e-10	1.000000e+00	1.521870e-05	9.999971e-01	
247	4.690000e-10	1.000000e+00	1.531829e-05	9.999967e-01	
248	4.710000e-10	1.000000e+00	1.521892e-05	9.999971e-01	
249	4.730000e-10	1.000000e+00	1.531806e-05	9.999967e-01	
250	4.750000e-10	1.000000e+00	1.521915e-05	9.999971e-01	
251	4.770000e-10	1.000000e+00	1.531784e-05	9.999967e-01	
252	4.790000e-10	1.000000e+00	1.521938e-05	9.999971e-01	
253	4.810000e-10	1.000000e+00	1.531761e-05	9.999967e-01	
254	4.830000e-10	1.000000e+00	1.521960e-05	9.999971e-01	
255	4.850000e-10	1.000000e+00	1.531739e-05	9.999967e-01	
256	4.870000e-10	1.000000e+00	1.521983e-05	9.999971e-01	
257	4.890000e-10	1.000000e+00	1.531716e-05	9.999967e-01	
258	4.910000e-10	1.000000e+00	1.522005e-05	9.999971e-01	
259	4.930000e-10	1.000000e+00	1.531694e-05	9.999967e-01	
260	4.950000e-10	1.000000e+00	1.522027e-05	9.999971e-01	
261	4.970000e-10	1.000000e+00	1.531672e-05	9.999967e-01	
262	4.990000e-10	1.000000e+00	1.522049e-05	9.999971e-01	
263	5.010000e-10	1.000000e+00	1.531649e-05	9.999967e-01	
264	5.030000e-10	1.000000e+00	1.522072e-05	9.999971e-01	
265	5.050000e-10	1.000000e+00	1.531627e-05	9.999967e-01	
266	5.070000e-10	1.000000e+00	1.522094e-05	9.999971e-01	
267	5.090000e-10	1.000000e+00	1.531605e-05	9.999967e-01	
268	5.110000e-10	1.000000e+00	1.522116e-05	9.999971e-01	
269	5.130000e-10	1.000000e+00	1.531583e-05	9.999967e-01	
270	5.150000e-10	1.000000e+00	1.522138e-05	9.999971e-01	
271	5.170000e-10	1.000000e+00	1.531628e-05	9.999967e-01	
272	5.190000e-10	1.000000e+00	1.522194e-05	9.999971e-01	
273	5.210000e-10	1.000000e+00	1.531499e-05	9.999967e-01	
274	5.230000e-10	1.000000e+00	1.522162e-05	9.999971e-01	
275	5.250000e-10	1.000000e+00	1.531496e-05	9.999967e-01	
276	5.270000e-10	1.000000e+00	1.522188e-05	9.999971e-01	
277	5.290000e-10	1.000000e+00	1.531550e-05	9.999967e-01	
278	5.310000e-10	1.000000e+00	1.522252e-05	9.999971e-01	
279	5.330000e-10	1.000000e+00	1.531428e-05	9.999967e-01	
280	5.350000e-10	1.000000e+00	1.522225e-05	9.999971e-01	
281	5.370000e-10	1.000000e+00	1.531430e-05	9.999967e-01	
282	5.390000e-10	1.000000e+00	1.522254e-05	9.999971e-01	
283	5.410000e-10	1.000000e+00	1.531486e-05	9.999967e-01	
284	5.430000e-10	1.000000e+00	1.522319e-05	9.999971e-01	
285	5.450000e-10	1.000000e+00	1.531365e-05	9.999967e-01	
286	5.470000e-10	1.000000e+00	1.522291e-05	9.999971e-01	

Index   time            v(rbl)          v(dout_1)       v(dout_4)       
--------------------------------------------------------------------------------
287	5.490000e-10	1.000000e+00	1.531367e-05	9.999967e-01	
288	5.510000e-10	1.000000e+00	1.522320e-05	9.999971e-01	
289	5.530000e-10	1.000000e+00	1.531423e-05	9.999967e-01	
290	5.550000e-10	1.000000e+00	1.522385e-05	9.999971e-01	
291	5.570000e-10	1.000000e+00	1.531302e-05	9.999967e-01	
292	5.590000e-10	1.000000e+00	1.522357e-05	9.999971e-01	
293	5.610000e-10	1.000000e+00	1.531304e-05	9.999967e-01	
294	5.630000e-10	1.000000e+00	1.522385e-05	9.999971e-01	
295	5.650000e-10	1.000000e+00	1.531360e-05	9.999967e-01	
296	5.670000e-10	1.000000e+00	1.522449e-05	9.999971e-01	
297	5.690000e-10	1.000000e+00	1.531239e-05	9.999967e-01	
298	5.710000e-10	1.000000e+00	1.522422e-05	9.999971e-01	
299	5.730000e-10	1.000000e+00	1.531241e-05	9.999967e-01	
300	5.750000e-10	1.000000e+00	1.522449e-05	9.999971e-01	
301	5.770000e-10	1.000000e+00	1.531296e-05	9.999967e-01	
302	5.790000e-10	1.000000e+00	1.522513e-05	9.999971e-01	
303	5.810000e-10	1.000000e+00	1.531176e-05	9.999967e-01	
304	5.830000e-10	1.000000e+00	1.522485e-05	9.999971e-01	
305	5.850000e-10	1.000000e+00	1.531178e-05	9.999967e-01	
306	5.870000e-10	1.000000e+00	1.522513e-05	9.999971e-01	
307	5.890000e-10	1.000000e+00	1.531233e-05	9.999967e-01	
308	5.910000e-10	1.000000e+00	1.522576e-05	9.999971e-01	
309	5.930000e-10	1.000000e+00	1.531113e-05	9.999967e-01	
310	5.950000e-10	1.000000e+00	1.522548e-05	9.999971e-01	
311	5.970000e-10	1.000000e+00	1.531181e-05	9.999967e-01	
312	5.990000e-10	1.000000e+00	1.522610e-05	9.999971e-01	
313	6.010000e-10	1.000000e+00	1.531065e-05	9.999967e-01	
314	6.030000e-10	1.000000e+00	1.522585e-05	9.999971e-01	
315	6.050000e-10	1.000000e+00	1.531136e-05	9.999967e-01	
316	6.070000e-10	1.000000e+00	1.522649e-05	9.999971e-01	
317	6.090000e-10	1.000000e+00	1.531022e-05	9.999967e-01	
318	6.110000e-10	1.000000e+00	1.522626e-05	9.999971e-01	
319	6.130000e-10	1.000000e+00	1.531095e-05	9.999967e-01	
320	6.150000e-10	1.000000e+00	1.522690e-05	9.999971e-01	
321	6.170000e-10	1.000000e+00	1.530981e-05	9.999967e-01	
322	6.190000e-10	1.000000e+00	1.522668e-05	9.999971e-01	
323	6.210000e-10	1.000000e+00	1.531054e-05	9.999967e-01	
324	6.230000e-10	1.000000e+00	1.522732e-05	9.999971e-01	
325	6.250000e-10	1.000000e+00	1.530941e-05	9.999967e-01	
326	6.270000e-10	1.000000e+00	1.522709e-05	9.999971e-01	
327	6.290000e-10	1.000000e+00	1.531013e-05	9.999967e-01	
328	6.310000e-10	1.000000e+00	1.522774e-05	9.999971e-01	
329	6.330000e-10	1.000000e+00	1.530901e-05	9.999967e-01	
330	6.350000e-10	1.000000e+00	1.522750e-05	9.999971e-01	
331	6.370000e-10	1.000000e+00	1.530973e-05	9.999967e-01	
332	6.390000e-10	1.000000e+00	1.522815e-05	9.999971e-01	
333	6.410000e-10	1.000000e+00	1.530860e-05	9.999967e-01	
334	6.430000e-10	1.000000e+00	1.522791e-05	9.999971e-01	
335	6.450000e-10	1.000000e+00	1.530933e-05	9.999967e-01	
336	6.470000e-10	1.000000e+00	1.522855e-05	9.999971e-01	
337	6.490000e-10	1.000000e+00	1.530820e-05	9.999967e-01	
338	6.510000e-10	1.000000e+00	1.522832e-05	9.999971e-01	
339	6.530000e-10	1.000000e+00	1.530892e-05	9.999967e-01	
340	6.550000e-10	1.000000e+00	1.522896e-05	9.999971e-01	
341	6.570000e-10	1.000000e+00	1.530780e-05	9.999967e-01	
342	6.590000e-10	1.000000e+00	1.522872e-05	9.999971e-01	
343	6.610000e-10	1.000000e+00	1.530852e-05	9.999967e-01	
344	6.630000e-10	1.000000e+00	1.522936e-05	9.999971e-01	

Index   time            v(rbl)          v(dout_1)       v(dout_4)       
--------------------------------------------------------------------------------
345	6.650000e-10	1.000000e+00	1.530740e-05	9.999967e-01	
346	6.670000e-10	1.000000e+00	1.522912e-05	9.999971e-01	
347	6.690000e-10	1.000000e+00	1.530812e-05	9.999967e-01	
348	6.710000e-10	1.000000e+00	1.522975e-05	9.999971e-01	
349	6.730000e-10	1.000000e+00	1.530700e-05	9.999967e-01	
350	6.750000e-10	1.000000e+00	1.522952e-05	9.999971e-01	
351	6.770000e-10	1.000000e+00	1.530773e-05	9.999967e-01	
352	6.790000e-10	1.000000e+00	1.523015e-05	9.999971e-01	
353	6.810000e-10	1.000000e+00	1.530661e-05	9.999967e-01	
354	6.830000e-10	1.000000e+00	1.522991e-05	9.999971e-01	
355	6.850000e-10	1.000000e+00	1.530733e-05	9.999967e-01	
356	6.870000e-10	1.000000e+00	1.523055e-05	9.999971e-01	
357	6.890000e-10	1.000000e+00	1.530621e-05	9.999967e-01	
358	6.910000e-10	1.000000e+00	1.523031e-05	9.999971e-01	
359	6.930000e-10	1.000000e+00	1.530694e-05	9.999967e-01	
360	6.950000e-10	1.000000e+00	1.523094e-05	9.999971e-01	
361	6.970000e-10	1.000000e+00	1.530582e-05	9.999967e-01	
362	6.990000e-10	1.000000e+00	1.523070e-05	9.999971e-01	
363	7.010000e-10	1.000000e+00	1.530654e-05	9.999967e-01	
364	7.030000e-10	1.000000e+00	1.523133e-05	9.999971e-01	
365	7.050000e-10	1.000000e+00	1.530543e-05	9.999967e-01	
366	7.070000e-10	1.000000e+00	1.523109e-05	9.999971e-01	
367	7.090000e-10	1.000000e+00	1.530615e-05	9.999967e-01	
368	7.110000e-10	1.000000e+00	1.523172e-05	9.999971e-01	
369	7.130000e-10	1.000000e+00	1.530504e-05	9.999967e-01	
370	7.150000e-10	1.000000e+00	1.523148e-05	9.999971e-01	
371	7.170000e-10	1.000000e+00	1.530577e-05	9.999967e-01	
372	7.190000e-10	1.000000e+00	1.523211e-05	9.999971e-01	
373	7.210000e-10	1.000000e+00	1.530466e-05	9.999967e-01	
374	7.230000e-10	1.000000e+00	1.523186e-05	9.999971e-01	
375	7.250000e-10	1.000000e+00	1.530538e-05	9.999967e-01	
376	7.270000e-10	1.000000e+00	1.523249e-05	9.999971e-01	
377	7.290000e-10	1.000000e+00	1.530428e-05	9.999967e-01	
378	7.310000e-10	1.000000e+00	1.523225e-05	9.999971e-01	
379	7.330000e-10	1.000000e+00	1.530500e-05	9.999967e-01	
380	7.350000e-10	1.000000e+00	1.523287e-05	9.999971e-01	
381	7.370000e-10	1.000000e+00	1.530389e-05	9.999967e-01	
382	7.390000e-10	1.000000e+00	1.523263e-05	9.999971e-01	
383	7.410000e-10	1.000000e+00	1.530462e-05	9.999967e-01	
384	7.430000e-10	1.000000e+00	1.523325e-05	9.999971e-01	
385	7.450000e-10	1.000000e+00	1.530418e-05	9.999967e-01	
386	7.470000e-10	1.000000e+00	1.523335e-05	9.999971e-01	
387	7.490000e-10	1.000000e+00	1.530319e-05	9.999967e-01	
388	7.510000e-10	1.000000e+00	1.523310e-05	9.999971e-01	
389	7.530000e-10	1.000000e+00	1.530396e-05	9.999967e-01	
390	7.550000e-10	1.000000e+00	1.523376e-05	9.999971e-01	
391	7.570000e-10	1.000000e+00	1.530357e-05	9.999967e-01	
392	7.590000e-10	1.000000e+00	1.523390e-05	9.999971e-01	
393	7.610000e-10	1.000000e+00	1.530261e-05	9.999967e-01	
394	7.630000e-10	1.000000e+00	1.523366e-05	9.999971e-01	
395	7.650000e-10	1.000000e+00	1.530340e-05	9.999967e-01	
396	7.670000e-10	1.000000e+00	1.523433e-05	9.999971e-01	
397	7.690000e-10	1.000000e+00	1.530302e-05	9.999967e-01	
398	7.710000e-10	1.000000e+00	1.523447e-05	9.999971e-01	
399	7.730000e-10	1.000000e+00	1.530206e-05	9.999967e-01	
400	7.750000e-10	1.000000e+00	1.523423e-05	9.999971e-01	
401	7.770000e-10	1.000000e+00	1.530285e-05	9.999967e-01	
402	7.790000e-10	1.000000e+00	1.523490e-05	9.999971e-01	

Index   time            v(rbl)          v(dout_1)       v(dout_4)       
--------------------------------------------------------------------------------
403	7.810000e-10	1.000000e+00	1.530247e-05	9.999967e-01	
404	7.830000e-10	1.000000e+00	1.523503e-05	9.999971e-01	
405	7.850000e-10	1.000000e+00	1.530151e-05	9.999967e-01	
406	7.870000e-10	1.000000e+00	1.523479e-05	9.999971e-01	
407	7.890000e-10	1.000000e+00	1.530230e-05	9.999967e-01	
408	7.910000e-10	1.000000e+00	1.523546e-05	9.999971e-01	
409	7.930000e-10	1.000000e+00	1.530192e-05	9.999967e-01	
410	7.950000e-10	1.000000e+00	1.523559e-05	9.999971e-01	
411	7.970000e-10	1.000000e+00	1.530096e-05	9.999967e-01	
412	7.990000e-10	1.000000e+00	1.523535e-05	9.999971e-01	
413	8.010000e-10	1.000000e+00	1.530175e-05	9.999967e-01	
414	8.030000e-10	1.000000e+00	1.523601e-05	9.999971e-01	
415	8.050000e-10	1.000000e+00	1.530137e-05	9.999967e-01	
416	8.070000e-10	1.000000e+00	1.523614e-05	9.999971e-01	
417	8.090000e-10	1.000000e+00	1.530041e-05	9.999967e-01	
418	8.110000e-10	1.000000e+00	1.523589e-05	9.999971e-01	
419	8.130000e-10	1.000000e+00	1.530120e-05	9.999967e-01	
420	8.150000e-10	1.000000e+00	1.523656e-05	9.999971e-01	
421	8.170000e-10	1.000000e+00	1.530082e-05	9.999967e-01	
422	8.190000e-10	1.000000e+00	1.523669e-05	9.999971e-01	
423	8.210000e-10	1.000000e+00	1.529987e-05	9.999967e-01	
424	8.230000e-10	1.000000e+00	1.523644e-05	9.999971e-01	
425	8.250000e-10	1.000000e+00	1.530066e-05	9.999967e-01	
426	8.270000e-10	1.000000e+00	1.523710e-05	9.999971e-01	
427	8.290000e-10	1.000000e+00	1.530028e-05	9.999967e-01	
428	8.310000e-10	1.000000e+00	1.523723e-05	9.999971e-01	
429	8.330000e-10	1.000000e+00	1.529933e-05	9.999967e-01	
430	8.350000e-10	1.000000e+00	1.523698e-05	9.999971e-01	
431	8.370000e-10	1.000000e+00	1.530012e-05	9.999967e-01	
432	8.390000e-10	1.000000e+00	1.523764e-05	9.999971e-01	
433	8.410000e-10	1.000000e+00	1.529974e-05	9.999967e-01	
434	8.430000e-10	1.000000e+00	1.523776e-05	9.999971e-01	
435	8.450000e-10	1.000000e+00	1.529945e-05	9.999967e-01	
436	8.470000e-10	1.000000e+00	1.523786e-05	9.999971e-01	
437	8.490000e-10	1.000000e+00	1.529920e-05	9.999967e-01	
438	8.510000e-10	1.000000e+00	1.523798e-05	9.999971e-01	
439	8.530000e-10	1.000000e+00	1.529899e-05	9.999967e-01	
440	8.550000e-10	1.000000e+00	1.523814e-05	9.999971e-01	
441	8.570000e-10	1.000000e+00	1.529880e-05	9.999967e-01	
442	8.590000e-10	1.000000e+00	1.523831e-05	9.999971e-01	
443	8.610000e-10	1.000000e+00	1.529862e-05	9.999967e-01	
444	8.630000e-10	1.000000e+00	1.523849e-05	9.999971e-01	
445	8.650000e-10	1.000000e+00	1.529845e-05	9.999967e-01	
446	8.670000e-10	1.000000e+00	1.523867e-05	9.999971e-01	
447	8.690000e-10	1.000000e+00	1.529828e-05	9.999967e-01	
448	8.710000e-10	1.000000e+00	1.523886e-05	9.999971e-01	
449	8.730000e-10	1.000000e+00	1.529811e-05	9.999967e-01	
450	8.750000e-10	1.000000e+00	1.523903e-05	9.999971e-01	
451	8.770000e-10	1.000000e+00	1.529794e-05	9.999967e-01	
452	8.790000e-10	1.000000e+00	1.523922e-05	9.999971e-01	
453	8.810000e-10	1.000000e+00	1.529777e-05	9.999967e-01	
454	8.830000e-10	1.000000e+00	1.523939e-05	9.999971e-01	
455	8.850000e-10	1.000000e+00	1.529760e-05	9.999967e-01	
456	8.870000e-10	1.000000e+00	1.523957e-05	9.999971e-01	
457	8.890000e-10	1.000000e+00	1.529743e-05	9.999967e-01	
458	8.910000e-10	1.000000e+00	1.523974e-05	9.999971e-01	
459	8.930000e-10	1.000000e+00	1.529726e-05	9.999967e-01	
460	8.950000e-10	1.000000e+00	1.523992e-05	9.999971e-01	

Index   time            v(rbl)          v(dout_1)       v(dout_4)       
--------------------------------------------------------------------------------
461	8.970000e-10	1.000000e+00	1.529708e-05	9.999967e-01	
462	8.990000e-10	1.000000e+00	1.524009e-05	9.999971e-01	
463	9.010000e-10	1.000000e+00	1.529691e-05	9.999967e-01	
464	9.030000e-10	1.000000e+00	1.524027e-05	9.999971e-01	
465	9.050000e-10	1.000000e+00	1.529674e-05	9.999967e-01	
466	9.070000e-10	1.000000e+00	1.524044e-05	9.999971e-01	
467	9.090000e-10	1.000000e+00	1.529657e-05	9.999967e-01	
468	9.110000e-10	1.000000e+00	1.524062e-05	9.999971e-01	
469	9.130000e-10	1.000000e+00	1.529640e-05	9.999967e-01	
470	9.150000e-10	1.000000e+00	1.524078e-05	9.999971e-01	
471	9.170000e-10	1.000000e+00	1.529623e-05	9.999967e-01	
472	9.190000e-10	1.000000e+00	1.524096e-05	9.999971e-01	
473	9.210000e-10	1.000000e+00	1.529606e-05	9.999967e-01	
474	9.230000e-10	1.000000e+00	1.524112e-05	9.999971e-01	
475	9.250000e-10	1.000000e+00	1.529589e-05	9.999967e-01	
476	9.270000e-10	1.000000e+00	1.524130e-05	9.999971e-01	
477	9.290000e-10	1.000000e+00	1.529572e-05	9.999967e-01	
478	9.310000e-10	1.000000e+00	1.524146e-05	9.999971e-01	
479	9.330000e-10	1.000000e+00	1.529555e-05	9.999967e-01	
480	9.350000e-10	1.000000e+00	1.524164e-05	9.999971e-01	
481	9.370000e-10	1.000000e+00	1.529538e-05	9.999967e-01	
482	9.390000e-10	1.000000e+00	1.524180e-05	9.999971e-01	
483	9.410000e-10	1.000000e+00	1.529521e-05	9.999967e-01	
484	9.430000e-10	1.000000e+00	1.524197e-05	9.999971e-01	
485	9.450000e-10	1.000000e+00	1.529504e-05	9.999967e-01	
486	9.470000e-10	1.000000e+00	1.524214e-05	9.999971e-01	
487	9.490000e-10	1.000000e+00	1.529488e-05	9.999967e-01	
488	9.510000e-10	1.000000e+00	1.524231e-05	9.999971e-01	
489	9.530000e-10	1.000000e+00	1.529471e-05	9.999967e-01	
490	9.550000e-10	1.000000e+00	1.524247e-05	9.999971e-01	
491	9.570000e-10	1.000000e+00	1.529454e-05	9.999967e-01	
492	9.590000e-10	1.000000e+00	1.524264e-05	9.999971e-01	
493	9.610000e-10	1.000000e+00	1.529438e-05	9.999967e-01	
494	9.630000e-10	1.000000e+00	1.524281e-05	9.999971e-01	
495	9.650000e-10	1.000000e+00	1.529421e-05	9.999967e-01	
496	9.670000e-10	1.000000e+00	1.524297e-05	9.999971e-01	
497	9.690000e-10	1.000000e+00	1.529405e-05	9.999967e-01	
498	9.710000e-10	1.000000e+00	1.524314e-05	9.999971e-01	
499	9.730000e-10	1.000000e+00	1.529388e-05	9.999967e-01	
500	9.750000e-10	1.000000e+00	1.524330e-05	9.999971e-01	
501	9.770000e-10	1.000000e+00	1.529371e-05	9.999967e-01	
502	9.790000e-10	1.000000e+00	1.524347e-05	9.999971e-01	
503	9.810000e-10	1.000000e+00	1.529355e-05	9.999967e-01	
504	9.830000e-10	1.000000e+00	1.524364e-05	9.999971e-01	
505	9.850000e-10	1.000000e+00	1.529339e-05	9.999967e-01	
506	9.870000e-10	1.000000e+00	1.524380e-05	9.999971e-01	
507	9.890000e-10	1.000000e+00	1.529322e-05	9.999967e-01	
508	9.910000e-10	1.000000e+00	1.524396e-05	9.999971e-01	
509	9.930000e-10	1.000000e+00	1.529306e-05	9.999967e-01	
510	9.950000e-10	1.000000e+00	1.524413e-05	9.999971e-01	
511	9.970000e-10	1.000000e+00	1.529290e-05	9.999967e-01	
512	9.990000e-10	1.000000e+00	1.524429e-05	9.999971e-01	
513	1.001000e-09	1.000000e+00	1.529273e-05	9.999967e-01	
514	1.003000e-09	1.000000e+00	1.524445e-05	9.999971e-01	
515	1.005000e-09	1.000000e+00	1.529257e-05	9.999967e-01	
516	1.007000e-09	1.000000e+00	1.524461e-05	9.999971e-01	
517	1.009000e-09	1.000000e+00	1.529241e-05	9.999967e-01	
518	1.011000e-09	1.000000e+00	1.524477e-05	9.999971e-01	

Index   time            v(rbl)          v(dout_1)       v(dout_4)       
--------------------------------------------------------------------------------
519	1.013000e-09	1.000000e+00	1.529225e-05	9.999967e-01	
520	1.015000e-09	1.000000e+00	1.524493e-05	9.999971e-01	
521	1.017000e-09	1.000000e+00	1.529209e-05	9.999967e-01	
522	1.019000e-09	1.000000e+00	1.524510e-05	9.999971e-01	
523	1.021000e-09	1.000000e+00	1.529193e-05	9.999967e-01	
524	1.023000e-09	1.000000e+00	1.524525e-05	9.999971e-01	
525	1.025000e-09	1.000000e+00	1.529177e-05	9.999967e-01	
526	1.027000e-09	1.000000e+00	1.524541e-05	9.999971e-01	
527	1.029000e-09	1.000000e+00	1.529161e-05	9.999967e-01	
528	1.031000e-09	1.000000e+00	1.524558e-05	9.999971e-01	
529	1.033000e-09	1.000000e+00	1.529145e-05	9.999967e-01	
530	1.035000e-09	1.000000e+00	1.524573e-05	9.999971e-01	
531	1.037000e-09	1.000000e+00	1.529129e-05	9.999967e-01	
532	1.039000e-09	1.000000e+00	1.524589e-05	9.999971e-01	
533	1.041000e-09	1.000000e+00	1.529113e-05	9.999967e-01	
534	1.043000e-09	1.000000e+00	1.524605e-05	9.999971e-01	
535	1.045000e-09	1.000000e+00	1.529097e-05	9.999967e-01	
536	1.047000e-09	1.000000e+00	1.524621e-05	9.999971e-01	
537	1.049000e-09	1.000000e+00	1.529081e-05	9.999967e-01	
538	1.051000e-09	1.000000e+00	1.524637e-05	9.999971e-01	
539	1.053000e-09	1.000000e+00	1.529066e-05	9.999967e-01	
540	1.055000e-09	1.000000e+00	1.524652e-05	9.999971e-01	
541	1.057000e-09	1.000000e+00	1.529050e-05	9.999967e-01	
542	1.059000e-09	1.000000e+00	1.524668e-05	9.999971e-01	
543	1.061000e-09	1.000000e+00	1.529034e-05	9.999967e-01	
544	1.063000e-09	1.000000e+00	1.524684e-05	9.999971e-01	
545	1.065000e-09	1.000000e+00	1.529019e-05	9.999967e-01	
546	1.067000e-09	1.000000e+00	1.524699e-05	9.999971e-01	
547	1.069000e-09	1.000000e+00	1.529003e-05	9.999967e-01	
548	1.071000e-09	1.000000e+00	1.524715e-05	9.999971e-01	
549	1.073000e-09	1.000000e+00	1.528987e-05	9.999967e-01	
550	1.075000e-09	1.000000e+00	1.524731e-05	9.999971e-01	
551	1.077000e-09	1.000000e+00	1.528972e-05	9.999967e-01	
552	1.079000e-09	1.000000e+00	1.524746e-05	9.999971e-01	
553	1.081000e-09	1.000000e+00	1.528956e-05	9.999967e-01	
554	1.083000e-09	1.000000e+00	1.524762e-05	9.999971e-01	
555	1.085000e-09	1.000000e+00	1.528941e-05	9.999967e-01	
556	1.087000e-09	1.000000e+00	1.524777e-05	9.999971e-01	
557	1.089000e-09	1.000000e+00	1.528925e-05	9.999967e-01	
558	1.091000e-09	1.000000e+00	1.524792e-05	9.999971e-01	
559	1.093000e-09	1.000000e+00	1.528910e-05	9.999967e-01	
560	1.095000e-09	1.000000e+00	1.524808e-05	9.999971e-01	
561	1.097000e-09	1.000000e+00	1.528895e-05	9.999967e-01	
562	1.099000e-09	1.000000e+00	1.524823e-05	9.999971e-01	
563	1.101000e-09	1.000000e+00	1.528879e-05	9.999967e-01	
564	1.103000e-09	1.000000e+00	1.524838e-05	9.999971e-01	
565	1.105000e-09	1.000000e+00	1.528864e-05	9.999967e-01	
566	1.107000e-09	1.000000e+00	1.524854e-05	9.999971e-01	
567	1.109000e-09	1.000000e+00	1.528849e-05	9.999967e-01	
568	1.111000e-09	1.000000e+00	1.524869e-05	9.999971e-01	
569	1.113000e-09	1.000000e+00	1.528834e-05	9.999967e-01	
570	1.115000e-09	1.000000e+00	1.524884e-05	9.999971e-01	
571	1.117000e-09	1.000000e+00	1.528818e-05	9.999967e-01	
572	1.119000e-09	1.000000e+00	1.524899e-05	9.999971e-01	
573	1.121000e-09	1.000000e+00	1.528803e-05	9.999967e-01	
574	1.123000e-09	1.000000e+00	1.524914e-05	9.999971e-01	
575	1.125000e-09	1.000000e+00	1.528788e-05	9.999967e-01	
576	1.127000e-09	1.000000e+00	1.524930e-05	9.999971e-01	

Index   time            v(rbl)          v(dout_1)       v(dout_4)       
--------------------------------------------------------------------------------
577	1.129000e-09	1.000000e+00	1.528773e-05	9.999967e-01	
578	1.131000e-09	1.000000e+00	1.524945e-05	9.999971e-01	
579	1.133000e-09	1.000000e+00	1.528758e-05	9.999967e-01	
580	1.135000e-09	1.000000e+00	1.524960e-05	9.999971e-01	
581	1.137000e-09	1.000000e+00	1.528743e-05	9.999967e-01	
582	1.139000e-09	1.000000e+00	1.524975e-05	9.999971e-01	
583	1.141000e-09	1.000000e+00	1.528728e-05	9.999967e-01	
584	1.143000e-09	1.000000e+00	1.524990e-05	9.999971e-01	
585	1.145000e-09	1.000000e+00	1.528713e-05	9.999967e-01	
586	1.147000e-09	1.000000e+00	1.525004e-05	9.999971e-01	
587	1.149000e-09	1.000000e+00	1.528698e-05	9.999967e-01	
588	1.151000e-09	1.000000e+00	1.525019e-05	9.999971e-01	
589	1.153000e-09	1.000000e+00	1.528683e-05	9.999967e-01	
590	1.155000e-09	1.000000e+00	1.525034e-05	9.999971e-01	
591	1.157000e-09	1.000000e+00	1.528669e-05	9.999967e-01	
592	1.159000e-09	1.000000e+00	1.525049e-05	9.999971e-01	
593	1.161000e-09	1.000000e+00	1.528654e-05	9.999967e-01	
594	1.163000e-09	1.000000e+00	1.525064e-05	9.999971e-01	
595	1.165000e-09	1.000000e+00	1.528639e-05	9.999967e-01	
596	1.167000e-09	1.000000e+00	1.525079e-05	9.999971e-01	
597	1.169000e-09	1.000000e+00	1.528624e-05	9.999967e-01	
598	1.171000e-09	1.000000e+00	1.525093e-05	9.999971e-01	
599	1.173000e-09	1.000000e+00	1.528610e-05	9.999967e-01	
600	1.175000e-09	1.000000e+00	1.525108e-05	9.999971e-01	
601	1.177000e-09	1.000000e+00	1.528595e-05	9.999967e-01	
602	1.179000e-09	1.000000e+00	1.525123e-05	9.999971e-01	
603	1.181000e-09	1.000000e+00	1.528580e-05	9.999967e-01	
604	1.183000e-09	1.000000e+00	1.525137e-05	9.999971e-01	
605	1.185000e-09	1.000000e+00	1.528566e-05	9.999967e-01	
606	1.187000e-09	1.000000e+00	1.525152e-05	9.999971e-01	
607	1.189000e-09	1.000000e+00	1.528551e-05	9.999967e-01	
608	1.191000e-09	1.000000e+00	1.525166e-05	9.999971e-01	
609	1.193000e-09	1.000000e+00	1.528537e-05	9.999967e-01	
610	1.195000e-09	1.000000e+00	1.525181e-05	9.999971e-01	
611	1.197000e-09	1.000000e+00	1.528522e-05	9.999967e-01	
612	1.199000e-09	1.000000e+00	1.525195e-05	9.999971e-01	
613	1.201000e-09	1.000000e+00	1.528508e-05	9.999967e-01	
614	1.203000e-09	1.000000e+00	1.525210e-05	9.999971e-01	
615	1.205000e-09	1.000000e+00	1.528493e-05	9.999967e-01	
616	1.207000e-09	1.000000e+00	1.525224e-05	9.999971e-01	
617	1.209000e-09	1.000000e+00	1.528479e-05	9.999967e-01	
618	1.211000e-09	1.000000e+00	1.525239e-05	9.999971e-01	
619	1.213000e-09	1.000000e+00	1.528464e-05	9.999967e-01	
620	1.215000e-09	1.000000e+00	1.525253e-05	9.999971e-01	
621	1.217000e-09	1.000000e+00	1.528450e-05	9.999967e-01	
622	1.219000e-09	1.000000e+00	1.525267e-05	9.999971e-01	
623	1.221000e-09	1.000000e+00	1.528436e-05	9.999967e-01	
624	1.223000e-09	1.000000e+00	1.525281e-05	9.999971e-01	
625	1.225000e-09	1.000000e+00	1.528422e-05	9.999967e-01	
626	1.227000e-09	1.000000e+00	1.525296e-05	9.999971e-01	
627	1.229000e-09	1.000000e+00	1.528407e-05	9.999967e-01	
628	1.231000e-09	1.000000e+00	1.525310e-05	9.999971e-01	
629	1.233000e-09	1.000000e+00	1.528393e-05	9.999967e-01	
630	1.235000e-09	1.000000e+00	1.525324e-05	9.999971e-01	
631	1.237000e-09	1.000000e+00	1.528379e-05	9.999967e-01	
632	1.239000e-09	1.000000e+00	1.525338e-05	9.999971e-01	
633	1.241000e-09	1.000000e+00	1.528365e-05	9.999967e-01	
634	1.243000e-09	1.000000e+00	1.525352e-05	9.999971e-01	

Index   time            v(rbl)          v(dout_1)       v(dout_4)       
--------------------------------------------------------------------------------
635	1.245000e-09	1.000000e+00	1.528351e-05	9.999967e-01	
636	1.247000e-09	1.000000e+00	1.525366e-05	9.999971e-01	
637	1.249000e-09	1.000000e+00	1.528337e-05	9.999967e-01	
638	1.251000e-09	1.000000e+00	1.525381e-05	9.999971e-01	
639	1.253000e-09	1.000000e+00	1.528323e-05	9.999967e-01	
640	1.255000e-09	1.000000e+00	1.525395e-05	9.999971e-01	
641	1.257000e-09	1.000000e+00	1.528309e-05	9.999967e-01	
642	1.259000e-09	1.000000e+00	1.525409e-05	9.999971e-01	
643	1.261000e-09	1.000000e+00	1.528295e-05	9.999967e-01	
644	1.263000e-09	1.000000e+00	1.525422e-05	9.999971e-01	
645	1.265000e-09	1.000000e+00	1.528281e-05	9.999967e-01	
646	1.267000e-09	1.000000e+00	1.525436e-05	9.999971e-01	
647	1.269000e-09	1.000000e+00	1.528267e-05	9.999967e-01	
648	1.271000e-09	1.000000e+00	1.525450e-05	9.999971e-01	
649	1.273000e-09	1.000000e+00	1.528253e-05	9.999967e-01	
650	1.275000e-09	1.000000e+00	1.525464e-05	9.999971e-01	
651	1.277000e-09	1.000000e+00	1.528239e-05	9.999967e-01	
652	1.279000e-09	1.000000e+00	1.525478e-05	9.999971e-01	
653	1.281000e-09	1.000000e+00	1.528225e-05	9.999967e-01	
654	1.283000e-09	1.000000e+00	1.525492e-05	9.999971e-01	
655	1.285000e-09	1.000000e+00	1.528211e-05	9.999967e-01	
656	1.287000e-09	1.000000e+00	1.525506e-05	9.999971e-01	
657	1.289000e-09	1.000000e+00	1.528198e-05	9.999967e-01	
658	1.291000e-09	1.000000e+00	1.525519e-05	9.999971e-01	
659	1.293000e-09	1.000000e+00	1.528184e-05	9.999967e-01	
660	1.295000e-09	1.000000e+00	1.525533e-05	9.999971e-01	
661	1.297000e-09	1.000000e+00	1.528170e-05	9.999967e-01	
662	1.299000e-09	1.000000e+00	1.525547e-05	9.999971e-01	
663	1.301000e-09	1.000000e+00	1.528157e-05	9.999967e-01	
664	1.303000e-09	1.000000e+00	1.525560e-05	9.999971e-01	
665	1.305000e-09	1.000000e+00	1.528143e-05	9.999967e-01	
666	1.307000e-09	1.000000e+00	1.525574e-05	9.999971e-01	
667	1.309000e-09	1.000000e+00	1.528129e-05	9.999967e-01	
668	1.311000e-09	1.000000e+00	1.525588e-05	9.999971e-01	
669	1.313000e-09	1.000000e+00	1.528116e-05	9.999967e-01	
670	1.315000e-09	1.000000e+00	1.525601e-05	9.999971e-01	
671	1.317000e-09	1.000000e+00	1.528102e-05	9.999967e-01	
672	1.319000e-09	1.000000e+00	1.525615e-05	9.999971e-01	
673	1.321000e-09	1.000000e+00	1.528089e-05	9.999967e-01	
674	1.323000e-09	1.000000e+00	1.525628e-05	9.999971e-01	
675	1.325000e-09	1.000000e+00	1.528075e-05	9.999967e-01	
676	1.327000e-09	1.000000e+00	1.525642e-05	9.999971e-01	
677	1.329000e-09	1.000000e+00	1.528062e-05	9.999967e-01	
678	1.331000e-09	1.000000e+00	1.525655e-05	9.999971e-01	
679	1.333000e-09	1.000000e+00	1.528048e-05	9.999967e-01	
680	1.335000e-09	1.000000e+00	1.525668e-05	9.999971e-01	
681	1.337000e-09	1.000000e+00	1.528035e-05	9.999967e-01	
682	1.339000e-09	1.000000e+00	1.525682e-05	9.999971e-01	
683	1.341000e-09	1.000000e+00	1.528022e-05	9.999967e-01	
684	1.343000e-09	1.000000e+00	1.525695e-05	9.999971e-01	
685	1.345000e-09	1.000000e+00	1.528008e-05	9.999967e-01	
686	1.347000e-09	1.000000e+00	1.525708e-05	9.999971e-01	
687	1.349000e-09	1.000000e+00	1.527995e-05	9.999967e-01	
688	1.351000e-09	1.000000e+00	1.525722e-05	9.999971e-01	
689	1.353000e-09	1.000000e+00	1.527982e-05	9.999967e-01	
690	1.355000e-09	1.000000e+00	1.525735e-05	9.999971e-01	
691	1.357000e-09	1.000000e+00	1.527969e-05	9.999967e-01	
692	1.359000e-09	1.000000e+00	1.525748e-05	9.999971e-01	

Index   time            v(rbl)          v(dout_1)       v(dout_4)       
--------------------------------------------------------------------------------
693	1.361000e-09	1.000000e+00	1.527955e-05	9.999967e-01	
694	1.363000e-09	1.000000e+00	1.525761e-05	9.999971e-01	
695	1.365000e-09	1.000000e+00	1.527942e-05	9.999967e-01	
696	1.367000e-09	1.000000e+00	1.525775e-05	9.999971e-01	
697	1.369000e-09	1.000000e+00	1.527929e-05	9.999967e-01	
698	1.371000e-09	1.000000e+00	1.525788e-05	9.999971e-01	
699	1.373000e-09	1.000000e+00	1.527916e-05	9.999967e-01	
700	1.375000e-09	1.000000e+00	1.525801e-05	9.999971e-01	
701	1.377000e-09	1.000000e+00	1.527903e-05	9.999967e-01	
702	1.379000e-09	1.000000e+00	1.525814e-05	9.999971e-01	
703	1.381000e-09	1.000000e+00	1.527890e-05	9.999967e-01	
704	1.383000e-09	1.000000e+00	1.525827e-05	9.999971e-01	
705	1.385000e-09	1.000000e+00	1.527877e-05	9.999967e-01	
706	1.387000e-09	1.000000e+00	1.525840e-05	9.999971e-01	
707	1.389000e-09	1.000000e+00	1.527864e-05	9.999967e-01	
708	1.391000e-09	1.000000e+00	1.525853e-05	9.999971e-01	
709	1.393000e-09	1.000000e+00	1.527851e-05	9.999967e-01	
710	1.395000e-09	1.000000e+00	1.525866e-05	9.999971e-01	
711	1.397000e-09	1.000000e+00	1.527838e-05	9.999967e-01	
712	1.399000e-09	1.000000e+00	1.525879e-05	9.999971e-01	
713	1.401000e-09	1.000000e+00	1.527825e-05	9.999967e-01	
714	1.403000e-09	1.000000e+00	1.525892e-05	9.999971e-01	
715	1.405000e-09	1.000000e+00	1.527812e-05	9.999967e-01	
716	1.407000e-09	1.000000e+00	1.525905e-05	9.999971e-01	
717	1.409000e-09	1.000000e+00	1.527799e-05	9.999967e-01	
718	1.411000e-09	1.000000e+00	1.525917e-05	9.999971e-01	
719	1.413000e-09	1.000000e+00	1.527786e-05	9.999967e-01	
720	1.415000e-09	1.000000e+00	1.525930e-05	9.999971e-01	
721	1.417000e-09	1.000000e+00	1.527773e-05	9.999967e-01	
722	1.419000e-09	1.000000e+00	1.525943e-05	9.999971e-01	
723	1.421000e-09	1.000000e+00	1.527761e-05	9.999967e-01	
724	1.423000e-09	1.000000e+00	1.525956e-05	9.999971e-01	
725	1.425000e-09	1.000000e+00	1.527748e-05	9.999967e-01	
726	1.427000e-09	1.000000e+00	1.525969e-05	9.999971e-01	
727	1.429000e-09	1.000000e+00	1.527735e-05	9.999967e-01	
728	1.431000e-09	1.000000e+00	1.525981e-05	9.999971e-01	
729	1.433000e-09	1.000000e+00	1.527723e-05	9.999967e-01	
730	1.435000e-09	1.000000e+00	1.525994e-05	9.999971e-01	
731	1.437000e-09	1.000000e+00	1.527710e-05	9.999967e-01	
732	1.439000e-09	1.000000e+00	1.526007e-05	9.999971e-01	
733	1.441000e-09	1.000000e+00	1.527697e-05	9.999967e-01	
734	1.443000e-09	1.000000e+00	1.526019e-05	9.999971e-01	
735	1.445000e-09	1.000000e+00	1.527685e-05	9.999967e-01	
736	1.447000e-09	1.000000e+00	1.526032e-05	9.999971e-01	
737	1.449000e-09	1.000000e+00	1.527672e-05	9.999967e-01	
738	1.451000e-09	1.000000e+00	1.526044e-05	9.999971e-01	
739	1.453000e-09	1.000000e+00	1.527660e-05	9.999967e-01	
740	1.455000e-09	1.000000e+00	1.526057e-05	9.999971e-01	
741	1.457000e-09	1.000000e+00	1.527647e-05	9.999967e-01	
742	1.459000e-09	1.000000e+00	1.526069e-05	9.999971e-01	
743	1.461000e-09	1.000000e+00	1.527634e-05	9.999967e-01	
744	1.463000e-09	1.000000e+00	1.526082e-05	9.999971e-01	
745	1.465000e-09	1.000000e+00	1.527622e-05	9.999967e-01	
746	1.467000e-09	1.000000e+00	1.526094e-05	9.999971e-01	
747	1.469000e-09	1.000000e+00	1.527610e-05	9.999967e-01	
748	1.471000e-09	1.000000e+00	1.526107e-05	9.999971e-01	
749	1.473000e-09	1.000000e+00	1.527597e-05	9.999967e-01	
750	1.475000e-09	1.000000e+00	1.526119e-05	9.999971e-01	

Index   time            v(rbl)          v(dout_1)       v(dout_4)       
--------------------------------------------------------------------------------
751	1.477000e-09	1.000000e+00	1.527585e-05	9.999967e-01	
752	1.479000e-09	1.000000e+00	1.526132e-05	9.999971e-01	
753	1.481000e-09	1.000000e+00	1.527572e-05	9.999967e-01	
754	1.483000e-09	1.000000e+00	1.526144e-05	9.999971e-01	
755	1.485000e-09	1.000000e+00	1.527560e-05	9.999967e-01	
756	1.487000e-09	1.000000e+00	1.526156e-05	9.999971e-01	
757	1.489000e-09	1.000000e+00	1.527548e-05	9.999967e-01	
758	1.491000e-09	1.000000e+00	1.526169e-05	9.999971e-01	
759	1.493000e-09	1.000000e+00	1.527536e-05	9.999967e-01	
760	1.495000e-09	1.000000e+00	1.526181e-05	9.999971e-01	
761	1.497000e-09	1.000000e+00	1.527523e-05	9.999967e-01	
762	1.499000e-09	1.000000e+00	1.526193e-05	9.999971e-01	
763	1.501000e-09	1.000000e+00	1.527511e-05	9.999967e-01	
764	1.503000e-09	1.000000e+00	1.526205e-05	9.999971e-01	
765	1.505000e-09	1.000000e+00	1.527499e-05	9.999967e-01	
766	1.507000e-09	1.000000e+00	1.526217e-05	9.999971e-01	
767	1.509000e-09	1.000000e+00	1.527487e-05	9.999967e-01	
768	1.511000e-09	1.000000e+00	1.526230e-05	9.999971e-01	
769	1.513000e-09	1.000000e+00	1.527474e-05	9.999967e-01	
770	1.515000e-09	1.000000e+00	1.526242e-05	9.999971e-01	
771	1.517000e-09	1.000000e+00	1.527462e-05	9.999967e-01	
772	1.519000e-09	1.000000e+00	1.526254e-05	9.999971e-01	
773	1.521000e-09	1.000000e+00	1.527450e-05	9.999967e-01	
774	1.523000e-09	1.000000e+00	1.526266e-05	9.999971e-01	
775	1.525000e-09	1.000000e+00	1.527438e-05	9.999967e-01	
776	1.527000e-09	1.000000e+00	1.526278e-05	9.999971e-01	
777	1.529000e-09	1.000000e+00	1.527426e-05	9.999967e-01	
778	1.531000e-09	1.000000e+00	1.526290e-05	9.999971e-01	
779	1.533000e-09	1.000000e+00	1.527414e-05	9.999967e-01	
780	1.535000e-09	1.000000e+00	1.526302e-05	9.999971e-01	
781	1.537000e-09	1.000000e+00	1.527402e-05	9.999967e-01	
782	1.539000e-09	1.000000e+00	1.526314e-05	9.999971e-01	
783	1.541000e-09	1.000000e+00	1.527390e-05	9.999967e-01	
784	1.543000e-09	1.000000e+00	1.526326e-05	9.999971e-01	
785	1.545000e-09	1.000000e+00	1.527378e-05	9.999967e-01	
786	1.547000e-09	1.000000e+00	1.526338e-05	9.999971e-01	
787	1.549000e-09	1.000000e+00	1.527366e-05	9.999967e-01	
788	1.551000e-09	1.000000e+00	1.526350e-05	9.999971e-01	
789	1.553000e-09	1.000000e+00	1.527355e-05	9.999967e-01	
790	1.555000e-09	1.000000e+00	1.526362e-05	9.999971e-01	
791	1.557000e-09	1.000000e+00	1.527343e-05	9.999967e-01	
792	1.559000e-09	1.000000e+00	1.526374e-05	9.999971e-01	
793	1.560000e-09	1.000000e+00	1.527325e-05	9.999967e-01	
794	1.560200e-09	9.800000e-01	-1.05485e-03	9.999962e-01	
795	1.560600e-09	9.400000e-01	-3.08293e-03	9.999951e-01	
796	1.561400e-09	8.600000e-01	-6.66534e-03	9.999944e-01	
797	1.563000e-09	7.000000e-01	-1.24543e-02	9.999949e-01	
798	1.565000e-09	5.000000e-01	-1.05017e-02	9.999990e-01	
799	1.567000e-09	3.000000e-01	1.971242e-02	1.000010e+00	
800	1.569000e-09	1.000000e-01	8.561884e-02	1.000020e+00	
801	1.570000e-09	0.000000e+00	1.319615e-01	1.000024e+00	
802	1.570200e-09	0.000000e+00	1.437664e-01	1.000026e+00	
803	1.570600e-09	0.000000e+00	1.670055e-01	1.000028e+00	
804	1.571400e-09	0.000000e+00	2.121623e-01	1.000027e+00	
805	1.573000e-09	0.000000e+00	3.003815e-01	1.000020e+00	
806	1.575000e-09	0.000000e+00	4.059960e-01	1.000006e+00	
807	1.577000e-09	0.000000e+00	5.020579e-01	9.999796e-01	
808	1.579000e-09	0.000000e+00	5.926560e-01	9.999387e-01	

Index   time            v(rbl)          v(dout_1)       v(dout_4)       
--------------------------------------------------------------------------------
809	1.581000e-09	0.000000e+00	6.690635e-01	9.998832e-01	
810	1.583000e-09	0.000000e+00	7.242025e-01	9.998349e-01	
811	1.585000e-09	0.000000e+00	7.665658e-01	9.998041e-01	
812	1.587000e-09	0.000000e+00	8.048329e-01	9.997890e-01	
813	1.589000e-09	0.000000e+00	8.530574e-01	9.997846e-01	
814	1.591000e-09	0.000000e+00	9.030916e-01	9.997852e-01	
815	1.593000e-09	0.000000e+00	9.386531e-01	9.998160e-01	
816	1.595000e-09	0.000000e+00	9.612269e-01	9.999496e-01	
817	1.597000e-09	0.000000e+00	9.752379e-01	1.000284e+00	
818	1.599000e-09	0.000000e+00	9.838350e-01	1.000841e+00	
819	1.601000e-09	0.000000e+00	9.891739e-01	1.001590e+00	
820	1.603000e-09	0.000000e+00	9.926148e-01	1.002447e+00	
821	1.605000e-09	0.000000e+00	9.948838e-01	1.003310e+00	
822	1.607000e-09	0.000000e+00	9.963694e-01	1.004127e+00	
823	1.609000e-09	0.000000e+00	9.972914e-01	1.004892e+00	
824	1.611000e-09	0.000000e+00	9.977760e-01	1.005638e+00	
825	1.613000e-09	0.000000e+00	9.977359e-01	1.006445e+00	
826	1.615000e-09	0.000000e+00	9.973092e-01	1.007469e+00	
827	1.617000e-09	0.000000e+00	9.969664e-01	1.008775e+00	
828	1.619000e-09	0.000000e+00	9.968530e-01	1.010161e+00	
829	1.621000e-09	0.000000e+00	9.969070e-01	1.011036e+00	
830	1.623000e-09	0.000000e+00	9.970652e-01	1.010199e+00	
831	1.625000e-09	0.000000e+00	9.972842e-01	1.006073e+00	
832	1.627000e-09	0.000000e+00	9.975314e-01	9.967257e-01	
833	1.629000e-09	0.000000e+00	9.977754e-01	9.796018e-01	
834	1.631000e-09	0.000000e+00	9.980007e-01	9.547953e-01	
835	1.633000e-09	0.000000e+00	9.982165e-01	9.237422e-01	
836	1.635000e-09	0.000000e+00	9.984243e-01	8.875667e-01	
837	1.637000e-09	0.000000e+00	9.986349e-01	8.470319e-01	
838	1.639000e-09	0.000000e+00	9.988554e-01	8.019436e-01	
839	1.641000e-09	0.000000e+00	9.990453e-01	7.509361e-01	
840	1.643000e-09	0.000000e+00	9.991783e-01	6.954403e-01	
841	1.645000e-09	0.000000e+00	9.992762e-01	6.407537e-01	
842	1.647000e-09	0.000000e+00	9.993553e-01	5.902936e-01	
843	1.649000e-09	0.000000e+00	9.994273e-01	5.452523e-01	
844	1.651000e-09	0.000000e+00	9.994955e-01	5.073979e-01	
845	1.653000e-09	0.000000e+00	9.995614e-01	4.778824e-01	
846	1.655000e-09	0.000000e+00	9.996225e-01	4.551468e-01	
847	1.657000e-09	0.000000e+00	9.996787e-01	4.367176e-01	
848	1.659000e-09	0.000000e+00	9.997282e-01	4.197570e-01	
849	1.661000e-09	0.000000e+00	9.997719e-01	4.009006e-01	
850	1.663000e-09	0.000000e+00	9.998082e-01	3.727374e-01	
851	1.665000e-09	0.000000e+00	9.998400e-01	3.346645e-01	
852	1.667000e-09	0.000000e+00	9.998677e-01	2.946745e-01	
853	1.669000e-09	0.000000e+00	9.998921e-01	2.569246e-01	
854	1.671000e-09	0.000000e+00	9.999120e-01	2.224217e-01	
855	1.673000e-09	0.000000e+00	9.999289e-01	1.914327e-01	
856	1.675000e-09	0.000000e+00	9.999420e-01	1.640553e-01	
857	1.677000e-09	0.000000e+00	9.999530e-01	1.401511e-01	
858	1.679000e-09	0.000000e+00	9.999613e-01	1.192274e-01	
859	1.681000e-09	0.000000e+00	9.999684e-01	1.008996e-01	
860	1.683000e-09	0.000000e+00	9.999736e-01	8.511549e-02	
861	1.685000e-09	0.000000e+00	9.999783e-01	7.168501e-02	
862	1.687000e-09	0.000000e+00	9.999816e-01	6.076203e-02	
863	1.689000e-09	0.000000e+00	9.999849e-01	5.227947e-02	
864	1.691000e-09	0.000000e+00	9.999868e-01	4.520893e-02	
865	1.693000e-09	0.000000e+00	9.999888e-01	3.878144e-02	
866	1.695000e-09	0.000000e+00	9.999898e-01	3.290872e-02	

Index   time            v(rbl)          v(dout_1)       v(dout_4)       
--------------------------------------------------------------------------------
867	1.697000e-09	0.000000e+00	9.999913e-01	2.763058e-02	
868	1.699000e-09	0.000000e+00	9.999920e-01	2.299413e-02	
869	1.701000e-09	0.000000e+00	9.999931e-01	1.900803e-02	
870	1.703000e-09	0.000000e+00	9.999935e-01	1.563727e-02	
871	1.705000e-09	0.000000e+00	9.999944e-01	1.281548e-02	
872	1.707000e-09	0.000000e+00	9.999946e-01	1.046916e-02	
873	1.709000e-09	0.000000e+00	9.999953e-01	8.526706e-03	
874	1.711000e-09	0.000000e+00	9.999953e-01	6.919133e-03	
875	1.713000e-09	0.000000e+00	9.999958e-01	5.579242e-03	
876	1.715000e-09	0.000000e+00	9.999957e-01	4.480988e-03	
877	1.717000e-09	0.000000e+00	9.999962e-01	3.607249e-03	
878	1.719000e-09	0.000000e+00	9.999960e-01	2.914225e-03	
879	1.721000e-09	0.000000e+00	9.999964e-01	2.363365e-03	
880	1.723000e-09	0.000000e+00	9.999962e-01	1.924226e-03	
881	1.725000e-09	0.000000e+00	9.999966e-01	1.572241e-03	
882	1.727000e-09	0.000000e+00	9.999964e-01	1.288892e-03	
883	1.729000e-09	0.000000e+00	9.999967e-01	1.059053e-03	
884	1.731000e-09	0.000000e+00	9.999965e-01	8.724393e-04	
885	1.733000e-09	0.000000e+00	9.999968e-01	7.212506e-04	
886	1.735000e-09	0.000000e+00	9.999965e-01	5.987515e-04	
887	1.737000e-09	0.000000e+00	9.999969e-01	5.007018e-04	
888	1.739000e-09	0.000000e+00	9.999966e-01	4.214644e-04	
889	1.741000e-09	0.000000e+00	9.999969e-01	3.538703e-04	
890	1.743000e-09	0.000000e+00	9.999966e-01	2.961218e-04	
891	1.745000e-09	0.000000e+00	9.999970e-01	2.476344e-04	
892	1.747000e-09	0.000000e+00	9.999967e-01	2.078024e-04	
893	1.749000e-09	0.000000e+00	9.999970e-01	1.752283e-04	
894	1.751000e-09	0.000000e+00	9.999967e-01	1.488923e-04	
895	1.753000e-09	0.000000e+00	9.999970e-01	1.273044e-04	
896	1.755000e-09	0.000000e+00	9.999967e-01	1.096794e-04	
897	1.757000e-09	0.000000e+00	9.999970e-01	9.494801e-05	
898	1.759000e-09	0.000000e+00	9.999967e-01	8.275712e-05	
899	1.761000e-09	0.000000e+00	9.999970e-01	7.235865e-05	
900	1.763000e-09	0.000000e+00	9.999967e-01	6.366067e-05	
901	1.765000e-09	0.000000e+00	9.999970e-01	5.624222e-05	
902	1.767000e-09	0.000000e+00	9.999967e-01	5.014912e-05	
903	1.769000e-09	0.000000e+00	9.999970e-01	4.484204e-05	
904	1.771000e-09	0.000000e+00	9.999967e-01	4.042224e-05	
905	1.773000e-09	0.000000e+00	9.999970e-01	3.650892e-05	
906	1.775000e-09	0.000000e+00	9.999967e-01	3.327116e-05	
907	1.777000e-09	0.000000e+00	9.999970e-01	3.037609e-05	
908	1.779000e-09	0.000000e+00	9.999967e-01	2.803421e-05	
909	1.781000e-09	0.000000e+00	9.999970e-01	2.592300e-05	
910	1.783000e-09	0.000000e+00	9.999968e-01	2.426162e-05	
911	1.785000e-09	0.000000e+00	9.999970e-01	2.273840e-05	
912	1.787000e-09	0.000000e+00	9.999968e-01	2.156618e-05	
913	1.789000e-09	0.000000e+00	9.999970e-01	2.044552e-05	
914	1.791000e-09	0.000000e+00	9.999968e-01	1.963530e-05	
915	1.793000e-09	0.000000e+00	9.999970e-01	1.883948e-05	
916	1.795000e-09	0.000000e+00	9.999968e-01	1.830355e-05	
917	1.797000e-09	0.000000e+00	9.999970e-01	1.773301e-05	
918	1.799000e-09	0.000000e+00	9.999968e-01	1.738190e-05	
919	1.801000e-09	0.000000e+00	9.999970e-01	1.696303e-05	
920	1.803000e-09	0.000000e+00	9.999968e-01	1.673855e-05	
921	1.805000e-09	0.000000e+00	9.999970e-01	1.642529e-05	
922	1.807000e-09	0.000000e+00	9.999968e-01	1.629024e-05	
923	1.809000e-09	0.000000e+00	9.999970e-01	1.605180e-05	
924	1.811000e-09	0.000000e+00	9.999968e-01	1.598021e-05	

Index   time            v(rbl)          v(dout_1)       v(dout_4)       
--------------------------------------------------------------------------------
925	1.813000e-09	0.000000e+00	9.999970e-01	1.579446e-05	
926	1.815000e-09	0.000000e+00	9.999968e-01	1.576741e-05	
927	1.817000e-09	0.000000e+00	9.999970e-01	1.561822e-05	
928	1.819000e-09	0.000000e+00	9.999968e-01	1.562203e-05	
929	1.821000e-09	0.000000e+00	9.999970e-01	1.549786e-05	
930	1.823000e-09	0.000000e+00	9.999968e-01	1.552285e-05	
931	1.825000e-09	0.000000e+00	9.999970e-01	1.541564e-05	
932	1.827000e-09	0.000000e+00	9.999968e-01	1.545512e-05	
933	1.829000e-09	0.000000e+00	9.999970e-01	1.535934e-05	
934	1.831000e-09	0.000000e+00	9.999968e-01	1.540875e-05	
935	1.833000e-09	0.000000e+00	9.999970e-01	1.532065e-05	
936	1.835000e-09	0.000000e+00	9.999968e-01	1.537690e-05	
937	1.837000e-09	0.000000e+00	9.999970e-01	1.529394e-05	
938	1.839000e-09	0.000000e+00	9.999968e-01	1.535495e-05	
939	1.841000e-09	0.000000e+00	9.999970e-01	1.527543e-05	
940	1.843000e-09	0.000000e+00	9.999968e-01	1.533979e-05	
941	1.845000e-09	0.000000e+00	9.999970e-01	1.526254e-05	
942	1.847000e-09	0.000000e+00	9.999968e-01	1.532929e-05	
943	1.849000e-09	0.000000e+00	9.999970e-01	1.525352e-05	
944	1.851000e-09	0.000000e+00	9.999968e-01	1.532201e-05	
945	1.853000e-09	0.000000e+00	9.999970e-01	1.524720e-05	
946	1.855000e-09	0.000000e+00	9.999968e-01	1.531697e-05	
947	1.857000e-09	0.000000e+00	9.999970e-01	1.524274e-05	
948	1.859000e-09	0.000000e+00	9.999968e-01	1.531349e-05	
949	1.861000e-09	0.000000e+00	9.999970e-01	1.523958e-05	
950	1.863000e-09	0.000000e+00	9.999968e-01	1.531109e-05	
951	1.865000e-09	0.000000e+00	9.999970e-01	1.523733e-05	
952	1.867000e-09	0.000000e+00	9.999968e-01	1.530945e-05	
953	1.869000e-09	0.000000e+00	9.999970e-01	1.523572e-05	
954	1.871000e-09	0.000000e+00	9.999968e-01	1.530835e-05	
955	1.873000e-09	0.000000e+00	9.999970e-01	1.523455e-05	
956	1.875000e-09	0.000000e+00	9.999968e-01	1.530762e-05	
957	1.877000e-09	0.000000e+00	9.999970e-01	1.523370e-05	
958	1.879000e-09	0.000000e+00	9.999968e-01	1.530714e-05	
959	1.881000e-09	0.000000e+00	9.999970e-01	1.523306e-05	
960	1.883000e-09	0.000000e+00	9.999968e-01	1.530685e-05	
961	1.885000e-09	0.000000e+00	9.999970e-01	1.523258e-05	
962	1.887000e-09	0.000000e+00	9.999968e-01	1.530668e-05	
963	1.889000e-09	0.000000e+00	9.999970e-01	1.523220e-05	
964	1.891000e-09	0.000000e+00	9.999968e-01	1.530660e-05	
965	1.893000e-09	0.000000e+00	9.999970e-01	1.523190e-05	
966	1.895000e-09	0.000000e+00	9.999968e-01	1.530659e-05	
967	1.897000e-09	0.000000e+00	9.999970e-01	1.523166e-05	
968	1.899000e-09	0.000000e+00	9.999968e-01	1.530661e-05	
969	1.901000e-09	0.000000e+00	9.999970e-01	1.523145e-05	
970	1.903000e-09	0.000000e+00	9.999968e-01	1.530667e-05	
971	1.905000e-09	0.000000e+00	9.999970e-01	1.523126e-05	
972	1.907000e-09	0.000000e+00	9.999968e-01	1.530675e-05	
973	1.909000e-09	0.000000e+00	9.999970e-01	1.523110e-05	
974	1.911000e-09	0.000000e+00	9.999968e-01	1.530684e-05	
975	1.913000e-09	0.000000e+00	9.999970e-01	1.523094e-05	
976	1.915000e-09	0.000000e+00	9.999968e-01	1.530694e-05	
977	1.917000e-09	0.000000e+00	9.999970e-01	1.523080e-05	
978	1.919000e-09	0.000000e+00	9.999968e-01	1.530705e-05	
979	1.921000e-09	0.000000e+00	9.999970e-01	1.523066e-05	
980	1.923000e-09	0.000000e+00	9.999968e-01	1.530716e-05	
981	1.925000e-09	0.000000e+00	9.999970e-01	1.523053e-05	
982	1.927000e-09	0.000000e+00	9.999968e-01	1.530728e-05	

Index   time            v(rbl)          v(dout_1)       v(dout_4)       
--------------------------------------------------------------------------------
983	1.929000e-09	0.000000e+00	9.999970e-01	1.523040e-05	
984	1.931000e-09	0.000000e+00	9.999968e-01	1.530740e-05	
985	1.933000e-09	0.000000e+00	9.999970e-01	1.523028e-05	
986	1.935000e-09	0.000000e+00	9.999968e-01	1.530751e-05	
987	1.937000e-09	0.000000e+00	9.999970e-01	1.523015e-05	
988	1.939000e-09	0.000000e+00	9.999968e-01	1.530763e-05	
989	1.941000e-09	0.000000e+00	9.999970e-01	1.523003e-05	
990	1.943000e-09	0.000000e+00	9.999968e-01	1.530775e-05	
991	1.945000e-09	0.000000e+00	9.999970e-01	1.522991e-05	
992	1.947000e-09	0.000000e+00	9.999968e-01	1.530787e-05	
993	1.949000e-09	0.000000e+00	9.999970e-01	1.522979e-05	
994	1.951000e-09	0.000000e+00	9.999968e-01	1.530799e-05	
995	1.953000e-09	0.000000e+00	9.999970e-01	1.522967e-05	
996	1.955000e-09	0.000000e+00	9.999968e-01	1.530810e-05	
997	1.957000e-09	0.000000e+00	9.999970e-01	1.522955e-05	
998	1.959000e-09	0.000000e+00	9.999968e-01	1.530822e-05	
999	1.961000e-09	0.000000e+00	9.999970e-01	1.522944e-05	
1000	1.963000e-09	0.000000e+00	9.999968e-01	1.530834e-05	
1001	1.965000e-09	0.000000e+00	9.999970e-01	1.522932e-05	
1002	1.967000e-09	0.000000e+00	9.999968e-01	1.530845e-05	
1003	1.969000e-09	0.000000e+00	9.999970e-01	1.522920e-05	
1004	1.971000e-09	0.000000e+00	9.999968e-01	1.530857e-05	
1005	1.973000e-09	0.000000e+00	9.999970e-01	1.522909e-05	
1006	1.975000e-09	0.000000e+00	9.999968e-01	1.530868e-05	
1007	1.977000e-09	0.000000e+00	9.999970e-01	1.522897e-05	
1008	1.979000e-09	0.000000e+00	9.999968e-01	1.530880e-05	
1009	1.981000e-09	0.000000e+00	9.999970e-01	1.522886e-05	
1010	1.983000e-09	0.000000e+00	9.999968e-01	1.530891e-05	
1011	1.985000e-09	0.000000e+00	9.999970e-01	1.522875e-05	
1012	1.987000e-09	0.000000e+00	9.999968e-01	1.530903e-05	
1013	1.989000e-09	0.000000e+00	9.999970e-01	1.522863e-05	
1014	1.991000e-09	0.000000e+00	9.999968e-01	1.530914e-05	
1015	1.993000e-09	0.000000e+00	9.999970e-01	1.522852e-05	
1016	1.995000e-09	0.000000e+00	9.999968e-01	1.530925e-05	
1017	1.997000e-09	0.000000e+00	9.999970e-01	1.522841e-05	
1018	1.999000e-09	0.000000e+00	9.999968e-01	1.530936e-05	
1019	2.001000e-09	0.000000e+00	9.999970e-01	1.522830e-05	
1020	2.003000e-09	0.000000e+00	9.999968e-01	1.530947e-05	
1021	2.005000e-09	0.000000e+00	9.999970e-01	1.522819e-05	
1022	2.007000e-09	0.000000e+00	9.999968e-01	1.530958e-05	
1023	2.009000e-09	0.000000e+00	9.999970e-01	1.522808e-05	
1024	2.011000e-09	0.000000e+00	9.999968e-01	1.530969e-05	
1025	2.013000e-09	0.000000e+00	9.999970e-01	1.522797e-05	
1026	2.015000e-09	0.000000e+00	9.999968e-01	1.530980e-05	
1027	2.017000e-09	0.000000e+00	9.999970e-01	1.522786e-05	
1028	2.019000e-09	0.000000e+00	9.999968e-01	1.530991e-05	
1029	2.021000e-09	0.000000e+00	9.999970e-01	1.522775e-05	
1030	2.023000e-09	0.000000e+00	9.999968e-01	1.531002e-05	
1031	2.025000e-09	0.000000e+00	9.999970e-01	1.522764e-05	
1032	2.027000e-09	0.000000e+00	9.999968e-01	1.531013e-05	
1033	2.029000e-09	0.000000e+00	9.999970e-01	1.522753e-05	
1034	2.031000e-09	0.000000e+00	9.999968e-01	1.531024e-05	
1035	2.033000e-09	0.000000e+00	9.999970e-01	1.522743e-05	
1036	2.035000e-09	0.000000e+00	9.999968e-01	1.531034e-05	
1037	2.037000e-09	0.000000e+00	9.999970e-01	1.522732e-05	
1038	2.039000e-09	0.000000e+00	9.999968e-01	1.531045e-05	
1039	2.041000e-09	0.000000e+00	9.999970e-01	1.522721e-05	
1040	2.043000e-09	0.000000e+00	9.999968e-01	1.531055e-05	

Index   time            v(rbl)          v(dout_1)       v(dout_4)       
--------------------------------------------------------------------------------
1041	2.045000e-09	0.000000e+00	9.999970e-01	1.522711e-05	
1042	2.047000e-09	0.000000e+00	9.999968e-01	1.531066e-05	
1043	2.049000e-09	0.000000e+00	9.999970e-01	1.522700e-05	
1044	2.051000e-09	0.000000e+00	9.999968e-01	1.531076e-05	
1045	2.053000e-09	0.000000e+00	9.999970e-01	1.522690e-05	
1046	2.055000e-09	0.000000e+00	9.999968e-01	1.531087e-05	
1047	2.057000e-09	0.000000e+00	9.999970e-01	1.522680e-05	
1048	2.059000e-09	0.000000e+00	9.999968e-01	1.531097e-05	
1049	2.061000e-09	0.000000e+00	9.999970e-01	1.522669e-05	
1050	2.063000e-09	0.000000e+00	9.999968e-01	1.531107e-05	
1051	2.065000e-09	0.000000e+00	9.999970e-01	1.522659e-05	
1052	2.067000e-09	0.000000e+00	9.999968e-01	1.531118e-05	
1053	2.069000e-09	0.000000e+00	9.999970e-01	1.522649e-05	
1054	2.071000e-09	0.000000e+00	9.999968e-01	1.531128e-05	
1055	2.073000e-09	0.000000e+00	9.999970e-01	1.522639e-05	
1056	2.075000e-09	0.000000e+00	9.999968e-01	1.531138e-05	
1057	2.077000e-09	0.000000e+00	9.999970e-01	1.522629e-05	
1058	2.079000e-09	0.000000e+00	9.999968e-01	1.531148e-05	
1059	2.081000e-09	0.000000e+00	9.999970e-01	1.522618e-05	
1060	2.083000e-09	0.000000e+00	9.999968e-01	1.531158e-05	
1061	2.085000e-09	0.000000e+00	9.999970e-01	1.522608e-05	
1062	2.087000e-09	0.000000e+00	9.999968e-01	1.531168e-05	
1063	2.089000e-09	0.000000e+00	9.999970e-01	1.522598e-05	
1064	2.091000e-09	0.000000e+00	9.999968e-01	1.531178e-05	
1065	2.093000e-09	0.000000e+00	9.999970e-01	1.522589e-05	
1066	2.095000e-09	0.000000e+00	9.999968e-01	1.531188e-05	
1067	2.097000e-09	0.000000e+00	9.999970e-01	1.522579e-05	
1068	2.099000e-09	0.000000e+00	9.999968e-01	1.531198e-05	
1069	2.101000e-09	0.000000e+00	9.999970e-01	1.522569e-05	
1070	2.103000e-09	0.000000e+00	9.999968e-01	1.531207e-05	
1071	2.105000e-09	0.000000e+00	9.999970e-01	1.522559e-05	
1072	2.107000e-09	0.000000e+00	9.999968e-01	1.531217e-05	
1073	2.109000e-09	0.000000e+00	9.999970e-01	1.522549e-05	
1074	2.111000e-09	0.000000e+00	9.999968e-01	1.531227e-05	
1075	2.113000e-09	0.000000e+00	9.999970e-01	1.522540e-05	
1076	2.115000e-09	0.000000e+00	9.999968e-01	1.531236e-05	
1077	2.117000e-09	0.000000e+00	9.999970e-01	1.522530e-05	
1078	2.119000e-09	0.000000e+00	9.999968e-01	1.531246e-05	
1079	2.121000e-09	0.000000e+00	9.999970e-01	1.522521e-05	
1080	2.123000e-09	0.000000e+00	9.999968e-01	1.531256e-05	
1081	2.125000e-09	0.000000e+00	9.999970e-01	1.522511e-05	
1082	2.127000e-09	0.000000e+00	9.999968e-01	1.531265e-05	
1083	2.129000e-09	0.000000e+00	9.999970e-01	1.522502e-05	
1084	2.131000e-09	0.000000e+00	9.999968e-01	1.531275e-05	
1085	2.133000e-09	0.000000e+00	9.999970e-01	1.522492e-05	
1086	2.135000e-09	0.000000e+00	9.999968e-01	1.531284e-05	
1087	2.137000e-09	0.000000e+00	9.999970e-01	1.522483e-05	
1088	2.139000e-09	0.000000e+00	9.999968e-01	1.531293e-05	
1089	2.141000e-09	0.000000e+00	9.999970e-01	1.522473e-05	
1090	2.143000e-09	0.000000e+00	9.999968e-01	1.531303e-05	
1091	2.145000e-09	0.000000e+00	9.999970e-01	1.522464e-05	
1092	2.147000e-09	0.000000e+00	9.999968e-01	1.531312e-05	
1093	2.149000e-09	0.000000e+00	9.999970e-01	1.522455e-05	
1094	2.151000e-09	0.000000e+00	9.999968e-01	1.531321e-05	
1095	2.153000e-09	0.000000e+00	9.999970e-01	1.522446e-05	
1096	2.155000e-09	0.000000e+00	9.999968e-01	1.531331e-05	
1097	2.157000e-09	0.000000e+00	9.999970e-01	1.522437e-05	
1098	2.159000e-09	0.000000e+00	9.999968e-01	1.531339e-05	

Index   time            v(rbl)          v(dout_1)       v(dout_4)       
--------------------------------------------------------------------------------
1099	2.161000e-09	0.000000e+00	9.999970e-01	1.522427e-05	
1100	2.163000e-09	0.000000e+00	9.999968e-01	1.531349e-05	
1101	2.165000e-09	0.000000e+00	9.999970e-01	1.522418e-05	
1102	2.167000e-09	0.000000e+00	9.999968e-01	1.531357e-05	
1103	2.169000e-09	0.000000e+00	9.999970e-01	1.522409e-05	
1104	2.171000e-09	0.000000e+00	9.999968e-01	1.531367e-05	
1105	2.173000e-09	0.000000e+00	9.999970e-01	1.522400e-05	
1106	2.175000e-09	0.000000e+00	9.999968e-01	1.531375e-05	
1107	2.177000e-09	0.000000e+00	9.999970e-01	1.522391e-05	
1108	2.179000e-09	0.000000e+00	9.999968e-01	1.531385e-05	
1109	2.181000e-09	0.000000e+00	9.999970e-01	1.522383e-05	
1110	2.183000e-09	0.000000e+00	9.999968e-01	1.531393e-05	
1111	2.185000e-09	0.000000e+00	9.999970e-01	1.522374e-05	
1112	2.187000e-09	0.000000e+00	9.999968e-01	1.531402e-05	
1113	2.189000e-09	0.000000e+00	9.999970e-01	1.522365e-05	
1114	2.191000e-09	0.000000e+00	9.999968e-01	1.531411e-05	
1115	2.193000e-09	0.000000e+00	9.999970e-01	1.522356e-05	
1116	2.195000e-09	0.000000e+00	9.999968e-01	1.531420e-05	
1117	2.197000e-09	0.000000e+00	9.999970e-01	1.522347e-05	
1118	2.199000e-09	0.000000e+00	9.999968e-01	1.531428e-05	
1119	2.201000e-09	0.000000e+00	9.999970e-01	1.522339e-05	
1120	2.203000e-09	0.000000e+00	9.999968e-01	1.531437e-05	
1121	2.205000e-09	0.000000e+00	9.999970e-01	1.522330e-05	
1122	2.207000e-09	0.000000e+00	9.999968e-01	1.531445e-05	
1123	2.209000e-09	0.000000e+00	9.999970e-01	1.522322e-05	
1124	2.211000e-09	0.000000e+00	9.999968e-01	1.531454e-05	
1125	2.213000e-09	0.000000e+00	9.999970e-01	1.522313e-05	
1126	2.215000e-09	0.000000e+00	9.999968e-01	1.531462e-05	
1127	2.217000e-09	0.000000e+00	9.999970e-01	1.522305e-05	
1128	2.219000e-09	0.000000e+00	9.999968e-01	1.531471e-05	
1129	2.221000e-09	0.000000e+00	9.999970e-01	1.522296e-05	
1130	2.223000e-09	0.000000e+00	9.999968e-01	1.531479e-05	
1131	2.225000e-09	0.000000e+00	9.999970e-01	1.522288e-05	
1132	2.227000e-09	0.000000e+00	9.999968e-01	1.531488e-05	
1133	2.229000e-09	0.000000e+00	9.999970e-01	1.522279e-05	
1134	2.231000e-09	0.000000e+00	9.999968e-01	1.531496e-05	
1135	2.233000e-09	0.000000e+00	9.999970e-01	1.522271e-05	
1136	2.235000e-09	0.000000e+00	9.999968e-01	1.531505e-05	
1137	2.237000e-09	0.000000e+00	9.999970e-01	1.522263e-05	
1138	2.239000e-09	0.000000e+00	9.999968e-01	1.531513e-05	
1139	2.241000e-09	0.000000e+00	9.999970e-01	1.522254e-05	
1140	2.243000e-09	0.000000e+00	9.999968e-01	1.531522e-05	
1141	2.245000e-09	0.000000e+00	9.999970e-01	1.522246e-05	
1142	2.247000e-09	0.000000e+00	9.999968e-01	1.531529e-05	
1143	2.249000e-09	0.000000e+00	9.999970e-01	1.522238e-05	
1144	2.251000e-09	0.000000e+00	9.999968e-01	1.531538e-05	
1145	2.253000e-09	0.000000e+00	9.999970e-01	1.522230e-05	
1146	2.255000e-09	0.000000e+00	9.999968e-01	1.531546e-05	
1147	2.257000e-09	0.000000e+00	9.999970e-01	1.522222e-05	
1148	2.259000e-09	0.000000e+00	9.999968e-01	1.531554e-05	
1149	2.261000e-09	0.000000e+00	9.999970e-01	1.522214e-05	
1150	2.263000e-09	0.000000e+00	9.999968e-01	1.531562e-05	
1151	2.265000e-09	0.000000e+00	9.999970e-01	1.522206e-05	
1152	2.267000e-09	0.000000e+00	9.999968e-01	1.531570e-05	
1153	2.269000e-09	0.000000e+00	9.999970e-01	1.522198e-05	
1154	2.271000e-09	0.000000e+00	9.999968e-01	1.531578e-05	
1155	2.273000e-09	0.000000e+00	9.999970e-01	1.522190e-05	
1156	2.275000e-09	0.000000e+00	9.999968e-01	1.531586e-05	

Index   time            v(rbl)          v(dout_1)       v(dout_4)       
--------------------------------------------------------------------------------
1157	2.277000e-09	0.000000e+00	9.999970e-01	1.522182e-05	
1158	2.279000e-09	0.000000e+00	9.999968e-01	1.531594e-05	
1159	2.281000e-09	0.000000e+00	9.999970e-01	1.522174e-05	
1160	2.283000e-09	0.000000e+00	9.999968e-01	1.531602e-05	
1161	2.285000e-09	0.000000e+00	9.999970e-01	1.522166e-05	
1162	2.287000e-09	0.000000e+00	9.999968e-01	1.531609e-05	
1163	2.289000e-09	0.000000e+00	9.999970e-01	1.522158e-05	
1164	2.291000e-09	0.000000e+00	9.999968e-01	1.531617e-05	
1165	2.293000e-09	0.000000e+00	9.999970e-01	1.522150e-05	
1166	2.295000e-09	0.000000e+00	9.999968e-01	1.531625e-05	
1167	2.297000e-09	0.000000e+00	9.999970e-01	1.522143e-05	
1168	2.299000e-09	0.000000e+00	9.999968e-01	1.531632e-05	
1169	2.301000e-09	0.000000e+00	9.999970e-01	1.522135e-05	
1170	2.303000e-09	0.000000e+00	9.999968e-01	1.531641e-05	
1171	2.305000e-09	0.000000e+00	9.999970e-01	1.522127e-05	
1172	2.307000e-09	0.000000e+00	9.999968e-01	1.531648e-05	
1173	2.309000e-09	0.000000e+00	9.999970e-01	1.522120e-05	
1174	2.311000e-09	0.000000e+00	9.999968e-01	1.531655e-05	
1175	2.313000e-09	0.000000e+00	9.999970e-01	1.522112e-05	
1176	2.315000e-09	0.000000e+00	9.999968e-01	1.531663e-05	
1177	2.317000e-09	0.000000e+00	9.999970e-01	1.522105e-05	
1178	2.319000e-09	0.000000e+00	9.999968e-01	1.531671e-05	
1179	2.321000e-09	0.000000e+00	9.999970e-01	1.522097e-05	
1180	2.323000e-09	0.000000e+00	9.999968e-01	1.531678e-05	
1181	2.325000e-09	0.000000e+00	9.999970e-01	1.522090e-05	
1182	2.327000e-09	0.000000e+00	9.999968e-01	1.531686e-05	
1183	2.329000e-09	0.000000e+00	9.999970e-01	1.522082e-05	
1184	2.331000e-09	0.000000e+00	9.999968e-01	1.531693e-05	
1185	2.333000e-09	0.000000e+00	9.999970e-01	1.522075e-05	
1186	2.335000e-09	0.000000e+00	9.999968e-01	1.531700e-05	
1187	2.337000e-09	0.000000e+00	9.999970e-01	1.522067e-05	
1188	2.339000e-09	0.000000e+00	9.999968e-01	1.531708e-05	
1189	2.341000e-09	0.000000e+00	9.999970e-01	1.522060e-05	
1190	2.343000e-09	0.000000e+00	9.999968e-01	1.531715e-05	
1191	2.345000e-09	0.000000e+00	9.999970e-01	1.522053e-05	
1192	2.347000e-09	0.000000e+00	9.999968e-01	1.531722e-05	
1193	2.349000e-09	0.000000e+00	9.999970e-01	1.522045e-05	
1194	2.351000e-09	0.000000e+00	9.999968e-01	1.531730e-05	
1195	2.353000e-09	0.000000e+00	9.999970e-01	1.522038e-05	
1196	2.355000e-09	0.000000e+00	9.999968e-01	1.531737e-05	
1197	2.357000e-09	0.000000e+00	9.999970e-01	1.522031e-05	
1198	2.359000e-09	0.000000e+00	9.999968e-01	1.531744e-05	
1199	2.361000e-09	0.000000e+00	9.999970e-01	1.522024e-05	
1200	2.363000e-09	0.000000e+00	9.999968e-01	1.531752e-05	
1201	2.365000e-09	0.000000e+00	9.999970e-01	1.522017e-05	
1202	2.367000e-09	0.000000e+00	9.999968e-01	1.531758e-05	
1203	2.369000e-09	0.000000e+00	9.999970e-01	1.522010e-05	
1204	2.371000e-09	0.000000e+00	9.999968e-01	1.531765e-05	
1205	2.373000e-09	0.000000e+00	9.999970e-01	1.522003e-05	
1206	2.375000e-09	0.000000e+00	9.999968e-01	1.531773e-05	
1207	2.377000e-09	0.000000e+00	9.999970e-01	1.521995e-05	
1208	2.379000e-09	0.000000e+00	9.999968e-01	1.531780e-05	
1209	2.381000e-09	0.000000e+00	9.999970e-01	1.521988e-05	
1210	2.383000e-09	0.000000e+00	9.999968e-01	1.531787e-05	
1211	2.385000e-09	0.000000e+00	9.999970e-01	1.521981e-05	
1212	2.387000e-09	0.000000e+00	9.999968e-01	1.531794e-05	
1213	2.389000e-09	0.000000e+00	9.999970e-01	1.521975e-05	
1214	2.391000e-09	0.000000e+00	9.999968e-01	1.531800e-05	

Index   time            v(rbl)          v(dout_1)       v(dout_4)       
--------------------------------------------------------------------------------
1215	2.393000e-09	0.000000e+00	9.999970e-01	1.521968e-05	
1216	2.395000e-09	0.000000e+00	9.999968e-01	1.531807e-05	
1217	2.397000e-09	0.000000e+00	9.999970e-01	1.521961e-05	
1218	2.399000e-09	0.000000e+00	9.999968e-01	1.531814e-05	
1219	2.401000e-09	0.000000e+00	9.999970e-01	1.521954e-05	
1220	2.403000e-09	0.000000e+00	9.999968e-01	1.531821e-05	
1221	2.405000e-09	0.000000e+00	9.999970e-01	1.521947e-05	
1222	2.407000e-09	0.000000e+00	9.999968e-01	1.531828e-05	
1223	2.409000e-09	0.000000e+00	9.999970e-01	1.521940e-05	
1224	2.411000e-09	0.000000e+00	9.999968e-01	1.531835e-05	
1225	2.413000e-09	0.000000e+00	9.999970e-01	1.521934e-05	
1226	2.415000e-09	0.000000e+00	9.999968e-01	1.531841e-05	
1227	2.417000e-09	0.000000e+00	9.999970e-01	1.521927e-05	
1228	2.419000e-09	0.000000e+00	9.999968e-01	1.531848e-05	
1229	2.421000e-09	0.000000e+00	9.999970e-01	1.521920e-05	
1230	2.423000e-09	0.000000e+00	9.999968e-01	1.531855e-05	
1231	2.425000e-09	0.000000e+00	9.999970e-01	1.521913e-05	
1232	2.427000e-09	0.000000e+00	9.999968e-01	1.531861e-05	
1233	2.429000e-09	0.000000e+00	9.999970e-01	1.521907e-05	
1234	2.431000e-09	0.000000e+00	9.999968e-01	1.531868e-05	
1235	2.433000e-09	0.000000e+00	9.999970e-01	1.521900e-05	
1236	2.435000e-09	0.000000e+00	9.999968e-01	1.531875e-05	
1237	2.437000e-09	0.000000e+00	9.999970e-01	1.521894e-05	
1238	2.439000e-09	0.000000e+00	9.999968e-01	1.531881e-05	
1239	2.441000e-09	0.000000e+00	9.999970e-01	1.521887e-05	
1240	2.443000e-09	0.000000e+00	9.999968e-01	1.531888e-05	
1241	2.445000e-09	0.000000e+00	9.999970e-01	1.521881e-05	
1242	2.447000e-09	0.000000e+00	9.999968e-01	1.531894e-05	
1243	2.449000e-09	0.000000e+00	9.999970e-01	1.521874e-05	
1244	2.451000e-09	0.000000e+00	9.999968e-01	1.531901e-05	
1245	2.453000e-09	0.000000e+00	9.999970e-01	1.521868e-05	
1246	2.455000e-09	0.000000e+00	9.999968e-01	1.531907e-05	
1247	2.457000e-09	0.000000e+00	9.999970e-01	1.521861e-05	
1248	2.459000e-09	0.000000e+00	9.999968e-01	1.531914e-05	
1249	2.461000e-09	0.000000e+00	9.999970e-01	1.521855e-05	
1250	2.463000e-09	0.000000e+00	9.999968e-01	1.531920e-05	
1251	2.465000e-09	0.000000e+00	9.999970e-01	1.521848e-05	
1252	2.467000e-09	0.000000e+00	9.999968e-01	1.531926e-05	
1253	2.469000e-09	0.000000e+00	9.999970e-01	1.521842e-05	
1254	2.471000e-09	0.000000e+00	9.999968e-01	1.531933e-05	
1255	2.473000e-09	0.000000e+00	9.999970e-01	1.521836e-05	
1256	2.475000e-09	0.000000e+00	9.999968e-01	1.531939e-05	
1257	2.477000e-09	0.000000e+00	9.999970e-01	1.521830e-05	
1258	2.479000e-09	0.000000e+00	9.999968e-01	1.531945e-05	
1259	2.481000e-09	0.000000e+00	9.999970e-01	1.521823e-05	
1260	2.483000e-09	0.000000e+00	9.999968e-01	1.531951e-05	
1261	2.485000e-09	0.000000e+00	9.999970e-01	1.521817e-05	
1262	2.487000e-09	0.000000e+00	9.999968e-01	1.531958e-05	
1263	2.489000e-09	0.000000e+00	9.999970e-01	1.521811e-05	
1264	2.491000e-09	0.000000e+00	9.999968e-01	1.531964e-05	
1265	2.493000e-09	0.000000e+00	9.999970e-01	1.521805e-05	
1266	2.495000e-09	0.000000e+00	9.999968e-01	1.531970e-05	
1267	2.497000e-09	0.000000e+00	9.999970e-01	1.521799e-05	
1268	2.499000e-09	0.000000e+00	9.999968e-01	1.531976e-05	
1269	2.501000e-09	0.000000e+00	9.999970e-01	1.521792e-05	
1270	2.503000e-09	0.000000e+00	9.999968e-01	1.531982e-05	
1271	2.505000e-09	0.000000e+00	9.999970e-01	1.521786e-05	
1272	2.507000e-09	0.000000e+00	9.999968e-01	1.531988e-05	

Index   time            v(rbl)          v(dout_1)       v(dout_4)       
--------------------------------------------------------------------------------
1273	2.509000e-09	0.000000e+00	9.999970e-01	1.521780e-05	
1274	2.511000e-09	0.000000e+00	9.999968e-01	1.531994e-05	
1275	2.513000e-09	0.000000e+00	9.999970e-01	1.521774e-05	
1276	2.515000e-09	0.000000e+00	9.999968e-01	1.532000e-05	
1277	2.517000e-09	0.000000e+00	9.999970e-01	1.521768e-05	
1278	2.519000e-09	0.000000e+00	9.999968e-01	1.532006e-05	
1279	2.521000e-09	0.000000e+00	9.999970e-01	1.521762e-05	
1280	2.523000e-09	0.000000e+00	9.999968e-01	1.532012e-05	
1281	2.525000e-09	0.000000e+00	9.999970e-01	1.521756e-05	
1282	2.527000e-09	0.000000e+00	9.999968e-01	1.532018e-05	
1283	2.529000e-09	0.000000e+00	9.999970e-01	1.521750e-05	
1284	2.531000e-09	0.000000e+00	9.999968e-01	1.532024e-05	
1285	2.533000e-09	0.000000e+00	9.999970e-01	1.521744e-05	
1286	2.535000e-09	0.000000e+00	9.999968e-01	1.532030e-05	
1287	2.537000e-09	0.000000e+00	9.999970e-01	1.521739e-05	
1288	2.539000e-09	0.000000e+00	9.999968e-01	1.532036e-05	
1289	2.541000e-09	0.000000e+00	9.999969e-01	1.521733e-05	
1290	2.543000e-09	0.000000e+00	9.999968e-01	1.532042e-05	
1291	2.545000e-09	0.000000e+00	9.999969e-01	1.521727e-05	
1292	2.547000e-09	0.000000e+00	9.999968e-01	1.532048e-05	
1293	2.549000e-09	0.000000e+00	9.999969e-01	1.521721e-05	
1294	2.551000e-09	0.000000e+00	9.999968e-01	1.532053e-05	
1295	2.553000e-09	0.000000e+00	9.999969e-01	1.521715e-05	
1296	2.555000e-09	0.000000e+00	9.999968e-01	1.532059e-05	
1297	2.557000e-09	0.000000e+00	9.999969e-01	1.521710e-05	
1298	2.559000e-09	0.000000e+00	9.999968e-01	1.532065e-05	
1299	2.561000e-09	0.000000e+00	9.999969e-01	1.521704e-05	
1300	2.563000e-09	0.000000e+00	9.999968e-01	1.532071e-05	
1301	2.565000e-09	0.000000e+00	9.999969e-01	1.521698e-05	
1302	2.567000e-09	0.000000e+00	9.999968e-01	1.532076e-05	
1303	2.569000e-09	0.000000e+00	9.999969e-01	1.521692e-05	
1304	2.571000e-09	0.000000e+00	9.999968e-01	1.532082e-05	
1305	2.573000e-09	0.000000e+00	9.999969e-01	1.521687e-05	
1306	2.575000e-09	0.000000e+00	9.999968e-01	1.532088e-05	
1307	2.577000e-09	0.000000e+00	9.999969e-01	1.521681e-05	
1308	2.579000e-09	0.000000e+00	9.999968e-01	1.532093e-05	
1309	2.581000e-09	0.000000e+00	9.999969e-01	1.521676e-05	
1310	2.583000e-09	0.000000e+00	9.999968e-01	1.532099e-05	
1311	2.585000e-09	0.000000e+00	9.999969e-01	1.521670e-05	
1312	2.587000e-09	0.000000e+00	9.999968e-01	1.532104e-05	
1313	2.589000e-09	0.000000e+00	9.999969e-01	1.521664e-05	
1314	2.591000e-09	0.000000e+00	9.999968e-01	1.532110e-05	
1315	2.593000e-09	0.000000e+00	9.999969e-01	1.521659e-05	
1316	2.595000e-09	0.000000e+00	9.999968e-01	1.532115e-05	
1317	2.597000e-09	0.000000e+00	9.999969e-01	1.521653e-05	
1318	2.599000e-09	0.000000e+00	9.999968e-01	1.532121e-05	
1319	2.601000e-09	0.000000e+00	9.999969e-01	1.521648e-05	
1320	2.603000e-09	0.000000e+00	9.999968e-01	1.532126e-05	
1321	2.605000e-09	0.000000e+00	9.999969e-01	1.521642e-05	
1322	2.607000e-09	0.000000e+00	9.999968e-01	1.532132e-05	
1323	2.609000e-09	0.000000e+00	9.999969e-01	1.521637e-05	
1324	2.611000e-09	0.000000e+00	9.999968e-01	1.532137e-05	
1325	2.613000e-09	0.000000e+00	9.999969e-01	1.521632e-05	
1326	2.615000e-09	0.000000e+00	9.999968e-01	1.532143e-05	
1327	2.617000e-09	0.000000e+00	9.999969e-01	1.521626e-05	
1328	2.619000e-09	0.000000e+00	9.999968e-01	1.532148e-05	
1329	2.621000e-09	0.000000e+00	9.999969e-01	1.521621e-05	
1330	2.623000e-09	0.000000e+00	9.999968e-01	1.532153e-05	

Index   time            v(rbl)          v(dout_1)       v(dout_4)       
--------------------------------------------------------------------------------
1331	2.625000e-09	0.000000e+00	9.999969e-01	1.521616e-05	
1332	2.627000e-09	0.000000e+00	9.999968e-01	1.532159e-05	
1333	2.629000e-09	0.000000e+00	9.999969e-01	1.521610e-05	
1334	2.631000e-09	0.000000e+00	9.999968e-01	1.532164e-05	
1335	2.633000e-09	0.000000e+00	9.999969e-01	1.521605e-05	
1336	2.635000e-09	0.000000e+00	9.999968e-01	1.532169e-05	
1337	2.637000e-09	0.000000e+00	9.999969e-01	1.521600e-05	
1338	2.639000e-09	0.000000e+00	9.999968e-01	1.532175e-05	
1339	2.641000e-09	0.000000e+00	9.999969e-01	1.521594e-05	
1340	2.643000e-09	0.000000e+00	9.999968e-01	1.532180e-05	
1341	2.645000e-09	0.000000e+00	9.999969e-01	1.521589e-05	
1342	2.647000e-09	0.000000e+00	9.999968e-01	1.532185e-05	
1343	2.649000e-09	0.000000e+00	9.999969e-01	1.521584e-05	
1344	2.651000e-09	0.000000e+00	9.999968e-01	1.532190e-05	
1345	2.653000e-09	0.000000e+00	9.999969e-01	1.521579e-05	
1346	2.655000e-09	0.000000e+00	9.999968e-01	1.532195e-05	
1347	2.657000e-09	0.000000e+00	9.999969e-01	1.521574e-05	
1348	2.659000e-09	0.000000e+00	9.999968e-01	1.532201e-05	
1349	2.661000e-09	0.000000e+00	9.999969e-01	1.521568e-05	
1350	2.663000e-09	0.000000e+00	9.999968e-01	1.532206e-05	
1351	2.665000e-09	0.000000e+00	9.999969e-01	1.521563e-05	
1352	2.667000e-09	0.000000e+00	9.999968e-01	1.532211e-05	
1353	2.669000e-09	0.000000e+00	9.999969e-01	1.521558e-05	
1354	2.671000e-09	0.000000e+00	9.999968e-01	1.532216e-05	
1355	2.673000e-09	0.000000e+00	9.999969e-01	1.521553e-05	
1356	2.675000e-09	0.000000e+00	9.999968e-01	1.532221e-05	
1357	2.677000e-09	0.000000e+00	9.999969e-01	1.521548e-05	
1358	2.679000e-09	0.000000e+00	9.999968e-01	1.532226e-05	
1359	2.681000e-09	0.000000e+00	9.999969e-01	1.521543e-05	
1360	2.683000e-09	0.000000e+00	9.999968e-01	1.532231e-05	
1361	2.685000e-09	0.000000e+00	9.999969e-01	1.521538e-05	
1362	2.687000e-09	0.000000e+00	9.999968e-01	1.532236e-05	
1363	2.689000e-09	0.000000e+00	9.999969e-01	1.521533e-05	
1364	2.691000e-09	0.000000e+00	9.999968e-01	1.532241e-05	
1365	2.693000e-09	0.000000e+00	9.999969e-01	1.521528e-05	
1366	2.695000e-09	0.000000e+00	9.999968e-01	1.532246e-05	
1367	2.697000e-09	0.000000e+00	9.999969e-01	1.521523e-05	
1368	2.699000e-09	0.000000e+00	9.999968e-01	1.532251e-05	
1369	2.701000e-09	0.000000e+00	9.999969e-01	1.521518e-05	
1370	2.703000e-09	0.000000e+00	9.999968e-01	1.532256e-05	
1371	2.705000e-09	0.000000e+00	9.999969e-01	1.521513e-05	
1372	2.707000e-09	0.000000e+00	9.999968e-01	1.532261e-05	
1373	2.709000e-09	0.000000e+00	9.999969e-01	1.521508e-05	
1374	2.711000e-09	0.000000e+00	9.999968e-01	1.532266e-05	
1375	2.713000e-09	0.000000e+00	9.999969e-01	1.521504e-05	
1376	2.715000e-09	0.000000e+00	9.999968e-01	1.532271e-05	
1377	2.717000e-09	0.000000e+00	9.999969e-01	1.521499e-05	
1378	2.719000e-09	0.000000e+00	9.999968e-01	1.532275e-05	
1379	2.721000e-09	0.000000e+00	9.999969e-01	1.521494e-05	
1380	2.723000e-09	0.000000e+00	9.999968e-01	1.532280e-05	
1381	2.725000e-09	0.000000e+00	9.999969e-01	1.521489e-05	
1382	2.727000e-09	0.000000e+00	9.999968e-01	1.532285e-05	
1383	2.729000e-09	0.000000e+00	9.999969e-01	1.521484e-05	
1384	2.731000e-09	0.000000e+00	9.999968e-01	1.532290e-05	
1385	2.733000e-09	0.000000e+00	9.999969e-01	1.521480e-05	
1386	2.735000e-09	0.000000e+00	9.999968e-01	1.532295e-05	
1387	2.737000e-09	0.000000e+00	9.999969e-01	1.521475e-05	
1388	2.739000e-09	0.000000e+00	9.999968e-01	1.532299e-05	

Index   time            v(rbl)          v(dout_1)       v(dout_4)       
--------------------------------------------------------------------------------
1389	2.741000e-09	0.000000e+00	9.999969e-01	1.521470e-05	
1390	2.743000e-09	0.000000e+00	9.999968e-01	1.532304e-05	
1391	2.745000e-09	0.000000e+00	9.999969e-01	1.521465e-05	
1392	2.747000e-09	0.000000e+00	9.999969e-01	1.532309e-05	
1393	2.749000e-09	0.000000e+00	9.999969e-01	1.521461e-05	
1394	2.751000e-09	0.000000e+00	9.999969e-01	1.532313e-05	
1395	2.753000e-09	0.000000e+00	9.999969e-01	1.521456e-05	
1396	2.755000e-09	0.000000e+00	9.999969e-01	1.532318e-05	
1397	2.757000e-09	0.000000e+00	9.999969e-01	1.521451e-05	
1398	2.759000e-09	0.000000e+00	9.999969e-01	1.532323e-05	
1399	2.761000e-09	0.000000e+00	9.999969e-01	1.521447e-05	
1400	2.763000e-09	0.000000e+00	9.999969e-01	1.532327e-05	
1401	2.765000e-09	0.000000e+00	9.999969e-01	1.521442e-05	
1402	2.767000e-09	0.000000e+00	9.999969e-01	1.532332e-05	
1403	2.769000e-09	0.000000e+00	9.999969e-01	1.521437e-05	
1404	2.771000e-09	0.000000e+00	9.999969e-01	1.532336e-05	
1405	2.773000e-09	0.000000e+00	9.999969e-01	1.521433e-05	
1406	2.775000e-09	0.000000e+00	9.999969e-01	1.532341e-05	
1407	2.777000e-09	0.000000e+00	9.999969e-01	1.521428e-05	
1408	2.779000e-09	0.000000e+00	9.999969e-01	1.532346e-05	
1409	2.781000e-09	0.000000e+00	9.999969e-01	1.521424e-05	
1410	2.783000e-09	0.000000e+00	9.999969e-01	1.532350e-05	
1411	2.785000e-09	0.000000e+00	9.999969e-01	1.521419e-05	
1412	2.787000e-09	0.000000e+00	9.999969e-01	1.532355e-05	
1413	2.789000e-09	0.000000e+00	9.999969e-01	1.521415e-05	
1414	2.791000e-09	0.000000e+00	9.999969e-01	1.532359e-05	
1415	2.793000e-09	0.000000e+00	9.999969e-01	1.521410e-05	
1416	2.795000e-09	0.000000e+00	9.999969e-01	1.532364e-05	
1417	2.797000e-09	0.000000e+00	9.999969e-01	1.521406e-05	
1418	2.799000e-09	0.000000e+00	9.999969e-01	1.532368e-05	
1419	2.801000e-09	0.000000e+00	9.999969e-01	1.521401e-05	
1420	2.803000e-09	0.000000e+00	9.999969e-01	1.532372e-05	
1421	2.805000e-09	0.000000e+00	9.999969e-01	1.521397e-05	
1422	2.807000e-09	0.000000e+00	9.999969e-01	1.532377e-05	
1423	2.809000e-09	0.000000e+00	9.999969e-01	1.521393e-05	
1424	2.811000e-09	0.000000e+00	9.999969e-01	1.532381e-05	
1425	2.813000e-09	0.000000e+00	9.999969e-01	1.521388e-05	
1426	2.815000e-09	0.000000e+00	9.999969e-01	1.532386e-05	
1427	2.817000e-09	0.000000e+00	9.999969e-01	1.521384e-05	
1428	2.819000e-09	0.000000e+00	9.999969e-01	1.532390e-05	
1429	2.821000e-09	0.000000e+00	9.999969e-01	1.521379e-05	
1430	2.823000e-09	0.000000e+00	9.999969e-01	1.532394e-05	
1431	2.825000e-09	0.000000e+00	9.999969e-01	1.521375e-05	
1432	2.827000e-09	0.000000e+00	9.999969e-01	1.532399e-05	
1433	2.829000e-09	0.000000e+00	9.999969e-01	1.521371e-05	
1434	2.831000e-09	0.000000e+00	9.999969e-01	1.532403e-05	
1435	2.833000e-09	0.000000e+00	9.999969e-01	1.521366e-05	
1436	2.835000e-09	0.000000e+00	9.999969e-01	1.532407e-05	
1437	2.837000e-09	0.000000e+00	9.999969e-01	1.521362e-05	
1438	2.839000e-09	0.000000e+00	9.999969e-01	1.532412e-05	
1439	2.841000e-09	0.000000e+00	9.999969e-01	1.521358e-05	
1440	2.843000e-09	0.000000e+00	9.999969e-01	1.532416e-05	
1441	2.845000e-09	0.000000e+00	9.999969e-01	1.521354e-05	
1442	2.847000e-09	0.000000e+00	9.999969e-01	1.532420e-05	
1443	2.849000e-09	0.000000e+00	9.999969e-01	1.521349e-05	
1444	2.851000e-09	0.000000e+00	9.999969e-01	1.532424e-05	
1445	2.853000e-09	0.000000e+00	9.999969e-01	1.521345e-05	
1446	2.855000e-09	0.000000e+00	9.999969e-01	1.532429e-05	

Index   time            v(rbl)          v(dout_1)       v(dout_4)       
--------------------------------------------------------------------------------
1447	2.857000e-09	0.000000e+00	9.999969e-01	1.521341e-05	
1448	2.859000e-09	0.000000e+00	9.999969e-01	1.532433e-05	
1449	2.861000e-09	0.000000e+00	9.999969e-01	1.521337e-05	
1450	2.863000e-09	0.000000e+00	9.999969e-01	1.532437e-05	
1451	2.865000e-09	0.000000e+00	9.999969e-01	1.521333e-05	
1452	2.867000e-09	0.000000e+00	9.999969e-01	1.532441e-05	
1453	2.869000e-09	0.000000e+00	9.999969e-01	1.521328e-05	
1454	2.871000e-09	0.000000e+00	9.999969e-01	1.532445e-05	
1455	2.873000e-09	0.000000e+00	9.999969e-01	1.521324e-05	
1456	2.875000e-09	0.000000e+00	9.999969e-01	1.532449e-05	
1457	2.877000e-09	0.000000e+00	9.999969e-01	1.521320e-05	
1458	2.879000e-09	0.000000e+00	9.999969e-01	1.532454e-05	
1459	2.881000e-09	0.000000e+00	9.999969e-01	1.521316e-05	
1460	2.883000e-09	0.000000e+00	9.999969e-01	1.532458e-05	
1461	2.885000e-09	0.000000e+00	9.999969e-01	1.521312e-05	
1462	2.887000e-09	0.000000e+00	9.999969e-01	1.532462e-05	
1463	2.889000e-09	0.000000e+00	9.999969e-01	1.521308e-05	
1464	2.891000e-09	0.000000e+00	9.999969e-01	1.532466e-05	
1465	2.893000e-09	0.000000e+00	9.999969e-01	1.521304e-05	
1466	2.895000e-09	0.000000e+00	9.999969e-01	1.532470e-05	
1467	2.897000e-09	0.000000e+00	9.999969e-01	1.521300e-05	
1468	2.899000e-09	0.000000e+00	9.999969e-01	1.532474e-05	
1469	2.901000e-09	0.000000e+00	9.999969e-01	1.521296e-05	
1470	2.903000e-09	0.000000e+00	9.999969e-01	1.532478e-05	
1471	2.905000e-09	0.000000e+00	9.999969e-01	1.521292e-05	
1472	2.907000e-09	0.000000e+00	9.999969e-01	1.532482e-05	
1473	2.909000e-09	0.000000e+00	9.999969e-01	1.521288e-05	
1474	2.911000e-09	0.000000e+00	9.999969e-01	1.532486e-05	
1475	2.913000e-09	0.000000e+00	9.999969e-01	1.521284e-05	
1476	2.915000e-09	0.000000e+00	9.999969e-01	1.532490e-05	
1477	2.917000e-09	0.000000e+00	9.999969e-01	1.521280e-05	
1478	2.919000e-09	0.000000e+00	9.999969e-01	1.532494e-05	
1479	2.921000e-09	0.000000e+00	9.999969e-01	1.521276e-05	
1480	2.923000e-09	0.000000e+00	9.999969e-01	1.532498e-05	
1481	2.925000e-09	0.000000e+00	9.999969e-01	1.521272e-05	
1482	2.927000e-09	0.000000e+00	9.999969e-01	1.532502e-05	
1483	2.929000e-09	0.000000e+00	9.999969e-01	1.521268e-05	
1484	2.931000e-09	0.000000e+00	9.999969e-01	1.532506e-05	
1485	2.933000e-09	0.000000e+00	9.999969e-01	1.521264e-05	
1486	2.935000e-09	0.000000e+00	9.999969e-01	1.532509e-05	
1487	2.937000e-09	0.000000e+00	9.999969e-01	1.521260e-05	
1488	2.939000e-09	0.000000e+00	9.999969e-01	1.532513e-05	
1489	2.941000e-09	0.000000e+00	9.999969e-01	1.521256e-05	
1490	2.943000e-09	0.000000e+00	9.999969e-01	1.532517e-05	
1491	2.945000e-09	0.000000e+00	9.999969e-01	1.521252e-05	
1492	2.947000e-09	0.000000e+00	9.999969e-01	1.532521e-05	
1493	2.949000e-09	0.000000e+00	9.999969e-01	1.521249e-05	
1494	2.951000e-09	0.000000e+00	9.999969e-01	1.532525e-05	
1495	2.953000e-09	0.000000e+00	9.999969e-01	1.521245e-05	
1496	2.955000e-09	0.000000e+00	9.999969e-01	1.532529e-05	
1497	2.957000e-09	0.000000e+00	9.999969e-01	1.521241e-05	
1498	2.959000e-09	0.000000e+00	9.999969e-01	1.532533e-05	
1499	2.961000e-09	0.000000e+00	9.999969e-01	1.521237e-05	
1500	2.963000e-09	0.000000e+00	9.999969e-01	1.532536e-05	
1501	2.965000e-09	0.000000e+00	9.999969e-01	1.521233e-05	
1502	2.967000e-09	0.000000e+00	9.999969e-01	1.532540e-05	
1503	2.969000e-09	0.000000e+00	9.999969e-01	1.521230e-05	
1504	2.971000e-09	0.000000e+00	9.999969e-01	1.532544e-05	

Index   time            v(rbl)          v(dout_1)       v(dout_4)       
--------------------------------------------------------------------------------
1505	2.973000e-09	0.000000e+00	9.999969e-01	1.521226e-05	
1506	2.975000e-09	0.000000e+00	9.999969e-01	1.532548e-05	
1507	2.977000e-09	0.000000e+00	9.999969e-01	1.521222e-05	
1508	2.979000e-09	0.000000e+00	9.999969e-01	1.532551e-05	
1509	2.981000e-09	0.000000e+00	9.999969e-01	1.521218e-05	
1510	2.983000e-09	0.000000e+00	9.999969e-01	1.532555e-05	
1511	2.985000e-09	0.000000e+00	9.999969e-01	1.521215e-05	
1512	2.987000e-09	0.000000e+00	9.999969e-01	1.532559e-05	
1513	2.989000e-09	0.000000e+00	9.999969e-01	1.521211e-05	
1514	2.991000e-09	0.000000e+00	9.999969e-01	1.532562e-05	
1515	2.993000e-09	0.000000e+00	9.999969e-01	1.521207e-05	
1516	2.995000e-09	0.000000e+00	9.999969e-01	1.532566e-05	
1517	2.997000e-09	0.000000e+00	9.999969e-01	1.521204e-05	
1518	2.999000e-09	0.000000e+00	9.999969e-01	1.532570e-05	
1519	3.001000e-09	0.000000e+00	9.999969e-01	1.521200e-05	
1520	3.003000e-09	0.000000e+00	9.999969e-01	1.532573e-05	
1521	3.005000e-09	0.000000e+00	9.999969e-01	1.521196e-05	
1522	3.007000e-09	0.000000e+00	9.999969e-01	1.532577e-05	
1523	3.009000e-09	0.000000e+00	9.999969e-01	1.521193e-05	
1524	3.011000e-09	0.000000e+00	9.999969e-01	1.532581e-05	
1525	3.013000e-09	0.000000e+00	9.999969e-01	1.521189e-05	
1526	3.015000e-09	0.000000e+00	9.999969e-01	1.532584e-05	
1527	3.017000e-09	0.000000e+00	9.999969e-01	1.521186e-05	
1528	3.019000e-09	0.000000e+00	9.999969e-01	1.532588e-05	
1529	3.021000e-09	0.000000e+00	9.999969e-01	1.521182e-05	
1530	3.023000e-09	0.000000e+00	9.999969e-01	1.532591e-05	
1531	3.025000e-09	0.000000e+00	9.999969e-01	1.521178e-05	
1532	3.027000e-09	0.000000e+00	9.999969e-01	1.532595e-05	
1533	3.029000e-09	0.000000e+00	9.999969e-01	1.521175e-05	
1534	3.031000e-09	0.000000e+00	9.999969e-01	1.532599e-05	
1535	3.033000e-09	0.000000e+00	9.999969e-01	1.521171e-05	
1536	3.035000e-09	0.000000e+00	9.999969e-01	1.532602e-05	
1537	3.037000e-09	0.000000e+00	9.999969e-01	1.521168e-05	
1538	3.039000e-09	0.000000e+00	9.999969e-01	1.532606e-05	
1539	3.041000e-09	0.000000e+00	9.999969e-01	1.521164e-05	
1540	3.043000e-09	0.000000e+00	9.999969e-01	1.532609e-05	
1541	3.045000e-09	0.000000e+00	9.999969e-01	1.521161e-05	
1542	3.047000e-09	0.000000e+00	9.999969e-01	1.532613e-05	
1543	3.049000e-09	0.000000e+00	9.999969e-01	1.521157e-05	
1544	3.050000e-09	0.000000e+00	9.999969e-01	1.532618e-05	
1545	3.050200e-09	2.000000e-02	1.002405e+00	1.612439e-05	
1546	3.050600e-09	6.000000e-02	1.006855e+00	1.735007e-05	
1547	3.051400e-09	1.400000e-01	1.014071e+00	1.793842e-05	
1548	3.053000e-09	3.000000e-01	1.024869e+00	1.741306e-05	
1549	3.055000e-09	5.000000e-01	1.031878e+00	1.587630e-05	
1550	3.057000e-09	7.000000e-01	1.021311e+00	1.212893e-05	
1551	3.059000e-09	9.000000e-01	9.852312e-01	7.387917e-06	
1552	3.060000e-09	1.000000e+00	9.575970e-01	5.239126e-06	
1553	3.060200e-09	1.000000e+00	9.498101e-01	4.406118e-06	
1554	3.060600e-09	1.000000e+00	9.344145e-01	3.142354e-06	
1555	3.061400e-09	1.000000e+00	9.043402e-01	2.197949e-06	
1556	3.063000e-09	1.000000e+00	8.456973e-01	3.033586e-06	
1557	3.065000e-09	1.000000e+00	7.741443e-01	6.134858e-06	
1558	3.067000e-09	1.000000e+00	7.051322e-01	1.132267e-05	
1559	3.069000e-09	1.000000e+00	6.422753e-01	2.131964e-05	
1560	3.071000e-09	1.000000e+00	5.877394e-01	3.919343e-05	
1561	3.073000e-09	1.000000e+00	5.407291e-01	6.278873e-05	
1562	3.075000e-09	1.000000e+00	5.023849e-01	8.869944e-05	

Index   time            v(rbl)          v(dout_1)       v(dout_4)       
--------------------------------------------------------------------------------
1563	3.077000e-09	1.000000e+00	4.731888e-01	1.118440e-04	
1564	3.079000e-09	1.000000e+00	4.510122e-01	1.290165e-04	
1565	3.081000e-09	1.000000e+00	4.329784e-01	1.402866e-04	
1566	3.083000e-09	1.000000e+00	4.160646e-01	1.472774e-04	
1567	3.085000e-09	1.000000e+00	3.960980e-01	1.530726e-04	
1568	3.087000e-09	1.000000e+00	3.658803e-01	1.627825e-04	
1569	3.089000e-09	1.000000e+00	3.267654e-01	1.821882e-04	
1570	3.091000e-09	1.000000e+00	2.868882e-01	2.078958e-04	
1571	3.093000e-09	1.000000e+00	2.495900e-01	2.243203e-04	
1572	3.095000e-09	1.000000e+00	2.156774e-01	1.997087e-04	
1573	3.097000e-09	1.000000e+00	1.853380e-01	8.112516e-05	
1574	3.099000e-09	1.000000e+00	1.586510e-01	-1.83820e-04	
1575	3.101000e-09	1.000000e+00	1.353838e-01	-6.70639e-04	
1576	3.103000e-09	1.000000e+00	1.150255e-01	-1.41186e-03	
1577	3.105000e-09	1.000000e+00	9.723854e-02	-2.31620e-03	
1578	3.107000e-09	1.000000e+00	8.197405e-02	-3.29613e-03	
1579	3.109000e-09	1.000000e+00	6.902356e-02	-4.30600e-03	
1580	3.111000e-09	1.000000e+00	5.863447e-02	-5.30855e-03	
1581	3.113000e-09	1.000000e+00	5.056342e-02	-6.31613e-03	
1582	3.115000e-09	1.000000e+00	4.369204e-02	-7.19532e-03	
1583	3.117000e-09	1.000000e+00	3.741695e-02	-7.26795e-03	
1584	3.119000e-09	1.000000e+00	3.169175e-02	-5.17789e-03	
1585	3.121000e-09	1.000000e+00	2.656402e-02	4.902487e-04	
1586	3.123000e-09	1.000000e+00	2.207570e-02	1.084156e-02	
1587	3.125000e-09	1.000000e+00	1.822970e-02	2.631931e-02	
1588	3.127000e-09	1.000000e+00	1.498381e-02	4.643156e-02	
1589	3.129000e-09	1.000000e+00	1.227074e-02	7.038699e-02	
1590	3.131000e-09	1.000000e+00	1.001661e-02	9.752654e-02	
1591	3.133000e-09	1.000000e+00	8.152233e-03	1.274725e-01	
1592	3.135000e-09	1.000000e+00	6.607099e-03	1.603482e-01	
1593	3.137000e-09	1.000000e+00	5.320505e-03	1.972499e-01	
1594	3.139000e-09	1.000000e+00	4.271485e-03	2.400008e-01	
1595	3.141000e-09	1.000000e+00	3.439528e-03	2.893660e-01	
1596	3.143000e-09	1.000000e+00	2.779452e-03	3.445748e-01	
1597	3.145000e-09	1.000000e+00	2.255068e-03	4.036445e-01	
1598	3.147000e-09	1.000000e+00	1.836420e-03	4.641078e-01	
1599	3.149000e-09	1.000000e+00	1.501308e-03	5.270300e-01	
1600	3.151000e-09	1.000000e+00	1.230909e-03	5.884871e-01	
1601	3.153000e-09	1.000000e+00	1.011853e-03	6.425867e-01	
1602	3.155000e-09	1.000000e+00	8.337879e-04	6.882007e-01	
1603	3.157000e-09	1.000000e+00	6.899447e-04	7.291012e-01	
1604	3.159000e-09	1.000000e+00	5.731408e-04	7.676439e-01	
1605	3.161000e-09	1.000000e+00	4.802524e-04	8.157861e-01	
1606	3.163000e-09	1.000000e+00	4.042994e-04	8.710886e-01	
1607	3.165000e-09	1.000000e+00	3.394223e-04	9.154030e-01	
1608	3.167000e-09	1.000000e+00	2.838325e-04	9.452605e-01	
1609	3.169000e-09	1.000000e+00	2.376525e-04	9.645534e-01	
1610	3.171000e-09	1.000000e+00	1.994444e-04	9.767584e-01	
1611	3.173000e-09	1.000000e+00	1.685963e-04	9.844501e-01	
1612	3.175000e-09	1.000000e+00	1.432981e-04	9.894061e-01	
1613	3.177000e-09	1.000000e+00	1.228981e-04	9.926686e-01	
1614	3.179000e-09	1.000000e+00	1.058589e-04	9.948203e-01	
1615	3.181000e-09	1.000000e+00	9.195958e-05	9.962010e-01	
1616	3.183000e-09	1.000000e+00	8.007886e-05	9.970239e-01	
1617	3.185000e-09	1.000000e+00	7.028848e-05	9.972857e-01	
1618	3.187000e-09	1.000000e+00	6.174195e-05	9.970363e-01	
1619	3.189000e-09	1.000000e+00	5.483294e-05	9.967185e-01	
1620	3.191000e-09	1.000000e+00	4.878226e-05	9.966160e-01	

Index   time            v(rbl)          v(dout_1)       v(dout_4)       
--------------------------------------------------------------------------------
1621	3.193000e-09	1.000000e+00	4.387220e-05	9.966816e-01	
1622	3.195000e-09	1.000000e+00	3.941543e-05	9.968584e-01	
1623	3.197000e-09	1.000000e+00	3.583641e-05	9.970962e-01	
1624	3.199000e-09	1.000000e+00	3.251918e-05	9.973661e-01	
1625	3.201000e-09	1.000000e+00	2.992490e-05	9.976320e-01	
1626	3.203000e-09	1.000000e+00	2.746508e-05	9.978785e-01	
1627	3.205000e-09	1.000000e+00	2.562261e-05	9.981079e-01	
1628	3.207000e-09	1.000000e+00	2.382087e-05	9.983292e-01	
1629	3.209000e-09	1.000000e+00	2.254470e-05	9.985434e-01	
1630	3.211000e-09	1.000000e+00	2.123224e-05	9.987716e-01	
1631	3.213000e-09	1.000000e+00	2.036327e-05	9.989792e-01	
1632	3.215000e-09	1.000000e+00	1.938218e-05	9.991298e-01	
1633	3.217000e-09	1.000000e+00	1.880308e-05	9.992372e-01	
1634	3.219000e-09	1.000000e+00	1.808420e-05	9.993232e-01	
1635	3.221000e-09	1.000000e+00	1.772800e-05	9.993980e-01	
1636	3.223000e-09	1.000000e+00	1.719517e-05	9.994695e-01	
1637	3.225000e-09	1.000000e+00	1.699022e-05	9.995371e-01	
1638	3.227000e-09	1.000000e+00	1.658180e-05	9.996015e-01	
1639	3.229000e-09	1.000000e+00	1.647813e-05	9.996595e-01	
1640	3.231000e-09	1.000000e+00	1.615481e-05	9.997123e-01	
1641	3.233000e-09	1.000000e+00	1.612137e-05	9.997575e-01	
1642	3.235000e-09	1.000000e+00	1.585789e-05	9.997969e-01	
1643	3.237000e-09	1.000000e+00	1.587389e-05	9.998294e-01	
1644	3.239000e-09	1.000000e+00	1.565339e-05	9.998592e-01	
1645	3.241000e-09	1.000000e+00	1.570416e-05	9.998842e-01	
1646	3.243000e-09	1.000000e+00	1.551299e-05	9.999062e-01	
1647	3.245000e-09	1.000000e+00	1.558711e-05	9.999234e-01	
1648	3.247000e-09	1.000000e+00	1.541649e-05	9.999382e-01	
1649	3.249000e-09	1.000000e+00	1.550681e-05	9.999492e-01	
1650	3.251000e-09	1.000000e+00	1.535063e-05	9.999589e-01	
1651	3.253000e-09	1.000000e+00	1.545104e-05	9.999657e-01	
1652	3.255000e-09	1.000000e+00	1.530538e-05	9.999721e-01	
1653	3.257000e-09	1.000000e+00	1.541504e-05	9.999764e-01	
1654	3.259000e-09	1.000000e+00	1.527564e-05	9.999808e-01	
1655	3.261000e-09	1.000000e+00	1.538911e-05	9.999835e-01	
1656	3.263000e-09	1.000000e+00	1.525472e-05	9.999864e-01	
1657	3.265000e-09	1.000000e+00	1.537110e-05	9.999877e-01	
1658	3.267000e-09	1.000000e+00	1.524026e-05	9.999897e-01	
1659	3.269000e-09	1.000000e+00	1.535863e-05	9.999905e-01	
1660	3.271000e-09	1.000000e+00	1.523037e-05	9.999920e-01	
1661	3.273000e-09	1.000000e+00	1.534990e-05	9.999924e-01	
1662	3.275000e-09	1.000000e+00	1.522354e-05	9.999937e-01	
1663	3.277000e-09	1.000000e+00	1.534296e-05	9.999938e-01	
1664	3.279000e-09	1.000000e+00	1.521845e-05	9.999948e-01	
1665	3.281000e-09	1.000000e+00	1.533972e-05	9.999947e-01	
1666	3.283000e-09	1.000000e+00	1.521582e-05	9.999955e-01	
1667	3.285000e-09	1.000000e+00	1.533638e-05	9.999953e-01	
1668	3.287000e-09	1.000000e+00	1.521363e-05	9.999960e-01	
1669	3.289000e-09	1.000000e+00	1.533325e-05	9.999957e-01	
1670	3.291000e-09	1.000000e+00	1.521172e-05	9.999964e-01	
1671	3.293000e-09	1.000000e+00	1.533194e-05	9.999960e-01	
1672	3.295000e-09	1.000000e+00	1.521095e-05	9.999966e-01	
1673	3.297000e-09	1.000000e+00	1.533088e-05	9.999962e-01	
1674	3.299000e-09	1.000000e+00	1.521052e-05	9.999967e-01	
1675	3.301000e-09	1.000000e+00	1.533004e-05	9.999963e-01	
1676	3.303000e-09	1.000000e+00	1.521026e-05	9.999968e-01	
1677	3.305000e-09	1.000000e+00	1.532934e-05	9.999964e-01	
1678	3.307000e-09	1.000000e+00	1.521014e-05	9.999969e-01	

Index   time            v(rbl)          v(dout_1)       v(dout_4)       
--------------------------------------------------------------------------------
1679	3.309000e-09	1.000000e+00	1.532876e-05	9.999965e-01	
1680	3.311000e-09	1.000000e+00	1.521010e-05	9.999970e-01	
1681	3.313000e-09	1.000000e+00	1.532826e-05	9.999965e-01	
1682	3.315000e-09	1.000000e+00	1.521014e-05	9.999970e-01	
1683	3.317000e-09	1.000000e+00	1.532782e-05	9.999965e-01	
1684	3.319000e-09	1.000000e+00	1.521024e-05	9.999971e-01	
1685	3.321000e-09	1.000000e+00	1.532744e-05	9.999966e-01	
1686	3.323000e-09	1.000000e+00	1.521038e-05	9.999971e-01	
1687	3.325000e-09	1.000000e+00	1.532710e-05	9.999966e-01	
1688	3.327000e-09	1.000000e+00	1.521055e-05	9.999971e-01	
1689	3.329000e-09	1.000000e+00	1.532678e-05	9.999966e-01	
1690	3.331000e-09	1.000000e+00	1.521074e-05	9.999971e-01	
1691	3.333000e-09	1.000000e+00	1.532648e-05	9.999966e-01	
1692	3.335000e-09	1.000000e+00	1.521095e-05	9.999971e-01	
1693	3.337000e-09	1.000000e+00	1.532620e-05	9.999966e-01	
1694	3.339000e-09	1.000000e+00	1.521117e-05	9.999971e-01	
1695	3.341000e-09	1.000000e+00	1.532593e-05	9.999966e-01	
1696	3.343000e-09	1.000000e+00	1.521140e-05	9.999971e-01	
1697	3.345000e-09	1.000000e+00	1.532566e-05	9.999966e-01	
1698	3.347000e-09	1.000000e+00	1.521163e-05	9.999971e-01	
1699	3.349000e-09	1.000000e+00	1.532540e-05	9.999966e-01	
1700	3.351000e-09	1.000000e+00	1.521187e-05	9.999971e-01	
1701	3.353000e-09	1.000000e+00	1.532515e-05	9.999966e-01	
1702	3.355000e-09	1.000000e+00	1.521210e-05	9.999971e-01	
1703	3.357000e-09	1.000000e+00	1.532490e-05	9.999966e-01	
1704	3.359000e-09	1.000000e+00	1.521235e-05	9.999971e-01	
1705	3.361000e-09	1.000000e+00	1.532465e-05	9.999966e-01	
1706	3.363000e-09	1.000000e+00	1.521259e-05	9.999971e-01	
1707	3.365000e-09	1.000000e+00	1.532440e-05	9.999966e-01	
1708	3.367000e-09	1.000000e+00	1.521283e-05	9.999971e-01	
1709	3.369000e-09	1.000000e+00	1.532416e-05	9.999966e-01	
1710	3.371000e-09	1.000000e+00	1.521307e-05	9.999971e-01	
1711	3.373000e-09	1.000000e+00	1.532392e-05	9.999966e-01	
1712	3.375000e-09	1.000000e+00	1.521331e-05	9.999971e-01	
1713	3.377000e-09	1.000000e+00	1.532367e-05	9.999966e-01	
1714	3.379000e-09	1.000000e+00	1.521355e-05	9.999971e-01	
1715	3.381000e-09	1.000000e+00	1.532343e-05	9.999966e-01	
1716	3.383000e-09	1.000000e+00	1.521379e-05	9.999971e-01	
1717	3.385000e-09	1.000000e+00	1.532319e-05	9.999966e-01	
1718	3.387000e-09	1.000000e+00	1.521403e-05	9.999971e-01	
1719	3.389000e-09	1.000000e+00	1.532295e-05	9.999966e-01	
1720	3.391000e-09	1.000000e+00	1.521427e-05	9.999971e-01	
1721	3.393000e-09	1.000000e+00	1.532271e-05	9.999966e-01	
1722	3.395000e-09	1.000000e+00	1.521451e-05	9.999971e-01	
1723	3.397000e-09	1.000000e+00	1.532247e-05	9.999966e-01	
1724	3.399000e-09	1.000000e+00	1.521475e-05	9.999971e-01	
1725	3.401000e-09	1.000000e+00	1.532223e-05	9.999966e-01	
1726	3.403000e-09	1.000000e+00	1.521498e-05	9.999971e-01	
1727	3.405000e-09	1.000000e+00	1.532200e-05	9.999967e-01	
1728	3.407000e-09	1.000000e+00	1.521522e-05	9.999971e-01	
1729	3.409000e-09	1.000000e+00	1.532176e-05	9.999967e-01	
1730	3.411000e-09	1.000000e+00	1.521546e-05	9.999971e-01	
1731	3.413000e-09	1.000000e+00	1.532153e-05	9.999967e-01	
1732	3.415000e-09	1.000000e+00	1.521569e-05	9.999971e-01	
1733	3.417000e-09	1.000000e+00	1.532129e-05	9.999967e-01	
1734	3.419000e-09	1.000000e+00	1.521593e-05	9.999971e-01	
1735	3.421000e-09	1.000000e+00	1.532106e-05	9.999967e-01	
1736	3.423000e-09	1.000000e+00	1.521616e-05	9.999971e-01	

Index   time            v(rbl)          v(dout_1)       v(dout_4)       
--------------------------------------------------------------------------------
1737	3.425000e-09	1.000000e+00	1.532082e-05	9.999967e-01	
1738	3.427000e-09	1.000000e+00	1.521639e-05	9.999971e-01	
1739	3.429000e-09	1.000000e+00	1.532059e-05	9.999967e-01	
1740	3.431000e-09	1.000000e+00	1.521663e-05	9.999971e-01	
1741	3.433000e-09	1.000000e+00	1.532036e-05	9.999967e-01	
1742	3.435000e-09	1.000000e+00	1.521686e-05	9.999971e-01	
1743	3.437000e-09	1.000000e+00	1.532012e-05	9.999967e-01	
1744	3.439000e-09	1.000000e+00	1.521709e-05	9.999971e-01	
1745	3.441000e-09	1.000000e+00	1.531989e-05	9.999967e-01	
1746	3.443000e-09	1.000000e+00	1.521732e-05	9.999971e-01	
1747	3.445000e-09	1.000000e+00	1.531966e-05	9.999967e-01	
1748	3.447000e-09	1.000000e+00	1.521755e-05	9.999971e-01	
1749	3.449000e-09	1.000000e+00	1.531943e-05	9.999967e-01	
1750	3.451000e-09	1.000000e+00	1.521778e-05	9.999971e-01	
1751	3.453000e-09	1.000000e+00	1.531920e-05	9.999967e-01	
1752	3.455000e-09	1.000000e+00	1.521801e-05	9.999971e-01	
1753	3.457000e-09	1.000000e+00	1.531897e-05	9.999967e-01	
1754	3.459000e-09	1.000000e+00	1.521824e-05	9.999971e-01	
1755	3.461000e-09	1.000000e+00	1.531874e-05	9.999967e-01	
1756	3.463000e-09	1.000000e+00	1.521847e-05	9.999971e-01	
1757	3.465000e-09	1.000000e+00	1.531852e-05	9.999967e-01	
1758	3.467000e-09	1.000000e+00	1.521870e-05	9.999971e-01	
1759	3.469000e-09	1.000000e+00	1.531829e-05	9.999967e-01	
1760	3.471000e-09	1.000000e+00	1.521892e-05	9.999971e-01	
1761	3.473000e-09	1.000000e+00	1.531806e-05	9.999967e-01	
1762	3.475000e-09	1.000000e+00	1.521915e-05	9.999971e-01	
1763	3.477000e-09	1.000000e+00	1.531784e-05	9.999967e-01	
1764	3.479000e-09	1.000000e+00	1.521938e-05	9.999971e-01	
1765	3.481000e-09	1.000000e+00	1.531761e-05	9.999967e-01	
1766	3.483000e-09	1.000000e+00	1.521960e-05	9.999971e-01	
1767	3.485000e-09	1.000000e+00	1.531739e-05	9.999967e-01	
1768	3.487000e-09	1.000000e+00	1.521982e-05	9.999971e-01	
1769	3.489000e-09	1.000000e+00	1.531716e-05	9.999967e-01	
1770	3.491000e-09	1.000000e+00	1.522005e-05	9.999971e-01	
1771	3.493000e-09	1.000000e+00	1.531694e-05	9.999967e-01	
1772	3.495000e-09	1.000000e+00	1.522027e-05	9.999971e-01	
1773	3.497000e-09	1.000000e+00	1.531672e-05	9.999967e-01	
1774	3.499000e-09	1.000000e+00	1.522049e-05	9.999971e-01	
1775	3.501000e-09	1.000000e+00	1.531649e-05	9.999967e-01	
1776	3.503000e-09	1.000000e+00	1.522072e-05	9.999971e-01	
1777	3.505000e-09	1.000000e+00	1.531627e-05	9.999967e-01	
1778	3.507000e-09	1.000000e+00	1.522094e-05	9.999971e-01	
1779	3.509000e-09	1.000000e+00	1.531605e-05	9.999967e-01	
1780	3.511000e-09	1.000000e+00	1.522116e-05	9.999971e-01	
1781	3.513000e-09	1.000000e+00	1.531583e-05	9.999967e-01	
1782	3.515000e-09	1.000000e+00	1.522138e-05	9.999971e-01	
1783	3.517000e-09	1.000000e+00	1.531628e-05	9.999967e-01	
1784	3.519000e-09	1.000000e+00	1.522194e-05	9.999971e-01	
1785	3.521000e-09	1.000000e+00	1.531499e-05	9.999967e-01	
1786	3.523000e-09	1.000000e+00	1.522162e-05	9.999971e-01	
1787	3.525000e-09	1.000000e+00	1.531497e-05	9.999967e-01	
1788	3.527000e-09	1.000000e+00	1.522188e-05	9.999971e-01	
1789	3.529000e-09	1.000000e+00	1.531551e-05	9.999967e-01	
1790	3.531000e-09	1.000000e+00	1.522252e-05	9.999971e-01	
1791	3.533000e-09	1.000000e+00	1.531429e-05	9.999967e-01	
1792	3.535000e-09	1.000000e+00	1.522225e-05	9.999971e-01	
1793	3.537000e-09	1.000000e+00	1.531430e-05	9.999967e-01	
1794	3.539000e-09	1.000000e+00	1.522253e-05	9.999971e-01	

Index   time            v(rbl)          v(dout_1)       v(dout_4)       
--------------------------------------------------------------------------------
1795	3.541000e-09	1.000000e+00	1.531486e-05	9.999967e-01	
1796	3.543000e-09	1.000000e+00	1.522319e-05	9.999971e-01	
1797	3.545000e-09	1.000000e+00	1.531365e-05	9.999967e-01	
1798	3.547000e-09	1.000000e+00	1.522291e-05	9.999971e-01	
1799	3.549000e-09	1.000000e+00	1.531367e-05	9.999967e-01	
1800	3.551000e-09	1.000000e+00	1.522320e-05	9.999971e-01	
1801	3.553000e-09	1.000000e+00	1.531423e-05	9.999967e-01	
1802	3.555000e-09	1.000000e+00	1.522385e-05	9.999971e-01	
1803	3.557000e-09	1.000000e+00	1.531302e-05	9.999967e-01	
1804	3.559000e-09	1.000000e+00	1.522357e-05	9.999971e-01	
1805	3.561000e-09	1.000000e+00	1.531304e-05	9.999967e-01	
1806	3.563000e-09	1.000000e+00	1.522385e-05	9.999971e-01	
1807	3.565000e-09	1.000000e+00	1.531360e-05	9.999967e-01	
1808	3.567000e-09	1.000000e+00	1.522449e-05	9.999971e-01	
1809	3.569000e-09	1.000000e+00	1.531239e-05	9.999967e-01	
1810	3.571000e-09	1.000000e+00	1.522422e-05	9.999971e-01	
1811	3.573000e-09	1.000000e+00	1.531241e-05	9.999967e-01	
1812	3.575000e-09	1.000000e+00	1.522449e-05	9.999971e-01	
1813	3.577000e-09	1.000000e+00	1.531296e-05	9.999967e-01	
1814	3.579000e-09	1.000000e+00	1.522513e-05	9.999971e-01	
1815	3.581000e-09	1.000000e+00	1.531176e-05	9.999967e-01	
1816	3.583000e-09	1.000000e+00	1.522485e-05	9.999971e-01	
1817	3.585000e-09	1.000000e+00	1.531178e-05	9.999967e-01	
1818	3.587000e-09	1.000000e+00	1.522513e-05	9.999971e-01	
1819	3.589000e-09	1.000000e+00	1.531233e-05	9.999967e-01	
1820	3.591000e-09	1.000000e+00	1.522576e-05	9.999971e-01	
1821	3.593000e-09	1.000000e+00	1.531113e-05	9.999967e-01	
1822	3.595000e-09	1.000000e+00	1.522548e-05	9.999971e-01	
1823	3.597000e-09	1.000000e+00	1.531181e-05	9.999967e-01	
1824	3.599000e-09	1.000000e+00	1.522610e-05	9.999971e-01	
1825	3.601000e-09	1.000000e+00	1.531065e-05	9.999967e-01	
1826	3.603000e-09	1.000000e+00	1.522585e-05	9.999971e-01	
1827	3.605000e-09	1.000000e+00	1.531136e-05	9.999967e-01	
1828	3.607000e-09	1.000000e+00	1.522649e-05	9.999971e-01	
1829	3.609000e-09	1.000000e+00	1.531022e-05	9.999967e-01	
1830	3.611000e-09	1.000000e+00	1.522626e-05	9.999971e-01	
1831	3.613000e-09	1.000000e+00	1.531095e-05	9.999967e-01	
1832	3.615000e-09	1.000000e+00	1.522690e-05	9.999971e-01	
1833	3.617000e-09	1.000000e+00	1.530981e-05	9.999967e-01	
1834	3.619000e-09	1.000000e+00	1.522668e-05	9.999971e-01	
1835	3.621000e-09	1.000000e+00	1.531054e-05	9.999967e-01	
1836	3.623000e-09	1.000000e+00	1.522732e-05	9.999971e-01	
1837	3.625000e-09	1.000000e+00	1.530941e-05	9.999967e-01	
1838	3.627000e-09	1.000000e+00	1.522709e-05	9.999971e-01	
1839	3.629000e-09	1.000000e+00	1.531013e-05	9.999967e-01	
1840	3.631000e-09	1.000000e+00	1.522774e-05	9.999971e-01	
1841	3.633000e-09	1.000000e+00	1.530901e-05	9.999967e-01	
1842	3.635000e-09	1.000000e+00	1.522750e-05	9.999971e-01	
1843	3.637000e-09	1.000000e+00	1.530973e-05	9.999967e-01	
1844	3.639000e-09	1.000000e+00	1.522814e-05	9.999971e-01	
1845	3.641000e-09	1.000000e+00	1.530860e-05	9.999967e-01	
1846	3.643000e-09	1.000000e+00	1.522791e-05	9.999971e-01	
1847	3.645000e-09	1.000000e+00	1.530933e-05	9.999967e-01	
1848	3.647000e-09	1.000000e+00	1.522855e-05	9.999971e-01	
1849	3.649000e-09	1.000000e+00	1.530820e-05	9.999967e-01	
1850	3.651000e-09	1.000000e+00	1.522832e-05	9.999971e-01	
1851	3.653000e-09	1.000000e+00	1.530892e-05	9.999967e-01	
1852	3.655000e-09	1.000000e+00	1.522895e-05	9.999971e-01	

Index   time            v(rbl)          v(dout_1)       v(dout_4)       
--------------------------------------------------------------------------------
1853	3.657000e-09	1.000000e+00	1.530780e-05	9.999967e-01	
1854	3.659000e-09	1.000000e+00	1.522872e-05	9.999971e-01	
1855	3.661000e-09	1.000000e+00	1.530852e-05	9.999967e-01	
1856	3.663000e-09	1.000000e+00	1.522936e-05	9.999971e-01	
1857	3.665000e-09	1.000000e+00	1.530740e-05	9.999967e-01	
1858	3.667000e-09	1.000000e+00	1.522912e-05	9.999971e-01	
1859	3.669000e-09	1.000000e+00	1.530812e-05	9.999967e-01	
1860	3.671000e-09	1.000000e+00	1.522975e-05	9.999971e-01	
1861	3.673000e-09	1.000000e+00	1.530700e-05	9.999967e-01	
1862	3.675000e-09	1.000000e+00	1.522952e-05	9.999971e-01	
1863	3.677000e-09	1.000000e+00	1.530773e-05	9.999967e-01	
1864	3.679000e-09	1.000000e+00	1.523015e-05	9.999971e-01	
1865	3.681000e-09	1.000000e+00	1.530661e-05	9.999967e-01	
1866	3.683000e-09	1.000000e+00	1.522991e-05	9.999971e-01	
1867	3.685000e-09	1.000000e+00	1.530733e-05	9.999967e-01	
1868	3.687000e-09	1.000000e+00	1.523054e-05	9.999971e-01	
1869	3.689000e-09	1.000000e+00	1.530621e-05	9.999967e-01	
1870	3.691000e-09	1.000000e+00	1.523031e-05	9.999971e-01	
1871	3.693000e-09	1.000000e+00	1.530694e-05	9.999967e-01	
1872	3.695000e-09	1.000000e+00	1.523094e-05	9.999971e-01	
1873	3.697000e-09	1.000000e+00	1.530582e-05	9.999967e-01	
1874	3.699000e-09	1.000000e+00	1.523070e-05	9.999971e-01	
1875	3.701000e-09	1.000000e+00	1.530654e-05	9.999967e-01	
1876	3.703000e-09	1.000000e+00	1.523133e-05	9.999971e-01	
1877	3.705000e-09	1.000000e+00	1.530543e-05	9.999967e-01	
1878	3.707000e-09	1.000000e+00	1.523109e-05	9.999971e-01	
1879	3.709000e-09	1.000000e+00	1.530615e-05	9.999967e-01	
1880	3.711000e-09	1.000000e+00	1.523172e-05	9.999971e-01	
1881	3.713000e-09	1.000000e+00	1.530504e-05	9.999967e-01	
1882	3.715000e-09	1.000000e+00	1.523148e-05	9.999971e-01	
1883	3.717000e-09	1.000000e+00	1.530577e-05	9.999967e-01	
1884	3.719000e-09	1.000000e+00	1.523211e-05	9.999971e-01	
1885	3.721000e-09	1.000000e+00	1.530466e-05	9.999967e-01	
1886	3.723000e-09	1.000000e+00	1.523186e-05	9.999971e-01	
1887	3.725000e-09	1.000000e+00	1.530538e-05	9.999967e-01	
1888	3.727000e-09	1.000000e+00	1.523249e-05	9.999971e-01	
1889	3.729000e-09	1.000000e+00	1.530428e-05	9.999967e-01	
1890	3.731000e-09	1.000000e+00	1.523225e-05	9.999971e-01	
1891	3.733000e-09	1.000000e+00	1.530500e-05	9.999967e-01	
1892	3.735000e-09	1.000000e+00	1.523287e-05	9.999971e-01	
1893	3.737000e-09	1.000000e+00	1.530389e-05	9.999967e-01	
1894	3.739000e-09	1.000000e+00	1.523263e-05	9.999971e-01	
1895	3.741000e-09	1.000000e+00	1.530462e-05	9.999967e-01	
1896	3.743000e-09	1.000000e+00	1.523325e-05	9.999971e-01	
1897	3.745000e-09	1.000000e+00	1.530418e-05	9.999967e-01	
1898	3.747000e-09	1.000000e+00	1.523335e-05	9.999971e-01	
1899	3.749000e-09	1.000000e+00	1.530319e-05	9.999967e-01	
1900	3.751000e-09	1.000000e+00	1.523310e-05	9.999971e-01	
1901	3.753000e-09	1.000000e+00	1.530396e-05	9.999967e-01	
1902	3.755000e-09	1.000000e+00	1.523376e-05	9.999971e-01	
1903	3.757000e-09	1.000000e+00	1.530357e-05	9.999967e-01	
1904	3.759000e-09	1.000000e+00	1.523390e-05	9.999971e-01	
1905	3.761000e-09	1.000000e+00	1.530261e-05	9.999967e-01	
1906	3.763000e-09	1.000000e+00	1.523366e-05	9.999971e-01	
1907	3.765000e-09	1.000000e+00	1.530340e-05	9.999967e-01	
1908	3.767000e-09	1.000000e+00	1.523433e-05	9.999971e-01	
1909	3.769000e-09	1.000000e+00	1.530302e-05	9.999967e-01	
1910	3.771000e-09	1.000000e+00	1.523447e-05	9.999971e-01	

Index   time            v(rbl)          v(dout_1)       v(dout_4)       
--------------------------------------------------------------------------------
1911	3.773000e-09	1.000000e+00	1.530206e-05	9.999967e-01	
1912	3.775000e-09	1.000000e+00	1.523423e-05	9.999971e-01	
1913	3.777000e-09	1.000000e+00	1.530285e-05	9.999967e-01	
1914	3.779000e-09	1.000000e+00	1.523490e-05	9.999971e-01	
1915	3.781000e-09	1.000000e+00	1.530247e-05	9.999967e-01	
1916	3.783000e-09	1.000000e+00	1.523503e-05	9.999971e-01	
1917	3.785000e-09	1.000000e+00	1.530151e-05	9.999967e-01	
1918	3.787000e-09	1.000000e+00	1.523479e-05	9.999971e-01	
1919	3.789000e-09	1.000000e+00	1.530230e-05	9.999967e-01	
1920	3.791000e-09	1.000000e+00	1.523546e-05	9.999971e-01	
1921	3.793000e-09	1.000000e+00	1.530192e-05	9.999967e-01	
1922	3.795000e-09	1.000000e+00	1.523559e-05	9.999971e-01	
1923	3.797000e-09	1.000000e+00	1.530096e-05	9.999967e-01	
1924	3.799000e-09	1.000000e+00	1.523535e-05	9.999971e-01	
1925	3.801000e-09	1.000000e+00	1.530175e-05	9.999967e-01	
1926	3.803000e-09	1.000000e+00	1.523600e-05	9.999971e-01	
1927	3.805000e-09	1.000000e+00	1.530137e-05	9.999967e-01	
1928	3.807000e-09	1.000000e+00	1.523614e-05	9.999971e-01	
1929	3.809000e-09	1.000000e+00	1.530041e-05	9.999967e-01	
1930	3.811000e-09	1.000000e+00	1.523589e-05	9.999971e-01	
1931	3.813000e-09	1.000000e+00	1.530120e-05	9.999967e-01	
1932	3.815000e-09	1.000000e+00	1.523656e-05	9.999971e-01	
1933	3.817000e-09	1.000000e+00	1.530082e-05	9.999967e-01	
1934	3.819000e-09	1.000000e+00	1.523669e-05	9.999971e-01	
1935	3.821000e-09	1.000000e+00	1.529987e-05	9.999967e-01	
1936	3.823000e-09	1.000000e+00	1.523644e-05	9.999971e-01	
1937	3.825000e-09	1.000000e+00	1.530066e-05	9.999967e-01	
1938	3.827000e-09	1.000000e+00	1.523710e-05	9.999971e-01	
1939	3.829000e-09	1.000000e+00	1.530028e-05	9.999967e-01	
1940	3.831000e-09	1.000000e+00	1.523723e-05	9.999971e-01	
1941	3.833000e-09	1.000000e+00	1.529933e-05	9.999967e-01	
1942	3.835000e-09	1.000000e+00	1.523698e-05	9.999971e-01	
1943	3.837000e-09	1.000000e+00	1.530012e-05	9.999967e-01	
1944	3.839000e-09	1.000000e+00	1.523764e-05	9.999971e-01	
1945	3.841000e-09	1.000000e+00	1.529974e-05	9.999967e-01	
1946	3.843000e-09	1.000000e+00	1.523776e-05	9.999971e-01	
1947	3.845000e-09	1.000000e+00	1.529945e-05	9.999967e-01	
1948	3.847000e-09	1.000000e+00	1.523786e-05	9.999971e-01	
1949	3.849000e-09	1.000000e+00	1.529920e-05	9.999967e-01	
1950	3.851000e-09	1.000000e+00	1.523798e-05	9.999971e-01	
1951	3.853000e-09	1.000000e+00	1.529899e-05	9.999967e-01	
1952	3.855000e-09	1.000000e+00	1.523814e-05	9.999971e-01	
1953	3.857000e-09	1.000000e+00	1.529880e-05	9.999967e-01	
1954	3.859000e-09	1.000000e+00	1.523831e-05	9.999971e-01	
1955	3.861000e-09	1.000000e+00	1.529862e-05	9.999967e-01	
1956	3.863000e-09	1.000000e+00	1.523849e-05	9.999971e-01	
1957	3.865000e-09	1.000000e+00	1.529845e-05	9.999967e-01	
1958	3.867000e-09	1.000000e+00	1.523867e-05	9.999971e-01	
1959	3.869000e-09	1.000000e+00	1.529828e-05	9.999967e-01	
1960	3.871000e-09	1.000000e+00	1.523886e-05	9.999971e-01	
1961	3.873000e-09	1.000000e+00	1.529811e-05	9.999967e-01	
1962	3.875000e-09	1.000000e+00	1.523903e-05	9.999971e-01	
1963	3.877000e-09	1.000000e+00	1.529794e-05	9.999967e-01	
1964	3.879000e-09	1.000000e+00	1.523922e-05	9.999971e-01	
1965	3.881000e-09	1.000000e+00	1.529777e-05	9.999967e-01	
1966	3.883000e-09	1.000000e+00	1.523939e-05	9.999971e-01	
1967	3.885000e-09	1.000000e+00	1.529760e-05	9.999967e-01	
1968	3.887000e-09	1.000000e+00	1.523957e-05	9.999971e-01	

Index   time            v(rbl)          v(dout_1)       v(dout_4)       
--------------------------------------------------------------------------------
1969	3.889000e-09	1.000000e+00	1.529743e-05	9.999967e-01	
1970	3.891000e-09	1.000000e+00	1.523974e-05	9.999971e-01	
1971	3.893000e-09	1.000000e+00	1.529726e-05	9.999967e-01	
1972	3.895000e-09	1.000000e+00	1.523992e-05	9.999971e-01	
1973	3.897000e-09	1.000000e+00	1.529708e-05	9.999967e-01	
1974	3.899000e-09	1.000000e+00	1.524009e-05	9.999971e-01	
1975	3.901000e-09	1.000000e+00	1.529691e-05	9.999967e-01	
1976	3.903000e-09	1.000000e+00	1.524027e-05	9.999971e-01	
1977	3.905000e-09	1.000000e+00	1.529674e-05	9.999967e-01	
1978	3.907000e-09	1.000000e+00	1.524044e-05	9.999971e-01	
1979	3.909000e-09	1.000000e+00	1.529657e-05	9.999967e-01	
1980	3.911000e-09	1.000000e+00	1.524062e-05	9.999971e-01	
1981	3.913000e-09	1.000000e+00	1.529640e-05	9.999967e-01	
1982	3.915000e-09	1.000000e+00	1.524078e-05	9.999971e-01	
1983	3.917000e-09	1.000000e+00	1.529623e-05	9.999967e-01	
1984	3.919000e-09	1.000000e+00	1.524096e-05	9.999971e-01	
1985	3.921000e-09	1.000000e+00	1.529606e-05	9.999967e-01	
1986	3.923000e-09	1.000000e+00	1.524112e-05	9.999971e-01	
1987	3.925000e-09	1.000000e+00	1.529589e-05	9.999967e-01	
1988	3.927000e-09	1.000000e+00	1.524130e-05	9.999971e-01	
1989	3.929000e-09	1.000000e+00	1.529572e-05	9.999967e-01	
1990	3.931000e-09	1.000000e+00	1.524146e-05	9.999971e-01	
1991	3.933000e-09	1.000000e+00	1.529555e-05	9.999967e-01	
1992	3.935000e-09	1.000000e+00	1.524164e-05	9.999971e-01	
1993	3.937000e-09	1.000000e+00	1.529538e-05	9.999967e-01	
1994	3.939000e-09	1.000000e+00	1.524180e-05	9.999971e-01	
1995	3.941000e-09	1.000000e+00	1.529521e-05	9.999967e-01	
1996	3.943000e-09	1.000000e+00	1.524197e-05	9.999971e-01	
1997	3.945000e-09	1.000000e+00	1.529504e-05	9.999967e-01	
1998	3.947000e-09	1.000000e+00	1.524214e-05	9.999971e-01	
1999	3.949000e-09	1.000000e+00	1.529488e-05	9.999967e-01	
2000	3.951000e-09	1.000000e+00	1.524231e-05	9.999971e-01	
2001	3.953000e-09	1.000000e+00	1.529471e-05	9.999967e-01	
2002	3.955000e-09	1.000000e+00	1.524247e-05	9.999971e-01	
2003	3.957000e-09	1.000000e+00	1.529454e-05	9.999967e-01	
2004	3.959000e-09	1.000000e+00	1.524264e-05	9.999971e-01	
2005	3.961000e-09	1.000000e+00	1.529438e-05	9.999967e-01	
2006	3.963000e-09	1.000000e+00	1.524281e-05	9.999971e-01	
2007	3.965000e-09	1.000000e+00	1.529421e-05	9.999967e-01	
2008	3.967000e-09	1.000000e+00	1.524297e-05	9.999971e-01	
2009	3.969000e-09	1.000000e+00	1.529405e-05	9.999967e-01	
2010	3.971000e-09	1.000000e+00	1.524314e-05	9.999971e-01	
2011	3.973000e-09	1.000000e+00	1.529388e-05	9.999967e-01	
2012	3.975000e-09	1.000000e+00	1.524330e-05	9.999971e-01	
2013	3.977000e-09	1.000000e+00	1.529371e-05	9.999967e-01	
2014	3.979000e-09	1.000000e+00	1.524347e-05	9.999971e-01	
2015	3.981000e-09	1.000000e+00	1.529355e-05	9.999967e-01	
2016	3.983000e-09	1.000000e+00	1.524364e-05	9.999971e-01	
2017	3.985000e-09	1.000000e+00	1.529339e-05	9.999967e-01	
2018	3.987000e-09	1.000000e+00	1.524380e-05	9.999971e-01	
2019	3.989000e-09	1.000000e+00	1.529322e-05	9.999967e-01	
2020	3.991000e-09	1.000000e+00	1.524396e-05	9.999971e-01	
2021	3.993000e-09	1.000000e+00	1.529306e-05	9.999967e-01	
2022	3.995000e-09	1.000000e+00	1.524413e-05	9.999971e-01	
2023	3.997000e-09	1.000000e+00	1.529290e-05	9.999967e-01	
2024	3.999000e-09	1.000000e+00	1.524429e-05	9.999971e-01	
2025	4.000000e-09	1.000000e+00	1.529265e-05	9.999967e-01	

                         * delay chain pvt corner smoke
                         Transient Analysis  Sun Jun 28 02:19:15  2026
--------------------------------------------------------------------------------
Index   time            v(dout_8)       v(rbl_delay)    
--------------------------------------------------------------------------------
0	0.000000e+00	1.526886e-05	9.999973e-01	
1	2.000000e-14	1.526886e-05	9.999973e-01	
2	4.000000e-14	1.526886e-05	9.999973e-01	
3	8.000000e-14	1.526886e-05	9.999973e-01	
4	1.600000e-13	1.526886e-05	9.999973e-01	
5	3.200000e-13	1.526886e-05	9.999973e-01	
6	6.400000e-13	1.526886e-05	9.999973e-01	
7	1.280000e-12	1.526886e-05	9.999973e-01	
8	2.560000e-12	1.526886e-05	9.999973e-01	
9	4.560000e-12	1.526886e-05	9.999973e-01	
10	6.560000e-12	1.526886e-05	9.999973e-01	
11	8.560000e-12	1.526886e-05	9.999973e-01	
12	1.056000e-11	1.526886e-05	9.999973e-01	
13	1.256000e-11	1.526886e-05	9.999973e-01	
14	1.456000e-11	1.526886e-05	9.999973e-01	
15	1.656000e-11	1.526886e-05	9.999973e-01	
16	1.856000e-11	1.526886e-05	9.999973e-01	
17	2.056000e-11	1.526886e-05	9.999973e-01	
18	2.256000e-11	1.526886e-05	9.999973e-01	
19	2.456000e-11	1.526886e-05	9.999973e-01	
20	2.656000e-11	1.526886e-05	9.999973e-01	
21	2.856000e-11	1.526886e-05	9.999973e-01	
22	3.056000e-11	1.526886e-05	9.999973e-01	
23	3.256000e-11	1.526886e-05	9.999973e-01	
24	3.456000e-11	1.526886e-05	9.999973e-01	
25	3.656000e-11	1.526886e-05	9.999973e-01	
26	3.856000e-11	1.526886e-05	9.999973e-01	
27	4.056000e-11	1.526886e-05	9.999973e-01	
28	4.256000e-11	1.526886e-05	9.999973e-01	
29	4.456000e-11	1.526886e-05	9.999973e-01	
30	4.656000e-11	1.526886e-05	9.999973e-01	
31	4.856000e-11	1.526886e-05	9.999973e-01	
32	5.000000e-11	1.526886e-05	9.999973e-01	
33	5.020000e-11	1.526889e-05	9.999973e-01	
34	5.060000e-11	1.526892e-05	9.999973e-01	
35	5.140000e-11	1.526889e-05	9.999973e-01	
36	5.300000e-11	1.526883e-05	9.999973e-01	
37	5.500000e-11	1.526883e-05	9.999973e-01	
38	5.700000e-11	1.526881e-05	9.999973e-01	
39	5.900000e-11	1.526882e-05	9.999973e-01	
40	6.000000e-11	1.526885e-05	9.999973e-01	
41	6.020000e-11	1.526884e-05	9.999973e-01	
42	6.060000e-11	1.526883e-05	9.999973e-01	
43	6.140000e-11	1.526888e-05	9.999973e-01	
44	6.300000e-11	1.526896e-05	9.999973e-01	
45	6.500000e-11	1.526896e-05	9.999973e-01	
46	6.700000e-11	1.526895e-05	9.999973e-01	
47	6.900000e-11	1.526897e-05	9.999973e-01	
48	7.100000e-11	1.526901e-05	9.999973e-01	
49	7.300000e-11	1.526898e-05	9.999973e-01	
50	7.500000e-11	1.526890e-05	9.999973e-01	
51	7.700000e-11	1.526875e-05	9.999973e-01	
52	7.900000e-11	1.526862e-05	9.999973e-01	
53	8.100000e-11	1.526858e-05	9.999973e-01	
54	8.300000e-11	1.526863e-05	9.999973e-01	

Index   time            v(dout_8)       v(rbl_delay)    
--------------------------------------------------------------------------------
55	8.500000e-11	1.526873e-05	9.999973e-01	
56	8.700000e-11	1.526889e-05	9.999973e-01	
57	8.900000e-11	1.526907e-05	9.999973e-01	
58	9.100000e-11	1.526910e-05	9.999973e-01	
59	9.300000e-11	1.526883e-05	9.999973e-01	
60	9.500000e-11	1.526818e-05	9.999973e-01	
61	9.700000e-11	1.526706e-05	9.999973e-01	
62	9.900000e-11	1.526583e-05	9.999973e-01	
63	1.010000e-10	1.526432e-05	9.999973e-01	
64	1.030000e-10	1.526362e-05	9.999973e-01	
65	1.050000e-10	1.526542e-05	9.999973e-01	
66	1.070000e-10	1.526840e-05	9.999973e-01	
67	1.090000e-10	1.527109e-05	9.999973e-01	
68	1.110000e-10	1.527309e-05	9.999973e-01	
69	1.130000e-10	1.527360e-05	9.999973e-01	
70	1.150000e-10	1.527547e-05	9.999973e-01	
71	1.170000e-10	1.528641e-05	9.999973e-01	
72	1.190000e-10	1.531361e-05	9.999973e-01	
73	1.210000e-10	1.534738e-05	9.999973e-01	
74	1.230000e-10	1.537276e-05	9.999973e-01	
75	1.250000e-10	1.538213e-05	9.999973e-01	
76	1.270000e-10	1.536142e-05	9.999973e-01	
77	1.290000e-10	1.532342e-05	9.999973e-01	
78	1.310000e-10	1.528399e-05	9.999973e-01	
79	1.330000e-10	1.525421e-05	9.999973e-01	
80	1.350000e-10	1.524193e-05	9.999973e-01	
81	1.370000e-10	1.525900e-05	9.999973e-01	
82	1.390000e-10	1.530297e-05	9.999973e-01	
83	1.410000e-10	1.533257e-05	9.999973e-01	
84	1.430000e-10	1.527742e-05	9.999973e-01	
85	1.450000e-10	1.506359e-05	9.999973e-01	
86	1.470000e-10	1.459553e-05	9.999972e-01	
87	1.490000e-10	1.387889e-05	9.999972e-01	
88	1.510000e-10	1.280348e-05	9.999971e-01	
89	1.530000e-10	1.170521e-05	9.999971e-01	
90	1.550000e-10	1.106886e-05	9.999971e-01	
91	1.570000e-10	1.094992e-05	9.999972e-01	
92	1.590000e-10	1.119654e-05	9.999973e-01	
93	1.610000e-10	1.170507e-05	9.999973e-01	
94	1.630000e-10	1.222309e-05	9.999974e-01	
95	1.650000e-10	1.353590e-05	9.999975e-01	
96	1.670000e-10	1.822076e-05	9.999978e-01	
97	1.690000e-10	2.988829e-05	9.999987e-01	
98	1.710000e-10	4.842894e-05	9.999998e-01	
99	1.730000e-10	7.173853e-05	1.000001e+00	
100	1.750000e-10	9.584850e-05	1.000001e+00	
101	1.770000e-10	1.160296e-04	1.000001e+00	
102	1.790000e-10	1.306442e-04	1.000001e+00	
103	1.810000e-10	1.402324e-04	9.999998e-01	
104	1.830000e-10	1.467724e-04	9.999992e-01	
105	1.850000e-10	1.537163e-04	9.999989e-01	
106	1.870000e-10	1.671074e-04	9.999994e-01	
107	1.890000e-10	1.900498e-04	1.000001e+00	
108	1.910000e-10	2.145431e-04	1.000001e+00	
109	1.930000e-10	2.193254e-04	9.999995e-01	
110	1.950000e-10	1.644856e-04	9.999929e-01	
111	1.970000e-10	-5.21484e-06	9.999785e-01	
112	1.990000e-10	-3.43644e-04	9.999550e-01	

Index   time            v(dout_8)       v(rbl_delay)    
--------------------------------------------------------------------------------
113	2.010000e-10	-9.33931e-04	9.999191e-01	
114	2.030000e-10	-1.74880e-03	9.998802e-01	
115	2.050000e-10	-2.68804e-03	9.998496e-01	
116	2.070000e-10	-3.68106e-03	9.998294e-01	
117	2.090000e-10	-4.69038e-03	9.998178e-01	
118	2.110000e-10	-5.69169e-03	9.998128e-01	
119	2.130000e-10	-6.68485e-03	9.998110e-01	
120	2.150000e-10	-7.37275e-03	9.998407e-01	
121	2.170000e-10	-6.79850e-03	9.999799e-01	
122	2.190000e-10	-3.49787e-03	1.000336e+00	
123	2.210000e-10	3.862117e-03	1.000919e+00	
124	2.230000e-10	1.618071e-02	1.001701e+00	
125	2.250000e-10	3.351436e-02	1.002587e+00	
126	2.270000e-10	5.517078e-02	1.003468e+00	
127	2.290000e-10	8.039788e-02	1.004293e+00	
128	2.310000e-10	1.086240e-01	1.005059e+00	
129	2.330000e-10	1.396285e-01	1.005804e+00	
130	2.350000e-10	1.738208e-01	1.006616e+00	
131	2.370000e-10	2.127561e-01	1.007665e+00	
132	2.390000e-10	2.580415e-01	1.009030e+00	
133	2.410000e-10	3.097880e-01	1.010494e+00	
134	2.430000e-10	3.667602e-01	1.011411e+00	
135	2.450000e-10	4.265624e-01	1.010471e+00	
136	2.470000e-10	4.876810e-01	1.005878e+00	
137	2.490000e-10	5.507359e-01	9.953984e-01	
138	2.510000e-10	6.100011e-01	9.756851e-01	
139	2.530000e-10	6.602812e-01	9.466897e-01	
140	2.550000e-10	7.034921e-01	9.101273e-01	
141	2.570000e-10	7.426541e-01	8.674583e-01	
142	2.590000e-10	7.833977e-01	8.195918e-01	
143	2.610000e-10	8.354108e-01	7.665472e-01	
144	2.630000e-10	8.882935e-01	7.072948e-01	
145	2.650000e-10	9.271061e-01	6.456812e-01	
146	2.670000e-10	9.528537e-01	5.878893e-01	
147	2.690000e-10	9.694060e-01	5.363274e-01	
148	2.710000e-10	9.800020e-01	4.945231e-01	
149	2.730000e-10	9.868450e-01	4.636750e-01	
150	2.750000e-10	9.912449e-01	4.409078e-01	
151	2.770000e-10	9.940068e-01	4.220785e-01	
152	2.790000e-10	9.956384e-01	4.031075e-01	
153	2.810000e-10	9.962807e-01	3.757635e-01	
154	2.830000e-10	9.961092e-01	3.335143e-01	
155	2.850000e-10	9.958078e-01	2.842942e-01	
156	2.870000e-10	9.957778e-01	2.374662e-01	
157	2.890000e-10	9.959551e-01	1.953888e-01	
158	2.910000e-10	9.962677e-01	1.587821e-01	
159	2.930000e-10	9.966483e-01	1.277449e-01	
160	2.950000e-10	9.970490e-01	1.019110e-01	
161	2.970000e-10	9.974446e-01	8.074610e-02	
162	2.990000e-10	9.978211e-01	6.361671e-02	
163	3.010000e-10	9.981690e-01	4.989263e-02	
164	3.030000e-10	9.984817e-01	3.898295e-02	
165	3.050000e-10	9.987557e-01	3.036913e-02	
166	3.070000e-10	9.989905e-01	2.360171e-02	
167	3.090000e-10	9.991879e-01	1.830933e-02	
168	3.110000e-10	9.993513e-01	1.418224e-02	
169	3.130000e-10	9.994848e-01	1.097435e-02	
170	3.150000e-10	9.995926e-01	8.484039e-03	

Index   time            v(dout_8)       v(rbl_delay)    
--------------------------------------------------------------------------------
171	3.170000e-10	9.996790e-01	6.555914e-03	
172	3.190000e-10	9.997478e-01	5.062896e-03	
173	3.210000e-10	9.998021e-01	3.909941e-03	
174	3.230000e-10	9.998450e-01	3.018236e-03	
175	3.250000e-10	9.998786e-01	2.331003e-03	
176	3.270000e-10	9.999048e-01	1.799576e-03	
177	3.290000e-10	9.999254e-01	1.390787e-03	
178	3.310000e-10	9.999413e-01	1.074411e-03	
179	3.330000e-10	9.999538e-01	8.316153e-04	
180	3.350000e-10	9.999634e-01	6.433159e-04	
181	3.370000e-10	9.999709e-01	4.993060e-04	
182	3.390000e-10	9.999768e-01	3.871849e-04	
183	3.410000e-10	9.999813e-01	3.019043e-04	
184	3.430000e-10	9.999848e-01	2.350577e-04	
185	3.450000e-10	9.999875e-01	1.846712e-04	
186	3.470000e-10	9.999896e-01	1.447202e-04	
187	3.490000e-10	9.999912e-01	1.150586e-04	
188	3.510000e-10	9.999925e-01	9.108100e-05	
189	3.530000e-10	9.999935e-01	7.372603e-05	
190	3.550000e-10	9.999943e-01	5.923392e-05	
191	3.570000e-10	9.999948e-01	4.918565e-05	
192	3.590000e-10	9.999953e-01	4.032603e-05	
193	3.610000e-10	9.999957e-01	3.461541e-05	
194	3.630000e-10	9.999959e-01	2.867121e-05	
195	3.650000e-10	9.999961e-01	2.542748e-05	
196	3.670000e-10	9.999963e-01	2.184345e-05	
197	3.690000e-10	9.999964e-01	2.016519e-05	
198	3.710000e-10	9.999965e-01	1.780074e-05	
199	3.730000e-10	9.999966e-01	1.706905e-05	
200	3.750000e-10	9.999967e-01	1.542139e-05	
201	3.770000e-10	9.999967e-01	1.524606e-05	
202	3.790000e-10	9.999968e-01	1.402112e-05	
203	3.810000e-10	9.999968e-01	1.417525e-05	
204	3.830000e-10	9.999968e-01	1.319845e-05	
205	3.850000e-10	9.999968e-01	1.354284e-05	
206	3.870000e-10	9.999968e-01	1.271391e-05	
207	3.890000e-10	9.999969e-01	1.317270e-05	
208	3.910000e-10	9.999969e-01	1.243006e-05	
209	3.930000e-10	9.999969e-01	1.295266e-05	
210	3.950000e-10	9.999969e-01	1.226264e-05	
211	3.970000e-10	9.999969e-01	1.282521e-05	
212	3.990000e-10	9.999969e-01	1.216543e-05	
213	4.010000e-10	9.999969e-01	1.274802e-05	
214	4.030000e-10	9.999969e-01	1.210787e-05	
215	4.050000e-10	9.999969e-01	1.270465e-05	
216	4.070000e-10	9.999969e-01	1.207532e-05	
217	4.090000e-10	9.999969e-01	1.267696e-05	
218	4.110000e-10	9.999969e-01	1.205583e-05	
219	4.130000e-10	9.999969e-01	1.266273e-05	
220	4.150000e-10	9.999969e-01	1.204569e-05	
221	4.170000e-10	9.999969e-01	1.265219e-05	
222	4.190000e-10	9.999969e-01	1.203938e-05	
223	4.210000e-10	9.999969e-01	1.264805e-05	
224	4.230000e-10	9.999969e-01	1.203700e-05	
225	4.250000e-10	9.999969e-01	1.264347e-05	
226	4.270000e-10	9.999969e-01	1.203527e-05	
227	4.290000e-10	9.999969e-01	1.264283e-05	
228	4.310000e-10	9.999969e-01	1.203559e-05	

Index   time            v(dout_8)       v(rbl_delay)    
--------------------------------------------------------------------------------
229	4.330000e-10	9.999969e-01	1.264122e-05	
230	4.350000e-10	9.999969e-01	1.203584e-05	
231	4.370000e-10	9.999969e-01	1.263936e-05	
232	4.390000e-10	9.999969e-01	1.203602e-05	
233	4.410000e-10	9.999969e-01	1.264029e-05	
234	4.430000e-10	9.999969e-01	1.203754e-05	
235	4.450000e-10	9.999969e-01	1.263962e-05	
236	4.470000e-10	9.999969e-01	1.203851e-05	
237	4.490000e-10	9.999969e-01	1.263831e-05	
238	4.510000e-10	9.999969e-01	1.203910e-05	
239	4.530000e-10	9.999969e-01	1.263955e-05	
240	4.550000e-10	9.999969e-01	1.204086e-05	
241	4.570000e-10	9.999969e-01	1.263907e-05	
242	4.590000e-10	9.999969e-01	1.204196e-05	
243	4.610000e-10	9.999969e-01	1.263786e-05	
244	4.630000e-10	9.999969e-01	1.204263e-05	
245	4.650000e-10	9.999969e-01	1.263917e-05	
246	4.670000e-10	9.999969e-01	1.204443e-05	
247	4.690000e-10	9.999969e-01	1.263871e-05	
248	4.710000e-10	9.999969e-01	1.204556e-05	
249	4.730000e-10	9.999969e-01	1.263753e-05	
250	4.750000e-10	9.999969e-01	1.204624e-05	
251	4.770000e-10	9.999969e-01	1.263884e-05	
252	4.790000e-10	9.999969e-01	1.204804e-05	
253	4.810000e-10	9.999969e-01	1.263840e-05	
254	4.830000e-10	9.999969e-01	1.204916e-05	
255	4.850000e-10	9.999969e-01	1.263722e-05	
256	4.870000e-10	9.999969e-01	1.204984e-05	
257	4.890000e-10	9.999969e-01	1.263853e-05	
258	4.910000e-10	9.999969e-01	1.205164e-05	
259	4.930000e-10	9.999969e-01	1.263808e-05	
260	4.950000e-10	9.999969e-01	1.205276e-05	
261	4.970000e-10	9.999969e-01	1.263691e-05	
262	4.990000e-10	9.999969e-01	1.205344e-05	
263	5.010000e-10	9.999969e-01	1.263822e-05	
264	5.030000e-10	9.999969e-01	1.205523e-05	
265	5.050000e-10	9.999969e-01	1.263777e-05	
266	5.070000e-10	9.999969e-01	1.205635e-05	
267	5.090000e-10	9.999969e-01	1.263660e-05	
268	5.110000e-10	9.999969e-01	1.205703e-05	
269	5.130000e-10	9.999969e-01	1.263791e-05	
270	5.150000e-10	9.999969e-01	1.205881e-05	
271	5.170000e-10	9.999969e-01	1.263746e-05	
272	5.190000e-10	9.999969e-01	1.205993e-05	
273	5.210000e-10	9.999969e-01	1.263629e-05	
274	5.230000e-10	9.999969e-01	1.206060e-05	
275	5.250000e-10	9.999969e-01	1.263760e-05	
276	5.270000e-10	9.999969e-01	1.206238e-05	
277	5.290000e-10	9.999969e-01	1.263715e-05	
278	5.310000e-10	9.999969e-01	1.206349e-05	
279	5.330000e-10	9.999969e-01	1.263598e-05	
280	5.350000e-10	9.999969e-01	1.206415e-05	
281	5.370000e-10	9.999969e-01	1.263728e-05	
282	5.390000e-10	9.999969e-01	1.206593e-05	
283	5.410000e-10	9.999969e-01	1.263684e-05	
284	5.430000e-10	9.999969e-01	1.206704e-05	
285	5.450000e-10	9.999969e-01	1.263658e-05	
286	5.470000e-10	9.999969e-01	1.206810e-05	

Index   time            v(dout_8)       v(rbl_delay)    
--------------------------------------------------------------------------------
287	5.490000e-10	9.999969e-01	1.263639e-05	
288	5.510000e-10	9.999969e-01	1.206922e-05	
289	5.530000e-10	9.999969e-01	1.263624e-05	
290	5.550000e-10	9.999969e-01	1.207037e-05	
291	5.570000e-10	9.999969e-01	1.263613e-05	
292	5.590000e-10	9.999969e-01	1.207154e-05	
293	5.610000e-10	9.999969e-01	1.263603e-05	
294	5.630000e-10	9.999969e-01	1.207272e-05	
295	5.650000e-10	9.999969e-01	1.263594e-05	
296	5.670000e-10	9.999969e-01	1.207390e-05	
297	5.690000e-10	9.999969e-01	1.263584e-05	
298	5.710000e-10	9.999969e-01	1.207508e-05	
299	5.730000e-10	9.999969e-01	1.263575e-05	
300	5.750000e-10	9.999969e-01	1.207626e-05	
301	5.770000e-10	9.999969e-01	1.263565e-05	
302	5.790000e-10	9.999969e-01	1.207744e-05	
303	5.810000e-10	9.999969e-01	1.263556e-05	
304	5.830000e-10	9.999969e-01	1.207861e-05	
305	5.850000e-10	9.999969e-01	1.263546e-05	
306	5.870000e-10	9.999969e-01	1.207978e-05	
307	5.890000e-10	9.999969e-01	1.263536e-05	
308	5.910000e-10	9.999969e-01	1.208094e-05	
309	5.930000e-10	9.999969e-01	1.263526e-05	
310	5.950000e-10	9.999969e-01	1.208211e-05	
311	5.970000e-10	9.999969e-01	1.263516e-05	
312	5.990000e-10	9.999969e-01	1.208327e-05	
313	6.010000e-10	9.999969e-01	1.263506e-05	
314	6.030000e-10	9.999969e-01	1.208443e-05	
315	6.050000e-10	9.999969e-01	1.263496e-05	
316	6.070000e-10	9.999969e-01	1.208558e-05	
317	6.090000e-10	9.999969e-01	1.263485e-05	
318	6.110000e-10	9.999969e-01	1.208674e-05	
319	6.130000e-10	9.999969e-01	1.263475e-05	
320	6.150000e-10	9.999969e-01	1.208789e-05	
321	6.170000e-10	9.999969e-01	1.263465e-05	
322	6.190000e-10	9.999969e-01	1.208905e-05	
323	6.210000e-10	9.999969e-01	1.263455e-05	
324	6.230000e-10	9.999969e-01	1.209020e-05	
325	6.250000e-10	9.999969e-01	1.263445e-05	
326	6.270000e-10	9.999969e-01	1.209135e-05	
327	6.290000e-10	9.999969e-01	1.263434e-05	
328	6.310000e-10	9.999969e-01	1.209249e-05	
329	6.330000e-10	9.999969e-01	1.263424e-05	
330	6.350000e-10	9.999969e-01	1.209364e-05	
331	6.370000e-10	9.999969e-01	1.263414e-05	
332	6.390000e-10	9.999969e-01	1.209478e-05	
333	6.410000e-10	9.999969e-01	1.263404e-05	
334	6.430000e-10	9.999969e-01	1.209593e-05	
335	6.450000e-10	9.999969e-01	1.263394e-05	
336	6.470000e-10	9.999969e-01	1.209707e-05	
337	6.490000e-10	9.999969e-01	1.263383e-05	
338	6.510000e-10	9.999969e-01	1.209821e-05	
339	6.530000e-10	9.999969e-01	1.263373e-05	
340	6.550000e-10	9.999969e-01	1.209935e-05	
341	6.570000e-10	9.999969e-01	1.263363e-05	
342	6.590000e-10	9.999969e-01	1.210048e-05	
343	6.610000e-10	9.999969e-01	1.263353e-05	
344	6.630000e-10	9.999969e-01	1.210162e-05	

Index   time            v(dout_8)       v(rbl_delay)    
--------------------------------------------------------------------------------
345	6.650000e-10	9.999969e-01	1.263343e-05	
346	6.670000e-10	9.999969e-01	1.210275e-05	
347	6.690000e-10	9.999969e-01	1.263333e-05	
348	6.710000e-10	9.999969e-01	1.210388e-05	
349	6.730000e-10	9.999969e-01	1.263322e-05	
350	6.750000e-10	9.999969e-01	1.210501e-05	
351	6.770000e-10	9.999969e-01	1.263312e-05	
352	6.790000e-10	9.999969e-01	1.210614e-05	
353	6.810000e-10	9.999969e-01	1.263302e-05	
354	6.830000e-10	9.999969e-01	1.210726e-05	
355	6.850000e-10	9.999969e-01	1.263292e-05	
356	6.870000e-10	9.999969e-01	1.210839e-05	
357	6.890000e-10	9.999969e-01	1.263282e-05	
358	6.910000e-10	9.999969e-01	1.210951e-05	
359	6.930000e-10	9.999969e-01	1.263272e-05	
360	6.950000e-10	9.999969e-01	1.211063e-05	
361	6.970000e-10	9.999969e-01	1.263262e-05	
362	6.990000e-10	9.999969e-01	1.211175e-05	
363	7.010000e-10	9.999969e-01	1.263252e-05	
364	7.030000e-10	9.999969e-01	1.211287e-05	
365	7.050000e-10	9.999969e-01	1.263241e-05	
366	7.070000e-10	9.999969e-01	1.211399e-05	
367	7.090000e-10	9.999969e-01	1.263231e-05	
368	7.110000e-10	9.999969e-01	1.211510e-05	
369	7.130000e-10	9.999969e-01	1.263221e-05	
370	7.150000e-10	9.999969e-01	1.211622e-05	
371	7.170000e-10	9.999969e-01	1.263211e-05	
372	7.190000e-10	9.999969e-01	1.211733e-05	
373	7.210000e-10	9.999969e-01	1.263201e-05	
374	7.230000e-10	9.999969e-01	1.211843e-05	
375	7.250000e-10	9.999969e-01	1.263191e-05	
376	7.270000e-10	9.999969e-01	1.211954e-05	
377	7.290000e-10	9.999969e-01	1.263181e-05	
378	7.310000e-10	9.999969e-01	1.212066e-05	
379	7.330000e-10	9.999969e-01	1.263171e-05	
380	7.350000e-10	9.999969e-01	1.212175e-05	
381	7.370000e-10	9.999969e-01	1.263161e-05	
382	7.390000e-10	9.999969e-01	1.212286e-05	
383	7.410000e-10	9.999969e-01	1.263151e-05	
384	7.430000e-10	9.999969e-01	1.212396e-05	
385	7.450000e-10	9.999969e-01	1.263141e-05	
386	7.470000e-10	9.999969e-01	1.212506e-05	
387	7.490000e-10	9.999969e-01	1.263131e-05	
388	7.510000e-10	9.999969e-01	1.212616e-05	
389	7.530000e-10	9.999969e-01	1.263121e-05	
390	7.550000e-10	9.999969e-01	1.212726e-05	
391	7.570000e-10	9.999969e-01	1.263111e-05	
392	7.590000e-10	9.999969e-01	1.212834e-05	
393	7.610000e-10	9.999969e-01	1.263101e-05	
394	7.630000e-10	9.999969e-01	1.212944e-05	
395	7.650000e-10	9.999969e-01	1.263091e-05	
396	7.670000e-10	9.999969e-01	1.213054e-05	
397	7.690000e-10	9.999969e-01	1.263081e-05	
398	7.710000e-10	9.999969e-01	1.213162e-05	
399	7.730000e-10	9.999969e-01	1.263071e-05	
400	7.750000e-10	9.999969e-01	1.213271e-05	
401	7.770000e-10	9.999969e-01	1.263061e-05	
402	7.790000e-10	9.999969e-01	1.213380e-05	

Index   time            v(dout_8)       v(rbl_delay)    
--------------------------------------------------------------------------------
403	7.810000e-10	9.999969e-01	1.263051e-05	
404	7.830000e-10	9.999969e-01	1.213487e-05	
405	7.850000e-10	9.999969e-01	1.263041e-05	
406	7.870000e-10	9.999969e-01	1.213596e-05	
407	7.890000e-10	9.999969e-01	1.263031e-05	
408	7.910000e-10	9.999969e-01	1.213705e-05	
409	7.930000e-10	9.999969e-01	1.263021e-05	
410	7.950000e-10	9.999969e-01	1.213812e-05	
411	7.970000e-10	9.999969e-01	1.263011e-05	
412	7.990000e-10	9.999969e-01	1.213920e-05	
413	8.010000e-10	9.999969e-01	1.263001e-05	
414	8.030000e-10	9.999969e-01	1.214027e-05	
415	8.050000e-10	9.999969e-01	1.262991e-05	
416	8.070000e-10	9.999969e-01	1.214135e-05	
417	8.090000e-10	9.999969e-01	1.262981e-05	
418	8.110000e-10	9.999969e-01	1.214241e-05	
419	8.130000e-10	9.999969e-01	1.262971e-05	
420	8.150000e-10	9.999969e-01	1.214349e-05	
421	8.170000e-10	9.999969e-01	1.262961e-05	
422	8.190000e-10	9.999969e-01	1.214455e-05	
423	8.210000e-10	9.999969e-01	1.262951e-05	
424	8.230000e-10	9.999969e-01	1.214563e-05	
425	8.250000e-10	9.999969e-01	1.262941e-05	
426	8.270000e-10	9.999969e-01	1.214669e-05	
427	8.290000e-10	9.999969e-01	1.262931e-05	
428	8.310000e-10	9.999969e-01	1.214776e-05	
429	8.330000e-10	9.999969e-01	1.262921e-05	
430	8.350000e-10	9.999969e-01	1.214881e-05	
431	8.370000e-10	9.999969e-01	1.262912e-05	
432	8.390000e-10	9.999969e-01	1.214988e-05	
433	8.410000e-10	9.999969e-01	1.262902e-05	
434	8.430000e-10	9.999969e-01	1.215093e-05	
435	8.450000e-10	9.999969e-01	1.262892e-05	
436	8.470000e-10	9.999969e-01	1.215199e-05	
437	8.490000e-10	9.999969e-01	1.262882e-05	
438	8.510000e-10	9.999969e-01	1.215304e-05	
439	8.530000e-10	9.999969e-01	1.262872e-05	
440	8.550000e-10	9.999969e-01	1.215410e-05	
441	8.570000e-10	9.999969e-01	1.262862e-05	
442	8.590000e-10	9.999969e-01	1.215514e-05	
443	8.610000e-10	9.999969e-01	1.262852e-05	
444	8.630000e-10	9.999969e-01	1.215620e-05	
445	8.650000e-10	9.999969e-01	1.262842e-05	
446	8.670000e-10	9.999969e-01	1.215724e-05	
447	8.690000e-10	9.999969e-01	1.262833e-05	
448	8.710000e-10	9.999969e-01	1.215829e-05	
449	8.730000e-10	9.999969e-01	1.262823e-05	
450	8.750000e-10	9.999969e-01	1.215933e-05	
451	8.770000e-10	9.999969e-01	1.262813e-05	
452	8.790000e-10	9.999969e-01	1.216038e-05	
453	8.810000e-10	9.999969e-01	1.262803e-05	
454	8.830000e-10	9.999969e-01	1.216141e-05	
455	8.850000e-10	9.999969e-01	1.262793e-05	
456	8.870000e-10	9.999969e-01	1.216246e-05	
457	8.890000e-10	9.999969e-01	1.262784e-05	
458	8.910000e-10	9.999969e-01	1.216349e-05	
459	8.930000e-10	9.999969e-01	1.262774e-05	
460	8.950000e-10	9.999969e-01	1.216453e-05	

Index   time            v(dout_8)       v(rbl_delay)    
--------------------------------------------------------------------------------
461	8.970000e-10	9.999969e-01	1.262764e-05	
462	8.990000e-10	9.999969e-01	1.216556e-05	
463	9.010000e-10	9.999969e-01	1.262754e-05	
464	9.030000e-10	9.999969e-01	1.216660e-05	
465	9.050000e-10	9.999969e-01	1.262744e-05	
466	9.070000e-10	9.999969e-01	1.216762e-05	
467	9.090000e-10	9.999969e-01	1.262735e-05	
468	9.110000e-10	9.999969e-01	1.216865e-05	
469	9.130000e-10	9.999969e-01	1.262725e-05	
470	9.150000e-10	9.999969e-01	1.216967e-05	
471	9.170000e-10	9.999969e-01	1.262715e-05	
472	9.190000e-10	9.999969e-01	1.217071e-05	
473	9.210000e-10	9.999969e-01	1.262705e-05	
474	9.230000e-10	9.999969e-01	1.217172e-05	
475	9.250000e-10	9.999969e-01	1.262696e-05	
476	9.270000e-10	9.999969e-01	1.217275e-05	
477	9.290000e-10	9.999969e-01	1.262686e-05	
478	9.310000e-10	9.999969e-01	1.217376e-05	
479	9.330000e-10	9.999969e-01	1.262676e-05	
480	9.350000e-10	9.999969e-01	1.217479e-05	
481	9.370000e-10	9.999969e-01	1.262667e-05	
482	9.390000e-10	9.999969e-01	1.217579e-05	
483	9.410000e-10	9.999969e-01	1.262657e-05	
484	9.430000e-10	9.999969e-01	1.217682e-05	
485	9.450000e-10	9.999969e-01	1.262647e-05	
486	9.470000e-10	9.999969e-01	1.217782e-05	
487	9.490000e-10	9.999969e-01	1.262638e-05	
488	9.510000e-10	9.999969e-01	1.217884e-05	
489	9.530000e-10	9.999969e-01	1.262628e-05	
490	9.550000e-10	9.999969e-01	1.217984e-05	
491	9.570000e-10	9.999969e-01	1.262618e-05	
492	9.590000e-10	9.999969e-01	1.218086e-05	
493	9.610000e-10	9.999969e-01	1.262608e-05	
494	9.630000e-10	9.999969e-01	1.218186e-05	
495	9.650000e-10	9.999969e-01	1.262599e-05	
496	9.670000e-10	9.999969e-01	1.218286e-05	
497	9.690000e-10	9.999969e-01	1.262589e-05	
498	9.710000e-10	9.999969e-01	1.218387e-05	
499	9.730000e-10	9.999969e-01	1.262580e-05	
500	9.750000e-10	9.999969e-01	1.218486e-05	
501	9.770000e-10	9.999969e-01	1.262570e-05	
502	9.790000e-10	9.999969e-01	1.218586e-05	
503	9.810000e-10	9.999969e-01	1.262560e-05	
504	9.830000e-10	9.999969e-01	1.218686e-05	
505	9.850000e-10	9.999969e-01	1.262551e-05	
506	9.870000e-10	9.999969e-01	1.218785e-05	
507	9.890000e-10	9.999969e-01	1.262541e-05	
508	9.910000e-10	9.999969e-01	1.218884e-05	
509	9.930000e-10	9.999969e-01	1.262532e-05	
510	9.950000e-10	9.999969e-01	1.218984e-05	
511	9.970000e-10	9.999969e-01	1.262522e-05	
512	9.990000e-10	9.999969e-01	1.219082e-05	
513	1.001000e-09	9.999969e-01	1.262512e-05	
514	1.003000e-09	9.999969e-01	1.219181e-05	
515	1.005000e-09	9.999969e-01	1.262503e-05	
516	1.007000e-09	9.999969e-01	1.219280e-05	
517	1.009000e-09	9.999969e-01	1.262493e-05	
518	1.011000e-09	9.999969e-01	1.219378e-05	

Index   time            v(dout_8)       v(rbl_delay)    
--------------------------------------------------------------------------------
519	1.013000e-09	9.999969e-01	1.262484e-05	
520	1.015000e-09	9.999969e-01	1.219476e-05	
521	1.017000e-09	9.999969e-01	1.262474e-05	
522	1.019000e-09	9.999969e-01	1.219575e-05	
523	1.021000e-09	9.999969e-01	1.262464e-05	
524	1.023000e-09	9.999969e-01	1.219672e-05	
525	1.025000e-09	9.999969e-01	1.262455e-05	
526	1.027000e-09	9.999969e-01	1.219769e-05	
527	1.029000e-09	9.999969e-01	1.262445e-05	
528	1.031000e-09	9.999969e-01	1.219868e-05	
529	1.033000e-09	9.999969e-01	1.262436e-05	
530	1.035000e-09	9.999969e-01	1.219965e-05	
531	1.037000e-09	9.999969e-01	1.262426e-05	
532	1.039000e-09	9.999969e-01	1.220061e-05	
533	1.041000e-09	9.999969e-01	1.262417e-05	
534	1.043000e-09	9.999969e-01	1.220159e-05	
535	1.045000e-09	9.999969e-01	1.262407e-05	
536	1.047000e-09	9.999969e-01	1.220256e-05	
537	1.049000e-09	9.999969e-01	1.262398e-05	
538	1.051000e-09	9.999969e-01	1.220352e-05	
539	1.053000e-09	9.999969e-01	1.262388e-05	
540	1.055000e-09	9.999969e-01	1.220449e-05	
541	1.057000e-09	9.999969e-01	1.262379e-05	
542	1.059000e-09	9.999969e-01	1.220545e-05	
543	1.061000e-09	9.999969e-01	1.262369e-05	
544	1.063000e-09	9.999969e-01	1.220641e-05	
545	1.065000e-09	9.999968e-01	1.262360e-05	
546	1.067000e-09	9.999969e-01	1.220737e-05	
547	1.069000e-09	9.999968e-01	1.262351e-05	
548	1.071000e-09	9.999969e-01	1.220833e-05	
549	1.073000e-09	9.999968e-01	1.262341e-05	
550	1.075000e-09	9.999969e-01	1.220928e-05	
551	1.077000e-09	9.999968e-01	1.262332e-05	
552	1.079000e-09	9.999969e-01	1.221024e-05	
553	1.081000e-09	9.999968e-01	1.262322e-05	
554	1.083000e-09	9.999969e-01	1.221119e-05	
555	1.085000e-09	9.999968e-01	1.262313e-05	
556	1.087000e-09	9.999969e-01	1.221214e-05	
557	1.089000e-09	9.999968e-01	1.262303e-05	
558	1.091000e-09	9.999969e-01	1.221309e-05	
559	1.093000e-09	9.999968e-01	1.262294e-05	
560	1.095000e-09	9.999969e-01	1.221404e-05	
561	1.097000e-09	9.999968e-01	1.262285e-05	
562	1.099000e-09	9.999969e-01	1.221498e-05	
563	1.101000e-09	9.999968e-01	1.262275e-05	
564	1.103000e-09	9.999969e-01	1.221592e-05	
565	1.105000e-09	9.999968e-01	1.262266e-05	
566	1.107000e-09	9.999969e-01	1.221687e-05	
567	1.109000e-09	9.999968e-01	1.262257e-05	
568	1.111000e-09	9.999969e-01	1.221781e-05	
569	1.113000e-09	9.999968e-01	1.262247e-05	
570	1.115000e-09	9.999969e-01	1.221874e-05	
571	1.117000e-09	9.999968e-01	1.262238e-05	
572	1.119000e-09	9.999969e-01	1.221968e-05	
573	1.121000e-09	9.999968e-01	1.262228e-05	
574	1.123000e-09	9.999969e-01	1.222061e-05	
575	1.125000e-09	9.999968e-01	1.262219e-05	
576	1.127000e-09	9.999969e-01	1.222155e-05	

Index   time            v(dout_8)       v(rbl_delay)    
--------------------------------------------------------------------------------
577	1.129000e-09	9.999968e-01	1.262210e-05	
578	1.131000e-09	9.999969e-01	1.222248e-05	
579	1.133000e-09	9.999968e-01	1.262201e-05	
580	1.135000e-09	9.999969e-01	1.222341e-05	
581	1.137000e-09	9.999968e-01	1.262191e-05	
582	1.139000e-09	9.999969e-01	1.222434e-05	
583	1.141000e-09	9.999968e-01	1.262182e-05	
584	1.143000e-09	9.999969e-01	1.222526e-05	
585	1.145000e-09	9.999968e-01	1.262173e-05	
586	1.147000e-09	9.999969e-01	1.222619e-05	
587	1.149000e-09	9.999968e-01	1.262163e-05	
588	1.151000e-09	9.999969e-01	1.222711e-05	
589	1.153000e-09	9.999968e-01	1.262154e-05	
590	1.155000e-09	9.999969e-01	1.222803e-05	
591	1.157000e-09	9.999968e-01	1.262145e-05	
592	1.159000e-09	9.999969e-01	1.222895e-05	
593	1.161000e-09	9.999968e-01	1.262136e-05	
594	1.163000e-09	9.999969e-01	1.222986e-05	
595	1.165000e-09	9.999968e-01	1.262126e-05	
596	1.167000e-09	9.999969e-01	1.223078e-05	
597	1.169000e-09	9.999968e-01	1.262117e-05	
598	1.171000e-09	9.999969e-01	1.223169e-05	
599	1.173000e-09	9.999968e-01	1.262108e-05	
600	1.175000e-09	9.999969e-01	1.223261e-05	
601	1.177000e-09	9.999968e-01	1.262099e-05	
602	1.179000e-09	9.999969e-01	1.223352e-05	
603	1.181000e-09	9.999968e-01	1.262089e-05	
604	1.183000e-09	9.999969e-01	1.223442e-05	
605	1.185000e-09	9.999968e-01	1.262080e-05	
606	1.187000e-09	9.999969e-01	1.223533e-05	
607	1.189000e-09	9.999968e-01	1.262071e-05	
608	1.191000e-09	9.999969e-01	1.223624e-05	
609	1.193000e-09	9.999968e-01	1.262062e-05	
610	1.195000e-09	9.999969e-01	1.223714e-05	
611	1.197000e-09	9.999968e-01	1.262053e-05	
612	1.199000e-09	9.999969e-01	1.223804e-05	
613	1.201000e-09	9.999968e-01	1.262043e-05	
614	1.203000e-09	9.999969e-01	1.223894e-05	
615	1.205000e-09	9.999968e-01	1.262034e-05	
616	1.207000e-09	9.999969e-01	1.223984e-05	
617	1.209000e-09	9.999968e-01	1.262025e-05	
618	1.211000e-09	9.999969e-01	1.224073e-05	
619	1.213000e-09	9.999968e-01	1.262016e-05	
620	1.215000e-09	9.999969e-01	1.224163e-05	
621	1.217000e-09	9.999968e-01	1.262007e-05	
622	1.219000e-09	9.999969e-01	1.224252e-05	
623	1.221000e-09	9.999968e-01	1.261998e-05	
624	1.223000e-09	9.999969e-01	1.224341e-05	
625	1.225000e-09	9.999968e-01	1.261989e-05	
626	1.227000e-09	9.999969e-01	1.224430e-05	
627	1.229000e-09	9.999968e-01	1.261979e-05	
628	1.231000e-09	9.999969e-01	1.224519e-05	
629	1.233000e-09	9.999968e-01	1.261970e-05	
630	1.235000e-09	9.999969e-01	1.224608e-05	
631	1.237000e-09	9.999968e-01	1.261961e-05	
632	1.239000e-09	9.999969e-01	1.224696e-05	
633	1.241000e-09	9.999968e-01	1.261952e-05	
634	1.243000e-09	9.999969e-01	1.224784e-05	

Index   time            v(dout_8)       v(rbl_delay)    
--------------------------------------------------------------------------------
635	1.245000e-09	9.999968e-01	1.261943e-05	
636	1.247000e-09	9.999969e-01	1.224872e-05	
637	1.249000e-09	9.999968e-01	1.261934e-05	
638	1.251000e-09	9.999970e-01	1.248001e-05	
639	1.253000e-09	9.999969e-01	1.290703e-05	
640	1.255000e-09	9.999969e-01	1.236894e-05	
641	1.257000e-09	9.999968e-01	1.272640e-05	
642	1.259000e-09	9.999969e-01	1.233243e-05	
643	1.261000e-09	9.999968e-01	1.268129e-05	
644	1.263000e-09	9.999970e-01	1.253036e-05	
645	1.265000e-09	9.999968e-01	1.294323e-05	
646	1.267000e-09	9.999969e-01	1.239963e-05	
647	1.269000e-09	9.999968e-01	1.274760e-05	
648	1.271000e-09	9.999969e-01	1.235156e-05	
649	1.273000e-09	9.999968e-01	1.269365e-05	
650	1.275000e-09	9.999970e-01	1.254230e-05	
651	1.277000e-09	9.999968e-01	1.294990e-05	
652	1.279000e-09	9.999969e-01	1.240775e-05	
653	1.281000e-09	9.999968e-01	1.275152e-05	
654	1.283000e-09	9.999969e-01	1.235738e-05	
655	1.285000e-09	9.999968e-01	1.269584e-05	
656	1.287000e-09	9.999970e-01	1.254634e-05	
657	1.289000e-09	9.999968e-01	1.295052e-05	
658	1.291000e-09	9.999969e-01	1.241123e-05	
659	1.293000e-09	9.999968e-01	1.275190e-05	
660	1.295000e-09	9.999969e-01	1.236047e-05	
661	1.297000e-09	9.999968e-01	1.269595e-05	
662	1.299000e-09	9.999970e-01	1.254875e-05	
663	1.301000e-09	9.999968e-01	1.294990e-05	
664	1.303000e-09	9.999969e-01	1.241374e-05	
665	1.305000e-09	9.999968e-01	1.275155e-05	
666	1.307000e-09	9.999969e-01	1.236298e-05	
667	1.309000e-09	9.999968e-01	1.269564e-05	
668	1.311000e-09	9.999970e-01	1.255082e-05	
669	1.313000e-09	9.999968e-01	1.294903e-05	
670	1.315000e-09	9.999969e-01	1.241604e-05	
671	1.317000e-09	9.999968e-01	1.275105e-05	
672	1.319000e-09	9.999969e-01	1.236536e-05	
673	1.321000e-09	9.999968e-01	1.269524e-05	
674	1.323000e-09	9.999970e-01	1.255281e-05	
675	1.325000e-09	9.999968e-01	1.294812e-05	
676	1.327000e-09	9.999969e-01	1.241829e-05	
677	1.329000e-09	9.999968e-01	1.275052e-05	
678	1.331000e-09	9.999969e-01	1.236770e-05	
679	1.333000e-09	9.999968e-01	1.269482e-05	
680	1.335000e-09	9.999970e-01	1.255478e-05	
681	1.337000e-09	9.999968e-01	1.294719e-05	
682	1.339000e-09	9.999969e-01	1.242052e-05	
683	1.341000e-09	9.999968e-01	1.274999e-05	
684	1.343000e-09	9.999970e-01	1.259783e-05	
685	1.345000e-09	9.999968e-01	1.297892e-05	
686	1.347000e-09	9.999969e-01	1.244664e-05	
687	1.349000e-09	9.999968e-01	1.276852e-05	
688	1.351000e-09	9.999970e-01	1.261370e-05	
689	1.353000e-09	9.999968e-01	1.298952e-05	
690	1.355000e-09	9.999969e-01	1.245668e-05	
691	1.357000e-09	9.999968e-01	1.277473e-05	
692	1.359000e-09	9.999970e-01	1.262002e-05	

Index   time            v(dout_8)       v(rbl_delay)    
--------------------------------------------------------------------------------
693	1.361000e-09	9.999968e-01	1.299278e-05	
694	1.363000e-09	9.999969e-01	1.246110e-05	
695	1.365000e-09	9.999968e-01	1.277665e-05	
696	1.367000e-09	9.999970e-01	1.262301e-05	
697	1.369000e-09	9.999968e-01	1.299348e-05	
698	1.371000e-09	9.999969e-01	1.246356e-05	
699	1.373000e-09	9.999968e-01	1.277706e-05	
700	1.375000e-09	9.999970e-01	1.262483e-05	
701	1.377000e-09	9.999968e-01	1.299328e-05	
702	1.379000e-09	9.999969e-01	1.246533e-05	
703	1.381000e-09	9.999968e-01	1.277696e-05	
704	1.383000e-09	9.999970e-01	1.262624e-05	
705	1.385000e-09	9.999968e-01	1.299278e-05	
706	1.387000e-09	9.999969e-01	1.246685e-05	
707	1.389000e-09	9.999968e-01	1.277667e-05	
708	1.391000e-09	9.999970e-01	1.262750e-05	
709	1.393000e-09	9.999968e-01	1.299217e-05	
710	1.395000e-09	9.999969e-01	1.246829e-05	
711	1.397000e-09	9.999968e-01	1.277632e-05	
712	1.399000e-09	9.999970e-01	1.262871e-05	
713	1.401000e-09	9.999968e-01	1.299153e-05	
714	1.403000e-09	9.999969e-01	1.246969e-05	
715	1.405000e-09	9.999968e-01	1.277595e-05	
716	1.407000e-09	9.999970e-01	1.262989e-05	
717	1.409000e-09	9.999968e-01	1.299088e-05	
718	1.411000e-09	9.999969e-01	1.247108e-05	
719	1.413000e-09	9.999968e-01	1.277557e-05	
720	1.415000e-09	9.999970e-01	1.263107e-05	
721	1.417000e-09	9.999968e-01	1.299022e-05	
722	1.419000e-09	9.999969e-01	1.247246e-05	
723	1.421000e-09	9.999968e-01	1.277519e-05	
724	1.423000e-09	9.999970e-01	1.263224e-05	
725	1.425000e-09	9.999968e-01	1.298956e-05	
726	1.427000e-09	9.999969e-01	1.247383e-05	
727	1.429000e-09	9.999968e-01	1.277481e-05	
728	1.431000e-09	9.999970e-01	1.263341e-05	
729	1.433000e-09	9.999968e-01	1.298891e-05	
730	1.435000e-09	9.999969e-01	1.247520e-05	
731	1.437000e-09	9.999968e-01	1.277443e-05	
732	1.439000e-09	9.999970e-01	1.263457e-05	
733	1.441000e-09	9.999968e-01	1.298826e-05	
734	1.443000e-09	9.999969e-01	1.247656e-05	
735	1.445000e-09	9.999968e-01	1.277406e-05	
736	1.447000e-09	9.999970e-01	1.263572e-05	
737	1.449000e-09	9.999968e-01	1.298761e-05	
738	1.451000e-09	9.999969e-01	1.247791e-05	
739	1.453000e-09	9.999968e-01	1.277368e-05	
740	1.455000e-09	9.999970e-01	1.263687e-05	
741	1.457000e-09	9.999968e-01	1.298696e-05	
742	1.459000e-09	9.999970e-01	1.271157e-05	
743	1.461000e-09	9.999968e-01	1.306347e-05	
744	1.463000e-09	9.999969e-01	1.253386e-05	
745	1.465000e-09	9.999968e-01	1.281518e-05	
746	1.467000e-09	9.999970e-01	1.267112e-05	
747	1.469000e-09	9.999968e-01	1.301102e-05	
748	1.471000e-09	9.999970e-01	1.273243e-05	
749	1.473000e-09	9.999968e-01	1.307721e-05	
750	1.475000e-09	9.999969e-01	1.254711e-05	

Index   time            v(dout_8)       v(rbl_delay)    
--------------------------------------------------------------------------------
751	1.477000e-09	9.999968e-01	1.282323e-05	
752	1.479000e-09	9.999970e-01	1.267950e-05	
753	1.481000e-09	9.999968e-01	1.301519e-05	
754	1.483000e-09	9.999970e-01	1.273795e-05	
755	1.485000e-09	9.999968e-01	1.307915e-05	
756	1.487000e-09	9.999969e-01	1.255133e-05	
757	1.489000e-09	9.999968e-01	1.282438e-05	
758	1.491000e-09	9.999970e-01	1.268251e-05	
759	1.493000e-09	9.999968e-01	1.301525e-05	
760	1.495000e-09	9.999970e-01	1.274028e-05	
761	1.497000e-09	9.999968e-01	1.307866e-05	
762	1.499000e-09	9.999969e-01	1.255368e-05	
763	1.501000e-09	9.999968e-01	1.282410e-05	
764	1.503000e-09	9.999970e-01	1.268441e-05	
765	1.505000e-09	9.999968e-01	1.301447e-05	
766	1.507000e-09	9.999970e-01	1.274195e-05	
767	1.509000e-09	9.999968e-01	1.307766e-05	
768	1.511000e-09	9.999969e-01	1.255562e-05	
769	1.513000e-09	9.999968e-01	1.282353e-05	
770	1.515000e-09	9.999970e-01	1.268607e-05	
771	1.517000e-09	9.999968e-01	1.301351e-05	
772	1.519000e-09	9.999970e-01	1.274348e-05	
773	1.521000e-09	9.999968e-01	1.307657e-05	
774	1.523000e-09	9.999969e-01	1.255748e-05	
775	1.525000e-09	9.999968e-01	1.282290e-05	
776	1.527000e-09	9.999970e-01	1.268768e-05	
777	1.529000e-09	9.999968e-01	1.301252e-05	
778	1.531000e-09	9.999970e-01	1.274497e-05	
779	1.533000e-09	9.999968e-01	1.307546e-05	
780	1.535000e-09	9.999969e-01	1.255931e-05	
781	1.537000e-09	9.999968e-01	1.282226e-05	
782	1.539000e-09	9.999970e-01	1.268926e-05	
783	1.541000e-09	9.999968e-01	1.301153e-05	
784	1.543000e-09	9.999970e-01	1.274644e-05	
785	1.545000e-09	9.999968e-01	1.307436e-05	
786	1.547000e-09	9.999969e-01	1.256112e-05	
787	1.549000e-09	9.999968e-01	1.282162e-05	
788	1.551000e-09	9.999970e-01	1.269083e-05	
789	1.553000e-09	9.999968e-01	1.301055e-05	
790	1.555000e-09	9.999970e-01	1.274791e-05	
791	1.557000e-09	9.999968e-01	1.307326e-05	
792	1.559000e-09	9.999970e-01	1.279262e-05	
793	1.560000e-09	9.999968e-01	1.310057e-05	
794	1.560200e-09	9.999969e-01	1.295278e-05	
795	1.560600e-09	9.999969e-01	1.295460e-05	
796	1.561400e-09	9.999969e-01	1.296092e-05	
797	1.563000e-09	9.999969e-01	1.296898e-05	
798	1.565000e-09	9.999969e-01	1.297902e-05	
799	1.567000e-09	9.999969e-01	1.298493e-05	
800	1.569000e-09	9.999969e-01	1.299129e-05	
801	1.570000e-09	9.999969e-01	1.299245e-05	
802	1.570200e-09	9.999969e-01	1.299336e-05	
803	1.570600e-09	9.999969e-01	1.299414e-05	
804	1.571400e-09	9.999969e-01	1.299556e-05	
805	1.573000e-09	9.999969e-01	1.299803e-05	
806	1.575000e-09	9.999969e-01	1.300048e-05	
807	1.577000e-09	9.999969e-01	1.300237e-05	
808	1.579000e-09	9.999969e-01	1.300383e-05	

Index   time            v(dout_8)       v(rbl_delay)    
--------------------------------------------------------------------------------
809	1.581000e-09	9.999969e-01	1.300495e-05	
810	1.583000e-09	9.999969e-01	1.300583e-05	
811	1.585000e-09	9.999969e-01	1.300652e-05	
812	1.587000e-09	9.999969e-01	1.300702e-05	
813	1.589000e-09	9.999969e-01	1.300741e-05	
814	1.591000e-09	9.999969e-01	1.300770e-05	
815	1.593000e-09	9.999969e-01	1.300794e-05	
816	1.595000e-09	9.999969e-01	1.300818e-05	
817	1.597000e-09	9.999969e-01	1.300841e-05	
818	1.599000e-09	9.999969e-01	1.300852e-05	
819	1.601000e-09	9.999969e-01	1.300854e-05	
820	1.603000e-09	9.999969e-01	1.300845e-05	
821	1.605000e-09	9.999969e-01	1.300833e-05	
822	1.607000e-09	9.999969e-01	1.300829e-05	
823	1.609000e-09	9.999969e-01	1.300834e-05	
824	1.611000e-09	9.999969e-01	1.300846e-05	
825	1.613000e-09	9.999969e-01	1.300863e-05	
826	1.615000e-09	9.999969e-01	1.300886e-05	
827	1.617000e-09	9.999969e-01	1.300898e-05	
828	1.619000e-09	9.999969e-01	1.300879e-05	
829	1.621000e-09	9.999969e-01	1.300816e-05	
830	1.623000e-09	9.999969e-01	1.300707e-05	
831	1.625000e-09	9.999968e-01	1.300571e-05	
832	1.627000e-09	9.999968e-01	1.300421e-05	
833	1.629000e-09	9.999967e-01	1.300276e-05	
834	1.631000e-09	9.999967e-01	1.300411e-05	
835	1.633000e-09	9.999968e-01	1.300743e-05	
836	1.635000e-09	9.999968e-01	1.301080e-05	
837	1.637000e-09	9.999969e-01	1.301329e-05	
838	1.639000e-09	9.999969e-01	1.301433e-05	
839	1.641000e-09	9.999970e-01	1.301493e-05	
840	1.643000e-09	9.999971e-01	1.302281e-05	
841	1.645000e-09	9.999977e-01	1.304696e-05	
842	1.647000e-09	9.999986e-01	1.308683e-05	
843	1.649000e-09	9.999996e-01	1.311835e-05	
844	1.651000e-09	1.000000e+00	1.313527e-05	
845	1.653000e-09	1.000001e+00	1.311945e-05	
846	1.655000e-09	1.000001e+00	1.307756e-05	
847	1.657000e-09	9.999999e-01	1.302929e-05	
848	1.659000e-09	9.999992e-01	1.299104e-05	
849	1.661000e-09	9.999987e-01	1.297086e-05	
850	1.663000e-09	9.999987e-01	1.297970e-05	
851	1.665000e-09	9.999994e-01	1.302676e-05	
852	1.667000e-09	1.000000e+00	1.307574e-05	
853	1.669000e-09	1.000000e+00	1.305447e-05	
854	1.671000e-09	9.999972e-01	1.286803e-05	
855	1.673000e-09	9.999882e-01	1.243178e-05	
856	1.675000e-09	9.999717e-01	1.171944e-05	
857	1.677000e-09	9.999449e-01	1.065028e-05	
858	1.679000e-09	9.999081e-01	9.338220e-06	
859	1.681000e-09	9.998731e-01	8.468613e-06	
860	1.683000e-09	9.998466e-01	8.241603e-06	
861	1.685000e-09	9.998289e-01	8.499802e-06	
862	1.687000e-09	9.998193e-01	9.092693e-06	
863	1.689000e-09	9.998136e-01	9.727941e-06	
864	1.691000e-09	9.998174e-01	1.071725e-05	
865	1.693000e-09	9.998757e-01	1.437582e-05	
866	1.695000e-09	1.000077e+00	2.476425e-05	

Index   time            v(dout_8)       v(rbl_delay)    
--------------------------------------------------------------------------------
867	1.697000e-09	1.000494e+00	4.370353e-05	
868	1.699000e-09	1.001122e+00	6.852299e-05	
869	1.701000e-09	1.001919e+00	9.572749e-05	
870	1.703000e-09	1.002782e+00	1.193157e-04	
871	1.705000e-09	1.003625e+00	1.362480e-04	
872	1.707000e-09	1.004419e+00	1.467037e-04	
873	1.709000e-09	1.005169e+00	1.527216e-04	
874	1.711000e-09	1.005925e+00	1.578138e-04	
875	1.713000e-09	1.006794e+00	1.679425e-04	
876	1.715000e-09	1.007929e+00	1.894656e-04	
877	1.717000e-09	1.009304e+00	2.173846e-04	
878	1.719000e-09	1.010590e+00	2.324232e-04	
879	1.721000e-09	1.010978e+00	1.967489e-04	
880	1.723000e-09	1.009058e+00	4.940172e-05	
881	1.725000e-09	1.003237e+00	-2.68711e-04	
882	1.727000e-09	9.910993e-01	-8.42376e-04	
883	1.729000e-09	9.708970e-01	-1.69743e-03	
884	1.731000e-09	9.435302e-01	-2.71700e-03	
885	1.733000e-09	9.104293e-01	-3.79975e-03	
886	1.735000e-09	8.724877e-01	-4.89714e-03	
887	1.737000e-09	8.303966e-01	-5.97023e-03	
888	1.739000e-09	7.831595e-01	-7.04069e-03	
889	1.741000e-09	7.299790e-01	-7.94086e-03	
890	1.743000e-09	6.740880e-01	-7.83602e-03	
891	1.745000e-09	6.209001e-01	-5.11811e-03	
892	1.747000e-09	5.724472e-01	1.834443e-03	
893	1.749000e-09	5.299318e-01	1.434339e-02	
894	1.751000e-09	4.952963e-01	3.294362e-02	
895	1.753000e-09	4.687270e-01	5.708255e-02	
896	1.755000e-09	4.480992e-01	8.586517e-02	
897	1.757000e-09	4.306714e-01	1.184613e-01	
898	1.759000e-09	4.137361e-01	1.543566e-01	
899	1.761000e-09	3.923830e-01	1.936720e-01	
900	1.763000e-09	3.603955e-01	2.377049e-01	
901	1.765000e-09	3.211717e-01	2.885385e-01	
902	1.767000e-09	2.822433e-01	3.466450e-01	
903	1.769000e-09	2.458971e-01	4.098327e-01	
904	1.771000e-09	2.127592e-01	4.751300e-01	
905	1.773000e-09	1.832801e-01	5.440292e-01	
906	1.775000e-09	1.570439e-01	6.092403e-01	
907	1.777000e-09	1.336731e-01	6.641065e-01	
908	1.779000e-09	1.131784e-01	7.108599e-01	
909	1.781000e-09	9.553055e-02	7.533640e-01	
910	1.783000e-09	8.078845e-02	7.985942e-01	
911	1.785000e-09	6.917689e-02	8.571276e-01	
912	1.787000e-09	5.961987e-02	9.132989e-01	
913	1.789000e-09	5.086508e-02	9.501846e-01	
914	1.791000e-09	4.282646e-02	9.718998e-01	
915	1.793000e-09	3.564826e-02	9.842070e-01	
916	1.795000e-09	2.941398e-02	9.910473e-01	
917	1.797000e-09	2.411689e-02	9.948147e-01	
918	1.799000e-09	1.968526e-02	9.968821e-01	
919	1.801000e-09	1.601852e-02	9.980385e-01	
920	1.803000e-09	1.300597e-02	9.987040e-01	
921	1.805000e-09	1.054427e-02	9.991017e-01	
922	1.807000e-09	8.538882e-03	9.993508e-01	
923	1.809000e-09	6.910135e-03	9.995145e-01	
924	1.811000e-09	5.588758e-03	9.996276e-01	

Index   time            v(dout_8)       v(rbl_delay)    
--------------------------------------------------------------------------------
925	1.813000e-09	4.518973e-03	9.997090e-01	
926	1.815000e-09	3.652830e-03	9.997699e-01	
927	1.817000e-09	2.952906e-03	9.998163e-01	
928	1.819000e-09	2.386746e-03	9.998526e-01	
929	1.821000e-09	1.929820e-03	9.998811e-01	
930	1.823000e-09	1.560315e-03	9.999039e-01	
931	1.825000e-09	1.262424e-03	9.999220e-01	
932	1.827000e-09	1.021468e-03	9.999367e-01	
933	1.829000e-09	8.274358e-04	9.999484e-01	
934	1.831000e-09	6.703684e-04	9.999579e-01	
935	1.833000e-09	5.440749e-04	9.999655e-01	
936	1.835000e-09	4.416975e-04	9.999717e-01	
937	1.837000e-09	3.595488e-04	9.999766e-01	
938	1.839000e-09	2.928037e-04	9.999806e-01	
939	1.841000e-09	2.394099e-04	9.999838e-01	
940	1.843000e-09	1.958714e-04	9.999865e-01	
941	1.845000e-09	1.612019e-04	9.999885e-01	
942	1.847000e-09	1.327739e-04	9.999903e-01	
943	1.849000e-09	1.102944e-04	9.999915e-01	
944	1.851000e-09	9.170378e-05	9.999927e-01	
945	1.853000e-09	7.715927e-05	9.999935e-01	
946	1.855000e-09	6.497257e-05	9.999943e-01	
947	1.857000e-09	5.559268e-05	9.999948e-01	
948	1.859000e-09	4.757465e-05	9.999954e-01	
949	1.861000e-09	4.156975e-05	9.999959e-01	
950	1.863000e-09	3.625933e-05	9.999962e-01	
951	1.865000e-09	3.241262e-05	9.999962e-01	
952	1.867000e-09	2.887924e-05	9.999965e-01	
953	1.869000e-09	2.647144e-05	9.999966e-01	
954	1.871000e-09	2.382309e-05	9.999968e-01	
955	1.873000e-09	2.227638e-05	9.999970e-01	
956	1.875000e-09	2.080381e-05	9.999972e-01	
957	1.877000e-09	1.992046e-05	9.999969e-01	
958	1.879000e-09	1.857880e-05	9.999971e-01	
959	1.881000e-09	1.805823e-05	9.999972e-01	
960	1.883000e-09	1.717571e-05	9.999973e-01	
961	1.885000e-09	1.688823e-05	9.999971e-01	
962	1.887000e-09	1.624216e-05	9.999972e-01	
963	1.889000e-09	1.615091e-05	9.999972e-01	
964	1.891000e-09	1.564644e-05	9.999973e-01	
965	1.893000e-09	1.568524e-05	9.999974e-01	
966	1.895000e-09	1.526889e-05	9.999975e-01	
967	1.897000e-09	1.535385e-05	9.999972e-01	
968	1.899000e-09	1.500974e-05	9.999973e-01	
969	1.901000e-09	1.515833e-05	9.999972e-01	
970	1.903000e-09	1.485030e-05	9.999973e-01	
971	1.905000e-09	1.504309e-05	9.999974e-01	
972	1.907000e-09	1.475493e-05	9.999975e-01	
973	1.909000e-09	1.493842e-05	9.999972e-01	
974	1.911000e-09	1.467834e-05	9.999973e-01	
975	1.913000e-09	1.488953e-05	9.999972e-01	
976	1.915000e-09	1.463697e-05	9.999973e-01	
977	1.917000e-09	1.486912e-05	9.999974e-01	
978	1.919000e-09	1.461796e-05	9.999975e-01	
979	1.921000e-09	1.482582e-05	9.999972e-01	
980	1.923000e-09	1.459078e-05	9.999973e-01	
981	1.925000e-09	1.481661e-05	9.999972e-01	
982	1.927000e-09	1.458136e-05	9.999973e-01	

Index   time            v(dout_8)       v(rbl_delay)    
--------------------------------------------------------------------------------
983	1.929000e-09	1.480833e-05	9.999972e-01	
984	1.931000e-09	1.457558e-05	9.999973e-01	
985	1.933000e-09	1.480277e-05	9.999972e-01	
986	1.935000e-09	1.457210e-05	9.999973e-01	
987	1.937000e-09	1.479911e-05	9.999972e-01	
988	1.939000e-09	1.457017e-05	9.999974e-01	
989	1.941000e-09	1.479670e-05	9.999972e-01	
990	1.943000e-09	1.456926e-05	9.999974e-01	
991	1.945000e-09	1.479512e-05	9.999972e-01	
992	1.947000e-09	1.456900e-05	9.999974e-01	
993	1.949000e-09	1.479407e-05	9.999972e-01	
994	1.951000e-09	1.456918e-05	9.999974e-01	
995	1.953000e-09	1.479336e-05	9.999972e-01	
996	1.955000e-09	1.456963e-05	9.999974e-01	
997	1.957000e-09	1.479288e-05	9.999972e-01	
998	1.959000e-09	1.457025e-05	9.999974e-01	
999	1.961000e-09	1.479254e-05	9.999972e-01	
1000	1.963000e-09	1.457100e-05	9.999974e-01	
1001	1.965000e-09	1.479230e-05	9.999972e-01	
1002	1.967000e-09	1.457181e-05	9.999974e-01	
1003	1.969000e-09	1.479212e-05	9.999972e-01	
1004	1.971000e-09	1.457267e-05	9.999974e-01	
1005	1.973000e-09	1.479197e-05	9.999972e-01	
1006	1.975000e-09	1.457356e-05	9.999974e-01	
1007	1.977000e-09	1.479186e-05	9.999972e-01	
1008	1.979000e-09	1.457447e-05	9.999974e-01	
1009	1.981000e-09	1.479175e-05	9.999972e-01	
1010	1.983000e-09	1.457539e-05	9.999974e-01	
1011	1.985000e-09	1.479166e-05	9.999972e-01	
1012	1.987000e-09	1.457632e-05	9.999974e-01	
1013	1.989000e-09	1.479158e-05	9.999972e-01	
1014	1.991000e-09	1.457725e-05	9.999974e-01	
1015	1.993000e-09	1.479150e-05	9.999972e-01	
1016	1.995000e-09	1.457818e-05	9.999974e-01	
1017	1.997000e-09	1.479142e-05	9.999972e-01	
1018	1.999000e-09	1.457911e-05	9.999974e-01	
1019	2.001000e-09	1.479135e-05	9.999972e-01	
1020	2.003000e-09	1.458005e-05	9.999974e-01	
1021	2.005000e-09	1.479128e-05	9.999972e-01	
1022	2.007000e-09	1.458098e-05	9.999974e-01	
1023	2.009000e-09	1.479121e-05	9.999972e-01	
1024	2.011000e-09	1.458190e-05	9.999974e-01	
1025	2.013000e-09	1.479114e-05	9.999972e-01	
1026	2.015000e-09	1.458283e-05	9.999974e-01	
1027	2.017000e-09	1.479107e-05	9.999972e-01	
1028	2.019000e-09	1.458376e-05	9.999974e-01	
1029	2.021000e-09	1.479100e-05	9.999972e-01	
1030	2.023000e-09	1.458468e-05	9.999974e-01	
1031	2.025000e-09	1.479093e-05	9.999972e-01	
1032	2.027000e-09	1.458560e-05	9.999974e-01	
1033	2.029000e-09	1.479086e-05	9.999972e-01	
1034	2.031000e-09	1.458652e-05	9.999974e-01	
1035	2.033000e-09	1.479079e-05	9.999972e-01	
1036	2.035000e-09	1.458744e-05	9.999974e-01	
1037	2.037000e-09	1.479072e-05	9.999972e-01	
1038	2.039000e-09	1.458835e-05	9.999974e-01	
1039	2.041000e-09	1.479065e-05	9.999972e-01	
1040	2.043000e-09	1.458927e-05	9.999974e-01	

Index   time            v(dout_8)       v(rbl_delay)    
--------------------------------------------------------------------------------
1041	2.045000e-09	1.479058e-05	9.999972e-01	
1042	2.047000e-09	1.459018e-05	9.999974e-01	
1043	2.049000e-09	1.479051e-05	9.999972e-01	
1044	2.051000e-09	1.459109e-05	9.999974e-01	
1045	2.053000e-09	1.479044e-05	9.999972e-01	
1046	2.055000e-09	1.459199e-05	9.999974e-01	
1047	2.057000e-09	1.479038e-05	9.999972e-01	
1048	2.059000e-09	1.459290e-05	9.999974e-01	
1049	2.061000e-09	1.479031e-05	9.999972e-01	
1050	2.063000e-09	1.459380e-05	9.999974e-01	
1051	2.065000e-09	1.479024e-05	9.999972e-01	
1052	2.067000e-09	1.459470e-05	9.999974e-01	
1053	2.069000e-09	1.479017e-05	9.999972e-01	
1054	2.071000e-09	1.459560e-05	9.999974e-01	
1055	2.073000e-09	1.479011e-05	9.999972e-01	
1056	2.075000e-09	1.459650e-05	9.999974e-01	
1057	2.077000e-09	1.479004e-05	9.999972e-01	
1058	2.079000e-09	1.459739e-05	9.999974e-01	
1059	2.081000e-09	1.478997e-05	9.999972e-01	
1060	2.083000e-09	1.459829e-05	9.999974e-01	
1061	2.085000e-09	1.478991e-05	9.999972e-01	
1062	2.087000e-09	1.479169e-05	9.999974e-01	
1063	2.089000e-09	1.504012e-05	9.999972e-01	
1064	2.091000e-09	1.471688e-05	9.999974e-01	
1065	2.093000e-09	1.489596e-05	9.999972e-01	
1066	2.095000e-09	1.468561e-05	9.999974e-01	
1067	2.097000e-09	1.485775e-05	9.999972e-01	
1068	2.099000e-09	1.484899e-05	9.999974e-01	
1069	2.101000e-09	1.508374e-05	9.999972e-01	
1070	2.103000e-09	1.475485e-05	9.999974e-01	
1071	2.105000e-09	1.492413e-05	9.999972e-01	
1072	2.107000e-09	1.471109e-05	9.999974e-01	
1073	2.109000e-09	1.487589e-05	9.999972e-01	
1074	2.111000e-09	1.486607e-05	9.999974e-01	
1075	2.113000e-09	1.509498e-05	9.999972e-01	
1076	2.115000e-09	1.476684e-05	9.999974e-01	
1077	2.117000e-09	1.493143e-05	9.999972e-01	
1078	2.119000e-09	1.471975e-05	9.999974e-01	
1079	2.121000e-09	1.488055e-05	9.999972e-01	
1080	2.123000e-09	1.487222e-05	9.999974e-01	
1081	2.125000e-09	1.509743e-05	9.999972e-01	
1082	2.127000e-09	1.477175e-05	9.999974e-01	
1083	2.129000e-09	1.493305e-05	9.999972e-01	
1084	2.131000e-09	1.472383e-05	9.999974e-01	
1085	2.133000e-09	1.488153e-05	9.999972e-01	
1086	2.135000e-09	1.487537e-05	9.999974e-01	
1087	2.137000e-09	1.509748e-05	9.999972e-01	
1088	2.139000e-09	1.477472e-05	9.999974e-01	
1089	2.141000e-09	1.493313e-05	9.999972e-01	
1090	2.143000e-09	1.472665e-05	9.999974e-01	
1091	2.145000e-09	1.488151e-05	9.999972e-01	
1092	2.147000e-09	1.487770e-05	9.999974e-01	
1093	2.149000e-09	1.509688e-05	9.999972e-01	
1094	2.151000e-09	1.477716e-05	9.999974e-01	
1095	2.153000e-09	1.493279e-05	9.999972e-01	
1096	2.155000e-09	1.492002e-05	9.999974e-01	
1097	2.157000e-09	1.512943e-05	9.999972e-01	
1098	2.159000e-09	1.480514e-05	9.999974e-01	

Index   time            v(dout_8)       v(rbl_delay)    
--------------------------------------------------------------------------------
1099	2.161000e-09	1.495376e-05	9.999972e-01	
1100	2.163000e-09	1.493853e-05	9.999974e-01	
1101	2.165000e-09	1.514272e-05	9.999972e-01	
1102	2.167000e-09	1.481772e-05	9.999974e-01	
1103	2.169000e-09	1.496235e-05	9.999972e-01	
1104	2.171000e-09	1.494703e-05	9.999974e-01	
1105	2.173000e-09	1.514794e-05	9.999972e-01	
1106	2.175000e-09	1.482382e-05	9.999974e-01	
1107	2.177000e-09	1.496575e-05	9.999972e-01	
1108	2.179000e-09	1.495131e-05	9.999974e-01	
1109	2.181000e-09	1.514978e-05	9.999972e-01	
1110	2.183000e-09	1.482719e-05	9.999974e-01	
1111	2.185000e-09	1.496697e-05	9.999972e-01	
1112	2.187000e-09	1.495382e-05	9.999974e-01	
1113	2.189000e-09	1.515019e-05	9.999972e-01	
1114	2.191000e-09	1.482942e-05	9.999974e-01	
1115	2.193000e-09	1.496727e-05	9.999972e-01	
1116	2.195000e-09	1.495558e-05	9.999974e-01	
1117	2.197000e-09	1.515001e-05	9.999972e-01	
1118	2.199000e-09	1.483115e-05	9.999974e-01	
1119	2.201000e-09	1.496718e-05	9.999972e-01	
1120	2.203000e-09	1.495702e-05	9.999974e-01	
1121	2.205000e-09	1.514957e-05	9.999972e-01	
1122	2.207000e-09	1.483268e-05	9.999974e-01	
1123	2.209000e-09	1.496693e-05	9.999972e-01	
1124	2.211000e-09	1.495832e-05	9.999974e-01	
1125	2.213000e-09	1.514903e-05	9.999972e-01	
1126	2.215000e-09	1.483411e-05	9.999974e-01	
1127	2.217000e-09	1.496661e-05	9.999972e-01	
1128	2.219000e-09	1.495956e-05	9.999974e-01	
1129	2.221000e-09	1.514845e-05	9.999972e-01	
1130	2.223000e-09	1.483551e-05	9.999974e-01	
1131	2.225000e-09	1.496627e-05	9.999972e-01	
1132	2.227000e-09	1.496077e-05	9.999974e-01	
1133	2.229000e-09	1.514786e-05	9.999972e-01	
1134	2.231000e-09	1.483687e-05	9.999974e-01	
1135	2.233000e-09	1.496592e-05	9.999972e-01	
1136	2.235000e-09	1.496197e-05	9.999974e-01	
1137	2.237000e-09	1.514726e-05	9.999972e-01	
1138	2.239000e-09	1.483823e-05	9.999974e-01	
1139	2.241000e-09	1.496556e-05	9.999972e-01	
1140	2.243000e-09	1.496315e-05	9.999974e-01	
1141	2.245000e-09	1.514666e-05	9.999972e-01	
1142	2.247000e-09	1.483958e-05	9.999974e-01	
1143	2.249000e-09	1.496520e-05	9.999972e-01	
1144	2.251000e-09	1.496433e-05	9.999974e-01	
1145	2.253000e-09	1.514606e-05	9.999972e-01	
1146	2.255000e-09	1.484092e-05	9.999974e-01	
1147	2.257000e-09	1.496485e-05	9.999972e-01	
1148	2.259000e-09	1.496550e-05	9.999974e-01	
1149	2.261000e-09	1.514546e-05	9.999972e-01	
1150	2.263000e-09	1.484226e-05	9.999974e-01	
1151	2.265000e-09	1.496449e-05	9.999972e-01	
1152	2.267000e-09	1.496667e-05	9.999974e-01	
1153	2.269000e-09	1.514487e-05	9.999972e-01	
1154	2.271000e-09	1.484358e-05	9.999974e-01	
1155	2.273000e-09	1.496414e-05	9.999972e-01	
1156	2.275000e-09	1.496783e-05	9.999974e-01	

Index   time            v(dout_8)       v(rbl_delay)    
--------------------------------------------------------------------------------
1157	2.277000e-09	1.514427e-05	9.999972e-01	
1158	2.279000e-09	1.484490e-05	9.999974e-01	
1159	2.281000e-09	1.496379e-05	9.999972e-01	
1160	2.283000e-09	1.496898e-05	9.999974e-01	
1161	2.285000e-09	1.514369e-05	9.999972e-01	
1162	2.287000e-09	1.484622e-05	9.999974e-01	
1163	2.289000e-09	1.496344e-05	9.999972e-01	
1164	2.291000e-09	1.497013e-05	9.999974e-01	
1165	2.293000e-09	1.514310e-05	9.999972e-01	
1166	2.295000e-09	1.504046e-05	9.999974e-01	
1167	2.297000e-09	1.521392e-05	9.999972e-01	
1168	2.299000e-09	1.490186e-05	9.999974e-01	
1169	2.301000e-09	1.500649e-05	9.999972e-01	
1170	2.303000e-09	1.500707e-05	9.999974e-01	
1171	2.305000e-09	1.517061e-05	9.999972e-01	
1172	2.307000e-09	1.506493e-05	9.999974e-01	
1173	2.309000e-09	1.523137e-05	9.999972e-01	
1174	2.311000e-09	1.491851e-05	9.999974e-01	
1175	2.313000e-09	1.501779e-05	9.999972e-01	
1176	2.315000e-09	1.501834e-05	9.999974e-01	
1177	2.317000e-09	1.517745e-05	9.999972e-01	
1178	2.319000e-09	1.507271e-05	9.999974e-01	
1179	2.321000e-09	1.523539e-05	9.999972e-01	
1180	2.323000e-09	1.492436e-05	9.999974e-01	
1181	2.325000e-09	1.502043e-05	9.999972e-01	
1182	2.327000e-09	1.502258e-05	9.999974e-01	
1183	2.329000e-09	1.517865e-05	9.999972e-01	
1184	2.331000e-09	1.507592e-05	9.999974e-01	
1185	2.333000e-09	1.523573e-05	9.999972e-01	
1186	2.335000e-09	1.492725e-05	9.999974e-01	
1187	2.337000e-09	1.502070e-05	9.999972e-01	
1188	2.339000e-09	1.502489e-05	9.999974e-01	
1189	2.341000e-09	1.517830e-05	9.999972e-01	
1190	2.343000e-09	1.507787e-05	9.999974e-01	
1191	2.345000e-09	1.523507e-05	9.999972e-01	
1192	2.347000e-09	1.492931e-05	9.999974e-01	
1193	2.349000e-09	1.502032e-05	9.999972e-01	
1194	2.351000e-09	1.502666e-05	9.999974e-01	
1195	2.353000e-09	1.517754e-05	9.999972e-01	
1196	2.355000e-09	1.507946e-05	9.999974e-01	
1197	2.357000e-09	1.523414e-05	9.999972e-01	
1198	2.359000e-09	1.493115e-05	9.999974e-01	
1199	2.361000e-09	1.501977e-05	9.999972e-01	
1200	2.363000e-09	1.502827e-05	9.999974e-01	
1201	2.365000e-09	1.517666e-05	9.999972e-01	
1202	2.367000e-09	1.508095e-05	9.999974e-01	
1203	2.369000e-09	1.523315e-05	9.999972e-01	
1204	2.371000e-09	1.493291e-05	9.999974e-01	
1205	2.373000e-09	1.501918e-05	9.999972e-01	
1206	2.375000e-09	1.502983e-05	9.999974e-01	
1207	2.377000e-09	1.517577e-05	9.999972e-01	
1208	2.379000e-09	1.508241e-05	9.999974e-01	
1209	2.381000e-09	1.523214e-05	9.999972e-01	
1210	2.383000e-09	1.512552e-05	9.999974e-01	
1211	2.385000e-09	1.526674e-05	9.999972e-01	
1212	2.387000e-09	1.515401e-05	9.999974e-01	
1213	2.389000e-09	1.528901e-05	9.999972e-01	
1214	2.391000e-09	1.517268e-05	9.999974e-01	

Index   time            v(dout_8)       v(rbl_delay)    
--------------------------------------------------------------------------------
1215	2.393000e-09	1.530334e-05	9.999972e-01	
1216	2.395000e-09	1.518496e-05	9.999974e-01	
1217	2.397000e-09	1.531254e-05	9.999972e-01	
1218	2.399000e-09	1.519309e-05	9.999974e-01	
1219	2.401000e-09	1.531838e-05	9.999972e-01	
1220	2.403000e-09	1.519852e-05	9.999974e-01	
1221	2.405000e-09	1.532204e-05	9.999972e-01	
1222	2.407000e-09	1.520219e-05	9.999974e-01	
1223	2.409000e-09	1.532429e-05	9.999972e-01	
1224	2.411000e-09	1.520472e-05	9.999974e-01	
1225	2.413000e-09	1.532562e-05	9.999972e-01	
1226	2.415000e-09	1.520650e-05	9.999974e-01	
1227	2.417000e-09	1.532634e-05	9.999972e-01	
1228	2.419000e-09	1.520780e-05	9.999974e-01	
1229	2.421000e-09	1.532668e-05	9.999972e-01	
1230	2.423000e-09	1.520878e-05	9.999974e-01	
1231	2.425000e-09	1.532676e-05	9.999972e-01	
1232	2.427000e-09	1.520955e-05	9.999974e-01	
1233	2.429000e-09	1.532668e-05	9.999972e-01	
1234	2.431000e-09	1.521019e-05	9.999974e-01	
1235	2.433000e-09	1.532649e-05	9.999972e-01	
1236	2.435000e-09	1.521074e-05	9.999974e-01	
1237	2.437000e-09	1.532624e-05	9.999972e-01	
1238	2.439000e-09	1.521123e-05	9.999974e-01	
1239	2.441000e-09	1.532593e-05	9.999972e-01	
1240	2.443000e-09	1.521168e-05	9.999974e-01	
1241	2.445000e-09	1.532560e-05	9.999972e-01	
1242	2.447000e-09	1.521211e-05	9.999974e-01	
1243	2.449000e-09	1.532525e-05	9.999972e-01	
1244	2.451000e-09	1.521253e-05	9.999974e-01	
1245	2.453000e-09	1.532489e-05	9.999972e-01	
1246	2.455000e-09	1.521293e-05	9.999974e-01	
1247	2.457000e-09	1.532452e-05	9.999972e-01	
1248	2.459000e-09	1.521333e-05	9.999974e-01	
1249	2.461000e-09	1.532415e-05	9.999972e-01	
1250	2.463000e-09	1.521372e-05	9.999974e-01	
1251	2.465000e-09	1.532378e-05	9.999972e-01	
1252	2.467000e-09	1.521410e-05	9.999974e-01	
1253	2.469000e-09	1.532340e-05	9.999972e-01	
1254	2.471000e-09	1.521449e-05	9.999974e-01	
1255	2.473000e-09	1.532302e-05	9.999972e-01	
1256	2.475000e-09	1.521487e-05	9.999974e-01	
1257	2.477000e-09	1.532265e-05	9.999972e-01	
1258	2.479000e-09	1.521525e-05	9.999974e-01	
1259	2.481000e-09	1.532227e-05	9.999972e-01	
1260	2.483000e-09	1.521562e-05	9.999974e-01	
1261	2.485000e-09	1.532190e-05	9.999972e-01	
1262	2.487000e-09	1.521600e-05	9.999974e-01	
1263	2.489000e-09	1.532152e-05	9.999972e-01	
1264	2.491000e-09	1.521638e-05	9.999974e-01	
1265	2.493000e-09	1.532115e-05	9.999972e-01	
1266	2.495000e-09	1.521675e-05	9.999974e-01	
1267	2.497000e-09	1.532077e-05	9.999972e-01	
1268	2.499000e-09	1.521712e-05	9.999974e-01	
1269	2.501000e-09	1.532040e-05	9.999972e-01	
1270	2.503000e-09	1.521750e-05	9.999974e-01	
1271	2.505000e-09	1.532003e-05	9.999972e-01	
1272	2.507000e-09	1.521787e-05	9.999974e-01	

Index   time            v(dout_8)       v(rbl_delay)    
--------------------------------------------------------------------------------
1273	2.509000e-09	1.531966e-05	9.999972e-01	
1274	2.511000e-09	1.521824e-05	9.999974e-01	
1275	2.513000e-09	1.531929e-05	9.999972e-01	
1276	2.515000e-09	1.521861e-05	9.999974e-01	
1277	2.517000e-09	1.531892e-05	9.999972e-01	
1278	2.519000e-09	1.521898e-05	9.999974e-01	
1279	2.521000e-09	1.531855e-05	9.999972e-01	
1280	2.523000e-09	1.521935e-05	9.999974e-01	
1281	2.525000e-09	1.531818e-05	9.999972e-01	
1282	2.527000e-09	1.521971e-05	9.999974e-01	
1283	2.529000e-09	1.531782e-05	9.999972e-01	
1284	2.531000e-09	1.522008e-05	9.999974e-01	
1285	2.533000e-09	1.531745e-05	9.999972e-01	
1286	2.535000e-09	1.522044e-05	9.999974e-01	
1287	2.537000e-09	1.531709e-05	9.999972e-01	
1288	2.539000e-09	1.522081e-05	9.999974e-01	
1289	2.541000e-09	1.531672e-05	9.999972e-01	
1290	2.543000e-09	1.522117e-05	9.999974e-01	
1291	2.545000e-09	1.531636e-05	9.999972e-01	
1292	2.547000e-09	1.522153e-05	9.999974e-01	
1293	2.549000e-09	1.531600e-05	9.999972e-01	
1294	2.551000e-09	1.522190e-05	9.999974e-01	
1295	2.553000e-09	1.531564e-05	9.999972e-01	
1296	2.555000e-09	1.522226e-05	9.999974e-01	
1297	2.557000e-09	1.531528e-05	9.999972e-01	
1298	2.559000e-09	1.522262e-05	9.999974e-01	
1299	2.561000e-09	1.531492e-05	9.999972e-01	
1300	2.563000e-09	1.522297e-05	9.999974e-01	
1301	2.565000e-09	1.531456e-05	9.999972e-01	
1302	2.567000e-09	1.522333e-05	9.999974e-01	
1303	2.569000e-09	1.531420e-05	9.999972e-01	
1304	2.571000e-09	1.522369e-05	9.999974e-01	
1305	2.573000e-09	1.531384e-05	9.999972e-01	
1306	2.575000e-09	1.522405e-05	9.999974e-01	
1307	2.577000e-09	1.531349e-05	9.999972e-01	
1308	2.579000e-09	1.522440e-05	9.999974e-01	
1309	2.581000e-09	1.531313e-05	9.999972e-01	
1310	2.583000e-09	1.522475e-05	9.999974e-01	
1311	2.585000e-09	1.531278e-05	9.999972e-01	
1312	2.587000e-09	1.522511e-05	9.999974e-01	
1313	2.589000e-09	1.531243e-05	9.999972e-01	
1314	2.591000e-09	1.522546e-05	9.999974e-01	
1315	2.593000e-09	1.531208e-05	9.999972e-01	
1316	2.595000e-09	1.522581e-05	9.999974e-01	
1317	2.597000e-09	1.531172e-05	9.999972e-01	
1318	2.599000e-09	1.522616e-05	9.999974e-01	
1319	2.601000e-09	1.531137e-05	9.999972e-01	
1320	2.603000e-09	1.522651e-05	9.999974e-01	
1321	2.605000e-09	1.531102e-05	9.999972e-01	
1322	2.607000e-09	1.522686e-05	9.999974e-01	
1323	2.609000e-09	1.531068e-05	9.999972e-01	
1324	2.611000e-09	1.522721e-05	9.999974e-01	
1325	2.613000e-09	1.531033e-05	9.999972e-01	
1326	2.615000e-09	1.522756e-05	9.999974e-01	
1327	2.617000e-09	1.530998e-05	9.999972e-01	
1328	2.619000e-09	1.522790e-05	9.999974e-01	
1329	2.621000e-09	1.530964e-05	9.999972e-01	
1330	2.623000e-09	1.522825e-05	9.999974e-01	

Index   time            v(dout_8)       v(rbl_delay)    
--------------------------------------------------------------------------------
1331	2.625000e-09	1.530929e-05	9.999972e-01	
1332	2.627000e-09	1.522859e-05	9.999974e-01	
1333	2.629000e-09	1.530895e-05	9.999972e-01	
1334	2.631000e-09	1.522894e-05	9.999974e-01	
1335	2.633000e-09	1.530860e-05	9.999972e-01	
1336	2.635000e-09	1.522928e-05	9.999974e-01	
1337	2.637000e-09	1.530826e-05	9.999972e-01	
1338	2.639000e-09	1.522962e-05	9.999974e-01	
1339	2.641000e-09	1.530792e-05	9.999972e-01	
1340	2.643000e-09	1.522996e-05	9.999974e-01	
1341	2.645000e-09	1.530758e-05	9.999972e-01	
1342	2.647000e-09	1.523030e-05	9.999974e-01	
1343	2.649000e-09	1.530724e-05	9.999972e-01	
1344	2.651000e-09	1.523064e-05	9.999974e-01	
1345	2.653000e-09	1.530690e-05	9.999972e-01	
1346	2.655000e-09	1.523098e-05	9.999974e-01	
1347	2.657000e-09	1.530656e-05	9.999972e-01	
1348	2.659000e-09	1.523132e-05	9.999974e-01	
1349	2.661000e-09	1.530622e-05	9.999972e-01	
1350	2.663000e-09	1.523166e-05	9.999974e-01	
1351	2.665000e-09	1.530589e-05	9.999972e-01	
1352	2.667000e-09	1.523199e-05	9.999974e-01	
1353	2.669000e-09	1.530555e-05	9.999972e-01	
1354	2.671000e-09	1.523233e-05	9.999974e-01	
1355	2.673000e-09	1.530522e-05	9.999972e-01	
1356	2.675000e-09	1.523266e-05	9.999974e-01	
1357	2.677000e-09	1.530488e-05	9.999972e-01	
1358	2.679000e-09	1.523300e-05	9.999974e-01	
1359	2.681000e-09	1.530455e-05	9.999972e-01	
1360	2.683000e-09	1.523333e-05	9.999974e-01	
1361	2.685000e-09	1.530422e-05	9.999972e-01	
1362	2.687000e-09	1.523366e-05	9.999974e-01	
1363	2.689000e-09	1.530389e-05	9.999972e-01	
1364	2.691000e-09	1.523399e-05	9.999974e-01	
1365	2.693000e-09	1.530356e-05	9.999972e-01	
1366	2.695000e-09	1.523432e-05	9.999974e-01	
1367	2.697000e-09	1.530323e-05	9.999972e-01	
1368	2.699000e-09	1.523465e-05	9.999974e-01	
1369	2.701000e-09	1.530290e-05	9.999972e-01	
1370	2.703000e-09	1.523498e-05	9.999974e-01	
1371	2.705000e-09	1.530257e-05	9.999972e-01	
1372	2.707000e-09	1.523531e-05	9.999974e-01	
1373	2.709000e-09	1.530224e-05	9.999972e-01	
1374	2.711000e-09	1.523563e-05	9.999974e-01	
1375	2.713000e-09	1.530192e-05	9.999972e-01	
1376	2.715000e-09	1.523596e-05	9.999974e-01	
1377	2.717000e-09	1.530159e-05	9.999972e-01	
1378	2.719000e-09	1.523628e-05	9.999974e-01	
1379	2.721000e-09	1.530127e-05	9.999972e-01	
1380	2.723000e-09	1.523661e-05	9.999974e-01	
1381	2.725000e-09	1.530094e-05	9.999972e-01	
1382	2.727000e-09	1.523693e-05	9.999974e-01	
1383	2.729000e-09	1.530062e-05	9.999972e-01	
1384	2.731000e-09	1.523725e-05	9.999974e-01	
1385	2.733000e-09	1.530030e-05	9.999972e-01	
1386	2.735000e-09	1.523758e-05	9.999974e-01	
1387	2.737000e-09	1.529998e-05	9.999972e-01	
1388	2.739000e-09	1.523790e-05	9.999974e-01	

Index   time            v(dout_8)       v(rbl_delay)    
--------------------------------------------------------------------------------
1389	2.741000e-09	1.529966e-05	9.999972e-01	
1390	2.743000e-09	1.523822e-05	9.999974e-01	
1391	2.745000e-09	1.529934e-05	9.999972e-01	
1392	2.747000e-09	1.523854e-05	9.999974e-01	
1393	2.749000e-09	1.529902e-05	9.999972e-01	
1394	2.751000e-09	1.523886e-05	9.999974e-01	
1395	2.753000e-09	1.529870e-05	9.999972e-01	
1396	2.755000e-09	1.523917e-05	9.999974e-01	
1397	2.757000e-09	1.529838e-05	9.999972e-01	
1398	2.759000e-09	1.523949e-05	9.999974e-01	
1399	2.761000e-09	1.529807e-05	9.999972e-01	
1400	2.763000e-09	1.523981e-05	9.999974e-01	
1401	2.765000e-09	1.529775e-05	9.999971e-01	
1402	2.767000e-09	1.524012e-05	9.999974e-01	
1403	2.769000e-09	1.529744e-05	9.999971e-01	
1404	2.771000e-09	1.524044e-05	9.999974e-01	
1405	2.773000e-09	1.529712e-05	9.999971e-01	
1406	2.775000e-09	1.524075e-05	9.999974e-01	
1407	2.777000e-09	1.529681e-05	9.999971e-01	
1408	2.779000e-09	1.524106e-05	9.999974e-01	
1409	2.781000e-09	1.529650e-05	9.999971e-01	
1410	2.783000e-09	1.524137e-05	9.999974e-01	
1411	2.785000e-09	1.529618e-05	9.999971e-01	
1412	2.787000e-09	1.524169e-05	9.999974e-01	
1413	2.789000e-09	1.529587e-05	9.999971e-01	
1414	2.791000e-09	1.524200e-05	9.999974e-01	
1415	2.793000e-09	1.529556e-05	9.999971e-01	
1416	2.795000e-09	1.524231e-05	9.999974e-01	
1417	2.797000e-09	1.529525e-05	9.999971e-01	
1418	2.799000e-09	1.524262e-05	9.999974e-01	
1419	2.801000e-09	1.529494e-05	9.999971e-01	
1420	2.803000e-09	1.524292e-05	9.999974e-01	
1421	2.805000e-09	1.529464e-05	9.999971e-01	
1422	2.807000e-09	1.524323e-05	9.999974e-01	
1423	2.809000e-09	1.529433e-05	9.999971e-01	
1424	2.811000e-09	1.524354e-05	9.999974e-01	
1425	2.813000e-09	1.529402e-05	9.999971e-01	
1426	2.815000e-09	1.524384e-05	9.999974e-01	
1427	2.817000e-09	1.529372e-05	9.999971e-01	
1428	2.819000e-09	1.524415e-05	9.999974e-01	
1429	2.821000e-09	1.529341e-05	9.999971e-01	
1430	2.823000e-09	1.524445e-05	9.999974e-01	
1431	2.825000e-09	1.529311e-05	9.999971e-01	
1432	2.827000e-09	1.524476e-05	9.999974e-01	
1433	2.829000e-09	1.529281e-05	9.999971e-01	
1434	2.831000e-09	1.524506e-05	9.999974e-01	
1435	2.833000e-09	1.529251e-05	9.999971e-01	
1436	2.835000e-09	1.524536e-05	9.999974e-01	
1437	2.837000e-09	1.529220e-05	9.999971e-01	
1438	2.839000e-09	1.524566e-05	9.999974e-01	
1439	2.841000e-09	1.529190e-05	9.999971e-01	
1440	2.843000e-09	1.524596e-05	9.999974e-01	
1441	2.845000e-09	1.529160e-05	9.999971e-01	
1442	2.847000e-09	1.524626e-05	9.999974e-01	
1443	2.849000e-09	1.529130e-05	9.999971e-01	
1444	2.851000e-09	1.524656e-05	9.999974e-01	
1445	2.853000e-09	1.529101e-05	9.999971e-01	
1446	2.855000e-09	1.524686e-05	9.999974e-01	

Index   time            v(dout_8)       v(rbl_delay)    
--------------------------------------------------------------------------------
1447	2.857000e-09	1.529071e-05	9.999971e-01	
1448	2.859000e-09	1.524715e-05	9.999974e-01	
1449	2.861000e-09	1.529041e-05	9.999971e-01	
1450	2.863000e-09	1.524745e-05	9.999974e-01	
1451	2.865000e-09	1.529012e-05	9.999971e-01	
1452	2.867000e-09	1.524775e-05	9.999974e-01	
1453	2.869000e-09	1.528982e-05	9.999971e-01	
1454	2.871000e-09	1.524804e-05	9.999974e-01	
1455	2.873000e-09	1.528953e-05	9.999971e-01	
1456	2.875000e-09	1.524834e-05	9.999974e-01	
1457	2.877000e-09	1.528923e-05	9.999971e-01	
1458	2.879000e-09	1.524863e-05	9.999974e-01	
1459	2.881000e-09	1.528894e-05	9.999971e-01	
1460	2.883000e-09	1.524892e-05	9.999974e-01	
1461	2.885000e-09	1.528865e-05	9.999971e-01	
1462	2.887000e-09	1.524921e-05	9.999974e-01	
1463	2.889000e-09	1.528835e-05	9.999971e-01	
1464	2.891000e-09	1.524951e-05	9.999974e-01	
1465	2.893000e-09	1.528806e-05	9.999971e-01	
1466	2.895000e-09	1.524980e-05	9.999974e-01	
1467	2.897000e-09	1.528777e-05	9.999971e-01	
1468	2.899000e-09	1.525009e-05	9.999974e-01	
1469	2.901000e-09	1.528748e-05	9.999971e-01	
1470	2.903000e-09	1.525037e-05	9.999974e-01	
1471	2.905000e-09	1.528720e-05	9.999971e-01	
1472	2.907000e-09	1.525066e-05	9.999975e-01	
1473	2.909000e-09	1.528691e-05	9.999971e-01	
1474	2.911000e-09	1.525095e-05	9.999975e-01	
1475	2.913000e-09	1.528662e-05	9.999971e-01	
1476	2.915000e-09	1.525124e-05	9.999975e-01	
1477	2.917000e-09	1.528634e-05	9.999971e-01	
1478	2.919000e-09	1.525152e-05	9.999975e-01	
1479	2.921000e-09	1.528605e-05	9.999971e-01	
1480	2.923000e-09	1.525181e-05	9.999975e-01	
1481	2.925000e-09	1.528576e-05	9.999971e-01	
1482	2.927000e-09	1.525209e-05	9.999975e-01	
1483	2.929000e-09	1.528548e-05	9.999971e-01	
1484	2.931000e-09	1.525238e-05	9.999975e-01	
1485	2.933000e-09	1.528520e-05	9.999971e-01	
1486	2.935000e-09	1.525266e-05	9.999975e-01	
1487	2.937000e-09	1.528491e-05	9.999971e-01	
1488	2.939000e-09	1.525294e-05	9.999975e-01	
1489	2.941000e-09	1.528463e-05	9.999971e-01	
1490	2.943000e-09	1.525322e-05	9.999975e-01	
1491	2.945000e-09	1.528435e-05	9.999971e-01	
1492	2.947000e-09	1.525350e-05	9.999975e-01	
1493	2.949000e-09	1.528407e-05	9.999971e-01	
1494	2.951000e-09	1.525378e-05	9.999975e-01	
1495	2.953000e-09	1.528379e-05	9.999971e-01	
1496	2.955000e-09	1.525406e-05	9.999975e-01	
1497	2.957000e-09	1.528351e-05	9.999971e-01	
1498	2.959000e-09	1.525434e-05	9.999975e-01	
1499	2.961000e-09	1.528323e-05	9.999971e-01	
1500	2.963000e-09	1.525462e-05	9.999975e-01	
1501	2.965000e-09	1.528296e-05	9.999971e-01	
1502	2.967000e-09	1.525490e-05	9.999975e-01	
1503	2.969000e-09	1.528268e-05	9.999971e-01	
1504	2.971000e-09	1.525517e-05	9.999975e-01	

Index   time            v(dout_8)       v(rbl_delay)    
--------------------------------------------------------------------------------
1505	2.973000e-09	1.528240e-05	9.999971e-01	
1506	2.975000e-09	1.525545e-05	9.999975e-01	
1507	2.977000e-09	1.528213e-05	9.999971e-01	
1508	2.979000e-09	1.525572e-05	9.999975e-01	
1509	2.981000e-09	1.528185e-05	9.999971e-01	
1510	2.983000e-09	1.525600e-05	9.999975e-01	
1511	2.985000e-09	1.528158e-05	9.999971e-01	
1512	2.987000e-09	1.525627e-05	9.999975e-01	
1513	2.989000e-09	1.528131e-05	9.999971e-01	
1514	2.991000e-09	1.525654e-05	9.999975e-01	
1515	2.993000e-09	1.528103e-05	9.999971e-01	
1516	2.995000e-09	1.525682e-05	9.999975e-01	
1517	2.997000e-09	1.528076e-05	9.999971e-01	
1518	2.999000e-09	1.525709e-05	9.999975e-01	
1519	3.001000e-09	1.528049e-05	9.999971e-01	
1520	3.003000e-09	1.525736e-05	9.999975e-01	
1521	3.005000e-09	1.528022e-05	9.999971e-01	
1522	3.007000e-09	1.525763e-05	9.999975e-01	
1523	3.009000e-09	1.527995e-05	9.999971e-01	
1524	3.011000e-09	1.525790e-05	9.999975e-01	
1525	3.013000e-09	1.527968e-05	9.999971e-01	
1526	3.015000e-09	1.525817e-05	9.999975e-01	
1527	3.017000e-09	1.527941e-05	9.999971e-01	
1528	3.019000e-09	1.525844e-05	9.999975e-01	
1529	3.021000e-09	1.527915e-05	9.999971e-01	
1530	3.023000e-09	1.525870e-05	9.999975e-01	
1531	3.025000e-09	1.527888e-05	9.999971e-01	
1532	3.027000e-09	1.525897e-05	9.999975e-01	
1533	3.029000e-09	1.527861e-05	9.999971e-01	
1534	3.031000e-09	1.525924e-05	9.999975e-01	
1535	3.033000e-09	1.527835e-05	9.999971e-01	
1536	3.035000e-09	1.525950e-05	9.999975e-01	
1537	3.037000e-09	1.527808e-05	9.999971e-01	
1538	3.039000e-09	1.525977e-05	9.999975e-01	
1539	3.041000e-09	1.527782e-05	9.999971e-01	
1540	3.043000e-09	1.526003e-05	9.999975e-01	
1541	3.045000e-09	1.527755e-05	9.999971e-01	
1542	3.047000e-09	1.526029e-05	9.999975e-01	
1543	3.049000e-09	1.527729e-05	9.999971e-01	
1544	3.050000e-09	1.526069e-05	9.999975e-01	
1545	3.050200e-09	1.526856e-05	9.999973e-01	
1546	3.050600e-09	1.526924e-05	9.999973e-01	
1547	3.051400e-09	1.526856e-05	9.999973e-01	
1548	3.053000e-09	1.526915e-05	9.999973e-01	
1549	3.055000e-09	1.526850e-05	9.999973e-01	
1550	3.057000e-09	1.526912e-05	9.999973e-01	
1551	3.059000e-09	1.526850e-05	9.999973e-01	
1552	3.060000e-09	1.526916e-05	9.999973e-01	
1553	3.060200e-09	1.526883e-05	9.999973e-01	
1554	3.060600e-09	1.526883e-05	9.999973e-01	
1555	3.061400e-09	1.526888e-05	9.999973e-01	
1556	3.063000e-09	1.526895e-05	9.999973e-01	
1557	3.065000e-09	1.526896e-05	9.999973e-01	
1558	3.067000e-09	1.526894e-05	9.999973e-01	
1559	3.069000e-09	1.526897e-05	9.999973e-01	
1560	3.071000e-09	1.526901e-05	9.999973e-01	
1561	3.073000e-09	1.526898e-05	9.999973e-01	
1562	3.075000e-09	1.526890e-05	9.999973e-01	

Index   time            v(dout_8)       v(rbl_delay)    
--------------------------------------------------------------------------------
1563	3.077000e-09	1.526875e-05	9.999973e-01	
1564	3.079000e-09	1.526862e-05	9.999973e-01	
1565	3.081000e-09	1.526858e-05	9.999973e-01	
1566	3.083000e-09	1.526862e-05	9.999973e-01	
1567	3.085000e-09	1.526873e-05	9.999973e-01	
1568	3.087000e-09	1.526889e-05	9.999973e-01	
1569	3.089000e-09	1.526907e-05	9.999973e-01	
1570	3.091000e-09	1.526910e-05	9.999973e-01	
1571	3.093000e-09	1.526883e-05	9.999973e-01	
1572	3.095000e-09	1.526818e-05	9.999973e-01	
1573	3.097000e-09	1.526706e-05	9.999973e-01	
1574	3.099000e-09	1.526583e-05	9.999973e-01	
1575	3.101000e-09	1.526433e-05	9.999973e-01	
1576	3.103000e-09	1.526362e-05	9.999973e-01	
1577	3.105000e-09	1.526543e-05	9.999973e-01	
1578	3.107000e-09	1.526840e-05	9.999973e-01	
1579	3.109000e-09	1.527109e-05	9.999973e-01	
1580	3.111000e-09	1.527309e-05	9.999973e-01	
1581	3.113000e-09	1.527361e-05	9.999973e-01	
1582	3.115000e-09	1.527547e-05	9.999973e-01	
1583	3.117000e-09	1.528641e-05	9.999973e-01	
1584	3.119000e-09	1.531361e-05	9.999973e-01	
1585	3.121000e-09	1.534738e-05	9.999973e-01	
1586	3.123000e-09	1.537276e-05	9.999973e-01	
1587	3.125000e-09	1.538213e-05	9.999973e-01	
1588	3.127000e-09	1.536142e-05	9.999973e-01	
1589	3.129000e-09	1.532342e-05	9.999973e-01	
1590	3.131000e-09	1.528398e-05	9.999973e-01	
1591	3.133000e-09	1.525421e-05	9.999973e-01	
1592	3.135000e-09	1.524193e-05	9.999973e-01	
1593	3.137000e-09	1.525900e-05	9.999973e-01	
1594	3.139000e-09	1.530297e-05	9.999973e-01	
1595	3.141000e-09	1.533257e-05	9.999973e-01	
1596	3.143000e-09	1.527742e-05	9.999973e-01	
1597	3.145000e-09	1.506359e-05	9.999973e-01	
1598	3.147000e-09	1.459553e-05	9.999972e-01	
1599	3.149000e-09	1.387889e-05	9.999972e-01	
1600	3.151000e-09	1.280348e-05	9.999971e-01	
1601	3.153000e-09	1.170521e-05	9.999971e-01	
1602	3.155000e-09	1.106886e-05	9.999971e-01	
1603	3.157000e-09	1.094992e-05	9.999972e-01	
1604	3.159000e-09	1.119654e-05	9.999973e-01	
1605	3.161000e-09	1.170507e-05	9.999973e-01	
1606	3.163000e-09	1.222309e-05	9.999974e-01	
1607	3.165000e-09	1.353590e-05	9.999975e-01	
1608	3.167000e-09	1.822075e-05	9.999978e-01	
1609	3.169000e-09	2.988830e-05	9.999987e-01	
1610	3.171000e-09	4.842894e-05	9.999998e-01	
1611	3.173000e-09	7.173853e-05	1.000001e+00	
1612	3.175000e-09	9.584849e-05	1.000001e+00	
1613	3.177000e-09	1.160296e-04	1.000001e+00	
1614	3.179000e-09	1.306442e-04	1.000001e+00	
1615	3.181000e-09	1.402324e-04	9.999998e-01	
1616	3.183000e-09	1.467724e-04	9.999992e-01	
1617	3.185000e-09	1.537163e-04	9.999989e-01	
1618	3.187000e-09	1.671074e-04	9.999994e-01	
1619	3.189000e-09	1.900498e-04	1.000001e+00	
1620	3.191000e-09	2.145431e-04	1.000001e+00	

Index   time            v(dout_8)       v(rbl_delay)    
--------------------------------------------------------------------------------
1621	3.193000e-09	2.193254e-04	9.999995e-01	
1622	3.195000e-09	1.644856e-04	9.999929e-01	
1623	3.197000e-09	-5.21484e-06	9.999785e-01	
1624	3.199000e-09	-3.43644e-04	9.999550e-01	
1625	3.201000e-09	-9.33931e-04	9.999191e-01	
1626	3.203000e-09	-1.74880e-03	9.998802e-01	
1627	3.205000e-09	-2.68804e-03	9.998496e-01	
1628	3.207000e-09	-3.68106e-03	9.998294e-01	
1629	3.209000e-09	-4.69038e-03	9.998178e-01	
1630	3.211000e-09	-5.69169e-03	9.998128e-01	
1631	3.213000e-09	-6.68485e-03	9.998110e-01	
1632	3.215000e-09	-7.37275e-03	9.998407e-01	
1633	3.217000e-09	-6.79850e-03	9.999799e-01	
1634	3.219000e-09	-3.49787e-03	1.000336e+00	
1635	3.221000e-09	3.862117e-03	1.000919e+00	
1636	3.223000e-09	1.618071e-02	1.001701e+00	
1637	3.225000e-09	3.351436e-02	1.002587e+00	
1638	3.227000e-09	5.517078e-02	1.003468e+00	
1639	3.229000e-09	8.039788e-02	1.004293e+00	
1640	3.231000e-09	1.086240e-01	1.005059e+00	
1641	3.233000e-09	1.396285e-01	1.005804e+00	
1642	3.235000e-09	1.738208e-01	1.006616e+00	
1643	3.237000e-09	2.127561e-01	1.007665e+00	
1644	3.239000e-09	2.580415e-01	1.009030e+00	
1645	3.241000e-09	3.097880e-01	1.010494e+00	
1646	3.243000e-09	3.667602e-01	1.011411e+00	
1647	3.245000e-09	4.265624e-01	1.010471e+00	
1648	3.247000e-09	4.876810e-01	1.005878e+00	
1649	3.249000e-09	5.507359e-01	9.953984e-01	
1650	3.251000e-09	6.100011e-01	9.756851e-01	
1651	3.253000e-09	6.602812e-01	9.466897e-01	
1652	3.255000e-09	7.034921e-01	9.101273e-01	
1653	3.257000e-09	7.426541e-01	8.674583e-01	
1654	3.259000e-09	7.833977e-01	8.195918e-01	
1655	3.261000e-09	8.354108e-01	7.665472e-01	
1656	3.263000e-09	8.882935e-01	7.072948e-01	
1657	3.265000e-09	9.271061e-01	6.456812e-01	
1658	3.267000e-09	9.528537e-01	5.878893e-01	
1659	3.269000e-09	9.694060e-01	5.363274e-01	
1660	3.271000e-09	9.800020e-01	4.945231e-01	
1661	3.273000e-09	9.868450e-01	4.636750e-01	
1662	3.275000e-09	9.912449e-01	4.409078e-01	
1663	3.277000e-09	9.940068e-01	4.220785e-01	
1664	3.279000e-09	9.956384e-01	4.031075e-01	
1665	3.281000e-09	9.962807e-01	3.757635e-01	
1666	3.283000e-09	9.961092e-01	3.335143e-01	
1667	3.285000e-09	9.958078e-01	2.842942e-01	
1668	3.287000e-09	9.957778e-01	2.374662e-01	
1669	3.289000e-09	9.959551e-01	1.953888e-01	
1670	3.291000e-09	9.962677e-01	1.587821e-01	
1671	3.293000e-09	9.966483e-01	1.277449e-01	
1672	3.295000e-09	9.970490e-01	1.019110e-01	
1673	3.297000e-09	9.974446e-01	8.074610e-02	
1674	3.299000e-09	9.978211e-01	6.361671e-02	
1675	3.301000e-09	9.981690e-01	4.989263e-02	
1676	3.303000e-09	9.984817e-01	3.898295e-02	
1677	3.305000e-09	9.987557e-01	3.036913e-02	
1678	3.307000e-09	9.989905e-01	2.360171e-02	

Index   time            v(dout_8)       v(rbl_delay)    
--------------------------------------------------------------------------------
1679	3.309000e-09	9.991879e-01	1.830933e-02	
1680	3.311000e-09	9.993513e-01	1.418224e-02	
1681	3.313000e-09	9.994848e-01	1.097435e-02	
1682	3.315000e-09	9.995926e-01	8.484039e-03	
1683	3.317000e-09	9.996790e-01	6.555914e-03	
1684	3.319000e-09	9.997478e-01	5.062896e-03	
1685	3.321000e-09	9.998021e-01	3.909941e-03	
1686	3.323000e-09	9.998450e-01	3.018236e-03	
1687	3.325000e-09	9.998786e-01	2.331003e-03	
1688	3.327000e-09	9.999048e-01	1.799576e-03	
1689	3.329000e-09	9.999254e-01	1.390787e-03	
1690	3.331000e-09	9.999413e-01	1.074411e-03	
1691	3.333000e-09	9.999538e-01	8.316153e-04	
1692	3.335000e-09	9.999634e-01	6.433159e-04	
1693	3.337000e-09	9.999709e-01	4.993060e-04	
1694	3.339000e-09	9.999768e-01	3.871849e-04	
1695	3.341000e-09	9.999813e-01	3.019043e-04	
1696	3.343000e-09	9.999848e-01	2.350577e-04	
1697	3.345000e-09	9.999875e-01	1.846712e-04	
1698	3.347000e-09	9.999896e-01	1.447202e-04	
1699	3.349000e-09	9.999912e-01	1.150586e-04	
1700	3.351000e-09	9.999925e-01	9.108100e-05	
1701	3.353000e-09	9.999935e-01	7.372603e-05	
1702	3.355000e-09	9.999943e-01	5.923392e-05	
1703	3.357000e-09	9.999948e-01	4.918565e-05	
1704	3.359000e-09	9.999953e-01	4.032603e-05	
1705	3.361000e-09	9.999957e-01	3.461541e-05	
1706	3.363000e-09	9.999959e-01	2.867120e-05	
1707	3.365000e-09	9.999961e-01	2.542748e-05	
1708	3.367000e-09	9.999963e-01	2.184345e-05	
1709	3.369000e-09	9.999964e-01	2.016518e-05	
1710	3.371000e-09	9.999965e-01	1.780073e-05	
1711	3.373000e-09	9.999966e-01	1.706905e-05	
1712	3.375000e-09	9.999967e-01	1.542139e-05	
1713	3.377000e-09	9.999967e-01	1.524606e-05	
1714	3.379000e-09	9.999968e-01	1.402112e-05	
1715	3.381000e-09	9.999968e-01	1.417525e-05	
1716	3.383000e-09	9.999968e-01	1.319844e-05	
1717	3.385000e-09	9.999968e-01	1.354284e-05	
1718	3.387000e-09	9.999968e-01	1.271391e-05	
1719	3.389000e-09	9.999969e-01	1.317270e-05	
1720	3.391000e-09	9.999969e-01	1.243006e-05	
1721	3.393000e-09	9.999969e-01	1.295266e-05	
1722	3.395000e-09	9.999969e-01	1.226264e-05	
1723	3.397000e-09	9.999969e-01	1.282521e-05	
1724	3.399000e-09	9.999969e-01	1.216543e-05	
1725	3.401000e-09	9.999969e-01	1.274802e-05	
1726	3.403000e-09	9.999969e-01	1.210787e-05	
1727	3.405000e-09	9.999969e-01	1.270465e-05	
1728	3.407000e-09	9.999969e-01	1.207532e-05	
1729	3.409000e-09	9.999969e-01	1.267696e-05	
1730	3.411000e-09	9.999969e-01	1.205582e-05	
1731	3.413000e-09	9.999969e-01	1.266273e-05	
1732	3.415000e-09	9.999969e-01	1.204568e-05	
1733	3.417000e-09	9.999969e-01	1.265219e-05	
1734	3.419000e-09	9.999969e-01	1.203938e-05	
1735	3.421000e-09	9.999969e-01	1.264805e-05	
1736	3.423000e-09	9.999969e-01	1.203700e-05	

Index   time            v(dout_8)       v(rbl_delay)    
--------------------------------------------------------------------------------
1737	3.425000e-09	9.999969e-01	1.264347e-05	
1738	3.427000e-09	9.999969e-01	1.203527e-05	
1739	3.429000e-09	9.999969e-01	1.264283e-05	
1740	3.431000e-09	9.999969e-01	1.203558e-05	
1741	3.433000e-09	9.999969e-01	1.264122e-05	
1742	3.435000e-09	9.999969e-01	1.203584e-05	
1743	3.437000e-09	9.999969e-01	1.263936e-05	
1744	3.439000e-09	9.999969e-01	1.203602e-05	
1745	3.441000e-09	9.999969e-01	1.264029e-05	
1746	3.443000e-09	9.999969e-01	1.203754e-05	
1747	3.445000e-09	9.999969e-01	1.263962e-05	
1748	3.447000e-09	9.999969e-01	1.203851e-05	
1749	3.449000e-09	9.999969e-01	1.263831e-05	
1750	3.451000e-09	9.999969e-01	1.203910e-05	
1751	3.453000e-09	9.999969e-01	1.263955e-05	
1752	3.455000e-09	9.999969e-01	1.204085e-05	
1753	3.457000e-09	9.999969e-01	1.263907e-05	
1754	3.459000e-09	9.999969e-01	1.204196e-05	
1755	3.461000e-09	9.999969e-01	1.263786e-05	
1756	3.463000e-09	9.999969e-01	1.204263e-05	
1757	3.465000e-09	9.999969e-01	1.263917e-05	
1758	3.467000e-09	9.999969e-01	1.204443e-05	
1759	3.469000e-09	9.999969e-01	1.263871e-05	
1760	3.471000e-09	9.999969e-01	1.204555e-05	
1761	3.473000e-09	9.999969e-01	1.263753e-05	
1762	3.475000e-09	9.999969e-01	1.204624e-05	
1763	3.477000e-09	9.999969e-01	1.263884e-05	
1764	3.479000e-09	9.999969e-01	1.204803e-05	
1765	3.481000e-09	9.999969e-01	1.263839e-05	
1766	3.483000e-09	9.999969e-01	1.204916e-05	
1767	3.485000e-09	9.999969e-01	1.263722e-05	
1768	3.487000e-09	9.999969e-01	1.204984e-05	
1769	3.489000e-09	9.999969e-01	1.263853e-05	
1770	3.491000e-09	9.999969e-01	1.205164e-05	
1771	3.493000e-09	9.999969e-01	1.263808e-05	
1772	3.495000e-09	9.999969e-01	1.205276e-05	
1773	3.497000e-09	9.999969e-01	1.263691e-05	
1774	3.499000e-09	9.999969e-01	1.205344e-05	
1775	3.501000e-09	9.999969e-01	1.263822e-05	
1776	3.503000e-09	9.999969e-01	1.205523e-05	
1777	3.505000e-09	9.999969e-01	1.263777e-05	
1778	3.507000e-09	9.999969e-01	1.205635e-05	
1779	3.509000e-09	9.999969e-01	1.263660e-05	
1780	3.511000e-09	9.999969e-01	1.205702e-05	
1781	3.513000e-09	9.999969e-01	1.263791e-05	
1782	3.515000e-09	9.999969e-01	1.205881e-05	
1783	3.517000e-09	9.999969e-01	1.263746e-05	
1784	3.519000e-09	9.999969e-01	1.205992e-05	
1785	3.521000e-09	9.999969e-01	1.263629e-05	
1786	3.523000e-09	9.999969e-01	1.206059e-05	
1787	3.525000e-09	9.999969e-01	1.263760e-05	
1788	3.527000e-09	9.999969e-01	1.206237e-05	
1789	3.529000e-09	9.999969e-01	1.263715e-05	
1790	3.531000e-09	9.999969e-01	1.206349e-05	
1791	3.533000e-09	9.999969e-01	1.263598e-05	
1792	3.535000e-09	9.999969e-01	1.206415e-05	
1793	3.537000e-09	9.999969e-01	1.263728e-05	
1794	3.539000e-09	9.999969e-01	1.206593e-05	

Index   time            v(dout_8)       v(rbl_delay)    
--------------------------------------------------------------------------------
1795	3.541000e-09	9.999969e-01	1.263684e-05	
1796	3.543000e-09	9.999969e-01	1.206703e-05	
1797	3.545000e-09	9.999969e-01	1.263658e-05	
1798	3.547000e-09	9.999969e-01	1.206810e-05	
1799	3.549000e-09	9.999969e-01	1.263639e-05	
1800	3.551000e-09	9.999969e-01	1.206921e-05	
1801	3.553000e-09	9.999969e-01	1.263624e-05	
1802	3.555000e-09	9.999969e-01	1.207037e-05	
1803	3.557000e-09	9.999969e-01	1.263613e-05	
1804	3.559000e-09	9.999969e-01	1.207154e-05	
1805	3.561000e-09	9.999969e-01	1.263603e-05	
1806	3.563000e-09	9.999969e-01	1.207272e-05	
1807	3.565000e-09	9.999969e-01	1.263594e-05	
1808	3.567000e-09	9.999969e-01	1.207390e-05	
1809	3.569000e-09	9.999969e-01	1.263584e-05	
1810	3.571000e-09	9.999969e-01	1.207508e-05	
1811	3.573000e-09	9.999969e-01	1.263575e-05	
1812	3.575000e-09	9.999969e-01	1.207626e-05	
1813	3.577000e-09	9.999969e-01	1.263565e-05	
1814	3.579000e-09	9.999969e-01	1.207744e-05	
1815	3.581000e-09	9.999969e-01	1.263556e-05	
1816	3.583000e-09	9.999969e-01	1.207861e-05	
1817	3.585000e-09	9.999969e-01	1.263546e-05	
1818	3.587000e-09	9.999969e-01	1.207977e-05	
1819	3.589000e-09	9.999969e-01	1.263536e-05	
1820	3.591000e-09	9.999969e-01	1.208094e-05	
1821	3.593000e-09	9.999969e-01	1.263526e-05	
1822	3.595000e-09	9.999969e-01	1.208210e-05	
1823	3.597000e-09	9.999969e-01	1.263516e-05	
1824	3.599000e-09	9.999969e-01	1.208327e-05	
1825	3.601000e-09	9.999969e-01	1.263506e-05	
1826	3.603000e-09	9.999969e-01	1.208443e-05	
1827	3.605000e-09	9.999969e-01	1.263495e-05	
1828	3.607000e-09	9.999969e-01	1.208558e-05	
1829	3.609000e-09	9.999969e-01	1.263485e-05	
1830	3.611000e-09	9.999969e-01	1.208674e-05	
1831	3.613000e-09	9.999969e-01	1.263475e-05	
1832	3.615000e-09	9.999969e-01	1.208789e-05	
1833	3.617000e-09	9.999969e-01	1.263465e-05	
1834	3.619000e-09	9.999969e-01	1.208905e-05	
1835	3.621000e-09	9.999969e-01	1.263455e-05	
1836	3.623000e-09	9.999969e-01	1.209020e-05	
1837	3.625000e-09	9.999969e-01	1.263445e-05	
1838	3.627000e-09	9.999969e-01	1.209135e-05	
1839	3.629000e-09	9.999969e-01	1.263434e-05	
1840	3.631000e-09	9.999969e-01	1.209249e-05	
1841	3.633000e-09	9.999969e-01	1.263424e-05	
1842	3.635000e-09	9.999969e-01	1.209364e-05	
1843	3.637000e-09	9.999969e-01	1.263414e-05	
1844	3.639000e-09	9.999969e-01	1.209478e-05	
1845	3.641000e-09	9.999969e-01	1.263404e-05	
1846	3.643000e-09	9.999969e-01	1.209593e-05	
1847	3.645000e-09	9.999969e-01	1.263394e-05	
1848	3.647000e-09	9.999969e-01	1.209707e-05	
1849	3.649000e-09	9.999969e-01	1.263383e-05	
1850	3.651000e-09	9.999969e-01	1.209821e-05	
1851	3.653000e-09	9.999969e-01	1.263373e-05	
1852	3.655000e-09	9.999969e-01	1.209934e-05	

Index   time            v(dout_8)       v(rbl_delay)    
--------------------------------------------------------------------------------
1853	3.657000e-09	9.999969e-01	1.263363e-05	
1854	3.659000e-09	9.999969e-01	1.210048e-05	
1855	3.661000e-09	9.999969e-01	1.263353e-05	
1856	3.663000e-09	9.999969e-01	1.210162e-05	
1857	3.665000e-09	9.999969e-01	1.263343e-05	
1858	3.667000e-09	9.999969e-01	1.210275e-05	
1859	3.669000e-09	9.999969e-01	1.263333e-05	
1860	3.671000e-09	9.999969e-01	1.210388e-05	
1861	3.673000e-09	9.999969e-01	1.263322e-05	
1862	3.675000e-09	9.999969e-01	1.210501e-05	
1863	3.677000e-09	9.999969e-01	1.263312e-05	
1864	3.679000e-09	9.999969e-01	1.210614e-05	
1865	3.681000e-09	9.999969e-01	1.263302e-05	
1866	3.683000e-09	9.999969e-01	1.210726e-05	
1867	3.685000e-09	9.999969e-01	1.263292e-05	
1868	3.687000e-09	9.999969e-01	1.210839e-05	
1869	3.689000e-09	9.999969e-01	1.263282e-05	
1870	3.691000e-09	9.999969e-01	1.210951e-05	
1871	3.693000e-09	9.999969e-01	1.263272e-05	
1872	3.695000e-09	9.999969e-01	1.211063e-05	
1873	3.697000e-09	9.999969e-01	1.263262e-05	
1874	3.699000e-09	9.999969e-01	1.211175e-05	
1875	3.701000e-09	9.999969e-01	1.263252e-05	
1876	3.703000e-09	9.999969e-01	1.211287e-05	
1877	3.705000e-09	9.999969e-01	1.263241e-05	
1878	3.707000e-09	9.999969e-01	1.211399e-05	
1879	3.709000e-09	9.999969e-01	1.263231e-05	
1880	3.711000e-09	9.999969e-01	1.211510e-05	
1881	3.713000e-09	9.999969e-01	1.263221e-05	
1882	3.715000e-09	9.999969e-01	1.211621e-05	
1883	3.717000e-09	9.999969e-01	1.263211e-05	
1884	3.719000e-09	9.999969e-01	1.211733e-05	
1885	3.721000e-09	9.999969e-01	1.263201e-05	
1886	3.723000e-09	9.999969e-01	1.211843e-05	
1887	3.725000e-09	9.999969e-01	1.263191e-05	
1888	3.727000e-09	9.999969e-01	1.211954e-05	
1889	3.729000e-09	9.999969e-01	1.263181e-05	
1890	3.731000e-09	9.999969e-01	1.212065e-05	
1891	3.733000e-09	9.999969e-01	1.263171e-05	
1892	3.735000e-09	9.999969e-01	1.212175e-05	
1893	3.737000e-09	9.999969e-01	1.263161e-05	
1894	3.739000e-09	9.999969e-01	1.212286e-05	
1895	3.741000e-09	9.999969e-01	1.263151e-05	
1896	3.743000e-09	9.999969e-01	1.212396e-05	
1897	3.745000e-09	9.999969e-01	1.263141e-05	
1898	3.747000e-09	9.999969e-01	1.212505e-05	
1899	3.749000e-09	9.999969e-01	1.263131e-05	
1900	3.751000e-09	9.999969e-01	1.212616e-05	
1901	3.753000e-09	9.999969e-01	1.263121e-05	
1902	3.755000e-09	9.999969e-01	1.212726e-05	
1903	3.757000e-09	9.999969e-01	1.263111e-05	
1904	3.759000e-09	9.999969e-01	1.212834e-05	
1905	3.761000e-09	9.999969e-01	1.263101e-05	
1906	3.763000e-09	9.999969e-01	1.212944e-05	
1907	3.765000e-09	9.999969e-01	1.263091e-05	
1908	3.767000e-09	9.999969e-01	1.213053e-05	
1909	3.769000e-09	9.999969e-01	1.263081e-05	
1910	3.771000e-09	9.999969e-01	1.213162e-05	

Index   time            v(dout_8)       v(rbl_delay)    
--------------------------------------------------------------------------------
1911	3.773000e-09	9.999969e-01	1.263071e-05	
1912	3.775000e-09	9.999969e-01	1.213271e-05	
1913	3.777000e-09	9.999969e-01	1.263061e-05	
1914	3.779000e-09	9.999969e-01	1.213380e-05	
1915	3.781000e-09	9.999969e-01	1.263051e-05	
1916	3.783000e-09	9.999969e-01	1.213487e-05	
1917	3.785000e-09	9.999969e-01	1.263041e-05	
1918	3.787000e-09	9.999969e-01	1.213596e-05	
1919	3.789000e-09	9.999969e-01	1.263031e-05	
1920	3.791000e-09	9.999969e-01	1.213704e-05	
1921	3.793000e-09	9.999969e-01	1.263021e-05	
1922	3.795000e-09	9.999969e-01	1.213811e-05	
1923	3.797000e-09	9.999969e-01	1.263011e-05	
1924	3.799000e-09	9.999969e-01	1.213920e-05	
1925	3.801000e-09	9.999969e-01	1.263001e-05	
1926	3.803000e-09	9.999969e-01	1.214027e-05	
1927	3.805000e-09	9.999969e-01	1.262991e-05	
1928	3.807000e-09	9.999969e-01	1.214135e-05	
1929	3.809000e-09	9.999969e-01	1.262981e-05	
1930	3.811000e-09	9.999969e-01	1.214241e-05	
1931	3.813000e-09	9.999969e-01	1.262971e-05	
1932	3.815000e-09	9.999969e-01	1.214349e-05	
1933	3.817000e-09	9.999969e-01	1.262961e-05	
1934	3.819000e-09	9.999969e-01	1.214455e-05	
1935	3.821000e-09	9.999969e-01	1.262951e-05	
1936	3.823000e-09	9.999969e-01	1.214563e-05	
1937	3.825000e-09	9.999969e-01	1.262941e-05	
1938	3.827000e-09	9.999969e-01	1.214668e-05	
1939	3.829000e-09	9.999969e-01	1.262931e-05	
1940	3.831000e-09	9.999969e-01	1.214775e-05	
1941	3.833000e-09	9.999969e-01	1.262921e-05	
1942	3.835000e-09	9.999969e-01	1.214881e-05	
1943	3.837000e-09	9.999969e-01	1.262912e-05	
1944	3.839000e-09	9.999969e-01	1.214988e-05	
1945	3.841000e-09	9.999969e-01	1.262902e-05	
1946	3.843000e-09	9.999969e-01	1.215093e-05	
1947	3.845000e-09	9.999969e-01	1.262892e-05	
1948	3.847000e-09	9.999969e-01	1.215199e-05	
1949	3.849000e-09	9.999969e-01	1.262882e-05	
1950	3.851000e-09	9.999969e-01	1.215304e-05	
1951	3.853000e-09	9.999969e-01	1.262872e-05	
1952	3.855000e-09	9.999969e-01	1.215410e-05	
1953	3.857000e-09	9.999969e-01	1.262862e-05	
1954	3.859000e-09	9.999969e-01	1.215514e-05	
1955	3.861000e-09	9.999969e-01	1.262852e-05	
1956	3.863000e-09	9.999969e-01	1.215620e-05	
1957	3.865000e-09	9.999969e-01	1.262842e-05	
1958	3.867000e-09	9.999969e-01	1.215724e-05	
1959	3.869000e-09	9.999969e-01	1.262833e-05	
1960	3.871000e-09	9.999969e-01	1.215829e-05	
1961	3.873000e-09	9.999969e-01	1.262823e-05	
1962	3.875000e-09	9.999969e-01	1.215933e-05	
1963	3.877000e-09	9.999969e-01	1.262813e-05	
1964	3.879000e-09	9.999969e-01	1.216038e-05	
1965	3.881000e-09	9.999969e-01	1.262803e-05	
1966	3.883000e-09	9.999969e-01	1.216141e-05	
1967	3.885000e-09	9.999969e-01	1.262793e-05	
1968	3.887000e-09	9.999969e-01	1.216246e-05	

Index   time            v(dout_8)       v(rbl_delay)    
--------------------------------------------------------------------------------
1969	3.889000e-09	9.999969e-01	1.262784e-05	
1970	3.891000e-09	9.999969e-01	1.216349e-05	
1971	3.893000e-09	9.999969e-01	1.262774e-05	
1972	3.895000e-09	9.999969e-01	1.216453e-05	
1973	3.897000e-09	9.999969e-01	1.262764e-05	
1974	3.899000e-09	9.999969e-01	1.216556e-05	
1975	3.901000e-09	9.999969e-01	1.262754e-05	
1976	3.903000e-09	9.999969e-01	1.216659e-05	
1977	3.905000e-09	9.999969e-01	1.262744e-05	
1978	3.907000e-09	9.999969e-01	1.216762e-05	
1979	3.909000e-09	9.999969e-01	1.262735e-05	
1980	3.911000e-09	9.999969e-01	1.216865e-05	
1981	3.913000e-09	9.999969e-01	1.262725e-05	
1982	3.915000e-09	9.999969e-01	1.216967e-05	
1983	3.917000e-09	9.999969e-01	1.262715e-05	
1984	3.919000e-09	9.999969e-01	1.217070e-05	
1985	3.921000e-09	9.999969e-01	1.262705e-05	
1986	3.923000e-09	9.999969e-01	1.217172e-05	
1987	3.925000e-09	9.999969e-01	1.262696e-05	
1988	3.927000e-09	9.999969e-01	1.217275e-05	
1989	3.929000e-09	9.999969e-01	1.262686e-05	
1990	3.931000e-09	9.999969e-01	1.217376e-05	
1991	3.933000e-09	9.999969e-01	1.262676e-05	
1992	3.935000e-09	9.999969e-01	1.217479e-05	
1993	3.937000e-09	9.999969e-01	1.262667e-05	
1994	3.939000e-09	9.999969e-01	1.217579e-05	
1995	3.941000e-09	9.999969e-01	1.262657e-05	
1996	3.943000e-09	9.999969e-01	1.217681e-05	
1997	3.945000e-09	9.999969e-01	1.262647e-05	
1998	3.947000e-09	9.999969e-01	1.217782e-05	
1999	3.949000e-09	9.999969e-01	1.262638e-05	
2000	3.951000e-09	9.999969e-01	1.217884e-05	
2001	3.953000e-09	9.999969e-01	1.262628e-05	
2002	3.955000e-09	9.999969e-01	1.217984e-05	
2003	3.957000e-09	9.999969e-01	1.262618e-05	
2004	3.959000e-09	9.999969e-01	1.218085e-05	
2005	3.961000e-09	9.999969e-01	1.262608e-05	
2006	3.963000e-09	9.999969e-01	1.218186e-05	
2007	3.965000e-09	9.999969e-01	1.262599e-05	
2008	3.967000e-09	9.999969e-01	1.218285e-05	
2009	3.969000e-09	9.999969e-01	1.262589e-05	
2010	3.971000e-09	9.999969e-01	1.218386e-05	
2011	3.973000e-09	9.999969e-01	1.262580e-05	
2012	3.975000e-09	9.999969e-01	1.218486e-05	
2013	3.977000e-09	9.999969e-01	1.262570e-05	
2014	3.979000e-09	9.999969e-01	1.218585e-05	
2015	3.981000e-09	9.999969e-01	1.262560e-05	
2016	3.983000e-09	9.999969e-01	1.218686e-05	
2017	3.985000e-09	9.999969e-01	1.262551e-05	
2018	3.987000e-09	9.999969e-01	1.218785e-05	
2019	3.989000e-09	9.999969e-01	1.262541e-05	
2020	3.991000e-09	9.999969e-01	1.218884e-05	
2021	3.993000e-09	9.999969e-01	1.262532e-05	
2022	3.995000e-09	9.999969e-01	1.218984e-05	
2023	3.997000e-09	9.999969e-01	1.262522e-05	
2024	3.999000e-09	9.999969e-01	1.219082e-05	
2025	4.000000e-09	9.999969e-01	1.262478e-05	


Total analysis time (seconds) = 0.729

Total elapsed time (seconds) = 0.755 

Total DRAM available = 515580.883 MB.
DRAM currently available = 78465.562 MB.
Maximum ngspice program size =   29.258 MB.
Current ngspice program size =   13.980 MB.

Shared ngspice pages =   11.070 MB.
Text (code) pages =    5.316 MB.
Stack = 0 bytes.
Library pages =   11.004 MB.

