shape_id,shape_layer,shape_bbox,owner,net,route_id,segment_key
active_10247_seg1,active_segments,"[49.255, 1.4575, 49.3825, 1.7275]",PARENT_INTEGRATION_ROUTER,WL1,WL1,source_bbox
active_10263_seg0,active_segments,"[49.2925, 1.5475, 49.3825, 1.6375]",PARENT_INTEGRATION_ROUTER,WL1,WL1,source_bbox
active_10268_seg1,active_segments,"[49.255, 0.1575, 49.3825, 0.2475]",PARENT_INTEGRATION_ROUTER,WL1,WL1,source_bbox
active_10284_seg0,active_segments,"[49.2925, 0.1575, 49.3825, 0.2475]",PARENT_INTEGRATION_ROUTER,WL1,WL1,source_bbox
active_10715_seg1,active_segments,"[53.22, 1.4575, 53.3475, 1.7275]",PARENT_INTEGRATION_ROUTER,WL2,WL2,source_bbox
active_10731_seg0,active_segments,"[53.2575, 1.5475, 53.3475, 1.6375]",PARENT_INTEGRATION_ROUTER,WL2,WL2,source_bbox
active_10736_seg1,active_segments,"[53.22, 0.1575, 53.3475, 0.2475]",PARENT_INTEGRATION_ROUTER,WL2,WL2,source_bbox
active_10752_seg0,active_segments,"[53.2575, 0.1575, 53.3475, 0.2475]",PARENT_INTEGRATION_ROUTER,WL2,WL2,source_bbox
active_11183_seg1,active_segments,"[57.185, 1.4575, 57.3125, 1.7275]",PARENT_INTEGRATION_ROUTER,WL3,WL3,source_bbox
active_11199_seg0,active_segments,"[57.2225, 1.5475, 57.3125, 1.6375]",PARENT_INTEGRATION_ROUTER,WL3,WL3,source_bbox
active_11204_seg1,active_segments,"[57.185, 0.1575, 57.3125, 0.2475]",PARENT_INTEGRATION_ROUTER,WL3,WL3,source_bbox
active_11220_seg0,active_segments,"[57.2225, 0.1575, 57.3125, 0.2475]",PARENT_INTEGRATION_ROUTER,WL3,WL3,source_bbox
active_11651_seg1,active_segments,"[61.15, 1.4575, 61.2775, 1.7275]",PARENT_INTEGRATION_ROUTER,WL4,WL4,source_bbox
active_11667_seg0,active_segments,"[61.1875, 1.5475, 61.2775, 1.6375]",PARENT_INTEGRATION_ROUTER,WL4,WL4,source_bbox
active_11672_seg1,active_segments,"[61.15, 0.1575, 61.2775, 0.2475]",PARENT_INTEGRATION_ROUTER,WL4,WL4,source_bbox
active_11688_seg0,active_segments,"[61.1875, 0.1575, 61.2775, 0.2475]",PARENT_INTEGRATION_ROUTER,WL4,WL4,source_bbox
active_12119_seg1,active_segments,"[65.115, 1.4575, 65.2425, 1.7275]",PARENT_INTEGRATION_ROUTER,WL5,WL5,source_bbox
active_12135_seg0,active_segments,"[65.1525, 1.5475, 65.2425, 1.6375]",PARENT_INTEGRATION_ROUTER,WL5,WL5,source_bbox
active_12140_seg1,active_segments,"[65.115, 0.1575, 65.2425, 0.2475]",PARENT_INTEGRATION_ROUTER,WL5,WL5,source_bbox
active_12156_seg0,active_segments,"[65.1525, 0.1575, 65.2425, 0.2475]",PARENT_INTEGRATION_ROUTER,WL5,WL5,source_bbox
active_12587_seg1,active_segments,"[69.08, 1.4575, 69.2075, 1.7275]",PARENT_INTEGRATION_ROUTER,WL6,WL6,source_bbox
active_12603_seg0,active_segments,"[69.1175, 1.5475, 69.2075, 1.6375]",PARENT_INTEGRATION_ROUTER,WL6,WL6,source_bbox
active_12608_seg1,active_segments,"[69.08, 0.1575, 69.2075, 0.2475]",PARENT_INTEGRATION_ROUTER,WL6,WL6,source_bbox
active_12624_seg0,active_segments,"[69.1175, 0.1575, 69.2075, 0.2475]",PARENT_INTEGRATION_ROUTER,WL6,WL6,source_bbox
active_13055_seg1,active_segments,"[73.045, 1.4575, 73.1725, 1.7275]",PARENT_INTEGRATION_ROUTER,WL7,WL7,source_bbox
active_13071_seg0,active_segments,"[73.0825, 1.5475, 73.1725, 1.6375]",PARENT_INTEGRATION_ROUTER,WL7,WL7,source_bbox
active_13076_seg1,active_segments,"[73.045, 0.1575, 73.1725, 0.2475]",PARENT_INTEGRATION_ROUTER,WL7,WL7,source_bbox
active_13092_seg0,active_segments,"[73.0825, 0.1575, 73.1725, 0.2475]",PARENT_INTEGRATION_ROUTER,WL7,WL7,source_bbox
active_5500_seg1,active_segments,"[84.29, 1.4575, 84.4175, 1.7275]",PARENT_INTEGRATION_ROUTER,WL8,WL8,source_bbox
active_5516_seg0,active_segments,"[84.3275, 1.5475, 84.4175, 1.6375]",PARENT_INTEGRATION_ROUTER,WL8,WL8,source_bbox
active_5521_seg1,active_segments,"[84.29, 0.1575, 84.4175, 0.2475]",PARENT_INTEGRATION_ROUTER,WL8,WL8,source_bbox
active_5537_seg0,active_segments,"[84.3275, 0.1575, 84.4175, 0.2475]",PARENT_INTEGRATION_ROUTER,WL8,WL8,source_bbox
active_5968_seg1,active_segments,"[88.255, 1.4575, 88.3825, 1.7275]",PARENT_INTEGRATION_ROUTER,WL9,WL9,source_bbox
active_5984_seg0,active_segments,"[88.2925, 1.5475, 88.3825, 1.6375]",PARENT_INTEGRATION_ROUTER,WL9,WL9,source_bbox
active_5989_seg1,active_segments,"[88.255, 0.1575, 88.3825, 0.2475]",PARENT_INTEGRATION_ROUTER,WL9,WL9,source_bbox
active_6005_seg0,active_segments,"[88.2925, 0.1575, 88.3825, 0.2475]",PARENT_INTEGRATION_ROUTER,WL9,WL9,source_bbox
active_6436_seg1,active_segments,"[92.22, 1.4575, 92.3475, 1.7275]",PARENT_INTEGRATION_ROUTER,WL10,WL10,source_bbox
active_6452_seg0,active_segments,"[92.2575, 1.5475, 92.3475, 1.6375]",PARENT_INTEGRATION_ROUTER,WL10,WL10,source_bbox
active_6457_seg1,active_segments,"[92.22, 0.1575, 92.3475, 0.2475]",PARENT_INTEGRATION_ROUTER,WL10,WL10,source_bbox
active_6473_seg0,active_segments,"[92.2575, 0.1575, 92.3475, 0.2475]",PARENT_INTEGRATION_ROUTER,WL10,WL10,source_bbox
active_6904_seg1,active_segments,"[96.185, 1.4575, 96.3125, 1.7275]",PARENT_INTEGRATION_ROUTER,WL11,WL11,source_bbox
active_6920_seg0,active_segments,"[96.2225, 1.5475, 96.3125, 1.6375]",PARENT_INTEGRATION_ROUTER,WL11,WL11,source_bbox
active_6925_seg1,active_segments,"[96.185, 0.1575, 96.3125, 0.2475]",PARENT_INTEGRATION_ROUTER,WL11,WL11,source_bbox
active_6941_seg0,active_segments,"[96.2225, 0.1575, 96.3125, 0.2475]",PARENT_INTEGRATION_ROUTER,WL11,WL11,source_bbox
active_7372_seg1,active_segments,"[100.15, 1.4575, 100.2775, 1.7275]",PARENT_INTEGRATION_ROUTER,WL12,WL12,source_bbox
active_7388_seg0,active_segments,"[100.1875, 1.5475, 100.2775, 1.6375]",PARENT_INTEGRATION_ROUTER,WL12,WL12,source_bbox
active_7393_seg1,active_segments,"[100.15, 0.1575, 100.2775, 0.2475]",PARENT_INTEGRATION_ROUTER,WL12,WL12,source_bbox
active_7409_seg0,active_segments,"[100.1875, 0.1575, 100.2775, 0.2475]",PARENT_INTEGRATION_ROUTER,WL12,WL12,source_bbox
active_7840_seg1,active_segments,"[104.115, 1.4575, 104.2425, 1.7275]",PARENT_INTEGRATION_ROUTER,WL13,WL13,source_bbox
active_7856_seg0,active_segments,"[104.1525, 1.5475, 104.2425, 1.6375]",PARENT_INTEGRATION_ROUTER,WL13,WL13,source_bbox
active_7861_seg1,active_segments,"[104.115, 0.1575, 104.2425, 0.2475]",PARENT_INTEGRATION_ROUTER,WL13,WL13,source_bbox
active_7877_seg0,active_segments,"[104.1525, 0.1575, 104.2425, 0.2475]",PARENT_INTEGRATION_ROUTER,WL13,WL13,source_bbox
active_8308_seg1,active_segments,"[108.08, 1.4575, 108.2075, 1.7275]",PARENT_INTEGRATION_ROUTER,WL14,WL14,source_bbox
active_8324_seg0,active_segments,"[108.1175, 1.5475, 108.2075, 1.6375]",PARENT_INTEGRATION_ROUTER,WL14,WL14,source_bbox
active_8329_seg1,active_segments,"[108.08, 0.1575, 108.2075, 0.2475]",PARENT_INTEGRATION_ROUTER,WL14,WL14,source_bbox
active_8345_seg0,active_segments,"[108.1175, 0.1575, 108.2075, 0.2475]",PARENT_INTEGRATION_ROUTER,WL14,WL14,source_bbox
active_8776_seg1,active_segments,"[112.045, 1.4575, 112.1725, 1.7275]",PARENT_INTEGRATION_ROUTER,WL15,WL15,source_bbox
active_8792_seg0,active_segments,"[112.0825, 1.5475, 112.1725, 1.6375]",PARENT_INTEGRATION_ROUTER,WL15,WL15,source_bbox
active_8797_seg1,active_segments,"[112.045, 0.1575, 112.1725, 0.2475]",PARENT_INTEGRATION_ROUTER,WL15,WL15,source_bbox
active_8813_seg0,active_segments,"[112.0825, 0.1575, 112.1725, 0.2475]",PARENT_INTEGRATION_ROUTER,WL15,WL15,source_bbox
active_9779_seg1,active_segments,"[45.29, 1.4575, 45.4175, 1.7275]",PARENT_INTEGRATION_ROUTER,WL0,WL0,source_bbox
active_9795_seg0,active_segments,"[45.3275, 1.5475, 45.4175, 1.6375]",PARENT_INTEGRATION_ROUTER,WL0,WL0,source_bbox
active_9800_seg1,active_segments,"[45.29, 0.1575, 45.4175, 0.2475]",PARENT_INTEGRATION_ROUTER,WL0,WL0,source_bbox
active_9816_seg0,active_segments,"[45.3275, 0.1575, 45.4175, 0.2475]",PARENT_INTEGRATION_ROUTER,WL0,WL0,source_bbox
contact_10262,contact,"[49.305, 1.56, 49.37, 1.625]",PARENT_INTEGRATION_ROUTER,WL1,WL1,source_bbox
contact_10283,contact,"[49.305, 0.17, 49.37, 0.235]",PARENT_INTEGRATION_ROUTER,WL1,WL1,source_bbox
contact_10730,contact,"[53.27, 1.56, 53.335, 1.625]",PARENT_INTEGRATION_ROUTER,WL2,WL2,source_bbox
contact_10751,contact,"[53.27, 0.17, 53.335, 0.235]",PARENT_INTEGRATION_ROUTER,WL2,WL2,source_bbox
contact_11198,contact,"[57.235, 1.56, 57.3, 1.625]",PARENT_INTEGRATION_ROUTER,WL3,WL3,source_bbox
contact_11219,contact,"[57.235, 0.17, 57.3, 0.235]",PARENT_INTEGRATION_ROUTER,WL3,WL3,source_bbox
contact_11666,contact,"[61.2, 1.56, 61.265, 1.625]",PARENT_INTEGRATION_ROUTER,WL4,WL4,source_bbox
contact_11687,contact,"[61.2, 0.17, 61.265, 0.235]",PARENT_INTEGRATION_ROUTER,WL4,WL4,source_bbox
contact_12134,contact,"[65.165, 1.56, 65.23, 1.625]",PARENT_INTEGRATION_ROUTER,WL5,WL5,source_bbox
contact_12155,contact,"[65.165, 0.17, 65.23, 0.235]",PARENT_INTEGRATION_ROUTER,WL5,WL5,source_bbox
contact_12602,contact,"[69.13, 1.56, 69.195, 1.625]",PARENT_INTEGRATION_ROUTER,WL6,WL6,source_bbox
contact_12623,contact,"[69.13, 0.17, 69.195, 0.235]",PARENT_INTEGRATION_ROUTER,WL6,WL6,source_bbox
contact_13070,contact,"[73.095, 1.56, 73.16, 1.625]",PARENT_INTEGRATION_ROUTER,WL7,WL7,source_bbox
contact_13091,contact,"[73.095, 0.17, 73.16, 0.235]",PARENT_INTEGRATION_ROUTER,WL7,WL7,source_bbox
contact_5515,contact,"[84.34, 1.56, 84.405, 1.625]",PARENT_INTEGRATION_ROUTER,WL8,WL8,source_bbox
contact_5536,contact,"[84.34, 0.17, 84.405, 0.235]",PARENT_INTEGRATION_ROUTER,WL8,WL8,source_bbox
contact_5983,contact,"[88.305, 1.56, 88.37, 1.625]",PARENT_INTEGRATION_ROUTER,WL9,WL9,source_bbox
contact_6004,contact,"[88.305, 0.17, 88.37, 0.235]",PARENT_INTEGRATION_ROUTER,WL9,WL9,source_bbox
contact_6451,contact,"[92.27, 1.56, 92.335, 1.625]",PARENT_INTEGRATION_ROUTER,WL10,WL10,source_bbox
contact_6472,contact,"[92.27, 0.17, 92.335, 0.235]",PARENT_INTEGRATION_ROUTER,WL10,WL10,source_bbox
contact_6919,contact,"[96.235, 1.56, 96.3, 1.625]",PARENT_INTEGRATION_ROUTER,WL11,WL11,source_bbox
contact_6940,contact,"[96.235, 0.17, 96.3, 0.235]",PARENT_INTEGRATION_ROUTER,WL11,WL11,source_bbox
contact_7387,contact,"[100.2, 1.56, 100.265, 1.625]",PARENT_INTEGRATION_ROUTER,WL12,WL12,source_bbox
contact_7408,contact,"[100.2, 0.17, 100.265, 0.235]",PARENT_INTEGRATION_ROUTER,WL12,WL12,source_bbox
contact_7855,contact,"[104.165, 1.56, 104.23, 1.625]",PARENT_INTEGRATION_ROUTER,WL13,WL13,source_bbox
contact_7876,contact,"[104.165, 0.17, 104.23, 0.235]",PARENT_INTEGRATION_ROUTER,WL13,WL13,source_bbox
contact_8323,contact,"[108.13, 1.56, 108.195, 1.625]",PARENT_INTEGRATION_ROUTER,WL14,WL14,source_bbox
contact_8344,contact,"[108.13, 0.17, 108.195, 0.235]",PARENT_INTEGRATION_ROUTER,WL14,WL14,source_bbox
contact_8791,contact,"[112.095, 1.56, 112.16, 1.625]",PARENT_INTEGRATION_ROUTER,WL15,WL15,source_bbox
contact_8812,contact,"[112.095, 0.17, 112.16, 0.235]",PARENT_INTEGRATION_ROUTER,WL15,WL15,source_bbox
contact_9794,contact,"[45.34, 1.56, 45.405, 1.625]",PARENT_INTEGRATION_ROUTER,WL0,WL0,source_bbox
contact_9815,contact,"[45.34, 0.17, 45.405, 0.235]",PARENT_INTEGRATION_ROUTER,WL0,WL0,source_bbox
m1_0,m1,"[0.4725, 1.82, 112.475, 1.885]",PARENT_INTEGRATION_ROUTER,array_interface_VDD,array_interface_VDD,power_bridge_bbox
m1_0,m1,"[0.4725, 1.82, 112.475, 1.885]",PARENT_INTEGRATION_ROUTER,array_interface_VDD,array_interface_VDD,source_bbox
m1_0,m1,"[0.4725, 1.82, 112.475, 1.885]",TOP_PIN,VDD,TOP_PIN::VDD,top_pin_bbox
m1_1,m1,"[0.4725, 0.0, 112.475, 0.065]",PARENT_INTEGRATION_ROUTER,array_interface_VSS,array_interface_VSS,power_bridge_bbox
m1_1,m1,"[0.4725, 0.0, 112.475, 0.065]",PARENT_INTEGRATION_ROUTER,array_interface_VSS,array_interface_VSS,source_bbox
m1_1,m1,"[0.4725, 0.0, 112.475, 0.065]",TOP_PIN,VSS,TOP_PIN::VSS,top_pin_bbox
m1_10013,m1,"[47.1875, 1.82, 47.875, 1.885]",PARENT_INTEGRATION_ROUTER,array_interface_VDD,array_interface_VDD,source_bbox
m1_10013,m1,"[47.1875, 1.82, 47.875, 1.885]",TOP_PIN,VDD,TOP_PIN::VDD,top_pin_bbox
m1_10014,m1,"[47.1875, 0.0, 47.875, 0.065]",PARENT_INTEGRATION_ROUTER,array_interface_VSS,array_interface_VSS,source_bbox
m1_10014,m1,"[47.1875, 0.0, 47.875, 0.065]",TOP_PIN,VSS,TOP_PIN::VSS,top_pin_bbox
m1_10015,m1,"[47.665, 1.6825, 47.73, 1.8525]",PARENT_INTEGRATION_ROUTER,array_interface_VDD,array_interface_VDD,source_bbox
m1_10015,m1,"[47.665, 1.6825, 47.73, 1.8525]",TOP_PIN,VDD,TOP_PIN::VDD,top_pin_bbox
m1_10016,m1,"[47.665, 0.0325, 47.73, 0.2025]",PARENT_INTEGRATION_ROUTER,array_interface_VSS,array_interface_VSS,source_bbox
m1_10016,m1,"[47.665, 0.0325, 47.73, 0.2025]",TOP_PIN,VSS,TOP_PIN::VSS,top_pin_bbox
m1_10024,m1,"[47.28, 0.0, 47.345, 0.135]",PARENT_INTEGRATION_ROUTER,array_interface_VSS,array_interface_VSS,source_bbox
m1_10024,m1,"[47.28, 0.0, 47.345, 0.135]",TOP_PIN,VSS,TOP_PIN::VSS,top_pin_bbox
m1_10025,m1,"[47.28, 1.525, 47.345, 1.885]",PARENT_INTEGRATION_ROUTER,array_interface_VDD,array_interface_VDD,source_bbox
m1_10025,m1,"[47.28, 1.525, 47.345, 1.885]",TOP_PIN,VDD,TOP_PIN::VDD,top_pin_bbox
m1_10090,m1,"[47.985, 1.82, 49.685, 1.885]",PARENT_INTEGRATION_ROUTER,array_interface_VDD,array_interface_VDD,source_bbox
m1_10090,m1,"[47.985, 1.82, 49.685, 1.885]",TOP_PIN,VDD,TOP_PIN::VDD,top_pin_bbox
m1_10091,m1,"[47.985, 0.0, 49.685, 0.065]",PARENT_INTEGRATION_ROUTER,array_interface_VSS,array_interface_VSS,source_bbox
m1_10091,m1,"[47.985, 0.0, 49.685, 0.065]",TOP_PIN,VSS,TOP_PIN::VSS,top_pin_bbox
m1_10103,m1,"[47.985, 1.82, 48.8875, 1.885]",PARENT_INTEGRATION_ROUTER,array_interface_VDD,array_interface_VDD,source_bbox
m1_10103,m1,"[47.985, 1.82, 48.8875, 1.885]",TOP_PIN,VDD,TOP_PIN::VDD,top_pin_bbox
m1_10104,m1,"[47.985, 0.0, 48.8875, 0.065]",PARENT_INTEGRATION_ROUTER,array_interface_VSS,array_interface_VSS,source_bbox
m1_10104,m1,"[47.985, 0.0, 48.8875, 0.065]",TOP_PIN,VSS,TOP_PIN::VSS,top_pin_bbox
m1_10105,m1,"[48.6775, 1.6825, 48.7425, 1.8525]",PARENT_INTEGRATION_ROUTER,array_interface_VDD,array_interface_VDD,source_bbox
m1_10105,m1,"[48.6775, 1.6825, 48.7425, 1.8525]",TOP_PIN,VDD,TOP_PIN::VDD,top_pin_bbox
m1_10106,m1,"[48.6775, 0.0325, 48.7425, 0.2025]",PARENT_INTEGRATION_ROUTER,array_interface_VSS,array_interface_VSS,source_bbox
m1_10106,m1,"[48.6775, 0.0325, 48.7425, 0.2025]",TOP_PIN,VSS,TOP_PIN::VSS,top_pin_bbox
m1_10115,m1,"[48.0775, 0.0, 48.1425, 0.18]",PARENT_INTEGRATION_ROUTER,array_interface_VSS,array_interface_VSS,source_bbox
m1_10115,m1,"[48.0775, 0.0, 48.1425, 0.18]",TOP_PIN,VSS,TOP_PIN::VSS,top_pin_bbox
m1_10116,m1,"[48.0775, 1.525, 48.1425, 1.885]",PARENT_INTEGRATION_ROUTER,array_interface_VDD,array_interface_VDD,source_bbox
m1_10116,m1,"[48.0775, 1.525, 48.1425, 1.885]",TOP_PIN,VDD,TOP_PIN::VDD,top_pin_bbox
m1_10117,m1,"[48.5075, 1.525, 48.5725, 1.885]",PARENT_INTEGRATION_ROUTER,array_interface_VDD,array_interface_VDD,source_bbox
m1_10117,m1,"[48.5075, 1.525, 48.5725, 1.885]",TOP_PIN,VDD,TOP_PIN::VDD,top_pin_bbox
m1_10227,m1,"[49.3375, 0.865, 49.4025, 0.93]",PARENT_INTEGRATION_ROUTER,WL1,WL1,source_bbox
m1_10227,m1,"[49.3375, 0.865, 49.4025, 0.93]",PARENT_INTEGRATION_ROUTER,WL1,WL1,source_m1_landing_bbox
m1_10227,m1,"[49.3375, 0.865, 49.4025, 0.93]",TOP_PIN,WL1,TOP_PIN::WL1,top_pin_bbox
m1_10228,m1,"[48.9975, 1.82, 49.685, 1.885]",PARENT_INTEGRATION_ROUTER,array_interface_VDD,array_interface_VDD,source_bbox
m1_10228,m1,"[48.9975, 1.82, 49.685, 1.885]",TOP_PIN,VDD,TOP_PIN::VDD,top_pin_bbox
m1_10229,m1,"[48.9975, 0.0, 49.685, 0.065]",PARENT_INTEGRATION_ROUTER,array_interface_VSS,array_interface_VSS,source_bbox
m1_10229,m1,"[48.9975, 0.0, 49.685, 0.065]",TOP_PIN,VSS,TOP_PIN::VSS,top_pin_bbox
m1_10230,m1,"[49.475, 1.6825, 49.54, 1.8525]",PARENT_INTEGRATION_ROUTER,array_interface_VDD,array_interface_VDD,source_bbox
m1_10230,m1,"[49.475, 1.6825, 49.54, 1.8525]",TOP_PIN,VDD,TOP_PIN::VDD,top_pin_bbox
m1_10231,m1,"[49.475, 0.0325, 49.54, 0.2025]",PARENT_INTEGRATION_ROUTER,array_interface_VSS,array_interface_VSS,source_bbox
m1_10231,m1,"[49.475, 0.0325, 49.54, 0.2025]",TOP_PIN,VSS,TOP_PIN::VSS,top_pin_bbox
m1_10238,m1,"[49.305, 0.135, 49.37, 1.66]",PARENT_INTEGRATION_ROUTER,WL1,WL1,source_bbox
m1_10238,m1,"[49.305, 0.135, 49.37, 1.66]",PARENT_INTEGRATION_ROUTER,WL1,WL1,source_m1_landing_bbox
m1_10238,m1,"[49.305, 0.135, 49.37, 1.66]",TOP_PIN,WL1,TOP_PIN::WL1,top_pin_bbox
m1_10239,m1,"[49.09, 0.0, 49.155, 0.135]",PARENT_INTEGRATION_ROUTER,array_interface_VSS,array_interface_VSS,source_bbox
m1_10239,m1,"[49.09, 0.0, 49.155, 0.135]",TOP_PIN,VSS,TOP_PIN::VSS,top_pin_bbox
m1_10240,m1,"[49.09, 1.525, 49.155, 1.885]",PARENT_INTEGRATION_ROUTER,array_interface_VDD,array_interface_VDD,source_bbox
m1_10240,m1,"[49.09, 1.525, 49.155, 1.885]",TOP_PIN,VDD,TOP_PIN::VDD,top_pin_bbox
m1_10255,m1,"[49.305, 1.525, 49.37, 1.66]",PARENT_INTEGRATION_ROUTER,WL1,WL1,source_bbox
m1_10255,m1,"[49.305, 1.525, 49.37, 1.66]",TOP_PIN,WL1,TOP_PIN::WL1,top_pin_bbox
m1_10276,m1,"[49.305, 0.135, 49.37, 0.27]",PARENT_INTEGRATION_ROUTER,WL1,WL1,source_bbox
m1_10276,m1,"[49.305, 0.135, 49.37, 0.27]",TOP_PIN,WL1,TOP_PIN::WL1,top_pin_bbox
m1_10305,m1,"[49.795, 1.82, 51.84, 1.885]",PARENT_INTEGRATION_ROUTER,array_interface_VDD,array_interface_VDD,source_bbox
m1_10305,m1,"[49.795, 1.82, 51.84, 1.885]",TOP_PIN,VDD,TOP_PIN::VDD,top_pin_bbox
m1_10306,m1,"[49.795, 0.0, 51.84, 0.065]",PARENT_INTEGRATION_ROUTER,array_interface_VSS,array_interface_VSS,source_bbox
m1_10306,m1,"[49.795, 0.0, 51.84, 0.065]",TOP_PIN,VSS,TOP_PIN::VSS,top_pin_bbox
m1_10319,m1,"[49.795, 1.82, 51.0425, 1.885]",PARENT_INTEGRATION_ROUTER,array_interface_VDD,array_interface_VDD,source_bbox
m1_10319,m1,"[49.795, 1.82, 51.0425, 1.885]",TOP_PIN,VDD,TOP_PIN::VDD,top_pin_bbox
m1_10320,m1,"[49.795, 0.0, 51.0425, 0.065]",PARENT_INTEGRATION_ROUTER,array_interface_VSS,array_interface_VSS,source_bbox
m1_10320,m1,"[49.795, 0.0, 51.0425, 0.065]",TOP_PIN,VSS,TOP_PIN::VSS,top_pin_bbox
m1_10321,m1,"[50.8325, 1.6825, 50.8975, 1.8525]",PARENT_INTEGRATION_ROUTER,array_interface_VDD,array_interface_VDD,source_bbox
m1_10321,m1,"[50.8325, 1.6825, 50.8975, 1.8525]",TOP_PIN,VDD,TOP_PIN::VDD,top_pin_bbox
m1_10322,m1,"[50.8325, 0.0325, 50.8975, 0.2025]",PARENT_INTEGRATION_ROUTER,array_interface_VSS,array_interface_VSS,source_bbox
m1_10322,m1,"[50.8325, 0.0325, 50.8975, 0.2025]",TOP_PIN,VSS,TOP_PIN::VSS,top_pin_bbox
m1_10337,m1,"[49.8875, 0.0, 49.9525, 0.18]",PARENT_INTEGRATION_ROUTER,array_interface_VSS,array_interface_VSS,source_bbox
m1_10337,m1,"[49.8875, 0.0, 49.9525, 0.18]",TOP_PIN,VSS,TOP_PIN::VSS,top_pin_bbox
m1_10338,m1,"[49.8875, 1.525, 49.9525, 1.885]",PARENT_INTEGRATION_ROUTER,array_interface_VDD,array_interface_VDD,source_bbox
m1_10338,m1,"[49.8875, 1.525, 49.9525, 1.885]",TOP_PIN,VDD,TOP_PIN::VDD,top_pin_bbox
m1_10339,m1,"[50.3175, 1.525, 50.3825, 1.885]",PARENT_INTEGRATION_ROUTER,array_interface_VDD,array_interface_VDD,source_bbox
m1_10339,m1,"[50.3175, 1.525, 50.3825, 1.885]",TOP_PIN,VDD,TOP_PIN::VDD,top_pin_bbox
m1_10481,m1,"[51.1525, 1.82, 51.84, 1.885]",PARENT_INTEGRATION_ROUTER,array_interface_VDD,array_interface_VDD,source_bbox
m1_10481,m1,"[51.1525, 1.82, 51.84, 1.885]",TOP_PIN,VDD,TOP_PIN::VDD,top_pin_bbox
m1_10482,m1,"[51.1525, 0.0, 51.84, 0.065]",PARENT_INTEGRATION_ROUTER,array_interface_VSS,array_interface_VSS,source_bbox
m1_10482,m1,"[51.1525, 0.0, 51.84, 0.065]",TOP_PIN,VSS,TOP_PIN::VSS,top_pin_bbox
m1_10483,m1,"[51.63, 1.6825, 51.695, 1.8525]",PARENT_INTEGRATION_ROUTER,array_interface_VDD,array_interface_VDD,source_bbox
m1_10483,m1,"[51.63, 1.6825, 51.695, 1.8525]",TOP_PIN,VDD,TOP_PIN::VDD,top_pin_bbox
m1_10484,m1,"[51.63, 0.0325, 51.695, 0.2025]",PARENT_INTEGRATION_ROUTER,array_interface_VSS,array_interface_VSS,source_bbox
m1_10484,m1,"[51.63, 0.0325, 51.695, 0.2025]",TOP_PIN,VSS,TOP_PIN::VSS,top_pin_bbox
m1_10492,m1,"[51.245, 0.0, 51.31, 0.135]",PARENT_INTEGRATION_ROUTER,array_interface_VSS,array_interface_VSS,source_bbox
m1_10492,m1,"[51.245, 0.0, 51.31, 0.135]",TOP_PIN,VSS,TOP_PIN::VSS,top_pin_bbox
m1_10493,m1,"[51.245, 1.525, 51.31, 1.885]",PARENT_INTEGRATION_ROUTER,array_interface_VDD,array_interface_VDD,source_bbox
m1_10493,m1,"[51.245, 1.525, 51.31, 1.885]",TOP_PIN,VDD,TOP_PIN::VDD,top_pin_bbox
m1_10558,m1,"[51.95, 1.82, 53.65, 1.885]",PARENT_INTEGRATION_ROUTER,array_interface_VDD,array_interface_VDD,source_bbox
m1_10558,m1,"[51.95, 1.82, 53.65, 1.885]",TOP_PIN,VDD,TOP_PIN::VDD,top_pin_bbox
m1_10559,m1,"[51.95, 0.0, 53.65, 0.065]",PARENT_INTEGRATION_ROUTER,array_interface_VSS,array_interface_VSS,source_bbox
m1_10559,m1,"[51.95, 0.0, 53.65, 0.065]",TOP_PIN,VSS,TOP_PIN::VSS,top_pin_bbox
m1_10571,m1,"[51.95, 1.82, 52.8525, 1.885]",PARENT_INTEGRATION_ROUTER,array_interface_VDD,array_interface_VDD,source_bbox
m1_10571,m1,"[51.95, 1.82, 52.8525, 1.885]",TOP_PIN,VDD,TOP_PIN::VDD,top_pin_bbox
m1_10572,m1,"[51.95, 0.0, 52.8525, 0.065]",PARENT_INTEGRATION_ROUTER,array_interface_VSS,array_interface_VSS,source_bbox
m1_10572,m1,"[51.95, 0.0, 52.8525, 0.065]",TOP_PIN,VSS,TOP_PIN::VSS,top_pin_bbox
m1_10573,m1,"[52.6425, 1.6825, 52.7075, 1.8525]",PARENT_INTEGRATION_ROUTER,array_interface_VDD,array_interface_VDD,source_bbox
m1_10573,m1,"[52.6425, 1.6825, 52.7075, 1.8525]",TOP_PIN,VDD,TOP_PIN::VDD,top_pin_bbox
m1_10574,m1,"[52.6425, 0.0325, 52.7075, 0.2025]",PARENT_INTEGRATION_ROUTER,array_interface_VSS,array_interface_VSS,source_bbox
m1_10574,m1,"[52.6425, 0.0325, 52.7075, 0.2025]",TOP_PIN,VSS,TOP_PIN::VSS,top_pin_bbox
m1_10583,m1,"[52.0425, 0.0, 52.1075, 0.18]",PARENT_INTEGRATION_ROUTER,array_interface_VSS,array_interface_VSS,source_bbox
m1_10583,m1,"[52.0425, 0.0, 52.1075, 0.18]",TOP_PIN,VSS,TOP_PIN::VSS,top_pin_bbox
m1_10584,m1,"[52.0425, 1.525, 52.1075, 1.885]",PARENT_INTEGRATION_ROUTER,array_interface_VDD,array_interface_VDD,source_bbox
m1_10584,m1,"[52.0425, 1.525, 52.1075, 1.885]",TOP_PIN,VDD,TOP_PIN::VDD,top_pin_bbox
m1_10585,m1,"[52.4725, 1.525, 52.5375, 1.885]",PARENT_INTEGRATION_ROUTER,array_interface_VDD,array_interface_VDD,source_bbox
m1_10585,m1,"[52.4725, 1.525, 52.5375, 1.885]",TOP_PIN,VDD,TOP_PIN::VDD,top_pin_bbox
m1_1064,m1,"[5.02, 1.82, 6.72, 1.885]",PARENT_INTEGRATION_ROUTER,array_interface_VDD,array_interface_VDD,source_bbox
m1_1064,m1,"[5.02, 1.82, 6.72, 1.885]",TOP_PIN,VDD,TOP_PIN::VDD,top_pin_bbox
m1_1065,m1,"[5.02, 0.0, 6.72, 0.065]",PARENT_INTEGRATION_ROUTER,array_interface_VSS,array_interface_VSS,source_bbox
m1_1065,m1,"[5.02, 0.0, 6.72, 0.065]",TOP_PIN,VSS,TOP_PIN::VSS,top_pin_bbox
m1_10695,m1,"[53.3025, 0.865, 53.3675, 0.93]",PARENT_INTEGRATION_ROUTER,WL2,WL2,source_bbox
m1_10695,m1,"[53.3025, 0.865, 53.3675, 0.93]",PARENT_INTEGRATION_ROUTER,WL2,WL2,source_m1_landing_bbox
m1_10695,m1,"[53.3025, 0.865, 53.3675, 0.93]",TOP_PIN,WL2,TOP_PIN::WL2,top_pin_bbox
m1_10696,m1,"[52.9625, 1.82, 53.65, 1.885]",PARENT_INTEGRATION_ROUTER,array_interface_VDD,array_interface_VDD,source_bbox
m1_10696,m1,"[52.9625, 1.82, 53.65, 1.885]",TOP_PIN,VDD,TOP_PIN::VDD,top_pin_bbox
m1_10697,m1,"[52.9625, 0.0, 53.65, 0.065]",PARENT_INTEGRATION_ROUTER,array_interface_VSS,array_interface_VSS,source_bbox
m1_10697,m1,"[52.9625, 0.0, 53.65, 0.065]",TOP_PIN,VSS,TOP_PIN::VSS,top_pin_bbox
m1_10698,m1,"[53.44, 1.6825, 53.505, 1.8525]",PARENT_INTEGRATION_ROUTER,array_interface_VDD,array_interface_VDD,source_bbox
m1_10698,m1,"[53.44, 1.6825, 53.505, 1.8525]",TOP_PIN,VDD,TOP_PIN::VDD,top_pin_bbox
m1_10699,m1,"[53.44, 0.0325, 53.505, 0.2025]",PARENT_INTEGRATION_ROUTER,array_interface_VSS,array_interface_VSS,source_bbox
m1_10699,m1,"[53.44, 0.0325, 53.505, 0.2025]",TOP_PIN,VSS,TOP_PIN::VSS,top_pin_bbox
m1_10706,m1,"[53.27, 0.135, 53.335, 1.66]",PARENT_INTEGRATION_ROUTER,WL2,WL2,source_bbox
m1_10706,m1,"[53.27, 0.135, 53.335, 1.66]",PARENT_INTEGRATION_ROUTER,WL2,WL2,source_m1_landing_bbox
m1_10706,m1,"[53.27, 0.135, 53.335, 1.66]",TOP_PIN,WL2,TOP_PIN::WL2,top_pin_bbox
m1_10707,m1,"[53.055, 0.0, 53.12, 0.135]",PARENT_INTEGRATION_ROUTER,array_interface_VSS,array_interface_VSS,source_bbox
m1_10707,m1,"[53.055, 0.0, 53.12, 0.135]",TOP_PIN,VSS,TOP_PIN::VSS,top_pin_bbox
m1_10708,m1,"[53.055, 1.525, 53.12, 1.885]",PARENT_INTEGRATION_ROUTER,array_interface_VDD,array_interface_VDD,source_bbox
m1_10708,m1,"[53.055, 1.525, 53.12, 1.885]",TOP_PIN,VDD,TOP_PIN::VDD,top_pin_bbox
m1_10723,m1,"[53.27, 1.525, 53.335, 1.66]",PARENT_INTEGRATION_ROUTER,WL2,WL2,source_bbox
m1_10723,m1,"[53.27, 1.525, 53.335, 1.66]",TOP_PIN,WL2,TOP_PIN::WL2,top_pin_bbox
m1_10744,m1,"[53.27, 0.135, 53.335, 0.27]",PARENT_INTEGRATION_ROUTER,WL2,WL2,source_bbox
m1_10744,m1,"[53.27, 0.135, 53.335, 0.27]",TOP_PIN,WL2,TOP_PIN::WL2,top_pin_bbox
m1_1077,m1,"[5.02, 1.82, 5.9225, 1.885]",PARENT_INTEGRATION_ROUTER,array_interface_VDD,array_interface_VDD,source_bbox
m1_1077,m1,"[5.02, 1.82, 5.9225, 1.885]",TOP_PIN,VDD,TOP_PIN::VDD,top_pin_bbox
m1_10773,m1,"[53.76, 1.82, 55.805, 1.885]",PARENT_INTEGRATION_ROUTER,array_interface_VDD,array_interface_VDD,source_bbox
m1_10773,m1,"[53.76, 1.82, 55.805, 1.885]",TOP_PIN,VDD,TOP_PIN::VDD,top_pin_bbox
m1_10774,m1,"[53.76, 0.0, 55.805, 0.065]",PARENT_INTEGRATION_ROUTER,array_interface_VSS,array_interface_VSS,source_bbox
m1_10774,m1,"[53.76, 0.0, 55.805, 0.065]",TOP_PIN,VSS,TOP_PIN::VSS,top_pin_bbox
m1_1078,m1,"[5.02, 0.0, 5.9225, 0.065]",PARENT_INTEGRATION_ROUTER,array_interface_VSS,array_interface_VSS,source_bbox
m1_1078,m1,"[5.02, 0.0, 5.9225, 0.065]",TOP_PIN,VSS,TOP_PIN::VSS,top_pin_bbox
m1_10787,m1,"[53.76, 1.82, 55.0075, 1.885]",PARENT_INTEGRATION_ROUTER,array_interface_VDD,array_interface_VDD,source_bbox
m1_10787,m1,"[53.76, 1.82, 55.0075, 1.885]",TOP_PIN,VDD,TOP_PIN::VDD,top_pin_bbox
m1_10788,m1,"[53.76, 0.0, 55.0075, 0.065]",PARENT_INTEGRATION_ROUTER,array_interface_VSS,array_interface_VSS,source_bbox
m1_10788,m1,"[53.76, 0.0, 55.0075, 0.065]",TOP_PIN,VSS,TOP_PIN::VSS,top_pin_bbox
m1_10789,m1,"[54.7975, 1.6825, 54.8625, 1.8525]",PARENT_INTEGRATION_ROUTER,array_interface_VDD,array_interface_VDD,source_bbox
m1_10789,m1,"[54.7975, 1.6825, 54.8625, 1.8525]",TOP_PIN,VDD,TOP_PIN::VDD,top_pin_bbox
m1_1079,m1,"[5.7125, 1.6825, 5.7775, 1.8525]",PARENT_INTEGRATION_ROUTER,array_interface_VDD,array_interface_VDD,source_bbox
m1_1079,m1,"[5.7125, 1.6825, 5.7775, 1.8525]",TOP_PIN,VDD,TOP_PIN::VDD,top_pin_bbox
m1_10790,m1,"[54.7975, 0.0325, 54.8625, 0.2025]",PARENT_INTEGRATION_ROUTER,array_interface_VSS,array_interface_VSS,source_bbox
m1_10790,m1,"[54.7975, 0.0325, 54.8625, 0.2025]",TOP_PIN,VSS,TOP_PIN::VSS,top_pin_bbox
m1_108,m1,"[118.4625, 0.715, 123.3975, 0.85]",PARENT_INTEGRATION_ROUTER,WL0,WL0,dest_bbox
m1_108,m1,"[118.4625, 0.715, 123.3975, 0.85]",PARENT_INTEGRATION_ROUTER,WL0,WL0,dest_m1_horizontal_bbox
m1_1080,m1,"[5.7125, 0.0325, 5.7775, 0.2025]",PARENT_INTEGRATION_ROUTER,array_interface_VSS,array_interface_VSS,source_bbox
m1_1080,m1,"[5.7125, 0.0325, 5.7775, 0.2025]",TOP_PIN,VSS,TOP_PIN::VSS,top_pin_bbox
m1_10805,m1,"[53.8525, 0.0, 53.9175, 0.18]",PARENT_INTEGRATION_ROUTER,array_interface_VSS,array_interface_VSS,source_bbox
m1_10805,m1,"[53.8525, 0.0, 53.9175, 0.18]",TOP_PIN,VSS,TOP_PIN::VSS,top_pin_bbox
m1_10806,m1,"[53.8525, 1.525, 53.9175, 1.885]",PARENT_INTEGRATION_ROUTER,array_interface_VDD,array_interface_VDD,source_bbox
m1_10806,m1,"[53.8525, 1.525, 53.9175, 1.885]",TOP_PIN,VDD,TOP_PIN::VDD,top_pin_bbox
m1_10807,m1,"[54.2825, 1.525, 54.3475, 1.885]",PARENT_INTEGRATION_ROUTER,array_interface_VDD,array_interface_VDD,source_bbox
m1_10807,m1,"[54.2825, 1.525, 54.3475, 1.885]",TOP_PIN,VDD,TOP_PIN::VDD,top_pin_bbox
m1_1089,m1,"[5.1125, 0.0, 5.1775, 0.18]",PARENT_INTEGRATION_ROUTER,array_interface_VSS,array_interface_VSS,source_bbox
m1_1089,m1,"[5.1125, 0.0, 5.1775, 0.18]",TOP_PIN,VSS,TOP_PIN::VSS,top_pin_bbox
m1_109,m1,"[49.285, 0.83, 49.42, 0.965]",PARENT_INTEGRATION_ROUTER,WL1,WL1,source_bbox
m1_109,m1,"[49.285, 0.83, 49.42, 0.965]",PARENT_INTEGRATION_ROUTER,WL1,WL1,source_m1_landing_bbox
m1_109,m1,"[49.285, 0.83, 49.42, 0.965]",TOP_PIN,WL1,TOP_PIN::WL1,top_pin_bbox
m1_1090,m1,"[5.1125, 1.525, 5.1775, 1.885]",PARENT_INTEGRATION_ROUTER,array_interface_VDD,array_interface_VDD,source_bbox
m1_1090,m1,"[5.1125, 1.525, 5.1775, 1.885]",TOP_PIN,VDD,TOP_PIN::VDD,top_pin_bbox
m1_1091,m1,"[5.5425, 1.525, 5.6075, 1.885]",PARENT_INTEGRATION_ROUTER,array_interface_VDD,array_interface_VDD,source_bbox
m1_1091,m1,"[5.5425, 1.525, 5.6075, 1.885]",TOP_PIN,VDD,TOP_PIN::VDD,top_pin_bbox
m1_10949,m1,"[55.1175, 1.82, 55.805, 1.885]",PARENT_INTEGRATION_ROUTER,array_interface_VDD,array_interface_VDD,source_bbox
m1_10949,m1,"[55.1175, 1.82, 55.805, 1.885]",TOP_PIN,VDD,TOP_PIN::VDD,top_pin_bbox
m1_10950,m1,"[55.1175, 0.0, 55.805, 0.065]",PARENT_INTEGRATION_ROUTER,array_interface_VSS,array_interface_VSS,source_bbox
m1_10950,m1,"[55.1175, 0.0, 55.805, 0.065]",TOP_PIN,VSS,TOP_PIN::VSS,top_pin_bbox
m1_10951,m1,"[55.595, 1.6825, 55.66, 1.8525]",PARENT_INTEGRATION_ROUTER,array_interface_VDD,array_interface_VDD,source_bbox
m1_10951,m1,"[55.595, 1.6825, 55.66, 1.8525]",TOP_PIN,VDD,TOP_PIN::VDD,top_pin_bbox
m1_10952,m1,"[55.595, 0.0325, 55.66, 0.2025]",PARENT_INTEGRATION_ROUTER,array_interface_VSS,array_interface_VSS,source_bbox
m1_10952,m1,"[55.595, 0.0325, 55.66, 0.2025]",TOP_PIN,VSS,TOP_PIN::VSS,top_pin_bbox
m1_10960,m1,"[55.21, 0.0, 55.275, 0.135]",PARENT_INTEGRATION_ROUTER,array_interface_VSS,array_interface_VSS,source_bbox
m1_10960,m1,"[55.21, 0.0, 55.275, 0.135]",TOP_PIN,VSS,TOP_PIN::VSS,top_pin_bbox
m1_10961,m1,"[55.21, 1.525, 55.275, 1.885]",PARENT_INTEGRATION_ROUTER,array_interface_VDD,array_interface_VDD,source_bbox
m1_10961,m1,"[55.21, 1.525, 55.275, 1.885]",TOP_PIN,VDD,TOP_PIN::VDD,top_pin_bbox
m1_11026,m1,"[55.915, 1.82, 57.615, 1.885]",PARENT_INTEGRATION_ROUTER,array_interface_VDD,array_interface_VDD,source_bbox
m1_11026,m1,"[55.915, 1.82, 57.615, 1.885]",TOP_PIN,VDD,TOP_PIN::VDD,top_pin_bbox
m1_11027,m1,"[55.915, 0.0, 57.615, 0.065]",PARENT_INTEGRATION_ROUTER,array_interface_VSS,array_interface_VSS,source_bbox
m1_11027,m1,"[55.915, 0.0, 57.615, 0.065]",TOP_PIN,VSS,TOP_PIN::VSS,top_pin_bbox
m1_11039,m1,"[55.915, 1.82, 56.8175, 1.885]",PARENT_INTEGRATION_ROUTER,array_interface_VDD,array_interface_VDD,source_bbox
m1_11039,m1,"[55.915, 1.82, 56.8175, 1.885]",TOP_PIN,VDD,TOP_PIN::VDD,top_pin_bbox
m1_11040,m1,"[55.915, 0.0, 56.8175, 0.065]",PARENT_INTEGRATION_ROUTER,array_interface_VSS,array_interface_VSS,source_bbox
m1_11040,m1,"[55.915, 0.0, 56.8175, 0.065]",TOP_PIN,VSS,TOP_PIN::VSS,top_pin_bbox
m1_11041,m1,"[56.6075, 1.6825, 56.6725, 1.8525]",PARENT_INTEGRATION_ROUTER,array_interface_VDD,array_interface_VDD,source_bbox
m1_11041,m1,"[56.6075, 1.6825, 56.6725, 1.8525]",TOP_PIN,VDD,TOP_PIN::VDD,top_pin_bbox
m1_11042,m1,"[56.6075, 0.0325, 56.6725, 0.2025]",PARENT_INTEGRATION_ROUTER,array_interface_VSS,array_interface_VSS,source_bbox
m1_11042,m1,"[56.6075, 0.0325, 56.6725, 0.2025]",TOP_PIN,VSS,TOP_PIN::VSS,top_pin_bbox
m1_11051,m1,"[56.0075, 0.0, 56.0725, 0.18]",PARENT_INTEGRATION_ROUTER,array_interface_VSS,array_interface_VSS,source_bbox
m1_11051,m1,"[56.0075, 0.0, 56.0725, 0.18]",TOP_PIN,VSS,TOP_PIN::VSS,top_pin_bbox
m1_11052,m1,"[56.0075, 1.525, 56.0725, 1.885]",PARENT_INTEGRATION_ROUTER,array_interface_VDD,array_interface_VDD,source_bbox
m1_11052,m1,"[56.0075, 1.525, 56.0725, 1.885]",TOP_PIN,VDD,TOP_PIN::VDD,top_pin_bbox
m1_11053,m1,"[56.4375, 1.525, 56.5025, 1.885]",PARENT_INTEGRATION_ROUTER,array_interface_VDD,array_interface_VDD,source_bbox
m1_11053,m1,"[56.4375, 1.525, 56.5025, 1.885]",TOP_PIN,VDD,TOP_PIN::VDD,top_pin_bbox
m1_11163,m1,"[57.2675, 0.865, 57.3325, 0.93]",PARENT_INTEGRATION_ROUTER,WL3,WL3,source_bbox
m1_11163,m1,"[57.2675, 0.865, 57.3325, 0.93]",PARENT_INTEGRATION_ROUTER,WL3,WL3,source_m1_landing_bbox
m1_11163,m1,"[57.2675, 0.865, 57.3325, 0.93]",TOP_PIN,WL3,TOP_PIN::WL3,top_pin_bbox
m1_11164,m1,"[56.9275, 1.82, 57.615, 1.885]",PARENT_INTEGRATION_ROUTER,array_interface_VDD,array_interface_VDD,source_bbox
m1_11164,m1,"[56.9275, 1.82, 57.615, 1.885]",TOP_PIN,VDD,TOP_PIN::VDD,top_pin_bbox
m1_11165,m1,"[56.9275, 0.0, 57.615, 0.065]",PARENT_INTEGRATION_ROUTER,array_interface_VSS,array_interface_VSS,source_bbox
m1_11165,m1,"[56.9275, 0.0, 57.615, 0.065]",TOP_PIN,VSS,TOP_PIN::VSS,top_pin_bbox
m1_11166,m1,"[57.405, 1.6825, 57.47, 1.8525]",PARENT_INTEGRATION_ROUTER,array_interface_VDD,array_interface_VDD,source_bbox
m1_11166,m1,"[57.405, 1.6825, 57.47, 1.8525]",TOP_PIN,VDD,TOP_PIN::VDD,top_pin_bbox
m1_11167,m1,"[57.405, 0.0325, 57.47, 0.2025]",PARENT_INTEGRATION_ROUTER,array_interface_VSS,array_interface_VSS,source_bbox
m1_11167,m1,"[57.405, 0.0325, 57.47, 0.2025]",TOP_PIN,VSS,TOP_PIN::VSS,top_pin_bbox
m1_11174,m1,"[57.235, 0.135, 57.3, 1.66]",PARENT_INTEGRATION_ROUTER,WL3,WL3,source_bbox
m1_11174,m1,"[57.235, 0.135, 57.3, 1.66]",PARENT_INTEGRATION_ROUTER,WL3,WL3,source_m1_landing_bbox
m1_11174,m1,"[57.235, 0.135, 57.3, 1.66]",TOP_PIN,WL3,TOP_PIN::WL3,top_pin_bbox
m1_11175,m1,"[57.02, 0.0, 57.085, 0.135]",PARENT_INTEGRATION_ROUTER,array_interface_VSS,array_interface_VSS,source_bbox
m1_11175,m1,"[57.02, 0.0, 57.085, 0.135]",TOP_PIN,VSS,TOP_PIN::VSS,top_pin_bbox
m1_11176,m1,"[57.02, 1.525, 57.085, 1.885]",PARENT_INTEGRATION_ROUTER,array_interface_VDD,array_interface_VDD,source_bbox
m1_11176,m1,"[57.02, 1.525, 57.085, 1.885]",TOP_PIN,VDD,TOP_PIN::VDD,top_pin_bbox
m1_11191,m1,"[57.235, 1.525, 57.3, 1.66]",PARENT_INTEGRATION_ROUTER,WL3,WL3,source_bbox
m1_11191,m1,"[57.235, 1.525, 57.3, 1.66]",TOP_PIN,WL3,TOP_PIN::WL3,top_pin_bbox
m1_11212,m1,"[57.235, 0.135, 57.3, 0.27]",PARENT_INTEGRATION_ROUTER,WL3,WL3,source_bbox
m1_11212,m1,"[57.235, 0.135, 57.3, 0.27]",TOP_PIN,WL3,TOP_PIN::WL3,top_pin_bbox
m1_11241,m1,"[57.725, 1.82, 59.77, 1.885]",PARENT_INTEGRATION_ROUTER,array_interface_VDD,array_interface_VDD,source_bbox
m1_11241,m1,"[57.725, 1.82, 59.77, 1.885]",TOP_PIN,VDD,TOP_PIN::VDD,top_pin_bbox
m1_11242,m1,"[57.725, 0.0, 59.77, 0.065]",PARENT_INTEGRATION_ROUTER,array_interface_VSS,array_interface_VSS,source_bbox
m1_11242,m1,"[57.725, 0.0, 59.77, 0.065]",TOP_PIN,VSS,TOP_PIN::VSS,top_pin_bbox
m1_11255,m1,"[57.725, 1.82, 58.9725, 1.885]",PARENT_INTEGRATION_ROUTER,array_interface_VDD,array_interface_VDD,source_bbox
m1_11255,m1,"[57.725, 1.82, 58.9725, 1.885]",TOP_PIN,VDD,TOP_PIN::VDD,top_pin_bbox
m1_11256,m1,"[57.725, 0.0, 58.9725, 0.065]",PARENT_INTEGRATION_ROUTER,array_interface_VSS,array_interface_VSS,source_bbox
m1_11256,m1,"[57.725, 0.0, 58.9725, 0.065]",TOP_PIN,VSS,TOP_PIN::VSS,top_pin_bbox
m1_11257,m1,"[58.7625, 1.6825, 58.8275, 1.8525]",PARENT_INTEGRATION_ROUTER,array_interface_VDD,array_interface_VDD,source_bbox
m1_11257,m1,"[58.7625, 1.6825, 58.8275, 1.8525]",TOP_PIN,VDD,TOP_PIN::VDD,top_pin_bbox
m1_11258,m1,"[58.7625, 0.0325, 58.8275, 0.2025]",PARENT_INTEGRATION_ROUTER,array_interface_VSS,array_interface_VSS,source_bbox
m1_11258,m1,"[58.7625, 0.0325, 58.8275, 0.2025]",TOP_PIN,VSS,TOP_PIN::VSS,top_pin_bbox
m1_11273,m1,"[57.8175, 0.0, 57.8825, 0.18]",PARENT_INTEGRATION_ROUTER,array_interface_VSS,array_interface_VSS,source_bbox
m1_11273,m1,"[57.8175, 0.0, 57.8825, 0.18]",TOP_PIN,VSS,TOP_PIN::VSS,top_pin_bbox
m1_11274,m1,"[57.8175, 1.525, 57.8825, 1.885]",PARENT_INTEGRATION_ROUTER,array_interface_VDD,array_interface_VDD,source_bbox
m1_11274,m1,"[57.8175, 1.525, 57.8825, 1.885]",TOP_PIN,VDD,TOP_PIN::VDD,top_pin_bbox
m1_11275,m1,"[58.2475, 1.525, 58.3125, 1.885]",PARENT_INTEGRATION_ROUTER,array_interface_VDD,array_interface_VDD,source_bbox
m1_11275,m1,"[58.2475, 1.525, 58.3125, 1.885]",TOP_PIN,VDD,TOP_PIN::VDD,top_pin_bbox
m1_11417,m1,"[59.0825, 1.82, 59.77, 1.885]",PARENT_INTEGRATION_ROUTER,array_interface_VDD,array_interface_VDD,source_bbox
m1_11417,m1,"[59.0825, 1.82, 59.77, 1.885]",TOP_PIN,VDD,TOP_PIN::VDD,top_pin_bbox
m1_11418,m1,"[59.0825, 0.0, 59.77, 0.065]",PARENT_INTEGRATION_ROUTER,array_interface_VSS,array_interface_VSS,source_bbox
m1_11418,m1,"[59.0825, 0.0, 59.77, 0.065]",TOP_PIN,VSS,TOP_PIN::VSS,top_pin_bbox
m1_11419,m1,"[59.56, 1.6825, 59.625, 1.8525]",PARENT_INTEGRATION_ROUTER,array_interface_VDD,array_interface_VDD,source_bbox
m1_11419,m1,"[59.56, 1.6825, 59.625, 1.8525]",TOP_PIN,VDD,TOP_PIN::VDD,top_pin_bbox
m1_11420,m1,"[59.56, 0.0325, 59.625, 0.2025]",PARENT_INTEGRATION_ROUTER,array_interface_VSS,array_interface_VSS,source_bbox
m1_11420,m1,"[59.56, 0.0325, 59.625, 0.2025]",TOP_PIN,VSS,TOP_PIN::VSS,top_pin_bbox
m1_11428,m1,"[59.175, 0.0, 59.24, 0.135]",PARENT_INTEGRATION_ROUTER,array_interface_VSS,array_interface_VSS,source_bbox
m1_11428,m1,"[59.175, 0.0, 59.24, 0.135]",TOP_PIN,VSS,TOP_PIN::VSS,top_pin_bbox
m1_11429,m1,"[59.175, 1.525, 59.24, 1.885]",PARENT_INTEGRATION_ROUTER,array_interface_VDD,array_interface_VDD,source_bbox
m1_11429,m1,"[59.175, 1.525, 59.24, 1.885]",TOP_PIN,VDD,TOP_PIN::VDD,top_pin_bbox
m1_11494,m1,"[59.88, 1.82, 61.58, 1.885]",PARENT_INTEGRATION_ROUTER,array_interface_VDD,array_interface_VDD,source_bbox
m1_11494,m1,"[59.88, 1.82, 61.58, 1.885]",TOP_PIN,VDD,TOP_PIN::VDD,top_pin_bbox
m1_11495,m1,"[59.88, 0.0, 61.58, 0.065]",PARENT_INTEGRATION_ROUTER,array_interface_VSS,array_interface_VSS,source_bbox
m1_11495,m1,"[59.88, 0.0, 61.58, 0.065]",TOP_PIN,VSS,TOP_PIN::VSS,top_pin_bbox
m1_11507,m1,"[59.88, 1.82, 60.7825, 1.885]",PARENT_INTEGRATION_ROUTER,array_interface_VDD,array_interface_VDD,source_bbox
m1_11507,m1,"[59.88, 1.82, 60.7825, 1.885]",TOP_PIN,VDD,TOP_PIN::VDD,top_pin_bbox
m1_11508,m1,"[59.88, 0.0, 60.7825, 0.065]",PARENT_INTEGRATION_ROUTER,array_interface_VSS,array_interface_VSS,source_bbox
m1_11508,m1,"[59.88, 0.0, 60.7825, 0.065]",TOP_PIN,VSS,TOP_PIN::VSS,top_pin_bbox
m1_11509,m1,"[60.5725, 1.6825, 60.6375, 1.8525]",PARENT_INTEGRATION_ROUTER,array_interface_VDD,array_interface_VDD,source_bbox
m1_11509,m1,"[60.5725, 1.6825, 60.6375, 1.8525]",TOP_PIN,VDD,TOP_PIN::VDD,top_pin_bbox
m1_11510,m1,"[60.5725, 0.0325, 60.6375, 0.2025]",PARENT_INTEGRATION_ROUTER,array_interface_VSS,array_interface_VSS,source_bbox
m1_11510,m1,"[60.5725, 0.0325, 60.6375, 0.2025]",TOP_PIN,VSS,TOP_PIN::VSS,top_pin_bbox
m1_11519,m1,"[59.9725, 0.0, 60.0375, 0.18]",PARENT_INTEGRATION_ROUTER,array_interface_VSS,array_interface_VSS,source_bbox
m1_11519,m1,"[59.9725, 0.0, 60.0375, 0.18]",TOP_PIN,VSS,TOP_PIN::VSS,top_pin_bbox
m1_11520,m1,"[59.9725, 1.525, 60.0375, 1.885]",PARENT_INTEGRATION_ROUTER,array_interface_VDD,array_interface_VDD,source_bbox
m1_11520,m1,"[59.9725, 1.525, 60.0375, 1.885]",TOP_PIN,VDD,TOP_PIN::VDD,top_pin_bbox
m1_11521,m1,"[60.4025, 1.525, 60.4675, 1.885]",PARENT_INTEGRATION_ROUTER,array_interface_VDD,array_interface_VDD,source_bbox
m1_11521,m1,"[60.4025, 1.525, 60.4675, 1.885]",TOP_PIN,VDD,TOP_PIN::VDD,top_pin_bbox
m1_11631,m1,"[61.2325, 0.865, 61.2975, 0.93]",PARENT_INTEGRATION_ROUTER,WL4,WL4,source_bbox
m1_11631,m1,"[61.2325, 0.865, 61.2975, 0.93]",PARENT_INTEGRATION_ROUTER,WL4,WL4,source_m1_landing_bbox
m1_11631,m1,"[61.2325, 0.865, 61.2975, 0.93]",TOP_PIN,WL4,TOP_PIN::WL4,top_pin_bbox
m1_11632,m1,"[60.8925, 1.82, 61.58, 1.885]",PARENT_INTEGRATION_ROUTER,array_interface_VDD,array_interface_VDD,source_bbox
m1_11632,m1,"[60.8925, 1.82, 61.58, 1.885]",TOP_PIN,VDD,TOP_PIN::VDD,top_pin_bbox
m1_11633,m1,"[60.8925, 0.0, 61.58, 0.065]",PARENT_INTEGRATION_ROUTER,array_interface_VSS,array_interface_VSS,source_bbox
m1_11633,m1,"[60.8925, 0.0, 61.58, 0.065]",TOP_PIN,VSS,TOP_PIN::VSS,top_pin_bbox
m1_11634,m1,"[61.37, 1.6825, 61.435, 1.8525]",PARENT_INTEGRATION_ROUTER,array_interface_VDD,array_interface_VDD,source_bbox
m1_11634,m1,"[61.37, 1.6825, 61.435, 1.8525]",TOP_PIN,VDD,TOP_PIN::VDD,top_pin_bbox
m1_11635,m1,"[61.37, 0.0325, 61.435, 0.2025]",PARENT_INTEGRATION_ROUTER,array_interface_VSS,array_interface_VSS,source_bbox
m1_11635,m1,"[61.37, 0.0325, 61.435, 0.2025]",TOP_PIN,VSS,TOP_PIN::VSS,top_pin_bbox
m1_11642,m1,"[61.2, 0.135, 61.265, 1.66]",PARENT_INTEGRATION_ROUTER,WL4,WL4,source_bbox
m1_11642,m1,"[61.2, 0.135, 61.265, 1.66]",PARENT_INTEGRATION_ROUTER,WL4,WL4,source_m1_landing_bbox
m1_11642,m1,"[61.2, 0.135, 61.265, 1.66]",TOP_PIN,WL4,TOP_PIN::WL4,top_pin_bbox
m1_11643,m1,"[60.985, 0.0, 61.05, 0.135]",PARENT_INTEGRATION_ROUTER,array_interface_VSS,array_interface_VSS,source_bbox
m1_11643,m1,"[60.985, 0.0, 61.05, 0.135]",TOP_PIN,VSS,TOP_PIN::VSS,top_pin_bbox
m1_11644,m1,"[60.985, 1.525, 61.05, 1.885]",PARENT_INTEGRATION_ROUTER,array_interface_VDD,array_interface_VDD,source_bbox
m1_11644,m1,"[60.985, 1.525, 61.05, 1.885]",TOP_PIN,VDD,TOP_PIN::VDD,top_pin_bbox
m1_11659,m1,"[61.2, 1.525, 61.265, 1.66]",PARENT_INTEGRATION_ROUTER,WL4,WL4,source_bbox
m1_11659,m1,"[61.2, 1.525, 61.265, 1.66]",TOP_PIN,WL4,TOP_PIN::WL4,top_pin_bbox
m1_11680,m1,"[61.2, 0.135, 61.265, 0.27]",PARENT_INTEGRATION_ROUTER,WL4,WL4,source_bbox
m1_11680,m1,"[61.2, 0.135, 61.265, 0.27]",TOP_PIN,WL4,TOP_PIN::WL4,top_pin_bbox
m1_11709,m1,"[61.69, 1.82, 63.735, 1.885]",PARENT_INTEGRATION_ROUTER,array_interface_VDD,array_interface_VDD,source_bbox
m1_11709,m1,"[61.69, 1.82, 63.735, 1.885]",TOP_PIN,VDD,TOP_PIN::VDD,top_pin_bbox
m1_11710,m1,"[61.69, 0.0, 63.735, 0.065]",PARENT_INTEGRATION_ROUTER,array_interface_VSS,array_interface_VSS,source_bbox
m1_11710,m1,"[61.69, 0.0, 63.735, 0.065]",TOP_PIN,VSS,TOP_PIN::VSS,top_pin_bbox
m1_11723,m1,"[61.69, 1.82, 62.9375, 1.885]",PARENT_INTEGRATION_ROUTER,array_interface_VDD,array_interface_VDD,source_bbox
m1_11723,m1,"[61.69, 1.82, 62.9375, 1.885]",TOP_PIN,VDD,TOP_PIN::VDD,top_pin_bbox
m1_11724,m1,"[61.69, 0.0, 62.9375, 0.065]",PARENT_INTEGRATION_ROUTER,array_interface_VSS,array_interface_VSS,source_bbox
m1_11724,m1,"[61.69, 0.0, 62.9375, 0.065]",TOP_PIN,VSS,TOP_PIN::VSS,top_pin_bbox
m1_11725,m1,"[62.7275, 1.6825, 62.7925, 1.8525]",PARENT_INTEGRATION_ROUTER,array_interface_VDD,array_interface_VDD,source_bbox
m1_11725,m1,"[62.7275, 1.6825, 62.7925, 1.8525]",TOP_PIN,VDD,TOP_PIN::VDD,top_pin_bbox
m1_11726,m1,"[62.7275, 0.0325, 62.7925, 0.2025]",PARENT_INTEGRATION_ROUTER,array_interface_VSS,array_interface_VSS,source_bbox
m1_11726,m1,"[62.7275, 0.0325, 62.7925, 0.2025]",TOP_PIN,VSS,TOP_PIN::VSS,top_pin_bbox
m1_11741,m1,"[61.7825, 0.0, 61.8475, 0.18]",PARENT_INTEGRATION_ROUTER,array_interface_VSS,array_interface_VSS,source_bbox
m1_11741,m1,"[61.7825, 0.0, 61.8475, 0.18]",TOP_PIN,VSS,TOP_PIN::VSS,top_pin_bbox
m1_11742,m1,"[61.7825, 1.525, 61.8475, 1.885]",PARENT_INTEGRATION_ROUTER,array_interface_VDD,array_interface_VDD,source_bbox
m1_11742,m1,"[61.7825, 1.525, 61.8475, 1.885]",TOP_PIN,VDD,TOP_PIN::VDD,top_pin_bbox
m1_11743,m1,"[62.2125, 1.525, 62.2775, 1.885]",PARENT_INTEGRATION_ROUTER,array_interface_VDD,array_interface_VDD,source_bbox
m1_11743,m1,"[62.2125, 1.525, 62.2775, 1.885]",TOP_PIN,VDD,TOP_PIN::VDD,top_pin_bbox
m1_11885,m1,"[63.0475, 1.82, 63.735, 1.885]",PARENT_INTEGRATION_ROUTER,array_interface_VDD,array_interface_VDD,source_bbox
m1_11885,m1,"[63.0475, 1.82, 63.735, 1.885]",TOP_PIN,VDD,TOP_PIN::VDD,top_pin_bbox
m1_11886,m1,"[63.0475, 0.0, 63.735, 0.065]",PARENT_INTEGRATION_ROUTER,array_interface_VSS,array_interface_VSS,source_bbox
m1_11886,m1,"[63.0475, 0.0, 63.735, 0.065]",TOP_PIN,VSS,TOP_PIN::VSS,top_pin_bbox
m1_11887,m1,"[63.525, 1.6825, 63.59, 1.8525]",PARENT_INTEGRATION_ROUTER,array_interface_VDD,array_interface_VDD,source_bbox
m1_11887,m1,"[63.525, 1.6825, 63.59, 1.8525]",TOP_PIN,VDD,TOP_PIN::VDD,top_pin_bbox
m1_11888,m1,"[63.525, 0.0325, 63.59, 0.2025]",PARENT_INTEGRATION_ROUTER,array_interface_VSS,array_interface_VSS,source_bbox
m1_11888,m1,"[63.525, 0.0325, 63.59, 0.2025]",TOP_PIN,VSS,TOP_PIN::VSS,top_pin_bbox
m1_11896,m1,"[63.14, 0.0, 63.205, 0.135]",PARENT_INTEGRATION_ROUTER,array_interface_VSS,array_interface_VSS,source_bbox
m1_11896,m1,"[63.14, 0.0, 63.205, 0.135]",TOP_PIN,VSS,TOP_PIN::VSS,top_pin_bbox
m1_11897,m1,"[63.14, 1.525, 63.205, 1.885]",PARENT_INTEGRATION_ROUTER,array_interface_VDD,array_interface_VDD,source_bbox
m1_11897,m1,"[63.14, 1.525, 63.205, 1.885]",TOP_PIN,VDD,TOP_PIN::VDD,top_pin_bbox
m1_119,m1,"[118.4625, 2.28, 123.1175, 2.415]",PARENT_INTEGRATION_ROUTER,WL1,WL1,dest_bbox
m1_119,m1,"[118.4625, 2.28, 123.1175, 2.415]",PARENT_INTEGRATION_ROUTER,WL1,WL1,dest_m1_horizontal_bbox
m1_11962,m1,"[63.845, 1.82, 65.545, 1.885]",PARENT_INTEGRATION_ROUTER,array_interface_VDD,array_interface_VDD,source_bbox
m1_11962,m1,"[63.845, 1.82, 65.545, 1.885]",TOP_PIN,VDD,TOP_PIN::VDD,top_pin_bbox
m1_11963,m1,"[63.845, 0.0, 65.545, 0.065]",PARENT_INTEGRATION_ROUTER,array_interface_VSS,array_interface_VSS,source_bbox
m1_11963,m1,"[63.845, 0.0, 65.545, 0.065]",TOP_PIN,VSS,TOP_PIN::VSS,top_pin_bbox
m1_11975,m1,"[63.845, 1.82, 64.7475, 1.885]",PARENT_INTEGRATION_ROUTER,array_interface_VDD,array_interface_VDD,source_bbox
m1_11975,m1,"[63.845, 1.82, 64.7475, 1.885]",TOP_PIN,VDD,TOP_PIN::VDD,top_pin_bbox
m1_11976,m1,"[63.845, 0.0, 64.7475, 0.065]",PARENT_INTEGRATION_ROUTER,array_interface_VSS,array_interface_VSS,source_bbox
m1_11976,m1,"[63.845, 0.0, 64.7475, 0.065]",TOP_PIN,VSS,TOP_PIN::VSS,top_pin_bbox
m1_11977,m1,"[64.5375, 1.6825, 64.6025, 1.8525]",PARENT_INTEGRATION_ROUTER,array_interface_VDD,array_interface_VDD,source_bbox
m1_11977,m1,"[64.5375, 1.6825, 64.6025, 1.8525]",TOP_PIN,VDD,TOP_PIN::VDD,top_pin_bbox
m1_11978,m1,"[64.5375, 0.0325, 64.6025, 0.2025]",PARENT_INTEGRATION_ROUTER,array_interface_VSS,array_interface_VSS,source_bbox
m1_11978,m1,"[64.5375, 0.0325, 64.6025, 0.2025]",TOP_PIN,VSS,TOP_PIN::VSS,top_pin_bbox
m1_11987,m1,"[63.9375, 0.0, 64.0025, 0.18]",PARENT_INTEGRATION_ROUTER,array_interface_VSS,array_interface_VSS,source_bbox
m1_11987,m1,"[63.9375, 0.0, 64.0025, 0.18]",TOP_PIN,VSS,TOP_PIN::VSS,top_pin_bbox
m1_11988,m1,"[63.9375, 1.525, 64.0025, 1.885]",PARENT_INTEGRATION_ROUTER,array_interface_VDD,array_interface_VDD,source_bbox
m1_11988,m1,"[63.9375, 1.525, 64.0025, 1.885]",TOP_PIN,VDD,TOP_PIN::VDD,top_pin_bbox
m1_11989,m1,"[64.3675, 1.525, 64.4325, 1.885]",PARENT_INTEGRATION_ROUTER,array_interface_VDD,array_interface_VDD,source_bbox
m1_11989,m1,"[64.3675, 1.525, 64.4325, 1.885]",TOP_PIN,VDD,TOP_PIN::VDD,top_pin_bbox
m1_120,m1,"[53.25, 0.83, 53.385, 0.965]",PARENT_INTEGRATION_ROUTER,WL2,WL2,source_bbox
m1_120,m1,"[53.25, 0.83, 53.385, 0.965]",PARENT_INTEGRATION_ROUTER,WL2,WL2,source_m1_landing_bbox
m1_120,m1,"[53.25, 0.83, 53.385, 0.965]",TOP_PIN,WL2,TOP_PIN::WL2,top_pin_bbox
m1_1202,m1,"[6.0325, 1.82, 6.72, 1.885]",PARENT_INTEGRATION_ROUTER,array_interface_VDD,array_interface_VDD,source_bbox
m1_1202,m1,"[6.0325, 1.82, 6.72, 1.885]",TOP_PIN,VDD,TOP_PIN::VDD,top_pin_bbox
m1_1203,m1,"[6.0325, 0.0, 6.72, 0.065]",PARENT_INTEGRATION_ROUTER,array_interface_VSS,array_interface_VSS,source_bbox
m1_1203,m1,"[6.0325, 0.0, 6.72, 0.065]",TOP_PIN,VSS,TOP_PIN::VSS,top_pin_bbox
m1_1204,m1,"[6.51, 1.6825, 6.575, 1.8525]",PARENT_INTEGRATION_ROUTER,array_interface_VDD,array_interface_VDD,source_bbox
m1_1204,m1,"[6.51, 1.6825, 6.575, 1.8525]",TOP_PIN,VDD,TOP_PIN::VDD,top_pin_bbox
m1_1205,m1,"[6.51, 0.0325, 6.575, 0.2025]",PARENT_INTEGRATION_ROUTER,array_interface_VSS,array_interface_VSS,source_bbox
m1_1205,m1,"[6.51, 0.0325, 6.575, 0.2025]",TOP_PIN,VSS,TOP_PIN::VSS,top_pin_bbox
m1_12099,m1,"[65.1975, 0.865, 65.2625, 0.93]",PARENT_INTEGRATION_ROUTER,WL5,WL5,source_bbox
m1_12099,m1,"[65.1975, 0.865, 65.2625, 0.93]",PARENT_INTEGRATION_ROUTER,WL5,WL5,source_m1_landing_bbox
m1_12099,m1,"[65.1975, 0.865, 65.2625, 0.93]",TOP_PIN,WL5,TOP_PIN::WL5,top_pin_bbox
m1_12100,m1,"[64.8575, 1.82, 65.545, 1.885]",PARENT_INTEGRATION_ROUTER,array_interface_VDD,array_interface_VDD,source_bbox
m1_12100,m1,"[64.8575, 1.82, 65.545, 1.885]",TOP_PIN,VDD,TOP_PIN::VDD,top_pin_bbox
m1_12101,m1,"[64.8575, 0.0, 65.545, 0.065]",PARENT_INTEGRATION_ROUTER,array_interface_VSS,array_interface_VSS,source_bbox
m1_12101,m1,"[64.8575, 0.0, 65.545, 0.065]",TOP_PIN,VSS,TOP_PIN::VSS,top_pin_bbox
m1_12102,m1,"[65.335, 1.6825, 65.4, 1.8525]",PARENT_INTEGRATION_ROUTER,array_interface_VDD,array_interface_VDD,source_bbox
m1_12102,m1,"[65.335, 1.6825, 65.4, 1.8525]",TOP_PIN,VDD,TOP_PIN::VDD,top_pin_bbox
m1_12103,m1,"[65.335, 0.0325, 65.4, 0.2025]",PARENT_INTEGRATION_ROUTER,array_interface_VSS,array_interface_VSS,source_bbox
m1_12103,m1,"[65.335, 0.0325, 65.4, 0.2025]",TOP_PIN,VSS,TOP_PIN::VSS,top_pin_bbox
m1_12110,m1,"[65.165, 0.135, 65.23, 1.66]",PARENT_INTEGRATION_ROUTER,WL5,WL5,source_bbox
m1_12110,m1,"[65.165, 0.135, 65.23, 1.66]",PARENT_INTEGRATION_ROUTER,WL5,WL5,source_m1_landing_bbox
m1_12110,m1,"[65.165, 0.135, 65.23, 1.66]",TOP_PIN,WL5,TOP_PIN::WL5,top_pin_bbox
m1_12111,m1,"[64.95, 0.0, 65.015, 0.135]",PARENT_INTEGRATION_ROUTER,array_interface_VSS,array_interface_VSS,source_bbox
m1_12111,m1,"[64.95, 0.0, 65.015, 0.135]",TOP_PIN,VSS,TOP_PIN::VSS,top_pin_bbox
m1_12112,m1,"[64.95, 1.525, 65.015, 1.885]",PARENT_INTEGRATION_ROUTER,array_interface_VDD,array_interface_VDD,source_bbox
m1_12112,m1,"[64.95, 1.525, 65.015, 1.885]",TOP_PIN,VDD,TOP_PIN::VDD,top_pin_bbox
m1_12127,m1,"[65.165, 1.525, 65.23, 1.66]",PARENT_INTEGRATION_ROUTER,WL5,WL5,source_bbox
m1_12127,m1,"[65.165, 1.525, 65.23, 1.66]",TOP_PIN,WL5,TOP_PIN::WL5,top_pin_bbox
m1_1213,m1,"[6.125, 0.0, 6.19, 0.135]",PARENT_INTEGRATION_ROUTER,array_interface_VSS,array_interface_VSS,source_bbox
m1_1213,m1,"[6.125, 0.0, 6.19, 0.135]",TOP_PIN,VSS,TOP_PIN::VSS,top_pin_bbox
m1_1214,m1,"[6.125, 1.525, 6.19, 1.885]",PARENT_INTEGRATION_ROUTER,array_interface_VDD,array_interface_VDD,source_bbox
m1_1214,m1,"[6.125, 1.525, 6.19, 1.885]",TOP_PIN,VDD,TOP_PIN::VDD,top_pin_bbox
m1_12148,m1,"[65.165, 0.135, 65.23, 0.27]",PARENT_INTEGRATION_ROUTER,WL5,WL5,source_bbox
m1_12148,m1,"[65.165, 0.135, 65.23, 0.27]",TOP_PIN,WL5,TOP_PIN::WL5,top_pin_bbox
m1_12177,m1,"[65.655, 1.82, 67.7, 1.885]",PARENT_INTEGRATION_ROUTER,array_interface_VDD,array_interface_VDD,source_bbox
m1_12177,m1,"[65.655, 1.82, 67.7, 1.885]",TOP_PIN,VDD,TOP_PIN::VDD,top_pin_bbox
m1_12178,m1,"[65.655, 0.0, 67.7, 0.065]",PARENT_INTEGRATION_ROUTER,array_interface_VSS,array_interface_VSS,source_bbox
m1_12178,m1,"[65.655, 0.0, 67.7, 0.065]",TOP_PIN,VSS,TOP_PIN::VSS,top_pin_bbox
m1_12191,m1,"[65.655, 1.82, 66.9025, 1.885]",PARENT_INTEGRATION_ROUTER,array_interface_VDD,array_interface_VDD,source_bbox
m1_12191,m1,"[65.655, 1.82, 66.9025, 1.885]",TOP_PIN,VDD,TOP_PIN::VDD,top_pin_bbox
m1_12192,m1,"[65.655, 0.0, 66.9025, 0.065]",PARENT_INTEGRATION_ROUTER,array_interface_VSS,array_interface_VSS,source_bbox
m1_12192,m1,"[65.655, 0.0, 66.9025, 0.065]",TOP_PIN,VSS,TOP_PIN::VSS,top_pin_bbox
m1_12193,m1,"[66.6925, 1.6825, 66.7575, 1.8525]",PARENT_INTEGRATION_ROUTER,array_interface_VDD,array_interface_VDD,source_bbox
m1_12193,m1,"[66.6925, 1.6825, 66.7575, 1.8525]",TOP_PIN,VDD,TOP_PIN::VDD,top_pin_bbox
m1_12194,m1,"[66.6925, 0.0325, 66.7575, 0.2025]",PARENT_INTEGRATION_ROUTER,array_interface_VSS,array_interface_VSS,source_bbox
m1_12194,m1,"[66.6925, 0.0325, 66.7575, 0.2025]",TOP_PIN,VSS,TOP_PIN::VSS,top_pin_bbox
m1_12209,m1,"[65.7475, 0.0, 65.8125, 0.18]",PARENT_INTEGRATION_ROUTER,array_interface_VSS,array_interface_VSS,source_bbox
m1_12209,m1,"[65.7475, 0.0, 65.8125, 0.18]",TOP_PIN,VSS,TOP_PIN::VSS,top_pin_bbox
m1_12210,m1,"[65.7475, 1.525, 65.8125, 1.885]",PARENT_INTEGRATION_ROUTER,array_interface_VDD,array_interface_VDD,source_bbox
m1_12210,m1,"[65.7475, 1.525, 65.8125, 1.885]",TOP_PIN,VDD,TOP_PIN::VDD,top_pin_bbox
m1_12211,m1,"[66.1775, 1.525, 66.2425, 1.885]",PARENT_INTEGRATION_ROUTER,array_interface_VDD,array_interface_VDD,source_bbox
m1_12211,m1,"[66.1775, 1.525, 66.2425, 1.885]",TOP_PIN,VDD,TOP_PIN::VDD,top_pin_bbox
m1_12353,m1,"[67.0125, 1.82, 67.7, 1.885]",PARENT_INTEGRATION_ROUTER,array_interface_VDD,array_interface_VDD,source_bbox
m1_12353,m1,"[67.0125, 1.82, 67.7, 1.885]",TOP_PIN,VDD,TOP_PIN::VDD,top_pin_bbox
m1_12354,m1,"[67.0125, 0.0, 67.7, 0.065]",PARENT_INTEGRATION_ROUTER,array_interface_VSS,array_interface_VSS,source_bbox
m1_12354,m1,"[67.0125, 0.0, 67.7, 0.065]",TOP_PIN,VSS,TOP_PIN::VSS,top_pin_bbox
m1_12355,m1,"[67.49, 1.6825, 67.555, 1.8525]",PARENT_INTEGRATION_ROUTER,array_interface_VDD,array_interface_VDD,source_bbox
m1_12355,m1,"[67.49, 1.6825, 67.555, 1.8525]",TOP_PIN,VDD,TOP_PIN::VDD,top_pin_bbox
m1_12356,m1,"[67.49, 0.0325, 67.555, 0.2025]",PARENT_INTEGRATION_ROUTER,array_interface_VSS,array_interface_VSS,source_bbox
m1_12356,m1,"[67.49, 0.0325, 67.555, 0.2025]",TOP_PIN,VSS,TOP_PIN::VSS,top_pin_bbox
m1_12364,m1,"[67.105, 0.0, 67.17, 0.135]",PARENT_INTEGRATION_ROUTER,array_interface_VSS,array_interface_VSS,source_bbox
m1_12364,m1,"[67.105, 0.0, 67.17, 0.135]",TOP_PIN,VSS,TOP_PIN::VSS,top_pin_bbox
m1_12365,m1,"[67.105, 1.525, 67.17, 1.885]",PARENT_INTEGRATION_ROUTER,array_interface_VDD,array_interface_VDD,source_bbox
m1_12365,m1,"[67.105, 1.525, 67.17, 1.885]",TOP_PIN,VDD,TOP_PIN::VDD,top_pin_bbox
m1_12430,m1,"[67.81, 1.82, 69.51, 1.885]",PARENT_INTEGRATION_ROUTER,array_interface_VDD,array_interface_VDD,source_bbox
m1_12430,m1,"[67.81, 1.82, 69.51, 1.885]",TOP_PIN,VDD,TOP_PIN::VDD,top_pin_bbox
m1_12431,m1,"[67.81, 0.0, 69.51, 0.065]",PARENT_INTEGRATION_ROUTER,array_interface_VSS,array_interface_VSS,source_bbox
m1_12431,m1,"[67.81, 0.0, 69.51, 0.065]",TOP_PIN,VSS,TOP_PIN::VSS,top_pin_bbox
m1_12443,m1,"[67.81, 1.82, 68.7125, 1.885]",PARENT_INTEGRATION_ROUTER,array_interface_VDD,array_interface_VDD,source_bbox
m1_12443,m1,"[67.81, 1.82, 68.7125, 1.885]",TOP_PIN,VDD,TOP_PIN::VDD,top_pin_bbox
m1_12444,m1,"[67.81, 0.0, 68.7125, 0.065]",PARENT_INTEGRATION_ROUTER,array_interface_VSS,array_interface_VSS,source_bbox
m1_12444,m1,"[67.81, 0.0, 68.7125, 0.065]",TOP_PIN,VSS,TOP_PIN::VSS,top_pin_bbox
m1_12445,m1,"[68.5025, 1.6825, 68.5675, 1.8525]",PARENT_INTEGRATION_ROUTER,array_interface_VDD,array_interface_VDD,source_bbox
m1_12445,m1,"[68.5025, 1.6825, 68.5675, 1.8525]",TOP_PIN,VDD,TOP_PIN::VDD,top_pin_bbox
m1_12446,m1,"[68.5025, 0.0325, 68.5675, 0.2025]",PARENT_INTEGRATION_ROUTER,array_interface_VSS,array_interface_VSS,source_bbox
m1_12446,m1,"[68.5025, 0.0325, 68.5675, 0.2025]",TOP_PIN,VSS,TOP_PIN::VSS,top_pin_bbox
m1_12455,m1,"[67.9025, 0.0, 67.9675, 0.18]",PARENT_INTEGRATION_ROUTER,array_interface_VSS,array_interface_VSS,source_bbox
m1_12455,m1,"[67.9025, 0.0, 67.9675, 0.18]",TOP_PIN,VSS,TOP_PIN::VSS,top_pin_bbox
m1_12456,m1,"[67.9025, 1.525, 67.9675, 1.885]",PARENT_INTEGRATION_ROUTER,array_interface_VDD,array_interface_VDD,source_bbox
m1_12456,m1,"[67.9025, 1.525, 67.9675, 1.885]",TOP_PIN,VDD,TOP_PIN::VDD,top_pin_bbox
m1_12457,m1,"[68.3325, 1.525, 68.3975, 1.885]",PARENT_INTEGRATION_ROUTER,array_interface_VDD,array_interface_VDD,source_bbox
m1_12457,m1,"[68.3325, 1.525, 68.3975, 1.885]",TOP_PIN,VDD,TOP_PIN::VDD,top_pin_bbox
m1_12567,m1,"[69.1625, 0.865, 69.2275, 0.93]",PARENT_INTEGRATION_ROUTER,WL6,WL6,source_bbox
m1_12567,m1,"[69.1625, 0.865, 69.2275, 0.93]",PARENT_INTEGRATION_ROUTER,WL6,WL6,source_m1_landing_bbox
m1_12567,m1,"[69.1625, 0.865, 69.2275, 0.93]",TOP_PIN,WL6,TOP_PIN::WL6,top_pin_bbox
m1_12568,m1,"[68.8225, 1.82, 69.51, 1.885]",PARENT_INTEGRATION_ROUTER,array_interface_VDD,array_interface_VDD,source_bbox
m1_12568,m1,"[68.8225, 1.82, 69.51, 1.885]",TOP_PIN,VDD,TOP_PIN::VDD,top_pin_bbox
m1_12569,m1,"[68.8225, 0.0, 69.51, 0.065]",PARENT_INTEGRATION_ROUTER,array_interface_VSS,array_interface_VSS,source_bbox
m1_12569,m1,"[68.8225, 0.0, 69.51, 0.065]",TOP_PIN,VSS,TOP_PIN::VSS,top_pin_bbox
m1_12570,m1,"[69.3, 1.6825, 69.365, 1.8525]",PARENT_INTEGRATION_ROUTER,array_interface_VDD,array_interface_VDD,source_bbox
m1_12570,m1,"[69.3, 1.6825, 69.365, 1.8525]",TOP_PIN,VDD,TOP_PIN::VDD,top_pin_bbox
m1_12571,m1,"[69.3, 0.0325, 69.365, 0.2025]",PARENT_INTEGRATION_ROUTER,array_interface_VSS,array_interface_VSS,source_bbox
m1_12571,m1,"[69.3, 0.0325, 69.365, 0.2025]",TOP_PIN,VSS,TOP_PIN::VSS,top_pin_bbox
m1_12578,m1,"[69.13, 0.135, 69.195, 1.66]",PARENT_INTEGRATION_ROUTER,WL6,WL6,source_bbox
m1_12578,m1,"[69.13, 0.135, 69.195, 1.66]",PARENT_INTEGRATION_ROUTER,WL6,WL6,source_m1_landing_bbox
m1_12578,m1,"[69.13, 0.135, 69.195, 1.66]",TOP_PIN,WL6,TOP_PIN::WL6,top_pin_bbox
m1_12579,m1,"[68.915, 0.0, 68.98, 0.135]",PARENT_INTEGRATION_ROUTER,array_interface_VSS,array_interface_VSS,source_bbox
m1_12579,m1,"[68.915, 0.0, 68.98, 0.135]",TOP_PIN,VSS,TOP_PIN::VSS,top_pin_bbox
m1_12580,m1,"[68.915, 1.525, 68.98, 1.885]",PARENT_INTEGRATION_ROUTER,array_interface_VDD,array_interface_VDD,source_bbox
m1_12580,m1,"[68.915, 1.525, 68.98, 1.885]",TOP_PIN,VDD,TOP_PIN::VDD,top_pin_bbox
m1_12595,m1,"[69.13, 1.525, 69.195, 1.66]",PARENT_INTEGRATION_ROUTER,WL6,WL6,source_bbox
m1_12595,m1,"[69.13, 1.525, 69.195, 1.66]",TOP_PIN,WL6,TOP_PIN::WL6,top_pin_bbox
m1_12616,m1,"[69.13, 0.135, 69.195, 0.27]",PARENT_INTEGRATION_ROUTER,WL6,WL6,source_bbox
m1_12616,m1,"[69.13, 0.135, 69.195, 0.27]",TOP_PIN,WL6,TOP_PIN::WL6,top_pin_bbox
m1_12645,m1,"[69.62, 1.82, 71.665, 1.885]",PARENT_INTEGRATION_ROUTER,array_interface_VDD,array_interface_VDD,source_bbox
m1_12645,m1,"[69.62, 1.82, 71.665, 1.885]",TOP_PIN,VDD,TOP_PIN::VDD,top_pin_bbox
m1_12646,m1,"[69.62, 0.0, 71.665, 0.065]",PARENT_INTEGRATION_ROUTER,array_interface_VSS,array_interface_VSS,source_bbox
m1_12646,m1,"[69.62, 0.0, 71.665, 0.065]",TOP_PIN,VSS,TOP_PIN::VSS,top_pin_bbox
m1_12659,m1,"[69.62, 1.82, 70.8675, 1.885]",PARENT_INTEGRATION_ROUTER,array_interface_VDD,array_interface_VDD,source_bbox
m1_12659,m1,"[69.62, 1.82, 70.8675, 1.885]",TOP_PIN,VDD,TOP_PIN::VDD,top_pin_bbox
m1_12660,m1,"[69.62, 0.0, 70.8675, 0.065]",PARENT_INTEGRATION_ROUTER,array_interface_VSS,array_interface_VSS,source_bbox
m1_12660,m1,"[69.62, 0.0, 70.8675, 0.065]",TOP_PIN,VSS,TOP_PIN::VSS,top_pin_bbox
m1_12661,m1,"[70.6575, 1.6825, 70.7225, 1.8525]",PARENT_INTEGRATION_ROUTER,array_interface_VDD,array_interface_VDD,source_bbox
m1_12661,m1,"[70.6575, 1.6825, 70.7225, 1.8525]",TOP_PIN,VDD,TOP_PIN::VDD,top_pin_bbox
m1_12662,m1,"[70.6575, 0.0325, 70.7225, 0.2025]",PARENT_INTEGRATION_ROUTER,array_interface_VSS,array_interface_VSS,source_bbox
m1_12662,m1,"[70.6575, 0.0325, 70.7225, 0.2025]",TOP_PIN,VSS,TOP_PIN::VSS,top_pin_bbox
m1_12677,m1,"[69.7125, 0.0, 69.7775, 0.18]",PARENT_INTEGRATION_ROUTER,array_interface_VSS,array_interface_VSS,source_bbox
m1_12677,m1,"[69.7125, 0.0, 69.7775, 0.18]",TOP_PIN,VSS,TOP_PIN::VSS,top_pin_bbox
m1_12678,m1,"[69.7125, 1.525, 69.7775, 1.885]",PARENT_INTEGRATION_ROUTER,array_interface_VDD,array_interface_VDD,source_bbox
m1_12678,m1,"[69.7125, 1.525, 69.7775, 1.885]",TOP_PIN,VDD,TOP_PIN::VDD,top_pin_bbox
m1_12679,m1,"[70.1425, 1.525, 70.2075, 1.885]",PARENT_INTEGRATION_ROUTER,array_interface_VDD,array_interface_VDD,source_bbox
m1_12679,m1,"[70.1425, 1.525, 70.2075, 1.885]",TOP_PIN,VDD,TOP_PIN::VDD,top_pin_bbox
m1_1279,m1,"[6.83, 1.82, 8.875, 1.885]",PARENT_INTEGRATION_ROUTER,array_interface_VDD,array_interface_VDD,source_bbox
m1_1279,m1,"[6.83, 1.82, 8.875, 1.885]",TOP_PIN,VDD,TOP_PIN::VDD,top_pin_bbox
m1_1280,m1,"[6.83, 0.0, 8.875, 0.065]",PARENT_INTEGRATION_ROUTER,array_interface_VSS,array_interface_VSS,source_bbox
m1_1280,m1,"[6.83, 0.0, 8.875, 0.065]",TOP_PIN,VSS,TOP_PIN::VSS,top_pin_bbox
m1_12821,m1,"[70.9775, 1.82, 71.665, 1.885]",PARENT_INTEGRATION_ROUTER,array_interface_VDD,array_interface_VDD,source_bbox
m1_12821,m1,"[70.9775, 1.82, 71.665, 1.885]",TOP_PIN,VDD,TOP_PIN::VDD,top_pin_bbox
m1_12822,m1,"[70.9775, 0.0, 71.665, 0.065]",PARENT_INTEGRATION_ROUTER,array_interface_VSS,array_interface_VSS,source_bbox
m1_12822,m1,"[70.9775, 0.0, 71.665, 0.065]",TOP_PIN,VSS,TOP_PIN::VSS,top_pin_bbox
m1_12823,m1,"[71.455, 1.6825, 71.52, 1.8525]",PARENT_INTEGRATION_ROUTER,array_interface_VDD,array_interface_VDD,source_bbox
m1_12823,m1,"[71.455, 1.6825, 71.52, 1.8525]",TOP_PIN,VDD,TOP_PIN::VDD,top_pin_bbox
m1_12824,m1,"[71.455, 0.0325, 71.52, 0.2025]",PARENT_INTEGRATION_ROUTER,array_interface_VSS,array_interface_VSS,source_bbox
m1_12824,m1,"[71.455, 0.0325, 71.52, 0.2025]",TOP_PIN,VSS,TOP_PIN::VSS,top_pin_bbox
m1_12832,m1,"[71.07, 0.0, 71.135, 0.135]",PARENT_INTEGRATION_ROUTER,array_interface_VSS,array_interface_VSS,source_bbox
m1_12832,m1,"[71.07, 0.0, 71.135, 0.135]",TOP_PIN,VSS,TOP_PIN::VSS,top_pin_bbox
m1_12833,m1,"[71.07, 1.525, 71.135, 1.885]",PARENT_INTEGRATION_ROUTER,array_interface_VDD,array_interface_VDD,source_bbox
m1_12833,m1,"[71.07, 1.525, 71.135, 1.885]",TOP_PIN,VDD,TOP_PIN::VDD,top_pin_bbox
m1_12898,m1,"[71.775, 1.82, 73.475, 1.885]",PARENT_INTEGRATION_ROUTER,array_interface_VDD,array_interface_VDD,source_bbox
m1_12898,m1,"[71.775, 1.82, 73.475, 1.885]",TOP_PIN,VDD,TOP_PIN::VDD,top_pin_bbox
m1_12899,m1,"[71.775, 0.0, 73.475, 0.065]",PARENT_INTEGRATION_ROUTER,array_interface_VSS,array_interface_VSS,source_bbox
m1_12899,m1,"[71.775, 0.0, 73.475, 0.065]",TOP_PIN,VSS,TOP_PIN::VSS,top_pin_bbox
m1_12911,m1,"[71.775, 1.82, 72.6775, 1.885]",PARENT_INTEGRATION_ROUTER,array_interface_VDD,array_interface_VDD,source_bbox
m1_12911,m1,"[71.775, 1.82, 72.6775, 1.885]",TOP_PIN,VDD,TOP_PIN::VDD,top_pin_bbox
m1_12912,m1,"[71.775, 0.0, 72.6775, 0.065]",PARENT_INTEGRATION_ROUTER,array_interface_VSS,array_interface_VSS,source_bbox
m1_12912,m1,"[71.775, 0.0, 72.6775, 0.065]",TOP_PIN,VSS,TOP_PIN::VSS,top_pin_bbox
m1_12913,m1,"[72.4675, 1.6825, 72.5325, 1.8525]",PARENT_INTEGRATION_ROUTER,array_interface_VDD,array_interface_VDD,source_bbox
m1_12913,m1,"[72.4675, 1.6825, 72.5325, 1.8525]",TOP_PIN,VDD,TOP_PIN::VDD,top_pin_bbox
m1_12914,m1,"[72.4675, 0.0325, 72.5325, 0.2025]",PARENT_INTEGRATION_ROUTER,array_interface_VSS,array_interface_VSS,source_bbox
m1_12914,m1,"[72.4675, 0.0325, 72.5325, 0.2025]",TOP_PIN,VSS,TOP_PIN::VSS,top_pin_bbox
m1_12923,m1,"[71.8675, 0.0, 71.9325, 0.18]",PARENT_INTEGRATION_ROUTER,array_interface_VSS,array_interface_VSS,source_bbox
m1_12923,m1,"[71.8675, 0.0, 71.9325, 0.18]",TOP_PIN,VSS,TOP_PIN::VSS,top_pin_bbox
m1_12924,m1,"[71.8675, 1.525, 71.9325, 1.885]",PARENT_INTEGRATION_ROUTER,array_interface_VDD,array_interface_VDD,source_bbox
m1_12924,m1,"[71.8675, 1.525, 71.9325, 1.885]",TOP_PIN,VDD,TOP_PIN::VDD,top_pin_bbox
m1_12925,m1,"[72.2975, 1.525, 72.3625, 1.885]",PARENT_INTEGRATION_ROUTER,array_interface_VDD,array_interface_VDD,source_bbox
m1_12925,m1,"[72.2975, 1.525, 72.3625, 1.885]",TOP_PIN,VDD,TOP_PIN::VDD,top_pin_bbox
m1_1293,m1,"[6.83, 1.82, 8.0775, 1.885]",PARENT_INTEGRATION_ROUTER,array_interface_VDD,array_interface_VDD,source_bbox
m1_1293,m1,"[6.83, 1.82, 8.0775, 1.885]",TOP_PIN,VDD,TOP_PIN::VDD,top_pin_bbox
m1_1294,m1,"[6.83, 0.0, 8.0775, 0.065]",PARENT_INTEGRATION_ROUTER,array_interface_VSS,array_interface_VSS,source_bbox
m1_1294,m1,"[6.83, 0.0, 8.0775, 0.065]",TOP_PIN,VSS,TOP_PIN::VSS,top_pin_bbox
m1_1295,m1,"[7.8675, 1.6825, 7.9325, 1.8525]",PARENT_INTEGRATION_ROUTER,array_interface_VDD,array_interface_VDD,source_bbox
m1_1295,m1,"[7.8675, 1.6825, 7.9325, 1.8525]",TOP_PIN,VDD,TOP_PIN::VDD,top_pin_bbox
m1_1296,m1,"[7.8675, 0.0325, 7.9325, 0.2025]",PARENT_INTEGRATION_ROUTER,array_interface_VSS,array_interface_VSS,source_bbox
m1_1296,m1,"[7.8675, 0.0325, 7.9325, 0.2025]",TOP_PIN,VSS,TOP_PIN::VSS,top_pin_bbox
m1_130,m1,"[118.4625, 3.845, 122.8375, 3.98]",PARENT_INTEGRATION_ROUTER,WL2,WL2,dest_bbox
m1_130,m1,"[118.4625, 3.845, 122.8375, 3.98]",PARENT_INTEGRATION_ROUTER,WL2,WL2,dest_m1_horizontal_bbox
m1_13035,m1,"[73.1275, 0.865, 73.1925, 0.93]",PARENT_INTEGRATION_ROUTER,WL7,WL7,source_bbox
m1_13035,m1,"[73.1275, 0.865, 73.1925, 0.93]",PARENT_INTEGRATION_ROUTER,WL7,WL7,source_m1_landing_bbox
m1_13035,m1,"[73.1275, 0.865, 73.1925, 0.93]",TOP_PIN,WL7,TOP_PIN::WL7,top_pin_bbox
m1_13036,m1,"[72.7875, 1.82, 73.475, 1.885]",PARENT_INTEGRATION_ROUTER,array_interface_VDD,array_interface_VDD,source_bbox
m1_13036,m1,"[72.7875, 1.82, 73.475, 1.885]",TOP_PIN,VDD,TOP_PIN::VDD,top_pin_bbox
m1_13037,m1,"[72.7875, 0.0, 73.475, 0.065]",PARENT_INTEGRATION_ROUTER,array_interface_VSS,array_interface_VSS,source_bbox
m1_13037,m1,"[72.7875, 0.0, 73.475, 0.065]",TOP_PIN,VSS,TOP_PIN::VSS,top_pin_bbox
m1_13038,m1,"[73.265, 1.6825, 73.33, 1.8525]",PARENT_INTEGRATION_ROUTER,array_interface_VDD,array_interface_VDD,source_bbox
m1_13038,m1,"[73.265, 1.6825, 73.33, 1.8525]",TOP_PIN,VDD,TOP_PIN::VDD,top_pin_bbox
m1_13039,m1,"[73.265, 0.0325, 73.33, 0.2025]",PARENT_INTEGRATION_ROUTER,array_interface_VSS,array_interface_VSS,source_bbox
m1_13039,m1,"[73.265, 0.0325, 73.33, 0.2025]",TOP_PIN,VSS,TOP_PIN::VSS,top_pin_bbox
m1_13046,m1,"[73.095, 0.135, 73.16, 1.66]",PARENT_INTEGRATION_ROUTER,WL7,WL7,source_bbox
m1_13046,m1,"[73.095, 0.135, 73.16, 1.66]",PARENT_INTEGRATION_ROUTER,WL7,WL7,source_m1_landing_bbox
m1_13046,m1,"[73.095, 0.135, 73.16, 1.66]",TOP_PIN,WL7,TOP_PIN::WL7,top_pin_bbox
m1_13047,m1,"[72.88, 0.0, 72.945, 0.135]",PARENT_INTEGRATION_ROUTER,array_interface_VSS,array_interface_VSS,source_bbox
m1_13047,m1,"[72.88, 0.0, 72.945, 0.135]",TOP_PIN,VSS,TOP_PIN::VSS,top_pin_bbox
m1_13048,m1,"[72.88, 1.525, 72.945, 1.885]",PARENT_INTEGRATION_ROUTER,array_interface_VDD,array_interface_VDD,source_bbox
m1_13048,m1,"[72.88, 1.525, 72.945, 1.885]",TOP_PIN,VDD,TOP_PIN::VDD,top_pin_bbox
m1_13063,m1,"[73.095, 1.525, 73.16, 1.66]",PARENT_INTEGRATION_ROUTER,WL7,WL7,source_bbox
m1_13063,m1,"[73.095, 1.525, 73.16, 1.66]",TOP_PIN,WL7,TOP_PIN::WL7,top_pin_bbox
m1_13084,m1,"[73.095, 0.135, 73.16, 0.27]",PARENT_INTEGRATION_ROUTER,WL7,WL7,source_bbox
m1_13084,m1,"[73.095, 0.135, 73.16, 0.27]",TOP_PIN,WL7,TOP_PIN::WL7,top_pin_bbox
m1_131,m1,"[57.215, 0.83, 57.35, 0.965]",PARENT_INTEGRATION_ROUTER,WL3,WL3,source_bbox
m1_131,m1,"[57.215, 0.83, 57.35, 0.965]",PARENT_INTEGRATION_ROUTER,WL3,WL3,source_m1_landing_bbox
m1_131,m1,"[57.215, 0.83, 57.35, 0.965]",TOP_PIN,WL3,TOP_PIN::WL3,top_pin_bbox
m1_1311,m1,"[6.9225, 0.0, 6.9875, 0.18]",PARENT_INTEGRATION_ROUTER,array_interface_VSS,array_interface_VSS,source_bbox
m1_1311,m1,"[6.9225, 0.0, 6.9875, 0.18]",TOP_PIN,VSS,TOP_PIN::VSS,top_pin_bbox
m1_1312,m1,"[6.9225, 1.525, 6.9875, 1.885]",PARENT_INTEGRATION_ROUTER,array_interface_VDD,array_interface_VDD,source_bbox
m1_1312,m1,"[6.9225, 1.525, 6.9875, 1.885]",TOP_PIN,VDD,TOP_PIN::VDD,top_pin_bbox
m1_1313,m1,"[7.3525, 1.525, 7.4175, 1.885]",PARENT_INTEGRATION_ROUTER,array_interface_VDD,array_interface_VDD,source_bbox
m1_1313,m1,"[7.3525, 1.525, 7.4175, 1.885]",TOP_PIN,VDD,TOP_PIN::VDD,top_pin_bbox
m1_141,m1,"[118.4625, 5.41, 122.5575, 5.545]",PARENT_INTEGRATION_ROUTER,WL3,WL3,dest_bbox
m1_141,m1,"[118.4625, 5.41, 122.5575, 5.545]",PARENT_INTEGRATION_ROUTER,WL3,WL3,dest_m1_horizontal_bbox
m1_142,m1,"[61.18, 0.83, 61.315, 0.965]",PARENT_INTEGRATION_ROUTER,WL4,WL4,source_bbox
m1_142,m1,"[61.18, 0.83, 61.315, 0.965]",PARENT_INTEGRATION_ROUTER,WL4,WL4,source_m1_landing_bbox
m1_142,m1,"[61.18, 0.83, 61.315, 0.965]",TOP_PIN,WL4,TOP_PIN::WL4,top_pin_bbox
m1_1455,m1,"[8.1875, 1.82, 8.875, 1.885]",PARENT_INTEGRATION_ROUTER,array_interface_VDD,array_interface_VDD,source_bbox
m1_1455,m1,"[8.1875, 1.82, 8.875, 1.885]",TOP_PIN,VDD,TOP_PIN::VDD,top_pin_bbox
m1_1456,m1,"[8.1875, 0.0, 8.875, 0.065]",PARENT_INTEGRATION_ROUTER,array_interface_VSS,array_interface_VSS,source_bbox
m1_1456,m1,"[8.1875, 0.0, 8.875, 0.065]",TOP_PIN,VSS,TOP_PIN::VSS,top_pin_bbox
m1_1457,m1,"[8.665, 1.6825, 8.73, 1.8525]",PARENT_INTEGRATION_ROUTER,array_interface_VDD,array_interface_VDD,source_bbox
m1_1457,m1,"[8.665, 1.6825, 8.73, 1.8525]",TOP_PIN,VDD,TOP_PIN::VDD,top_pin_bbox
m1_1458,m1,"[8.665, 0.0325, 8.73, 0.2025]",PARENT_INTEGRATION_ROUTER,array_interface_VSS,array_interface_VSS,source_bbox
m1_1458,m1,"[8.665, 0.0325, 8.73, 0.2025]",TOP_PIN,VSS,TOP_PIN::VSS,top_pin_bbox
m1_1466,m1,"[8.28, 0.0, 8.345, 0.135]",PARENT_INTEGRATION_ROUTER,array_interface_VSS,array_interface_VSS,source_bbox
m1_1466,m1,"[8.28, 0.0, 8.345, 0.135]",TOP_PIN,VSS,TOP_PIN::VSS,top_pin_bbox
m1_1467,m1,"[8.28, 1.525, 8.345, 1.885]",PARENT_INTEGRATION_ROUTER,array_interface_VDD,array_interface_VDD,source_bbox
m1_1467,m1,"[8.28, 1.525, 8.345, 1.885]",TOP_PIN,VDD,TOP_PIN::VDD,top_pin_bbox
m1_15,m1,"[-1.4175, 1.82, 0.4725, 1.885]",PARENT_INTEGRATION_ROUTER,array_interface_VDD,array_interface_VDD,source_bbox
m1_15,m1,"[-1.4175, 1.82, 0.4725, 1.885]",TOP_PIN,VDD,TOP_PIN::VDD,top_pin_bbox
m1_152,m1,"[118.4625, 6.975, 122.2775, 7.11]",PARENT_INTEGRATION_ROUTER,WL4,WL4,dest_bbox
m1_152,m1,"[118.4625, 6.975, 122.2775, 7.11]",PARENT_INTEGRATION_ROUTER,WL4,WL4,dest_m1_horizontal_bbox
m1_153,m1,"[65.1475, 0.83, 65.28, 0.965]",PARENT_INTEGRATION_ROUTER,WL5,WL5,source_bbox
m1_153,m1,"[65.1475, 0.83, 65.28, 0.965]",PARENT_INTEGRATION_ROUTER,WL5,WL5,source_m1_landing_bbox
m1_153,m1,"[65.1475, 0.83, 65.28, 0.965]",TOP_PIN,WL5,TOP_PIN::WL5,top_pin_bbox
m1_1532,m1,"[8.985, 1.82, 10.685, 1.885]",PARENT_INTEGRATION_ROUTER,array_interface_VDD,array_interface_VDD,source_bbox
m1_1532,m1,"[8.985, 1.82, 10.685, 1.885]",TOP_PIN,VDD,TOP_PIN::VDD,top_pin_bbox
m1_1533,m1,"[8.985, 0.0, 10.685, 0.065]",PARENT_INTEGRATION_ROUTER,array_interface_VSS,array_interface_VSS,source_bbox
m1_1533,m1,"[8.985, 0.0, 10.685, 0.065]",TOP_PIN,VSS,TOP_PIN::VSS,top_pin_bbox
m1_1545,m1,"[8.985, 1.82, 9.8875, 1.885]",PARENT_INTEGRATION_ROUTER,array_interface_VDD,array_interface_VDD,source_bbox
m1_1545,m1,"[8.985, 1.82, 9.8875, 1.885]",TOP_PIN,VDD,TOP_PIN::VDD,top_pin_bbox
m1_1546,m1,"[8.985, 0.0, 9.8875, 0.065]",PARENT_INTEGRATION_ROUTER,array_interface_VSS,array_interface_VSS,source_bbox
m1_1546,m1,"[8.985, 0.0, 9.8875, 0.065]",TOP_PIN,VSS,TOP_PIN::VSS,top_pin_bbox
m1_1547,m1,"[9.6775, 1.6825, 9.7425, 1.8525]",PARENT_INTEGRATION_ROUTER,array_interface_VDD,array_interface_VDD,source_bbox
m1_1547,m1,"[9.6775, 1.6825, 9.7425, 1.8525]",TOP_PIN,VDD,TOP_PIN::VDD,top_pin_bbox
m1_1548,m1,"[9.6775, 0.0325, 9.7425, 0.2025]",PARENT_INTEGRATION_ROUTER,array_interface_VSS,array_interface_VSS,source_bbox
m1_1548,m1,"[9.6775, 0.0325, 9.7425, 0.2025]",TOP_PIN,VSS,TOP_PIN::VSS,top_pin_bbox
m1_1557,m1,"[9.0775, 0.0, 9.1425, 0.18]",PARENT_INTEGRATION_ROUTER,array_interface_VSS,array_interface_VSS,source_bbox
m1_1557,m1,"[9.0775, 0.0, 9.1425, 0.18]",TOP_PIN,VSS,TOP_PIN::VSS,top_pin_bbox
m1_1558,m1,"[9.0775, 1.525, 9.1425, 1.885]",PARENT_INTEGRATION_ROUTER,array_interface_VDD,array_interface_VDD,source_bbox
m1_1558,m1,"[9.0775, 1.525, 9.1425, 1.885]",TOP_PIN,VDD,TOP_PIN::VDD,top_pin_bbox
m1_1559,m1,"[9.5075, 1.525, 9.5725, 1.885]",PARENT_INTEGRATION_ROUTER,array_interface_VDD,array_interface_VDD,source_bbox
m1_1559,m1,"[9.5075, 1.525, 9.5725, 1.885]",TOP_PIN,VDD,TOP_PIN::VDD,top_pin_bbox
m1_163,m1,"[118.4625, 8.54, 121.9975, 8.675]",PARENT_INTEGRATION_ROUTER,WL5,WL5,dest_bbox
m1_163,m1,"[118.4625, 8.54, 121.9975, 8.675]",PARENT_INTEGRATION_ROUTER,WL5,WL5,dest_m1_horizontal_bbox
m1_164,m1,"[69.11, 0.83, 69.245, 0.965]",PARENT_INTEGRATION_ROUTER,WL6,WL6,source_bbox
m1_164,m1,"[69.11, 0.83, 69.245, 0.965]",PARENT_INTEGRATION_ROUTER,WL6,WL6,source_m1_landing_bbox
m1_164,m1,"[69.11, 0.83, 69.245, 0.965]",TOP_PIN,WL6,TOP_PIN::WL6,top_pin_bbox
m1_1670,m1,"[9.9975, 1.82, 10.685, 1.885]",PARENT_INTEGRATION_ROUTER,array_interface_VDD,array_interface_VDD,source_bbox
m1_1670,m1,"[9.9975, 1.82, 10.685, 1.885]",TOP_PIN,VDD,TOP_PIN::VDD,top_pin_bbox
m1_1671,m1,"[9.9975, 0.0, 10.685, 0.065]",PARENT_INTEGRATION_ROUTER,array_interface_VSS,array_interface_VSS,source_bbox
m1_1671,m1,"[9.9975, 0.0, 10.685, 0.065]",TOP_PIN,VSS,TOP_PIN::VSS,top_pin_bbox
m1_1672,m1,"[10.475, 1.6825, 10.54, 1.8525]",PARENT_INTEGRATION_ROUTER,array_interface_VDD,array_interface_VDD,source_bbox
m1_1672,m1,"[10.475, 1.6825, 10.54, 1.8525]",TOP_PIN,VDD,TOP_PIN::VDD,top_pin_bbox
m1_1673,m1,"[10.475, 0.0325, 10.54, 0.2025]",PARENT_INTEGRATION_ROUTER,array_interface_VSS,array_interface_VSS,source_bbox
m1_1673,m1,"[10.475, 0.0325, 10.54, 0.2025]",TOP_PIN,VSS,TOP_PIN::VSS,top_pin_bbox
m1_1681,m1,"[10.09, 0.0, 10.155, 0.135]",PARENT_INTEGRATION_ROUTER,array_interface_VSS,array_interface_VSS,source_bbox
m1_1681,m1,"[10.09, 0.0, 10.155, 0.135]",TOP_PIN,VSS,TOP_PIN::VSS,top_pin_bbox
m1_1682,m1,"[10.09, 1.525, 10.155, 1.885]",PARENT_INTEGRATION_ROUTER,array_interface_VDD,array_interface_VDD,source_bbox
m1_1682,m1,"[10.09, 1.525, 10.155, 1.885]",TOP_PIN,VDD,TOP_PIN::VDD,top_pin_bbox
m1_174,m1,"[118.4625, 10.105, 121.7175, 10.24]",PARENT_INTEGRATION_ROUTER,WL6,WL6,dest_bbox
m1_174,m1,"[118.4625, 10.105, 121.7175, 10.24]",PARENT_INTEGRATION_ROUTER,WL6,WL6,dest_m1_horizontal_bbox
m1_1747,m1,"[10.795, 1.82, 12.84, 1.885]",PARENT_INTEGRATION_ROUTER,array_interface_VDD,array_interface_VDD,source_bbox
m1_1747,m1,"[10.795, 1.82, 12.84, 1.885]",TOP_PIN,VDD,TOP_PIN::VDD,top_pin_bbox
m1_1748,m1,"[10.795, 0.0, 12.84, 0.065]",PARENT_INTEGRATION_ROUTER,array_interface_VSS,array_interface_VSS,source_bbox
m1_1748,m1,"[10.795, 0.0, 12.84, 0.065]",TOP_PIN,VSS,TOP_PIN::VSS,top_pin_bbox
m1_175,m1,"[73.075, 0.83, 73.21, 0.965]",PARENT_INTEGRATION_ROUTER,WL7,WL7,source_bbox
m1_175,m1,"[73.075, 0.83, 73.21, 0.965]",PARENT_INTEGRATION_ROUTER,WL7,WL7,source_m1_landing_bbox
m1_175,m1,"[73.075, 0.83, 73.21, 0.965]",TOP_PIN,WL7,TOP_PIN::WL7,top_pin_bbox
m1_1761,m1,"[10.795, 1.82, 12.0425, 1.885]",PARENT_INTEGRATION_ROUTER,array_interface_VDD,array_interface_VDD,source_bbox
m1_1761,m1,"[10.795, 1.82, 12.0425, 1.885]",TOP_PIN,VDD,TOP_PIN::VDD,top_pin_bbox
m1_1762,m1,"[10.795, 0.0, 12.0425, 0.065]",PARENT_INTEGRATION_ROUTER,array_interface_VSS,array_interface_VSS,source_bbox
m1_1762,m1,"[10.795, 0.0, 12.0425, 0.065]",TOP_PIN,VSS,TOP_PIN::VSS,top_pin_bbox
m1_1763,m1,"[11.8325, 1.6825, 11.8975, 1.8525]",PARENT_INTEGRATION_ROUTER,array_interface_VDD,array_interface_VDD,source_bbox
m1_1763,m1,"[11.8325, 1.6825, 11.8975, 1.8525]",TOP_PIN,VDD,TOP_PIN::VDD,top_pin_bbox
m1_1764,m1,"[11.8325, 0.0325, 11.8975, 0.2025]",PARENT_INTEGRATION_ROUTER,array_interface_VSS,array_interface_VSS,source_bbox
m1_1764,m1,"[11.8325, 0.0325, 11.8975, 0.2025]",TOP_PIN,VSS,TOP_PIN::VSS,top_pin_bbox
m1_1779,m1,"[10.8875, 0.0, 10.9525, 0.18]",PARENT_INTEGRATION_ROUTER,array_interface_VSS,array_interface_VSS,source_bbox
m1_1779,m1,"[10.8875, 0.0, 10.9525, 0.18]",TOP_PIN,VSS,TOP_PIN::VSS,top_pin_bbox
m1_1780,m1,"[10.8875, 1.525, 10.9525, 1.885]",PARENT_INTEGRATION_ROUTER,array_interface_VDD,array_interface_VDD,source_bbox
m1_1780,m1,"[10.8875, 1.525, 10.9525, 1.885]",TOP_PIN,VDD,TOP_PIN::VDD,top_pin_bbox
m1_1781,m1,"[11.3175, 1.525, 11.3825, 1.885]",PARENT_INTEGRATION_ROUTER,array_interface_VDD,array_interface_VDD,source_bbox
m1_1781,m1,"[11.3175, 1.525, 11.3825, 1.885]",TOP_PIN,VDD,TOP_PIN::VDD,top_pin_bbox
m1_185,m1,"[118.4625, 11.67, 121.4375, 11.805]",PARENT_INTEGRATION_ROUTER,WL7,WL7,dest_bbox
m1_185,m1,"[118.4625, 11.67, 121.4375, 11.805]",PARENT_INTEGRATION_ROUTER,WL7,WL7,dest_m1_horizontal_bbox
m1_186,m1,"[84.32, 0.83, 84.455, 0.965]",PARENT_INTEGRATION_ROUTER,WL8,WL8,source_bbox
m1_186,m1,"[84.32, 0.83, 84.455, 0.965]",PARENT_INTEGRATION_ROUTER,WL8,WL8,source_m1_landing_bbox
m1_186,m1,"[84.32, 0.83, 84.455, 0.965]",TOP_PIN,WL8,TOP_PIN::WL8,top_pin_bbox
m1_1923,m1,"[12.1525, 1.82, 12.84, 1.885]",PARENT_INTEGRATION_ROUTER,array_interface_VDD,array_interface_VDD,source_bbox
m1_1923,m1,"[12.1525, 1.82, 12.84, 1.885]",TOP_PIN,VDD,TOP_PIN::VDD,top_pin_bbox
m1_1924,m1,"[12.1525, 0.0, 12.84, 0.065]",PARENT_INTEGRATION_ROUTER,array_interface_VSS,array_interface_VSS,source_bbox
m1_1924,m1,"[12.1525, 0.0, 12.84, 0.065]",TOP_PIN,VSS,TOP_PIN::VSS,top_pin_bbox
m1_1925,m1,"[12.63, 1.6825, 12.695, 1.8525]",PARENT_INTEGRATION_ROUTER,array_interface_VDD,array_interface_VDD,source_bbox
m1_1925,m1,"[12.63, 1.6825, 12.695, 1.8525]",TOP_PIN,VDD,TOP_PIN::VDD,top_pin_bbox
m1_1926,m1,"[12.63, 0.0325, 12.695, 0.2025]",PARENT_INTEGRATION_ROUTER,array_interface_VSS,array_interface_VSS,source_bbox
m1_1926,m1,"[12.63, 0.0325, 12.695, 0.2025]",TOP_PIN,VSS,TOP_PIN::VSS,top_pin_bbox
m1_1934,m1,"[12.245, 0.0, 12.31, 0.135]",PARENT_INTEGRATION_ROUTER,array_interface_VSS,array_interface_VSS,source_bbox
m1_1934,m1,"[12.245, 0.0, 12.31, 0.135]",TOP_PIN,VSS,TOP_PIN::VSS,top_pin_bbox
m1_1935,m1,"[12.245, 1.525, 12.31, 1.885]",PARENT_INTEGRATION_ROUTER,array_interface_VDD,array_interface_VDD,source_bbox
m1_1935,m1,"[12.245, 1.525, 12.31, 1.885]",TOP_PIN,VDD,TOP_PIN::VDD,top_pin_bbox
m1_196,m1,"[118.4625, 13.235, 121.1575, 13.37]",PARENT_INTEGRATION_ROUTER,WL8,WL8,dest_bbox
m1_196,m1,"[118.4625, 13.235, 121.1575, 13.37]",PARENT_INTEGRATION_ROUTER,WL8,WL8,dest_m1_horizontal_bbox
m1_197,m1,"[88.285, 0.83, 88.42, 0.965]",PARENT_INTEGRATION_ROUTER,WL9,WL9,source_bbox
m1_197,m1,"[88.285, 0.83, 88.42, 0.965]",PARENT_INTEGRATION_ROUTER,WL9,WL9,source_m1_landing_bbox
m1_197,m1,"[88.285, 0.83, 88.42, 0.965]",TOP_PIN,WL9,TOP_PIN::WL9,top_pin_bbox
m1_2,m1,"[-1.0175, 0.0, 0.4725, 0.065]",PARENT_INTEGRATION_ROUTER,array_interface_VSS,array_interface_VSS,source_bbox
m1_2,m1,"[-1.0175, 0.0, 0.4725, 0.065]",TOP_PIN,VSS,TOP_PIN::VSS,top_pin_bbox
m1_2000,m1,"[12.95, 1.82, 14.65, 1.885]",PARENT_INTEGRATION_ROUTER,array_interface_VDD,array_interface_VDD,source_bbox
m1_2000,m1,"[12.95, 1.82, 14.65, 1.885]",TOP_PIN,VDD,TOP_PIN::VDD,top_pin_bbox
m1_2001,m1,"[12.95, 0.0, 14.65, 0.065]",PARENT_INTEGRATION_ROUTER,array_interface_VSS,array_interface_VSS,source_bbox
m1_2001,m1,"[12.95, 0.0, 14.65, 0.065]",TOP_PIN,VSS,TOP_PIN::VSS,top_pin_bbox
m1_2013,m1,"[12.95, 1.82, 13.8525, 1.885]",PARENT_INTEGRATION_ROUTER,array_interface_VDD,array_interface_VDD,source_bbox
m1_2013,m1,"[12.95, 1.82, 13.8525, 1.885]",TOP_PIN,VDD,TOP_PIN::VDD,top_pin_bbox
m1_2014,m1,"[12.95, 0.0, 13.8525, 0.065]",PARENT_INTEGRATION_ROUTER,array_interface_VSS,array_interface_VSS,source_bbox
m1_2014,m1,"[12.95, 0.0, 13.8525, 0.065]",TOP_PIN,VSS,TOP_PIN::VSS,top_pin_bbox
m1_2015,m1,"[13.6425, 1.6825, 13.7075, 1.8525]",PARENT_INTEGRATION_ROUTER,array_interface_VDD,array_interface_VDD,source_bbox
m1_2015,m1,"[13.6425, 1.6825, 13.7075, 1.8525]",TOP_PIN,VDD,TOP_PIN::VDD,top_pin_bbox
m1_2016,m1,"[13.6425, 0.0325, 13.7075, 0.2025]",PARENT_INTEGRATION_ROUTER,array_interface_VSS,array_interface_VSS,source_bbox
m1_2016,m1,"[13.6425, 0.0325, 13.7075, 0.2025]",TOP_PIN,VSS,TOP_PIN::VSS,top_pin_bbox
m1_2025,m1,"[13.0425, 0.0, 13.1075, 0.18]",PARENT_INTEGRATION_ROUTER,array_interface_VSS,array_interface_VSS,source_bbox
m1_2025,m1,"[13.0425, 0.0, 13.1075, 0.18]",TOP_PIN,VSS,TOP_PIN::VSS,top_pin_bbox
m1_2026,m1,"[13.0425, 1.525, 13.1075, 1.885]",PARENT_INTEGRATION_ROUTER,array_interface_VDD,array_interface_VDD,source_bbox
m1_2026,m1,"[13.0425, 1.525, 13.1075, 1.885]",TOP_PIN,VDD,TOP_PIN::VDD,top_pin_bbox
m1_2027,m1,"[13.4725, 1.525, 13.5375, 1.885]",PARENT_INTEGRATION_ROUTER,array_interface_VDD,array_interface_VDD,source_bbox
m1_2027,m1,"[13.4725, 1.525, 13.5375, 1.885]",TOP_PIN,VDD,TOP_PIN::VDD,top_pin_bbox
m1_207,m1,"[118.4625, 14.8, 120.8775, 14.935]",PARENT_INTEGRATION_ROUTER,WL9,WL9,dest_bbox
m1_207,m1,"[118.4625, 14.8, 120.8775, 14.935]",PARENT_INTEGRATION_ROUTER,WL9,WL9,dest_m1_horizontal_bbox
m1_208,m1,"[92.25, 0.83, 92.385, 0.965]",PARENT_INTEGRATION_ROUTER,WL10,WL10,source_bbox
m1_208,m1,"[92.25, 0.83, 92.385, 0.965]",PARENT_INTEGRATION_ROUTER,WL10,WL10,source_m1_landing_bbox
m1_208,m1,"[92.25, 0.83, 92.385, 0.965]",TOP_PIN,WL10,TOP_PIN::WL10,top_pin_bbox
m1_2138,m1,"[13.9625, 1.82, 14.65, 1.885]",PARENT_INTEGRATION_ROUTER,array_interface_VDD,array_interface_VDD,source_bbox
m1_2138,m1,"[13.9625, 1.82, 14.65, 1.885]",TOP_PIN,VDD,TOP_PIN::VDD,top_pin_bbox
m1_2139,m1,"[13.9625, 0.0, 14.65, 0.065]",PARENT_INTEGRATION_ROUTER,array_interface_VSS,array_interface_VSS,source_bbox
m1_2139,m1,"[13.9625, 0.0, 14.65, 0.065]",TOP_PIN,VSS,TOP_PIN::VSS,top_pin_bbox
m1_2140,m1,"[14.44, 1.6825, 14.505, 1.8525]",PARENT_INTEGRATION_ROUTER,array_interface_VDD,array_interface_VDD,source_bbox
m1_2140,m1,"[14.44, 1.6825, 14.505, 1.8525]",TOP_PIN,VDD,TOP_PIN::VDD,top_pin_bbox
m1_2141,m1,"[14.44, 0.0325, 14.505, 0.2025]",PARENT_INTEGRATION_ROUTER,array_interface_VSS,array_interface_VSS,source_bbox
m1_2141,m1,"[14.44, 0.0325, 14.505, 0.2025]",TOP_PIN,VSS,TOP_PIN::VSS,top_pin_bbox
m1_2149,m1,"[14.055, 0.0, 14.12, 0.135]",PARENT_INTEGRATION_ROUTER,array_interface_VSS,array_interface_VSS,source_bbox
m1_2149,m1,"[14.055, 0.0, 14.12, 0.135]",TOP_PIN,VSS,TOP_PIN::VSS,top_pin_bbox
m1_2150,m1,"[14.055, 1.525, 14.12, 1.885]",PARENT_INTEGRATION_ROUTER,array_interface_VDD,array_interface_VDD,source_bbox
m1_2150,m1,"[14.055, 1.525, 14.12, 1.885]",TOP_PIN,VDD,TOP_PIN::VDD,top_pin_bbox
m1_218,m1,"[118.4625, 16.365, 120.5975, 16.5]",PARENT_INTEGRATION_ROUTER,WL10,WL10,dest_bbox
m1_218,m1,"[118.4625, 16.365, 120.5975, 16.5]",PARENT_INTEGRATION_ROUTER,WL10,WL10,dest_m1_horizontal_bbox
m1_219,m1,"[96.215, 0.83, 96.35, 0.965]",PARENT_INTEGRATION_ROUTER,WL11,WL11,source_bbox
m1_219,m1,"[96.215, 0.83, 96.35, 0.965]",PARENT_INTEGRATION_ROUTER,WL11,WL11,source_m1_landing_bbox
m1_219,m1,"[96.215, 0.83, 96.35, 0.965]",TOP_PIN,WL11,TOP_PIN::WL11,top_pin_bbox
m1_2215,m1,"[14.76, 1.82, 16.805, 1.885]",PARENT_INTEGRATION_ROUTER,array_interface_VDD,array_interface_VDD,source_bbox
m1_2215,m1,"[14.76, 1.82, 16.805, 1.885]",TOP_PIN,VDD,TOP_PIN::VDD,top_pin_bbox
m1_2216,m1,"[14.76, 0.0, 16.805, 0.065]",PARENT_INTEGRATION_ROUTER,array_interface_VSS,array_interface_VSS,source_bbox
m1_2216,m1,"[14.76, 0.0, 16.805, 0.065]",TOP_PIN,VSS,TOP_PIN::VSS,top_pin_bbox
m1_2229,m1,"[14.76, 1.82, 16.0075, 1.885]",PARENT_INTEGRATION_ROUTER,array_interface_VDD,array_interface_VDD,source_bbox
m1_2229,m1,"[14.76, 1.82, 16.0075, 1.885]",TOP_PIN,VDD,TOP_PIN::VDD,top_pin_bbox
m1_2230,m1,"[14.76, 0.0, 16.0075, 0.065]",PARENT_INTEGRATION_ROUTER,array_interface_VSS,array_interface_VSS,source_bbox
m1_2230,m1,"[14.76, 0.0, 16.0075, 0.065]",TOP_PIN,VSS,TOP_PIN::VSS,top_pin_bbox
m1_2231,m1,"[15.7975, 1.6825, 15.8625, 1.8525]",PARENT_INTEGRATION_ROUTER,array_interface_VDD,array_interface_VDD,source_bbox
m1_2231,m1,"[15.7975, 1.6825, 15.8625, 1.8525]",TOP_PIN,VDD,TOP_PIN::VDD,top_pin_bbox
m1_2232,m1,"[15.7975, 0.0325, 15.8625, 0.2025]",PARENT_INTEGRATION_ROUTER,array_interface_VSS,array_interface_VSS,source_bbox
m1_2232,m1,"[15.7975, 0.0325, 15.8625, 0.2025]",TOP_PIN,VSS,TOP_PIN::VSS,top_pin_bbox
m1_2247,m1,"[14.8525, 0.0, 14.9175, 0.18]",PARENT_INTEGRATION_ROUTER,array_interface_VSS,array_interface_VSS,source_bbox
m1_2247,m1,"[14.8525, 0.0, 14.9175, 0.18]",TOP_PIN,VSS,TOP_PIN::VSS,top_pin_bbox
m1_2248,m1,"[14.8525, 1.525, 14.9175, 1.885]",PARENT_INTEGRATION_ROUTER,array_interface_VDD,array_interface_VDD,source_bbox
m1_2248,m1,"[14.8525, 1.525, 14.9175, 1.885]",TOP_PIN,VDD,TOP_PIN::VDD,top_pin_bbox
m1_2249,m1,"[15.2825, 1.525, 15.3475, 1.885]",PARENT_INTEGRATION_ROUTER,array_interface_VDD,array_interface_VDD,source_bbox
m1_2249,m1,"[15.2825, 1.525, 15.3475, 1.885]",TOP_PIN,VDD,TOP_PIN::VDD,top_pin_bbox
m1_229,m1,"[118.4625, 17.93, 120.3175, 18.065]",PARENT_INTEGRATION_ROUTER,WL11,WL11,dest_bbox
m1_229,m1,"[118.4625, 17.93, 120.3175, 18.065]",PARENT_INTEGRATION_ROUTER,WL11,WL11,dest_m1_horizontal_bbox
m1_230,m1,"[100.18, 0.83, 100.315, 0.965]",PARENT_INTEGRATION_ROUTER,WL12,WL12,source_bbox
m1_230,m1,"[100.18, 0.83, 100.315, 0.965]",PARENT_INTEGRATION_ROUTER,WL12,WL12,source_m1_landing_bbox
m1_230,m1,"[100.18, 0.83, 100.315, 0.965]",TOP_PIN,WL12,TOP_PIN::WL12,top_pin_bbox
m1_2391,m1,"[16.1175, 1.82, 16.805, 1.885]",PARENT_INTEGRATION_ROUTER,array_interface_VDD,array_interface_VDD,source_bbox
m1_2391,m1,"[16.1175, 1.82, 16.805, 1.885]",TOP_PIN,VDD,TOP_PIN::VDD,top_pin_bbox
m1_2392,m1,"[16.1175, 0.0, 16.805, 0.065]",PARENT_INTEGRATION_ROUTER,array_interface_VSS,array_interface_VSS,source_bbox
m1_2392,m1,"[16.1175, 0.0, 16.805, 0.065]",TOP_PIN,VSS,TOP_PIN::VSS,top_pin_bbox
m1_2393,m1,"[16.595, 1.6825, 16.66, 1.8525]",PARENT_INTEGRATION_ROUTER,array_interface_VDD,array_interface_VDD,source_bbox
m1_2393,m1,"[16.595, 1.6825, 16.66, 1.8525]",TOP_PIN,VDD,TOP_PIN::VDD,top_pin_bbox
m1_2394,m1,"[16.595, 0.0325, 16.66, 0.2025]",PARENT_INTEGRATION_ROUTER,array_interface_VSS,array_interface_VSS,source_bbox
m1_2394,m1,"[16.595, 0.0325, 16.66, 0.2025]",TOP_PIN,VSS,TOP_PIN::VSS,top_pin_bbox
m1_240,m1,"[118.4625, 19.495, 120.0375, 19.63]",PARENT_INTEGRATION_ROUTER,WL12,WL12,dest_bbox
m1_240,m1,"[118.4625, 19.495, 120.0375, 19.63]",PARENT_INTEGRATION_ROUTER,WL12,WL12,dest_m1_horizontal_bbox
m1_2402,m1,"[16.21, 0.0, 16.275, 0.135]",PARENT_INTEGRATION_ROUTER,array_interface_VSS,array_interface_VSS,source_bbox
m1_2402,m1,"[16.21, 0.0, 16.275, 0.135]",TOP_PIN,VSS,TOP_PIN::VSS,top_pin_bbox
m1_2403,m1,"[16.21, 1.525, 16.275, 1.885]",PARENT_INTEGRATION_ROUTER,array_interface_VDD,array_interface_VDD,source_bbox
m1_2403,m1,"[16.21, 1.525, 16.275, 1.885]",TOP_PIN,VDD,TOP_PIN::VDD,top_pin_bbox
m1_241,m1,"[104.145, 0.83, 104.28, 0.965]",PARENT_INTEGRATION_ROUTER,WL13,WL13,source_bbox
m1_241,m1,"[104.145, 0.83, 104.28, 0.965]",PARENT_INTEGRATION_ROUTER,WL13,WL13,source_m1_landing_bbox
m1_241,m1,"[104.145, 0.83, 104.28, 0.965]",TOP_PIN,WL13,TOP_PIN::WL13,top_pin_bbox
m1_2468,m1,"[16.915, 1.82, 18.615, 1.885]",PARENT_INTEGRATION_ROUTER,array_interface_VDD,array_interface_VDD,source_bbox
m1_2468,m1,"[16.915, 1.82, 18.615, 1.885]",TOP_PIN,VDD,TOP_PIN::VDD,top_pin_bbox
m1_2469,m1,"[16.915, 0.0, 18.615, 0.065]",PARENT_INTEGRATION_ROUTER,array_interface_VSS,array_interface_VSS,source_bbox
m1_2469,m1,"[16.915, 0.0, 18.615, 0.065]",TOP_PIN,VSS,TOP_PIN::VSS,top_pin_bbox
m1_2481,m1,"[16.915, 1.82, 17.8175, 1.885]",PARENT_INTEGRATION_ROUTER,array_interface_VDD,array_interface_VDD,source_bbox
m1_2481,m1,"[16.915, 1.82, 17.8175, 1.885]",TOP_PIN,VDD,TOP_PIN::VDD,top_pin_bbox
m1_2482,m1,"[16.915, 0.0, 17.8175, 0.065]",PARENT_INTEGRATION_ROUTER,array_interface_VSS,array_interface_VSS,source_bbox
m1_2482,m1,"[16.915, 0.0, 17.8175, 0.065]",TOP_PIN,VSS,TOP_PIN::VSS,top_pin_bbox
m1_2483,m1,"[17.6075, 1.6825, 17.6725, 1.8525]",PARENT_INTEGRATION_ROUTER,array_interface_VDD,array_interface_VDD,source_bbox
m1_2483,m1,"[17.6075, 1.6825, 17.6725, 1.8525]",TOP_PIN,VDD,TOP_PIN::VDD,top_pin_bbox
m1_2484,m1,"[17.6075, 0.0325, 17.6725, 0.2025]",PARENT_INTEGRATION_ROUTER,array_interface_VSS,array_interface_VSS,source_bbox
m1_2484,m1,"[17.6075, 0.0325, 17.6725, 0.2025]",TOP_PIN,VSS,TOP_PIN::VSS,top_pin_bbox
m1_2493,m1,"[17.0075, 0.0, 17.0725, 0.18]",PARENT_INTEGRATION_ROUTER,array_interface_VSS,array_interface_VSS,source_bbox
m1_2493,m1,"[17.0075, 0.0, 17.0725, 0.18]",TOP_PIN,VSS,TOP_PIN::VSS,top_pin_bbox
m1_2494,m1,"[17.0075, 1.525, 17.0725, 1.885]",PARENT_INTEGRATION_ROUTER,array_interface_VDD,array_interface_VDD,source_bbox
m1_2494,m1,"[17.0075, 1.525, 17.0725, 1.885]",TOP_PIN,VDD,TOP_PIN::VDD,top_pin_bbox
m1_2495,m1,"[17.4375, 1.525, 17.5025, 1.885]",PARENT_INTEGRATION_ROUTER,array_interface_VDD,array_interface_VDD,source_bbox
m1_2495,m1,"[17.4375, 1.525, 17.5025, 1.885]",TOP_PIN,VDD,TOP_PIN::VDD,top_pin_bbox
m1_251,m1,"[118.4625, 21.06, 119.7575, 21.195]",PARENT_INTEGRATION_ROUTER,WL13,WL13,dest_bbox
m1_251,m1,"[118.4625, 21.06, 119.7575, 21.195]",PARENT_INTEGRATION_ROUTER,WL13,WL13,dest_m1_horizontal_bbox
m1_252,m1,"[108.11, 0.83, 108.245, 0.965]",PARENT_INTEGRATION_ROUTER,WL14,WL14,source_bbox
m1_252,m1,"[108.11, 0.83, 108.245, 0.965]",PARENT_INTEGRATION_ROUTER,WL14,WL14,source_m1_landing_bbox
m1_252,m1,"[108.11, 0.83, 108.245, 0.965]",TOP_PIN,WL14,TOP_PIN::WL14,top_pin_bbox
m1_2606,m1,"[17.9275, 1.82, 18.615, 1.885]",PARENT_INTEGRATION_ROUTER,array_interface_VDD,array_interface_VDD,source_bbox
m1_2606,m1,"[17.9275, 1.82, 18.615, 1.885]",TOP_PIN,VDD,TOP_PIN::VDD,top_pin_bbox
m1_2607,m1,"[17.9275, 0.0, 18.615, 0.065]",PARENT_INTEGRATION_ROUTER,array_interface_VSS,array_interface_VSS,source_bbox
m1_2607,m1,"[17.9275, 0.0, 18.615, 0.065]",TOP_PIN,VSS,TOP_PIN::VSS,top_pin_bbox
m1_2608,m1,"[18.405, 1.6825, 18.47, 1.8525]",PARENT_INTEGRATION_ROUTER,array_interface_VDD,array_interface_VDD,source_bbox
m1_2608,m1,"[18.405, 1.6825, 18.47, 1.8525]",TOP_PIN,VDD,TOP_PIN::VDD,top_pin_bbox
m1_2609,m1,"[18.405, 0.0325, 18.47, 0.2025]",PARENT_INTEGRATION_ROUTER,array_interface_VSS,array_interface_VSS,source_bbox
m1_2609,m1,"[18.405, 0.0325, 18.47, 0.2025]",TOP_PIN,VSS,TOP_PIN::VSS,top_pin_bbox
m1_2617,m1,"[18.02, 0.0, 18.085, 0.135]",PARENT_INTEGRATION_ROUTER,array_interface_VSS,array_interface_VSS,source_bbox
m1_2617,m1,"[18.02, 0.0, 18.085, 0.135]",TOP_PIN,VSS,TOP_PIN::VSS,top_pin_bbox
m1_2618,m1,"[18.02, 1.525, 18.085, 1.885]",PARENT_INTEGRATION_ROUTER,array_interface_VDD,array_interface_VDD,source_bbox
m1_2618,m1,"[18.02, 1.525, 18.085, 1.885]",TOP_PIN,VDD,TOP_PIN::VDD,top_pin_bbox
m1_262,m1,"[118.4625, 22.625, 119.4775, 22.76]",PARENT_INTEGRATION_ROUTER,WL14,WL14,dest_bbox
m1_262,m1,"[118.4625, 22.625, 119.4775, 22.76]",PARENT_INTEGRATION_ROUTER,WL14,WL14,dest_m1_horizontal_bbox
m1_263,m1,"[112.075, 0.83, 112.21, 0.965]",PARENT_INTEGRATION_ROUTER,WL15,WL15,source_bbox
m1_263,m1,"[112.075, 0.83, 112.21, 0.965]",PARENT_INTEGRATION_ROUTER,WL15,WL15,source_m1_landing_bbox
m1_263,m1,"[112.075, 0.83, 112.21, 0.965]",TOP_PIN,WL15,TOP_PIN::WL15,top_pin_bbox
m1_2683,m1,"[18.725, 1.82, 20.77, 1.885]",PARENT_INTEGRATION_ROUTER,array_interface_VDD,array_interface_VDD,source_bbox
m1_2683,m1,"[18.725, 1.82, 20.77, 1.885]",TOP_PIN,VDD,TOP_PIN::VDD,top_pin_bbox
m1_2684,m1,"[18.725, 0.0, 20.77, 0.065]",PARENT_INTEGRATION_ROUTER,array_interface_VSS,array_interface_VSS,source_bbox
m1_2684,m1,"[18.725, 0.0, 20.77, 0.065]",TOP_PIN,VSS,TOP_PIN::VSS,top_pin_bbox
m1_2697,m1,"[18.725, 1.82, 19.9725, 1.885]",PARENT_INTEGRATION_ROUTER,array_interface_VDD,array_interface_VDD,source_bbox
m1_2697,m1,"[18.725, 1.82, 19.9725, 1.885]",TOP_PIN,VDD,TOP_PIN::VDD,top_pin_bbox
m1_2698,m1,"[18.725, 0.0, 19.9725, 0.065]",PARENT_INTEGRATION_ROUTER,array_interface_VSS,array_interface_VSS,source_bbox
m1_2698,m1,"[18.725, 0.0, 19.9725, 0.065]",TOP_PIN,VSS,TOP_PIN::VSS,top_pin_bbox
m1_2699,m1,"[19.7625, 1.6825, 19.8275, 1.8525]",PARENT_INTEGRATION_ROUTER,array_interface_VDD,array_interface_VDD,source_bbox
m1_2699,m1,"[19.7625, 1.6825, 19.8275, 1.8525]",TOP_PIN,VDD,TOP_PIN::VDD,top_pin_bbox
m1_2700,m1,"[19.7625, 0.0325, 19.8275, 0.2025]",PARENT_INTEGRATION_ROUTER,array_interface_VSS,array_interface_VSS,source_bbox
m1_2700,m1,"[19.7625, 0.0325, 19.8275, 0.2025]",TOP_PIN,VSS,TOP_PIN::VSS,top_pin_bbox
m1_2715,m1,"[18.8175, 0.0, 18.8825, 0.18]",PARENT_INTEGRATION_ROUTER,array_interface_VSS,array_interface_VSS,source_bbox
m1_2715,m1,"[18.8175, 0.0, 18.8825, 0.18]",TOP_PIN,VSS,TOP_PIN::VSS,top_pin_bbox
m1_2716,m1,"[18.8175, 1.525, 18.8825, 1.885]",PARENT_INTEGRATION_ROUTER,array_interface_VDD,array_interface_VDD,source_bbox
m1_2716,m1,"[18.8175, 1.525, 18.8825, 1.885]",TOP_PIN,VDD,TOP_PIN::VDD,top_pin_bbox
m1_2717,m1,"[19.2475, 1.525, 19.3125, 1.885]",PARENT_INTEGRATION_ROUTER,array_interface_VDD,array_interface_VDD,source_bbox
m1_2717,m1,"[19.2475, 1.525, 19.3125, 1.885]",TOP_PIN,VDD,TOP_PIN::VDD,top_pin_bbox
m1_273,m1,"[118.4625, 24.19, 119.1975, 24.325]",PARENT_INTEGRATION_ROUTER,WL15,WL15,dest_bbox
m1_273,m1,"[118.4625, 24.19, 119.1975, 24.325]",PARENT_INTEGRATION_ROUTER,WL15,WL15,dest_m1_horizontal_bbox
m1_274,m1,"[112.475, 1.82, 118.4975, 1.885]",PARENT_INTEGRATION_ROUTER,array_interface_VDD,array_interface_VDD,dest_bbox
m1_274,m1,"[112.475, 1.82, 118.4975, 1.885]",PARENT_INTEGRATION_ROUTER,array_interface_VDD,array_interface_VDD,power_bridge_bbox
m1_274,m1,"[112.475, 1.82, 118.4975, 1.885]",PARENT_INTEGRATION_ROUTER,array_interface_VDD,array_interface_VDD,source_bbox
m1_274,m1,"[112.475, 1.82, 118.4975, 1.885]",TOP_PIN,VDD,TOP_PIN::VDD,top_pin_bbox
m1_275,m1,"[112.475, 0.0, 118.4975, 0.065]",PARENT_INTEGRATION_ROUTER,array_interface_VSS,array_interface_VSS,dest_bbox
m1_275,m1,"[112.475, 0.0, 118.4975, 0.065]",PARENT_INTEGRATION_ROUTER,array_interface_VSS,array_interface_VSS,power_bridge_bbox
m1_275,m1,"[112.475, 0.0, 118.4975, 0.065]",PARENT_INTEGRATION_ROUTER,array_interface_VSS,array_interface_VSS,source_bbox
m1_275,m1,"[112.475, 0.0, 118.4975, 0.065]",TOP_PIN,VSS,TOP_PIN::VSS,top_pin_bbox
m1_276,m1,"[0.4725, 1.82, 34.475, 1.885]",PARENT_INTEGRATION_ROUTER,array_interface_VDD,array_interface_VDD,source_bbox
m1_276,m1,"[0.4725, 1.82, 34.475, 1.885]",TOP_PIN,VDD,TOP_PIN::VDD,top_pin_bbox
m1_277,m1,"[0.4725, 0.0, 34.475, 0.065]",PARENT_INTEGRATION_ROUTER,array_interface_VSS,array_interface_VSS,source_bbox
m1_277,m1,"[0.4725, 0.0, 34.475, 0.065]",TOP_PIN,VSS,TOP_PIN::VSS,top_pin_bbox
m1_2859,m1,"[20.0825, 1.82, 20.77, 1.885]",PARENT_INTEGRATION_ROUTER,array_interface_VDD,array_interface_VDD,source_bbox
m1_2859,m1,"[20.0825, 1.82, 20.77, 1.885]",TOP_PIN,VDD,TOP_PIN::VDD,top_pin_bbox
m1_2860,m1,"[20.0825, 0.0, 20.77, 0.065]",PARENT_INTEGRATION_ROUTER,array_interface_VSS,array_interface_VSS,source_bbox
m1_2860,m1,"[20.0825, 0.0, 20.77, 0.065]",TOP_PIN,VSS,TOP_PIN::VSS,top_pin_bbox
m1_2861,m1,"[20.56, 1.6825, 20.625, 1.8525]",PARENT_INTEGRATION_ROUTER,array_interface_VDD,array_interface_VDD,source_bbox
m1_2861,m1,"[20.56, 1.6825, 20.625, 1.8525]",TOP_PIN,VDD,TOP_PIN::VDD,top_pin_bbox
m1_2862,m1,"[20.56, 0.0325, 20.625, 0.2025]",PARENT_INTEGRATION_ROUTER,array_interface_VSS,array_interface_VSS,source_bbox
m1_2862,m1,"[20.56, 0.0325, 20.625, 0.2025]",TOP_PIN,VSS,TOP_PIN::VSS,top_pin_bbox
m1_2870,m1,"[20.175, 0.0, 20.24, 0.135]",PARENT_INTEGRATION_ROUTER,array_interface_VSS,array_interface_VSS,source_bbox
m1_2870,m1,"[20.175, 0.0, 20.24, 0.135]",TOP_PIN,VSS,TOP_PIN::VSS,top_pin_bbox
m1_2871,m1,"[20.175, 1.525, 20.24, 1.885]",PARENT_INTEGRATION_ROUTER,array_interface_VDD,array_interface_VDD,source_bbox
m1_2871,m1,"[20.175, 1.525, 20.24, 1.885]",TOP_PIN,VDD,TOP_PIN::VDD,top_pin_bbox
m1_2936,m1,"[20.88, 1.82, 22.58, 1.885]",PARENT_INTEGRATION_ROUTER,array_interface_VDD,array_interface_VDD,source_bbox
m1_2936,m1,"[20.88, 1.82, 22.58, 1.885]",TOP_PIN,VDD,TOP_PIN::VDD,top_pin_bbox
m1_2937,m1,"[20.88, 0.0, 22.58, 0.065]",PARENT_INTEGRATION_ROUTER,array_interface_VSS,array_interface_VSS,source_bbox
m1_2937,m1,"[20.88, 0.0, 22.58, 0.065]",TOP_PIN,VSS,TOP_PIN::VSS,top_pin_bbox
m1_2949,m1,"[20.88, 1.82, 21.7825, 1.885]",PARENT_INTEGRATION_ROUTER,array_interface_VDD,array_interface_VDD,source_bbox
m1_2949,m1,"[20.88, 1.82, 21.7825, 1.885]",TOP_PIN,VDD,TOP_PIN::VDD,top_pin_bbox
m1_2950,m1,"[20.88, 0.0, 21.7825, 0.065]",PARENT_INTEGRATION_ROUTER,array_interface_VSS,array_interface_VSS,source_bbox
m1_2950,m1,"[20.88, 0.0, 21.7825, 0.065]",TOP_PIN,VSS,TOP_PIN::VSS,top_pin_bbox
m1_2951,m1,"[21.5725, 1.6825, 21.6375, 1.8525]",PARENT_INTEGRATION_ROUTER,array_interface_VDD,array_interface_VDD,source_bbox
m1_2951,m1,"[21.5725, 1.6825, 21.6375, 1.8525]",TOP_PIN,VDD,TOP_PIN::VDD,top_pin_bbox
m1_2952,m1,"[21.5725, 0.0325, 21.6375, 0.2025]",PARENT_INTEGRATION_ROUTER,array_interface_VSS,array_interface_VSS,source_bbox
m1_2952,m1,"[21.5725, 0.0325, 21.6375, 0.2025]",TOP_PIN,VSS,TOP_PIN::VSS,top_pin_bbox
m1_2961,m1,"[20.9725, 0.0, 21.0375, 0.18]",PARENT_INTEGRATION_ROUTER,array_interface_VSS,array_interface_VSS,source_bbox
m1_2961,m1,"[20.9725, 0.0, 21.0375, 0.18]",TOP_PIN,VSS,TOP_PIN::VSS,top_pin_bbox
m1_2962,m1,"[20.9725, 1.525, 21.0375, 1.885]",PARENT_INTEGRATION_ROUTER,array_interface_VDD,array_interface_VDD,source_bbox
m1_2962,m1,"[20.9725, 1.525, 21.0375, 1.885]",TOP_PIN,VDD,TOP_PIN::VDD,top_pin_bbox
m1_2963,m1,"[21.4025, 1.525, 21.4675, 1.885]",PARENT_INTEGRATION_ROUTER,array_interface_VDD,array_interface_VDD,source_bbox
m1_2963,m1,"[21.4025, 1.525, 21.4675, 1.885]",TOP_PIN,VDD,TOP_PIN::VDD,top_pin_bbox
m1_3074,m1,"[21.8925, 1.82, 22.58, 1.885]",PARENT_INTEGRATION_ROUTER,array_interface_VDD,array_interface_VDD,source_bbox
m1_3074,m1,"[21.8925, 1.82, 22.58, 1.885]",TOP_PIN,VDD,TOP_PIN::VDD,top_pin_bbox
m1_3075,m1,"[21.8925, 0.0, 22.58, 0.065]",PARENT_INTEGRATION_ROUTER,array_interface_VSS,array_interface_VSS,source_bbox
m1_3075,m1,"[21.8925, 0.0, 22.58, 0.065]",TOP_PIN,VSS,TOP_PIN::VSS,top_pin_bbox
m1_3076,m1,"[22.37, 1.6825, 22.435, 1.8525]",PARENT_INTEGRATION_ROUTER,array_interface_VDD,array_interface_VDD,source_bbox
m1_3076,m1,"[22.37, 1.6825, 22.435, 1.8525]",TOP_PIN,VDD,TOP_PIN::VDD,top_pin_bbox
m1_3077,m1,"[22.37, 0.0325, 22.435, 0.2025]",PARENT_INTEGRATION_ROUTER,array_interface_VSS,array_interface_VSS,source_bbox
m1_3077,m1,"[22.37, 0.0325, 22.435, 0.2025]",TOP_PIN,VSS,TOP_PIN::VSS,top_pin_bbox
m1_3085,m1,"[21.985, 0.0, 22.05, 0.135]",PARENT_INTEGRATION_ROUTER,array_interface_VSS,array_interface_VSS,source_bbox
m1_3085,m1,"[21.985, 0.0, 22.05, 0.135]",TOP_PIN,VSS,TOP_PIN::VSS,top_pin_bbox
m1_3086,m1,"[21.985, 1.525, 22.05, 1.885]",PARENT_INTEGRATION_ROUTER,array_interface_VDD,array_interface_VDD,source_bbox
m1_3086,m1,"[21.985, 1.525, 22.05, 1.885]",TOP_PIN,VDD,TOP_PIN::VDD,top_pin_bbox
m1_3151,m1,"[22.69, 1.82, 24.735, 1.885]",PARENT_INTEGRATION_ROUTER,array_interface_VDD,array_interface_VDD,source_bbox
m1_3151,m1,"[22.69, 1.82, 24.735, 1.885]",TOP_PIN,VDD,TOP_PIN::VDD,top_pin_bbox
m1_3152,m1,"[22.69, 0.0, 24.735, 0.065]",PARENT_INTEGRATION_ROUTER,array_interface_VSS,array_interface_VSS,source_bbox
m1_3152,m1,"[22.69, 0.0, 24.735, 0.065]",TOP_PIN,VSS,TOP_PIN::VSS,top_pin_bbox
m1_3165,m1,"[22.69, 1.82, 23.9375, 1.885]",PARENT_INTEGRATION_ROUTER,array_interface_VDD,array_interface_VDD,source_bbox
m1_3165,m1,"[22.69, 1.82, 23.9375, 1.885]",TOP_PIN,VDD,TOP_PIN::VDD,top_pin_bbox
m1_3166,m1,"[22.69, 0.0, 23.9375, 0.065]",PARENT_INTEGRATION_ROUTER,array_interface_VSS,array_interface_VSS,source_bbox
m1_3166,m1,"[22.69, 0.0, 23.9375, 0.065]",TOP_PIN,VSS,TOP_PIN::VSS,top_pin_bbox
m1_3167,m1,"[23.7275, 1.6825, 23.7925, 1.8525]",PARENT_INTEGRATION_ROUTER,array_interface_VDD,array_interface_VDD,source_bbox
m1_3167,m1,"[23.7275, 1.6825, 23.7925, 1.8525]",TOP_PIN,VDD,TOP_PIN::VDD,top_pin_bbox
m1_3168,m1,"[23.7275, 0.0325, 23.7925, 0.2025]",PARENT_INTEGRATION_ROUTER,array_interface_VSS,array_interface_VSS,source_bbox
m1_3168,m1,"[23.7275, 0.0325, 23.7925, 0.2025]",TOP_PIN,VSS,TOP_PIN::VSS,top_pin_bbox
m1_3183,m1,"[22.7825, 0.0, 22.8475, 0.18]",PARENT_INTEGRATION_ROUTER,array_interface_VSS,array_interface_VSS,source_bbox
m1_3183,m1,"[22.7825, 0.0, 22.8475, 0.18]",TOP_PIN,VSS,TOP_PIN::VSS,top_pin_bbox
m1_3184,m1,"[22.7825, 1.525, 22.8475, 1.885]",PARENT_INTEGRATION_ROUTER,array_interface_VDD,array_interface_VDD,source_bbox
m1_3184,m1,"[22.7825, 1.525, 22.8475, 1.885]",TOP_PIN,VDD,TOP_PIN::VDD,top_pin_bbox
m1_3185,m1,"[23.2125, 1.525, 23.2775, 1.885]",PARENT_INTEGRATION_ROUTER,array_interface_VDD,array_interface_VDD,source_bbox
m1_3185,m1,"[23.2125, 1.525, 23.2775, 1.885]",TOP_PIN,VDD,TOP_PIN::VDD,top_pin_bbox
m1_3327,m1,"[24.0475, 1.82, 24.735, 1.885]",PARENT_INTEGRATION_ROUTER,array_interface_VDD,array_interface_VDD,source_bbox
m1_3327,m1,"[24.0475, 1.82, 24.735, 1.885]",TOP_PIN,VDD,TOP_PIN::VDD,top_pin_bbox
m1_3328,m1,"[24.0475, 0.0, 24.735, 0.065]",PARENT_INTEGRATION_ROUTER,array_interface_VSS,array_interface_VSS,source_bbox
m1_3328,m1,"[24.0475, 0.0, 24.735, 0.065]",TOP_PIN,VSS,TOP_PIN::VSS,top_pin_bbox
m1_3329,m1,"[24.525, 1.6825, 24.59, 1.8525]",PARENT_INTEGRATION_ROUTER,array_interface_VDD,array_interface_VDD,source_bbox
m1_3329,m1,"[24.525, 1.6825, 24.59, 1.8525]",TOP_PIN,VDD,TOP_PIN::VDD,top_pin_bbox
m1_3330,m1,"[24.525, 0.0325, 24.59, 0.2025]",PARENT_INTEGRATION_ROUTER,array_interface_VSS,array_interface_VSS,source_bbox
m1_3330,m1,"[24.525, 0.0325, 24.59, 0.2025]",TOP_PIN,VSS,TOP_PIN::VSS,top_pin_bbox
m1_3338,m1,"[24.14, 0.0, 24.205, 0.135]",PARENT_INTEGRATION_ROUTER,array_interface_VSS,array_interface_VSS,source_bbox
m1_3338,m1,"[24.14, 0.0, 24.205, 0.135]",TOP_PIN,VSS,TOP_PIN::VSS,top_pin_bbox
m1_3339,m1,"[24.14, 1.525, 24.205, 1.885]",PARENT_INTEGRATION_ROUTER,array_interface_VDD,array_interface_VDD,source_bbox
m1_3339,m1,"[24.14, 1.525, 24.205, 1.885]",TOP_PIN,VDD,TOP_PIN::VDD,top_pin_bbox
m1_3404,m1,"[24.845, 1.82, 26.545, 1.885]",PARENT_INTEGRATION_ROUTER,array_interface_VDD,array_interface_VDD,source_bbox
m1_3404,m1,"[24.845, 1.82, 26.545, 1.885]",TOP_PIN,VDD,TOP_PIN::VDD,top_pin_bbox
m1_3405,m1,"[24.845, 0.0, 26.545, 0.065]",PARENT_INTEGRATION_ROUTER,array_interface_VSS,array_interface_VSS,source_bbox
m1_3405,m1,"[24.845, 0.0, 26.545, 0.065]",TOP_PIN,VSS,TOP_PIN::VSS,top_pin_bbox
m1_3417,m1,"[24.845, 1.82, 25.7475, 1.885]",PARENT_INTEGRATION_ROUTER,array_interface_VDD,array_interface_VDD,source_bbox
m1_3417,m1,"[24.845, 1.82, 25.7475, 1.885]",TOP_PIN,VDD,TOP_PIN::VDD,top_pin_bbox
m1_3418,m1,"[24.845, 0.0, 25.7475, 0.065]",PARENT_INTEGRATION_ROUTER,array_interface_VSS,array_interface_VSS,source_bbox
m1_3418,m1,"[24.845, 0.0, 25.7475, 0.065]",TOP_PIN,VSS,TOP_PIN::VSS,top_pin_bbox
m1_3419,m1,"[25.5375, 1.6825, 25.6025, 1.8525]",PARENT_INTEGRATION_ROUTER,array_interface_VDD,array_interface_VDD,source_bbox
m1_3419,m1,"[25.5375, 1.6825, 25.6025, 1.8525]",TOP_PIN,VDD,TOP_PIN::VDD,top_pin_bbox
m1_3420,m1,"[25.5375, 0.0325, 25.6025, 0.2025]",PARENT_INTEGRATION_ROUTER,array_interface_VSS,array_interface_VSS,source_bbox
m1_3420,m1,"[25.5375, 0.0325, 25.6025, 0.2025]",TOP_PIN,VSS,TOP_PIN::VSS,top_pin_bbox
m1_3429,m1,"[24.9375, 0.0, 25.0025, 0.18]",PARENT_INTEGRATION_ROUTER,array_interface_VSS,array_interface_VSS,source_bbox
m1_3429,m1,"[24.9375, 0.0, 25.0025, 0.18]",TOP_PIN,VSS,TOP_PIN::VSS,top_pin_bbox
m1_3430,m1,"[24.9375, 1.525, 25.0025, 1.885]",PARENT_INTEGRATION_ROUTER,array_interface_VDD,array_interface_VDD,source_bbox
m1_3430,m1,"[24.9375, 1.525, 25.0025, 1.885]",TOP_PIN,VDD,TOP_PIN::VDD,top_pin_bbox
m1_3431,m1,"[25.3675, 1.525, 25.4325, 1.885]",PARENT_INTEGRATION_ROUTER,array_interface_VDD,array_interface_VDD,source_bbox
m1_3431,m1,"[25.3675, 1.525, 25.4325, 1.885]",TOP_PIN,VDD,TOP_PIN::VDD,top_pin_bbox
m1_3542,m1,"[25.8575, 1.82, 26.545, 1.885]",PARENT_INTEGRATION_ROUTER,array_interface_VDD,array_interface_VDD,source_bbox
m1_3542,m1,"[25.8575, 1.82, 26.545, 1.885]",TOP_PIN,VDD,TOP_PIN::VDD,top_pin_bbox
m1_3543,m1,"[25.8575, 0.0, 26.545, 0.065]",PARENT_INTEGRATION_ROUTER,array_interface_VSS,array_interface_VSS,source_bbox
m1_3543,m1,"[25.8575, 0.0, 26.545, 0.065]",TOP_PIN,VSS,TOP_PIN::VSS,top_pin_bbox
m1_3544,m1,"[26.335, 1.6825, 26.4, 1.8525]",PARENT_INTEGRATION_ROUTER,array_interface_VDD,array_interface_VDD,source_bbox
m1_3544,m1,"[26.335, 1.6825, 26.4, 1.8525]",TOP_PIN,VDD,TOP_PIN::VDD,top_pin_bbox
m1_3545,m1,"[26.335, 0.0325, 26.4, 0.2025]",PARENT_INTEGRATION_ROUTER,array_interface_VSS,array_interface_VSS,source_bbox
m1_3545,m1,"[26.335, 0.0325, 26.4, 0.2025]",TOP_PIN,VSS,TOP_PIN::VSS,top_pin_bbox
m1_3553,m1,"[25.95, 0.0, 26.015, 0.135]",PARENT_INTEGRATION_ROUTER,array_interface_VSS,array_interface_VSS,source_bbox
m1_3553,m1,"[25.95, 0.0, 26.015, 0.135]",TOP_PIN,VSS,TOP_PIN::VSS,top_pin_bbox
m1_3554,m1,"[25.95, 1.525, 26.015, 1.885]",PARENT_INTEGRATION_ROUTER,array_interface_VDD,array_interface_VDD,source_bbox
m1_3554,m1,"[25.95, 1.525, 26.015, 1.885]",TOP_PIN,VDD,TOP_PIN::VDD,top_pin_bbox
m1_3619,m1,"[26.655, 1.82, 28.7, 1.885]",PARENT_INTEGRATION_ROUTER,array_interface_VDD,array_interface_VDD,source_bbox
m1_3619,m1,"[26.655, 1.82, 28.7, 1.885]",TOP_PIN,VDD,TOP_PIN::VDD,top_pin_bbox
m1_3620,m1,"[26.655, 0.0, 28.7, 0.065]",PARENT_INTEGRATION_ROUTER,array_interface_VSS,array_interface_VSS,source_bbox
m1_3620,m1,"[26.655, 0.0, 28.7, 0.065]",TOP_PIN,VSS,TOP_PIN::VSS,top_pin_bbox
m1_3633,m1,"[26.655, 1.82, 27.9025, 1.885]",PARENT_INTEGRATION_ROUTER,array_interface_VDD,array_interface_VDD,source_bbox
m1_3633,m1,"[26.655, 1.82, 27.9025, 1.885]",TOP_PIN,VDD,TOP_PIN::VDD,top_pin_bbox
m1_3634,m1,"[26.655, 0.0, 27.9025, 0.065]",PARENT_INTEGRATION_ROUTER,array_interface_VSS,array_interface_VSS,source_bbox
m1_3634,m1,"[26.655, 0.0, 27.9025, 0.065]",TOP_PIN,VSS,TOP_PIN::VSS,top_pin_bbox
m1_3635,m1,"[27.6925, 1.6825, 27.7575, 1.8525]",PARENT_INTEGRATION_ROUTER,array_interface_VDD,array_interface_VDD,source_bbox
m1_3635,m1,"[27.6925, 1.6825, 27.7575, 1.8525]",TOP_PIN,VDD,TOP_PIN::VDD,top_pin_bbox
m1_3636,m1,"[27.6925, 0.0325, 27.7575, 0.2025]",PARENT_INTEGRATION_ROUTER,array_interface_VSS,array_interface_VSS,source_bbox
m1_3636,m1,"[27.6925, 0.0325, 27.7575, 0.2025]",TOP_PIN,VSS,TOP_PIN::VSS,top_pin_bbox
m1_3651,m1,"[26.7475, 0.0, 26.8125, 0.18]",PARENT_INTEGRATION_ROUTER,array_interface_VSS,array_interface_VSS,source_bbox
m1_3651,m1,"[26.7475, 0.0, 26.8125, 0.18]",TOP_PIN,VSS,TOP_PIN::VSS,top_pin_bbox
m1_3652,m1,"[26.7475, 1.525, 26.8125, 1.885]",PARENT_INTEGRATION_ROUTER,array_interface_VDD,array_interface_VDD,source_bbox
m1_3652,m1,"[26.7475, 1.525, 26.8125, 1.885]",TOP_PIN,VDD,TOP_PIN::VDD,top_pin_bbox
m1_3653,m1,"[27.1775, 1.525, 27.2425, 1.885]",PARENT_INTEGRATION_ROUTER,array_interface_VDD,array_interface_VDD,source_bbox
m1_3653,m1,"[27.1775, 1.525, 27.2425, 1.885]",TOP_PIN,VDD,TOP_PIN::VDD,top_pin_bbox
m1_3795,m1,"[28.0125, 1.82, 28.7, 1.885]",PARENT_INTEGRATION_ROUTER,array_interface_VDD,array_interface_VDD,source_bbox
m1_3795,m1,"[28.0125, 1.82, 28.7, 1.885]",TOP_PIN,VDD,TOP_PIN::VDD,top_pin_bbox
m1_3796,m1,"[28.0125, 0.0, 28.7, 0.065]",PARENT_INTEGRATION_ROUTER,array_interface_VSS,array_interface_VSS,source_bbox
m1_3796,m1,"[28.0125, 0.0, 28.7, 0.065]",TOP_PIN,VSS,TOP_PIN::VSS,top_pin_bbox
m1_3797,m1,"[28.49, 1.6825, 28.555, 1.8525]",PARENT_INTEGRATION_ROUTER,array_interface_VDD,array_interface_VDD,source_bbox
m1_3797,m1,"[28.49, 1.6825, 28.555, 1.8525]",TOP_PIN,VDD,TOP_PIN::VDD,top_pin_bbox
m1_3798,m1,"[28.49, 0.0325, 28.555, 0.2025]",PARENT_INTEGRATION_ROUTER,array_interface_VSS,array_interface_VSS,source_bbox
m1_3798,m1,"[28.49, 0.0325, 28.555, 0.2025]",TOP_PIN,VSS,TOP_PIN::VSS,top_pin_bbox
m1_3806,m1,"[28.105, 0.0, 28.17, 0.135]",PARENT_INTEGRATION_ROUTER,array_interface_VSS,array_interface_VSS,source_bbox
m1_3806,m1,"[28.105, 0.0, 28.17, 0.135]",TOP_PIN,VSS,TOP_PIN::VSS,top_pin_bbox
m1_3807,m1,"[28.105, 1.525, 28.17, 1.885]",PARENT_INTEGRATION_ROUTER,array_interface_VDD,array_interface_VDD,source_bbox
m1_3807,m1,"[28.105, 1.525, 28.17, 1.885]",TOP_PIN,VDD,TOP_PIN::VDD,top_pin_bbox
m1_3872,m1,"[28.81, 1.82, 30.51, 1.885]",PARENT_INTEGRATION_ROUTER,array_interface_VDD,array_interface_VDD,source_bbox
m1_3872,m1,"[28.81, 1.82, 30.51, 1.885]",TOP_PIN,VDD,TOP_PIN::VDD,top_pin_bbox
m1_3873,m1,"[28.81, 0.0, 30.51, 0.065]",PARENT_INTEGRATION_ROUTER,array_interface_VSS,array_interface_VSS,source_bbox
m1_3873,m1,"[28.81, 0.0, 30.51, 0.065]",TOP_PIN,VSS,TOP_PIN::VSS,top_pin_bbox
m1_3885,m1,"[28.81, 1.82, 29.7125, 1.885]",PARENT_INTEGRATION_ROUTER,array_interface_VDD,array_interface_VDD,source_bbox
m1_3885,m1,"[28.81, 1.82, 29.7125, 1.885]",TOP_PIN,VDD,TOP_PIN::VDD,top_pin_bbox
m1_3886,m1,"[28.81, 0.0, 29.7125, 0.065]",PARENT_INTEGRATION_ROUTER,array_interface_VSS,array_interface_VSS,source_bbox
m1_3886,m1,"[28.81, 0.0, 29.7125, 0.065]",TOP_PIN,VSS,TOP_PIN::VSS,top_pin_bbox
m1_3887,m1,"[29.5025, 1.6825, 29.5675, 1.8525]",PARENT_INTEGRATION_ROUTER,array_interface_VDD,array_interface_VDD,source_bbox
m1_3887,m1,"[29.5025, 1.6825, 29.5675, 1.8525]",TOP_PIN,VDD,TOP_PIN::VDD,top_pin_bbox
m1_3888,m1,"[29.5025, 0.0325, 29.5675, 0.2025]",PARENT_INTEGRATION_ROUTER,array_interface_VSS,array_interface_VSS,source_bbox
m1_3888,m1,"[29.5025, 0.0325, 29.5675, 0.2025]",TOP_PIN,VSS,TOP_PIN::VSS,top_pin_bbox
m1_3897,m1,"[28.9025, 0.0, 28.9675, 0.18]",PARENT_INTEGRATION_ROUTER,array_interface_VSS,array_interface_VSS,source_bbox
m1_3897,m1,"[28.9025, 0.0, 28.9675, 0.18]",TOP_PIN,VSS,TOP_PIN::VSS,top_pin_bbox
m1_3898,m1,"[28.9025, 1.525, 28.9675, 1.885]",PARENT_INTEGRATION_ROUTER,array_interface_VDD,array_interface_VDD,source_bbox
m1_3898,m1,"[28.9025, 1.525, 28.9675, 1.885]",TOP_PIN,VDD,TOP_PIN::VDD,top_pin_bbox
m1_3899,m1,"[29.3325, 1.525, 29.3975, 1.885]",PARENT_INTEGRATION_ROUTER,array_interface_VDD,array_interface_VDD,source_bbox
m1_3899,m1,"[29.3325, 1.525, 29.3975, 1.885]",TOP_PIN,VDD,TOP_PIN::VDD,top_pin_bbox
m1_4010,m1,"[29.8225, 1.82, 30.51, 1.885]",PARENT_INTEGRATION_ROUTER,array_interface_VDD,array_interface_VDD,source_bbox
m1_4010,m1,"[29.8225, 1.82, 30.51, 1.885]",TOP_PIN,VDD,TOP_PIN::VDD,top_pin_bbox
m1_4011,m1,"[29.8225, 0.0, 30.51, 0.065]",PARENT_INTEGRATION_ROUTER,array_interface_VSS,array_interface_VSS,source_bbox
m1_4011,m1,"[29.8225, 0.0, 30.51, 0.065]",TOP_PIN,VSS,TOP_PIN::VSS,top_pin_bbox
m1_4012,m1,"[30.3, 1.6825, 30.365, 1.8525]",PARENT_INTEGRATION_ROUTER,array_interface_VDD,array_interface_VDD,source_bbox
m1_4012,m1,"[30.3, 1.6825, 30.365, 1.8525]",TOP_PIN,VDD,TOP_PIN::VDD,top_pin_bbox
m1_4013,m1,"[30.3, 0.0325, 30.365, 0.2025]",PARENT_INTEGRATION_ROUTER,array_interface_VSS,array_interface_VSS,source_bbox
m1_4013,m1,"[30.3, 0.0325, 30.365, 0.2025]",TOP_PIN,VSS,TOP_PIN::VSS,top_pin_bbox
m1_4021,m1,"[29.915, 0.0, 29.98, 0.135]",PARENT_INTEGRATION_ROUTER,array_interface_VSS,array_interface_VSS,source_bbox
m1_4021,m1,"[29.915, 0.0, 29.98, 0.135]",TOP_PIN,VSS,TOP_PIN::VSS,top_pin_bbox
m1_4022,m1,"[29.915, 1.525, 29.98, 1.885]",PARENT_INTEGRATION_ROUTER,array_interface_VDD,array_interface_VDD,source_bbox
m1_4022,m1,"[29.915, 1.525, 29.98, 1.885]",TOP_PIN,VDD,TOP_PIN::VDD,top_pin_bbox
m1_4087,m1,"[30.62, 1.82, 32.665, 1.885]",PARENT_INTEGRATION_ROUTER,array_interface_VDD,array_interface_VDD,source_bbox
m1_4087,m1,"[30.62, 1.82, 32.665, 1.885]",TOP_PIN,VDD,TOP_PIN::VDD,top_pin_bbox
m1_4088,m1,"[30.62, 0.0, 32.665, 0.065]",PARENT_INTEGRATION_ROUTER,array_interface_VSS,array_interface_VSS,source_bbox
m1_4088,m1,"[30.62, 0.0, 32.665, 0.065]",TOP_PIN,VSS,TOP_PIN::VSS,top_pin_bbox
m1_4101,m1,"[30.62, 1.82, 31.8675, 1.885]",PARENT_INTEGRATION_ROUTER,array_interface_VDD,array_interface_VDD,source_bbox
m1_4101,m1,"[30.62, 1.82, 31.8675, 1.885]",TOP_PIN,VDD,TOP_PIN::VDD,top_pin_bbox
m1_4102,m1,"[30.62, 0.0, 31.8675, 0.065]",PARENT_INTEGRATION_ROUTER,array_interface_VSS,array_interface_VSS,source_bbox
m1_4102,m1,"[30.62, 0.0, 31.8675, 0.065]",TOP_PIN,VSS,TOP_PIN::VSS,top_pin_bbox
m1_4103,m1,"[31.6575, 1.6825, 31.7225, 1.8525]",PARENT_INTEGRATION_ROUTER,array_interface_VDD,array_interface_VDD,source_bbox
m1_4103,m1,"[31.6575, 1.6825, 31.7225, 1.8525]",TOP_PIN,VDD,TOP_PIN::VDD,top_pin_bbox
m1_4104,m1,"[31.6575, 0.0325, 31.7225, 0.2025]",PARENT_INTEGRATION_ROUTER,array_interface_VSS,array_interface_VSS,source_bbox
m1_4104,m1,"[31.6575, 0.0325, 31.7225, 0.2025]",TOP_PIN,VSS,TOP_PIN::VSS,top_pin_bbox
m1_4119,m1,"[30.7125, 0.0, 30.7775, 0.18]",PARENT_INTEGRATION_ROUTER,array_interface_VSS,array_interface_VSS,source_bbox
m1_4119,m1,"[30.7125, 0.0, 30.7775, 0.18]",TOP_PIN,VSS,TOP_PIN::VSS,top_pin_bbox
m1_4120,m1,"[30.7125, 1.525, 30.7775, 1.885]",PARENT_INTEGRATION_ROUTER,array_interface_VDD,array_interface_VDD,source_bbox
m1_4120,m1,"[30.7125, 1.525, 30.7775, 1.885]",TOP_PIN,VDD,TOP_PIN::VDD,top_pin_bbox
m1_4121,m1,"[31.1425, 1.525, 31.2075, 1.885]",PARENT_INTEGRATION_ROUTER,array_interface_VDD,array_interface_VDD,source_bbox
m1_4121,m1,"[31.1425, 1.525, 31.2075, 1.885]",TOP_PIN,VDD,TOP_PIN::VDD,top_pin_bbox
m1_4263,m1,"[31.9775, 1.82, 32.665, 1.885]",PARENT_INTEGRATION_ROUTER,array_interface_VDD,array_interface_VDD,source_bbox
m1_4263,m1,"[31.9775, 1.82, 32.665, 1.885]",TOP_PIN,VDD,TOP_PIN::VDD,top_pin_bbox
m1_4264,m1,"[31.9775, 0.0, 32.665, 0.065]",PARENT_INTEGRATION_ROUTER,array_interface_VSS,array_interface_VSS,source_bbox
m1_4264,m1,"[31.9775, 0.0, 32.665, 0.065]",TOP_PIN,VSS,TOP_PIN::VSS,top_pin_bbox
m1_4265,m1,"[32.455, 1.6825, 32.52, 1.8525]",PARENT_INTEGRATION_ROUTER,array_interface_VDD,array_interface_VDD,source_bbox
m1_4265,m1,"[32.455, 1.6825, 32.52, 1.8525]",TOP_PIN,VDD,TOP_PIN::VDD,top_pin_bbox
m1_4266,m1,"[32.455, 0.0325, 32.52, 0.2025]",PARENT_INTEGRATION_ROUTER,array_interface_VSS,array_interface_VSS,source_bbox
m1_4266,m1,"[32.455, 0.0325, 32.52, 0.2025]",TOP_PIN,VSS,TOP_PIN::VSS,top_pin_bbox
m1_4274,m1,"[32.07, 0.0, 32.135, 0.135]",PARENT_INTEGRATION_ROUTER,array_interface_VSS,array_interface_VSS,source_bbox
m1_4274,m1,"[32.07, 0.0, 32.135, 0.135]",TOP_PIN,VSS,TOP_PIN::VSS,top_pin_bbox
m1_4275,m1,"[32.07, 1.525, 32.135, 1.885]",PARENT_INTEGRATION_ROUTER,array_interface_VDD,array_interface_VDD,source_bbox
m1_4275,m1,"[32.07, 1.525, 32.135, 1.885]",TOP_PIN,VDD,TOP_PIN::VDD,top_pin_bbox
m1_4340,m1,"[32.775, 1.82, 34.475, 1.885]",PARENT_INTEGRATION_ROUTER,array_interface_VDD,array_interface_VDD,source_bbox
m1_4340,m1,"[32.775, 1.82, 34.475, 1.885]",TOP_PIN,VDD,TOP_PIN::VDD,top_pin_bbox
m1_4341,m1,"[32.775, 0.0, 34.475, 0.065]",PARENT_INTEGRATION_ROUTER,array_interface_VSS,array_interface_VSS,source_bbox
m1_4341,m1,"[32.775, 0.0, 34.475, 0.065]",TOP_PIN,VSS,TOP_PIN::VSS,top_pin_bbox
m1_4353,m1,"[32.775, 1.82, 33.6775, 1.885]",PARENT_INTEGRATION_ROUTER,array_interface_VDD,array_interface_VDD,source_bbox
m1_4353,m1,"[32.775, 1.82, 33.6775, 1.885]",TOP_PIN,VDD,TOP_PIN::VDD,top_pin_bbox
m1_4354,m1,"[32.775, 0.0, 33.6775, 0.065]",PARENT_INTEGRATION_ROUTER,array_interface_VSS,array_interface_VSS,source_bbox
m1_4354,m1,"[32.775, 0.0, 33.6775, 0.065]",TOP_PIN,VSS,TOP_PIN::VSS,top_pin_bbox
m1_4355,m1,"[33.4675, 1.6825, 33.5325, 1.8525]",PARENT_INTEGRATION_ROUTER,array_interface_VDD,array_interface_VDD,source_bbox
m1_4355,m1,"[33.4675, 1.6825, 33.5325, 1.8525]",TOP_PIN,VDD,TOP_PIN::VDD,top_pin_bbox
m1_4356,m1,"[33.4675, 0.0325, 33.5325, 0.2025]",PARENT_INTEGRATION_ROUTER,array_interface_VSS,array_interface_VSS,source_bbox
m1_4356,m1,"[33.4675, 0.0325, 33.5325, 0.2025]",TOP_PIN,VSS,TOP_PIN::VSS,top_pin_bbox
m1_4365,m1,"[32.8675, 0.0, 32.9325, 0.18]",PARENT_INTEGRATION_ROUTER,array_interface_VSS,array_interface_VSS,source_bbox
m1_4365,m1,"[32.8675, 0.0, 32.9325, 0.18]",TOP_PIN,VSS,TOP_PIN::VSS,top_pin_bbox
m1_4366,m1,"[32.8675, 1.525, 32.9325, 1.885]",PARENT_INTEGRATION_ROUTER,array_interface_VDD,array_interface_VDD,source_bbox
m1_4366,m1,"[32.8675, 1.525, 32.9325, 1.885]",TOP_PIN,VDD,TOP_PIN::VDD,top_pin_bbox
m1_4367,m1,"[33.2975, 1.525, 33.3625, 1.885]",PARENT_INTEGRATION_ROUTER,array_interface_VDD,array_interface_VDD,source_bbox
m1_4367,m1,"[33.2975, 1.525, 33.3625, 1.885]",TOP_PIN,VDD,TOP_PIN::VDD,top_pin_bbox
m1_4478,m1,"[33.7875, 1.82, 34.475, 1.885]",PARENT_INTEGRATION_ROUTER,array_interface_VDD,array_interface_VDD,source_bbox
m1_4478,m1,"[33.7875, 1.82, 34.475, 1.885]",TOP_PIN,VDD,TOP_PIN::VDD,top_pin_bbox
m1_4479,m1,"[33.7875, 0.0, 34.475, 0.065]",PARENT_INTEGRATION_ROUTER,array_interface_VSS,array_interface_VSS,source_bbox
m1_4479,m1,"[33.7875, 0.0, 34.475, 0.065]",TOP_PIN,VSS,TOP_PIN::VSS,top_pin_bbox
m1_4480,m1,"[34.265, 1.6825, 34.33, 1.8525]",PARENT_INTEGRATION_ROUTER,array_interface_VDD,array_interface_VDD,source_bbox
m1_4480,m1,"[34.265, 1.6825, 34.33, 1.8525]",TOP_PIN,VDD,TOP_PIN::VDD,top_pin_bbox
m1_4481,m1,"[34.265, 0.0325, 34.33, 0.2025]",PARENT_INTEGRATION_ROUTER,array_interface_VSS,array_interface_VSS,source_bbox
m1_4481,m1,"[34.265, 0.0325, 34.33, 0.2025]",TOP_PIN,VSS,TOP_PIN::VSS,top_pin_bbox
m1_4489,m1,"[33.88, 0.0, 33.945, 0.135]",PARENT_INTEGRATION_ROUTER,array_interface_VSS,array_interface_VSS,source_bbox
m1_4489,m1,"[33.88, 0.0, 33.945, 0.135]",TOP_PIN,VSS,TOP_PIN::VSS,top_pin_bbox
m1_4490,m1,"[33.88, 1.525, 33.945, 1.885]",PARENT_INTEGRATION_ROUTER,array_interface_VDD,array_interface_VDD,source_bbox
m1_4490,m1,"[33.88, 1.525, 33.945, 1.885]",TOP_PIN,VDD,TOP_PIN::VDD,top_pin_bbox
m1_4555,m1,"[78.4725, 1.82, 112.475, 1.885]",PARENT_INTEGRATION_ROUTER,array_interface_VDD,array_interface_VDD,power_bridge_bbox
m1_4555,m1,"[78.4725, 1.82, 112.475, 1.885]",PARENT_INTEGRATION_ROUTER,array_interface_VDD,array_interface_VDD,source_bbox
m1_4555,m1,"[78.4725, 1.82, 112.475, 1.885]",TOP_PIN,VDD,TOP_PIN::VDD,top_pin_bbox
m1_4556,m1,"[78.4725, 0.0, 112.475, 0.065]",PARENT_INTEGRATION_ROUTER,array_interface_VSS,array_interface_VSS,power_bridge_bbox
m1_4556,m1,"[78.4725, 0.0, 112.475, 0.065]",PARENT_INTEGRATION_ROUTER,array_interface_VSS,array_interface_VSS,source_bbox
m1_4556,m1,"[78.4725, 0.0, 112.475, 0.065]",TOP_PIN,VSS,TOP_PIN::VSS,top_pin_bbox
m1_4853,m1,"[78.4725, 1.82, 79.16, 1.885]",PARENT_INTEGRATION_ROUTER,array_interface_VDD,array_interface_VDD,source_bbox
m1_4853,m1,"[78.4725, 1.82, 79.16, 1.885]",TOP_PIN,VDD,TOP_PIN::VDD,top_pin_bbox
m1_4854,m1,"[78.4725, 0.0, 79.16, 0.065]",PARENT_INTEGRATION_ROUTER,array_interface_VSS,array_interface_VSS,source_bbox
m1_4854,m1,"[78.4725, 0.0, 79.16, 0.065]",TOP_PIN,VSS,TOP_PIN::VSS,top_pin_bbox
m1_4855,m1,"[78.95, 1.6825, 79.015, 1.8525]",PARENT_INTEGRATION_ROUTER,array_interface_VDD,array_interface_VDD,source_bbox
m1_4855,m1,"[78.95, 1.6825, 79.015, 1.8525]",TOP_PIN,VDD,TOP_PIN::VDD,top_pin_bbox
m1_4856,m1,"[78.95, 0.0325, 79.015, 0.2025]",PARENT_INTEGRATION_ROUTER,array_interface_VSS,array_interface_VSS,source_bbox
m1_4856,m1,"[78.95, 0.0325, 79.015, 0.2025]",TOP_PIN,VSS,TOP_PIN::VSS,top_pin_bbox
m1_4864,m1,"[78.565, 0.0, 78.63, 0.135]",PARENT_INTEGRATION_ROUTER,array_interface_VSS,array_interface_VSS,source_bbox
m1_4864,m1,"[78.565, 0.0, 78.63, 0.135]",TOP_PIN,VSS,TOP_PIN::VSS,top_pin_bbox
m1_4865,m1,"[78.565, 1.525, 78.63, 1.885]",PARENT_INTEGRATION_ROUTER,array_interface_VDD,array_interface_VDD,source_bbox
m1_4865,m1,"[78.565, 1.525, 78.63, 1.885]",TOP_PIN,VDD,TOP_PIN::VDD,top_pin_bbox
m1_4933,m1,"[79.27, 1.82, 79.9575, 1.885]",PARENT_INTEGRATION_ROUTER,array_interface_VDD,array_interface_VDD,source_bbox
m1_4933,m1,"[79.27, 1.82, 79.9575, 1.885]",TOP_PIN,VDD,TOP_PIN::VDD,top_pin_bbox
m1_4934,m1,"[79.27, 0.0, 79.9575, 0.065]",PARENT_INTEGRATION_ROUTER,array_interface_VSS,array_interface_VSS,source_bbox
m1_4934,m1,"[79.27, 0.0, 79.9575, 0.065]",TOP_PIN,VSS,TOP_PIN::VSS,top_pin_bbox
m1_4935,m1,"[79.7475, 1.6825, 79.8125, 1.8525]",PARENT_INTEGRATION_ROUTER,array_interface_VDD,array_interface_VDD,source_bbox
m1_4935,m1,"[79.7475, 1.6825, 79.8125, 1.8525]",TOP_PIN,VDD,TOP_PIN::VDD,top_pin_bbox
m1_4936,m1,"[79.7475, 0.0325, 79.8125, 0.2025]",PARENT_INTEGRATION_ROUTER,array_interface_VSS,array_interface_VSS,source_bbox
m1_4936,m1,"[79.7475, 0.0325, 79.8125, 0.2025]",TOP_PIN,VSS,TOP_PIN::VSS,top_pin_bbox
m1_4944,m1,"[79.3625, 0.0, 79.4275, 0.135]",PARENT_INTEGRATION_ROUTER,array_interface_VSS,array_interface_VSS,source_bbox
m1_4944,m1,"[79.3625, 0.0, 79.4275, 0.135]",TOP_PIN,VSS,TOP_PIN::VSS,top_pin_bbox
m1_4945,m1,"[79.3625, 1.525, 79.4275, 1.885]",PARENT_INTEGRATION_ROUTER,array_interface_VDD,array_interface_VDD,source_bbox
m1_4945,m1,"[79.3625, 1.525, 79.4275, 1.885]",TOP_PIN,VDD,TOP_PIN::VDD,top_pin_bbox
m1_5013,m1,"[80.0675, 1.82, 80.755, 1.885]",PARENT_INTEGRATION_ROUTER,array_interface_VDD,array_interface_VDD,source_bbox
m1_5013,m1,"[80.0675, 1.82, 80.755, 1.885]",TOP_PIN,VDD,TOP_PIN::VDD,top_pin_bbox
m1_5014,m1,"[80.0675, 0.0, 80.755, 0.065]",PARENT_INTEGRATION_ROUTER,array_interface_VSS,array_interface_VSS,source_bbox
m1_5014,m1,"[80.0675, 0.0, 80.755, 0.065]",TOP_PIN,VSS,TOP_PIN::VSS,top_pin_bbox
m1_5015,m1,"[80.545, 1.6825, 80.61, 1.8525]",PARENT_INTEGRATION_ROUTER,array_interface_VDD,array_interface_VDD,source_bbox
m1_5015,m1,"[80.545, 1.6825, 80.61, 1.8525]",TOP_PIN,VDD,TOP_PIN::VDD,top_pin_bbox
m1_5016,m1,"[80.545, 0.0325, 80.61, 0.2025]",PARENT_INTEGRATION_ROUTER,array_interface_VSS,array_interface_VSS,source_bbox
m1_5016,m1,"[80.545, 0.0325, 80.61, 0.2025]",TOP_PIN,VSS,TOP_PIN::VSS,top_pin_bbox
m1_5024,m1,"[80.16, 0.0, 80.225, 0.135]",PARENT_INTEGRATION_ROUTER,array_interface_VSS,array_interface_VSS,source_bbox
m1_5024,m1,"[80.16, 0.0, 80.225, 0.135]",TOP_PIN,VSS,TOP_PIN::VSS,top_pin_bbox
m1_5025,m1,"[80.16, 1.525, 80.225, 1.885]",PARENT_INTEGRATION_ROUTER,array_interface_VDD,array_interface_VDD,source_bbox
m1_5025,m1,"[80.16, 1.525, 80.225, 1.885]",TOP_PIN,VDD,TOP_PIN::VDD,top_pin_bbox
m1_5090,m1,"[80.865, 1.82, 82.91, 1.885]",PARENT_INTEGRATION_ROUTER,array_interface_VDD,array_interface_VDD,source_bbox
m1_5090,m1,"[80.865, 1.82, 82.91, 1.885]",TOP_PIN,VDD,TOP_PIN::VDD,top_pin_bbox
m1_5091,m1,"[80.865, 0.0, 82.91, 0.065]",PARENT_INTEGRATION_ROUTER,array_interface_VSS,array_interface_VSS,source_bbox
m1_5091,m1,"[80.865, 0.0, 82.91, 0.065]",TOP_PIN,VSS,TOP_PIN::VSS,top_pin_bbox
m1_5104,m1,"[80.865, 1.82, 82.1125, 1.885]",PARENT_INTEGRATION_ROUTER,array_interface_VDD,array_interface_VDD,source_bbox
m1_5104,m1,"[80.865, 1.82, 82.1125, 1.885]",TOP_PIN,VDD,TOP_PIN::VDD,top_pin_bbox
m1_5105,m1,"[80.865, 0.0, 82.1125, 0.065]",PARENT_INTEGRATION_ROUTER,array_interface_VSS,array_interface_VSS,source_bbox
m1_5105,m1,"[80.865, 0.0, 82.1125, 0.065]",TOP_PIN,VSS,TOP_PIN::VSS,top_pin_bbox
m1_5106,m1,"[81.9025, 1.6825, 81.9675, 1.8525]",PARENT_INTEGRATION_ROUTER,array_interface_VDD,array_interface_VDD,source_bbox
m1_5106,m1,"[81.9025, 1.6825, 81.9675, 1.8525]",TOP_PIN,VDD,TOP_PIN::VDD,top_pin_bbox
m1_5107,m1,"[81.9025, 0.0325, 81.9675, 0.2025]",PARENT_INTEGRATION_ROUTER,array_interface_VSS,array_interface_VSS,source_bbox
m1_5107,m1,"[81.9025, 0.0325, 81.9675, 0.2025]",TOP_PIN,VSS,TOP_PIN::VSS,top_pin_bbox
m1_5122,m1,"[80.9575, 0.0, 81.0225, 0.18]",PARENT_INTEGRATION_ROUTER,array_interface_VSS,array_interface_VSS,source_bbox
m1_5122,m1,"[80.9575, 0.0, 81.0225, 0.18]",TOP_PIN,VSS,TOP_PIN::VSS,top_pin_bbox
m1_5123,m1,"[80.9575, 1.525, 81.0225, 1.885]",PARENT_INTEGRATION_ROUTER,array_interface_VDD,array_interface_VDD,source_bbox
m1_5123,m1,"[80.9575, 1.525, 81.0225, 1.885]",TOP_PIN,VDD,TOP_PIN::VDD,top_pin_bbox
m1_5124,m1,"[81.3875, 1.525, 81.4525, 1.885]",PARENT_INTEGRATION_ROUTER,array_interface_VDD,array_interface_VDD,source_bbox
m1_5124,m1,"[81.3875, 1.525, 81.4525, 1.885]",TOP_PIN,VDD,TOP_PIN::VDD,top_pin_bbox
m1_5266,m1,"[82.2225, 1.82, 82.91, 1.885]",PARENT_INTEGRATION_ROUTER,array_interface_VDD,array_interface_VDD,source_bbox
m1_5266,m1,"[82.2225, 1.82, 82.91, 1.885]",TOP_PIN,VDD,TOP_PIN::VDD,top_pin_bbox
m1_5267,m1,"[82.2225, 0.0, 82.91, 0.065]",PARENT_INTEGRATION_ROUTER,array_interface_VSS,array_interface_VSS,source_bbox
m1_5267,m1,"[82.2225, 0.0, 82.91, 0.065]",TOP_PIN,VSS,TOP_PIN::VSS,top_pin_bbox
m1_5268,m1,"[82.7, 1.6825, 82.765, 1.8525]",PARENT_INTEGRATION_ROUTER,array_interface_VDD,array_interface_VDD,source_bbox
m1_5268,m1,"[82.7, 1.6825, 82.765, 1.8525]",TOP_PIN,VDD,TOP_PIN::VDD,top_pin_bbox
m1_5269,m1,"[82.7, 0.0325, 82.765, 0.2025]",PARENT_INTEGRATION_ROUTER,array_interface_VSS,array_interface_VSS,source_bbox
m1_5269,m1,"[82.7, 0.0325, 82.765, 0.2025]",TOP_PIN,VSS,TOP_PIN::VSS,top_pin_bbox
m1_5277,m1,"[82.315, 0.0, 82.38, 0.135]",PARENT_INTEGRATION_ROUTER,array_interface_VSS,array_interface_VSS,source_bbox
m1_5277,m1,"[82.315, 0.0, 82.38, 0.135]",TOP_PIN,VSS,TOP_PIN::VSS,top_pin_bbox
m1_5278,m1,"[82.315, 1.525, 82.38, 1.885]",PARENT_INTEGRATION_ROUTER,array_interface_VDD,array_interface_VDD,source_bbox
m1_5278,m1,"[82.315, 1.525, 82.38, 1.885]",TOP_PIN,VDD,TOP_PIN::VDD,top_pin_bbox
m1_5343,m1,"[83.02, 1.82, 84.72, 1.885]",PARENT_INTEGRATION_ROUTER,array_interface_VDD,array_interface_VDD,source_bbox
m1_5343,m1,"[83.02, 1.82, 84.72, 1.885]",TOP_PIN,VDD,TOP_PIN::VDD,top_pin_bbox
m1_5344,m1,"[83.02, 0.0, 84.72, 0.065]",PARENT_INTEGRATION_ROUTER,array_interface_VSS,array_interface_VSS,source_bbox
m1_5344,m1,"[83.02, 0.0, 84.72, 0.065]",TOP_PIN,VSS,TOP_PIN::VSS,top_pin_bbox
m1_5356,m1,"[83.02, 1.82, 83.9225, 1.885]",PARENT_INTEGRATION_ROUTER,array_interface_VDD,array_interface_VDD,source_bbox
m1_5356,m1,"[83.02, 1.82, 83.9225, 1.885]",TOP_PIN,VDD,TOP_PIN::VDD,top_pin_bbox
m1_5357,m1,"[83.02, 0.0, 83.9225, 0.065]",PARENT_INTEGRATION_ROUTER,array_interface_VSS,array_interface_VSS,source_bbox
m1_5357,m1,"[83.02, 0.0, 83.9225, 0.065]",TOP_PIN,VSS,TOP_PIN::VSS,top_pin_bbox
m1_5358,m1,"[83.7125, 1.6825, 83.7775, 1.8525]",PARENT_INTEGRATION_ROUTER,array_interface_VDD,array_interface_VDD,source_bbox
m1_5358,m1,"[83.7125, 1.6825, 83.7775, 1.8525]",TOP_PIN,VDD,TOP_PIN::VDD,top_pin_bbox
m1_5359,m1,"[83.7125, 0.0325, 83.7775, 0.2025]",PARENT_INTEGRATION_ROUTER,array_interface_VSS,array_interface_VSS,source_bbox
m1_5359,m1,"[83.7125, 0.0325, 83.7775, 0.2025]",TOP_PIN,VSS,TOP_PIN::VSS,top_pin_bbox
m1_5368,m1,"[83.1125, 0.0, 83.1775, 0.18]",PARENT_INTEGRATION_ROUTER,array_interface_VSS,array_interface_VSS,source_bbox
m1_5368,m1,"[83.1125, 0.0, 83.1775, 0.18]",TOP_PIN,VSS,TOP_PIN::VSS,top_pin_bbox
m1_5369,m1,"[83.1125, 1.525, 83.1775, 1.885]",PARENT_INTEGRATION_ROUTER,array_interface_VDD,array_interface_VDD,source_bbox
m1_5369,m1,"[83.1125, 1.525, 83.1775, 1.885]",TOP_PIN,VDD,TOP_PIN::VDD,top_pin_bbox
m1_5370,m1,"[83.5425, 1.525, 83.6075, 1.885]",PARENT_INTEGRATION_ROUTER,array_interface_VDD,array_interface_VDD,source_bbox
m1_5370,m1,"[83.5425, 1.525, 83.6075, 1.885]",TOP_PIN,VDD,TOP_PIN::VDD,top_pin_bbox
m1_5480,m1,"[84.3725, 0.865, 84.4375, 0.93]",PARENT_INTEGRATION_ROUTER,WL8,WL8,source_bbox
m1_5480,m1,"[84.3725, 0.865, 84.4375, 0.93]",PARENT_INTEGRATION_ROUTER,WL8,WL8,source_m1_landing_bbox
m1_5480,m1,"[84.3725, 0.865, 84.4375, 0.93]",TOP_PIN,WL8,TOP_PIN::WL8,top_pin_bbox
m1_5481,m1,"[84.0325, 1.82, 84.72, 1.885]",PARENT_INTEGRATION_ROUTER,array_interface_VDD,array_interface_VDD,source_bbox
m1_5481,m1,"[84.0325, 1.82, 84.72, 1.885]",TOP_PIN,VDD,TOP_PIN::VDD,top_pin_bbox
m1_5482,m1,"[84.0325, 0.0, 84.72, 0.065]",PARENT_INTEGRATION_ROUTER,array_interface_VSS,array_interface_VSS,source_bbox
m1_5482,m1,"[84.0325, 0.0, 84.72, 0.065]",TOP_PIN,VSS,TOP_PIN::VSS,top_pin_bbox
m1_5483,m1,"[84.51, 1.6825, 84.575, 1.8525]",PARENT_INTEGRATION_ROUTER,array_interface_VDD,array_interface_VDD,source_bbox
m1_5483,m1,"[84.51, 1.6825, 84.575, 1.8525]",TOP_PIN,VDD,TOP_PIN::VDD,top_pin_bbox
m1_5484,m1,"[84.51, 0.0325, 84.575, 0.2025]",PARENT_INTEGRATION_ROUTER,array_interface_VSS,array_interface_VSS,source_bbox
m1_5484,m1,"[84.51, 0.0325, 84.575, 0.2025]",TOP_PIN,VSS,TOP_PIN::VSS,top_pin_bbox
m1_5491,m1,"[84.34, 0.135, 84.405, 1.66]",PARENT_INTEGRATION_ROUTER,WL8,WL8,source_bbox
m1_5491,m1,"[84.34, 0.135, 84.405, 1.66]",PARENT_INTEGRATION_ROUTER,WL8,WL8,source_m1_landing_bbox
m1_5491,m1,"[84.34, 0.135, 84.405, 1.66]",TOP_PIN,WL8,TOP_PIN::WL8,top_pin_bbox
m1_5492,m1,"[84.125, 0.0, 84.19, 0.135]",PARENT_INTEGRATION_ROUTER,array_interface_VSS,array_interface_VSS,source_bbox
m1_5492,m1,"[84.125, 0.0, 84.19, 0.135]",TOP_PIN,VSS,TOP_PIN::VSS,top_pin_bbox
m1_5493,m1,"[84.125, 1.525, 84.19, 1.885]",PARENT_INTEGRATION_ROUTER,array_interface_VDD,array_interface_VDD,source_bbox
m1_5493,m1,"[84.125, 1.525, 84.19, 1.885]",TOP_PIN,VDD,TOP_PIN::VDD,top_pin_bbox
m1_5508,m1,"[84.34, 1.525, 84.405, 1.66]",PARENT_INTEGRATION_ROUTER,WL8,WL8,source_bbox
m1_5508,m1,"[84.34, 1.525, 84.405, 1.66]",TOP_PIN,WL8,TOP_PIN::WL8,top_pin_bbox
m1_5529,m1,"[84.34, 0.135, 84.405, 0.27]",PARENT_INTEGRATION_ROUTER,WL8,WL8,source_bbox
m1_5529,m1,"[84.34, 0.135, 84.405, 0.27]",TOP_PIN,WL8,TOP_PIN::WL8,top_pin_bbox
m1_5558,m1,"[84.83, 1.82, 86.875, 1.885]",PARENT_INTEGRATION_ROUTER,array_interface_VDD,array_interface_VDD,source_bbox
m1_5558,m1,"[84.83, 1.82, 86.875, 1.885]",TOP_PIN,VDD,TOP_PIN::VDD,top_pin_bbox
m1_5559,m1,"[84.83, 0.0, 86.875, 0.065]",PARENT_INTEGRATION_ROUTER,array_interface_VSS,array_interface_VSS,source_bbox
m1_5559,m1,"[84.83, 0.0, 86.875, 0.065]",TOP_PIN,VSS,TOP_PIN::VSS,top_pin_bbox
m1_5572,m1,"[84.83, 1.82, 86.0775, 1.885]",PARENT_INTEGRATION_ROUTER,array_interface_VDD,array_interface_VDD,source_bbox
m1_5572,m1,"[84.83, 1.82, 86.0775, 1.885]",TOP_PIN,VDD,TOP_PIN::VDD,top_pin_bbox
m1_5573,m1,"[84.83, 0.0, 86.0775, 0.065]",PARENT_INTEGRATION_ROUTER,array_interface_VSS,array_interface_VSS,source_bbox
m1_5573,m1,"[84.83, 0.0, 86.0775, 0.065]",TOP_PIN,VSS,TOP_PIN::VSS,top_pin_bbox
m1_5574,m1,"[85.8675, 1.6825, 85.9325, 1.8525]",PARENT_INTEGRATION_ROUTER,array_interface_VDD,array_interface_VDD,source_bbox
m1_5574,m1,"[85.8675, 1.6825, 85.9325, 1.8525]",TOP_PIN,VDD,TOP_PIN::VDD,top_pin_bbox
m1_5575,m1,"[85.8675, 0.0325, 85.9325, 0.2025]",PARENT_INTEGRATION_ROUTER,array_interface_VSS,array_interface_VSS,source_bbox
m1_5575,m1,"[85.8675, 0.0325, 85.9325, 0.2025]",TOP_PIN,VSS,TOP_PIN::VSS,top_pin_bbox
m1_5590,m1,"[84.9225, 0.0, 84.9875, 0.18]",PARENT_INTEGRATION_ROUTER,array_interface_VSS,array_interface_VSS,source_bbox
m1_5590,m1,"[84.9225, 0.0, 84.9875, 0.18]",TOP_PIN,VSS,TOP_PIN::VSS,top_pin_bbox
m1_5591,m1,"[84.9225, 1.525, 84.9875, 1.885]",PARENT_INTEGRATION_ROUTER,array_interface_VDD,array_interface_VDD,source_bbox
m1_5591,m1,"[84.9225, 1.525, 84.9875, 1.885]",TOP_PIN,VDD,TOP_PIN::VDD,top_pin_bbox
m1_5592,m1,"[85.3525, 1.525, 85.4175, 1.885]",PARENT_INTEGRATION_ROUTER,array_interface_VDD,array_interface_VDD,source_bbox
m1_5592,m1,"[85.3525, 1.525, 85.4175, 1.885]",TOP_PIN,VDD,TOP_PIN::VDD,top_pin_bbox
m1_5734,m1,"[86.1875, 1.82, 86.875, 1.885]",PARENT_INTEGRATION_ROUTER,array_interface_VDD,array_interface_VDD,source_bbox
m1_5734,m1,"[86.1875, 1.82, 86.875, 1.885]",TOP_PIN,VDD,TOP_PIN::VDD,top_pin_bbox
m1_5735,m1,"[86.1875, 0.0, 86.875, 0.065]",PARENT_INTEGRATION_ROUTER,array_interface_VSS,array_interface_VSS,source_bbox
m1_5735,m1,"[86.1875, 0.0, 86.875, 0.065]",TOP_PIN,VSS,TOP_PIN::VSS,top_pin_bbox
m1_5736,m1,"[86.665, 1.6825, 86.73, 1.8525]",PARENT_INTEGRATION_ROUTER,array_interface_VDD,array_interface_VDD,source_bbox
m1_5736,m1,"[86.665, 1.6825, 86.73, 1.8525]",TOP_PIN,VDD,TOP_PIN::VDD,top_pin_bbox
m1_5737,m1,"[86.665, 0.0325, 86.73, 0.2025]",PARENT_INTEGRATION_ROUTER,array_interface_VSS,array_interface_VSS,source_bbox
m1_5737,m1,"[86.665, 0.0325, 86.73, 0.2025]",TOP_PIN,VSS,TOP_PIN::VSS,top_pin_bbox
m1_574,m1,"[0.4725, 1.82, 1.16, 1.885]",PARENT_INTEGRATION_ROUTER,array_interface_VDD,array_interface_VDD,source_bbox
m1_574,m1,"[0.4725, 1.82, 1.16, 1.885]",TOP_PIN,VDD,TOP_PIN::VDD,top_pin_bbox
m1_5745,m1,"[86.28, 0.0, 86.345, 0.135]",PARENT_INTEGRATION_ROUTER,array_interface_VSS,array_interface_VSS,source_bbox
m1_5745,m1,"[86.28, 0.0, 86.345, 0.135]",TOP_PIN,VSS,TOP_PIN::VSS,top_pin_bbox
m1_5746,m1,"[86.28, 1.525, 86.345, 1.885]",PARENT_INTEGRATION_ROUTER,array_interface_VDD,array_interface_VDD,source_bbox
m1_5746,m1,"[86.28, 1.525, 86.345, 1.885]",TOP_PIN,VDD,TOP_PIN::VDD,top_pin_bbox
m1_575,m1,"[0.4725, 0.0, 1.16, 0.065]",PARENT_INTEGRATION_ROUTER,array_interface_VSS,array_interface_VSS,source_bbox
m1_575,m1,"[0.4725, 0.0, 1.16, 0.065]",TOP_PIN,VSS,TOP_PIN::VSS,top_pin_bbox
m1_576,m1,"[0.95, 1.6825, 1.015, 1.8525]",PARENT_INTEGRATION_ROUTER,array_interface_VDD,array_interface_VDD,source_bbox
m1_576,m1,"[0.95, 1.6825, 1.015, 1.8525]",TOP_PIN,VDD,TOP_PIN::VDD,top_pin_bbox
m1_577,m1,"[0.95, 0.0325, 1.015, 0.2025]",PARENT_INTEGRATION_ROUTER,array_interface_VSS,array_interface_VSS,source_bbox
m1_577,m1,"[0.95, 0.0325, 1.015, 0.2025]",TOP_PIN,VSS,TOP_PIN::VSS,top_pin_bbox
m1_5811,m1,"[86.985, 1.82, 88.685, 1.885]",PARENT_INTEGRATION_ROUTER,array_interface_VDD,array_interface_VDD,source_bbox
m1_5811,m1,"[86.985, 1.82, 88.685, 1.885]",TOP_PIN,VDD,TOP_PIN::VDD,top_pin_bbox
m1_5812,m1,"[86.985, 0.0, 88.685, 0.065]",PARENT_INTEGRATION_ROUTER,array_interface_VSS,array_interface_VSS,source_bbox
m1_5812,m1,"[86.985, 0.0, 88.685, 0.065]",TOP_PIN,VSS,TOP_PIN::VSS,top_pin_bbox
m1_5824,m1,"[86.985, 1.82, 87.8875, 1.885]",PARENT_INTEGRATION_ROUTER,array_interface_VDD,array_interface_VDD,source_bbox
m1_5824,m1,"[86.985, 1.82, 87.8875, 1.885]",TOP_PIN,VDD,TOP_PIN::VDD,top_pin_bbox
m1_5825,m1,"[86.985, 0.0, 87.8875, 0.065]",PARENT_INTEGRATION_ROUTER,array_interface_VSS,array_interface_VSS,source_bbox
m1_5825,m1,"[86.985, 0.0, 87.8875, 0.065]",TOP_PIN,VSS,TOP_PIN::VSS,top_pin_bbox
m1_5826,m1,"[87.6775, 1.6825, 87.7425, 1.8525]",PARENT_INTEGRATION_ROUTER,array_interface_VDD,array_interface_VDD,source_bbox
m1_5826,m1,"[87.6775, 1.6825, 87.7425, 1.8525]",TOP_PIN,VDD,TOP_PIN::VDD,top_pin_bbox
m1_5827,m1,"[87.6775, 0.0325, 87.7425, 0.2025]",PARENT_INTEGRATION_ROUTER,array_interface_VSS,array_interface_VSS,source_bbox
m1_5827,m1,"[87.6775, 0.0325, 87.7425, 0.2025]",TOP_PIN,VSS,TOP_PIN::VSS,top_pin_bbox
m1_5836,m1,"[87.0775, 0.0, 87.1425, 0.18]",PARENT_INTEGRATION_ROUTER,array_interface_VSS,array_interface_VSS,source_bbox
m1_5836,m1,"[87.0775, 0.0, 87.1425, 0.18]",TOP_PIN,VSS,TOP_PIN::VSS,top_pin_bbox
m1_5837,m1,"[87.0775, 1.525, 87.1425, 1.885]",PARENT_INTEGRATION_ROUTER,array_interface_VDD,array_interface_VDD,source_bbox
m1_5837,m1,"[87.0775, 1.525, 87.1425, 1.885]",TOP_PIN,VDD,TOP_PIN::VDD,top_pin_bbox
m1_5838,m1,"[87.5075, 1.525, 87.5725, 1.885]",PARENT_INTEGRATION_ROUTER,array_interface_VDD,array_interface_VDD,source_bbox
m1_5838,m1,"[87.5075, 1.525, 87.5725, 1.885]",TOP_PIN,VDD,TOP_PIN::VDD,top_pin_bbox
m1_585,m1,"[0.565, 0.0, 0.63, 0.135]",PARENT_INTEGRATION_ROUTER,array_interface_VSS,array_interface_VSS,source_bbox
m1_585,m1,"[0.565, 0.0, 0.63, 0.135]",TOP_PIN,VSS,TOP_PIN::VSS,top_pin_bbox
m1_586,m1,"[0.565, 1.525, 0.63, 1.885]",PARENT_INTEGRATION_ROUTER,array_interface_VDD,array_interface_VDD,source_bbox
m1_586,m1,"[0.565, 1.525, 0.63, 1.885]",TOP_PIN,VDD,TOP_PIN::VDD,top_pin_bbox
m1_5948,m1,"[88.3375, 0.865, 88.4025, 0.93]",PARENT_INTEGRATION_ROUTER,WL9,WL9,source_bbox
m1_5948,m1,"[88.3375, 0.865, 88.4025, 0.93]",PARENT_INTEGRATION_ROUTER,WL9,WL9,source_m1_landing_bbox
m1_5948,m1,"[88.3375, 0.865, 88.4025, 0.93]",TOP_PIN,WL9,TOP_PIN::WL9,top_pin_bbox
m1_5949,m1,"[87.9975, 1.82, 88.685, 1.885]",PARENT_INTEGRATION_ROUTER,array_interface_VDD,array_interface_VDD,source_bbox
m1_5949,m1,"[87.9975, 1.82, 88.685, 1.885]",TOP_PIN,VDD,TOP_PIN::VDD,top_pin_bbox
m1_5950,m1,"[87.9975, 0.0, 88.685, 0.065]",PARENT_INTEGRATION_ROUTER,array_interface_VSS,array_interface_VSS,source_bbox
m1_5950,m1,"[87.9975, 0.0, 88.685, 0.065]",TOP_PIN,VSS,TOP_PIN::VSS,top_pin_bbox
m1_5951,m1,"[88.475, 1.6825, 88.54, 1.8525]",PARENT_INTEGRATION_ROUTER,array_interface_VDD,array_interface_VDD,source_bbox
m1_5951,m1,"[88.475, 1.6825, 88.54, 1.8525]",TOP_PIN,VDD,TOP_PIN::VDD,top_pin_bbox
m1_5952,m1,"[88.475, 0.0325, 88.54, 0.2025]",PARENT_INTEGRATION_ROUTER,array_interface_VSS,array_interface_VSS,source_bbox
m1_5952,m1,"[88.475, 0.0325, 88.54, 0.2025]",TOP_PIN,VSS,TOP_PIN::VSS,top_pin_bbox
m1_5959,m1,"[88.305, 0.135, 88.37, 1.66]",PARENT_INTEGRATION_ROUTER,WL9,WL9,source_bbox
m1_5959,m1,"[88.305, 0.135, 88.37, 1.66]",PARENT_INTEGRATION_ROUTER,WL9,WL9,source_m1_landing_bbox
m1_5959,m1,"[88.305, 0.135, 88.37, 1.66]",TOP_PIN,WL9,TOP_PIN::WL9,top_pin_bbox
m1_5960,m1,"[88.09, 0.0, 88.155, 0.135]",PARENT_INTEGRATION_ROUTER,array_interface_VSS,array_interface_VSS,source_bbox
m1_5960,m1,"[88.09, 0.0, 88.155, 0.135]",TOP_PIN,VSS,TOP_PIN::VSS,top_pin_bbox
m1_5961,m1,"[88.09, 1.525, 88.155, 1.885]",PARENT_INTEGRATION_ROUTER,array_interface_VDD,array_interface_VDD,source_bbox
m1_5961,m1,"[88.09, 1.525, 88.155, 1.885]",TOP_PIN,VDD,TOP_PIN::VDD,top_pin_bbox
m1_5976,m1,"[88.305, 1.525, 88.37, 1.66]",PARENT_INTEGRATION_ROUTER,WL9,WL9,source_bbox
m1_5976,m1,"[88.305, 1.525, 88.37, 1.66]",TOP_PIN,WL9,TOP_PIN::WL9,top_pin_bbox
m1_5997,m1,"[88.305, 0.135, 88.37, 0.27]",PARENT_INTEGRATION_ROUTER,WL9,WL9,source_bbox
m1_5997,m1,"[88.305, 0.135, 88.37, 0.27]",TOP_PIN,WL9,TOP_PIN::WL9,top_pin_bbox
m1_6026,m1,"[88.795, 1.82, 90.84, 1.885]",PARENT_INTEGRATION_ROUTER,array_interface_VDD,array_interface_VDD,source_bbox
m1_6026,m1,"[88.795, 1.82, 90.84, 1.885]",TOP_PIN,VDD,TOP_PIN::VDD,top_pin_bbox
m1_6027,m1,"[88.795, 0.0, 90.84, 0.065]",PARENT_INTEGRATION_ROUTER,array_interface_VSS,array_interface_VSS,source_bbox
m1_6027,m1,"[88.795, 0.0, 90.84, 0.065]",TOP_PIN,VSS,TOP_PIN::VSS,top_pin_bbox
m1_6040,m1,"[88.795, 1.82, 90.0425, 1.885]",PARENT_INTEGRATION_ROUTER,array_interface_VDD,array_interface_VDD,source_bbox
m1_6040,m1,"[88.795, 1.82, 90.0425, 1.885]",TOP_PIN,VDD,TOP_PIN::VDD,top_pin_bbox
m1_6041,m1,"[88.795, 0.0, 90.0425, 0.065]",PARENT_INTEGRATION_ROUTER,array_interface_VSS,array_interface_VSS,source_bbox
m1_6041,m1,"[88.795, 0.0, 90.0425, 0.065]",TOP_PIN,VSS,TOP_PIN::VSS,top_pin_bbox
m1_6042,m1,"[89.8325, 1.6825, 89.8975, 1.8525]",PARENT_INTEGRATION_ROUTER,array_interface_VDD,array_interface_VDD,source_bbox
m1_6042,m1,"[89.8325, 1.6825, 89.8975, 1.8525]",TOP_PIN,VDD,TOP_PIN::VDD,top_pin_bbox
m1_6043,m1,"[89.8325, 0.0325, 89.8975, 0.2025]",PARENT_INTEGRATION_ROUTER,array_interface_VSS,array_interface_VSS,source_bbox
m1_6043,m1,"[89.8325, 0.0325, 89.8975, 0.2025]",TOP_PIN,VSS,TOP_PIN::VSS,top_pin_bbox
m1_6058,m1,"[88.8875, 0.0, 88.9525, 0.18]",PARENT_INTEGRATION_ROUTER,array_interface_VSS,array_interface_VSS,source_bbox
m1_6058,m1,"[88.8875, 0.0, 88.9525, 0.18]",TOP_PIN,VSS,TOP_PIN::VSS,top_pin_bbox
m1_6059,m1,"[88.8875, 1.525, 88.9525, 1.885]",PARENT_INTEGRATION_ROUTER,array_interface_VDD,array_interface_VDD,source_bbox
m1_6059,m1,"[88.8875, 1.525, 88.9525, 1.885]",TOP_PIN,VDD,TOP_PIN::VDD,top_pin_bbox
m1_6060,m1,"[89.3175, 1.525, 89.3825, 1.885]",PARENT_INTEGRATION_ROUTER,array_interface_VDD,array_interface_VDD,source_bbox
m1_6060,m1,"[89.3175, 1.525, 89.3825, 1.885]",TOP_PIN,VDD,TOP_PIN::VDD,top_pin_bbox
m1_6202,m1,"[90.1525, 1.82, 90.84, 1.885]",PARENT_INTEGRATION_ROUTER,array_interface_VDD,array_interface_VDD,source_bbox
m1_6202,m1,"[90.1525, 1.82, 90.84, 1.885]",TOP_PIN,VDD,TOP_PIN::VDD,top_pin_bbox
m1_6203,m1,"[90.1525, 0.0, 90.84, 0.065]",PARENT_INTEGRATION_ROUTER,array_interface_VSS,array_interface_VSS,source_bbox
m1_6203,m1,"[90.1525, 0.0, 90.84, 0.065]",TOP_PIN,VSS,TOP_PIN::VSS,top_pin_bbox
m1_6204,m1,"[90.63, 1.6825, 90.695, 1.8525]",PARENT_INTEGRATION_ROUTER,array_interface_VDD,array_interface_VDD,source_bbox
m1_6204,m1,"[90.63, 1.6825, 90.695, 1.8525]",TOP_PIN,VDD,TOP_PIN::VDD,top_pin_bbox
m1_6205,m1,"[90.63, 0.0325, 90.695, 0.2025]",PARENT_INTEGRATION_ROUTER,array_interface_VSS,array_interface_VSS,source_bbox
m1_6205,m1,"[90.63, 0.0325, 90.695, 0.2025]",TOP_PIN,VSS,TOP_PIN::VSS,top_pin_bbox
m1_6213,m1,"[90.245, 0.0, 90.31, 0.135]",PARENT_INTEGRATION_ROUTER,array_interface_VSS,array_interface_VSS,source_bbox
m1_6213,m1,"[90.245, 0.0, 90.31, 0.135]",TOP_PIN,VSS,TOP_PIN::VSS,top_pin_bbox
m1_6214,m1,"[90.245, 1.525, 90.31, 1.885]",PARENT_INTEGRATION_ROUTER,array_interface_VDD,array_interface_VDD,source_bbox
m1_6214,m1,"[90.245, 1.525, 90.31, 1.885]",TOP_PIN,VDD,TOP_PIN::VDD,top_pin_bbox
m1_6279,m1,"[90.95, 1.82, 92.65, 1.885]",PARENT_INTEGRATION_ROUTER,array_interface_VDD,array_interface_VDD,source_bbox
m1_6279,m1,"[90.95, 1.82, 92.65, 1.885]",TOP_PIN,VDD,TOP_PIN::VDD,top_pin_bbox
m1_6280,m1,"[90.95, 0.0, 92.65, 0.065]",PARENT_INTEGRATION_ROUTER,array_interface_VSS,array_interface_VSS,source_bbox
m1_6280,m1,"[90.95, 0.0, 92.65, 0.065]",TOP_PIN,VSS,TOP_PIN::VSS,top_pin_bbox
m1_6292,m1,"[90.95, 1.82, 91.8525, 1.885]",PARENT_INTEGRATION_ROUTER,array_interface_VDD,array_interface_VDD,source_bbox
m1_6292,m1,"[90.95, 1.82, 91.8525, 1.885]",TOP_PIN,VDD,TOP_PIN::VDD,top_pin_bbox
m1_6293,m1,"[90.95, 0.0, 91.8525, 0.065]",PARENT_INTEGRATION_ROUTER,array_interface_VSS,array_interface_VSS,source_bbox
m1_6293,m1,"[90.95, 0.0, 91.8525, 0.065]",TOP_PIN,VSS,TOP_PIN::VSS,top_pin_bbox
m1_6294,m1,"[91.6425, 1.6825, 91.7075, 1.8525]",PARENT_INTEGRATION_ROUTER,array_interface_VDD,array_interface_VDD,source_bbox
m1_6294,m1,"[91.6425, 1.6825, 91.7075, 1.8525]",TOP_PIN,VDD,TOP_PIN::VDD,top_pin_bbox
m1_6295,m1,"[91.6425, 0.0325, 91.7075, 0.2025]",PARENT_INTEGRATION_ROUTER,array_interface_VSS,array_interface_VSS,source_bbox
m1_6295,m1,"[91.6425, 0.0325, 91.7075, 0.2025]",TOP_PIN,VSS,TOP_PIN::VSS,top_pin_bbox
m1_6304,m1,"[91.0425, 0.0, 91.1075, 0.18]",PARENT_INTEGRATION_ROUTER,array_interface_VSS,array_interface_VSS,source_bbox
m1_6304,m1,"[91.0425, 0.0, 91.1075, 0.18]",TOP_PIN,VSS,TOP_PIN::VSS,top_pin_bbox
m1_6305,m1,"[91.0425, 1.525, 91.1075, 1.885]",PARENT_INTEGRATION_ROUTER,array_interface_VDD,array_interface_VDD,source_bbox
m1_6305,m1,"[91.0425, 1.525, 91.1075, 1.885]",TOP_PIN,VDD,TOP_PIN::VDD,top_pin_bbox
m1_6306,m1,"[91.4725, 1.525, 91.5375, 1.885]",PARENT_INTEGRATION_ROUTER,array_interface_VDD,array_interface_VDD,source_bbox
m1_6306,m1,"[91.4725, 1.525, 91.5375, 1.885]",TOP_PIN,VDD,TOP_PIN::VDD,top_pin_bbox
m1_6416,m1,"[92.3025, 0.865, 92.3675, 0.93]",PARENT_INTEGRATION_ROUTER,WL10,WL10,source_bbox
m1_6416,m1,"[92.3025, 0.865, 92.3675, 0.93]",PARENT_INTEGRATION_ROUTER,WL10,WL10,source_m1_landing_bbox
m1_6416,m1,"[92.3025, 0.865, 92.3675, 0.93]",TOP_PIN,WL10,TOP_PIN::WL10,top_pin_bbox
m1_6417,m1,"[91.9625, 1.82, 92.65, 1.885]",PARENT_INTEGRATION_ROUTER,array_interface_VDD,array_interface_VDD,source_bbox
m1_6417,m1,"[91.9625, 1.82, 92.65, 1.885]",TOP_PIN,VDD,TOP_PIN::VDD,top_pin_bbox
m1_6418,m1,"[91.9625, 0.0, 92.65, 0.065]",PARENT_INTEGRATION_ROUTER,array_interface_VSS,array_interface_VSS,source_bbox
m1_6418,m1,"[91.9625, 0.0, 92.65, 0.065]",TOP_PIN,VSS,TOP_PIN::VSS,top_pin_bbox
m1_6419,m1,"[92.44, 1.6825, 92.505, 1.8525]",PARENT_INTEGRATION_ROUTER,array_interface_VDD,array_interface_VDD,source_bbox
m1_6419,m1,"[92.44, 1.6825, 92.505, 1.8525]",TOP_PIN,VDD,TOP_PIN::VDD,top_pin_bbox
m1_6420,m1,"[92.44, 0.0325, 92.505, 0.2025]",PARENT_INTEGRATION_ROUTER,array_interface_VSS,array_interface_VSS,source_bbox
m1_6420,m1,"[92.44, 0.0325, 92.505, 0.2025]",TOP_PIN,VSS,TOP_PIN::VSS,top_pin_bbox
m1_6427,m1,"[92.27, 0.135, 92.335, 1.66]",PARENT_INTEGRATION_ROUTER,WL10,WL10,source_bbox
m1_6427,m1,"[92.27, 0.135, 92.335, 1.66]",PARENT_INTEGRATION_ROUTER,WL10,WL10,source_m1_landing_bbox
m1_6427,m1,"[92.27, 0.135, 92.335, 1.66]",TOP_PIN,WL10,TOP_PIN::WL10,top_pin_bbox
m1_6428,m1,"[92.055, 0.0, 92.12, 0.135]",PARENT_INTEGRATION_ROUTER,array_interface_VSS,array_interface_VSS,source_bbox
m1_6428,m1,"[92.055, 0.0, 92.12, 0.135]",TOP_PIN,VSS,TOP_PIN::VSS,top_pin_bbox
m1_6429,m1,"[92.055, 1.525, 92.12, 1.885]",PARENT_INTEGRATION_ROUTER,array_interface_VDD,array_interface_VDD,source_bbox
m1_6429,m1,"[92.055, 1.525, 92.12, 1.885]",TOP_PIN,VDD,TOP_PIN::VDD,top_pin_bbox
m1_6444,m1,"[92.27, 1.525, 92.335, 1.66]",PARENT_INTEGRATION_ROUTER,WL10,WL10,source_bbox
m1_6444,m1,"[92.27, 1.525, 92.335, 1.66]",TOP_PIN,WL10,TOP_PIN::WL10,top_pin_bbox
m1_6465,m1,"[92.27, 0.135, 92.335, 0.27]",PARENT_INTEGRATION_ROUTER,WL10,WL10,source_bbox
m1_6465,m1,"[92.27, 0.135, 92.335, 0.27]",TOP_PIN,WL10,TOP_PIN::WL10,top_pin_bbox
m1_6494,m1,"[92.76, 1.82, 94.805, 1.885]",PARENT_INTEGRATION_ROUTER,array_interface_VDD,array_interface_VDD,source_bbox
m1_6494,m1,"[92.76, 1.82, 94.805, 1.885]",TOP_PIN,VDD,TOP_PIN::VDD,top_pin_bbox
m1_6495,m1,"[92.76, 0.0, 94.805, 0.065]",PARENT_INTEGRATION_ROUTER,array_interface_VSS,array_interface_VSS,source_bbox
m1_6495,m1,"[92.76, 0.0, 94.805, 0.065]",TOP_PIN,VSS,TOP_PIN::VSS,top_pin_bbox
m1_6508,m1,"[92.76, 1.82, 94.0075, 1.885]",PARENT_INTEGRATION_ROUTER,array_interface_VDD,array_interface_VDD,source_bbox
m1_6508,m1,"[92.76, 1.82, 94.0075, 1.885]",TOP_PIN,VDD,TOP_PIN::VDD,top_pin_bbox
m1_6509,m1,"[92.76, 0.0, 94.0075, 0.065]",PARENT_INTEGRATION_ROUTER,array_interface_VSS,array_interface_VSS,source_bbox
m1_6509,m1,"[92.76, 0.0, 94.0075, 0.065]",TOP_PIN,VSS,TOP_PIN::VSS,top_pin_bbox
m1_6510,m1,"[93.7975, 1.6825, 93.8625, 1.8525]",PARENT_INTEGRATION_ROUTER,array_interface_VDD,array_interface_VDD,source_bbox
m1_6510,m1,"[93.7975, 1.6825, 93.8625, 1.8525]",TOP_PIN,VDD,TOP_PIN::VDD,top_pin_bbox
m1_6511,m1,"[93.7975, 0.0325, 93.8625, 0.2025]",PARENT_INTEGRATION_ROUTER,array_interface_VSS,array_interface_VSS,source_bbox
m1_6511,m1,"[93.7975, 0.0325, 93.8625, 0.2025]",TOP_PIN,VSS,TOP_PIN::VSS,top_pin_bbox
m1_6526,m1,"[92.8525, 0.0, 92.9175, 0.18]",PARENT_INTEGRATION_ROUTER,array_interface_VSS,array_interface_VSS,source_bbox
m1_6526,m1,"[92.8525, 0.0, 92.9175, 0.18]",TOP_PIN,VSS,TOP_PIN::VSS,top_pin_bbox
m1_6527,m1,"[92.8525, 1.525, 92.9175, 1.885]",PARENT_INTEGRATION_ROUTER,array_interface_VDD,array_interface_VDD,source_bbox
m1_6527,m1,"[92.8525, 1.525, 92.9175, 1.885]",TOP_PIN,VDD,TOP_PIN::VDD,top_pin_bbox
m1_6528,m1,"[93.2825, 1.525, 93.3475, 1.885]",PARENT_INTEGRATION_ROUTER,array_interface_VDD,array_interface_VDD,source_bbox
m1_6528,m1,"[93.2825, 1.525, 93.3475, 1.885]",TOP_PIN,VDD,TOP_PIN::VDD,top_pin_bbox
m1_654,m1,"[1.27, 1.82, 1.9575, 1.885]",PARENT_INTEGRATION_ROUTER,array_interface_VDD,array_interface_VDD,source_bbox
m1_654,m1,"[1.27, 1.82, 1.9575, 1.885]",TOP_PIN,VDD,TOP_PIN::VDD,top_pin_bbox
m1_655,m1,"[1.27, 0.0, 1.9575, 0.065]",PARENT_INTEGRATION_ROUTER,array_interface_VSS,array_interface_VSS,source_bbox
m1_655,m1,"[1.27, 0.0, 1.9575, 0.065]",TOP_PIN,VSS,TOP_PIN::VSS,top_pin_bbox
m1_656,m1,"[1.7475, 1.6825, 1.8125, 1.8525]",PARENT_INTEGRATION_ROUTER,array_interface_VDD,array_interface_VDD,source_bbox
m1_656,m1,"[1.7475, 1.6825, 1.8125, 1.8525]",TOP_PIN,VDD,TOP_PIN::VDD,top_pin_bbox
m1_657,m1,"[1.7475, 0.0325, 1.8125, 0.2025]",PARENT_INTEGRATION_ROUTER,array_interface_VSS,array_interface_VSS,source_bbox
m1_657,m1,"[1.7475, 0.0325, 1.8125, 0.2025]",TOP_PIN,VSS,TOP_PIN::VSS,top_pin_bbox
m1_665,m1,"[1.3625, 0.0, 1.4275, 0.135]",PARENT_INTEGRATION_ROUTER,array_interface_VSS,array_interface_VSS,source_bbox
m1_665,m1,"[1.3625, 0.0, 1.4275, 0.135]",TOP_PIN,VSS,TOP_PIN::VSS,top_pin_bbox
m1_666,m1,"[1.3625, 1.525, 1.4275, 1.885]",PARENT_INTEGRATION_ROUTER,array_interface_VDD,array_interface_VDD,source_bbox
m1_666,m1,"[1.3625, 1.525, 1.4275, 1.885]",TOP_PIN,VDD,TOP_PIN::VDD,top_pin_bbox
m1_6670,m1,"[94.1175, 1.82, 94.805, 1.885]",PARENT_INTEGRATION_ROUTER,array_interface_VDD,array_interface_VDD,source_bbox
m1_6670,m1,"[94.1175, 1.82, 94.805, 1.885]",TOP_PIN,VDD,TOP_PIN::VDD,top_pin_bbox
m1_6671,m1,"[94.1175, 0.0, 94.805, 0.065]",PARENT_INTEGRATION_ROUTER,array_interface_VSS,array_interface_VSS,source_bbox
m1_6671,m1,"[94.1175, 0.0, 94.805, 0.065]",TOP_PIN,VSS,TOP_PIN::VSS,top_pin_bbox
m1_6672,m1,"[94.595, 1.6825, 94.66, 1.8525]",PARENT_INTEGRATION_ROUTER,array_interface_VDD,array_interface_VDD,source_bbox
m1_6672,m1,"[94.595, 1.6825, 94.66, 1.8525]",TOP_PIN,VDD,TOP_PIN::VDD,top_pin_bbox
m1_6673,m1,"[94.595, 0.0325, 94.66, 0.2025]",PARENT_INTEGRATION_ROUTER,array_interface_VSS,array_interface_VSS,source_bbox
m1_6673,m1,"[94.595, 0.0325, 94.66, 0.2025]",TOP_PIN,VSS,TOP_PIN::VSS,top_pin_bbox
m1_6681,m1,"[94.21, 0.0, 94.275, 0.135]",PARENT_INTEGRATION_ROUTER,array_interface_VSS,array_interface_VSS,source_bbox
m1_6681,m1,"[94.21, 0.0, 94.275, 0.135]",TOP_PIN,VSS,TOP_PIN::VSS,top_pin_bbox
m1_6682,m1,"[94.21, 1.525, 94.275, 1.885]",PARENT_INTEGRATION_ROUTER,array_interface_VDD,array_interface_VDD,source_bbox
m1_6682,m1,"[94.21, 1.525, 94.275, 1.885]",TOP_PIN,VDD,TOP_PIN::VDD,top_pin_bbox
m1_6747,m1,"[94.915, 1.82, 96.615, 1.885]",PARENT_INTEGRATION_ROUTER,array_interface_VDD,array_interface_VDD,source_bbox
m1_6747,m1,"[94.915, 1.82, 96.615, 1.885]",TOP_PIN,VDD,TOP_PIN::VDD,top_pin_bbox
m1_6748,m1,"[94.915, 0.0, 96.615, 0.065]",PARENT_INTEGRATION_ROUTER,array_interface_VSS,array_interface_VSS,source_bbox
m1_6748,m1,"[94.915, 0.0, 96.615, 0.065]",TOP_PIN,VSS,TOP_PIN::VSS,top_pin_bbox
m1_6760,m1,"[94.915, 1.82, 95.8175, 1.885]",PARENT_INTEGRATION_ROUTER,array_interface_VDD,array_interface_VDD,source_bbox
m1_6760,m1,"[94.915, 1.82, 95.8175, 1.885]",TOP_PIN,VDD,TOP_PIN::VDD,top_pin_bbox
m1_6761,m1,"[94.915, 0.0, 95.8175, 0.065]",PARENT_INTEGRATION_ROUTER,array_interface_VSS,array_interface_VSS,source_bbox
m1_6761,m1,"[94.915, 0.0, 95.8175, 0.065]",TOP_PIN,VSS,TOP_PIN::VSS,top_pin_bbox
m1_6762,m1,"[95.6075, 1.6825, 95.6725, 1.8525]",PARENT_INTEGRATION_ROUTER,array_interface_VDD,array_interface_VDD,source_bbox
m1_6762,m1,"[95.6075, 1.6825, 95.6725, 1.8525]",TOP_PIN,VDD,TOP_PIN::VDD,top_pin_bbox
m1_6763,m1,"[95.6075, 0.0325, 95.6725, 0.2025]",PARENT_INTEGRATION_ROUTER,array_interface_VSS,array_interface_VSS,source_bbox
m1_6763,m1,"[95.6075, 0.0325, 95.6725, 0.2025]",TOP_PIN,VSS,TOP_PIN::VSS,top_pin_bbox
m1_6772,m1,"[95.0075, 0.0, 95.0725, 0.18]",PARENT_INTEGRATION_ROUTER,array_interface_VSS,array_interface_VSS,source_bbox
m1_6772,m1,"[95.0075, 0.0, 95.0725, 0.18]",TOP_PIN,VSS,TOP_PIN::VSS,top_pin_bbox
m1_6773,m1,"[95.0075, 1.525, 95.0725, 1.885]",PARENT_INTEGRATION_ROUTER,array_interface_VDD,array_interface_VDD,source_bbox
m1_6773,m1,"[95.0075, 1.525, 95.0725, 1.885]",TOP_PIN,VDD,TOP_PIN::VDD,top_pin_bbox
m1_6774,m1,"[95.4375, 1.525, 95.5025, 1.885]",PARENT_INTEGRATION_ROUTER,array_interface_VDD,array_interface_VDD,source_bbox
m1_6774,m1,"[95.4375, 1.525, 95.5025, 1.885]",TOP_PIN,VDD,TOP_PIN::VDD,top_pin_bbox
m1_6884,m1,"[96.2675, 0.865, 96.3325, 0.93]",PARENT_INTEGRATION_ROUTER,WL11,WL11,source_bbox
m1_6884,m1,"[96.2675, 0.865, 96.3325, 0.93]",PARENT_INTEGRATION_ROUTER,WL11,WL11,source_m1_landing_bbox
m1_6884,m1,"[96.2675, 0.865, 96.3325, 0.93]",TOP_PIN,WL11,TOP_PIN::WL11,top_pin_bbox
m1_6885,m1,"[95.9275, 1.82, 96.615, 1.885]",PARENT_INTEGRATION_ROUTER,array_interface_VDD,array_interface_VDD,source_bbox
m1_6885,m1,"[95.9275, 1.82, 96.615, 1.885]",TOP_PIN,VDD,TOP_PIN::VDD,top_pin_bbox
m1_6886,m1,"[95.9275, 0.0, 96.615, 0.065]",PARENT_INTEGRATION_ROUTER,array_interface_VSS,array_interface_VSS,source_bbox
m1_6886,m1,"[95.9275, 0.0, 96.615, 0.065]",TOP_PIN,VSS,TOP_PIN::VSS,top_pin_bbox
m1_6887,m1,"[96.405, 1.6825, 96.47, 1.8525]",PARENT_INTEGRATION_ROUTER,array_interface_VDD,array_interface_VDD,source_bbox
m1_6887,m1,"[96.405, 1.6825, 96.47, 1.8525]",TOP_PIN,VDD,TOP_PIN::VDD,top_pin_bbox
m1_6888,m1,"[96.405, 0.0325, 96.47, 0.2025]",PARENT_INTEGRATION_ROUTER,array_interface_VSS,array_interface_VSS,source_bbox
m1_6888,m1,"[96.405, 0.0325, 96.47, 0.2025]",TOP_PIN,VSS,TOP_PIN::VSS,top_pin_bbox
m1_6895,m1,"[96.235, 0.135, 96.3, 1.66]",PARENT_INTEGRATION_ROUTER,WL11,WL11,source_bbox
m1_6895,m1,"[96.235, 0.135, 96.3, 1.66]",PARENT_INTEGRATION_ROUTER,WL11,WL11,source_m1_landing_bbox
m1_6895,m1,"[96.235, 0.135, 96.3, 1.66]",TOP_PIN,WL11,TOP_PIN::WL11,top_pin_bbox
m1_6896,m1,"[96.02, 0.0, 96.085, 0.135]",PARENT_INTEGRATION_ROUTER,array_interface_VSS,array_interface_VSS,source_bbox
m1_6896,m1,"[96.02, 0.0, 96.085, 0.135]",TOP_PIN,VSS,TOP_PIN::VSS,top_pin_bbox
m1_6897,m1,"[96.02, 1.525, 96.085, 1.885]",PARENT_INTEGRATION_ROUTER,array_interface_VDD,array_interface_VDD,source_bbox
m1_6897,m1,"[96.02, 1.525, 96.085, 1.885]",TOP_PIN,VDD,TOP_PIN::VDD,top_pin_bbox
m1_6912,m1,"[96.235, 1.525, 96.3, 1.66]",PARENT_INTEGRATION_ROUTER,WL11,WL11,source_bbox
m1_6912,m1,"[96.235, 1.525, 96.3, 1.66]",TOP_PIN,WL11,TOP_PIN::WL11,top_pin_bbox
m1_6933,m1,"[96.235, 0.135, 96.3, 0.27]",PARENT_INTEGRATION_ROUTER,WL11,WL11,source_bbox
m1_6933,m1,"[96.235, 0.135, 96.3, 0.27]",TOP_PIN,WL11,TOP_PIN::WL11,top_pin_bbox
m1_6962,m1,"[96.725, 1.82, 98.77, 1.885]",PARENT_INTEGRATION_ROUTER,array_interface_VDD,array_interface_VDD,source_bbox
m1_6962,m1,"[96.725, 1.82, 98.77, 1.885]",TOP_PIN,VDD,TOP_PIN::VDD,top_pin_bbox
m1_6963,m1,"[96.725, 0.0, 98.77, 0.065]",PARENT_INTEGRATION_ROUTER,array_interface_VSS,array_interface_VSS,source_bbox
m1_6963,m1,"[96.725, 0.0, 98.77, 0.065]",TOP_PIN,VSS,TOP_PIN::VSS,top_pin_bbox
m1_6976,m1,"[96.725, 1.82, 97.9725, 1.885]",PARENT_INTEGRATION_ROUTER,array_interface_VDD,array_interface_VDD,source_bbox
m1_6976,m1,"[96.725, 1.82, 97.9725, 1.885]",TOP_PIN,VDD,TOP_PIN::VDD,top_pin_bbox
m1_6977,m1,"[96.725, 0.0, 97.9725, 0.065]",PARENT_INTEGRATION_ROUTER,array_interface_VSS,array_interface_VSS,source_bbox
m1_6977,m1,"[96.725, 0.0, 97.9725, 0.065]",TOP_PIN,VSS,TOP_PIN::VSS,top_pin_bbox
m1_6978,m1,"[97.7625, 1.6825, 97.8275, 1.8525]",PARENT_INTEGRATION_ROUTER,array_interface_VDD,array_interface_VDD,source_bbox
m1_6978,m1,"[97.7625, 1.6825, 97.8275, 1.8525]",TOP_PIN,VDD,TOP_PIN::VDD,top_pin_bbox
m1_6979,m1,"[97.7625, 0.0325, 97.8275, 0.2025]",PARENT_INTEGRATION_ROUTER,array_interface_VSS,array_interface_VSS,source_bbox
m1_6979,m1,"[97.7625, 0.0325, 97.8275, 0.2025]",TOP_PIN,VSS,TOP_PIN::VSS,top_pin_bbox
m1_6994,m1,"[96.8175, 0.0, 96.8825, 0.18]",PARENT_INTEGRATION_ROUTER,array_interface_VSS,array_interface_VSS,source_bbox
m1_6994,m1,"[96.8175, 0.0, 96.8825, 0.18]",TOP_PIN,VSS,TOP_PIN::VSS,top_pin_bbox
m1_6995,m1,"[96.8175, 1.525, 96.8825, 1.885]",PARENT_INTEGRATION_ROUTER,array_interface_VDD,array_interface_VDD,source_bbox
m1_6995,m1,"[96.8175, 1.525, 96.8825, 1.885]",TOP_PIN,VDD,TOP_PIN::VDD,top_pin_bbox
m1_6996,m1,"[97.2475, 1.525, 97.3125, 1.885]",PARENT_INTEGRATION_ROUTER,array_interface_VDD,array_interface_VDD,source_bbox
m1_6996,m1,"[97.2475, 1.525, 97.3125, 1.885]",TOP_PIN,VDD,TOP_PIN::VDD,top_pin_bbox
m1_7138,m1,"[98.0825, 1.82, 98.77, 1.885]",PARENT_INTEGRATION_ROUTER,array_interface_VDD,array_interface_VDD,source_bbox
m1_7138,m1,"[98.0825, 1.82, 98.77, 1.885]",TOP_PIN,VDD,TOP_PIN::VDD,top_pin_bbox
m1_7139,m1,"[98.0825, 0.0, 98.77, 0.065]",PARENT_INTEGRATION_ROUTER,array_interface_VSS,array_interface_VSS,source_bbox
m1_7139,m1,"[98.0825, 0.0, 98.77, 0.065]",TOP_PIN,VSS,TOP_PIN::VSS,top_pin_bbox
m1_7140,m1,"[98.56, 1.6825, 98.625, 1.8525]",PARENT_INTEGRATION_ROUTER,array_interface_VDD,array_interface_VDD,source_bbox
m1_7140,m1,"[98.56, 1.6825, 98.625, 1.8525]",TOP_PIN,VDD,TOP_PIN::VDD,top_pin_bbox
m1_7141,m1,"[98.56, 0.0325, 98.625, 0.2025]",PARENT_INTEGRATION_ROUTER,array_interface_VSS,array_interface_VSS,source_bbox
m1_7141,m1,"[98.56, 0.0325, 98.625, 0.2025]",TOP_PIN,VSS,TOP_PIN::VSS,top_pin_bbox
m1_7149,m1,"[98.175, 0.0, 98.24, 0.135]",PARENT_INTEGRATION_ROUTER,array_interface_VSS,array_interface_VSS,source_bbox
m1_7149,m1,"[98.175, 0.0, 98.24, 0.135]",TOP_PIN,VSS,TOP_PIN::VSS,top_pin_bbox
m1_7150,m1,"[98.175, 1.525, 98.24, 1.885]",PARENT_INTEGRATION_ROUTER,array_interface_VDD,array_interface_VDD,source_bbox
m1_7150,m1,"[98.175, 1.525, 98.24, 1.885]",TOP_PIN,VDD,TOP_PIN::VDD,top_pin_bbox
m1_7215,m1,"[98.88, 1.82, 100.58, 1.885]",PARENT_INTEGRATION_ROUTER,array_interface_VDD,array_interface_VDD,source_bbox
m1_7215,m1,"[98.88, 1.82, 100.58, 1.885]",TOP_PIN,VDD,TOP_PIN::VDD,top_pin_bbox
m1_7216,m1,"[98.88, 0.0, 100.58, 0.065]",PARENT_INTEGRATION_ROUTER,array_interface_VSS,array_interface_VSS,source_bbox
m1_7216,m1,"[98.88, 0.0, 100.58, 0.065]",TOP_PIN,VSS,TOP_PIN::VSS,top_pin_bbox
m1_7228,m1,"[98.88, 1.82, 99.7825, 1.885]",PARENT_INTEGRATION_ROUTER,array_interface_VDD,array_interface_VDD,source_bbox
m1_7228,m1,"[98.88, 1.82, 99.7825, 1.885]",TOP_PIN,VDD,TOP_PIN::VDD,top_pin_bbox
m1_7229,m1,"[98.88, 0.0, 99.7825, 0.065]",PARENT_INTEGRATION_ROUTER,array_interface_VSS,array_interface_VSS,source_bbox
m1_7229,m1,"[98.88, 0.0, 99.7825, 0.065]",TOP_PIN,VSS,TOP_PIN::VSS,top_pin_bbox
m1_7230,m1,"[99.5725, 1.6825, 99.6375, 1.8525]",PARENT_INTEGRATION_ROUTER,array_interface_VDD,array_interface_VDD,source_bbox
m1_7230,m1,"[99.5725, 1.6825, 99.6375, 1.8525]",TOP_PIN,VDD,TOP_PIN::VDD,top_pin_bbox
m1_7231,m1,"[99.5725, 0.0325, 99.6375, 0.2025]",PARENT_INTEGRATION_ROUTER,array_interface_VSS,array_interface_VSS,source_bbox
m1_7231,m1,"[99.5725, 0.0325, 99.6375, 0.2025]",TOP_PIN,VSS,TOP_PIN::VSS,top_pin_bbox
m1_7240,m1,"[98.9725, 0.0, 99.0375, 0.18]",PARENT_INTEGRATION_ROUTER,array_interface_VSS,array_interface_VSS,source_bbox
m1_7240,m1,"[98.9725, 0.0, 99.0375, 0.18]",TOP_PIN,VSS,TOP_PIN::VSS,top_pin_bbox
m1_7241,m1,"[98.9725, 1.525, 99.0375, 1.885]",PARENT_INTEGRATION_ROUTER,array_interface_VDD,array_interface_VDD,source_bbox
m1_7241,m1,"[98.9725, 1.525, 99.0375, 1.885]",TOP_PIN,VDD,TOP_PIN::VDD,top_pin_bbox
m1_7242,m1,"[99.4025, 1.525, 99.4675, 1.885]",PARENT_INTEGRATION_ROUTER,array_interface_VDD,array_interface_VDD,source_bbox
m1_7242,m1,"[99.4025, 1.525, 99.4675, 1.885]",TOP_PIN,VDD,TOP_PIN::VDD,top_pin_bbox
m1_734,m1,"[2.0675, 1.82, 2.755, 1.885]",PARENT_INTEGRATION_ROUTER,array_interface_VDD,array_interface_VDD,source_bbox
m1_734,m1,"[2.0675, 1.82, 2.755, 1.885]",TOP_PIN,VDD,TOP_PIN::VDD,top_pin_bbox
m1_735,m1,"[2.0675, 0.0, 2.755, 0.065]",PARENT_INTEGRATION_ROUTER,array_interface_VSS,array_interface_VSS,source_bbox
m1_735,m1,"[2.0675, 0.0, 2.755, 0.065]",TOP_PIN,VSS,TOP_PIN::VSS,top_pin_bbox
m1_7352,m1,"[100.2325, 0.865, 100.2975, 0.93]",PARENT_INTEGRATION_ROUTER,WL12,WL12,source_bbox
m1_7352,m1,"[100.2325, 0.865, 100.2975, 0.93]",PARENT_INTEGRATION_ROUTER,WL12,WL12,source_m1_landing_bbox
m1_7352,m1,"[100.2325, 0.865, 100.2975, 0.93]",TOP_PIN,WL12,TOP_PIN::WL12,top_pin_bbox
m1_7353,m1,"[99.8925, 1.82, 100.58, 1.885]",PARENT_INTEGRATION_ROUTER,array_interface_VDD,array_interface_VDD,source_bbox
m1_7353,m1,"[99.8925, 1.82, 100.58, 1.885]",TOP_PIN,VDD,TOP_PIN::VDD,top_pin_bbox
m1_7354,m1,"[99.8925, 0.0, 100.58, 0.065]",PARENT_INTEGRATION_ROUTER,array_interface_VSS,array_interface_VSS,source_bbox
m1_7354,m1,"[99.8925, 0.0, 100.58, 0.065]",TOP_PIN,VSS,TOP_PIN::VSS,top_pin_bbox
m1_7355,m1,"[100.37, 1.6825, 100.435, 1.8525]",PARENT_INTEGRATION_ROUTER,array_interface_VDD,array_interface_VDD,source_bbox
m1_7355,m1,"[100.37, 1.6825, 100.435, 1.8525]",TOP_PIN,VDD,TOP_PIN::VDD,top_pin_bbox
m1_7356,m1,"[100.37, 0.0325, 100.435, 0.2025]",PARENT_INTEGRATION_ROUTER,array_interface_VSS,array_interface_VSS,source_bbox
m1_7356,m1,"[100.37, 0.0325, 100.435, 0.2025]",TOP_PIN,VSS,TOP_PIN::VSS,top_pin_bbox
m1_736,m1,"[2.545, 1.6825, 2.61, 1.8525]",PARENT_INTEGRATION_ROUTER,array_interface_VDD,array_interface_VDD,source_bbox
m1_736,m1,"[2.545, 1.6825, 2.61, 1.8525]",TOP_PIN,VDD,TOP_PIN::VDD,top_pin_bbox
m1_7363,m1,"[100.2, 0.135, 100.265, 1.66]",PARENT_INTEGRATION_ROUTER,WL12,WL12,source_bbox
m1_7363,m1,"[100.2, 0.135, 100.265, 1.66]",PARENT_INTEGRATION_ROUTER,WL12,WL12,source_m1_landing_bbox
m1_7363,m1,"[100.2, 0.135, 100.265, 1.66]",TOP_PIN,WL12,TOP_PIN::WL12,top_pin_bbox
m1_7364,m1,"[99.985, 0.0, 100.05, 0.135]",PARENT_INTEGRATION_ROUTER,array_interface_VSS,array_interface_VSS,source_bbox
m1_7364,m1,"[99.985, 0.0, 100.05, 0.135]",TOP_PIN,VSS,TOP_PIN::VSS,top_pin_bbox
m1_7365,m1,"[99.985, 1.525, 100.05, 1.885]",PARENT_INTEGRATION_ROUTER,array_interface_VDD,array_interface_VDD,source_bbox
m1_7365,m1,"[99.985, 1.525, 100.05, 1.885]",TOP_PIN,VDD,TOP_PIN::VDD,top_pin_bbox
m1_737,m1,"[2.545, 0.0325, 2.61, 0.2025]",PARENT_INTEGRATION_ROUTER,array_interface_VSS,array_interface_VSS,source_bbox
m1_737,m1,"[2.545, 0.0325, 2.61, 0.2025]",TOP_PIN,VSS,TOP_PIN::VSS,top_pin_bbox
m1_7380,m1,"[100.2, 1.525, 100.265, 1.66]",PARENT_INTEGRATION_ROUTER,WL12,WL12,source_bbox
m1_7380,m1,"[100.2, 1.525, 100.265, 1.66]",TOP_PIN,WL12,TOP_PIN::WL12,top_pin_bbox
m1_7401,m1,"[100.2, 0.135, 100.265, 0.27]",PARENT_INTEGRATION_ROUTER,WL12,WL12,source_bbox
m1_7401,m1,"[100.2, 0.135, 100.265, 0.27]",TOP_PIN,WL12,TOP_PIN::WL12,top_pin_bbox
m1_7430,m1,"[100.69, 1.82, 102.735, 1.885]",PARENT_INTEGRATION_ROUTER,array_interface_VDD,array_interface_VDD,source_bbox
m1_7430,m1,"[100.69, 1.82, 102.735, 1.885]",TOP_PIN,VDD,TOP_PIN::VDD,top_pin_bbox
m1_7431,m1,"[100.69, 0.0, 102.735, 0.065]",PARENT_INTEGRATION_ROUTER,array_interface_VSS,array_interface_VSS,source_bbox
m1_7431,m1,"[100.69, 0.0, 102.735, 0.065]",TOP_PIN,VSS,TOP_PIN::VSS,top_pin_bbox
m1_7444,m1,"[100.69, 1.82, 101.9375, 1.885]",PARENT_INTEGRATION_ROUTER,array_interface_VDD,array_interface_VDD,source_bbox
m1_7444,m1,"[100.69, 1.82, 101.9375, 1.885]",TOP_PIN,VDD,TOP_PIN::VDD,top_pin_bbox
m1_7445,m1,"[100.69, 0.0, 101.9375, 0.065]",PARENT_INTEGRATION_ROUTER,array_interface_VSS,array_interface_VSS,source_bbox
m1_7445,m1,"[100.69, 0.0, 101.9375, 0.065]",TOP_PIN,VSS,TOP_PIN::VSS,top_pin_bbox
m1_7446,m1,"[101.7275, 1.6825, 101.7925, 1.8525]",PARENT_INTEGRATION_ROUTER,array_interface_VDD,array_interface_VDD,source_bbox
m1_7446,m1,"[101.7275, 1.6825, 101.7925, 1.8525]",TOP_PIN,VDD,TOP_PIN::VDD,top_pin_bbox
m1_7447,m1,"[101.7275, 0.0325, 101.7925, 0.2025]",PARENT_INTEGRATION_ROUTER,array_interface_VSS,array_interface_VSS,source_bbox
m1_7447,m1,"[101.7275, 0.0325, 101.7925, 0.2025]",TOP_PIN,VSS,TOP_PIN::VSS,top_pin_bbox
m1_745,m1,"[2.16, 0.0, 2.225, 0.135]",PARENT_INTEGRATION_ROUTER,array_interface_VSS,array_interface_VSS,source_bbox
m1_745,m1,"[2.16, 0.0, 2.225, 0.135]",TOP_PIN,VSS,TOP_PIN::VSS,top_pin_bbox
m1_746,m1,"[2.16, 1.525, 2.225, 1.885]",PARENT_INTEGRATION_ROUTER,array_interface_VDD,array_interface_VDD,source_bbox
m1_746,m1,"[2.16, 1.525, 2.225, 1.885]",TOP_PIN,VDD,TOP_PIN::VDD,top_pin_bbox
m1_7462,m1,"[100.7825, 0.0, 100.8475, 0.18]",PARENT_INTEGRATION_ROUTER,array_interface_VSS,array_interface_VSS,source_bbox
m1_7462,m1,"[100.7825, 0.0, 100.8475, 0.18]",TOP_PIN,VSS,TOP_PIN::VSS,top_pin_bbox
m1_7463,m1,"[100.7825, 1.525, 100.8475, 1.885]",PARENT_INTEGRATION_ROUTER,array_interface_VDD,array_interface_VDD,source_bbox
m1_7463,m1,"[100.7825, 1.525, 100.8475, 1.885]",TOP_PIN,VDD,TOP_PIN::VDD,top_pin_bbox
m1_7464,m1,"[101.2125, 1.525, 101.2775, 1.885]",PARENT_INTEGRATION_ROUTER,array_interface_VDD,array_interface_VDD,source_bbox
m1_7464,m1,"[101.2125, 1.525, 101.2775, 1.885]",TOP_PIN,VDD,TOP_PIN::VDD,top_pin_bbox
m1_7606,m1,"[102.0475, 1.82, 102.735, 1.885]",PARENT_INTEGRATION_ROUTER,array_interface_VDD,array_interface_VDD,source_bbox
m1_7606,m1,"[102.0475, 1.82, 102.735, 1.885]",TOP_PIN,VDD,TOP_PIN::VDD,top_pin_bbox
m1_7607,m1,"[102.0475, 0.0, 102.735, 0.065]",PARENT_INTEGRATION_ROUTER,array_interface_VSS,array_interface_VSS,source_bbox
m1_7607,m1,"[102.0475, 0.0, 102.735, 0.065]",TOP_PIN,VSS,TOP_PIN::VSS,top_pin_bbox
m1_7608,m1,"[102.525, 1.6825, 102.59, 1.8525]",PARENT_INTEGRATION_ROUTER,array_interface_VDD,array_interface_VDD,source_bbox
m1_7608,m1,"[102.525, 1.6825, 102.59, 1.8525]",TOP_PIN,VDD,TOP_PIN::VDD,top_pin_bbox
m1_7609,m1,"[102.525, 0.0325, 102.59, 0.2025]",PARENT_INTEGRATION_ROUTER,array_interface_VSS,array_interface_VSS,source_bbox
m1_7609,m1,"[102.525, 0.0325, 102.59, 0.2025]",TOP_PIN,VSS,TOP_PIN::VSS,top_pin_bbox
m1_7617,m1,"[102.14, 0.0, 102.205, 0.135]",PARENT_INTEGRATION_ROUTER,array_interface_VSS,array_interface_VSS,source_bbox
m1_7617,m1,"[102.14, 0.0, 102.205, 0.135]",TOP_PIN,VSS,TOP_PIN::VSS,top_pin_bbox
m1_7618,m1,"[102.14, 1.525, 102.205, 1.885]",PARENT_INTEGRATION_ROUTER,array_interface_VDD,array_interface_VDD,source_bbox
m1_7618,m1,"[102.14, 1.525, 102.205, 1.885]",TOP_PIN,VDD,TOP_PIN::VDD,top_pin_bbox
m1_7683,m1,"[102.845, 1.82, 104.545, 1.885]",PARENT_INTEGRATION_ROUTER,array_interface_VDD,array_interface_VDD,source_bbox
m1_7683,m1,"[102.845, 1.82, 104.545, 1.885]",TOP_PIN,VDD,TOP_PIN::VDD,top_pin_bbox
m1_7684,m1,"[102.845, 0.0, 104.545, 0.065]",PARENT_INTEGRATION_ROUTER,array_interface_VSS,array_interface_VSS,source_bbox
m1_7684,m1,"[102.845, 0.0, 104.545, 0.065]",TOP_PIN,VSS,TOP_PIN::VSS,top_pin_bbox
m1_7696,m1,"[102.845, 1.82, 103.7475, 1.885]",PARENT_INTEGRATION_ROUTER,array_interface_VDD,array_interface_VDD,source_bbox
m1_7696,m1,"[102.845, 1.82, 103.7475, 1.885]",TOP_PIN,VDD,TOP_PIN::VDD,top_pin_bbox
m1_7697,m1,"[102.845, 0.0, 103.7475, 0.065]",PARENT_INTEGRATION_ROUTER,array_interface_VSS,array_interface_VSS,source_bbox
m1_7697,m1,"[102.845, 0.0, 103.7475, 0.065]",TOP_PIN,VSS,TOP_PIN::VSS,top_pin_bbox
m1_7698,m1,"[103.5375, 1.6825, 103.6025, 1.8525]",PARENT_INTEGRATION_ROUTER,array_interface_VDD,array_interface_VDD,source_bbox
m1_7698,m1,"[103.5375, 1.6825, 103.6025, 1.8525]",TOP_PIN,VDD,TOP_PIN::VDD,top_pin_bbox
m1_7699,m1,"[103.5375, 0.0325, 103.6025, 0.2025]",PARENT_INTEGRATION_ROUTER,array_interface_VSS,array_interface_VSS,source_bbox
m1_7699,m1,"[103.5375, 0.0325, 103.6025, 0.2025]",TOP_PIN,VSS,TOP_PIN::VSS,top_pin_bbox
m1_7708,m1,"[102.9375, 0.0, 103.0025, 0.18]",PARENT_INTEGRATION_ROUTER,array_interface_VSS,array_interface_VSS,source_bbox
m1_7708,m1,"[102.9375, 0.0, 103.0025, 0.18]",TOP_PIN,VSS,TOP_PIN::VSS,top_pin_bbox
m1_7709,m1,"[102.9375, 1.525, 103.0025, 1.885]",PARENT_INTEGRATION_ROUTER,array_interface_VDD,array_interface_VDD,source_bbox
m1_7709,m1,"[102.9375, 1.525, 103.0025, 1.885]",TOP_PIN,VDD,TOP_PIN::VDD,top_pin_bbox
m1_7710,m1,"[103.3675, 1.525, 103.4325, 1.885]",PARENT_INTEGRATION_ROUTER,array_interface_VDD,array_interface_VDD,source_bbox
m1_7710,m1,"[103.3675, 1.525, 103.4325, 1.885]",TOP_PIN,VDD,TOP_PIN::VDD,top_pin_bbox
m1_7820,m1,"[104.1975, 0.865, 104.2625, 0.93]",PARENT_INTEGRATION_ROUTER,WL13,WL13,source_bbox
m1_7820,m1,"[104.1975, 0.865, 104.2625, 0.93]",PARENT_INTEGRATION_ROUTER,WL13,WL13,source_m1_landing_bbox
m1_7820,m1,"[104.1975, 0.865, 104.2625, 0.93]",TOP_PIN,WL13,TOP_PIN::WL13,top_pin_bbox
m1_7821,m1,"[103.8575, 1.82, 104.545, 1.885]",PARENT_INTEGRATION_ROUTER,array_interface_VDD,array_interface_VDD,source_bbox
m1_7821,m1,"[103.8575, 1.82, 104.545, 1.885]",TOP_PIN,VDD,TOP_PIN::VDD,top_pin_bbox
m1_7822,m1,"[103.8575, 0.0, 104.545, 0.065]",PARENT_INTEGRATION_ROUTER,array_interface_VSS,array_interface_VSS,source_bbox
m1_7822,m1,"[103.8575, 0.0, 104.545, 0.065]",TOP_PIN,VSS,TOP_PIN::VSS,top_pin_bbox
m1_7823,m1,"[104.335, 1.6825, 104.4, 1.8525]",PARENT_INTEGRATION_ROUTER,array_interface_VDD,array_interface_VDD,source_bbox
m1_7823,m1,"[104.335, 1.6825, 104.4, 1.8525]",TOP_PIN,VDD,TOP_PIN::VDD,top_pin_bbox
m1_7824,m1,"[104.335, 0.0325, 104.4, 0.2025]",PARENT_INTEGRATION_ROUTER,array_interface_VSS,array_interface_VSS,source_bbox
m1_7824,m1,"[104.335, 0.0325, 104.4, 0.2025]",TOP_PIN,VSS,TOP_PIN::VSS,top_pin_bbox
m1_7831,m1,"[104.165, 0.135, 104.23, 1.66]",PARENT_INTEGRATION_ROUTER,WL13,WL13,source_bbox
m1_7831,m1,"[104.165, 0.135, 104.23, 1.66]",PARENT_INTEGRATION_ROUTER,WL13,WL13,source_m1_landing_bbox
m1_7831,m1,"[104.165, 0.135, 104.23, 1.66]",TOP_PIN,WL13,TOP_PIN::WL13,top_pin_bbox
m1_7832,m1,"[103.95, 0.0, 104.015, 0.135]",PARENT_INTEGRATION_ROUTER,array_interface_VSS,array_interface_VSS,source_bbox
m1_7832,m1,"[103.95, 0.0, 104.015, 0.135]",TOP_PIN,VSS,TOP_PIN::VSS,top_pin_bbox
m1_7833,m1,"[103.95, 1.525, 104.015, 1.885]",PARENT_INTEGRATION_ROUTER,array_interface_VDD,array_interface_VDD,source_bbox
m1_7833,m1,"[103.95, 1.525, 104.015, 1.885]",TOP_PIN,VDD,TOP_PIN::VDD,top_pin_bbox
m1_7848,m1,"[104.165, 1.525, 104.23, 1.66]",PARENT_INTEGRATION_ROUTER,WL13,WL13,source_bbox
m1_7848,m1,"[104.165, 1.525, 104.23, 1.66]",TOP_PIN,WL13,TOP_PIN::WL13,top_pin_bbox
m1_7869,m1,"[104.165, 0.135, 104.23, 0.27]",PARENT_INTEGRATION_ROUTER,WL13,WL13,source_bbox
m1_7869,m1,"[104.165, 0.135, 104.23, 0.27]",TOP_PIN,WL13,TOP_PIN::WL13,top_pin_bbox
m1_7898,m1,"[104.655, 1.82, 106.7, 1.885]",PARENT_INTEGRATION_ROUTER,array_interface_VDD,array_interface_VDD,source_bbox
m1_7898,m1,"[104.655, 1.82, 106.7, 1.885]",TOP_PIN,VDD,TOP_PIN::VDD,top_pin_bbox
m1_7899,m1,"[104.655, 0.0, 106.7, 0.065]",PARENT_INTEGRATION_ROUTER,array_interface_VSS,array_interface_VSS,source_bbox
m1_7899,m1,"[104.655, 0.0, 106.7, 0.065]",TOP_PIN,VSS,TOP_PIN::VSS,top_pin_bbox
m1_7912,m1,"[104.655, 1.82, 105.9025, 1.885]",PARENT_INTEGRATION_ROUTER,array_interface_VDD,array_interface_VDD,source_bbox
m1_7912,m1,"[104.655, 1.82, 105.9025, 1.885]",TOP_PIN,VDD,TOP_PIN::VDD,top_pin_bbox
m1_7913,m1,"[104.655, 0.0, 105.9025, 0.065]",PARENT_INTEGRATION_ROUTER,array_interface_VSS,array_interface_VSS,source_bbox
m1_7913,m1,"[104.655, 0.0, 105.9025, 0.065]",TOP_PIN,VSS,TOP_PIN::VSS,top_pin_bbox
m1_7914,m1,"[105.6925, 1.6825, 105.7575, 1.8525]",PARENT_INTEGRATION_ROUTER,array_interface_VDD,array_interface_VDD,source_bbox
m1_7914,m1,"[105.6925, 1.6825, 105.7575, 1.8525]",TOP_PIN,VDD,TOP_PIN::VDD,top_pin_bbox
m1_7915,m1,"[105.6925, 0.0325, 105.7575, 0.2025]",PARENT_INTEGRATION_ROUTER,array_interface_VSS,array_interface_VSS,source_bbox
m1_7915,m1,"[105.6925, 0.0325, 105.7575, 0.2025]",TOP_PIN,VSS,TOP_PIN::VSS,top_pin_bbox
m1_7930,m1,"[104.7475, 0.0, 104.8125, 0.18]",PARENT_INTEGRATION_ROUTER,array_interface_VSS,array_interface_VSS,source_bbox
m1_7930,m1,"[104.7475, 0.0, 104.8125, 0.18]",TOP_PIN,VSS,TOP_PIN::VSS,top_pin_bbox
m1_7931,m1,"[104.7475, 1.525, 104.8125, 1.885]",PARENT_INTEGRATION_ROUTER,array_interface_VDD,array_interface_VDD,source_bbox
m1_7931,m1,"[104.7475, 1.525, 104.8125, 1.885]",TOP_PIN,VDD,TOP_PIN::VDD,top_pin_bbox
m1_7932,m1,"[105.1775, 1.525, 105.2425, 1.885]",PARENT_INTEGRATION_ROUTER,array_interface_VDD,array_interface_VDD,source_bbox
m1_7932,m1,"[105.1775, 1.525, 105.2425, 1.885]",TOP_PIN,VDD,TOP_PIN::VDD,top_pin_bbox
m1_8074,m1,"[106.0125, 1.82, 106.7, 1.885]",PARENT_INTEGRATION_ROUTER,array_interface_VDD,array_interface_VDD,source_bbox
m1_8074,m1,"[106.0125, 1.82, 106.7, 1.885]",TOP_PIN,VDD,TOP_PIN::VDD,top_pin_bbox
m1_8075,m1,"[106.0125, 0.0, 106.7, 0.065]",PARENT_INTEGRATION_ROUTER,array_interface_VSS,array_interface_VSS,source_bbox
m1_8075,m1,"[106.0125, 0.0, 106.7, 0.065]",TOP_PIN,VSS,TOP_PIN::VSS,top_pin_bbox
m1_8076,m1,"[106.49, 1.6825, 106.555, 1.8525]",PARENT_INTEGRATION_ROUTER,array_interface_VDD,array_interface_VDD,source_bbox
m1_8076,m1,"[106.49, 1.6825, 106.555, 1.8525]",TOP_PIN,VDD,TOP_PIN::VDD,top_pin_bbox
m1_8077,m1,"[106.49, 0.0325, 106.555, 0.2025]",PARENT_INTEGRATION_ROUTER,array_interface_VSS,array_interface_VSS,source_bbox
m1_8077,m1,"[106.49, 0.0325, 106.555, 0.2025]",TOP_PIN,VSS,TOP_PIN::VSS,top_pin_bbox
m1_8085,m1,"[106.105, 0.0, 106.17, 0.135]",PARENT_INTEGRATION_ROUTER,array_interface_VSS,array_interface_VSS,source_bbox
m1_8085,m1,"[106.105, 0.0, 106.17, 0.135]",TOP_PIN,VSS,TOP_PIN::VSS,top_pin_bbox
m1_8086,m1,"[106.105, 1.525, 106.17, 1.885]",PARENT_INTEGRATION_ROUTER,array_interface_VDD,array_interface_VDD,source_bbox
m1_8086,m1,"[106.105, 1.525, 106.17, 1.885]",TOP_PIN,VDD,TOP_PIN::VDD,top_pin_bbox
m1_811,m1,"[2.865, 1.82, 4.91, 1.885]",PARENT_INTEGRATION_ROUTER,array_interface_VDD,array_interface_VDD,source_bbox
m1_811,m1,"[2.865, 1.82, 4.91, 1.885]",TOP_PIN,VDD,TOP_PIN::VDD,top_pin_bbox
m1_812,m1,"[2.865, 0.0, 4.91, 0.065]",PARENT_INTEGRATION_ROUTER,array_interface_VSS,array_interface_VSS,source_bbox
m1_812,m1,"[2.865, 0.0, 4.91, 0.065]",TOP_PIN,VSS,TOP_PIN::VSS,top_pin_bbox
m1_8151,m1,"[106.81, 1.82, 108.51, 1.885]",PARENT_INTEGRATION_ROUTER,array_interface_VDD,array_interface_VDD,source_bbox
m1_8151,m1,"[106.81, 1.82, 108.51, 1.885]",TOP_PIN,VDD,TOP_PIN::VDD,top_pin_bbox
m1_8152,m1,"[106.81, 0.0, 108.51, 0.065]",PARENT_INTEGRATION_ROUTER,array_interface_VSS,array_interface_VSS,source_bbox
m1_8152,m1,"[106.81, 0.0, 108.51, 0.065]",TOP_PIN,VSS,TOP_PIN::VSS,top_pin_bbox
m1_8164,m1,"[106.81, 1.82, 107.7125, 1.885]",PARENT_INTEGRATION_ROUTER,array_interface_VDD,array_interface_VDD,source_bbox
m1_8164,m1,"[106.81, 1.82, 107.7125, 1.885]",TOP_PIN,VDD,TOP_PIN::VDD,top_pin_bbox
m1_8165,m1,"[106.81, 0.0, 107.7125, 0.065]",PARENT_INTEGRATION_ROUTER,array_interface_VSS,array_interface_VSS,source_bbox
m1_8165,m1,"[106.81, 0.0, 107.7125, 0.065]",TOP_PIN,VSS,TOP_PIN::VSS,top_pin_bbox
m1_8166,m1,"[107.5025, 1.6825, 107.5675, 1.8525]",PARENT_INTEGRATION_ROUTER,array_interface_VDD,array_interface_VDD,source_bbox
m1_8166,m1,"[107.5025, 1.6825, 107.5675, 1.8525]",TOP_PIN,VDD,TOP_PIN::VDD,top_pin_bbox
m1_8167,m1,"[107.5025, 0.0325, 107.5675, 0.2025]",PARENT_INTEGRATION_ROUTER,array_interface_VSS,array_interface_VSS,source_bbox
m1_8167,m1,"[107.5025, 0.0325, 107.5675, 0.2025]",TOP_PIN,VSS,TOP_PIN::VSS,top_pin_bbox
m1_8176,m1,"[106.9025, 0.0, 106.9675, 0.18]",PARENT_INTEGRATION_ROUTER,array_interface_VSS,array_interface_VSS,source_bbox
m1_8176,m1,"[106.9025, 0.0, 106.9675, 0.18]",TOP_PIN,VSS,TOP_PIN::VSS,top_pin_bbox
m1_8177,m1,"[106.9025, 1.525, 106.9675, 1.885]",PARENT_INTEGRATION_ROUTER,array_interface_VDD,array_interface_VDD,source_bbox
m1_8177,m1,"[106.9025, 1.525, 106.9675, 1.885]",TOP_PIN,VDD,TOP_PIN::VDD,top_pin_bbox
m1_8178,m1,"[107.3325, 1.525, 107.3975, 1.885]",PARENT_INTEGRATION_ROUTER,array_interface_VDD,array_interface_VDD,source_bbox
m1_8178,m1,"[107.3325, 1.525, 107.3975, 1.885]",TOP_PIN,VDD,TOP_PIN::VDD,top_pin_bbox
m1_825,m1,"[2.865, 1.82, 4.1125, 1.885]",PARENT_INTEGRATION_ROUTER,array_interface_VDD,array_interface_VDD,source_bbox
m1_825,m1,"[2.865, 1.82, 4.1125, 1.885]",TOP_PIN,VDD,TOP_PIN::VDD,top_pin_bbox
m1_826,m1,"[2.865, 0.0, 4.1125, 0.065]",PARENT_INTEGRATION_ROUTER,array_interface_VSS,array_interface_VSS,source_bbox
m1_826,m1,"[2.865, 0.0, 4.1125, 0.065]",TOP_PIN,VSS,TOP_PIN::VSS,top_pin_bbox
m1_827,m1,"[3.9025, 1.6825, 3.9675, 1.8525]",PARENT_INTEGRATION_ROUTER,array_interface_VDD,array_interface_VDD,source_bbox
m1_827,m1,"[3.9025, 1.6825, 3.9675, 1.8525]",TOP_PIN,VDD,TOP_PIN::VDD,top_pin_bbox
m1_828,m1,"[3.9025, 0.0325, 3.9675, 0.2025]",PARENT_INTEGRATION_ROUTER,array_interface_VSS,array_interface_VSS,source_bbox
m1_828,m1,"[3.9025, 0.0325, 3.9675, 0.2025]",TOP_PIN,VSS,TOP_PIN::VSS,top_pin_bbox
m1_8288,m1,"[108.1625, 0.865, 108.2275, 0.93]",PARENT_INTEGRATION_ROUTER,WL14,WL14,source_bbox
m1_8288,m1,"[108.1625, 0.865, 108.2275, 0.93]",PARENT_INTEGRATION_ROUTER,WL14,WL14,source_m1_landing_bbox
m1_8288,m1,"[108.1625, 0.865, 108.2275, 0.93]",TOP_PIN,WL14,TOP_PIN::WL14,top_pin_bbox
m1_8289,m1,"[107.8225, 1.82, 108.51, 1.885]",PARENT_INTEGRATION_ROUTER,array_interface_VDD,array_interface_VDD,source_bbox
m1_8289,m1,"[107.8225, 1.82, 108.51, 1.885]",TOP_PIN,VDD,TOP_PIN::VDD,top_pin_bbox
m1_8290,m1,"[107.8225, 0.0, 108.51, 0.065]",PARENT_INTEGRATION_ROUTER,array_interface_VSS,array_interface_VSS,source_bbox
m1_8290,m1,"[107.8225, 0.0, 108.51, 0.065]",TOP_PIN,VSS,TOP_PIN::VSS,top_pin_bbox
m1_8291,m1,"[108.3, 1.6825, 108.365, 1.8525]",PARENT_INTEGRATION_ROUTER,array_interface_VDD,array_interface_VDD,source_bbox
m1_8291,m1,"[108.3, 1.6825, 108.365, 1.8525]",TOP_PIN,VDD,TOP_PIN::VDD,top_pin_bbox
m1_8292,m1,"[108.3, 0.0325, 108.365, 0.2025]",PARENT_INTEGRATION_ROUTER,array_interface_VSS,array_interface_VSS,source_bbox
m1_8292,m1,"[108.3, 0.0325, 108.365, 0.2025]",TOP_PIN,VSS,TOP_PIN::VSS,top_pin_bbox
m1_8299,m1,"[108.13, 0.135, 108.195, 1.66]",PARENT_INTEGRATION_ROUTER,WL14,WL14,source_bbox
m1_8299,m1,"[108.13, 0.135, 108.195, 1.66]",PARENT_INTEGRATION_ROUTER,WL14,WL14,source_m1_landing_bbox
m1_8299,m1,"[108.13, 0.135, 108.195, 1.66]",TOP_PIN,WL14,TOP_PIN::WL14,top_pin_bbox
m1_8300,m1,"[107.915, 0.0, 107.98, 0.135]",PARENT_INTEGRATION_ROUTER,array_interface_VSS,array_interface_VSS,source_bbox
m1_8300,m1,"[107.915, 0.0, 107.98, 0.135]",TOP_PIN,VSS,TOP_PIN::VSS,top_pin_bbox
m1_8301,m1,"[107.915, 1.525, 107.98, 1.885]",PARENT_INTEGRATION_ROUTER,array_interface_VDD,array_interface_VDD,source_bbox
m1_8301,m1,"[107.915, 1.525, 107.98, 1.885]",TOP_PIN,VDD,TOP_PIN::VDD,top_pin_bbox
m1_8316,m1,"[108.13, 1.525, 108.195, 1.66]",PARENT_INTEGRATION_ROUTER,WL14,WL14,source_bbox
m1_8316,m1,"[108.13, 1.525, 108.195, 1.66]",TOP_PIN,WL14,TOP_PIN::WL14,top_pin_bbox
m1_8337,m1,"[108.13, 0.135, 108.195, 0.27]",PARENT_INTEGRATION_ROUTER,WL14,WL14,source_bbox
m1_8337,m1,"[108.13, 0.135, 108.195, 0.27]",TOP_PIN,WL14,TOP_PIN::WL14,top_pin_bbox
m1_8366,m1,"[108.62, 1.82, 110.665, 1.885]",PARENT_INTEGRATION_ROUTER,array_interface_VDD,array_interface_VDD,source_bbox
m1_8366,m1,"[108.62, 1.82, 110.665, 1.885]",TOP_PIN,VDD,TOP_PIN::VDD,top_pin_bbox
m1_8367,m1,"[108.62, 0.0, 110.665, 0.065]",PARENT_INTEGRATION_ROUTER,array_interface_VSS,array_interface_VSS,source_bbox
m1_8367,m1,"[108.62, 0.0, 110.665, 0.065]",TOP_PIN,VSS,TOP_PIN::VSS,top_pin_bbox
m1_8380,m1,"[108.62, 1.82, 109.8675, 1.885]",PARENT_INTEGRATION_ROUTER,array_interface_VDD,array_interface_VDD,source_bbox
m1_8380,m1,"[108.62, 1.82, 109.8675, 1.885]",TOP_PIN,VDD,TOP_PIN::VDD,top_pin_bbox
m1_8381,m1,"[108.62, 0.0, 109.8675, 0.065]",PARENT_INTEGRATION_ROUTER,array_interface_VSS,array_interface_VSS,source_bbox
m1_8381,m1,"[108.62, 0.0, 109.8675, 0.065]",TOP_PIN,VSS,TOP_PIN::VSS,top_pin_bbox
m1_8382,m1,"[109.6575, 1.6825, 109.7225, 1.8525]",PARENT_INTEGRATION_ROUTER,array_interface_VDD,array_interface_VDD,source_bbox
m1_8382,m1,"[109.6575, 1.6825, 109.7225, 1.8525]",TOP_PIN,VDD,TOP_PIN::VDD,top_pin_bbox
m1_8383,m1,"[109.6575, 0.0325, 109.7225, 0.2025]",PARENT_INTEGRATION_ROUTER,array_interface_VSS,array_interface_VSS,source_bbox
m1_8383,m1,"[109.6575, 0.0325, 109.7225, 0.2025]",TOP_PIN,VSS,TOP_PIN::VSS,top_pin_bbox
m1_8398,m1,"[108.7125, 0.0, 108.7775, 0.18]",PARENT_INTEGRATION_ROUTER,array_interface_VSS,array_interface_VSS,source_bbox
m1_8398,m1,"[108.7125, 0.0, 108.7775, 0.18]",TOP_PIN,VSS,TOP_PIN::VSS,top_pin_bbox
m1_8399,m1,"[108.7125, 1.525, 108.7775, 1.885]",PARENT_INTEGRATION_ROUTER,array_interface_VDD,array_interface_VDD,source_bbox
m1_8399,m1,"[108.7125, 1.525, 108.7775, 1.885]",TOP_PIN,VDD,TOP_PIN::VDD,top_pin_bbox
m1_8400,m1,"[109.1425, 1.525, 109.2075, 1.885]",PARENT_INTEGRATION_ROUTER,array_interface_VDD,array_interface_VDD,source_bbox
m1_8400,m1,"[109.1425, 1.525, 109.2075, 1.885]",TOP_PIN,VDD,TOP_PIN::VDD,top_pin_bbox
m1_843,m1,"[2.9575, 0.0, 3.0225, 0.18]",PARENT_INTEGRATION_ROUTER,array_interface_VSS,array_interface_VSS,source_bbox
m1_843,m1,"[2.9575, 0.0, 3.0225, 0.18]",TOP_PIN,VSS,TOP_PIN::VSS,top_pin_bbox
m1_844,m1,"[2.9575, 1.525, 3.0225, 1.885]",PARENT_INTEGRATION_ROUTER,array_interface_VDD,array_interface_VDD,source_bbox
m1_844,m1,"[2.9575, 1.525, 3.0225, 1.885]",TOP_PIN,VDD,TOP_PIN::VDD,top_pin_bbox
m1_845,m1,"[3.3875, 1.525, 3.4525, 1.885]",PARENT_INTEGRATION_ROUTER,array_interface_VDD,array_interface_VDD,source_bbox
m1_845,m1,"[3.3875, 1.525, 3.4525, 1.885]",TOP_PIN,VDD,TOP_PIN::VDD,top_pin_bbox
m1_8542,m1,"[109.9775, 1.82, 110.665, 1.885]",PARENT_INTEGRATION_ROUTER,array_interface_VDD,array_interface_VDD,source_bbox
m1_8542,m1,"[109.9775, 1.82, 110.665, 1.885]",TOP_PIN,VDD,TOP_PIN::VDD,top_pin_bbox
m1_8543,m1,"[109.9775, 0.0, 110.665, 0.065]",PARENT_INTEGRATION_ROUTER,array_interface_VSS,array_interface_VSS,source_bbox
m1_8543,m1,"[109.9775, 0.0, 110.665, 0.065]",TOP_PIN,VSS,TOP_PIN::VSS,top_pin_bbox
m1_8544,m1,"[110.455, 1.6825, 110.52, 1.8525]",PARENT_INTEGRATION_ROUTER,array_interface_VDD,array_interface_VDD,source_bbox
m1_8544,m1,"[110.455, 1.6825, 110.52, 1.8525]",TOP_PIN,VDD,TOP_PIN::VDD,top_pin_bbox
m1_8545,m1,"[110.455, 0.0325, 110.52, 0.2025]",PARENT_INTEGRATION_ROUTER,array_interface_VSS,array_interface_VSS,source_bbox
m1_8545,m1,"[110.455, 0.0325, 110.52, 0.2025]",TOP_PIN,VSS,TOP_PIN::VSS,top_pin_bbox
m1_8553,m1,"[110.07, 0.0, 110.135, 0.135]",PARENT_INTEGRATION_ROUTER,array_interface_VSS,array_interface_VSS,source_bbox
m1_8553,m1,"[110.07, 0.0, 110.135, 0.135]",TOP_PIN,VSS,TOP_PIN::VSS,top_pin_bbox
m1_8554,m1,"[110.07, 1.525, 110.135, 1.885]",PARENT_INTEGRATION_ROUTER,array_interface_VDD,array_interface_VDD,source_bbox
m1_8554,m1,"[110.07, 1.525, 110.135, 1.885]",TOP_PIN,VDD,TOP_PIN::VDD,top_pin_bbox
m1_8619,m1,"[110.775, 1.82, 112.475, 1.885]",PARENT_INTEGRATION_ROUTER,array_interface_VDD,array_interface_VDD,power_bridge_bbox
m1_8619,m1,"[110.775, 1.82, 112.475, 1.885]",PARENT_INTEGRATION_ROUTER,array_interface_VDD,array_interface_VDD,source_bbox
m1_8619,m1,"[110.775, 1.82, 112.475, 1.885]",TOP_PIN,VDD,TOP_PIN::VDD,top_pin_bbox
m1_8620,m1,"[110.775, 0.0, 112.475, 0.065]",PARENT_INTEGRATION_ROUTER,array_interface_VSS,array_interface_VSS,power_bridge_bbox
m1_8620,m1,"[110.775, 0.0, 112.475, 0.065]",PARENT_INTEGRATION_ROUTER,array_interface_VSS,array_interface_VSS,source_bbox
m1_8620,m1,"[110.775, 0.0, 112.475, 0.065]",TOP_PIN,VSS,TOP_PIN::VSS,top_pin_bbox
m1_8632,m1,"[110.775, 1.82, 111.6775, 1.885]",PARENT_INTEGRATION_ROUTER,array_interface_VDD,array_interface_VDD,source_bbox
m1_8632,m1,"[110.775, 1.82, 111.6775, 1.885]",TOP_PIN,VDD,TOP_PIN::VDD,top_pin_bbox
m1_8633,m1,"[110.775, 0.0, 111.6775, 0.065]",PARENT_INTEGRATION_ROUTER,array_interface_VSS,array_interface_VSS,source_bbox
m1_8633,m1,"[110.775, 0.0, 111.6775, 0.065]",TOP_PIN,VSS,TOP_PIN::VSS,top_pin_bbox
m1_8634,m1,"[111.4675, 1.6825, 111.5325, 1.8525]",PARENT_INTEGRATION_ROUTER,array_interface_VDD,array_interface_VDD,source_bbox
m1_8634,m1,"[111.4675, 1.6825, 111.5325, 1.8525]",TOP_PIN,VDD,TOP_PIN::VDD,top_pin_bbox
m1_8635,m1,"[111.4675, 0.0325, 111.5325, 0.2025]",PARENT_INTEGRATION_ROUTER,array_interface_VSS,array_interface_VSS,source_bbox
m1_8635,m1,"[111.4675, 0.0325, 111.5325, 0.2025]",TOP_PIN,VSS,TOP_PIN::VSS,top_pin_bbox
m1_8644,m1,"[110.8675, 0.0, 110.9325, 0.18]",PARENT_INTEGRATION_ROUTER,array_interface_VSS,array_interface_VSS,source_bbox
m1_8644,m1,"[110.8675, 0.0, 110.9325, 0.18]",TOP_PIN,VSS,TOP_PIN::VSS,top_pin_bbox
m1_8645,m1,"[110.8675, 1.525, 110.9325, 1.885]",PARENT_INTEGRATION_ROUTER,array_interface_VDD,array_interface_VDD,source_bbox
m1_8645,m1,"[110.8675, 1.525, 110.9325, 1.885]",TOP_PIN,VDD,TOP_PIN::VDD,top_pin_bbox
m1_8646,m1,"[111.2975, 1.525, 111.3625, 1.885]",PARENT_INTEGRATION_ROUTER,array_interface_VDD,array_interface_VDD,source_bbox
m1_8646,m1,"[111.2975, 1.525, 111.3625, 1.885]",TOP_PIN,VDD,TOP_PIN::VDD,top_pin_bbox
m1_8756,m1,"[112.1275, 0.865, 112.1925, 0.93]",PARENT_INTEGRATION_ROUTER,WL15,WL15,source_bbox
m1_8756,m1,"[112.1275, 0.865, 112.1925, 0.93]",PARENT_INTEGRATION_ROUTER,WL15,WL15,source_m1_landing_bbox
m1_8756,m1,"[112.1275, 0.865, 112.1925, 0.93]",TOP_PIN,WL15,TOP_PIN::WL15,top_pin_bbox
m1_8757,m1,"[111.7875, 1.82, 112.475, 1.885]",PARENT_INTEGRATION_ROUTER,array_interface_VDD,array_interface_VDD,power_bridge_bbox
m1_8757,m1,"[111.7875, 1.82, 112.475, 1.885]",PARENT_INTEGRATION_ROUTER,array_interface_VDD,array_interface_VDD,source_bbox
m1_8757,m1,"[111.7875, 1.82, 112.475, 1.885]",TOP_PIN,VDD,TOP_PIN::VDD,top_pin_bbox
m1_8758,m1,"[111.7875, 0.0, 112.475, 0.065]",PARENT_INTEGRATION_ROUTER,array_interface_VSS,array_interface_VSS,power_bridge_bbox
m1_8758,m1,"[111.7875, 0.0, 112.475, 0.065]",PARENT_INTEGRATION_ROUTER,array_interface_VSS,array_interface_VSS,source_bbox
m1_8758,m1,"[111.7875, 0.0, 112.475, 0.065]",TOP_PIN,VSS,TOP_PIN::VSS,top_pin_bbox
m1_8759,m1,"[112.265, 1.6825, 112.33, 1.8525]",PARENT_INTEGRATION_ROUTER,array_interface_VDD,array_interface_VDD,source_bbox
m1_8759,m1,"[112.265, 1.6825, 112.33, 1.8525]",TOP_PIN,VDD,TOP_PIN::VDD,top_pin_bbox
m1_8760,m1,"[112.265, 0.0325, 112.33, 0.2025]",PARENT_INTEGRATION_ROUTER,array_interface_VSS,array_interface_VSS,source_bbox
m1_8760,m1,"[112.265, 0.0325, 112.33, 0.2025]",TOP_PIN,VSS,TOP_PIN::VSS,top_pin_bbox
m1_8767,m1,"[112.095, 0.135, 112.16, 1.66]",PARENT_INTEGRATION_ROUTER,WL15,WL15,source_bbox
m1_8767,m1,"[112.095, 0.135, 112.16, 1.66]",PARENT_INTEGRATION_ROUTER,WL15,WL15,source_m1_landing_bbox
m1_8767,m1,"[112.095, 0.135, 112.16, 1.66]",TOP_PIN,WL15,TOP_PIN::WL15,top_pin_bbox
m1_8768,m1,"[111.88, 0.0, 111.945, 0.135]",PARENT_INTEGRATION_ROUTER,array_interface_VSS,array_interface_VSS,source_bbox
m1_8768,m1,"[111.88, 0.0, 111.945, 0.135]",TOP_PIN,VSS,TOP_PIN::VSS,top_pin_bbox
m1_8769,m1,"[111.88, 1.525, 111.945, 1.885]",PARENT_INTEGRATION_ROUTER,array_interface_VDD,array_interface_VDD,source_bbox
m1_8769,m1,"[111.88, 1.525, 111.945, 1.885]",TOP_PIN,VDD,TOP_PIN::VDD,top_pin_bbox
m1_8784,m1,"[112.095, 1.525, 112.16, 1.66]",PARENT_INTEGRATION_ROUTER,WL15,WL15,source_bbox
m1_8784,m1,"[112.095, 1.525, 112.16, 1.66]",TOP_PIN,WL15,TOP_PIN::WL15,top_pin_bbox
m1_8805,m1,"[112.095, 0.135, 112.16, 0.27]",PARENT_INTEGRATION_ROUTER,WL15,WL15,source_bbox
m1_8805,m1,"[112.095, 0.135, 112.16, 0.27]",TOP_PIN,WL15,TOP_PIN::WL15,top_pin_bbox
m1_8834,m1,"[39.4725, 1.82, 73.475, 1.885]",PARENT_INTEGRATION_ROUTER,array_interface_VDD,array_interface_VDD,source_bbox
m1_8834,m1,"[39.4725, 1.82, 73.475, 1.885]",TOP_PIN,VDD,TOP_PIN::VDD,top_pin_bbox
m1_8835,m1,"[39.4725, 0.0, 73.475, 0.065]",PARENT_INTEGRATION_ROUTER,array_interface_VSS,array_interface_VSS,source_bbox
m1_8835,m1,"[39.4725, 0.0, 73.475, 0.065]",TOP_PIN,VSS,TOP_PIN::VSS,top_pin_bbox
m1_9132,m1,"[39.4725, 1.82, 40.16, 1.885]",PARENT_INTEGRATION_ROUTER,array_interface_VDD,array_interface_VDD,source_bbox
m1_9132,m1,"[39.4725, 1.82, 40.16, 1.885]",TOP_PIN,VDD,TOP_PIN::VDD,top_pin_bbox
m1_9133,m1,"[39.4725, 0.0, 40.16, 0.065]",PARENT_INTEGRATION_ROUTER,array_interface_VSS,array_interface_VSS,source_bbox
m1_9133,m1,"[39.4725, 0.0, 40.16, 0.065]",TOP_PIN,VSS,TOP_PIN::VSS,top_pin_bbox
m1_9134,m1,"[39.95, 1.6825, 40.015, 1.8525]",PARENT_INTEGRATION_ROUTER,array_interface_VDD,array_interface_VDD,source_bbox
m1_9134,m1,"[39.95, 1.6825, 40.015, 1.8525]",TOP_PIN,VDD,TOP_PIN::VDD,top_pin_bbox
m1_9135,m1,"[39.95, 0.0325, 40.015, 0.2025]",PARENT_INTEGRATION_ROUTER,array_interface_VSS,array_interface_VSS,source_bbox
m1_9135,m1,"[39.95, 0.0325, 40.015, 0.2025]",TOP_PIN,VSS,TOP_PIN::VSS,top_pin_bbox
m1_9143,m1,"[39.565, 0.0, 39.63, 0.135]",PARENT_INTEGRATION_ROUTER,array_interface_VSS,array_interface_VSS,source_bbox
m1_9143,m1,"[39.565, 0.0, 39.63, 0.135]",TOP_PIN,VSS,TOP_PIN::VSS,top_pin_bbox
m1_9144,m1,"[39.565, 1.525, 39.63, 1.885]",PARENT_INTEGRATION_ROUTER,array_interface_VDD,array_interface_VDD,source_bbox
m1_9144,m1,"[39.565, 1.525, 39.63, 1.885]",TOP_PIN,VDD,TOP_PIN::VDD,top_pin_bbox
m1_9212,m1,"[40.27, 1.82, 40.9575, 1.885]",PARENT_INTEGRATION_ROUTER,array_interface_VDD,array_interface_VDD,source_bbox
m1_9212,m1,"[40.27, 1.82, 40.9575, 1.885]",TOP_PIN,VDD,TOP_PIN::VDD,top_pin_bbox
m1_9213,m1,"[40.27, 0.0, 40.9575, 0.065]",PARENT_INTEGRATION_ROUTER,array_interface_VSS,array_interface_VSS,source_bbox
m1_9213,m1,"[40.27, 0.0, 40.9575, 0.065]",TOP_PIN,VSS,TOP_PIN::VSS,top_pin_bbox
m1_9214,m1,"[40.7475, 1.6825, 40.8125, 1.8525]",PARENT_INTEGRATION_ROUTER,array_interface_VDD,array_interface_VDD,source_bbox
m1_9214,m1,"[40.7475, 1.6825, 40.8125, 1.8525]",TOP_PIN,VDD,TOP_PIN::VDD,top_pin_bbox
m1_9215,m1,"[40.7475, 0.0325, 40.8125, 0.2025]",PARENT_INTEGRATION_ROUTER,array_interface_VSS,array_interface_VSS,source_bbox
m1_9215,m1,"[40.7475, 0.0325, 40.8125, 0.2025]",TOP_PIN,VSS,TOP_PIN::VSS,top_pin_bbox
m1_9223,m1,"[40.3625, 0.0, 40.4275, 0.135]",PARENT_INTEGRATION_ROUTER,array_interface_VSS,array_interface_VSS,source_bbox
m1_9223,m1,"[40.3625, 0.0, 40.4275, 0.135]",TOP_PIN,VSS,TOP_PIN::VSS,top_pin_bbox
m1_9224,m1,"[40.3625, 1.525, 40.4275, 1.885]",PARENT_INTEGRATION_ROUTER,array_interface_VDD,array_interface_VDD,source_bbox
m1_9224,m1,"[40.3625, 1.525, 40.4275, 1.885]",TOP_PIN,VDD,TOP_PIN::VDD,top_pin_bbox
m1_9292,m1,"[41.0675, 1.82, 41.755, 1.885]",PARENT_INTEGRATION_ROUTER,array_interface_VDD,array_interface_VDD,source_bbox
m1_9292,m1,"[41.0675, 1.82, 41.755, 1.885]",TOP_PIN,VDD,TOP_PIN::VDD,top_pin_bbox
m1_9293,m1,"[41.0675, 0.0, 41.755, 0.065]",PARENT_INTEGRATION_ROUTER,array_interface_VSS,array_interface_VSS,source_bbox
m1_9293,m1,"[41.0675, 0.0, 41.755, 0.065]",TOP_PIN,VSS,TOP_PIN::VSS,top_pin_bbox
m1_9294,m1,"[41.545, 1.6825, 41.61, 1.8525]",PARENT_INTEGRATION_ROUTER,array_interface_VDD,array_interface_VDD,source_bbox
m1_9294,m1,"[41.545, 1.6825, 41.61, 1.8525]",TOP_PIN,VDD,TOP_PIN::VDD,top_pin_bbox
m1_9295,m1,"[41.545, 0.0325, 41.61, 0.2025]",PARENT_INTEGRATION_ROUTER,array_interface_VSS,array_interface_VSS,source_bbox
m1_9295,m1,"[41.545, 0.0325, 41.61, 0.2025]",TOP_PIN,VSS,TOP_PIN::VSS,top_pin_bbox
m1_9303,m1,"[41.16, 0.0, 41.225, 0.135]",PARENT_INTEGRATION_ROUTER,array_interface_VSS,array_interface_VSS,source_bbox
m1_9303,m1,"[41.16, 0.0, 41.225, 0.135]",TOP_PIN,VSS,TOP_PIN::VSS,top_pin_bbox
m1_9304,m1,"[41.16, 1.525, 41.225, 1.885]",PARENT_INTEGRATION_ROUTER,array_interface_VDD,array_interface_VDD,source_bbox
m1_9304,m1,"[41.16, 1.525, 41.225, 1.885]",TOP_PIN,VDD,TOP_PIN::VDD,top_pin_bbox
m1_9369,m1,"[41.865, 1.82, 43.91, 1.885]",PARENT_INTEGRATION_ROUTER,array_interface_VDD,array_interface_VDD,source_bbox
m1_9369,m1,"[41.865, 1.82, 43.91, 1.885]",TOP_PIN,VDD,TOP_PIN::VDD,top_pin_bbox
m1_9370,m1,"[41.865, 0.0, 43.91, 0.065]",PARENT_INTEGRATION_ROUTER,array_interface_VSS,array_interface_VSS,source_bbox
m1_9370,m1,"[41.865, 0.0, 43.91, 0.065]",TOP_PIN,VSS,TOP_PIN::VSS,top_pin_bbox
m1_9383,m1,"[41.865, 1.82, 43.1125, 1.885]",PARENT_INTEGRATION_ROUTER,array_interface_VDD,array_interface_VDD,source_bbox
m1_9383,m1,"[41.865, 1.82, 43.1125, 1.885]",TOP_PIN,VDD,TOP_PIN::VDD,top_pin_bbox
m1_9384,m1,"[41.865, 0.0, 43.1125, 0.065]",PARENT_INTEGRATION_ROUTER,array_interface_VSS,array_interface_VSS,source_bbox
m1_9384,m1,"[41.865, 0.0, 43.1125, 0.065]",TOP_PIN,VSS,TOP_PIN::VSS,top_pin_bbox
m1_9385,m1,"[42.9025, 1.6825, 42.9675, 1.8525]",PARENT_INTEGRATION_ROUTER,array_interface_VDD,array_interface_VDD,source_bbox
m1_9385,m1,"[42.9025, 1.6825, 42.9675, 1.8525]",TOP_PIN,VDD,TOP_PIN::VDD,top_pin_bbox
m1_9386,m1,"[42.9025, 0.0325, 42.9675, 0.2025]",PARENT_INTEGRATION_ROUTER,array_interface_VSS,array_interface_VSS,source_bbox
m1_9386,m1,"[42.9025, 0.0325, 42.9675, 0.2025]",TOP_PIN,VSS,TOP_PIN::VSS,top_pin_bbox
m1_9401,m1,"[41.9575, 0.0, 42.0225, 0.18]",PARENT_INTEGRATION_ROUTER,array_interface_VSS,array_interface_VSS,source_bbox
m1_9401,m1,"[41.9575, 0.0, 42.0225, 0.18]",TOP_PIN,VSS,TOP_PIN::VSS,top_pin_bbox
m1_9402,m1,"[41.9575, 1.525, 42.0225, 1.885]",PARENT_INTEGRATION_ROUTER,array_interface_VDD,array_interface_VDD,source_bbox
m1_9402,m1,"[41.9575, 1.525, 42.0225, 1.885]",TOP_PIN,VDD,TOP_PIN::VDD,top_pin_bbox
m1_9403,m1,"[42.3875, 1.525, 42.4525, 1.885]",PARENT_INTEGRATION_ROUTER,array_interface_VDD,array_interface_VDD,source_bbox
m1_9403,m1,"[42.3875, 1.525, 42.4525, 1.885]",TOP_PIN,VDD,TOP_PIN::VDD,top_pin_bbox
m1_9545,m1,"[43.2225, 1.82, 43.91, 1.885]",PARENT_INTEGRATION_ROUTER,array_interface_VDD,array_interface_VDD,source_bbox
m1_9545,m1,"[43.2225, 1.82, 43.91, 1.885]",TOP_PIN,VDD,TOP_PIN::VDD,top_pin_bbox
m1_9546,m1,"[43.2225, 0.0, 43.91, 0.065]",PARENT_INTEGRATION_ROUTER,array_interface_VSS,array_interface_VSS,source_bbox
m1_9546,m1,"[43.2225, 0.0, 43.91, 0.065]",TOP_PIN,VSS,TOP_PIN::VSS,top_pin_bbox
m1_9547,m1,"[43.7, 1.6825, 43.765, 1.8525]",PARENT_INTEGRATION_ROUTER,array_interface_VDD,array_interface_VDD,source_bbox
m1_9547,m1,"[43.7, 1.6825, 43.765, 1.8525]",TOP_PIN,VDD,TOP_PIN::VDD,top_pin_bbox
m1_9548,m1,"[43.7, 0.0325, 43.765, 0.2025]",PARENT_INTEGRATION_ROUTER,array_interface_VSS,array_interface_VSS,source_bbox
m1_9548,m1,"[43.7, 0.0325, 43.765, 0.2025]",TOP_PIN,VSS,TOP_PIN::VSS,top_pin_bbox
m1_9556,m1,"[43.315, 0.0, 43.38, 0.135]",PARENT_INTEGRATION_ROUTER,array_interface_VSS,array_interface_VSS,source_bbox
m1_9556,m1,"[43.315, 0.0, 43.38, 0.135]",TOP_PIN,VSS,TOP_PIN::VSS,top_pin_bbox
m1_9557,m1,"[43.315, 1.525, 43.38, 1.885]",PARENT_INTEGRATION_ROUTER,array_interface_VDD,array_interface_VDD,source_bbox
m1_9557,m1,"[43.315, 1.525, 43.38, 1.885]",TOP_PIN,VDD,TOP_PIN::VDD,top_pin_bbox
m1_96,m1,"[118.4975, 1.82, 118.5625, 1.885]",PARENT_INTEGRATION_ROUTER,array_interface_VDD,array_interface_VDD,dest_bbox
m1_96,m1,"[118.4975, 1.82, 118.5625, 1.885]",PARENT_INTEGRATION_ROUTER,array_interface_VDD,array_interface_VDD,power_bridge_bbox
m1_9622,m1,"[44.02, 1.82, 45.72, 1.885]",PARENT_INTEGRATION_ROUTER,array_interface_VDD,array_interface_VDD,source_bbox
m1_9622,m1,"[44.02, 1.82, 45.72, 1.885]",TOP_PIN,VDD,TOP_PIN::VDD,top_pin_bbox
m1_9623,m1,"[44.02, 0.0, 45.72, 0.065]",PARENT_INTEGRATION_ROUTER,array_interface_VSS,array_interface_VSS,source_bbox
m1_9623,m1,"[44.02, 0.0, 45.72, 0.065]",TOP_PIN,VSS,TOP_PIN::VSS,top_pin_bbox
m1_9635,m1,"[44.02, 1.82, 44.9225, 1.885]",PARENT_INTEGRATION_ROUTER,array_interface_VDD,array_interface_VDD,source_bbox
m1_9635,m1,"[44.02, 1.82, 44.9225, 1.885]",TOP_PIN,VDD,TOP_PIN::VDD,top_pin_bbox
m1_9636,m1,"[44.02, 0.0, 44.9225, 0.065]",PARENT_INTEGRATION_ROUTER,array_interface_VSS,array_interface_VSS,source_bbox
m1_9636,m1,"[44.02, 0.0, 44.9225, 0.065]",TOP_PIN,VSS,TOP_PIN::VSS,top_pin_bbox
m1_9637,m1,"[44.7125, 1.6825, 44.7775, 1.8525]",PARENT_INTEGRATION_ROUTER,array_interface_VDD,array_interface_VDD,source_bbox
m1_9637,m1,"[44.7125, 1.6825, 44.7775, 1.8525]",TOP_PIN,VDD,TOP_PIN::VDD,top_pin_bbox
m1_9638,m1,"[44.7125, 0.0325, 44.7775, 0.2025]",PARENT_INTEGRATION_ROUTER,array_interface_VSS,array_interface_VSS,source_bbox
m1_9638,m1,"[44.7125, 0.0325, 44.7775, 0.2025]",TOP_PIN,VSS,TOP_PIN::VSS,top_pin_bbox
m1_9647,m1,"[44.1125, 0.0, 44.1775, 0.18]",PARENT_INTEGRATION_ROUTER,array_interface_VSS,array_interface_VSS,source_bbox
m1_9647,m1,"[44.1125, 0.0, 44.1775, 0.18]",TOP_PIN,VSS,TOP_PIN::VSS,top_pin_bbox
m1_9648,m1,"[44.1125, 1.525, 44.1775, 1.885]",PARENT_INTEGRATION_ROUTER,array_interface_VDD,array_interface_VDD,source_bbox
m1_9648,m1,"[44.1125, 1.525, 44.1775, 1.885]",TOP_PIN,VDD,TOP_PIN::VDD,top_pin_bbox
m1_9649,m1,"[44.5425, 1.525, 44.6075, 1.885]",PARENT_INTEGRATION_ROUTER,array_interface_VDD,array_interface_VDD,source_bbox
m1_9649,m1,"[44.5425, 1.525, 44.6075, 1.885]",TOP_PIN,VDD,TOP_PIN::VDD,top_pin_bbox
m1_97,m1,"[118.4975, 0.0, 118.5625, 0.065]",PARENT_INTEGRATION_ROUTER,array_interface_VSS,array_interface_VSS,dest_bbox
m1_97,m1,"[118.4975, 0.0, 118.5625, 0.065]",PARENT_INTEGRATION_ROUTER,array_interface_VSS,array_interface_VSS,power_bridge_bbox
m1_9759,m1,"[45.3725, 0.865, 45.4375, 0.93]",PARENT_INTEGRATION_ROUTER,WL0,WL0,source_bbox
m1_9759,m1,"[45.3725, 0.865, 45.4375, 0.93]",PARENT_INTEGRATION_ROUTER,WL0,WL0,source_m1_landing_bbox
m1_9759,m1,"[45.3725, 0.865, 45.4375, 0.93]",TOP_PIN,WL0,TOP_PIN::WL0,top_pin_bbox
m1_9760,m1,"[45.0325, 1.82, 45.72, 1.885]",PARENT_INTEGRATION_ROUTER,array_interface_VDD,array_interface_VDD,source_bbox
m1_9760,m1,"[45.0325, 1.82, 45.72, 1.885]",TOP_PIN,VDD,TOP_PIN::VDD,top_pin_bbox
m1_9761,m1,"[45.0325, 0.0, 45.72, 0.065]",PARENT_INTEGRATION_ROUTER,array_interface_VSS,array_interface_VSS,source_bbox
m1_9761,m1,"[45.0325, 0.0, 45.72, 0.065]",TOP_PIN,VSS,TOP_PIN::VSS,top_pin_bbox
m1_9762,m1,"[45.51, 1.6825, 45.575, 1.8525]",PARENT_INTEGRATION_ROUTER,array_interface_VDD,array_interface_VDD,source_bbox
m1_9762,m1,"[45.51, 1.6825, 45.575, 1.8525]",TOP_PIN,VDD,TOP_PIN::VDD,top_pin_bbox
m1_9763,m1,"[45.51, 0.0325, 45.575, 0.2025]",PARENT_INTEGRATION_ROUTER,array_interface_VSS,array_interface_VSS,source_bbox
m1_9763,m1,"[45.51, 0.0325, 45.575, 0.2025]",TOP_PIN,VSS,TOP_PIN::VSS,top_pin_bbox
m1_9770,m1,"[45.34, 0.135, 45.405, 1.66]",PARENT_INTEGRATION_ROUTER,WL0,WL0,source_bbox
m1_9770,m1,"[45.34, 0.135, 45.405, 1.66]",PARENT_INTEGRATION_ROUTER,WL0,WL0,source_m1_landing_bbox
m1_9770,m1,"[45.34, 0.135, 45.405, 1.66]",TOP_PIN,WL0,TOP_PIN::WL0,top_pin_bbox
m1_9771,m1,"[45.125, 0.0, 45.19, 0.135]",PARENT_INTEGRATION_ROUTER,array_interface_VSS,array_interface_VSS,source_bbox
m1_9771,m1,"[45.125, 0.0, 45.19, 0.135]",TOP_PIN,VSS,TOP_PIN::VSS,top_pin_bbox
m1_9772,m1,"[45.125, 1.525, 45.19, 1.885]",PARENT_INTEGRATION_ROUTER,array_interface_VDD,array_interface_VDD,source_bbox
m1_9772,m1,"[45.125, 1.525, 45.19, 1.885]",TOP_PIN,VDD,TOP_PIN::VDD,top_pin_bbox
m1_9787,m1,"[45.34, 1.525, 45.405, 1.66]",PARENT_INTEGRATION_ROUTER,WL0,WL0,source_bbox
m1_9787,m1,"[45.34, 1.525, 45.405, 1.66]",TOP_PIN,WL0,TOP_PIN::WL0,top_pin_bbox
m1_98,m1,"[45.32, 0.83, 45.455, 0.965]",PARENT_INTEGRATION_ROUTER,WL0,WL0,source_bbox
m1_98,m1,"[45.32, 0.83, 45.455, 0.965]",PARENT_INTEGRATION_ROUTER,WL0,WL0,source_m1_landing_bbox
m1_98,m1,"[45.32, 0.83, 45.455, 0.965]",TOP_PIN,WL0,TOP_PIN::WL0,top_pin_bbox
m1_9808,m1,"[45.34, 0.135, 45.405, 0.27]",PARENT_INTEGRATION_ROUTER,WL0,WL0,source_bbox
m1_9808,m1,"[45.34, 0.135, 45.405, 0.27]",TOP_PIN,WL0,TOP_PIN::WL0,top_pin_bbox
m1_9837,m1,"[45.83, 1.82, 47.875, 1.885]",PARENT_INTEGRATION_ROUTER,array_interface_VDD,array_interface_VDD,source_bbox
m1_9837,m1,"[45.83, 1.82, 47.875, 1.885]",TOP_PIN,VDD,TOP_PIN::VDD,top_pin_bbox
m1_9838,m1,"[45.83, 0.0, 47.875, 0.065]",PARENT_INTEGRATION_ROUTER,array_interface_VSS,array_interface_VSS,source_bbox
m1_9838,m1,"[45.83, 0.0, 47.875, 0.065]",TOP_PIN,VSS,TOP_PIN::VSS,top_pin_bbox
m1_9851,m1,"[45.83, 1.82, 47.0775, 1.885]",PARENT_INTEGRATION_ROUTER,array_interface_VDD,array_interface_VDD,source_bbox
m1_9851,m1,"[45.83, 1.82, 47.0775, 1.885]",TOP_PIN,VDD,TOP_PIN::VDD,top_pin_bbox
m1_9852,m1,"[45.83, 0.0, 47.0775, 0.065]",PARENT_INTEGRATION_ROUTER,array_interface_VSS,array_interface_VSS,source_bbox
m1_9852,m1,"[45.83, 0.0, 47.0775, 0.065]",TOP_PIN,VSS,TOP_PIN::VSS,top_pin_bbox
m1_9853,m1,"[46.8675, 1.6825, 46.9325, 1.8525]",PARENT_INTEGRATION_ROUTER,array_interface_VDD,array_interface_VDD,source_bbox
m1_9853,m1,"[46.8675, 1.6825, 46.9325, 1.8525]",TOP_PIN,VDD,TOP_PIN::VDD,top_pin_bbox
m1_9854,m1,"[46.8675, 0.0325, 46.9325, 0.2025]",PARENT_INTEGRATION_ROUTER,array_interface_VSS,array_interface_VSS,source_bbox
m1_9854,m1,"[46.8675, 0.0325, 46.9325, 0.2025]",TOP_PIN,VSS,TOP_PIN::VSS,top_pin_bbox
m1_9869,m1,"[45.9225, 0.0, 45.9875, 0.18]",PARENT_INTEGRATION_ROUTER,array_interface_VSS,array_interface_VSS,source_bbox
m1_9869,m1,"[45.9225, 0.0, 45.9875, 0.18]",TOP_PIN,VSS,TOP_PIN::VSS,top_pin_bbox
m1_987,m1,"[4.2225, 1.82, 4.91, 1.885]",PARENT_INTEGRATION_ROUTER,array_interface_VDD,array_interface_VDD,source_bbox
m1_987,m1,"[4.2225, 1.82, 4.91, 1.885]",TOP_PIN,VDD,TOP_PIN::VDD,top_pin_bbox
m1_9870,m1,"[45.9225, 1.525, 45.9875, 1.885]",PARENT_INTEGRATION_ROUTER,array_interface_VDD,array_interface_VDD,source_bbox
m1_9870,m1,"[45.9225, 1.525, 45.9875, 1.885]",TOP_PIN,VDD,TOP_PIN::VDD,top_pin_bbox
m1_9871,m1,"[46.3525, 1.525, 46.4175, 1.885]",PARENT_INTEGRATION_ROUTER,array_interface_VDD,array_interface_VDD,source_bbox
m1_9871,m1,"[46.3525, 1.525, 46.4175, 1.885]",TOP_PIN,VDD,TOP_PIN::VDD,top_pin_bbox
m1_988,m1,"[4.2225, 0.0, 4.91, 0.065]",PARENT_INTEGRATION_ROUTER,array_interface_VSS,array_interface_VSS,source_bbox
m1_988,m1,"[4.2225, 0.0, 4.91, 0.065]",TOP_PIN,VSS,TOP_PIN::VSS,top_pin_bbox
m1_989,m1,"[4.7, 1.6825, 4.765, 1.8525]",PARENT_INTEGRATION_ROUTER,array_interface_VDD,array_interface_VDD,source_bbox
m1_989,m1,"[4.7, 1.6825, 4.765, 1.8525]",TOP_PIN,VDD,TOP_PIN::VDD,top_pin_bbox
m1_990,m1,"[4.7, 0.0325, 4.765, 0.2025]",PARENT_INTEGRATION_ROUTER,array_interface_VSS,array_interface_VSS,source_bbox
m1_990,m1,"[4.7, 0.0325, 4.765, 0.2025]",TOP_PIN,VSS,TOP_PIN::VSS,top_pin_bbox
m1_998,m1,"[4.315, 0.0, 4.38, 0.135]",PARENT_INTEGRATION_ROUTER,array_interface_VSS,array_interface_VSS,source_bbox
m1_998,m1,"[4.315, 0.0, 4.38, 0.135]",TOP_PIN,VSS,TOP_PIN::VSS,top_pin_bbox
m1_999,m1,"[4.315, 1.525, 4.38, 1.885]",PARENT_INTEGRATION_ROUTER,array_interface_VDD,array_interface_VDD,source_bbox
m1_999,m1,"[4.315, 1.525, 4.38, 1.885]",TOP_PIN,VDD,TOP_PIN::VDD,top_pin_bbox
m2_104,m2,"[45.32, 0.83, 45.455, 7.5275]",PARENT_INTEGRATION_ROUTER,WL0,WL0,source_bbox
m2_104,m2,"[45.32, 0.83, 45.455, 7.5275]",PARENT_INTEGRATION_ROUTER,WL0,WL0,source_m2_vertical_bbox
m2_104,m2,"[45.32, 0.83, 45.455, 7.5275]",PARENT_INTEGRATION_ROUTER,array_interface_VDD,array_interface_VDD,source_bbox
m2_104,m2,"[45.32, 0.83, 45.455, 7.5275]",TOP_PIN,VDD,TOP_PIN::VDD,top_pin_bbox
m2_105,m2,"[123.2625, 0.715, 123.3975, 7.5275]",PARENT_INTEGRATION_ROUTER,WL0,WL0,dest_m2_vertical_bbox
m2_106,m2,"[118.4625, 0.715, 118.5975, 0.85]",PARENT_INTEGRATION_ROUTER,WL0,WL0,dest_bbox
m2_106,m2,"[118.4625, 0.715, 118.5975, 0.85]",PARENT_INTEGRATION_ROUTER,WL0,WL0,dest_m2_landing_bbox
m2_115,m2,"[49.285, 0.83, 49.42, 8.2275]",PARENT_INTEGRATION_ROUTER,WL1,WL1,source_bbox
m2_115,m2,"[49.285, 0.83, 49.42, 8.2275]",PARENT_INTEGRATION_ROUTER,WL1,WL1,source_m2_vertical_bbox
m2_115,m2,"[49.285, 0.83, 49.42, 8.2275]",PARENT_INTEGRATION_ROUTER,array_interface_VDD,array_interface_VDD,source_bbox
m2_115,m2,"[49.285, 0.83, 49.42, 8.2275]",TOP_PIN,VDD,TOP_PIN::VDD,top_pin_bbox
m2_116,m2,"[122.9825, 2.28, 123.1175, 8.2275]",PARENT_INTEGRATION_ROUTER,WL1,WL1,dest_m2_vertical_bbox
m2_117,m2,"[118.4625, 2.28, 118.5975, 2.415]",PARENT_INTEGRATION_ROUTER,WL1,WL1,dest_bbox
m2_117,m2,"[118.4625, 2.28, 118.5975, 2.415]",PARENT_INTEGRATION_ROUTER,WL1,WL1,dest_m2_landing_bbox
m2_126,m2,"[53.25, 0.83, 53.385, 8.9275]",PARENT_INTEGRATION_ROUTER,WL2,WL2,source_bbox
m2_126,m2,"[53.25, 0.83, 53.385, 8.9275]",PARENT_INTEGRATION_ROUTER,WL2,WL2,source_m2_vertical_bbox
m2_126,m2,"[53.25, 0.83, 53.385, 8.9275]",PARENT_INTEGRATION_ROUTER,array_interface_VDD,array_interface_VDD,source_bbox
m2_126,m2,"[53.25, 0.83, 53.385, 8.9275]",TOP_PIN,VDD,TOP_PIN::VDD,top_pin_bbox
m2_127,m2,"[122.7025, 3.845, 122.8375, 8.9275]",PARENT_INTEGRATION_ROUTER,WL2,WL2,dest_m2_vertical_bbox
m2_128,m2,"[118.4625, 3.845, 118.5975, 3.98]",PARENT_INTEGRATION_ROUTER,WL2,WL2,dest_bbox
m2_128,m2,"[118.4625, 3.845, 118.5975, 3.98]",PARENT_INTEGRATION_ROUTER,WL2,WL2,dest_m2_landing_bbox
m2_137,m2,"[57.215, 0.83, 57.35, 9.6275]",PARENT_INTEGRATION_ROUTER,WL3,WL3,source_bbox
m2_137,m2,"[57.215, 0.83, 57.35, 9.6275]",PARENT_INTEGRATION_ROUTER,WL3,WL3,source_m2_vertical_bbox
m2_137,m2,"[57.215, 0.83, 57.35, 9.6275]",PARENT_INTEGRATION_ROUTER,array_interface_VDD,array_interface_VDD,source_bbox
m2_137,m2,"[57.215, 0.83, 57.35, 9.6275]",TOP_PIN,VDD,TOP_PIN::VDD,top_pin_bbox
m2_138,m2,"[122.4225, 5.41, 122.5575, 9.6275]",PARENT_INTEGRATION_ROUTER,WL3,WL3,dest_m2_vertical_bbox
m2_139,m2,"[118.4625, 5.41, 118.5975, 5.545]",PARENT_INTEGRATION_ROUTER,WL3,WL3,dest_bbox
m2_139,m2,"[118.4625, 5.41, 118.5975, 5.545]",PARENT_INTEGRATION_ROUTER,WL3,WL3,dest_m2_landing_bbox
m2_148,m2,"[61.18, 0.83, 61.315, 10.3275]",PARENT_INTEGRATION_ROUTER,WL4,WL4,source_bbox
m2_148,m2,"[61.18, 0.83, 61.315, 10.3275]",PARENT_INTEGRATION_ROUTER,WL4,WL4,source_m2_vertical_bbox
m2_148,m2,"[61.18, 0.83, 61.315, 10.3275]",PARENT_INTEGRATION_ROUTER,array_interface_VDD,array_interface_VDD,source_bbox
m2_148,m2,"[61.18, 0.83, 61.315, 10.3275]",TOP_PIN,VDD,TOP_PIN::VDD,top_pin_bbox
m2_149,m2,"[122.1425, 6.975, 122.2775, 10.3275]",PARENT_INTEGRATION_ROUTER,WL4,WL4,dest_m2_vertical_bbox
m2_150,m2,"[118.4625, 6.975, 118.5975, 7.11]",PARENT_INTEGRATION_ROUTER,WL4,WL4,dest_bbox
m2_150,m2,"[118.4625, 6.975, 118.5975, 7.11]",PARENT_INTEGRATION_ROUTER,WL4,WL4,dest_m2_landing_bbox
m2_159,m2,"[65.1475, 0.83, 65.28, 11.0275]",PARENT_INTEGRATION_ROUTER,WL5,WL5,source_bbox
m2_159,m2,"[65.1475, 0.83, 65.28, 11.0275]",PARENT_INTEGRATION_ROUTER,WL5,WL5,source_m2_vertical_bbox
m2_159,m2,"[65.1475, 0.83, 65.28, 11.0275]",PARENT_INTEGRATION_ROUTER,array_interface_VDD,array_interface_VDD,source_bbox
m2_159,m2,"[65.1475, 0.83, 65.28, 11.0275]",TOP_PIN,VDD,TOP_PIN::VDD,top_pin_bbox
m2_160,m2,"[121.8625, 8.54, 121.9975, 11.0275]",PARENT_INTEGRATION_ROUTER,WL5,WL5,dest_m2_vertical_bbox
m2_161,m2,"[118.4625, 8.54, 118.5975, 8.675]",PARENT_INTEGRATION_ROUTER,WL5,WL5,dest_bbox
m2_161,m2,"[118.4625, 8.54, 118.5975, 8.675]",PARENT_INTEGRATION_ROUTER,WL5,WL5,dest_m2_landing_bbox
m2_170,m2,"[69.11, 0.83, 69.245, 11.7275]",PARENT_INTEGRATION_ROUTER,WL6,WL6,source_bbox
m2_170,m2,"[69.11, 0.83, 69.245, 11.7275]",PARENT_INTEGRATION_ROUTER,WL6,WL6,source_m2_vertical_bbox
m2_170,m2,"[69.11, 0.83, 69.245, 11.7275]",PARENT_INTEGRATION_ROUTER,array_interface_VDD,array_interface_VDD,source_bbox
m2_170,m2,"[69.11, 0.83, 69.245, 11.7275]",TOP_PIN,VDD,TOP_PIN::VDD,top_pin_bbox
m2_171,m2,"[121.5825, 10.105, 121.7175, 11.7275]",PARENT_INTEGRATION_ROUTER,WL6,WL6,dest_m2_vertical_bbox
m2_172,m2,"[118.4625, 10.105, 118.5975, 10.24]",PARENT_INTEGRATION_ROUTER,WL6,WL6,dest_bbox
m2_172,m2,"[118.4625, 10.105, 118.5975, 10.24]",PARENT_INTEGRATION_ROUTER,WL6,WL6,dest_m2_landing_bbox
m2_181,m2,"[73.075, 0.83, 73.21, 12.4275]",PARENT_INTEGRATION_ROUTER,WL7,WL7,source_bbox
m2_181,m2,"[73.075, 0.83, 73.21, 12.4275]",PARENT_INTEGRATION_ROUTER,WL7,WL7,source_m2_vertical_bbox
m2_181,m2,"[73.075, 0.83, 73.21, 12.4275]",PARENT_INTEGRATION_ROUTER,array_interface_VDD,array_interface_VDD,source_bbox
m2_181,m2,"[73.075, 0.83, 73.21, 12.4275]",TOP_PIN,VDD,TOP_PIN::VDD,top_pin_bbox
m2_182,m2,"[121.3025, 11.67, 121.4375, 12.4275]",PARENT_INTEGRATION_ROUTER,WL7,WL7,dest_m2_vertical_bbox
m2_183,m2,"[118.4625, 11.67, 118.5975, 11.805]",PARENT_INTEGRATION_ROUTER,WL7,WL7,dest_bbox
m2_183,m2,"[118.4625, 11.67, 118.5975, 11.805]",PARENT_INTEGRATION_ROUTER,WL7,WL7,dest_m2_landing_bbox
m2_192,m2,"[84.32, 0.83, 84.455, 13.1275]",PARENT_INTEGRATION_ROUTER,WL8,WL8,source_bbox
m2_192,m2,"[84.32, 0.83, 84.455, 13.1275]",PARENT_INTEGRATION_ROUTER,WL8,WL8,source_m2_vertical_bbox
m2_192,m2,"[84.32, 0.83, 84.455, 13.1275]",PARENT_INTEGRATION_ROUTER,array_interface_VDD,array_interface_VDD,source_bbox
m2_192,m2,"[84.32, 0.83, 84.455, 13.1275]",TOP_PIN,VDD,TOP_PIN::VDD,top_pin_bbox
m2_193,m2,"[121.0225, 12.9925, 121.1575, 13.37]",PARENT_INTEGRATION_ROUTER,WL8,WL8,dest_m2_vertical_bbox
m2_194,m2,"[118.4625, 13.235, 118.5975, 13.37]",PARENT_INTEGRATION_ROUTER,WL8,WL8,dest_bbox
m2_194,m2,"[118.4625, 13.235, 118.5975, 13.37]",PARENT_INTEGRATION_ROUTER,WL8,WL8,dest_m2_landing_bbox
m2_203,m2,"[88.285, 0.83, 88.42, 13.8275]",PARENT_INTEGRATION_ROUTER,WL9,WL9,source_bbox
m2_203,m2,"[88.285, 0.83, 88.42, 13.8275]",PARENT_INTEGRATION_ROUTER,WL9,WL9,source_m2_vertical_bbox
m2_203,m2,"[88.285, 0.83, 88.42, 13.8275]",PARENT_INTEGRATION_ROUTER,array_interface_VDD,array_interface_VDD,source_bbox
m2_203,m2,"[88.285, 0.83, 88.42, 13.8275]",TOP_PIN,VDD,TOP_PIN::VDD,top_pin_bbox
m2_204,m2,"[120.7425, 13.6925, 120.8775, 14.935]",PARENT_INTEGRATION_ROUTER,WL9,WL9,dest_m2_vertical_bbox
m2_205,m2,"[118.4625, 14.8, 118.5975, 14.935]",PARENT_INTEGRATION_ROUTER,WL9,WL9,dest_bbox
m2_205,m2,"[118.4625, 14.8, 118.5975, 14.935]",PARENT_INTEGRATION_ROUTER,WL9,WL9,dest_m2_landing_bbox
m2_214,m2,"[92.25, 0.83, 92.385, 14.5275]",PARENT_INTEGRATION_ROUTER,WL10,WL10,source_bbox
m2_214,m2,"[92.25, 0.83, 92.385, 14.5275]",PARENT_INTEGRATION_ROUTER,WL10,WL10,source_m2_vertical_bbox
m2_214,m2,"[92.25, 0.83, 92.385, 14.5275]",PARENT_INTEGRATION_ROUTER,array_interface_VDD,array_interface_VDD,source_bbox
m2_214,m2,"[92.25, 0.83, 92.385, 14.5275]",TOP_PIN,VDD,TOP_PIN::VDD,top_pin_bbox
m2_215,m2,"[120.4625, 14.3925, 120.5975, 16.5]",PARENT_INTEGRATION_ROUTER,WL10,WL10,dest_m2_vertical_bbox
m2_216,m2,"[118.4625, 16.365, 118.5975, 16.5]",PARENT_INTEGRATION_ROUTER,WL10,WL10,dest_bbox
m2_216,m2,"[118.4625, 16.365, 118.5975, 16.5]",PARENT_INTEGRATION_ROUTER,WL10,WL10,dest_m2_landing_bbox
m2_225,m2,"[96.215, 0.83, 96.35, 15.2275]",PARENT_INTEGRATION_ROUTER,WL11,WL11,source_bbox
m2_225,m2,"[96.215, 0.83, 96.35, 15.2275]",PARENT_INTEGRATION_ROUTER,WL11,WL11,source_m2_vertical_bbox
m2_225,m2,"[96.215, 0.83, 96.35, 15.2275]",PARENT_INTEGRATION_ROUTER,array_interface_VDD,array_interface_VDD,source_bbox
m2_225,m2,"[96.215, 0.83, 96.35, 15.2275]",TOP_PIN,VDD,TOP_PIN::VDD,top_pin_bbox
m2_226,m2,"[120.1825, 15.0925, 120.3175, 18.065]",PARENT_INTEGRATION_ROUTER,WL11,WL11,dest_m2_vertical_bbox
m2_227,m2,"[118.4625, 17.93, 118.5975, 18.065]",PARENT_INTEGRATION_ROUTER,WL11,WL11,dest_bbox
m2_227,m2,"[118.4625, 17.93, 118.5975, 18.065]",PARENT_INTEGRATION_ROUTER,WL11,WL11,dest_m2_landing_bbox
m2_23,m2,"[-0.4175, 6.05, -0.2825, 6.185]",TOP_DECODER_ROUTE,A3,A3,top_pin_bbox
m2_23,m2,"[-0.4175, 6.05, -0.2825, 6.185]",TOP_PIN,A3,TOP_PIN::A3,top_pin_bbox
m2_236,m2,"[100.18, 0.83, 100.315, 15.9275]",PARENT_INTEGRATION_ROUTER,WL12,WL12,source_bbox
m2_236,m2,"[100.18, 0.83, 100.315, 15.9275]",PARENT_INTEGRATION_ROUTER,WL12,WL12,source_m2_vertical_bbox
m2_236,m2,"[100.18, 0.83, 100.315, 15.9275]",PARENT_INTEGRATION_ROUTER,array_interface_VDD,array_interface_VDD,source_bbox
m2_236,m2,"[100.18, 0.83, 100.315, 15.9275]",TOP_PIN,VDD,TOP_PIN::VDD,top_pin_bbox
m2_237,m2,"[119.9025, 15.7925, 120.0375, 19.63]",PARENT_INTEGRATION_ROUTER,WL12,WL12,dest_m2_vertical_bbox
m2_238,m2,"[118.4625, 19.495, 118.5975, 19.63]",PARENT_INTEGRATION_ROUTER,WL12,WL12,dest_bbox
m2_238,m2,"[118.4625, 19.495, 118.5975, 19.63]",PARENT_INTEGRATION_ROUTER,WL12,WL12,dest_m2_landing_bbox
m2_247,m2,"[104.145, 0.83, 104.28, 16.6275]",PARENT_INTEGRATION_ROUTER,WL13,WL13,source_bbox
m2_247,m2,"[104.145, 0.83, 104.28, 16.6275]",PARENT_INTEGRATION_ROUTER,WL13,WL13,source_m2_vertical_bbox
m2_247,m2,"[104.145, 0.83, 104.28, 16.6275]",PARENT_INTEGRATION_ROUTER,array_interface_VDD,array_interface_VDD,source_bbox
m2_247,m2,"[104.145, 0.83, 104.28, 16.6275]",TOP_PIN,VDD,TOP_PIN::VDD,top_pin_bbox
m2_248,m2,"[119.6225, 16.4925, 119.7575, 21.195]",PARENT_INTEGRATION_ROUTER,WL13,WL13,dest_m2_vertical_bbox
m2_249,m2,"[118.4625, 21.06, 118.5975, 21.195]",PARENT_INTEGRATION_ROUTER,WL13,WL13,dest_bbox
m2_249,m2,"[118.4625, 21.06, 118.5975, 21.195]",PARENT_INTEGRATION_ROUTER,WL13,WL13,dest_m2_landing_bbox
m2_258,m2,"[108.11, 0.83, 108.245, 17.3275]",PARENT_INTEGRATION_ROUTER,WL14,WL14,source_bbox
m2_258,m2,"[108.11, 0.83, 108.245, 17.3275]",PARENT_INTEGRATION_ROUTER,WL14,WL14,source_m2_vertical_bbox
m2_258,m2,"[108.11, 0.83, 108.245, 17.3275]",PARENT_INTEGRATION_ROUTER,array_interface_VDD,array_interface_VDD,source_bbox
m2_258,m2,"[108.11, 0.83, 108.245, 17.3275]",TOP_PIN,VDD,TOP_PIN::VDD,top_pin_bbox
m2_259,m2,"[119.3425, 17.1925, 119.4775, 22.76]",PARENT_INTEGRATION_ROUTER,WL14,WL14,dest_m2_vertical_bbox
m2_260,m2,"[118.4625, 22.625, 118.5975, 22.76]",PARENT_INTEGRATION_ROUTER,WL14,WL14,dest_bbox
m2_260,m2,"[118.4625, 22.625, 118.5975, 22.76]",PARENT_INTEGRATION_ROUTER,WL14,WL14,dest_m2_landing_bbox
m2_269,m2,"[112.075, 0.83, 112.21, 18.0275]",PARENT_INTEGRATION_ROUTER,WL15,WL15,source_bbox
m2_269,m2,"[112.075, 0.83, 112.21, 18.0275]",PARENT_INTEGRATION_ROUTER,WL15,WL15,source_m2_vertical_bbox
m2_269,m2,"[112.075, 0.83, 112.21, 18.0275]",PARENT_INTEGRATION_ROUTER,array_interface_VDD,array_interface_VDD,source_bbox
m2_269,m2,"[112.075, 0.83, 112.21, 18.0275]",TOP_PIN,VDD,TOP_PIN::VDD,top_pin_bbox
m2_270,m2,"[119.0625, 17.8925, 119.1975, 24.325]",PARENT_INTEGRATION_ROUTER,WL15,WL15,dest_m2_vertical_bbox
m2_271,m2,"[118.4625, 24.19, 118.5975, 24.325]",PARENT_INTEGRATION_ROUTER,WL15,WL15,dest_bbox
m2_271,m2,"[118.4625, 24.19, 118.5975, 24.325]",PARENT_INTEGRATION_ROUTER,WL15,WL15,dest_m2_landing_bbox
m2_281,m2,"[0.5725, 0.9975, 0.6425, 2.4]",PARENT_INTEGRATION_ROUTER,array_interface_VDD,array_interface_VDD,source_bbox
m2_281,m2,"[0.5725, 0.9975, 0.6425, 2.4]",TOP_PIN,VDD,TOP_PIN::VDD,top_pin_bbox
m2_288,m2,"[19.415, 0.84, 19.485, 2.4]",PARENT_INTEGRATION_ROUTER,array_interface_VDD,array_interface_VDD,source_bbox
m2_288,m2,"[19.415, 0.84, 19.485, 2.4]",TOP_PIN,VDD,TOP_PIN::VDD,top_pin_bbox
m2_295,m2,"[23.38, 0.84, 23.45, 2.4]",PARENT_INTEGRATION_ROUTER,array_interface_VDD,array_interface_VDD,source_bbox
m2_295,m2,"[23.38, 0.84, 23.45, 2.4]",TOP_PIN,VDD,TOP_PIN::VDD,top_pin_bbox
m2_30,m2,"[-0.4175, 4.15, -0.2825, 4.285]",TOP_DECODER_ROUTE,A0,A0,top_pin_bbox
m2_30,m2,"[-0.4175, 4.15, -0.2825, 4.285]",TOP_PIN,A0,TOP_PIN::A0,top_pin_bbox
m2_302,m2,"[27.345, 0.84, 27.415, 2.4]",PARENT_INTEGRATION_ROUTER,array_interface_VDD,array_interface_VDD,source_bbox
m2_302,m2,"[27.345, 0.84, 27.415, 2.4]",TOP_PIN,VDD,TOP_PIN::VDD,top_pin_bbox
m2_309,m2,"[31.31, 0.84, 31.38, 2.4]",PARENT_INTEGRATION_ROUTER,array_interface_VDD,array_interface_VDD,source_bbox
m2_309,m2,"[31.31, 0.84, 31.38, 2.4]",TOP_PIN,VDD,TOP_PIN::VDD,top_pin_bbox
m2_320,m2,"[1.375, 0.9975, 1.445, 2.65]",PARENT_INTEGRATION_ROUTER,array_interface_VDD,array_interface_VDD,source_bbox
m2_320,m2,"[1.375, 0.9975, 1.445, 2.65]",TOP_PIN,VDD,TOP_PIN::VDD,top_pin_bbox
m2_327,m2,"[11.2075, 0.7, 11.2775, 2.65]",PARENT_INTEGRATION_ROUTER,array_interface_VDD,array_interface_VDD,source_bbox
m2_327,m2,"[11.2075, 0.7, 11.2775, 2.65]",TOP_PIN,VDD,TOP_PIN::VDD,top_pin_bbox
m2_334,m2,"[15.1725, 0.7, 15.2425, 2.65]",PARENT_INTEGRATION_ROUTER,array_interface_VDD,array_interface_VDD,source_bbox
m2_334,m2,"[15.1725, 0.7, 15.2425, 2.65]",TOP_PIN,VDD,TOP_PIN::VDD,top_pin_bbox
m2_341,m2,"[27.0675, 0.7, 27.1375, 2.65]",PARENT_INTEGRATION_ROUTER,array_interface_VDD,array_interface_VDD,source_bbox
m2_341,m2,"[27.0675, 0.7, 27.1375, 2.65]",TOP_PIN,VDD,TOP_PIN::VDD,top_pin_bbox
m2_348,m2,"[31.0325, 0.7, 31.1025, 2.65]",PARENT_INTEGRATION_ROUTER,array_interface_VDD,array_interface_VDD,source_bbox
m2_348,m2,"[31.0325, 0.7, 31.1025, 2.65]",TOP_PIN,VDD,TOP_PIN::VDD,top_pin_bbox
m2_359,m2,"[2.1725, 0.9975, 2.2425, 2.9]",PARENT_INTEGRATION_ROUTER,array_interface_VDD,array_interface_VDD,source_bbox
m2_359,m2,"[2.1725, 0.9975, 2.2425, 2.9]",TOP_PIN,VDD,TOP_PIN::VDD,top_pin_bbox
m2_366,m2,"[6.96, 0.56, 7.03, 2.9]",PARENT_INTEGRATION_ROUTER,array_interface_VDD,array_interface_VDD,source_bbox
m2_366,m2,"[6.96, 0.56, 7.03, 2.9]",TOP_PIN,VDD,TOP_PIN::VDD,top_pin_bbox
m2_373,m2,"[14.89, 0.56, 14.96, 2.9]",PARENT_INTEGRATION_ROUTER,array_interface_VDD,array_interface_VDD,source_bbox
m2_373,m2,"[14.89, 0.56, 14.96, 2.9]",TOP_PIN,VDD,TOP_PIN::VDD,top_pin_bbox
m2_380,m2,"[22.82, 0.56, 22.89, 2.9]",PARENT_INTEGRATION_ROUTER,array_interface_VDD,array_interface_VDD,source_bbox
m2_380,m2,"[22.82, 0.56, 22.89, 2.9]",TOP_PIN,VDD,TOP_PIN::VDD,top_pin_bbox
m2_387,m2,"[30.75, 0.56, 30.82, 2.9]",PARENT_INTEGRATION_ROUTER,array_interface_VDD,array_interface_VDD,source_bbox
m2_387,m2,"[30.75, 0.56, 30.82, 2.9]",TOP_PIN,VDD,TOP_PIN::VDD,top_pin_bbox
m2_398,m2,"[5.4325, 0.84, 5.5025, 2.15]",PARENT_INTEGRATION_ROUTER,array_interface_VDD,array_interface_VDD,source_bbox
m2_398,m2,"[5.4325, 0.84, 5.5025, 2.15]",TOP_PIN,VDD,TOP_PIN::VDD,top_pin_bbox
m2_405,m2,"[9.3975, 0.84, 9.4675, 2.15]",PARENT_INTEGRATION_ROUTER,array_interface_VDD,array_interface_VDD,source_bbox
m2_405,m2,"[9.3975, 0.84, 9.4675, 2.15]",TOP_PIN,VDD,TOP_PIN::VDD,top_pin_bbox
m2_41,m2,"[-0.4175, 4.65, -0.2825, 4.785]",TOP_DECODER_ROUTE,A1,A1,top_pin_bbox
m2_41,m2,"[-0.4175, 4.65, -0.2825, 4.785]",TOP_PIN,A1,TOP_PIN::A1,top_pin_bbox
m2_412,m2,"[13.3625, 0.84, 13.4325, 2.15]",PARENT_INTEGRATION_ROUTER,array_interface_VDD,array_interface_VDD,source_bbox
m2_412,m2,"[13.3625, 0.84, 13.4325, 2.15]",TOP_PIN,VDD,TOP_PIN::VDD,top_pin_bbox
m2_419,m2,"[17.3275, 0.84, 17.3975, 2.15]",PARENT_INTEGRATION_ROUTER,array_interface_VDD,array_interface_VDD,source_bbox
m2_419,m2,"[17.3275, 0.84, 17.3975, 2.15]",TOP_PIN,VDD,TOP_PIN::VDD,top_pin_bbox
m2_426,m2,"[21.2925, 0.84, 21.3625, 2.15]",PARENT_INTEGRATION_ROUTER,array_interface_VDD,array_interface_VDD,source_bbox
m2_426,m2,"[21.2925, 0.84, 21.3625, 2.15]",TOP_PIN,VDD,TOP_PIN::VDD,top_pin_bbox
m2_433,m2,"[25.2575, 0.84, 25.3275, 2.15]",PARENT_INTEGRATION_ROUTER,array_interface_VDD,array_interface_VDD,source_bbox
m2_433,m2,"[25.2575, 0.84, 25.3275, 2.15]",TOP_PIN,VDD,TOP_PIN::VDD,top_pin_bbox
m2_440,m2,"[29.2225, 0.84, 29.2925, 2.15]",PARENT_INTEGRATION_ROUTER,array_interface_VDD,array_interface_VDD,source_bbox
m2_440,m2,"[29.2225, 0.84, 29.2925, 2.15]",TOP_PIN,VDD,TOP_PIN::VDD,top_pin_bbox
m2_447,m2,"[33.1875, 0.84, 33.2575, 2.15]",PARENT_INTEGRATION_ROUTER,array_interface_VDD,array_interface_VDD,source_bbox
m2_447,m2,"[33.1875, 0.84, 33.2575, 2.15]",TOP_PIN,VDD,TOP_PIN::VDD,top_pin_bbox
m2_4560,m2,"[78.5725, 0.9975, 78.6425, 2.4]",PARENT_INTEGRATION_ROUTER,array_interface_VDD,array_interface_VDD,source_bbox
m2_4560,m2,"[78.5725, 0.9975, 78.6425, 2.4]",TOP_PIN,VDD,TOP_PIN::VDD,top_pin_bbox
m2_4567,m2,"[97.415, 0.84, 97.485, 2.4]",PARENT_INTEGRATION_ROUTER,array_interface_VDD,array_interface_VDD,source_bbox
m2_4567,m2,"[97.415, 0.84, 97.485, 2.4]",TOP_PIN,VDD,TOP_PIN::VDD,top_pin_bbox
m2_4574,m2,"[101.38, 0.84, 101.45, 2.4]",PARENT_INTEGRATION_ROUTER,array_interface_VDD,array_interface_VDD,source_bbox
m2_4574,m2,"[101.38, 0.84, 101.45, 2.4]",TOP_PIN,VDD,TOP_PIN::VDD,top_pin_bbox
m2_458,m2,"[0.805, 0.9975, 0.875, 3.4]",PARENT_INTEGRATION_ROUTER,array_interface_VDD,array_interface_VDD,source_bbox
m2_458,m2,"[0.805, 0.9975, 0.875, 3.4]",TOP_PIN,VDD,TOP_PIN::VDD,top_pin_bbox
m2_4581,m2,"[105.345, 0.84, 105.415, 2.4]",PARENT_INTEGRATION_ROUTER,array_interface_VDD,array_interface_VDD,source_bbox
m2_4581,m2,"[105.345, 0.84, 105.415, 2.4]",TOP_PIN,VDD,TOP_PIN::VDD,top_pin_bbox
m2_4588,m2,"[109.31, 0.84, 109.38, 2.4]",PARENT_INTEGRATION_ROUTER,array_interface_VDD,array_interface_VDD,source_bbox
m2_4588,m2,"[109.31, 0.84, 109.38, 2.4]",TOP_PIN,VDD,TOP_PIN::VDD,top_pin_bbox
m2_4599,m2,"[79.375, 0.9975, 79.445, 2.65]",PARENT_INTEGRATION_ROUTER,array_interface_VDD,array_interface_VDD,source_bbox
m2_4599,m2,"[79.375, 0.9975, 79.445, 2.65]",TOP_PIN,VDD,TOP_PIN::VDD,top_pin_bbox
m2_4606,m2,"[89.2075, 0.7, 89.2775, 2.65]",PARENT_INTEGRATION_ROUTER,array_interface_VDD,array_interface_VDD,source_bbox
m2_4606,m2,"[89.2075, 0.7, 89.2775, 2.65]",TOP_PIN,VDD,TOP_PIN::VDD,top_pin_bbox
m2_4613,m2,"[93.1725, 0.7, 93.2425, 2.65]",PARENT_INTEGRATION_ROUTER,array_interface_VDD,array_interface_VDD,source_bbox
m2_4613,m2,"[93.1725, 0.7, 93.2425, 2.65]",TOP_PIN,VDD,TOP_PIN::VDD,top_pin_bbox
m2_4620,m2,"[105.0675, 0.7, 105.1375, 2.65]",PARENT_INTEGRATION_ROUTER,array_interface_VDD,array_interface_VDD,source_bbox
m2_4620,m2,"[105.0675, 0.7, 105.1375, 2.65]",TOP_PIN,VDD,TOP_PIN::VDD,top_pin_bbox
m2_4627,m2,"[109.0325, 0.7, 109.1025, 2.65]",PARENT_INTEGRATION_ROUTER,array_interface_VDD,array_interface_VDD,source_bbox
m2_4627,m2,"[109.0325, 0.7, 109.1025, 2.65]",TOP_PIN,VDD,TOP_PIN::VDD,top_pin_bbox
m2_4638,m2,"[80.1725, 0.9975, 80.2425, 2.9]",PARENT_INTEGRATION_ROUTER,array_interface_VDD,array_interface_VDD,source_bbox
m2_4638,m2,"[80.1725, 0.9975, 80.2425, 2.9]",TOP_PIN,VDD,TOP_PIN::VDD,top_pin_bbox
m2_4645,m2,"[84.96, 0.56, 85.03, 2.9]",PARENT_INTEGRATION_ROUTER,array_interface_VDD,array_interface_VDD,source_bbox
m2_4645,m2,"[84.96, 0.56, 85.03, 2.9]",TOP_PIN,VDD,TOP_PIN::VDD,top_pin_bbox
m2_465,m2,"[3.555, 0.84, 3.625, 3.4]",PARENT_INTEGRATION_ROUTER,array_interface_VDD,array_interface_VDD,source_bbox
m2_465,m2,"[3.555, 0.84, 3.625, 3.4]",TOP_PIN,VDD,TOP_PIN::VDD,top_pin_bbox
m2_4652,m2,"[92.89, 0.56, 92.96, 2.9]",PARENT_INTEGRATION_ROUTER,array_interface_VDD,array_interface_VDD,source_bbox
m2_4652,m2,"[92.89, 0.56, 92.96, 2.9]",TOP_PIN,VDD,TOP_PIN::VDD,top_pin_bbox
m2_4659,m2,"[100.82, 0.56, 100.89, 2.9]",PARENT_INTEGRATION_ROUTER,array_interface_VDD,array_interface_VDD,source_bbox
m2_4659,m2,"[100.82, 0.56, 100.89, 2.9]",TOP_PIN,VDD,TOP_PIN::VDD,top_pin_bbox
m2_4666,m2,"[108.75, 0.56, 108.82, 2.9]",PARENT_INTEGRATION_ROUTER,array_interface_VDD,array_interface_VDD,source_bbox
m2_4666,m2,"[108.75, 0.56, 108.82, 2.9]",TOP_PIN,VDD,TOP_PIN::VDD,top_pin_bbox
m2_4677,m2,"[83.4325, 0.84, 83.5025, 2.15]",PARENT_INTEGRATION_ROUTER,array_interface_VDD,array_interface_VDD,source_bbox
m2_4677,m2,"[83.4325, 0.84, 83.5025, 2.15]",TOP_PIN,VDD,TOP_PIN::VDD,top_pin_bbox
m2_4684,m2,"[87.3975, 0.84, 87.4675, 2.15]",PARENT_INTEGRATION_ROUTER,array_interface_VDD,array_interface_VDD,source_bbox
m2_4684,m2,"[87.3975, 0.84, 87.4675, 2.15]",TOP_PIN,VDD,TOP_PIN::VDD,top_pin_bbox
m2_4691,m2,"[91.3625, 0.84, 91.4325, 2.15]",PARENT_INTEGRATION_ROUTER,array_interface_VDD,array_interface_VDD,source_bbox
m2_4691,m2,"[91.3625, 0.84, 91.4325, 2.15]",TOP_PIN,VDD,TOP_PIN::VDD,top_pin_bbox
m2_4698,m2,"[95.3275, 0.84, 95.3975, 2.15]",PARENT_INTEGRATION_ROUTER,array_interface_VDD,array_interface_VDD,source_bbox
m2_4698,m2,"[95.3275, 0.84, 95.3975, 2.15]",TOP_PIN,VDD,TOP_PIN::VDD,top_pin_bbox
m2_4705,m2,"[99.2925, 0.84, 99.3625, 2.15]",PARENT_INTEGRATION_ROUTER,array_interface_VDD,array_interface_VDD,source_bbox
m2_4705,m2,"[99.2925, 0.84, 99.3625, 2.15]",TOP_PIN,VDD,TOP_PIN::VDD,top_pin_bbox
m2_4712,m2,"[103.2575, 0.84, 103.3275, 2.15]",PARENT_INTEGRATION_ROUTER,array_interface_VDD,array_interface_VDD,source_bbox
m2_4712,m2,"[103.2575, 0.84, 103.3275, 2.15]",TOP_PIN,VDD,TOP_PIN::VDD,top_pin_bbox
m2_4719,m2,"[107.2225, 0.84, 107.2925, 2.15]",PARENT_INTEGRATION_ROUTER,array_interface_VDD,array_interface_VDD,source_bbox
m2_4719,m2,"[107.2225, 0.84, 107.2925, 2.15]",TOP_PIN,VDD,TOP_PIN::VDD,top_pin_bbox
m2_472,m2,"[7.52, 0.84, 7.59, 3.4]",PARENT_INTEGRATION_ROUTER,array_interface_VDD,array_interface_VDD,source_bbox
m2_472,m2,"[7.52, 0.84, 7.59, 3.4]",TOP_PIN,VDD,TOP_PIN::VDD,top_pin_bbox
m2_4726,m2,"[111.1875, 0.84, 111.2575, 2.15]",PARENT_INTEGRATION_ROUTER,array_interface_VDD,array_interface_VDD,source_bbox
m2_4726,m2,"[111.1875, 0.84, 111.2575, 2.15]",TOP_PIN,VDD,TOP_PIN::VDD,top_pin_bbox
m2_4737,m2,"[78.805, 0.9975, 78.875, 3.4]",PARENT_INTEGRATION_ROUTER,array_interface_VDD,array_interface_VDD,source_bbox
m2_4737,m2,"[78.805, 0.9975, 78.875, 3.4]",TOP_PIN,VDD,TOP_PIN::VDD,top_pin_bbox
m2_4744,m2,"[81.555, 0.84, 81.625, 3.4]",PARENT_INTEGRATION_ROUTER,array_interface_VDD,array_interface_VDD,source_bbox
m2_4744,m2,"[81.555, 0.84, 81.625, 3.4]",TOP_PIN,VDD,TOP_PIN::VDD,top_pin_bbox
m2_4751,m2,"[85.52, 0.84, 85.59, 3.4]",PARENT_INTEGRATION_ROUTER,array_interface_VDD,array_interface_VDD,source_bbox
m2_4751,m2,"[85.52, 0.84, 85.59, 3.4]",TOP_PIN,VDD,TOP_PIN::VDD,top_pin_bbox
m2_4758,m2,"[89.485, 0.84, 89.555, 3.4]",PARENT_INTEGRATION_ROUTER,array_interface_VDD,array_interface_VDD,source_bbox
m2_4758,m2,"[89.485, 0.84, 89.555, 3.4]",TOP_PIN,VDD,TOP_PIN::VDD,top_pin_bbox
m2_4765,m2,"[93.45, 0.84, 93.52, 3.4]",PARENT_INTEGRATION_ROUTER,array_interface_VDD,array_interface_VDD,source_bbox
m2_4765,m2,"[93.45, 0.84, 93.52, 3.4]",TOP_PIN,VDD,TOP_PIN::VDD,top_pin_bbox
m2_4773,m2,"[79.6075, 0.9975, 79.6775, 3.65]",PARENT_INTEGRATION_ROUTER,array_interface_VDD,array_interface_VDD,source_bbox
m2_4773,m2,"[79.6075, 0.9975, 79.6775, 3.65]",TOP_PIN,VDD,TOP_PIN::VDD,top_pin_bbox
m2_4780,m2,"[81.2775, 0.7, 81.3475, 3.65]",PARENT_INTEGRATION_ROUTER,array_interface_VDD,array_interface_VDD,source_bbox
m2_4780,m2,"[81.2775, 0.7, 81.3475, 3.65]",TOP_PIN,VDD,TOP_PIN::VDD,top_pin_bbox
m2_4787,m2,"[85.2425, 0.7, 85.3125, 3.65]",PARENT_INTEGRATION_ROUTER,array_interface_VDD,array_interface_VDD,source_bbox
m2_4787,m2,"[85.2425, 0.7, 85.3125, 3.65]",TOP_PIN,VDD,TOP_PIN::VDD,top_pin_bbox
m2_479,m2,"[11.485, 0.84, 11.555, 3.4]",PARENT_INTEGRATION_ROUTER,array_interface_VDD,array_interface_VDD,source_bbox
m2_479,m2,"[11.485, 0.84, 11.555, 3.4]",TOP_PIN,VDD,TOP_PIN::VDD,top_pin_bbox
m2_4794,m2,"[97.1375, 0.7, 97.2075, 3.65]",PARENT_INTEGRATION_ROUTER,array_interface_VDD,array_interface_VDD,source_bbox
m2_4794,m2,"[97.1375, 0.7, 97.2075, 3.65]",TOP_PIN,VDD,TOP_PIN::VDD,top_pin_bbox
m2_4801,m2,"[101.1025, 0.7, 101.1725, 3.65]",PARENT_INTEGRATION_ROUTER,array_interface_VDD,array_interface_VDD,source_bbox
m2_4801,m2,"[101.1025, 0.7, 101.1725, 3.65]",TOP_PIN,VDD,TOP_PIN::VDD,top_pin_bbox
m2_4809,m2,"[80.405, 0.9975, 80.475, 3.15]",PARENT_INTEGRATION_ROUTER,array_interface_VDD,array_interface_VDD,source_bbox
m2_4809,m2,"[80.405, 0.9975, 80.475, 3.15]",TOP_PIN,VDD,TOP_PIN::VDD,top_pin_bbox
m2_4816,m2,"[80.995, 0.56, 81.065, 3.15]",PARENT_INTEGRATION_ROUTER,array_interface_VDD,array_interface_VDD,source_bbox
m2_4816,m2,"[80.995, 0.56, 81.065, 3.15]",TOP_PIN,VDD,TOP_PIN::VDD,top_pin_bbox
m2_4823,m2,"[88.925, 0.56, 88.995, 3.15]",PARENT_INTEGRATION_ROUTER,array_interface_VDD,array_interface_VDD,source_bbox
m2_4823,m2,"[88.925, 0.56, 88.995, 3.15]",TOP_PIN,VDD,TOP_PIN::VDD,top_pin_bbox
m2_4830,m2,"[96.855, 0.56, 96.925, 3.15]",PARENT_INTEGRATION_ROUTER,array_interface_VDD,array_interface_VDD,source_bbox
m2_4830,m2,"[96.855, 0.56, 96.925, 3.15]",TOP_PIN,VDD,TOP_PIN::VDD,top_pin_bbox
m2_4837,m2,"[104.785, 0.56, 104.855, 3.15]",PARENT_INTEGRATION_ROUTER,array_interface_VDD,array_interface_VDD,source_bbox
m2_4837,m2,"[104.785, 0.56, 104.855, 3.15]",TOP_PIN,VDD,TOP_PIN::VDD,top_pin_bbox
m2_486,m2,"[15.45, 0.84, 15.52, 3.4]",PARENT_INTEGRATION_ROUTER,array_interface_VDD,array_interface_VDD,source_bbox
m2_486,m2,"[15.45, 0.84, 15.52, 3.4]",TOP_PIN,VDD,TOP_PIN::VDD,top_pin_bbox
m2_494,m2,"[1.6075, 0.9975, 1.6775, 3.65]",PARENT_INTEGRATION_ROUTER,array_interface_VDD,array_interface_VDD,source_bbox
m2_494,m2,"[1.6075, 0.9975, 1.6775, 3.65]",TOP_PIN,VDD,TOP_PIN::VDD,top_pin_bbox
m2_501,m2,"[3.2775, 0.7, 3.3475, 3.65]",PARENT_INTEGRATION_ROUTER,array_interface_VDD,array_interface_VDD,source_bbox
m2_501,m2,"[3.2775, 0.7, 3.3475, 3.65]",TOP_PIN,VDD,TOP_PIN::VDD,top_pin_bbox
m2_508,m2,"[7.2425, 0.7, 7.3125, 3.65]",PARENT_INTEGRATION_ROUTER,array_interface_VDD,array_interface_VDD,source_bbox
m2_508,m2,"[7.2425, 0.7, 7.3125, 3.65]",TOP_PIN,VDD,TOP_PIN::VDD,top_pin_bbox
m2_515,m2,"[19.1375, 0.7, 19.2075, 3.65]",PARENT_INTEGRATION_ROUTER,array_interface_VDD,array_interface_VDD,source_bbox
m2_515,m2,"[19.1375, 0.7, 19.2075, 3.65]",TOP_PIN,VDD,TOP_PIN::VDD,top_pin_bbox
m2_52,m2,"[-0.4175, 5.15, -0.2825, 5.285]",TOP_DECODER_ROUTE,A2,A2,top_pin_bbox
m2_52,m2,"[-0.4175, 5.15, -0.2825, 5.285]",TOP_PIN,A2,TOP_PIN::A2,top_pin_bbox
m2_522,m2,"[23.1025, 0.7, 23.1725, 3.65]",PARENT_INTEGRATION_ROUTER,array_interface_VDD,array_interface_VDD,source_bbox
m2_522,m2,"[23.1025, 0.7, 23.1725, 3.65]",TOP_PIN,VDD,TOP_PIN::VDD,top_pin_bbox
m2_530,m2,"[2.405, 0.9975, 2.475, 3.15]",PARENT_INTEGRATION_ROUTER,array_interface_VDD,array_interface_VDD,source_bbox
m2_530,m2,"[2.405, 0.9975, 2.475, 3.15]",TOP_PIN,VDD,TOP_PIN::VDD,top_pin_bbox
m2_537,m2,"[2.995, 0.56, 3.065, 3.15]",PARENT_INTEGRATION_ROUTER,array_interface_VDD,array_interface_VDD,source_bbox
m2_537,m2,"[2.995, 0.56, 3.065, 3.15]",TOP_PIN,VDD,TOP_PIN::VDD,top_pin_bbox
m2_544,m2,"[10.925, 0.56, 10.995, 3.15]",PARENT_INTEGRATION_ROUTER,array_interface_VDD,array_interface_VDD,source_bbox
m2_544,m2,"[10.925, 0.56, 10.995, 3.15]",TOP_PIN,VDD,TOP_PIN::VDD,top_pin_bbox
m2_551,m2,"[18.855, 0.56, 18.925, 3.15]",PARENT_INTEGRATION_ROUTER,array_interface_VDD,array_interface_VDD,source_bbox
m2_551,m2,"[18.855, 0.56, 18.925, 3.15]",TOP_PIN,VDD,TOP_PIN::VDD,top_pin_bbox
m2_558,m2,"[26.785, 0.56, 26.855, 3.15]",PARENT_INTEGRATION_ROUTER,array_interface_VDD,array_interface_VDD,source_bbox
m2_558,m2,"[26.785, 0.56, 26.855, 3.15]",TOP_PIN,VDD,TOP_PIN::VDD,top_pin_bbox
m2_65,m2,"[6.6, 0.83, 6.735, 6.685]",PARENT_INTEGRATION_ROUTER,array_interface_VDD,array_interface_VDD,source_bbox
m2_65,m2,"[6.6, 0.83, 6.735, 6.685]",TOP_PIN,VDD,TOP_PIN::VDD,top_pin_bbox
m2_74,m2,"[10.565, 0.83, 10.7, 7.185]",PARENT_INTEGRATION_ROUTER,array_interface_VDD,array_interface_VDD,source_bbox
m2_74,m2,"[10.565, 0.83, 10.7, 7.185]",TOP_PIN,VDD,TOP_PIN::VDD,top_pin_bbox
m2_80,m2,"[118.495, 0.7475, 118.565, 0.8175]",PARENT_INTEGRATION_ROUTER,WL0,WL0,dest_bbox
m2_80,m2,"[118.495, 0.7475, 118.565, 0.8175]",PARENT_INTEGRATION_ROUTER,WL0,WL0,dest_m2_landing_bbox
m2_81,m2,"[118.495, 2.3125, 118.565, 2.3825]",PARENT_INTEGRATION_ROUTER,WL1,WL1,dest_bbox
m2_81,m2,"[118.495, 2.3125, 118.565, 2.3825]",PARENT_INTEGRATION_ROUTER,WL1,WL1,dest_m2_landing_bbox
m2_82,m2,"[118.495, 3.8775, 118.565, 3.9475]",PARENT_INTEGRATION_ROUTER,WL2,WL2,dest_bbox
m2_82,m2,"[118.495, 3.8775, 118.565, 3.9475]",PARENT_INTEGRATION_ROUTER,WL2,WL2,dest_m2_landing_bbox
m2_83,m2,"[118.495, 5.4425, 118.565, 5.5125]",PARENT_INTEGRATION_ROUTER,WL3,WL3,dest_bbox
m2_83,m2,"[118.495, 5.4425, 118.565, 5.5125]",PARENT_INTEGRATION_ROUTER,WL3,WL3,dest_m2_landing_bbox
m2_84,m2,"[118.495, 7.0075, 118.565, 7.0775]",PARENT_INTEGRATION_ROUTER,WL4,WL4,dest_bbox
m2_84,m2,"[118.495, 7.0075, 118.565, 7.0775]",PARENT_INTEGRATION_ROUTER,WL4,WL4,dest_m2_landing_bbox
m2_85,m2,"[118.495, 8.5725, 118.565, 8.6425]",PARENT_INTEGRATION_ROUTER,WL5,WL5,dest_bbox
m2_85,m2,"[118.495, 8.5725, 118.565, 8.6425]",PARENT_INTEGRATION_ROUTER,WL5,WL5,dest_m2_landing_bbox
m2_86,m2,"[118.495, 10.1375, 118.565, 10.2075]",PARENT_INTEGRATION_ROUTER,WL6,WL6,dest_bbox
m2_86,m2,"[118.495, 10.1375, 118.565, 10.2075]",PARENT_INTEGRATION_ROUTER,WL6,WL6,dest_m2_landing_bbox
m2_87,m2,"[118.495, 11.7025, 118.565, 11.7725]",PARENT_INTEGRATION_ROUTER,WL7,WL7,dest_bbox
m2_87,m2,"[118.495, 11.7025, 118.565, 11.7725]",PARENT_INTEGRATION_ROUTER,WL7,WL7,dest_m2_landing_bbox
m2_88,m2,"[118.495, 13.2675, 118.565, 13.3375]",PARENT_INTEGRATION_ROUTER,WL8,WL8,dest_bbox
m2_88,m2,"[118.495, 13.2675, 118.565, 13.3375]",PARENT_INTEGRATION_ROUTER,WL8,WL8,dest_m2_landing_bbox
m2_8839,m2,"[39.5725, 0.9975, 39.6425, 2.4]",PARENT_INTEGRATION_ROUTER,array_interface_VDD,array_interface_VDD,source_bbox
m2_8839,m2,"[39.5725, 0.9975, 39.6425, 2.4]",TOP_PIN,VDD,TOP_PIN::VDD,top_pin_bbox
m2_8846,m2,"[58.415, 0.84, 58.485, 2.4]",PARENT_INTEGRATION_ROUTER,array_interface_VDD,array_interface_VDD,source_bbox
m2_8846,m2,"[58.415, 0.84, 58.485, 2.4]",TOP_PIN,VDD,TOP_PIN::VDD,top_pin_bbox
m2_8853,m2,"[62.38, 0.84, 62.45, 2.4]",PARENT_INTEGRATION_ROUTER,array_interface_VDD,array_interface_VDD,source_bbox
m2_8853,m2,"[62.38, 0.84, 62.45, 2.4]",TOP_PIN,VDD,TOP_PIN::VDD,top_pin_bbox
m2_8860,m2,"[66.345, 0.84, 66.415, 2.4]",PARENT_INTEGRATION_ROUTER,array_interface_VDD,array_interface_VDD,source_bbox
m2_8860,m2,"[66.345, 0.84, 66.415, 2.4]",TOP_PIN,VDD,TOP_PIN::VDD,top_pin_bbox
m2_8867,m2,"[70.31, 0.84, 70.38, 2.4]",PARENT_INTEGRATION_ROUTER,array_interface_VDD,array_interface_VDD,source_bbox
m2_8867,m2,"[70.31, 0.84, 70.38, 2.4]",TOP_PIN,VDD,TOP_PIN::VDD,top_pin_bbox
m2_8878,m2,"[40.375, 0.9975, 40.445, 2.65]",PARENT_INTEGRATION_ROUTER,array_interface_VDD,array_interface_VDD,source_bbox
m2_8878,m2,"[40.375, 0.9975, 40.445, 2.65]",TOP_PIN,VDD,TOP_PIN::VDD,top_pin_bbox
m2_8885,m2,"[50.2075, 0.7, 50.2775, 2.65]",PARENT_INTEGRATION_ROUTER,array_interface_VDD,array_interface_VDD,source_bbox
m2_8885,m2,"[50.2075, 0.7, 50.2775, 2.65]",TOP_PIN,VDD,TOP_PIN::VDD,top_pin_bbox
m2_8892,m2,"[54.1725, 0.7, 54.2425, 2.65]",PARENT_INTEGRATION_ROUTER,array_interface_VDD,array_interface_VDD,source_bbox
m2_8892,m2,"[54.1725, 0.7, 54.2425, 2.65]",TOP_PIN,VDD,TOP_PIN::VDD,top_pin_bbox
m2_8899,m2,"[66.0675, 0.7, 66.1375, 2.65]",PARENT_INTEGRATION_ROUTER,array_interface_VDD,array_interface_VDD,source_bbox
m2_8899,m2,"[66.0675, 0.7, 66.1375, 2.65]",TOP_PIN,VDD,TOP_PIN::VDD,top_pin_bbox
m2_89,m2,"[118.495, 14.8325, 118.565, 14.9025]",PARENT_INTEGRATION_ROUTER,WL9,WL9,dest_bbox
m2_89,m2,"[118.495, 14.8325, 118.565, 14.9025]",PARENT_INTEGRATION_ROUTER,WL9,WL9,dest_m2_landing_bbox
m2_8906,m2,"[70.0325, 0.7, 70.1025, 2.65]",PARENT_INTEGRATION_ROUTER,array_interface_VDD,array_interface_VDD,source_bbox
m2_8906,m2,"[70.0325, 0.7, 70.1025, 2.65]",TOP_PIN,VDD,TOP_PIN::VDD,top_pin_bbox
m2_8917,m2,"[41.1725, 0.9975, 41.2425, 2.9]",PARENT_INTEGRATION_ROUTER,array_interface_VDD,array_interface_VDD,source_bbox
m2_8917,m2,"[41.1725, 0.9975, 41.2425, 2.9]",TOP_PIN,VDD,TOP_PIN::VDD,top_pin_bbox
m2_8924,m2,"[45.96, 0.56, 46.03, 2.9]",PARENT_INTEGRATION_ROUTER,array_interface_VDD,array_interface_VDD,source_bbox
m2_8924,m2,"[45.96, 0.56, 46.03, 2.9]",TOP_PIN,VDD,TOP_PIN::VDD,top_pin_bbox
m2_8931,m2,"[53.89, 0.56, 53.96, 2.9]",PARENT_INTEGRATION_ROUTER,array_interface_VDD,array_interface_VDD,source_bbox
m2_8931,m2,"[53.89, 0.56, 53.96, 2.9]",TOP_PIN,VDD,TOP_PIN::VDD,top_pin_bbox
m2_8938,m2,"[61.82, 0.56, 61.89, 2.9]",PARENT_INTEGRATION_ROUTER,array_interface_VDD,array_interface_VDD,source_bbox
m2_8938,m2,"[61.82, 0.56, 61.89, 2.9]",TOP_PIN,VDD,TOP_PIN::VDD,top_pin_bbox
m2_8945,m2,"[69.75, 0.56, 69.82, 2.9]",PARENT_INTEGRATION_ROUTER,array_interface_VDD,array_interface_VDD,source_bbox
m2_8945,m2,"[69.75, 0.56, 69.82, 2.9]",TOP_PIN,VDD,TOP_PIN::VDD,top_pin_bbox
m2_8956,m2,"[44.4325, 0.84, 44.5025, 2.15]",PARENT_INTEGRATION_ROUTER,array_interface_VDD,array_interface_VDD,source_bbox
m2_8956,m2,"[44.4325, 0.84, 44.5025, 2.15]",TOP_PIN,VDD,TOP_PIN::VDD,top_pin_bbox
m2_8963,m2,"[48.3975, 0.84, 48.4675, 2.15]",PARENT_INTEGRATION_ROUTER,array_interface_VDD,array_interface_VDD,source_bbox
m2_8963,m2,"[48.3975, 0.84, 48.4675, 2.15]",TOP_PIN,VDD,TOP_PIN::VDD,top_pin_bbox
m2_8970,m2,"[52.3625, 0.84, 52.4325, 2.15]",PARENT_INTEGRATION_ROUTER,array_interface_VDD,array_interface_VDD,source_bbox
m2_8970,m2,"[52.3625, 0.84, 52.4325, 2.15]",TOP_PIN,VDD,TOP_PIN::VDD,top_pin_bbox
m2_8977,m2,"[56.3275, 0.84, 56.3975, 2.15]",PARENT_INTEGRATION_ROUTER,array_interface_VDD,array_interface_VDD,source_bbox
m2_8977,m2,"[56.3275, 0.84, 56.3975, 2.15]",TOP_PIN,VDD,TOP_PIN::VDD,top_pin_bbox
m2_8984,m2,"[60.2925, 0.84, 60.3625, 2.15]",PARENT_INTEGRATION_ROUTER,array_interface_VDD,array_interface_VDD,source_bbox
m2_8984,m2,"[60.2925, 0.84, 60.3625, 2.15]",TOP_PIN,VDD,TOP_PIN::VDD,top_pin_bbox
m2_8991,m2,"[64.2575, 0.84, 64.3275, 2.15]",PARENT_INTEGRATION_ROUTER,array_interface_VDD,array_interface_VDD,source_bbox
m2_8991,m2,"[64.2575, 0.84, 64.3275, 2.15]",TOP_PIN,VDD,TOP_PIN::VDD,top_pin_bbox
m2_8998,m2,"[68.2225, 0.84, 68.2925, 2.15]",PARENT_INTEGRATION_ROUTER,array_interface_VDD,array_interface_VDD,source_bbox
m2_8998,m2,"[68.2225, 0.84, 68.2925, 2.15]",TOP_PIN,VDD,TOP_PIN::VDD,top_pin_bbox
m2_90,m2,"[118.495, 16.3975, 118.565, 16.4675]",PARENT_INTEGRATION_ROUTER,WL10,WL10,dest_bbox
m2_90,m2,"[118.495, 16.3975, 118.565, 16.4675]",PARENT_INTEGRATION_ROUTER,WL10,WL10,dest_m2_landing_bbox
m2_9005,m2,"[72.1875, 0.84, 72.2575, 2.15]",PARENT_INTEGRATION_ROUTER,array_interface_VDD,array_interface_VDD,source_bbox
m2_9005,m2,"[72.1875, 0.84, 72.2575, 2.15]",TOP_PIN,VDD,TOP_PIN::VDD,top_pin_bbox
m2_9016,m2,"[39.805, 0.9975, 39.875, 3.4]",PARENT_INTEGRATION_ROUTER,array_interface_VDD,array_interface_VDD,source_bbox
m2_9016,m2,"[39.805, 0.9975, 39.875, 3.4]",TOP_PIN,VDD,TOP_PIN::VDD,top_pin_bbox
m2_9023,m2,"[42.555, 0.84, 42.625, 3.4]",PARENT_INTEGRATION_ROUTER,array_interface_VDD,array_interface_VDD,source_bbox
m2_9023,m2,"[42.555, 0.84, 42.625, 3.4]",TOP_PIN,VDD,TOP_PIN::VDD,top_pin_bbox
m2_9030,m2,"[46.52, 0.84, 46.59, 3.4]",PARENT_INTEGRATION_ROUTER,array_interface_VDD,array_interface_VDD,source_bbox
m2_9030,m2,"[46.52, 0.84, 46.59, 3.4]",TOP_PIN,VDD,TOP_PIN::VDD,top_pin_bbox
m2_9037,m2,"[50.485, 0.84, 50.555, 3.4]",PARENT_INTEGRATION_ROUTER,array_interface_VDD,array_interface_VDD,source_bbox
m2_9037,m2,"[50.485, 0.84, 50.555, 3.4]",TOP_PIN,VDD,TOP_PIN::VDD,top_pin_bbox
m2_9044,m2,"[54.45, 0.84, 54.52, 3.4]",PARENT_INTEGRATION_ROUTER,array_interface_VDD,array_interface_VDD,source_bbox
m2_9044,m2,"[54.45, 0.84, 54.52, 3.4]",TOP_PIN,VDD,TOP_PIN::VDD,top_pin_bbox
m2_9052,m2,"[40.6075, 0.9975, 40.6775, 3.65]",PARENT_INTEGRATION_ROUTER,array_interface_VDD,array_interface_VDD,source_bbox
m2_9052,m2,"[40.6075, 0.9975, 40.6775, 3.65]",TOP_PIN,VDD,TOP_PIN::VDD,top_pin_bbox
m2_9059,m2,"[42.2775, 0.7, 42.3475, 3.65]",PARENT_INTEGRATION_ROUTER,array_interface_VDD,array_interface_VDD,source_bbox
m2_9059,m2,"[42.2775, 0.7, 42.3475, 3.65]",TOP_PIN,VDD,TOP_PIN::VDD,top_pin_bbox
m2_9066,m2,"[46.2425, 0.7, 46.3125, 3.65]",PARENT_INTEGRATION_ROUTER,array_interface_VDD,array_interface_VDD,source_bbox
m2_9066,m2,"[46.2425, 0.7, 46.3125, 3.65]",TOP_PIN,VDD,TOP_PIN::VDD,top_pin_bbox
m2_9073,m2,"[58.1375, 0.7, 58.2075, 3.65]",PARENT_INTEGRATION_ROUTER,array_interface_VDD,array_interface_VDD,source_bbox
m2_9073,m2,"[58.1375, 0.7, 58.2075, 3.65]",TOP_PIN,VDD,TOP_PIN::VDD,top_pin_bbox
m2_9080,m2,"[62.1025, 0.7, 62.1725, 3.65]",PARENT_INTEGRATION_ROUTER,array_interface_VDD,array_interface_VDD,source_bbox
m2_9080,m2,"[62.1025, 0.7, 62.1725, 3.65]",TOP_PIN,VDD,TOP_PIN::VDD,top_pin_bbox
m2_9088,m2,"[41.405, 0.9975, 41.475, 3.15]",PARENT_INTEGRATION_ROUTER,array_interface_VDD,array_interface_VDD,source_bbox
m2_9088,m2,"[41.405, 0.9975, 41.475, 3.15]",TOP_PIN,VDD,TOP_PIN::VDD,top_pin_bbox
m2_9095,m2,"[41.995, 0.56, 42.065, 3.15]",PARENT_INTEGRATION_ROUTER,array_interface_VDD,array_interface_VDD,source_bbox
m2_9095,m2,"[41.995, 0.56, 42.065, 3.15]",TOP_PIN,VDD,TOP_PIN::VDD,top_pin_bbox
m2_91,m2,"[118.495, 17.9625, 118.565, 18.0325]",PARENT_INTEGRATION_ROUTER,WL11,WL11,dest_bbox
m2_91,m2,"[118.495, 17.9625, 118.565, 18.0325]",PARENT_INTEGRATION_ROUTER,WL11,WL11,dest_m2_landing_bbox
m2_9102,m2,"[49.925, 0.56, 49.995, 3.15]",PARENT_INTEGRATION_ROUTER,array_interface_VDD,array_interface_VDD,source_bbox
m2_9102,m2,"[49.925, 0.56, 49.995, 3.15]",TOP_PIN,VDD,TOP_PIN::VDD,top_pin_bbox
m2_9109,m2,"[57.855, 0.56, 57.925, 3.15]",PARENT_INTEGRATION_ROUTER,array_interface_VDD,array_interface_VDD,source_bbox
m2_9109,m2,"[57.855, 0.56, 57.925, 3.15]",TOP_PIN,VDD,TOP_PIN::VDD,top_pin_bbox
m2_9116,m2,"[65.785, 0.56, 65.855, 3.15]",PARENT_INTEGRATION_ROUTER,array_interface_VDD,array_interface_VDD,source_bbox
m2_9116,m2,"[65.785, 0.56, 65.855, 3.15]",TOP_PIN,VDD,TOP_PIN::VDD,top_pin_bbox
m2_92,m2,"[118.495, 19.5275, 118.565, 19.5975]",PARENT_INTEGRATION_ROUTER,WL12,WL12,dest_bbox
m2_92,m2,"[118.495, 19.5275, 118.565, 19.5975]",PARENT_INTEGRATION_ROUTER,WL12,WL12,dest_m2_landing_bbox
m2_93,m2,"[118.495, 21.0925, 118.565, 21.1625]",PARENT_INTEGRATION_ROUTER,WL13,WL13,dest_bbox
m2_93,m2,"[118.495, 21.0925, 118.565, 21.1625]",PARENT_INTEGRATION_ROUTER,WL13,WL13,dest_m2_landing_bbox
m2_94,m2,"[118.495, 22.6575, 118.565, 22.7275]",PARENT_INTEGRATION_ROUTER,WL14,WL14,dest_bbox
m2_94,m2,"[118.495, 22.6575, 118.565, 22.7275]",PARENT_INTEGRATION_ROUTER,WL14,WL14,dest_m2_landing_bbox
m2_95,m2,"[118.495, 24.2225, 118.565, 24.2925]",PARENT_INTEGRATION_ROUTER,WL15,WL15,dest_bbox
m2_95,m2,"[118.495, 24.2225, 118.565, 24.2925]",PARENT_INTEGRATION_ROUTER,WL15,WL15,dest_m2_landing_bbox
m3_107,m3,"[45.32, 7.3925, 123.3975, 7.5275]",PARENT_INTEGRATION_ROUTER,WL0,WL0,m3_trunk_bbox
m3_118,m3,"[49.285, 8.0925, 123.1175, 8.2275]",PARENT_INTEGRATION_ROUTER,WL1,WL1,m3_trunk_bbox
m3_129,m3,"[53.25, 8.7925, 122.8375, 8.9275]",PARENT_INTEGRATION_ROUTER,WL2,WL2,m3_trunk_bbox
m3_140,m3,"[57.215, 9.4925, 122.5575, 9.6275]",PARENT_INTEGRATION_ROUTER,WL3,WL3,m3_trunk_bbox
m3_151,m3,"[61.18, 10.1925, 122.2775, 10.3275]",PARENT_INTEGRATION_ROUTER,WL4,WL4,m3_trunk_bbox
m3_151,m3,"[61.18, 10.1925, 122.2775, 10.3275]",PARENT_INTEGRATION_ROUTER,WL6,WL6,dest_bbox
m3_162,m3,"[65.1475, 10.8925, 121.9975, 11.0275]",PARENT_INTEGRATION_ROUTER,WL5,WL5,m3_trunk_bbox
m3_173,m3,"[69.11, 11.5925, 121.7175, 11.7275]",PARENT_INTEGRATION_ROUTER,WL6,WL6,m3_trunk_bbox
m3_173,m3,"[69.11, 11.5925, 121.7175, 11.7275]",PARENT_INTEGRATION_ROUTER,WL7,WL7,dest_bbox
m3_184,m3,"[73.075, 12.2925, 121.4375, 12.4275]",PARENT_INTEGRATION_ROUTER,WL7,WL7,m3_trunk_bbox
m3_195,m3,"[84.32, 12.9925, 121.1575, 13.1275]",PARENT_INTEGRATION_ROUTER,WL8,WL8,m3_trunk_bbox
m3_206,m3,"[88.285, 13.6925, 120.8775, 13.8275]",PARENT_INTEGRATION_ROUTER,WL9,WL9,m3_trunk_bbox
m3_217,m3,"[92.25, 14.3925, 120.5975, 14.5275]",PARENT_INTEGRATION_ROUTER,WL10,WL10,m3_trunk_bbox
m3_22,m3,"[-0.4175, 6.05, 0.135, 6.185]",TOP_DECODER_ROUTE,A3,A3,top_pin_bbox
m3_22,m3,"[-0.4175, 6.05, 0.135, 6.185]",TOP_PIN,A3,TOP_PIN::A3,top_pin_bbox
m3_228,m3,"[96.215, 15.0925, 120.3175, 15.2275]",PARENT_INTEGRATION_ROUTER,WL11,WL11,m3_trunk_bbox
m3_239,m3,"[100.18, 15.7925, 120.0375, 15.9275]",PARENT_INTEGRATION_ROUTER,WL12,WL12,m3_trunk_bbox
m3_250,m3,"[104.145, 16.4925, 119.7575, 16.6275]",PARENT_INTEGRATION_ROUTER,WL13,WL13,m3_trunk_bbox
m3_261,m3,"[108.11, 17.1925, 119.4775, 17.3275]",PARENT_INTEGRATION_ROUTER,WL14,WL14,m3_trunk_bbox
m3_272,m3,"[112.075, 17.8925, 119.1975, 18.0275]",PARENT_INTEGRATION_ROUTER,WL11,WL11,dest_bbox
m3_272,m3,"[112.075, 17.8925, 119.1975, 18.0275]",PARENT_INTEGRATION_ROUTER,WL15,WL15,m3_trunk_bbox
m3_29,m3,"[-0.4175, 4.15, 77.715, 4.285]",TOP_DECODER_ROUTE,A0,A0,top_pin_bbox
m3_29,m3,"[-0.4175, 4.15, 77.715, 4.285]",TOP_PIN,A0,TOP_PIN::A0,top_pin_bbox
m3_40,m3,"[-0.4175, 4.65, 77.365, 4.785]",TOP_DECODER_ROUTE,A1,A1,top_pin_bbox
m3_40,m3,"[-0.4175, 4.65, 77.365, 4.785]",TOP_PIN,A1,TOP_PIN::A1,top_pin_bbox
m3_51,m3,"[-0.4175, 5.15, 77.015, 5.285]",TOP_DECODER_ROUTE,A2,A2,top_pin_bbox
m3_51,m3,"[-0.4175, 5.15, 77.015, 5.285]",TOP_PIN,A2,TOP_PIN::A2,top_pin_bbox
via1_102,via1,"[123.2975, 0.75, 123.3625, 0.815]",PARENT_INTEGRATION_ROUTER,WL0,WL0,dest_branch_via1_bbox
via1_103,via1,"[118.4975, 0.75, 118.5625, 0.815]",PARENT_INTEGRATION_ROUTER,WL0,WL0,dest_bbox
via1_103,via1,"[118.4975, 0.75, 118.5625, 0.815]",PARENT_INTEGRATION_ROUTER,WL0,WL0,dest_pin_via1_bbox
via1_110,via1,"[49.32, 0.865, 49.385, 0.93]",PARENT_INTEGRATION_ROUTER,WL1,WL1,source_bbox
via1_110,via1,"[49.32, 0.865, 49.385, 0.93]",PARENT_INTEGRATION_ROUTER,WL1,WL1,source_via1_bbox
via1_113,via1,"[123.0175, 2.315, 123.0825, 2.38]",PARENT_INTEGRATION_ROUTER,WL1,WL1,dest_branch_via1_bbox
via1_114,via1,"[118.4975, 2.315, 118.5625, 2.38]",PARENT_INTEGRATION_ROUTER,WL1,WL1,dest_bbox
via1_114,via1,"[118.4975, 2.315, 118.5625, 2.38]",PARENT_INTEGRATION_ROUTER,WL1,WL1,dest_pin_via1_bbox
via1_121,via1,"[53.285, 0.865, 53.35, 0.93]",PARENT_INTEGRATION_ROUTER,WL2,WL2,source_bbox
via1_121,via1,"[53.285, 0.865, 53.35, 0.93]",PARENT_INTEGRATION_ROUTER,WL2,WL2,source_via1_bbox
via1_124,via1,"[122.7375, 3.88, 122.8025, 3.945]",PARENT_INTEGRATION_ROUTER,WL2,WL2,dest_branch_via1_bbox
via1_125,via1,"[118.4975, 3.88, 118.5625, 3.945]",PARENT_INTEGRATION_ROUTER,WL2,WL2,dest_bbox
via1_125,via1,"[118.4975, 3.88, 118.5625, 3.945]",PARENT_INTEGRATION_ROUTER,WL2,WL2,dest_pin_via1_bbox
via1_132,via1,"[57.25, 0.865, 57.315, 0.93]",PARENT_INTEGRATION_ROUTER,WL3,WL3,source_bbox
via1_132,via1,"[57.25, 0.865, 57.315, 0.93]",PARENT_INTEGRATION_ROUTER,WL3,WL3,source_via1_bbox
via1_135,via1,"[122.4575, 5.445, 122.5225, 5.51]",PARENT_INTEGRATION_ROUTER,WL3,WL3,dest_branch_via1_bbox
via1_136,via1,"[118.4975, 5.445, 118.5625, 5.51]",PARENT_INTEGRATION_ROUTER,WL3,WL3,dest_bbox
via1_136,via1,"[118.4975, 5.445, 118.5625, 5.51]",PARENT_INTEGRATION_ROUTER,WL3,WL3,dest_pin_via1_bbox
via1_143,via1,"[61.215, 0.865, 61.28, 0.93]",PARENT_INTEGRATION_ROUTER,WL4,WL4,source_bbox
via1_143,via1,"[61.215, 0.865, 61.28, 0.93]",PARENT_INTEGRATION_ROUTER,WL4,WL4,source_via1_bbox
via1_146,via1,"[122.1775, 7.01, 122.2425, 7.075]",PARENT_INTEGRATION_ROUTER,WL4,WL4,dest_branch_via1_bbox
via1_147,via1,"[118.4975, 7.01, 118.5625, 7.075]",PARENT_INTEGRATION_ROUTER,WL4,WL4,dest_bbox
via1_147,via1,"[118.4975, 7.01, 118.5625, 7.075]",PARENT_INTEGRATION_ROUTER,WL4,WL4,dest_pin_via1_bbox
via1_154,via1,"[65.18, 0.865, 65.245, 0.93]",PARENT_INTEGRATION_ROUTER,WL5,WL5,source_bbox
via1_154,via1,"[65.18, 0.865, 65.245, 0.93]",PARENT_INTEGRATION_ROUTER,WL5,WL5,source_via1_bbox
via1_157,via1,"[121.8975, 8.575, 121.9625, 8.64]",PARENT_INTEGRATION_ROUTER,WL5,WL5,dest_branch_via1_bbox
via1_158,via1,"[118.4975, 8.575, 118.5625, 8.64]",PARENT_INTEGRATION_ROUTER,WL5,WL5,dest_bbox
via1_158,via1,"[118.4975, 8.575, 118.5625, 8.64]",PARENT_INTEGRATION_ROUTER,WL5,WL5,dest_pin_via1_bbox
via1_165,via1,"[69.145, 0.865, 69.21, 0.93]",PARENT_INTEGRATION_ROUTER,WL6,WL6,source_bbox
via1_165,via1,"[69.145, 0.865, 69.21, 0.93]",PARENT_INTEGRATION_ROUTER,WL6,WL6,source_via1_bbox
via1_168,via1,"[121.6175, 10.14, 121.6825, 10.205]",PARENT_INTEGRATION_ROUTER,WL6,WL6,dest_branch_via1_bbox
via1_169,via1,"[118.4975, 10.14, 118.5625, 10.205]",PARENT_INTEGRATION_ROUTER,WL6,WL6,dest_bbox
via1_169,via1,"[118.4975, 10.14, 118.5625, 10.205]",PARENT_INTEGRATION_ROUTER,WL6,WL6,dest_pin_via1_bbox
via1_176,via1,"[73.11, 0.865, 73.175, 0.93]",PARENT_INTEGRATION_ROUTER,WL7,WL7,source_bbox
via1_176,via1,"[73.11, 0.865, 73.175, 0.93]",PARENT_INTEGRATION_ROUTER,WL7,WL7,source_via1_bbox
via1_179,via1,"[121.3375, 11.705, 121.4025, 11.77]",PARENT_INTEGRATION_ROUTER,WL7,WL7,dest_branch_via1_bbox
via1_180,via1,"[118.4975, 11.705, 118.5625, 11.77]",PARENT_INTEGRATION_ROUTER,WL7,WL7,dest_bbox
via1_180,via1,"[118.4975, 11.705, 118.5625, 11.77]",PARENT_INTEGRATION_ROUTER,WL7,WL7,dest_pin_via1_bbox
via1_187,via1,"[84.355, 0.865, 84.42, 0.93]",PARENT_INTEGRATION_ROUTER,WL8,WL8,source_bbox
via1_187,via1,"[84.355, 0.865, 84.42, 0.93]",PARENT_INTEGRATION_ROUTER,WL8,WL8,source_via1_bbox
via1_190,via1,"[121.0575, 13.27, 121.1225, 13.335]",PARENT_INTEGRATION_ROUTER,WL8,WL8,dest_branch_via1_bbox
via1_191,via1,"[118.4975, 13.27, 118.5625, 13.335]",PARENT_INTEGRATION_ROUTER,WL8,WL8,dest_bbox
via1_191,via1,"[118.4975, 13.27, 118.5625, 13.335]",PARENT_INTEGRATION_ROUTER,WL8,WL8,dest_pin_via1_bbox
via1_198,via1,"[88.32, 0.865, 88.385, 0.93]",PARENT_INTEGRATION_ROUTER,WL9,WL9,source_bbox
via1_198,via1,"[88.32, 0.865, 88.385, 0.93]",PARENT_INTEGRATION_ROUTER,WL9,WL9,source_via1_bbox
via1_201,via1,"[120.7775, 14.835, 120.8425, 14.9]",PARENT_INTEGRATION_ROUTER,WL9,WL9,dest_branch_via1_bbox
via1_202,via1,"[118.4975, 14.835, 118.5625, 14.9]",PARENT_INTEGRATION_ROUTER,WL9,WL9,dest_bbox
via1_202,via1,"[118.4975, 14.835, 118.5625, 14.9]",PARENT_INTEGRATION_ROUTER,WL9,WL9,dest_pin_via1_bbox
via1_209,via1,"[92.285, 0.865, 92.35, 0.93]",PARENT_INTEGRATION_ROUTER,WL10,WL10,source_bbox
via1_209,via1,"[92.285, 0.865, 92.35, 0.93]",PARENT_INTEGRATION_ROUTER,WL10,WL10,source_via1_bbox
via1_212,via1,"[120.4975, 16.4, 120.5625, 16.465]",PARENT_INTEGRATION_ROUTER,WL10,WL10,dest_branch_via1_bbox
via1_213,via1,"[118.4975, 16.4, 118.5625, 16.465]",PARENT_INTEGRATION_ROUTER,WL10,WL10,dest_bbox
via1_213,via1,"[118.4975, 16.4, 118.5625, 16.465]",PARENT_INTEGRATION_ROUTER,WL10,WL10,dest_pin_via1_bbox
via1_220,via1,"[96.25, 0.865, 96.315, 0.93]",PARENT_INTEGRATION_ROUTER,WL11,WL11,source_bbox
via1_220,via1,"[96.25, 0.865, 96.315, 0.93]",PARENT_INTEGRATION_ROUTER,WL11,WL11,source_via1_bbox
via1_223,via1,"[120.2175, 17.965, 120.2825, 18.03]",PARENT_INTEGRATION_ROUTER,WL11,WL11,dest_branch_via1_bbox
via1_224,via1,"[118.4975, 17.965, 118.5625, 18.03]",PARENT_INTEGRATION_ROUTER,WL11,WL11,dest_bbox
via1_224,via1,"[118.4975, 17.965, 118.5625, 18.03]",PARENT_INTEGRATION_ROUTER,WL11,WL11,dest_pin_via1_bbox
via1_231,via1,"[100.215, 0.865, 100.28, 0.93]",PARENT_INTEGRATION_ROUTER,WL12,WL12,source_bbox
via1_231,via1,"[100.215, 0.865, 100.28, 0.93]",PARENT_INTEGRATION_ROUTER,WL12,WL12,source_via1_bbox
via1_234,via1,"[119.9375, 19.53, 120.0025, 19.595]",PARENT_INTEGRATION_ROUTER,WL12,WL12,dest_branch_via1_bbox
via1_235,via1,"[118.4975, 19.53, 118.5625, 19.595]",PARENT_INTEGRATION_ROUTER,WL12,WL12,dest_bbox
via1_235,via1,"[118.4975, 19.53, 118.5625, 19.595]",PARENT_INTEGRATION_ROUTER,WL12,WL12,dest_pin_via1_bbox
via1_242,via1,"[104.18, 0.865, 104.245, 0.93]",PARENT_INTEGRATION_ROUTER,WL13,WL13,source_bbox
via1_242,via1,"[104.18, 0.865, 104.245, 0.93]",PARENT_INTEGRATION_ROUTER,WL13,WL13,source_via1_bbox
via1_245,via1,"[119.6575, 21.095, 119.7225, 21.16]",PARENT_INTEGRATION_ROUTER,WL13,WL13,dest_branch_via1_bbox
via1_246,via1,"[118.4975, 21.095, 118.5625, 21.16]",PARENT_INTEGRATION_ROUTER,WL13,WL13,dest_bbox
via1_246,via1,"[118.4975, 21.095, 118.5625, 21.16]",PARENT_INTEGRATION_ROUTER,WL13,WL13,dest_pin_via1_bbox
via1_253,via1,"[108.145, 0.865, 108.21, 0.93]",PARENT_INTEGRATION_ROUTER,WL14,WL14,source_bbox
via1_253,via1,"[108.145, 0.865, 108.21, 0.93]",PARENT_INTEGRATION_ROUTER,WL14,WL14,source_via1_bbox
via1_256,via1,"[119.3775, 22.66, 119.4425, 22.725]",PARENT_INTEGRATION_ROUTER,WL14,WL14,dest_branch_via1_bbox
via1_257,via1,"[118.4975, 22.66, 118.5625, 22.725]",PARENT_INTEGRATION_ROUTER,WL14,WL14,dest_bbox
via1_257,via1,"[118.4975, 22.66, 118.5625, 22.725]",PARENT_INTEGRATION_ROUTER,WL14,WL14,dest_pin_via1_bbox
via1_264,via1,"[112.11, 0.865, 112.175, 0.93]",PARENT_INTEGRATION_ROUTER,WL15,WL15,source_bbox
via1_264,via1,"[112.11, 0.865, 112.175, 0.93]",PARENT_INTEGRATION_ROUTER,WL15,WL15,source_via1_bbox
via1_267,via1,"[119.0975, 24.225, 119.1625, 24.29]",PARENT_INTEGRATION_ROUTER,WL15,WL15,dest_branch_via1_bbox
via1_268,via1,"[118.4975, 24.225, 118.5625, 24.29]",PARENT_INTEGRATION_ROUTER,WL15,WL15,dest_bbox
via1_268,via1,"[118.4975, 24.225, 118.5625, 24.29]",PARENT_INTEGRATION_ROUTER,WL15,WL15,dest_pin_via1_bbox
via1_99,via1,"[45.355, 0.865, 45.42, 0.93]",PARENT_INTEGRATION_ROUTER,WL0,WL0,source_bbox
via1_99,via1,"[45.355, 0.865, 45.42, 0.93]",PARENT_INTEGRATION_ROUTER,WL0,WL0,source_via1_bbox
via2_100,via2,"[45.355, 7.4275, 45.42, 7.4925]",PARENT_INTEGRATION_ROUTER,WL0,WL0,source_via2_bbox
via2_101,via2,"[123.2975, 7.4275, 123.3625, 7.4925]",PARENT_INTEGRATION_ROUTER,WL0,WL0,dest_top_via2_bbox
via2_111,via2,"[49.32, 8.1275, 49.385, 8.1925]",PARENT_INTEGRATION_ROUTER,WL1,WL1,source_via2_bbox
via2_112,via2,"[123.0175, 8.1275, 123.0825, 8.1925]",PARENT_INTEGRATION_ROUTER,WL1,WL1,dest_top_via2_bbox
via2_122,via2,"[53.285, 8.8275, 53.35, 8.8925]",PARENT_INTEGRATION_ROUTER,WL2,WL2,source_via2_bbox
via2_123,via2,"[122.7375, 8.8275, 122.8025, 8.8925]",PARENT_INTEGRATION_ROUTER,WL2,WL2,dest_top_via2_bbox
via2_133,via2,"[57.25, 9.5275, 57.315, 9.5925]",PARENT_INTEGRATION_ROUTER,WL3,WL3,source_via2_bbox
via2_134,via2,"[122.4575, 9.5275, 122.5225, 9.5925]",PARENT_INTEGRATION_ROUTER,WL3,WL3,dest_top_via2_bbox
via2_144,via2,"[61.215, 10.2275, 61.28, 10.2925]",PARENT_INTEGRATION_ROUTER,WL4,WL4,source_via2_bbox
via2_145,via2,"[122.1775, 10.2275, 122.2425, 10.2925]",PARENT_INTEGRATION_ROUTER,WL4,WL4,dest_top_via2_bbox
via2_155,via2,"[65.18, 10.9275, 65.245, 10.9925]",PARENT_INTEGRATION_ROUTER,WL5,WL5,source_via2_bbox
via2_156,via2,"[121.8975, 10.9275, 121.9625, 10.9925]",PARENT_INTEGRATION_ROUTER,WL5,WL5,dest_top_via2_bbox
via2_166,via2,"[69.145, 11.6275, 69.21, 11.6925]",PARENT_INTEGRATION_ROUTER,WL6,WL6,source_via2_bbox
via2_167,via2,"[121.6175, 11.6275, 121.6825, 11.6925]",PARENT_INTEGRATION_ROUTER,WL6,WL6,dest_top_via2_bbox
via2_177,via2,"[73.11, 12.3275, 73.175, 12.3925]",PARENT_INTEGRATION_ROUTER,WL7,WL7,source_via2_bbox
via2_178,via2,"[121.3375, 12.3275, 121.4025, 12.3925]",PARENT_INTEGRATION_ROUTER,WL7,WL7,dest_top_via2_bbox
via2_188,via2,"[84.355, 13.0275, 84.42, 13.0925]",PARENT_INTEGRATION_ROUTER,WL8,WL8,source_via2_bbox
via2_189,via2,"[121.0575, 13.0275, 121.1225, 13.0925]",PARENT_INTEGRATION_ROUTER,WL8,WL8,dest_top_via2_bbox
via2_199,via2,"[88.32, 13.7275, 88.385, 13.7925]",PARENT_INTEGRATION_ROUTER,WL9,WL9,source_via2_bbox
via2_200,via2,"[120.7775, 13.7275, 120.8425, 13.7925]",PARENT_INTEGRATION_ROUTER,WL9,WL9,dest_top_via2_bbox
via2_210,via2,"[92.285, 14.4275, 92.35, 14.4925]",PARENT_INTEGRATION_ROUTER,WL10,WL10,source_via2_bbox
via2_211,via2,"[120.4975, 14.4275, 120.5625, 14.4925]",PARENT_INTEGRATION_ROUTER,WL10,WL10,dest_top_via2_bbox
via2_221,via2,"[96.25, 15.1275, 96.315, 15.1925]",PARENT_INTEGRATION_ROUTER,WL11,WL11,source_via2_bbox
via2_222,via2,"[120.2175, 15.1275, 120.2825, 15.1925]",PARENT_INTEGRATION_ROUTER,WL11,WL11,dest_top_via2_bbox
via2_232,via2,"[100.215, 15.8275, 100.28, 15.8925]",PARENT_INTEGRATION_ROUTER,WL12,WL12,source_via2_bbox
via2_233,via2,"[119.9375, 15.8275, 120.0025, 15.8925]",PARENT_INTEGRATION_ROUTER,WL12,WL12,dest_top_via2_bbox
via2_24,via2,"[-0.3825, 6.085, -0.3175, 6.15]",TOP_DECODER_ROUTE,A3,A3,top_pin_bbox
via2_24,via2,"[-0.3825, 6.085, -0.3175, 6.15]",TOP_PIN,A3,TOP_PIN::A3,top_pin_bbox
via2_243,via2,"[104.18, 16.5275, 104.245, 16.5925]",PARENT_INTEGRATION_ROUTER,WL13,WL13,source_via2_bbox
via2_244,via2,"[119.6575, 16.5275, 119.7225, 16.5925]",PARENT_INTEGRATION_ROUTER,WL13,WL13,dest_top_via2_bbox
via2_254,via2,"[108.145, 17.2275, 108.21, 17.2925]",PARENT_INTEGRATION_ROUTER,WL14,WL14,source_via2_bbox
via2_255,via2,"[119.3775, 17.2275, 119.4425, 17.2925]",PARENT_INTEGRATION_ROUTER,WL14,WL14,dest_top_via2_bbox
via2_265,via2,"[112.11, 17.9275, 112.175, 17.9925]",PARENT_INTEGRATION_ROUTER,WL15,WL15,source_via2_bbox
via2_266,via2,"[119.0975, 17.9275, 119.1625, 17.9925]",PARENT_INTEGRATION_ROUTER,WL15,WL15,dest_top_via2_bbox
via2_31,via2,"[-0.3825, 4.185, -0.3175, 4.25]",TOP_DECODER_ROUTE,A0,A0,top_pin_bbox
via2_31,via2,"[-0.3825, 4.185, -0.3175, 4.25]",TOP_PIN,A0,TOP_PIN::A0,top_pin_bbox
via2_42,via2,"[-0.3825, 4.685, -0.3175, 4.75]",TOP_DECODER_ROUTE,A1,A1,top_pin_bbox
via2_42,via2,"[-0.3825, 4.685, -0.3175, 4.75]",TOP_PIN,A1,TOP_PIN::A1,top_pin_bbox
via2_53,via2,"[-0.3825, 5.185, -0.3175, 5.25]",TOP_DECODER_ROUTE,A2,A2,top_pin_bbox
via2_53,via2,"[-0.3825, 5.185, -0.3175, 5.25]",TOP_PIN,A2,TOP_PIN::A2,top_pin_bbox
