left_gate,left_orientation,right_gate,right_orientation,gap,placement_axis,pair_key
AND2,MX,AND2,MX,0.0,horizontal,AND2|MX|AND2|MX|0.0|horizontal
AND2,MX,AND2,MX,0.0025,horizontal,AND2|MX|AND2|MX|0.0025|horizontal
AND2,MX,AND2,MX,0.07,horizontal,AND2|MX|AND2|MX|0.07|horizontal
AND2,MX,AND2,MX,0.14,horizontal,AND2|MX|AND2|MX|0.14|horizontal
AND2,MX,AND2,MY,0.0,horizontal,AND2|MX|AND2|MY|0.0|horizontal
AND2,MX,AND2,MY,0.0025,horizontal,AND2|MX|AND2|MY|0.0025|horizontal
AND2,MX,AND2,MY,0.07,horizontal,AND2|MX|AND2|MY|0.07|horizontal
AND2,MX,AND2,MY,0.14,horizontal,AND2|MX|AND2|MY|0.14|horizontal
AND2,MX,AND2,R0,0.0,horizontal,AND2|MX|AND2|R0|0.0|horizontal
AND2,MX,AND2,R0,0.0025,horizontal,AND2|MX|AND2|R0|0.0025|horizontal
AND2,MX,AND2,R0,0.07,horizontal,AND2|MX|AND2|R0|0.07|horizontal
AND2,MX,AND2,R0,0.14,horizontal,AND2|MX|AND2|R0|0.14|horizontal
AND2,MX,AND2,R180,0.0,horizontal,AND2|MX|AND2|R180|0.0|horizontal
AND2,MX,AND2,R180,0.0025,horizontal,AND2|MX|AND2|R180|0.0025|horizontal
AND2,MX,AND2,R180,0.07,horizontal,AND2|MX|AND2|R180|0.07|horizontal
AND2,MX,AND2,R180,0.14,horizontal,AND2|MX|AND2|R180|0.14|horizontal
AND2,MX,AND3,MX,0.0,horizontal,AND2|MX|AND3|MX|0.0|horizontal
AND2,MX,AND3,MX,0.0025,horizontal,AND2|MX|AND3|MX|0.0025|horizontal
AND2,MX,AND3,MX,0.07,horizontal,AND2|MX|AND3|MX|0.07|horizontal
AND2,MX,AND3,MX,0.14,horizontal,AND2|MX|AND3|MX|0.14|horizontal
AND2,MX,AND3,MY,0.0,horizontal,AND2|MX|AND3|MY|0.0|horizontal
AND2,MX,AND3,MY,0.0025,horizontal,AND2|MX|AND3|MY|0.0025|horizontal
AND2,MX,AND3,MY,0.07,horizontal,AND2|MX|AND3|MY|0.07|horizontal
AND2,MX,AND3,MY,0.14,horizontal,AND2|MX|AND3|MY|0.14|horizontal
AND2,MX,AND3,R0,0.0,horizontal,AND2|MX|AND3|R0|0.0|horizontal
AND2,MX,AND3,R0,0.0025,horizontal,AND2|MX|AND3|R0|0.0025|horizontal
AND2,MX,AND3,R0,0.07,horizontal,AND2|MX|AND3|R0|0.07|horizontal
AND2,MX,AND3,R0,0.14,horizontal,AND2|MX|AND3|R0|0.14|horizontal
AND2,MX,AND3,R180,0.0,horizontal,AND2|MX|AND3|R180|0.0|horizontal
AND2,MX,AND3,R180,0.0025,horizontal,AND2|MX|AND3|R180|0.0025|horizontal
AND2,MX,AND3,R180,0.07,horizontal,AND2|MX|AND3|R180|0.07|horizontal
AND2,MX,AND3,R180,0.14,horizontal,AND2|MX|AND3|R180|0.14|horizontal
AND2,MX,PINV,MX,0.0,horizontal,AND2|MX|PINV|MX|0.0|horizontal
AND2,MX,PINV,MX,0.0025,horizontal,AND2|MX|PINV|MX|0.0025|horizontal
AND2,MX,PINV,MX,0.07,horizontal,AND2|MX|PINV|MX|0.07|horizontal
AND2,MX,PINV,MX,0.14,horizontal,AND2|MX|PINV|MX|0.14|horizontal
AND2,MX,PINV,MY,0.0,horizontal,AND2|MX|PINV|MY|0.0|horizontal
AND2,MX,PINV,MY,0.0025,horizontal,AND2|MX|PINV|MY|0.0025|horizontal
AND2,MX,PINV,MY,0.07,horizontal,AND2|MX|PINV|MY|0.07|horizontal
AND2,MX,PINV,MY,0.14,horizontal,AND2|MX|PINV|MY|0.14|horizontal
AND2,MX,PINV,R0,0.0,horizontal,AND2|MX|PINV|R0|0.0|horizontal
AND2,MX,PINV,R0,0.0025,horizontal,AND2|MX|PINV|R0|0.0025|horizontal
AND2,MX,PINV,R0,0.07,horizontal,AND2|MX|PINV|R0|0.07|horizontal
AND2,MX,PINV,R0,0.14,horizontal,AND2|MX|PINV|R0|0.14|horizontal
AND2,MX,PINV,R180,0.0,horizontal,AND2|MX|PINV|R180|0.0|horizontal
AND2,MX,PINV,R180,0.0025,horizontal,AND2|MX|PINV|R180|0.0025|horizontal
AND2,MX,PINV,R180,0.07,horizontal,AND2|MX|PINV|R180|0.07|horizontal
AND2,MX,PINV,R180,0.14,horizontal,AND2|MX|PINV|R180|0.14|horizontal
AND2,MX,PNAND2,MX,0.0,horizontal,AND2|MX|PNAND2|MX|0.0|horizontal
AND2,MX,PNAND2,MX,0.0025,horizontal,AND2|MX|PNAND2|MX|0.0025|horizontal
AND2,MX,PNAND2,MX,0.07,horizontal,AND2|MX|PNAND2|MX|0.07|horizontal
AND2,MX,PNAND2,MX,0.14,horizontal,AND2|MX|PNAND2|MX|0.14|horizontal
AND2,MX,PNAND2,MY,0.0,horizontal,AND2|MX|PNAND2|MY|0.0|horizontal
AND2,MX,PNAND2,MY,0.0025,horizontal,AND2|MX|PNAND2|MY|0.0025|horizontal
AND2,MX,PNAND2,MY,0.07,horizontal,AND2|MX|PNAND2|MY|0.07|horizontal
AND2,MX,PNAND2,MY,0.14,horizontal,AND2|MX|PNAND2|MY|0.14|horizontal
AND2,MX,PNAND2,R0,0.0,horizontal,AND2|MX|PNAND2|R0|0.0|horizontal
AND2,MX,PNAND2,R0,0.0025,horizontal,AND2|MX|PNAND2|R0|0.0025|horizontal
AND2,MX,PNAND2,R0,0.07,horizontal,AND2|MX|PNAND2|R0|0.07|horizontal
AND2,MX,PNAND2,R0,0.14,horizontal,AND2|MX|PNAND2|R0|0.14|horizontal
AND2,MX,PNAND2,R180,0.0,horizontal,AND2|MX|PNAND2|R180|0.0|horizontal
AND2,MX,PNAND2,R180,0.0025,horizontal,AND2|MX|PNAND2|R180|0.0025|horizontal
AND2,MX,PNAND2,R180,0.07,horizontal,AND2|MX|PNAND2|R180|0.07|horizontal
AND2,MX,PNAND2,R180,0.14,horizontal,AND2|MX|PNAND2|R180|0.14|horizontal
AND2,MX,PNAND3,MX,0.0,horizontal,AND2|MX|PNAND3|MX|0.0|horizontal
AND2,MX,PNAND3,MX,0.0025,horizontal,AND2|MX|PNAND3|MX|0.0025|horizontal
AND2,MX,PNAND3,MX,0.07,horizontal,AND2|MX|PNAND3|MX|0.07|horizontal
AND2,MX,PNAND3,MX,0.14,horizontal,AND2|MX|PNAND3|MX|0.14|horizontal
AND2,MX,PNAND3,MY,0.0,horizontal,AND2|MX|PNAND3|MY|0.0|horizontal
AND2,MX,PNAND3,MY,0.0025,horizontal,AND2|MX|PNAND3|MY|0.0025|horizontal
AND2,MX,PNAND3,MY,0.07,horizontal,AND2|MX|PNAND3|MY|0.07|horizontal
AND2,MX,PNAND3,MY,0.14,horizontal,AND2|MX|PNAND3|MY|0.14|horizontal
AND2,MX,PNAND3,R0,0.0,horizontal,AND2|MX|PNAND3|R0|0.0|horizontal
AND2,MX,PNAND3,R0,0.0025,horizontal,AND2|MX|PNAND3|R0|0.0025|horizontal
AND2,MX,PNAND3,R0,0.07,horizontal,AND2|MX|PNAND3|R0|0.07|horizontal
AND2,MX,PNAND3,R0,0.14,horizontal,AND2|MX|PNAND3|R0|0.14|horizontal
AND2,MX,PNAND3,R180,0.0,horizontal,AND2|MX|PNAND3|R180|0.0|horizontal
AND2,MX,PNAND3,R180,0.0025,horizontal,AND2|MX|PNAND3|R180|0.0025|horizontal
AND2,MX,PNAND3,R180,0.07,horizontal,AND2|MX|PNAND3|R180|0.07|horizontal
AND2,MX,PNAND3,R180,0.14,horizontal,AND2|MX|PNAND3|R180|0.14|horizontal
AND2,MX,WORDLINEDRIVER,MX,0.0,horizontal,AND2|MX|WORDLINEDRIVER|MX|0.0|horizontal
AND2,MX,WORDLINEDRIVER,MX,0.0025,horizontal,AND2|MX|WORDLINEDRIVER|MX|0.0025|horizontal
AND2,MX,WORDLINEDRIVER,MX,0.07,horizontal,AND2|MX|WORDLINEDRIVER|MX|0.07|horizontal
AND2,MX,WORDLINEDRIVER,MX,0.14,horizontal,AND2|MX|WORDLINEDRIVER|MX|0.14|horizontal
AND2,MX,WORDLINEDRIVER,MY,0.0,horizontal,AND2|MX|WORDLINEDRIVER|MY|0.0|horizontal
AND2,MX,WORDLINEDRIVER,MY,0.0025,horizontal,AND2|MX|WORDLINEDRIVER|MY|0.0025|horizontal
AND2,MX,WORDLINEDRIVER,MY,0.07,horizontal,AND2|MX|WORDLINEDRIVER|MY|0.07|horizontal
AND2,MX,WORDLINEDRIVER,MY,0.14,horizontal,AND2|MX|WORDLINEDRIVER|MY|0.14|horizontal
AND2,MX,WORDLINEDRIVER,R0,0.0,horizontal,AND2|MX|WORDLINEDRIVER|R0|0.0|horizontal
AND2,MX,WORDLINEDRIVER,R0,0.0025,horizontal,AND2|MX|WORDLINEDRIVER|R0|0.0025|horizontal
AND2,MX,WORDLINEDRIVER,R0,0.07,horizontal,AND2|MX|WORDLINEDRIVER|R0|0.07|horizontal
AND2,MX,WORDLINEDRIVER,R0,0.14,horizontal,AND2|MX|WORDLINEDRIVER|R0|0.14|horizontal
AND2,MX,WORDLINEDRIVER,R180,0.0,horizontal,AND2|MX|WORDLINEDRIVER|R180|0.0|horizontal
AND2,MX,WORDLINEDRIVER,R180,0.0025,horizontal,AND2|MX|WORDLINEDRIVER|R180|0.0025|horizontal
AND2,MX,WORDLINEDRIVER,R180,0.07,horizontal,AND2|MX|WORDLINEDRIVER|R180|0.07|horizontal
AND2,MX,WORDLINEDRIVER,R180,0.14,horizontal,AND2|MX|WORDLINEDRIVER|R180|0.14|horizontal
AND2,MY,AND2,MX,0.0,horizontal,AND2|MY|AND2|MX|0.0|horizontal
AND2,MY,AND2,MX,0.0025,horizontal,AND2|MY|AND2|MX|0.0025|horizontal
AND2,MY,AND2,MX,0.07,horizontal,AND2|MY|AND2|MX|0.07|horizontal
AND2,MY,AND2,MX,0.14,horizontal,AND2|MY|AND2|MX|0.14|horizontal
AND2,MY,AND2,MY,0.0,horizontal,AND2|MY|AND2|MY|0.0|horizontal
AND2,MY,AND2,MY,0.0025,horizontal,AND2|MY|AND2|MY|0.0025|horizontal
AND2,MY,AND2,MY,0.07,horizontal,AND2|MY|AND2|MY|0.07|horizontal
AND2,MY,AND2,MY,0.14,horizontal,AND2|MY|AND2|MY|0.14|horizontal
AND2,MY,AND2,R0,0.0,horizontal,AND2|MY|AND2|R0|0.0|horizontal
AND2,MY,AND2,R0,0.0025,horizontal,AND2|MY|AND2|R0|0.0025|horizontal
AND2,MY,AND2,R0,0.07,horizontal,AND2|MY|AND2|R0|0.07|horizontal
AND2,MY,AND2,R0,0.14,horizontal,AND2|MY|AND2|R0|0.14|horizontal
AND2,MY,AND2,R180,0.0,horizontal,AND2|MY|AND2|R180|0.0|horizontal
AND2,MY,AND2,R180,0.0025,horizontal,AND2|MY|AND2|R180|0.0025|horizontal
AND2,MY,AND2,R180,0.07,horizontal,AND2|MY|AND2|R180|0.07|horizontal
AND2,MY,AND2,R180,0.14,horizontal,AND2|MY|AND2|R180|0.14|horizontal
AND2,MY,AND3,MX,0.0,horizontal,AND2|MY|AND3|MX|0.0|horizontal
AND2,MY,AND3,MX,0.0025,horizontal,AND2|MY|AND3|MX|0.0025|horizontal
AND2,MY,AND3,MX,0.07,horizontal,AND2|MY|AND3|MX|0.07|horizontal
AND2,MY,AND3,MX,0.14,horizontal,AND2|MY|AND3|MX|0.14|horizontal
AND2,MY,AND3,MY,0.0,horizontal,AND2|MY|AND3|MY|0.0|horizontal
AND2,MY,AND3,MY,0.0025,horizontal,AND2|MY|AND3|MY|0.0025|horizontal
AND2,MY,AND3,MY,0.07,horizontal,AND2|MY|AND3|MY|0.07|horizontal
AND2,MY,AND3,MY,0.14,horizontal,AND2|MY|AND3|MY|0.14|horizontal
AND2,MY,AND3,R0,0.0,horizontal,AND2|MY|AND3|R0|0.0|horizontal
AND2,MY,AND3,R0,0.0025,horizontal,AND2|MY|AND3|R0|0.0025|horizontal
AND2,MY,AND3,R0,0.07,horizontal,AND2|MY|AND3|R0|0.07|horizontal
AND2,MY,AND3,R0,0.14,horizontal,AND2|MY|AND3|R0|0.14|horizontal
AND2,MY,AND3,R180,0.0,horizontal,AND2|MY|AND3|R180|0.0|horizontal
AND2,MY,AND3,R180,0.0025,horizontal,AND2|MY|AND3|R180|0.0025|horizontal
AND2,MY,AND3,R180,0.07,horizontal,AND2|MY|AND3|R180|0.07|horizontal
AND2,MY,AND3,R180,0.14,horizontal,AND2|MY|AND3|R180|0.14|horizontal
AND2,MY,PINV,MX,0.0,horizontal,AND2|MY|PINV|MX|0.0|horizontal
AND2,MY,PINV,MX,0.0025,horizontal,AND2|MY|PINV|MX|0.0025|horizontal
AND2,MY,PINV,MX,0.07,horizontal,AND2|MY|PINV|MX|0.07|horizontal
AND2,MY,PINV,MX,0.14,horizontal,AND2|MY|PINV|MX|0.14|horizontal
AND2,MY,PINV,MY,0.0,horizontal,AND2|MY|PINV|MY|0.0|horizontal
AND2,MY,PINV,MY,0.0025,horizontal,AND2|MY|PINV|MY|0.0025|horizontal
AND2,MY,PINV,MY,0.07,horizontal,AND2|MY|PINV|MY|0.07|horizontal
AND2,MY,PINV,MY,0.14,horizontal,AND2|MY|PINV|MY|0.14|horizontal
AND2,MY,PINV,R0,0.0,horizontal,AND2|MY|PINV|R0|0.0|horizontal
AND2,MY,PINV,R0,0.0025,horizontal,AND2|MY|PINV|R0|0.0025|horizontal
AND2,MY,PINV,R0,0.07,horizontal,AND2|MY|PINV|R0|0.07|horizontal
AND2,MY,PINV,R0,0.14,horizontal,AND2|MY|PINV|R0|0.14|horizontal
AND2,MY,PINV,R180,0.0,horizontal,AND2|MY|PINV|R180|0.0|horizontal
AND2,MY,PINV,R180,0.0025,horizontal,AND2|MY|PINV|R180|0.0025|horizontal
AND2,MY,PINV,R180,0.07,horizontal,AND2|MY|PINV|R180|0.07|horizontal
AND2,MY,PINV,R180,0.14,horizontal,AND2|MY|PINV|R180|0.14|horizontal
AND2,MY,PNAND2,MX,0.0,horizontal,AND2|MY|PNAND2|MX|0.0|horizontal
AND2,MY,PNAND2,MX,0.0025,horizontal,AND2|MY|PNAND2|MX|0.0025|horizontal
AND2,MY,PNAND2,MX,0.07,horizontal,AND2|MY|PNAND2|MX|0.07|horizontal
AND2,MY,PNAND2,MX,0.14,horizontal,AND2|MY|PNAND2|MX|0.14|horizontal
AND2,MY,PNAND2,MY,0.0,horizontal,AND2|MY|PNAND2|MY|0.0|horizontal
AND2,MY,PNAND2,MY,0.0025,horizontal,AND2|MY|PNAND2|MY|0.0025|horizontal
AND2,MY,PNAND2,MY,0.07,horizontal,AND2|MY|PNAND2|MY|0.07|horizontal
AND2,MY,PNAND2,MY,0.14,horizontal,AND2|MY|PNAND2|MY|0.14|horizontal
AND2,MY,PNAND2,R0,0.0,horizontal,AND2|MY|PNAND2|R0|0.0|horizontal
AND2,MY,PNAND2,R0,0.0025,horizontal,AND2|MY|PNAND2|R0|0.0025|horizontal
AND2,MY,PNAND2,R0,0.07,horizontal,AND2|MY|PNAND2|R0|0.07|horizontal
AND2,MY,PNAND2,R0,0.14,horizontal,AND2|MY|PNAND2|R0|0.14|horizontal
AND2,MY,PNAND2,R180,0.0,horizontal,AND2|MY|PNAND2|R180|0.0|horizontal
AND2,MY,PNAND2,R180,0.0025,horizontal,AND2|MY|PNAND2|R180|0.0025|horizontal
AND2,MY,PNAND2,R180,0.07,horizontal,AND2|MY|PNAND2|R180|0.07|horizontal
AND2,MY,PNAND2,R180,0.14,horizontal,AND2|MY|PNAND2|R180|0.14|horizontal
AND2,MY,PNAND3,MX,0.0,horizontal,AND2|MY|PNAND3|MX|0.0|horizontal
AND2,MY,PNAND3,MX,0.0025,horizontal,AND2|MY|PNAND3|MX|0.0025|horizontal
AND2,MY,PNAND3,MX,0.07,horizontal,AND2|MY|PNAND3|MX|0.07|horizontal
AND2,MY,PNAND3,MX,0.14,horizontal,AND2|MY|PNAND3|MX|0.14|horizontal
AND2,MY,PNAND3,MY,0.0,horizontal,AND2|MY|PNAND3|MY|0.0|horizontal
AND2,MY,PNAND3,MY,0.0025,horizontal,AND2|MY|PNAND3|MY|0.0025|horizontal
AND2,MY,PNAND3,MY,0.07,horizontal,AND2|MY|PNAND3|MY|0.07|horizontal
AND2,MY,PNAND3,MY,0.14,horizontal,AND2|MY|PNAND3|MY|0.14|horizontal
AND2,MY,PNAND3,R0,0.0,horizontal,AND2|MY|PNAND3|R0|0.0|horizontal
AND2,MY,PNAND3,R0,0.0025,horizontal,AND2|MY|PNAND3|R0|0.0025|horizontal
AND2,MY,PNAND3,R0,0.07,horizontal,AND2|MY|PNAND3|R0|0.07|horizontal
AND2,MY,PNAND3,R0,0.14,horizontal,AND2|MY|PNAND3|R0|0.14|horizontal
AND2,MY,PNAND3,R180,0.0,horizontal,AND2|MY|PNAND3|R180|0.0|horizontal
AND2,MY,PNAND3,R180,0.0025,horizontal,AND2|MY|PNAND3|R180|0.0025|horizontal
AND2,MY,PNAND3,R180,0.07,horizontal,AND2|MY|PNAND3|R180|0.07|horizontal
AND2,MY,PNAND3,R180,0.14,horizontal,AND2|MY|PNAND3|R180|0.14|horizontal
AND2,MY,WORDLINEDRIVER,MX,0.0,horizontal,AND2|MY|WORDLINEDRIVER|MX|0.0|horizontal
AND2,MY,WORDLINEDRIVER,MX,0.0025,horizontal,AND2|MY|WORDLINEDRIVER|MX|0.0025|horizontal
AND2,MY,WORDLINEDRIVER,MX,0.07,horizontal,AND2|MY|WORDLINEDRIVER|MX|0.07|horizontal
AND2,MY,WORDLINEDRIVER,MX,0.14,horizontal,AND2|MY|WORDLINEDRIVER|MX|0.14|horizontal
AND2,MY,WORDLINEDRIVER,MY,0.0,horizontal,AND2|MY|WORDLINEDRIVER|MY|0.0|horizontal
AND2,MY,WORDLINEDRIVER,MY,0.0025,horizontal,AND2|MY|WORDLINEDRIVER|MY|0.0025|horizontal
AND2,MY,WORDLINEDRIVER,MY,0.07,horizontal,AND2|MY|WORDLINEDRIVER|MY|0.07|horizontal
AND2,MY,WORDLINEDRIVER,MY,0.14,horizontal,AND2|MY|WORDLINEDRIVER|MY|0.14|horizontal
AND2,MY,WORDLINEDRIVER,R0,0.0,horizontal,AND2|MY|WORDLINEDRIVER|R0|0.0|horizontal
AND2,MY,WORDLINEDRIVER,R0,0.0025,horizontal,AND2|MY|WORDLINEDRIVER|R0|0.0025|horizontal
AND2,MY,WORDLINEDRIVER,R0,0.07,horizontal,AND2|MY|WORDLINEDRIVER|R0|0.07|horizontal
AND2,MY,WORDLINEDRIVER,R0,0.14,horizontal,AND2|MY|WORDLINEDRIVER|R0|0.14|horizontal
AND2,MY,WORDLINEDRIVER,R180,0.0,horizontal,AND2|MY|WORDLINEDRIVER|R180|0.0|horizontal
AND2,MY,WORDLINEDRIVER,R180,0.0025,horizontal,AND2|MY|WORDLINEDRIVER|R180|0.0025|horizontal
AND2,MY,WORDLINEDRIVER,R180,0.07,horizontal,AND2|MY|WORDLINEDRIVER|R180|0.07|horizontal
AND2,MY,WORDLINEDRIVER,R180,0.14,horizontal,AND2|MY|WORDLINEDRIVER|R180|0.14|horizontal
AND2,R0,AND2,MX,0.0,horizontal,AND2|R0|AND2|MX|0.0|horizontal
AND2,R0,AND2,MX,0.0025,horizontal,AND2|R0|AND2|MX|0.0025|horizontal
AND2,R0,AND2,MX,0.07,horizontal,AND2|R0|AND2|MX|0.07|horizontal
AND2,R0,AND2,MX,0.14,horizontal,AND2|R0|AND2|MX|0.14|horizontal
AND2,R0,AND2,MY,0.0,horizontal,AND2|R0|AND2|MY|0.0|horizontal
AND2,R0,AND2,MY,0.0025,horizontal,AND2|R0|AND2|MY|0.0025|horizontal
AND2,R0,AND2,MY,0.07,horizontal,AND2|R0|AND2|MY|0.07|horizontal
AND2,R0,AND2,MY,0.14,horizontal,AND2|R0|AND2|MY|0.14|horizontal
AND2,R0,AND2,R0,0.0,horizontal,AND2|R0|AND2|R0|0.0|horizontal
AND2,R0,AND2,R0,0.0025,horizontal,AND2|R0|AND2|R0|0.0025|horizontal
AND2,R0,AND2,R0,0.07,horizontal,AND2|R0|AND2|R0|0.07|horizontal
AND2,R0,AND2,R0,0.14,horizontal,AND2|R0|AND2|R0|0.14|horizontal
AND2,R0,AND2,R180,0.0,horizontal,AND2|R0|AND2|R180|0.0|horizontal
AND2,R0,AND2,R180,0.0025,horizontal,AND2|R0|AND2|R180|0.0025|horizontal
AND2,R0,AND2,R180,0.07,horizontal,AND2|R0|AND2|R180|0.07|horizontal
AND2,R0,AND2,R180,0.14,horizontal,AND2|R0|AND2|R180|0.14|horizontal
AND2,R0,AND3,MX,0.0,horizontal,AND2|R0|AND3|MX|0.0|horizontal
AND2,R0,AND3,MX,0.0025,horizontal,AND2|R0|AND3|MX|0.0025|horizontal
AND2,R0,AND3,MX,0.07,horizontal,AND2|R0|AND3|MX|0.07|horizontal
AND2,R0,AND3,MX,0.14,horizontal,AND2|R0|AND3|MX|0.14|horizontal
AND2,R0,AND3,MY,0.0,horizontal,AND2|R0|AND3|MY|0.0|horizontal
AND2,R0,AND3,MY,0.0025,horizontal,AND2|R0|AND3|MY|0.0025|horizontal
AND2,R0,AND3,MY,0.07,horizontal,AND2|R0|AND3|MY|0.07|horizontal
AND2,R0,AND3,MY,0.14,horizontal,AND2|R0|AND3|MY|0.14|horizontal
AND2,R0,AND3,R0,0.0,horizontal,AND2|R0|AND3|R0|0.0|horizontal
AND2,R0,AND3,R0,0.0025,horizontal,AND2|R0|AND3|R0|0.0025|horizontal
AND2,R0,AND3,R0,0.07,horizontal,AND2|R0|AND3|R0|0.07|horizontal
AND2,R0,AND3,R0,0.14,horizontal,AND2|R0|AND3|R0|0.14|horizontal
AND2,R0,AND3,R180,0.0,horizontal,AND2|R0|AND3|R180|0.0|horizontal
AND2,R0,AND3,R180,0.0025,horizontal,AND2|R0|AND3|R180|0.0025|horizontal
AND2,R0,AND3,R180,0.07,horizontal,AND2|R0|AND3|R180|0.07|horizontal
AND2,R0,AND3,R180,0.14,horizontal,AND2|R0|AND3|R180|0.14|horizontal
AND2,R0,PINV,MX,0.0,horizontal,AND2|R0|PINV|MX|0.0|horizontal
AND2,R0,PINV,MX,0.0025,horizontal,AND2|R0|PINV|MX|0.0025|horizontal
AND2,R0,PINV,MX,0.07,horizontal,AND2|R0|PINV|MX|0.07|horizontal
AND2,R0,PINV,MX,0.14,horizontal,AND2|R0|PINV|MX|0.14|horizontal
AND2,R0,PINV,MY,0.0,horizontal,AND2|R0|PINV|MY|0.0|horizontal
AND2,R0,PINV,MY,0.0025,horizontal,AND2|R0|PINV|MY|0.0025|horizontal
AND2,R0,PINV,MY,0.07,horizontal,AND2|R0|PINV|MY|0.07|horizontal
AND2,R0,PINV,MY,0.14,horizontal,AND2|R0|PINV|MY|0.14|horizontal
AND2,R0,PINV,R0,0.0,horizontal,AND2|R0|PINV|R0|0.0|horizontal
AND2,R0,PINV,R0,0.0025,horizontal,AND2|R0|PINV|R0|0.0025|horizontal
AND2,R0,PINV,R0,0.07,horizontal,AND2|R0|PINV|R0|0.07|horizontal
AND2,R0,PINV,R0,0.14,horizontal,AND2|R0|PINV|R0|0.14|horizontal
AND2,R0,PINV,R180,0.0,horizontal,AND2|R0|PINV|R180|0.0|horizontal
AND2,R0,PINV,R180,0.0025,horizontal,AND2|R0|PINV|R180|0.0025|horizontal
AND2,R0,PINV,R180,0.07,horizontal,AND2|R0|PINV|R180|0.07|horizontal
AND2,R0,PINV,R180,0.14,horizontal,AND2|R0|PINV|R180|0.14|horizontal
AND2,R0,PNAND2,MX,0.0,horizontal,AND2|R0|PNAND2|MX|0.0|horizontal
AND2,R0,PNAND2,MX,0.0025,horizontal,AND2|R0|PNAND2|MX|0.0025|horizontal
AND2,R0,PNAND2,MX,0.07,horizontal,AND2|R0|PNAND2|MX|0.07|horizontal
AND2,R0,PNAND2,MX,0.14,horizontal,AND2|R0|PNAND2|MX|0.14|horizontal
AND2,R0,PNAND2,MY,0.0,horizontal,AND2|R0|PNAND2|MY|0.0|horizontal
AND2,R0,PNAND2,MY,0.0025,horizontal,AND2|R0|PNAND2|MY|0.0025|horizontal
AND2,R0,PNAND2,MY,0.07,horizontal,AND2|R0|PNAND2|MY|0.07|horizontal
AND2,R0,PNAND2,MY,0.14,horizontal,AND2|R0|PNAND2|MY|0.14|horizontal
AND2,R0,PNAND2,R0,0.0,horizontal,AND2|R0|PNAND2|R0|0.0|horizontal
AND2,R0,PNAND2,R0,0.0025,horizontal,AND2|R0|PNAND2|R0|0.0025|horizontal
AND2,R0,PNAND2,R0,0.07,horizontal,AND2|R0|PNAND2|R0|0.07|horizontal
AND2,R0,PNAND2,R0,0.14,horizontal,AND2|R0|PNAND2|R0|0.14|horizontal
AND2,R0,PNAND2,R180,0.0,horizontal,AND2|R0|PNAND2|R180|0.0|horizontal
AND2,R0,PNAND2,R180,0.0025,horizontal,AND2|R0|PNAND2|R180|0.0025|horizontal
AND2,R0,PNAND2,R180,0.07,horizontal,AND2|R0|PNAND2|R180|0.07|horizontal
AND2,R0,PNAND2,R180,0.14,horizontal,AND2|R0|PNAND2|R180|0.14|horizontal
AND2,R0,PNAND3,MX,0.0,horizontal,AND2|R0|PNAND3|MX|0.0|horizontal
AND2,R0,PNAND3,MX,0.0025,horizontal,AND2|R0|PNAND3|MX|0.0025|horizontal
AND2,R0,PNAND3,MX,0.07,horizontal,AND2|R0|PNAND3|MX|0.07|horizontal
AND2,R0,PNAND3,MX,0.14,horizontal,AND2|R0|PNAND3|MX|0.14|horizontal
AND2,R0,PNAND3,MY,0.0,horizontal,AND2|R0|PNAND3|MY|0.0|horizontal
AND2,R0,PNAND3,MY,0.0025,horizontal,AND2|R0|PNAND3|MY|0.0025|horizontal
AND2,R0,PNAND3,MY,0.07,horizontal,AND2|R0|PNAND3|MY|0.07|horizontal
AND2,R0,PNAND3,MY,0.14,horizontal,AND2|R0|PNAND3|MY|0.14|horizontal
AND2,R0,PNAND3,R0,0.0,horizontal,AND2|R0|PNAND3|R0|0.0|horizontal
AND2,R0,PNAND3,R0,0.0025,horizontal,AND2|R0|PNAND3|R0|0.0025|horizontal
AND2,R0,PNAND3,R0,0.07,horizontal,AND2|R0|PNAND3|R0|0.07|horizontal
AND2,R0,PNAND3,R0,0.14,horizontal,AND2|R0|PNAND3|R0|0.14|horizontal
AND2,R0,PNAND3,R180,0.0,horizontal,AND2|R0|PNAND3|R180|0.0|horizontal
AND2,R0,PNAND3,R180,0.0025,horizontal,AND2|R0|PNAND3|R180|0.0025|horizontal
AND2,R0,PNAND3,R180,0.07,horizontal,AND2|R0|PNAND3|R180|0.07|horizontal
AND2,R0,PNAND3,R180,0.14,horizontal,AND2|R0|PNAND3|R180|0.14|horizontal
AND2,R0,WORDLINEDRIVER,MX,0.0,horizontal,AND2|R0|WORDLINEDRIVER|MX|0.0|horizontal
AND2,R0,WORDLINEDRIVER,MX,0.0025,horizontal,AND2|R0|WORDLINEDRIVER|MX|0.0025|horizontal
AND2,R0,WORDLINEDRIVER,MX,0.07,horizontal,AND2|R0|WORDLINEDRIVER|MX|0.07|horizontal
AND2,R0,WORDLINEDRIVER,MX,0.14,horizontal,AND2|R0|WORDLINEDRIVER|MX|0.14|horizontal
AND2,R0,WORDLINEDRIVER,MY,0.0,horizontal,AND2|R0|WORDLINEDRIVER|MY|0.0|horizontal
AND2,R0,WORDLINEDRIVER,MY,0.0025,horizontal,AND2|R0|WORDLINEDRIVER|MY|0.0025|horizontal
AND2,R0,WORDLINEDRIVER,MY,0.07,horizontal,AND2|R0|WORDLINEDRIVER|MY|0.07|horizontal
AND2,R0,WORDLINEDRIVER,MY,0.14,horizontal,AND2|R0|WORDLINEDRIVER|MY|0.14|horizontal
AND2,R0,WORDLINEDRIVER,R0,0.0,horizontal,AND2|R0|WORDLINEDRIVER|R0|0.0|horizontal
AND2,R0,WORDLINEDRIVER,R0,0.0025,horizontal,AND2|R0|WORDLINEDRIVER|R0|0.0025|horizontal
AND2,R0,WORDLINEDRIVER,R0,0.07,horizontal,AND2|R0|WORDLINEDRIVER|R0|0.07|horizontal
AND2,R0,WORDLINEDRIVER,R0,0.14,horizontal,AND2|R0|WORDLINEDRIVER|R0|0.14|horizontal
AND2,R0,WORDLINEDRIVER,R180,0.0,horizontal,AND2|R0|WORDLINEDRIVER|R180|0.0|horizontal
AND2,R0,WORDLINEDRIVER,R180,0.0025,horizontal,AND2|R0|WORDLINEDRIVER|R180|0.0025|horizontal
AND2,R0,WORDLINEDRIVER,R180,0.07,horizontal,AND2|R0|WORDLINEDRIVER|R180|0.07|horizontal
AND2,R0,WORDLINEDRIVER,R180,0.14,horizontal,AND2|R0|WORDLINEDRIVER|R180|0.14|horizontal
AND2,R180,AND2,MX,0.0,horizontal,AND2|R180|AND2|MX|0.0|horizontal
AND2,R180,AND2,MX,0.0025,horizontal,AND2|R180|AND2|MX|0.0025|horizontal
AND2,R180,AND2,MX,0.07,horizontal,AND2|R180|AND2|MX|0.07|horizontal
AND2,R180,AND2,MX,0.14,horizontal,AND2|R180|AND2|MX|0.14|horizontal
AND2,R180,AND2,MY,0.0,horizontal,AND2|R180|AND2|MY|0.0|horizontal
AND2,R180,AND2,MY,0.0025,horizontal,AND2|R180|AND2|MY|0.0025|horizontal
AND2,R180,AND2,MY,0.07,horizontal,AND2|R180|AND2|MY|0.07|horizontal
AND2,R180,AND2,MY,0.14,horizontal,AND2|R180|AND2|MY|0.14|horizontal
AND2,R180,AND2,R0,0.0,horizontal,AND2|R180|AND2|R0|0.0|horizontal
AND2,R180,AND2,R0,0.0025,horizontal,AND2|R180|AND2|R0|0.0025|horizontal
AND2,R180,AND2,R0,0.07,horizontal,AND2|R180|AND2|R0|0.07|horizontal
AND2,R180,AND2,R0,0.14,horizontal,AND2|R180|AND2|R0|0.14|horizontal
AND2,R180,AND2,R180,0.0,horizontal,AND2|R180|AND2|R180|0.0|horizontal
AND2,R180,AND2,R180,0.0025,horizontal,AND2|R180|AND2|R180|0.0025|horizontal
AND2,R180,AND2,R180,0.07,horizontal,AND2|R180|AND2|R180|0.07|horizontal
AND2,R180,AND2,R180,0.14,horizontal,AND2|R180|AND2|R180|0.14|horizontal
AND2,R180,AND3,MX,0.0,horizontal,AND2|R180|AND3|MX|0.0|horizontal
AND2,R180,AND3,MX,0.0025,horizontal,AND2|R180|AND3|MX|0.0025|horizontal
AND2,R180,AND3,MX,0.07,horizontal,AND2|R180|AND3|MX|0.07|horizontal
AND2,R180,AND3,MX,0.14,horizontal,AND2|R180|AND3|MX|0.14|horizontal
AND2,R180,AND3,MY,0.0,horizontal,AND2|R180|AND3|MY|0.0|horizontal
AND2,R180,AND3,MY,0.0025,horizontal,AND2|R180|AND3|MY|0.0025|horizontal
AND2,R180,AND3,MY,0.07,horizontal,AND2|R180|AND3|MY|0.07|horizontal
AND2,R180,AND3,MY,0.14,horizontal,AND2|R180|AND3|MY|0.14|horizontal
AND2,R180,AND3,R0,0.0,horizontal,AND2|R180|AND3|R0|0.0|horizontal
AND2,R180,AND3,R0,0.0025,horizontal,AND2|R180|AND3|R0|0.0025|horizontal
AND2,R180,AND3,R0,0.07,horizontal,AND2|R180|AND3|R0|0.07|horizontal
AND2,R180,AND3,R0,0.14,horizontal,AND2|R180|AND3|R0|0.14|horizontal
AND2,R180,AND3,R180,0.0,horizontal,AND2|R180|AND3|R180|0.0|horizontal
AND2,R180,AND3,R180,0.0025,horizontal,AND2|R180|AND3|R180|0.0025|horizontal
AND2,R180,AND3,R180,0.07,horizontal,AND2|R180|AND3|R180|0.07|horizontal
AND2,R180,AND3,R180,0.14,horizontal,AND2|R180|AND3|R180|0.14|horizontal
AND2,R180,PINV,MX,0.0,horizontal,AND2|R180|PINV|MX|0.0|horizontal
AND2,R180,PINV,MX,0.0025,horizontal,AND2|R180|PINV|MX|0.0025|horizontal
AND2,R180,PINV,MX,0.07,horizontal,AND2|R180|PINV|MX|0.07|horizontal
AND2,R180,PINV,MX,0.14,horizontal,AND2|R180|PINV|MX|0.14|horizontal
AND2,R180,PINV,MY,0.0,horizontal,AND2|R180|PINV|MY|0.0|horizontal
AND2,R180,PINV,MY,0.0025,horizontal,AND2|R180|PINV|MY|0.0025|horizontal
AND2,R180,PINV,MY,0.07,horizontal,AND2|R180|PINV|MY|0.07|horizontal
AND2,R180,PINV,MY,0.14,horizontal,AND2|R180|PINV|MY|0.14|horizontal
AND2,R180,PINV,R0,0.0,horizontal,AND2|R180|PINV|R0|0.0|horizontal
AND2,R180,PINV,R0,0.0025,horizontal,AND2|R180|PINV|R0|0.0025|horizontal
AND2,R180,PINV,R0,0.07,horizontal,AND2|R180|PINV|R0|0.07|horizontal
AND2,R180,PINV,R0,0.14,horizontal,AND2|R180|PINV|R0|0.14|horizontal
AND2,R180,PINV,R180,0.0,horizontal,AND2|R180|PINV|R180|0.0|horizontal
AND2,R180,PINV,R180,0.0025,horizontal,AND2|R180|PINV|R180|0.0025|horizontal
AND2,R180,PINV,R180,0.07,horizontal,AND2|R180|PINV|R180|0.07|horizontal
AND2,R180,PINV,R180,0.14,horizontal,AND2|R180|PINV|R180|0.14|horizontal
AND2,R180,PNAND2,MX,0.0,horizontal,AND2|R180|PNAND2|MX|0.0|horizontal
AND2,R180,PNAND2,MX,0.0025,horizontal,AND2|R180|PNAND2|MX|0.0025|horizontal
AND2,R180,PNAND2,MX,0.07,horizontal,AND2|R180|PNAND2|MX|0.07|horizontal
AND2,R180,PNAND2,MX,0.14,horizontal,AND2|R180|PNAND2|MX|0.14|horizontal
AND2,R180,PNAND2,MY,0.0,horizontal,AND2|R180|PNAND2|MY|0.0|horizontal
AND2,R180,PNAND2,MY,0.0025,horizontal,AND2|R180|PNAND2|MY|0.0025|horizontal
AND2,R180,PNAND2,MY,0.07,horizontal,AND2|R180|PNAND2|MY|0.07|horizontal
AND2,R180,PNAND2,MY,0.14,horizontal,AND2|R180|PNAND2|MY|0.14|horizontal
AND2,R180,PNAND2,R0,0.0,horizontal,AND2|R180|PNAND2|R0|0.0|horizontal
AND2,R180,PNAND2,R0,0.0025,horizontal,AND2|R180|PNAND2|R0|0.0025|horizontal
AND2,R180,PNAND2,R0,0.07,horizontal,AND2|R180|PNAND2|R0|0.07|horizontal
AND2,R180,PNAND2,R0,0.14,horizontal,AND2|R180|PNAND2|R0|0.14|horizontal
AND2,R180,PNAND2,R180,0.0,horizontal,AND2|R180|PNAND2|R180|0.0|horizontal
AND2,R180,PNAND2,R180,0.0025,horizontal,AND2|R180|PNAND2|R180|0.0025|horizontal
AND2,R180,PNAND2,R180,0.07,horizontal,AND2|R180|PNAND2|R180|0.07|horizontal
AND2,R180,PNAND2,R180,0.14,horizontal,AND2|R180|PNAND2|R180|0.14|horizontal
AND2,R180,PNAND3,MX,0.0,horizontal,AND2|R180|PNAND3|MX|0.0|horizontal
AND2,R180,PNAND3,MX,0.0025,horizontal,AND2|R180|PNAND3|MX|0.0025|horizontal
AND2,R180,PNAND3,MX,0.07,horizontal,AND2|R180|PNAND3|MX|0.07|horizontal
AND2,R180,PNAND3,MX,0.14,horizontal,AND2|R180|PNAND3|MX|0.14|horizontal
AND2,R180,PNAND3,MY,0.0,horizontal,AND2|R180|PNAND3|MY|0.0|horizontal
AND2,R180,PNAND3,MY,0.0025,horizontal,AND2|R180|PNAND3|MY|0.0025|horizontal
AND2,R180,PNAND3,MY,0.07,horizontal,AND2|R180|PNAND3|MY|0.07|horizontal
AND2,R180,PNAND3,MY,0.14,horizontal,AND2|R180|PNAND3|MY|0.14|horizontal
AND2,R180,PNAND3,R0,0.0,horizontal,AND2|R180|PNAND3|R0|0.0|horizontal
AND2,R180,PNAND3,R0,0.0025,horizontal,AND2|R180|PNAND3|R0|0.0025|horizontal
AND2,R180,PNAND3,R0,0.07,horizontal,AND2|R180|PNAND3|R0|0.07|horizontal
AND2,R180,PNAND3,R0,0.14,horizontal,AND2|R180|PNAND3|R0|0.14|horizontal
AND2,R180,PNAND3,R180,0.0,horizontal,AND2|R180|PNAND3|R180|0.0|horizontal
AND2,R180,PNAND3,R180,0.0025,horizontal,AND2|R180|PNAND3|R180|0.0025|horizontal
AND2,R180,PNAND3,R180,0.07,horizontal,AND2|R180|PNAND3|R180|0.07|horizontal
AND2,R180,PNAND3,R180,0.14,horizontal,AND2|R180|PNAND3|R180|0.14|horizontal
AND2,R180,WORDLINEDRIVER,MX,0.0,horizontal,AND2|R180|WORDLINEDRIVER|MX|0.0|horizontal
AND2,R180,WORDLINEDRIVER,MX,0.0025,horizontal,AND2|R180|WORDLINEDRIVER|MX|0.0025|horizontal
AND2,R180,WORDLINEDRIVER,MX,0.07,horizontal,AND2|R180|WORDLINEDRIVER|MX|0.07|horizontal
AND2,R180,WORDLINEDRIVER,MX,0.14,horizontal,AND2|R180|WORDLINEDRIVER|MX|0.14|horizontal
AND2,R180,WORDLINEDRIVER,MY,0.0,horizontal,AND2|R180|WORDLINEDRIVER|MY|0.0|horizontal
AND2,R180,WORDLINEDRIVER,MY,0.0025,horizontal,AND2|R180|WORDLINEDRIVER|MY|0.0025|horizontal
AND2,R180,WORDLINEDRIVER,MY,0.07,horizontal,AND2|R180|WORDLINEDRIVER|MY|0.07|horizontal
AND2,R180,WORDLINEDRIVER,MY,0.14,horizontal,AND2|R180|WORDLINEDRIVER|MY|0.14|horizontal
AND2,R180,WORDLINEDRIVER,R0,0.0,horizontal,AND2|R180|WORDLINEDRIVER|R0|0.0|horizontal
AND2,R180,WORDLINEDRIVER,R0,0.0025,horizontal,AND2|R180|WORDLINEDRIVER|R0|0.0025|horizontal
AND2,R180,WORDLINEDRIVER,R0,0.07,horizontal,AND2|R180|WORDLINEDRIVER|R0|0.07|horizontal
AND2,R180,WORDLINEDRIVER,R0,0.14,horizontal,AND2|R180|WORDLINEDRIVER|R0|0.14|horizontal
AND2,R180,WORDLINEDRIVER,R180,0.0,horizontal,AND2|R180|WORDLINEDRIVER|R180|0.0|horizontal
AND2,R180,WORDLINEDRIVER,R180,0.0025,horizontal,AND2|R180|WORDLINEDRIVER|R180|0.0025|horizontal
AND2,R180,WORDLINEDRIVER,R180,0.07,horizontal,AND2|R180|WORDLINEDRIVER|R180|0.07|horizontal
AND2,R180,WORDLINEDRIVER,R180,0.14,horizontal,AND2|R180|WORDLINEDRIVER|R180|0.14|horizontal
AND3,MX,AND2,MX,0.0,horizontal,AND3|MX|AND2|MX|0.0|horizontal
AND3,MX,AND2,MX,0.0025,horizontal,AND3|MX|AND2|MX|0.0025|horizontal
AND3,MX,AND2,MX,0.07,horizontal,AND3|MX|AND2|MX|0.07|horizontal
AND3,MX,AND2,MX,0.14,horizontal,AND3|MX|AND2|MX|0.14|horizontal
AND3,MX,AND2,MY,0.0,horizontal,AND3|MX|AND2|MY|0.0|horizontal
AND3,MX,AND2,MY,0.0025,horizontal,AND3|MX|AND2|MY|0.0025|horizontal
AND3,MX,AND2,MY,0.07,horizontal,AND3|MX|AND2|MY|0.07|horizontal
AND3,MX,AND2,MY,0.14,horizontal,AND3|MX|AND2|MY|0.14|horizontal
AND3,MX,AND2,R0,0.0,horizontal,AND3|MX|AND2|R0|0.0|horizontal
AND3,MX,AND2,R0,0.0025,horizontal,AND3|MX|AND2|R0|0.0025|horizontal
AND3,MX,AND2,R0,0.07,horizontal,AND3|MX|AND2|R0|0.07|horizontal
AND3,MX,AND2,R0,0.14,horizontal,AND3|MX|AND2|R0|0.14|horizontal
AND3,MX,AND2,R180,0.0,horizontal,AND3|MX|AND2|R180|0.0|horizontal
AND3,MX,AND2,R180,0.0025,horizontal,AND3|MX|AND2|R180|0.0025|horizontal
AND3,MX,AND2,R180,0.07,horizontal,AND3|MX|AND2|R180|0.07|horizontal
AND3,MX,AND2,R180,0.14,horizontal,AND3|MX|AND2|R180|0.14|horizontal
AND3,MX,AND3,MX,0.0,horizontal,AND3|MX|AND3|MX|0.0|horizontal
AND3,MX,AND3,MX,0.0025,horizontal,AND3|MX|AND3|MX|0.0025|horizontal
AND3,MX,AND3,MX,0.07,horizontal,AND3|MX|AND3|MX|0.07|horizontal
AND3,MX,AND3,MX,0.14,horizontal,AND3|MX|AND3|MX|0.14|horizontal
AND3,MX,AND3,MY,0.0,horizontal,AND3|MX|AND3|MY|0.0|horizontal
AND3,MX,AND3,MY,0.0025,horizontal,AND3|MX|AND3|MY|0.0025|horizontal
AND3,MX,AND3,MY,0.07,horizontal,AND3|MX|AND3|MY|0.07|horizontal
AND3,MX,AND3,MY,0.14,horizontal,AND3|MX|AND3|MY|0.14|horizontal
AND3,MX,AND3,R0,0.0,horizontal,AND3|MX|AND3|R0|0.0|horizontal
AND3,MX,AND3,R0,0.0025,horizontal,AND3|MX|AND3|R0|0.0025|horizontal
AND3,MX,AND3,R0,0.07,horizontal,AND3|MX|AND3|R0|0.07|horizontal
AND3,MX,AND3,R0,0.14,horizontal,AND3|MX|AND3|R0|0.14|horizontal
AND3,MX,AND3,R180,0.0,horizontal,AND3|MX|AND3|R180|0.0|horizontal
AND3,MX,AND3,R180,0.0025,horizontal,AND3|MX|AND3|R180|0.0025|horizontal
AND3,MX,AND3,R180,0.07,horizontal,AND3|MX|AND3|R180|0.07|horizontal
AND3,MX,AND3,R180,0.14,horizontal,AND3|MX|AND3|R180|0.14|horizontal
AND3,MX,PINV,MX,0.0,horizontal,AND3|MX|PINV|MX|0.0|horizontal
AND3,MX,PINV,MX,0.0025,horizontal,AND3|MX|PINV|MX|0.0025|horizontal
AND3,MX,PINV,MX,0.07,horizontal,AND3|MX|PINV|MX|0.07|horizontal
AND3,MX,PINV,MX,0.14,horizontal,AND3|MX|PINV|MX|0.14|horizontal
AND3,MX,PINV,MY,0.0,horizontal,AND3|MX|PINV|MY|0.0|horizontal
AND3,MX,PINV,MY,0.0025,horizontal,AND3|MX|PINV|MY|0.0025|horizontal
AND3,MX,PINV,MY,0.07,horizontal,AND3|MX|PINV|MY|0.07|horizontal
AND3,MX,PINV,MY,0.14,horizontal,AND3|MX|PINV|MY|0.14|horizontal
AND3,MX,PINV,R0,0.0,horizontal,AND3|MX|PINV|R0|0.0|horizontal
AND3,MX,PINV,R0,0.0025,horizontal,AND3|MX|PINV|R0|0.0025|horizontal
AND3,MX,PINV,R0,0.07,horizontal,AND3|MX|PINV|R0|0.07|horizontal
AND3,MX,PINV,R0,0.14,horizontal,AND3|MX|PINV|R0|0.14|horizontal
AND3,MX,PINV,R180,0.0,horizontal,AND3|MX|PINV|R180|0.0|horizontal
AND3,MX,PINV,R180,0.0025,horizontal,AND3|MX|PINV|R180|0.0025|horizontal
AND3,MX,PINV,R180,0.07,horizontal,AND3|MX|PINV|R180|0.07|horizontal
AND3,MX,PINV,R180,0.14,horizontal,AND3|MX|PINV|R180|0.14|horizontal
AND3,MX,PNAND2,MX,0.0,horizontal,AND3|MX|PNAND2|MX|0.0|horizontal
AND3,MX,PNAND2,MX,0.0025,horizontal,AND3|MX|PNAND2|MX|0.0025|horizontal
AND3,MX,PNAND2,MX,0.07,horizontal,AND3|MX|PNAND2|MX|0.07|horizontal
AND3,MX,PNAND2,MX,0.14,horizontal,AND3|MX|PNAND2|MX|0.14|horizontal
AND3,MX,PNAND2,MY,0.0,horizontal,AND3|MX|PNAND2|MY|0.0|horizontal
AND3,MX,PNAND2,MY,0.0025,horizontal,AND3|MX|PNAND2|MY|0.0025|horizontal
AND3,MX,PNAND2,MY,0.07,horizontal,AND3|MX|PNAND2|MY|0.07|horizontal
AND3,MX,PNAND2,MY,0.14,horizontal,AND3|MX|PNAND2|MY|0.14|horizontal
AND3,MX,PNAND2,R0,0.0,horizontal,AND3|MX|PNAND2|R0|0.0|horizontal
AND3,MX,PNAND2,R0,0.0025,horizontal,AND3|MX|PNAND2|R0|0.0025|horizontal
AND3,MX,PNAND2,R0,0.07,horizontal,AND3|MX|PNAND2|R0|0.07|horizontal
AND3,MX,PNAND2,R0,0.14,horizontal,AND3|MX|PNAND2|R0|0.14|horizontal
AND3,MX,PNAND2,R180,0.0,horizontal,AND3|MX|PNAND2|R180|0.0|horizontal
AND3,MX,PNAND2,R180,0.0025,horizontal,AND3|MX|PNAND2|R180|0.0025|horizontal
AND3,MX,PNAND2,R180,0.07,horizontal,AND3|MX|PNAND2|R180|0.07|horizontal
AND3,MX,PNAND2,R180,0.14,horizontal,AND3|MX|PNAND2|R180|0.14|horizontal
AND3,MX,PNAND3,MX,0.0,horizontal,AND3|MX|PNAND3|MX|0.0|horizontal
AND3,MX,PNAND3,MX,0.0025,horizontal,AND3|MX|PNAND3|MX|0.0025|horizontal
AND3,MX,PNAND3,MX,0.07,horizontal,AND3|MX|PNAND3|MX|0.07|horizontal
AND3,MX,PNAND3,MX,0.14,horizontal,AND3|MX|PNAND3|MX|0.14|horizontal
AND3,MX,PNAND3,MY,0.0,horizontal,AND3|MX|PNAND3|MY|0.0|horizontal
AND3,MX,PNAND3,MY,0.0025,horizontal,AND3|MX|PNAND3|MY|0.0025|horizontal
AND3,MX,PNAND3,MY,0.07,horizontal,AND3|MX|PNAND3|MY|0.07|horizontal
AND3,MX,PNAND3,MY,0.14,horizontal,AND3|MX|PNAND3|MY|0.14|horizontal
AND3,MX,PNAND3,R0,0.0,horizontal,AND3|MX|PNAND3|R0|0.0|horizontal
AND3,MX,PNAND3,R0,0.0025,horizontal,AND3|MX|PNAND3|R0|0.0025|horizontal
AND3,MX,PNAND3,R0,0.07,horizontal,AND3|MX|PNAND3|R0|0.07|horizontal
AND3,MX,PNAND3,R0,0.14,horizontal,AND3|MX|PNAND3|R0|0.14|horizontal
AND3,MX,PNAND3,R180,0.0,horizontal,AND3|MX|PNAND3|R180|0.0|horizontal
AND3,MX,PNAND3,R180,0.0025,horizontal,AND3|MX|PNAND3|R180|0.0025|horizontal
AND3,MX,PNAND3,R180,0.07,horizontal,AND3|MX|PNAND3|R180|0.07|horizontal
AND3,MX,PNAND3,R180,0.14,horizontal,AND3|MX|PNAND3|R180|0.14|horizontal
AND3,MX,WORDLINEDRIVER,MX,0.0,horizontal,AND3|MX|WORDLINEDRIVER|MX|0.0|horizontal
AND3,MX,WORDLINEDRIVER,MX,0.0025,horizontal,AND3|MX|WORDLINEDRIVER|MX|0.0025|horizontal
AND3,MX,WORDLINEDRIVER,MX,0.07,horizontal,AND3|MX|WORDLINEDRIVER|MX|0.07|horizontal
AND3,MX,WORDLINEDRIVER,MX,0.14,horizontal,AND3|MX|WORDLINEDRIVER|MX|0.14|horizontal
AND3,MX,WORDLINEDRIVER,MY,0.0,horizontal,AND3|MX|WORDLINEDRIVER|MY|0.0|horizontal
AND3,MX,WORDLINEDRIVER,MY,0.0025,horizontal,AND3|MX|WORDLINEDRIVER|MY|0.0025|horizontal
AND3,MX,WORDLINEDRIVER,MY,0.07,horizontal,AND3|MX|WORDLINEDRIVER|MY|0.07|horizontal
AND3,MX,WORDLINEDRIVER,MY,0.14,horizontal,AND3|MX|WORDLINEDRIVER|MY|0.14|horizontal
AND3,MX,WORDLINEDRIVER,R0,0.0,horizontal,AND3|MX|WORDLINEDRIVER|R0|0.0|horizontal
AND3,MX,WORDLINEDRIVER,R0,0.0025,horizontal,AND3|MX|WORDLINEDRIVER|R0|0.0025|horizontal
AND3,MX,WORDLINEDRIVER,R0,0.07,horizontal,AND3|MX|WORDLINEDRIVER|R0|0.07|horizontal
AND3,MX,WORDLINEDRIVER,R0,0.14,horizontal,AND3|MX|WORDLINEDRIVER|R0|0.14|horizontal
AND3,MX,WORDLINEDRIVER,R180,0.0,horizontal,AND3|MX|WORDLINEDRIVER|R180|0.0|horizontal
AND3,MX,WORDLINEDRIVER,R180,0.0025,horizontal,AND3|MX|WORDLINEDRIVER|R180|0.0025|horizontal
AND3,MX,WORDLINEDRIVER,R180,0.07,horizontal,AND3|MX|WORDLINEDRIVER|R180|0.07|horizontal
AND3,MX,WORDLINEDRIVER,R180,0.14,horizontal,AND3|MX|WORDLINEDRIVER|R180|0.14|horizontal
AND3,MY,AND2,MX,0.0,horizontal,AND3|MY|AND2|MX|0.0|horizontal
AND3,MY,AND2,MX,0.0025,horizontal,AND3|MY|AND2|MX|0.0025|horizontal
AND3,MY,AND2,MX,0.07,horizontal,AND3|MY|AND2|MX|0.07|horizontal
AND3,MY,AND2,MX,0.14,horizontal,AND3|MY|AND2|MX|0.14|horizontal
AND3,MY,AND2,MY,0.0,horizontal,AND3|MY|AND2|MY|0.0|horizontal
AND3,MY,AND2,MY,0.0025,horizontal,AND3|MY|AND2|MY|0.0025|horizontal
AND3,MY,AND2,MY,0.07,horizontal,AND3|MY|AND2|MY|0.07|horizontal
AND3,MY,AND2,MY,0.14,horizontal,AND3|MY|AND2|MY|0.14|horizontal
AND3,MY,AND2,R0,0.0,horizontal,AND3|MY|AND2|R0|0.0|horizontal
AND3,MY,AND2,R0,0.0025,horizontal,AND3|MY|AND2|R0|0.0025|horizontal
AND3,MY,AND2,R0,0.07,horizontal,AND3|MY|AND2|R0|0.07|horizontal
AND3,MY,AND2,R0,0.14,horizontal,AND3|MY|AND2|R0|0.14|horizontal
AND3,MY,AND2,R180,0.0,horizontal,AND3|MY|AND2|R180|0.0|horizontal
AND3,MY,AND2,R180,0.0025,horizontal,AND3|MY|AND2|R180|0.0025|horizontal
AND3,MY,AND2,R180,0.07,horizontal,AND3|MY|AND2|R180|0.07|horizontal
AND3,MY,AND2,R180,0.14,horizontal,AND3|MY|AND2|R180|0.14|horizontal
AND3,MY,AND3,MX,0.0,horizontal,AND3|MY|AND3|MX|0.0|horizontal
AND3,MY,AND3,MX,0.0025,horizontal,AND3|MY|AND3|MX|0.0025|horizontal
AND3,MY,AND3,MX,0.07,horizontal,AND3|MY|AND3|MX|0.07|horizontal
AND3,MY,AND3,MX,0.14,horizontal,AND3|MY|AND3|MX|0.14|horizontal
AND3,MY,AND3,MY,0.0,horizontal,AND3|MY|AND3|MY|0.0|horizontal
AND3,MY,AND3,MY,0.0025,horizontal,AND3|MY|AND3|MY|0.0025|horizontal
AND3,MY,AND3,MY,0.07,horizontal,AND3|MY|AND3|MY|0.07|horizontal
AND3,MY,AND3,MY,0.14,horizontal,AND3|MY|AND3|MY|0.14|horizontal
AND3,MY,AND3,R0,0.0,horizontal,AND3|MY|AND3|R0|0.0|horizontal
AND3,MY,AND3,R0,0.0025,horizontal,AND3|MY|AND3|R0|0.0025|horizontal
AND3,MY,AND3,R0,0.07,horizontal,AND3|MY|AND3|R0|0.07|horizontal
AND3,MY,AND3,R0,0.14,horizontal,AND3|MY|AND3|R0|0.14|horizontal
AND3,MY,AND3,R180,0.0,horizontal,AND3|MY|AND3|R180|0.0|horizontal
AND3,MY,AND3,R180,0.0025,horizontal,AND3|MY|AND3|R180|0.0025|horizontal
AND3,MY,AND3,R180,0.07,horizontal,AND3|MY|AND3|R180|0.07|horizontal
AND3,MY,AND3,R180,0.14,horizontal,AND3|MY|AND3|R180|0.14|horizontal
AND3,MY,PINV,MX,0.0,horizontal,AND3|MY|PINV|MX|0.0|horizontal
AND3,MY,PINV,MX,0.0025,horizontal,AND3|MY|PINV|MX|0.0025|horizontal
AND3,MY,PINV,MX,0.07,horizontal,AND3|MY|PINV|MX|0.07|horizontal
AND3,MY,PINV,MX,0.14,horizontal,AND3|MY|PINV|MX|0.14|horizontal
AND3,MY,PINV,MY,0.0,horizontal,AND3|MY|PINV|MY|0.0|horizontal
AND3,MY,PINV,MY,0.0025,horizontal,AND3|MY|PINV|MY|0.0025|horizontal
AND3,MY,PINV,MY,0.07,horizontal,AND3|MY|PINV|MY|0.07|horizontal
AND3,MY,PINV,MY,0.14,horizontal,AND3|MY|PINV|MY|0.14|horizontal
AND3,MY,PINV,R0,0.0,horizontal,AND3|MY|PINV|R0|0.0|horizontal
AND3,MY,PINV,R0,0.0025,horizontal,AND3|MY|PINV|R0|0.0025|horizontal
AND3,MY,PINV,R0,0.07,horizontal,AND3|MY|PINV|R0|0.07|horizontal
AND3,MY,PINV,R0,0.14,horizontal,AND3|MY|PINV|R0|0.14|horizontal
AND3,MY,PINV,R180,0.0,horizontal,AND3|MY|PINV|R180|0.0|horizontal
AND3,MY,PINV,R180,0.0025,horizontal,AND3|MY|PINV|R180|0.0025|horizontal
AND3,MY,PINV,R180,0.07,horizontal,AND3|MY|PINV|R180|0.07|horizontal
AND3,MY,PINV,R180,0.14,horizontal,AND3|MY|PINV|R180|0.14|horizontal
AND3,MY,PNAND2,MX,0.0,horizontal,AND3|MY|PNAND2|MX|0.0|horizontal
AND3,MY,PNAND2,MX,0.0025,horizontal,AND3|MY|PNAND2|MX|0.0025|horizontal
AND3,MY,PNAND2,MX,0.07,horizontal,AND3|MY|PNAND2|MX|0.07|horizontal
AND3,MY,PNAND2,MX,0.14,horizontal,AND3|MY|PNAND2|MX|0.14|horizontal
AND3,MY,PNAND2,MY,0.0,horizontal,AND3|MY|PNAND2|MY|0.0|horizontal
AND3,MY,PNAND2,MY,0.0025,horizontal,AND3|MY|PNAND2|MY|0.0025|horizontal
AND3,MY,PNAND2,MY,0.07,horizontal,AND3|MY|PNAND2|MY|0.07|horizontal
AND3,MY,PNAND2,MY,0.14,horizontal,AND3|MY|PNAND2|MY|0.14|horizontal
AND3,MY,PNAND2,R0,0.0,horizontal,AND3|MY|PNAND2|R0|0.0|horizontal
AND3,MY,PNAND2,R0,0.0025,horizontal,AND3|MY|PNAND2|R0|0.0025|horizontal
AND3,MY,PNAND2,R0,0.07,horizontal,AND3|MY|PNAND2|R0|0.07|horizontal
AND3,MY,PNAND2,R0,0.14,horizontal,AND3|MY|PNAND2|R0|0.14|horizontal
AND3,MY,PNAND2,R180,0.0,horizontal,AND3|MY|PNAND2|R180|0.0|horizontal
AND3,MY,PNAND2,R180,0.0025,horizontal,AND3|MY|PNAND2|R180|0.0025|horizontal
AND3,MY,PNAND2,R180,0.07,horizontal,AND3|MY|PNAND2|R180|0.07|horizontal
AND3,MY,PNAND2,R180,0.14,horizontal,AND3|MY|PNAND2|R180|0.14|horizontal
AND3,MY,PNAND3,MX,0.0,horizontal,AND3|MY|PNAND3|MX|0.0|horizontal
AND3,MY,PNAND3,MX,0.0025,horizontal,AND3|MY|PNAND3|MX|0.0025|horizontal
AND3,MY,PNAND3,MX,0.07,horizontal,AND3|MY|PNAND3|MX|0.07|horizontal
AND3,MY,PNAND3,MX,0.14,horizontal,AND3|MY|PNAND3|MX|0.14|horizontal
AND3,MY,PNAND3,MY,0.0,horizontal,AND3|MY|PNAND3|MY|0.0|horizontal
AND3,MY,PNAND3,MY,0.0025,horizontal,AND3|MY|PNAND3|MY|0.0025|horizontal
AND3,MY,PNAND3,MY,0.07,horizontal,AND3|MY|PNAND3|MY|0.07|horizontal
AND3,MY,PNAND3,MY,0.14,horizontal,AND3|MY|PNAND3|MY|0.14|horizontal
AND3,MY,PNAND3,R0,0.0,horizontal,AND3|MY|PNAND3|R0|0.0|horizontal
AND3,MY,PNAND3,R0,0.0025,horizontal,AND3|MY|PNAND3|R0|0.0025|horizontal
AND3,MY,PNAND3,R0,0.07,horizontal,AND3|MY|PNAND3|R0|0.07|horizontal
AND3,MY,PNAND3,R0,0.14,horizontal,AND3|MY|PNAND3|R0|0.14|horizontal
AND3,MY,PNAND3,R180,0.0,horizontal,AND3|MY|PNAND3|R180|0.0|horizontal
AND3,MY,PNAND3,R180,0.0025,horizontal,AND3|MY|PNAND3|R180|0.0025|horizontal
AND3,MY,PNAND3,R180,0.07,horizontal,AND3|MY|PNAND3|R180|0.07|horizontal
AND3,MY,PNAND3,R180,0.14,horizontal,AND3|MY|PNAND3|R180|0.14|horizontal
AND3,MY,WORDLINEDRIVER,MX,0.0,horizontal,AND3|MY|WORDLINEDRIVER|MX|0.0|horizontal
AND3,MY,WORDLINEDRIVER,MX,0.0025,horizontal,AND3|MY|WORDLINEDRIVER|MX|0.0025|horizontal
AND3,MY,WORDLINEDRIVER,MX,0.07,horizontal,AND3|MY|WORDLINEDRIVER|MX|0.07|horizontal
AND3,MY,WORDLINEDRIVER,MX,0.14,horizontal,AND3|MY|WORDLINEDRIVER|MX|0.14|horizontal
AND3,MY,WORDLINEDRIVER,MY,0.0,horizontal,AND3|MY|WORDLINEDRIVER|MY|0.0|horizontal
AND3,MY,WORDLINEDRIVER,MY,0.0025,horizontal,AND3|MY|WORDLINEDRIVER|MY|0.0025|horizontal
AND3,MY,WORDLINEDRIVER,MY,0.07,horizontal,AND3|MY|WORDLINEDRIVER|MY|0.07|horizontal
AND3,MY,WORDLINEDRIVER,MY,0.14,horizontal,AND3|MY|WORDLINEDRIVER|MY|0.14|horizontal
AND3,MY,WORDLINEDRIVER,R0,0.0,horizontal,AND3|MY|WORDLINEDRIVER|R0|0.0|horizontal
AND3,MY,WORDLINEDRIVER,R0,0.0025,horizontal,AND3|MY|WORDLINEDRIVER|R0|0.0025|horizontal
AND3,MY,WORDLINEDRIVER,R0,0.07,horizontal,AND3|MY|WORDLINEDRIVER|R0|0.07|horizontal
AND3,MY,WORDLINEDRIVER,R0,0.14,horizontal,AND3|MY|WORDLINEDRIVER|R0|0.14|horizontal
AND3,MY,WORDLINEDRIVER,R180,0.0,horizontal,AND3|MY|WORDLINEDRIVER|R180|0.0|horizontal
AND3,MY,WORDLINEDRIVER,R180,0.0025,horizontal,AND3|MY|WORDLINEDRIVER|R180|0.0025|horizontal
AND3,MY,WORDLINEDRIVER,R180,0.07,horizontal,AND3|MY|WORDLINEDRIVER|R180|0.07|horizontal
AND3,MY,WORDLINEDRIVER,R180,0.14,horizontal,AND3|MY|WORDLINEDRIVER|R180|0.14|horizontal
AND3,R0,AND2,MX,0.0,horizontal,AND3|R0|AND2|MX|0.0|horizontal
AND3,R0,AND2,MX,0.0025,horizontal,AND3|R0|AND2|MX|0.0025|horizontal
AND3,R0,AND2,MX,0.07,horizontal,AND3|R0|AND2|MX|0.07|horizontal
AND3,R0,AND2,MX,0.14,horizontal,AND3|R0|AND2|MX|0.14|horizontal
AND3,R0,AND2,MY,0.0,horizontal,AND3|R0|AND2|MY|0.0|horizontal
AND3,R0,AND2,MY,0.0025,horizontal,AND3|R0|AND2|MY|0.0025|horizontal
AND3,R0,AND2,MY,0.07,horizontal,AND3|R0|AND2|MY|0.07|horizontal
AND3,R0,AND2,MY,0.14,horizontal,AND3|R0|AND2|MY|0.14|horizontal
AND3,R0,AND2,R0,0.0,horizontal,AND3|R0|AND2|R0|0.0|horizontal
AND3,R0,AND2,R0,0.0025,horizontal,AND3|R0|AND2|R0|0.0025|horizontal
AND3,R0,AND2,R0,0.07,horizontal,AND3|R0|AND2|R0|0.07|horizontal
AND3,R0,AND2,R0,0.14,horizontal,AND3|R0|AND2|R0|0.14|horizontal
AND3,R0,AND2,R180,0.0,horizontal,AND3|R0|AND2|R180|0.0|horizontal
AND3,R0,AND2,R180,0.0025,horizontal,AND3|R0|AND2|R180|0.0025|horizontal
AND3,R0,AND2,R180,0.07,horizontal,AND3|R0|AND2|R180|0.07|horizontal
AND3,R0,AND2,R180,0.14,horizontal,AND3|R0|AND2|R180|0.14|horizontal
AND3,R0,AND3,MX,0.0,horizontal,AND3|R0|AND3|MX|0.0|horizontal
AND3,R0,AND3,MX,0.0025,horizontal,AND3|R0|AND3|MX|0.0025|horizontal
AND3,R0,AND3,MX,0.07,horizontal,AND3|R0|AND3|MX|0.07|horizontal
AND3,R0,AND3,MX,0.14,horizontal,AND3|R0|AND3|MX|0.14|horizontal
AND3,R0,AND3,MY,0.0,horizontal,AND3|R0|AND3|MY|0.0|horizontal
AND3,R0,AND3,MY,0.0025,horizontal,AND3|R0|AND3|MY|0.0025|horizontal
AND3,R0,AND3,MY,0.07,horizontal,AND3|R0|AND3|MY|0.07|horizontal
AND3,R0,AND3,MY,0.14,horizontal,AND3|R0|AND3|MY|0.14|horizontal
AND3,R0,AND3,R0,0.0,horizontal,AND3|R0|AND3|R0|0.0|horizontal
AND3,R0,AND3,R0,0.0025,horizontal,AND3|R0|AND3|R0|0.0025|horizontal
AND3,R0,AND3,R0,0.07,horizontal,AND3|R0|AND3|R0|0.07|horizontal
AND3,R0,AND3,R0,0.14,horizontal,AND3|R0|AND3|R0|0.14|horizontal
AND3,R0,AND3,R180,0.0,horizontal,AND3|R0|AND3|R180|0.0|horizontal
AND3,R0,AND3,R180,0.0025,horizontal,AND3|R0|AND3|R180|0.0025|horizontal
AND3,R0,AND3,R180,0.07,horizontal,AND3|R0|AND3|R180|0.07|horizontal
AND3,R0,AND3,R180,0.14,horizontal,AND3|R0|AND3|R180|0.14|horizontal
AND3,R0,PINV,MX,0.0,horizontal,AND3|R0|PINV|MX|0.0|horizontal
AND3,R0,PINV,MX,0.0025,horizontal,AND3|R0|PINV|MX|0.0025|horizontal
AND3,R0,PINV,MX,0.07,horizontal,AND3|R0|PINV|MX|0.07|horizontal
AND3,R0,PINV,MX,0.14,horizontal,AND3|R0|PINV|MX|0.14|horizontal
AND3,R0,PINV,MY,0.0,horizontal,AND3|R0|PINV|MY|0.0|horizontal
AND3,R0,PINV,MY,0.0025,horizontal,AND3|R0|PINV|MY|0.0025|horizontal
AND3,R0,PINV,MY,0.07,horizontal,AND3|R0|PINV|MY|0.07|horizontal
AND3,R0,PINV,MY,0.14,horizontal,AND3|R0|PINV|MY|0.14|horizontal
AND3,R0,PINV,R0,0.0,horizontal,AND3|R0|PINV|R0|0.0|horizontal
AND3,R0,PINV,R0,0.0025,horizontal,AND3|R0|PINV|R0|0.0025|horizontal
AND3,R0,PINV,R0,0.07,horizontal,AND3|R0|PINV|R0|0.07|horizontal
AND3,R0,PINV,R0,0.14,horizontal,AND3|R0|PINV|R0|0.14|horizontal
AND3,R0,PINV,R180,0.0,horizontal,AND3|R0|PINV|R180|0.0|horizontal
AND3,R0,PINV,R180,0.0025,horizontal,AND3|R0|PINV|R180|0.0025|horizontal
AND3,R0,PINV,R180,0.07,horizontal,AND3|R0|PINV|R180|0.07|horizontal
AND3,R0,PINV,R180,0.14,horizontal,AND3|R0|PINV|R180|0.14|horizontal
AND3,R0,PNAND2,MX,0.0,horizontal,AND3|R0|PNAND2|MX|0.0|horizontal
AND3,R0,PNAND2,MX,0.0025,horizontal,AND3|R0|PNAND2|MX|0.0025|horizontal
AND3,R0,PNAND2,MX,0.07,horizontal,AND3|R0|PNAND2|MX|0.07|horizontal
AND3,R0,PNAND2,MX,0.14,horizontal,AND3|R0|PNAND2|MX|0.14|horizontal
AND3,R0,PNAND2,MY,0.0,horizontal,AND3|R0|PNAND2|MY|0.0|horizontal
AND3,R0,PNAND2,MY,0.0025,horizontal,AND3|R0|PNAND2|MY|0.0025|horizontal
AND3,R0,PNAND2,MY,0.07,horizontal,AND3|R0|PNAND2|MY|0.07|horizontal
AND3,R0,PNAND2,MY,0.14,horizontal,AND3|R0|PNAND2|MY|0.14|horizontal
AND3,R0,PNAND2,R0,0.0,horizontal,AND3|R0|PNAND2|R0|0.0|horizontal
AND3,R0,PNAND2,R0,0.0025,horizontal,AND3|R0|PNAND2|R0|0.0025|horizontal
AND3,R0,PNAND2,R0,0.07,horizontal,AND3|R0|PNAND2|R0|0.07|horizontal
AND3,R0,PNAND2,R0,0.14,horizontal,AND3|R0|PNAND2|R0|0.14|horizontal
AND3,R0,PNAND2,R180,0.0,horizontal,AND3|R0|PNAND2|R180|0.0|horizontal
AND3,R0,PNAND2,R180,0.0025,horizontal,AND3|R0|PNAND2|R180|0.0025|horizontal
AND3,R0,PNAND2,R180,0.07,horizontal,AND3|R0|PNAND2|R180|0.07|horizontal
AND3,R0,PNAND2,R180,0.14,horizontal,AND3|R0|PNAND2|R180|0.14|horizontal
AND3,R0,PNAND3,MX,0.0,horizontal,AND3|R0|PNAND3|MX|0.0|horizontal
AND3,R0,PNAND3,MX,0.0025,horizontal,AND3|R0|PNAND3|MX|0.0025|horizontal
AND3,R0,PNAND3,MX,0.07,horizontal,AND3|R0|PNAND3|MX|0.07|horizontal
AND3,R0,PNAND3,MX,0.14,horizontal,AND3|R0|PNAND3|MX|0.14|horizontal
AND3,R0,PNAND3,MY,0.0,horizontal,AND3|R0|PNAND3|MY|0.0|horizontal
AND3,R0,PNAND3,MY,0.0025,horizontal,AND3|R0|PNAND3|MY|0.0025|horizontal
AND3,R0,PNAND3,MY,0.07,horizontal,AND3|R0|PNAND3|MY|0.07|horizontal
AND3,R0,PNAND3,MY,0.14,horizontal,AND3|R0|PNAND3|MY|0.14|horizontal
AND3,R0,PNAND3,R0,0.0,horizontal,AND3|R0|PNAND3|R0|0.0|horizontal
AND3,R0,PNAND3,R0,0.0025,horizontal,AND3|R0|PNAND3|R0|0.0025|horizontal
AND3,R0,PNAND3,R0,0.07,horizontal,AND3|R0|PNAND3|R0|0.07|horizontal
AND3,R0,PNAND3,R0,0.14,horizontal,AND3|R0|PNAND3|R0|0.14|horizontal
AND3,R0,PNAND3,R180,0.0,horizontal,AND3|R0|PNAND3|R180|0.0|horizontal
AND3,R0,PNAND3,R180,0.0025,horizontal,AND3|R0|PNAND3|R180|0.0025|horizontal
AND3,R0,PNAND3,R180,0.07,horizontal,AND3|R0|PNAND3|R180|0.07|horizontal
AND3,R0,PNAND3,R180,0.14,horizontal,AND3|R0|PNAND3|R180|0.14|horizontal
AND3,R0,WORDLINEDRIVER,MX,0.0,horizontal,AND3|R0|WORDLINEDRIVER|MX|0.0|horizontal
AND3,R0,WORDLINEDRIVER,MX,0.0025,horizontal,AND3|R0|WORDLINEDRIVER|MX|0.0025|horizontal
AND3,R0,WORDLINEDRIVER,MX,0.07,horizontal,AND3|R0|WORDLINEDRIVER|MX|0.07|horizontal
AND3,R0,WORDLINEDRIVER,MX,0.14,horizontal,AND3|R0|WORDLINEDRIVER|MX|0.14|horizontal
AND3,R0,WORDLINEDRIVER,MY,0.0,horizontal,AND3|R0|WORDLINEDRIVER|MY|0.0|horizontal
AND3,R0,WORDLINEDRIVER,MY,0.0025,horizontal,AND3|R0|WORDLINEDRIVER|MY|0.0025|horizontal
AND3,R0,WORDLINEDRIVER,MY,0.07,horizontal,AND3|R0|WORDLINEDRIVER|MY|0.07|horizontal
AND3,R0,WORDLINEDRIVER,MY,0.14,horizontal,AND3|R0|WORDLINEDRIVER|MY|0.14|horizontal
AND3,R0,WORDLINEDRIVER,R0,0.0,horizontal,AND3|R0|WORDLINEDRIVER|R0|0.0|horizontal
AND3,R0,WORDLINEDRIVER,R0,0.0025,horizontal,AND3|R0|WORDLINEDRIVER|R0|0.0025|horizontal
AND3,R0,WORDLINEDRIVER,R0,0.07,horizontal,AND3|R0|WORDLINEDRIVER|R0|0.07|horizontal
AND3,R0,WORDLINEDRIVER,R0,0.14,horizontal,AND3|R0|WORDLINEDRIVER|R0|0.14|horizontal
AND3,R0,WORDLINEDRIVER,R180,0.0,horizontal,AND3|R0|WORDLINEDRIVER|R180|0.0|horizontal
AND3,R0,WORDLINEDRIVER,R180,0.0025,horizontal,AND3|R0|WORDLINEDRIVER|R180|0.0025|horizontal
AND3,R0,WORDLINEDRIVER,R180,0.07,horizontal,AND3|R0|WORDLINEDRIVER|R180|0.07|horizontal
AND3,R0,WORDLINEDRIVER,R180,0.14,horizontal,AND3|R0|WORDLINEDRIVER|R180|0.14|horizontal
AND3,R180,AND2,MX,0.0,horizontal,AND3|R180|AND2|MX|0.0|horizontal
AND3,R180,AND2,MX,0.0025,horizontal,AND3|R180|AND2|MX|0.0025|horizontal
AND3,R180,AND2,MX,0.07,horizontal,AND3|R180|AND2|MX|0.07|horizontal
AND3,R180,AND2,MX,0.14,horizontal,AND3|R180|AND2|MX|0.14|horizontal
AND3,R180,AND2,MY,0.0,horizontal,AND3|R180|AND2|MY|0.0|horizontal
AND3,R180,AND2,MY,0.0025,horizontal,AND3|R180|AND2|MY|0.0025|horizontal
AND3,R180,AND2,MY,0.07,horizontal,AND3|R180|AND2|MY|0.07|horizontal
AND3,R180,AND2,MY,0.14,horizontal,AND3|R180|AND2|MY|0.14|horizontal
AND3,R180,AND2,R0,0.0,horizontal,AND3|R180|AND2|R0|0.0|horizontal
AND3,R180,AND2,R0,0.0025,horizontal,AND3|R180|AND2|R0|0.0025|horizontal
AND3,R180,AND2,R0,0.07,horizontal,AND3|R180|AND2|R0|0.07|horizontal
AND3,R180,AND2,R0,0.14,horizontal,AND3|R180|AND2|R0|0.14|horizontal
AND3,R180,AND2,R180,0.0,horizontal,AND3|R180|AND2|R180|0.0|horizontal
AND3,R180,AND2,R180,0.0025,horizontal,AND3|R180|AND2|R180|0.0025|horizontal
AND3,R180,AND2,R180,0.07,horizontal,AND3|R180|AND2|R180|0.07|horizontal
AND3,R180,AND2,R180,0.14,horizontal,AND3|R180|AND2|R180|0.14|horizontal
AND3,R180,AND3,MX,0.0,horizontal,AND3|R180|AND3|MX|0.0|horizontal
AND3,R180,AND3,MX,0.0025,horizontal,AND3|R180|AND3|MX|0.0025|horizontal
AND3,R180,AND3,MX,0.07,horizontal,AND3|R180|AND3|MX|0.07|horizontal
AND3,R180,AND3,MX,0.14,horizontal,AND3|R180|AND3|MX|0.14|horizontal
AND3,R180,AND3,MY,0.0,horizontal,AND3|R180|AND3|MY|0.0|horizontal
AND3,R180,AND3,MY,0.0025,horizontal,AND3|R180|AND3|MY|0.0025|horizontal
AND3,R180,AND3,MY,0.07,horizontal,AND3|R180|AND3|MY|0.07|horizontal
AND3,R180,AND3,MY,0.14,horizontal,AND3|R180|AND3|MY|0.14|horizontal
AND3,R180,AND3,R0,0.0,horizontal,AND3|R180|AND3|R0|0.0|horizontal
AND3,R180,AND3,R0,0.0025,horizontal,AND3|R180|AND3|R0|0.0025|horizontal
AND3,R180,AND3,R0,0.07,horizontal,AND3|R180|AND3|R0|0.07|horizontal
AND3,R180,AND3,R0,0.14,horizontal,AND3|R180|AND3|R0|0.14|horizontal
AND3,R180,AND3,R180,0.0,horizontal,AND3|R180|AND3|R180|0.0|horizontal
AND3,R180,AND3,R180,0.0025,horizontal,AND3|R180|AND3|R180|0.0025|horizontal
AND3,R180,AND3,R180,0.07,horizontal,AND3|R180|AND3|R180|0.07|horizontal
AND3,R180,AND3,R180,0.14,horizontal,AND3|R180|AND3|R180|0.14|horizontal
AND3,R180,PINV,MX,0.0,horizontal,AND3|R180|PINV|MX|0.0|horizontal
AND3,R180,PINV,MX,0.0025,horizontal,AND3|R180|PINV|MX|0.0025|horizontal
AND3,R180,PINV,MX,0.07,horizontal,AND3|R180|PINV|MX|0.07|horizontal
AND3,R180,PINV,MX,0.14,horizontal,AND3|R180|PINV|MX|0.14|horizontal
AND3,R180,PINV,MY,0.0,horizontal,AND3|R180|PINV|MY|0.0|horizontal
AND3,R180,PINV,MY,0.0025,horizontal,AND3|R180|PINV|MY|0.0025|horizontal
AND3,R180,PINV,MY,0.07,horizontal,AND3|R180|PINV|MY|0.07|horizontal
AND3,R180,PINV,MY,0.14,horizontal,AND3|R180|PINV|MY|0.14|horizontal
AND3,R180,PINV,R0,0.0,horizontal,AND3|R180|PINV|R0|0.0|horizontal
AND3,R180,PINV,R0,0.0025,horizontal,AND3|R180|PINV|R0|0.0025|horizontal
AND3,R180,PINV,R0,0.07,horizontal,AND3|R180|PINV|R0|0.07|horizontal
AND3,R180,PINV,R0,0.14,horizontal,AND3|R180|PINV|R0|0.14|horizontal
AND3,R180,PINV,R180,0.0,horizontal,AND3|R180|PINV|R180|0.0|horizontal
AND3,R180,PINV,R180,0.0025,horizontal,AND3|R180|PINV|R180|0.0025|horizontal
AND3,R180,PINV,R180,0.07,horizontal,AND3|R180|PINV|R180|0.07|horizontal
AND3,R180,PINV,R180,0.14,horizontal,AND3|R180|PINV|R180|0.14|horizontal
AND3,R180,PNAND2,MX,0.0,horizontal,AND3|R180|PNAND2|MX|0.0|horizontal
AND3,R180,PNAND2,MX,0.0025,horizontal,AND3|R180|PNAND2|MX|0.0025|horizontal
AND3,R180,PNAND2,MX,0.07,horizontal,AND3|R180|PNAND2|MX|0.07|horizontal
AND3,R180,PNAND2,MX,0.14,horizontal,AND3|R180|PNAND2|MX|0.14|horizontal
AND3,R180,PNAND2,MY,0.0,horizontal,AND3|R180|PNAND2|MY|0.0|horizontal
AND3,R180,PNAND2,MY,0.0025,horizontal,AND3|R180|PNAND2|MY|0.0025|horizontal
AND3,R180,PNAND2,MY,0.07,horizontal,AND3|R180|PNAND2|MY|0.07|horizontal
AND3,R180,PNAND2,MY,0.14,horizontal,AND3|R180|PNAND2|MY|0.14|horizontal
AND3,R180,PNAND2,R0,0.0,horizontal,AND3|R180|PNAND2|R0|0.0|horizontal
AND3,R180,PNAND2,R0,0.0025,horizontal,AND3|R180|PNAND2|R0|0.0025|horizontal
AND3,R180,PNAND2,R0,0.07,horizontal,AND3|R180|PNAND2|R0|0.07|horizontal
AND3,R180,PNAND2,R0,0.14,horizontal,AND3|R180|PNAND2|R0|0.14|horizontal
AND3,R180,PNAND2,R180,0.0,horizontal,AND3|R180|PNAND2|R180|0.0|horizontal
AND3,R180,PNAND2,R180,0.0025,horizontal,AND3|R180|PNAND2|R180|0.0025|horizontal
AND3,R180,PNAND2,R180,0.07,horizontal,AND3|R180|PNAND2|R180|0.07|horizontal
AND3,R180,PNAND2,R180,0.14,horizontal,AND3|R180|PNAND2|R180|0.14|horizontal
AND3,R180,PNAND3,MX,0.0,horizontal,AND3|R180|PNAND3|MX|0.0|horizontal
AND3,R180,PNAND3,MX,0.0025,horizontal,AND3|R180|PNAND3|MX|0.0025|horizontal
AND3,R180,PNAND3,MX,0.07,horizontal,AND3|R180|PNAND3|MX|0.07|horizontal
AND3,R180,PNAND3,MX,0.14,horizontal,AND3|R180|PNAND3|MX|0.14|horizontal
AND3,R180,PNAND3,MY,0.0,horizontal,AND3|R180|PNAND3|MY|0.0|horizontal
AND3,R180,PNAND3,MY,0.0025,horizontal,AND3|R180|PNAND3|MY|0.0025|horizontal
AND3,R180,PNAND3,MY,0.07,horizontal,AND3|R180|PNAND3|MY|0.07|horizontal
AND3,R180,PNAND3,MY,0.14,horizontal,AND3|R180|PNAND3|MY|0.14|horizontal
AND3,R180,PNAND3,R0,0.0,horizontal,AND3|R180|PNAND3|R0|0.0|horizontal
AND3,R180,PNAND3,R0,0.0025,horizontal,AND3|R180|PNAND3|R0|0.0025|horizontal
AND3,R180,PNAND3,R0,0.07,horizontal,AND3|R180|PNAND3|R0|0.07|horizontal
AND3,R180,PNAND3,R0,0.14,horizontal,AND3|R180|PNAND3|R0|0.14|horizontal
AND3,R180,PNAND3,R180,0.0,horizontal,AND3|R180|PNAND3|R180|0.0|horizontal
AND3,R180,PNAND3,R180,0.0025,horizontal,AND3|R180|PNAND3|R180|0.0025|horizontal
AND3,R180,PNAND3,R180,0.07,horizontal,AND3|R180|PNAND3|R180|0.07|horizontal
AND3,R180,PNAND3,R180,0.14,horizontal,AND3|R180|PNAND3|R180|0.14|horizontal
AND3,R180,WORDLINEDRIVER,MX,0.0,horizontal,AND3|R180|WORDLINEDRIVER|MX|0.0|horizontal
AND3,R180,WORDLINEDRIVER,MX,0.0025,horizontal,AND3|R180|WORDLINEDRIVER|MX|0.0025|horizontal
AND3,R180,WORDLINEDRIVER,MX,0.07,horizontal,AND3|R180|WORDLINEDRIVER|MX|0.07|horizontal
AND3,R180,WORDLINEDRIVER,MX,0.14,horizontal,AND3|R180|WORDLINEDRIVER|MX|0.14|horizontal
AND3,R180,WORDLINEDRIVER,MY,0.0,horizontal,AND3|R180|WORDLINEDRIVER|MY|0.0|horizontal
AND3,R180,WORDLINEDRIVER,MY,0.0025,horizontal,AND3|R180|WORDLINEDRIVER|MY|0.0025|horizontal
AND3,R180,WORDLINEDRIVER,MY,0.07,horizontal,AND3|R180|WORDLINEDRIVER|MY|0.07|horizontal
AND3,R180,WORDLINEDRIVER,MY,0.14,horizontal,AND3|R180|WORDLINEDRIVER|MY|0.14|horizontal
AND3,R180,WORDLINEDRIVER,R0,0.0,horizontal,AND3|R180|WORDLINEDRIVER|R0|0.0|horizontal
AND3,R180,WORDLINEDRIVER,R0,0.0025,horizontal,AND3|R180|WORDLINEDRIVER|R0|0.0025|horizontal
AND3,R180,WORDLINEDRIVER,R0,0.07,horizontal,AND3|R180|WORDLINEDRIVER|R0|0.07|horizontal
AND3,R180,WORDLINEDRIVER,R0,0.14,horizontal,AND3|R180|WORDLINEDRIVER|R0|0.14|horizontal
AND3,R180,WORDLINEDRIVER,R180,0.0,horizontal,AND3|R180|WORDLINEDRIVER|R180|0.0|horizontal
AND3,R180,WORDLINEDRIVER,R180,0.0025,horizontal,AND3|R180|WORDLINEDRIVER|R180|0.0025|horizontal
AND3,R180,WORDLINEDRIVER,R180,0.07,horizontal,AND3|R180|WORDLINEDRIVER|R180|0.07|horizontal
AND3,R180,WORDLINEDRIVER,R180,0.14,horizontal,AND3|R180|WORDLINEDRIVER|R180|0.14|horizontal
PINV,MX,AND2,MX,0.0,horizontal,PINV|MX|AND2|MX|0.0|horizontal
PINV,MX,AND2,MX,0.0025,horizontal,PINV|MX|AND2|MX|0.0025|horizontal
PINV,MX,AND2,MX,0.07,horizontal,PINV|MX|AND2|MX|0.07|horizontal
PINV,MX,AND2,MX,0.14,horizontal,PINV|MX|AND2|MX|0.14|horizontal
PINV,MX,AND2,MY,0.0,horizontal,PINV|MX|AND2|MY|0.0|horizontal
PINV,MX,AND2,MY,0.0025,horizontal,PINV|MX|AND2|MY|0.0025|horizontal
PINV,MX,AND2,MY,0.07,horizontal,PINV|MX|AND2|MY|0.07|horizontal
PINV,MX,AND2,MY,0.14,horizontal,PINV|MX|AND2|MY|0.14|horizontal
PINV,MX,AND2,R0,0.0,horizontal,PINV|MX|AND2|R0|0.0|horizontal
PINV,MX,AND2,R0,0.0025,horizontal,PINV|MX|AND2|R0|0.0025|horizontal
PINV,MX,AND2,R0,0.07,horizontal,PINV|MX|AND2|R0|0.07|horizontal
PINV,MX,AND2,R0,0.14,horizontal,PINV|MX|AND2|R0|0.14|horizontal
PINV,MX,AND2,R180,0.0,horizontal,PINV|MX|AND2|R180|0.0|horizontal
PINV,MX,AND2,R180,0.0025,horizontal,PINV|MX|AND2|R180|0.0025|horizontal
PINV,MX,AND2,R180,0.07,horizontal,PINV|MX|AND2|R180|0.07|horizontal
PINV,MX,AND2,R180,0.14,horizontal,PINV|MX|AND2|R180|0.14|horizontal
PINV,MX,AND3,MX,0.0,horizontal,PINV|MX|AND3|MX|0.0|horizontal
PINV,MX,AND3,MX,0.0025,horizontal,PINV|MX|AND3|MX|0.0025|horizontal
PINV,MX,AND3,MX,0.07,horizontal,PINV|MX|AND3|MX|0.07|horizontal
PINV,MX,AND3,MX,0.14,horizontal,PINV|MX|AND3|MX|0.14|horizontal
PINV,MX,AND3,MY,0.0,horizontal,PINV|MX|AND3|MY|0.0|horizontal
PINV,MX,AND3,MY,0.0025,horizontal,PINV|MX|AND3|MY|0.0025|horizontal
PINV,MX,AND3,MY,0.07,horizontal,PINV|MX|AND3|MY|0.07|horizontal
PINV,MX,AND3,MY,0.14,horizontal,PINV|MX|AND3|MY|0.14|horizontal
PINV,MX,AND3,R0,0.0,horizontal,PINV|MX|AND3|R0|0.0|horizontal
PINV,MX,AND3,R0,0.0025,horizontal,PINV|MX|AND3|R0|0.0025|horizontal
PINV,MX,AND3,R0,0.07,horizontal,PINV|MX|AND3|R0|0.07|horizontal
PINV,MX,AND3,R0,0.14,horizontal,PINV|MX|AND3|R0|0.14|horizontal
PINV,MX,AND3,R180,0.0,horizontal,PINV|MX|AND3|R180|0.0|horizontal
PINV,MX,AND3,R180,0.0025,horizontal,PINV|MX|AND3|R180|0.0025|horizontal
PINV,MX,AND3,R180,0.07,horizontal,PINV|MX|AND3|R180|0.07|horizontal
PINV,MX,AND3,R180,0.14,horizontal,PINV|MX|AND3|R180|0.14|horizontal
PINV,MX,PINV,MX,0.0,horizontal,PINV|MX|PINV|MX|0.0|horizontal
PINV,MX,PINV,MX,0.0025,horizontal,PINV|MX|PINV|MX|0.0025|horizontal
PINV,MX,PINV,MX,0.07,horizontal,PINV|MX|PINV|MX|0.07|horizontal
PINV,MX,PINV,MX,0.14,horizontal,PINV|MX|PINV|MX|0.14|horizontal
PINV,MX,PINV,MY,0.0,horizontal,PINV|MX|PINV|MY|0.0|horizontal
PINV,MX,PINV,MY,0.0025,horizontal,PINV|MX|PINV|MY|0.0025|horizontal
PINV,MX,PINV,MY,0.07,horizontal,PINV|MX|PINV|MY|0.07|horizontal
PINV,MX,PINV,MY,0.14,horizontal,PINV|MX|PINV|MY|0.14|horizontal
PINV,MX,PINV,R0,0.0,horizontal,PINV|MX|PINV|R0|0.0|horizontal
PINV,MX,PINV,R0,0.0025,horizontal,PINV|MX|PINV|R0|0.0025|horizontal
PINV,MX,PINV,R0,0.07,horizontal,PINV|MX|PINV|R0|0.07|horizontal
PINV,MX,PINV,R0,0.14,horizontal,PINV|MX|PINV|R0|0.14|horizontal
PINV,MX,PINV,R180,0.0,horizontal,PINV|MX|PINV|R180|0.0|horizontal
PINV,MX,PINV,R180,0.0025,horizontal,PINV|MX|PINV|R180|0.0025|horizontal
PINV,MX,PINV,R180,0.07,horizontal,PINV|MX|PINV|R180|0.07|horizontal
PINV,MX,PINV,R180,0.14,horizontal,PINV|MX|PINV|R180|0.14|horizontal
PINV,MX,PNAND2,MX,0.0,horizontal,PINV|MX|PNAND2|MX|0.0|horizontal
PINV,MX,PNAND2,MX,0.0025,horizontal,PINV|MX|PNAND2|MX|0.0025|horizontal
PINV,MX,PNAND2,MX,0.07,horizontal,PINV|MX|PNAND2|MX|0.07|horizontal
PINV,MX,PNAND2,MX,0.14,horizontal,PINV|MX|PNAND2|MX|0.14|horizontal
PINV,MX,PNAND2,MY,0.0,horizontal,PINV|MX|PNAND2|MY|0.0|horizontal
PINV,MX,PNAND2,MY,0.0025,horizontal,PINV|MX|PNAND2|MY|0.0025|horizontal
PINV,MX,PNAND2,MY,0.07,horizontal,PINV|MX|PNAND2|MY|0.07|horizontal
PINV,MX,PNAND2,MY,0.14,horizontal,PINV|MX|PNAND2|MY|0.14|horizontal
PINV,MX,PNAND2,R0,0.0,horizontal,PINV|MX|PNAND2|R0|0.0|horizontal
PINV,MX,PNAND2,R0,0.0025,horizontal,PINV|MX|PNAND2|R0|0.0025|horizontal
PINV,MX,PNAND2,R0,0.07,horizontal,PINV|MX|PNAND2|R0|0.07|horizontal
PINV,MX,PNAND2,R0,0.14,horizontal,PINV|MX|PNAND2|R0|0.14|horizontal
PINV,MX,PNAND2,R180,0.0,horizontal,PINV|MX|PNAND2|R180|0.0|horizontal
PINV,MX,PNAND2,R180,0.0025,horizontal,PINV|MX|PNAND2|R180|0.0025|horizontal
PINV,MX,PNAND2,R180,0.07,horizontal,PINV|MX|PNAND2|R180|0.07|horizontal
PINV,MX,PNAND2,R180,0.14,horizontal,PINV|MX|PNAND2|R180|0.14|horizontal
PINV,MX,PNAND3,MX,0.0,horizontal,PINV|MX|PNAND3|MX|0.0|horizontal
PINV,MX,PNAND3,MX,0.0025,horizontal,PINV|MX|PNAND3|MX|0.0025|horizontal
PINV,MX,PNAND3,MX,0.07,horizontal,PINV|MX|PNAND3|MX|0.07|horizontal
PINV,MX,PNAND3,MX,0.14,horizontal,PINV|MX|PNAND3|MX|0.14|horizontal
PINV,MX,PNAND3,MY,0.0,horizontal,PINV|MX|PNAND3|MY|0.0|horizontal
PINV,MX,PNAND3,MY,0.0025,horizontal,PINV|MX|PNAND3|MY|0.0025|horizontal
PINV,MX,PNAND3,MY,0.07,horizontal,PINV|MX|PNAND3|MY|0.07|horizontal
PINV,MX,PNAND3,MY,0.14,horizontal,PINV|MX|PNAND3|MY|0.14|horizontal
PINV,MX,PNAND3,R0,0.0,horizontal,PINV|MX|PNAND3|R0|0.0|horizontal
PINV,MX,PNAND3,R0,0.0025,horizontal,PINV|MX|PNAND3|R0|0.0025|horizontal
PINV,MX,PNAND3,R0,0.07,horizontal,PINV|MX|PNAND3|R0|0.07|horizontal
PINV,MX,PNAND3,R0,0.14,horizontal,PINV|MX|PNAND3|R0|0.14|horizontal
PINV,MX,PNAND3,R180,0.0,horizontal,PINV|MX|PNAND3|R180|0.0|horizontal
PINV,MX,PNAND3,R180,0.0025,horizontal,PINV|MX|PNAND3|R180|0.0025|horizontal
PINV,MX,PNAND3,R180,0.07,horizontal,PINV|MX|PNAND3|R180|0.07|horizontal
PINV,MX,PNAND3,R180,0.14,horizontal,PINV|MX|PNAND3|R180|0.14|horizontal
PINV,MX,WORDLINEDRIVER,MX,0.0,horizontal,PINV|MX|WORDLINEDRIVER|MX|0.0|horizontal
PINV,MX,WORDLINEDRIVER,MX,0.0025,horizontal,PINV|MX|WORDLINEDRIVER|MX|0.0025|horizontal
PINV,MX,WORDLINEDRIVER,MX,0.07,horizontal,PINV|MX|WORDLINEDRIVER|MX|0.07|horizontal
PINV,MX,WORDLINEDRIVER,MX,0.14,horizontal,PINV|MX|WORDLINEDRIVER|MX|0.14|horizontal
PINV,MX,WORDLINEDRIVER,MY,0.0,horizontal,PINV|MX|WORDLINEDRIVER|MY|0.0|horizontal
PINV,MX,WORDLINEDRIVER,MY,0.0025,horizontal,PINV|MX|WORDLINEDRIVER|MY|0.0025|horizontal
PINV,MX,WORDLINEDRIVER,MY,0.07,horizontal,PINV|MX|WORDLINEDRIVER|MY|0.07|horizontal
PINV,MX,WORDLINEDRIVER,MY,0.14,horizontal,PINV|MX|WORDLINEDRIVER|MY|0.14|horizontal
PINV,MX,WORDLINEDRIVER,R0,0.0,horizontal,PINV|MX|WORDLINEDRIVER|R0|0.0|horizontal
PINV,MX,WORDLINEDRIVER,R0,0.0025,horizontal,PINV|MX|WORDLINEDRIVER|R0|0.0025|horizontal
PINV,MX,WORDLINEDRIVER,R0,0.07,horizontal,PINV|MX|WORDLINEDRIVER|R0|0.07|horizontal
PINV,MX,WORDLINEDRIVER,R0,0.14,horizontal,PINV|MX|WORDLINEDRIVER|R0|0.14|horizontal
PINV,MX,WORDLINEDRIVER,R180,0.0,horizontal,PINV|MX|WORDLINEDRIVER|R180|0.0|horizontal
PINV,MX,WORDLINEDRIVER,R180,0.0025,horizontal,PINV|MX|WORDLINEDRIVER|R180|0.0025|horizontal
PINV,MX,WORDLINEDRIVER,R180,0.07,horizontal,PINV|MX|WORDLINEDRIVER|R180|0.07|horizontal
PINV,MX,WORDLINEDRIVER,R180,0.14,horizontal,PINV|MX|WORDLINEDRIVER|R180|0.14|horizontal
PINV,MY,AND2,MX,0.0,horizontal,PINV|MY|AND2|MX|0.0|horizontal
PINV,MY,AND2,MX,0.0025,horizontal,PINV|MY|AND2|MX|0.0025|horizontal
PINV,MY,AND2,MX,0.07,horizontal,PINV|MY|AND2|MX|0.07|horizontal
PINV,MY,AND2,MX,0.14,horizontal,PINV|MY|AND2|MX|0.14|horizontal
PINV,MY,AND2,MY,0.0,horizontal,PINV|MY|AND2|MY|0.0|horizontal
PINV,MY,AND2,MY,0.0025,horizontal,PINV|MY|AND2|MY|0.0025|horizontal
PINV,MY,AND2,MY,0.07,horizontal,PINV|MY|AND2|MY|0.07|horizontal
PINV,MY,AND2,MY,0.14,horizontal,PINV|MY|AND2|MY|0.14|horizontal
PINV,MY,AND2,R0,0.0,horizontal,PINV|MY|AND2|R0|0.0|horizontal
PINV,MY,AND2,R0,0.0025,horizontal,PINV|MY|AND2|R0|0.0025|horizontal
PINV,MY,AND2,R0,0.07,horizontal,PINV|MY|AND2|R0|0.07|horizontal
PINV,MY,AND2,R0,0.14,horizontal,PINV|MY|AND2|R0|0.14|horizontal
PINV,MY,AND2,R180,0.0,horizontal,PINV|MY|AND2|R180|0.0|horizontal
PINV,MY,AND2,R180,0.0025,horizontal,PINV|MY|AND2|R180|0.0025|horizontal
PINV,MY,AND2,R180,0.07,horizontal,PINV|MY|AND2|R180|0.07|horizontal
PINV,MY,AND2,R180,0.14,horizontal,PINV|MY|AND2|R180|0.14|horizontal
PINV,MY,AND3,MX,0.0,horizontal,PINV|MY|AND3|MX|0.0|horizontal
PINV,MY,AND3,MX,0.0025,horizontal,PINV|MY|AND3|MX|0.0025|horizontal
PINV,MY,AND3,MX,0.07,horizontal,PINV|MY|AND3|MX|0.07|horizontal
PINV,MY,AND3,MX,0.14,horizontal,PINV|MY|AND3|MX|0.14|horizontal
PINV,MY,AND3,MY,0.0,horizontal,PINV|MY|AND3|MY|0.0|horizontal
PINV,MY,AND3,MY,0.0025,horizontal,PINV|MY|AND3|MY|0.0025|horizontal
PINV,MY,AND3,MY,0.07,horizontal,PINV|MY|AND3|MY|0.07|horizontal
PINV,MY,AND3,MY,0.14,horizontal,PINV|MY|AND3|MY|0.14|horizontal
PINV,MY,AND3,R0,0.0,horizontal,PINV|MY|AND3|R0|0.0|horizontal
PINV,MY,AND3,R0,0.0025,horizontal,PINV|MY|AND3|R0|0.0025|horizontal
PINV,MY,AND3,R0,0.07,horizontal,PINV|MY|AND3|R0|0.07|horizontal
PINV,MY,AND3,R0,0.14,horizontal,PINV|MY|AND3|R0|0.14|horizontal
PINV,MY,AND3,R180,0.0,horizontal,PINV|MY|AND3|R180|0.0|horizontal
PINV,MY,AND3,R180,0.0025,horizontal,PINV|MY|AND3|R180|0.0025|horizontal
PINV,MY,AND3,R180,0.07,horizontal,PINV|MY|AND3|R180|0.07|horizontal
PINV,MY,AND3,R180,0.14,horizontal,PINV|MY|AND3|R180|0.14|horizontal
PINV,MY,PINV,MX,0.0,horizontal,PINV|MY|PINV|MX|0.0|horizontal
PINV,MY,PINV,MX,0.0025,horizontal,PINV|MY|PINV|MX|0.0025|horizontal
PINV,MY,PINV,MX,0.07,horizontal,PINV|MY|PINV|MX|0.07|horizontal
PINV,MY,PINV,MX,0.14,horizontal,PINV|MY|PINV|MX|0.14|horizontal
PINV,MY,PINV,MY,0.0,horizontal,PINV|MY|PINV|MY|0.0|horizontal
PINV,MY,PINV,MY,0.0025,horizontal,PINV|MY|PINV|MY|0.0025|horizontal
PINV,MY,PINV,MY,0.07,horizontal,PINV|MY|PINV|MY|0.07|horizontal
PINV,MY,PINV,MY,0.14,horizontal,PINV|MY|PINV|MY|0.14|horizontal
PINV,MY,PINV,R0,0.0,horizontal,PINV|MY|PINV|R0|0.0|horizontal
PINV,MY,PINV,R0,0.0025,horizontal,PINV|MY|PINV|R0|0.0025|horizontal
PINV,MY,PINV,R0,0.07,horizontal,PINV|MY|PINV|R0|0.07|horizontal
PINV,MY,PINV,R0,0.14,horizontal,PINV|MY|PINV|R0|0.14|horizontal
PINV,MY,PINV,R180,0.0,horizontal,PINV|MY|PINV|R180|0.0|horizontal
PINV,MY,PINV,R180,0.0025,horizontal,PINV|MY|PINV|R180|0.0025|horizontal
PINV,MY,PINV,R180,0.07,horizontal,PINV|MY|PINV|R180|0.07|horizontal
PINV,MY,PINV,R180,0.14,horizontal,PINV|MY|PINV|R180|0.14|horizontal
PINV,MY,PNAND2,MX,0.0,horizontal,PINV|MY|PNAND2|MX|0.0|horizontal
PINV,MY,PNAND2,MX,0.0025,horizontal,PINV|MY|PNAND2|MX|0.0025|horizontal
PINV,MY,PNAND2,MX,0.07,horizontal,PINV|MY|PNAND2|MX|0.07|horizontal
PINV,MY,PNAND2,MX,0.14,horizontal,PINV|MY|PNAND2|MX|0.14|horizontal
PINV,MY,PNAND2,MY,0.0,horizontal,PINV|MY|PNAND2|MY|0.0|horizontal
PINV,MY,PNAND2,MY,0.0025,horizontal,PINV|MY|PNAND2|MY|0.0025|horizontal
PINV,MY,PNAND2,MY,0.07,horizontal,PINV|MY|PNAND2|MY|0.07|horizontal
PINV,MY,PNAND2,MY,0.14,horizontal,PINV|MY|PNAND2|MY|0.14|horizontal
PINV,MY,PNAND2,R0,0.0,horizontal,PINV|MY|PNAND2|R0|0.0|horizontal
PINV,MY,PNAND2,R0,0.0025,horizontal,PINV|MY|PNAND2|R0|0.0025|horizontal
PINV,MY,PNAND2,R0,0.07,horizontal,PINV|MY|PNAND2|R0|0.07|horizontal
PINV,MY,PNAND2,R0,0.14,horizontal,PINV|MY|PNAND2|R0|0.14|horizontal
PINV,MY,PNAND2,R180,0.0,horizontal,PINV|MY|PNAND2|R180|0.0|horizontal
PINV,MY,PNAND2,R180,0.0025,horizontal,PINV|MY|PNAND2|R180|0.0025|horizontal
PINV,MY,PNAND2,R180,0.07,horizontal,PINV|MY|PNAND2|R180|0.07|horizontal
PINV,MY,PNAND2,R180,0.14,horizontal,PINV|MY|PNAND2|R180|0.14|horizontal
PINV,MY,PNAND3,MX,0.0,horizontal,PINV|MY|PNAND3|MX|0.0|horizontal
PINV,MY,PNAND3,MX,0.0025,horizontal,PINV|MY|PNAND3|MX|0.0025|horizontal
PINV,MY,PNAND3,MX,0.07,horizontal,PINV|MY|PNAND3|MX|0.07|horizontal
PINV,MY,PNAND3,MX,0.14,horizontal,PINV|MY|PNAND3|MX|0.14|horizontal
PINV,MY,PNAND3,MY,0.0,horizontal,PINV|MY|PNAND3|MY|0.0|horizontal
PINV,MY,PNAND3,MY,0.0025,horizontal,PINV|MY|PNAND3|MY|0.0025|horizontal
PINV,MY,PNAND3,MY,0.07,horizontal,PINV|MY|PNAND3|MY|0.07|horizontal
PINV,MY,PNAND3,MY,0.14,horizontal,PINV|MY|PNAND3|MY|0.14|horizontal
PINV,MY,PNAND3,R0,0.0,horizontal,PINV|MY|PNAND3|R0|0.0|horizontal
PINV,MY,PNAND3,R0,0.0025,horizontal,PINV|MY|PNAND3|R0|0.0025|horizontal
PINV,MY,PNAND3,R0,0.07,horizontal,PINV|MY|PNAND3|R0|0.07|horizontal
PINV,MY,PNAND3,R0,0.14,horizontal,PINV|MY|PNAND3|R0|0.14|horizontal
PINV,MY,PNAND3,R180,0.0,horizontal,PINV|MY|PNAND3|R180|0.0|horizontal
PINV,MY,PNAND3,R180,0.0025,horizontal,PINV|MY|PNAND3|R180|0.0025|horizontal
PINV,MY,PNAND3,R180,0.07,horizontal,PINV|MY|PNAND3|R180|0.07|horizontal
PINV,MY,PNAND3,R180,0.14,horizontal,PINV|MY|PNAND3|R180|0.14|horizontal
PINV,MY,WORDLINEDRIVER,MX,0.0,horizontal,PINV|MY|WORDLINEDRIVER|MX|0.0|horizontal
PINV,MY,WORDLINEDRIVER,MX,0.0025,horizontal,PINV|MY|WORDLINEDRIVER|MX|0.0025|horizontal
PINV,MY,WORDLINEDRIVER,MX,0.07,horizontal,PINV|MY|WORDLINEDRIVER|MX|0.07|horizontal
PINV,MY,WORDLINEDRIVER,MX,0.14,horizontal,PINV|MY|WORDLINEDRIVER|MX|0.14|horizontal
PINV,MY,WORDLINEDRIVER,MY,0.0,horizontal,PINV|MY|WORDLINEDRIVER|MY|0.0|horizontal
PINV,MY,WORDLINEDRIVER,MY,0.0025,horizontal,PINV|MY|WORDLINEDRIVER|MY|0.0025|horizontal
PINV,MY,WORDLINEDRIVER,MY,0.07,horizontal,PINV|MY|WORDLINEDRIVER|MY|0.07|horizontal
PINV,MY,WORDLINEDRIVER,MY,0.14,horizontal,PINV|MY|WORDLINEDRIVER|MY|0.14|horizontal
PINV,MY,WORDLINEDRIVER,R0,0.0,horizontal,PINV|MY|WORDLINEDRIVER|R0|0.0|horizontal
PINV,MY,WORDLINEDRIVER,R0,0.0025,horizontal,PINV|MY|WORDLINEDRIVER|R0|0.0025|horizontal
PINV,MY,WORDLINEDRIVER,R0,0.07,horizontal,PINV|MY|WORDLINEDRIVER|R0|0.07|horizontal
PINV,MY,WORDLINEDRIVER,R0,0.14,horizontal,PINV|MY|WORDLINEDRIVER|R0|0.14|horizontal
PINV,MY,WORDLINEDRIVER,R180,0.0,horizontal,PINV|MY|WORDLINEDRIVER|R180|0.0|horizontal
PINV,MY,WORDLINEDRIVER,R180,0.0025,horizontal,PINV|MY|WORDLINEDRIVER|R180|0.0025|horizontal
PINV,MY,WORDLINEDRIVER,R180,0.07,horizontal,PINV|MY|WORDLINEDRIVER|R180|0.07|horizontal
PINV,MY,WORDLINEDRIVER,R180,0.14,horizontal,PINV|MY|WORDLINEDRIVER|R180|0.14|horizontal
PINV,R0,AND2,MX,0.0,horizontal,PINV|R0|AND2|MX|0.0|horizontal
PINV,R0,AND2,MX,0.0025,horizontal,PINV|R0|AND2|MX|0.0025|horizontal
PINV,R0,AND2,MX,0.07,horizontal,PINV|R0|AND2|MX|0.07|horizontal
PINV,R0,AND2,MX,0.14,horizontal,PINV|R0|AND2|MX|0.14|horizontal
PINV,R0,AND2,MY,0.0,horizontal,PINV|R0|AND2|MY|0.0|horizontal
PINV,R0,AND2,MY,0.0025,horizontal,PINV|R0|AND2|MY|0.0025|horizontal
PINV,R0,AND2,MY,0.07,horizontal,PINV|R0|AND2|MY|0.07|horizontal
PINV,R0,AND2,MY,0.14,horizontal,PINV|R0|AND2|MY|0.14|horizontal
PINV,R0,AND2,R0,0.0,horizontal,PINV|R0|AND2|R0|0.0|horizontal
PINV,R0,AND2,R0,0.0025,horizontal,PINV|R0|AND2|R0|0.0025|horizontal
PINV,R0,AND2,R0,0.07,horizontal,PINV|R0|AND2|R0|0.07|horizontal
PINV,R0,AND2,R0,0.14,horizontal,PINV|R0|AND2|R0|0.14|horizontal
PINV,R0,AND2,R180,0.0,horizontal,PINV|R0|AND2|R180|0.0|horizontal
PINV,R0,AND2,R180,0.0025,horizontal,PINV|R0|AND2|R180|0.0025|horizontal
PINV,R0,AND2,R180,0.07,horizontal,PINV|R0|AND2|R180|0.07|horizontal
PINV,R0,AND2,R180,0.14,horizontal,PINV|R0|AND2|R180|0.14|horizontal
PINV,R0,AND3,MX,0.0,horizontal,PINV|R0|AND3|MX|0.0|horizontal
PINV,R0,AND3,MX,0.0025,horizontal,PINV|R0|AND3|MX|0.0025|horizontal
PINV,R0,AND3,MX,0.07,horizontal,PINV|R0|AND3|MX|0.07|horizontal
PINV,R0,AND3,MX,0.14,horizontal,PINV|R0|AND3|MX|0.14|horizontal
PINV,R0,AND3,MY,0.0,horizontal,PINV|R0|AND3|MY|0.0|horizontal
PINV,R0,AND3,MY,0.0025,horizontal,PINV|R0|AND3|MY|0.0025|horizontal
PINV,R0,AND3,MY,0.07,horizontal,PINV|R0|AND3|MY|0.07|horizontal
PINV,R0,AND3,MY,0.14,horizontal,PINV|R0|AND3|MY|0.14|horizontal
PINV,R0,AND3,R0,0.0,horizontal,PINV|R0|AND3|R0|0.0|horizontal
PINV,R0,AND3,R0,0.0025,horizontal,PINV|R0|AND3|R0|0.0025|horizontal
PINV,R0,AND3,R0,0.07,horizontal,PINV|R0|AND3|R0|0.07|horizontal
PINV,R0,AND3,R0,0.14,horizontal,PINV|R0|AND3|R0|0.14|horizontal
PINV,R0,AND3,R180,0.0,horizontal,PINV|R0|AND3|R180|0.0|horizontal
PINV,R0,AND3,R180,0.0025,horizontal,PINV|R0|AND3|R180|0.0025|horizontal
PINV,R0,AND3,R180,0.07,horizontal,PINV|R0|AND3|R180|0.07|horizontal
PINV,R0,AND3,R180,0.14,horizontal,PINV|R0|AND3|R180|0.14|horizontal
PINV,R0,PINV,MX,0.0,horizontal,PINV|R0|PINV|MX|0.0|horizontal
PINV,R0,PINV,MX,0.0025,horizontal,PINV|R0|PINV|MX|0.0025|horizontal
PINV,R0,PINV,MX,0.07,horizontal,PINV|R0|PINV|MX|0.07|horizontal
PINV,R0,PINV,MX,0.14,horizontal,PINV|R0|PINV|MX|0.14|horizontal
PINV,R0,PINV,MY,0.0,horizontal,PINV|R0|PINV|MY|0.0|horizontal
PINV,R0,PINV,MY,0.0025,horizontal,PINV|R0|PINV|MY|0.0025|horizontal
PINV,R0,PINV,MY,0.07,horizontal,PINV|R0|PINV|MY|0.07|horizontal
PINV,R0,PINV,MY,0.14,horizontal,PINV|R0|PINV|MY|0.14|horizontal
PINV,R0,PINV,R0,0.0,horizontal,PINV|R0|PINV|R0|0.0|horizontal
PINV,R0,PINV,R0,0.0025,horizontal,PINV|R0|PINV|R0|0.0025|horizontal
PINV,R0,PINV,R0,0.07,horizontal,PINV|R0|PINV|R0|0.07|horizontal
PINV,R0,PINV,R0,0.14,horizontal,PINV|R0|PINV|R0|0.14|horizontal
PINV,R0,PINV,R180,0.0,horizontal,PINV|R0|PINV|R180|0.0|horizontal
PINV,R0,PINV,R180,0.0025,horizontal,PINV|R0|PINV|R180|0.0025|horizontal
PINV,R0,PINV,R180,0.07,horizontal,PINV|R0|PINV|R180|0.07|horizontal
PINV,R0,PINV,R180,0.14,horizontal,PINV|R0|PINV|R180|0.14|horizontal
PINV,R0,PNAND2,MX,0.0,horizontal,PINV|R0|PNAND2|MX|0.0|horizontal
PINV,R0,PNAND2,MX,0.0025,horizontal,PINV|R0|PNAND2|MX|0.0025|horizontal
PINV,R0,PNAND2,MX,0.07,horizontal,PINV|R0|PNAND2|MX|0.07|horizontal
PINV,R0,PNAND2,MX,0.14,horizontal,PINV|R0|PNAND2|MX|0.14|horizontal
PINV,R0,PNAND2,MY,0.0,horizontal,PINV|R0|PNAND2|MY|0.0|horizontal
PINV,R0,PNAND2,MY,0.0025,horizontal,PINV|R0|PNAND2|MY|0.0025|horizontal
PINV,R0,PNAND2,MY,0.07,horizontal,PINV|R0|PNAND2|MY|0.07|horizontal
PINV,R0,PNAND2,MY,0.14,horizontal,PINV|R0|PNAND2|MY|0.14|horizontal
PINV,R0,PNAND2,R0,0.0,horizontal,PINV|R0|PNAND2|R0|0.0|horizontal
PINV,R0,PNAND2,R0,0.0025,horizontal,PINV|R0|PNAND2|R0|0.0025|horizontal
PINV,R0,PNAND2,R0,0.07,horizontal,PINV|R0|PNAND2|R0|0.07|horizontal
PINV,R0,PNAND2,R0,0.14,horizontal,PINV|R0|PNAND2|R0|0.14|horizontal
PINV,R0,PNAND2,R180,0.0,horizontal,PINV|R0|PNAND2|R180|0.0|horizontal
PINV,R0,PNAND2,R180,0.0025,horizontal,PINV|R0|PNAND2|R180|0.0025|horizontal
PINV,R0,PNAND2,R180,0.07,horizontal,PINV|R0|PNAND2|R180|0.07|horizontal
PINV,R0,PNAND2,R180,0.14,horizontal,PINV|R0|PNAND2|R180|0.14|horizontal
PINV,R0,PNAND3,MX,0.0,horizontal,PINV|R0|PNAND3|MX|0.0|horizontal
PINV,R0,PNAND3,MX,0.0025,horizontal,PINV|R0|PNAND3|MX|0.0025|horizontal
PINV,R0,PNAND3,MX,0.07,horizontal,PINV|R0|PNAND3|MX|0.07|horizontal
PINV,R0,PNAND3,MX,0.14,horizontal,PINV|R0|PNAND3|MX|0.14|horizontal
PINV,R0,PNAND3,MY,0.0,horizontal,PINV|R0|PNAND3|MY|0.0|horizontal
PINV,R0,PNAND3,MY,0.0025,horizontal,PINV|R0|PNAND3|MY|0.0025|horizontal
PINV,R0,PNAND3,MY,0.07,horizontal,PINV|R0|PNAND3|MY|0.07|horizontal
PINV,R0,PNAND3,MY,0.14,horizontal,PINV|R0|PNAND3|MY|0.14|horizontal
PINV,R0,PNAND3,R0,0.0,horizontal,PINV|R0|PNAND3|R0|0.0|horizontal
PINV,R0,PNAND3,R0,0.0025,horizontal,PINV|R0|PNAND3|R0|0.0025|horizontal
PINV,R0,PNAND3,R0,0.07,horizontal,PINV|R0|PNAND3|R0|0.07|horizontal
PINV,R0,PNAND3,R0,0.14,horizontal,PINV|R0|PNAND3|R0|0.14|horizontal
PINV,R0,PNAND3,R180,0.0,horizontal,PINV|R0|PNAND3|R180|0.0|horizontal
PINV,R0,PNAND3,R180,0.0025,horizontal,PINV|R0|PNAND3|R180|0.0025|horizontal
PINV,R0,PNAND3,R180,0.07,horizontal,PINV|R0|PNAND3|R180|0.07|horizontal
PINV,R0,PNAND3,R180,0.14,horizontal,PINV|R0|PNAND3|R180|0.14|horizontal
PINV,R0,WORDLINEDRIVER,MX,0.0,horizontal,PINV|R0|WORDLINEDRIVER|MX|0.0|horizontal
PINV,R0,WORDLINEDRIVER,MX,0.0025,horizontal,PINV|R0|WORDLINEDRIVER|MX|0.0025|horizontal
PINV,R0,WORDLINEDRIVER,MX,0.07,horizontal,PINV|R0|WORDLINEDRIVER|MX|0.07|horizontal
PINV,R0,WORDLINEDRIVER,MX,0.14,horizontal,PINV|R0|WORDLINEDRIVER|MX|0.14|horizontal
PINV,R0,WORDLINEDRIVER,MY,0.0,horizontal,PINV|R0|WORDLINEDRIVER|MY|0.0|horizontal
PINV,R0,WORDLINEDRIVER,MY,0.0025,horizontal,PINV|R0|WORDLINEDRIVER|MY|0.0025|horizontal
PINV,R0,WORDLINEDRIVER,MY,0.07,horizontal,PINV|R0|WORDLINEDRIVER|MY|0.07|horizontal
PINV,R0,WORDLINEDRIVER,MY,0.14,horizontal,PINV|R0|WORDLINEDRIVER|MY|0.14|horizontal
PINV,R0,WORDLINEDRIVER,R0,0.0,horizontal,PINV|R0|WORDLINEDRIVER|R0|0.0|horizontal
PINV,R0,WORDLINEDRIVER,R0,0.0025,horizontal,PINV|R0|WORDLINEDRIVER|R0|0.0025|horizontal
PINV,R0,WORDLINEDRIVER,R0,0.07,horizontal,PINV|R0|WORDLINEDRIVER|R0|0.07|horizontal
PINV,R0,WORDLINEDRIVER,R0,0.14,horizontal,PINV|R0|WORDLINEDRIVER|R0|0.14|horizontal
PINV,R0,WORDLINEDRIVER,R180,0.0,horizontal,PINV|R0|WORDLINEDRIVER|R180|0.0|horizontal
PINV,R0,WORDLINEDRIVER,R180,0.0025,horizontal,PINV|R0|WORDLINEDRIVER|R180|0.0025|horizontal
PINV,R0,WORDLINEDRIVER,R180,0.07,horizontal,PINV|R0|WORDLINEDRIVER|R180|0.07|horizontal
PINV,R0,WORDLINEDRIVER,R180,0.14,horizontal,PINV|R0|WORDLINEDRIVER|R180|0.14|horizontal
PINV,R180,AND2,MX,0.0,horizontal,PINV|R180|AND2|MX|0.0|horizontal
PINV,R180,AND2,MX,0.0025,horizontal,PINV|R180|AND2|MX|0.0025|horizontal
PINV,R180,AND2,MX,0.07,horizontal,PINV|R180|AND2|MX|0.07|horizontal
PINV,R180,AND2,MX,0.14,horizontal,PINV|R180|AND2|MX|0.14|horizontal
PINV,R180,AND2,MY,0.0,horizontal,PINV|R180|AND2|MY|0.0|horizontal
PINV,R180,AND2,MY,0.0025,horizontal,PINV|R180|AND2|MY|0.0025|horizontal
PINV,R180,AND2,MY,0.07,horizontal,PINV|R180|AND2|MY|0.07|horizontal
PINV,R180,AND2,MY,0.14,horizontal,PINV|R180|AND2|MY|0.14|horizontal
PINV,R180,AND2,R0,0.0,horizontal,PINV|R180|AND2|R0|0.0|horizontal
PINV,R180,AND2,R0,0.0025,horizontal,PINV|R180|AND2|R0|0.0025|horizontal
PINV,R180,AND2,R0,0.07,horizontal,PINV|R180|AND2|R0|0.07|horizontal
PINV,R180,AND2,R0,0.14,horizontal,PINV|R180|AND2|R0|0.14|horizontal
PINV,R180,AND2,R180,0.0,horizontal,PINV|R180|AND2|R180|0.0|horizontal
PINV,R180,AND2,R180,0.0025,horizontal,PINV|R180|AND2|R180|0.0025|horizontal
PINV,R180,AND2,R180,0.07,horizontal,PINV|R180|AND2|R180|0.07|horizontal
PINV,R180,AND2,R180,0.14,horizontal,PINV|R180|AND2|R180|0.14|horizontal
PINV,R180,AND3,MX,0.0,horizontal,PINV|R180|AND3|MX|0.0|horizontal
PINV,R180,AND3,MX,0.0025,horizontal,PINV|R180|AND3|MX|0.0025|horizontal
PINV,R180,AND3,MX,0.07,horizontal,PINV|R180|AND3|MX|0.07|horizontal
PINV,R180,AND3,MX,0.14,horizontal,PINV|R180|AND3|MX|0.14|horizontal
PINV,R180,AND3,MY,0.0,horizontal,PINV|R180|AND3|MY|0.0|horizontal
PINV,R180,AND3,MY,0.0025,horizontal,PINV|R180|AND3|MY|0.0025|horizontal
PINV,R180,AND3,MY,0.07,horizontal,PINV|R180|AND3|MY|0.07|horizontal
PINV,R180,AND3,MY,0.14,horizontal,PINV|R180|AND3|MY|0.14|horizontal
PINV,R180,AND3,R0,0.0,horizontal,PINV|R180|AND3|R0|0.0|horizontal
PINV,R180,AND3,R0,0.0025,horizontal,PINV|R180|AND3|R0|0.0025|horizontal
PINV,R180,AND3,R0,0.07,horizontal,PINV|R180|AND3|R0|0.07|horizontal
PINV,R180,AND3,R0,0.14,horizontal,PINV|R180|AND3|R0|0.14|horizontal
PINV,R180,AND3,R180,0.0,horizontal,PINV|R180|AND3|R180|0.0|horizontal
PINV,R180,AND3,R180,0.0025,horizontal,PINV|R180|AND3|R180|0.0025|horizontal
PINV,R180,AND3,R180,0.07,horizontal,PINV|R180|AND3|R180|0.07|horizontal
PINV,R180,AND3,R180,0.14,horizontal,PINV|R180|AND3|R180|0.14|horizontal
PINV,R180,PINV,MX,0.0,horizontal,PINV|R180|PINV|MX|0.0|horizontal
PINV,R180,PINV,MX,0.0025,horizontal,PINV|R180|PINV|MX|0.0025|horizontal
PINV,R180,PINV,MX,0.07,horizontal,PINV|R180|PINV|MX|0.07|horizontal
PINV,R180,PINV,MX,0.14,horizontal,PINV|R180|PINV|MX|0.14|horizontal
PINV,R180,PINV,MY,0.0,horizontal,PINV|R180|PINV|MY|0.0|horizontal
PINV,R180,PINV,MY,0.0025,horizontal,PINV|R180|PINV|MY|0.0025|horizontal
PINV,R180,PINV,MY,0.07,horizontal,PINV|R180|PINV|MY|0.07|horizontal
PINV,R180,PINV,MY,0.14,horizontal,PINV|R180|PINV|MY|0.14|horizontal
PINV,R180,PINV,R0,0.0,horizontal,PINV|R180|PINV|R0|0.0|horizontal
PINV,R180,PINV,R0,0.0025,horizontal,PINV|R180|PINV|R0|0.0025|horizontal
PINV,R180,PINV,R0,0.07,horizontal,PINV|R180|PINV|R0|0.07|horizontal
PINV,R180,PINV,R0,0.14,horizontal,PINV|R180|PINV|R0|0.14|horizontal
PINV,R180,PINV,R180,0.0,horizontal,PINV|R180|PINV|R180|0.0|horizontal
PINV,R180,PINV,R180,0.0025,horizontal,PINV|R180|PINV|R180|0.0025|horizontal
PINV,R180,PINV,R180,0.07,horizontal,PINV|R180|PINV|R180|0.07|horizontal
PINV,R180,PINV,R180,0.14,horizontal,PINV|R180|PINV|R180|0.14|horizontal
PINV,R180,PNAND2,MX,0.0,horizontal,PINV|R180|PNAND2|MX|0.0|horizontal
PINV,R180,PNAND2,MX,0.0025,horizontal,PINV|R180|PNAND2|MX|0.0025|horizontal
PINV,R180,PNAND2,MX,0.07,horizontal,PINV|R180|PNAND2|MX|0.07|horizontal
PINV,R180,PNAND2,MX,0.14,horizontal,PINV|R180|PNAND2|MX|0.14|horizontal
PINV,R180,PNAND2,MY,0.0,horizontal,PINV|R180|PNAND2|MY|0.0|horizontal
PINV,R180,PNAND2,MY,0.0025,horizontal,PINV|R180|PNAND2|MY|0.0025|horizontal
PINV,R180,PNAND2,MY,0.07,horizontal,PINV|R180|PNAND2|MY|0.07|horizontal
PINV,R180,PNAND2,MY,0.14,horizontal,PINV|R180|PNAND2|MY|0.14|horizontal
PINV,R180,PNAND2,R0,0.0,horizontal,PINV|R180|PNAND2|R0|0.0|horizontal
PINV,R180,PNAND2,R0,0.0025,horizontal,PINV|R180|PNAND2|R0|0.0025|horizontal
PINV,R180,PNAND2,R0,0.07,horizontal,PINV|R180|PNAND2|R0|0.07|horizontal
PINV,R180,PNAND2,R0,0.14,horizontal,PINV|R180|PNAND2|R0|0.14|horizontal
PINV,R180,PNAND2,R180,0.0,horizontal,PINV|R180|PNAND2|R180|0.0|horizontal
PINV,R180,PNAND2,R180,0.0025,horizontal,PINV|R180|PNAND2|R180|0.0025|horizontal
PINV,R180,PNAND2,R180,0.07,horizontal,PINV|R180|PNAND2|R180|0.07|horizontal
PINV,R180,PNAND2,R180,0.14,horizontal,PINV|R180|PNAND2|R180|0.14|horizontal
PINV,R180,PNAND3,MX,0.0,horizontal,PINV|R180|PNAND3|MX|0.0|horizontal
PINV,R180,PNAND3,MX,0.0025,horizontal,PINV|R180|PNAND3|MX|0.0025|horizontal
PINV,R180,PNAND3,MX,0.07,horizontal,PINV|R180|PNAND3|MX|0.07|horizontal
PINV,R180,PNAND3,MX,0.14,horizontal,PINV|R180|PNAND3|MX|0.14|horizontal
PINV,R180,PNAND3,MY,0.0,horizontal,PINV|R180|PNAND3|MY|0.0|horizontal
PINV,R180,PNAND3,MY,0.0025,horizontal,PINV|R180|PNAND3|MY|0.0025|horizontal
PINV,R180,PNAND3,MY,0.07,horizontal,PINV|R180|PNAND3|MY|0.07|horizontal
PINV,R180,PNAND3,MY,0.14,horizontal,PINV|R180|PNAND3|MY|0.14|horizontal
PINV,R180,PNAND3,R0,0.0,horizontal,PINV|R180|PNAND3|R0|0.0|horizontal
PINV,R180,PNAND3,R0,0.0025,horizontal,PINV|R180|PNAND3|R0|0.0025|horizontal
PINV,R180,PNAND3,R0,0.07,horizontal,PINV|R180|PNAND3|R0|0.07|horizontal
PINV,R180,PNAND3,R0,0.14,horizontal,PINV|R180|PNAND3|R0|0.14|horizontal
PINV,R180,PNAND3,R180,0.0,horizontal,PINV|R180|PNAND3|R180|0.0|horizontal
PINV,R180,PNAND3,R180,0.0025,horizontal,PINV|R180|PNAND3|R180|0.0025|horizontal
PINV,R180,PNAND3,R180,0.07,horizontal,PINV|R180|PNAND3|R180|0.07|horizontal
PINV,R180,PNAND3,R180,0.14,horizontal,PINV|R180|PNAND3|R180|0.14|horizontal
PINV,R180,WORDLINEDRIVER,MX,0.0,horizontal,PINV|R180|WORDLINEDRIVER|MX|0.0|horizontal
PINV,R180,WORDLINEDRIVER,MX,0.0025,horizontal,PINV|R180|WORDLINEDRIVER|MX|0.0025|horizontal
PINV,R180,WORDLINEDRIVER,MX,0.07,horizontal,PINV|R180|WORDLINEDRIVER|MX|0.07|horizontal
PINV,R180,WORDLINEDRIVER,MX,0.14,horizontal,PINV|R180|WORDLINEDRIVER|MX|0.14|horizontal
PINV,R180,WORDLINEDRIVER,MY,0.0,horizontal,PINV|R180|WORDLINEDRIVER|MY|0.0|horizontal
PINV,R180,WORDLINEDRIVER,MY,0.0025,horizontal,PINV|R180|WORDLINEDRIVER|MY|0.0025|horizontal
PINV,R180,WORDLINEDRIVER,MY,0.07,horizontal,PINV|R180|WORDLINEDRIVER|MY|0.07|horizontal
PINV,R180,WORDLINEDRIVER,MY,0.14,horizontal,PINV|R180|WORDLINEDRIVER|MY|0.14|horizontal
PINV,R180,WORDLINEDRIVER,R0,0.0,horizontal,PINV|R180|WORDLINEDRIVER|R0|0.0|horizontal
PINV,R180,WORDLINEDRIVER,R0,0.0025,horizontal,PINV|R180|WORDLINEDRIVER|R0|0.0025|horizontal
PINV,R180,WORDLINEDRIVER,R0,0.07,horizontal,PINV|R180|WORDLINEDRIVER|R0|0.07|horizontal
PINV,R180,WORDLINEDRIVER,R0,0.14,horizontal,PINV|R180|WORDLINEDRIVER|R0|0.14|horizontal
PINV,R180,WORDLINEDRIVER,R180,0.0,horizontal,PINV|R180|WORDLINEDRIVER|R180|0.0|horizontal
PINV,R180,WORDLINEDRIVER,R180,0.0025,horizontal,PINV|R180|WORDLINEDRIVER|R180|0.0025|horizontal
PINV,R180,WORDLINEDRIVER,R180,0.07,horizontal,PINV|R180|WORDLINEDRIVER|R180|0.07|horizontal
PINV,R180,WORDLINEDRIVER,R180,0.14,horizontal,PINV|R180|WORDLINEDRIVER|R180|0.14|horizontal
PNAND2,MX,AND2,MX,0.0,horizontal,PNAND2|MX|AND2|MX|0.0|horizontal
PNAND2,MX,AND2,MX,0.0025,horizontal,PNAND2|MX|AND2|MX|0.0025|horizontal
PNAND2,MX,AND2,MX,0.07,horizontal,PNAND2|MX|AND2|MX|0.07|horizontal
PNAND2,MX,AND2,MX,0.14,horizontal,PNAND2|MX|AND2|MX|0.14|horizontal
PNAND2,MX,AND2,MY,0.0,horizontal,PNAND2|MX|AND2|MY|0.0|horizontal
PNAND2,MX,AND2,MY,0.0025,horizontal,PNAND2|MX|AND2|MY|0.0025|horizontal
PNAND2,MX,AND2,MY,0.07,horizontal,PNAND2|MX|AND2|MY|0.07|horizontal
PNAND2,MX,AND2,MY,0.14,horizontal,PNAND2|MX|AND2|MY|0.14|horizontal
PNAND2,MX,AND2,R0,0.0,horizontal,PNAND2|MX|AND2|R0|0.0|horizontal
PNAND2,MX,AND2,R0,0.0025,horizontal,PNAND2|MX|AND2|R0|0.0025|horizontal
PNAND2,MX,AND2,R0,0.07,horizontal,PNAND2|MX|AND2|R0|0.07|horizontal
PNAND2,MX,AND2,R0,0.14,horizontal,PNAND2|MX|AND2|R0|0.14|horizontal
PNAND2,MX,AND2,R180,0.0,horizontal,PNAND2|MX|AND2|R180|0.0|horizontal
PNAND2,MX,AND2,R180,0.0025,horizontal,PNAND2|MX|AND2|R180|0.0025|horizontal
PNAND2,MX,AND2,R180,0.07,horizontal,PNAND2|MX|AND2|R180|0.07|horizontal
PNAND2,MX,AND2,R180,0.14,horizontal,PNAND2|MX|AND2|R180|0.14|horizontal
PNAND2,MX,AND3,MX,0.0,horizontal,PNAND2|MX|AND3|MX|0.0|horizontal
PNAND2,MX,AND3,MX,0.0025,horizontal,PNAND2|MX|AND3|MX|0.0025|horizontal
PNAND2,MX,AND3,MX,0.07,horizontal,PNAND2|MX|AND3|MX|0.07|horizontal
PNAND2,MX,AND3,MX,0.14,horizontal,PNAND2|MX|AND3|MX|0.14|horizontal
PNAND2,MX,AND3,MY,0.0,horizontal,PNAND2|MX|AND3|MY|0.0|horizontal
PNAND2,MX,AND3,MY,0.0025,horizontal,PNAND2|MX|AND3|MY|0.0025|horizontal
PNAND2,MX,AND3,MY,0.07,horizontal,PNAND2|MX|AND3|MY|0.07|horizontal
PNAND2,MX,AND3,MY,0.14,horizontal,PNAND2|MX|AND3|MY|0.14|horizontal
PNAND2,MX,AND3,R0,0.0,horizontal,PNAND2|MX|AND3|R0|0.0|horizontal
PNAND2,MX,AND3,R0,0.0025,horizontal,PNAND2|MX|AND3|R0|0.0025|horizontal
PNAND2,MX,AND3,R0,0.07,horizontal,PNAND2|MX|AND3|R0|0.07|horizontal
PNAND2,MX,AND3,R0,0.14,horizontal,PNAND2|MX|AND3|R0|0.14|horizontal
PNAND2,MX,AND3,R180,0.0,horizontal,PNAND2|MX|AND3|R180|0.0|horizontal
PNAND2,MX,AND3,R180,0.0025,horizontal,PNAND2|MX|AND3|R180|0.0025|horizontal
PNAND2,MX,AND3,R180,0.07,horizontal,PNAND2|MX|AND3|R180|0.07|horizontal
PNAND2,MX,AND3,R180,0.14,horizontal,PNAND2|MX|AND3|R180|0.14|horizontal
PNAND2,MX,PINV,MX,0.0,horizontal,PNAND2|MX|PINV|MX|0.0|horizontal
PNAND2,MX,PINV,MX,0.0025,horizontal,PNAND2|MX|PINV|MX|0.0025|horizontal
PNAND2,MX,PINV,MX,0.07,horizontal,PNAND2|MX|PINV|MX|0.07|horizontal
PNAND2,MX,PINV,MX,0.14,horizontal,PNAND2|MX|PINV|MX|0.14|horizontal
PNAND2,MX,PINV,MY,0.0,horizontal,PNAND2|MX|PINV|MY|0.0|horizontal
PNAND2,MX,PINV,MY,0.0025,horizontal,PNAND2|MX|PINV|MY|0.0025|horizontal
PNAND2,MX,PINV,MY,0.07,horizontal,PNAND2|MX|PINV|MY|0.07|horizontal
PNAND2,MX,PINV,MY,0.14,horizontal,PNAND2|MX|PINV|MY|0.14|horizontal
PNAND2,MX,PINV,R0,0.0,horizontal,PNAND2|MX|PINV|R0|0.0|horizontal
PNAND2,MX,PINV,R0,0.0025,horizontal,PNAND2|MX|PINV|R0|0.0025|horizontal
PNAND2,MX,PINV,R0,0.07,horizontal,PNAND2|MX|PINV|R0|0.07|horizontal
PNAND2,MX,PINV,R0,0.14,horizontal,PNAND2|MX|PINV|R0|0.14|horizontal
PNAND2,MX,PINV,R180,0.0,horizontal,PNAND2|MX|PINV|R180|0.0|horizontal
PNAND2,MX,PINV,R180,0.0025,horizontal,PNAND2|MX|PINV|R180|0.0025|horizontal
PNAND2,MX,PINV,R180,0.07,horizontal,PNAND2|MX|PINV|R180|0.07|horizontal
PNAND2,MX,PINV,R180,0.14,horizontal,PNAND2|MX|PINV|R180|0.14|horizontal
PNAND2,MX,PNAND2,MX,0.0,horizontal,PNAND2|MX|PNAND2|MX|0.0|horizontal
PNAND2,MX,PNAND2,MX,0.0025,horizontal,PNAND2|MX|PNAND2|MX|0.0025|horizontal
PNAND2,MX,PNAND2,MX,0.07,horizontal,PNAND2|MX|PNAND2|MX|0.07|horizontal
PNAND2,MX,PNAND2,MX,0.14,horizontal,PNAND2|MX|PNAND2|MX|0.14|horizontal
PNAND2,MX,PNAND2,MY,0.0,horizontal,PNAND2|MX|PNAND2|MY|0.0|horizontal
PNAND2,MX,PNAND2,MY,0.0025,horizontal,PNAND2|MX|PNAND2|MY|0.0025|horizontal
PNAND2,MX,PNAND2,MY,0.07,horizontal,PNAND2|MX|PNAND2|MY|0.07|horizontal
PNAND2,MX,PNAND2,MY,0.14,horizontal,PNAND2|MX|PNAND2|MY|0.14|horizontal
PNAND2,MX,PNAND2,R0,0.0,horizontal,PNAND2|MX|PNAND2|R0|0.0|horizontal
PNAND2,MX,PNAND2,R0,0.0025,horizontal,PNAND2|MX|PNAND2|R0|0.0025|horizontal
PNAND2,MX,PNAND2,R0,0.07,horizontal,PNAND2|MX|PNAND2|R0|0.07|horizontal
PNAND2,MX,PNAND2,R0,0.14,horizontal,PNAND2|MX|PNAND2|R0|0.14|horizontal
PNAND2,MX,PNAND2,R180,0.0,horizontal,PNAND2|MX|PNAND2|R180|0.0|horizontal
PNAND2,MX,PNAND2,R180,0.0025,horizontal,PNAND2|MX|PNAND2|R180|0.0025|horizontal
PNAND2,MX,PNAND2,R180,0.07,horizontal,PNAND2|MX|PNAND2|R180|0.07|horizontal
PNAND2,MX,PNAND2,R180,0.14,horizontal,PNAND2|MX|PNAND2|R180|0.14|horizontal
PNAND2,MX,PNAND3,MX,0.0,horizontal,PNAND2|MX|PNAND3|MX|0.0|horizontal
PNAND2,MX,PNAND3,MX,0.0025,horizontal,PNAND2|MX|PNAND3|MX|0.0025|horizontal
PNAND2,MX,PNAND3,MX,0.07,horizontal,PNAND2|MX|PNAND3|MX|0.07|horizontal
PNAND2,MX,PNAND3,MX,0.14,horizontal,PNAND2|MX|PNAND3|MX|0.14|horizontal
PNAND2,MX,PNAND3,MY,0.0,horizontal,PNAND2|MX|PNAND3|MY|0.0|horizontal
PNAND2,MX,PNAND3,MY,0.0025,horizontal,PNAND2|MX|PNAND3|MY|0.0025|horizontal
PNAND2,MX,PNAND3,MY,0.07,horizontal,PNAND2|MX|PNAND3|MY|0.07|horizontal
PNAND2,MX,PNAND3,MY,0.14,horizontal,PNAND2|MX|PNAND3|MY|0.14|horizontal
PNAND2,MX,PNAND3,R0,0.0,horizontal,PNAND2|MX|PNAND3|R0|0.0|horizontal
PNAND2,MX,PNAND3,R0,0.0025,horizontal,PNAND2|MX|PNAND3|R0|0.0025|horizontal
PNAND2,MX,PNAND3,R0,0.07,horizontal,PNAND2|MX|PNAND3|R0|0.07|horizontal
PNAND2,MX,PNAND3,R0,0.14,horizontal,PNAND2|MX|PNAND3|R0|0.14|horizontal
PNAND2,MX,PNAND3,R180,0.0,horizontal,PNAND2|MX|PNAND3|R180|0.0|horizontal
PNAND2,MX,PNAND3,R180,0.0025,horizontal,PNAND2|MX|PNAND3|R180|0.0025|horizontal
PNAND2,MX,PNAND3,R180,0.07,horizontal,PNAND2|MX|PNAND3|R180|0.07|horizontal
PNAND2,MX,PNAND3,R180,0.14,horizontal,PNAND2|MX|PNAND3|R180|0.14|horizontal
PNAND2,MX,WORDLINEDRIVER,MX,0.0,horizontal,PNAND2|MX|WORDLINEDRIVER|MX|0.0|horizontal
PNAND2,MX,WORDLINEDRIVER,MX,0.0025,horizontal,PNAND2|MX|WORDLINEDRIVER|MX|0.0025|horizontal
PNAND2,MX,WORDLINEDRIVER,MX,0.07,horizontal,PNAND2|MX|WORDLINEDRIVER|MX|0.07|horizontal
PNAND2,MX,WORDLINEDRIVER,MX,0.14,horizontal,PNAND2|MX|WORDLINEDRIVER|MX|0.14|horizontal
PNAND2,MX,WORDLINEDRIVER,MY,0.0,horizontal,PNAND2|MX|WORDLINEDRIVER|MY|0.0|horizontal
PNAND2,MX,WORDLINEDRIVER,MY,0.0025,horizontal,PNAND2|MX|WORDLINEDRIVER|MY|0.0025|horizontal
PNAND2,MX,WORDLINEDRIVER,MY,0.07,horizontal,PNAND2|MX|WORDLINEDRIVER|MY|0.07|horizontal
PNAND2,MX,WORDLINEDRIVER,MY,0.14,horizontal,PNAND2|MX|WORDLINEDRIVER|MY|0.14|horizontal
PNAND2,MX,WORDLINEDRIVER,R0,0.0,horizontal,PNAND2|MX|WORDLINEDRIVER|R0|0.0|horizontal
PNAND2,MX,WORDLINEDRIVER,R0,0.0025,horizontal,PNAND2|MX|WORDLINEDRIVER|R0|0.0025|horizontal
PNAND2,MX,WORDLINEDRIVER,R0,0.07,horizontal,PNAND2|MX|WORDLINEDRIVER|R0|0.07|horizontal
PNAND2,MX,WORDLINEDRIVER,R0,0.14,horizontal,PNAND2|MX|WORDLINEDRIVER|R0|0.14|horizontal
PNAND2,MX,WORDLINEDRIVER,R180,0.0,horizontal,PNAND2|MX|WORDLINEDRIVER|R180|0.0|horizontal
PNAND2,MX,WORDLINEDRIVER,R180,0.0025,horizontal,PNAND2|MX|WORDLINEDRIVER|R180|0.0025|horizontal
PNAND2,MX,WORDLINEDRIVER,R180,0.07,horizontal,PNAND2|MX|WORDLINEDRIVER|R180|0.07|horizontal
PNAND2,MX,WORDLINEDRIVER,R180,0.14,horizontal,PNAND2|MX|WORDLINEDRIVER|R180|0.14|horizontal
PNAND2,MY,AND2,MX,0.0,horizontal,PNAND2|MY|AND2|MX|0.0|horizontal
PNAND2,MY,AND2,MX,0.0025,horizontal,PNAND2|MY|AND2|MX|0.0025|horizontal
PNAND2,MY,AND2,MX,0.07,horizontal,PNAND2|MY|AND2|MX|0.07|horizontal
PNAND2,MY,AND2,MX,0.14,horizontal,PNAND2|MY|AND2|MX|0.14|horizontal
PNAND2,MY,AND2,MY,0.0,horizontal,PNAND2|MY|AND2|MY|0.0|horizontal
PNAND2,MY,AND2,MY,0.0025,horizontal,PNAND2|MY|AND2|MY|0.0025|horizontal
PNAND2,MY,AND2,MY,0.07,horizontal,PNAND2|MY|AND2|MY|0.07|horizontal
PNAND2,MY,AND2,MY,0.14,horizontal,PNAND2|MY|AND2|MY|0.14|horizontal
PNAND2,MY,AND2,R0,0.0,horizontal,PNAND2|MY|AND2|R0|0.0|horizontal
PNAND2,MY,AND2,R0,0.0025,horizontal,PNAND2|MY|AND2|R0|0.0025|horizontal
PNAND2,MY,AND2,R0,0.07,horizontal,PNAND2|MY|AND2|R0|0.07|horizontal
PNAND2,MY,AND2,R0,0.14,horizontal,PNAND2|MY|AND2|R0|0.14|horizontal
PNAND2,MY,AND2,R180,0.0,horizontal,PNAND2|MY|AND2|R180|0.0|horizontal
PNAND2,MY,AND2,R180,0.0025,horizontal,PNAND2|MY|AND2|R180|0.0025|horizontal
PNAND2,MY,AND2,R180,0.07,horizontal,PNAND2|MY|AND2|R180|0.07|horizontal
PNAND2,MY,AND2,R180,0.14,horizontal,PNAND2|MY|AND2|R180|0.14|horizontal
PNAND2,MY,AND3,MX,0.0,horizontal,PNAND2|MY|AND3|MX|0.0|horizontal
PNAND2,MY,AND3,MX,0.0025,horizontal,PNAND2|MY|AND3|MX|0.0025|horizontal
PNAND2,MY,AND3,MX,0.07,horizontal,PNAND2|MY|AND3|MX|0.07|horizontal
PNAND2,MY,AND3,MX,0.14,horizontal,PNAND2|MY|AND3|MX|0.14|horizontal
PNAND2,MY,AND3,MY,0.0,horizontal,PNAND2|MY|AND3|MY|0.0|horizontal
PNAND2,MY,AND3,MY,0.0025,horizontal,PNAND2|MY|AND3|MY|0.0025|horizontal
PNAND2,MY,AND3,MY,0.07,horizontal,PNAND2|MY|AND3|MY|0.07|horizontal
PNAND2,MY,AND3,MY,0.14,horizontal,PNAND2|MY|AND3|MY|0.14|horizontal
PNAND2,MY,AND3,R0,0.0,horizontal,PNAND2|MY|AND3|R0|0.0|horizontal
PNAND2,MY,AND3,R0,0.0025,horizontal,PNAND2|MY|AND3|R0|0.0025|horizontal
PNAND2,MY,AND3,R0,0.07,horizontal,PNAND2|MY|AND3|R0|0.07|horizontal
PNAND2,MY,AND3,R0,0.14,horizontal,PNAND2|MY|AND3|R0|0.14|horizontal
PNAND2,MY,AND3,R180,0.0,horizontal,PNAND2|MY|AND3|R180|0.0|horizontal
PNAND2,MY,AND3,R180,0.0025,horizontal,PNAND2|MY|AND3|R180|0.0025|horizontal
PNAND2,MY,AND3,R180,0.07,horizontal,PNAND2|MY|AND3|R180|0.07|horizontal
PNAND2,MY,AND3,R180,0.14,horizontal,PNAND2|MY|AND3|R180|0.14|horizontal
PNAND2,MY,PINV,MX,0.0,horizontal,PNAND2|MY|PINV|MX|0.0|horizontal
PNAND2,MY,PINV,MX,0.0025,horizontal,PNAND2|MY|PINV|MX|0.0025|horizontal
PNAND2,MY,PINV,MX,0.07,horizontal,PNAND2|MY|PINV|MX|0.07|horizontal
PNAND2,MY,PINV,MX,0.14,horizontal,PNAND2|MY|PINV|MX|0.14|horizontal
PNAND2,MY,PINV,MY,0.0,horizontal,PNAND2|MY|PINV|MY|0.0|horizontal
PNAND2,MY,PINV,MY,0.0025,horizontal,PNAND2|MY|PINV|MY|0.0025|horizontal
PNAND2,MY,PINV,MY,0.07,horizontal,PNAND2|MY|PINV|MY|0.07|horizontal
PNAND2,MY,PINV,MY,0.14,horizontal,PNAND2|MY|PINV|MY|0.14|horizontal
PNAND2,MY,PINV,R0,0.0,horizontal,PNAND2|MY|PINV|R0|0.0|horizontal
PNAND2,MY,PINV,R0,0.0025,horizontal,PNAND2|MY|PINV|R0|0.0025|horizontal
PNAND2,MY,PINV,R0,0.07,horizontal,PNAND2|MY|PINV|R0|0.07|horizontal
PNAND2,MY,PINV,R0,0.14,horizontal,PNAND2|MY|PINV|R0|0.14|horizontal
PNAND2,MY,PINV,R180,0.0,horizontal,PNAND2|MY|PINV|R180|0.0|horizontal
PNAND2,MY,PINV,R180,0.0025,horizontal,PNAND2|MY|PINV|R180|0.0025|horizontal
PNAND2,MY,PINV,R180,0.07,horizontal,PNAND2|MY|PINV|R180|0.07|horizontal
PNAND2,MY,PINV,R180,0.14,horizontal,PNAND2|MY|PINV|R180|0.14|horizontal
PNAND2,MY,PNAND2,MX,0.0,horizontal,PNAND2|MY|PNAND2|MX|0.0|horizontal
PNAND2,MY,PNAND2,MX,0.0025,horizontal,PNAND2|MY|PNAND2|MX|0.0025|horizontal
PNAND2,MY,PNAND2,MX,0.07,horizontal,PNAND2|MY|PNAND2|MX|0.07|horizontal
PNAND2,MY,PNAND2,MX,0.14,horizontal,PNAND2|MY|PNAND2|MX|0.14|horizontal
PNAND2,MY,PNAND2,MY,0.0,horizontal,PNAND2|MY|PNAND2|MY|0.0|horizontal
PNAND2,MY,PNAND2,MY,0.0025,horizontal,PNAND2|MY|PNAND2|MY|0.0025|horizontal
PNAND2,MY,PNAND2,MY,0.07,horizontal,PNAND2|MY|PNAND2|MY|0.07|horizontal
PNAND2,MY,PNAND2,MY,0.14,horizontal,PNAND2|MY|PNAND2|MY|0.14|horizontal
PNAND2,MY,PNAND2,R0,0.0,horizontal,PNAND2|MY|PNAND2|R0|0.0|horizontal
PNAND2,MY,PNAND2,R0,0.0025,horizontal,PNAND2|MY|PNAND2|R0|0.0025|horizontal
PNAND2,MY,PNAND2,R0,0.07,horizontal,PNAND2|MY|PNAND2|R0|0.07|horizontal
PNAND2,MY,PNAND2,R0,0.14,horizontal,PNAND2|MY|PNAND2|R0|0.14|horizontal
PNAND2,MY,PNAND2,R180,0.0,horizontal,PNAND2|MY|PNAND2|R180|0.0|horizontal
PNAND2,MY,PNAND2,R180,0.0025,horizontal,PNAND2|MY|PNAND2|R180|0.0025|horizontal
PNAND2,MY,PNAND2,R180,0.07,horizontal,PNAND2|MY|PNAND2|R180|0.07|horizontal
PNAND2,MY,PNAND2,R180,0.14,horizontal,PNAND2|MY|PNAND2|R180|0.14|horizontal
PNAND2,MY,PNAND3,MX,0.0,horizontal,PNAND2|MY|PNAND3|MX|0.0|horizontal
PNAND2,MY,PNAND3,MX,0.0025,horizontal,PNAND2|MY|PNAND3|MX|0.0025|horizontal
PNAND2,MY,PNAND3,MX,0.07,horizontal,PNAND2|MY|PNAND3|MX|0.07|horizontal
PNAND2,MY,PNAND3,MX,0.14,horizontal,PNAND2|MY|PNAND3|MX|0.14|horizontal
PNAND2,MY,PNAND3,MY,0.0,horizontal,PNAND2|MY|PNAND3|MY|0.0|horizontal
PNAND2,MY,PNAND3,MY,0.0025,horizontal,PNAND2|MY|PNAND3|MY|0.0025|horizontal
PNAND2,MY,PNAND3,MY,0.07,horizontal,PNAND2|MY|PNAND3|MY|0.07|horizontal
PNAND2,MY,PNAND3,MY,0.14,horizontal,PNAND2|MY|PNAND3|MY|0.14|horizontal
PNAND2,MY,PNAND3,R0,0.0,horizontal,PNAND2|MY|PNAND3|R0|0.0|horizontal
PNAND2,MY,PNAND3,R0,0.0025,horizontal,PNAND2|MY|PNAND3|R0|0.0025|horizontal
PNAND2,MY,PNAND3,R0,0.07,horizontal,PNAND2|MY|PNAND3|R0|0.07|horizontal
PNAND2,MY,PNAND3,R0,0.14,horizontal,PNAND2|MY|PNAND3|R0|0.14|horizontal
PNAND2,MY,PNAND3,R180,0.0,horizontal,PNAND2|MY|PNAND3|R180|0.0|horizontal
PNAND2,MY,PNAND3,R180,0.0025,horizontal,PNAND2|MY|PNAND3|R180|0.0025|horizontal
PNAND2,MY,PNAND3,R180,0.07,horizontal,PNAND2|MY|PNAND3|R180|0.07|horizontal
PNAND2,MY,PNAND3,R180,0.14,horizontal,PNAND2|MY|PNAND3|R180|0.14|horizontal
PNAND2,MY,WORDLINEDRIVER,MX,0.0,horizontal,PNAND2|MY|WORDLINEDRIVER|MX|0.0|horizontal
PNAND2,MY,WORDLINEDRIVER,MX,0.0025,horizontal,PNAND2|MY|WORDLINEDRIVER|MX|0.0025|horizontal
PNAND2,MY,WORDLINEDRIVER,MX,0.07,horizontal,PNAND2|MY|WORDLINEDRIVER|MX|0.07|horizontal
PNAND2,MY,WORDLINEDRIVER,MX,0.14,horizontal,PNAND2|MY|WORDLINEDRIVER|MX|0.14|horizontal
PNAND2,MY,WORDLINEDRIVER,MY,0.0,horizontal,PNAND2|MY|WORDLINEDRIVER|MY|0.0|horizontal
PNAND2,MY,WORDLINEDRIVER,MY,0.0025,horizontal,PNAND2|MY|WORDLINEDRIVER|MY|0.0025|horizontal
PNAND2,MY,WORDLINEDRIVER,MY,0.07,horizontal,PNAND2|MY|WORDLINEDRIVER|MY|0.07|horizontal
PNAND2,MY,WORDLINEDRIVER,MY,0.14,horizontal,PNAND2|MY|WORDLINEDRIVER|MY|0.14|horizontal
PNAND2,MY,WORDLINEDRIVER,R0,0.0,horizontal,PNAND2|MY|WORDLINEDRIVER|R0|0.0|horizontal
PNAND2,MY,WORDLINEDRIVER,R0,0.0025,horizontal,PNAND2|MY|WORDLINEDRIVER|R0|0.0025|horizontal
PNAND2,MY,WORDLINEDRIVER,R0,0.07,horizontal,PNAND2|MY|WORDLINEDRIVER|R0|0.07|horizontal
PNAND2,MY,WORDLINEDRIVER,R0,0.14,horizontal,PNAND2|MY|WORDLINEDRIVER|R0|0.14|horizontal
PNAND2,MY,WORDLINEDRIVER,R180,0.0,horizontal,PNAND2|MY|WORDLINEDRIVER|R180|0.0|horizontal
PNAND2,MY,WORDLINEDRIVER,R180,0.0025,horizontal,PNAND2|MY|WORDLINEDRIVER|R180|0.0025|horizontal
PNAND2,MY,WORDLINEDRIVER,R180,0.07,horizontal,PNAND2|MY|WORDLINEDRIVER|R180|0.07|horizontal
PNAND2,MY,WORDLINEDRIVER,R180,0.14,horizontal,PNAND2|MY|WORDLINEDRIVER|R180|0.14|horizontal
PNAND2,R0,AND2,MX,0.0,horizontal,PNAND2|R0|AND2|MX|0.0|horizontal
PNAND2,R0,AND2,MX,0.0025,horizontal,PNAND2|R0|AND2|MX|0.0025|horizontal
PNAND2,R0,AND2,MX,0.07,horizontal,PNAND2|R0|AND2|MX|0.07|horizontal
PNAND2,R0,AND2,MX,0.14,horizontal,PNAND2|R0|AND2|MX|0.14|horizontal
PNAND2,R0,AND2,MY,0.0,horizontal,PNAND2|R0|AND2|MY|0.0|horizontal
PNAND2,R0,AND2,MY,0.0025,horizontal,PNAND2|R0|AND2|MY|0.0025|horizontal
PNAND2,R0,AND2,MY,0.07,horizontal,PNAND2|R0|AND2|MY|0.07|horizontal
PNAND2,R0,AND2,MY,0.14,horizontal,PNAND2|R0|AND2|MY|0.14|horizontal
PNAND2,R0,AND2,R0,0.0,horizontal,PNAND2|R0|AND2|R0|0.0|horizontal
PNAND2,R0,AND2,R0,0.0025,horizontal,PNAND2|R0|AND2|R0|0.0025|horizontal
PNAND2,R0,AND2,R0,0.07,horizontal,PNAND2|R0|AND2|R0|0.07|horizontal
PNAND2,R0,AND2,R0,0.14,horizontal,PNAND2|R0|AND2|R0|0.14|horizontal
PNAND2,R0,AND2,R180,0.0,horizontal,PNAND2|R0|AND2|R180|0.0|horizontal
PNAND2,R0,AND2,R180,0.0025,horizontal,PNAND2|R0|AND2|R180|0.0025|horizontal
PNAND2,R0,AND2,R180,0.07,horizontal,PNAND2|R0|AND2|R180|0.07|horizontal
PNAND2,R0,AND2,R180,0.14,horizontal,PNAND2|R0|AND2|R180|0.14|horizontal
PNAND2,R0,AND3,MX,0.0,horizontal,PNAND2|R0|AND3|MX|0.0|horizontal
PNAND2,R0,AND3,MX,0.0025,horizontal,PNAND2|R0|AND3|MX|0.0025|horizontal
PNAND2,R0,AND3,MX,0.07,horizontal,PNAND2|R0|AND3|MX|0.07|horizontal
PNAND2,R0,AND3,MX,0.14,horizontal,PNAND2|R0|AND3|MX|0.14|horizontal
PNAND2,R0,AND3,MY,0.0,horizontal,PNAND2|R0|AND3|MY|0.0|horizontal
PNAND2,R0,AND3,MY,0.0025,horizontal,PNAND2|R0|AND3|MY|0.0025|horizontal
PNAND2,R0,AND3,MY,0.07,horizontal,PNAND2|R0|AND3|MY|0.07|horizontal
PNAND2,R0,AND3,MY,0.14,horizontal,PNAND2|R0|AND3|MY|0.14|horizontal
PNAND2,R0,AND3,R0,0.0,horizontal,PNAND2|R0|AND3|R0|0.0|horizontal
PNAND2,R0,AND3,R0,0.0025,horizontal,PNAND2|R0|AND3|R0|0.0025|horizontal
PNAND2,R0,AND3,R0,0.07,horizontal,PNAND2|R0|AND3|R0|0.07|horizontal
PNAND2,R0,AND3,R0,0.14,horizontal,PNAND2|R0|AND3|R0|0.14|horizontal
PNAND2,R0,AND3,R180,0.0,horizontal,PNAND2|R0|AND3|R180|0.0|horizontal
PNAND2,R0,AND3,R180,0.0025,horizontal,PNAND2|R0|AND3|R180|0.0025|horizontal
PNAND2,R0,AND3,R180,0.07,horizontal,PNAND2|R0|AND3|R180|0.07|horizontal
PNAND2,R0,AND3,R180,0.14,horizontal,PNAND2|R0|AND3|R180|0.14|horizontal
PNAND2,R0,PINV,MX,0.0,horizontal,PNAND2|R0|PINV|MX|0.0|horizontal
PNAND2,R0,PINV,MX,0.0025,horizontal,PNAND2|R0|PINV|MX|0.0025|horizontal
PNAND2,R0,PINV,MX,0.07,horizontal,PNAND2|R0|PINV|MX|0.07|horizontal
PNAND2,R0,PINV,MX,0.14,horizontal,PNAND2|R0|PINV|MX|0.14|horizontal
PNAND2,R0,PINV,MY,0.0,horizontal,PNAND2|R0|PINV|MY|0.0|horizontal
PNAND2,R0,PINV,MY,0.0025,horizontal,PNAND2|R0|PINV|MY|0.0025|horizontal
PNAND2,R0,PINV,MY,0.07,horizontal,PNAND2|R0|PINV|MY|0.07|horizontal
PNAND2,R0,PINV,MY,0.14,horizontal,PNAND2|R0|PINV|MY|0.14|horizontal
PNAND2,R0,PINV,R0,0.0,horizontal,PNAND2|R0|PINV|R0|0.0|horizontal
PNAND2,R0,PINV,R0,0.0025,horizontal,PNAND2|R0|PINV|R0|0.0025|horizontal
PNAND2,R0,PINV,R0,0.07,horizontal,PNAND2|R0|PINV|R0|0.07|horizontal
PNAND2,R0,PINV,R0,0.14,horizontal,PNAND2|R0|PINV|R0|0.14|horizontal
PNAND2,R0,PINV,R180,0.0,horizontal,PNAND2|R0|PINV|R180|0.0|horizontal
PNAND2,R0,PINV,R180,0.0025,horizontal,PNAND2|R0|PINV|R180|0.0025|horizontal
PNAND2,R0,PINV,R180,0.07,horizontal,PNAND2|R0|PINV|R180|0.07|horizontal
PNAND2,R0,PINV,R180,0.14,horizontal,PNAND2|R0|PINV|R180|0.14|horizontal
PNAND2,R0,PNAND2,MX,0.0,horizontal,PNAND2|R0|PNAND2|MX|0.0|horizontal
PNAND2,R0,PNAND2,MX,0.0025,horizontal,PNAND2|R0|PNAND2|MX|0.0025|horizontal
PNAND2,R0,PNAND2,MX,0.07,horizontal,PNAND2|R0|PNAND2|MX|0.07|horizontal
PNAND2,R0,PNAND2,MX,0.14,horizontal,PNAND2|R0|PNAND2|MX|0.14|horizontal
PNAND2,R0,PNAND2,MY,0.0,horizontal,PNAND2|R0|PNAND2|MY|0.0|horizontal
PNAND2,R0,PNAND2,MY,0.0025,horizontal,PNAND2|R0|PNAND2|MY|0.0025|horizontal
PNAND2,R0,PNAND2,MY,0.07,horizontal,PNAND2|R0|PNAND2|MY|0.07|horizontal
PNAND2,R0,PNAND2,MY,0.14,horizontal,PNAND2|R0|PNAND2|MY|0.14|horizontal
PNAND2,R0,PNAND2,R0,0.0,horizontal,PNAND2|R0|PNAND2|R0|0.0|horizontal
PNAND2,R0,PNAND2,R0,0.0025,horizontal,PNAND2|R0|PNAND2|R0|0.0025|horizontal
PNAND2,R0,PNAND2,R0,0.07,horizontal,PNAND2|R0|PNAND2|R0|0.07|horizontal
PNAND2,R0,PNAND2,R0,0.14,horizontal,PNAND2|R0|PNAND2|R0|0.14|horizontal
PNAND2,R0,PNAND2,R180,0.0,horizontal,PNAND2|R0|PNAND2|R180|0.0|horizontal
PNAND2,R0,PNAND2,R180,0.0025,horizontal,PNAND2|R0|PNAND2|R180|0.0025|horizontal
PNAND2,R0,PNAND2,R180,0.07,horizontal,PNAND2|R0|PNAND2|R180|0.07|horizontal
PNAND2,R0,PNAND2,R180,0.14,horizontal,PNAND2|R0|PNAND2|R180|0.14|horizontal
PNAND2,R0,PNAND3,MX,0.0,horizontal,PNAND2|R0|PNAND3|MX|0.0|horizontal
PNAND2,R0,PNAND3,MX,0.0025,horizontal,PNAND2|R0|PNAND3|MX|0.0025|horizontal
PNAND2,R0,PNAND3,MX,0.07,horizontal,PNAND2|R0|PNAND3|MX|0.07|horizontal
PNAND2,R0,PNAND3,MX,0.14,horizontal,PNAND2|R0|PNAND3|MX|0.14|horizontal
PNAND2,R0,PNAND3,MY,0.0,horizontal,PNAND2|R0|PNAND3|MY|0.0|horizontal
PNAND2,R0,PNAND3,MY,0.0025,horizontal,PNAND2|R0|PNAND3|MY|0.0025|horizontal
PNAND2,R0,PNAND3,MY,0.07,horizontal,PNAND2|R0|PNAND3|MY|0.07|horizontal
PNAND2,R0,PNAND3,MY,0.14,horizontal,PNAND2|R0|PNAND3|MY|0.14|horizontal
PNAND2,R0,PNAND3,R0,0.0,horizontal,PNAND2|R0|PNAND3|R0|0.0|horizontal
PNAND2,R0,PNAND3,R0,0.0025,horizontal,PNAND2|R0|PNAND3|R0|0.0025|horizontal
PNAND2,R0,PNAND3,R0,0.07,horizontal,PNAND2|R0|PNAND3|R0|0.07|horizontal
PNAND2,R0,PNAND3,R0,0.14,horizontal,PNAND2|R0|PNAND3|R0|0.14|horizontal
PNAND2,R0,PNAND3,R180,0.0,horizontal,PNAND2|R0|PNAND3|R180|0.0|horizontal
PNAND2,R0,PNAND3,R180,0.0025,horizontal,PNAND2|R0|PNAND3|R180|0.0025|horizontal
PNAND2,R0,PNAND3,R180,0.07,horizontal,PNAND2|R0|PNAND3|R180|0.07|horizontal
PNAND2,R0,PNAND3,R180,0.14,horizontal,PNAND2|R0|PNAND3|R180|0.14|horizontal
PNAND2,R0,WORDLINEDRIVER,MX,0.0,horizontal,PNAND2|R0|WORDLINEDRIVER|MX|0.0|horizontal
PNAND2,R0,WORDLINEDRIVER,MX,0.0025,horizontal,PNAND2|R0|WORDLINEDRIVER|MX|0.0025|horizontal
PNAND2,R0,WORDLINEDRIVER,MX,0.07,horizontal,PNAND2|R0|WORDLINEDRIVER|MX|0.07|horizontal
PNAND2,R0,WORDLINEDRIVER,MX,0.14,horizontal,PNAND2|R0|WORDLINEDRIVER|MX|0.14|horizontal
PNAND2,R0,WORDLINEDRIVER,MY,0.0,horizontal,PNAND2|R0|WORDLINEDRIVER|MY|0.0|horizontal
PNAND2,R0,WORDLINEDRIVER,MY,0.0025,horizontal,PNAND2|R0|WORDLINEDRIVER|MY|0.0025|horizontal
PNAND2,R0,WORDLINEDRIVER,MY,0.07,horizontal,PNAND2|R0|WORDLINEDRIVER|MY|0.07|horizontal
PNAND2,R0,WORDLINEDRIVER,MY,0.14,horizontal,PNAND2|R0|WORDLINEDRIVER|MY|0.14|horizontal
PNAND2,R0,WORDLINEDRIVER,R0,0.0,horizontal,PNAND2|R0|WORDLINEDRIVER|R0|0.0|horizontal
PNAND2,R0,WORDLINEDRIVER,R0,0.0025,horizontal,PNAND2|R0|WORDLINEDRIVER|R0|0.0025|horizontal
PNAND2,R0,WORDLINEDRIVER,R0,0.07,horizontal,PNAND2|R0|WORDLINEDRIVER|R0|0.07|horizontal
PNAND2,R0,WORDLINEDRIVER,R0,0.14,horizontal,PNAND2|R0|WORDLINEDRIVER|R0|0.14|horizontal
PNAND2,R0,WORDLINEDRIVER,R180,0.0,horizontal,PNAND2|R0|WORDLINEDRIVER|R180|0.0|horizontal
PNAND2,R0,WORDLINEDRIVER,R180,0.0025,horizontal,PNAND2|R0|WORDLINEDRIVER|R180|0.0025|horizontal
PNAND2,R0,WORDLINEDRIVER,R180,0.07,horizontal,PNAND2|R0|WORDLINEDRIVER|R180|0.07|horizontal
PNAND2,R0,WORDLINEDRIVER,R180,0.14,horizontal,PNAND2|R0|WORDLINEDRIVER|R180|0.14|horizontal
PNAND2,R180,AND2,MX,0.0,horizontal,PNAND2|R180|AND2|MX|0.0|horizontal
PNAND2,R180,AND2,MX,0.0025,horizontal,PNAND2|R180|AND2|MX|0.0025|horizontal
PNAND2,R180,AND2,MX,0.07,horizontal,PNAND2|R180|AND2|MX|0.07|horizontal
PNAND2,R180,AND2,MX,0.14,horizontal,PNAND2|R180|AND2|MX|0.14|horizontal
PNAND2,R180,AND2,MY,0.0,horizontal,PNAND2|R180|AND2|MY|0.0|horizontal
PNAND2,R180,AND2,MY,0.0025,horizontal,PNAND2|R180|AND2|MY|0.0025|horizontal
PNAND2,R180,AND2,MY,0.07,horizontal,PNAND2|R180|AND2|MY|0.07|horizontal
PNAND2,R180,AND2,MY,0.14,horizontal,PNAND2|R180|AND2|MY|0.14|horizontal
PNAND2,R180,AND2,R0,0.0,horizontal,PNAND2|R180|AND2|R0|0.0|horizontal
PNAND2,R180,AND2,R0,0.0025,horizontal,PNAND2|R180|AND2|R0|0.0025|horizontal
PNAND2,R180,AND2,R0,0.07,horizontal,PNAND2|R180|AND2|R0|0.07|horizontal
PNAND2,R180,AND2,R0,0.14,horizontal,PNAND2|R180|AND2|R0|0.14|horizontal
PNAND2,R180,AND2,R180,0.0,horizontal,PNAND2|R180|AND2|R180|0.0|horizontal
PNAND2,R180,AND2,R180,0.0025,horizontal,PNAND2|R180|AND2|R180|0.0025|horizontal
PNAND2,R180,AND2,R180,0.07,horizontal,PNAND2|R180|AND2|R180|0.07|horizontal
PNAND2,R180,AND2,R180,0.14,horizontal,PNAND2|R180|AND2|R180|0.14|horizontal
PNAND2,R180,AND3,MX,0.0,horizontal,PNAND2|R180|AND3|MX|0.0|horizontal
PNAND2,R180,AND3,MX,0.0025,horizontal,PNAND2|R180|AND3|MX|0.0025|horizontal
PNAND2,R180,AND3,MX,0.07,horizontal,PNAND2|R180|AND3|MX|0.07|horizontal
PNAND2,R180,AND3,MX,0.14,horizontal,PNAND2|R180|AND3|MX|0.14|horizontal
PNAND2,R180,AND3,MY,0.0,horizontal,PNAND2|R180|AND3|MY|0.0|horizontal
PNAND2,R180,AND3,MY,0.0025,horizontal,PNAND2|R180|AND3|MY|0.0025|horizontal
PNAND2,R180,AND3,MY,0.07,horizontal,PNAND2|R180|AND3|MY|0.07|horizontal
PNAND2,R180,AND3,MY,0.14,horizontal,PNAND2|R180|AND3|MY|0.14|horizontal
PNAND2,R180,AND3,R0,0.0,horizontal,PNAND2|R180|AND3|R0|0.0|horizontal
PNAND2,R180,AND3,R0,0.0025,horizontal,PNAND2|R180|AND3|R0|0.0025|horizontal
PNAND2,R180,AND3,R0,0.07,horizontal,PNAND2|R180|AND3|R0|0.07|horizontal
PNAND2,R180,AND3,R0,0.14,horizontal,PNAND2|R180|AND3|R0|0.14|horizontal
PNAND2,R180,AND3,R180,0.0,horizontal,PNAND2|R180|AND3|R180|0.0|horizontal
PNAND2,R180,AND3,R180,0.0025,horizontal,PNAND2|R180|AND3|R180|0.0025|horizontal
PNAND2,R180,AND3,R180,0.07,horizontal,PNAND2|R180|AND3|R180|0.07|horizontal
PNAND2,R180,AND3,R180,0.14,horizontal,PNAND2|R180|AND3|R180|0.14|horizontal
PNAND2,R180,PINV,MX,0.0,horizontal,PNAND2|R180|PINV|MX|0.0|horizontal
PNAND2,R180,PINV,MX,0.0025,horizontal,PNAND2|R180|PINV|MX|0.0025|horizontal
PNAND2,R180,PINV,MX,0.07,horizontal,PNAND2|R180|PINV|MX|0.07|horizontal
PNAND2,R180,PINV,MX,0.14,horizontal,PNAND2|R180|PINV|MX|0.14|horizontal
PNAND2,R180,PINV,MY,0.0,horizontal,PNAND2|R180|PINV|MY|0.0|horizontal
PNAND2,R180,PINV,MY,0.0025,horizontal,PNAND2|R180|PINV|MY|0.0025|horizontal
PNAND2,R180,PINV,MY,0.07,horizontal,PNAND2|R180|PINV|MY|0.07|horizontal
PNAND2,R180,PINV,MY,0.14,horizontal,PNAND2|R180|PINV|MY|0.14|horizontal
PNAND2,R180,PINV,R0,0.0,horizontal,PNAND2|R180|PINV|R0|0.0|horizontal
PNAND2,R180,PINV,R0,0.0025,horizontal,PNAND2|R180|PINV|R0|0.0025|horizontal
PNAND2,R180,PINV,R0,0.07,horizontal,PNAND2|R180|PINV|R0|0.07|horizontal
PNAND2,R180,PINV,R0,0.14,horizontal,PNAND2|R180|PINV|R0|0.14|horizontal
PNAND2,R180,PINV,R180,0.0,horizontal,PNAND2|R180|PINV|R180|0.0|horizontal
PNAND2,R180,PINV,R180,0.0025,horizontal,PNAND2|R180|PINV|R180|0.0025|horizontal
PNAND2,R180,PINV,R180,0.07,horizontal,PNAND2|R180|PINV|R180|0.07|horizontal
PNAND2,R180,PINV,R180,0.14,horizontal,PNAND2|R180|PINV|R180|0.14|horizontal
PNAND2,R180,PNAND2,MX,0.0,horizontal,PNAND2|R180|PNAND2|MX|0.0|horizontal
PNAND2,R180,PNAND2,MX,0.0025,horizontal,PNAND2|R180|PNAND2|MX|0.0025|horizontal
PNAND2,R180,PNAND2,MX,0.07,horizontal,PNAND2|R180|PNAND2|MX|0.07|horizontal
PNAND2,R180,PNAND2,MX,0.14,horizontal,PNAND2|R180|PNAND2|MX|0.14|horizontal
PNAND2,R180,PNAND2,MY,0.0,horizontal,PNAND2|R180|PNAND2|MY|0.0|horizontal
PNAND2,R180,PNAND2,MY,0.0025,horizontal,PNAND2|R180|PNAND2|MY|0.0025|horizontal
PNAND2,R180,PNAND2,MY,0.07,horizontal,PNAND2|R180|PNAND2|MY|0.07|horizontal
PNAND2,R180,PNAND2,MY,0.14,horizontal,PNAND2|R180|PNAND2|MY|0.14|horizontal
PNAND2,R180,PNAND2,R0,0.0,horizontal,PNAND2|R180|PNAND2|R0|0.0|horizontal
PNAND2,R180,PNAND2,R0,0.0025,horizontal,PNAND2|R180|PNAND2|R0|0.0025|horizontal
PNAND2,R180,PNAND2,R0,0.07,horizontal,PNAND2|R180|PNAND2|R0|0.07|horizontal
PNAND2,R180,PNAND2,R0,0.14,horizontal,PNAND2|R180|PNAND2|R0|0.14|horizontal
PNAND2,R180,PNAND2,R180,0.0,horizontal,PNAND2|R180|PNAND2|R180|0.0|horizontal
PNAND2,R180,PNAND2,R180,0.0025,horizontal,PNAND2|R180|PNAND2|R180|0.0025|horizontal
PNAND2,R180,PNAND2,R180,0.07,horizontal,PNAND2|R180|PNAND2|R180|0.07|horizontal
PNAND2,R180,PNAND2,R180,0.14,horizontal,PNAND2|R180|PNAND2|R180|0.14|horizontal
PNAND2,R180,PNAND3,MX,0.0,horizontal,PNAND2|R180|PNAND3|MX|0.0|horizontal
PNAND2,R180,PNAND3,MX,0.0025,horizontal,PNAND2|R180|PNAND3|MX|0.0025|horizontal
PNAND2,R180,PNAND3,MX,0.07,horizontal,PNAND2|R180|PNAND3|MX|0.07|horizontal
PNAND2,R180,PNAND3,MX,0.14,horizontal,PNAND2|R180|PNAND3|MX|0.14|horizontal
PNAND2,R180,PNAND3,MY,0.0,horizontal,PNAND2|R180|PNAND3|MY|0.0|horizontal
PNAND2,R180,PNAND3,MY,0.0025,horizontal,PNAND2|R180|PNAND3|MY|0.0025|horizontal
PNAND2,R180,PNAND3,MY,0.07,horizontal,PNAND2|R180|PNAND3|MY|0.07|horizontal
PNAND2,R180,PNAND3,MY,0.14,horizontal,PNAND2|R180|PNAND3|MY|0.14|horizontal
PNAND2,R180,PNAND3,R0,0.0,horizontal,PNAND2|R180|PNAND3|R0|0.0|horizontal
PNAND2,R180,PNAND3,R0,0.0025,horizontal,PNAND2|R180|PNAND3|R0|0.0025|horizontal
PNAND2,R180,PNAND3,R0,0.07,horizontal,PNAND2|R180|PNAND3|R0|0.07|horizontal
PNAND2,R180,PNAND3,R0,0.14,horizontal,PNAND2|R180|PNAND3|R0|0.14|horizontal
PNAND2,R180,PNAND3,R180,0.0,horizontal,PNAND2|R180|PNAND3|R180|0.0|horizontal
PNAND2,R180,PNAND3,R180,0.0025,horizontal,PNAND2|R180|PNAND3|R180|0.0025|horizontal
PNAND2,R180,PNAND3,R180,0.07,horizontal,PNAND2|R180|PNAND3|R180|0.07|horizontal
PNAND2,R180,PNAND3,R180,0.14,horizontal,PNAND2|R180|PNAND3|R180|0.14|horizontal
PNAND2,R180,WORDLINEDRIVER,MX,0.0,horizontal,PNAND2|R180|WORDLINEDRIVER|MX|0.0|horizontal
PNAND2,R180,WORDLINEDRIVER,MX,0.0025,horizontal,PNAND2|R180|WORDLINEDRIVER|MX|0.0025|horizontal
PNAND2,R180,WORDLINEDRIVER,MX,0.07,horizontal,PNAND2|R180|WORDLINEDRIVER|MX|0.07|horizontal
PNAND2,R180,WORDLINEDRIVER,MX,0.14,horizontal,PNAND2|R180|WORDLINEDRIVER|MX|0.14|horizontal
PNAND2,R180,WORDLINEDRIVER,MY,0.0,horizontal,PNAND2|R180|WORDLINEDRIVER|MY|0.0|horizontal
PNAND2,R180,WORDLINEDRIVER,MY,0.0025,horizontal,PNAND2|R180|WORDLINEDRIVER|MY|0.0025|horizontal
PNAND2,R180,WORDLINEDRIVER,MY,0.07,horizontal,PNAND2|R180|WORDLINEDRIVER|MY|0.07|horizontal
PNAND2,R180,WORDLINEDRIVER,MY,0.14,horizontal,PNAND2|R180|WORDLINEDRIVER|MY|0.14|horizontal
PNAND2,R180,WORDLINEDRIVER,R0,0.0,horizontal,PNAND2|R180|WORDLINEDRIVER|R0|0.0|horizontal
PNAND2,R180,WORDLINEDRIVER,R0,0.0025,horizontal,PNAND2|R180|WORDLINEDRIVER|R0|0.0025|horizontal
PNAND2,R180,WORDLINEDRIVER,R0,0.07,horizontal,PNAND2|R180|WORDLINEDRIVER|R0|0.07|horizontal
PNAND2,R180,WORDLINEDRIVER,R0,0.14,horizontal,PNAND2|R180|WORDLINEDRIVER|R0|0.14|horizontal
PNAND2,R180,WORDLINEDRIVER,R180,0.0,horizontal,PNAND2|R180|WORDLINEDRIVER|R180|0.0|horizontal
PNAND2,R180,WORDLINEDRIVER,R180,0.0025,horizontal,PNAND2|R180|WORDLINEDRIVER|R180|0.0025|horizontal
PNAND2,R180,WORDLINEDRIVER,R180,0.07,horizontal,PNAND2|R180|WORDLINEDRIVER|R180|0.07|horizontal
PNAND2,R180,WORDLINEDRIVER,R180,0.14,horizontal,PNAND2|R180|WORDLINEDRIVER|R180|0.14|horizontal
PNAND3,MX,AND2,MX,0.0,horizontal,PNAND3|MX|AND2|MX|0.0|horizontal
PNAND3,MX,AND2,MX,0.0025,horizontal,PNAND3|MX|AND2|MX|0.0025|horizontal
PNAND3,MX,AND2,MX,0.07,horizontal,PNAND3|MX|AND2|MX|0.07|horizontal
PNAND3,MX,AND2,MX,0.14,horizontal,PNAND3|MX|AND2|MX|0.14|horizontal
PNAND3,MX,AND2,MY,0.0,horizontal,PNAND3|MX|AND2|MY|0.0|horizontal
PNAND3,MX,AND2,MY,0.0025,horizontal,PNAND3|MX|AND2|MY|0.0025|horizontal
PNAND3,MX,AND2,MY,0.07,horizontal,PNAND3|MX|AND2|MY|0.07|horizontal
PNAND3,MX,AND2,MY,0.14,horizontal,PNAND3|MX|AND2|MY|0.14|horizontal
PNAND3,MX,AND2,R0,0.0,horizontal,PNAND3|MX|AND2|R0|0.0|horizontal
PNAND3,MX,AND2,R0,0.0025,horizontal,PNAND3|MX|AND2|R0|0.0025|horizontal
PNAND3,MX,AND2,R0,0.07,horizontal,PNAND3|MX|AND2|R0|0.07|horizontal
PNAND3,MX,AND2,R0,0.14,horizontal,PNAND3|MX|AND2|R0|0.14|horizontal
PNAND3,MX,AND2,R180,0.0,horizontal,PNAND3|MX|AND2|R180|0.0|horizontal
PNAND3,MX,AND2,R180,0.0025,horizontal,PNAND3|MX|AND2|R180|0.0025|horizontal
PNAND3,MX,AND2,R180,0.07,horizontal,PNAND3|MX|AND2|R180|0.07|horizontal
PNAND3,MX,AND2,R180,0.14,horizontal,PNAND3|MX|AND2|R180|0.14|horizontal
PNAND3,MX,AND3,MX,0.0,horizontal,PNAND3|MX|AND3|MX|0.0|horizontal
PNAND3,MX,AND3,MX,0.0025,horizontal,PNAND3|MX|AND3|MX|0.0025|horizontal
PNAND3,MX,AND3,MX,0.07,horizontal,PNAND3|MX|AND3|MX|0.07|horizontal
PNAND3,MX,AND3,MX,0.14,horizontal,PNAND3|MX|AND3|MX|0.14|horizontal
PNAND3,MX,AND3,MY,0.0,horizontal,PNAND3|MX|AND3|MY|0.0|horizontal
PNAND3,MX,AND3,MY,0.0025,horizontal,PNAND3|MX|AND3|MY|0.0025|horizontal
PNAND3,MX,AND3,MY,0.07,horizontal,PNAND3|MX|AND3|MY|0.07|horizontal
PNAND3,MX,AND3,MY,0.14,horizontal,PNAND3|MX|AND3|MY|0.14|horizontal
PNAND3,MX,AND3,R0,0.0,horizontal,PNAND3|MX|AND3|R0|0.0|horizontal
PNAND3,MX,AND3,R0,0.0025,horizontal,PNAND3|MX|AND3|R0|0.0025|horizontal
PNAND3,MX,AND3,R0,0.07,horizontal,PNAND3|MX|AND3|R0|0.07|horizontal
PNAND3,MX,AND3,R0,0.14,horizontal,PNAND3|MX|AND3|R0|0.14|horizontal
PNAND3,MX,AND3,R180,0.0,horizontal,PNAND3|MX|AND3|R180|0.0|horizontal
PNAND3,MX,AND3,R180,0.0025,horizontal,PNAND3|MX|AND3|R180|0.0025|horizontal
PNAND3,MX,AND3,R180,0.07,horizontal,PNAND3|MX|AND3|R180|0.07|horizontal
PNAND3,MX,AND3,R180,0.14,horizontal,PNAND3|MX|AND3|R180|0.14|horizontal
PNAND3,MX,PINV,MX,0.0,horizontal,PNAND3|MX|PINV|MX|0.0|horizontal
PNAND3,MX,PINV,MX,0.0025,horizontal,PNAND3|MX|PINV|MX|0.0025|horizontal
PNAND3,MX,PINV,MX,0.07,horizontal,PNAND3|MX|PINV|MX|0.07|horizontal
PNAND3,MX,PINV,MX,0.14,horizontal,PNAND3|MX|PINV|MX|0.14|horizontal
PNAND3,MX,PINV,MY,0.0,horizontal,PNAND3|MX|PINV|MY|0.0|horizontal
PNAND3,MX,PINV,MY,0.0025,horizontal,PNAND3|MX|PINV|MY|0.0025|horizontal
PNAND3,MX,PINV,MY,0.07,horizontal,PNAND3|MX|PINV|MY|0.07|horizontal
PNAND3,MX,PINV,MY,0.14,horizontal,PNAND3|MX|PINV|MY|0.14|horizontal
PNAND3,MX,PINV,R0,0.0,horizontal,PNAND3|MX|PINV|R0|0.0|horizontal
PNAND3,MX,PINV,R0,0.0025,horizontal,PNAND3|MX|PINV|R0|0.0025|horizontal
PNAND3,MX,PINV,R0,0.07,horizontal,PNAND3|MX|PINV|R0|0.07|horizontal
PNAND3,MX,PINV,R0,0.14,horizontal,PNAND3|MX|PINV|R0|0.14|horizontal
PNAND3,MX,PINV,R180,0.0,horizontal,PNAND3|MX|PINV|R180|0.0|horizontal
PNAND3,MX,PINV,R180,0.0025,horizontal,PNAND3|MX|PINV|R180|0.0025|horizontal
PNAND3,MX,PINV,R180,0.07,horizontal,PNAND3|MX|PINV|R180|0.07|horizontal
PNAND3,MX,PINV,R180,0.14,horizontal,PNAND3|MX|PINV|R180|0.14|horizontal
PNAND3,MX,PNAND2,MX,0.0,horizontal,PNAND3|MX|PNAND2|MX|0.0|horizontal
PNAND3,MX,PNAND2,MX,0.0025,horizontal,PNAND3|MX|PNAND2|MX|0.0025|horizontal
PNAND3,MX,PNAND2,MX,0.07,horizontal,PNAND3|MX|PNAND2|MX|0.07|horizontal
PNAND3,MX,PNAND2,MX,0.14,horizontal,PNAND3|MX|PNAND2|MX|0.14|horizontal
PNAND3,MX,PNAND2,MY,0.0,horizontal,PNAND3|MX|PNAND2|MY|0.0|horizontal
PNAND3,MX,PNAND2,MY,0.0025,horizontal,PNAND3|MX|PNAND2|MY|0.0025|horizontal
PNAND3,MX,PNAND2,MY,0.07,horizontal,PNAND3|MX|PNAND2|MY|0.07|horizontal
PNAND3,MX,PNAND2,MY,0.14,horizontal,PNAND3|MX|PNAND2|MY|0.14|horizontal
PNAND3,MX,PNAND2,R0,0.0,horizontal,PNAND3|MX|PNAND2|R0|0.0|horizontal
PNAND3,MX,PNAND2,R0,0.0025,horizontal,PNAND3|MX|PNAND2|R0|0.0025|horizontal
PNAND3,MX,PNAND2,R0,0.07,horizontal,PNAND3|MX|PNAND2|R0|0.07|horizontal
PNAND3,MX,PNAND2,R0,0.14,horizontal,PNAND3|MX|PNAND2|R0|0.14|horizontal
PNAND3,MX,PNAND2,R180,0.0,horizontal,PNAND3|MX|PNAND2|R180|0.0|horizontal
PNAND3,MX,PNAND2,R180,0.0025,horizontal,PNAND3|MX|PNAND2|R180|0.0025|horizontal
PNAND3,MX,PNAND2,R180,0.07,horizontal,PNAND3|MX|PNAND2|R180|0.07|horizontal
PNAND3,MX,PNAND2,R180,0.14,horizontal,PNAND3|MX|PNAND2|R180|0.14|horizontal
PNAND3,MX,PNAND3,MX,0.0,horizontal,PNAND3|MX|PNAND3|MX|0.0|horizontal
PNAND3,MX,PNAND3,MX,0.0025,horizontal,PNAND3|MX|PNAND3|MX|0.0025|horizontal
PNAND3,MX,PNAND3,MX,0.07,horizontal,PNAND3|MX|PNAND3|MX|0.07|horizontal
PNAND3,MX,PNAND3,MX,0.14,horizontal,PNAND3|MX|PNAND3|MX|0.14|horizontal
PNAND3,MX,PNAND3,MY,0.0,horizontal,PNAND3|MX|PNAND3|MY|0.0|horizontal
PNAND3,MX,PNAND3,MY,0.0025,horizontal,PNAND3|MX|PNAND3|MY|0.0025|horizontal
PNAND3,MX,PNAND3,MY,0.07,horizontal,PNAND3|MX|PNAND3|MY|0.07|horizontal
PNAND3,MX,PNAND3,MY,0.14,horizontal,PNAND3|MX|PNAND3|MY|0.14|horizontal
PNAND3,MX,PNAND3,R0,0.0,horizontal,PNAND3|MX|PNAND3|R0|0.0|horizontal
PNAND3,MX,PNAND3,R0,0.0025,horizontal,PNAND3|MX|PNAND3|R0|0.0025|horizontal
PNAND3,MX,PNAND3,R0,0.07,horizontal,PNAND3|MX|PNAND3|R0|0.07|horizontal
PNAND3,MX,PNAND3,R0,0.14,horizontal,PNAND3|MX|PNAND3|R0|0.14|horizontal
PNAND3,MX,PNAND3,R180,0.0,horizontal,PNAND3|MX|PNAND3|R180|0.0|horizontal
PNAND3,MX,PNAND3,R180,0.0025,horizontal,PNAND3|MX|PNAND3|R180|0.0025|horizontal
PNAND3,MX,PNAND3,R180,0.07,horizontal,PNAND3|MX|PNAND3|R180|0.07|horizontal
PNAND3,MX,PNAND3,R180,0.14,horizontal,PNAND3|MX|PNAND3|R180|0.14|horizontal
PNAND3,MX,WORDLINEDRIVER,MX,0.0,horizontal,PNAND3|MX|WORDLINEDRIVER|MX|0.0|horizontal
PNAND3,MX,WORDLINEDRIVER,MX,0.0025,horizontal,PNAND3|MX|WORDLINEDRIVER|MX|0.0025|horizontal
PNAND3,MX,WORDLINEDRIVER,MX,0.07,horizontal,PNAND3|MX|WORDLINEDRIVER|MX|0.07|horizontal
PNAND3,MX,WORDLINEDRIVER,MX,0.14,horizontal,PNAND3|MX|WORDLINEDRIVER|MX|0.14|horizontal
PNAND3,MX,WORDLINEDRIVER,MY,0.0,horizontal,PNAND3|MX|WORDLINEDRIVER|MY|0.0|horizontal
PNAND3,MX,WORDLINEDRIVER,MY,0.0025,horizontal,PNAND3|MX|WORDLINEDRIVER|MY|0.0025|horizontal
PNAND3,MX,WORDLINEDRIVER,MY,0.07,horizontal,PNAND3|MX|WORDLINEDRIVER|MY|0.07|horizontal
PNAND3,MX,WORDLINEDRIVER,MY,0.14,horizontal,PNAND3|MX|WORDLINEDRIVER|MY|0.14|horizontal
PNAND3,MX,WORDLINEDRIVER,R0,0.0,horizontal,PNAND3|MX|WORDLINEDRIVER|R0|0.0|horizontal
PNAND3,MX,WORDLINEDRIVER,R0,0.0025,horizontal,PNAND3|MX|WORDLINEDRIVER|R0|0.0025|horizontal
PNAND3,MX,WORDLINEDRIVER,R0,0.07,horizontal,PNAND3|MX|WORDLINEDRIVER|R0|0.07|horizontal
PNAND3,MX,WORDLINEDRIVER,R0,0.14,horizontal,PNAND3|MX|WORDLINEDRIVER|R0|0.14|horizontal
PNAND3,MX,WORDLINEDRIVER,R180,0.0,horizontal,PNAND3|MX|WORDLINEDRIVER|R180|0.0|horizontal
PNAND3,MX,WORDLINEDRIVER,R180,0.0025,horizontal,PNAND3|MX|WORDLINEDRIVER|R180|0.0025|horizontal
PNAND3,MX,WORDLINEDRIVER,R180,0.07,horizontal,PNAND3|MX|WORDLINEDRIVER|R180|0.07|horizontal
PNAND3,MX,WORDLINEDRIVER,R180,0.14,horizontal,PNAND3|MX|WORDLINEDRIVER|R180|0.14|horizontal
PNAND3,MY,AND2,MX,0.0,horizontal,PNAND3|MY|AND2|MX|0.0|horizontal
PNAND3,MY,AND2,MX,0.0025,horizontal,PNAND3|MY|AND2|MX|0.0025|horizontal
PNAND3,MY,AND2,MX,0.07,horizontal,PNAND3|MY|AND2|MX|0.07|horizontal
PNAND3,MY,AND2,MX,0.14,horizontal,PNAND3|MY|AND2|MX|0.14|horizontal
PNAND3,MY,AND2,MY,0.0,horizontal,PNAND3|MY|AND2|MY|0.0|horizontal
PNAND3,MY,AND2,MY,0.0025,horizontal,PNAND3|MY|AND2|MY|0.0025|horizontal
PNAND3,MY,AND2,MY,0.07,horizontal,PNAND3|MY|AND2|MY|0.07|horizontal
PNAND3,MY,AND2,MY,0.14,horizontal,PNAND3|MY|AND2|MY|0.14|horizontal
PNAND3,MY,AND2,R0,0.0,horizontal,PNAND3|MY|AND2|R0|0.0|horizontal
PNAND3,MY,AND2,R0,0.0025,horizontal,PNAND3|MY|AND2|R0|0.0025|horizontal
PNAND3,MY,AND2,R0,0.07,horizontal,PNAND3|MY|AND2|R0|0.07|horizontal
PNAND3,MY,AND2,R0,0.14,horizontal,PNAND3|MY|AND2|R0|0.14|horizontal
PNAND3,MY,AND2,R180,0.0,horizontal,PNAND3|MY|AND2|R180|0.0|horizontal
PNAND3,MY,AND2,R180,0.0025,horizontal,PNAND3|MY|AND2|R180|0.0025|horizontal
PNAND3,MY,AND2,R180,0.07,horizontal,PNAND3|MY|AND2|R180|0.07|horizontal
PNAND3,MY,AND2,R180,0.14,horizontal,PNAND3|MY|AND2|R180|0.14|horizontal
PNAND3,MY,AND3,MX,0.0,horizontal,PNAND3|MY|AND3|MX|0.0|horizontal
PNAND3,MY,AND3,MX,0.0025,horizontal,PNAND3|MY|AND3|MX|0.0025|horizontal
PNAND3,MY,AND3,MX,0.07,horizontal,PNAND3|MY|AND3|MX|0.07|horizontal
PNAND3,MY,AND3,MX,0.14,horizontal,PNAND3|MY|AND3|MX|0.14|horizontal
PNAND3,MY,AND3,MY,0.0,horizontal,PNAND3|MY|AND3|MY|0.0|horizontal
PNAND3,MY,AND3,MY,0.0025,horizontal,PNAND3|MY|AND3|MY|0.0025|horizontal
PNAND3,MY,AND3,MY,0.07,horizontal,PNAND3|MY|AND3|MY|0.07|horizontal
PNAND3,MY,AND3,MY,0.14,horizontal,PNAND3|MY|AND3|MY|0.14|horizontal
PNAND3,MY,AND3,R0,0.0,horizontal,PNAND3|MY|AND3|R0|0.0|horizontal
PNAND3,MY,AND3,R0,0.0025,horizontal,PNAND3|MY|AND3|R0|0.0025|horizontal
PNAND3,MY,AND3,R0,0.07,horizontal,PNAND3|MY|AND3|R0|0.07|horizontal
PNAND3,MY,AND3,R0,0.14,horizontal,PNAND3|MY|AND3|R0|0.14|horizontal
PNAND3,MY,AND3,R180,0.0,horizontal,PNAND3|MY|AND3|R180|0.0|horizontal
PNAND3,MY,AND3,R180,0.0025,horizontal,PNAND3|MY|AND3|R180|0.0025|horizontal
PNAND3,MY,AND3,R180,0.07,horizontal,PNAND3|MY|AND3|R180|0.07|horizontal
PNAND3,MY,AND3,R180,0.14,horizontal,PNAND3|MY|AND3|R180|0.14|horizontal
PNAND3,MY,PINV,MX,0.0,horizontal,PNAND3|MY|PINV|MX|0.0|horizontal
PNAND3,MY,PINV,MX,0.0025,horizontal,PNAND3|MY|PINV|MX|0.0025|horizontal
PNAND3,MY,PINV,MX,0.07,horizontal,PNAND3|MY|PINV|MX|0.07|horizontal
PNAND3,MY,PINV,MX,0.14,horizontal,PNAND3|MY|PINV|MX|0.14|horizontal
PNAND3,MY,PINV,MY,0.0,horizontal,PNAND3|MY|PINV|MY|0.0|horizontal
PNAND3,MY,PINV,MY,0.0025,horizontal,PNAND3|MY|PINV|MY|0.0025|horizontal
PNAND3,MY,PINV,MY,0.07,horizontal,PNAND3|MY|PINV|MY|0.07|horizontal
PNAND3,MY,PINV,MY,0.14,horizontal,PNAND3|MY|PINV|MY|0.14|horizontal
PNAND3,MY,PINV,R0,0.0,horizontal,PNAND3|MY|PINV|R0|0.0|horizontal
PNAND3,MY,PINV,R0,0.0025,horizontal,PNAND3|MY|PINV|R0|0.0025|horizontal
PNAND3,MY,PINV,R0,0.07,horizontal,PNAND3|MY|PINV|R0|0.07|horizontal
PNAND3,MY,PINV,R0,0.14,horizontal,PNAND3|MY|PINV|R0|0.14|horizontal
PNAND3,MY,PINV,R180,0.0,horizontal,PNAND3|MY|PINV|R180|0.0|horizontal
PNAND3,MY,PINV,R180,0.0025,horizontal,PNAND3|MY|PINV|R180|0.0025|horizontal
PNAND3,MY,PINV,R180,0.07,horizontal,PNAND3|MY|PINV|R180|0.07|horizontal
PNAND3,MY,PINV,R180,0.14,horizontal,PNAND3|MY|PINV|R180|0.14|horizontal
PNAND3,MY,PNAND2,MX,0.0,horizontal,PNAND3|MY|PNAND2|MX|0.0|horizontal
PNAND3,MY,PNAND2,MX,0.0025,horizontal,PNAND3|MY|PNAND2|MX|0.0025|horizontal
PNAND3,MY,PNAND2,MX,0.07,horizontal,PNAND3|MY|PNAND2|MX|0.07|horizontal
PNAND3,MY,PNAND2,MX,0.14,horizontal,PNAND3|MY|PNAND2|MX|0.14|horizontal
PNAND3,MY,PNAND2,MY,0.0,horizontal,PNAND3|MY|PNAND2|MY|0.0|horizontal
PNAND3,MY,PNAND2,MY,0.0025,horizontal,PNAND3|MY|PNAND2|MY|0.0025|horizontal
PNAND3,MY,PNAND2,MY,0.07,horizontal,PNAND3|MY|PNAND2|MY|0.07|horizontal
PNAND3,MY,PNAND2,MY,0.14,horizontal,PNAND3|MY|PNAND2|MY|0.14|horizontal
PNAND3,MY,PNAND2,R0,0.0,horizontal,PNAND3|MY|PNAND2|R0|0.0|horizontal
PNAND3,MY,PNAND2,R0,0.0025,horizontal,PNAND3|MY|PNAND2|R0|0.0025|horizontal
PNAND3,MY,PNAND2,R0,0.07,horizontal,PNAND3|MY|PNAND2|R0|0.07|horizontal
PNAND3,MY,PNAND2,R0,0.14,horizontal,PNAND3|MY|PNAND2|R0|0.14|horizontal
PNAND3,MY,PNAND2,R180,0.0,horizontal,PNAND3|MY|PNAND2|R180|0.0|horizontal
PNAND3,MY,PNAND2,R180,0.0025,horizontal,PNAND3|MY|PNAND2|R180|0.0025|horizontal
PNAND3,MY,PNAND2,R180,0.07,horizontal,PNAND3|MY|PNAND2|R180|0.07|horizontal
PNAND3,MY,PNAND2,R180,0.14,horizontal,PNAND3|MY|PNAND2|R180|0.14|horizontal
PNAND3,MY,PNAND3,MX,0.0,horizontal,PNAND3|MY|PNAND3|MX|0.0|horizontal
PNAND3,MY,PNAND3,MX,0.0025,horizontal,PNAND3|MY|PNAND3|MX|0.0025|horizontal
PNAND3,MY,PNAND3,MX,0.07,horizontal,PNAND3|MY|PNAND3|MX|0.07|horizontal
PNAND3,MY,PNAND3,MX,0.14,horizontal,PNAND3|MY|PNAND3|MX|0.14|horizontal
PNAND3,MY,PNAND3,MY,0.0,horizontal,PNAND3|MY|PNAND3|MY|0.0|horizontal
PNAND3,MY,PNAND3,MY,0.0025,horizontal,PNAND3|MY|PNAND3|MY|0.0025|horizontal
PNAND3,MY,PNAND3,MY,0.07,horizontal,PNAND3|MY|PNAND3|MY|0.07|horizontal
PNAND3,MY,PNAND3,MY,0.14,horizontal,PNAND3|MY|PNAND3|MY|0.14|horizontal
PNAND3,MY,PNAND3,R0,0.0,horizontal,PNAND3|MY|PNAND3|R0|0.0|horizontal
PNAND3,MY,PNAND3,R0,0.0025,horizontal,PNAND3|MY|PNAND3|R0|0.0025|horizontal
PNAND3,MY,PNAND3,R0,0.07,horizontal,PNAND3|MY|PNAND3|R0|0.07|horizontal
PNAND3,MY,PNAND3,R0,0.14,horizontal,PNAND3|MY|PNAND3|R0|0.14|horizontal
PNAND3,MY,PNAND3,R180,0.0,horizontal,PNAND3|MY|PNAND3|R180|0.0|horizontal
PNAND3,MY,PNAND3,R180,0.0025,horizontal,PNAND3|MY|PNAND3|R180|0.0025|horizontal
PNAND3,MY,PNAND3,R180,0.07,horizontal,PNAND3|MY|PNAND3|R180|0.07|horizontal
PNAND3,MY,PNAND3,R180,0.14,horizontal,PNAND3|MY|PNAND3|R180|0.14|horizontal
PNAND3,MY,WORDLINEDRIVER,MX,0.0,horizontal,PNAND3|MY|WORDLINEDRIVER|MX|0.0|horizontal
PNAND3,MY,WORDLINEDRIVER,MX,0.0025,horizontal,PNAND3|MY|WORDLINEDRIVER|MX|0.0025|horizontal
PNAND3,MY,WORDLINEDRIVER,MX,0.07,horizontal,PNAND3|MY|WORDLINEDRIVER|MX|0.07|horizontal
PNAND3,MY,WORDLINEDRIVER,MX,0.14,horizontal,PNAND3|MY|WORDLINEDRIVER|MX|0.14|horizontal
PNAND3,MY,WORDLINEDRIVER,MY,0.0,horizontal,PNAND3|MY|WORDLINEDRIVER|MY|0.0|horizontal
PNAND3,MY,WORDLINEDRIVER,MY,0.0025,horizontal,PNAND3|MY|WORDLINEDRIVER|MY|0.0025|horizontal
PNAND3,MY,WORDLINEDRIVER,MY,0.07,horizontal,PNAND3|MY|WORDLINEDRIVER|MY|0.07|horizontal
PNAND3,MY,WORDLINEDRIVER,MY,0.14,horizontal,PNAND3|MY|WORDLINEDRIVER|MY|0.14|horizontal
PNAND3,MY,WORDLINEDRIVER,R0,0.0,horizontal,PNAND3|MY|WORDLINEDRIVER|R0|0.0|horizontal
PNAND3,MY,WORDLINEDRIVER,R0,0.0025,horizontal,PNAND3|MY|WORDLINEDRIVER|R0|0.0025|horizontal
PNAND3,MY,WORDLINEDRIVER,R0,0.07,horizontal,PNAND3|MY|WORDLINEDRIVER|R0|0.07|horizontal
PNAND3,MY,WORDLINEDRIVER,R0,0.14,horizontal,PNAND3|MY|WORDLINEDRIVER|R0|0.14|horizontal
PNAND3,MY,WORDLINEDRIVER,R180,0.0,horizontal,PNAND3|MY|WORDLINEDRIVER|R180|0.0|horizontal
PNAND3,MY,WORDLINEDRIVER,R180,0.0025,horizontal,PNAND3|MY|WORDLINEDRIVER|R180|0.0025|horizontal
PNAND3,MY,WORDLINEDRIVER,R180,0.07,horizontal,PNAND3|MY|WORDLINEDRIVER|R180|0.07|horizontal
PNAND3,MY,WORDLINEDRIVER,R180,0.14,horizontal,PNAND3|MY|WORDLINEDRIVER|R180|0.14|horizontal
PNAND3,R0,AND2,MX,0.0,horizontal,PNAND3|R0|AND2|MX|0.0|horizontal
PNAND3,R0,AND2,MX,0.0025,horizontal,PNAND3|R0|AND2|MX|0.0025|horizontal
PNAND3,R0,AND2,MX,0.07,horizontal,PNAND3|R0|AND2|MX|0.07|horizontal
PNAND3,R0,AND2,MX,0.14,horizontal,PNAND3|R0|AND2|MX|0.14|horizontal
PNAND3,R0,AND2,MY,0.0,horizontal,PNAND3|R0|AND2|MY|0.0|horizontal
PNAND3,R0,AND2,MY,0.0025,horizontal,PNAND3|R0|AND2|MY|0.0025|horizontal
PNAND3,R0,AND2,MY,0.07,horizontal,PNAND3|R0|AND2|MY|0.07|horizontal
PNAND3,R0,AND2,MY,0.14,horizontal,PNAND3|R0|AND2|MY|0.14|horizontal
PNAND3,R0,AND2,R0,0.0,horizontal,PNAND3|R0|AND2|R0|0.0|horizontal
PNAND3,R0,AND2,R0,0.0025,horizontal,PNAND3|R0|AND2|R0|0.0025|horizontal
PNAND3,R0,AND2,R0,0.07,horizontal,PNAND3|R0|AND2|R0|0.07|horizontal
PNAND3,R0,AND2,R0,0.14,horizontal,PNAND3|R0|AND2|R0|0.14|horizontal
PNAND3,R0,AND2,R180,0.0,horizontal,PNAND3|R0|AND2|R180|0.0|horizontal
PNAND3,R0,AND2,R180,0.0025,horizontal,PNAND3|R0|AND2|R180|0.0025|horizontal
PNAND3,R0,AND2,R180,0.07,horizontal,PNAND3|R0|AND2|R180|0.07|horizontal
PNAND3,R0,AND2,R180,0.14,horizontal,PNAND3|R0|AND2|R180|0.14|horizontal
PNAND3,R0,AND3,MX,0.0,horizontal,PNAND3|R0|AND3|MX|0.0|horizontal
PNAND3,R0,AND3,MX,0.0025,horizontal,PNAND3|R0|AND3|MX|0.0025|horizontal
PNAND3,R0,AND3,MX,0.07,horizontal,PNAND3|R0|AND3|MX|0.07|horizontal
PNAND3,R0,AND3,MX,0.14,horizontal,PNAND3|R0|AND3|MX|0.14|horizontal
PNAND3,R0,AND3,MY,0.0,horizontal,PNAND3|R0|AND3|MY|0.0|horizontal
PNAND3,R0,AND3,MY,0.0025,horizontal,PNAND3|R0|AND3|MY|0.0025|horizontal
PNAND3,R0,AND3,MY,0.07,horizontal,PNAND3|R0|AND3|MY|0.07|horizontal
PNAND3,R0,AND3,MY,0.14,horizontal,PNAND3|R0|AND3|MY|0.14|horizontal
PNAND3,R0,AND3,R0,0.0,horizontal,PNAND3|R0|AND3|R0|0.0|horizontal
PNAND3,R0,AND3,R0,0.0025,horizontal,PNAND3|R0|AND3|R0|0.0025|horizontal
PNAND3,R0,AND3,R0,0.07,horizontal,PNAND3|R0|AND3|R0|0.07|horizontal
PNAND3,R0,AND3,R0,0.14,horizontal,PNAND3|R0|AND3|R0|0.14|horizontal
PNAND3,R0,AND3,R180,0.0,horizontal,PNAND3|R0|AND3|R180|0.0|horizontal
PNAND3,R0,AND3,R180,0.0025,horizontal,PNAND3|R0|AND3|R180|0.0025|horizontal
PNAND3,R0,AND3,R180,0.07,horizontal,PNAND3|R0|AND3|R180|0.07|horizontal
PNAND3,R0,AND3,R180,0.14,horizontal,PNAND3|R0|AND3|R180|0.14|horizontal
PNAND3,R0,PINV,MX,0.0,horizontal,PNAND3|R0|PINV|MX|0.0|horizontal
PNAND3,R0,PINV,MX,0.0025,horizontal,PNAND3|R0|PINV|MX|0.0025|horizontal
PNAND3,R0,PINV,MX,0.07,horizontal,PNAND3|R0|PINV|MX|0.07|horizontal
PNAND3,R0,PINV,MX,0.14,horizontal,PNAND3|R0|PINV|MX|0.14|horizontal
PNAND3,R0,PINV,MY,0.0,horizontal,PNAND3|R0|PINV|MY|0.0|horizontal
PNAND3,R0,PINV,MY,0.0025,horizontal,PNAND3|R0|PINV|MY|0.0025|horizontal
PNAND3,R0,PINV,MY,0.07,horizontal,PNAND3|R0|PINV|MY|0.07|horizontal
PNAND3,R0,PINV,MY,0.14,horizontal,PNAND3|R0|PINV|MY|0.14|horizontal
PNAND3,R0,PINV,R0,0.0,horizontal,PNAND3|R0|PINV|R0|0.0|horizontal
PNAND3,R0,PINV,R0,0.0025,horizontal,PNAND3|R0|PINV|R0|0.0025|horizontal
PNAND3,R0,PINV,R0,0.07,horizontal,PNAND3|R0|PINV|R0|0.07|horizontal
PNAND3,R0,PINV,R0,0.14,horizontal,PNAND3|R0|PINV|R0|0.14|horizontal
PNAND3,R0,PINV,R180,0.0,horizontal,PNAND3|R0|PINV|R180|0.0|horizontal
PNAND3,R0,PINV,R180,0.0025,horizontal,PNAND3|R0|PINV|R180|0.0025|horizontal
PNAND3,R0,PINV,R180,0.07,horizontal,PNAND3|R0|PINV|R180|0.07|horizontal
PNAND3,R0,PINV,R180,0.14,horizontal,PNAND3|R0|PINV|R180|0.14|horizontal
PNAND3,R0,PNAND2,MX,0.0,horizontal,PNAND3|R0|PNAND2|MX|0.0|horizontal
PNAND3,R0,PNAND2,MX,0.0025,horizontal,PNAND3|R0|PNAND2|MX|0.0025|horizontal
PNAND3,R0,PNAND2,MX,0.07,horizontal,PNAND3|R0|PNAND2|MX|0.07|horizontal
PNAND3,R0,PNAND2,MX,0.14,horizontal,PNAND3|R0|PNAND2|MX|0.14|horizontal
PNAND3,R0,PNAND2,MY,0.0,horizontal,PNAND3|R0|PNAND2|MY|0.0|horizontal
PNAND3,R0,PNAND2,MY,0.0025,horizontal,PNAND3|R0|PNAND2|MY|0.0025|horizontal
PNAND3,R0,PNAND2,MY,0.07,horizontal,PNAND3|R0|PNAND2|MY|0.07|horizontal
PNAND3,R0,PNAND2,MY,0.14,horizontal,PNAND3|R0|PNAND2|MY|0.14|horizontal
PNAND3,R0,PNAND2,R0,0.0,horizontal,PNAND3|R0|PNAND2|R0|0.0|horizontal
PNAND3,R0,PNAND2,R0,0.0025,horizontal,PNAND3|R0|PNAND2|R0|0.0025|horizontal
PNAND3,R0,PNAND2,R0,0.07,horizontal,PNAND3|R0|PNAND2|R0|0.07|horizontal
PNAND3,R0,PNAND2,R0,0.14,horizontal,PNAND3|R0|PNAND2|R0|0.14|horizontal
PNAND3,R0,PNAND2,R180,0.0,horizontal,PNAND3|R0|PNAND2|R180|0.0|horizontal
PNAND3,R0,PNAND2,R180,0.0025,horizontal,PNAND3|R0|PNAND2|R180|0.0025|horizontal
PNAND3,R0,PNAND2,R180,0.07,horizontal,PNAND3|R0|PNAND2|R180|0.07|horizontal
PNAND3,R0,PNAND2,R180,0.14,horizontal,PNAND3|R0|PNAND2|R180|0.14|horizontal
PNAND3,R0,PNAND3,MX,0.0,horizontal,PNAND3|R0|PNAND3|MX|0.0|horizontal
PNAND3,R0,PNAND3,MX,0.0025,horizontal,PNAND3|R0|PNAND3|MX|0.0025|horizontal
PNAND3,R0,PNAND3,MX,0.07,horizontal,PNAND3|R0|PNAND3|MX|0.07|horizontal
PNAND3,R0,PNAND3,MX,0.14,horizontal,PNAND3|R0|PNAND3|MX|0.14|horizontal
PNAND3,R0,PNAND3,MY,0.0,horizontal,PNAND3|R0|PNAND3|MY|0.0|horizontal
PNAND3,R0,PNAND3,MY,0.0025,horizontal,PNAND3|R0|PNAND3|MY|0.0025|horizontal
PNAND3,R0,PNAND3,MY,0.07,horizontal,PNAND3|R0|PNAND3|MY|0.07|horizontal
PNAND3,R0,PNAND3,MY,0.14,horizontal,PNAND3|R0|PNAND3|MY|0.14|horizontal
PNAND3,R0,PNAND3,R0,0.0,horizontal,PNAND3|R0|PNAND3|R0|0.0|horizontal
PNAND3,R0,PNAND3,R0,0.0025,horizontal,PNAND3|R0|PNAND3|R0|0.0025|horizontal
PNAND3,R0,PNAND3,R0,0.07,horizontal,PNAND3|R0|PNAND3|R0|0.07|horizontal
PNAND3,R0,PNAND3,R0,0.14,horizontal,PNAND3|R0|PNAND3|R0|0.14|horizontal
PNAND3,R0,PNAND3,R180,0.0,horizontal,PNAND3|R0|PNAND3|R180|0.0|horizontal
PNAND3,R0,PNAND3,R180,0.0025,horizontal,PNAND3|R0|PNAND3|R180|0.0025|horizontal
PNAND3,R0,PNAND3,R180,0.07,horizontal,PNAND3|R0|PNAND3|R180|0.07|horizontal
PNAND3,R0,PNAND3,R180,0.14,horizontal,PNAND3|R0|PNAND3|R180|0.14|horizontal
PNAND3,R0,WORDLINEDRIVER,MX,0.0,horizontal,PNAND3|R0|WORDLINEDRIVER|MX|0.0|horizontal
PNAND3,R0,WORDLINEDRIVER,MX,0.0025,horizontal,PNAND3|R0|WORDLINEDRIVER|MX|0.0025|horizontal
PNAND3,R0,WORDLINEDRIVER,MX,0.07,horizontal,PNAND3|R0|WORDLINEDRIVER|MX|0.07|horizontal
PNAND3,R0,WORDLINEDRIVER,MX,0.14,horizontal,PNAND3|R0|WORDLINEDRIVER|MX|0.14|horizontal
PNAND3,R0,WORDLINEDRIVER,MY,0.0,horizontal,PNAND3|R0|WORDLINEDRIVER|MY|0.0|horizontal
PNAND3,R0,WORDLINEDRIVER,MY,0.0025,horizontal,PNAND3|R0|WORDLINEDRIVER|MY|0.0025|horizontal
PNAND3,R0,WORDLINEDRIVER,MY,0.07,horizontal,PNAND3|R0|WORDLINEDRIVER|MY|0.07|horizontal
PNAND3,R0,WORDLINEDRIVER,MY,0.14,horizontal,PNAND3|R0|WORDLINEDRIVER|MY|0.14|horizontal
PNAND3,R0,WORDLINEDRIVER,R0,0.0,horizontal,PNAND3|R0|WORDLINEDRIVER|R0|0.0|horizontal
PNAND3,R0,WORDLINEDRIVER,R0,0.0025,horizontal,PNAND3|R0|WORDLINEDRIVER|R0|0.0025|horizontal
PNAND3,R0,WORDLINEDRIVER,R0,0.07,horizontal,PNAND3|R0|WORDLINEDRIVER|R0|0.07|horizontal
PNAND3,R0,WORDLINEDRIVER,R0,0.14,horizontal,PNAND3|R0|WORDLINEDRIVER|R0|0.14|horizontal
PNAND3,R0,WORDLINEDRIVER,R180,0.0,horizontal,PNAND3|R0|WORDLINEDRIVER|R180|0.0|horizontal
PNAND3,R0,WORDLINEDRIVER,R180,0.0025,horizontal,PNAND3|R0|WORDLINEDRIVER|R180|0.0025|horizontal
PNAND3,R0,WORDLINEDRIVER,R180,0.07,horizontal,PNAND3|R0|WORDLINEDRIVER|R180|0.07|horizontal
PNAND3,R0,WORDLINEDRIVER,R180,0.14,horizontal,PNAND3|R0|WORDLINEDRIVER|R180|0.14|horizontal
PNAND3,R180,AND2,MX,0.0,horizontal,PNAND3|R180|AND2|MX|0.0|horizontal
PNAND3,R180,AND2,MX,0.0025,horizontal,PNAND3|R180|AND2|MX|0.0025|horizontal
PNAND3,R180,AND2,MX,0.07,horizontal,PNAND3|R180|AND2|MX|0.07|horizontal
PNAND3,R180,AND2,MX,0.14,horizontal,PNAND3|R180|AND2|MX|0.14|horizontal
PNAND3,R180,AND2,MY,0.0,horizontal,PNAND3|R180|AND2|MY|0.0|horizontal
PNAND3,R180,AND2,MY,0.0025,horizontal,PNAND3|R180|AND2|MY|0.0025|horizontal
PNAND3,R180,AND2,MY,0.07,horizontal,PNAND3|R180|AND2|MY|0.07|horizontal
PNAND3,R180,AND2,MY,0.14,horizontal,PNAND3|R180|AND2|MY|0.14|horizontal
PNAND3,R180,AND2,R0,0.0,horizontal,PNAND3|R180|AND2|R0|0.0|horizontal
PNAND3,R180,AND2,R0,0.0025,horizontal,PNAND3|R180|AND2|R0|0.0025|horizontal
PNAND3,R180,AND2,R0,0.07,horizontal,PNAND3|R180|AND2|R0|0.07|horizontal
PNAND3,R180,AND2,R0,0.14,horizontal,PNAND3|R180|AND2|R0|0.14|horizontal
PNAND3,R180,AND2,R180,0.0,horizontal,PNAND3|R180|AND2|R180|0.0|horizontal
PNAND3,R180,AND2,R180,0.0025,horizontal,PNAND3|R180|AND2|R180|0.0025|horizontal
PNAND3,R180,AND2,R180,0.07,horizontal,PNAND3|R180|AND2|R180|0.07|horizontal
PNAND3,R180,AND2,R180,0.14,horizontal,PNAND3|R180|AND2|R180|0.14|horizontal
PNAND3,R180,AND3,MX,0.0,horizontal,PNAND3|R180|AND3|MX|0.0|horizontal
PNAND3,R180,AND3,MX,0.0025,horizontal,PNAND3|R180|AND3|MX|0.0025|horizontal
PNAND3,R180,AND3,MX,0.07,horizontal,PNAND3|R180|AND3|MX|0.07|horizontal
PNAND3,R180,AND3,MX,0.14,horizontal,PNAND3|R180|AND3|MX|0.14|horizontal
PNAND3,R180,AND3,MY,0.0,horizontal,PNAND3|R180|AND3|MY|0.0|horizontal
PNAND3,R180,AND3,MY,0.0025,horizontal,PNAND3|R180|AND3|MY|0.0025|horizontal
PNAND3,R180,AND3,MY,0.07,horizontal,PNAND3|R180|AND3|MY|0.07|horizontal
PNAND3,R180,AND3,MY,0.14,horizontal,PNAND3|R180|AND3|MY|0.14|horizontal
PNAND3,R180,AND3,R0,0.0,horizontal,PNAND3|R180|AND3|R0|0.0|horizontal
PNAND3,R180,AND3,R0,0.0025,horizontal,PNAND3|R180|AND3|R0|0.0025|horizontal
PNAND3,R180,AND3,R0,0.07,horizontal,PNAND3|R180|AND3|R0|0.07|horizontal
PNAND3,R180,AND3,R0,0.14,horizontal,PNAND3|R180|AND3|R0|0.14|horizontal
PNAND3,R180,AND3,R180,0.0,horizontal,PNAND3|R180|AND3|R180|0.0|horizontal
PNAND3,R180,AND3,R180,0.0025,horizontal,PNAND3|R180|AND3|R180|0.0025|horizontal
PNAND3,R180,AND3,R180,0.07,horizontal,PNAND3|R180|AND3|R180|0.07|horizontal
PNAND3,R180,AND3,R180,0.14,horizontal,PNAND3|R180|AND3|R180|0.14|horizontal
PNAND3,R180,PINV,MX,0.0,horizontal,PNAND3|R180|PINV|MX|0.0|horizontal
PNAND3,R180,PINV,MX,0.0025,horizontal,PNAND3|R180|PINV|MX|0.0025|horizontal
PNAND3,R180,PINV,MX,0.07,horizontal,PNAND3|R180|PINV|MX|0.07|horizontal
PNAND3,R180,PINV,MX,0.14,horizontal,PNAND3|R180|PINV|MX|0.14|horizontal
PNAND3,R180,PINV,MY,0.0,horizontal,PNAND3|R180|PINV|MY|0.0|horizontal
PNAND3,R180,PINV,MY,0.0025,horizontal,PNAND3|R180|PINV|MY|0.0025|horizontal
PNAND3,R180,PINV,MY,0.07,horizontal,PNAND3|R180|PINV|MY|0.07|horizontal
PNAND3,R180,PINV,MY,0.14,horizontal,PNAND3|R180|PINV|MY|0.14|horizontal
PNAND3,R180,PINV,R0,0.0,horizontal,PNAND3|R180|PINV|R0|0.0|horizontal
PNAND3,R180,PINV,R0,0.0025,horizontal,PNAND3|R180|PINV|R0|0.0025|horizontal
PNAND3,R180,PINV,R0,0.07,horizontal,PNAND3|R180|PINV|R0|0.07|horizontal
PNAND3,R180,PINV,R0,0.14,horizontal,PNAND3|R180|PINV|R0|0.14|horizontal
PNAND3,R180,PINV,R180,0.0,horizontal,PNAND3|R180|PINV|R180|0.0|horizontal
PNAND3,R180,PINV,R180,0.0025,horizontal,PNAND3|R180|PINV|R180|0.0025|horizontal
PNAND3,R180,PINV,R180,0.07,horizontal,PNAND3|R180|PINV|R180|0.07|horizontal
PNAND3,R180,PINV,R180,0.14,horizontal,PNAND3|R180|PINV|R180|0.14|horizontal
PNAND3,R180,PNAND2,MX,0.0,horizontal,PNAND3|R180|PNAND2|MX|0.0|horizontal
PNAND3,R180,PNAND2,MX,0.0025,horizontal,PNAND3|R180|PNAND2|MX|0.0025|horizontal
PNAND3,R180,PNAND2,MX,0.07,horizontal,PNAND3|R180|PNAND2|MX|0.07|horizontal
PNAND3,R180,PNAND2,MX,0.14,horizontal,PNAND3|R180|PNAND2|MX|0.14|horizontal
PNAND3,R180,PNAND2,MY,0.0,horizontal,PNAND3|R180|PNAND2|MY|0.0|horizontal
PNAND3,R180,PNAND2,MY,0.0025,horizontal,PNAND3|R180|PNAND2|MY|0.0025|horizontal
PNAND3,R180,PNAND2,MY,0.07,horizontal,PNAND3|R180|PNAND2|MY|0.07|horizontal
PNAND3,R180,PNAND2,MY,0.14,horizontal,PNAND3|R180|PNAND2|MY|0.14|horizontal
PNAND3,R180,PNAND2,R0,0.0,horizontal,PNAND3|R180|PNAND2|R0|0.0|horizontal
PNAND3,R180,PNAND2,R0,0.0025,horizontal,PNAND3|R180|PNAND2|R0|0.0025|horizontal
PNAND3,R180,PNAND2,R0,0.07,horizontal,PNAND3|R180|PNAND2|R0|0.07|horizontal
PNAND3,R180,PNAND2,R0,0.14,horizontal,PNAND3|R180|PNAND2|R0|0.14|horizontal
PNAND3,R180,PNAND2,R180,0.0,horizontal,PNAND3|R180|PNAND2|R180|0.0|horizontal
PNAND3,R180,PNAND2,R180,0.0025,horizontal,PNAND3|R180|PNAND2|R180|0.0025|horizontal
PNAND3,R180,PNAND2,R180,0.07,horizontal,PNAND3|R180|PNAND2|R180|0.07|horizontal
PNAND3,R180,PNAND2,R180,0.14,horizontal,PNAND3|R180|PNAND2|R180|0.14|horizontal
PNAND3,R180,PNAND3,MX,0.0,horizontal,PNAND3|R180|PNAND3|MX|0.0|horizontal
PNAND3,R180,PNAND3,MX,0.0025,horizontal,PNAND3|R180|PNAND3|MX|0.0025|horizontal
PNAND3,R180,PNAND3,MX,0.07,horizontal,PNAND3|R180|PNAND3|MX|0.07|horizontal
PNAND3,R180,PNAND3,MX,0.14,horizontal,PNAND3|R180|PNAND3|MX|0.14|horizontal
PNAND3,R180,PNAND3,MY,0.0,horizontal,PNAND3|R180|PNAND3|MY|0.0|horizontal
PNAND3,R180,PNAND3,MY,0.0025,horizontal,PNAND3|R180|PNAND3|MY|0.0025|horizontal
PNAND3,R180,PNAND3,MY,0.07,horizontal,PNAND3|R180|PNAND3|MY|0.07|horizontal
PNAND3,R180,PNAND3,MY,0.14,horizontal,PNAND3|R180|PNAND3|MY|0.14|horizontal
PNAND3,R180,PNAND3,R0,0.0,horizontal,PNAND3|R180|PNAND3|R0|0.0|horizontal
PNAND3,R180,PNAND3,R0,0.0025,horizontal,PNAND3|R180|PNAND3|R0|0.0025|horizontal
PNAND3,R180,PNAND3,R0,0.07,horizontal,PNAND3|R180|PNAND3|R0|0.07|horizontal
PNAND3,R180,PNAND3,R0,0.14,horizontal,PNAND3|R180|PNAND3|R0|0.14|horizontal
PNAND3,R180,PNAND3,R180,0.0,horizontal,PNAND3|R180|PNAND3|R180|0.0|horizontal
PNAND3,R180,PNAND3,R180,0.0025,horizontal,PNAND3|R180|PNAND3|R180|0.0025|horizontal
PNAND3,R180,PNAND3,R180,0.07,horizontal,PNAND3|R180|PNAND3|R180|0.07|horizontal
PNAND3,R180,PNAND3,R180,0.14,horizontal,PNAND3|R180|PNAND3|R180|0.14|horizontal
PNAND3,R180,WORDLINEDRIVER,MX,0.0,horizontal,PNAND3|R180|WORDLINEDRIVER|MX|0.0|horizontal
PNAND3,R180,WORDLINEDRIVER,MX,0.0025,horizontal,PNAND3|R180|WORDLINEDRIVER|MX|0.0025|horizontal
PNAND3,R180,WORDLINEDRIVER,MX,0.07,horizontal,PNAND3|R180|WORDLINEDRIVER|MX|0.07|horizontal
PNAND3,R180,WORDLINEDRIVER,MX,0.14,horizontal,PNAND3|R180|WORDLINEDRIVER|MX|0.14|horizontal
PNAND3,R180,WORDLINEDRIVER,MY,0.0,horizontal,PNAND3|R180|WORDLINEDRIVER|MY|0.0|horizontal
PNAND3,R180,WORDLINEDRIVER,MY,0.0025,horizontal,PNAND3|R180|WORDLINEDRIVER|MY|0.0025|horizontal
PNAND3,R180,WORDLINEDRIVER,MY,0.07,horizontal,PNAND3|R180|WORDLINEDRIVER|MY|0.07|horizontal
PNAND3,R180,WORDLINEDRIVER,MY,0.14,horizontal,PNAND3|R180|WORDLINEDRIVER|MY|0.14|horizontal
PNAND3,R180,WORDLINEDRIVER,R0,0.0,horizontal,PNAND3|R180|WORDLINEDRIVER|R0|0.0|horizontal
PNAND3,R180,WORDLINEDRIVER,R0,0.0025,horizontal,PNAND3|R180|WORDLINEDRIVER|R0|0.0025|horizontal
PNAND3,R180,WORDLINEDRIVER,R0,0.07,horizontal,PNAND3|R180|WORDLINEDRIVER|R0|0.07|horizontal
PNAND3,R180,WORDLINEDRIVER,R0,0.14,horizontal,PNAND3|R180|WORDLINEDRIVER|R0|0.14|horizontal
PNAND3,R180,WORDLINEDRIVER,R180,0.0,horizontal,PNAND3|R180|WORDLINEDRIVER|R180|0.0|horizontal
PNAND3,R180,WORDLINEDRIVER,R180,0.0025,horizontal,PNAND3|R180|WORDLINEDRIVER|R180|0.0025|horizontal
PNAND3,R180,WORDLINEDRIVER,R180,0.07,horizontal,PNAND3|R180|WORDLINEDRIVER|R180|0.07|horizontal
PNAND3,R180,WORDLINEDRIVER,R180,0.14,horizontal,PNAND3|R180|WORDLINEDRIVER|R180|0.14|horizontal
WORDLINEDRIVER,MX,AND2,MX,0.0,horizontal,WORDLINEDRIVER|MX|AND2|MX|0.0|horizontal
WORDLINEDRIVER,MX,AND2,MX,0.0025,horizontal,WORDLINEDRIVER|MX|AND2|MX|0.0025|horizontal
WORDLINEDRIVER,MX,AND2,MX,0.07,horizontal,WORDLINEDRIVER|MX|AND2|MX|0.07|horizontal
WORDLINEDRIVER,MX,AND2,MX,0.14,horizontal,WORDLINEDRIVER|MX|AND2|MX|0.14|horizontal
WORDLINEDRIVER,MX,AND2,MY,0.0,horizontal,WORDLINEDRIVER|MX|AND2|MY|0.0|horizontal
WORDLINEDRIVER,MX,AND2,MY,0.0025,horizontal,WORDLINEDRIVER|MX|AND2|MY|0.0025|horizontal
WORDLINEDRIVER,MX,AND2,MY,0.07,horizontal,WORDLINEDRIVER|MX|AND2|MY|0.07|horizontal
WORDLINEDRIVER,MX,AND2,MY,0.14,horizontal,WORDLINEDRIVER|MX|AND2|MY|0.14|horizontal
WORDLINEDRIVER,MX,AND2,R0,0.0,horizontal,WORDLINEDRIVER|MX|AND2|R0|0.0|horizontal
WORDLINEDRIVER,MX,AND2,R0,0.0025,horizontal,WORDLINEDRIVER|MX|AND2|R0|0.0025|horizontal
WORDLINEDRIVER,MX,AND2,R0,0.07,horizontal,WORDLINEDRIVER|MX|AND2|R0|0.07|horizontal
WORDLINEDRIVER,MX,AND2,R0,0.14,horizontal,WORDLINEDRIVER|MX|AND2|R0|0.14|horizontal
WORDLINEDRIVER,MX,AND2,R180,0.0,horizontal,WORDLINEDRIVER|MX|AND2|R180|0.0|horizontal
WORDLINEDRIVER,MX,AND2,R180,0.0025,horizontal,WORDLINEDRIVER|MX|AND2|R180|0.0025|horizontal
WORDLINEDRIVER,MX,AND2,R180,0.07,horizontal,WORDLINEDRIVER|MX|AND2|R180|0.07|horizontal
WORDLINEDRIVER,MX,AND2,R180,0.14,horizontal,WORDLINEDRIVER|MX|AND2|R180|0.14|horizontal
WORDLINEDRIVER,MX,AND3,MX,0.0,horizontal,WORDLINEDRIVER|MX|AND3|MX|0.0|horizontal
WORDLINEDRIVER,MX,AND3,MX,0.0025,horizontal,WORDLINEDRIVER|MX|AND3|MX|0.0025|horizontal
WORDLINEDRIVER,MX,AND3,MX,0.07,horizontal,WORDLINEDRIVER|MX|AND3|MX|0.07|horizontal
WORDLINEDRIVER,MX,AND3,MX,0.14,horizontal,WORDLINEDRIVER|MX|AND3|MX|0.14|horizontal
WORDLINEDRIVER,MX,AND3,MY,0.0,horizontal,WORDLINEDRIVER|MX|AND3|MY|0.0|horizontal
WORDLINEDRIVER,MX,AND3,MY,0.0025,horizontal,WORDLINEDRIVER|MX|AND3|MY|0.0025|horizontal
WORDLINEDRIVER,MX,AND3,MY,0.07,horizontal,WORDLINEDRIVER|MX|AND3|MY|0.07|horizontal
WORDLINEDRIVER,MX,AND3,MY,0.14,horizontal,WORDLINEDRIVER|MX|AND3|MY|0.14|horizontal
WORDLINEDRIVER,MX,AND3,R0,0.0,horizontal,WORDLINEDRIVER|MX|AND3|R0|0.0|horizontal
WORDLINEDRIVER,MX,AND3,R0,0.0025,horizontal,WORDLINEDRIVER|MX|AND3|R0|0.0025|horizontal
WORDLINEDRIVER,MX,AND3,R0,0.07,horizontal,WORDLINEDRIVER|MX|AND3|R0|0.07|horizontal
WORDLINEDRIVER,MX,AND3,R0,0.14,horizontal,WORDLINEDRIVER|MX|AND3|R0|0.14|horizontal
WORDLINEDRIVER,MX,AND3,R180,0.0,horizontal,WORDLINEDRIVER|MX|AND3|R180|0.0|horizontal
WORDLINEDRIVER,MX,AND3,R180,0.0025,horizontal,WORDLINEDRIVER|MX|AND3|R180|0.0025|horizontal
WORDLINEDRIVER,MX,AND3,R180,0.07,horizontal,WORDLINEDRIVER|MX|AND3|R180|0.07|horizontal
WORDLINEDRIVER,MX,AND3,R180,0.14,horizontal,WORDLINEDRIVER|MX|AND3|R180|0.14|horizontal
WORDLINEDRIVER,MX,PINV,MX,0.0,horizontal,WORDLINEDRIVER|MX|PINV|MX|0.0|horizontal
WORDLINEDRIVER,MX,PINV,MX,0.0025,horizontal,WORDLINEDRIVER|MX|PINV|MX|0.0025|horizontal
WORDLINEDRIVER,MX,PINV,MX,0.07,horizontal,WORDLINEDRIVER|MX|PINV|MX|0.07|horizontal
WORDLINEDRIVER,MX,PINV,MX,0.14,horizontal,WORDLINEDRIVER|MX|PINV|MX|0.14|horizontal
WORDLINEDRIVER,MX,PINV,MY,0.0,horizontal,WORDLINEDRIVER|MX|PINV|MY|0.0|horizontal
WORDLINEDRIVER,MX,PINV,MY,0.0025,horizontal,WORDLINEDRIVER|MX|PINV|MY|0.0025|horizontal
WORDLINEDRIVER,MX,PINV,MY,0.07,horizontal,WORDLINEDRIVER|MX|PINV|MY|0.07|horizontal
WORDLINEDRIVER,MX,PINV,MY,0.14,horizontal,WORDLINEDRIVER|MX|PINV|MY|0.14|horizontal
WORDLINEDRIVER,MX,PINV,R0,0.0,horizontal,WORDLINEDRIVER|MX|PINV|R0|0.0|horizontal
WORDLINEDRIVER,MX,PINV,R0,0.0025,horizontal,WORDLINEDRIVER|MX|PINV|R0|0.0025|horizontal
WORDLINEDRIVER,MX,PINV,R0,0.07,horizontal,WORDLINEDRIVER|MX|PINV|R0|0.07|horizontal
WORDLINEDRIVER,MX,PINV,R0,0.14,horizontal,WORDLINEDRIVER|MX|PINV|R0|0.14|horizontal
WORDLINEDRIVER,MX,PINV,R180,0.0,horizontal,WORDLINEDRIVER|MX|PINV|R180|0.0|horizontal
WORDLINEDRIVER,MX,PINV,R180,0.0025,horizontal,WORDLINEDRIVER|MX|PINV|R180|0.0025|horizontal
WORDLINEDRIVER,MX,PINV,R180,0.07,horizontal,WORDLINEDRIVER|MX|PINV|R180|0.07|horizontal
WORDLINEDRIVER,MX,PINV,R180,0.14,horizontal,WORDLINEDRIVER|MX|PINV|R180|0.14|horizontal
WORDLINEDRIVER,MX,PNAND2,MX,0.0,horizontal,WORDLINEDRIVER|MX|PNAND2|MX|0.0|horizontal
WORDLINEDRIVER,MX,PNAND2,MX,0.0025,horizontal,WORDLINEDRIVER|MX|PNAND2|MX|0.0025|horizontal
WORDLINEDRIVER,MX,PNAND2,MX,0.07,horizontal,WORDLINEDRIVER|MX|PNAND2|MX|0.07|horizontal
WORDLINEDRIVER,MX,PNAND2,MX,0.14,horizontal,WORDLINEDRIVER|MX|PNAND2|MX|0.14|horizontal
WORDLINEDRIVER,MX,PNAND2,MY,0.0,horizontal,WORDLINEDRIVER|MX|PNAND2|MY|0.0|horizontal
WORDLINEDRIVER,MX,PNAND2,MY,0.0025,horizontal,WORDLINEDRIVER|MX|PNAND2|MY|0.0025|horizontal
WORDLINEDRIVER,MX,PNAND2,MY,0.07,horizontal,WORDLINEDRIVER|MX|PNAND2|MY|0.07|horizontal
WORDLINEDRIVER,MX,PNAND2,MY,0.14,horizontal,WORDLINEDRIVER|MX|PNAND2|MY|0.14|horizontal
WORDLINEDRIVER,MX,PNAND2,R0,0.0,horizontal,WORDLINEDRIVER|MX|PNAND2|R0|0.0|horizontal
WORDLINEDRIVER,MX,PNAND2,R0,0.0025,horizontal,WORDLINEDRIVER|MX|PNAND2|R0|0.0025|horizontal
WORDLINEDRIVER,MX,PNAND2,R0,0.07,horizontal,WORDLINEDRIVER|MX|PNAND2|R0|0.07|horizontal
WORDLINEDRIVER,MX,PNAND2,R0,0.14,horizontal,WORDLINEDRIVER|MX|PNAND2|R0|0.14|horizontal
WORDLINEDRIVER,MX,PNAND2,R180,0.0,horizontal,WORDLINEDRIVER|MX|PNAND2|R180|0.0|horizontal
WORDLINEDRIVER,MX,PNAND2,R180,0.0025,horizontal,WORDLINEDRIVER|MX|PNAND2|R180|0.0025|horizontal
WORDLINEDRIVER,MX,PNAND2,R180,0.07,horizontal,WORDLINEDRIVER|MX|PNAND2|R180|0.07|horizontal
WORDLINEDRIVER,MX,PNAND2,R180,0.14,horizontal,WORDLINEDRIVER|MX|PNAND2|R180|0.14|horizontal
WORDLINEDRIVER,MX,PNAND3,MX,0.0,horizontal,WORDLINEDRIVER|MX|PNAND3|MX|0.0|horizontal
WORDLINEDRIVER,MX,PNAND3,MX,0.0025,horizontal,WORDLINEDRIVER|MX|PNAND3|MX|0.0025|horizontal
WORDLINEDRIVER,MX,PNAND3,MX,0.07,horizontal,WORDLINEDRIVER|MX|PNAND3|MX|0.07|horizontal
WORDLINEDRIVER,MX,PNAND3,MX,0.14,horizontal,WORDLINEDRIVER|MX|PNAND3|MX|0.14|horizontal
WORDLINEDRIVER,MX,PNAND3,MY,0.0,horizontal,WORDLINEDRIVER|MX|PNAND3|MY|0.0|horizontal
WORDLINEDRIVER,MX,PNAND3,MY,0.0025,horizontal,WORDLINEDRIVER|MX|PNAND3|MY|0.0025|horizontal
WORDLINEDRIVER,MX,PNAND3,MY,0.07,horizontal,WORDLINEDRIVER|MX|PNAND3|MY|0.07|horizontal
WORDLINEDRIVER,MX,PNAND3,MY,0.14,horizontal,WORDLINEDRIVER|MX|PNAND3|MY|0.14|horizontal
WORDLINEDRIVER,MX,PNAND3,R0,0.0,horizontal,WORDLINEDRIVER|MX|PNAND3|R0|0.0|horizontal
WORDLINEDRIVER,MX,PNAND3,R0,0.0025,horizontal,WORDLINEDRIVER|MX|PNAND3|R0|0.0025|horizontal
WORDLINEDRIVER,MX,PNAND3,R0,0.07,horizontal,WORDLINEDRIVER|MX|PNAND3|R0|0.07|horizontal
WORDLINEDRIVER,MX,PNAND3,R0,0.14,horizontal,WORDLINEDRIVER|MX|PNAND3|R0|0.14|horizontal
WORDLINEDRIVER,MX,PNAND3,R180,0.0,horizontal,WORDLINEDRIVER|MX|PNAND3|R180|0.0|horizontal
WORDLINEDRIVER,MX,PNAND3,R180,0.0025,horizontal,WORDLINEDRIVER|MX|PNAND3|R180|0.0025|horizontal
WORDLINEDRIVER,MX,PNAND3,R180,0.07,horizontal,WORDLINEDRIVER|MX|PNAND3|R180|0.07|horizontal
WORDLINEDRIVER,MX,PNAND3,R180,0.14,horizontal,WORDLINEDRIVER|MX|PNAND3|R180|0.14|horizontal
WORDLINEDRIVER,MX,WORDLINEDRIVER,MX,0.0,horizontal,WORDLINEDRIVER|MX|WORDLINEDRIVER|MX|0.0|horizontal
WORDLINEDRIVER,MX,WORDLINEDRIVER,MX,0.0025,horizontal,WORDLINEDRIVER|MX|WORDLINEDRIVER|MX|0.0025|horizontal
WORDLINEDRIVER,MX,WORDLINEDRIVER,MX,0.07,horizontal,WORDLINEDRIVER|MX|WORDLINEDRIVER|MX|0.07|horizontal
WORDLINEDRIVER,MX,WORDLINEDRIVER,MX,0.14,horizontal,WORDLINEDRIVER|MX|WORDLINEDRIVER|MX|0.14|horizontal
WORDLINEDRIVER,MX,WORDLINEDRIVER,MY,0.0,horizontal,WORDLINEDRIVER|MX|WORDLINEDRIVER|MY|0.0|horizontal
WORDLINEDRIVER,MX,WORDLINEDRIVER,MY,0.0025,horizontal,WORDLINEDRIVER|MX|WORDLINEDRIVER|MY|0.0025|horizontal
WORDLINEDRIVER,MX,WORDLINEDRIVER,MY,0.07,horizontal,WORDLINEDRIVER|MX|WORDLINEDRIVER|MY|0.07|horizontal
WORDLINEDRIVER,MX,WORDLINEDRIVER,MY,0.14,horizontal,WORDLINEDRIVER|MX|WORDLINEDRIVER|MY|0.14|horizontal
WORDLINEDRIVER,MX,WORDLINEDRIVER,R0,0.0,horizontal,WORDLINEDRIVER|MX|WORDLINEDRIVER|R0|0.0|horizontal
WORDLINEDRIVER,MX,WORDLINEDRIVER,R0,0.0025,horizontal,WORDLINEDRIVER|MX|WORDLINEDRIVER|R0|0.0025|horizontal
WORDLINEDRIVER,MX,WORDLINEDRIVER,R0,0.07,horizontal,WORDLINEDRIVER|MX|WORDLINEDRIVER|R0|0.07|horizontal
WORDLINEDRIVER,MX,WORDLINEDRIVER,R0,0.14,horizontal,WORDLINEDRIVER|MX|WORDLINEDRIVER|R0|0.14|horizontal
WORDLINEDRIVER,MX,WORDLINEDRIVER,R180,0.0,horizontal,WORDLINEDRIVER|MX|WORDLINEDRIVER|R180|0.0|horizontal
WORDLINEDRIVER,MX,WORDLINEDRIVER,R180,0.0025,horizontal,WORDLINEDRIVER|MX|WORDLINEDRIVER|R180|0.0025|horizontal
WORDLINEDRIVER,MX,WORDLINEDRIVER,R180,0.07,horizontal,WORDLINEDRIVER|MX|WORDLINEDRIVER|R180|0.07|horizontal
WORDLINEDRIVER,MX,WORDLINEDRIVER,R180,0.14,horizontal,WORDLINEDRIVER|MX|WORDLINEDRIVER|R180|0.14|horizontal
WORDLINEDRIVER,MY,AND2,MX,0.0,horizontal,WORDLINEDRIVER|MY|AND2|MX|0.0|horizontal
WORDLINEDRIVER,MY,AND2,MX,0.0025,horizontal,WORDLINEDRIVER|MY|AND2|MX|0.0025|horizontal
WORDLINEDRIVER,MY,AND2,MX,0.07,horizontal,WORDLINEDRIVER|MY|AND2|MX|0.07|horizontal
WORDLINEDRIVER,MY,AND2,MX,0.14,horizontal,WORDLINEDRIVER|MY|AND2|MX|0.14|horizontal
WORDLINEDRIVER,MY,AND2,MY,0.0,horizontal,WORDLINEDRIVER|MY|AND2|MY|0.0|horizontal
WORDLINEDRIVER,MY,AND2,MY,0.0025,horizontal,WORDLINEDRIVER|MY|AND2|MY|0.0025|horizontal
WORDLINEDRIVER,MY,AND2,MY,0.07,horizontal,WORDLINEDRIVER|MY|AND2|MY|0.07|horizontal
WORDLINEDRIVER,MY,AND2,MY,0.14,horizontal,WORDLINEDRIVER|MY|AND2|MY|0.14|horizontal
WORDLINEDRIVER,MY,AND2,R0,0.0,horizontal,WORDLINEDRIVER|MY|AND2|R0|0.0|horizontal
WORDLINEDRIVER,MY,AND2,R0,0.0025,horizontal,WORDLINEDRIVER|MY|AND2|R0|0.0025|horizontal
WORDLINEDRIVER,MY,AND2,R0,0.07,horizontal,WORDLINEDRIVER|MY|AND2|R0|0.07|horizontal
WORDLINEDRIVER,MY,AND2,R0,0.14,horizontal,WORDLINEDRIVER|MY|AND2|R0|0.14|horizontal
WORDLINEDRIVER,MY,AND2,R180,0.0,horizontal,WORDLINEDRIVER|MY|AND2|R180|0.0|horizontal
WORDLINEDRIVER,MY,AND2,R180,0.0025,horizontal,WORDLINEDRIVER|MY|AND2|R180|0.0025|horizontal
WORDLINEDRIVER,MY,AND2,R180,0.07,horizontal,WORDLINEDRIVER|MY|AND2|R180|0.07|horizontal
WORDLINEDRIVER,MY,AND2,R180,0.14,horizontal,WORDLINEDRIVER|MY|AND2|R180|0.14|horizontal
WORDLINEDRIVER,MY,AND3,MX,0.0,horizontal,WORDLINEDRIVER|MY|AND3|MX|0.0|horizontal
WORDLINEDRIVER,MY,AND3,MX,0.0025,horizontal,WORDLINEDRIVER|MY|AND3|MX|0.0025|horizontal
WORDLINEDRIVER,MY,AND3,MX,0.07,horizontal,WORDLINEDRIVER|MY|AND3|MX|0.07|horizontal
WORDLINEDRIVER,MY,AND3,MX,0.14,horizontal,WORDLINEDRIVER|MY|AND3|MX|0.14|horizontal
WORDLINEDRIVER,MY,AND3,MY,0.0,horizontal,WORDLINEDRIVER|MY|AND3|MY|0.0|horizontal
WORDLINEDRIVER,MY,AND3,MY,0.0025,horizontal,WORDLINEDRIVER|MY|AND3|MY|0.0025|horizontal
WORDLINEDRIVER,MY,AND3,MY,0.07,horizontal,WORDLINEDRIVER|MY|AND3|MY|0.07|horizontal
WORDLINEDRIVER,MY,AND3,MY,0.14,horizontal,WORDLINEDRIVER|MY|AND3|MY|0.14|horizontal
WORDLINEDRIVER,MY,AND3,R0,0.0,horizontal,WORDLINEDRIVER|MY|AND3|R0|0.0|horizontal
WORDLINEDRIVER,MY,AND3,R0,0.0025,horizontal,WORDLINEDRIVER|MY|AND3|R0|0.0025|horizontal
WORDLINEDRIVER,MY,AND3,R0,0.07,horizontal,WORDLINEDRIVER|MY|AND3|R0|0.07|horizontal
WORDLINEDRIVER,MY,AND3,R0,0.14,horizontal,WORDLINEDRIVER|MY|AND3|R0|0.14|horizontal
WORDLINEDRIVER,MY,AND3,R180,0.0,horizontal,WORDLINEDRIVER|MY|AND3|R180|0.0|horizontal
WORDLINEDRIVER,MY,AND3,R180,0.0025,horizontal,WORDLINEDRIVER|MY|AND3|R180|0.0025|horizontal
WORDLINEDRIVER,MY,AND3,R180,0.07,horizontal,WORDLINEDRIVER|MY|AND3|R180|0.07|horizontal
WORDLINEDRIVER,MY,AND3,R180,0.14,horizontal,WORDLINEDRIVER|MY|AND3|R180|0.14|horizontal
WORDLINEDRIVER,MY,PINV,MX,0.0,horizontal,WORDLINEDRIVER|MY|PINV|MX|0.0|horizontal
WORDLINEDRIVER,MY,PINV,MX,0.0025,horizontal,WORDLINEDRIVER|MY|PINV|MX|0.0025|horizontal
WORDLINEDRIVER,MY,PINV,MX,0.07,horizontal,WORDLINEDRIVER|MY|PINV|MX|0.07|horizontal
WORDLINEDRIVER,MY,PINV,MX,0.14,horizontal,WORDLINEDRIVER|MY|PINV|MX|0.14|horizontal
WORDLINEDRIVER,MY,PINV,MY,0.0,horizontal,WORDLINEDRIVER|MY|PINV|MY|0.0|horizontal
WORDLINEDRIVER,MY,PINV,MY,0.0025,horizontal,WORDLINEDRIVER|MY|PINV|MY|0.0025|horizontal
WORDLINEDRIVER,MY,PINV,MY,0.07,horizontal,WORDLINEDRIVER|MY|PINV|MY|0.07|horizontal
WORDLINEDRIVER,MY,PINV,MY,0.14,horizontal,WORDLINEDRIVER|MY|PINV|MY|0.14|horizontal
WORDLINEDRIVER,MY,PINV,R0,0.0,horizontal,WORDLINEDRIVER|MY|PINV|R0|0.0|horizontal
WORDLINEDRIVER,MY,PINV,R0,0.0025,horizontal,WORDLINEDRIVER|MY|PINV|R0|0.0025|horizontal
WORDLINEDRIVER,MY,PINV,R0,0.07,horizontal,WORDLINEDRIVER|MY|PINV|R0|0.07|horizontal
WORDLINEDRIVER,MY,PINV,R0,0.14,horizontal,WORDLINEDRIVER|MY|PINV|R0|0.14|horizontal
WORDLINEDRIVER,MY,PINV,R180,0.0,horizontal,WORDLINEDRIVER|MY|PINV|R180|0.0|horizontal
WORDLINEDRIVER,MY,PINV,R180,0.0025,horizontal,WORDLINEDRIVER|MY|PINV|R180|0.0025|horizontal
WORDLINEDRIVER,MY,PINV,R180,0.07,horizontal,WORDLINEDRIVER|MY|PINV|R180|0.07|horizontal
WORDLINEDRIVER,MY,PINV,R180,0.14,horizontal,WORDLINEDRIVER|MY|PINV|R180|0.14|horizontal
WORDLINEDRIVER,MY,PNAND2,MX,0.0,horizontal,WORDLINEDRIVER|MY|PNAND2|MX|0.0|horizontal
WORDLINEDRIVER,MY,PNAND2,MX,0.0025,horizontal,WORDLINEDRIVER|MY|PNAND2|MX|0.0025|horizontal
WORDLINEDRIVER,MY,PNAND2,MX,0.07,horizontal,WORDLINEDRIVER|MY|PNAND2|MX|0.07|horizontal
WORDLINEDRIVER,MY,PNAND2,MX,0.14,horizontal,WORDLINEDRIVER|MY|PNAND2|MX|0.14|horizontal
WORDLINEDRIVER,MY,PNAND2,MY,0.0,horizontal,WORDLINEDRIVER|MY|PNAND2|MY|0.0|horizontal
WORDLINEDRIVER,MY,PNAND2,MY,0.0025,horizontal,WORDLINEDRIVER|MY|PNAND2|MY|0.0025|horizontal
WORDLINEDRIVER,MY,PNAND2,MY,0.07,horizontal,WORDLINEDRIVER|MY|PNAND2|MY|0.07|horizontal
WORDLINEDRIVER,MY,PNAND2,MY,0.14,horizontal,WORDLINEDRIVER|MY|PNAND2|MY|0.14|horizontal
WORDLINEDRIVER,MY,PNAND2,R0,0.0,horizontal,WORDLINEDRIVER|MY|PNAND2|R0|0.0|horizontal
WORDLINEDRIVER,MY,PNAND2,R0,0.0025,horizontal,WORDLINEDRIVER|MY|PNAND2|R0|0.0025|horizontal
WORDLINEDRIVER,MY,PNAND2,R0,0.07,horizontal,WORDLINEDRIVER|MY|PNAND2|R0|0.07|horizontal
WORDLINEDRIVER,MY,PNAND2,R0,0.14,horizontal,WORDLINEDRIVER|MY|PNAND2|R0|0.14|horizontal
WORDLINEDRIVER,MY,PNAND2,R180,0.0,horizontal,WORDLINEDRIVER|MY|PNAND2|R180|0.0|horizontal
WORDLINEDRIVER,MY,PNAND2,R180,0.0025,horizontal,WORDLINEDRIVER|MY|PNAND2|R180|0.0025|horizontal
WORDLINEDRIVER,MY,PNAND2,R180,0.07,horizontal,WORDLINEDRIVER|MY|PNAND2|R180|0.07|horizontal
WORDLINEDRIVER,MY,PNAND2,R180,0.14,horizontal,WORDLINEDRIVER|MY|PNAND2|R180|0.14|horizontal
WORDLINEDRIVER,MY,PNAND3,MX,0.0,horizontal,WORDLINEDRIVER|MY|PNAND3|MX|0.0|horizontal
WORDLINEDRIVER,MY,PNAND3,MX,0.0025,horizontal,WORDLINEDRIVER|MY|PNAND3|MX|0.0025|horizontal
WORDLINEDRIVER,MY,PNAND3,MX,0.07,horizontal,WORDLINEDRIVER|MY|PNAND3|MX|0.07|horizontal
WORDLINEDRIVER,MY,PNAND3,MX,0.14,horizontal,WORDLINEDRIVER|MY|PNAND3|MX|0.14|horizontal
WORDLINEDRIVER,MY,PNAND3,MY,0.0,horizontal,WORDLINEDRIVER|MY|PNAND3|MY|0.0|horizontal
WORDLINEDRIVER,MY,PNAND3,MY,0.0025,horizontal,WORDLINEDRIVER|MY|PNAND3|MY|0.0025|horizontal
WORDLINEDRIVER,MY,PNAND3,MY,0.07,horizontal,WORDLINEDRIVER|MY|PNAND3|MY|0.07|horizontal
WORDLINEDRIVER,MY,PNAND3,MY,0.14,horizontal,WORDLINEDRIVER|MY|PNAND3|MY|0.14|horizontal
WORDLINEDRIVER,MY,PNAND3,R0,0.0,horizontal,WORDLINEDRIVER|MY|PNAND3|R0|0.0|horizontal
WORDLINEDRIVER,MY,PNAND3,R0,0.0025,horizontal,WORDLINEDRIVER|MY|PNAND3|R0|0.0025|horizontal
WORDLINEDRIVER,MY,PNAND3,R0,0.07,horizontal,WORDLINEDRIVER|MY|PNAND3|R0|0.07|horizontal
WORDLINEDRIVER,MY,PNAND3,R0,0.14,horizontal,WORDLINEDRIVER|MY|PNAND3|R0|0.14|horizontal
WORDLINEDRIVER,MY,PNAND3,R180,0.0,horizontal,WORDLINEDRIVER|MY|PNAND3|R180|0.0|horizontal
WORDLINEDRIVER,MY,PNAND3,R180,0.0025,horizontal,WORDLINEDRIVER|MY|PNAND3|R180|0.0025|horizontal
WORDLINEDRIVER,MY,PNAND3,R180,0.07,horizontal,WORDLINEDRIVER|MY|PNAND3|R180|0.07|horizontal
WORDLINEDRIVER,MY,PNAND3,R180,0.14,horizontal,WORDLINEDRIVER|MY|PNAND3|R180|0.14|horizontal
WORDLINEDRIVER,MY,WORDLINEDRIVER,MX,0.0,horizontal,WORDLINEDRIVER|MY|WORDLINEDRIVER|MX|0.0|horizontal
WORDLINEDRIVER,MY,WORDLINEDRIVER,MX,0.0025,horizontal,WORDLINEDRIVER|MY|WORDLINEDRIVER|MX|0.0025|horizontal
WORDLINEDRIVER,MY,WORDLINEDRIVER,MX,0.07,horizontal,WORDLINEDRIVER|MY|WORDLINEDRIVER|MX|0.07|horizontal
WORDLINEDRIVER,MY,WORDLINEDRIVER,MX,0.14,horizontal,WORDLINEDRIVER|MY|WORDLINEDRIVER|MX|0.14|horizontal
WORDLINEDRIVER,MY,WORDLINEDRIVER,MY,0.0,horizontal,WORDLINEDRIVER|MY|WORDLINEDRIVER|MY|0.0|horizontal
WORDLINEDRIVER,MY,WORDLINEDRIVER,MY,0.0025,horizontal,WORDLINEDRIVER|MY|WORDLINEDRIVER|MY|0.0025|horizontal
WORDLINEDRIVER,MY,WORDLINEDRIVER,MY,0.07,horizontal,WORDLINEDRIVER|MY|WORDLINEDRIVER|MY|0.07|horizontal
WORDLINEDRIVER,MY,WORDLINEDRIVER,MY,0.14,horizontal,WORDLINEDRIVER|MY|WORDLINEDRIVER|MY|0.14|horizontal
WORDLINEDRIVER,MY,WORDLINEDRIVER,R0,0.0,horizontal,WORDLINEDRIVER|MY|WORDLINEDRIVER|R0|0.0|horizontal
WORDLINEDRIVER,MY,WORDLINEDRIVER,R0,0.0025,horizontal,WORDLINEDRIVER|MY|WORDLINEDRIVER|R0|0.0025|horizontal
WORDLINEDRIVER,MY,WORDLINEDRIVER,R0,0.07,horizontal,WORDLINEDRIVER|MY|WORDLINEDRIVER|R0|0.07|horizontal
WORDLINEDRIVER,MY,WORDLINEDRIVER,R0,0.14,horizontal,WORDLINEDRIVER|MY|WORDLINEDRIVER|R0|0.14|horizontal
WORDLINEDRIVER,MY,WORDLINEDRIVER,R180,0.0,horizontal,WORDLINEDRIVER|MY|WORDLINEDRIVER|R180|0.0|horizontal
WORDLINEDRIVER,MY,WORDLINEDRIVER,R180,0.0025,horizontal,WORDLINEDRIVER|MY|WORDLINEDRIVER|R180|0.0025|horizontal
WORDLINEDRIVER,MY,WORDLINEDRIVER,R180,0.07,horizontal,WORDLINEDRIVER|MY|WORDLINEDRIVER|R180|0.07|horizontal
WORDLINEDRIVER,MY,WORDLINEDRIVER,R180,0.14,horizontal,WORDLINEDRIVER|MY|WORDLINEDRIVER|R180|0.14|horizontal
WORDLINEDRIVER,R0,AND2,MX,0.0,horizontal,WORDLINEDRIVER|R0|AND2|MX|0.0|horizontal
WORDLINEDRIVER,R0,AND2,MX,0.0025,horizontal,WORDLINEDRIVER|R0|AND2|MX|0.0025|horizontal
WORDLINEDRIVER,R0,AND2,MX,0.07,horizontal,WORDLINEDRIVER|R0|AND2|MX|0.07|horizontal
WORDLINEDRIVER,R0,AND2,MX,0.14,horizontal,WORDLINEDRIVER|R0|AND2|MX|0.14|horizontal
WORDLINEDRIVER,R0,AND2,MY,0.0,horizontal,WORDLINEDRIVER|R0|AND2|MY|0.0|horizontal
WORDLINEDRIVER,R0,AND2,MY,0.0025,horizontal,WORDLINEDRIVER|R0|AND2|MY|0.0025|horizontal
WORDLINEDRIVER,R0,AND2,MY,0.07,horizontal,WORDLINEDRIVER|R0|AND2|MY|0.07|horizontal
WORDLINEDRIVER,R0,AND2,MY,0.14,horizontal,WORDLINEDRIVER|R0|AND2|MY|0.14|horizontal
WORDLINEDRIVER,R0,AND2,R0,0.0,horizontal,WORDLINEDRIVER|R0|AND2|R0|0.0|horizontal
WORDLINEDRIVER,R0,AND2,R0,0.0025,horizontal,WORDLINEDRIVER|R0|AND2|R0|0.0025|horizontal
WORDLINEDRIVER,R0,AND2,R0,0.07,horizontal,WORDLINEDRIVER|R0|AND2|R0|0.07|horizontal
WORDLINEDRIVER,R0,AND2,R0,0.14,horizontal,WORDLINEDRIVER|R0|AND2|R0|0.14|horizontal
WORDLINEDRIVER,R0,AND2,R180,0.0,horizontal,WORDLINEDRIVER|R0|AND2|R180|0.0|horizontal
WORDLINEDRIVER,R0,AND2,R180,0.0025,horizontal,WORDLINEDRIVER|R0|AND2|R180|0.0025|horizontal
WORDLINEDRIVER,R0,AND2,R180,0.07,horizontal,WORDLINEDRIVER|R0|AND2|R180|0.07|horizontal
WORDLINEDRIVER,R0,AND2,R180,0.14,horizontal,WORDLINEDRIVER|R0|AND2|R180|0.14|horizontal
WORDLINEDRIVER,R0,AND3,MX,0.0,horizontal,WORDLINEDRIVER|R0|AND3|MX|0.0|horizontal
WORDLINEDRIVER,R0,AND3,MX,0.0025,horizontal,WORDLINEDRIVER|R0|AND3|MX|0.0025|horizontal
WORDLINEDRIVER,R0,AND3,MX,0.07,horizontal,WORDLINEDRIVER|R0|AND3|MX|0.07|horizontal
WORDLINEDRIVER,R0,AND3,MX,0.14,horizontal,WORDLINEDRIVER|R0|AND3|MX|0.14|horizontal
WORDLINEDRIVER,R0,AND3,MY,0.0,horizontal,WORDLINEDRIVER|R0|AND3|MY|0.0|horizontal
WORDLINEDRIVER,R0,AND3,MY,0.0025,horizontal,WORDLINEDRIVER|R0|AND3|MY|0.0025|horizontal
WORDLINEDRIVER,R0,AND3,MY,0.07,horizontal,WORDLINEDRIVER|R0|AND3|MY|0.07|horizontal
WORDLINEDRIVER,R0,AND3,MY,0.14,horizontal,WORDLINEDRIVER|R0|AND3|MY|0.14|horizontal
WORDLINEDRIVER,R0,AND3,R0,0.0,horizontal,WORDLINEDRIVER|R0|AND3|R0|0.0|horizontal
WORDLINEDRIVER,R0,AND3,R0,0.0025,horizontal,WORDLINEDRIVER|R0|AND3|R0|0.0025|horizontal
WORDLINEDRIVER,R0,AND3,R0,0.07,horizontal,WORDLINEDRIVER|R0|AND3|R0|0.07|horizontal
WORDLINEDRIVER,R0,AND3,R0,0.14,horizontal,WORDLINEDRIVER|R0|AND3|R0|0.14|horizontal
WORDLINEDRIVER,R0,AND3,R180,0.0,horizontal,WORDLINEDRIVER|R0|AND3|R180|0.0|horizontal
WORDLINEDRIVER,R0,AND3,R180,0.0025,horizontal,WORDLINEDRIVER|R0|AND3|R180|0.0025|horizontal
WORDLINEDRIVER,R0,AND3,R180,0.07,horizontal,WORDLINEDRIVER|R0|AND3|R180|0.07|horizontal
WORDLINEDRIVER,R0,AND3,R180,0.14,horizontal,WORDLINEDRIVER|R0|AND3|R180|0.14|horizontal
WORDLINEDRIVER,R0,PINV,MX,0.0,horizontal,WORDLINEDRIVER|R0|PINV|MX|0.0|horizontal
WORDLINEDRIVER,R0,PINV,MX,0.0025,horizontal,WORDLINEDRIVER|R0|PINV|MX|0.0025|horizontal
WORDLINEDRIVER,R0,PINV,MX,0.07,horizontal,WORDLINEDRIVER|R0|PINV|MX|0.07|horizontal
WORDLINEDRIVER,R0,PINV,MX,0.14,horizontal,WORDLINEDRIVER|R0|PINV|MX|0.14|horizontal
WORDLINEDRIVER,R0,PINV,MY,0.0,horizontal,WORDLINEDRIVER|R0|PINV|MY|0.0|horizontal
WORDLINEDRIVER,R0,PINV,MY,0.0025,horizontal,WORDLINEDRIVER|R0|PINV|MY|0.0025|horizontal
WORDLINEDRIVER,R0,PINV,MY,0.07,horizontal,WORDLINEDRIVER|R0|PINV|MY|0.07|horizontal
WORDLINEDRIVER,R0,PINV,MY,0.14,horizontal,WORDLINEDRIVER|R0|PINV|MY|0.14|horizontal
WORDLINEDRIVER,R0,PINV,R0,0.0,horizontal,WORDLINEDRIVER|R0|PINV|R0|0.0|horizontal
WORDLINEDRIVER,R0,PINV,R0,0.0025,horizontal,WORDLINEDRIVER|R0|PINV|R0|0.0025|horizontal
WORDLINEDRIVER,R0,PINV,R0,0.07,horizontal,WORDLINEDRIVER|R0|PINV|R0|0.07|horizontal
WORDLINEDRIVER,R0,PINV,R0,0.14,horizontal,WORDLINEDRIVER|R0|PINV|R0|0.14|horizontal
WORDLINEDRIVER,R0,PINV,R180,0.0,horizontal,WORDLINEDRIVER|R0|PINV|R180|0.0|horizontal
WORDLINEDRIVER,R0,PINV,R180,0.0025,horizontal,WORDLINEDRIVER|R0|PINV|R180|0.0025|horizontal
WORDLINEDRIVER,R0,PINV,R180,0.07,horizontal,WORDLINEDRIVER|R0|PINV|R180|0.07|horizontal
WORDLINEDRIVER,R0,PINV,R180,0.14,horizontal,WORDLINEDRIVER|R0|PINV|R180|0.14|horizontal
WORDLINEDRIVER,R0,PNAND2,MX,0.0,horizontal,WORDLINEDRIVER|R0|PNAND2|MX|0.0|horizontal
WORDLINEDRIVER,R0,PNAND2,MX,0.0025,horizontal,WORDLINEDRIVER|R0|PNAND2|MX|0.0025|horizontal
WORDLINEDRIVER,R0,PNAND2,MX,0.07,horizontal,WORDLINEDRIVER|R0|PNAND2|MX|0.07|horizontal
WORDLINEDRIVER,R0,PNAND2,MX,0.14,horizontal,WORDLINEDRIVER|R0|PNAND2|MX|0.14|horizontal
WORDLINEDRIVER,R0,PNAND2,MY,0.0,horizontal,WORDLINEDRIVER|R0|PNAND2|MY|0.0|horizontal
WORDLINEDRIVER,R0,PNAND2,MY,0.0025,horizontal,WORDLINEDRIVER|R0|PNAND2|MY|0.0025|horizontal
WORDLINEDRIVER,R0,PNAND2,MY,0.07,horizontal,WORDLINEDRIVER|R0|PNAND2|MY|0.07|horizontal
WORDLINEDRIVER,R0,PNAND2,MY,0.14,horizontal,WORDLINEDRIVER|R0|PNAND2|MY|0.14|horizontal
WORDLINEDRIVER,R0,PNAND2,R0,0.0,horizontal,WORDLINEDRIVER|R0|PNAND2|R0|0.0|horizontal
WORDLINEDRIVER,R0,PNAND2,R0,0.0025,horizontal,WORDLINEDRIVER|R0|PNAND2|R0|0.0025|horizontal
WORDLINEDRIVER,R0,PNAND2,R0,0.07,horizontal,WORDLINEDRIVER|R0|PNAND2|R0|0.07|horizontal
WORDLINEDRIVER,R0,PNAND2,R0,0.14,horizontal,WORDLINEDRIVER|R0|PNAND2|R0|0.14|horizontal
WORDLINEDRIVER,R0,PNAND2,R180,0.0,horizontal,WORDLINEDRIVER|R0|PNAND2|R180|0.0|horizontal
WORDLINEDRIVER,R0,PNAND2,R180,0.0025,horizontal,WORDLINEDRIVER|R0|PNAND2|R180|0.0025|horizontal
WORDLINEDRIVER,R0,PNAND2,R180,0.07,horizontal,WORDLINEDRIVER|R0|PNAND2|R180|0.07|horizontal
WORDLINEDRIVER,R0,PNAND2,R180,0.14,horizontal,WORDLINEDRIVER|R0|PNAND2|R180|0.14|horizontal
WORDLINEDRIVER,R0,PNAND3,MX,0.0,horizontal,WORDLINEDRIVER|R0|PNAND3|MX|0.0|horizontal
WORDLINEDRIVER,R0,PNAND3,MX,0.0025,horizontal,WORDLINEDRIVER|R0|PNAND3|MX|0.0025|horizontal
WORDLINEDRIVER,R0,PNAND3,MX,0.07,horizontal,WORDLINEDRIVER|R0|PNAND3|MX|0.07|horizontal
WORDLINEDRIVER,R0,PNAND3,MX,0.14,horizontal,WORDLINEDRIVER|R0|PNAND3|MX|0.14|horizontal
WORDLINEDRIVER,R0,PNAND3,MY,0.0,horizontal,WORDLINEDRIVER|R0|PNAND3|MY|0.0|horizontal
WORDLINEDRIVER,R0,PNAND3,MY,0.0025,horizontal,WORDLINEDRIVER|R0|PNAND3|MY|0.0025|horizontal
WORDLINEDRIVER,R0,PNAND3,MY,0.07,horizontal,WORDLINEDRIVER|R0|PNAND3|MY|0.07|horizontal
WORDLINEDRIVER,R0,PNAND3,MY,0.14,horizontal,WORDLINEDRIVER|R0|PNAND3|MY|0.14|horizontal
WORDLINEDRIVER,R0,PNAND3,R0,0.0,horizontal,WORDLINEDRIVER|R0|PNAND3|R0|0.0|horizontal
WORDLINEDRIVER,R0,PNAND3,R0,0.0025,horizontal,WORDLINEDRIVER|R0|PNAND3|R0|0.0025|horizontal
WORDLINEDRIVER,R0,PNAND3,R0,0.07,horizontal,WORDLINEDRIVER|R0|PNAND3|R0|0.07|horizontal
WORDLINEDRIVER,R0,PNAND3,R0,0.14,horizontal,WORDLINEDRIVER|R0|PNAND3|R0|0.14|horizontal
WORDLINEDRIVER,R0,PNAND3,R180,0.0,horizontal,WORDLINEDRIVER|R0|PNAND3|R180|0.0|horizontal
WORDLINEDRIVER,R0,PNAND3,R180,0.0025,horizontal,WORDLINEDRIVER|R0|PNAND3|R180|0.0025|horizontal
WORDLINEDRIVER,R0,PNAND3,R180,0.07,horizontal,WORDLINEDRIVER|R0|PNAND3|R180|0.07|horizontal
WORDLINEDRIVER,R0,PNAND3,R180,0.14,horizontal,WORDLINEDRIVER|R0|PNAND3|R180|0.14|horizontal
WORDLINEDRIVER,R0,WORDLINEDRIVER,MX,0.0,horizontal,WORDLINEDRIVER|R0|WORDLINEDRIVER|MX|0.0|horizontal
WORDLINEDRIVER,R0,WORDLINEDRIVER,MX,0.0025,horizontal,WORDLINEDRIVER|R0|WORDLINEDRIVER|MX|0.0025|horizontal
WORDLINEDRIVER,R0,WORDLINEDRIVER,MX,0.07,horizontal,WORDLINEDRIVER|R0|WORDLINEDRIVER|MX|0.07|horizontal
WORDLINEDRIVER,R0,WORDLINEDRIVER,MX,0.14,horizontal,WORDLINEDRIVER|R0|WORDLINEDRIVER|MX|0.14|horizontal
WORDLINEDRIVER,R0,WORDLINEDRIVER,MY,0.0,horizontal,WORDLINEDRIVER|R0|WORDLINEDRIVER|MY|0.0|horizontal
WORDLINEDRIVER,R0,WORDLINEDRIVER,MY,0.0025,horizontal,WORDLINEDRIVER|R0|WORDLINEDRIVER|MY|0.0025|horizontal
WORDLINEDRIVER,R0,WORDLINEDRIVER,MY,0.07,horizontal,WORDLINEDRIVER|R0|WORDLINEDRIVER|MY|0.07|horizontal
WORDLINEDRIVER,R0,WORDLINEDRIVER,MY,0.14,horizontal,WORDLINEDRIVER|R0|WORDLINEDRIVER|MY|0.14|horizontal
WORDLINEDRIVER,R0,WORDLINEDRIVER,R0,0.0,horizontal,WORDLINEDRIVER|R0|WORDLINEDRIVER|R0|0.0|horizontal
WORDLINEDRIVER,R0,WORDLINEDRIVER,R0,0.0025,horizontal,WORDLINEDRIVER|R0|WORDLINEDRIVER|R0|0.0025|horizontal
WORDLINEDRIVER,R0,WORDLINEDRIVER,R0,0.07,horizontal,WORDLINEDRIVER|R0|WORDLINEDRIVER|R0|0.07|horizontal
WORDLINEDRIVER,R0,WORDLINEDRIVER,R0,0.14,horizontal,WORDLINEDRIVER|R0|WORDLINEDRIVER|R0|0.14|horizontal
WORDLINEDRIVER,R0,WORDLINEDRIVER,R180,0.0,horizontal,WORDLINEDRIVER|R0|WORDLINEDRIVER|R180|0.0|horizontal
WORDLINEDRIVER,R0,WORDLINEDRIVER,R180,0.0025,horizontal,WORDLINEDRIVER|R0|WORDLINEDRIVER|R180|0.0025|horizontal
WORDLINEDRIVER,R0,WORDLINEDRIVER,R180,0.07,horizontal,WORDLINEDRIVER|R0|WORDLINEDRIVER|R180|0.07|horizontal
WORDLINEDRIVER,R0,WORDLINEDRIVER,R180,0.14,horizontal,WORDLINEDRIVER|R0|WORDLINEDRIVER|R180|0.14|horizontal
WORDLINEDRIVER,R180,AND2,MX,0.0,horizontal,WORDLINEDRIVER|R180|AND2|MX|0.0|horizontal
WORDLINEDRIVER,R180,AND2,MX,0.0025,horizontal,WORDLINEDRIVER|R180|AND2|MX|0.0025|horizontal
WORDLINEDRIVER,R180,AND2,MX,0.07,horizontal,WORDLINEDRIVER|R180|AND2|MX|0.07|horizontal
WORDLINEDRIVER,R180,AND2,MX,0.14,horizontal,WORDLINEDRIVER|R180|AND2|MX|0.14|horizontal
WORDLINEDRIVER,R180,AND2,MY,0.0,horizontal,WORDLINEDRIVER|R180|AND2|MY|0.0|horizontal
WORDLINEDRIVER,R180,AND2,MY,0.0025,horizontal,WORDLINEDRIVER|R180|AND2|MY|0.0025|horizontal
WORDLINEDRIVER,R180,AND2,MY,0.07,horizontal,WORDLINEDRIVER|R180|AND2|MY|0.07|horizontal
WORDLINEDRIVER,R180,AND2,MY,0.14,horizontal,WORDLINEDRIVER|R180|AND2|MY|0.14|horizontal
WORDLINEDRIVER,R180,AND2,R0,0.0,horizontal,WORDLINEDRIVER|R180|AND2|R0|0.0|horizontal
WORDLINEDRIVER,R180,AND2,R0,0.0025,horizontal,WORDLINEDRIVER|R180|AND2|R0|0.0025|horizontal
WORDLINEDRIVER,R180,AND2,R0,0.07,horizontal,WORDLINEDRIVER|R180|AND2|R0|0.07|horizontal
WORDLINEDRIVER,R180,AND2,R0,0.14,horizontal,WORDLINEDRIVER|R180|AND2|R0|0.14|horizontal
WORDLINEDRIVER,R180,AND2,R180,0.0,horizontal,WORDLINEDRIVER|R180|AND2|R180|0.0|horizontal
WORDLINEDRIVER,R180,AND2,R180,0.0025,horizontal,WORDLINEDRIVER|R180|AND2|R180|0.0025|horizontal
WORDLINEDRIVER,R180,AND2,R180,0.07,horizontal,WORDLINEDRIVER|R180|AND2|R180|0.07|horizontal
WORDLINEDRIVER,R180,AND2,R180,0.14,horizontal,WORDLINEDRIVER|R180|AND2|R180|0.14|horizontal
WORDLINEDRIVER,R180,AND3,MX,0.0,horizontal,WORDLINEDRIVER|R180|AND3|MX|0.0|horizontal
WORDLINEDRIVER,R180,AND3,MX,0.0025,horizontal,WORDLINEDRIVER|R180|AND3|MX|0.0025|horizontal
WORDLINEDRIVER,R180,AND3,MX,0.07,horizontal,WORDLINEDRIVER|R180|AND3|MX|0.07|horizontal
WORDLINEDRIVER,R180,AND3,MX,0.14,horizontal,WORDLINEDRIVER|R180|AND3|MX|0.14|horizontal
WORDLINEDRIVER,R180,AND3,MY,0.0,horizontal,WORDLINEDRIVER|R180|AND3|MY|0.0|horizontal
WORDLINEDRIVER,R180,AND3,MY,0.0025,horizontal,WORDLINEDRIVER|R180|AND3|MY|0.0025|horizontal
WORDLINEDRIVER,R180,AND3,MY,0.07,horizontal,WORDLINEDRIVER|R180|AND3|MY|0.07|horizontal
WORDLINEDRIVER,R180,AND3,MY,0.14,horizontal,WORDLINEDRIVER|R180|AND3|MY|0.14|horizontal
WORDLINEDRIVER,R180,AND3,R0,0.0,horizontal,WORDLINEDRIVER|R180|AND3|R0|0.0|horizontal
WORDLINEDRIVER,R180,AND3,R0,0.0025,horizontal,WORDLINEDRIVER|R180|AND3|R0|0.0025|horizontal
WORDLINEDRIVER,R180,AND3,R0,0.07,horizontal,WORDLINEDRIVER|R180|AND3|R0|0.07|horizontal
WORDLINEDRIVER,R180,AND3,R0,0.14,horizontal,WORDLINEDRIVER|R180|AND3|R0|0.14|horizontal
WORDLINEDRIVER,R180,AND3,R180,0.0,horizontal,WORDLINEDRIVER|R180|AND3|R180|0.0|horizontal
WORDLINEDRIVER,R180,AND3,R180,0.0025,horizontal,WORDLINEDRIVER|R180|AND3|R180|0.0025|horizontal
WORDLINEDRIVER,R180,AND3,R180,0.07,horizontal,WORDLINEDRIVER|R180|AND3|R180|0.07|horizontal
WORDLINEDRIVER,R180,AND3,R180,0.14,horizontal,WORDLINEDRIVER|R180|AND3|R180|0.14|horizontal
WORDLINEDRIVER,R180,PINV,MX,0.0,horizontal,WORDLINEDRIVER|R180|PINV|MX|0.0|horizontal
WORDLINEDRIVER,R180,PINV,MX,0.0025,horizontal,WORDLINEDRIVER|R180|PINV|MX|0.0025|horizontal
WORDLINEDRIVER,R180,PINV,MX,0.07,horizontal,WORDLINEDRIVER|R180|PINV|MX|0.07|horizontal
WORDLINEDRIVER,R180,PINV,MX,0.14,horizontal,WORDLINEDRIVER|R180|PINV|MX|0.14|horizontal
WORDLINEDRIVER,R180,PINV,MY,0.0,horizontal,WORDLINEDRIVER|R180|PINV|MY|0.0|horizontal
WORDLINEDRIVER,R180,PINV,MY,0.0025,horizontal,WORDLINEDRIVER|R180|PINV|MY|0.0025|horizontal
WORDLINEDRIVER,R180,PINV,MY,0.07,horizontal,WORDLINEDRIVER|R180|PINV|MY|0.07|horizontal
WORDLINEDRIVER,R180,PINV,MY,0.14,horizontal,WORDLINEDRIVER|R180|PINV|MY|0.14|horizontal
WORDLINEDRIVER,R180,PINV,R0,0.0,horizontal,WORDLINEDRIVER|R180|PINV|R0|0.0|horizontal
WORDLINEDRIVER,R180,PINV,R0,0.0025,horizontal,WORDLINEDRIVER|R180|PINV|R0|0.0025|horizontal
WORDLINEDRIVER,R180,PINV,R0,0.07,horizontal,WORDLINEDRIVER|R180|PINV|R0|0.07|horizontal
WORDLINEDRIVER,R180,PINV,R0,0.14,horizontal,WORDLINEDRIVER|R180|PINV|R0|0.14|horizontal
WORDLINEDRIVER,R180,PINV,R180,0.0,horizontal,WORDLINEDRIVER|R180|PINV|R180|0.0|horizontal
WORDLINEDRIVER,R180,PINV,R180,0.0025,horizontal,WORDLINEDRIVER|R180|PINV|R180|0.0025|horizontal
WORDLINEDRIVER,R180,PINV,R180,0.07,horizontal,WORDLINEDRIVER|R180|PINV|R180|0.07|horizontal
WORDLINEDRIVER,R180,PINV,R180,0.14,horizontal,WORDLINEDRIVER|R180|PINV|R180|0.14|horizontal
WORDLINEDRIVER,R180,PNAND2,MX,0.0,horizontal,WORDLINEDRIVER|R180|PNAND2|MX|0.0|horizontal
WORDLINEDRIVER,R180,PNAND2,MX,0.0025,horizontal,WORDLINEDRIVER|R180|PNAND2|MX|0.0025|horizontal
WORDLINEDRIVER,R180,PNAND2,MX,0.07,horizontal,WORDLINEDRIVER|R180|PNAND2|MX|0.07|horizontal
WORDLINEDRIVER,R180,PNAND2,MX,0.14,horizontal,WORDLINEDRIVER|R180|PNAND2|MX|0.14|horizontal
WORDLINEDRIVER,R180,PNAND2,MY,0.0,horizontal,WORDLINEDRIVER|R180|PNAND2|MY|0.0|horizontal
WORDLINEDRIVER,R180,PNAND2,MY,0.0025,horizontal,WORDLINEDRIVER|R180|PNAND2|MY|0.0025|horizontal
WORDLINEDRIVER,R180,PNAND2,MY,0.07,horizontal,WORDLINEDRIVER|R180|PNAND2|MY|0.07|horizontal
WORDLINEDRIVER,R180,PNAND2,MY,0.14,horizontal,WORDLINEDRIVER|R180|PNAND2|MY|0.14|horizontal
WORDLINEDRIVER,R180,PNAND2,R0,0.0,horizontal,WORDLINEDRIVER|R180|PNAND2|R0|0.0|horizontal
WORDLINEDRIVER,R180,PNAND2,R0,0.0025,horizontal,WORDLINEDRIVER|R180|PNAND2|R0|0.0025|horizontal
WORDLINEDRIVER,R180,PNAND2,R0,0.07,horizontal,WORDLINEDRIVER|R180|PNAND2|R0|0.07|horizontal
WORDLINEDRIVER,R180,PNAND2,R0,0.14,horizontal,WORDLINEDRIVER|R180|PNAND2|R0|0.14|horizontal
WORDLINEDRIVER,R180,PNAND2,R180,0.0,horizontal,WORDLINEDRIVER|R180|PNAND2|R180|0.0|horizontal
WORDLINEDRIVER,R180,PNAND2,R180,0.0025,horizontal,WORDLINEDRIVER|R180|PNAND2|R180|0.0025|horizontal
WORDLINEDRIVER,R180,PNAND2,R180,0.07,horizontal,WORDLINEDRIVER|R180|PNAND2|R180|0.07|horizontal
WORDLINEDRIVER,R180,PNAND2,R180,0.14,horizontal,WORDLINEDRIVER|R180|PNAND2|R180|0.14|horizontal
WORDLINEDRIVER,R180,PNAND3,MX,0.0,horizontal,WORDLINEDRIVER|R180|PNAND3|MX|0.0|horizontal
WORDLINEDRIVER,R180,PNAND3,MX,0.0025,horizontal,WORDLINEDRIVER|R180|PNAND3|MX|0.0025|horizontal
WORDLINEDRIVER,R180,PNAND3,MX,0.07,horizontal,WORDLINEDRIVER|R180|PNAND3|MX|0.07|horizontal
WORDLINEDRIVER,R180,PNAND3,MX,0.14,horizontal,WORDLINEDRIVER|R180|PNAND3|MX|0.14|horizontal
WORDLINEDRIVER,R180,PNAND3,MY,0.0,horizontal,WORDLINEDRIVER|R180|PNAND3|MY|0.0|horizontal
WORDLINEDRIVER,R180,PNAND3,MY,0.0025,horizontal,WORDLINEDRIVER|R180|PNAND3|MY|0.0025|horizontal
WORDLINEDRIVER,R180,PNAND3,MY,0.07,horizontal,WORDLINEDRIVER|R180|PNAND3|MY|0.07|horizontal
WORDLINEDRIVER,R180,PNAND3,MY,0.14,horizontal,WORDLINEDRIVER|R180|PNAND3|MY|0.14|horizontal
WORDLINEDRIVER,R180,PNAND3,R0,0.0,horizontal,WORDLINEDRIVER|R180|PNAND3|R0|0.0|horizontal
WORDLINEDRIVER,R180,PNAND3,R0,0.0025,horizontal,WORDLINEDRIVER|R180|PNAND3|R0|0.0025|horizontal
WORDLINEDRIVER,R180,PNAND3,R0,0.07,horizontal,WORDLINEDRIVER|R180|PNAND3|R0|0.07|horizontal
WORDLINEDRIVER,R180,PNAND3,R0,0.14,horizontal,WORDLINEDRIVER|R180|PNAND3|R0|0.14|horizontal
WORDLINEDRIVER,R180,PNAND3,R180,0.0,horizontal,WORDLINEDRIVER|R180|PNAND3|R180|0.0|horizontal
WORDLINEDRIVER,R180,PNAND3,R180,0.0025,horizontal,WORDLINEDRIVER|R180|PNAND3|R180|0.0025|horizontal
WORDLINEDRIVER,R180,PNAND3,R180,0.07,horizontal,WORDLINEDRIVER|R180|PNAND3|R180|0.07|horizontal
WORDLINEDRIVER,R180,PNAND3,R180,0.14,horizontal,WORDLINEDRIVER|R180|PNAND3|R180|0.14|horizontal
WORDLINEDRIVER,R180,WORDLINEDRIVER,MX,0.0,horizontal,WORDLINEDRIVER|R180|WORDLINEDRIVER|MX|0.0|horizontal
WORDLINEDRIVER,R180,WORDLINEDRIVER,MX,0.0025,horizontal,WORDLINEDRIVER|R180|WORDLINEDRIVER|MX|0.0025|horizontal
WORDLINEDRIVER,R180,WORDLINEDRIVER,MX,0.07,horizontal,WORDLINEDRIVER|R180|WORDLINEDRIVER|MX|0.07|horizontal
WORDLINEDRIVER,R180,WORDLINEDRIVER,MX,0.14,horizontal,WORDLINEDRIVER|R180|WORDLINEDRIVER|MX|0.14|horizontal
WORDLINEDRIVER,R180,WORDLINEDRIVER,MY,0.0,horizontal,WORDLINEDRIVER|R180|WORDLINEDRIVER|MY|0.0|horizontal
WORDLINEDRIVER,R180,WORDLINEDRIVER,MY,0.0025,horizontal,WORDLINEDRIVER|R180|WORDLINEDRIVER|MY|0.0025|horizontal
WORDLINEDRIVER,R180,WORDLINEDRIVER,MY,0.07,horizontal,WORDLINEDRIVER|R180|WORDLINEDRIVER|MY|0.07|horizontal
WORDLINEDRIVER,R180,WORDLINEDRIVER,MY,0.14,horizontal,WORDLINEDRIVER|R180|WORDLINEDRIVER|MY|0.14|horizontal
WORDLINEDRIVER,R180,WORDLINEDRIVER,R0,0.0,horizontal,WORDLINEDRIVER|R180|WORDLINEDRIVER|R0|0.0|horizontal
WORDLINEDRIVER,R180,WORDLINEDRIVER,R0,0.0025,horizontal,WORDLINEDRIVER|R180|WORDLINEDRIVER|R0|0.0025|horizontal
WORDLINEDRIVER,R180,WORDLINEDRIVER,R0,0.07,horizontal,WORDLINEDRIVER|R180|WORDLINEDRIVER|R0|0.07|horizontal
WORDLINEDRIVER,R180,WORDLINEDRIVER,R0,0.14,horizontal,WORDLINEDRIVER|R180|WORDLINEDRIVER|R0|0.14|horizontal
WORDLINEDRIVER,R180,WORDLINEDRIVER,R180,0.0,horizontal,WORDLINEDRIVER|R180|WORDLINEDRIVER|R180|0.0|horizontal
WORDLINEDRIVER,R180,WORDLINEDRIVER,R180,0.0025,horizontal,WORDLINEDRIVER|R180|WORDLINEDRIVER|R180|0.0025|horizontal
WORDLINEDRIVER,R180,WORDLINEDRIVER,R180,0.07,horizontal,WORDLINEDRIVER|R180|WORDLINEDRIVER|R180|0.07|horizontal
WORDLINEDRIVER,R180,WORDLINEDRIVER,R180,0.14,horizontal,WORDLINEDRIVER|R180|WORDLINEDRIVER|R180|0.14|horizontal
