left_gate,left_orientation,right_gate,right_orientation,gap,power_rail_compatibility,boundary_DRC,Pin_obstruction,same_net_rail_stitching,foreign_net_risk,legal,reason,trial_gds_path,trial_gds_sha256,trial_lyrdb_path
PINV,R0,PINV,R0,0.0,True,0,False,True,False,True,,outputs/PROJECT_decoder_gate_abutment_matrix/_pair_trials/PAIR__PINV_R0__PINV_R0__g0p0.gds,1edeb660f0b6fa9a7803e18140d3f2ba205a054273c55b7332434128c1a287b5,outputs/PROJECT_decoder_gate_abutment_matrix/_pair_trials/PAIR__PINV_R0__PINV_R0__g0p0_drc/PAIR__PINV_R0__PINV_R0__g0p0.lyrdb
PINV,R0,PINV,R0,0.0025,True,1,False,True,True,False,drc_marker_count=1,outputs/PROJECT_decoder_gate_abutment_matrix/_pair_trials/PAIR__PINV_R0__PINV_R0__g0p0025.gds,4b2ea538952abfad1e71a4eeaaef5afa9b4d08e8d6bdb84d2c85bb881b86b5a5,outputs/PROJECT_decoder_gate_abutment_matrix/_pair_trials/PAIR__PINV_R0__PINV_R0__g0p0025_drc/PAIR__PINV_R0__PINV_R0__g0p0025.lyrdb
PINV,R0,PINV,R0,0.07,True,1,False,True,True,False,drc_marker_count=1,outputs/PROJECT_decoder_gate_abutment_matrix/_pair_trials/PAIR__PINV_R0__PINV_R0__g0p07.gds,16537403e2505bcaee86667c09b988890a16d551a5b1d9a9925de55ba8a734da,outputs/PROJECT_decoder_gate_abutment_matrix/_pair_trials/PAIR__PINV_R0__PINV_R0__g0p07_drc/PAIR__PINV_R0__PINV_R0__g0p07.lyrdb
PINV,R0,PINV,R0,0.14,True,1,False,True,True,False,drc_marker_count=1,outputs/PROJECT_decoder_gate_abutment_matrix/_pair_trials/PAIR__PINV_R0__PINV_R0__g0p14.gds,9b09b05dd73fce1536ee1fb80edbaf9ee24c18c754bd8403f7df55a28293a31f,outputs/PROJECT_decoder_gate_abutment_matrix/_pair_trials/PAIR__PINV_R0__PINV_R0__g0p14_drc/PAIR__PINV_R0__PINV_R0__g0p14.lyrdb
PINV,R0,PINV,R180,0.0,True,0,False,True,False,True,,outputs/PROJECT_decoder_gate_abutment_matrix/_pair_trials/PAIR__PINV_R0__PINV_R180__g0p0.gds,88ded58446fcafb881539da38e0002ad7fac82661769b1a2ad74d65f482c956e,outputs/PROJECT_decoder_gate_abutment_matrix/_pair_trials/PAIR__PINV_R0__PINV_R180__g0p0_drc/PAIR__PINV_R0__PINV_R180__g0p0.lyrdb
PINV,R0,PINV,R180,0.0025,True,0,False,True,False,True,,outputs/PROJECT_decoder_gate_abutment_matrix/_pair_trials/PAIR__PINV_R0__PINV_R180__g0p0025.gds,dfa468260e513ff7ec81c2a7cf3b33b02bd8d67fc2259a4615c6bf7048d0f155,outputs/PROJECT_decoder_gate_abutment_matrix/_pair_trials/PAIR__PINV_R0__PINV_R180__g0p0025_drc/PAIR__PINV_R0__PINV_R180__g0p0025.lyrdb
PINV,R0,PINV,R180,0.07,True,0,False,True,False,True,,outputs/PROJECT_decoder_gate_abutment_matrix/_pair_trials/PAIR__PINV_R0__PINV_R180__g0p07.gds,62993451e9cd0361eda7769767973c6a32925a2dad2b5f64ece97e1772df03e7,outputs/PROJECT_decoder_gate_abutment_matrix/_pair_trials/PAIR__PINV_R0__PINV_R180__g0p07_drc/PAIR__PINV_R0__PINV_R180__g0p07.lyrdb
PINV,R0,PINV,R180,0.14,True,0,False,True,False,True,,outputs/PROJECT_decoder_gate_abutment_matrix/_pair_trials/PAIR__PINV_R0__PINV_R180__g0p14.gds,15adaa385b24af7a12ec6b5b35435abc7a80aaaa8377eb66a16d600d0b7827b9,outputs/PROJECT_decoder_gate_abutment_matrix/_pair_trials/PAIR__PINV_R0__PINV_R180__g0p14_drc/PAIR__PINV_R0__PINV_R180__g0p14.lyrdb
PINV,R0,PINV,MX,0.0,False,0,False,False,False,True,,outputs/PROJECT_decoder_gate_abutment_matrix/_pair_trials/PAIR__PINV_R0__PINV_MX__g0p0.gds,fac3fb446c35c8c8831c8107006d0bd809da3a2404de8543a1397d7b0e693954,outputs/PROJECT_decoder_gate_abutment_matrix/_pair_trials/PAIR__PINV_R0__PINV_MX__g0p0_drc/PAIR__PINV_R0__PINV_MX__g0p0.lyrdb
PINV,R0,PINV,MX,0.0025,False,1,False,False,True,False,drc_marker_count=1,outputs/PROJECT_decoder_gate_abutment_matrix/_pair_trials/PAIR__PINV_R0__PINV_MX__g0p0025.gds,28d89ad8bcd76bdf11060eb0f53e497272876be573bdddfcb47ea1e96a296698,outputs/PROJECT_decoder_gate_abutment_matrix/_pair_trials/PAIR__PINV_R0__PINV_MX__g0p0025_drc/PAIR__PINV_R0__PINV_MX__g0p0025.lyrdb
PINV,R0,PINV,MX,0.07,False,1,False,False,True,False,drc_marker_count=1,outputs/PROJECT_decoder_gate_abutment_matrix/_pair_trials/PAIR__PINV_R0__PINV_MX__g0p07.gds,f84824fc8a9b3a11afd876f5f079bceb3e349fb8d12810efe72b51c7b9ab8000,outputs/PROJECT_decoder_gate_abutment_matrix/_pair_trials/PAIR__PINV_R0__PINV_MX__g0p07_drc/PAIR__PINV_R0__PINV_MX__g0p07.lyrdb
PINV,R0,PINV,MX,0.14,False,1,False,False,True,False,drc_marker_count=1,outputs/PROJECT_decoder_gate_abutment_matrix/_pair_trials/PAIR__PINV_R0__PINV_MX__g0p14.gds,d1d4dc65945368c049c22b29abf2c6be211104ab5011ba1d51382bb4df86acd0,outputs/PROJECT_decoder_gate_abutment_matrix/_pair_trials/PAIR__PINV_R0__PINV_MX__g0p14_drc/PAIR__PINV_R0__PINV_MX__g0p14.lyrdb
PINV,R0,PINV,MY,0.0,True,24,False,True,True,False,drc_marker_count=24,outputs/PROJECT_decoder_gate_abutment_matrix/_pair_trials/PAIR__PINV_R0__PINV_MY__g0p0.gds,84ff5812c225fcf7ee18df751870a1c039372a18b700b2352aa817759d7f3414,outputs/PROJECT_decoder_gate_abutment_matrix/_pair_trials/PAIR__PINV_R0__PINV_MY__g0p0_drc/PAIR__PINV_R0__PINV_MY__g0p0.lyrdb
PINV,R0,PINV,MY,0.0025,True,27,False,True,True,False,drc_marker_count=27,outputs/PROJECT_decoder_gate_abutment_matrix/_pair_trials/PAIR__PINV_R0__PINV_MY__g0p0025.gds,52f97822522aa951a56e68b180ade5c3acae7871472389a6c4c38cfbda98b1b1,outputs/PROJECT_decoder_gate_abutment_matrix/_pair_trials/PAIR__PINV_R0__PINV_MY__g0p0025_drc/PAIR__PINV_R0__PINV_MY__g0p0025.lyrdb
PINV,R0,PINV,MY,0.07,True,12,False,True,True,False,drc_marker_count=12,outputs/PROJECT_decoder_gate_abutment_matrix/_pair_trials/PAIR__PINV_R0__PINV_MY__g0p07.gds,cd9d2669a7d0913e23bcbecb5759da3a21f6211fb2b46bceebbe7b6bdc6438ad,outputs/PROJECT_decoder_gate_abutment_matrix/_pair_trials/PAIR__PINV_R0__PINV_MY__g0p07_drc/PAIR__PINV_R0__PINV_MY__g0p07.lyrdb
PINV,R0,PINV,MY,0.14,True,22,False,True,True,False,drc_marker_count=22,outputs/PROJECT_decoder_gate_abutment_matrix/_pair_trials/PAIR__PINV_R0__PINV_MY__g0p14.gds,69c41f288e284a94143f31a8701e98e4f28dae58f0949fbc6b1e2c6c970281a3,outputs/PROJECT_decoder_gate_abutment_matrix/_pair_trials/PAIR__PINV_R0__PINV_MY__g0p14_drc/PAIR__PINV_R0__PINV_MY__g0p14.lyrdb
PINV,R0,PNAND2,R0,0.0,True,0,False,True,False,True,,outputs/PROJECT_decoder_gate_abutment_matrix/_pair_trials/PAIR__PINV_R0__PNAND2_R0__g0p0.gds,8ec09ad9913d118c43a1b78f8e41c6c99739878c33e3133255673c18012433e1,outputs/PROJECT_decoder_gate_abutment_matrix/_pair_trials/PAIR__PINV_R0__PNAND2_R0__g0p0_drc/PAIR__PINV_R0__PNAND2_R0__g0p0.lyrdb
PINV,R0,PNAND2,R0,0.0025,True,1,False,True,True,False,drc_marker_count=1,outputs/PROJECT_decoder_gate_abutment_matrix/_pair_trials/PAIR__PINV_R0__PNAND2_R0__g0p0025.gds,729d1016da571b094ed2b8cfbf583b54a705dcd49407cdffcb55c8b90d079f34,outputs/PROJECT_decoder_gate_abutment_matrix/_pair_trials/PAIR__PINV_R0__PNAND2_R0__g0p0025_drc/PAIR__PINV_R0__PNAND2_R0__g0p0025.lyrdb
PINV,R0,PNAND2,R0,0.07,True,1,False,True,True,False,drc_marker_count=1,outputs/PROJECT_decoder_gate_abutment_matrix/_pair_trials/PAIR__PINV_R0__PNAND2_R0__g0p07.gds,755476d350ef18ee05146f4ea2f8ef0b58a14e44a855b589707ed16fd39d4bf4,outputs/PROJECT_decoder_gate_abutment_matrix/_pair_trials/PAIR__PINV_R0__PNAND2_R0__g0p07_drc/PAIR__PINV_R0__PNAND2_R0__g0p07.lyrdb
PINV,R0,PNAND2,R0,0.14,True,1,False,True,True,False,drc_marker_count=1,outputs/PROJECT_decoder_gate_abutment_matrix/_pair_trials/PAIR__PINV_R0__PNAND2_R0__g0p14.gds,7cf7a7ee31f296014bd15b3356459ca403f3929f1ded79769d0fb58b72a26055,outputs/PROJECT_decoder_gate_abutment_matrix/_pair_trials/PAIR__PINV_R0__PNAND2_R0__g0p14_drc/PAIR__PINV_R0__PNAND2_R0__g0p14.lyrdb
PINV,R0,PNAND2,R180,0.0,True,0,False,True,False,True,,outputs/PROJECT_decoder_gate_abutment_matrix/_pair_trials/PAIR__PINV_R0__PNAND2_R180__g0p0.gds,ab60438957e9fbf03a793ef86cc6bbdb9571ad73f2253fb4624416d3777909f6,outputs/PROJECT_decoder_gate_abutment_matrix/_pair_trials/PAIR__PINV_R0__PNAND2_R180__g0p0_drc/PAIR__PINV_R0__PNAND2_R180__g0p0.lyrdb
PINV,R0,PNAND2,R180,0.0025,True,0,False,True,False,True,,outputs/PROJECT_decoder_gate_abutment_matrix/_pair_trials/PAIR__PINV_R0__PNAND2_R180__g0p0025.gds,3951b34725531caedc21869e0bf6460b0c3a28c5bafba51d368e44b02728d82e,outputs/PROJECT_decoder_gate_abutment_matrix/_pair_trials/PAIR__PINV_R0__PNAND2_R180__g0p0025_drc/PAIR__PINV_R0__PNAND2_R180__g0p0025.lyrdb
PINV,R0,PNAND2,R180,0.07,True,0,False,True,False,True,,outputs/PROJECT_decoder_gate_abutment_matrix/_pair_trials/PAIR__PINV_R0__PNAND2_R180__g0p07.gds,bb1adf9d8faff4b2298aa3109fb92b2c0d86324340caeae4c300d5c13863a02a,outputs/PROJECT_decoder_gate_abutment_matrix/_pair_trials/PAIR__PINV_R0__PNAND2_R180__g0p07_drc/PAIR__PINV_R0__PNAND2_R180__g0p07.lyrdb
PINV,R0,PNAND2,R180,0.14,True,0,False,True,False,True,,outputs/PROJECT_decoder_gate_abutment_matrix/_pair_trials/PAIR__PINV_R0__PNAND2_R180__g0p14.gds,464c1427e38950bda476b578db3fc16f9585fc6bd521630a5a3d35d032639d62,outputs/PROJECT_decoder_gate_abutment_matrix/_pair_trials/PAIR__PINV_R0__PNAND2_R180__g0p14_drc/PAIR__PINV_R0__PNAND2_R180__g0p14.lyrdb
PINV,R0,PNAND2,MX,0.0,False,0,False,False,False,True,,outputs/PROJECT_decoder_gate_abutment_matrix/_pair_trials/PAIR__PINV_R0__PNAND2_MX__g0p0.gds,d76707df983ff1c13ff4922963ffa2e0da64c94f37111df7c0be35d9a499a0e5,outputs/PROJECT_decoder_gate_abutment_matrix/_pair_trials/PAIR__PINV_R0__PNAND2_MX__g0p0_drc/PAIR__PINV_R0__PNAND2_MX__g0p0.lyrdb
PINV,R0,PNAND2,MX,0.0025,False,1,False,False,True,False,drc_marker_count=1,outputs/PROJECT_decoder_gate_abutment_matrix/_pair_trials/PAIR__PINV_R0__PNAND2_MX__g0p0025.gds,3cd9e7ca267dc0da1445609e76cb00f75eafb31c128fd0ff155069f10c74bf9e,outputs/PROJECT_decoder_gate_abutment_matrix/_pair_trials/PAIR__PINV_R0__PNAND2_MX__g0p0025_drc/PAIR__PINV_R0__PNAND2_MX__g0p0025.lyrdb
PINV,R0,PNAND2,MX,0.07,False,1,False,False,True,False,drc_marker_count=1,outputs/PROJECT_decoder_gate_abutment_matrix/_pair_trials/PAIR__PINV_R0__PNAND2_MX__g0p07.gds,c281895ab29d2253fc29c936b18dafafba7edca4e04e2140a1408f97b49384c3,outputs/PROJECT_decoder_gate_abutment_matrix/_pair_trials/PAIR__PINV_R0__PNAND2_MX__g0p07_drc/PAIR__PINV_R0__PNAND2_MX__g0p07.lyrdb
PINV,R0,PNAND2,MX,0.14,False,1,False,False,True,False,drc_marker_count=1,outputs/PROJECT_decoder_gate_abutment_matrix/_pair_trials/PAIR__PINV_R0__PNAND2_MX__g0p14.gds,c7b785cc4ef3bdd7e7dad45479b6277cb6fd9e71a4c8f3a4a67c1eeaf7caaa70,outputs/PROJECT_decoder_gate_abutment_matrix/_pair_trials/PAIR__PINV_R0__PNAND2_MX__g0p14_drc/PAIR__PINV_R0__PNAND2_MX__g0p14.lyrdb
PINV,R0,PNAND2,MY,0.0,True,56,False,True,True,False,drc_marker_count=56,outputs/PROJECT_decoder_gate_abutment_matrix/_pair_trials/PAIR__PINV_R0__PNAND2_MY__g0p0.gds,3549feb677e55974d9ad161942a81e334488f2eec4cd6b3c7b145be3e80d5052,outputs/PROJECT_decoder_gate_abutment_matrix/_pair_trials/PAIR__PINV_R0__PNAND2_MY__g0p0_drc/PAIR__PINV_R0__PNAND2_MY__g0p0.lyrdb
PINV,R0,PNAND2,MY,0.0025,True,54,False,True,True,False,drc_marker_count=54,outputs/PROJECT_decoder_gate_abutment_matrix/_pair_trials/PAIR__PINV_R0__PNAND2_MY__g0p0025.gds,0aa3d41491d98dc97e3ee031afe2367892a0656b6c832b75210924847513d1f4,outputs/PROJECT_decoder_gate_abutment_matrix/_pair_trials/PAIR__PINV_R0__PNAND2_MY__g0p0025_drc/PAIR__PINV_R0__PNAND2_MY__g0p0025.lyrdb
PINV,R0,PNAND2,MY,0.07,True,27,False,True,True,False,drc_marker_count=27,outputs/PROJECT_decoder_gate_abutment_matrix/_pair_trials/PAIR__PINV_R0__PNAND2_MY__g0p07.gds,7e688e296006a46b4ad06345300108def3fb1ad8785673bd17a168d4fedc6797,outputs/PROJECT_decoder_gate_abutment_matrix/_pair_trials/PAIR__PINV_R0__PNAND2_MY__g0p07_drc/PAIR__PINV_R0__PNAND2_MY__g0p07.lyrdb
PINV,R0,PNAND2,MY,0.14,True,68,False,True,True,False,drc_marker_count=68,outputs/PROJECT_decoder_gate_abutment_matrix/_pair_trials/PAIR__PINV_R0__PNAND2_MY__g0p14.gds,19df83c51399b80e87b5f536e7cd2f6679986933ec55b63aeda3b66bd906c449,outputs/PROJECT_decoder_gate_abutment_matrix/_pair_trials/PAIR__PINV_R0__PNAND2_MY__g0p14_drc/PAIR__PINV_R0__PNAND2_MY__g0p14.lyrdb
PINV,R0,PNAND3,R0,0.0,True,0,False,True,False,True,,outputs/PROJECT_decoder_gate_abutment_matrix/_pair_trials/PAIR__PINV_R0__PNAND3_R0__g0p0.gds,418cae9b46379a04f88eb1eb1d4da567a3095ccbbc4c5433cc27401599148a45,outputs/PROJECT_decoder_gate_abutment_matrix/_pair_trials/PAIR__PINV_R0__PNAND3_R0__g0p0_drc/PAIR__PINV_R0__PNAND3_R0__g0p0.lyrdb
PINV,R0,PNAND3,R0,0.0025,True,1,False,True,True,False,drc_marker_count=1,outputs/PROJECT_decoder_gate_abutment_matrix/_pair_trials/PAIR__PINV_R0__PNAND3_R0__g0p0025.gds,859d7ededc23ddce349492771442386922f0c9c709dc755d9e00af3f94cff660,outputs/PROJECT_decoder_gate_abutment_matrix/_pair_trials/PAIR__PINV_R0__PNAND3_R0__g0p0025_drc/PAIR__PINV_R0__PNAND3_R0__g0p0025.lyrdb
PINV,R0,PNAND3,R0,0.07,True,1,False,True,True,False,drc_marker_count=1,outputs/PROJECT_decoder_gate_abutment_matrix/_pair_trials/PAIR__PINV_R0__PNAND3_R0__g0p07.gds,f571915de89f655c0f318c0c7db6cadc3a901b6f5f39ff288368682acee34f92,outputs/PROJECT_decoder_gate_abutment_matrix/_pair_trials/PAIR__PINV_R0__PNAND3_R0__g0p07_drc/PAIR__PINV_R0__PNAND3_R0__g0p07.lyrdb
PINV,R0,PNAND3,R0,0.14,True,1,False,True,True,False,drc_marker_count=1,outputs/PROJECT_decoder_gate_abutment_matrix/_pair_trials/PAIR__PINV_R0__PNAND3_R0__g0p14.gds,11637eea354c90a0b5894b7b4dc7bd7ca2b850930fec409c4706a7c7bb4bf21f,outputs/PROJECT_decoder_gate_abutment_matrix/_pair_trials/PAIR__PINV_R0__PNAND3_R0__g0p14_drc/PAIR__PINV_R0__PNAND3_R0__g0p14.lyrdb
PINV,R0,PNAND3,R180,0.0,True,0,False,True,False,True,,outputs/PROJECT_decoder_gate_abutment_matrix/_pair_trials/PAIR__PINV_R0__PNAND3_R180__g0p0.gds,3b8a2eeacfe0c2453873584da9f4b3af42fa22caa8d3e19c516c53a62befdb93,outputs/PROJECT_decoder_gate_abutment_matrix/_pair_trials/PAIR__PINV_R0__PNAND3_R180__g0p0_drc/PAIR__PINV_R0__PNAND3_R180__g0p0.lyrdb
PINV,R0,PNAND3,R180,0.0025,True,0,False,True,False,True,,outputs/PROJECT_decoder_gate_abutment_matrix/_pair_trials/PAIR__PINV_R0__PNAND3_R180__g0p0025.gds,a7f4c033b1f7bca64fc5163a58bdc08d15aa2549ac428223d9268ced50c8131d,outputs/PROJECT_decoder_gate_abutment_matrix/_pair_trials/PAIR__PINV_R0__PNAND3_R180__g0p0025_drc/PAIR__PINV_R0__PNAND3_R180__g0p0025.lyrdb
PINV,R0,PNAND3,R180,0.07,True,0,False,True,False,True,,outputs/PROJECT_decoder_gate_abutment_matrix/_pair_trials/PAIR__PINV_R0__PNAND3_R180__g0p07.gds,da6ae85f461da9a302a0f6d83422ffafe8608eb595dc42903dd2fe7bad877990,outputs/PROJECT_decoder_gate_abutment_matrix/_pair_trials/PAIR__PINV_R0__PNAND3_R180__g0p07_drc/PAIR__PINV_R0__PNAND3_R180__g0p07.lyrdb
PINV,R0,PNAND3,R180,0.14,True,0,False,True,False,True,,outputs/PROJECT_decoder_gate_abutment_matrix/_pair_trials/PAIR__PINV_R0__PNAND3_R180__g0p14.gds,1e865fd95da3b9ee0f7e12411401067c8b60bc6326944d100a60fd5aacb21fa9,outputs/PROJECT_decoder_gate_abutment_matrix/_pair_trials/PAIR__PINV_R0__PNAND3_R180__g0p14_drc/PAIR__PINV_R0__PNAND3_R180__g0p14.lyrdb
PINV,R0,PNAND3,MX,0.0,False,0,False,False,False,True,,outputs/PROJECT_decoder_gate_abutment_matrix/_pair_trials/PAIR__PINV_R0__PNAND3_MX__g0p0.gds,3e5e4b46c802f5c03cdf781a5e9b02c1a397a665563283d917baff583b96d1e6,outputs/PROJECT_decoder_gate_abutment_matrix/_pair_trials/PAIR__PINV_R0__PNAND3_MX__g0p0_drc/PAIR__PINV_R0__PNAND3_MX__g0p0.lyrdb
PINV,R0,PNAND3,MX,0.0025,False,1,False,False,True,False,drc_marker_count=1,outputs/PROJECT_decoder_gate_abutment_matrix/_pair_trials/PAIR__PINV_R0__PNAND3_MX__g0p0025.gds,fd2e1ad71681902bf048007d5b9ed0dc05cd366521f6ece8798de074431796db,outputs/PROJECT_decoder_gate_abutment_matrix/_pair_trials/PAIR__PINV_R0__PNAND3_MX__g0p0025_drc/PAIR__PINV_R0__PNAND3_MX__g0p0025.lyrdb
PINV,R0,PNAND3,MX,0.07,False,1,False,False,True,False,drc_marker_count=1,outputs/PROJECT_decoder_gate_abutment_matrix/_pair_trials/PAIR__PINV_R0__PNAND3_MX__g0p07.gds,b0f4e9ebbc95ab92cc5b60b8b99d22ff96726f21a596a3492b91a03c2be1b896,outputs/PROJECT_decoder_gate_abutment_matrix/_pair_trials/PAIR__PINV_R0__PNAND3_MX__g0p07_drc/PAIR__PINV_R0__PNAND3_MX__g0p07.lyrdb
PINV,R0,PNAND3,MX,0.14,False,1,False,False,True,False,drc_marker_count=1,outputs/PROJECT_decoder_gate_abutment_matrix/_pair_trials/PAIR__PINV_R0__PNAND3_MX__g0p14.gds,54569b319ce8961beb38cefea07d3c418d10438012373f3fd81ca2e0f0b76949,outputs/PROJECT_decoder_gate_abutment_matrix/_pair_trials/PAIR__PINV_R0__PNAND3_MX__g0p14_drc/PAIR__PINV_R0__PNAND3_MX__g0p14.lyrdb
PINV,R0,PNAND3,MY,0.0,True,58,False,True,True,False,drc_marker_count=58,outputs/PROJECT_decoder_gate_abutment_matrix/_pair_trials/PAIR__PINV_R0__PNAND3_MY__g0p0.gds,566e7925c08406a94ee1c856282f5e612e39a122f8d847f2403d60cb260215d6,outputs/PROJECT_decoder_gate_abutment_matrix/_pair_trials/PAIR__PINV_R0__PNAND3_MY__g0p0_drc/PAIR__PINV_R0__PNAND3_MY__g0p0.lyrdb
PINV,R0,PNAND3,MY,0.0025,True,55,False,True,True,False,drc_marker_count=55,outputs/PROJECT_decoder_gate_abutment_matrix/_pair_trials/PAIR__PINV_R0__PNAND3_MY__g0p0025.gds,15aced07302a9805eac9c5cb3897650c4f62d604e3b7db386d1ab323009cc5fa,outputs/PROJECT_decoder_gate_abutment_matrix/_pair_trials/PAIR__PINV_R0__PNAND3_MY__g0p0025_drc/PAIR__PINV_R0__PNAND3_MY__g0p0025.lyrdb
PINV,R0,PNAND3,MY,0.07,True,20,False,True,True,False,drc_marker_count=20,outputs/PROJECT_decoder_gate_abutment_matrix/_pair_trials/PAIR__PINV_R0__PNAND3_MY__g0p07.gds,0baeeefa44dc47f4674fd8c6d13b1023e1546d6620a306c6c01ae098a82f638d,outputs/PROJECT_decoder_gate_abutment_matrix/_pair_trials/PAIR__PINV_R0__PNAND3_MY__g0p07_drc/PAIR__PINV_R0__PNAND3_MY__g0p07.lyrdb
PINV,R0,PNAND3,MY,0.14,True,41,False,True,True,False,drc_marker_count=41,outputs/PROJECT_decoder_gate_abutment_matrix/_pair_trials/PAIR__PINV_R0__PNAND3_MY__g0p14.gds,ba97d5e467d0cf35dbdb7848443301c81148e4992c39b70e65815ecb0fd18b27,outputs/PROJECT_decoder_gate_abutment_matrix/_pair_trials/PAIR__PINV_R0__PNAND3_MY__g0p14_drc/PAIR__PINV_R0__PNAND3_MY__g0p14.lyrdb
PINV,R0,AND2,R0,0.0,True,0,False,True,False,True,,outputs/PROJECT_decoder_gate_abutment_matrix/_pair_trials/PAIR__PINV_R0__AND2_R0__g0p0.gds,a7dea00a650b866c42e59f6904b5ed73442083bd54c82b24485b17b80713c15a,outputs/PROJECT_decoder_gate_abutment_matrix/_pair_trials/PAIR__PINV_R0__AND2_R0__g0p0_drc/PAIR__PINV_R0__AND2_R0__g0p0.lyrdb
PINV,R0,AND2,R0,0.0025,True,1,False,True,True,False,drc_marker_count=1,outputs/PROJECT_decoder_gate_abutment_matrix/_pair_trials/PAIR__PINV_R0__AND2_R0__g0p0025.gds,8a1a59aadb909c46b40c20d82a9f48dd029bf4c31793f1ed493501f841bf481e,outputs/PROJECT_decoder_gate_abutment_matrix/_pair_trials/PAIR__PINV_R0__AND2_R0__g0p0025_drc/PAIR__PINV_R0__AND2_R0__g0p0025.lyrdb
PINV,R0,AND2,R0,0.07,True,1,False,True,True,False,drc_marker_count=1,outputs/PROJECT_decoder_gate_abutment_matrix/_pair_trials/PAIR__PINV_R0__AND2_R0__g0p07.gds,e6e4d0a709172175f9271d2874aca4e9bed44a7e7d0d2aa092d5f1ffa6f4b435,outputs/PROJECT_decoder_gate_abutment_matrix/_pair_trials/PAIR__PINV_R0__AND2_R0__g0p07_drc/PAIR__PINV_R0__AND2_R0__g0p07.lyrdb
PINV,R0,AND2,R0,0.14,True,1,False,True,True,False,drc_marker_count=1,outputs/PROJECT_decoder_gate_abutment_matrix/_pair_trials/PAIR__PINV_R0__AND2_R0__g0p14.gds,22d2ff9acbe95b1ba42b285b43f0a9c9fa330c6d970dc7994de6d7d9d6fc4dd5,outputs/PROJECT_decoder_gate_abutment_matrix/_pair_trials/PAIR__PINV_R0__AND2_R0__g0p14_drc/PAIR__PINV_R0__AND2_R0__g0p14.lyrdb
PINV,R0,AND2,R180,0.0,True,0,False,True,False,True,,outputs/PROJECT_decoder_gate_abutment_matrix/_pair_trials/PAIR__PINV_R0__AND2_R180__g0p0.gds,376a3421bb96503daa049fbc838842e85c9103d8933bea0e5ad723acf2b908f9,outputs/PROJECT_decoder_gate_abutment_matrix/_pair_trials/PAIR__PINV_R0__AND2_R180__g0p0_drc/PAIR__PINV_R0__AND2_R180__g0p0.lyrdb
PINV,R0,AND2,R180,0.0025,True,0,False,True,False,True,,outputs/PROJECT_decoder_gate_abutment_matrix/_pair_trials/PAIR__PINV_R0__AND2_R180__g0p0025.gds,21dd8b70d6c52c47d0600a522a837512b7c0e22d2a85fb727a1322d4aee14b29,outputs/PROJECT_decoder_gate_abutment_matrix/_pair_trials/PAIR__PINV_R0__AND2_R180__g0p0025_drc/PAIR__PINV_R0__AND2_R180__g0p0025.lyrdb
PINV,R0,AND2,R180,0.07,True,0,False,True,False,True,,outputs/PROJECT_decoder_gate_abutment_matrix/_pair_trials/PAIR__PINV_R0__AND2_R180__g0p07.gds,a49886ad2e45b7442f2e9ad4111b2d8a95310e6b0ca42e4aec91611682a81b9a,outputs/PROJECT_decoder_gate_abutment_matrix/_pair_trials/PAIR__PINV_R0__AND2_R180__g0p07_drc/PAIR__PINV_R0__AND2_R180__g0p07.lyrdb
PINV,R0,AND2,R180,0.14,True,0,False,True,False,True,,outputs/PROJECT_decoder_gate_abutment_matrix/_pair_trials/PAIR__PINV_R0__AND2_R180__g0p14.gds,8d6dda8d658783ad21c8646eb8f2f8f1af58774ddc225361c3f82fca91067baf,outputs/PROJECT_decoder_gate_abutment_matrix/_pair_trials/PAIR__PINV_R0__AND2_R180__g0p14_drc/PAIR__PINV_R0__AND2_R180__g0p14.lyrdb
PINV,R0,AND2,MX,0.0,False,0,False,False,False,True,,outputs/PROJECT_decoder_gate_abutment_matrix/_pair_trials/PAIR__PINV_R0__AND2_MX__g0p0.gds,709a47a7574845a26e6c78dafbce95a62ac9cb7e53a2d91128c03e432c5139be,outputs/PROJECT_decoder_gate_abutment_matrix/_pair_trials/PAIR__PINV_R0__AND2_MX__g0p0_drc/PAIR__PINV_R0__AND2_MX__g0p0.lyrdb
PINV,R0,AND2,MX,0.0025,False,1,False,False,True,False,drc_marker_count=1,outputs/PROJECT_decoder_gate_abutment_matrix/_pair_trials/PAIR__PINV_R0__AND2_MX__g0p0025.gds,dd1974d6bad087a8fdebd444446b881e3f79cc8cceeaffa8b07485fd444ffb52,outputs/PROJECT_decoder_gate_abutment_matrix/_pair_trials/PAIR__PINV_R0__AND2_MX__g0p0025_drc/PAIR__PINV_R0__AND2_MX__g0p0025.lyrdb
PINV,R0,AND2,MX,0.07,False,1,False,False,True,False,drc_marker_count=1,outputs/PROJECT_decoder_gate_abutment_matrix/_pair_trials/PAIR__PINV_R0__AND2_MX__g0p07.gds,a8bc2788f7713ebdaa34e39dd4caf81349cf71c8e758b6ab9b73b39483ff8335,outputs/PROJECT_decoder_gate_abutment_matrix/_pair_trials/PAIR__PINV_R0__AND2_MX__g0p07_drc/PAIR__PINV_R0__AND2_MX__g0p07.lyrdb
PINV,R0,AND2,MX,0.14,False,1,False,False,True,False,drc_marker_count=1,outputs/PROJECT_decoder_gate_abutment_matrix/_pair_trials/PAIR__PINV_R0__AND2_MX__g0p14.gds,5dc9aabf8d69ad2e0d98aeb44f6af1c9001a34b1a34f405fc7b5a26f3bf1b0da,outputs/PROJECT_decoder_gate_abutment_matrix/_pair_trials/PAIR__PINV_R0__AND2_MX__g0p14_drc/PAIR__PINV_R0__AND2_MX__g0p14.lyrdb
PINV,R0,AND2,MY,0.0,True,32,False,True,True,False,drc_marker_count=32,outputs/PROJECT_decoder_gate_abutment_matrix/_pair_trials/PAIR__PINV_R0__AND2_MY__g0p0.gds,80fe9f4e12f9d5559ba1a2cf9bd317db85d53897f3e6ff9e6923c9883c402439,outputs/PROJECT_decoder_gate_abutment_matrix/_pair_trials/PAIR__PINV_R0__AND2_MY__g0p0_drc/PAIR__PINV_R0__AND2_MY__g0p0.lyrdb
PINV,R0,AND2,MY,0.0025,True,29,False,True,True,False,drc_marker_count=29,outputs/PROJECT_decoder_gate_abutment_matrix/_pair_trials/PAIR__PINV_R0__AND2_MY__g0p0025.gds,15c86ad38833f9d566ebed607a5417df6f0e4faa8787067d16f3d8fce0c8b732,outputs/PROJECT_decoder_gate_abutment_matrix/_pair_trials/PAIR__PINV_R0__AND2_MY__g0p0025_drc/PAIR__PINV_R0__AND2_MY__g0p0025.lyrdb
PINV,R0,AND2,MY,0.07,True,81,False,True,True,False,drc_marker_count=81,outputs/PROJECT_decoder_gate_abutment_matrix/_pair_trials/PAIR__PINV_R0__AND2_MY__g0p07.gds,e7efc97642b9fbf46b5f48fa96f9ce566a86c1b7f8241e15e4b2b818bcda6352,outputs/PROJECT_decoder_gate_abutment_matrix/_pair_trials/PAIR__PINV_R0__AND2_MY__g0p07_drc/PAIR__PINV_R0__AND2_MY__g0p07.lyrdb
PINV,R0,AND2,MY,0.14,True,29,False,True,True,False,drc_marker_count=29,outputs/PROJECT_decoder_gate_abutment_matrix/_pair_trials/PAIR__PINV_R0__AND2_MY__g0p14.gds,98ddfb25aa4af8175f4cbf47d9615cbb0f6df10db32c25ab7808180134959005,outputs/PROJECT_decoder_gate_abutment_matrix/_pair_trials/PAIR__PINV_R0__AND2_MY__g0p14_drc/PAIR__PINV_R0__AND2_MY__g0p14.lyrdb
PINV,R0,AND3,R0,0.0,True,0,False,True,False,True,,outputs/PROJECT_decoder_gate_abutment_matrix/_pair_trials/PAIR__PINV_R0__AND3_R0__g0p0.gds,326786a95c423027c19abbf96eda1e6a89de3c8c50d080e31a419e5035d0d750,outputs/PROJECT_decoder_gate_abutment_matrix/_pair_trials/PAIR__PINV_R0__AND3_R0__g0p0_drc/PAIR__PINV_R0__AND3_R0__g0p0.lyrdb
PINV,R0,AND3,R0,0.0025,True,1,False,True,True,False,drc_marker_count=1,outputs/PROJECT_decoder_gate_abutment_matrix/_pair_trials/PAIR__PINV_R0__AND3_R0__g0p0025.gds,92bcc770d45cf3df2d1e58267a57c6dadb65e7b8ceb0bdf9f7a489a5351745c4,outputs/PROJECT_decoder_gate_abutment_matrix/_pair_trials/PAIR__PINV_R0__AND3_R0__g0p0025_drc/PAIR__PINV_R0__AND3_R0__g0p0025.lyrdb
PINV,R0,AND3,R0,0.07,True,1,False,True,True,False,drc_marker_count=1,outputs/PROJECT_decoder_gate_abutment_matrix/_pair_trials/PAIR__PINV_R0__AND3_R0__g0p07.gds,5966a2d109bd4b98d6f15e0a20bab757bb73595d959a2b0a15eb2e07f9a9286e,outputs/PROJECT_decoder_gate_abutment_matrix/_pair_trials/PAIR__PINV_R0__AND3_R0__g0p07_drc/PAIR__PINV_R0__AND3_R0__g0p07.lyrdb
PINV,R0,AND3,R0,0.14,True,1,False,True,True,False,drc_marker_count=1,outputs/PROJECT_decoder_gate_abutment_matrix/_pair_trials/PAIR__PINV_R0__AND3_R0__g0p14.gds,3992307a31458cbd0e78c5a0f214b58690f567749751e22b4a81a7d9d0a733da,outputs/PROJECT_decoder_gate_abutment_matrix/_pair_trials/PAIR__PINV_R0__AND3_R0__g0p14_drc/PAIR__PINV_R0__AND3_R0__g0p14.lyrdb
PINV,R0,AND3,R180,0.0,True,0,False,True,False,True,,outputs/PROJECT_decoder_gate_abutment_matrix/_pair_trials/PAIR__PINV_R0__AND3_R180__g0p0.gds,fd7532ab62a2e42f142148cef30456d86831b14c7acc6e9b4c8b70323cdc486b,outputs/PROJECT_decoder_gate_abutment_matrix/_pair_trials/PAIR__PINV_R0__AND3_R180__g0p0_drc/PAIR__PINV_R0__AND3_R180__g0p0.lyrdb
PINV,R0,AND3,R180,0.0025,True,0,False,True,False,True,,outputs/PROJECT_decoder_gate_abutment_matrix/_pair_trials/PAIR__PINV_R0__AND3_R180__g0p0025.gds,088151cce9a2681e03e4676ff53d911d0bbc4cad33df3601a6e75da135c0efa8,outputs/PROJECT_decoder_gate_abutment_matrix/_pair_trials/PAIR__PINV_R0__AND3_R180__g0p0025_drc/PAIR__PINV_R0__AND3_R180__g0p0025.lyrdb
PINV,R0,AND3,R180,0.07,True,0,False,True,False,True,,outputs/PROJECT_decoder_gate_abutment_matrix/_pair_trials/PAIR__PINV_R0__AND3_R180__g0p07.gds,da534a0184b8c5289bdadd334c670e1c0733c9cc7cbc8dd4161570e69b0c5088,outputs/PROJECT_decoder_gate_abutment_matrix/_pair_trials/PAIR__PINV_R0__AND3_R180__g0p07_drc/PAIR__PINV_R0__AND3_R180__g0p07.lyrdb
PINV,R0,AND3,R180,0.14,True,0,False,True,False,True,,outputs/PROJECT_decoder_gate_abutment_matrix/_pair_trials/PAIR__PINV_R0__AND3_R180__g0p14.gds,e0f9c6a146bb7fe890857a977d04e243669aa21041dbb03fc70b9a27e0ea540c,outputs/PROJECT_decoder_gate_abutment_matrix/_pair_trials/PAIR__PINV_R0__AND3_R180__g0p14_drc/PAIR__PINV_R0__AND3_R180__g0p14.lyrdb
PINV,R0,AND3,MX,0.0,False,0,False,False,False,True,,outputs/PROJECT_decoder_gate_abutment_matrix/_pair_trials/PAIR__PINV_R0__AND3_MX__g0p0.gds,55b37ce291436813ab7ec491cd8d21f713b69c6e066bea87b4612645751b58cd,outputs/PROJECT_decoder_gate_abutment_matrix/_pair_trials/PAIR__PINV_R0__AND3_MX__g0p0_drc/PAIR__PINV_R0__AND3_MX__g0p0.lyrdb
PINV,R0,AND3,MX,0.0025,False,1,False,False,True,False,drc_marker_count=1,outputs/PROJECT_decoder_gate_abutment_matrix/_pair_trials/PAIR__PINV_R0__AND3_MX__g0p0025.gds,3715ab2e8efdb3c9b757414ff30e42235305d37a68774184d4318c6a545b28ba,outputs/PROJECT_decoder_gate_abutment_matrix/_pair_trials/PAIR__PINV_R0__AND3_MX__g0p0025_drc/PAIR__PINV_R0__AND3_MX__g0p0025.lyrdb
PINV,R0,AND3,MX,0.07,False,1,False,False,True,False,drc_marker_count=1,outputs/PROJECT_decoder_gate_abutment_matrix/_pair_trials/PAIR__PINV_R0__AND3_MX__g0p07.gds,5a97e4cd16bb3a17cf40abc4411e6644694a164ee848f2ad786993494838ea39,outputs/PROJECT_decoder_gate_abutment_matrix/_pair_trials/PAIR__PINV_R0__AND3_MX__g0p07_drc/PAIR__PINV_R0__AND3_MX__g0p07.lyrdb
PINV,R0,AND3,MX,0.14,False,1,False,False,True,False,drc_marker_count=1,outputs/PROJECT_decoder_gate_abutment_matrix/_pair_trials/PAIR__PINV_R0__AND3_MX__g0p14.gds,7c52bf132f7ae73db817cde14a2068ecfccedae0060897a52eca2bc01c68915a,outputs/PROJECT_decoder_gate_abutment_matrix/_pair_trials/PAIR__PINV_R0__AND3_MX__g0p14_drc/PAIR__PINV_R0__AND3_MX__g0p14.lyrdb
PINV,R0,AND3,MY,0.0,True,15,False,True,True,False,drc_marker_count=15,outputs/PROJECT_decoder_gate_abutment_matrix/_pair_trials/PAIR__PINV_R0__AND3_MY__g0p0.gds,d67c6bdf78e7793eccef85fe1dbe1ac0020df640482828379e61d777f2b308a7,outputs/PROJECT_decoder_gate_abutment_matrix/_pair_trials/PAIR__PINV_R0__AND3_MY__g0p0_drc/PAIR__PINV_R0__AND3_MY__g0p0.lyrdb
PINV,R0,AND3,MY,0.0025,True,15,False,True,True,False,drc_marker_count=15,outputs/PROJECT_decoder_gate_abutment_matrix/_pair_trials/PAIR__PINV_R0__AND3_MY__g0p0025.gds,984855c06fd88286a47a01a27ba237e989f7033457994019b2f8689c98ea2bf1,outputs/PROJECT_decoder_gate_abutment_matrix/_pair_trials/PAIR__PINV_R0__AND3_MY__g0p0025_drc/PAIR__PINV_R0__AND3_MY__g0p0025.lyrdb
PINV,R0,AND3,MY,0.07,True,51,False,True,True,False,drc_marker_count=51,outputs/PROJECT_decoder_gate_abutment_matrix/_pair_trials/PAIR__PINV_R0__AND3_MY__g0p07.gds,d78924a22718513ebba69515e149b7b646a5da5bf8c23f35b7e24966994d08bd,outputs/PROJECT_decoder_gate_abutment_matrix/_pair_trials/PAIR__PINV_R0__AND3_MY__g0p07_drc/PAIR__PINV_R0__AND3_MY__g0p07.lyrdb
PINV,R0,AND3,MY,0.14,True,34,False,True,True,False,drc_marker_count=34,outputs/PROJECT_decoder_gate_abutment_matrix/_pair_trials/PAIR__PINV_R0__AND3_MY__g0p14.gds,9a22b811c418f7e5c5d30fb39df0ba5ead84feccf95fe6b62d8a7aa4900c97a6,outputs/PROJECT_decoder_gate_abutment_matrix/_pair_trials/PAIR__PINV_R0__AND3_MY__g0p14_drc/PAIR__PINV_R0__AND3_MY__g0p14.lyrdb
PINV,R0,WORDLINEDRIVER,R0,0.0,True,0,False,True,False,True,,outputs/PROJECT_decoder_gate_abutment_matrix/_pair_trials/PAIR__PINV_R0__WORDLINEDRIVER_R0__g0p0.gds,0f07af11ebd51771be3bc905c3a6a94418d1ecae3ebb25319c1c23169590b4c4,outputs/PROJECT_decoder_gate_abutment_matrix/_pair_trials/PAIR__PINV_R0__WORDLINEDRIVER_R0__g0p0_drc/PAIR__PINV_R0__WORDLINEDRIVER_R0__g0p0.lyrdb
PINV,R0,WORDLINEDRIVER,R0,0.0025,True,1,False,True,True,False,drc_marker_count=1,outputs/PROJECT_decoder_gate_abutment_matrix/_pair_trials/PAIR__PINV_R0__WORDLINEDRIVER_R0__g0p0025.gds,c2218eb8301dffe86d1f6f3abd11426e8bcc7694935b5df12076955141efd5ab,outputs/PROJECT_decoder_gate_abutment_matrix/_pair_trials/PAIR__PINV_R0__WORDLINEDRIVER_R0__g0p0025_drc/PAIR__PINV_R0__WORDLINEDRIVER_R0__g0p0025.lyrdb
PINV,R0,WORDLINEDRIVER,R0,0.07,True,1,False,True,True,False,drc_marker_count=1,outputs/PROJECT_decoder_gate_abutment_matrix/_pair_trials/PAIR__PINV_R0__WORDLINEDRIVER_R0__g0p07.gds,c7def26a4fce483a097cfe39ff6abfabd7ed5ab2b30f2d6b87458817e00dcfa5,outputs/PROJECT_decoder_gate_abutment_matrix/_pair_trials/PAIR__PINV_R0__WORDLINEDRIVER_R0__g0p07_drc/PAIR__PINV_R0__WORDLINEDRIVER_R0__g0p07.lyrdb
PINV,R0,WORDLINEDRIVER,R0,0.14,True,1,False,True,True,False,drc_marker_count=1,outputs/PROJECT_decoder_gate_abutment_matrix/_pair_trials/PAIR__PINV_R0__WORDLINEDRIVER_R0__g0p14.gds,72d15b070883aec6cb9e8a5d040d1079302f63a8567c5fa6871eb449659f3fe7,outputs/PROJECT_decoder_gate_abutment_matrix/_pair_trials/PAIR__PINV_R0__WORDLINEDRIVER_R0__g0p14_drc/PAIR__PINV_R0__WORDLINEDRIVER_R0__g0p14.lyrdb
PINV,R0,WORDLINEDRIVER,R180,0.0,True,0,False,True,False,True,,outputs/PROJECT_decoder_gate_abutment_matrix/_pair_trials/PAIR__PINV_R0__WORDLINEDRIVER_R180__g0p0.gds,29663aeef2d6663eb6c0ddefa300d2a721548faee9b8df7ac667d2d3151ddd8c,outputs/PROJECT_decoder_gate_abutment_matrix/_pair_trials/PAIR__PINV_R0__WORDLINEDRIVER_R180__g0p0_drc/PAIR__PINV_R0__WORDLINEDRIVER_R180__g0p0.lyrdb
PINV,R0,WORDLINEDRIVER,R180,0.0025,True,0,False,True,False,True,,outputs/PROJECT_decoder_gate_abutment_matrix/_pair_trials/PAIR__PINV_R0__WORDLINEDRIVER_R180__g0p0025.gds,a2df4e13e67a3c5bd3282986d05d754c00e2567c63192dcb642512627b660279,outputs/PROJECT_decoder_gate_abutment_matrix/_pair_trials/PAIR__PINV_R0__WORDLINEDRIVER_R180__g0p0025_drc/PAIR__PINV_R0__WORDLINEDRIVER_R180__g0p0025.lyrdb
PINV,R0,WORDLINEDRIVER,R180,0.07,True,0,False,True,False,True,,outputs/PROJECT_decoder_gate_abutment_matrix/_pair_trials/PAIR__PINV_R0__WORDLINEDRIVER_R180__g0p07.gds,127f1d49b867d423d3005a6a9ebc7ed4cb5c4642ad66f1c23723c4ab4a57694c,outputs/PROJECT_decoder_gate_abutment_matrix/_pair_trials/PAIR__PINV_R0__WORDLINEDRIVER_R180__g0p07_drc/PAIR__PINV_R0__WORDLINEDRIVER_R180__g0p07.lyrdb
PINV,R0,WORDLINEDRIVER,R180,0.14,True,0,False,True,False,True,,outputs/PROJECT_decoder_gate_abutment_matrix/_pair_trials/PAIR__PINV_R0__WORDLINEDRIVER_R180__g0p14.gds,51391e028f99c03d0634915fc3a0eb51e22d1f991c8a293172706b21358dfba4,outputs/PROJECT_decoder_gate_abutment_matrix/_pair_trials/PAIR__PINV_R0__WORDLINEDRIVER_R180__g0p14_drc/PAIR__PINV_R0__WORDLINEDRIVER_R180__g0p14.lyrdb
PINV,R0,WORDLINEDRIVER,MX,0.0,False,0,False,False,False,True,,outputs/PROJECT_decoder_gate_abutment_matrix/_pair_trials/PAIR__PINV_R0__WORDLINEDRIVER_MX__g0p0.gds,855a5c2b194f5158569cbd5d97631c1fcfdf29f6f075f135b0ed00aff87991db,outputs/PROJECT_decoder_gate_abutment_matrix/_pair_trials/PAIR__PINV_R0__WORDLINEDRIVER_MX__g0p0_drc/PAIR__PINV_R0__WORDLINEDRIVER_MX__g0p0.lyrdb
PINV,R0,WORDLINEDRIVER,MX,0.0025,False,1,False,False,True,False,drc_marker_count=1,outputs/PROJECT_decoder_gate_abutment_matrix/_pair_trials/PAIR__PINV_R0__WORDLINEDRIVER_MX__g0p0025.gds,60af46c8ecd4af23b7e9308bd4cfc73d0d54fe7bd07e8219847f8de68f667cc0,outputs/PROJECT_decoder_gate_abutment_matrix/_pair_trials/PAIR__PINV_R0__WORDLINEDRIVER_MX__g0p0025_drc/PAIR__PINV_R0__WORDLINEDRIVER_MX__g0p0025.lyrdb
PINV,R0,WORDLINEDRIVER,MX,0.07,False,1,False,False,True,False,drc_marker_count=1,outputs/PROJECT_decoder_gate_abutment_matrix/_pair_trials/PAIR__PINV_R0__WORDLINEDRIVER_MX__g0p07.gds,4e6d482c99a59beb18c03f118875cc1eb0ab0e1e24de927dae418ea118b0b145,outputs/PROJECT_decoder_gate_abutment_matrix/_pair_trials/PAIR__PINV_R0__WORDLINEDRIVER_MX__g0p07_drc/PAIR__PINV_R0__WORDLINEDRIVER_MX__g0p07.lyrdb
PINV,R0,WORDLINEDRIVER,MX,0.14,False,1,False,False,True,False,drc_marker_count=1,outputs/PROJECT_decoder_gate_abutment_matrix/_pair_trials/PAIR__PINV_R0__WORDLINEDRIVER_MX__g0p14.gds,08ea584182cc0938fc9b1c0e2c221571d7858cc015aa1c0e5a6c3e634cd6816d,outputs/PROJECT_decoder_gate_abutment_matrix/_pair_trials/PAIR__PINV_R0__WORDLINEDRIVER_MX__g0p14_drc/PAIR__PINV_R0__WORDLINEDRIVER_MX__g0p14.lyrdb
PINV,R0,WORDLINEDRIVER,MY,0.0,True,28,False,True,True,False,drc_marker_count=28,outputs/PROJECT_decoder_gate_abutment_matrix/_pair_trials/PAIR__PINV_R0__WORDLINEDRIVER_MY__g0p0.gds,99ab4f4fb62da98c01e2f61e056d514ce1cbee5f9a311c62452c09ce5c660f45,outputs/PROJECT_decoder_gate_abutment_matrix/_pair_trials/PAIR__PINV_R0__WORDLINEDRIVER_MY__g0p0_drc/PAIR__PINV_R0__WORDLINEDRIVER_MY__g0p0.lyrdb
PINV,R0,WORDLINEDRIVER,MY,0.0025,True,28,False,True,True,False,drc_marker_count=28,outputs/PROJECT_decoder_gate_abutment_matrix/_pair_trials/PAIR__PINV_R0__WORDLINEDRIVER_MY__g0p0025.gds,332eec930b1c6c320970b89eb5298933427568c08ea467c560ca40f30dad38ea,outputs/PROJECT_decoder_gate_abutment_matrix/_pair_trials/PAIR__PINV_R0__WORDLINEDRIVER_MY__g0p0025_drc/PAIR__PINV_R0__WORDLINEDRIVER_MY__g0p0025.lyrdb
PINV,R0,WORDLINEDRIVER,MY,0.07,True,81,False,True,True,False,drc_marker_count=81,outputs/PROJECT_decoder_gate_abutment_matrix/_pair_trials/PAIR__PINV_R0__WORDLINEDRIVER_MY__g0p07.gds,1f976ab9f36345b267cc73130726a7e336f2ce2d85be02a072c743995b349657,outputs/PROJECT_decoder_gate_abutment_matrix/_pair_trials/PAIR__PINV_R0__WORDLINEDRIVER_MY__g0p07_drc/PAIR__PINV_R0__WORDLINEDRIVER_MY__g0p07.lyrdb
PINV,R0,WORDLINEDRIVER,MY,0.14,True,29,False,True,True,False,drc_marker_count=29,outputs/PROJECT_decoder_gate_abutment_matrix/_pair_trials/PAIR__PINV_R0__WORDLINEDRIVER_MY__g0p14.gds,779fa78b08cb38af8b73e1516c91321add7f3ca45318481b2f34b0278a049354,outputs/PROJECT_decoder_gate_abutment_matrix/_pair_trials/PAIR__PINV_R0__WORDLINEDRIVER_MY__g0p14_drc/PAIR__PINV_R0__WORDLINEDRIVER_MY__g0p14.lyrdb
PINV,R180,PINV,R0,0.0,True,0,False,True,False,True,,outputs/PROJECT_decoder_gate_abutment_matrix/_pair_trials/PAIR__PINV_R180__PINV_R0__g0p0.gds,15c07e55c88a829d397f33006b3b0b50152ab55d37bd2f14746aa5e184fdcfa5,outputs/PROJECT_decoder_gate_abutment_matrix/_pair_trials/PAIR__PINV_R180__PINV_R0__g0p0_drc/PAIR__PINV_R180__PINV_R0__g0p0.lyrdb
PINV,R180,PINV,R0,0.0025,True,0,False,True,False,True,,outputs/PROJECT_decoder_gate_abutment_matrix/_pair_trials/PAIR__PINV_R180__PINV_R0__g0p0025.gds,481fffe60abced64386cb0ab60285d651aae8ffe056233415fbd051af7257777,outputs/PROJECT_decoder_gate_abutment_matrix/_pair_trials/PAIR__PINV_R180__PINV_R0__g0p0025_drc/PAIR__PINV_R180__PINV_R0__g0p0025.lyrdb
PINV,R180,PINV,R0,0.07,True,0,False,True,False,True,,outputs/PROJECT_decoder_gate_abutment_matrix/_pair_trials/PAIR__PINV_R180__PINV_R0__g0p07.gds,981799c273daab46c5299d32ccb0845b47f12bea036a24394c8dfda396e73059,outputs/PROJECT_decoder_gate_abutment_matrix/_pair_trials/PAIR__PINV_R180__PINV_R0__g0p07_drc/PAIR__PINV_R180__PINV_R0__g0p07.lyrdb
PINV,R180,PINV,R0,0.14,True,0,False,True,False,True,,outputs/PROJECT_decoder_gate_abutment_matrix/_pair_trials/PAIR__PINV_R180__PINV_R0__g0p14.gds,462d56d88b9b868348f2e23c53fda81a4ee3608f2a0543a1d13f1b095ca487fe,outputs/PROJECT_decoder_gate_abutment_matrix/_pair_trials/PAIR__PINV_R180__PINV_R0__g0p14_drc/PAIR__PINV_R180__PINV_R0__g0p14.lyrdb
PINV,R180,PINV,R180,0.0,True,0,False,True,False,True,,outputs/PROJECT_decoder_gate_abutment_matrix/_pair_trials/PAIR__PINV_R180__PINV_R180__g0p0.gds,181d7cca5f286205a0941172e2e93b6d78d380f496bf988323f4f9d7c207d0b3,outputs/PROJECT_decoder_gate_abutment_matrix/_pair_trials/PAIR__PINV_R180__PINV_R180__g0p0_drc/PAIR__PINV_R180__PINV_R180__g0p0.lyrdb
PINV,R180,PINV,R180,0.0025,True,1,False,True,True,False,drc_marker_count=1,outputs/PROJECT_decoder_gate_abutment_matrix/_pair_trials/PAIR__PINV_R180__PINV_R180__g0p0025.gds,3faf4829a79e97428784c9a1354dc13d3db7c1f33f1ca5ba689957ebd7374558,outputs/PROJECT_decoder_gate_abutment_matrix/_pair_trials/PAIR__PINV_R180__PINV_R180__g0p0025_drc/PAIR__PINV_R180__PINV_R180__g0p0025.lyrdb
PINV,R180,PINV,R180,0.07,True,1,False,True,True,False,drc_marker_count=1,outputs/PROJECT_decoder_gate_abutment_matrix/_pair_trials/PAIR__PINV_R180__PINV_R180__g0p07.gds,5ff164b2d24f5c65df864a9c9659abc3a9e0709924db9079e4ad5b4e70a02bc2,outputs/PROJECT_decoder_gate_abutment_matrix/_pair_trials/PAIR__PINV_R180__PINV_R180__g0p07_drc/PAIR__PINV_R180__PINV_R180__g0p07.lyrdb
PINV,R180,PINV,R180,0.14,True,1,False,True,True,False,drc_marker_count=1,outputs/PROJECT_decoder_gate_abutment_matrix/_pair_trials/PAIR__PINV_R180__PINV_R180__g0p14.gds,9dd515727af2d7fab4ae8021ba69f9ff75cfdd07e9227986d5d429beb65a4e4e,outputs/PROJECT_decoder_gate_abutment_matrix/_pair_trials/PAIR__PINV_R180__PINV_R180__g0p14_drc/PAIR__PINV_R180__PINV_R180__g0p14.lyrdb
PINV,R180,PINV,MX,0.0,False,0,False,False,False,True,,outputs/PROJECT_decoder_gate_abutment_matrix/_pair_trials/PAIR__PINV_R180__PINV_MX__g0p0.gds,38df56ec06868ff6655dcc20f1f07f8ac6540a647f2d7f42d5f5c1e702ba50c6,outputs/PROJECT_decoder_gate_abutment_matrix/_pair_trials/PAIR__PINV_R180__PINV_MX__g0p0_drc/PAIR__PINV_R180__PINV_MX__g0p0.lyrdb
PINV,R180,PINV,MX,0.0025,False,0,False,False,False,True,,outputs/PROJECT_decoder_gate_abutment_matrix/_pair_trials/PAIR__PINV_R180__PINV_MX__g0p0025.gds,fc8261cfcb696850d2588c7ff0c0517462aa48a787e3ce46c295917eb84a3f83,outputs/PROJECT_decoder_gate_abutment_matrix/_pair_trials/PAIR__PINV_R180__PINV_MX__g0p0025_drc/PAIR__PINV_R180__PINV_MX__g0p0025.lyrdb
PINV,R180,PINV,MX,0.07,False,0,False,False,False,True,,outputs/PROJECT_decoder_gate_abutment_matrix/_pair_trials/PAIR__PINV_R180__PINV_MX__g0p07.gds,5ed70562e2d97cbed6d8cca67c3eb0d3a099f16566f593ece357042e27a4692c,outputs/PROJECT_decoder_gate_abutment_matrix/_pair_trials/PAIR__PINV_R180__PINV_MX__g0p07_drc/PAIR__PINV_R180__PINV_MX__g0p07.lyrdb
PINV,R180,PINV,MX,0.14,False,0,False,False,False,True,,outputs/PROJECT_decoder_gate_abutment_matrix/_pair_trials/PAIR__PINV_R180__PINV_MX__g0p14.gds,a21aa66372cf5cd2ec67d061887e21f02bb83036a1910715c2fa96a9d5f19830,outputs/PROJECT_decoder_gate_abutment_matrix/_pair_trials/PAIR__PINV_R180__PINV_MX__g0p14_drc/PAIR__PINV_R180__PINV_MX__g0p14.lyrdb
PINV,R180,PINV,MY,0.0,True,0,False,True,False,True,,outputs/PROJECT_decoder_gate_abutment_matrix/_pair_trials/PAIR__PINV_R180__PINV_MY__g0p0.gds,e963b79f7534364d5bfe20d67dfb8eb2590a2deac0b9580e698340e2e6fcf5ba,outputs/PROJECT_decoder_gate_abutment_matrix/_pair_trials/PAIR__PINV_R180__PINV_MY__g0p0_drc/PAIR__PINV_R180__PINV_MY__g0p0.lyrdb
PINV,R180,PINV,MY,0.0025,True,1,False,True,True,False,drc_marker_count=1,outputs/PROJECT_decoder_gate_abutment_matrix/_pair_trials/PAIR__PINV_R180__PINV_MY__g0p0025.gds,24558e518e33c4b841fb7d0f175e59410b11f9639e81772b61b30d180864d0a3,outputs/PROJECT_decoder_gate_abutment_matrix/_pair_trials/PAIR__PINV_R180__PINV_MY__g0p0025_drc/PAIR__PINV_R180__PINV_MY__g0p0025.lyrdb
PINV,R180,PINV,MY,0.07,True,1,False,True,True,False,drc_marker_count=1,outputs/PROJECT_decoder_gate_abutment_matrix/_pair_trials/PAIR__PINV_R180__PINV_MY__g0p07.gds,59b69997d670cd915aae7acb7dbb16ed61b64238e88713269f7bda0697732048,outputs/PROJECT_decoder_gate_abutment_matrix/_pair_trials/PAIR__PINV_R180__PINV_MY__g0p07_drc/PAIR__PINV_R180__PINV_MY__g0p07.lyrdb
PINV,R180,PINV,MY,0.14,True,1,False,True,True,False,drc_marker_count=1,outputs/PROJECT_decoder_gate_abutment_matrix/_pair_trials/PAIR__PINV_R180__PINV_MY__g0p14.gds,c6367343bc123afae6265e4a0177f9177595fefad6f644636326cb65508c0522,outputs/PROJECT_decoder_gate_abutment_matrix/_pair_trials/PAIR__PINV_R180__PINV_MY__g0p14_drc/PAIR__PINV_R180__PINV_MY__g0p14.lyrdb
PINV,R180,PNAND2,R0,0.0,True,0,False,True,False,True,,outputs/PROJECT_decoder_gate_abutment_matrix/_pair_trials/PAIR__PINV_R180__PNAND2_R0__g0p0.gds,853634d8c8d98360a2b23d2f817623ec82c71baed64cc554ab31ab754d7692b9,outputs/PROJECT_decoder_gate_abutment_matrix/_pair_trials/PAIR__PINV_R180__PNAND2_R0__g0p0_drc/PAIR__PINV_R180__PNAND2_R0__g0p0.lyrdb
PINV,R180,PNAND2,R0,0.0025,True,0,False,True,False,True,,outputs/PROJECT_decoder_gate_abutment_matrix/_pair_trials/PAIR__PINV_R180__PNAND2_R0__g0p0025.gds,ef881299dc0f35c09008e95200ed26ed5f6dc9bfe1473f7a61650b699d70f0a0,outputs/PROJECT_decoder_gate_abutment_matrix/_pair_trials/PAIR__PINV_R180__PNAND2_R0__g0p0025_drc/PAIR__PINV_R180__PNAND2_R0__g0p0025.lyrdb
PINV,R180,PNAND2,R0,0.07,True,0,False,True,False,True,,outputs/PROJECT_decoder_gate_abutment_matrix/_pair_trials/PAIR__PINV_R180__PNAND2_R0__g0p07.gds,076a529b5bb7f1ff5913b7884673e16b9bfc6579da06ff5fa8b3515b864a808e,outputs/PROJECT_decoder_gate_abutment_matrix/_pair_trials/PAIR__PINV_R180__PNAND2_R0__g0p07_drc/PAIR__PINV_R180__PNAND2_R0__g0p07.lyrdb
PINV,R180,PNAND2,R0,0.14,True,0,False,True,False,True,,outputs/PROJECT_decoder_gate_abutment_matrix/_pair_trials/PAIR__PINV_R180__PNAND2_R0__g0p14.gds,46912be77aec7d5b7f6daf325516c17b720407e1d3ba08e51e4eecec5359e0d0,outputs/PROJECT_decoder_gate_abutment_matrix/_pair_trials/PAIR__PINV_R180__PNAND2_R0__g0p14_drc/PAIR__PINV_R180__PNAND2_R0__g0p14.lyrdb
PINV,R180,PNAND2,R180,0.0,True,0,False,True,False,True,,outputs/PROJECT_decoder_gate_abutment_matrix/_pair_trials/PAIR__PINV_R180__PNAND2_R180__g0p0.gds,608c76726a1495dd5f0ede99c52e6c680a8b237c8e9ce9b9faf144841417af0f,outputs/PROJECT_decoder_gate_abutment_matrix/_pair_trials/PAIR__PINV_R180__PNAND2_R180__g0p0_drc/PAIR__PINV_R180__PNAND2_R180__g0p0.lyrdb
PINV,R180,PNAND2,R180,0.0025,True,0,False,True,False,True,,outputs/PROJECT_decoder_gate_abutment_matrix/_pair_trials/PAIR__PINV_R180__PNAND2_R180__g0p0025.gds,4a1cd9bec1cebf78967f100f0d102c152f4b76caed1f5849c4b9aaf3048042a8,outputs/PROJECT_decoder_gate_abutment_matrix/_pair_trials/PAIR__PINV_R180__PNAND2_R180__g0p0025_drc/PAIR__PINV_R180__PNAND2_R180__g0p0025.lyrdb
PINV,R180,PNAND2,R180,0.07,True,0,False,True,False,True,,outputs/PROJECT_decoder_gate_abutment_matrix/_pair_trials/PAIR__PINV_R180__PNAND2_R180__g0p07.gds,b3e0faadffca090399cd82e475fc33341d254cec54352076cee9c9913ba213e2,outputs/PROJECT_decoder_gate_abutment_matrix/_pair_trials/PAIR__PINV_R180__PNAND2_R180__g0p07_drc/PAIR__PINV_R180__PNAND2_R180__g0p07.lyrdb
PINV,R180,PNAND2,R180,0.14,True,8,False,True,True,False,drc_marker_count=8,outputs/PROJECT_decoder_gate_abutment_matrix/_pair_trials/PAIR__PINV_R180__PNAND2_R180__g0p14.gds,e9ed17d7b1e7ace86ffc2809ade79f1a3d3284f7f07528cb84a1d5be6fc3ed47,outputs/PROJECT_decoder_gate_abutment_matrix/_pair_trials/PAIR__PINV_R180__PNAND2_R180__g0p14_drc/PAIR__PINV_R180__PNAND2_R180__g0p14.lyrdb
PINV,R180,PNAND2,MX,0.0,False,0,False,False,False,True,,outputs/PROJECT_decoder_gate_abutment_matrix/_pair_trials/PAIR__PINV_R180__PNAND2_MX__g0p0.gds,71c653cee770f4d7e0269a894806925f906969f7ac28e2e6e8ffeca0f2fba11f,outputs/PROJECT_decoder_gate_abutment_matrix/_pair_trials/PAIR__PINV_R180__PNAND2_MX__g0p0_drc/PAIR__PINV_R180__PNAND2_MX__g0p0.lyrdb
PINV,R180,PNAND2,MX,0.0025,False,0,False,False,False,True,,outputs/PROJECT_decoder_gate_abutment_matrix/_pair_trials/PAIR__PINV_R180__PNAND2_MX__g0p0025.gds,001eb4518719e9547097a113265fe3bdfb9e3597a5cbef00503d3af76a2f68b2,outputs/PROJECT_decoder_gate_abutment_matrix/_pair_trials/PAIR__PINV_R180__PNAND2_MX__g0p0025_drc/PAIR__PINV_R180__PNAND2_MX__g0p0025.lyrdb
PINV,R180,PNAND2,MX,0.07,False,0,False,False,False,True,,outputs/PROJECT_decoder_gate_abutment_matrix/_pair_trials/PAIR__PINV_R180__PNAND2_MX__g0p07.gds,a52dd77f2bca96949cb67554e00cd6c47e23828040b9a8b5fcd9d49f9cae074c,outputs/PROJECT_decoder_gate_abutment_matrix/_pair_trials/PAIR__PINV_R180__PNAND2_MX__g0p07_drc/PAIR__PINV_R180__PNAND2_MX__g0p07.lyrdb
PINV,R180,PNAND2,MX,0.14,False,0,False,False,False,True,,outputs/PROJECT_decoder_gate_abutment_matrix/_pair_trials/PAIR__PINV_R180__PNAND2_MX__g0p14.gds,8fb7bdc769eb9d4fec001b0024186844127cdd2ee839e3123cc3dc21cb773b5e,outputs/PROJECT_decoder_gate_abutment_matrix/_pair_trials/PAIR__PINV_R180__PNAND2_MX__g0p14_drc/PAIR__PINV_R180__PNAND2_MX__g0p14.lyrdb
PINV,R180,PNAND2,MY,0.0,True,0,False,True,False,True,,outputs/PROJECT_decoder_gate_abutment_matrix/_pair_trials/PAIR__PINV_R180__PNAND2_MY__g0p0.gds,0c4791c888a98da92d3f9ca8c195c06376033b103360b7176864bb271a605ffa,outputs/PROJECT_decoder_gate_abutment_matrix/_pair_trials/PAIR__PINV_R180__PNAND2_MY__g0p0_drc/PAIR__PINV_R180__PNAND2_MY__g0p0.lyrdb
PINV,R180,PNAND2,MY,0.0025,True,0,False,True,False,True,,outputs/PROJECT_decoder_gate_abutment_matrix/_pair_trials/PAIR__PINV_R180__PNAND2_MY__g0p0025.gds,510c5f50aaf67b10f14da8a707e5c1c7713f6fe60267ac8b6bc5ee70ab3bc24a,outputs/PROJECT_decoder_gate_abutment_matrix/_pair_trials/PAIR__PINV_R180__PNAND2_MY__g0p0025_drc/PAIR__PINV_R180__PNAND2_MY__g0p0025.lyrdb
PINV,R180,PNAND2,MY,0.07,True,0,False,True,False,True,,outputs/PROJECT_decoder_gate_abutment_matrix/_pair_trials/PAIR__PINV_R180__PNAND2_MY__g0p07.gds,0e6b9d5cc4c3ef8a2b7740b50fbd76570ed8aed5fbbc7d65c7dba269f3cea80b,outputs/PROJECT_decoder_gate_abutment_matrix/_pair_trials/PAIR__PINV_R180__PNAND2_MY__g0p07_drc/PAIR__PINV_R180__PNAND2_MY__g0p07.lyrdb
PINV,R180,PNAND2,MY,0.14,True,4,False,True,True,False,drc_marker_count=4,outputs/PROJECT_decoder_gate_abutment_matrix/_pair_trials/PAIR__PINV_R180__PNAND2_MY__g0p14.gds,fa1416bd04af13ec911337e2609e17ff556020ffc1c60bb629925fb2f43d6602,outputs/PROJECT_decoder_gate_abutment_matrix/_pair_trials/PAIR__PINV_R180__PNAND2_MY__g0p14_drc/PAIR__PINV_R180__PNAND2_MY__g0p14.lyrdb
PINV,R180,PNAND3,R0,0.0,True,0,False,True,False,True,,outputs/PROJECT_decoder_gate_abutment_matrix/_pair_trials/PAIR__PINV_R180__PNAND3_R0__g0p0.gds,04d565b9447fbc380915a3105e23cc8812786c7b7ae8dc517e2e3100fd4f585f,outputs/PROJECT_decoder_gate_abutment_matrix/_pair_trials/PAIR__PINV_R180__PNAND3_R0__g0p0_drc/PAIR__PINV_R180__PNAND3_R0__g0p0.lyrdb
PINV,R180,PNAND3,R0,0.0025,True,0,False,True,False,True,,outputs/PROJECT_decoder_gate_abutment_matrix/_pair_trials/PAIR__PINV_R180__PNAND3_R0__g0p0025.gds,5ac2a2ae85af363821cf1d3bed298ccb52416f6fb984fa9e068ac569d31c7392,outputs/PROJECT_decoder_gate_abutment_matrix/_pair_trials/PAIR__PINV_R180__PNAND3_R0__g0p0025_drc/PAIR__PINV_R180__PNAND3_R0__g0p0025.lyrdb
PINV,R180,PNAND3,R0,0.07,True,0,False,True,False,True,,outputs/PROJECT_decoder_gate_abutment_matrix/_pair_trials/PAIR__PINV_R180__PNAND3_R0__g0p07.gds,2cc32792e78f77e4fb88b895f15cc7f2feda0632017b2f2d96ebe987da07d292,outputs/PROJECT_decoder_gate_abutment_matrix/_pair_trials/PAIR__PINV_R180__PNAND3_R0__g0p07_drc/PAIR__PINV_R180__PNAND3_R0__g0p07.lyrdb
PINV,R180,PNAND3,R0,0.14,True,0,False,True,False,True,,outputs/PROJECT_decoder_gate_abutment_matrix/_pair_trials/PAIR__PINV_R180__PNAND3_R0__g0p14.gds,d0230f7ade968b3cadc4010a0f79c814a70e8a42235710d5c322ede993687583,outputs/PROJECT_decoder_gate_abutment_matrix/_pair_trials/PAIR__PINV_R180__PNAND3_R0__g0p14_drc/PAIR__PINV_R180__PNAND3_R0__g0p14.lyrdb
PINV,R180,PNAND3,R180,0.0,True,24,False,True,True,False,drc_marker_count=24,outputs/PROJECT_decoder_gate_abutment_matrix/_pair_trials/PAIR__PINV_R180__PNAND3_R180__g0p0.gds,bcc7a7063d32b6cb2f297aa178e1696a56ba660112fc52a3e67994a96e219c34,outputs/PROJECT_decoder_gate_abutment_matrix/_pair_trials/PAIR__PINV_R180__PNAND3_R180__g0p0_drc/PAIR__PINV_R180__PNAND3_R180__g0p0.lyrdb
PINV,R180,PNAND3,R180,0.0025,True,24,False,True,True,False,drc_marker_count=24,outputs/PROJECT_decoder_gate_abutment_matrix/_pair_trials/PAIR__PINV_R180__PNAND3_R180__g0p0025.gds,7d3db91a64a1d8291ca109713c2322c3214c9d5b1962db4469b717c8dc42a252,outputs/PROJECT_decoder_gate_abutment_matrix/_pair_trials/PAIR__PINV_R180__PNAND3_R180__g0p0025_drc/PAIR__PINV_R180__PNAND3_R180__g0p0025.lyrdb
PINV,R180,PNAND3,R180,0.07,True,26,False,True,True,False,drc_marker_count=26,outputs/PROJECT_decoder_gate_abutment_matrix/_pair_trials/PAIR__PINV_R180__PNAND3_R180__g0p07.gds,b6437f9f53d426b27f440ded82755a59c042e8858e32e431dbc329f9dfee8582,outputs/PROJECT_decoder_gate_abutment_matrix/_pair_trials/PAIR__PINV_R180__PNAND3_R180__g0p07_drc/PAIR__PINV_R180__PNAND3_R180__g0p07.lyrdb
PINV,R180,PNAND3,R180,0.14,True,7,False,True,True,False,drc_marker_count=7,outputs/PROJECT_decoder_gate_abutment_matrix/_pair_trials/PAIR__PINV_R180__PNAND3_R180__g0p14.gds,ea81791e4cab69331f55cd949e51ac334a3f3a2cd35c8a6bd7e3e72f175c6e34,outputs/PROJECT_decoder_gate_abutment_matrix/_pair_trials/PAIR__PINV_R180__PNAND3_R180__g0p14_drc/PAIR__PINV_R180__PNAND3_R180__g0p14.lyrdb
PINV,R180,PNAND3,MX,0.0,False,0,False,False,False,True,,outputs/PROJECT_decoder_gate_abutment_matrix/_pair_trials/PAIR__PINV_R180__PNAND3_MX__g0p0.gds,607abe85f644db9b91553ff385a2ef557ad67d95639a3813fb1015149f7f42a5,outputs/PROJECT_decoder_gate_abutment_matrix/_pair_trials/PAIR__PINV_R180__PNAND3_MX__g0p0_drc/PAIR__PINV_R180__PNAND3_MX__g0p0.lyrdb
PINV,R180,PNAND3,MX,0.0025,False,0,False,False,False,True,,outputs/PROJECT_decoder_gate_abutment_matrix/_pair_trials/PAIR__PINV_R180__PNAND3_MX__g0p0025.gds,3bcc163605269696d74801948a7d66cfb44d5d4a822e1942880a965e701a39e7,outputs/PROJECT_decoder_gate_abutment_matrix/_pair_trials/PAIR__PINV_R180__PNAND3_MX__g0p0025_drc/PAIR__PINV_R180__PNAND3_MX__g0p0025.lyrdb
PINV,R180,PNAND3,MX,0.07,False,0,False,False,False,True,,outputs/PROJECT_decoder_gate_abutment_matrix/_pair_trials/PAIR__PINV_R180__PNAND3_MX__g0p07.gds,c04875d74700e61158f8d6c4386a5e7478196abe441c12eb8fa00b868c56bcb0,outputs/PROJECT_decoder_gate_abutment_matrix/_pair_trials/PAIR__PINV_R180__PNAND3_MX__g0p07_drc/PAIR__PINV_R180__PNAND3_MX__g0p07.lyrdb
PINV,R180,PNAND3,MX,0.14,False,0,False,False,False,True,,outputs/PROJECT_decoder_gate_abutment_matrix/_pair_trials/PAIR__PINV_R180__PNAND3_MX__g0p14.gds,a9e8ee6ceebf31ecf53eaa8ec605b614da6c7cd94cad60f66d5614a1bc5e57e9,outputs/PROJECT_decoder_gate_abutment_matrix/_pair_trials/PAIR__PINV_R180__PNAND3_MX__g0p14_drc/PAIR__PINV_R180__PNAND3_MX__g0p14.lyrdb
PINV,R180,PNAND3,MY,0.0,True,0,False,True,False,True,,outputs/PROJECT_decoder_gate_abutment_matrix/_pair_trials/PAIR__PINV_R180__PNAND3_MY__g0p0.gds,74394cad5570ba9bd3bc10b49d2bd443601c5d361cc379672e42d5e0597d6a02,outputs/PROJECT_decoder_gate_abutment_matrix/_pair_trials/PAIR__PINV_R180__PNAND3_MY__g0p0_drc/PAIR__PINV_R180__PNAND3_MY__g0p0.lyrdb
PINV,R180,PNAND3,MY,0.0025,True,0,False,True,False,True,,outputs/PROJECT_decoder_gate_abutment_matrix/_pair_trials/PAIR__PINV_R180__PNAND3_MY__g0p0025.gds,615789d4f7576628a1247cf64180f28d31935d2a70f7f9a8214649bc5dcb7413,outputs/PROJECT_decoder_gate_abutment_matrix/_pair_trials/PAIR__PINV_R180__PNAND3_MY__g0p0025_drc/PAIR__PINV_R180__PNAND3_MY__g0p0025.lyrdb
PINV,R180,PNAND3,MY,0.07,True,0,False,True,False,True,,outputs/PROJECT_decoder_gate_abutment_matrix/_pair_trials/PAIR__PINV_R180__PNAND3_MY__g0p07.gds,7623f9a0dfc690809baa0e744a8cd8664ed04ebb8a3e98795c68867fce9bd889,outputs/PROJECT_decoder_gate_abutment_matrix/_pair_trials/PAIR__PINV_R180__PNAND3_MY__g0p07_drc/PAIR__PINV_R180__PNAND3_MY__g0p07.lyrdb
PINV,R180,PNAND3,MY,0.14,True,0,False,True,False,True,,outputs/PROJECT_decoder_gate_abutment_matrix/_pair_trials/PAIR__PINV_R180__PNAND3_MY__g0p14.gds,cfd11b1c7db5c483186e334a6f7afec0ae4615e95d57863f9a5c1a38ee221320,outputs/PROJECT_decoder_gate_abutment_matrix/_pair_trials/PAIR__PINV_R180__PNAND3_MY__g0p14_drc/PAIR__PINV_R180__PNAND3_MY__g0p14.lyrdb
PINV,R180,AND2,R0,0.0,True,0,False,True,False,True,,outputs/PROJECT_decoder_gate_abutment_matrix/_pair_trials/PAIR__PINV_R180__AND2_R0__g0p0.gds,f1bdff71de025dd86a3f109cb3dd7ff8a228a6ee8273ffbfc7817a80217feb75,outputs/PROJECT_decoder_gate_abutment_matrix/_pair_trials/PAIR__PINV_R180__AND2_R0__g0p0_drc/PAIR__PINV_R180__AND2_R0__g0p0.lyrdb
PINV,R180,AND2,R0,0.0025,True,0,False,True,False,True,,outputs/PROJECT_decoder_gate_abutment_matrix/_pair_trials/PAIR__PINV_R180__AND2_R0__g0p0025.gds,e8ce268e83269caa429042c32c956d948281eb2517b8bc9dff1fd1e08611ec5e,outputs/PROJECT_decoder_gate_abutment_matrix/_pair_trials/PAIR__PINV_R180__AND2_R0__g0p0025_drc/PAIR__PINV_R180__AND2_R0__g0p0025.lyrdb
PINV,R180,AND2,R0,0.07,True,0,False,True,False,True,,outputs/PROJECT_decoder_gate_abutment_matrix/_pair_trials/PAIR__PINV_R180__AND2_R0__g0p07.gds,cbc8981a7cf8efc13c055208aa651b2d7b3ec2db99fe49969fe82c8180ed8e3a,outputs/PROJECT_decoder_gate_abutment_matrix/_pair_trials/PAIR__PINV_R180__AND2_R0__g0p07_drc/PAIR__PINV_R180__AND2_R0__g0p07.lyrdb
PINV,R180,AND2,R0,0.14,True,0,False,True,False,True,,outputs/PROJECT_decoder_gate_abutment_matrix/_pair_trials/PAIR__PINV_R180__AND2_R0__g0p14.gds,b67517d3defcae4951e4c75d72e57b6e91d09d7d1d840022a57e6efa428a27bc,outputs/PROJECT_decoder_gate_abutment_matrix/_pair_trials/PAIR__PINV_R180__AND2_R0__g0p14_drc/PAIR__PINV_R180__AND2_R0__g0p14.lyrdb
PINV,R180,AND2,R180,0.0,True,86,False,True,True,False,drc_marker_count=86,outputs/PROJECT_decoder_gate_abutment_matrix/_pair_trials/PAIR__PINV_R180__AND2_R180__g0p0.gds,28a3fcb69483248824bdc18c2bcf49cb21cc83ad60cd36e4a85d62c4d69f3506,outputs/PROJECT_decoder_gate_abutment_matrix/_pair_trials/PAIR__PINV_R180__AND2_R180__g0p0_drc/PAIR__PINV_R180__AND2_R180__g0p0.lyrdb
PINV,R180,AND2,R180,0.0025,True,76,False,True,True,False,drc_marker_count=76,outputs/PROJECT_decoder_gate_abutment_matrix/_pair_trials/PAIR__PINV_R180__AND2_R180__g0p0025.gds,f42cd84d1a90d45549d426df7f21005bca835545707d938861d3cb644e855605,outputs/PROJECT_decoder_gate_abutment_matrix/_pair_trials/PAIR__PINV_R180__AND2_R180__g0p0025_drc/PAIR__PINV_R180__AND2_R180__g0p0025.lyrdb
PINV,R180,AND2,R180,0.07,True,42,False,True,True,False,drc_marker_count=42,outputs/PROJECT_decoder_gate_abutment_matrix/_pair_trials/PAIR__PINV_R180__AND2_R180__g0p07.gds,ffd90e50742735ae4638364e7b72a7708afbe5ac7c40aab3ee0d810f3c6c4c2d,outputs/PROJECT_decoder_gate_abutment_matrix/_pair_trials/PAIR__PINV_R180__AND2_R180__g0p07_drc/PAIR__PINV_R180__AND2_R180__g0p07.lyrdb
PINV,R180,AND2,R180,0.14,True,37,False,True,True,False,drc_marker_count=37,outputs/PROJECT_decoder_gate_abutment_matrix/_pair_trials/PAIR__PINV_R180__AND2_R180__g0p14.gds,2f412042912818ae30938e4e2a0a9a8e9d243da3c258537f00cb9900e6aee62f,outputs/PROJECT_decoder_gate_abutment_matrix/_pair_trials/PAIR__PINV_R180__AND2_R180__g0p14_drc/PAIR__PINV_R180__AND2_R180__g0p14.lyrdb
PINV,R180,AND2,MX,0.0,False,0,False,False,False,True,,outputs/PROJECT_decoder_gate_abutment_matrix/_pair_trials/PAIR__PINV_R180__AND2_MX__g0p0.gds,7b75b4f26ddd9464f690466a0044455c7dd874436b0711e56c407fd47a4f8365,outputs/PROJECT_decoder_gate_abutment_matrix/_pair_trials/PAIR__PINV_R180__AND2_MX__g0p0_drc/PAIR__PINV_R180__AND2_MX__g0p0.lyrdb
PINV,R180,AND2,MX,0.0025,False,0,False,False,False,True,,outputs/PROJECT_decoder_gate_abutment_matrix/_pair_trials/PAIR__PINV_R180__AND2_MX__g0p0025.gds,b109d16efd312f45426ad0b43b57f4d2ad3de7ca361329fa3df83f5cbec095b4,outputs/PROJECT_decoder_gate_abutment_matrix/_pair_trials/PAIR__PINV_R180__AND2_MX__g0p0025_drc/PAIR__PINV_R180__AND2_MX__g0p0025.lyrdb
PINV,R180,AND2,MX,0.07,False,0,False,False,False,True,,outputs/PROJECT_decoder_gate_abutment_matrix/_pair_trials/PAIR__PINV_R180__AND2_MX__g0p07.gds,385c5f1e3eb678bdc486fdd01464b6decc584824c5734c3b1bb2ef6ecc8d7d8d,outputs/PROJECT_decoder_gate_abutment_matrix/_pair_trials/PAIR__PINV_R180__AND2_MX__g0p07_drc/PAIR__PINV_R180__AND2_MX__g0p07.lyrdb
PINV,R180,AND2,MX,0.14,False,0,False,False,False,True,,outputs/PROJECT_decoder_gate_abutment_matrix/_pair_trials/PAIR__PINV_R180__AND2_MX__g0p14.gds,67ecda46023507a12c77b4e2bf6e89eb4ca01e3c6f2452b7af6b9a2948daba1d,outputs/PROJECT_decoder_gate_abutment_matrix/_pair_trials/PAIR__PINV_R180__AND2_MX__g0p14_drc/PAIR__PINV_R180__AND2_MX__g0p14.lyrdb
PINV,R180,AND2,MY,0.0,True,0,False,True,False,True,,outputs/PROJECT_decoder_gate_abutment_matrix/_pair_trials/PAIR__PINV_R180__AND2_MY__g0p0.gds,9e2567b4210869971a4e6bd4ac7d158c6adbc2a7c72aae50148c737044b07410,outputs/PROJECT_decoder_gate_abutment_matrix/_pair_trials/PAIR__PINV_R180__AND2_MY__g0p0_drc/PAIR__PINV_R180__AND2_MY__g0p0.lyrdb
PINV,R180,AND2,MY,0.0025,True,0,False,True,False,True,,outputs/PROJECT_decoder_gate_abutment_matrix/_pair_trials/PAIR__PINV_R180__AND2_MY__g0p0025.gds,8e546e39d47578227607c44bc8084c97f350b9ba4552b6177c42737976aa0936,outputs/PROJECT_decoder_gate_abutment_matrix/_pair_trials/PAIR__PINV_R180__AND2_MY__g0p0025_drc/PAIR__PINV_R180__AND2_MY__g0p0025.lyrdb
PINV,R180,AND2,MY,0.07,True,0,False,True,False,True,,outputs/PROJECT_decoder_gate_abutment_matrix/_pair_trials/PAIR__PINV_R180__AND2_MY__g0p07.gds,d5b7256658dcd06623887ad487a1cc536d4f218cbd351cfa20b797b60c7940a8,outputs/PROJECT_decoder_gate_abutment_matrix/_pair_trials/PAIR__PINV_R180__AND2_MY__g0p07_drc/PAIR__PINV_R180__AND2_MY__g0p07.lyrdb
PINV,R180,AND2,MY,0.14,True,0,False,True,False,True,,outputs/PROJECT_decoder_gate_abutment_matrix/_pair_trials/PAIR__PINV_R180__AND2_MY__g0p14.gds,1ad6cba62304648a45e48d7a42814ca05dea4ed5846a0a43b58167d3a5546e71,outputs/PROJECT_decoder_gate_abutment_matrix/_pair_trials/PAIR__PINV_R180__AND2_MY__g0p14_drc/PAIR__PINV_R180__AND2_MY__g0p14.lyrdb
PINV,R180,AND3,R0,0.0,True,0,False,True,False,True,,outputs/PROJECT_decoder_gate_abutment_matrix/_pair_trials/PAIR__PINV_R180__AND3_R0__g0p0.gds,973a299b31b7b8e4eff496597ae572df0ad59358a7aaf702f02bb3023a7e1d8b,outputs/PROJECT_decoder_gate_abutment_matrix/_pair_trials/PAIR__PINV_R180__AND3_R0__g0p0_drc/PAIR__PINV_R180__AND3_R0__g0p0.lyrdb
PINV,R180,AND3,R0,0.0025,True,0,False,True,False,True,,outputs/PROJECT_decoder_gate_abutment_matrix/_pair_trials/PAIR__PINV_R180__AND3_R0__g0p0025.gds,c358ed676df45d04bf893b5fd61959f9c08f436aa2406876d43f6b7278a1b03d,outputs/PROJECT_decoder_gate_abutment_matrix/_pair_trials/PAIR__PINV_R180__AND3_R0__g0p0025_drc/PAIR__PINV_R180__AND3_R0__g0p0025.lyrdb
PINV,R180,AND3,R0,0.07,True,0,False,True,False,True,,outputs/PROJECT_decoder_gate_abutment_matrix/_pair_trials/PAIR__PINV_R180__AND3_R0__g0p07.gds,3672a02ef53e72fa1458af8a478ef717cb7e14ddf5ff79458531b55171f64e1d,outputs/PROJECT_decoder_gate_abutment_matrix/_pair_trials/PAIR__PINV_R180__AND3_R0__g0p07_drc/PAIR__PINV_R180__AND3_R0__g0p07.lyrdb
PINV,R180,AND3,R0,0.14,True,0,False,True,False,True,,outputs/PROJECT_decoder_gate_abutment_matrix/_pair_trials/PAIR__PINV_R180__AND3_R0__g0p14.gds,1673622b99335d5694899ff03470266d0707c890ec0b8ed2668045052beea9ca,outputs/PROJECT_decoder_gate_abutment_matrix/_pair_trials/PAIR__PINV_R180__AND3_R0__g0p14_drc/PAIR__PINV_R180__AND3_R0__g0p14.lyrdb
PINV,R180,AND3,R180,0.0,True,68,False,True,True,False,drc_marker_count=68,outputs/PROJECT_decoder_gate_abutment_matrix/_pair_trials/PAIR__PINV_R180__AND3_R180__g0p0.gds,37ea192c692567805a0cce5f26d1b7b221c8017cd421d6e1befeef9457769e9f,outputs/PROJECT_decoder_gate_abutment_matrix/_pair_trials/PAIR__PINV_R180__AND3_R180__g0p0_drc/PAIR__PINV_R180__AND3_R180__g0p0.lyrdb
PINV,R180,AND3,R180,0.0025,True,53,False,True,True,False,drc_marker_count=53,outputs/PROJECT_decoder_gate_abutment_matrix/_pair_trials/PAIR__PINV_R180__AND3_R180__g0p0025.gds,95d6bc73ec95e142e7d6d6680b54cc1bb920ba4e998eb9268f05d525f92993f6,outputs/PROJECT_decoder_gate_abutment_matrix/_pair_trials/PAIR__PINV_R180__AND3_R180__g0p0025_drc/PAIR__PINV_R180__AND3_R180__g0p0025.lyrdb
PINV,R180,AND3,R180,0.07,True,52,False,True,True,False,drc_marker_count=52,outputs/PROJECT_decoder_gate_abutment_matrix/_pair_trials/PAIR__PINV_R180__AND3_R180__g0p07.gds,fcdca2b3444bbf381790897a23074941d6aadf908918869b30654c726f9de1f5,outputs/PROJECT_decoder_gate_abutment_matrix/_pair_trials/PAIR__PINV_R180__AND3_R180__g0p07_drc/PAIR__PINV_R180__AND3_R180__g0p07.lyrdb
PINV,R180,AND3,R180,0.14,True,47,False,True,True,False,drc_marker_count=47,outputs/PROJECT_decoder_gate_abutment_matrix/_pair_trials/PAIR__PINV_R180__AND3_R180__g0p14.gds,a0352c626458690552108734b82bdeedcac94dd45c3c107d46a54ee63bd3d78b,outputs/PROJECT_decoder_gate_abutment_matrix/_pair_trials/PAIR__PINV_R180__AND3_R180__g0p14_drc/PAIR__PINV_R180__AND3_R180__g0p14.lyrdb
PINV,R180,AND3,MX,0.0,False,0,False,False,False,True,,outputs/PROJECT_decoder_gate_abutment_matrix/_pair_trials/PAIR__PINV_R180__AND3_MX__g0p0.gds,2d9a459d11458aa59a800868a70698e08dbe163d95cbea9ff03b53f7d11d0bed,outputs/PROJECT_decoder_gate_abutment_matrix/_pair_trials/PAIR__PINV_R180__AND3_MX__g0p0_drc/PAIR__PINV_R180__AND3_MX__g0p0.lyrdb
PINV,R180,AND3,MX,0.0025,False,0,False,False,False,True,,outputs/PROJECT_decoder_gate_abutment_matrix/_pair_trials/PAIR__PINV_R180__AND3_MX__g0p0025.gds,98bc81ec887dd706ca78735860e0b0c09f0fd8e493e3573ad78eae8e0a2c9dad,outputs/PROJECT_decoder_gate_abutment_matrix/_pair_trials/PAIR__PINV_R180__AND3_MX__g0p0025_drc/PAIR__PINV_R180__AND3_MX__g0p0025.lyrdb
PINV,R180,AND3,MX,0.07,False,0,False,False,False,True,,outputs/PROJECT_decoder_gate_abutment_matrix/_pair_trials/PAIR__PINV_R180__AND3_MX__g0p07.gds,a5152ba7a69dd85c9e34fd85a3a45efd3dc57e66b7cb3ed78315be37f35e8588,outputs/PROJECT_decoder_gate_abutment_matrix/_pair_trials/PAIR__PINV_R180__AND3_MX__g0p07_drc/PAIR__PINV_R180__AND3_MX__g0p07.lyrdb
PINV,R180,AND3,MX,0.14,False,0,False,False,False,True,,outputs/PROJECT_decoder_gate_abutment_matrix/_pair_trials/PAIR__PINV_R180__AND3_MX__g0p14.gds,8ec039ff8872719649532d16bcbba402f1bcca0cb47a86eb54a10b398c00b196,outputs/PROJECT_decoder_gate_abutment_matrix/_pair_trials/PAIR__PINV_R180__AND3_MX__g0p14_drc/PAIR__PINV_R180__AND3_MX__g0p14.lyrdb
PINV,R180,AND3,MY,0.0,True,0,False,True,False,True,,outputs/PROJECT_decoder_gate_abutment_matrix/_pair_trials/PAIR__PINV_R180__AND3_MY__g0p0.gds,5d2f43079b7b3bbdb85bbc6f363248d05950775cab03334c7aa6285e844b036e,outputs/PROJECT_decoder_gate_abutment_matrix/_pair_trials/PAIR__PINV_R180__AND3_MY__g0p0_drc/PAIR__PINV_R180__AND3_MY__g0p0.lyrdb
PINV,R180,AND3,MY,0.0025,True,0,False,True,False,True,,outputs/PROJECT_decoder_gate_abutment_matrix/_pair_trials/PAIR__PINV_R180__AND3_MY__g0p0025.gds,85ba5449b15cb2540979daab6ed6cfc3c19d07f414da3eea923c91d1b32b22bf,outputs/PROJECT_decoder_gate_abutment_matrix/_pair_trials/PAIR__PINV_R180__AND3_MY__g0p0025_drc/PAIR__PINV_R180__AND3_MY__g0p0025.lyrdb
PINV,R180,AND3,MY,0.07,True,0,False,True,False,True,,outputs/PROJECT_decoder_gate_abutment_matrix/_pair_trials/PAIR__PINV_R180__AND3_MY__g0p07.gds,e90a99bd2d56ef8a51d580a7362e508b346e739cfede4e2389379a772afa9bc5,outputs/PROJECT_decoder_gate_abutment_matrix/_pair_trials/PAIR__PINV_R180__AND3_MY__g0p07_drc/PAIR__PINV_R180__AND3_MY__g0p07.lyrdb
PINV,R180,AND3,MY,0.14,True,0,False,True,False,True,,outputs/PROJECT_decoder_gate_abutment_matrix/_pair_trials/PAIR__PINV_R180__AND3_MY__g0p14.gds,2efeb12885847c686a6d716994f770cc330dec4a1c07a2c7ab3be0fdeff410af,outputs/PROJECT_decoder_gate_abutment_matrix/_pair_trials/PAIR__PINV_R180__AND3_MY__g0p14_drc/PAIR__PINV_R180__AND3_MY__g0p14.lyrdb
PINV,R180,WORDLINEDRIVER,R0,0.0,True,0,False,True,False,True,,outputs/PROJECT_decoder_gate_abutment_matrix/_pair_trials/PAIR__PINV_R180__WORDLINEDRIVER_R0__g0p0.gds,77472804ff25a7437cb09b7cfc1a9453b74fd242f125f789e6d366f49cdf26f2,outputs/PROJECT_decoder_gate_abutment_matrix/_pair_trials/PAIR__PINV_R180__WORDLINEDRIVER_R0__g0p0_drc/PAIR__PINV_R180__WORDLINEDRIVER_R0__g0p0.lyrdb
PINV,R180,WORDLINEDRIVER,R0,0.0025,True,0,False,True,False,True,,outputs/PROJECT_decoder_gate_abutment_matrix/_pair_trials/PAIR__PINV_R180__WORDLINEDRIVER_R0__g0p0025.gds,45ba4439ef4ee2d650389485930db954229e534352137461da1732629ca98926,outputs/PROJECT_decoder_gate_abutment_matrix/_pair_trials/PAIR__PINV_R180__WORDLINEDRIVER_R0__g0p0025_drc/PAIR__PINV_R180__WORDLINEDRIVER_R0__g0p0025.lyrdb
PINV,R180,WORDLINEDRIVER,R0,0.07,True,0,False,True,False,True,,outputs/PROJECT_decoder_gate_abutment_matrix/_pair_trials/PAIR__PINV_R180__WORDLINEDRIVER_R0__g0p07.gds,8e87ab497878ce8777d4e6ed5832532d1bb8a42b1bf6a23ea0cb8cfe090b84cd,outputs/PROJECT_decoder_gate_abutment_matrix/_pair_trials/PAIR__PINV_R180__WORDLINEDRIVER_R0__g0p07_drc/PAIR__PINV_R180__WORDLINEDRIVER_R0__g0p07.lyrdb
PINV,R180,WORDLINEDRIVER,R0,0.14,True,0,False,True,False,True,,outputs/PROJECT_decoder_gate_abutment_matrix/_pair_trials/PAIR__PINV_R180__WORDLINEDRIVER_R0__g0p14.gds,ee2e2482c52b4a26ef1b62162058225b77b2ef31a89f052a72a0b40cabaaecec,outputs/PROJECT_decoder_gate_abutment_matrix/_pair_trials/PAIR__PINV_R180__WORDLINEDRIVER_R0__g0p14_drc/PAIR__PINV_R180__WORDLINEDRIVER_R0__g0p14.lyrdb
PINV,R180,WORDLINEDRIVER,R180,0.0,True,32,False,True,True,False,drc_marker_count=32,outputs/PROJECT_decoder_gate_abutment_matrix/_pair_trials/PAIR__PINV_R180__WORDLINEDRIVER_R180__g0p0.gds,c808e3eb3f9a2a0010a2fe7a959d82d944c56f046dd8f30a1e8983d0d8175995,outputs/PROJECT_decoder_gate_abutment_matrix/_pair_trials/PAIR__PINV_R180__WORDLINEDRIVER_R180__g0p0_drc/PAIR__PINV_R180__WORDLINEDRIVER_R180__g0p0.lyrdb
PINV,R180,WORDLINEDRIVER,R180,0.0025,True,26,False,True,True,False,drc_marker_count=26,outputs/PROJECT_decoder_gate_abutment_matrix/_pair_trials/PAIR__PINV_R180__WORDLINEDRIVER_R180__g0p0025.gds,822c43748adb3af29ec8d1690b0ac004a1e84c6288ec6effba8457a45be471a1,outputs/PROJECT_decoder_gate_abutment_matrix/_pair_trials/PAIR__PINV_R180__WORDLINEDRIVER_R180__g0p0025_drc/PAIR__PINV_R180__WORDLINEDRIVER_R180__g0p0025.lyrdb
PINV,R180,WORDLINEDRIVER,R180,0.07,True,12,False,True,True,False,drc_marker_count=12,outputs/PROJECT_decoder_gate_abutment_matrix/_pair_trials/PAIR__PINV_R180__WORDLINEDRIVER_R180__g0p07.gds,bb3e326e67b609c24fc354eb8319c5b055c543f72549e5736f4acda9055f1bc6,outputs/PROJECT_decoder_gate_abutment_matrix/_pair_trials/PAIR__PINV_R180__WORDLINEDRIVER_R180__g0p07_drc/PAIR__PINV_R180__WORDLINEDRIVER_R180__g0p07.lyrdb
PINV,R180,WORDLINEDRIVER,R180,0.14,True,10,False,True,True,False,drc_marker_count=10,outputs/PROJECT_decoder_gate_abutment_matrix/_pair_trials/PAIR__PINV_R180__WORDLINEDRIVER_R180__g0p14.gds,582369ab8bc1afd93d135d50e6e76091b92a70a32d0b9cffdb45c04b2404aa9a,outputs/PROJECT_decoder_gate_abutment_matrix/_pair_trials/PAIR__PINV_R180__WORDLINEDRIVER_R180__g0p14_drc/PAIR__PINV_R180__WORDLINEDRIVER_R180__g0p14.lyrdb
PINV,R180,WORDLINEDRIVER,MX,0.0,False,0,False,False,False,True,,outputs/PROJECT_decoder_gate_abutment_matrix/_pair_trials/PAIR__PINV_R180__WORDLINEDRIVER_MX__g0p0.gds,f6cd613f8f4be4229dcc374aa950e50ec9fa99f104d45817e377f61256729344,outputs/PROJECT_decoder_gate_abutment_matrix/_pair_trials/PAIR__PINV_R180__WORDLINEDRIVER_MX__g0p0_drc/PAIR__PINV_R180__WORDLINEDRIVER_MX__g0p0.lyrdb
PINV,R180,WORDLINEDRIVER,MX,0.0025,False,0,False,False,False,True,,outputs/PROJECT_decoder_gate_abutment_matrix/_pair_trials/PAIR__PINV_R180__WORDLINEDRIVER_MX__g0p0025.gds,0f69e2bcf2d8f620ec2fc0ea563a5e4fdcf0b863f75cb0ac185b05f0c21a0300,outputs/PROJECT_decoder_gate_abutment_matrix/_pair_trials/PAIR__PINV_R180__WORDLINEDRIVER_MX__g0p0025_drc/PAIR__PINV_R180__WORDLINEDRIVER_MX__g0p0025.lyrdb
PINV,R180,WORDLINEDRIVER,MX,0.07,False,0,False,False,False,True,,outputs/PROJECT_decoder_gate_abutment_matrix/_pair_trials/PAIR__PINV_R180__WORDLINEDRIVER_MX__g0p07.gds,b9b4e6ede9682602f7c0798d1ed4f1d8b749f82cdc53169487397d9baa57313c,outputs/PROJECT_decoder_gate_abutment_matrix/_pair_trials/PAIR__PINV_R180__WORDLINEDRIVER_MX__g0p07_drc/PAIR__PINV_R180__WORDLINEDRIVER_MX__g0p07.lyrdb
PINV,R180,WORDLINEDRIVER,MX,0.14,False,0,False,False,False,True,,outputs/PROJECT_decoder_gate_abutment_matrix/_pair_trials/PAIR__PINV_R180__WORDLINEDRIVER_MX__g0p14.gds,c47c45db03a50ea029f6025760d4180381787c24ec2b1931bd099a31e3de968c,outputs/PROJECT_decoder_gate_abutment_matrix/_pair_trials/PAIR__PINV_R180__WORDLINEDRIVER_MX__g0p14_drc/PAIR__PINV_R180__WORDLINEDRIVER_MX__g0p14.lyrdb
PINV,R180,WORDLINEDRIVER,MY,0.0,True,0,False,True,False,True,,outputs/PROJECT_decoder_gate_abutment_matrix/_pair_trials/PAIR__PINV_R180__WORDLINEDRIVER_MY__g0p0.gds,6ece58d261a49f46d613b583199f9e8136a50580edd6e3a2143491424b0c93f5,outputs/PROJECT_decoder_gate_abutment_matrix/_pair_trials/PAIR__PINV_R180__WORDLINEDRIVER_MY__g0p0_drc/PAIR__PINV_R180__WORDLINEDRIVER_MY__g0p0.lyrdb
PINV,R180,WORDLINEDRIVER,MY,0.0025,True,0,False,True,False,True,,outputs/PROJECT_decoder_gate_abutment_matrix/_pair_trials/PAIR__PINV_R180__WORDLINEDRIVER_MY__g0p0025.gds,fd7744d521d64f46f3a7a7f46158e0cc432454ca2dce4a9162130a8ebb6b5564,outputs/PROJECT_decoder_gate_abutment_matrix/_pair_trials/PAIR__PINV_R180__WORDLINEDRIVER_MY__g0p0025_drc/PAIR__PINV_R180__WORDLINEDRIVER_MY__g0p0025.lyrdb
PINV,R180,WORDLINEDRIVER,MY,0.07,True,0,False,True,False,True,,outputs/PROJECT_decoder_gate_abutment_matrix/_pair_trials/PAIR__PINV_R180__WORDLINEDRIVER_MY__g0p07.gds,c63c4047e122b30f4e1edcd47b424ed5cf853ea9c61534f6ee7ebdee7e754a7d,outputs/PROJECT_decoder_gate_abutment_matrix/_pair_trials/PAIR__PINV_R180__WORDLINEDRIVER_MY__g0p07_drc/PAIR__PINV_R180__WORDLINEDRIVER_MY__g0p07.lyrdb
PINV,R180,WORDLINEDRIVER,MY,0.14,True,0,False,True,False,True,,outputs/PROJECT_decoder_gate_abutment_matrix/_pair_trials/PAIR__PINV_R180__WORDLINEDRIVER_MY__g0p14.gds,2c3cff48e187d68b1229b2a2eeb40f96cbaf093754194514706b2c9e4d72ce99,outputs/PROJECT_decoder_gate_abutment_matrix/_pair_trials/PAIR__PINV_R180__WORDLINEDRIVER_MY__g0p14_drc/PAIR__PINV_R180__WORDLINEDRIVER_MY__g0p14.lyrdb
PINV,MX,PINV,R0,0.0,False,0,False,False,False,True,,outputs/PROJECT_decoder_gate_abutment_matrix/_pair_trials/PAIR__PINV_MX__PINV_R0__g0p0.gds,21e2c96e05306a80fa251f237c1ec1e95cc667d37479aeff020816d373982699,outputs/PROJECT_decoder_gate_abutment_matrix/_pair_trials/PAIR__PINV_MX__PINV_R0__g0p0_drc/PAIR__PINV_MX__PINV_R0__g0p0.lyrdb
PINV,MX,PINV,R0,0.0025,False,1,False,False,True,False,drc_marker_count=1,outputs/PROJECT_decoder_gate_abutment_matrix/_pair_trials/PAIR__PINV_MX__PINV_R0__g0p0025.gds,64ab3aa179b1c82814b9830b841b1b4f5528967cb3c0260aafd6f8accdbd1d22,outputs/PROJECT_decoder_gate_abutment_matrix/_pair_trials/PAIR__PINV_MX__PINV_R0__g0p0025_drc/PAIR__PINV_MX__PINV_R0__g0p0025.lyrdb
PINV,MX,PINV,R0,0.07,False,1,False,False,True,False,drc_marker_count=1,outputs/PROJECT_decoder_gate_abutment_matrix/_pair_trials/PAIR__PINV_MX__PINV_R0__g0p07.gds,80e11d84db98b02d17e6145a7bbc9d99f77e79ef918a2d0f3b5ffe18128ff624,outputs/PROJECT_decoder_gate_abutment_matrix/_pair_trials/PAIR__PINV_MX__PINV_R0__g0p07_drc/PAIR__PINV_MX__PINV_R0__g0p07.lyrdb
PINV,MX,PINV,R0,0.14,False,1,False,False,True,False,drc_marker_count=1,outputs/PROJECT_decoder_gate_abutment_matrix/_pair_trials/PAIR__PINV_MX__PINV_R0__g0p14.gds,1bdaaebca4b2c06466afbcea790c8a68c170ac1613d8e9973f3d06b99fa35991,outputs/PROJECT_decoder_gate_abutment_matrix/_pair_trials/PAIR__PINV_MX__PINV_R0__g0p14_drc/PAIR__PINV_MX__PINV_R0__g0p14.lyrdb
PINV,MX,PINV,R180,0.0,False,24,False,False,True,False,drc_marker_count=24,outputs/PROJECT_decoder_gate_abutment_matrix/_pair_trials/PAIR__PINV_MX__PINV_R180__g0p0.gds,769d3d70a8366a9b623c62b9f445be937cba256606d721be0f313f7b17461f8b,outputs/PROJECT_decoder_gate_abutment_matrix/_pair_trials/PAIR__PINV_MX__PINV_R180__g0p0_drc/PAIR__PINV_MX__PINV_R180__g0p0.lyrdb
PINV,MX,PINV,R180,0.0025,False,27,False,False,True,False,drc_marker_count=27,outputs/PROJECT_decoder_gate_abutment_matrix/_pair_trials/PAIR__PINV_MX__PINV_R180__g0p0025.gds,9751c376f0579c11b8101a76452d7e686e76f7db11e634c3b975accf99eca534,outputs/PROJECT_decoder_gate_abutment_matrix/_pair_trials/PAIR__PINV_MX__PINV_R180__g0p0025_drc/PAIR__PINV_MX__PINV_R180__g0p0025.lyrdb
PINV,MX,PINV,R180,0.07,False,12,False,False,True,False,drc_marker_count=12,outputs/PROJECT_decoder_gate_abutment_matrix/_pair_trials/PAIR__PINV_MX__PINV_R180__g0p07.gds,9354af080316cf71a0cfb0d33066cdc75833bf60af22db88fff0c4cfded0a1f3,outputs/PROJECT_decoder_gate_abutment_matrix/_pair_trials/PAIR__PINV_MX__PINV_R180__g0p07_drc/PAIR__PINV_MX__PINV_R180__g0p07.lyrdb
PINV,MX,PINV,R180,0.14,False,22,False,False,True,False,drc_marker_count=22,outputs/PROJECT_decoder_gate_abutment_matrix/_pair_trials/PAIR__PINV_MX__PINV_R180__g0p14.gds,8b05aeeef440a26a9f1837143a23b2fcb7da62e983652ee29f35e18bb32d322c,outputs/PROJECT_decoder_gate_abutment_matrix/_pair_trials/PAIR__PINV_MX__PINV_R180__g0p14_drc/PAIR__PINV_MX__PINV_R180__g0p14.lyrdb
PINV,MX,PINV,MX,0.0,True,0,False,True,False,True,,outputs/PROJECT_decoder_gate_abutment_matrix/_pair_trials/PAIR__PINV_MX__PINV_MX__g0p0.gds,edd912be393a35eebb7897f1362b8e5ba86a958a94ea1ca0653de658fbc4f699,outputs/PROJECT_decoder_gate_abutment_matrix/_pair_trials/PAIR__PINV_MX__PINV_MX__g0p0_drc/PAIR__PINV_MX__PINV_MX__g0p0.lyrdb
PINV,MX,PINV,MX,0.0025,True,1,False,True,True,False,drc_marker_count=1,outputs/PROJECT_decoder_gate_abutment_matrix/_pair_trials/PAIR__PINV_MX__PINV_MX__g0p0025.gds,8d00a3ad3290c964591c348d62df35f2d06840139fe6708ffc14b119145f7265,outputs/PROJECT_decoder_gate_abutment_matrix/_pair_trials/PAIR__PINV_MX__PINV_MX__g0p0025_drc/PAIR__PINV_MX__PINV_MX__g0p0025.lyrdb
PINV,MX,PINV,MX,0.07,True,1,False,True,True,False,drc_marker_count=1,outputs/PROJECT_decoder_gate_abutment_matrix/_pair_trials/PAIR__PINV_MX__PINV_MX__g0p07.gds,8063fd97ee9ecfd7e0a59604893ad9c6d30c92441255d44dc662f3ef20000867,outputs/PROJECT_decoder_gate_abutment_matrix/_pair_trials/PAIR__PINV_MX__PINV_MX__g0p07_drc/PAIR__PINV_MX__PINV_MX__g0p07.lyrdb
PINV,MX,PINV,MX,0.14,True,1,False,True,True,False,drc_marker_count=1,outputs/PROJECT_decoder_gate_abutment_matrix/_pair_trials/PAIR__PINV_MX__PINV_MX__g0p14.gds,b7623099c59123c63341050b07f0448202098bebbc415761eecce68a8acc9b59,outputs/PROJECT_decoder_gate_abutment_matrix/_pair_trials/PAIR__PINV_MX__PINV_MX__g0p14_drc/PAIR__PINV_MX__PINV_MX__g0p14.lyrdb
PINV,MX,PINV,MY,0.0,False,0,False,False,False,True,,outputs/PROJECT_decoder_gate_abutment_matrix/_pair_trials/PAIR__PINV_MX__PINV_MY__g0p0.gds,04654e71d6508fa50cac5372c5dea61da75f271526f675a0601c30b849834f76,outputs/PROJECT_decoder_gate_abutment_matrix/_pair_trials/PAIR__PINV_MX__PINV_MY__g0p0_drc/PAIR__PINV_MX__PINV_MY__g0p0.lyrdb
PINV,MX,PINV,MY,0.0025,False,0,False,False,False,True,,outputs/PROJECT_decoder_gate_abutment_matrix/_pair_trials/PAIR__PINV_MX__PINV_MY__g0p0025.gds,44d6de7a8e449f9923965cf8c86554331ab9fd8969354215fb28ff48c4fc9ea7,outputs/PROJECT_decoder_gate_abutment_matrix/_pair_trials/PAIR__PINV_MX__PINV_MY__g0p0025_drc/PAIR__PINV_MX__PINV_MY__g0p0025.lyrdb
PINV,MX,PINV,MY,0.07,False,0,False,False,False,True,,outputs/PROJECT_decoder_gate_abutment_matrix/_pair_trials/PAIR__PINV_MX__PINV_MY__g0p07.gds,12ac25b8fbdf4a691403c6d300cf46e443c5c5ccf93a79842d86a239b5095a4a,outputs/PROJECT_decoder_gate_abutment_matrix/_pair_trials/PAIR__PINV_MX__PINV_MY__g0p07_drc/PAIR__PINV_MX__PINV_MY__g0p07.lyrdb
PINV,MX,PINV,MY,0.14,False,0,False,False,False,True,,outputs/PROJECT_decoder_gate_abutment_matrix/_pair_trials/PAIR__PINV_MX__PINV_MY__g0p14.gds,9fbf7bfa1385cab4f580c5f613d0a7a2ade9c8e2589f46ccfcb4e4130bc33dde,outputs/PROJECT_decoder_gate_abutment_matrix/_pair_trials/PAIR__PINV_MX__PINV_MY__g0p14_drc/PAIR__PINV_MX__PINV_MY__g0p14.lyrdb
PINV,MX,PNAND2,R0,0.0,False,0,False,False,False,True,,outputs/PROJECT_decoder_gate_abutment_matrix/_pair_trials/PAIR__PINV_MX__PNAND2_R0__g0p0.gds,112d7955e284821d583c3d9f84deed401575f250c40673af86c519f51dd01480,outputs/PROJECT_decoder_gate_abutment_matrix/_pair_trials/PAIR__PINV_MX__PNAND2_R0__g0p0_drc/PAIR__PINV_MX__PNAND2_R0__g0p0.lyrdb
PINV,MX,PNAND2,R0,0.0025,False,1,False,False,True,False,drc_marker_count=1,outputs/PROJECT_decoder_gate_abutment_matrix/_pair_trials/PAIR__PINV_MX__PNAND2_R0__g0p0025.gds,7ececa2ec9cf8f3989a7073ece4b09cb5570d53418d417ba86d0b70dd0249568,outputs/PROJECT_decoder_gate_abutment_matrix/_pair_trials/PAIR__PINV_MX__PNAND2_R0__g0p0025_drc/PAIR__PINV_MX__PNAND2_R0__g0p0025.lyrdb
PINV,MX,PNAND2,R0,0.07,False,1,False,False,True,False,drc_marker_count=1,outputs/PROJECT_decoder_gate_abutment_matrix/_pair_trials/PAIR__PINV_MX__PNAND2_R0__g0p07.gds,d8d561a1ba40c4e7f06156e457bd840e81573f3eebe401a09a4a387f7dd28932,outputs/PROJECT_decoder_gate_abutment_matrix/_pair_trials/PAIR__PINV_MX__PNAND2_R0__g0p07_drc/PAIR__PINV_MX__PNAND2_R0__g0p07.lyrdb
PINV,MX,PNAND2,R0,0.14,False,1,False,False,True,False,drc_marker_count=1,outputs/PROJECT_decoder_gate_abutment_matrix/_pair_trials/PAIR__PINV_MX__PNAND2_R0__g0p14.gds,447cb1ea028048d3eba3a87cc565317fd68978e289a5d27895a25144388870c8,outputs/PROJECT_decoder_gate_abutment_matrix/_pair_trials/PAIR__PINV_MX__PNAND2_R0__g0p14_drc/PAIR__PINV_MX__PNAND2_R0__g0p14.lyrdb
PINV,MX,PNAND2,R180,0.0,False,56,False,False,True,False,drc_marker_count=56,outputs/PROJECT_decoder_gate_abutment_matrix/_pair_trials/PAIR__PINV_MX__PNAND2_R180__g0p0.gds,6bb7f6e3c14135f65edbc9cd7ce58c62070fb3f616061006d32ef8b6b5ec1358,outputs/PROJECT_decoder_gate_abutment_matrix/_pair_trials/PAIR__PINV_MX__PNAND2_R180__g0p0_drc/PAIR__PINV_MX__PNAND2_R180__g0p0.lyrdb
PINV,MX,PNAND2,R180,0.0025,False,54,False,False,True,False,drc_marker_count=54,outputs/PROJECT_decoder_gate_abutment_matrix/_pair_trials/PAIR__PINV_MX__PNAND2_R180__g0p0025.gds,b7d8396320e664b77e66fe24c2413bbede4a8797bbddde703d66b2307c63c241,outputs/PROJECT_decoder_gate_abutment_matrix/_pair_trials/PAIR__PINV_MX__PNAND2_R180__g0p0025_drc/PAIR__PINV_MX__PNAND2_R180__g0p0025.lyrdb
PINV,MX,PNAND2,R180,0.07,False,27,False,False,True,False,drc_marker_count=27,outputs/PROJECT_decoder_gate_abutment_matrix/_pair_trials/PAIR__PINV_MX__PNAND2_R180__g0p07.gds,28f81f848cf268a6737f4aaab69904fdf2ccb69f870bddee2f46b1aca9841833,outputs/PROJECT_decoder_gate_abutment_matrix/_pair_trials/PAIR__PINV_MX__PNAND2_R180__g0p07_drc/PAIR__PINV_MX__PNAND2_R180__g0p07.lyrdb
PINV,MX,PNAND2,R180,0.14,False,68,False,False,True,False,drc_marker_count=68,outputs/PROJECT_decoder_gate_abutment_matrix/_pair_trials/PAIR__PINV_MX__PNAND2_R180__g0p14.gds,ada357cd07589ac98a22a176d61d3abebea8dd9e97810c68695f3ebe70c5ae19,outputs/PROJECT_decoder_gate_abutment_matrix/_pair_trials/PAIR__PINV_MX__PNAND2_R180__g0p14_drc/PAIR__PINV_MX__PNAND2_R180__g0p14.lyrdb
PINV,MX,PNAND2,MX,0.0,True,0,False,True,False,True,,outputs/PROJECT_decoder_gate_abutment_matrix/_pair_trials/PAIR__PINV_MX__PNAND2_MX__g0p0.gds,b230f4b01a246858c50aa45d0d9e345088b43a392285c4b2ce2ae78bb9400c3c,outputs/PROJECT_decoder_gate_abutment_matrix/_pair_trials/PAIR__PINV_MX__PNAND2_MX__g0p0_drc/PAIR__PINV_MX__PNAND2_MX__g0p0.lyrdb
PINV,MX,PNAND2,MX,0.0025,True,1,False,True,True,False,drc_marker_count=1,outputs/PROJECT_decoder_gate_abutment_matrix/_pair_trials/PAIR__PINV_MX__PNAND2_MX__g0p0025.gds,195b0f353a2a5b8360183b6a2ac19ba7e3110fb1e84d51b97845d746ed007998,outputs/PROJECT_decoder_gate_abutment_matrix/_pair_trials/PAIR__PINV_MX__PNAND2_MX__g0p0025_drc/PAIR__PINV_MX__PNAND2_MX__g0p0025.lyrdb
PINV,MX,PNAND2,MX,0.07,True,1,False,True,True,False,drc_marker_count=1,outputs/PROJECT_decoder_gate_abutment_matrix/_pair_trials/PAIR__PINV_MX__PNAND2_MX__g0p07.gds,10456d3fa0d6d783d7295e446f932aa642bf662b6f4ce4e0a446a7ed0f052644,outputs/PROJECT_decoder_gate_abutment_matrix/_pair_trials/PAIR__PINV_MX__PNAND2_MX__g0p07_drc/PAIR__PINV_MX__PNAND2_MX__g0p07.lyrdb
PINV,MX,PNAND2,MX,0.14,True,1,False,True,True,False,drc_marker_count=1,outputs/PROJECT_decoder_gate_abutment_matrix/_pair_trials/PAIR__PINV_MX__PNAND2_MX__g0p14.gds,f650cceb2500ef62f99f3f564c39307e327484ac1c5545e0f9a3a065599ae328,outputs/PROJECT_decoder_gate_abutment_matrix/_pair_trials/PAIR__PINV_MX__PNAND2_MX__g0p14_drc/PAIR__PINV_MX__PNAND2_MX__g0p14.lyrdb
PINV,MX,PNAND2,MY,0.0,False,0,False,False,False,True,,outputs/PROJECT_decoder_gate_abutment_matrix/_pair_trials/PAIR__PINV_MX__PNAND2_MY__g0p0.gds,df2f1f790c6ab3912cad6265e17da9d3953a228e41f47ed23471a2e3cbaf4d07,outputs/PROJECT_decoder_gate_abutment_matrix/_pair_trials/PAIR__PINV_MX__PNAND2_MY__g0p0_drc/PAIR__PINV_MX__PNAND2_MY__g0p0.lyrdb
PINV,MX,PNAND2,MY,0.0025,False,0,False,False,False,True,,outputs/PROJECT_decoder_gate_abutment_matrix/_pair_trials/PAIR__PINV_MX__PNAND2_MY__g0p0025.gds,d44c5752a4117fba8db10b02117230d69b788c06f230ab202375af5aff78a0e2,outputs/PROJECT_decoder_gate_abutment_matrix/_pair_trials/PAIR__PINV_MX__PNAND2_MY__g0p0025_drc/PAIR__PINV_MX__PNAND2_MY__g0p0025.lyrdb
PINV,MX,PNAND2,MY,0.07,False,0,False,False,False,True,,outputs/PROJECT_decoder_gate_abutment_matrix/_pair_trials/PAIR__PINV_MX__PNAND2_MY__g0p07.gds,d4dfa4c236c58d6e6dff757696682712cf146944bbc623698f3e73604f50d81d,outputs/PROJECT_decoder_gate_abutment_matrix/_pair_trials/PAIR__PINV_MX__PNAND2_MY__g0p07_drc/PAIR__PINV_MX__PNAND2_MY__g0p07.lyrdb
PINV,MX,PNAND2,MY,0.14,False,0,False,False,False,True,,outputs/PROJECT_decoder_gate_abutment_matrix/_pair_trials/PAIR__PINV_MX__PNAND2_MY__g0p14.gds,3c426d66e5840f121c1b9fb95350af02b69360306ba62353d23a16adb2f6ca45,outputs/PROJECT_decoder_gate_abutment_matrix/_pair_trials/PAIR__PINV_MX__PNAND2_MY__g0p14_drc/PAIR__PINV_MX__PNAND2_MY__g0p14.lyrdb
PINV,MX,PNAND3,R0,0.0,False,0,False,False,False,True,,outputs/PROJECT_decoder_gate_abutment_matrix/_pair_trials/PAIR__PINV_MX__PNAND3_R0__g0p0.gds,422a7406f428ee7d21cc235789cee8d0f27ed5324a5278242577ee9f810ce46e,outputs/PROJECT_decoder_gate_abutment_matrix/_pair_trials/PAIR__PINV_MX__PNAND3_R0__g0p0_drc/PAIR__PINV_MX__PNAND3_R0__g0p0.lyrdb
PINV,MX,PNAND3,R0,0.0025,False,1,False,False,True,False,drc_marker_count=1,outputs/PROJECT_decoder_gate_abutment_matrix/_pair_trials/PAIR__PINV_MX__PNAND3_R0__g0p0025.gds,fef41cb42c2abbcdd2287f3aa77a48f376079bf0294ad2b3326bc09119d13c92,outputs/PROJECT_decoder_gate_abutment_matrix/_pair_trials/PAIR__PINV_MX__PNAND3_R0__g0p0025_drc/PAIR__PINV_MX__PNAND3_R0__g0p0025.lyrdb
PINV,MX,PNAND3,R0,0.07,False,1,False,False,True,False,drc_marker_count=1,outputs/PROJECT_decoder_gate_abutment_matrix/_pair_trials/PAIR__PINV_MX__PNAND3_R0__g0p07.gds,cef2056a92c5fe823c669dc3fffc3e974602c7ad0bd1c4e4033ba3786054663f,outputs/PROJECT_decoder_gate_abutment_matrix/_pair_trials/PAIR__PINV_MX__PNAND3_R0__g0p07_drc/PAIR__PINV_MX__PNAND3_R0__g0p07.lyrdb
PINV,MX,PNAND3,R0,0.14,False,1,False,False,True,False,drc_marker_count=1,outputs/PROJECT_decoder_gate_abutment_matrix/_pair_trials/PAIR__PINV_MX__PNAND3_R0__g0p14.gds,ecd9c75a9a683402b88b9315083ddbb54d6e2eec9b746ea0bb321a52236d6da3,outputs/PROJECT_decoder_gate_abutment_matrix/_pair_trials/PAIR__PINV_MX__PNAND3_R0__g0p14_drc/PAIR__PINV_MX__PNAND3_R0__g0p14.lyrdb
PINV,MX,PNAND3,R180,0.0,False,58,False,False,True,False,drc_marker_count=58,outputs/PROJECT_decoder_gate_abutment_matrix/_pair_trials/PAIR__PINV_MX__PNAND3_R180__g0p0.gds,ce7717f0ba8a9914a185dcb2d0a27b2cf48ea4d07bb3d5be36e4ba152c80cf87,outputs/PROJECT_decoder_gate_abutment_matrix/_pair_trials/PAIR__PINV_MX__PNAND3_R180__g0p0_drc/PAIR__PINV_MX__PNAND3_R180__g0p0.lyrdb
PINV,MX,PNAND3,R180,0.0025,False,55,False,False,True,False,drc_marker_count=55,outputs/PROJECT_decoder_gate_abutment_matrix/_pair_trials/PAIR__PINV_MX__PNAND3_R180__g0p0025.gds,abe1c02db400ef828cd6a4da4ecfe3bc6c845736c791c8ca268a2bad5c7d2611,outputs/PROJECT_decoder_gate_abutment_matrix/_pair_trials/PAIR__PINV_MX__PNAND3_R180__g0p0025_drc/PAIR__PINV_MX__PNAND3_R180__g0p0025.lyrdb
PINV,MX,PNAND3,R180,0.07,False,20,False,False,True,False,drc_marker_count=20,outputs/PROJECT_decoder_gate_abutment_matrix/_pair_trials/PAIR__PINV_MX__PNAND3_R180__g0p07.gds,92d127e428d760aa4753a8d1186654ab9536e2e3a5d57c21b3e8a3fa376d3a93,outputs/PROJECT_decoder_gate_abutment_matrix/_pair_trials/PAIR__PINV_MX__PNAND3_R180__g0p07_drc/PAIR__PINV_MX__PNAND3_R180__g0p07.lyrdb
PINV,MX,PNAND3,R180,0.14,False,41,False,False,True,False,drc_marker_count=41,outputs/PROJECT_decoder_gate_abutment_matrix/_pair_trials/PAIR__PINV_MX__PNAND3_R180__g0p14.gds,ca79b38d5ea759cce0e1ace513d45deef1d9c71be986b139100851e39e381c27,outputs/PROJECT_decoder_gate_abutment_matrix/_pair_trials/PAIR__PINV_MX__PNAND3_R180__g0p14_drc/PAIR__PINV_MX__PNAND3_R180__g0p14.lyrdb
PINV,MX,PNAND3,MX,0.0,True,0,False,True,False,True,,outputs/PROJECT_decoder_gate_abutment_matrix/_pair_trials/PAIR__PINV_MX__PNAND3_MX__g0p0.gds,6a225bd0e51d665d64bc8872b45d39914bb9ebdfc7b854fead14f62b83debfa6,outputs/PROJECT_decoder_gate_abutment_matrix/_pair_trials/PAIR__PINV_MX__PNAND3_MX__g0p0_drc/PAIR__PINV_MX__PNAND3_MX__g0p0.lyrdb
PINV,MX,PNAND3,MX,0.0025,True,1,False,True,True,False,drc_marker_count=1,outputs/PROJECT_decoder_gate_abutment_matrix/_pair_trials/PAIR__PINV_MX__PNAND3_MX__g0p0025.gds,076c3f9039b945183c65e5e0e4f4dce8e06e53ff9da320eb0c501515b18e9061,outputs/PROJECT_decoder_gate_abutment_matrix/_pair_trials/PAIR__PINV_MX__PNAND3_MX__g0p0025_drc/PAIR__PINV_MX__PNAND3_MX__g0p0025.lyrdb
PINV,MX,PNAND3,MX,0.07,True,1,False,True,True,False,drc_marker_count=1,outputs/PROJECT_decoder_gate_abutment_matrix/_pair_trials/PAIR__PINV_MX__PNAND3_MX__g0p07.gds,b155ae198c4795a63c782e2c283ae0f444c858a9f800b58165c4e21c9bca461b,outputs/PROJECT_decoder_gate_abutment_matrix/_pair_trials/PAIR__PINV_MX__PNAND3_MX__g0p07_drc/PAIR__PINV_MX__PNAND3_MX__g0p07.lyrdb
PINV,MX,PNAND3,MX,0.14,True,1,False,True,True,False,drc_marker_count=1,outputs/PROJECT_decoder_gate_abutment_matrix/_pair_trials/PAIR__PINV_MX__PNAND3_MX__g0p14.gds,dddf2ad9c67658ee14d0c4a59d0784eac719f9319b2e5df0bcaa64bc1b12bbae,outputs/PROJECT_decoder_gate_abutment_matrix/_pair_trials/PAIR__PINV_MX__PNAND3_MX__g0p14_drc/PAIR__PINV_MX__PNAND3_MX__g0p14.lyrdb
PINV,MX,PNAND3,MY,0.0,False,0,False,False,False,True,,outputs/PROJECT_decoder_gate_abutment_matrix/_pair_trials/PAIR__PINV_MX__PNAND3_MY__g0p0.gds,73f1f88ebc15b94cd95053b6044fe2e8ace321d77a061f09433505f9187a8744,outputs/PROJECT_decoder_gate_abutment_matrix/_pair_trials/PAIR__PINV_MX__PNAND3_MY__g0p0_drc/PAIR__PINV_MX__PNAND3_MY__g0p0.lyrdb
PINV,MX,PNAND3,MY,0.0025,False,0,False,False,False,True,,outputs/PROJECT_decoder_gate_abutment_matrix/_pair_trials/PAIR__PINV_MX__PNAND3_MY__g0p0025.gds,6c9f38208f1a52a0ce16b864086c5c19ddf188819445c7d75873fea4a6307be6,outputs/PROJECT_decoder_gate_abutment_matrix/_pair_trials/PAIR__PINV_MX__PNAND3_MY__g0p0025_drc/PAIR__PINV_MX__PNAND3_MY__g0p0025.lyrdb
PINV,MX,PNAND3,MY,0.07,False,0,False,False,False,True,,outputs/PROJECT_decoder_gate_abutment_matrix/_pair_trials/PAIR__PINV_MX__PNAND3_MY__g0p07.gds,6998e96503cbc0fa877722eff0c41979249afbd10cc5e122f0dce5a322756b38,outputs/PROJECT_decoder_gate_abutment_matrix/_pair_trials/PAIR__PINV_MX__PNAND3_MY__g0p07_drc/PAIR__PINV_MX__PNAND3_MY__g0p07.lyrdb
PINV,MX,PNAND3,MY,0.14,False,0,False,False,False,True,,outputs/PROJECT_decoder_gate_abutment_matrix/_pair_trials/PAIR__PINV_MX__PNAND3_MY__g0p14.gds,7dac7f4c37cd7ccf07d9b8277ed135501b6c6c87dfac8d371a25d6cf22193ee6,outputs/PROJECT_decoder_gate_abutment_matrix/_pair_trials/PAIR__PINV_MX__PNAND3_MY__g0p14_drc/PAIR__PINV_MX__PNAND3_MY__g0p14.lyrdb
PINV,MX,AND2,R0,0.0,False,0,False,False,False,True,,outputs/PROJECT_decoder_gate_abutment_matrix/_pair_trials/PAIR__PINV_MX__AND2_R0__g0p0.gds,502edb821145839668329f3d17726b5f6ac802941208e979268857d7e79dbcd8,outputs/PROJECT_decoder_gate_abutment_matrix/_pair_trials/PAIR__PINV_MX__AND2_R0__g0p0_drc/PAIR__PINV_MX__AND2_R0__g0p0.lyrdb
PINV,MX,AND2,R0,0.0025,False,1,False,False,True,False,drc_marker_count=1,outputs/PROJECT_decoder_gate_abutment_matrix/_pair_trials/PAIR__PINV_MX__AND2_R0__g0p0025.gds,a2c65115da89130b62f4fa2e22eefe231ba83d05fe83f2f88fd8bced3b0e6f6a,outputs/PROJECT_decoder_gate_abutment_matrix/_pair_trials/PAIR__PINV_MX__AND2_R0__g0p0025_drc/PAIR__PINV_MX__AND2_R0__g0p0025.lyrdb
PINV,MX,AND2,R0,0.07,False,1,False,False,True,False,drc_marker_count=1,outputs/PROJECT_decoder_gate_abutment_matrix/_pair_trials/PAIR__PINV_MX__AND2_R0__g0p07.gds,a1f95e65a6ff08b831ab085b24004dd47a067bcf1b6cb686b51e94ff05181856,outputs/PROJECT_decoder_gate_abutment_matrix/_pair_trials/PAIR__PINV_MX__AND2_R0__g0p07_drc/PAIR__PINV_MX__AND2_R0__g0p07.lyrdb
PINV,MX,AND2,R0,0.14,False,1,False,False,True,False,drc_marker_count=1,outputs/PROJECT_decoder_gate_abutment_matrix/_pair_trials/PAIR__PINV_MX__AND2_R0__g0p14.gds,0ba7036c8eeb01fd503945478d272249f4a18cf6ad0ac4381b9a5754195770b4,outputs/PROJECT_decoder_gate_abutment_matrix/_pair_trials/PAIR__PINV_MX__AND2_R0__g0p14_drc/PAIR__PINV_MX__AND2_R0__g0p14.lyrdb
PINV,MX,AND2,R180,0.0,False,64,False,False,True,False,drc_marker_count=64,outputs/PROJECT_decoder_gate_abutment_matrix/_pair_trials/PAIR__PINV_MX__AND2_R180__g0p0.gds,74ff51f08f3166d1eedc0aefcca277d5818cf32a29223f2c22a30bf5f1c15611,outputs/PROJECT_decoder_gate_abutment_matrix/_pair_trials/PAIR__PINV_MX__AND2_R180__g0p0_drc/PAIR__PINV_MX__AND2_R180__g0p0.lyrdb
PINV,MX,AND2,R180,0.0025,False,60,False,False,True,False,drc_marker_count=60,outputs/PROJECT_decoder_gate_abutment_matrix/_pair_trials/PAIR__PINV_MX__AND2_R180__g0p0025.gds,1f774e31ae128483a46b9767efd6decdd4db7898e9766987ebaa58109285f0e1,outputs/PROJECT_decoder_gate_abutment_matrix/_pair_trials/PAIR__PINV_MX__AND2_R180__g0p0025_drc/PAIR__PINV_MX__AND2_R180__g0p0025.lyrdb
PINV,MX,AND2,R180,0.07,False,104,False,False,True,False,drc_marker_count=104,outputs/PROJECT_decoder_gate_abutment_matrix/_pair_trials/PAIR__PINV_MX__AND2_R180__g0p07.gds,7bdce146097dab689308f47b66cd955b8bd98461dc346a0d212d69e43b00e819,outputs/PROJECT_decoder_gate_abutment_matrix/_pair_trials/PAIR__PINV_MX__AND2_R180__g0p07_drc/PAIR__PINV_MX__AND2_R180__g0p07.lyrdb
PINV,MX,AND2,R180,0.14,False,63,False,False,True,False,drc_marker_count=63,outputs/PROJECT_decoder_gate_abutment_matrix/_pair_trials/PAIR__PINV_MX__AND2_R180__g0p14.gds,cf3545c37824f954ae66546ce12f7b81ed713030c5d4970d25e49abd7df31dad,outputs/PROJECT_decoder_gate_abutment_matrix/_pair_trials/PAIR__PINV_MX__AND2_R180__g0p14_drc/PAIR__PINV_MX__AND2_R180__g0p14.lyrdb
PINV,MX,AND2,MX,0.0,True,0,False,True,False,True,,outputs/PROJECT_decoder_gate_abutment_matrix/_pair_trials/PAIR__PINV_MX__AND2_MX__g0p0.gds,3ff573f54d41e3dbeb208b3f1d28d6a087b1b8e9472aa236e91935e3f985359a,outputs/PROJECT_decoder_gate_abutment_matrix/_pair_trials/PAIR__PINV_MX__AND2_MX__g0p0_drc/PAIR__PINV_MX__AND2_MX__g0p0.lyrdb
PINV,MX,AND2,MX,0.0025,True,1,False,True,True,False,drc_marker_count=1,outputs/PROJECT_decoder_gate_abutment_matrix/_pair_trials/PAIR__PINV_MX__AND2_MX__g0p0025.gds,181d59fbb91f991dff12905c999b1c3c9db4843364b2da65c53485385ece7cd7,outputs/PROJECT_decoder_gate_abutment_matrix/_pair_trials/PAIR__PINV_MX__AND2_MX__g0p0025_drc/PAIR__PINV_MX__AND2_MX__g0p0025.lyrdb
PINV,MX,AND2,MX,0.07,True,1,False,True,True,False,drc_marker_count=1,outputs/PROJECT_decoder_gate_abutment_matrix/_pair_trials/PAIR__PINV_MX__AND2_MX__g0p07.gds,6ff5d7a374542f524c063ab386791cb45b357842126b408f21b7e015ca9c8f8b,outputs/PROJECT_decoder_gate_abutment_matrix/_pair_trials/PAIR__PINV_MX__AND2_MX__g0p07_drc/PAIR__PINV_MX__AND2_MX__g0p07.lyrdb
PINV,MX,AND2,MX,0.14,True,1,False,True,True,False,drc_marker_count=1,outputs/PROJECT_decoder_gate_abutment_matrix/_pair_trials/PAIR__PINV_MX__AND2_MX__g0p14.gds,2a9009db6b1f323e00f300a3ad7b615f4ffa229509cfca8648d95ecb1d64a739,outputs/PROJECT_decoder_gate_abutment_matrix/_pair_trials/PAIR__PINV_MX__AND2_MX__g0p14_drc/PAIR__PINV_MX__AND2_MX__g0p14.lyrdb
PINV,MX,AND2,MY,0.0,False,0,False,False,False,True,,outputs/PROJECT_decoder_gate_abutment_matrix/_pair_trials/PAIR__PINV_MX__AND2_MY__g0p0.gds,1bbfd472d849107721e4aa761ef6741c244943a5f0118ba6971b0dfb6b210f15,outputs/PROJECT_decoder_gate_abutment_matrix/_pair_trials/PAIR__PINV_MX__AND2_MY__g0p0_drc/PAIR__PINV_MX__AND2_MY__g0p0.lyrdb
PINV,MX,AND2,MY,0.0025,False,0,False,False,False,True,,outputs/PROJECT_decoder_gate_abutment_matrix/_pair_trials/PAIR__PINV_MX__AND2_MY__g0p0025.gds,274f40f50c620ac15ed997d79a6c485e3ec50b324bb14b55ad24a3b2855a13c9,outputs/PROJECT_decoder_gate_abutment_matrix/_pair_trials/PAIR__PINV_MX__AND2_MY__g0p0025_drc/PAIR__PINV_MX__AND2_MY__g0p0025.lyrdb
PINV,MX,AND2,MY,0.07,False,0,False,False,False,True,,outputs/PROJECT_decoder_gate_abutment_matrix/_pair_trials/PAIR__PINV_MX__AND2_MY__g0p07.gds,243023330523bd59ae95c250087154cb4c778d70776252f501ac1e8c665b9df5,outputs/PROJECT_decoder_gate_abutment_matrix/_pair_trials/PAIR__PINV_MX__AND2_MY__g0p07_drc/PAIR__PINV_MX__AND2_MY__g0p07.lyrdb
PINV,MX,AND2,MY,0.14,False,0,False,False,False,True,,outputs/PROJECT_decoder_gate_abutment_matrix/_pair_trials/PAIR__PINV_MX__AND2_MY__g0p14.gds,edfe1fb24f0926776e71889327783d117b2d3458a048465dee55142add44078a,outputs/PROJECT_decoder_gate_abutment_matrix/_pair_trials/PAIR__PINV_MX__AND2_MY__g0p14_drc/PAIR__PINV_MX__AND2_MY__g0p14.lyrdb
PINV,MX,AND3,R0,0.0,False,0,False,False,False,True,,outputs/PROJECT_decoder_gate_abutment_matrix/_pair_trials/PAIR__PINV_MX__AND3_R0__g0p0.gds,91897bdd220f80dcb35c21972a9a41508fcc1b29c9bc4832a4b2a24caefa9a3e,outputs/PROJECT_decoder_gate_abutment_matrix/_pair_trials/PAIR__PINV_MX__AND3_R0__g0p0_drc/PAIR__PINV_MX__AND3_R0__g0p0.lyrdb
PINV,MX,AND3,R0,0.0025,False,1,False,False,True,False,drc_marker_count=1,outputs/PROJECT_decoder_gate_abutment_matrix/_pair_trials/PAIR__PINV_MX__AND3_R0__g0p0025.gds,6f88545be9bc18c34cc6d87631ba65919de59925ee29f84c85f56d2d7eb4ba83,outputs/PROJECT_decoder_gate_abutment_matrix/_pair_trials/PAIR__PINV_MX__AND3_R0__g0p0025_drc/PAIR__PINV_MX__AND3_R0__g0p0025.lyrdb
PINV,MX,AND3,R0,0.07,False,1,False,False,True,False,drc_marker_count=1,outputs/PROJECT_decoder_gate_abutment_matrix/_pair_trials/PAIR__PINV_MX__AND3_R0__g0p07.gds,b2ddf06044fdd0285a5e0b9a53c7c12d9b43bf9547406b9b031bd112994068f7,outputs/PROJECT_decoder_gate_abutment_matrix/_pair_trials/PAIR__PINV_MX__AND3_R0__g0p07_drc/PAIR__PINV_MX__AND3_R0__g0p07.lyrdb
PINV,MX,AND3,R0,0.14,False,1,False,False,True,False,drc_marker_count=1,outputs/PROJECT_decoder_gate_abutment_matrix/_pair_trials/PAIR__PINV_MX__AND3_R0__g0p14.gds,98483c45f80c6947d62b17b521bbf37d3a6e90abc7b30f0e85ea7241c0d3e3c4,outputs/PROJECT_decoder_gate_abutment_matrix/_pair_trials/PAIR__PINV_MX__AND3_R0__g0p14_drc/PAIR__PINV_MX__AND3_R0__g0p14.lyrdb
PINV,MX,AND3,R180,0.0,False,41,False,False,True,False,drc_marker_count=41,outputs/PROJECT_decoder_gate_abutment_matrix/_pair_trials/PAIR__PINV_MX__AND3_R180__g0p0.gds,a6d3f5f6bc41a90fdd70162427457c47a3228c645a5c42eda4bc66fa99a2abd1,outputs/PROJECT_decoder_gate_abutment_matrix/_pair_trials/PAIR__PINV_MX__AND3_R180__g0p0_drc/PAIR__PINV_MX__AND3_R180__g0p0.lyrdb
PINV,MX,AND3,R180,0.0025,False,41,False,False,True,False,drc_marker_count=41,outputs/PROJECT_decoder_gate_abutment_matrix/_pair_trials/PAIR__PINV_MX__AND3_R180__g0p0025.gds,2290d9d6edd8d5987c59869a6aea2ac9a763b7ab3e10a6a4147df9cba5129237,outputs/PROJECT_decoder_gate_abutment_matrix/_pair_trials/PAIR__PINV_MX__AND3_R180__g0p0025_drc/PAIR__PINV_MX__AND3_R180__g0p0025.lyrdb
PINV,MX,AND3,R180,0.07,False,72,False,False,True,False,drc_marker_count=72,outputs/PROJECT_decoder_gate_abutment_matrix/_pair_trials/PAIR__PINV_MX__AND3_R180__g0p07.gds,ad985edb99c1337c2afe198fc0b2b739201b6ead84ac01477b627f1b78afd13b,outputs/PROJECT_decoder_gate_abutment_matrix/_pair_trials/PAIR__PINV_MX__AND3_R180__g0p07_drc/PAIR__PINV_MX__AND3_R180__g0p07.lyrdb
PINV,MX,AND3,R180,0.14,False,62,False,False,True,False,drc_marker_count=62,outputs/PROJECT_decoder_gate_abutment_matrix/_pair_trials/PAIR__PINV_MX__AND3_R180__g0p14.gds,184dbdf743e2d1b6aae520a077af2c3ac69b4806bcb1079a085fec80fc26799e,outputs/PROJECT_decoder_gate_abutment_matrix/_pair_trials/PAIR__PINV_MX__AND3_R180__g0p14_drc/PAIR__PINV_MX__AND3_R180__g0p14.lyrdb
PINV,MX,AND3,MX,0.0,True,0,False,True,False,True,,outputs/PROJECT_decoder_gate_abutment_matrix/_pair_trials/PAIR__PINV_MX__AND3_MX__g0p0.gds,bd2c7938dcef2e7721afbbbeb298443aea78867bb8a626ea7b3192b325f763f5,outputs/PROJECT_decoder_gate_abutment_matrix/_pair_trials/PAIR__PINV_MX__AND3_MX__g0p0_drc/PAIR__PINV_MX__AND3_MX__g0p0.lyrdb
PINV,MX,AND3,MX,0.0025,True,1,False,True,True,False,drc_marker_count=1,outputs/PROJECT_decoder_gate_abutment_matrix/_pair_trials/PAIR__PINV_MX__AND3_MX__g0p0025.gds,47c74038f3bd638750ce8e9d4abb8864f82c121755287e53c82f63da7eff98a6,outputs/PROJECT_decoder_gate_abutment_matrix/_pair_trials/PAIR__PINV_MX__AND3_MX__g0p0025_drc/PAIR__PINV_MX__AND3_MX__g0p0025.lyrdb
PINV,MX,AND3,MX,0.07,True,1,False,True,True,False,drc_marker_count=1,outputs/PROJECT_decoder_gate_abutment_matrix/_pair_trials/PAIR__PINV_MX__AND3_MX__g0p07.gds,d80761cf0f480027711a989c47a822c62ce377a06fd25d5fb4fcc91851951ac3,outputs/PROJECT_decoder_gate_abutment_matrix/_pair_trials/PAIR__PINV_MX__AND3_MX__g0p07_drc/PAIR__PINV_MX__AND3_MX__g0p07.lyrdb
PINV,MX,AND3,MX,0.14,True,1,False,True,True,False,drc_marker_count=1,outputs/PROJECT_decoder_gate_abutment_matrix/_pair_trials/PAIR__PINV_MX__AND3_MX__g0p14.gds,97f5b7ece4410c263e0f1a602de1b40f6a245fefd8cd48cb7bca8e70a6f8510d,outputs/PROJECT_decoder_gate_abutment_matrix/_pair_trials/PAIR__PINV_MX__AND3_MX__g0p14_drc/PAIR__PINV_MX__AND3_MX__g0p14.lyrdb
PINV,MX,AND3,MY,0.0,False,0,False,False,False,True,,outputs/PROJECT_decoder_gate_abutment_matrix/_pair_trials/PAIR__PINV_MX__AND3_MY__g0p0.gds,17a7c59db2ff30db80cd7f728037a697e5151fb30795d88b4e576a356ca841e6,outputs/PROJECT_decoder_gate_abutment_matrix/_pair_trials/PAIR__PINV_MX__AND3_MY__g0p0_drc/PAIR__PINV_MX__AND3_MY__g0p0.lyrdb
PINV,MX,AND3,MY,0.0025,False,0,False,False,False,True,,outputs/PROJECT_decoder_gate_abutment_matrix/_pair_trials/PAIR__PINV_MX__AND3_MY__g0p0025.gds,bf0940ecd020d223d92d074c8aca9d5f4b471b7dead749b054fd637c961acb98,outputs/PROJECT_decoder_gate_abutment_matrix/_pair_trials/PAIR__PINV_MX__AND3_MY__g0p0025_drc/PAIR__PINV_MX__AND3_MY__g0p0025.lyrdb
PINV,MX,AND3,MY,0.07,False,0,False,False,False,True,,outputs/PROJECT_decoder_gate_abutment_matrix/_pair_trials/PAIR__PINV_MX__AND3_MY__g0p07.gds,b1682d2494ed79ea547b7e687974a51d073611dfe47c715ecb4ee922c036b909,outputs/PROJECT_decoder_gate_abutment_matrix/_pair_trials/PAIR__PINV_MX__AND3_MY__g0p07_drc/PAIR__PINV_MX__AND3_MY__g0p07.lyrdb
PINV,MX,AND3,MY,0.14,False,0,False,False,False,True,,outputs/PROJECT_decoder_gate_abutment_matrix/_pair_trials/PAIR__PINV_MX__AND3_MY__g0p14.gds,87e8016df48312e656563b9bc4a8406b6497993bf5aeeeb4d7700b7f2e212760,outputs/PROJECT_decoder_gate_abutment_matrix/_pair_trials/PAIR__PINV_MX__AND3_MY__g0p14_drc/PAIR__PINV_MX__AND3_MY__g0p14.lyrdb
PINV,MX,WORDLINEDRIVER,R0,0.0,False,0,False,False,False,True,,outputs/PROJECT_decoder_gate_abutment_matrix/_pair_trials/PAIR__PINV_MX__WORDLINEDRIVER_R0__g0p0.gds,b7ac61f56d4058988cd7dee2491387cbad5d75e18a595d5d6081f11832d027d6,outputs/PROJECT_decoder_gate_abutment_matrix/_pair_trials/PAIR__PINV_MX__WORDLINEDRIVER_R0__g0p0_drc/PAIR__PINV_MX__WORDLINEDRIVER_R0__g0p0.lyrdb
PINV,MX,WORDLINEDRIVER,R0,0.0025,False,1,False,False,True,False,drc_marker_count=1,outputs/PROJECT_decoder_gate_abutment_matrix/_pair_trials/PAIR__PINV_MX__WORDLINEDRIVER_R0__g0p0025.gds,c4cdb0fb4feb4ca966c1de6ded5d8d92e8782cebaee1735257a70ea8dad0c8a4,outputs/PROJECT_decoder_gate_abutment_matrix/_pair_trials/PAIR__PINV_MX__WORDLINEDRIVER_R0__g0p0025_drc/PAIR__PINV_MX__WORDLINEDRIVER_R0__g0p0025.lyrdb
PINV,MX,WORDLINEDRIVER,R0,0.07,False,1,False,False,True,False,drc_marker_count=1,outputs/PROJECT_decoder_gate_abutment_matrix/_pair_trials/PAIR__PINV_MX__WORDLINEDRIVER_R0__g0p07.gds,7a692dd089a66055b191ec95bd94cf31e04e8e29ab9832452c96443c8f7f7e41,outputs/PROJECT_decoder_gate_abutment_matrix/_pair_trials/PAIR__PINV_MX__WORDLINEDRIVER_R0__g0p07_drc/PAIR__PINV_MX__WORDLINEDRIVER_R0__g0p07.lyrdb
PINV,MX,WORDLINEDRIVER,R0,0.14,False,1,False,False,True,False,drc_marker_count=1,outputs/PROJECT_decoder_gate_abutment_matrix/_pair_trials/PAIR__PINV_MX__WORDLINEDRIVER_R0__g0p14.gds,09121daf86a6f62ef345180756ea45e4bc9f69aea8e68a11d106ee5b89382e66,outputs/PROJECT_decoder_gate_abutment_matrix/_pair_trials/PAIR__PINV_MX__WORDLINEDRIVER_R0__g0p14_drc/PAIR__PINV_MX__WORDLINEDRIVER_R0__g0p14.lyrdb
PINV,MX,WORDLINEDRIVER,R180,0.0,False,56,False,False,True,False,drc_marker_count=56,outputs/PROJECT_decoder_gate_abutment_matrix/_pair_trials/PAIR__PINV_MX__WORDLINEDRIVER_R180__g0p0.gds,55d41f657898f261002dcbff56a6e2de0949fa294a116ca99d347a2aa383a00b,outputs/PROJECT_decoder_gate_abutment_matrix/_pair_trials/PAIR__PINV_MX__WORDLINEDRIVER_R180__g0p0_drc/PAIR__PINV_MX__WORDLINEDRIVER_R180__g0p0.lyrdb
PINV,MX,WORDLINEDRIVER,R180,0.0025,False,56,False,False,True,False,drc_marker_count=56,outputs/PROJECT_decoder_gate_abutment_matrix/_pair_trials/PAIR__PINV_MX__WORDLINEDRIVER_R180__g0p0025.gds,9c7a4587bbaec1787cfd7881530e45baea3fa3bff0199316f86eb3f845a0c5e3,outputs/PROJECT_decoder_gate_abutment_matrix/_pair_trials/PAIR__PINV_MX__WORDLINEDRIVER_R180__g0p0025_drc/PAIR__PINV_MX__WORDLINEDRIVER_R180__g0p0025.lyrdb
PINV,MX,WORDLINEDRIVER,R180,0.07,False,100,False,False,True,False,drc_marker_count=100,outputs/PROJECT_decoder_gate_abutment_matrix/_pair_trials/PAIR__PINV_MX__WORDLINEDRIVER_R180__g0p07.gds,f7c48ee169306f106f2902a9fddbf7a0b61ed1c63b48bd6757851d8101e1571a,outputs/PROJECT_decoder_gate_abutment_matrix/_pair_trials/PAIR__PINV_MX__WORDLINEDRIVER_R180__g0p07_drc/PAIR__PINV_MX__WORDLINEDRIVER_R180__g0p07.lyrdb
PINV,MX,WORDLINEDRIVER,R180,0.14,False,51,False,False,True,False,drc_marker_count=51,outputs/PROJECT_decoder_gate_abutment_matrix/_pair_trials/PAIR__PINV_MX__WORDLINEDRIVER_R180__g0p14.gds,6cbbd412f2d1e288df98233c5625152f6048035c460bccbd01b0be56b900f1fd,outputs/PROJECT_decoder_gate_abutment_matrix/_pair_trials/PAIR__PINV_MX__WORDLINEDRIVER_R180__g0p14_drc/PAIR__PINV_MX__WORDLINEDRIVER_R180__g0p14.lyrdb
PINV,MX,WORDLINEDRIVER,MX,0.0,True,0,False,True,False,True,,outputs/PROJECT_decoder_gate_abutment_matrix/_pair_trials/PAIR__PINV_MX__WORDLINEDRIVER_MX__g0p0.gds,055600652ceae0c1b739eedd4573a4cbdb356cdadabdfa68b8438c31e042f4db,outputs/PROJECT_decoder_gate_abutment_matrix/_pair_trials/PAIR__PINV_MX__WORDLINEDRIVER_MX__g0p0_drc/PAIR__PINV_MX__WORDLINEDRIVER_MX__g0p0.lyrdb
PINV,MX,WORDLINEDRIVER,MX,0.0025,True,1,False,True,True,False,drc_marker_count=1,outputs/PROJECT_decoder_gate_abutment_matrix/_pair_trials/PAIR__PINV_MX__WORDLINEDRIVER_MX__g0p0025.gds,2651a6902f1644028edc7bce7e70b3a5a67a51d1543bbfcda5a334ae12a821fd,outputs/PROJECT_decoder_gate_abutment_matrix/_pair_trials/PAIR__PINV_MX__WORDLINEDRIVER_MX__g0p0025_drc/PAIR__PINV_MX__WORDLINEDRIVER_MX__g0p0025.lyrdb
PINV,MX,WORDLINEDRIVER,MX,0.07,True,1,False,True,True,False,drc_marker_count=1,outputs/PROJECT_decoder_gate_abutment_matrix/_pair_trials/PAIR__PINV_MX__WORDLINEDRIVER_MX__g0p07.gds,fc44135938fb10d59b97fcab9969bd60356bca1930592d8038cc963f915cfc31,outputs/PROJECT_decoder_gate_abutment_matrix/_pair_trials/PAIR__PINV_MX__WORDLINEDRIVER_MX__g0p07_drc/PAIR__PINV_MX__WORDLINEDRIVER_MX__g0p07.lyrdb
PINV,MX,WORDLINEDRIVER,MX,0.14,True,1,False,True,True,False,drc_marker_count=1,outputs/PROJECT_decoder_gate_abutment_matrix/_pair_trials/PAIR__PINV_MX__WORDLINEDRIVER_MX__g0p14.gds,208549589ef172a0a4b67225388b87e2a3280201a2e65465b38d1cf41b3af00e,outputs/PROJECT_decoder_gate_abutment_matrix/_pair_trials/PAIR__PINV_MX__WORDLINEDRIVER_MX__g0p14_drc/PAIR__PINV_MX__WORDLINEDRIVER_MX__g0p14.lyrdb
PINV,MX,WORDLINEDRIVER,MY,0.0,False,0,False,False,False,True,,outputs/PROJECT_decoder_gate_abutment_matrix/_pair_trials/PAIR__PINV_MX__WORDLINEDRIVER_MY__g0p0.gds,eff5b733b7e10cdc7e99172a9bbfb59276d1b8c02018e7dc516e695c9c431dcd,outputs/PROJECT_decoder_gate_abutment_matrix/_pair_trials/PAIR__PINV_MX__WORDLINEDRIVER_MY__g0p0_drc/PAIR__PINV_MX__WORDLINEDRIVER_MY__g0p0.lyrdb
PINV,MX,WORDLINEDRIVER,MY,0.0025,False,0,False,False,False,True,,outputs/PROJECT_decoder_gate_abutment_matrix/_pair_trials/PAIR__PINV_MX__WORDLINEDRIVER_MY__g0p0025.gds,ac12d4bba7dbd03bb2cd00dcd8d602c7c718d84dc4aa1136acdf200703e67b8a,outputs/PROJECT_decoder_gate_abutment_matrix/_pair_trials/PAIR__PINV_MX__WORDLINEDRIVER_MY__g0p0025_drc/PAIR__PINV_MX__WORDLINEDRIVER_MY__g0p0025.lyrdb
PINV,MX,WORDLINEDRIVER,MY,0.07,False,0,False,False,False,True,,outputs/PROJECT_decoder_gate_abutment_matrix/_pair_trials/PAIR__PINV_MX__WORDLINEDRIVER_MY__g0p07.gds,686acedd65dec4413eb75f63e1c8938ab40c4da7cbb7e053512c4fb4fe0c5e3f,outputs/PROJECT_decoder_gate_abutment_matrix/_pair_trials/PAIR__PINV_MX__WORDLINEDRIVER_MY__g0p07_drc/PAIR__PINV_MX__WORDLINEDRIVER_MY__g0p07.lyrdb
PINV,MX,WORDLINEDRIVER,MY,0.14,False,0,False,False,False,True,,outputs/PROJECT_decoder_gate_abutment_matrix/_pair_trials/PAIR__PINV_MX__WORDLINEDRIVER_MY__g0p14.gds,81e047f1ab898247ed758cc3e348341e8408fa6ebc3c8ee0f14f173f87494638,outputs/PROJECT_decoder_gate_abutment_matrix/_pair_trials/PAIR__PINV_MX__WORDLINEDRIVER_MY__g0p14_drc/PAIR__PINV_MX__WORDLINEDRIVER_MY__g0p14.lyrdb
PINV,MY,PINV,R0,0.0,True,0,False,True,False,True,,outputs/PROJECT_decoder_gate_abutment_matrix/_pair_trials/PAIR__PINV_MY__PINV_R0__g0p0.gds,f1d290a5d111b19e8a818e207c5a383168d72bf52d0e92e69175cb6d7147bb2f,outputs/PROJECT_decoder_gate_abutment_matrix/_pair_trials/PAIR__PINV_MY__PINV_R0__g0p0_drc/PAIR__PINV_MY__PINV_R0__g0p0.lyrdb
PINV,MY,PINV,R0,0.0025,True,0,False,True,False,True,,outputs/PROJECT_decoder_gate_abutment_matrix/_pair_trials/PAIR__PINV_MY__PINV_R0__g0p0025.gds,342e0e8cfdfa1f0f3bcba6e817142ffdec6e8313ae883f00b9d41ffd19182af5,outputs/PROJECT_decoder_gate_abutment_matrix/_pair_trials/PAIR__PINV_MY__PINV_R0__g0p0025_drc/PAIR__PINV_MY__PINV_R0__g0p0025.lyrdb
PINV,MY,PINV,R0,0.07,True,0,False,True,False,True,,outputs/PROJECT_decoder_gate_abutment_matrix/_pair_trials/PAIR__PINV_MY__PINV_R0__g0p07.gds,ac305cc93b24e321b2bccac13c85ffa7d6af47208bba37932fcc740055af6e17,outputs/PROJECT_decoder_gate_abutment_matrix/_pair_trials/PAIR__PINV_MY__PINV_R0__g0p07_drc/PAIR__PINV_MY__PINV_R0__g0p07.lyrdb
PINV,MY,PINV,R0,0.14,True,0,False,True,False,True,,outputs/PROJECT_decoder_gate_abutment_matrix/_pair_trials/PAIR__PINV_MY__PINV_R0__g0p14.gds,9cab035ea2635a2661807194282ea57b50dccef96cd501426e41748f3ac34b08,outputs/PROJECT_decoder_gate_abutment_matrix/_pair_trials/PAIR__PINV_MY__PINV_R0__g0p14_drc/PAIR__PINV_MY__PINV_R0__g0p14.lyrdb
PINV,MY,PINV,R180,0.0,True,0,False,True,False,True,,outputs/PROJECT_decoder_gate_abutment_matrix/_pair_trials/PAIR__PINV_MY__PINV_R180__g0p0.gds,ad1d8ac4562918bfee4bd1a46f2ac55b70907baf7d33a1e3979b3627def439cb,outputs/PROJECT_decoder_gate_abutment_matrix/_pair_trials/PAIR__PINV_MY__PINV_R180__g0p0_drc/PAIR__PINV_MY__PINV_R180__g0p0.lyrdb
PINV,MY,PINV,R180,0.0025,True,1,False,True,True,False,drc_marker_count=1,outputs/PROJECT_decoder_gate_abutment_matrix/_pair_trials/PAIR__PINV_MY__PINV_R180__g0p0025.gds,7be0ad164ddc4d03a2593f84b5d4b89f35b80ab6908e711bc45ae8856254e4c0,outputs/PROJECT_decoder_gate_abutment_matrix/_pair_trials/PAIR__PINV_MY__PINV_R180__g0p0025_drc/PAIR__PINV_MY__PINV_R180__g0p0025.lyrdb
PINV,MY,PINV,R180,0.07,True,1,False,True,True,False,drc_marker_count=1,outputs/PROJECT_decoder_gate_abutment_matrix/_pair_trials/PAIR__PINV_MY__PINV_R180__g0p07.gds,b9697f1b0ff14a4343a672625ebc4bac3940be61711114e5b959106f79308cd4,outputs/PROJECT_decoder_gate_abutment_matrix/_pair_trials/PAIR__PINV_MY__PINV_R180__g0p07_drc/PAIR__PINV_MY__PINV_R180__g0p07.lyrdb
PINV,MY,PINV,R180,0.14,True,1,False,True,True,False,drc_marker_count=1,outputs/PROJECT_decoder_gate_abutment_matrix/_pair_trials/PAIR__PINV_MY__PINV_R180__g0p14.gds,463aa2d57306b4feb6035690f63add3f0efe53c720a5b6b886cec81da3dd36af,outputs/PROJECT_decoder_gate_abutment_matrix/_pair_trials/PAIR__PINV_MY__PINV_R180__g0p14_drc/PAIR__PINV_MY__PINV_R180__g0p14.lyrdb
PINV,MY,PINV,MX,0.0,False,0,False,False,False,True,,outputs/PROJECT_decoder_gate_abutment_matrix/_pair_trials/PAIR__PINV_MY__PINV_MX__g0p0.gds,ee82929c341b9ef8d7e835f9eeceeef1a083b128938cc5e0a049c159bddf63ec,outputs/PROJECT_decoder_gate_abutment_matrix/_pair_trials/PAIR__PINV_MY__PINV_MX__g0p0_drc/PAIR__PINV_MY__PINV_MX__g0p0.lyrdb
PINV,MY,PINV,MX,0.0025,False,0,False,False,False,True,,outputs/PROJECT_decoder_gate_abutment_matrix/_pair_trials/PAIR__PINV_MY__PINV_MX__g0p0025.gds,38eef0e5a2cc32341a6a72113b2af709336d30f81796214cc78c8b8146ac46ed,outputs/PROJECT_decoder_gate_abutment_matrix/_pair_trials/PAIR__PINV_MY__PINV_MX__g0p0025_drc/PAIR__PINV_MY__PINV_MX__g0p0025.lyrdb
PINV,MY,PINV,MX,0.07,False,0,False,False,False,True,,outputs/PROJECT_decoder_gate_abutment_matrix/_pair_trials/PAIR__PINV_MY__PINV_MX__g0p07.gds,2a7b4f6ad58c449c7ccc30ce7debeb9be7f877b84133b68216983903caf58737,outputs/PROJECT_decoder_gate_abutment_matrix/_pair_trials/PAIR__PINV_MY__PINV_MX__g0p07_drc/PAIR__PINV_MY__PINV_MX__g0p07.lyrdb
PINV,MY,PINV,MX,0.14,False,0,False,False,False,True,,outputs/PROJECT_decoder_gate_abutment_matrix/_pair_trials/PAIR__PINV_MY__PINV_MX__g0p14.gds,0bc9818fe14c673bcc4f8efa124965b8fd65aabc4cd6fdcda4f47e08628a536d,outputs/PROJECT_decoder_gate_abutment_matrix/_pair_trials/PAIR__PINV_MY__PINV_MX__g0p14_drc/PAIR__PINV_MY__PINV_MX__g0p14.lyrdb
PINV,MY,PINV,MY,0.0,True,0,False,True,False,True,,outputs/PROJECT_decoder_gate_abutment_matrix/_pair_trials/PAIR__PINV_MY__PINV_MY__g0p0.gds,129c704fc4c6c30b9d3f4e3410f1a84bf9a08070ba05a4b7dc9954bb99741c5a,outputs/PROJECT_decoder_gate_abutment_matrix/_pair_trials/PAIR__PINV_MY__PINV_MY__g0p0_drc/PAIR__PINV_MY__PINV_MY__g0p0.lyrdb
PINV,MY,PINV,MY,0.0025,True,1,False,True,True,False,drc_marker_count=1,outputs/PROJECT_decoder_gate_abutment_matrix/_pair_trials/PAIR__PINV_MY__PINV_MY__g0p0025.gds,6bf2e8c9099db6e601d46121ca41d7e946ee3876a7554a059e82318dde4b8050,outputs/PROJECT_decoder_gate_abutment_matrix/_pair_trials/PAIR__PINV_MY__PINV_MY__g0p0025_drc/PAIR__PINV_MY__PINV_MY__g0p0025.lyrdb
PINV,MY,PINV,MY,0.07,True,1,False,True,True,False,drc_marker_count=1,outputs/PROJECT_decoder_gate_abutment_matrix/_pair_trials/PAIR__PINV_MY__PINV_MY__g0p07.gds,53e903b5f37e51d7b63e52b6cadfcf8ef50ce0bca99bf46471fbd2cb02188821,outputs/PROJECT_decoder_gate_abutment_matrix/_pair_trials/PAIR__PINV_MY__PINV_MY__g0p07_drc/PAIR__PINV_MY__PINV_MY__g0p07.lyrdb
PINV,MY,PINV,MY,0.14,True,1,False,True,True,False,drc_marker_count=1,outputs/PROJECT_decoder_gate_abutment_matrix/_pair_trials/PAIR__PINV_MY__PINV_MY__g0p14.gds,6ac2929e2612a88336016843232cdf80bf6b8b8fb9107d81c3a9b8cf6a85f2ae,outputs/PROJECT_decoder_gate_abutment_matrix/_pair_trials/PAIR__PINV_MY__PINV_MY__g0p14_drc/PAIR__PINV_MY__PINV_MY__g0p14.lyrdb
PINV,MY,PNAND2,R0,0.0,True,0,False,True,False,True,,outputs/PROJECT_decoder_gate_abutment_matrix/_pair_trials/PAIR__PINV_MY__PNAND2_R0__g0p0.gds,0170c1d5ae5b97350647821ddc015a838c11468d8307c58e73cbc250f6560ce3,outputs/PROJECT_decoder_gate_abutment_matrix/_pair_trials/PAIR__PINV_MY__PNAND2_R0__g0p0_drc/PAIR__PINV_MY__PNAND2_R0__g0p0.lyrdb
PINV,MY,PNAND2,R0,0.0025,True,0,False,True,False,True,,outputs/PROJECT_decoder_gate_abutment_matrix/_pair_trials/PAIR__PINV_MY__PNAND2_R0__g0p0025.gds,0cb556cf6f8eeb61343e3ad17660014f28d81b63fb977e35f49977d49889d9bc,outputs/PROJECT_decoder_gate_abutment_matrix/_pair_trials/PAIR__PINV_MY__PNAND2_R0__g0p0025_drc/PAIR__PINV_MY__PNAND2_R0__g0p0025.lyrdb
PINV,MY,PNAND2,R0,0.07,True,0,False,True,False,True,,outputs/PROJECT_decoder_gate_abutment_matrix/_pair_trials/PAIR__PINV_MY__PNAND2_R0__g0p07.gds,eb6dff95e9501e10d9812b6b5deb2085d081b28a88e8a95368429f1d438588f8,outputs/PROJECT_decoder_gate_abutment_matrix/_pair_trials/PAIR__PINV_MY__PNAND2_R0__g0p07_drc/PAIR__PINV_MY__PNAND2_R0__g0p07.lyrdb
PINV,MY,PNAND2,R0,0.14,True,0,False,True,False,True,,outputs/PROJECT_decoder_gate_abutment_matrix/_pair_trials/PAIR__PINV_MY__PNAND2_R0__g0p14.gds,a62d6b5f87aa4d9adf1c8476283d4bb9285bf635790ac1cd9085bfd699febc42,outputs/PROJECT_decoder_gate_abutment_matrix/_pair_trials/PAIR__PINV_MY__PNAND2_R0__g0p14_drc/PAIR__PINV_MY__PNAND2_R0__g0p14.lyrdb
PINV,MY,PNAND2,R180,0.0,True,0,False,True,False,True,,outputs/PROJECT_decoder_gate_abutment_matrix/_pair_trials/PAIR__PINV_MY__PNAND2_R180__g0p0.gds,f4ee223c9437941b660a9f509fe518edb7386fa6b2f64414841c978f6656d04d,outputs/PROJECT_decoder_gate_abutment_matrix/_pair_trials/PAIR__PINV_MY__PNAND2_R180__g0p0_drc/PAIR__PINV_MY__PNAND2_R180__g0p0.lyrdb
PINV,MY,PNAND2,R180,0.0025,True,0,False,True,False,True,,outputs/PROJECT_decoder_gate_abutment_matrix/_pair_trials/PAIR__PINV_MY__PNAND2_R180__g0p0025.gds,f729b64fef976d4ecb7cc7520b6be93cbe5cf8b9d42bda0728a7421fba2cca2f,outputs/PROJECT_decoder_gate_abutment_matrix/_pair_trials/PAIR__PINV_MY__PNAND2_R180__g0p0025_drc/PAIR__PINV_MY__PNAND2_R180__g0p0025.lyrdb
PINV,MY,PNAND2,R180,0.07,True,0,False,True,False,True,,outputs/PROJECT_decoder_gate_abutment_matrix/_pair_trials/PAIR__PINV_MY__PNAND2_R180__g0p07.gds,0526d8c05ef9008a4b0b6096e902fa5994f34f99680c3fbe23e4571d81c507be,outputs/PROJECT_decoder_gate_abutment_matrix/_pair_trials/PAIR__PINV_MY__PNAND2_R180__g0p07_drc/PAIR__PINV_MY__PNAND2_R180__g0p07.lyrdb
PINV,MY,PNAND2,R180,0.14,True,4,False,True,True,False,drc_marker_count=4,outputs/PROJECT_decoder_gate_abutment_matrix/_pair_trials/PAIR__PINV_MY__PNAND2_R180__g0p14.gds,ce01fb94649bf60ea6bdcd1ed525e09316a8bf3e07742ccdb825b3933bc3f294,outputs/PROJECT_decoder_gate_abutment_matrix/_pair_trials/PAIR__PINV_MY__PNAND2_R180__g0p14_drc/PAIR__PINV_MY__PNAND2_R180__g0p14.lyrdb
PINV,MY,PNAND2,MX,0.0,False,0,False,False,False,True,,outputs/PROJECT_decoder_gate_abutment_matrix/_pair_trials/PAIR__PINV_MY__PNAND2_MX__g0p0.gds,883506ee6da79d114e42702807089c5aa773ec0d50d4934800e9b35271ab9ed5,outputs/PROJECT_decoder_gate_abutment_matrix/_pair_trials/PAIR__PINV_MY__PNAND2_MX__g0p0_drc/PAIR__PINV_MY__PNAND2_MX__g0p0.lyrdb
PINV,MY,PNAND2,MX,0.0025,False,0,False,False,False,True,,outputs/PROJECT_decoder_gate_abutment_matrix/_pair_trials/PAIR__PINV_MY__PNAND2_MX__g0p0025.gds,67ccd176425ec5adcc6c4ce5c64c684f838623a517b4a01c01600afc89314b6b,outputs/PROJECT_decoder_gate_abutment_matrix/_pair_trials/PAIR__PINV_MY__PNAND2_MX__g0p0025_drc/PAIR__PINV_MY__PNAND2_MX__g0p0025.lyrdb
PINV,MY,PNAND2,MX,0.07,False,0,False,False,False,True,,outputs/PROJECT_decoder_gate_abutment_matrix/_pair_trials/PAIR__PINV_MY__PNAND2_MX__g0p07.gds,f3ac5c6d3e136fa319fc210891ef7b2f82c3d82039418e5ed4b51fa37c32127a,outputs/PROJECT_decoder_gate_abutment_matrix/_pair_trials/PAIR__PINV_MY__PNAND2_MX__g0p07_drc/PAIR__PINV_MY__PNAND2_MX__g0p07.lyrdb
PINV,MY,PNAND2,MX,0.14,False,0,False,False,False,True,,outputs/PROJECT_decoder_gate_abutment_matrix/_pair_trials/PAIR__PINV_MY__PNAND2_MX__g0p14.gds,0f86a9ea4d277747779b18ffa42670d2f1e13fb96306c173d1ee62b84fe9ded2,outputs/PROJECT_decoder_gate_abutment_matrix/_pair_trials/PAIR__PINV_MY__PNAND2_MX__g0p14_drc/PAIR__PINV_MY__PNAND2_MX__g0p14.lyrdb
PINV,MY,PNAND2,MY,0.0,True,0,False,True,False,True,,outputs/PROJECT_decoder_gate_abutment_matrix/_pair_trials/PAIR__PINV_MY__PNAND2_MY__g0p0.gds,b446486b8f3d20c63b6fd680a4dc63714122c7b37d650a3b41ef1b4b681936ee,outputs/PROJECT_decoder_gate_abutment_matrix/_pair_trials/PAIR__PINV_MY__PNAND2_MY__g0p0_drc/PAIR__PINV_MY__PNAND2_MY__g0p0.lyrdb
PINV,MY,PNAND2,MY,0.0025,True,0,False,True,False,True,,outputs/PROJECT_decoder_gate_abutment_matrix/_pair_trials/PAIR__PINV_MY__PNAND2_MY__g0p0025.gds,40fe86d0a8e5189c43dddfe81d6db7429c338203790c247666b48cb2149907e6,outputs/PROJECT_decoder_gate_abutment_matrix/_pair_trials/PAIR__PINV_MY__PNAND2_MY__g0p0025_drc/PAIR__PINV_MY__PNAND2_MY__g0p0025.lyrdb
PINV,MY,PNAND2,MY,0.07,True,0,False,True,False,True,,outputs/PROJECT_decoder_gate_abutment_matrix/_pair_trials/PAIR__PINV_MY__PNAND2_MY__g0p07.gds,87ad8a884ba963e219852819372d1623ec45d00be2bb9e41d874096039aa83ea,outputs/PROJECT_decoder_gate_abutment_matrix/_pair_trials/PAIR__PINV_MY__PNAND2_MY__g0p07_drc/PAIR__PINV_MY__PNAND2_MY__g0p07.lyrdb
PINV,MY,PNAND2,MY,0.14,True,8,False,True,True,False,drc_marker_count=8,outputs/PROJECT_decoder_gate_abutment_matrix/_pair_trials/PAIR__PINV_MY__PNAND2_MY__g0p14.gds,e7288b9f5687183152dc95e5ed8397ecb804913b7e26d3d490aee853a1610da6,outputs/PROJECT_decoder_gate_abutment_matrix/_pair_trials/PAIR__PINV_MY__PNAND2_MY__g0p14_drc/PAIR__PINV_MY__PNAND2_MY__g0p14.lyrdb
PINV,MY,PNAND3,R0,0.0,True,0,False,True,False,True,,outputs/PROJECT_decoder_gate_abutment_matrix/_pair_trials/PAIR__PINV_MY__PNAND3_R0__g0p0.gds,a0df54d6de4c52ffb09d392fe28ab4611cd8692109b629d71f35a54ef80af13c,outputs/PROJECT_decoder_gate_abutment_matrix/_pair_trials/PAIR__PINV_MY__PNAND3_R0__g0p0_drc/PAIR__PINV_MY__PNAND3_R0__g0p0.lyrdb
PINV,MY,PNAND3,R0,0.0025,True,0,False,True,False,True,,outputs/PROJECT_decoder_gate_abutment_matrix/_pair_trials/PAIR__PINV_MY__PNAND3_R0__g0p0025.gds,8e56a4c62b60a874f972bc4185093b27ad85807f4518f9091fef09c02c968f5b,outputs/PROJECT_decoder_gate_abutment_matrix/_pair_trials/PAIR__PINV_MY__PNAND3_R0__g0p0025_drc/PAIR__PINV_MY__PNAND3_R0__g0p0025.lyrdb
PINV,MY,PNAND3,R0,0.07,True,0,False,True,False,True,,outputs/PROJECT_decoder_gate_abutment_matrix/_pair_trials/PAIR__PINV_MY__PNAND3_R0__g0p07.gds,3dde0c31c73f2cc1fa4252bb36cc12d0bc802747749af8f68df76b86c8197070,outputs/PROJECT_decoder_gate_abutment_matrix/_pair_trials/PAIR__PINV_MY__PNAND3_R0__g0p07_drc/PAIR__PINV_MY__PNAND3_R0__g0p07.lyrdb
PINV,MY,PNAND3,R0,0.14,True,0,False,True,False,True,,outputs/PROJECT_decoder_gate_abutment_matrix/_pair_trials/PAIR__PINV_MY__PNAND3_R0__g0p14.gds,1492720122abe9e2f1718001eddc674e22673594c0eb103c587ec3b01b06410f,outputs/PROJECT_decoder_gate_abutment_matrix/_pair_trials/PAIR__PINV_MY__PNAND3_R0__g0p14_drc/PAIR__PINV_MY__PNAND3_R0__g0p14.lyrdb
PINV,MY,PNAND3,R180,0.0,True,0,False,True,False,True,,outputs/PROJECT_decoder_gate_abutment_matrix/_pair_trials/PAIR__PINV_MY__PNAND3_R180__g0p0.gds,e02c12de56d3ae14a484582b21adbfb7716af9526b891b72e94a8144e4bdf2f9,outputs/PROJECT_decoder_gate_abutment_matrix/_pair_trials/PAIR__PINV_MY__PNAND3_R180__g0p0_drc/PAIR__PINV_MY__PNAND3_R180__g0p0.lyrdb
PINV,MY,PNAND3,R180,0.0025,True,0,False,True,False,True,,outputs/PROJECT_decoder_gate_abutment_matrix/_pair_trials/PAIR__PINV_MY__PNAND3_R180__g0p0025.gds,b51fbc2ec4ffac0e5037c00631a87732db07fdc5cfd6e2f1b3e28fd43d20370b,outputs/PROJECT_decoder_gate_abutment_matrix/_pair_trials/PAIR__PINV_MY__PNAND3_R180__g0p0025_drc/PAIR__PINV_MY__PNAND3_R180__g0p0025.lyrdb
PINV,MY,PNAND3,R180,0.07,True,0,False,True,False,True,,outputs/PROJECT_decoder_gate_abutment_matrix/_pair_trials/PAIR__PINV_MY__PNAND3_R180__g0p07.gds,73a9cd369b1c8d4ee66f5a9081b1f48dc71db80b550fb27df0332021750acaad,outputs/PROJECT_decoder_gate_abutment_matrix/_pair_trials/PAIR__PINV_MY__PNAND3_R180__g0p07_drc/PAIR__PINV_MY__PNAND3_R180__g0p07.lyrdb
PINV,MY,PNAND3,R180,0.14,True,0,False,True,False,True,,outputs/PROJECT_decoder_gate_abutment_matrix/_pair_trials/PAIR__PINV_MY__PNAND3_R180__g0p14.gds,b530e3eb7c16470bbe98815f3d1a99be05e591d776a11006423894f0479033b3,outputs/PROJECT_decoder_gate_abutment_matrix/_pair_trials/PAIR__PINV_MY__PNAND3_R180__g0p14_drc/PAIR__PINV_MY__PNAND3_R180__g0p14.lyrdb
PINV,MY,PNAND3,MX,0.0,False,0,False,False,False,True,,outputs/PROJECT_decoder_gate_abutment_matrix/_pair_trials/PAIR__PINV_MY__PNAND3_MX__g0p0.gds,57eeaaad45aeaeda85876a197f83fe4ac4ead228d2904ebbb97a7793cb98d773,outputs/PROJECT_decoder_gate_abutment_matrix/_pair_trials/PAIR__PINV_MY__PNAND3_MX__g0p0_drc/PAIR__PINV_MY__PNAND3_MX__g0p0.lyrdb
PINV,MY,PNAND3,MX,0.0025,False,0,False,False,False,True,,outputs/PROJECT_decoder_gate_abutment_matrix/_pair_trials/PAIR__PINV_MY__PNAND3_MX__g0p0025.gds,23dc4c14591ce8222ec835b3d7641458d419964d09e6f6fbbfe3b678b72427a6,outputs/PROJECT_decoder_gate_abutment_matrix/_pair_trials/PAIR__PINV_MY__PNAND3_MX__g0p0025_drc/PAIR__PINV_MY__PNAND3_MX__g0p0025.lyrdb
PINV,MY,PNAND3,MX,0.07,False,0,False,False,False,True,,outputs/PROJECT_decoder_gate_abutment_matrix/_pair_trials/PAIR__PINV_MY__PNAND3_MX__g0p07.gds,fe2b3e594b7743899f7ca6f58b73c139657f52d99b79d71dbdb2a59803545e65,outputs/PROJECT_decoder_gate_abutment_matrix/_pair_trials/PAIR__PINV_MY__PNAND3_MX__g0p07_drc/PAIR__PINV_MY__PNAND3_MX__g0p07.lyrdb
PINV,MY,PNAND3,MX,0.14,False,0,False,False,False,True,,outputs/PROJECT_decoder_gate_abutment_matrix/_pair_trials/PAIR__PINV_MY__PNAND3_MX__g0p14.gds,0dcaf366363764e84ded60052a74c8a81b199ec7116454e0bdf74dcf0d29bc7d,outputs/PROJECT_decoder_gate_abutment_matrix/_pair_trials/PAIR__PINV_MY__PNAND3_MX__g0p14_drc/PAIR__PINV_MY__PNAND3_MX__g0p14.lyrdb
PINV,MY,PNAND3,MY,0.0,True,24,False,True,True,False,drc_marker_count=24,outputs/PROJECT_decoder_gate_abutment_matrix/_pair_trials/PAIR__PINV_MY__PNAND3_MY__g0p0.gds,1b5d7204721ecab6e1547150138527df7a7134f489fefa4a28ac50eac19b6d24,outputs/PROJECT_decoder_gate_abutment_matrix/_pair_trials/PAIR__PINV_MY__PNAND3_MY__g0p0_drc/PAIR__PINV_MY__PNAND3_MY__g0p0.lyrdb
PINV,MY,PNAND3,MY,0.0025,True,24,False,True,True,False,drc_marker_count=24,outputs/PROJECT_decoder_gate_abutment_matrix/_pair_trials/PAIR__PINV_MY__PNAND3_MY__g0p0025.gds,0e7337eab983c15bb3026fb5941b7f003479540e078aef67101246f3613df564,outputs/PROJECT_decoder_gate_abutment_matrix/_pair_trials/PAIR__PINV_MY__PNAND3_MY__g0p0025_drc/PAIR__PINV_MY__PNAND3_MY__g0p0025.lyrdb
PINV,MY,PNAND3,MY,0.07,True,26,False,True,True,False,drc_marker_count=26,outputs/PROJECT_decoder_gate_abutment_matrix/_pair_trials/PAIR__PINV_MY__PNAND3_MY__g0p07.gds,ccb2ab623540f21c45787c1d3e414fe34d1fb6d4fe10e7c07075545b68893f2a,outputs/PROJECT_decoder_gate_abutment_matrix/_pair_trials/PAIR__PINV_MY__PNAND3_MY__g0p07_drc/PAIR__PINV_MY__PNAND3_MY__g0p07.lyrdb
PINV,MY,PNAND3,MY,0.14,True,7,False,True,True,False,drc_marker_count=7,outputs/PROJECT_decoder_gate_abutment_matrix/_pair_trials/PAIR__PINV_MY__PNAND3_MY__g0p14.gds,dfaabd3f5788cdec1ab2f842a7f6d2e879270436bbf57f45cc16918e5253d7f8,outputs/PROJECT_decoder_gate_abutment_matrix/_pair_trials/PAIR__PINV_MY__PNAND3_MY__g0p14_drc/PAIR__PINV_MY__PNAND3_MY__g0p14.lyrdb
PINV,MY,AND2,R0,0.0,True,0,False,True,False,True,,outputs/PROJECT_decoder_gate_abutment_matrix/_pair_trials/PAIR__PINV_MY__AND2_R0__g0p0.gds,db5bad9ff6c025606efd258c3fb983ede933ea1194ecfbf0e2c91bfb865274f2,outputs/PROJECT_decoder_gate_abutment_matrix/_pair_trials/PAIR__PINV_MY__AND2_R0__g0p0_drc/PAIR__PINV_MY__AND2_R0__g0p0.lyrdb
PINV,MY,AND2,R0,0.0025,True,0,False,True,False,True,,outputs/PROJECT_decoder_gate_abutment_matrix/_pair_trials/PAIR__PINV_MY__AND2_R0__g0p0025.gds,f067fa06d190567d1c906735b0c993e6133e23a25d33bc109a6f3b4db9798deb,outputs/PROJECT_decoder_gate_abutment_matrix/_pair_trials/PAIR__PINV_MY__AND2_R0__g0p0025_drc/PAIR__PINV_MY__AND2_R0__g0p0025.lyrdb
PINV,MY,AND2,R0,0.07,True,0,False,True,False,True,,outputs/PROJECT_decoder_gate_abutment_matrix/_pair_trials/PAIR__PINV_MY__AND2_R0__g0p07.gds,b863c6667e404fa2e6cae6b17200a6eddaaa05daf95c15a4d0f48f134ed14e4f,outputs/PROJECT_decoder_gate_abutment_matrix/_pair_trials/PAIR__PINV_MY__AND2_R0__g0p07_drc/PAIR__PINV_MY__AND2_R0__g0p07.lyrdb
PINV,MY,AND2,R0,0.14,True,0,False,True,False,True,,outputs/PROJECT_decoder_gate_abutment_matrix/_pair_trials/PAIR__PINV_MY__AND2_R0__g0p14.gds,f6adc176a043833a11d3e1a74bd692949585c8a3e6187c6a6d142a5746011a50,outputs/PROJECT_decoder_gate_abutment_matrix/_pair_trials/PAIR__PINV_MY__AND2_R0__g0p14_drc/PAIR__PINV_MY__AND2_R0__g0p14.lyrdb
PINV,MY,AND2,R180,0.0,True,0,False,True,False,True,,outputs/PROJECT_decoder_gate_abutment_matrix/_pair_trials/PAIR__PINV_MY__AND2_R180__g0p0.gds,7add862f4c0407066de62aa3d8697e229f74986068d5055b3eb468c8ad26031b,outputs/PROJECT_decoder_gate_abutment_matrix/_pair_trials/PAIR__PINV_MY__AND2_R180__g0p0_drc/PAIR__PINV_MY__AND2_R180__g0p0.lyrdb
PINV,MY,AND2,R180,0.0025,True,0,False,True,False,True,,outputs/PROJECT_decoder_gate_abutment_matrix/_pair_trials/PAIR__PINV_MY__AND2_R180__g0p0025.gds,182cba9bc27bc3874a8b7769e97606b65649e1b9e0df428046cab1720302e2f2,outputs/PROJECT_decoder_gate_abutment_matrix/_pair_trials/PAIR__PINV_MY__AND2_R180__g0p0025_drc/PAIR__PINV_MY__AND2_R180__g0p0025.lyrdb
PINV,MY,AND2,R180,0.07,True,0,False,True,False,True,,outputs/PROJECT_decoder_gate_abutment_matrix/_pair_trials/PAIR__PINV_MY__AND2_R180__g0p07.gds,5efa36685bb13e3493783ac220d391167f61bb16ed66f0520b979052850a3d56,outputs/PROJECT_decoder_gate_abutment_matrix/_pair_trials/PAIR__PINV_MY__AND2_R180__g0p07_drc/PAIR__PINV_MY__AND2_R180__g0p07.lyrdb
PINV,MY,AND2,R180,0.14,True,0,False,True,False,True,,outputs/PROJECT_decoder_gate_abutment_matrix/_pair_trials/PAIR__PINV_MY__AND2_R180__g0p14.gds,77f9b55de321c99d331e6c2dbf439ac9791f9b38be98a727070c65488046fea4,outputs/PROJECT_decoder_gate_abutment_matrix/_pair_trials/PAIR__PINV_MY__AND2_R180__g0p14_drc/PAIR__PINV_MY__AND2_R180__g0p14.lyrdb
PINV,MY,AND2,MX,0.0,False,0,False,False,False,True,,outputs/PROJECT_decoder_gate_abutment_matrix/_pair_trials/PAIR__PINV_MY__AND2_MX__g0p0.gds,56f6de3e02aa8eaac97466555eb2acac4c89885209eccdc5a86d55c2848b0ee7,outputs/PROJECT_decoder_gate_abutment_matrix/_pair_trials/PAIR__PINV_MY__AND2_MX__g0p0_drc/PAIR__PINV_MY__AND2_MX__g0p0.lyrdb
PINV,MY,AND2,MX,0.0025,False,0,False,False,False,True,,outputs/PROJECT_decoder_gate_abutment_matrix/_pair_trials/PAIR__PINV_MY__AND2_MX__g0p0025.gds,80ea85d42275060b3ec1e8fee88fb28d2846bf647005f3ee29d814b59c5fc5d9,outputs/PROJECT_decoder_gate_abutment_matrix/_pair_trials/PAIR__PINV_MY__AND2_MX__g0p0025_drc/PAIR__PINV_MY__AND2_MX__g0p0025.lyrdb
PINV,MY,AND2,MX,0.07,False,0,False,False,False,True,,outputs/PROJECT_decoder_gate_abutment_matrix/_pair_trials/PAIR__PINV_MY__AND2_MX__g0p07.gds,77d9cb0998583386f601b6f6a90360846130a0def1451e5910714a10a4ca4914,outputs/PROJECT_decoder_gate_abutment_matrix/_pair_trials/PAIR__PINV_MY__AND2_MX__g0p07_drc/PAIR__PINV_MY__AND2_MX__g0p07.lyrdb
PINV,MY,AND2,MX,0.14,False,0,False,False,False,True,,outputs/PROJECT_decoder_gate_abutment_matrix/_pair_trials/PAIR__PINV_MY__AND2_MX__g0p14.gds,9ccc07c8fbebb66b78ba60854bf6597b1cf66077fc11e70d566e5ce3dcf6db8e,outputs/PROJECT_decoder_gate_abutment_matrix/_pair_trials/PAIR__PINV_MY__AND2_MX__g0p14_drc/PAIR__PINV_MY__AND2_MX__g0p14.lyrdb
PINV,MY,AND2,MY,0.0,True,53,False,True,True,False,drc_marker_count=53,outputs/PROJECT_decoder_gate_abutment_matrix/_pair_trials/PAIR__PINV_MY__AND2_MY__g0p0.gds,d588c4968a7098cfc298c9a19821ba61f86ea2a49b900ed66c2f7727ba04d765,outputs/PROJECT_decoder_gate_abutment_matrix/_pair_trials/PAIR__PINV_MY__AND2_MY__g0p0_drc/PAIR__PINV_MY__AND2_MY__g0p0.lyrdb
PINV,MY,AND2,MY,0.0025,True,51,False,True,True,False,drc_marker_count=51,outputs/PROJECT_decoder_gate_abutment_matrix/_pair_trials/PAIR__PINV_MY__AND2_MY__g0p0025.gds,c529e68045e1f750a74266494411ea9196b2db04d38fde90d7c28a26e6111f05,outputs/PROJECT_decoder_gate_abutment_matrix/_pair_trials/PAIR__PINV_MY__AND2_MY__g0p0025_drc/PAIR__PINV_MY__AND2_MY__g0p0025.lyrdb
PINV,MY,AND2,MY,0.07,True,32,False,True,True,False,drc_marker_count=32,outputs/PROJECT_decoder_gate_abutment_matrix/_pair_trials/PAIR__PINV_MY__AND2_MY__g0p07.gds,0e4eddb8a7dd9564aa383191fe2bb9fc661072daa1b33f5ec07e719be07cf924,outputs/PROJECT_decoder_gate_abutment_matrix/_pair_trials/PAIR__PINV_MY__AND2_MY__g0p07_drc/PAIR__PINV_MY__AND2_MY__g0p07.lyrdb
PINV,MY,AND2,MY,0.14,True,24,False,True,True,False,drc_marker_count=24,outputs/PROJECT_decoder_gate_abutment_matrix/_pair_trials/PAIR__PINV_MY__AND2_MY__g0p14.gds,40afb977860d34d2a24ef6f84f46388f9e01693b33aa999ef9d01268daad3430,outputs/PROJECT_decoder_gate_abutment_matrix/_pair_trials/PAIR__PINV_MY__AND2_MY__g0p14_drc/PAIR__PINV_MY__AND2_MY__g0p14.lyrdb
PINV,MY,AND3,R0,0.0,True,0,False,True,False,True,,outputs/PROJECT_decoder_gate_abutment_matrix/_pair_trials/PAIR__PINV_MY__AND3_R0__g0p0.gds,5a58774e375c3d73be9ac61d51f1a8a5ce11ee44bcb59f86a1f212c0e2819aaa,outputs/PROJECT_decoder_gate_abutment_matrix/_pair_trials/PAIR__PINV_MY__AND3_R0__g0p0_drc/PAIR__PINV_MY__AND3_R0__g0p0.lyrdb
PINV,MY,AND3,R0,0.0025,True,0,False,True,False,True,,outputs/PROJECT_decoder_gate_abutment_matrix/_pair_trials/PAIR__PINV_MY__AND3_R0__g0p0025.gds,71dfe2750050d18a88a3a80ea961e4ed38d18f198217318929fead732b00a9d1,outputs/PROJECT_decoder_gate_abutment_matrix/_pair_trials/PAIR__PINV_MY__AND3_R0__g0p0025_drc/PAIR__PINV_MY__AND3_R0__g0p0025.lyrdb
PINV,MY,AND3,R0,0.07,True,0,False,True,False,True,,outputs/PROJECT_decoder_gate_abutment_matrix/_pair_trials/PAIR__PINV_MY__AND3_R0__g0p07.gds,9e8bf343bc6a0a7d716650d25b37d5aeb453705aa8a1c273441718327baeaddb,outputs/PROJECT_decoder_gate_abutment_matrix/_pair_trials/PAIR__PINV_MY__AND3_R0__g0p07_drc/PAIR__PINV_MY__AND3_R0__g0p07.lyrdb
PINV,MY,AND3,R0,0.14,True,0,False,True,False,True,,outputs/PROJECT_decoder_gate_abutment_matrix/_pair_trials/PAIR__PINV_MY__AND3_R0__g0p14.gds,ec30b7e57c6039866943521a8d6e92a1aef082cd7899e02d9ea073d78ba32206,outputs/PROJECT_decoder_gate_abutment_matrix/_pair_trials/PAIR__PINV_MY__AND3_R0__g0p14_drc/PAIR__PINV_MY__AND3_R0__g0p14.lyrdb
PINV,MY,AND3,R180,0.0,True,0,False,True,False,True,,outputs/PROJECT_decoder_gate_abutment_matrix/_pair_trials/PAIR__PINV_MY__AND3_R180__g0p0.gds,9dda47b3763707c66d29a0b9a3c09fe15a5331e1668609d2a7cf8acc20f2e029,outputs/PROJECT_decoder_gate_abutment_matrix/_pair_trials/PAIR__PINV_MY__AND3_R180__g0p0_drc/PAIR__PINV_MY__AND3_R180__g0p0.lyrdb
PINV,MY,AND3,R180,0.0025,True,0,False,True,False,True,,outputs/PROJECT_decoder_gate_abutment_matrix/_pair_trials/PAIR__PINV_MY__AND3_R180__g0p0025.gds,550256ac442f370365c85af6de0252ff618aa5d63f4ce74a6e3a20b660523e70,outputs/PROJECT_decoder_gate_abutment_matrix/_pair_trials/PAIR__PINV_MY__AND3_R180__g0p0025_drc/PAIR__PINV_MY__AND3_R180__g0p0025.lyrdb
PINV,MY,AND3,R180,0.07,True,0,False,True,False,True,,outputs/PROJECT_decoder_gate_abutment_matrix/_pair_trials/PAIR__PINV_MY__AND3_R180__g0p07.gds,b9cfa3016031e54852b70c0e9dc7cbbbd2621e7476496c0148e185542ea1962d,outputs/PROJECT_decoder_gate_abutment_matrix/_pair_trials/PAIR__PINV_MY__AND3_R180__g0p07_drc/PAIR__PINV_MY__AND3_R180__g0p07.lyrdb
PINV,MY,AND3,R180,0.14,True,0,False,True,False,True,,outputs/PROJECT_decoder_gate_abutment_matrix/_pair_trials/PAIR__PINV_MY__AND3_R180__g0p14.gds,6a88fdabc511aecf69c7f67138842b5fc8ed48416c580b8124650aee096f5da6,outputs/PROJECT_decoder_gate_abutment_matrix/_pair_trials/PAIR__PINV_MY__AND3_R180__g0p14_drc/PAIR__PINV_MY__AND3_R180__g0p14.lyrdb
PINV,MY,AND3,MX,0.0,False,0,False,False,False,True,,outputs/PROJECT_decoder_gate_abutment_matrix/_pair_trials/PAIR__PINV_MY__AND3_MX__g0p0.gds,d5db9bab5e6be6275e7982c9257174cf0d14020ff3f5355ce83aeb18e92cb63e,outputs/PROJECT_decoder_gate_abutment_matrix/_pair_trials/PAIR__PINV_MY__AND3_MX__g0p0_drc/PAIR__PINV_MY__AND3_MX__g0p0.lyrdb
PINV,MY,AND3,MX,0.0025,False,0,False,False,False,True,,outputs/PROJECT_decoder_gate_abutment_matrix/_pair_trials/PAIR__PINV_MY__AND3_MX__g0p0025.gds,58b03e235d4b8ff5aab5750ff3fd9c668377c6f94edab6cf819a1f583023b1c7,outputs/PROJECT_decoder_gate_abutment_matrix/_pair_trials/PAIR__PINV_MY__AND3_MX__g0p0025_drc/PAIR__PINV_MY__AND3_MX__g0p0025.lyrdb
PINV,MY,AND3,MX,0.07,False,0,False,False,False,True,,outputs/PROJECT_decoder_gate_abutment_matrix/_pair_trials/PAIR__PINV_MY__AND3_MX__g0p07.gds,aee59c7aeff4adcbde95812b9574f2d92a3c4cd31da00ad1fbefb34038169a02,outputs/PROJECT_decoder_gate_abutment_matrix/_pair_trials/PAIR__PINV_MY__AND3_MX__g0p07_drc/PAIR__PINV_MY__AND3_MX__g0p07.lyrdb
PINV,MY,AND3,MX,0.14,False,0,False,False,False,True,,outputs/PROJECT_decoder_gate_abutment_matrix/_pair_trials/PAIR__PINV_MY__AND3_MX__g0p14.gds,6637428f0016bb01dfeac887350ea92c1b5c8b8cd26ee7d59fd1a4acb962f4ca,outputs/PROJECT_decoder_gate_abutment_matrix/_pair_trials/PAIR__PINV_MY__AND3_MX__g0p14_drc/PAIR__PINV_MY__AND3_MX__g0p14.lyrdb
PINV,MY,AND3,MY,0.0,True,42,False,True,True,False,drc_marker_count=42,outputs/PROJECT_decoder_gate_abutment_matrix/_pair_trials/PAIR__PINV_MY__AND3_MY__g0p0.gds,2c706328e9b3ebf1a52bd1c4cb152e5aecf9c6534f05344e5138c42480a665d5,outputs/PROJECT_decoder_gate_abutment_matrix/_pair_trials/PAIR__PINV_MY__AND3_MY__g0p0_drc/PAIR__PINV_MY__AND3_MY__g0p0.lyrdb
PINV,MY,AND3,MY,0.0025,True,28,False,True,True,False,drc_marker_count=28,outputs/PROJECT_decoder_gate_abutment_matrix/_pair_trials/PAIR__PINV_MY__AND3_MY__g0p0025.gds,9b8d3b4c5b22c9ced5101929c6b732be9bbf9b173d2a9018abd0f4153eb06cd1,outputs/PROJECT_decoder_gate_abutment_matrix/_pair_trials/PAIR__PINV_MY__AND3_MY__g0p0025_drc/PAIR__PINV_MY__AND3_MY__g0p0025.lyrdb
PINV,MY,AND3,MY,0.07,True,30,False,True,True,False,drc_marker_count=30,outputs/PROJECT_decoder_gate_abutment_matrix/_pair_trials/PAIR__PINV_MY__AND3_MY__g0p07.gds,8c85607053a5a2e73ace7bc67452748cdabfb08779c436dde854c5ac50da718e,outputs/PROJECT_decoder_gate_abutment_matrix/_pair_trials/PAIR__PINV_MY__AND3_MY__g0p07_drc/PAIR__PINV_MY__AND3_MY__g0p07.lyrdb
PINV,MY,AND3,MY,0.14,True,37,False,True,True,False,drc_marker_count=37,outputs/PROJECT_decoder_gate_abutment_matrix/_pair_trials/PAIR__PINV_MY__AND3_MY__g0p14.gds,0b7d97375af552e9dcef882b98ddefaeb6d759fa47585366ef2953ad0396247d,outputs/PROJECT_decoder_gate_abutment_matrix/_pair_trials/PAIR__PINV_MY__AND3_MY__g0p14_drc/PAIR__PINV_MY__AND3_MY__g0p14.lyrdb
PINV,MY,WORDLINEDRIVER,R0,0.0,True,0,False,True,False,True,,outputs/PROJECT_decoder_gate_abutment_matrix/_pair_trials/PAIR__PINV_MY__WORDLINEDRIVER_R0__g0p0.gds,71c13a30c101d9476c38938d6f1f96e53c74e56c1040fe4598a87e744b7075c2,outputs/PROJECT_decoder_gate_abutment_matrix/_pair_trials/PAIR__PINV_MY__WORDLINEDRIVER_R0__g0p0_drc/PAIR__PINV_MY__WORDLINEDRIVER_R0__g0p0.lyrdb
PINV,MY,WORDLINEDRIVER,R0,0.0025,True,0,False,True,False,True,,outputs/PROJECT_decoder_gate_abutment_matrix/_pair_trials/PAIR__PINV_MY__WORDLINEDRIVER_R0__g0p0025.gds,e295a68539ee2dc6412806f6d15b8c289ffdf2823a5d7b79f3149ffb46188f99,outputs/PROJECT_decoder_gate_abutment_matrix/_pair_trials/PAIR__PINV_MY__WORDLINEDRIVER_R0__g0p0025_drc/PAIR__PINV_MY__WORDLINEDRIVER_R0__g0p0025.lyrdb
PINV,MY,WORDLINEDRIVER,R0,0.07,True,0,False,True,False,True,,outputs/PROJECT_decoder_gate_abutment_matrix/_pair_trials/PAIR__PINV_MY__WORDLINEDRIVER_R0__g0p07.gds,245a7d8a8a9a1ee31d79dc73d6413503f50bf5a230428c7e9412ee35daba1694,outputs/PROJECT_decoder_gate_abutment_matrix/_pair_trials/PAIR__PINV_MY__WORDLINEDRIVER_R0__g0p07_drc/PAIR__PINV_MY__WORDLINEDRIVER_R0__g0p07.lyrdb
PINV,MY,WORDLINEDRIVER,R0,0.14,True,0,False,True,False,True,,outputs/PROJECT_decoder_gate_abutment_matrix/_pair_trials/PAIR__PINV_MY__WORDLINEDRIVER_R0__g0p14.gds,f8105fefd2e57deced97bfc75d47ab2d564121b98a4dcd3ba3afe663df17f94b,outputs/PROJECT_decoder_gate_abutment_matrix/_pair_trials/PAIR__PINV_MY__WORDLINEDRIVER_R0__g0p14_drc/PAIR__PINV_MY__WORDLINEDRIVER_R0__g0p14.lyrdb
PINV,MY,WORDLINEDRIVER,R180,0.0,True,0,False,True,False,True,,outputs/PROJECT_decoder_gate_abutment_matrix/_pair_trials/PAIR__PINV_MY__WORDLINEDRIVER_R180__g0p0.gds,bc95341f48c0b76e8b7233aad11cc02ff82d91b06dba7786fe8c78de812d0aeb,outputs/PROJECT_decoder_gate_abutment_matrix/_pair_trials/PAIR__PINV_MY__WORDLINEDRIVER_R180__g0p0_drc/PAIR__PINV_MY__WORDLINEDRIVER_R180__g0p0.lyrdb
PINV,MY,WORDLINEDRIVER,R180,0.0025,True,0,False,True,False,True,,outputs/PROJECT_decoder_gate_abutment_matrix/_pair_trials/PAIR__PINV_MY__WORDLINEDRIVER_R180__g0p0025.gds,785db81e5111501128fc0b4435187b04e6e59d742c8c0bc10320c0bdd99c630d,outputs/PROJECT_decoder_gate_abutment_matrix/_pair_trials/PAIR__PINV_MY__WORDLINEDRIVER_R180__g0p0025_drc/PAIR__PINV_MY__WORDLINEDRIVER_R180__g0p0025.lyrdb
PINV,MY,WORDLINEDRIVER,R180,0.07,True,0,False,True,False,True,,outputs/PROJECT_decoder_gate_abutment_matrix/_pair_trials/PAIR__PINV_MY__WORDLINEDRIVER_R180__g0p07.gds,b6e8255ebdccd4ce85857313c861d1df3d2c29a8c7053103aee791d5403e91de,outputs/PROJECT_decoder_gate_abutment_matrix/_pair_trials/PAIR__PINV_MY__WORDLINEDRIVER_R180__g0p07_drc/PAIR__PINV_MY__WORDLINEDRIVER_R180__g0p07.lyrdb
PINV,MY,WORDLINEDRIVER,R180,0.14,True,0,False,True,False,True,,outputs/PROJECT_decoder_gate_abutment_matrix/_pair_trials/PAIR__PINV_MY__WORDLINEDRIVER_R180__g0p14.gds,16ed7eab2d434f0172b454f9e13dd0a570af0ed450346068a599cef3ecc95074,outputs/PROJECT_decoder_gate_abutment_matrix/_pair_trials/PAIR__PINV_MY__WORDLINEDRIVER_R180__g0p14_drc/PAIR__PINV_MY__WORDLINEDRIVER_R180__g0p14.lyrdb
PINV,MY,WORDLINEDRIVER,MX,0.0,False,0,False,False,False,True,,outputs/PROJECT_decoder_gate_abutment_matrix/_pair_trials/PAIR__PINV_MY__WORDLINEDRIVER_MX__g0p0.gds,94d686f2140cff773100a9855f9b0db1989c1d2efbab74492a65187ce377a79d,outputs/PROJECT_decoder_gate_abutment_matrix/_pair_trials/PAIR__PINV_MY__WORDLINEDRIVER_MX__g0p0_drc/PAIR__PINV_MY__WORDLINEDRIVER_MX__g0p0.lyrdb
PINV,MY,WORDLINEDRIVER,MX,0.0025,False,0,False,False,False,True,,outputs/PROJECT_decoder_gate_abutment_matrix/_pair_trials/PAIR__PINV_MY__WORDLINEDRIVER_MX__g0p0025.gds,b836874cb536c72947034eb08ea0c39528f447cf1fbf46f28d88afe41af9030c,outputs/PROJECT_decoder_gate_abutment_matrix/_pair_trials/PAIR__PINV_MY__WORDLINEDRIVER_MX__g0p0025_drc/PAIR__PINV_MY__WORDLINEDRIVER_MX__g0p0025.lyrdb
PINV,MY,WORDLINEDRIVER,MX,0.07,False,0,False,False,False,True,,outputs/PROJECT_decoder_gate_abutment_matrix/_pair_trials/PAIR__PINV_MY__WORDLINEDRIVER_MX__g0p07.gds,e25c14c39d33b127731678c1a3f93028b266e4dabd2eb3567339271845d39d2b,outputs/PROJECT_decoder_gate_abutment_matrix/_pair_trials/PAIR__PINV_MY__WORDLINEDRIVER_MX__g0p07_drc/PAIR__PINV_MY__WORDLINEDRIVER_MX__g0p07.lyrdb
PINV,MY,WORDLINEDRIVER,MX,0.14,False,0,False,False,False,True,,outputs/PROJECT_decoder_gate_abutment_matrix/_pair_trials/PAIR__PINV_MY__WORDLINEDRIVER_MX__g0p14.gds,5a46e7d10581391c7cc26142a24c1579f0caf8eb2836c6017cccdb0bfe8b4c0c,outputs/PROJECT_decoder_gate_abutment_matrix/_pair_trials/PAIR__PINV_MY__WORDLINEDRIVER_MX__g0p14_drc/PAIR__PINV_MY__WORDLINEDRIVER_MX__g0p14.lyrdb
PINV,MY,WORDLINEDRIVER,MY,0.0,True,20,False,True,True,False,drc_marker_count=20,outputs/PROJECT_decoder_gate_abutment_matrix/_pair_trials/PAIR__PINV_MY__WORDLINEDRIVER_MY__g0p0.gds,212becb4821f73c1c36697a1bec6fb3a944ae71182a19d53a34f5d0df1d1b84d,outputs/PROJECT_decoder_gate_abutment_matrix/_pair_trials/PAIR__PINV_MY__WORDLINEDRIVER_MY__g0p0_drc/PAIR__PINV_MY__WORDLINEDRIVER_MY__g0p0.lyrdb
PINV,MY,WORDLINEDRIVER,MY,0.0025,True,18,False,True,True,False,drc_marker_count=18,outputs/PROJECT_decoder_gate_abutment_matrix/_pair_trials/PAIR__PINV_MY__WORDLINEDRIVER_MY__g0p0025.gds,b43e52d3f0bcc05f403c1e33ab52eb6e592d9f45ba775869feb9154574eedcf5,outputs/PROJECT_decoder_gate_abutment_matrix/_pair_trials/PAIR__PINV_MY__WORDLINEDRIVER_MY__g0p0025_drc/PAIR__PINV_MY__WORDLINEDRIVER_MY__g0p0025.lyrdb
PINV,MY,WORDLINEDRIVER,MY,0.07,True,5,False,True,True,False,drc_marker_count=5,outputs/PROJECT_decoder_gate_abutment_matrix/_pair_trials/PAIR__PINV_MY__WORDLINEDRIVER_MY__g0p07.gds,4d0efbe9504caf9491f90b0dcec7aeed14b4effbfa24d979e8f2bf1276b6a6c2,outputs/PROJECT_decoder_gate_abutment_matrix/_pair_trials/PAIR__PINV_MY__WORDLINEDRIVER_MY__g0p07_drc/PAIR__PINV_MY__WORDLINEDRIVER_MY__g0p07.lyrdb
PINV,MY,WORDLINEDRIVER,MY,0.14,True,5,False,True,True,False,drc_marker_count=5,outputs/PROJECT_decoder_gate_abutment_matrix/_pair_trials/PAIR__PINV_MY__WORDLINEDRIVER_MY__g0p14.gds,aa696c60cf0c99a63b6ec7be6511350340da50363f7890df15f3ee2a91e16ee2,outputs/PROJECT_decoder_gate_abutment_matrix/_pair_trials/PAIR__PINV_MY__WORDLINEDRIVER_MY__g0p14_drc/PAIR__PINV_MY__WORDLINEDRIVER_MY__g0p14.lyrdb
PNAND2,R0,PINV,R0,0.0,True,0,False,True,False,True,,outputs/PROJECT_decoder_gate_abutment_matrix/_pair_trials/PAIR__PNAND2_R0__PINV_R0__g0p0.gds,1d3d1b047e961e7f2de82e324f322d9e05be31a5fc9e9ce985e02779d3ee81d2,outputs/PROJECT_decoder_gate_abutment_matrix/_pair_trials/PAIR__PNAND2_R0__PINV_R0__g0p0_drc/PAIR__PNAND2_R0__PINV_R0__g0p0.lyrdb
PNAND2,R0,PINV,R0,0.0025,True,1,False,True,True,False,drc_marker_count=1,outputs/PROJECT_decoder_gate_abutment_matrix/_pair_trials/PAIR__PNAND2_R0__PINV_R0__g0p0025.gds,e7195d39ff61cf77495f58c3cb65e9b30711ac79e8d6a1a97d6bf1f126b7d83f,outputs/PROJECT_decoder_gate_abutment_matrix/_pair_trials/PAIR__PNAND2_R0__PINV_R0__g0p0025_drc/PAIR__PNAND2_R0__PINV_R0__g0p0025.lyrdb
PNAND2,R0,PINV,R0,0.07,True,1,False,True,True,False,drc_marker_count=1,outputs/PROJECT_decoder_gate_abutment_matrix/_pair_trials/PAIR__PNAND2_R0__PINV_R0__g0p07.gds,0d7bebc4564c75ae591ddd6e33e9cf6963ff4e3b728b7faea7233401b388891c,outputs/PROJECT_decoder_gate_abutment_matrix/_pair_trials/PAIR__PNAND2_R0__PINV_R0__g0p07_drc/PAIR__PNAND2_R0__PINV_R0__g0p07.lyrdb
PNAND2,R0,PINV,R0,0.14,True,1,False,True,True,False,drc_marker_count=1,outputs/PROJECT_decoder_gate_abutment_matrix/_pair_trials/PAIR__PNAND2_R0__PINV_R0__g0p14.gds,6dda27769696f4f3d4a6062a03ead787436f0b2d4c125bcddff942a4b6bad2e9,outputs/PROJECT_decoder_gate_abutment_matrix/_pair_trials/PAIR__PNAND2_R0__PINV_R0__g0p14_drc/PAIR__PNAND2_R0__PINV_R0__g0p14.lyrdb
PNAND2,R0,PINV,R180,0.0,True,0,False,True,False,True,,outputs/PROJECT_decoder_gate_abutment_matrix/_pair_trials/PAIR__PNAND2_R0__PINV_R180__g0p0.gds,1a69e83140f51fc24840c3e6f21a7808900af8b33b91e1a575eac73cfc0b450f,outputs/PROJECT_decoder_gate_abutment_matrix/_pair_trials/PAIR__PNAND2_R0__PINV_R180__g0p0_drc/PAIR__PNAND2_R0__PINV_R180__g0p0.lyrdb
PNAND2,R0,PINV,R180,0.0025,True,0,False,True,False,True,,outputs/PROJECT_decoder_gate_abutment_matrix/_pair_trials/PAIR__PNAND2_R0__PINV_R180__g0p0025.gds,cf02bed31c6663be16a79b34394d40e6aad461b0656465da7d8d558e19c48d8f,outputs/PROJECT_decoder_gate_abutment_matrix/_pair_trials/PAIR__PNAND2_R0__PINV_R180__g0p0025_drc/PAIR__PNAND2_R0__PINV_R180__g0p0025.lyrdb
PNAND2,R0,PINV,R180,0.07,True,0,False,True,False,True,,outputs/PROJECT_decoder_gate_abutment_matrix/_pair_trials/PAIR__PNAND2_R0__PINV_R180__g0p07.gds,c3901c4ee6e9b4891c6e1decda592f0245d8f8cc67c4c2b1f9ab33d1cf2194f9,outputs/PROJECT_decoder_gate_abutment_matrix/_pair_trials/PAIR__PNAND2_R0__PINV_R180__g0p07_drc/PAIR__PNAND2_R0__PINV_R180__g0p07.lyrdb
PNAND2,R0,PINV,R180,0.14,True,0,False,True,False,True,,outputs/PROJECT_decoder_gate_abutment_matrix/_pair_trials/PAIR__PNAND2_R0__PINV_R180__g0p14.gds,4d46dec65c9613591afc20a66ed21b3dc49b25009207381d57cad2a4de293257,outputs/PROJECT_decoder_gate_abutment_matrix/_pair_trials/PAIR__PNAND2_R0__PINV_R180__g0p14_drc/PAIR__PNAND2_R0__PINV_R180__g0p14.lyrdb
PNAND2,R0,PINV,MX,0.0,False,0,False,False,False,True,,outputs/PROJECT_decoder_gate_abutment_matrix/_pair_trials/PAIR__PNAND2_R0__PINV_MX__g0p0.gds,45b0e731e879b2dede835b21eb3a05dd64b0a29ac064351c9336dbaf7f9be8de,outputs/PROJECT_decoder_gate_abutment_matrix/_pair_trials/PAIR__PNAND2_R0__PINV_MX__g0p0_drc/PAIR__PNAND2_R0__PINV_MX__g0p0.lyrdb
PNAND2,R0,PINV,MX,0.0025,False,1,False,False,True,False,drc_marker_count=1,outputs/PROJECT_decoder_gate_abutment_matrix/_pair_trials/PAIR__PNAND2_R0__PINV_MX__g0p0025.gds,3f8e8039b6805376fd07152ee9f7a68fc8477e69ec23adae6d92381aa87c0fc4,outputs/PROJECT_decoder_gate_abutment_matrix/_pair_trials/PAIR__PNAND2_R0__PINV_MX__g0p0025_drc/PAIR__PNAND2_R0__PINV_MX__g0p0025.lyrdb
PNAND2,R0,PINV,MX,0.07,False,1,False,False,True,False,drc_marker_count=1,outputs/PROJECT_decoder_gate_abutment_matrix/_pair_trials/PAIR__PNAND2_R0__PINV_MX__g0p07.gds,1438ad48fa7441d8fa9ea8d9fb382e1b659fa742d263039ef66abf9cf1b2f698,outputs/PROJECT_decoder_gate_abutment_matrix/_pair_trials/PAIR__PNAND2_R0__PINV_MX__g0p07_drc/PAIR__PNAND2_R0__PINV_MX__g0p07.lyrdb
PNAND2,R0,PINV,MX,0.14,False,1,False,False,True,False,drc_marker_count=1,outputs/PROJECT_decoder_gate_abutment_matrix/_pair_trials/PAIR__PNAND2_R0__PINV_MX__g0p14.gds,75724c40ed6bfcb69c32cc718faa3e2d3d28ef680b6d23b7d5bd2b51df3ea8f5,outputs/PROJECT_decoder_gate_abutment_matrix/_pair_trials/PAIR__PNAND2_R0__PINV_MX__g0p14_drc/PAIR__PNAND2_R0__PINV_MX__g0p14.lyrdb
PNAND2,R0,PINV,MY,0.0,True,39,False,True,True,False,drc_marker_count=39,outputs/PROJECT_decoder_gate_abutment_matrix/_pair_trials/PAIR__PNAND2_R0__PINV_MY__g0p0.gds,17238a94948d891d0dc7567568bdc8293c970781b7b90900367029986c0027cd,outputs/PROJECT_decoder_gate_abutment_matrix/_pair_trials/PAIR__PNAND2_R0__PINV_MY__g0p0_drc/PAIR__PNAND2_R0__PINV_MY__g0p0.lyrdb
PNAND2,R0,PINV,MY,0.0025,True,43,False,True,True,False,drc_marker_count=43,outputs/PROJECT_decoder_gate_abutment_matrix/_pair_trials/PAIR__PNAND2_R0__PINV_MY__g0p0025.gds,c1f673b4e7095a3bcfa9d2b30a5b33729c8be1927d64c89cf6ae48ddd4687b17,outputs/PROJECT_decoder_gate_abutment_matrix/_pair_trials/PAIR__PNAND2_R0__PINV_MY__g0p0025_drc/PAIR__PNAND2_R0__PINV_MY__g0p0025.lyrdb
PNAND2,R0,PINV,MY,0.07,True,19,False,True,True,False,drc_marker_count=19,outputs/PROJECT_decoder_gate_abutment_matrix/_pair_trials/PAIR__PNAND2_R0__PINV_MY__g0p07.gds,0dc865800a9f29988d6c0a6fafd10b5ccec6f93d96ec02cc35a313887a32d836,outputs/PROJECT_decoder_gate_abutment_matrix/_pair_trials/PAIR__PNAND2_R0__PINV_MY__g0p07_drc/PAIR__PNAND2_R0__PINV_MY__g0p07.lyrdb
PNAND2,R0,PINV,MY,0.14,True,55,False,True,True,False,drc_marker_count=55,outputs/PROJECT_decoder_gate_abutment_matrix/_pair_trials/PAIR__PNAND2_R0__PINV_MY__g0p14.gds,722c53d11beffd8d552355fbad20c384d31517c7c3b435a94773456b75f5c932,outputs/PROJECT_decoder_gate_abutment_matrix/_pair_trials/PAIR__PNAND2_R0__PINV_MY__g0p14_drc/PAIR__PNAND2_R0__PINV_MY__g0p14.lyrdb
PNAND2,R0,PNAND2,R0,0.0,True,0,False,True,False,True,,outputs/PROJECT_decoder_gate_abutment_matrix/_pair_trials/PAIR__PNAND2_R0__PNAND2_R0__g0p0.gds,28d11bc6c669a633a3c12370dcfada795dc6af939979e2c9cb71ffb02fb6888b,outputs/PROJECT_decoder_gate_abutment_matrix/_pair_trials/PAIR__PNAND2_R0__PNAND2_R0__g0p0_drc/PAIR__PNAND2_R0__PNAND2_R0__g0p0.lyrdb
PNAND2,R0,PNAND2,R0,0.0025,True,1,False,True,True,False,drc_marker_count=1,outputs/PROJECT_decoder_gate_abutment_matrix/_pair_trials/PAIR__PNAND2_R0__PNAND2_R0__g0p0025.gds,6c18aca05ff0b1c09a9abc32f6aeae4652a0c9a54f7132b76d00cc9774c67f06,outputs/PROJECT_decoder_gate_abutment_matrix/_pair_trials/PAIR__PNAND2_R0__PNAND2_R0__g0p0025_drc/PAIR__PNAND2_R0__PNAND2_R0__g0p0025.lyrdb
PNAND2,R0,PNAND2,R0,0.07,True,1,False,True,True,False,drc_marker_count=1,outputs/PROJECT_decoder_gate_abutment_matrix/_pair_trials/PAIR__PNAND2_R0__PNAND2_R0__g0p07.gds,ce5a2e0e0bc4a6d0ddcb18ba7f5e98e06d561a46636c9f4b433a4c46c3eee644,outputs/PROJECT_decoder_gate_abutment_matrix/_pair_trials/PAIR__PNAND2_R0__PNAND2_R0__g0p07_drc/PAIR__PNAND2_R0__PNAND2_R0__g0p07.lyrdb
PNAND2,R0,PNAND2,R0,0.14,True,1,False,True,True,False,drc_marker_count=1,outputs/PROJECT_decoder_gate_abutment_matrix/_pair_trials/PAIR__PNAND2_R0__PNAND2_R0__g0p14.gds,4c14517a5fd52a618d36eb949303315a9037b47a5dd45c412d33e7498927291f,outputs/PROJECT_decoder_gate_abutment_matrix/_pair_trials/PAIR__PNAND2_R0__PNAND2_R0__g0p14_drc/PAIR__PNAND2_R0__PNAND2_R0__g0p14.lyrdb
PNAND2,R0,PNAND2,R180,0.0,True,0,False,True,False,True,,outputs/PROJECT_decoder_gate_abutment_matrix/_pair_trials/PAIR__PNAND2_R0__PNAND2_R180__g0p0.gds,6e2fdf5e259103a2ccb36dca150733c8eb0c92c6f39d3eb3d0ace61ce00dc1ca,outputs/PROJECT_decoder_gate_abutment_matrix/_pair_trials/PAIR__PNAND2_R0__PNAND2_R180__g0p0_drc/PAIR__PNAND2_R0__PNAND2_R180__g0p0.lyrdb
PNAND2,R0,PNAND2,R180,0.0025,True,0,False,True,False,True,,outputs/PROJECT_decoder_gate_abutment_matrix/_pair_trials/PAIR__PNAND2_R0__PNAND2_R180__g0p0025.gds,68923a0021c631f972513ee9ad608591b2e40e7ee7ba63509b6b1d94d7c823ec,outputs/PROJECT_decoder_gate_abutment_matrix/_pair_trials/PAIR__PNAND2_R0__PNAND2_R180__g0p0025_drc/PAIR__PNAND2_R0__PNAND2_R180__g0p0025.lyrdb
PNAND2,R0,PNAND2,R180,0.07,True,0,False,True,False,True,,outputs/PROJECT_decoder_gate_abutment_matrix/_pair_trials/PAIR__PNAND2_R0__PNAND2_R180__g0p07.gds,2508c2649ad5fc52c43033ab17d0e96cdf8bebe9f918a3b3f8d1034cfaa2f536,outputs/PROJECT_decoder_gate_abutment_matrix/_pair_trials/PAIR__PNAND2_R0__PNAND2_R180__g0p07_drc/PAIR__PNAND2_R0__PNAND2_R180__g0p07.lyrdb
PNAND2,R0,PNAND2,R180,0.14,True,0,False,True,False,True,,outputs/PROJECT_decoder_gate_abutment_matrix/_pair_trials/PAIR__PNAND2_R0__PNAND2_R180__g0p14.gds,4d757fe41091bcfc0f976855fb5c94af290f8aac18d6ee66d885c7a69aa79a6b,outputs/PROJECT_decoder_gate_abutment_matrix/_pair_trials/PAIR__PNAND2_R0__PNAND2_R180__g0p14_drc/PAIR__PNAND2_R0__PNAND2_R180__g0p14.lyrdb
PNAND2,R0,PNAND2,MX,0.0,False,0,False,False,False,True,,outputs/PROJECT_decoder_gate_abutment_matrix/_pair_trials/PAIR__PNAND2_R0__PNAND2_MX__g0p0.gds,0870787ec8318d60754f04b178e9fb75fc46fdee861e942a8c233209b94fd58e,outputs/PROJECT_decoder_gate_abutment_matrix/_pair_trials/PAIR__PNAND2_R0__PNAND2_MX__g0p0_drc/PAIR__PNAND2_R0__PNAND2_MX__g0p0.lyrdb
PNAND2,R0,PNAND2,MX,0.0025,False,1,False,False,True,False,drc_marker_count=1,outputs/PROJECT_decoder_gate_abutment_matrix/_pair_trials/PAIR__PNAND2_R0__PNAND2_MX__g0p0025.gds,cdd507259bc5362a1f0d31a2d3b33d01a3da3be0bb7eaa871bd937922049fc9d,outputs/PROJECT_decoder_gate_abutment_matrix/_pair_trials/PAIR__PNAND2_R0__PNAND2_MX__g0p0025_drc/PAIR__PNAND2_R0__PNAND2_MX__g0p0025.lyrdb
PNAND2,R0,PNAND2,MX,0.07,False,1,False,False,True,False,drc_marker_count=1,outputs/PROJECT_decoder_gate_abutment_matrix/_pair_trials/PAIR__PNAND2_R0__PNAND2_MX__g0p07.gds,ae4ef9baa63c1a20f30e3c835b69f3208e3ca8334904d8faee6ed3b971904f1e,outputs/PROJECT_decoder_gate_abutment_matrix/_pair_trials/PAIR__PNAND2_R0__PNAND2_MX__g0p07_drc/PAIR__PNAND2_R0__PNAND2_MX__g0p07.lyrdb
PNAND2,R0,PNAND2,MX,0.14,False,1,False,False,True,False,drc_marker_count=1,outputs/PROJECT_decoder_gate_abutment_matrix/_pair_trials/PAIR__PNAND2_R0__PNAND2_MX__g0p14.gds,1ed28e1f2ff36e7ff4401aeab7f09455573618d63ac4b7dc373d6731fc1b1acc,outputs/PROJECT_decoder_gate_abutment_matrix/_pair_trials/PAIR__PNAND2_R0__PNAND2_MX__g0p14_drc/PAIR__PNAND2_R0__PNAND2_MX__g0p14.lyrdb
PNAND2,R0,PNAND2,MY,0.0,True,37,False,True,True,False,drc_marker_count=37,outputs/PROJECT_decoder_gate_abutment_matrix/_pair_trials/PAIR__PNAND2_R0__PNAND2_MY__g0p0.gds,112653801afb937a6979b45a31556855283e85e8f10b4ee6cade416925470bc5,outputs/PROJECT_decoder_gate_abutment_matrix/_pair_trials/PAIR__PNAND2_R0__PNAND2_MY__g0p0_drc/PAIR__PNAND2_R0__PNAND2_MY__g0p0.lyrdb
PNAND2,R0,PNAND2,MY,0.0025,True,37,False,True,True,False,drc_marker_count=37,outputs/PROJECT_decoder_gate_abutment_matrix/_pair_trials/PAIR__PNAND2_R0__PNAND2_MY__g0p0025.gds,7daefb8e156b12e89a9c35aa8d3c63a986e3635c22f4e08b4f71323047cef105,outputs/PROJECT_decoder_gate_abutment_matrix/_pair_trials/PAIR__PNAND2_R0__PNAND2_MY__g0p0025_drc/PAIR__PNAND2_R0__PNAND2_MY__g0p0025.lyrdb
PNAND2,R0,PNAND2,MY,0.07,True,17,False,True,True,False,drc_marker_count=17,outputs/PROJECT_decoder_gate_abutment_matrix/_pair_trials/PAIR__PNAND2_R0__PNAND2_MY__g0p07.gds,643f227d59262b8f2614035e4546dc8e1ed05bd089b10496f4be5bd6e88cb609,outputs/PROJECT_decoder_gate_abutment_matrix/_pair_trials/PAIR__PNAND2_R0__PNAND2_MY__g0p07_drc/PAIR__PNAND2_R0__PNAND2_MY__g0p07.lyrdb
PNAND2,R0,PNAND2,MY,0.14,True,27,False,True,True,False,drc_marker_count=27,outputs/PROJECT_decoder_gate_abutment_matrix/_pair_trials/PAIR__PNAND2_R0__PNAND2_MY__g0p14.gds,501d258b96c69955994dd5bc853fb655bcd752c871e6d1ad1d05e911634834ad,outputs/PROJECT_decoder_gate_abutment_matrix/_pair_trials/PAIR__PNAND2_R0__PNAND2_MY__g0p14_drc/PAIR__PNAND2_R0__PNAND2_MY__g0p14.lyrdb
PNAND2,R0,PNAND3,R0,0.0,True,0,False,True,False,True,,outputs/PROJECT_decoder_gate_abutment_matrix/_pair_trials/PAIR__PNAND2_R0__PNAND3_R0__g0p0.gds,b5221b930d7f9e4124b5de1df8fe918218d9305891f8b050ec19a568d50f3d91,outputs/PROJECT_decoder_gate_abutment_matrix/_pair_trials/PAIR__PNAND2_R0__PNAND3_R0__g0p0_drc/PAIR__PNAND2_R0__PNAND3_R0__g0p0.lyrdb
PNAND2,R0,PNAND3,R0,0.0025,True,1,False,True,True,False,drc_marker_count=1,outputs/PROJECT_decoder_gate_abutment_matrix/_pair_trials/PAIR__PNAND2_R0__PNAND3_R0__g0p0025.gds,8f51a3069d80c77d3b269f864f79d372ede028903db9733ed3a2346a624fadaa,outputs/PROJECT_decoder_gate_abutment_matrix/_pair_trials/PAIR__PNAND2_R0__PNAND3_R0__g0p0025_drc/PAIR__PNAND2_R0__PNAND3_R0__g0p0025.lyrdb
PNAND2,R0,PNAND3,R0,0.07,True,1,False,True,True,False,drc_marker_count=1,outputs/PROJECT_decoder_gate_abutment_matrix/_pair_trials/PAIR__PNAND2_R0__PNAND3_R0__g0p07.gds,422abce61e005ff1227e569837fce6721aa032c9c8dcfc91e70c9bfbee1d5a91,outputs/PROJECT_decoder_gate_abutment_matrix/_pair_trials/PAIR__PNAND2_R0__PNAND3_R0__g0p07_drc/PAIR__PNAND2_R0__PNAND3_R0__g0p07.lyrdb
PNAND2,R0,PNAND3,R0,0.14,True,1,False,True,True,False,drc_marker_count=1,outputs/PROJECT_decoder_gate_abutment_matrix/_pair_trials/PAIR__PNAND2_R0__PNAND3_R0__g0p14.gds,33573d828de86768a66202730c4318807307e209b0f32ce0c38fe89095d86b50,outputs/PROJECT_decoder_gate_abutment_matrix/_pair_trials/PAIR__PNAND2_R0__PNAND3_R0__g0p14_drc/PAIR__PNAND2_R0__PNAND3_R0__g0p14.lyrdb
PNAND2,R0,PNAND3,R180,0.0,True,0,False,True,False,True,,outputs/PROJECT_decoder_gate_abutment_matrix/_pair_trials/PAIR__PNAND2_R0__PNAND3_R180__g0p0.gds,8232dcd83936c6d0a384161135f592cfa64c8de3a56643a5f1980ef1a80fafc8,outputs/PROJECT_decoder_gate_abutment_matrix/_pair_trials/PAIR__PNAND2_R0__PNAND3_R180__g0p0_drc/PAIR__PNAND2_R0__PNAND3_R180__g0p0.lyrdb
PNAND2,R0,PNAND3,R180,0.0025,True,0,False,True,False,True,,outputs/PROJECT_decoder_gate_abutment_matrix/_pair_trials/PAIR__PNAND2_R0__PNAND3_R180__g0p0025.gds,ba96bbe511b059fcb5f309a4f424926155ef01e0474c93fe91425eba4191d3b4,outputs/PROJECT_decoder_gate_abutment_matrix/_pair_trials/PAIR__PNAND2_R0__PNAND3_R180__g0p0025_drc/PAIR__PNAND2_R0__PNAND3_R180__g0p0025.lyrdb
PNAND2,R0,PNAND3,R180,0.07,True,0,False,True,False,True,,outputs/PROJECT_decoder_gate_abutment_matrix/_pair_trials/PAIR__PNAND2_R0__PNAND3_R180__g0p07.gds,4faf67f9691478e56d8430ea6f81f596cd9a788a2e0983b6bd479ad318027ce5,outputs/PROJECT_decoder_gate_abutment_matrix/_pair_trials/PAIR__PNAND2_R0__PNAND3_R180__g0p07_drc/PAIR__PNAND2_R0__PNAND3_R180__g0p07.lyrdb
PNAND2,R0,PNAND3,R180,0.14,True,0,False,True,False,True,,outputs/PROJECT_decoder_gate_abutment_matrix/_pair_trials/PAIR__PNAND2_R0__PNAND3_R180__g0p14.gds,e2ca2b58c7e0bcd14406cc4eb7a75d6052a642d089466a81d3f4873c99b59d7b,outputs/PROJECT_decoder_gate_abutment_matrix/_pair_trials/PAIR__PNAND2_R0__PNAND3_R180__g0p14_drc/PAIR__PNAND2_R0__PNAND3_R180__g0p14.lyrdb
PNAND2,R0,PNAND3,MX,0.0,False,0,False,False,False,True,,outputs/PROJECT_decoder_gate_abutment_matrix/_pair_trials/PAIR__PNAND2_R0__PNAND3_MX__g0p0.gds,dc1cd9072b709eac794cf16a48ac8ac13ad033857fb097db45be5c42d57dea9b,outputs/PROJECT_decoder_gate_abutment_matrix/_pair_trials/PAIR__PNAND2_R0__PNAND3_MX__g0p0_drc/PAIR__PNAND2_R0__PNAND3_MX__g0p0.lyrdb
PNAND2,R0,PNAND3,MX,0.0025,False,1,False,False,True,False,drc_marker_count=1,outputs/PROJECT_decoder_gate_abutment_matrix/_pair_trials/PAIR__PNAND2_R0__PNAND3_MX__g0p0025.gds,d73901a42046a3852a48c9e52ba62d8450041e768f1d2616772658bdd6e8245c,outputs/PROJECT_decoder_gate_abutment_matrix/_pair_trials/PAIR__PNAND2_R0__PNAND3_MX__g0p0025_drc/PAIR__PNAND2_R0__PNAND3_MX__g0p0025.lyrdb
PNAND2,R0,PNAND3,MX,0.07,False,1,False,False,True,False,drc_marker_count=1,outputs/PROJECT_decoder_gate_abutment_matrix/_pair_trials/PAIR__PNAND2_R0__PNAND3_MX__g0p07.gds,31744647653ea89ee78aace322ea19ec623ec729a68688ffff06015ac21a1780,outputs/PROJECT_decoder_gate_abutment_matrix/_pair_trials/PAIR__PNAND2_R0__PNAND3_MX__g0p07_drc/PAIR__PNAND2_R0__PNAND3_MX__g0p07.lyrdb
PNAND2,R0,PNAND3,MX,0.14,False,1,False,False,True,False,drc_marker_count=1,outputs/PROJECT_decoder_gate_abutment_matrix/_pair_trials/PAIR__PNAND2_R0__PNAND3_MX__g0p14.gds,156e47e4823dd772d45c7dee38181f4f24d82a1f46a302b3192ee43607475596,outputs/PROJECT_decoder_gate_abutment_matrix/_pair_trials/PAIR__PNAND2_R0__PNAND3_MX__g0p14_drc/PAIR__PNAND2_R0__PNAND3_MX__g0p14.lyrdb
PNAND2,R0,PNAND3,MY,0.0,True,95,False,True,True,False,drc_marker_count=95,outputs/PROJECT_decoder_gate_abutment_matrix/_pair_trials/PAIR__PNAND2_R0__PNAND3_MY__g0p0.gds,e9682e0ccfd6e47f0491342d4a720ae77ba03109c50f0a6c62ccacc805b53bd6,outputs/PROJECT_decoder_gate_abutment_matrix/_pair_trials/PAIR__PNAND2_R0__PNAND3_MY__g0p0_drc/PAIR__PNAND2_R0__PNAND3_MY__g0p0.lyrdb
PNAND2,R0,PNAND3,MY,0.0025,True,87,False,True,True,False,drc_marker_count=87,outputs/PROJECT_decoder_gate_abutment_matrix/_pair_trials/PAIR__PNAND2_R0__PNAND3_MY__g0p0025.gds,ef77c965fbea83d5b7c552cbf565a13e1aa72681dcc9633dc101d72ab0aede20,outputs/PROJECT_decoder_gate_abutment_matrix/_pair_trials/PAIR__PNAND2_R0__PNAND3_MY__g0p0025_drc/PAIR__PNAND2_R0__PNAND3_MY__g0p0025.lyrdb
PNAND2,R0,PNAND3,MY,0.07,True,45,False,True,True,False,drc_marker_count=45,outputs/PROJECT_decoder_gate_abutment_matrix/_pair_trials/PAIR__PNAND2_R0__PNAND3_MY__g0p07.gds,406b63b8d043eb24620c104a7c188173f9b1decffb4aa93b1508dc001bbc064c,outputs/PROJECT_decoder_gate_abutment_matrix/_pair_trials/PAIR__PNAND2_R0__PNAND3_MY__g0p07_drc/PAIR__PNAND2_R0__PNAND3_MY__g0p07.lyrdb
PNAND2,R0,PNAND3,MY,0.14,True,41,False,True,True,False,drc_marker_count=41,outputs/PROJECT_decoder_gate_abutment_matrix/_pair_trials/PAIR__PNAND2_R0__PNAND3_MY__g0p14.gds,37e0f021bcd38efc16f53c2f854596403f07d60f56c306c5e5f3c6a7dc128085,outputs/PROJECT_decoder_gate_abutment_matrix/_pair_trials/PAIR__PNAND2_R0__PNAND3_MY__g0p14_drc/PAIR__PNAND2_R0__PNAND3_MY__g0p14.lyrdb
PNAND2,R0,AND2,R0,0.0,True,0,False,True,False,True,,outputs/PROJECT_decoder_gate_abutment_matrix/_pair_trials/PAIR__PNAND2_R0__AND2_R0__g0p0.gds,c34239ec7f40ca6d0ab85375271faa6f2bc3ca1872f461bc860ac07d0872c942,outputs/PROJECT_decoder_gate_abutment_matrix/_pair_trials/PAIR__PNAND2_R0__AND2_R0__g0p0_drc/PAIR__PNAND2_R0__AND2_R0__g0p0.lyrdb
PNAND2,R0,AND2,R0,0.0025,True,1,False,True,True,False,drc_marker_count=1,outputs/PROJECT_decoder_gate_abutment_matrix/_pair_trials/PAIR__PNAND2_R0__AND2_R0__g0p0025.gds,35157812217c0f94f1c164734e33d2daa2f40e96a303fd42e479872233b12bf1,outputs/PROJECT_decoder_gate_abutment_matrix/_pair_trials/PAIR__PNAND2_R0__AND2_R0__g0p0025_drc/PAIR__PNAND2_R0__AND2_R0__g0p0025.lyrdb
PNAND2,R0,AND2,R0,0.07,True,1,False,True,True,False,drc_marker_count=1,outputs/PROJECT_decoder_gate_abutment_matrix/_pair_trials/PAIR__PNAND2_R0__AND2_R0__g0p07.gds,c8c8513a38b602d9c3529887a120441fb5221afcef243acefee6a3e8a9268973,outputs/PROJECT_decoder_gate_abutment_matrix/_pair_trials/PAIR__PNAND2_R0__AND2_R0__g0p07_drc/PAIR__PNAND2_R0__AND2_R0__g0p07.lyrdb
PNAND2,R0,AND2,R0,0.14,True,1,False,True,True,False,drc_marker_count=1,outputs/PROJECT_decoder_gate_abutment_matrix/_pair_trials/PAIR__PNAND2_R0__AND2_R0__g0p14.gds,9956f676b03adc49cc7c0b0c476b81388a5d4d9e614fca76b0877651b463ff91,outputs/PROJECT_decoder_gate_abutment_matrix/_pair_trials/PAIR__PNAND2_R0__AND2_R0__g0p14_drc/PAIR__PNAND2_R0__AND2_R0__g0p14.lyrdb
PNAND2,R0,AND2,R180,0.0,True,0,False,True,False,True,,outputs/PROJECT_decoder_gate_abutment_matrix/_pair_trials/PAIR__PNAND2_R0__AND2_R180__g0p0.gds,8afece48b56c6444b283cee3691cd3bcb74b803a93e0d5482cf06d2d97561fd9,outputs/PROJECT_decoder_gate_abutment_matrix/_pair_trials/PAIR__PNAND2_R0__AND2_R180__g0p0_drc/PAIR__PNAND2_R0__AND2_R180__g0p0.lyrdb
PNAND2,R0,AND2,R180,0.0025,True,0,False,True,False,True,,outputs/PROJECT_decoder_gate_abutment_matrix/_pair_trials/PAIR__PNAND2_R0__AND2_R180__g0p0025.gds,e638dd9d2a4e1a53aeabace8e81b4d9970aa1382250ba3743c6ac21020522fc1,outputs/PROJECT_decoder_gate_abutment_matrix/_pair_trials/PAIR__PNAND2_R0__AND2_R180__g0p0025_drc/PAIR__PNAND2_R0__AND2_R180__g0p0025.lyrdb
PNAND2,R0,AND2,R180,0.07,True,0,False,True,False,True,,outputs/PROJECT_decoder_gate_abutment_matrix/_pair_trials/PAIR__PNAND2_R0__AND2_R180__g0p07.gds,bf2d87265a287980734afca16263de0b208814445ed774bfb07dc4e02af3fb81,outputs/PROJECT_decoder_gate_abutment_matrix/_pair_trials/PAIR__PNAND2_R0__AND2_R180__g0p07_drc/PAIR__PNAND2_R0__AND2_R180__g0p07.lyrdb
PNAND2,R0,AND2,R180,0.14,True,0,False,True,False,True,,outputs/PROJECT_decoder_gate_abutment_matrix/_pair_trials/PAIR__PNAND2_R0__AND2_R180__g0p14.gds,ad477c9accd619f0729c6685391c81658f1223740ca16ab1fb40d776a96cbece,outputs/PROJECT_decoder_gate_abutment_matrix/_pair_trials/PAIR__PNAND2_R0__AND2_R180__g0p14_drc/PAIR__PNAND2_R0__AND2_R180__g0p14.lyrdb
PNAND2,R0,AND2,MX,0.0,False,0,False,False,False,True,,outputs/PROJECT_decoder_gate_abutment_matrix/_pair_trials/PAIR__PNAND2_R0__AND2_MX__g0p0.gds,c034c83a92c510bd8d2d63f4d15ce13634c1396b78131e23ca19cfbd44842bc8,outputs/PROJECT_decoder_gate_abutment_matrix/_pair_trials/PAIR__PNAND2_R0__AND2_MX__g0p0_drc/PAIR__PNAND2_R0__AND2_MX__g0p0.lyrdb
PNAND2,R0,AND2,MX,0.0025,False,1,False,False,True,False,drc_marker_count=1,outputs/PROJECT_decoder_gate_abutment_matrix/_pair_trials/PAIR__PNAND2_R0__AND2_MX__g0p0025.gds,937a152a0e61908554f01fcfce1e36ecea21f1034868673d39c4377d6b5e56b3,outputs/PROJECT_decoder_gate_abutment_matrix/_pair_trials/PAIR__PNAND2_R0__AND2_MX__g0p0025_drc/PAIR__PNAND2_R0__AND2_MX__g0p0025.lyrdb
PNAND2,R0,AND2,MX,0.07,False,1,False,False,True,False,drc_marker_count=1,outputs/PROJECT_decoder_gate_abutment_matrix/_pair_trials/PAIR__PNAND2_R0__AND2_MX__g0p07.gds,4937a2b3862f378ef1a486ae8205e18c6e40e7eb18a958a86174ff8bbacd34cb,outputs/PROJECT_decoder_gate_abutment_matrix/_pair_trials/PAIR__PNAND2_R0__AND2_MX__g0p07_drc/PAIR__PNAND2_R0__AND2_MX__g0p07.lyrdb
PNAND2,R0,AND2,MX,0.14,False,1,False,False,True,False,drc_marker_count=1,outputs/PROJECT_decoder_gate_abutment_matrix/_pair_trials/PAIR__PNAND2_R0__AND2_MX__g0p14.gds,3d59be380650994e8941aadd2ef895de8cdb75a74a7904fd77a6fe776c7c9feb,outputs/PROJECT_decoder_gate_abutment_matrix/_pair_trials/PAIR__PNAND2_R0__AND2_MX__g0p14_drc/PAIR__PNAND2_R0__AND2_MX__g0p14.lyrdb
PNAND2,R0,AND2,MY,0.0,True,24,False,True,True,False,drc_marker_count=24,outputs/PROJECT_decoder_gate_abutment_matrix/_pair_trials/PAIR__PNAND2_R0__AND2_MY__g0p0.gds,c7718cc9fd619986e98ade0b0fe3314475503b1e3bc472a09b6381309ae2fcee,outputs/PROJECT_decoder_gate_abutment_matrix/_pair_trials/PAIR__PNAND2_R0__AND2_MY__g0p0_drc/PAIR__PNAND2_R0__AND2_MY__g0p0.lyrdb
PNAND2,R0,AND2,MY,0.0025,True,24,False,True,True,False,drc_marker_count=24,outputs/PROJECT_decoder_gate_abutment_matrix/_pair_trials/PAIR__PNAND2_R0__AND2_MY__g0p0025.gds,1bcd21be14d878d7aec0d7508ad4c8c8d20c6d3c98dabca8ae65df9d3a8cf718,outputs/PROJECT_decoder_gate_abutment_matrix/_pair_trials/PAIR__PNAND2_R0__AND2_MY__g0p0025_drc/PAIR__PNAND2_R0__AND2_MY__g0p0025.lyrdb
PNAND2,R0,AND2,MY,0.07,True,92,False,True,True,False,drc_marker_count=92,outputs/PROJECT_decoder_gate_abutment_matrix/_pair_trials/PAIR__PNAND2_R0__AND2_MY__g0p07.gds,1795bb9f39948dd917edc4ac14c821f121a2561785ac2c5e2ed8a248b011ff34,outputs/PROJECT_decoder_gate_abutment_matrix/_pair_trials/PAIR__PNAND2_R0__AND2_MY__g0p07_drc/PAIR__PNAND2_R0__AND2_MY__g0p07.lyrdb
PNAND2,R0,AND2,MY,0.14,True,46,False,True,True,False,drc_marker_count=46,outputs/PROJECT_decoder_gate_abutment_matrix/_pair_trials/PAIR__PNAND2_R0__AND2_MY__g0p14.gds,80bd687aaaa70d828844a733afb84a3a69649a17af63e5db7d4bfdd57bdc77df,outputs/PROJECT_decoder_gate_abutment_matrix/_pair_trials/PAIR__PNAND2_R0__AND2_MY__g0p14_drc/PAIR__PNAND2_R0__AND2_MY__g0p14.lyrdb
PNAND2,R0,AND3,R0,0.0,True,0,False,True,False,True,,outputs/PROJECT_decoder_gate_abutment_matrix/_pair_trials/PAIR__PNAND2_R0__AND3_R0__g0p0.gds,c3560c76d5cb7989d898492afae772d7a69425e47dacaed7bfb157d90596a9e5,outputs/PROJECT_decoder_gate_abutment_matrix/_pair_trials/PAIR__PNAND2_R0__AND3_R0__g0p0_drc/PAIR__PNAND2_R0__AND3_R0__g0p0.lyrdb
PNAND2,R0,AND3,R0,0.0025,True,1,False,True,True,False,drc_marker_count=1,outputs/PROJECT_decoder_gate_abutment_matrix/_pair_trials/PAIR__PNAND2_R0__AND3_R0__g0p0025.gds,317ceda967cbb8bd208b92d61ec43be5ec93f5f17dabbe69682f342cef9195e2,outputs/PROJECT_decoder_gate_abutment_matrix/_pair_trials/PAIR__PNAND2_R0__AND3_R0__g0p0025_drc/PAIR__PNAND2_R0__AND3_R0__g0p0025.lyrdb
PNAND2,R0,AND3,R0,0.07,True,1,False,True,True,False,drc_marker_count=1,outputs/PROJECT_decoder_gate_abutment_matrix/_pair_trials/PAIR__PNAND2_R0__AND3_R0__g0p07.gds,b77af3f5a89e88c9a2259deee64f171f7aab029bd2276a1cab4ac9b672961a46,outputs/PROJECT_decoder_gate_abutment_matrix/_pair_trials/PAIR__PNAND2_R0__AND3_R0__g0p07_drc/PAIR__PNAND2_R0__AND3_R0__g0p07.lyrdb
PNAND2,R0,AND3,R0,0.14,True,1,False,True,True,False,drc_marker_count=1,outputs/PROJECT_decoder_gate_abutment_matrix/_pair_trials/PAIR__PNAND2_R0__AND3_R0__g0p14.gds,00883feb4ecff9e9dcf0788554e2ec0699137e28a3f70e0375d3ea3236126f35,outputs/PROJECT_decoder_gate_abutment_matrix/_pair_trials/PAIR__PNAND2_R0__AND3_R0__g0p14_drc/PAIR__PNAND2_R0__AND3_R0__g0p14.lyrdb
PNAND2,R0,AND3,R180,0.0,True,0,False,True,False,True,,outputs/PROJECT_decoder_gate_abutment_matrix/_pair_trials/PAIR__PNAND2_R0__AND3_R180__g0p0.gds,30e10f6e1ce81f844324da9158e6ccf4a70f09495bcdd870057bcb6d93520662,outputs/PROJECT_decoder_gate_abutment_matrix/_pair_trials/PAIR__PNAND2_R0__AND3_R180__g0p0_drc/PAIR__PNAND2_R0__AND3_R180__g0p0.lyrdb
PNAND2,R0,AND3,R180,0.0025,True,0,False,True,False,True,,outputs/PROJECT_decoder_gate_abutment_matrix/_pair_trials/PAIR__PNAND2_R0__AND3_R180__g0p0025.gds,e77dda253a447f771ed873cfc302eafc86a827939b31e8431ca0027c86eb4a46,outputs/PROJECT_decoder_gate_abutment_matrix/_pair_trials/PAIR__PNAND2_R0__AND3_R180__g0p0025_drc/PAIR__PNAND2_R0__AND3_R180__g0p0025.lyrdb
PNAND2,R0,AND3,R180,0.07,True,0,False,True,False,True,,outputs/PROJECT_decoder_gate_abutment_matrix/_pair_trials/PAIR__PNAND2_R0__AND3_R180__g0p07.gds,f25d172419d26dc9b1041f8eb685b3a09831f11d73b3e4d0935e9b2b4796922f,outputs/PROJECT_decoder_gate_abutment_matrix/_pair_trials/PAIR__PNAND2_R0__AND3_R180__g0p07_drc/PAIR__PNAND2_R0__AND3_R180__g0p07.lyrdb
PNAND2,R0,AND3,R180,0.14,True,0,False,True,False,True,,outputs/PROJECT_decoder_gate_abutment_matrix/_pair_trials/PAIR__PNAND2_R0__AND3_R180__g0p14.gds,b640a36686f1c80bd2a336a9d6cffbc0a87f3a4739cb9010adf165a734a7bb3c,outputs/PROJECT_decoder_gate_abutment_matrix/_pair_trials/PAIR__PNAND2_R0__AND3_R180__g0p14_drc/PAIR__PNAND2_R0__AND3_R180__g0p14.lyrdb
PNAND2,R0,AND3,MX,0.0,False,0,False,False,False,True,,outputs/PROJECT_decoder_gate_abutment_matrix/_pair_trials/PAIR__PNAND2_R0__AND3_MX__g0p0.gds,b684f03645a8a85dfd2bf70480befa6b150015982fcdd40040c7080c8023df47,outputs/PROJECT_decoder_gate_abutment_matrix/_pair_trials/PAIR__PNAND2_R0__AND3_MX__g0p0_drc/PAIR__PNAND2_R0__AND3_MX__g0p0.lyrdb
PNAND2,R0,AND3,MX,0.0025,False,1,False,False,True,False,drc_marker_count=1,outputs/PROJECT_decoder_gate_abutment_matrix/_pair_trials/PAIR__PNAND2_R0__AND3_MX__g0p0025.gds,6f644b3d5bf6f4b77f5741047e9feedbd54196ad8442b6211073523ac803851f,outputs/PROJECT_decoder_gate_abutment_matrix/_pair_trials/PAIR__PNAND2_R0__AND3_MX__g0p0025_drc/PAIR__PNAND2_R0__AND3_MX__g0p0025.lyrdb
PNAND2,R0,AND3,MX,0.07,False,1,False,False,True,False,drc_marker_count=1,outputs/PROJECT_decoder_gate_abutment_matrix/_pair_trials/PAIR__PNAND2_R0__AND3_MX__g0p07.gds,547b46b4e5423dfdddff72ad7aad23f1a939122879fdcdee3dc2825c2c618854,outputs/PROJECT_decoder_gate_abutment_matrix/_pair_trials/PAIR__PNAND2_R0__AND3_MX__g0p07_drc/PAIR__PNAND2_R0__AND3_MX__g0p07.lyrdb
PNAND2,R0,AND3,MX,0.14,False,1,False,False,True,False,drc_marker_count=1,outputs/PROJECT_decoder_gate_abutment_matrix/_pair_trials/PAIR__PNAND2_R0__AND3_MX__g0p14.gds,2f7079753b81c8ac453f9ba31bb74a6e101bc79a36a7856a8641592f74cabb80,outputs/PROJECT_decoder_gate_abutment_matrix/_pair_trials/PAIR__PNAND2_R0__AND3_MX__g0p14_drc/PAIR__PNAND2_R0__AND3_MX__g0p14.lyrdb
PNAND2,R0,AND3,MY,0.0,True,21,False,True,True,False,drc_marker_count=21,outputs/PROJECT_decoder_gate_abutment_matrix/_pair_trials/PAIR__PNAND2_R0__AND3_MY__g0p0.gds,b083159b08f28d66fb24957a5e236bf2e3b1563dfb8ee855a18f66cd0926cea3,outputs/PROJECT_decoder_gate_abutment_matrix/_pair_trials/PAIR__PNAND2_R0__AND3_MY__g0p0_drc/PAIR__PNAND2_R0__AND3_MY__g0p0.lyrdb
PNAND2,R0,AND3,MY,0.0025,True,21,False,True,True,False,drc_marker_count=21,outputs/PROJECT_decoder_gate_abutment_matrix/_pair_trials/PAIR__PNAND2_R0__AND3_MY__g0p0025.gds,e4559c4f0c82a19af5aaef18f3a3e8a40c1430e50df08cbf674da67f133d25cc,outputs/PROJECT_decoder_gate_abutment_matrix/_pair_trials/PAIR__PNAND2_R0__AND3_MY__g0p0025_drc/PAIR__PNAND2_R0__AND3_MY__g0p0025.lyrdb
PNAND2,R0,AND3,MY,0.07,True,88,False,True,True,False,drc_marker_count=88,outputs/PROJECT_decoder_gate_abutment_matrix/_pair_trials/PAIR__PNAND2_R0__AND3_MY__g0p07.gds,8d68349ae97fb30e0243bdb9eaaa859a9d887e65ed41685f57a82d60a0f12630,outputs/PROJECT_decoder_gate_abutment_matrix/_pair_trials/PAIR__PNAND2_R0__AND3_MY__g0p07_drc/PAIR__PNAND2_R0__AND3_MY__g0p07.lyrdb
PNAND2,R0,AND3,MY,0.14,True,46,False,True,True,False,drc_marker_count=46,outputs/PROJECT_decoder_gate_abutment_matrix/_pair_trials/PAIR__PNAND2_R0__AND3_MY__g0p14.gds,9f1c31d51c68e26359af2acd4465239a5976241c9df08c56dbe67d14b9f7c12d,outputs/PROJECT_decoder_gate_abutment_matrix/_pair_trials/PAIR__PNAND2_R0__AND3_MY__g0p14_drc/PAIR__PNAND2_R0__AND3_MY__g0p14.lyrdb
PNAND2,R0,WORDLINEDRIVER,R0,0.0,True,0,False,True,False,True,,outputs/PROJECT_decoder_gate_abutment_matrix/_pair_trials/PAIR__PNAND2_R0__WORDLINEDRIVER_R0__g0p0.gds,e5a8d323c4744f9e48d97a57af06b1dea8958710807e38938b80ad6009c64857,outputs/PROJECT_decoder_gate_abutment_matrix/_pair_trials/PAIR__PNAND2_R0__WORDLINEDRIVER_R0__g0p0_drc/PAIR__PNAND2_R0__WORDLINEDRIVER_R0__g0p0.lyrdb
PNAND2,R0,WORDLINEDRIVER,R0,0.0025,True,1,False,True,True,False,drc_marker_count=1,outputs/PROJECT_decoder_gate_abutment_matrix/_pair_trials/PAIR__PNAND2_R0__WORDLINEDRIVER_R0__g0p0025.gds,948e10aed55d1034c3592b4e739526b77189dc29d793b47df01e197109838333,outputs/PROJECT_decoder_gate_abutment_matrix/_pair_trials/PAIR__PNAND2_R0__WORDLINEDRIVER_R0__g0p0025_drc/PAIR__PNAND2_R0__WORDLINEDRIVER_R0__g0p0025.lyrdb
PNAND2,R0,WORDLINEDRIVER,R0,0.07,True,1,False,True,True,False,drc_marker_count=1,outputs/PROJECT_decoder_gate_abutment_matrix/_pair_trials/PAIR__PNAND2_R0__WORDLINEDRIVER_R0__g0p07.gds,3c2c3cabc345b0eb140450efda711a89c341836306a7dc40f7958fcfb6964aa8,outputs/PROJECT_decoder_gate_abutment_matrix/_pair_trials/PAIR__PNAND2_R0__WORDLINEDRIVER_R0__g0p07_drc/PAIR__PNAND2_R0__WORDLINEDRIVER_R0__g0p07.lyrdb
PNAND2,R0,WORDLINEDRIVER,R0,0.14,True,1,False,True,True,False,drc_marker_count=1,outputs/PROJECT_decoder_gate_abutment_matrix/_pair_trials/PAIR__PNAND2_R0__WORDLINEDRIVER_R0__g0p14.gds,a4f6c64edc6f33dc109160c24fe6a7c213c2548db63728dabda4b225e38ecfdc,outputs/PROJECT_decoder_gate_abutment_matrix/_pair_trials/PAIR__PNAND2_R0__WORDLINEDRIVER_R0__g0p14_drc/PAIR__PNAND2_R0__WORDLINEDRIVER_R0__g0p14.lyrdb
PNAND2,R0,WORDLINEDRIVER,R180,0.0,True,0,False,True,False,True,,outputs/PROJECT_decoder_gate_abutment_matrix/_pair_trials/PAIR__PNAND2_R0__WORDLINEDRIVER_R180__g0p0.gds,025d18e245a2cee81da4d287c4e5d096eaf4bada09d0b848e50b569bcf26c1a4,outputs/PROJECT_decoder_gate_abutment_matrix/_pair_trials/PAIR__PNAND2_R0__WORDLINEDRIVER_R180__g0p0_drc/PAIR__PNAND2_R0__WORDLINEDRIVER_R180__g0p0.lyrdb
PNAND2,R0,WORDLINEDRIVER,R180,0.0025,True,0,False,True,False,True,,outputs/PROJECT_decoder_gate_abutment_matrix/_pair_trials/PAIR__PNAND2_R0__WORDLINEDRIVER_R180__g0p0025.gds,f087f7ac8593393c653a8ea4778620593915a1ce264b1c0065a9b745d86900b9,outputs/PROJECT_decoder_gate_abutment_matrix/_pair_trials/PAIR__PNAND2_R0__WORDLINEDRIVER_R180__g0p0025_drc/PAIR__PNAND2_R0__WORDLINEDRIVER_R180__g0p0025.lyrdb
PNAND2,R0,WORDLINEDRIVER,R180,0.07,True,0,False,True,False,True,,outputs/PROJECT_decoder_gate_abutment_matrix/_pair_trials/PAIR__PNAND2_R0__WORDLINEDRIVER_R180__g0p07.gds,a865c9ada5c399e503407bbdf1fe38f28f6136cd2b91c24fd5be19638006bdba,outputs/PROJECT_decoder_gate_abutment_matrix/_pair_trials/PAIR__PNAND2_R0__WORDLINEDRIVER_R180__g0p07_drc/PAIR__PNAND2_R0__WORDLINEDRIVER_R180__g0p07.lyrdb
PNAND2,R0,WORDLINEDRIVER,R180,0.14,True,0,False,True,False,True,,outputs/PROJECT_decoder_gate_abutment_matrix/_pair_trials/PAIR__PNAND2_R0__WORDLINEDRIVER_R180__g0p14.gds,7f788e51029fb2a6f6177ea1e933451cab37a88924ab253376ae300350593d37,outputs/PROJECT_decoder_gate_abutment_matrix/_pair_trials/PAIR__PNAND2_R0__WORDLINEDRIVER_R180__g0p14_drc/PAIR__PNAND2_R0__WORDLINEDRIVER_R180__g0p14.lyrdb
PNAND2,R0,WORDLINEDRIVER,MX,0.0,False,0,False,False,False,True,,outputs/PROJECT_decoder_gate_abutment_matrix/_pair_trials/PAIR__PNAND2_R0__WORDLINEDRIVER_MX__g0p0.gds,400fd21d0a07be57ceafcee7f76c19d72fc1f66278e8029af78127c6ca2b563b,outputs/PROJECT_decoder_gate_abutment_matrix/_pair_trials/PAIR__PNAND2_R0__WORDLINEDRIVER_MX__g0p0_drc/PAIR__PNAND2_R0__WORDLINEDRIVER_MX__g0p0.lyrdb
PNAND2,R0,WORDLINEDRIVER,MX,0.0025,False,1,False,False,True,False,drc_marker_count=1,outputs/PROJECT_decoder_gate_abutment_matrix/_pair_trials/PAIR__PNAND2_R0__WORDLINEDRIVER_MX__g0p0025.gds,8896e096a7914c5355d40aa852ff04ca1df0a8a0fee2fc557622737054f87a37,outputs/PROJECT_decoder_gate_abutment_matrix/_pair_trials/PAIR__PNAND2_R0__WORDLINEDRIVER_MX__g0p0025_drc/PAIR__PNAND2_R0__WORDLINEDRIVER_MX__g0p0025.lyrdb
PNAND2,R0,WORDLINEDRIVER,MX,0.07,False,1,False,False,True,False,drc_marker_count=1,outputs/PROJECT_decoder_gate_abutment_matrix/_pair_trials/PAIR__PNAND2_R0__WORDLINEDRIVER_MX__g0p07.gds,aec54f336a817f0634c362b9a2a9ffbe1ba4ca8950f301a483be7dce5760aa84,outputs/PROJECT_decoder_gate_abutment_matrix/_pair_trials/PAIR__PNAND2_R0__WORDLINEDRIVER_MX__g0p07_drc/PAIR__PNAND2_R0__WORDLINEDRIVER_MX__g0p07.lyrdb
PNAND2,R0,WORDLINEDRIVER,MX,0.14,False,1,False,False,True,False,drc_marker_count=1,outputs/PROJECT_decoder_gate_abutment_matrix/_pair_trials/PAIR__PNAND2_R0__WORDLINEDRIVER_MX__g0p14.gds,d1d1ab1d06f5dd1b2e9ce15c70eb82b1daa84897c5c3214a066ae5788fb41951,outputs/PROJECT_decoder_gate_abutment_matrix/_pair_trials/PAIR__PNAND2_R0__WORDLINEDRIVER_MX__g0p14_drc/PAIR__PNAND2_R0__WORDLINEDRIVER_MX__g0p14.lyrdb
PNAND2,R0,WORDLINEDRIVER,MY,0.0,True,24,False,True,True,False,drc_marker_count=24,outputs/PROJECT_decoder_gate_abutment_matrix/_pair_trials/PAIR__PNAND2_R0__WORDLINEDRIVER_MY__g0p0.gds,bc46144c0d4e8ba00c21e028188e721b0cff3baa98e3306c2670c42a87d265fd,outputs/PROJECT_decoder_gate_abutment_matrix/_pair_trials/PAIR__PNAND2_R0__WORDLINEDRIVER_MY__g0p0_drc/PAIR__PNAND2_R0__WORDLINEDRIVER_MY__g0p0.lyrdb
PNAND2,R0,WORDLINEDRIVER,MY,0.0025,True,24,False,True,True,False,drc_marker_count=24,outputs/PROJECT_decoder_gate_abutment_matrix/_pair_trials/PAIR__PNAND2_R0__WORDLINEDRIVER_MY__g0p0025.gds,7b9d466786d74ea2263c2e996ffbc90ab6d1bb44e555ec5783b59b938a761b38,outputs/PROJECT_decoder_gate_abutment_matrix/_pair_trials/PAIR__PNAND2_R0__WORDLINEDRIVER_MY__g0p0025_drc/PAIR__PNAND2_R0__WORDLINEDRIVER_MY__g0p0025.lyrdb
PNAND2,R0,WORDLINEDRIVER,MY,0.07,True,92,False,True,True,False,drc_marker_count=92,outputs/PROJECT_decoder_gate_abutment_matrix/_pair_trials/PAIR__PNAND2_R0__WORDLINEDRIVER_MY__g0p07.gds,3f4530a4b1b3ce0a9636c0c29f2a61c0f2f28614adc2cf07c86333b501c864ca,outputs/PROJECT_decoder_gate_abutment_matrix/_pair_trials/PAIR__PNAND2_R0__WORDLINEDRIVER_MY__g0p07_drc/PAIR__PNAND2_R0__WORDLINEDRIVER_MY__g0p07.lyrdb
PNAND2,R0,WORDLINEDRIVER,MY,0.14,True,46,False,True,True,False,drc_marker_count=46,outputs/PROJECT_decoder_gate_abutment_matrix/_pair_trials/PAIR__PNAND2_R0__WORDLINEDRIVER_MY__g0p14.gds,d68210aecb54ca83985b52bdbabb048b3c2faa891bba10af387f7ad6a4b814a5,outputs/PROJECT_decoder_gate_abutment_matrix/_pair_trials/PAIR__PNAND2_R0__WORDLINEDRIVER_MY__g0p14_drc/PAIR__PNAND2_R0__WORDLINEDRIVER_MY__g0p14.lyrdb
PNAND2,R180,PINV,R0,0.0,True,0,False,True,False,True,,outputs/PROJECT_decoder_gate_abutment_matrix/_pair_trials/PAIR__PNAND2_R180__PINV_R0__g0p0.gds,181532daecf7f20302be72a28b01282c4a0939a44384cf40a92fae47816da6c2,outputs/PROJECT_decoder_gate_abutment_matrix/_pair_trials/PAIR__PNAND2_R180__PINV_R0__g0p0_drc/PAIR__PNAND2_R180__PINV_R0__g0p0.lyrdb
PNAND2,R180,PINV,R0,0.0025,True,0,False,True,False,True,,outputs/PROJECT_decoder_gate_abutment_matrix/_pair_trials/PAIR__PNAND2_R180__PINV_R0__g0p0025.gds,717c4746020f9e499a91b40d0ac04c77fbb23cf113b1b224bd348a9686bb41d0,outputs/PROJECT_decoder_gate_abutment_matrix/_pair_trials/PAIR__PNAND2_R180__PINV_R0__g0p0025_drc/PAIR__PNAND2_R180__PINV_R0__g0p0025.lyrdb
PNAND2,R180,PINV,R0,0.07,True,0,False,True,False,True,,outputs/PROJECT_decoder_gate_abutment_matrix/_pair_trials/PAIR__PNAND2_R180__PINV_R0__g0p07.gds,4ec834b38c749ad9e2b8ccf7f31870fd6496030cadcfcd0cd331e566e458f56f,outputs/PROJECT_decoder_gate_abutment_matrix/_pair_trials/PAIR__PNAND2_R180__PINV_R0__g0p07_drc/PAIR__PNAND2_R180__PINV_R0__g0p07.lyrdb
PNAND2,R180,PINV,R0,0.14,True,0,False,True,False,True,,outputs/PROJECT_decoder_gate_abutment_matrix/_pair_trials/PAIR__PNAND2_R180__PINV_R0__g0p14.gds,5843dc76d6fddc740d27e8b93dc3b0b6e2fb426b0fe1cae0983cb880e4411223,outputs/PROJECT_decoder_gate_abutment_matrix/_pair_trials/PAIR__PNAND2_R180__PINV_R0__g0p14_drc/PAIR__PNAND2_R180__PINV_R0__g0p14.lyrdb
PNAND2,R180,PINV,R180,0.0,True,0,False,True,False,True,,outputs/PROJECT_decoder_gate_abutment_matrix/_pair_trials/PAIR__PNAND2_R180__PINV_R180__g0p0.gds,d86a845ef5874325d88b85ab19f854eb8548f786261ea6f35db377d1cbf80268,outputs/PROJECT_decoder_gate_abutment_matrix/_pair_trials/PAIR__PNAND2_R180__PINV_R180__g0p0_drc/PAIR__PNAND2_R180__PINV_R180__g0p0.lyrdb
PNAND2,R180,PINV,R180,0.0025,True,0,False,True,False,True,,outputs/PROJECT_decoder_gate_abutment_matrix/_pair_trials/PAIR__PNAND2_R180__PINV_R180__g0p0025.gds,e134e1b5cfcbfc837505ef0a71f24f7da547b56d1333792b7965665aa3456c14,outputs/PROJECT_decoder_gate_abutment_matrix/_pair_trials/PAIR__PNAND2_R180__PINV_R180__g0p0025_drc/PAIR__PNAND2_R180__PINV_R180__g0p0025.lyrdb
PNAND2,R180,PINV,R180,0.07,True,0,False,True,False,True,,outputs/PROJECT_decoder_gate_abutment_matrix/_pair_trials/PAIR__PNAND2_R180__PINV_R180__g0p07.gds,cac66232213397f6878079d8465b56b06d253f9f18ff8ee43e28cfdc735229c5,outputs/PROJECT_decoder_gate_abutment_matrix/_pair_trials/PAIR__PNAND2_R180__PINV_R180__g0p07_drc/PAIR__PNAND2_R180__PINV_R180__g0p07.lyrdb
PNAND2,R180,PINV,R180,0.14,True,0,False,True,False,True,,outputs/PROJECT_decoder_gate_abutment_matrix/_pair_trials/PAIR__PNAND2_R180__PINV_R180__g0p14.gds,fcf45280fa63246d860292215a4ccbddf6a40c9c37fc61836325a49c1839914a,outputs/PROJECT_decoder_gate_abutment_matrix/_pair_trials/PAIR__PNAND2_R180__PINV_R180__g0p14_drc/PAIR__PNAND2_R180__PINV_R180__g0p14.lyrdb
PNAND2,R180,PINV,MX,0.0,False,0,False,False,False,True,,outputs/PROJECT_decoder_gate_abutment_matrix/_pair_trials/PAIR__PNAND2_R180__PINV_MX__g0p0.gds,742348374f3a774ed1c56ba307d48d9252812b409c81b786e3a1292df512643c,outputs/PROJECT_decoder_gate_abutment_matrix/_pair_trials/PAIR__PNAND2_R180__PINV_MX__g0p0_drc/PAIR__PNAND2_R180__PINV_MX__g0p0.lyrdb
PNAND2,R180,PINV,MX,0.0025,False,0,False,False,False,True,,outputs/PROJECT_decoder_gate_abutment_matrix/_pair_trials/PAIR__PNAND2_R180__PINV_MX__g0p0025.gds,d1836c154857c861e4b03496fbe8196e63e03e991174623acef563dd54ab7fd0,outputs/PROJECT_decoder_gate_abutment_matrix/_pair_trials/PAIR__PNAND2_R180__PINV_MX__g0p0025_drc/PAIR__PNAND2_R180__PINV_MX__g0p0025.lyrdb
PNAND2,R180,PINV,MX,0.07,False,0,False,False,False,True,,outputs/PROJECT_decoder_gate_abutment_matrix/_pair_trials/PAIR__PNAND2_R180__PINV_MX__g0p07.gds,35a2c1706fa31c7ea6dcb483c24fba15e7a2bdc7c4d12143c652fee494f4ecf4,outputs/PROJECT_decoder_gate_abutment_matrix/_pair_trials/PAIR__PNAND2_R180__PINV_MX__g0p07_drc/PAIR__PNAND2_R180__PINV_MX__g0p07.lyrdb
PNAND2,R180,PINV,MX,0.14,False,0,False,False,False,True,,outputs/PROJECT_decoder_gate_abutment_matrix/_pair_trials/PAIR__PNAND2_R180__PINV_MX__g0p14.gds,cc2583c1a0ce4c03b288e1535bf2ff79d4c03dba8b131d877ead2f4be323d5a1,outputs/PROJECT_decoder_gate_abutment_matrix/_pair_trials/PAIR__PNAND2_R180__PINV_MX__g0p14_drc/PAIR__PNAND2_R180__PINV_MX__g0p14.lyrdb
PNAND2,R180,PINV,MY,0.0,True,0,False,True,False,True,,outputs/PROJECT_decoder_gate_abutment_matrix/_pair_trials/PAIR__PNAND2_R180__PINV_MY__g0p0.gds,f4ecaa2ddb037044a43fe6289e9458b9f82df60c7abd77ba74c457db35baa741,outputs/PROJECT_decoder_gate_abutment_matrix/_pair_trials/PAIR__PNAND2_R180__PINV_MY__g0p0_drc/PAIR__PNAND2_R180__PINV_MY__g0p0.lyrdb
PNAND2,R180,PINV,MY,0.0025,True,0,False,True,False,True,,outputs/PROJECT_decoder_gate_abutment_matrix/_pair_trials/PAIR__PNAND2_R180__PINV_MY__g0p0025.gds,2d66dad19141dd12ffa0ef36b16520ee1a292d8a816fc9cbcb0fed1e6e502592,outputs/PROJECT_decoder_gate_abutment_matrix/_pair_trials/PAIR__PNAND2_R180__PINV_MY__g0p0025_drc/PAIR__PNAND2_R180__PINV_MY__g0p0025.lyrdb
PNAND2,R180,PINV,MY,0.07,True,0,False,True,False,True,,outputs/PROJECT_decoder_gate_abutment_matrix/_pair_trials/PAIR__PNAND2_R180__PINV_MY__g0p07.gds,4cfdf819bec3d26ce3badcbe3c67ab0b36e45072a784eb394ca5d0f307705631,outputs/PROJECT_decoder_gate_abutment_matrix/_pair_trials/PAIR__PNAND2_R180__PINV_MY__g0p07_drc/PAIR__PNAND2_R180__PINV_MY__g0p07.lyrdb
PNAND2,R180,PINV,MY,0.14,True,0,False,True,False,True,,outputs/PROJECT_decoder_gate_abutment_matrix/_pair_trials/PAIR__PNAND2_R180__PINV_MY__g0p14.gds,f3766da39bd9989b53fddbbea0f4a3ffebc5add5c5d48e9f62d01209d0d0fa3f,outputs/PROJECT_decoder_gate_abutment_matrix/_pair_trials/PAIR__PNAND2_R180__PINV_MY__g0p14_drc/PAIR__PNAND2_R180__PINV_MY__g0p14.lyrdb
PNAND2,R180,PNAND2,R0,0.0,True,0,False,True,False,True,,outputs/PROJECT_decoder_gate_abutment_matrix/_pair_trials/PAIR__PNAND2_R180__PNAND2_R0__g0p0.gds,4e08e2ac9dabd633c8ab08eba3b896dd137163b19d36f92109125409d2e5c98f,outputs/PROJECT_decoder_gate_abutment_matrix/_pair_trials/PAIR__PNAND2_R180__PNAND2_R0__g0p0_drc/PAIR__PNAND2_R180__PNAND2_R0__g0p0.lyrdb
PNAND2,R180,PNAND2,R0,0.0025,True,0,False,True,False,True,,outputs/PROJECT_decoder_gate_abutment_matrix/_pair_trials/PAIR__PNAND2_R180__PNAND2_R0__g0p0025.gds,6e1e22bd18551c1b49b79c8ba311477b77d6eae4ad2a1d2085c8b1cf09d8227d,outputs/PROJECT_decoder_gate_abutment_matrix/_pair_trials/PAIR__PNAND2_R180__PNAND2_R0__g0p0025_drc/PAIR__PNAND2_R180__PNAND2_R0__g0p0025.lyrdb
PNAND2,R180,PNAND2,R0,0.07,True,0,False,True,False,True,,outputs/PROJECT_decoder_gate_abutment_matrix/_pair_trials/PAIR__PNAND2_R180__PNAND2_R0__g0p07.gds,24b43cb4b6163273495f9d416f28ec01eae7d53c69b5c4188cfe24a764ec2962,outputs/PROJECT_decoder_gate_abutment_matrix/_pair_trials/PAIR__PNAND2_R180__PNAND2_R0__g0p07_drc/PAIR__PNAND2_R180__PNAND2_R0__g0p07.lyrdb
PNAND2,R180,PNAND2,R0,0.14,True,0,False,True,False,True,,outputs/PROJECT_decoder_gate_abutment_matrix/_pair_trials/PAIR__PNAND2_R180__PNAND2_R0__g0p14.gds,97efe6f12f1580c95ab5633f63a83a89348f6d9593804a2340c155754d8e4d0a,outputs/PROJECT_decoder_gate_abutment_matrix/_pair_trials/PAIR__PNAND2_R180__PNAND2_R0__g0p14_drc/PAIR__PNAND2_R180__PNAND2_R0__g0p14.lyrdb
PNAND2,R180,PNAND2,R180,0.0,True,0,False,True,False,True,,outputs/PROJECT_decoder_gate_abutment_matrix/_pair_trials/PAIR__PNAND2_R180__PNAND2_R180__g0p0.gds,04efe61703757e3fe9f4f6017eb850c6fa778d86be2bc50ddc44a2689e42cf01,outputs/PROJECT_decoder_gate_abutment_matrix/_pair_trials/PAIR__PNAND2_R180__PNAND2_R180__g0p0_drc/PAIR__PNAND2_R180__PNAND2_R180__g0p0.lyrdb
PNAND2,R180,PNAND2,R180,0.0025,True,1,False,True,True,False,drc_marker_count=1,outputs/PROJECT_decoder_gate_abutment_matrix/_pair_trials/PAIR__PNAND2_R180__PNAND2_R180__g0p0025.gds,515cf4e237b5c7201c838849f222c783a40917af3bcad446430e442fc3113617,outputs/PROJECT_decoder_gate_abutment_matrix/_pair_trials/PAIR__PNAND2_R180__PNAND2_R180__g0p0025_drc/PAIR__PNAND2_R180__PNAND2_R180__g0p0025.lyrdb
PNAND2,R180,PNAND2,R180,0.07,True,1,False,True,True,False,drc_marker_count=1,outputs/PROJECT_decoder_gate_abutment_matrix/_pair_trials/PAIR__PNAND2_R180__PNAND2_R180__g0p07.gds,141c6b02ed3f718753163a2c325166746d41cdb8440256e923a57efbc74aabea,outputs/PROJECT_decoder_gate_abutment_matrix/_pair_trials/PAIR__PNAND2_R180__PNAND2_R180__g0p07_drc/PAIR__PNAND2_R180__PNAND2_R180__g0p07.lyrdb
PNAND2,R180,PNAND2,R180,0.14,True,1,False,True,True,False,drc_marker_count=1,outputs/PROJECT_decoder_gate_abutment_matrix/_pair_trials/PAIR__PNAND2_R180__PNAND2_R180__g0p14.gds,2231bbfc958dc2ecb5faf6ce9b2137c04e9335cfae5358c21bad477c2e808eea,outputs/PROJECT_decoder_gate_abutment_matrix/_pair_trials/PAIR__PNAND2_R180__PNAND2_R180__g0p14_drc/PAIR__PNAND2_R180__PNAND2_R180__g0p14.lyrdb
PNAND2,R180,PNAND2,MX,0.0,False,0,False,False,False,True,,outputs/PROJECT_decoder_gate_abutment_matrix/_pair_trials/PAIR__PNAND2_R180__PNAND2_MX__g0p0.gds,ba9893d39649aa5a5e2f44e29d136b659d76a60c8d2f362faa03d96d61737bd7,outputs/PROJECT_decoder_gate_abutment_matrix/_pair_trials/PAIR__PNAND2_R180__PNAND2_MX__g0p0_drc/PAIR__PNAND2_R180__PNAND2_MX__g0p0.lyrdb
PNAND2,R180,PNAND2,MX,0.0025,False,0,False,False,False,True,,outputs/PROJECT_decoder_gate_abutment_matrix/_pair_trials/PAIR__PNAND2_R180__PNAND2_MX__g0p0025.gds,d499709804c7954905e4d90ba8e296084486ffa56dd93146238271f202b6db39,outputs/PROJECT_decoder_gate_abutment_matrix/_pair_trials/PAIR__PNAND2_R180__PNAND2_MX__g0p0025_drc/PAIR__PNAND2_R180__PNAND2_MX__g0p0025.lyrdb
PNAND2,R180,PNAND2,MX,0.07,False,0,False,False,False,True,,outputs/PROJECT_decoder_gate_abutment_matrix/_pair_trials/PAIR__PNAND2_R180__PNAND2_MX__g0p07.gds,59c3db5a7a85f19217f77919271161e899f26140ab375ffb1822cf4b868f4d55,outputs/PROJECT_decoder_gate_abutment_matrix/_pair_trials/PAIR__PNAND2_R180__PNAND2_MX__g0p07_drc/PAIR__PNAND2_R180__PNAND2_MX__g0p07.lyrdb
PNAND2,R180,PNAND2,MX,0.14,False,0,False,False,False,True,,outputs/PROJECT_decoder_gate_abutment_matrix/_pair_trials/PAIR__PNAND2_R180__PNAND2_MX__g0p14.gds,a96f85c8ecb41a3e2fa3b416d56091c9c6971fdc122226a7b315f2a367b53cfc,outputs/PROJECT_decoder_gate_abutment_matrix/_pair_trials/PAIR__PNAND2_R180__PNAND2_MX__g0p14_drc/PAIR__PNAND2_R180__PNAND2_MX__g0p14.lyrdb
PNAND2,R180,PNAND2,MY,0.0,True,0,False,True,False,True,,outputs/PROJECT_decoder_gate_abutment_matrix/_pair_trials/PAIR__PNAND2_R180__PNAND2_MY__g0p0.gds,41d75c335f69156bdf829f326a27d47ab591cb4cf709ecd2d6c651fb0c28386f,outputs/PROJECT_decoder_gate_abutment_matrix/_pair_trials/PAIR__PNAND2_R180__PNAND2_MY__g0p0_drc/PAIR__PNAND2_R180__PNAND2_MY__g0p0.lyrdb
PNAND2,R180,PNAND2,MY,0.0025,True,1,False,True,True,False,drc_marker_count=1,outputs/PROJECT_decoder_gate_abutment_matrix/_pair_trials/PAIR__PNAND2_R180__PNAND2_MY__g0p0025.gds,92e8c0f7f8bd204a6fd0e82ccf52dae84abdd608d77794a9040c8e9afa7c5356,outputs/PROJECT_decoder_gate_abutment_matrix/_pair_trials/PAIR__PNAND2_R180__PNAND2_MY__g0p0025_drc/PAIR__PNAND2_R180__PNAND2_MY__g0p0025.lyrdb
PNAND2,R180,PNAND2,MY,0.07,True,1,False,True,True,False,drc_marker_count=1,outputs/PROJECT_decoder_gate_abutment_matrix/_pair_trials/PAIR__PNAND2_R180__PNAND2_MY__g0p07.gds,0e931bad7c5af468051e8f15b5337a7f83611f1c42a8b695607909b9ef533975,outputs/PROJECT_decoder_gate_abutment_matrix/_pair_trials/PAIR__PNAND2_R180__PNAND2_MY__g0p07_drc/PAIR__PNAND2_R180__PNAND2_MY__g0p07.lyrdb
PNAND2,R180,PNAND2,MY,0.14,True,1,False,True,True,False,drc_marker_count=1,outputs/PROJECT_decoder_gate_abutment_matrix/_pair_trials/PAIR__PNAND2_R180__PNAND2_MY__g0p14.gds,baa488c8509bdae018e9d0ac1ce7fbb44e0d061d6381811d4a432444ba16b56b,outputs/PROJECT_decoder_gate_abutment_matrix/_pair_trials/PAIR__PNAND2_R180__PNAND2_MY__g0p14_drc/PAIR__PNAND2_R180__PNAND2_MY__g0p14.lyrdb
PNAND2,R180,PNAND3,R0,0.0,True,0,False,True,False,True,,outputs/PROJECT_decoder_gate_abutment_matrix/_pair_trials/PAIR__PNAND2_R180__PNAND3_R0__g0p0.gds,57d6aeb4389908f9dce1d1c4d5cd32a7afe130b213679bfc01e72aa0e44697a6,outputs/PROJECT_decoder_gate_abutment_matrix/_pair_trials/PAIR__PNAND2_R180__PNAND3_R0__g0p0_drc/PAIR__PNAND2_R180__PNAND3_R0__g0p0.lyrdb
PNAND2,R180,PNAND3,R0,0.0025,True,0,False,True,False,True,,outputs/PROJECT_decoder_gate_abutment_matrix/_pair_trials/PAIR__PNAND2_R180__PNAND3_R0__g0p0025.gds,c6a1c382e60cbc149fc291f2a7a8366f944771bb127620cfd226fca56e2b0a25,outputs/PROJECT_decoder_gate_abutment_matrix/_pair_trials/PAIR__PNAND2_R180__PNAND3_R0__g0p0025_drc/PAIR__PNAND2_R180__PNAND3_R0__g0p0025.lyrdb
PNAND2,R180,PNAND3,R0,0.07,True,0,False,True,False,True,,outputs/PROJECT_decoder_gate_abutment_matrix/_pair_trials/PAIR__PNAND2_R180__PNAND3_R0__g0p07.gds,b061b1d74e207b694d2ef12e4c0fb1f8bd1f974ff3dd4f1cbaa876c95c7e1cbc,outputs/PROJECT_decoder_gate_abutment_matrix/_pair_trials/PAIR__PNAND2_R180__PNAND3_R0__g0p07_drc/PAIR__PNAND2_R180__PNAND3_R0__g0p07.lyrdb
PNAND2,R180,PNAND3,R0,0.14,True,0,False,True,False,True,,outputs/PROJECT_decoder_gate_abutment_matrix/_pair_trials/PAIR__PNAND2_R180__PNAND3_R0__g0p14.gds,0711a70f2f30dd60e0fdcd7b22c4bc697f1411d47683c8f94d5634b3540f9c61,outputs/PROJECT_decoder_gate_abutment_matrix/_pair_trials/PAIR__PNAND2_R180__PNAND3_R0__g0p14_drc/PAIR__PNAND2_R180__PNAND3_R0__g0p14.lyrdb
PNAND2,R180,PNAND3,R180,0.0,True,17,False,True,True,False,drc_marker_count=17,outputs/PROJECT_decoder_gate_abutment_matrix/_pair_trials/PAIR__PNAND2_R180__PNAND3_R180__g0p0.gds,c6ab3bd7f03a31ca984709521df26602f4b23e2ad706fad792e8868d58d28dfc,outputs/PROJECT_decoder_gate_abutment_matrix/_pair_trials/PAIR__PNAND2_R180__PNAND3_R180__g0p0_drc/PAIR__PNAND2_R180__PNAND3_R180__g0p0.lyrdb
PNAND2,R180,PNAND3,R180,0.0025,True,17,False,True,True,False,drc_marker_count=17,outputs/PROJECT_decoder_gate_abutment_matrix/_pair_trials/PAIR__PNAND2_R180__PNAND3_R180__g0p0025.gds,5191e8c5eef20ce16ba69e64dd7d9648b43a85ce331abceb6a9a6ae7d44dbdeb,outputs/PROJECT_decoder_gate_abutment_matrix/_pair_trials/PAIR__PNAND2_R180__PNAND3_R180__g0p0025_drc/PAIR__PNAND2_R180__PNAND3_R180__g0p0025.lyrdb
PNAND2,R180,PNAND3,R180,0.07,True,8,False,True,True,False,drc_marker_count=8,outputs/PROJECT_decoder_gate_abutment_matrix/_pair_trials/PAIR__PNAND2_R180__PNAND3_R180__g0p07.gds,37146a17a30f139eb07b5fd65541265be1306af2f5477f472d3884493cb59908,outputs/PROJECT_decoder_gate_abutment_matrix/_pair_trials/PAIR__PNAND2_R180__PNAND3_R180__g0p07_drc/PAIR__PNAND2_R180__PNAND3_R180__g0p07.lyrdb
PNAND2,R180,PNAND3,R180,0.14,True,0,False,True,False,True,,outputs/PROJECT_decoder_gate_abutment_matrix/_pair_trials/PAIR__PNAND2_R180__PNAND3_R180__g0p14.gds,c40a5bd3edf8c612ae5954e18836447f5797dd26b2b081f3356c8340413e10c9,outputs/PROJECT_decoder_gate_abutment_matrix/_pair_trials/PAIR__PNAND2_R180__PNAND3_R180__g0p14_drc/PAIR__PNAND2_R180__PNAND3_R180__g0p14.lyrdb
PNAND2,R180,PNAND3,MX,0.0,False,0,False,False,False,True,,outputs/PROJECT_decoder_gate_abutment_matrix/_pair_trials/PAIR__PNAND2_R180__PNAND3_MX__g0p0.gds,56d6048adc45437c83f07365488c3cc2987c7d3fcb17bc8785895020610663f4,outputs/PROJECT_decoder_gate_abutment_matrix/_pair_trials/PAIR__PNAND2_R180__PNAND3_MX__g0p0_drc/PAIR__PNAND2_R180__PNAND3_MX__g0p0.lyrdb
PNAND2,R180,PNAND3,MX,0.0025,False,0,False,False,False,True,,outputs/PROJECT_decoder_gate_abutment_matrix/_pair_trials/PAIR__PNAND2_R180__PNAND3_MX__g0p0025.gds,57bfdde506a7a2199507b83295675ed94de26a0f0f584700a5a3c8c113d49bfb,outputs/PROJECT_decoder_gate_abutment_matrix/_pair_trials/PAIR__PNAND2_R180__PNAND3_MX__g0p0025_drc/PAIR__PNAND2_R180__PNAND3_MX__g0p0025.lyrdb
PNAND2,R180,PNAND3,MX,0.07,False,0,False,False,False,True,,outputs/PROJECT_decoder_gate_abutment_matrix/_pair_trials/PAIR__PNAND2_R180__PNAND3_MX__g0p07.gds,8964cd49eaafb2bd890fb4fb38d5a8d5adc63d2daf7a9dbff763b77490407a33,outputs/PROJECT_decoder_gate_abutment_matrix/_pair_trials/PAIR__PNAND2_R180__PNAND3_MX__g0p07_drc/PAIR__PNAND2_R180__PNAND3_MX__g0p07.lyrdb
PNAND2,R180,PNAND3,MX,0.14,False,0,False,False,False,True,,outputs/PROJECT_decoder_gate_abutment_matrix/_pair_trials/PAIR__PNAND2_R180__PNAND3_MX__g0p14.gds,a3239366c5d0f0c244ca41978f76dd99380a30598bf5a124c508f55eb710c14b,outputs/PROJECT_decoder_gate_abutment_matrix/_pair_trials/PAIR__PNAND2_R180__PNAND3_MX__g0p14_drc/PAIR__PNAND2_R180__PNAND3_MX__g0p14.lyrdb
PNAND2,R180,PNAND3,MY,0.0,True,0,False,True,False,True,,outputs/PROJECT_decoder_gate_abutment_matrix/_pair_trials/PAIR__PNAND2_R180__PNAND3_MY__g0p0.gds,c62bd65ef446b87aeda1f1cc9f7092359f318ca1a7eea121b4b3abc4aecc10a0,outputs/PROJECT_decoder_gate_abutment_matrix/_pair_trials/PAIR__PNAND2_R180__PNAND3_MY__g0p0_drc/PAIR__PNAND2_R180__PNAND3_MY__g0p0.lyrdb
PNAND2,R180,PNAND3,MY,0.0025,True,0,False,True,False,True,,outputs/PROJECT_decoder_gate_abutment_matrix/_pair_trials/PAIR__PNAND2_R180__PNAND3_MY__g0p0025.gds,f715bd65d79ee2ea30f66487def8819ff5fc13232fc08129ae612fab3e940cce,outputs/PROJECT_decoder_gate_abutment_matrix/_pair_trials/PAIR__PNAND2_R180__PNAND3_MY__g0p0025_drc/PAIR__PNAND2_R180__PNAND3_MY__g0p0025.lyrdb
PNAND2,R180,PNAND3,MY,0.07,True,0,False,True,False,True,,outputs/PROJECT_decoder_gate_abutment_matrix/_pair_trials/PAIR__PNAND2_R180__PNAND3_MY__g0p07.gds,73d018c14a6854d189743fbab70196664b2f8bbc9915c9730faafcd8b7a144eb,outputs/PROJECT_decoder_gate_abutment_matrix/_pair_trials/PAIR__PNAND2_R180__PNAND3_MY__g0p07_drc/PAIR__PNAND2_R180__PNAND3_MY__g0p07.lyrdb
PNAND2,R180,PNAND3,MY,0.14,True,0,False,True,False,True,,outputs/PROJECT_decoder_gate_abutment_matrix/_pair_trials/PAIR__PNAND2_R180__PNAND3_MY__g0p14.gds,dd112c4f03cdc64163caa72508d877eb1d1195c56b9b7c4c13adf96fca826f71,outputs/PROJECT_decoder_gate_abutment_matrix/_pair_trials/PAIR__PNAND2_R180__PNAND3_MY__g0p14_drc/PAIR__PNAND2_R180__PNAND3_MY__g0p14.lyrdb
PNAND2,R180,AND2,R0,0.0,True,0,False,True,False,True,,outputs/PROJECT_decoder_gate_abutment_matrix/_pair_trials/PAIR__PNAND2_R180__AND2_R0__g0p0.gds,1bce0362650bf16083664a5cb9dca69470e616b82e4b680216fc132d8d143a5c,outputs/PROJECT_decoder_gate_abutment_matrix/_pair_trials/PAIR__PNAND2_R180__AND2_R0__g0p0_drc/PAIR__PNAND2_R180__AND2_R0__g0p0.lyrdb
PNAND2,R180,AND2,R0,0.0025,True,0,False,True,False,True,,outputs/PROJECT_decoder_gate_abutment_matrix/_pair_trials/PAIR__PNAND2_R180__AND2_R0__g0p0025.gds,c67360a6d1cef8b81ef8b3570b082aace86bbc80961a963cae68898d29482e2d,outputs/PROJECT_decoder_gate_abutment_matrix/_pair_trials/PAIR__PNAND2_R180__AND2_R0__g0p0025_drc/PAIR__PNAND2_R180__AND2_R0__g0p0025.lyrdb
PNAND2,R180,AND2,R0,0.07,True,0,False,True,False,True,,outputs/PROJECT_decoder_gate_abutment_matrix/_pair_trials/PAIR__PNAND2_R180__AND2_R0__g0p07.gds,b73ddeb1425456dc97da67ac6ee12c01bb9a03285ebcdae4545ffe3bf577b750,outputs/PROJECT_decoder_gate_abutment_matrix/_pair_trials/PAIR__PNAND2_R180__AND2_R0__g0p07_drc/PAIR__PNAND2_R180__AND2_R0__g0p07.lyrdb
PNAND2,R180,AND2,R0,0.14,True,0,False,True,False,True,,outputs/PROJECT_decoder_gate_abutment_matrix/_pair_trials/PAIR__PNAND2_R180__AND2_R0__g0p14.gds,9c3898d420c272fa7d1569535dcddf4f6e6edd24423fe9cc98f3dc7e11633077,outputs/PROJECT_decoder_gate_abutment_matrix/_pair_trials/PAIR__PNAND2_R180__AND2_R0__g0p14_drc/PAIR__PNAND2_R180__AND2_R0__g0p14.lyrdb
PNAND2,R180,AND2,R180,0.0,True,94,False,True,True,False,drc_marker_count=94,outputs/PROJECT_decoder_gate_abutment_matrix/_pair_trials/PAIR__PNAND2_R180__AND2_R180__g0p0.gds,8c2b14331d8dc45caa6902d803a3662662a1aa6c0ba900ab5d4ca317c90085b0,outputs/PROJECT_decoder_gate_abutment_matrix/_pair_trials/PAIR__PNAND2_R180__AND2_R180__g0p0_drc/PAIR__PNAND2_R180__AND2_R180__g0p0.lyrdb
PNAND2,R180,AND2,R180,0.0025,True,96,False,True,True,False,drc_marker_count=96,outputs/PROJECT_decoder_gate_abutment_matrix/_pair_trials/PAIR__PNAND2_R180__AND2_R180__g0p0025.gds,a518a34ca5d4b0dfa6f7b53d7390e77f18f9caec2e061f8bee7729af7e6b7949,outputs/PROJECT_decoder_gate_abutment_matrix/_pair_trials/PAIR__PNAND2_R180__AND2_R180__g0p0025_drc/PAIR__PNAND2_R180__AND2_R180__g0p0025.lyrdb
PNAND2,R180,AND2,R180,0.07,True,32,False,True,True,False,drc_marker_count=32,outputs/PROJECT_decoder_gate_abutment_matrix/_pair_trials/PAIR__PNAND2_R180__AND2_R180__g0p07.gds,86fb5516a2ecf17f38a5ad0da5621497d40f85969d40eeff2ed1a93eff51c08e,outputs/PROJECT_decoder_gate_abutment_matrix/_pair_trials/PAIR__PNAND2_R180__AND2_R180__g0p07_drc/PAIR__PNAND2_R180__AND2_R180__g0p07.lyrdb
PNAND2,R180,AND2,R180,0.14,True,42,False,True,True,False,drc_marker_count=42,outputs/PROJECT_decoder_gate_abutment_matrix/_pair_trials/PAIR__PNAND2_R180__AND2_R180__g0p14.gds,11d876080351046d1726a587f4eb91982ea857a01570ae31d3f9e16b49204953,outputs/PROJECT_decoder_gate_abutment_matrix/_pair_trials/PAIR__PNAND2_R180__AND2_R180__g0p14_drc/PAIR__PNAND2_R180__AND2_R180__g0p14.lyrdb
PNAND2,R180,AND2,MX,0.0,False,0,False,False,False,True,,outputs/PROJECT_decoder_gate_abutment_matrix/_pair_trials/PAIR__PNAND2_R180__AND2_MX__g0p0.gds,ec962d4292100660e97d218600a1d61fd10dbb8ffd889cedbae1de06e5a9d5fc,outputs/PROJECT_decoder_gate_abutment_matrix/_pair_trials/PAIR__PNAND2_R180__AND2_MX__g0p0_drc/PAIR__PNAND2_R180__AND2_MX__g0p0.lyrdb
PNAND2,R180,AND2,MX,0.0025,False,0,False,False,False,True,,outputs/PROJECT_decoder_gate_abutment_matrix/_pair_trials/PAIR__PNAND2_R180__AND2_MX__g0p0025.gds,1753226a92d2bddfa31320830432470b75102ae667f93fb50df6ee843a344911,outputs/PROJECT_decoder_gate_abutment_matrix/_pair_trials/PAIR__PNAND2_R180__AND2_MX__g0p0025_drc/PAIR__PNAND2_R180__AND2_MX__g0p0025.lyrdb
PNAND2,R180,AND2,MX,0.07,False,0,False,False,False,True,,outputs/PROJECT_decoder_gate_abutment_matrix/_pair_trials/PAIR__PNAND2_R180__AND2_MX__g0p07.gds,0ad62d9963feb7d23c67399ae013aab8a5e70e1b4e9df91fcc10e30370867984,outputs/PROJECT_decoder_gate_abutment_matrix/_pair_trials/PAIR__PNAND2_R180__AND2_MX__g0p07_drc/PAIR__PNAND2_R180__AND2_MX__g0p07.lyrdb
PNAND2,R180,AND2,MX,0.14,False,0,False,False,False,True,,outputs/PROJECT_decoder_gate_abutment_matrix/_pair_trials/PAIR__PNAND2_R180__AND2_MX__g0p14.gds,d53f189a8a4a20bdd9daff0c411949ca30391c349c1b3594627376721decb559,outputs/PROJECT_decoder_gate_abutment_matrix/_pair_trials/PAIR__PNAND2_R180__AND2_MX__g0p14_drc/PAIR__PNAND2_R180__AND2_MX__g0p14.lyrdb
PNAND2,R180,AND2,MY,0.0,True,0,False,True,False,True,,outputs/PROJECT_decoder_gate_abutment_matrix/_pair_trials/PAIR__PNAND2_R180__AND2_MY__g0p0.gds,718e3586a656df78f72d393be91b9b8bccbadbed25b1a2e4c0e284bda0d317e4,outputs/PROJECT_decoder_gate_abutment_matrix/_pair_trials/PAIR__PNAND2_R180__AND2_MY__g0p0_drc/PAIR__PNAND2_R180__AND2_MY__g0p0.lyrdb
PNAND2,R180,AND2,MY,0.0025,True,0,False,True,False,True,,outputs/PROJECT_decoder_gate_abutment_matrix/_pair_trials/PAIR__PNAND2_R180__AND2_MY__g0p0025.gds,0896a516184964e690e9212f2b4e593cd80c8c6f0cba574f7c19a8f37aeebba9,outputs/PROJECT_decoder_gate_abutment_matrix/_pair_trials/PAIR__PNAND2_R180__AND2_MY__g0p0025_drc/PAIR__PNAND2_R180__AND2_MY__g0p0025.lyrdb
PNAND2,R180,AND2,MY,0.07,True,0,False,True,False,True,,outputs/PROJECT_decoder_gate_abutment_matrix/_pair_trials/PAIR__PNAND2_R180__AND2_MY__g0p07.gds,4a30332d00b8cefb7cb5badd9629e2ca375b4e7ebb92790359a31bd99b1d35b0,outputs/PROJECT_decoder_gate_abutment_matrix/_pair_trials/PAIR__PNAND2_R180__AND2_MY__g0p07_drc/PAIR__PNAND2_R180__AND2_MY__g0p07.lyrdb
PNAND2,R180,AND2,MY,0.14,True,0,False,True,False,True,,outputs/PROJECT_decoder_gate_abutment_matrix/_pair_trials/PAIR__PNAND2_R180__AND2_MY__g0p14.gds,53fc18649e964de4c24533fb4f3089b5d21bebff54420aeb78a68e3afaf9d8aa,outputs/PROJECT_decoder_gate_abutment_matrix/_pair_trials/PAIR__PNAND2_R180__AND2_MY__g0p14_drc/PAIR__PNAND2_R180__AND2_MY__g0p14.lyrdb
PNAND2,R180,AND3,R0,0.0,True,0,False,True,False,True,,outputs/PROJECT_decoder_gate_abutment_matrix/_pair_trials/PAIR__PNAND2_R180__AND3_R0__g0p0.gds,c8898464fcbedd89e04cd1e092accad67c487f9931470654f76dc217b27a4ac6,outputs/PROJECT_decoder_gate_abutment_matrix/_pair_trials/PAIR__PNAND2_R180__AND3_R0__g0p0_drc/PAIR__PNAND2_R180__AND3_R0__g0p0.lyrdb
PNAND2,R180,AND3,R0,0.0025,True,0,False,True,False,True,,outputs/PROJECT_decoder_gate_abutment_matrix/_pair_trials/PAIR__PNAND2_R180__AND3_R0__g0p0025.gds,df2cd65cde7cc49afa237d3c8aecc0eaec5ba5cfbe08656e52f46e118801cd9f,outputs/PROJECT_decoder_gate_abutment_matrix/_pair_trials/PAIR__PNAND2_R180__AND3_R0__g0p0025_drc/PAIR__PNAND2_R180__AND3_R0__g0p0025.lyrdb
PNAND2,R180,AND3,R0,0.07,True,0,False,True,False,True,,outputs/PROJECT_decoder_gate_abutment_matrix/_pair_trials/PAIR__PNAND2_R180__AND3_R0__g0p07.gds,718459c5a380d706259a6d9ae4615c5ac99e4d690cc42f93ff704784abe4f3ce,outputs/PROJECT_decoder_gate_abutment_matrix/_pair_trials/PAIR__PNAND2_R180__AND3_R0__g0p07_drc/PAIR__PNAND2_R180__AND3_R0__g0p07.lyrdb
PNAND2,R180,AND3,R0,0.14,True,0,False,True,False,True,,outputs/PROJECT_decoder_gate_abutment_matrix/_pair_trials/PAIR__PNAND2_R180__AND3_R0__g0p14.gds,09322c0b8759ad18ae959ceb73718b5df1b2546d272fab51bc34834604629cd1,outputs/PROJECT_decoder_gate_abutment_matrix/_pair_trials/PAIR__PNAND2_R180__AND3_R0__g0p14_drc/PAIR__PNAND2_R180__AND3_R0__g0p14.lyrdb
PNAND2,R180,AND3,R180,0.0,True,57,False,True,True,False,drc_marker_count=57,outputs/PROJECT_decoder_gate_abutment_matrix/_pair_trials/PAIR__PNAND2_R180__AND3_R180__g0p0.gds,e2515dc8668c626fe70c453adbbc019408fa933e008bc259ae45fae964275b3d,outputs/PROJECT_decoder_gate_abutment_matrix/_pair_trials/PAIR__PNAND2_R180__AND3_R180__g0p0_drc/PAIR__PNAND2_R180__AND3_R180__g0p0.lyrdb
PNAND2,R180,AND3,R180,0.0025,True,52,False,True,True,False,drc_marker_count=52,outputs/PROJECT_decoder_gate_abutment_matrix/_pair_trials/PAIR__PNAND2_R180__AND3_R180__g0p0025.gds,be9362d91b1552ea7add0ddd9bbedca83187e711bed22f7dfb2f351ae342544a,outputs/PROJECT_decoder_gate_abutment_matrix/_pair_trials/PAIR__PNAND2_R180__AND3_R180__g0p0025_drc/PAIR__PNAND2_R180__AND3_R180__g0p0025.lyrdb
PNAND2,R180,AND3,R180,0.07,True,44,False,True,True,False,drc_marker_count=44,outputs/PROJECT_decoder_gate_abutment_matrix/_pair_trials/PAIR__PNAND2_R180__AND3_R180__g0p07.gds,b2fa2f829214f7fb5072d4d55a11a28b6e23cecb8b09cc775a2458fe563cb2c9,outputs/PROJECT_decoder_gate_abutment_matrix/_pair_trials/PAIR__PNAND2_R180__AND3_R180__g0p07_drc/PAIR__PNAND2_R180__AND3_R180__g0p07.lyrdb
PNAND2,R180,AND3,R180,0.14,True,115,False,True,True,False,drc_marker_count=115,outputs/PROJECT_decoder_gate_abutment_matrix/_pair_trials/PAIR__PNAND2_R180__AND3_R180__g0p14.gds,3b68de5ba557b4211685ee20c182922d2623c1a1f338d1ad7d9925ea9520aaf1,outputs/PROJECT_decoder_gate_abutment_matrix/_pair_trials/PAIR__PNAND2_R180__AND3_R180__g0p14_drc/PAIR__PNAND2_R180__AND3_R180__g0p14.lyrdb
PNAND2,R180,AND3,MX,0.0,False,0,False,False,False,True,,outputs/PROJECT_decoder_gate_abutment_matrix/_pair_trials/PAIR__PNAND2_R180__AND3_MX__g0p0.gds,8313c12ad8490ee5215302b0546d64f45d583af64873e18b1642bdd8378b0c85,outputs/PROJECT_decoder_gate_abutment_matrix/_pair_trials/PAIR__PNAND2_R180__AND3_MX__g0p0_drc/PAIR__PNAND2_R180__AND3_MX__g0p0.lyrdb
PNAND2,R180,AND3,MX,0.0025,False,0,False,False,False,True,,outputs/PROJECT_decoder_gate_abutment_matrix/_pair_trials/PAIR__PNAND2_R180__AND3_MX__g0p0025.gds,cc721c320750528f49427c57e224bfa610e4586700fe0cf586a44e98aabc4693,outputs/PROJECT_decoder_gate_abutment_matrix/_pair_trials/PAIR__PNAND2_R180__AND3_MX__g0p0025_drc/PAIR__PNAND2_R180__AND3_MX__g0p0025.lyrdb
PNAND2,R180,AND3,MX,0.07,False,0,False,False,False,True,,outputs/PROJECT_decoder_gate_abutment_matrix/_pair_trials/PAIR__PNAND2_R180__AND3_MX__g0p07.gds,936e80550bb622dabdf073259e49cdcb7f259813571e1195d5844c568a918178,outputs/PROJECT_decoder_gate_abutment_matrix/_pair_trials/PAIR__PNAND2_R180__AND3_MX__g0p07_drc/PAIR__PNAND2_R180__AND3_MX__g0p07.lyrdb
PNAND2,R180,AND3,MX,0.14,False,0,False,False,False,True,,outputs/PROJECT_decoder_gate_abutment_matrix/_pair_trials/PAIR__PNAND2_R180__AND3_MX__g0p14.gds,25952cd84b6d9341e62fd8ac5d30e5be89a0830289aab7c3240146ac8e6f294f,outputs/PROJECT_decoder_gate_abutment_matrix/_pair_trials/PAIR__PNAND2_R180__AND3_MX__g0p14_drc/PAIR__PNAND2_R180__AND3_MX__g0p14.lyrdb
PNAND2,R180,AND3,MY,0.0,True,0,False,True,False,True,,outputs/PROJECT_decoder_gate_abutment_matrix/_pair_trials/PAIR__PNAND2_R180__AND3_MY__g0p0.gds,d37b767651733639e5cf6400c0bd7832abb9124d1fd0c32818b4b502eb20fba5,outputs/PROJECT_decoder_gate_abutment_matrix/_pair_trials/PAIR__PNAND2_R180__AND3_MY__g0p0_drc/PAIR__PNAND2_R180__AND3_MY__g0p0.lyrdb
PNAND2,R180,AND3,MY,0.0025,True,0,False,True,False,True,,outputs/PROJECT_decoder_gate_abutment_matrix/_pair_trials/PAIR__PNAND2_R180__AND3_MY__g0p0025.gds,238e6baea53e03a170de548b3af4dd41fb9191abdbbc202ee32426c4cdb430d6,outputs/PROJECT_decoder_gate_abutment_matrix/_pair_trials/PAIR__PNAND2_R180__AND3_MY__g0p0025_drc/PAIR__PNAND2_R180__AND3_MY__g0p0025.lyrdb
PNAND2,R180,AND3,MY,0.07,True,0,False,True,False,True,,outputs/PROJECT_decoder_gate_abutment_matrix/_pair_trials/PAIR__PNAND2_R180__AND3_MY__g0p07.gds,b1eb832dc83743146125ff2ade296539f68bd58ddb8e79b50c9d6ead943bc93f,outputs/PROJECT_decoder_gate_abutment_matrix/_pair_trials/PAIR__PNAND2_R180__AND3_MY__g0p07_drc/PAIR__PNAND2_R180__AND3_MY__g0p07.lyrdb
PNAND2,R180,AND3,MY,0.14,True,0,False,True,False,True,,outputs/PROJECT_decoder_gate_abutment_matrix/_pair_trials/PAIR__PNAND2_R180__AND3_MY__g0p14.gds,8c5f5ceed9527c8d3dfa485bb4d2199a43086c853acb372a81df824f6be10931,outputs/PROJECT_decoder_gate_abutment_matrix/_pair_trials/PAIR__PNAND2_R180__AND3_MY__g0p14_drc/PAIR__PNAND2_R180__AND3_MY__g0p14.lyrdb
PNAND2,R180,WORDLINEDRIVER,R0,0.0,True,0,False,True,False,True,,outputs/PROJECT_decoder_gate_abutment_matrix/_pair_trials/PAIR__PNAND2_R180__WORDLINEDRIVER_R0__g0p0.gds,cc3487d21d45f9849707624fc72c1db700d63993f1b3045b06af3858e20b002c,outputs/PROJECT_decoder_gate_abutment_matrix/_pair_trials/PAIR__PNAND2_R180__WORDLINEDRIVER_R0__g0p0_drc/PAIR__PNAND2_R180__WORDLINEDRIVER_R0__g0p0.lyrdb
PNAND2,R180,WORDLINEDRIVER,R0,0.0025,True,0,False,True,False,True,,outputs/PROJECT_decoder_gate_abutment_matrix/_pair_trials/PAIR__PNAND2_R180__WORDLINEDRIVER_R0__g0p0025.gds,e6c1c59ace09933e8861f2ae4ac67e43415ea64c4a2f3f564e3020999679301e,outputs/PROJECT_decoder_gate_abutment_matrix/_pair_trials/PAIR__PNAND2_R180__WORDLINEDRIVER_R0__g0p0025_drc/PAIR__PNAND2_R180__WORDLINEDRIVER_R0__g0p0025.lyrdb
PNAND2,R180,WORDLINEDRIVER,R0,0.07,True,0,False,True,False,True,,outputs/PROJECT_decoder_gate_abutment_matrix/_pair_trials/PAIR__PNAND2_R180__WORDLINEDRIVER_R0__g0p07.gds,f34b189f55e539994f9c9eeeed073602e72631fe8f5282ae9c1bfc323002fc52,outputs/PROJECT_decoder_gate_abutment_matrix/_pair_trials/PAIR__PNAND2_R180__WORDLINEDRIVER_R0__g0p07_drc/PAIR__PNAND2_R180__WORDLINEDRIVER_R0__g0p07.lyrdb
PNAND2,R180,WORDLINEDRIVER,R0,0.14,True,0,False,True,False,True,,outputs/PROJECT_decoder_gate_abutment_matrix/_pair_trials/PAIR__PNAND2_R180__WORDLINEDRIVER_R0__g0p14.gds,c5220bc0a60f7be65de84d6a790d72b0e84bf228b3a4f3243144a90c14ad6728,outputs/PROJECT_decoder_gate_abutment_matrix/_pair_trials/PAIR__PNAND2_R180__WORDLINEDRIVER_R0__g0p14_drc/PAIR__PNAND2_R180__WORDLINEDRIVER_R0__g0p14.lyrdb
PNAND2,R180,WORDLINEDRIVER,R180,0.0,True,39,False,True,True,False,drc_marker_count=39,outputs/PROJECT_decoder_gate_abutment_matrix/_pair_trials/PAIR__PNAND2_R180__WORDLINEDRIVER_R180__g0p0.gds,86cdb7e25f3b9e80ba1d797970aad1f067a23559d34ef549bd7361d537166b10,outputs/PROJECT_decoder_gate_abutment_matrix/_pair_trials/PAIR__PNAND2_R180__WORDLINEDRIVER_R180__g0p0_drc/PAIR__PNAND2_R180__WORDLINEDRIVER_R180__g0p0.lyrdb
PNAND2,R180,WORDLINEDRIVER,R180,0.0025,True,39,False,True,True,False,drc_marker_count=39,outputs/PROJECT_decoder_gate_abutment_matrix/_pair_trials/PAIR__PNAND2_R180__WORDLINEDRIVER_R180__g0p0025.gds,8c0bf9ecf7b1fe361442cf88c3075a08f636c470e3c581bbcc4c27edc8143446,outputs/PROJECT_decoder_gate_abutment_matrix/_pair_trials/PAIR__PNAND2_R180__WORDLINEDRIVER_R180__g0p0025_drc/PAIR__PNAND2_R180__WORDLINEDRIVER_R180__g0p0025.lyrdb
PNAND2,R180,WORDLINEDRIVER,R180,0.07,True,40,False,True,True,False,drc_marker_count=40,outputs/PROJECT_decoder_gate_abutment_matrix/_pair_trials/PAIR__PNAND2_R180__WORDLINEDRIVER_R180__g0p07.gds,3fb456b21aa51538b2f3595851f58252159cff0ff55f4eeb364fe4ff966a9c27,outputs/PROJECT_decoder_gate_abutment_matrix/_pair_trials/PAIR__PNAND2_R180__WORDLINEDRIVER_R180__g0p07_drc/PAIR__PNAND2_R180__WORDLINEDRIVER_R180__g0p07.lyrdb
PNAND2,R180,WORDLINEDRIVER,R180,0.14,True,82,False,True,True,False,drc_marker_count=82,outputs/PROJECT_decoder_gate_abutment_matrix/_pair_trials/PAIR__PNAND2_R180__WORDLINEDRIVER_R180__g0p14.gds,2ed8e9b5837d91a487eaf48ab4d3239d6030edfcf301265c0b15c930722ed53a,outputs/PROJECT_decoder_gate_abutment_matrix/_pair_trials/PAIR__PNAND2_R180__WORDLINEDRIVER_R180__g0p14_drc/PAIR__PNAND2_R180__WORDLINEDRIVER_R180__g0p14.lyrdb
PNAND2,R180,WORDLINEDRIVER,MX,0.0,False,0,False,False,False,True,,outputs/PROJECT_decoder_gate_abutment_matrix/_pair_trials/PAIR__PNAND2_R180__WORDLINEDRIVER_MX__g0p0.gds,c4a1328b3f6bc93b34009b2561db7b4432e01bbab4b89847749474a2d67917ae,outputs/PROJECT_decoder_gate_abutment_matrix/_pair_trials/PAIR__PNAND2_R180__WORDLINEDRIVER_MX__g0p0_drc/PAIR__PNAND2_R180__WORDLINEDRIVER_MX__g0p0.lyrdb
PNAND2,R180,WORDLINEDRIVER,MX,0.0025,False,0,False,False,False,True,,outputs/PROJECT_decoder_gate_abutment_matrix/_pair_trials/PAIR__PNAND2_R180__WORDLINEDRIVER_MX__g0p0025.gds,174af6ac23c713a9817923270ed0aa045fe1b332beef4049dd897893eb0dfc4c,outputs/PROJECT_decoder_gate_abutment_matrix/_pair_trials/PAIR__PNAND2_R180__WORDLINEDRIVER_MX__g0p0025_drc/PAIR__PNAND2_R180__WORDLINEDRIVER_MX__g0p0025.lyrdb
PNAND2,R180,WORDLINEDRIVER,MX,0.07,False,0,False,False,False,True,,outputs/PROJECT_decoder_gate_abutment_matrix/_pair_trials/PAIR__PNAND2_R180__WORDLINEDRIVER_MX__g0p07.gds,b1f96265a83529b7af03081ca073088dd0c7460c4558d55f9b92d7d09e0773cc,outputs/PROJECT_decoder_gate_abutment_matrix/_pair_trials/PAIR__PNAND2_R180__WORDLINEDRIVER_MX__g0p07_drc/PAIR__PNAND2_R180__WORDLINEDRIVER_MX__g0p07.lyrdb
PNAND2,R180,WORDLINEDRIVER,MX,0.14,False,0,False,False,False,True,,outputs/PROJECT_decoder_gate_abutment_matrix/_pair_trials/PAIR__PNAND2_R180__WORDLINEDRIVER_MX__g0p14.gds,9807ec152592e4c01fe5463d908ce31e96f739d1329e3f5111b7f3cd366157eb,outputs/PROJECT_decoder_gate_abutment_matrix/_pair_trials/PAIR__PNAND2_R180__WORDLINEDRIVER_MX__g0p14_drc/PAIR__PNAND2_R180__WORDLINEDRIVER_MX__g0p14.lyrdb
PNAND2,R180,WORDLINEDRIVER,MY,0.0,True,0,False,True,False,True,,outputs/PROJECT_decoder_gate_abutment_matrix/_pair_trials/PAIR__PNAND2_R180__WORDLINEDRIVER_MY__g0p0.gds,df455ea5c54d7bec7e39b6831db209de290ebee428e43c8d96029b2462d1d32c,outputs/PROJECT_decoder_gate_abutment_matrix/_pair_trials/PAIR__PNAND2_R180__WORDLINEDRIVER_MY__g0p0_drc/PAIR__PNAND2_R180__WORDLINEDRIVER_MY__g0p0.lyrdb
PNAND2,R180,WORDLINEDRIVER,MY,0.0025,True,0,False,True,False,True,,outputs/PROJECT_decoder_gate_abutment_matrix/_pair_trials/PAIR__PNAND2_R180__WORDLINEDRIVER_MY__g0p0025.gds,18a39e4f0865f63e70fd0c4b24776186dd83b70030a76d061f588663a4f7fbc2,outputs/PROJECT_decoder_gate_abutment_matrix/_pair_trials/PAIR__PNAND2_R180__WORDLINEDRIVER_MY__g0p0025_drc/PAIR__PNAND2_R180__WORDLINEDRIVER_MY__g0p0025.lyrdb
PNAND2,R180,WORDLINEDRIVER,MY,0.07,True,0,False,True,False,True,,outputs/PROJECT_decoder_gate_abutment_matrix/_pair_trials/PAIR__PNAND2_R180__WORDLINEDRIVER_MY__g0p07.gds,182a5f3051382e00f73d9ad98385ae5cf1f50288a833c4ef08a7e1020d41bec5,outputs/PROJECT_decoder_gate_abutment_matrix/_pair_trials/PAIR__PNAND2_R180__WORDLINEDRIVER_MY__g0p07_drc/PAIR__PNAND2_R180__WORDLINEDRIVER_MY__g0p07.lyrdb
PNAND2,R180,WORDLINEDRIVER,MY,0.14,True,1,False,True,True,False,drc_marker_count=1,outputs/PROJECT_decoder_gate_abutment_matrix/_pair_trials/PAIR__PNAND2_R180__WORDLINEDRIVER_MY__g0p14.gds,149c487d82aef00fefb9049e14759b8c2276a176f5bf8299f98f210a4678472e,outputs/PROJECT_decoder_gate_abutment_matrix/_pair_trials/PAIR__PNAND2_R180__WORDLINEDRIVER_MY__g0p14_drc/PAIR__PNAND2_R180__WORDLINEDRIVER_MY__g0p14.lyrdb
PNAND2,MX,PINV,R0,0.0,False,0,False,False,False,True,,outputs/PROJECT_decoder_gate_abutment_matrix/_pair_trials/PAIR__PNAND2_MX__PINV_R0__g0p0.gds,408d04fe864f3dfad27daa862865d953ed98bcc34cf84d2df8309dad96a17e5c,outputs/PROJECT_decoder_gate_abutment_matrix/_pair_trials/PAIR__PNAND2_MX__PINV_R0__g0p0_drc/PAIR__PNAND2_MX__PINV_R0__g0p0.lyrdb
PNAND2,MX,PINV,R0,0.0025,False,1,False,False,True,False,drc_marker_count=1,outputs/PROJECT_decoder_gate_abutment_matrix/_pair_trials/PAIR__PNAND2_MX__PINV_R0__g0p0025.gds,5dd5e1e4e302c77f0cab096bb9d2639bb16a3e05f4cc296d6e489ebcc6486f35,outputs/PROJECT_decoder_gate_abutment_matrix/_pair_trials/PAIR__PNAND2_MX__PINV_R0__g0p0025_drc/PAIR__PNAND2_MX__PINV_R0__g0p0025.lyrdb
PNAND2,MX,PINV,R0,0.07,False,1,False,False,True,False,drc_marker_count=1,outputs/PROJECT_decoder_gate_abutment_matrix/_pair_trials/PAIR__PNAND2_MX__PINV_R0__g0p07.gds,f0b2c883f7efcb162f3f09a36f1f52c3271376fceab76f18ebdb6136d7e6a916,outputs/PROJECT_decoder_gate_abutment_matrix/_pair_trials/PAIR__PNAND2_MX__PINV_R0__g0p07_drc/PAIR__PNAND2_MX__PINV_R0__g0p07.lyrdb
PNAND2,MX,PINV,R0,0.14,False,1,False,False,True,False,drc_marker_count=1,outputs/PROJECT_decoder_gate_abutment_matrix/_pair_trials/PAIR__PNAND2_MX__PINV_R0__g0p14.gds,0a149e3fdbccb7d76c7209f7a0184159ba34838fd93022d5df369920027f92d0,outputs/PROJECT_decoder_gate_abutment_matrix/_pair_trials/PAIR__PNAND2_MX__PINV_R0__g0p14_drc/PAIR__PNAND2_MX__PINV_R0__g0p14.lyrdb
PNAND2,MX,PINV,R180,0.0,False,39,False,False,True,False,drc_marker_count=39,outputs/PROJECT_decoder_gate_abutment_matrix/_pair_trials/PAIR__PNAND2_MX__PINV_R180__g0p0.gds,f3677d9b26cc06f137cfa58492c3f6efb421e5e65a55d54b2adcb4bc23569d4b,outputs/PROJECT_decoder_gate_abutment_matrix/_pair_trials/PAIR__PNAND2_MX__PINV_R180__g0p0_drc/PAIR__PNAND2_MX__PINV_R180__g0p0.lyrdb
PNAND2,MX,PINV,R180,0.0025,False,43,False,False,True,False,drc_marker_count=43,outputs/PROJECT_decoder_gate_abutment_matrix/_pair_trials/PAIR__PNAND2_MX__PINV_R180__g0p0025.gds,c9bc891f59b4adb8b437a1cb24235083850cfb84d35d9764e17bc21de6ddfe77,outputs/PROJECT_decoder_gate_abutment_matrix/_pair_trials/PAIR__PNAND2_MX__PINV_R180__g0p0025_drc/PAIR__PNAND2_MX__PINV_R180__g0p0025.lyrdb
PNAND2,MX,PINV,R180,0.07,False,19,False,False,True,False,drc_marker_count=19,outputs/PROJECT_decoder_gate_abutment_matrix/_pair_trials/PAIR__PNAND2_MX__PINV_R180__g0p07.gds,fcc6c5bf6334b8173947604eceee53c2a12d2baa29b4eede2544b8cd31e54e18,outputs/PROJECT_decoder_gate_abutment_matrix/_pair_trials/PAIR__PNAND2_MX__PINV_R180__g0p07_drc/PAIR__PNAND2_MX__PINV_R180__g0p07.lyrdb
PNAND2,MX,PINV,R180,0.14,False,55,False,False,True,False,drc_marker_count=55,outputs/PROJECT_decoder_gate_abutment_matrix/_pair_trials/PAIR__PNAND2_MX__PINV_R180__g0p14.gds,ff3ecc8092d3d91a6fff17b28402f0edc476d2f374aa6d011dda9bebf22e78da,outputs/PROJECT_decoder_gate_abutment_matrix/_pair_trials/PAIR__PNAND2_MX__PINV_R180__g0p14_drc/PAIR__PNAND2_MX__PINV_R180__g0p14.lyrdb
PNAND2,MX,PINV,MX,0.0,True,0,False,True,False,True,,outputs/PROJECT_decoder_gate_abutment_matrix/_pair_trials/PAIR__PNAND2_MX__PINV_MX__g0p0.gds,ee4fd677cd4cd112f0326dfb17616095673a0b3ef1d3ebbe59099199a015b202,outputs/PROJECT_decoder_gate_abutment_matrix/_pair_trials/PAIR__PNAND2_MX__PINV_MX__g0p0_drc/PAIR__PNAND2_MX__PINV_MX__g0p0.lyrdb
PNAND2,MX,PINV,MX,0.0025,True,1,False,True,True,False,drc_marker_count=1,outputs/PROJECT_decoder_gate_abutment_matrix/_pair_trials/PAIR__PNAND2_MX__PINV_MX__g0p0025.gds,0764db7e9155db4cb2eafeac2f1fa06e9dfea39ccead34f086a0bf45a6260932,outputs/PROJECT_decoder_gate_abutment_matrix/_pair_trials/PAIR__PNAND2_MX__PINV_MX__g0p0025_drc/PAIR__PNAND2_MX__PINV_MX__g0p0025.lyrdb
PNAND2,MX,PINV,MX,0.07,True,1,False,True,True,False,drc_marker_count=1,outputs/PROJECT_decoder_gate_abutment_matrix/_pair_trials/PAIR__PNAND2_MX__PINV_MX__g0p07.gds,17be27d1bcd312350a37b6f79cbc3f33d3e6c19ee492bc3f0db2dbf3944f1404,outputs/PROJECT_decoder_gate_abutment_matrix/_pair_trials/PAIR__PNAND2_MX__PINV_MX__g0p07_drc/PAIR__PNAND2_MX__PINV_MX__g0p07.lyrdb
PNAND2,MX,PINV,MX,0.14,True,1,False,True,True,False,drc_marker_count=1,outputs/PROJECT_decoder_gate_abutment_matrix/_pair_trials/PAIR__PNAND2_MX__PINV_MX__g0p14.gds,7553b9a6eb437daf6629b609dfa35d9ef267662fda5748137e9703a69da4c837,outputs/PROJECT_decoder_gate_abutment_matrix/_pair_trials/PAIR__PNAND2_MX__PINV_MX__g0p14_drc/PAIR__PNAND2_MX__PINV_MX__g0p14.lyrdb
PNAND2,MX,PINV,MY,0.0,False,0,False,False,False,True,,outputs/PROJECT_decoder_gate_abutment_matrix/_pair_trials/PAIR__PNAND2_MX__PINV_MY__g0p0.gds,4937bfb40d9609abc8ce350093f8e57b395c958732a6cd2ac18d7368eae2789b,outputs/PROJECT_decoder_gate_abutment_matrix/_pair_trials/PAIR__PNAND2_MX__PINV_MY__g0p0_drc/PAIR__PNAND2_MX__PINV_MY__g0p0.lyrdb
PNAND2,MX,PINV,MY,0.0025,False,0,False,False,False,True,,outputs/PROJECT_decoder_gate_abutment_matrix/_pair_trials/PAIR__PNAND2_MX__PINV_MY__g0p0025.gds,1eaadb8d0a53212904c720b86fb764d7a232217d3b78e482716ef18065b03cb1,outputs/PROJECT_decoder_gate_abutment_matrix/_pair_trials/PAIR__PNAND2_MX__PINV_MY__g0p0025_drc/PAIR__PNAND2_MX__PINV_MY__g0p0025.lyrdb
PNAND2,MX,PINV,MY,0.07,False,0,False,False,False,True,,outputs/PROJECT_decoder_gate_abutment_matrix/_pair_trials/PAIR__PNAND2_MX__PINV_MY__g0p07.gds,3c6dd91ce4782d004963d60e010ebfc215377bd32a1bf8b8c03db7ebe757a195,outputs/PROJECT_decoder_gate_abutment_matrix/_pair_trials/PAIR__PNAND2_MX__PINV_MY__g0p07_drc/PAIR__PNAND2_MX__PINV_MY__g0p07.lyrdb
PNAND2,MX,PINV,MY,0.14,False,0,False,False,False,True,,outputs/PROJECT_decoder_gate_abutment_matrix/_pair_trials/PAIR__PNAND2_MX__PINV_MY__g0p14.gds,3078c4cf11e31f920884decb9de89e1b3602d301c6f77ef7b36528f04c08787e,outputs/PROJECT_decoder_gate_abutment_matrix/_pair_trials/PAIR__PNAND2_MX__PINV_MY__g0p14_drc/PAIR__PNAND2_MX__PINV_MY__g0p14.lyrdb
PNAND2,MX,PNAND2,R0,0.0,False,0,False,False,False,True,,outputs/PROJECT_decoder_gate_abutment_matrix/_pair_trials/PAIR__PNAND2_MX__PNAND2_R0__g0p0.gds,1ca85465640e8426429586e0347de34d2451b85095ac7f40fcf8dd0a3d844dca,outputs/PROJECT_decoder_gate_abutment_matrix/_pair_trials/PAIR__PNAND2_MX__PNAND2_R0__g0p0_drc/PAIR__PNAND2_MX__PNAND2_R0__g0p0.lyrdb
PNAND2,MX,PNAND2,R0,0.0025,False,1,False,False,True,False,drc_marker_count=1,outputs/PROJECT_decoder_gate_abutment_matrix/_pair_trials/PAIR__PNAND2_MX__PNAND2_R0__g0p0025.gds,d118af26eb13a8020b5625e66b1ec688c0862ee5dbbfa741f7da18e8ac5c146e,outputs/PROJECT_decoder_gate_abutment_matrix/_pair_trials/PAIR__PNAND2_MX__PNAND2_R0__g0p0025_drc/PAIR__PNAND2_MX__PNAND2_R0__g0p0025.lyrdb
PNAND2,MX,PNAND2,R0,0.07,False,1,False,False,True,False,drc_marker_count=1,outputs/PROJECT_decoder_gate_abutment_matrix/_pair_trials/PAIR__PNAND2_MX__PNAND2_R0__g0p07.gds,06ef9fe385a88ad9873278355e0a9fe33046bf1c8f40fe7ef3607cfd3204813b,outputs/PROJECT_decoder_gate_abutment_matrix/_pair_trials/PAIR__PNAND2_MX__PNAND2_R0__g0p07_drc/PAIR__PNAND2_MX__PNAND2_R0__g0p07.lyrdb
PNAND2,MX,PNAND2,R0,0.14,False,1,False,False,True,False,drc_marker_count=1,outputs/PROJECT_decoder_gate_abutment_matrix/_pair_trials/PAIR__PNAND2_MX__PNAND2_R0__g0p14.gds,e2257bde705d6e0c9ac47fee62335220b5631cf5f75693bc3ac052b02907de78,outputs/PROJECT_decoder_gate_abutment_matrix/_pair_trials/PAIR__PNAND2_MX__PNAND2_R0__g0p14_drc/PAIR__PNAND2_MX__PNAND2_R0__g0p14.lyrdb
PNAND2,MX,PNAND2,R180,0.0,False,37,False,False,True,False,drc_marker_count=37,outputs/PROJECT_decoder_gate_abutment_matrix/_pair_trials/PAIR__PNAND2_MX__PNAND2_R180__g0p0.gds,38256f342e72f8225fe17f3e0bf9974763981af509b9a0305c30ada9ba022493,outputs/PROJECT_decoder_gate_abutment_matrix/_pair_trials/PAIR__PNAND2_MX__PNAND2_R180__g0p0_drc/PAIR__PNAND2_MX__PNAND2_R180__g0p0.lyrdb
PNAND2,MX,PNAND2,R180,0.0025,False,37,False,False,True,False,drc_marker_count=37,outputs/PROJECT_decoder_gate_abutment_matrix/_pair_trials/PAIR__PNAND2_MX__PNAND2_R180__g0p0025.gds,45c5b33e19c8dc7acbc60256f4a431ee09b361b55103dfded197ff86535e26da,outputs/PROJECT_decoder_gate_abutment_matrix/_pair_trials/PAIR__PNAND2_MX__PNAND2_R180__g0p0025_drc/PAIR__PNAND2_MX__PNAND2_R180__g0p0025.lyrdb
PNAND2,MX,PNAND2,R180,0.07,False,17,False,False,True,False,drc_marker_count=17,outputs/PROJECT_decoder_gate_abutment_matrix/_pair_trials/PAIR__PNAND2_MX__PNAND2_R180__g0p07.gds,6af96decf60c9a37a12f9bd68e16d92a9b72ca60ce843e00f4144c513d3ac2ba,outputs/PROJECT_decoder_gate_abutment_matrix/_pair_trials/PAIR__PNAND2_MX__PNAND2_R180__g0p07_drc/PAIR__PNAND2_MX__PNAND2_R180__g0p07.lyrdb
PNAND2,MX,PNAND2,R180,0.14,False,27,False,False,True,False,drc_marker_count=27,outputs/PROJECT_decoder_gate_abutment_matrix/_pair_trials/PAIR__PNAND2_MX__PNAND2_R180__g0p14.gds,efda277dd69a98df248f6bce5335d674c69e5fbf489a5d3a90f08e3e8fb4130d,outputs/PROJECT_decoder_gate_abutment_matrix/_pair_trials/PAIR__PNAND2_MX__PNAND2_R180__g0p14_drc/PAIR__PNAND2_MX__PNAND2_R180__g0p14.lyrdb
PNAND2,MX,PNAND2,MX,0.0,True,0,False,True,False,True,,outputs/PROJECT_decoder_gate_abutment_matrix/_pair_trials/PAIR__PNAND2_MX__PNAND2_MX__g0p0.gds,c0118b24bbd77633ed6b54cb7ddda4808c076406981657fe3297b603b9efa0bf,outputs/PROJECT_decoder_gate_abutment_matrix/_pair_trials/PAIR__PNAND2_MX__PNAND2_MX__g0p0_drc/PAIR__PNAND2_MX__PNAND2_MX__g0p0.lyrdb
PNAND2,MX,PNAND2,MX,0.0025,True,1,False,True,True,False,drc_marker_count=1,outputs/PROJECT_decoder_gate_abutment_matrix/_pair_trials/PAIR__PNAND2_MX__PNAND2_MX__g0p0025.gds,91af8dcc39ff92a1154443c7d18bde733ef39f7c0f5cfb543da22f7df6d45307,outputs/PROJECT_decoder_gate_abutment_matrix/_pair_trials/PAIR__PNAND2_MX__PNAND2_MX__g0p0025_drc/PAIR__PNAND2_MX__PNAND2_MX__g0p0025.lyrdb
PNAND2,MX,PNAND2,MX,0.07,True,1,False,True,True,False,drc_marker_count=1,outputs/PROJECT_decoder_gate_abutment_matrix/_pair_trials/PAIR__PNAND2_MX__PNAND2_MX__g0p07.gds,92e40a90372eaf3d93c6b6688f5802af54f607b6392cd06973d50b39e0a459dd,outputs/PROJECT_decoder_gate_abutment_matrix/_pair_trials/PAIR__PNAND2_MX__PNAND2_MX__g0p07_drc/PAIR__PNAND2_MX__PNAND2_MX__g0p07.lyrdb
PNAND2,MX,PNAND2,MX,0.14,True,1,False,True,True,False,drc_marker_count=1,outputs/PROJECT_decoder_gate_abutment_matrix/_pair_trials/PAIR__PNAND2_MX__PNAND2_MX__g0p14.gds,13c4c55df6a0f9e3a2e32eb4eb5a6bfc8ffd6562c0b9b082cd6cdb8ebc08e00c,outputs/PROJECT_decoder_gate_abutment_matrix/_pair_trials/PAIR__PNAND2_MX__PNAND2_MX__g0p14_drc/PAIR__PNAND2_MX__PNAND2_MX__g0p14.lyrdb
PNAND2,MX,PNAND2,MY,0.0,False,0,False,False,False,True,,outputs/PROJECT_decoder_gate_abutment_matrix/_pair_trials/PAIR__PNAND2_MX__PNAND2_MY__g0p0.gds,1308742a7879985792d409cb4e0d18d38a7d426c5502e77ff212c0aeb6923b4f,outputs/PROJECT_decoder_gate_abutment_matrix/_pair_trials/PAIR__PNAND2_MX__PNAND2_MY__g0p0_drc/PAIR__PNAND2_MX__PNAND2_MY__g0p0.lyrdb
PNAND2,MX,PNAND2,MY,0.0025,False,0,False,False,False,True,,outputs/PROJECT_decoder_gate_abutment_matrix/_pair_trials/PAIR__PNAND2_MX__PNAND2_MY__g0p0025.gds,e6cd525e1c0d6fc9e0397fb11a6dd7c2ea4163e9cbb7d7840417243344afb55f,outputs/PROJECT_decoder_gate_abutment_matrix/_pair_trials/PAIR__PNAND2_MX__PNAND2_MY__g0p0025_drc/PAIR__PNAND2_MX__PNAND2_MY__g0p0025.lyrdb
PNAND2,MX,PNAND2,MY,0.07,False,0,False,False,False,True,,outputs/PROJECT_decoder_gate_abutment_matrix/_pair_trials/PAIR__PNAND2_MX__PNAND2_MY__g0p07.gds,27436409a8ba2cb1940ce5e740b76acc142545556762f0c6edbe52ab3358f001,outputs/PROJECT_decoder_gate_abutment_matrix/_pair_trials/PAIR__PNAND2_MX__PNAND2_MY__g0p07_drc/PAIR__PNAND2_MX__PNAND2_MY__g0p07.lyrdb
PNAND2,MX,PNAND2,MY,0.14,False,0,False,False,False,True,,outputs/PROJECT_decoder_gate_abutment_matrix/_pair_trials/PAIR__PNAND2_MX__PNAND2_MY__g0p14.gds,0a20c6c27ec6f9bda81665de558c76ab7b688d7449d34dbc339c5412ac189b45,outputs/PROJECT_decoder_gate_abutment_matrix/_pair_trials/PAIR__PNAND2_MX__PNAND2_MY__g0p14_drc/PAIR__PNAND2_MX__PNAND2_MY__g0p14.lyrdb
PNAND2,MX,PNAND3,R0,0.0,False,0,False,False,False,True,,outputs/PROJECT_decoder_gate_abutment_matrix/_pair_trials/PAIR__PNAND2_MX__PNAND3_R0__g0p0.gds,4adb7280ea0c53e415b54a62640999783cceba8df92fb99b8214d1beeaa556cd,outputs/PROJECT_decoder_gate_abutment_matrix/_pair_trials/PAIR__PNAND2_MX__PNAND3_R0__g0p0_drc/PAIR__PNAND2_MX__PNAND3_R0__g0p0.lyrdb
PNAND2,MX,PNAND3,R0,0.0025,False,1,False,False,True,False,drc_marker_count=1,outputs/PROJECT_decoder_gate_abutment_matrix/_pair_trials/PAIR__PNAND2_MX__PNAND3_R0__g0p0025.gds,4d35b3ec5257542b767c435a30391cceb4f0f4f2c7564cbfec082c6f838b68b2,outputs/PROJECT_decoder_gate_abutment_matrix/_pair_trials/PAIR__PNAND2_MX__PNAND3_R0__g0p0025_drc/PAIR__PNAND2_MX__PNAND3_R0__g0p0025.lyrdb
PNAND2,MX,PNAND3,R0,0.07,False,1,False,False,True,False,drc_marker_count=1,outputs/PROJECT_decoder_gate_abutment_matrix/_pair_trials/PAIR__PNAND2_MX__PNAND3_R0__g0p07.gds,aab8661b01b9e00046604eef1da9d59f681bbcaa37c717b52aa983cae779390b,outputs/PROJECT_decoder_gate_abutment_matrix/_pair_trials/PAIR__PNAND2_MX__PNAND3_R0__g0p07_drc/PAIR__PNAND2_MX__PNAND3_R0__g0p07.lyrdb
PNAND2,MX,PNAND3,R0,0.14,False,1,False,False,True,False,drc_marker_count=1,outputs/PROJECT_decoder_gate_abutment_matrix/_pair_trials/PAIR__PNAND2_MX__PNAND3_R0__g0p14.gds,c30b6937d1c1251b5b4cb240ae956a7ac53ebc56d08f7ff514c5b795b36052d5,outputs/PROJECT_decoder_gate_abutment_matrix/_pair_trials/PAIR__PNAND2_MX__PNAND3_R0__g0p14_drc/PAIR__PNAND2_MX__PNAND3_R0__g0p14.lyrdb
PNAND2,MX,PNAND3,R180,0.0,False,95,False,False,True,False,drc_marker_count=95,outputs/PROJECT_decoder_gate_abutment_matrix/_pair_trials/PAIR__PNAND2_MX__PNAND3_R180__g0p0.gds,84ca675144e4fe325b9429067f288ffad214dda772bca795c6ba775218bd6767,outputs/PROJECT_decoder_gate_abutment_matrix/_pair_trials/PAIR__PNAND2_MX__PNAND3_R180__g0p0_drc/PAIR__PNAND2_MX__PNAND3_R180__g0p0.lyrdb
PNAND2,MX,PNAND3,R180,0.0025,False,87,False,False,True,False,drc_marker_count=87,outputs/PROJECT_decoder_gate_abutment_matrix/_pair_trials/PAIR__PNAND2_MX__PNAND3_R180__g0p0025.gds,a19d729a942d57eac3fe51cdba75c961790c9caa35c1d390c2e4aa8ef617f88f,outputs/PROJECT_decoder_gate_abutment_matrix/_pair_trials/PAIR__PNAND2_MX__PNAND3_R180__g0p0025_drc/PAIR__PNAND2_MX__PNAND3_R180__g0p0025.lyrdb
PNAND2,MX,PNAND3,R180,0.07,False,45,False,False,True,False,drc_marker_count=45,outputs/PROJECT_decoder_gate_abutment_matrix/_pair_trials/PAIR__PNAND2_MX__PNAND3_R180__g0p07.gds,edfffaf6524daa330a0d0cdffcd94558c3022a2b73f8e1404979dd19877b29cb,outputs/PROJECT_decoder_gate_abutment_matrix/_pair_trials/PAIR__PNAND2_MX__PNAND3_R180__g0p07_drc/PAIR__PNAND2_MX__PNAND3_R180__g0p07.lyrdb
PNAND2,MX,PNAND3,R180,0.14,False,41,False,False,True,False,drc_marker_count=41,outputs/PROJECT_decoder_gate_abutment_matrix/_pair_trials/PAIR__PNAND2_MX__PNAND3_R180__g0p14.gds,c0f4fe4344db63a231ab79c76284bb6e5e87179b6add350bb676308e5d91b29d,outputs/PROJECT_decoder_gate_abutment_matrix/_pair_trials/PAIR__PNAND2_MX__PNAND3_R180__g0p14_drc/PAIR__PNAND2_MX__PNAND3_R180__g0p14.lyrdb
PNAND2,MX,PNAND3,MX,0.0,True,0,False,True,False,True,,outputs/PROJECT_decoder_gate_abutment_matrix/_pair_trials/PAIR__PNAND2_MX__PNAND3_MX__g0p0.gds,b4a38a00a35e50b571ecae0c2689939fb53416e807a5f4d0b0a56e6e8e178669,outputs/PROJECT_decoder_gate_abutment_matrix/_pair_trials/PAIR__PNAND2_MX__PNAND3_MX__g0p0_drc/PAIR__PNAND2_MX__PNAND3_MX__g0p0.lyrdb
PNAND2,MX,PNAND3,MX,0.0025,True,1,False,True,True,False,drc_marker_count=1,outputs/PROJECT_decoder_gate_abutment_matrix/_pair_trials/PAIR__PNAND2_MX__PNAND3_MX__g0p0025.gds,9b21ed25f14e8b230e80f4919dbaa305dc402dfa7561bf293ababf6296e16c8c,outputs/PROJECT_decoder_gate_abutment_matrix/_pair_trials/PAIR__PNAND2_MX__PNAND3_MX__g0p0025_drc/PAIR__PNAND2_MX__PNAND3_MX__g0p0025.lyrdb
PNAND2,MX,PNAND3,MX,0.07,True,1,False,True,True,False,drc_marker_count=1,outputs/PROJECT_decoder_gate_abutment_matrix/_pair_trials/PAIR__PNAND2_MX__PNAND3_MX__g0p07.gds,f0638464fe542e27626f838955ea82736237fb2a31c9206505ca8906c41ee9e3,outputs/PROJECT_decoder_gate_abutment_matrix/_pair_trials/PAIR__PNAND2_MX__PNAND3_MX__g0p07_drc/PAIR__PNAND2_MX__PNAND3_MX__g0p07.lyrdb
PNAND2,MX,PNAND3,MX,0.14,True,1,False,True,True,False,drc_marker_count=1,outputs/PROJECT_decoder_gate_abutment_matrix/_pair_trials/PAIR__PNAND2_MX__PNAND3_MX__g0p14.gds,8ea9e1747f3cbabbd7607519d512c86d12a08243b5b15fa20b9ba8238a2d2e14,outputs/PROJECT_decoder_gate_abutment_matrix/_pair_trials/PAIR__PNAND2_MX__PNAND3_MX__g0p14_drc/PAIR__PNAND2_MX__PNAND3_MX__g0p14.lyrdb
PNAND2,MX,PNAND3,MY,0.0,False,0,False,False,False,True,,outputs/PROJECT_decoder_gate_abutment_matrix/_pair_trials/PAIR__PNAND2_MX__PNAND3_MY__g0p0.gds,1723cb98aa6b8f26a1e2249745f9823775f9ef260cb7d8c8754c9f1bfee59274,outputs/PROJECT_decoder_gate_abutment_matrix/_pair_trials/PAIR__PNAND2_MX__PNAND3_MY__g0p0_drc/PAIR__PNAND2_MX__PNAND3_MY__g0p0.lyrdb
PNAND2,MX,PNAND3,MY,0.0025,False,0,False,False,False,True,,outputs/PROJECT_decoder_gate_abutment_matrix/_pair_trials/PAIR__PNAND2_MX__PNAND3_MY__g0p0025.gds,20df75533d2e606b37c197be701f9b2e708f55facaeb5caaa01875e6ea150788,outputs/PROJECT_decoder_gate_abutment_matrix/_pair_trials/PAIR__PNAND2_MX__PNAND3_MY__g0p0025_drc/PAIR__PNAND2_MX__PNAND3_MY__g0p0025.lyrdb
PNAND2,MX,PNAND3,MY,0.07,False,0,False,False,False,True,,outputs/PROJECT_decoder_gate_abutment_matrix/_pair_trials/PAIR__PNAND2_MX__PNAND3_MY__g0p07.gds,abc1781090ef6aa3aff6c144bc9c521663eba7f71783f613c3fea81dcd7e9f3a,outputs/PROJECT_decoder_gate_abutment_matrix/_pair_trials/PAIR__PNAND2_MX__PNAND3_MY__g0p07_drc/PAIR__PNAND2_MX__PNAND3_MY__g0p07.lyrdb
PNAND2,MX,PNAND3,MY,0.14,False,0,False,False,False,True,,outputs/PROJECT_decoder_gate_abutment_matrix/_pair_trials/PAIR__PNAND2_MX__PNAND3_MY__g0p14.gds,02b55ee4610669aa641cbac49ac57365ba930fa1b97b30bea5117024855dedcf,outputs/PROJECT_decoder_gate_abutment_matrix/_pair_trials/PAIR__PNAND2_MX__PNAND3_MY__g0p14_drc/PAIR__PNAND2_MX__PNAND3_MY__g0p14.lyrdb
PNAND2,MX,AND2,R0,0.0,False,0,False,False,False,True,,outputs/PROJECT_decoder_gate_abutment_matrix/_pair_trials/PAIR__PNAND2_MX__AND2_R0__g0p0.gds,5bc6ff993ffd929366b5a5722b1b291fd8ef0ca733a7b5eab30c324bf8fca65f,outputs/PROJECT_decoder_gate_abutment_matrix/_pair_trials/PAIR__PNAND2_MX__AND2_R0__g0p0_drc/PAIR__PNAND2_MX__AND2_R0__g0p0.lyrdb
PNAND2,MX,AND2,R0,0.0025,False,1,False,False,True,False,drc_marker_count=1,outputs/PROJECT_decoder_gate_abutment_matrix/_pair_trials/PAIR__PNAND2_MX__AND2_R0__g0p0025.gds,fd50e7deb89c0a10e808253a3d59f4e86ab26e14a6e88cc3172a5e7a32f4b730,outputs/PROJECT_decoder_gate_abutment_matrix/_pair_trials/PAIR__PNAND2_MX__AND2_R0__g0p0025_drc/PAIR__PNAND2_MX__AND2_R0__g0p0025.lyrdb
PNAND2,MX,AND2,R0,0.07,False,1,False,False,True,False,drc_marker_count=1,outputs/PROJECT_decoder_gate_abutment_matrix/_pair_trials/PAIR__PNAND2_MX__AND2_R0__g0p07.gds,1b0744749b898be56364b398c45c58743377513348824b2412972ff99f1370e5,outputs/PROJECT_decoder_gate_abutment_matrix/_pair_trials/PAIR__PNAND2_MX__AND2_R0__g0p07_drc/PAIR__PNAND2_MX__AND2_R0__g0p07.lyrdb
PNAND2,MX,AND2,R0,0.14,False,1,False,False,True,False,drc_marker_count=1,outputs/PROJECT_decoder_gate_abutment_matrix/_pair_trials/PAIR__PNAND2_MX__AND2_R0__g0p14.gds,81d444107a0e9e34c1769e5d226ca13b57da603e3a98ca012676ff40d38bf4e0,outputs/PROJECT_decoder_gate_abutment_matrix/_pair_trials/PAIR__PNAND2_MX__AND2_R0__g0p14_drc/PAIR__PNAND2_MX__AND2_R0__g0p14.lyrdb
PNAND2,MX,AND2,R180,0.0,False,58,False,False,True,False,drc_marker_count=58,outputs/PROJECT_decoder_gate_abutment_matrix/_pair_trials/PAIR__PNAND2_MX__AND2_R180__g0p0.gds,1ab72222000f48653333713a91fc543721aba53d39941a11f3f4155a173df69c,outputs/PROJECT_decoder_gate_abutment_matrix/_pair_trials/PAIR__PNAND2_MX__AND2_R180__g0p0_drc/PAIR__PNAND2_MX__AND2_R180__g0p0.lyrdb
PNAND2,MX,AND2,R180,0.0025,False,58,False,False,True,False,drc_marker_count=58,outputs/PROJECT_decoder_gate_abutment_matrix/_pair_trials/PAIR__PNAND2_MX__AND2_R180__g0p0025.gds,edbdef7069ead34bb3618c0e9f43f09be76adda6fda52ee3bb64b21442995465,outputs/PROJECT_decoder_gate_abutment_matrix/_pair_trials/PAIR__PNAND2_MX__AND2_R180__g0p0025_drc/PAIR__PNAND2_MX__AND2_R180__g0p0025.lyrdb
PNAND2,MX,AND2,R180,0.07,False,96,False,False,True,False,drc_marker_count=96,outputs/PROJECT_decoder_gate_abutment_matrix/_pair_trials/PAIR__PNAND2_MX__AND2_R180__g0p07.gds,c3be5465ca042fba47fd527ee6b277de45a8364df165e3736f0af5dab6837efa,outputs/PROJECT_decoder_gate_abutment_matrix/_pair_trials/PAIR__PNAND2_MX__AND2_R180__g0p07_drc/PAIR__PNAND2_MX__AND2_R180__g0p07.lyrdb
PNAND2,MX,AND2,R180,0.14,False,62,False,False,True,False,drc_marker_count=62,outputs/PROJECT_decoder_gate_abutment_matrix/_pair_trials/PAIR__PNAND2_MX__AND2_R180__g0p14.gds,8d57604d87ec528a7654bb7aa908d8eba6d9d1fa7e2a8d98cbdb7697c8619997,outputs/PROJECT_decoder_gate_abutment_matrix/_pair_trials/PAIR__PNAND2_MX__AND2_R180__g0p14_drc/PAIR__PNAND2_MX__AND2_R180__g0p14.lyrdb
PNAND2,MX,AND2,MX,0.0,True,0,False,True,False,True,,outputs/PROJECT_decoder_gate_abutment_matrix/_pair_trials/PAIR__PNAND2_MX__AND2_MX__g0p0.gds,80716fb3f60b9b7a1206d195a9ed7a105e6a60854ea4da1b074f72988844b178,outputs/PROJECT_decoder_gate_abutment_matrix/_pair_trials/PAIR__PNAND2_MX__AND2_MX__g0p0_drc/PAIR__PNAND2_MX__AND2_MX__g0p0.lyrdb
PNAND2,MX,AND2,MX,0.0025,True,1,False,True,True,False,drc_marker_count=1,outputs/PROJECT_decoder_gate_abutment_matrix/_pair_trials/PAIR__PNAND2_MX__AND2_MX__g0p0025.gds,239535fba4e49ad1b372408d98fa70d3c17addd1e4bf4ee24564cd6f5078398a,outputs/PROJECT_decoder_gate_abutment_matrix/_pair_trials/PAIR__PNAND2_MX__AND2_MX__g0p0025_drc/PAIR__PNAND2_MX__AND2_MX__g0p0025.lyrdb
PNAND2,MX,AND2,MX,0.07,True,1,False,True,True,False,drc_marker_count=1,outputs/PROJECT_decoder_gate_abutment_matrix/_pair_trials/PAIR__PNAND2_MX__AND2_MX__g0p07.gds,0285e5914f89b9e2b63c889de555405d6c60450586a76b7baa2ecd2a1e345862,outputs/PROJECT_decoder_gate_abutment_matrix/_pair_trials/PAIR__PNAND2_MX__AND2_MX__g0p07_drc/PAIR__PNAND2_MX__AND2_MX__g0p07.lyrdb
PNAND2,MX,AND2,MX,0.14,True,1,False,True,True,False,drc_marker_count=1,outputs/PROJECT_decoder_gate_abutment_matrix/_pair_trials/PAIR__PNAND2_MX__AND2_MX__g0p14.gds,461a87ffa861b5b8b2ed763bcea921906c3d7110874136e40cd6ed3865b28189,outputs/PROJECT_decoder_gate_abutment_matrix/_pair_trials/PAIR__PNAND2_MX__AND2_MX__g0p14_drc/PAIR__PNAND2_MX__AND2_MX__g0p14.lyrdb
PNAND2,MX,AND2,MY,0.0,False,0,False,False,False,True,,outputs/PROJECT_decoder_gate_abutment_matrix/_pair_trials/PAIR__PNAND2_MX__AND2_MY__g0p0.gds,916fdac5e6f50c172025229038625ff245b93d519b3025f5402427a77690d5c7,outputs/PROJECT_decoder_gate_abutment_matrix/_pair_trials/PAIR__PNAND2_MX__AND2_MY__g0p0_drc/PAIR__PNAND2_MX__AND2_MY__g0p0.lyrdb
PNAND2,MX,AND2,MY,0.0025,False,0,False,False,False,True,,outputs/PROJECT_decoder_gate_abutment_matrix/_pair_trials/PAIR__PNAND2_MX__AND2_MY__g0p0025.gds,b0244cd6c771debbcb5142770ede34f03caadf2f83f869088b5d78dca1886e3c,outputs/PROJECT_decoder_gate_abutment_matrix/_pair_trials/PAIR__PNAND2_MX__AND2_MY__g0p0025_drc/PAIR__PNAND2_MX__AND2_MY__g0p0025.lyrdb
PNAND2,MX,AND2,MY,0.07,False,0,False,False,False,True,,outputs/PROJECT_decoder_gate_abutment_matrix/_pair_trials/PAIR__PNAND2_MX__AND2_MY__g0p07.gds,e2b65a08ac5140ad9bb276813fcbfa38237d1ff15e3408045ba3e920d88c5d20,outputs/PROJECT_decoder_gate_abutment_matrix/_pair_trials/PAIR__PNAND2_MX__AND2_MY__g0p07_drc/PAIR__PNAND2_MX__AND2_MY__g0p07.lyrdb
PNAND2,MX,AND2,MY,0.14,False,0,False,False,False,True,,outputs/PROJECT_decoder_gate_abutment_matrix/_pair_trials/PAIR__PNAND2_MX__AND2_MY__g0p14.gds,7f542b7d1c1d9acacdec1a9cd1c85aa1ea3158731e2de004f46f5c206d1e4459,outputs/PROJECT_decoder_gate_abutment_matrix/_pair_trials/PAIR__PNAND2_MX__AND2_MY__g0p14_drc/PAIR__PNAND2_MX__AND2_MY__g0p14.lyrdb
PNAND2,MX,AND3,R0,0.0,False,0,False,False,False,True,,outputs/PROJECT_decoder_gate_abutment_matrix/_pair_trials/PAIR__PNAND2_MX__AND3_R0__g0p0.gds,b92eae5c4c41513554ae3002089899063d3fc96fe572be6cbdf0aa0bd7a7f83c,outputs/PROJECT_decoder_gate_abutment_matrix/_pair_trials/PAIR__PNAND2_MX__AND3_R0__g0p0_drc/PAIR__PNAND2_MX__AND3_R0__g0p0.lyrdb
PNAND2,MX,AND3,R0,0.0025,False,1,False,False,True,False,drc_marker_count=1,outputs/PROJECT_decoder_gate_abutment_matrix/_pair_trials/PAIR__PNAND2_MX__AND3_R0__g0p0025.gds,f456121915bb98653031c8dbfef90e67058b9d26de6c13d047f0986c3ef98a04,outputs/PROJECT_decoder_gate_abutment_matrix/_pair_trials/PAIR__PNAND2_MX__AND3_R0__g0p0025_drc/PAIR__PNAND2_MX__AND3_R0__g0p0025.lyrdb
PNAND2,MX,AND3,R0,0.07,False,1,False,False,True,False,drc_marker_count=1,outputs/PROJECT_decoder_gate_abutment_matrix/_pair_trials/PAIR__PNAND2_MX__AND3_R0__g0p07.gds,6771ed566e940def560b009810e9c190966da31b91cdb8c42247ea3fa69f1190,outputs/PROJECT_decoder_gate_abutment_matrix/_pair_trials/PAIR__PNAND2_MX__AND3_R0__g0p07_drc/PAIR__PNAND2_MX__AND3_R0__g0p07.lyrdb
PNAND2,MX,AND3,R0,0.14,False,1,False,False,True,False,drc_marker_count=1,outputs/PROJECT_decoder_gate_abutment_matrix/_pair_trials/PAIR__PNAND2_MX__AND3_R0__g0p14.gds,2cc53d0f1e52bddd5420df0d5e5e82388803843c2991717745b5f968748d8de2,outputs/PROJECT_decoder_gate_abutment_matrix/_pair_trials/PAIR__PNAND2_MX__AND3_R0__g0p14_drc/PAIR__PNAND2_MX__AND3_R0__g0p14.lyrdb
PNAND2,MX,AND3,R180,0.0,False,44,False,False,True,False,drc_marker_count=44,outputs/PROJECT_decoder_gate_abutment_matrix/_pair_trials/PAIR__PNAND2_MX__AND3_R180__g0p0.gds,7f0730214999301425e0ac81c7774bd42a746db593da4f7b9d64210aac22449a,outputs/PROJECT_decoder_gate_abutment_matrix/_pair_trials/PAIR__PNAND2_MX__AND3_R180__g0p0_drc/PAIR__PNAND2_MX__AND3_R180__g0p0.lyrdb
PNAND2,MX,AND3,R180,0.0025,False,44,False,False,True,False,drc_marker_count=44,outputs/PROJECT_decoder_gate_abutment_matrix/_pair_trials/PAIR__PNAND2_MX__AND3_R180__g0p0025.gds,dbdcd0345bec399bead1767bae3d4b95094672e1ec612b19bcdc14d8211e9bc7,outputs/PROJECT_decoder_gate_abutment_matrix/_pair_trials/PAIR__PNAND2_MX__AND3_R180__g0p0025_drc/PAIR__PNAND2_MX__AND3_R180__g0p0025.lyrdb
PNAND2,MX,AND3,R180,0.07,False,112,False,False,True,False,drc_marker_count=112,outputs/PROJECT_decoder_gate_abutment_matrix/_pair_trials/PAIR__PNAND2_MX__AND3_R180__g0p07.gds,a75f40331d33477776aa163f842f6d8a488a299c2b66223858f05e549052468d,outputs/PROJECT_decoder_gate_abutment_matrix/_pair_trials/PAIR__PNAND2_MX__AND3_R180__g0p07_drc/PAIR__PNAND2_MX__AND3_R180__g0p07.lyrdb
PNAND2,MX,AND3,R180,0.14,False,87,False,False,True,False,drc_marker_count=87,outputs/PROJECT_decoder_gate_abutment_matrix/_pair_trials/PAIR__PNAND2_MX__AND3_R180__g0p14.gds,de35f3c74a48b4faf57c93e7f15da8bcfd9779c3681ae2da0aa160848fc4f9a6,outputs/PROJECT_decoder_gate_abutment_matrix/_pair_trials/PAIR__PNAND2_MX__AND3_R180__g0p14_drc/PAIR__PNAND2_MX__AND3_R180__g0p14.lyrdb
PNAND2,MX,AND3,MX,0.0,True,0,False,True,False,True,,outputs/PROJECT_decoder_gate_abutment_matrix/_pair_trials/PAIR__PNAND2_MX__AND3_MX__g0p0.gds,68d4af91f2d0a8bb3004c13fb43d307b379e1f8c8cff796d96579b8d6fd6c29f,outputs/PROJECT_decoder_gate_abutment_matrix/_pair_trials/PAIR__PNAND2_MX__AND3_MX__g0p0_drc/PAIR__PNAND2_MX__AND3_MX__g0p0.lyrdb
PNAND2,MX,AND3,MX,0.0025,True,1,False,True,True,False,drc_marker_count=1,outputs/PROJECT_decoder_gate_abutment_matrix/_pair_trials/PAIR__PNAND2_MX__AND3_MX__g0p0025.gds,53fb3bb5f08ef23f929010971048d192eafbc1a6235eaf43f6fb18144af83693,outputs/PROJECT_decoder_gate_abutment_matrix/_pair_trials/PAIR__PNAND2_MX__AND3_MX__g0p0025_drc/PAIR__PNAND2_MX__AND3_MX__g0p0025.lyrdb
PNAND2,MX,AND3,MX,0.07,True,1,False,True,True,False,drc_marker_count=1,outputs/PROJECT_decoder_gate_abutment_matrix/_pair_trials/PAIR__PNAND2_MX__AND3_MX__g0p07.gds,b3cc99578a2d352c7d6b06e34530c094071d5a45072e6f704f9fe4c7f42251d1,outputs/PROJECT_decoder_gate_abutment_matrix/_pair_trials/PAIR__PNAND2_MX__AND3_MX__g0p07_drc/PAIR__PNAND2_MX__AND3_MX__g0p07.lyrdb
PNAND2,MX,AND3,MX,0.14,True,1,False,True,True,False,drc_marker_count=1,outputs/PROJECT_decoder_gate_abutment_matrix/_pair_trials/PAIR__PNAND2_MX__AND3_MX__g0p14.gds,e6b07da1a04912100f844ebc40b133e773914e84ac1a66d056354260ba460e49,outputs/PROJECT_decoder_gate_abutment_matrix/_pair_trials/PAIR__PNAND2_MX__AND3_MX__g0p14_drc/PAIR__PNAND2_MX__AND3_MX__g0p14.lyrdb
PNAND2,MX,AND3,MY,0.0,False,0,False,False,False,True,,outputs/PROJECT_decoder_gate_abutment_matrix/_pair_trials/PAIR__PNAND2_MX__AND3_MY__g0p0.gds,585556214ecab30be411ddc43c0f3b922da141be1a1908095c46c51f6cf9848d,outputs/PROJECT_decoder_gate_abutment_matrix/_pair_trials/PAIR__PNAND2_MX__AND3_MY__g0p0_drc/PAIR__PNAND2_MX__AND3_MY__g0p0.lyrdb
PNAND2,MX,AND3,MY,0.0025,False,0,False,False,False,True,,outputs/PROJECT_decoder_gate_abutment_matrix/_pair_trials/PAIR__PNAND2_MX__AND3_MY__g0p0025.gds,3bb5d1bbaecfd733dcba3915cf831d2917f30f8eced5c8304151d15ec8ff8248,outputs/PROJECT_decoder_gate_abutment_matrix/_pair_trials/PAIR__PNAND2_MX__AND3_MY__g0p0025_drc/PAIR__PNAND2_MX__AND3_MY__g0p0025.lyrdb
PNAND2,MX,AND3,MY,0.07,False,0,False,False,False,True,,outputs/PROJECT_decoder_gate_abutment_matrix/_pair_trials/PAIR__PNAND2_MX__AND3_MY__g0p07.gds,183a8319c50455ec19a94b210f6d33ec4d6302972b535fe31b1296d0c5cdf9a1,outputs/PROJECT_decoder_gate_abutment_matrix/_pair_trials/PAIR__PNAND2_MX__AND3_MY__g0p07_drc/PAIR__PNAND2_MX__AND3_MY__g0p07.lyrdb
PNAND2,MX,AND3,MY,0.14,False,0,False,False,False,True,,outputs/PROJECT_decoder_gate_abutment_matrix/_pair_trials/PAIR__PNAND2_MX__AND3_MY__g0p14.gds,b214bc6440f6ddfd96ff2d4dee078c2f441d3272794cade9bdc25ca07d16bc2c,outputs/PROJECT_decoder_gate_abutment_matrix/_pair_trials/PAIR__PNAND2_MX__AND3_MY__g0p14_drc/PAIR__PNAND2_MX__AND3_MY__g0p14.lyrdb
PNAND2,MX,WORDLINEDRIVER,R0,0.0,False,0,False,False,False,True,,outputs/PROJECT_decoder_gate_abutment_matrix/_pair_trials/PAIR__PNAND2_MX__WORDLINEDRIVER_R0__g0p0.gds,7d9c8aebd270e82702049336a9de0e0bdd9e9bc2d058de0c03f21771439afe94,outputs/PROJECT_decoder_gate_abutment_matrix/_pair_trials/PAIR__PNAND2_MX__WORDLINEDRIVER_R0__g0p0_drc/PAIR__PNAND2_MX__WORDLINEDRIVER_R0__g0p0.lyrdb
PNAND2,MX,WORDLINEDRIVER,R0,0.0025,False,1,False,False,True,False,drc_marker_count=1,outputs/PROJECT_decoder_gate_abutment_matrix/_pair_trials/PAIR__PNAND2_MX__WORDLINEDRIVER_R0__g0p0025.gds,c8b92cb702bd3e7fa61341a1739a709d7035f2ef43f5dca08907d62072159f77,outputs/PROJECT_decoder_gate_abutment_matrix/_pair_trials/PAIR__PNAND2_MX__WORDLINEDRIVER_R0__g0p0025_drc/PAIR__PNAND2_MX__WORDLINEDRIVER_R0__g0p0025.lyrdb
PNAND2,MX,WORDLINEDRIVER,R0,0.07,False,1,False,False,True,False,drc_marker_count=1,outputs/PROJECT_decoder_gate_abutment_matrix/_pair_trials/PAIR__PNAND2_MX__WORDLINEDRIVER_R0__g0p07.gds,d6b445185ae690173887aa743b7dd5606d399fec1cf8709486e7d4706567912e,outputs/PROJECT_decoder_gate_abutment_matrix/_pair_trials/PAIR__PNAND2_MX__WORDLINEDRIVER_R0__g0p07_drc/PAIR__PNAND2_MX__WORDLINEDRIVER_R0__g0p07.lyrdb
PNAND2,MX,WORDLINEDRIVER,R0,0.14,False,1,False,False,True,False,drc_marker_count=1,outputs/PROJECT_decoder_gate_abutment_matrix/_pair_trials/PAIR__PNAND2_MX__WORDLINEDRIVER_R0__g0p14.gds,e669e5c58e4fbd900d3fdb5790468c5ba471d5d80f9775c20cb272f6d338b32f,outputs/PROJECT_decoder_gate_abutment_matrix/_pair_trials/PAIR__PNAND2_MX__WORDLINEDRIVER_R0__g0p14_drc/PAIR__PNAND2_MX__WORDLINEDRIVER_R0__g0p14.lyrdb
PNAND2,MX,WORDLINEDRIVER,R180,0.0,False,54,False,False,True,False,drc_marker_count=54,outputs/PROJECT_decoder_gate_abutment_matrix/_pair_trials/PAIR__PNAND2_MX__WORDLINEDRIVER_R180__g0p0.gds,3f47e1ec7f7450cbdd7b39968df1726eaba80c0db1c1da74a03a15c23cf4613e,outputs/PROJECT_decoder_gate_abutment_matrix/_pair_trials/PAIR__PNAND2_MX__WORDLINEDRIVER_R180__g0p0_drc/PAIR__PNAND2_MX__WORDLINEDRIVER_R180__g0p0.lyrdb
PNAND2,MX,WORDLINEDRIVER,R180,0.0025,False,54,False,False,True,False,drc_marker_count=54,outputs/PROJECT_decoder_gate_abutment_matrix/_pair_trials/PAIR__PNAND2_MX__WORDLINEDRIVER_R180__g0p0025.gds,313cab9b2322b583a30656f98b833cd675bee3907296c6969229ef74d97740de,outputs/PROJECT_decoder_gate_abutment_matrix/_pair_trials/PAIR__PNAND2_MX__WORDLINEDRIVER_R180__g0p0025_drc/PAIR__PNAND2_MX__WORDLINEDRIVER_R180__g0p0025.lyrdb
PNAND2,MX,WORDLINEDRIVER,R180,0.07,False,98,False,False,True,False,drc_marker_count=98,outputs/PROJECT_decoder_gate_abutment_matrix/_pair_trials/PAIR__PNAND2_MX__WORDLINEDRIVER_R180__g0p07.gds,f5dfb7ce1052b7a53aee15041fcc841cd41ea2a898cbfb145a7a242df05ce969,outputs/PROJECT_decoder_gate_abutment_matrix/_pair_trials/PAIR__PNAND2_MX__WORDLINEDRIVER_R180__g0p07_drc/PAIR__PNAND2_MX__WORDLINEDRIVER_R180__g0p07.lyrdb
PNAND2,MX,WORDLINEDRIVER,R180,0.14,False,59,False,False,True,False,drc_marker_count=59,outputs/PROJECT_decoder_gate_abutment_matrix/_pair_trials/PAIR__PNAND2_MX__WORDLINEDRIVER_R180__g0p14.gds,a1635275ea64d9b9073c933a031daba5f8eee823f8d08ce5ed1fca2485dd057e,outputs/PROJECT_decoder_gate_abutment_matrix/_pair_trials/PAIR__PNAND2_MX__WORDLINEDRIVER_R180__g0p14_drc/PAIR__PNAND2_MX__WORDLINEDRIVER_R180__g0p14.lyrdb
PNAND2,MX,WORDLINEDRIVER,MX,0.0,True,0,False,True,False,True,,outputs/PROJECT_decoder_gate_abutment_matrix/_pair_trials/PAIR__PNAND2_MX__WORDLINEDRIVER_MX__g0p0.gds,8d311dc387122e30af907c833d5840b111f1a97c9b8bb2adc9274efc44dec0d0,outputs/PROJECT_decoder_gate_abutment_matrix/_pair_trials/PAIR__PNAND2_MX__WORDLINEDRIVER_MX__g0p0_drc/PAIR__PNAND2_MX__WORDLINEDRIVER_MX__g0p0.lyrdb
PNAND2,MX,WORDLINEDRIVER,MX,0.0025,True,1,False,True,True,False,drc_marker_count=1,outputs/PROJECT_decoder_gate_abutment_matrix/_pair_trials/PAIR__PNAND2_MX__WORDLINEDRIVER_MX__g0p0025.gds,9dbb3fb0a922ce7635835356e43ba49ee728f87661cb9090780955c7bb830127,outputs/PROJECT_decoder_gate_abutment_matrix/_pair_trials/PAIR__PNAND2_MX__WORDLINEDRIVER_MX__g0p0025_drc/PAIR__PNAND2_MX__WORDLINEDRIVER_MX__g0p0025.lyrdb
PNAND2,MX,WORDLINEDRIVER,MX,0.07,True,1,False,True,True,False,drc_marker_count=1,outputs/PROJECT_decoder_gate_abutment_matrix/_pair_trials/PAIR__PNAND2_MX__WORDLINEDRIVER_MX__g0p07.gds,00b6cff6bc2cd4cbb0eeec1e056bbda44f23cf622e89e334d9b36927912ad914,outputs/PROJECT_decoder_gate_abutment_matrix/_pair_trials/PAIR__PNAND2_MX__WORDLINEDRIVER_MX__g0p07_drc/PAIR__PNAND2_MX__WORDLINEDRIVER_MX__g0p07.lyrdb
PNAND2,MX,WORDLINEDRIVER,MX,0.14,True,1,False,True,True,False,drc_marker_count=1,outputs/PROJECT_decoder_gate_abutment_matrix/_pair_trials/PAIR__PNAND2_MX__WORDLINEDRIVER_MX__g0p14.gds,3a35731625e7a6b748763d61f1f8f2bfca1e17274a05e45a7abac96e2babd66c,outputs/PROJECT_decoder_gate_abutment_matrix/_pair_trials/PAIR__PNAND2_MX__WORDLINEDRIVER_MX__g0p14_drc/PAIR__PNAND2_MX__WORDLINEDRIVER_MX__g0p14.lyrdb
PNAND2,MX,WORDLINEDRIVER,MY,0.0,False,0,False,False,False,True,,outputs/PROJECT_decoder_gate_abutment_matrix/_pair_trials/PAIR__PNAND2_MX__WORDLINEDRIVER_MY__g0p0.gds,598164e1fe5ef481e41628bb20c2369d6be42c8b48118d3034860636bd247707,outputs/PROJECT_decoder_gate_abutment_matrix/_pair_trials/PAIR__PNAND2_MX__WORDLINEDRIVER_MY__g0p0_drc/PAIR__PNAND2_MX__WORDLINEDRIVER_MY__g0p0.lyrdb
PNAND2,MX,WORDLINEDRIVER,MY,0.0025,False,0,False,False,False,True,,outputs/PROJECT_decoder_gate_abutment_matrix/_pair_trials/PAIR__PNAND2_MX__WORDLINEDRIVER_MY__g0p0025.gds,2352442b2d092b4a545c90246e651976fee6a359108340a7123dd813036f01b0,outputs/PROJECT_decoder_gate_abutment_matrix/_pair_trials/PAIR__PNAND2_MX__WORDLINEDRIVER_MY__g0p0025_drc/PAIR__PNAND2_MX__WORDLINEDRIVER_MY__g0p0025.lyrdb
PNAND2,MX,WORDLINEDRIVER,MY,0.07,False,0,False,False,False,True,,outputs/PROJECT_decoder_gate_abutment_matrix/_pair_trials/PAIR__PNAND2_MX__WORDLINEDRIVER_MY__g0p07.gds,2e53a1d58abed6313288d044c92122ad8f6a948d446518925d0cbd8696cdcc62,outputs/PROJECT_decoder_gate_abutment_matrix/_pair_trials/PAIR__PNAND2_MX__WORDLINEDRIVER_MY__g0p07_drc/PAIR__PNAND2_MX__WORDLINEDRIVER_MY__g0p07.lyrdb
PNAND2,MX,WORDLINEDRIVER,MY,0.14,False,0,False,False,False,True,,outputs/PROJECT_decoder_gate_abutment_matrix/_pair_trials/PAIR__PNAND2_MX__WORDLINEDRIVER_MY__g0p14.gds,83ec847c9046b1a1cd113671a874c0db007bd6ec24b0957ba4cdfbc3e8e32614,outputs/PROJECT_decoder_gate_abutment_matrix/_pair_trials/PAIR__PNAND2_MX__WORDLINEDRIVER_MY__g0p14_drc/PAIR__PNAND2_MX__WORDLINEDRIVER_MY__g0p14.lyrdb
PNAND2,MY,PINV,R0,0.0,True,0,False,True,False,True,,outputs/PROJECT_decoder_gate_abutment_matrix/_pair_trials/PAIR__PNAND2_MY__PINV_R0__g0p0.gds,5945b5d174e22491357fc396d8db389fb646e37864580ef9c1059ab5ebf8da89,outputs/PROJECT_decoder_gate_abutment_matrix/_pair_trials/PAIR__PNAND2_MY__PINV_R0__g0p0_drc/PAIR__PNAND2_MY__PINV_R0__g0p0.lyrdb
PNAND2,MY,PINV,R0,0.0025,True,0,False,True,False,True,,outputs/PROJECT_decoder_gate_abutment_matrix/_pair_trials/PAIR__PNAND2_MY__PINV_R0__g0p0025.gds,16eec056181263b1ad0ede180731a20f000a74098415ecf4a1b78980e5d90f2e,outputs/PROJECT_decoder_gate_abutment_matrix/_pair_trials/PAIR__PNAND2_MY__PINV_R0__g0p0025_drc/PAIR__PNAND2_MY__PINV_R0__g0p0025.lyrdb
PNAND2,MY,PINV,R0,0.07,True,0,False,True,False,True,,outputs/PROJECT_decoder_gate_abutment_matrix/_pair_trials/PAIR__PNAND2_MY__PINV_R0__g0p07.gds,e66fbb3c8a1f6b736309ca0bacd1f54cc9f26ef508afc6c9e8b660fa45fcddbe,outputs/PROJECT_decoder_gate_abutment_matrix/_pair_trials/PAIR__PNAND2_MY__PINV_R0__g0p07_drc/PAIR__PNAND2_MY__PINV_R0__g0p07.lyrdb
PNAND2,MY,PINV,R0,0.14,True,0,False,True,False,True,,outputs/PROJECT_decoder_gate_abutment_matrix/_pair_trials/PAIR__PNAND2_MY__PINV_R0__g0p14.gds,6f051d4de2859ecad019ff5fc6196de06a975908d5ef9ed27302b860a0c0d590,outputs/PROJECT_decoder_gate_abutment_matrix/_pair_trials/PAIR__PNAND2_MY__PINV_R0__g0p14_drc/PAIR__PNAND2_MY__PINV_R0__g0p14.lyrdb
PNAND2,MY,PINV,R180,0.0,True,0,False,True,False,True,,outputs/PROJECT_decoder_gate_abutment_matrix/_pair_trials/PAIR__PNAND2_MY__PINV_R180__g0p0.gds,fd5a3194859e91b348dc4d90471980dda75e5fb244c9aed5d579b5ed71749664,outputs/PROJECT_decoder_gate_abutment_matrix/_pair_trials/PAIR__PNAND2_MY__PINV_R180__g0p0_drc/PAIR__PNAND2_MY__PINV_R180__g0p0.lyrdb
PNAND2,MY,PINV,R180,0.0025,True,0,False,True,False,True,,outputs/PROJECT_decoder_gate_abutment_matrix/_pair_trials/PAIR__PNAND2_MY__PINV_R180__g0p0025.gds,8bce5563ac00fd9e80f7235db31de0f996248fdbf366bfd9b063a4c868d5c67b,outputs/PROJECT_decoder_gate_abutment_matrix/_pair_trials/PAIR__PNAND2_MY__PINV_R180__g0p0025_drc/PAIR__PNAND2_MY__PINV_R180__g0p0025.lyrdb
PNAND2,MY,PINV,R180,0.07,True,0,False,True,False,True,,outputs/PROJECT_decoder_gate_abutment_matrix/_pair_trials/PAIR__PNAND2_MY__PINV_R180__g0p07.gds,e6350e51b022dae7e28125b43d45b493940bce548945d3b92f1107c63a062d5c,outputs/PROJECT_decoder_gate_abutment_matrix/_pair_trials/PAIR__PNAND2_MY__PINV_R180__g0p07_drc/PAIR__PNAND2_MY__PINV_R180__g0p07.lyrdb
PNAND2,MY,PINV,R180,0.14,True,0,False,True,False,True,,outputs/PROJECT_decoder_gate_abutment_matrix/_pair_trials/PAIR__PNAND2_MY__PINV_R180__g0p14.gds,65659075f2f58dcf5ae9b80109706b617401ee67404516c32ad0d5be24d28607,outputs/PROJECT_decoder_gate_abutment_matrix/_pair_trials/PAIR__PNAND2_MY__PINV_R180__g0p14_drc/PAIR__PNAND2_MY__PINV_R180__g0p14.lyrdb
PNAND2,MY,PINV,MX,0.0,False,0,False,False,False,True,,outputs/PROJECT_decoder_gate_abutment_matrix/_pair_trials/PAIR__PNAND2_MY__PINV_MX__g0p0.gds,c016c2e16e2067342c7ee1daf1049df13a39a0088d0b9e9eed91eda1ac78e3fe,outputs/PROJECT_decoder_gate_abutment_matrix/_pair_trials/PAIR__PNAND2_MY__PINV_MX__g0p0_drc/PAIR__PNAND2_MY__PINV_MX__g0p0.lyrdb
PNAND2,MY,PINV,MX,0.0025,False,0,False,False,False,True,,outputs/PROJECT_decoder_gate_abutment_matrix/_pair_trials/PAIR__PNAND2_MY__PINV_MX__g0p0025.gds,9540590d0be970360174cd00f82714e8de77dc079b52aef4640f87a88a911464,outputs/PROJECT_decoder_gate_abutment_matrix/_pair_trials/PAIR__PNAND2_MY__PINV_MX__g0p0025_drc/PAIR__PNAND2_MY__PINV_MX__g0p0025.lyrdb
PNAND2,MY,PINV,MX,0.07,False,0,False,False,False,True,,outputs/PROJECT_decoder_gate_abutment_matrix/_pair_trials/PAIR__PNAND2_MY__PINV_MX__g0p07.gds,9e2f541fcf6ea1261483a1f385301ec267cc0a43464a4fb37375b9f98e5a0680,outputs/PROJECT_decoder_gate_abutment_matrix/_pair_trials/PAIR__PNAND2_MY__PINV_MX__g0p07_drc/PAIR__PNAND2_MY__PINV_MX__g0p07.lyrdb
PNAND2,MY,PINV,MX,0.14,False,0,False,False,False,True,,outputs/PROJECT_decoder_gate_abutment_matrix/_pair_trials/PAIR__PNAND2_MY__PINV_MX__g0p14.gds,5dc8778dcfbf3668dc96647389041e7270734709bc209edcc28bfc3691320a70,outputs/PROJECT_decoder_gate_abutment_matrix/_pair_trials/PAIR__PNAND2_MY__PINV_MX__g0p14_drc/PAIR__PNAND2_MY__PINV_MX__g0p14.lyrdb
PNAND2,MY,PINV,MY,0.0,True,0,False,True,False,True,,outputs/PROJECT_decoder_gate_abutment_matrix/_pair_trials/PAIR__PNAND2_MY__PINV_MY__g0p0.gds,ef21e846725b050e2046db0e73e06186faf9d5e8a7cf945daa6679eb329dc2b3,outputs/PROJECT_decoder_gate_abutment_matrix/_pair_trials/PAIR__PNAND2_MY__PINV_MY__g0p0_drc/PAIR__PNAND2_MY__PINV_MY__g0p0.lyrdb
PNAND2,MY,PINV,MY,0.0025,True,0,False,True,False,True,,outputs/PROJECT_decoder_gate_abutment_matrix/_pair_trials/PAIR__PNAND2_MY__PINV_MY__g0p0025.gds,359d6e83dc3768438c1395cf78efc6cd762860d6e4bf63321649e09272c0483c,outputs/PROJECT_decoder_gate_abutment_matrix/_pair_trials/PAIR__PNAND2_MY__PINV_MY__g0p0025_drc/PAIR__PNAND2_MY__PINV_MY__g0p0025.lyrdb
PNAND2,MY,PINV,MY,0.07,True,0,False,True,False,True,,outputs/PROJECT_decoder_gate_abutment_matrix/_pair_trials/PAIR__PNAND2_MY__PINV_MY__g0p07.gds,819eb8ec11a4bee40679bfa3a227d696fcd442fdc359e31ab5e85e6d8b6ddb72,outputs/PROJECT_decoder_gate_abutment_matrix/_pair_trials/PAIR__PNAND2_MY__PINV_MY__g0p07_drc/PAIR__PNAND2_MY__PINV_MY__g0p07.lyrdb
PNAND2,MY,PINV,MY,0.14,True,0,False,True,False,True,,outputs/PROJECT_decoder_gate_abutment_matrix/_pair_trials/PAIR__PNAND2_MY__PINV_MY__g0p14.gds,830ee42f74522f5b417fd5ffe0bad824401acec93c8199c952874dbfb090a321,outputs/PROJECT_decoder_gate_abutment_matrix/_pair_trials/PAIR__PNAND2_MY__PINV_MY__g0p14_drc/PAIR__PNAND2_MY__PINV_MY__g0p14.lyrdb
PNAND2,MY,PNAND2,R0,0.0,True,0,False,True,False,True,,outputs/PROJECT_decoder_gate_abutment_matrix/_pair_trials/PAIR__PNAND2_MY__PNAND2_R0__g0p0.gds,0f7a12ab9c8aa137979fb0103f3d6cfe0b361664db0be96a5732d3bab6f7a2cf,outputs/PROJECT_decoder_gate_abutment_matrix/_pair_trials/PAIR__PNAND2_MY__PNAND2_R0__g0p0_drc/PAIR__PNAND2_MY__PNAND2_R0__g0p0.lyrdb
PNAND2,MY,PNAND2,R0,0.0025,True,0,False,True,False,True,,outputs/PROJECT_decoder_gate_abutment_matrix/_pair_trials/PAIR__PNAND2_MY__PNAND2_R0__g0p0025.gds,22f5cf5803999e37102b2434eb4fc351ffd611702b75d83fbb8ae2a3181481d8,outputs/PROJECT_decoder_gate_abutment_matrix/_pair_trials/PAIR__PNAND2_MY__PNAND2_R0__g0p0025_drc/PAIR__PNAND2_MY__PNAND2_R0__g0p0025.lyrdb
PNAND2,MY,PNAND2,R0,0.07,True,0,False,True,False,True,,outputs/PROJECT_decoder_gate_abutment_matrix/_pair_trials/PAIR__PNAND2_MY__PNAND2_R0__g0p07.gds,b955a9026dc2018bd95e9a4b7b342dcfc80a784a699228ecebcb6a5a1002d408,outputs/PROJECT_decoder_gate_abutment_matrix/_pair_trials/PAIR__PNAND2_MY__PNAND2_R0__g0p07_drc/PAIR__PNAND2_MY__PNAND2_R0__g0p07.lyrdb
PNAND2,MY,PNAND2,R0,0.14,True,0,False,True,False,True,,outputs/PROJECT_decoder_gate_abutment_matrix/_pair_trials/PAIR__PNAND2_MY__PNAND2_R0__g0p14.gds,e0688bc4a37cb3278b9901aefd1f6ee53a1bab954e4ae219308e5579fb6201ba,outputs/PROJECT_decoder_gate_abutment_matrix/_pair_trials/PAIR__PNAND2_MY__PNAND2_R0__g0p14_drc/PAIR__PNAND2_MY__PNAND2_R0__g0p14.lyrdb
PNAND2,MY,PNAND2,R180,0.0,True,0,False,True,False,True,,outputs/PROJECT_decoder_gate_abutment_matrix/_pair_trials/PAIR__PNAND2_MY__PNAND2_R180__g0p0.gds,afadda4b5ecd2b2f9085c7ca4fd6dac76e45a8eb170b1d3f18a09c8e0bddb666,outputs/PROJECT_decoder_gate_abutment_matrix/_pair_trials/PAIR__PNAND2_MY__PNAND2_R180__g0p0_drc/PAIR__PNAND2_MY__PNAND2_R180__g0p0.lyrdb
PNAND2,MY,PNAND2,R180,0.0025,True,1,False,True,True,False,drc_marker_count=1,outputs/PROJECT_decoder_gate_abutment_matrix/_pair_trials/PAIR__PNAND2_MY__PNAND2_R180__g0p0025.gds,1f646dae17ca1b155bf8a8e4ca2f0b3ab3449c76fdd66cdabf306b225be2b507,outputs/PROJECT_decoder_gate_abutment_matrix/_pair_trials/PAIR__PNAND2_MY__PNAND2_R180__g0p0025_drc/PAIR__PNAND2_MY__PNAND2_R180__g0p0025.lyrdb
PNAND2,MY,PNAND2,R180,0.07,True,1,False,True,True,False,drc_marker_count=1,outputs/PROJECT_decoder_gate_abutment_matrix/_pair_trials/PAIR__PNAND2_MY__PNAND2_R180__g0p07.gds,175837a650480954036877a6702afaab2c12170d0cf88d5fffc8b304a16f8f62,outputs/PROJECT_decoder_gate_abutment_matrix/_pair_trials/PAIR__PNAND2_MY__PNAND2_R180__g0p07_drc/PAIR__PNAND2_MY__PNAND2_R180__g0p07.lyrdb
PNAND2,MY,PNAND2,R180,0.14,True,1,False,True,True,False,drc_marker_count=1,outputs/PROJECT_decoder_gate_abutment_matrix/_pair_trials/PAIR__PNAND2_MY__PNAND2_R180__g0p14.gds,92f67fd47f2be884a5e2a35656a19c3daf3d6caded2e4bfdada02e39c6683545,outputs/PROJECT_decoder_gate_abutment_matrix/_pair_trials/PAIR__PNAND2_MY__PNAND2_R180__g0p14_drc/PAIR__PNAND2_MY__PNAND2_R180__g0p14.lyrdb
PNAND2,MY,PNAND2,MX,0.0,False,0,False,False,False,True,,outputs/PROJECT_decoder_gate_abutment_matrix/_pair_trials/PAIR__PNAND2_MY__PNAND2_MX__g0p0.gds,30cc2c4f905e38b11bb4cd6f14b2154fe7387361c826122685c86b7c229e4a40,outputs/PROJECT_decoder_gate_abutment_matrix/_pair_trials/PAIR__PNAND2_MY__PNAND2_MX__g0p0_drc/PAIR__PNAND2_MY__PNAND2_MX__g0p0.lyrdb
PNAND2,MY,PNAND2,MX,0.0025,False,0,False,False,False,True,,outputs/PROJECT_decoder_gate_abutment_matrix/_pair_trials/PAIR__PNAND2_MY__PNAND2_MX__g0p0025.gds,ff16187e1f10896e7201dcbfdd56a87a45bbaf458538abdfc5eb358478c41796,outputs/PROJECT_decoder_gate_abutment_matrix/_pair_trials/PAIR__PNAND2_MY__PNAND2_MX__g0p0025_drc/PAIR__PNAND2_MY__PNAND2_MX__g0p0025.lyrdb
PNAND2,MY,PNAND2,MX,0.07,False,0,False,False,False,True,,outputs/PROJECT_decoder_gate_abutment_matrix/_pair_trials/PAIR__PNAND2_MY__PNAND2_MX__g0p07.gds,5d35b6796d676161ca292b021f1ff7a4a088293843b37a51ecd02c97b02f7c9a,outputs/PROJECT_decoder_gate_abutment_matrix/_pair_trials/PAIR__PNAND2_MY__PNAND2_MX__g0p07_drc/PAIR__PNAND2_MY__PNAND2_MX__g0p07.lyrdb
PNAND2,MY,PNAND2,MX,0.14,False,0,False,False,False,True,,outputs/PROJECT_decoder_gate_abutment_matrix/_pair_trials/PAIR__PNAND2_MY__PNAND2_MX__g0p14.gds,20d878e51dbae7cd9944f4af12f4054889ab0ba2ee83b887ac55db9b4b991a2d,outputs/PROJECT_decoder_gate_abutment_matrix/_pair_trials/PAIR__PNAND2_MY__PNAND2_MX__g0p14_drc/PAIR__PNAND2_MY__PNAND2_MX__g0p14.lyrdb
PNAND2,MY,PNAND2,MY,0.0,True,0,False,True,False,True,,outputs/PROJECT_decoder_gate_abutment_matrix/_pair_trials/PAIR__PNAND2_MY__PNAND2_MY__g0p0.gds,89cc9483c904fab9fab558a4090d2bce12dc93170381362e024cce4f6326d932,outputs/PROJECT_decoder_gate_abutment_matrix/_pair_trials/PAIR__PNAND2_MY__PNAND2_MY__g0p0_drc/PAIR__PNAND2_MY__PNAND2_MY__g0p0.lyrdb
PNAND2,MY,PNAND2,MY,0.0025,True,1,False,True,True,False,drc_marker_count=1,outputs/PROJECT_decoder_gate_abutment_matrix/_pair_trials/PAIR__PNAND2_MY__PNAND2_MY__g0p0025.gds,cf959f8179770ac58d2a87e3b04a1892871c47a3ada03d3af4390822d172457f,outputs/PROJECT_decoder_gate_abutment_matrix/_pair_trials/PAIR__PNAND2_MY__PNAND2_MY__g0p0025_drc/PAIR__PNAND2_MY__PNAND2_MY__g0p0025.lyrdb
PNAND2,MY,PNAND2,MY,0.07,True,1,False,True,True,False,drc_marker_count=1,outputs/PROJECT_decoder_gate_abutment_matrix/_pair_trials/PAIR__PNAND2_MY__PNAND2_MY__g0p07.gds,7bfceb2349b1e515b4bbd3d81518227e9ee48912483926d3be24dbae57f458a2,outputs/PROJECT_decoder_gate_abutment_matrix/_pair_trials/PAIR__PNAND2_MY__PNAND2_MY__g0p07_drc/PAIR__PNAND2_MY__PNAND2_MY__g0p07.lyrdb
PNAND2,MY,PNAND2,MY,0.14,True,1,False,True,True,False,drc_marker_count=1,outputs/PROJECT_decoder_gate_abutment_matrix/_pair_trials/PAIR__PNAND2_MY__PNAND2_MY__g0p14.gds,c447bb742d98f35cab60c66617508db673b5a7c13bd0f13881116c7a188d1bc6,outputs/PROJECT_decoder_gate_abutment_matrix/_pair_trials/PAIR__PNAND2_MY__PNAND2_MY__g0p14_drc/PAIR__PNAND2_MY__PNAND2_MY__g0p14.lyrdb
PNAND2,MY,PNAND3,R0,0.0,True,0,False,True,False,True,,outputs/PROJECT_decoder_gate_abutment_matrix/_pair_trials/PAIR__PNAND2_MY__PNAND3_R0__g0p0.gds,e0df055a2a0432b55782644996d40d9ef5e6531d9ee135bceb43ec5cbad08bfb,outputs/PROJECT_decoder_gate_abutment_matrix/_pair_trials/PAIR__PNAND2_MY__PNAND3_R0__g0p0_drc/PAIR__PNAND2_MY__PNAND3_R0__g0p0.lyrdb
PNAND2,MY,PNAND3,R0,0.0025,True,0,False,True,False,True,,outputs/PROJECT_decoder_gate_abutment_matrix/_pair_trials/PAIR__PNAND2_MY__PNAND3_R0__g0p0025.gds,0c5b4fa6956dfd7ace72b3f173b7a10d122d6af0051a0c9f407ecfc4a00763e1,outputs/PROJECT_decoder_gate_abutment_matrix/_pair_trials/PAIR__PNAND2_MY__PNAND3_R0__g0p0025_drc/PAIR__PNAND2_MY__PNAND3_R0__g0p0025.lyrdb
PNAND2,MY,PNAND3,R0,0.07,True,0,False,True,False,True,,outputs/PROJECT_decoder_gate_abutment_matrix/_pair_trials/PAIR__PNAND2_MY__PNAND3_R0__g0p07.gds,5e6d9abfba514063b4796da62c2fc521c34b7ad9a9669afb7e81b08ecc5dc973,outputs/PROJECT_decoder_gate_abutment_matrix/_pair_trials/PAIR__PNAND2_MY__PNAND3_R0__g0p07_drc/PAIR__PNAND2_MY__PNAND3_R0__g0p07.lyrdb
PNAND2,MY,PNAND3,R0,0.14,True,0,False,True,False,True,,outputs/PROJECT_decoder_gate_abutment_matrix/_pair_trials/PAIR__PNAND2_MY__PNAND3_R0__g0p14.gds,0f703652ac1036ba704c4df68a382f9f4b6dabf92d51ce8039b0594c44e27d7d,outputs/PROJECT_decoder_gate_abutment_matrix/_pair_trials/PAIR__PNAND2_MY__PNAND3_R0__g0p14_drc/PAIR__PNAND2_MY__PNAND3_R0__g0p14.lyrdb
PNAND2,MY,PNAND3,R180,0.0,True,0,False,True,False,True,,outputs/PROJECT_decoder_gate_abutment_matrix/_pair_trials/PAIR__PNAND2_MY__PNAND3_R180__g0p0.gds,a6f2acd309e2c9835a60636c30a50ae0e99cfbbc77423d8dbcde60e89ce1d8f6,outputs/PROJECT_decoder_gate_abutment_matrix/_pair_trials/PAIR__PNAND2_MY__PNAND3_R180__g0p0_drc/PAIR__PNAND2_MY__PNAND3_R180__g0p0.lyrdb
PNAND2,MY,PNAND3,R180,0.0025,True,0,False,True,False,True,,outputs/PROJECT_decoder_gate_abutment_matrix/_pair_trials/PAIR__PNAND2_MY__PNAND3_R180__g0p0025.gds,732e87cdfe2040eeece19ea248664d241714f9bd082607ea418c5006deb9046a,outputs/PROJECT_decoder_gate_abutment_matrix/_pair_trials/PAIR__PNAND2_MY__PNAND3_R180__g0p0025_drc/PAIR__PNAND2_MY__PNAND3_R180__g0p0025.lyrdb
PNAND2,MY,PNAND3,R180,0.07,True,0,False,True,False,True,,outputs/PROJECT_decoder_gate_abutment_matrix/_pair_trials/PAIR__PNAND2_MY__PNAND3_R180__g0p07.gds,eca58b6f2ac969d102d1b03ce71e5b4f53e7fd6404b46f626c382ec70912ba95,outputs/PROJECT_decoder_gate_abutment_matrix/_pair_trials/PAIR__PNAND2_MY__PNAND3_R180__g0p07_drc/PAIR__PNAND2_MY__PNAND3_R180__g0p07.lyrdb
PNAND2,MY,PNAND3,R180,0.14,True,0,False,True,False,True,,outputs/PROJECT_decoder_gate_abutment_matrix/_pair_trials/PAIR__PNAND2_MY__PNAND3_R180__g0p14.gds,f6f2ac8d064db7ceb60f8c1f505f63f4576063a433fe7e27f65ff64192b1595e,outputs/PROJECT_decoder_gate_abutment_matrix/_pair_trials/PAIR__PNAND2_MY__PNAND3_R180__g0p14_drc/PAIR__PNAND2_MY__PNAND3_R180__g0p14.lyrdb
PNAND2,MY,PNAND3,MX,0.0,False,0,False,False,False,True,,outputs/PROJECT_decoder_gate_abutment_matrix/_pair_trials/PAIR__PNAND2_MY__PNAND3_MX__g0p0.gds,e83de8141a898d44334090cb5fb6515a088c6af632ea57fb52f9249f985dd51a,outputs/PROJECT_decoder_gate_abutment_matrix/_pair_trials/PAIR__PNAND2_MY__PNAND3_MX__g0p0_drc/PAIR__PNAND2_MY__PNAND3_MX__g0p0.lyrdb
PNAND2,MY,PNAND3,MX,0.0025,False,0,False,False,False,True,,outputs/PROJECT_decoder_gate_abutment_matrix/_pair_trials/PAIR__PNAND2_MY__PNAND3_MX__g0p0025.gds,bfff7c531b7419ecc72d2ae5bcbdf37f9cdf5b3775c66808f13d7a4e31eaadbe,outputs/PROJECT_decoder_gate_abutment_matrix/_pair_trials/PAIR__PNAND2_MY__PNAND3_MX__g0p0025_drc/PAIR__PNAND2_MY__PNAND3_MX__g0p0025.lyrdb
PNAND2,MY,PNAND3,MX,0.07,False,0,False,False,False,True,,outputs/PROJECT_decoder_gate_abutment_matrix/_pair_trials/PAIR__PNAND2_MY__PNAND3_MX__g0p07.gds,e27f35a2ec8539417663351f01232ce7b745be402c7b8d40c4df5dc45de6a593,outputs/PROJECT_decoder_gate_abutment_matrix/_pair_trials/PAIR__PNAND2_MY__PNAND3_MX__g0p07_drc/PAIR__PNAND2_MY__PNAND3_MX__g0p07.lyrdb
PNAND2,MY,PNAND3,MX,0.14,False,0,False,False,False,True,,outputs/PROJECT_decoder_gate_abutment_matrix/_pair_trials/PAIR__PNAND2_MY__PNAND3_MX__g0p14.gds,5e77f0eb1f0ca8e9d3aa7df141cd32459c230c5f6a493becda27f54c2acf1071,outputs/PROJECT_decoder_gate_abutment_matrix/_pair_trials/PAIR__PNAND2_MY__PNAND3_MX__g0p14_drc/PAIR__PNAND2_MY__PNAND3_MX__g0p14.lyrdb
PNAND2,MY,PNAND3,MY,0.0,True,17,False,True,True,False,drc_marker_count=17,outputs/PROJECT_decoder_gate_abutment_matrix/_pair_trials/PAIR__PNAND2_MY__PNAND3_MY__g0p0.gds,dc328fa9588471d29b678dd3328202b55866a2b79dda834c38244dc14ea60372,outputs/PROJECT_decoder_gate_abutment_matrix/_pair_trials/PAIR__PNAND2_MY__PNAND3_MY__g0p0_drc/PAIR__PNAND2_MY__PNAND3_MY__g0p0.lyrdb
PNAND2,MY,PNAND3,MY,0.0025,True,17,False,True,True,False,drc_marker_count=17,outputs/PROJECT_decoder_gate_abutment_matrix/_pair_trials/PAIR__PNAND2_MY__PNAND3_MY__g0p0025.gds,ed94d07ee87ff33c57bd12c45baacc195dd5c1c7fd2c602fa4746504a9a2b34c,outputs/PROJECT_decoder_gate_abutment_matrix/_pair_trials/PAIR__PNAND2_MY__PNAND3_MY__g0p0025_drc/PAIR__PNAND2_MY__PNAND3_MY__g0p0025.lyrdb
PNAND2,MY,PNAND3,MY,0.07,True,8,False,True,True,False,drc_marker_count=8,outputs/PROJECT_decoder_gate_abutment_matrix/_pair_trials/PAIR__PNAND2_MY__PNAND3_MY__g0p07.gds,c9b54852cf1f65fbfec9fd842588b5152cd6176c2f588530bc0a483c696e1af9,outputs/PROJECT_decoder_gate_abutment_matrix/_pair_trials/PAIR__PNAND2_MY__PNAND3_MY__g0p07_drc/PAIR__PNAND2_MY__PNAND3_MY__g0p07.lyrdb
PNAND2,MY,PNAND3,MY,0.14,True,0,False,True,False,True,,outputs/PROJECT_decoder_gate_abutment_matrix/_pair_trials/PAIR__PNAND2_MY__PNAND3_MY__g0p14.gds,e848b66fc44c4a4241e279772abd3fb81838904327e053eafa0acf8a0f04e938,outputs/PROJECT_decoder_gate_abutment_matrix/_pair_trials/PAIR__PNAND2_MY__PNAND3_MY__g0p14_drc/PAIR__PNAND2_MY__PNAND3_MY__g0p14.lyrdb
PNAND2,MY,AND2,R0,0.0,True,0,False,True,False,True,,outputs/PROJECT_decoder_gate_abutment_matrix/_pair_trials/PAIR__PNAND2_MY__AND2_R0__g0p0.gds,b1db51528c2e828bcab3785645cd2a711f6a771c1ba80cfa21831267d8aaaeda,outputs/PROJECT_decoder_gate_abutment_matrix/_pair_trials/PAIR__PNAND2_MY__AND2_R0__g0p0_drc/PAIR__PNAND2_MY__AND2_R0__g0p0.lyrdb
PNAND2,MY,AND2,R0,0.0025,True,0,False,True,False,True,,outputs/PROJECT_decoder_gate_abutment_matrix/_pair_trials/PAIR__PNAND2_MY__AND2_R0__g0p0025.gds,ba3551ef6f14ecb38c31418efc74ae4dfca2adb9dca47ad83620b5007d84db7a,outputs/PROJECT_decoder_gate_abutment_matrix/_pair_trials/PAIR__PNAND2_MY__AND2_R0__g0p0025_drc/PAIR__PNAND2_MY__AND2_R0__g0p0025.lyrdb
PNAND2,MY,AND2,R0,0.07,True,0,False,True,False,True,,outputs/PROJECT_decoder_gate_abutment_matrix/_pair_trials/PAIR__PNAND2_MY__AND2_R0__g0p07.gds,e5702da8019996c94381beda0c5dd9eab72085fb3c10b7bbb79e81d3003b81c5,outputs/PROJECT_decoder_gate_abutment_matrix/_pair_trials/PAIR__PNAND2_MY__AND2_R0__g0p07_drc/PAIR__PNAND2_MY__AND2_R0__g0p07.lyrdb
PNAND2,MY,AND2,R0,0.14,True,0,False,True,False,True,,outputs/PROJECT_decoder_gate_abutment_matrix/_pair_trials/PAIR__PNAND2_MY__AND2_R0__g0p14.gds,1ab86ad5eb06c212be189693b2e603ad2b5b928b7344b114bc7d54a9b4a7aeab,outputs/PROJECT_decoder_gate_abutment_matrix/_pair_trials/PAIR__PNAND2_MY__AND2_R0__g0p14_drc/PAIR__PNAND2_MY__AND2_R0__g0p14.lyrdb
PNAND2,MY,AND2,R180,0.0,True,0,False,True,False,True,,outputs/PROJECT_decoder_gate_abutment_matrix/_pair_trials/PAIR__PNAND2_MY__AND2_R180__g0p0.gds,739cf1f7e547abb1258bab2f52a980f73646067451b8d991c4b06d2600f6157d,outputs/PROJECT_decoder_gate_abutment_matrix/_pair_trials/PAIR__PNAND2_MY__AND2_R180__g0p0_drc/PAIR__PNAND2_MY__AND2_R180__g0p0.lyrdb
PNAND2,MY,AND2,R180,0.0025,True,0,False,True,False,True,,outputs/PROJECT_decoder_gate_abutment_matrix/_pair_trials/PAIR__PNAND2_MY__AND2_R180__g0p0025.gds,1d963c0ceb54315f19115479c2bc4b3a868e27586e9ed1eccd9b9d6f3054fce2,outputs/PROJECT_decoder_gate_abutment_matrix/_pair_trials/PAIR__PNAND2_MY__AND2_R180__g0p0025_drc/PAIR__PNAND2_MY__AND2_R180__g0p0025.lyrdb
PNAND2,MY,AND2,R180,0.07,True,0,False,True,False,True,,outputs/PROJECT_decoder_gate_abutment_matrix/_pair_trials/PAIR__PNAND2_MY__AND2_R180__g0p07.gds,8062d0f6f0caf661b20a385014c6c7eeb55cf77b278a3c40033257674979dbdc,outputs/PROJECT_decoder_gate_abutment_matrix/_pair_trials/PAIR__PNAND2_MY__AND2_R180__g0p07_drc/PAIR__PNAND2_MY__AND2_R180__g0p07.lyrdb
PNAND2,MY,AND2,R180,0.14,True,0,False,True,False,True,,outputs/PROJECT_decoder_gate_abutment_matrix/_pair_trials/PAIR__PNAND2_MY__AND2_R180__g0p14.gds,783cbd6b2ecbdc7958fe594e8a44849c187197e1be29b41337da767bbd01ff5b,outputs/PROJECT_decoder_gate_abutment_matrix/_pair_trials/PAIR__PNAND2_MY__AND2_R180__g0p14_drc/PAIR__PNAND2_MY__AND2_R180__g0p14.lyrdb
PNAND2,MY,AND2,MX,0.0,False,0,False,False,False,True,,outputs/PROJECT_decoder_gate_abutment_matrix/_pair_trials/PAIR__PNAND2_MY__AND2_MX__g0p0.gds,e7295fda84030e42a5467551bea68039599a2707b05b20099923d2e494f1c56c,outputs/PROJECT_decoder_gate_abutment_matrix/_pair_trials/PAIR__PNAND2_MY__AND2_MX__g0p0_drc/PAIR__PNAND2_MY__AND2_MX__g0p0.lyrdb
PNAND2,MY,AND2,MX,0.0025,False,0,False,False,False,True,,outputs/PROJECT_decoder_gate_abutment_matrix/_pair_trials/PAIR__PNAND2_MY__AND2_MX__g0p0025.gds,0cf29121f90791e3ab37219fa1ac07ead44df4aabc2aa460daa9e343c318cf5f,outputs/PROJECT_decoder_gate_abutment_matrix/_pair_trials/PAIR__PNAND2_MY__AND2_MX__g0p0025_drc/PAIR__PNAND2_MY__AND2_MX__g0p0025.lyrdb
PNAND2,MY,AND2,MX,0.07,False,0,False,False,False,True,,outputs/PROJECT_decoder_gate_abutment_matrix/_pair_trials/PAIR__PNAND2_MY__AND2_MX__g0p07.gds,db136912cf2e3e11162544c10a51214f05f0399b433a362d1caafb046ea52ece,outputs/PROJECT_decoder_gate_abutment_matrix/_pair_trials/PAIR__PNAND2_MY__AND2_MX__g0p07_drc/PAIR__PNAND2_MY__AND2_MX__g0p07.lyrdb
PNAND2,MY,AND2,MX,0.14,False,0,False,False,False,True,,outputs/PROJECT_decoder_gate_abutment_matrix/_pair_trials/PAIR__PNAND2_MY__AND2_MX__g0p14.gds,06b575f54fcb2bb8cf1ae8dac6a486062e4a71d9ca4ef57900d1c5d4d643a579,outputs/PROJECT_decoder_gate_abutment_matrix/_pair_trials/PAIR__PNAND2_MY__AND2_MX__g0p14_drc/PAIR__PNAND2_MY__AND2_MX__g0p14.lyrdb
PNAND2,MY,AND2,MY,0.0,True,84,False,True,True,False,drc_marker_count=84,outputs/PROJECT_decoder_gate_abutment_matrix/_pair_trials/PAIR__PNAND2_MY__AND2_MY__g0p0.gds,31059593c91f9b425a38b56f23c9049109bfa29fdf618a01fa02a36ae6105726,outputs/PROJECT_decoder_gate_abutment_matrix/_pair_trials/PAIR__PNAND2_MY__AND2_MY__g0p0_drc/PAIR__PNAND2_MY__AND2_MY__g0p0.lyrdb
PNAND2,MY,AND2,MY,0.0025,True,86,False,True,True,False,drc_marker_count=86,outputs/PROJECT_decoder_gate_abutment_matrix/_pair_trials/PAIR__PNAND2_MY__AND2_MY__g0p0025.gds,9a9e8e85bc2ab3dbd09d8c2a870e718bca306820186dc05942ad3587d38d77a4,outputs/PROJECT_decoder_gate_abutment_matrix/_pair_trials/PAIR__PNAND2_MY__AND2_MY__g0p0025_drc/PAIR__PNAND2_MY__AND2_MY__g0p0025.lyrdb
PNAND2,MY,AND2,MY,0.07,True,25,False,True,True,False,drc_marker_count=25,outputs/PROJECT_decoder_gate_abutment_matrix/_pair_trials/PAIR__PNAND2_MY__AND2_MY__g0p07.gds,3a425d75ffb0780b91336634e41a1800b99dd9adb604c83daaf9a88f62bddfa1,outputs/PROJECT_decoder_gate_abutment_matrix/_pair_trials/PAIR__PNAND2_MY__AND2_MY__g0p07_drc/PAIR__PNAND2_MY__AND2_MY__g0p07.lyrdb
PNAND2,MY,AND2,MY,0.14,True,32,False,True,True,False,drc_marker_count=32,outputs/PROJECT_decoder_gate_abutment_matrix/_pair_trials/PAIR__PNAND2_MY__AND2_MY__g0p14.gds,7d2945a9fbf3985b8e1d6c00da09f7e7685b4d4c5d0722c46cc00dfffc0e3dec,outputs/PROJECT_decoder_gate_abutment_matrix/_pair_trials/PAIR__PNAND2_MY__AND2_MY__g0p14_drc/PAIR__PNAND2_MY__AND2_MY__g0p14.lyrdb
PNAND2,MY,AND3,R0,0.0,True,0,False,True,False,True,,outputs/PROJECT_decoder_gate_abutment_matrix/_pair_trials/PAIR__PNAND2_MY__AND3_R0__g0p0.gds,170b9f5f42c574797c53171150378dd8ab2b51d5c539d8e2554e662d84837e00,outputs/PROJECT_decoder_gate_abutment_matrix/_pair_trials/PAIR__PNAND2_MY__AND3_R0__g0p0_drc/PAIR__PNAND2_MY__AND3_R0__g0p0.lyrdb
PNAND2,MY,AND3,R0,0.0025,True,0,False,True,False,True,,outputs/PROJECT_decoder_gate_abutment_matrix/_pair_trials/PAIR__PNAND2_MY__AND3_R0__g0p0025.gds,ee362dba25bba23119198272518d5c6f71fea33e22d91279e5f755c6d5770e9d,outputs/PROJECT_decoder_gate_abutment_matrix/_pair_trials/PAIR__PNAND2_MY__AND3_R0__g0p0025_drc/PAIR__PNAND2_MY__AND3_R0__g0p0025.lyrdb
PNAND2,MY,AND3,R0,0.07,True,0,False,True,False,True,,outputs/PROJECT_decoder_gate_abutment_matrix/_pair_trials/PAIR__PNAND2_MY__AND3_R0__g0p07.gds,d0e997c23087c240064485bc051b805336fe94d23322fee50a85a43b9a362547,outputs/PROJECT_decoder_gate_abutment_matrix/_pair_trials/PAIR__PNAND2_MY__AND3_R0__g0p07_drc/PAIR__PNAND2_MY__AND3_R0__g0p07.lyrdb
PNAND2,MY,AND3,R0,0.14,True,0,False,True,False,True,,outputs/PROJECT_decoder_gate_abutment_matrix/_pair_trials/PAIR__PNAND2_MY__AND3_R0__g0p14.gds,1590735cc12351d38ddc88c0c615734d4a514492d7c4ea83b29ee7423f7ebe0b,outputs/PROJECT_decoder_gate_abutment_matrix/_pair_trials/PAIR__PNAND2_MY__AND3_R0__g0p14_drc/PAIR__PNAND2_MY__AND3_R0__g0p14.lyrdb
PNAND2,MY,AND3,R180,0.0,True,0,False,True,False,True,,outputs/PROJECT_decoder_gate_abutment_matrix/_pair_trials/PAIR__PNAND2_MY__AND3_R180__g0p0.gds,5b367f021aed062159f620c2f45a9bad70ed289c303cf5efd766e4a4ba0ba19b,outputs/PROJECT_decoder_gate_abutment_matrix/_pair_trials/PAIR__PNAND2_MY__AND3_R180__g0p0_drc/PAIR__PNAND2_MY__AND3_R180__g0p0.lyrdb
PNAND2,MY,AND3,R180,0.0025,True,0,False,True,False,True,,outputs/PROJECT_decoder_gate_abutment_matrix/_pair_trials/PAIR__PNAND2_MY__AND3_R180__g0p0025.gds,9d3ae378ac6d84a0a8fcf3342f03af15ea3adb224128f72bbc26b086b17e01af,outputs/PROJECT_decoder_gate_abutment_matrix/_pair_trials/PAIR__PNAND2_MY__AND3_R180__g0p0025_drc/PAIR__PNAND2_MY__AND3_R180__g0p0025.lyrdb
PNAND2,MY,AND3,R180,0.07,True,0,False,True,False,True,,outputs/PROJECT_decoder_gate_abutment_matrix/_pair_trials/PAIR__PNAND2_MY__AND3_R180__g0p07.gds,fd77d87daa9d1f5a5e37133e849b5f020dc724ac1646fa624ada2dda9fe97a08,outputs/PROJECT_decoder_gate_abutment_matrix/_pair_trials/PAIR__PNAND2_MY__AND3_R180__g0p07_drc/PAIR__PNAND2_MY__AND3_R180__g0p07.lyrdb
PNAND2,MY,AND3,R180,0.14,True,0,False,True,False,True,,outputs/PROJECT_decoder_gate_abutment_matrix/_pair_trials/PAIR__PNAND2_MY__AND3_R180__g0p14.gds,bb8b10b31892d05ef3f4567cff924b858fbb598e5cbe35cf5e745ffa96d0f2b2,outputs/PROJECT_decoder_gate_abutment_matrix/_pair_trials/PAIR__PNAND2_MY__AND3_R180__g0p14_drc/PAIR__PNAND2_MY__AND3_R180__g0p14.lyrdb
PNAND2,MY,AND3,MX,0.0,False,0,False,False,False,True,,outputs/PROJECT_decoder_gate_abutment_matrix/_pair_trials/PAIR__PNAND2_MY__AND3_MX__g0p0.gds,716ecf0893a35de7d17adc1f5a0db14def308f32633f05c32e180236900afd97,outputs/PROJECT_decoder_gate_abutment_matrix/_pair_trials/PAIR__PNAND2_MY__AND3_MX__g0p0_drc/PAIR__PNAND2_MY__AND3_MX__g0p0.lyrdb
PNAND2,MY,AND3,MX,0.0025,False,0,False,False,False,True,,outputs/PROJECT_decoder_gate_abutment_matrix/_pair_trials/PAIR__PNAND2_MY__AND3_MX__g0p0025.gds,8280ac3ff61c6b6e2a5f8b1877812562e6efba4898ec9efbe5bbd19e0cbdf72a,outputs/PROJECT_decoder_gate_abutment_matrix/_pair_trials/PAIR__PNAND2_MY__AND3_MX__g0p0025_drc/PAIR__PNAND2_MY__AND3_MX__g0p0025.lyrdb
PNAND2,MY,AND3,MX,0.07,False,0,False,False,False,True,,outputs/PROJECT_decoder_gate_abutment_matrix/_pair_trials/PAIR__PNAND2_MY__AND3_MX__g0p07.gds,ea7fe57e879ce21f431be907ea37d105523028c556b564fc0b749f2b865f7bef,outputs/PROJECT_decoder_gate_abutment_matrix/_pair_trials/PAIR__PNAND2_MY__AND3_MX__g0p07_drc/PAIR__PNAND2_MY__AND3_MX__g0p07.lyrdb
PNAND2,MY,AND3,MX,0.14,False,0,False,False,False,True,,outputs/PROJECT_decoder_gate_abutment_matrix/_pair_trials/PAIR__PNAND2_MY__AND3_MX__g0p14.gds,24a28b0c2993b0fbabff159f1c1d243cd6933f2cb61181ab235dc2e6ca407adb,outputs/PROJECT_decoder_gate_abutment_matrix/_pair_trials/PAIR__PNAND2_MY__AND3_MX__g0p14_drc/PAIR__PNAND2_MY__AND3_MX__g0p14.lyrdb
PNAND2,MY,AND3,MY,0.0,True,41,False,True,True,False,drc_marker_count=41,outputs/PROJECT_decoder_gate_abutment_matrix/_pair_trials/PAIR__PNAND2_MY__AND3_MY__g0p0.gds,e74c87dd06fccf3be1f2ded8a4df99e081bb1f64c6b8d6fac227309aeb5f55af,outputs/PROJECT_decoder_gate_abutment_matrix/_pair_trials/PAIR__PNAND2_MY__AND3_MY__g0p0_drc/PAIR__PNAND2_MY__AND3_MY__g0p0.lyrdb
PNAND2,MY,AND3,MY,0.0025,True,38,False,True,True,False,drc_marker_count=38,outputs/PROJECT_decoder_gate_abutment_matrix/_pair_trials/PAIR__PNAND2_MY__AND3_MY__g0p0025.gds,f59fbe457f3a2ab27dea1aee22c79473da46e21ffee6fb0c67a4333cc836ce65,outputs/PROJECT_decoder_gate_abutment_matrix/_pair_trials/PAIR__PNAND2_MY__AND3_MY__g0p0025_drc/PAIR__PNAND2_MY__AND3_MY__g0p0025.lyrdb
PNAND2,MY,AND3,MY,0.07,True,31,False,True,True,False,drc_marker_count=31,outputs/PROJECT_decoder_gate_abutment_matrix/_pair_trials/PAIR__PNAND2_MY__AND3_MY__g0p07.gds,cd85bcfe1860da757adf01ecb427247343de2e69c09912cc88e097763582b2d3,outputs/PROJECT_decoder_gate_abutment_matrix/_pair_trials/PAIR__PNAND2_MY__AND3_MY__g0p07_drc/PAIR__PNAND2_MY__AND3_MY__g0p07.lyrdb
PNAND2,MY,AND3,MY,0.14,True,108,False,True,True,False,drc_marker_count=108,outputs/PROJECT_decoder_gate_abutment_matrix/_pair_trials/PAIR__PNAND2_MY__AND3_MY__g0p14.gds,a7a9941e3b91d574e6838f73ae592de91fdd550be8104bba31687e6d981960a9,outputs/PROJECT_decoder_gate_abutment_matrix/_pair_trials/PAIR__PNAND2_MY__AND3_MY__g0p14_drc/PAIR__PNAND2_MY__AND3_MY__g0p14.lyrdb
PNAND2,MY,WORDLINEDRIVER,R0,0.0,True,0,False,True,False,True,,outputs/PROJECT_decoder_gate_abutment_matrix/_pair_trials/PAIR__PNAND2_MY__WORDLINEDRIVER_R0__g0p0.gds,c411b3dcc661594b4a5c2fd57168560c310bf16033d8be789c43652f900ff2ea,outputs/PROJECT_decoder_gate_abutment_matrix/_pair_trials/PAIR__PNAND2_MY__WORDLINEDRIVER_R0__g0p0_drc/PAIR__PNAND2_MY__WORDLINEDRIVER_R0__g0p0.lyrdb
PNAND2,MY,WORDLINEDRIVER,R0,0.0025,True,0,False,True,False,True,,outputs/PROJECT_decoder_gate_abutment_matrix/_pair_trials/PAIR__PNAND2_MY__WORDLINEDRIVER_R0__g0p0025.gds,3eb6454b672ce9fc2b56acf5677a225f22903c19033496825cf9b0cfc26c8dd5,outputs/PROJECT_decoder_gate_abutment_matrix/_pair_trials/PAIR__PNAND2_MY__WORDLINEDRIVER_R0__g0p0025_drc/PAIR__PNAND2_MY__WORDLINEDRIVER_R0__g0p0025.lyrdb
PNAND2,MY,WORDLINEDRIVER,R0,0.07,True,0,False,True,False,True,,outputs/PROJECT_decoder_gate_abutment_matrix/_pair_trials/PAIR__PNAND2_MY__WORDLINEDRIVER_R0__g0p07.gds,441fc5a0045e7423f0d58fce47a509fd89e33165ec5e865fdc1defb289ca73e6,outputs/PROJECT_decoder_gate_abutment_matrix/_pair_trials/PAIR__PNAND2_MY__WORDLINEDRIVER_R0__g0p07_drc/PAIR__PNAND2_MY__WORDLINEDRIVER_R0__g0p07.lyrdb
PNAND2,MY,WORDLINEDRIVER,R0,0.14,True,0,False,True,False,True,,outputs/PROJECT_decoder_gate_abutment_matrix/_pair_trials/PAIR__PNAND2_MY__WORDLINEDRIVER_R0__g0p14.gds,570e80862bb0175cd76208edb1d373c19f2a069bd05ce03a55d1792a52c5e552,outputs/PROJECT_decoder_gate_abutment_matrix/_pair_trials/PAIR__PNAND2_MY__WORDLINEDRIVER_R0__g0p14_drc/PAIR__PNAND2_MY__WORDLINEDRIVER_R0__g0p14.lyrdb
PNAND2,MY,WORDLINEDRIVER,R180,0.0,True,0,False,True,False,True,,outputs/PROJECT_decoder_gate_abutment_matrix/_pair_trials/PAIR__PNAND2_MY__WORDLINEDRIVER_R180__g0p0.gds,d66f22da4e818086fee5d9749f59cf1b588b616366135f04df66296566a2f1cf,outputs/PROJECT_decoder_gate_abutment_matrix/_pair_trials/PAIR__PNAND2_MY__WORDLINEDRIVER_R180__g0p0_drc/PAIR__PNAND2_MY__WORDLINEDRIVER_R180__g0p0.lyrdb
PNAND2,MY,WORDLINEDRIVER,R180,0.0025,True,0,False,True,False,True,,outputs/PROJECT_decoder_gate_abutment_matrix/_pair_trials/PAIR__PNAND2_MY__WORDLINEDRIVER_R180__g0p0025.gds,fcbf9b9bd181bdaaea43bf7b648d31d3733408c9c3f376ce489548122e5b5778,outputs/PROJECT_decoder_gate_abutment_matrix/_pair_trials/PAIR__PNAND2_MY__WORDLINEDRIVER_R180__g0p0025_drc/PAIR__PNAND2_MY__WORDLINEDRIVER_R180__g0p0025.lyrdb
PNAND2,MY,WORDLINEDRIVER,R180,0.07,True,0,False,True,False,True,,outputs/PROJECT_decoder_gate_abutment_matrix/_pair_trials/PAIR__PNAND2_MY__WORDLINEDRIVER_R180__g0p07.gds,fc8d15ab792bf66f9095d6c5978811c0c144b1ffc29563734af5c3e40054a258,outputs/PROJECT_decoder_gate_abutment_matrix/_pair_trials/PAIR__PNAND2_MY__WORDLINEDRIVER_R180__g0p07_drc/PAIR__PNAND2_MY__WORDLINEDRIVER_R180__g0p07.lyrdb
PNAND2,MY,WORDLINEDRIVER,R180,0.14,True,1,False,True,True,False,drc_marker_count=1,outputs/PROJECT_decoder_gate_abutment_matrix/_pair_trials/PAIR__PNAND2_MY__WORDLINEDRIVER_R180__g0p14.gds,e7386fd86e47be0078d4ecaec7c6481c2b3e06d03c6cbc1e8cceaf873f5604bf,outputs/PROJECT_decoder_gate_abutment_matrix/_pair_trials/PAIR__PNAND2_MY__WORDLINEDRIVER_R180__g0p14_drc/PAIR__PNAND2_MY__WORDLINEDRIVER_R180__g0p14.lyrdb
PNAND2,MY,WORDLINEDRIVER,MX,0.0,False,0,False,False,False,True,,outputs/PROJECT_decoder_gate_abutment_matrix/_pair_trials/PAIR__PNAND2_MY__WORDLINEDRIVER_MX__g0p0.gds,7e74e4e8b4312ee69c43ee8232f36ca526d113e1f1a46b8eddccf3c782fefec6,outputs/PROJECT_decoder_gate_abutment_matrix/_pair_trials/PAIR__PNAND2_MY__WORDLINEDRIVER_MX__g0p0_drc/PAIR__PNAND2_MY__WORDLINEDRIVER_MX__g0p0.lyrdb
PNAND2,MY,WORDLINEDRIVER,MX,0.0025,False,0,False,False,False,True,,outputs/PROJECT_decoder_gate_abutment_matrix/_pair_trials/PAIR__PNAND2_MY__WORDLINEDRIVER_MX__g0p0025.gds,e2a3ffdc2a8b066ab19ee964b59e4aa154bd9c9abe06c5f98fca32f971d41a77,outputs/PROJECT_decoder_gate_abutment_matrix/_pair_trials/PAIR__PNAND2_MY__WORDLINEDRIVER_MX__g0p0025_drc/PAIR__PNAND2_MY__WORDLINEDRIVER_MX__g0p0025.lyrdb
PNAND2,MY,WORDLINEDRIVER,MX,0.07,False,0,False,False,False,True,,outputs/PROJECT_decoder_gate_abutment_matrix/_pair_trials/PAIR__PNAND2_MY__WORDLINEDRIVER_MX__g0p07.gds,e4f72dc175fb16b594f22db09d85c4b8c8cad3ca471553a822c367df68e8cc44,outputs/PROJECT_decoder_gate_abutment_matrix/_pair_trials/PAIR__PNAND2_MY__WORDLINEDRIVER_MX__g0p07_drc/PAIR__PNAND2_MY__WORDLINEDRIVER_MX__g0p07.lyrdb
PNAND2,MY,WORDLINEDRIVER,MX,0.14,False,0,False,False,False,True,,outputs/PROJECT_decoder_gate_abutment_matrix/_pair_trials/PAIR__PNAND2_MY__WORDLINEDRIVER_MX__g0p14.gds,3c7380e260d2b7ac62d957682eb6fd022676f9cb0a5ff3cf145a107a081b7aa9,outputs/PROJECT_decoder_gate_abutment_matrix/_pair_trials/PAIR__PNAND2_MY__WORDLINEDRIVER_MX__g0p14_drc/PAIR__PNAND2_MY__WORDLINEDRIVER_MX__g0p14.lyrdb
PNAND2,MY,WORDLINEDRIVER,MY,0.0,True,28,False,True,True,False,drc_marker_count=28,outputs/PROJECT_decoder_gate_abutment_matrix/_pair_trials/PAIR__PNAND2_MY__WORDLINEDRIVER_MY__g0p0.gds,ed10a386d9af46ddb447708eac73eb5b0ff1fb4d057c9893f01690f6df545b73,outputs/PROJECT_decoder_gate_abutment_matrix/_pair_trials/PAIR__PNAND2_MY__WORDLINEDRIVER_MY__g0p0_drc/PAIR__PNAND2_MY__WORDLINEDRIVER_MY__g0p0.lyrdb
PNAND2,MY,WORDLINEDRIVER,MY,0.0025,True,28,False,True,True,False,drc_marker_count=28,outputs/PROJECT_decoder_gate_abutment_matrix/_pair_trials/PAIR__PNAND2_MY__WORDLINEDRIVER_MY__g0p0025.gds,95340b62a90265279aaa961c90fab5a95ee3c57a2717d4b4a214bed1058041e7,outputs/PROJECT_decoder_gate_abutment_matrix/_pair_trials/PAIR__PNAND2_MY__WORDLINEDRIVER_MY__g0p0025_drc/PAIR__PNAND2_MY__WORDLINEDRIVER_MY__g0p0025.lyrdb
PNAND2,MY,WORDLINEDRIVER,MY,0.07,True,26,False,True,True,False,drc_marker_count=26,outputs/PROJECT_decoder_gate_abutment_matrix/_pair_trials/PAIR__PNAND2_MY__WORDLINEDRIVER_MY__g0p07.gds,107406114d9bb41ea7612d587a0da42cf06bfdeea0e41d4328888dd77c8bb440,outputs/PROJECT_decoder_gate_abutment_matrix/_pair_trials/PAIR__PNAND2_MY__WORDLINEDRIVER_MY__g0p07_drc/PAIR__PNAND2_MY__WORDLINEDRIVER_MY__g0p07.lyrdb
PNAND2,MY,WORDLINEDRIVER,MY,0.14,True,70,False,True,True,False,drc_marker_count=70,outputs/PROJECT_decoder_gate_abutment_matrix/_pair_trials/PAIR__PNAND2_MY__WORDLINEDRIVER_MY__g0p14.gds,2ecd81d8403e4fb1fcf4fd2e928b389e5b519f01ae5a1fa10f1ee5fbb28748b8,outputs/PROJECT_decoder_gate_abutment_matrix/_pair_trials/PAIR__PNAND2_MY__WORDLINEDRIVER_MY__g0p14_drc/PAIR__PNAND2_MY__WORDLINEDRIVER_MY__g0p14.lyrdb
PNAND3,R0,PINV,R0,0.0,True,0,False,True,False,True,,outputs/PROJECT_decoder_gate_abutment_matrix/_pair_trials/PAIR__PNAND3_R0__PINV_R0__g0p0.gds,6b1efa9a2397abb0b25334aa5fb6ec5da9b24354066ec849a095020806c02e13,outputs/PROJECT_decoder_gate_abutment_matrix/_pair_trials/PAIR__PNAND3_R0__PINV_R0__g0p0_drc/PAIR__PNAND3_R0__PINV_R0__g0p0.lyrdb
PNAND3,R0,PINV,R0,0.0025,True,1,False,True,True,False,drc_marker_count=1,outputs/PROJECT_decoder_gate_abutment_matrix/_pair_trials/PAIR__PNAND3_R0__PINV_R0__g0p0025.gds,dfc6bbf63ce6c2f4f9d7480c0e3ed380f15830dcf03aeddb4d3331723d8f880c,outputs/PROJECT_decoder_gate_abutment_matrix/_pair_trials/PAIR__PNAND3_R0__PINV_R0__g0p0025_drc/PAIR__PNAND3_R0__PINV_R0__g0p0025.lyrdb
PNAND3,R0,PINV,R0,0.07,True,1,False,True,True,False,drc_marker_count=1,outputs/PROJECT_decoder_gate_abutment_matrix/_pair_trials/PAIR__PNAND3_R0__PINV_R0__g0p07.gds,ab750210518380517c6c849c0cc4331e61c6e13c96afa8a6e99464614cde8650,outputs/PROJECT_decoder_gate_abutment_matrix/_pair_trials/PAIR__PNAND3_R0__PINV_R0__g0p07_drc/PAIR__PNAND3_R0__PINV_R0__g0p07.lyrdb
PNAND3,R0,PINV,R0,0.14,True,1,False,True,True,False,drc_marker_count=1,outputs/PROJECT_decoder_gate_abutment_matrix/_pair_trials/PAIR__PNAND3_R0__PINV_R0__g0p14.gds,d9631571bd238b23a6761716b1add23f81ac8c585ca4f8ca34ba7ad98dc6c21e,outputs/PROJECT_decoder_gate_abutment_matrix/_pair_trials/PAIR__PNAND3_R0__PINV_R0__g0p14_drc/PAIR__PNAND3_R0__PINV_R0__g0p14.lyrdb
PNAND3,R0,PINV,R180,0.0,True,0,False,True,False,True,,outputs/PROJECT_decoder_gate_abutment_matrix/_pair_trials/PAIR__PNAND3_R0__PINV_R180__g0p0.gds,fdf5c27c9e26f7e4faca868afb9b7664d6f1536369f5547c55d08d56971a9f0f,outputs/PROJECT_decoder_gate_abutment_matrix/_pair_trials/PAIR__PNAND3_R0__PINV_R180__g0p0_drc/PAIR__PNAND3_R0__PINV_R180__g0p0.lyrdb
PNAND3,R0,PINV,R180,0.0025,True,0,False,True,False,True,,outputs/PROJECT_decoder_gate_abutment_matrix/_pair_trials/PAIR__PNAND3_R0__PINV_R180__g0p0025.gds,07682174b6aaff98752f9d8192be5ef52fe42f7b2568ddaeb7f8b53d8fffa46a,outputs/PROJECT_decoder_gate_abutment_matrix/_pair_trials/PAIR__PNAND3_R0__PINV_R180__g0p0025_drc/PAIR__PNAND3_R0__PINV_R180__g0p0025.lyrdb
PNAND3,R0,PINV,R180,0.07,True,0,False,True,False,True,,outputs/PROJECT_decoder_gate_abutment_matrix/_pair_trials/PAIR__PNAND3_R0__PINV_R180__g0p07.gds,dbdfcb8c17a78ad83341b719f5dfa79916c173d1a89ceb9003a1f9613fd11de4,outputs/PROJECT_decoder_gate_abutment_matrix/_pair_trials/PAIR__PNAND3_R0__PINV_R180__g0p07_drc/PAIR__PNAND3_R0__PINV_R180__g0p07.lyrdb
PNAND3,R0,PINV,R180,0.14,True,0,False,True,False,True,,outputs/PROJECT_decoder_gate_abutment_matrix/_pair_trials/PAIR__PNAND3_R0__PINV_R180__g0p14.gds,eae05c2ba1679d36e1799515b8a934e130e8a1bdddc447893463b116d9208db5,outputs/PROJECT_decoder_gate_abutment_matrix/_pair_trials/PAIR__PNAND3_R0__PINV_R180__g0p14_drc/PAIR__PNAND3_R0__PINV_R180__g0p14.lyrdb
PNAND3,R0,PINV,MX,0.0,False,0,False,False,False,True,,outputs/PROJECT_decoder_gate_abutment_matrix/_pair_trials/PAIR__PNAND3_R0__PINV_MX__g0p0.gds,362816f1e9f36146661d482de19ecd5b34e2492d09b9d71e624e1c37245359fb,outputs/PROJECT_decoder_gate_abutment_matrix/_pair_trials/PAIR__PNAND3_R0__PINV_MX__g0p0_drc/PAIR__PNAND3_R0__PINV_MX__g0p0.lyrdb
PNAND3,R0,PINV,MX,0.0025,False,1,False,False,True,False,drc_marker_count=1,outputs/PROJECT_decoder_gate_abutment_matrix/_pair_trials/PAIR__PNAND3_R0__PINV_MX__g0p0025.gds,2cd7b4544a8450e0095d9123d8fe29a88ee15f39f3c2f8c8fe5efc788827a1ae,outputs/PROJECT_decoder_gate_abutment_matrix/_pair_trials/PAIR__PNAND3_R0__PINV_MX__g0p0025_drc/PAIR__PNAND3_R0__PINV_MX__g0p0025.lyrdb
PNAND3,R0,PINV,MX,0.07,False,1,False,False,True,False,drc_marker_count=1,outputs/PROJECT_decoder_gate_abutment_matrix/_pair_trials/PAIR__PNAND3_R0__PINV_MX__g0p07.gds,262dc49c07f24939a80956a6017cd372f2a4b2c5d1bb0a8fdb3df822da17b2bc,outputs/PROJECT_decoder_gate_abutment_matrix/_pair_trials/PAIR__PNAND3_R0__PINV_MX__g0p07_drc/PAIR__PNAND3_R0__PINV_MX__g0p07.lyrdb
PNAND3,R0,PINV,MX,0.14,False,1,False,False,True,False,drc_marker_count=1,outputs/PROJECT_decoder_gate_abutment_matrix/_pair_trials/PAIR__PNAND3_R0__PINV_MX__g0p14.gds,e5661352972d724efb98a1816b6f8016cc0ab84896800924551dec0ba790b3d6,outputs/PROJECT_decoder_gate_abutment_matrix/_pair_trials/PAIR__PNAND3_R0__PINV_MX__g0p14_drc/PAIR__PNAND3_R0__PINV_MX__g0p14.lyrdb
PNAND3,R0,PINV,MY,0.0,True,32,False,True,True,False,drc_marker_count=32,outputs/PROJECT_decoder_gate_abutment_matrix/_pair_trials/PAIR__PNAND3_R0__PINV_MY__g0p0.gds,efb829a5964ebd910dfedb0f76b1a3e26ef20c898e65fdc949f21889898a2ab6,outputs/PROJECT_decoder_gate_abutment_matrix/_pair_trials/PAIR__PNAND3_R0__PINV_MY__g0p0_drc/PAIR__PNAND3_R0__PINV_MY__g0p0.lyrdb
PNAND3,R0,PINV,MY,0.0025,True,34,False,True,True,False,drc_marker_count=34,outputs/PROJECT_decoder_gate_abutment_matrix/_pair_trials/PAIR__PNAND3_R0__PINV_MY__g0p0025.gds,f74eb1b6abedfea1f995e24349cc4286e5fb1c014d31f048edda7f6d27f64b0f,outputs/PROJECT_decoder_gate_abutment_matrix/_pair_trials/PAIR__PNAND3_R0__PINV_MY__g0p0025_drc/PAIR__PNAND3_R0__PINV_MY__g0p0025.lyrdb
PNAND3,R0,PINV,MY,0.07,True,16,False,True,True,False,drc_marker_count=16,outputs/PROJECT_decoder_gate_abutment_matrix/_pair_trials/PAIR__PNAND3_R0__PINV_MY__g0p07.gds,399a6eb037319e86578345569de752d0341d0a6ecfebbe5b16c19c2ef5415432,outputs/PROJECT_decoder_gate_abutment_matrix/_pair_trials/PAIR__PNAND3_R0__PINV_MY__g0p07_drc/PAIR__PNAND3_R0__PINV_MY__g0p07.lyrdb
PNAND3,R0,PINV,MY,0.14,True,31,False,True,True,False,drc_marker_count=31,outputs/PROJECT_decoder_gate_abutment_matrix/_pair_trials/PAIR__PNAND3_R0__PINV_MY__g0p14.gds,644e8fc019c311c3dca1714ddf989ef9c345e7a140886960f9b9c65f4a3ae21b,outputs/PROJECT_decoder_gate_abutment_matrix/_pair_trials/PAIR__PNAND3_R0__PINV_MY__g0p14_drc/PAIR__PNAND3_R0__PINV_MY__g0p14.lyrdb
PNAND3,R0,PNAND2,R0,0.0,True,0,False,True,False,True,,outputs/PROJECT_decoder_gate_abutment_matrix/_pair_trials/PAIR__PNAND3_R0__PNAND2_R0__g0p0.gds,a40b60c6ab1ceb03454e1f8a9cab28201965bf9a4c8c1797ab3e7fb246847aa3,outputs/PROJECT_decoder_gate_abutment_matrix/_pair_trials/PAIR__PNAND3_R0__PNAND2_R0__g0p0_drc/PAIR__PNAND3_R0__PNAND2_R0__g0p0.lyrdb
PNAND3,R0,PNAND2,R0,0.0025,True,1,False,True,True,False,drc_marker_count=1,outputs/PROJECT_decoder_gate_abutment_matrix/_pair_trials/PAIR__PNAND3_R0__PNAND2_R0__g0p0025.gds,29770c5c008793a26e4fe923c2da375fa6f7b43835d307295f71ea0bfe09d079,outputs/PROJECT_decoder_gate_abutment_matrix/_pair_trials/PAIR__PNAND3_R0__PNAND2_R0__g0p0025_drc/PAIR__PNAND3_R0__PNAND2_R0__g0p0025.lyrdb
PNAND3,R0,PNAND2,R0,0.07,True,1,False,True,True,False,drc_marker_count=1,outputs/PROJECT_decoder_gate_abutment_matrix/_pair_trials/PAIR__PNAND3_R0__PNAND2_R0__g0p07.gds,5d6e8fbd1f6ccce4361ee3bb30f5d8e63450c5cc5063e32a75815ce32121159f,outputs/PROJECT_decoder_gate_abutment_matrix/_pair_trials/PAIR__PNAND3_R0__PNAND2_R0__g0p07_drc/PAIR__PNAND3_R0__PNAND2_R0__g0p07.lyrdb
PNAND3,R0,PNAND2,R0,0.14,True,1,False,True,True,False,drc_marker_count=1,outputs/PROJECT_decoder_gate_abutment_matrix/_pair_trials/PAIR__PNAND3_R0__PNAND2_R0__g0p14.gds,783b84509c01795383b55d669cb50cf25aaf9a2ede2d0b0469baaa1e3cf855a2,outputs/PROJECT_decoder_gate_abutment_matrix/_pair_trials/PAIR__PNAND3_R0__PNAND2_R0__g0p14_drc/PAIR__PNAND3_R0__PNAND2_R0__g0p14.lyrdb
PNAND3,R0,PNAND2,R180,0.0,True,0,False,True,False,True,,outputs/PROJECT_decoder_gate_abutment_matrix/_pair_trials/PAIR__PNAND3_R0__PNAND2_R180__g0p0.gds,b53917f7ef30d34a8b7ad232d27b46bf5d2face3b9f95020828929b28bfff114,outputs/PROJECT_decoder_gate_abutment_matrix/_pair_trials/PAIR__PNAND3_R0__PNAND2_R180__g0p0_drc/PAIR__PNAND3_R0__PNAND2_R180__g0p0.lyrdb
PNAND3,R0,PNAND2,R180,0.0025,True,0,False,True,False,True,,outputs/PROJECT_decoder_gate_abutment_matrix/_pair_trials/PAIR__PNAND3_R0__PNAND2_R180__g0p0025.gds,f3415d9c3f13d817d81a9d02dd1f9e608b9417404805fb00cd46313f3a8228a3,outputs/PROJECT_decoder_gate_abutment_matrix/_pair_trials/PAIR__PNAND3_R0__PNAND2_R180__g0p0025_drc/PAIR__PNAND3_R0__PNAND2_R180__g0p0025.lyrdb
PNAND3,R0,PNAND2,R180,0.07,True,0,False,True,False,True,,outputs/PROJECT_decoder_gate_abutment_matrix/_pair_trials/PAIR__PNAND3_R0__PNAND2_R180__g0p07.gds,c0133a9c41ba01ef058b0867cac4f9a5e3e8071b3db6eb70b361712957615a14,outputs/PROJECT_decoder_gate_abutment_matrix/_pair_trials/PAIR__PNAND3_R0__PNAND2_R180__g0p07_drc/PAIR__PNAND3_R0__PNAND2_R180__g0p07.lyrdb
PNAND3,R0,PNAND2,R180,0.14,True,0,False,True,False,True,,outputs/PROJECT_decoder_gate_abutment_matrix/_pair_trials/PAIR__PNAND3_R0__PNAND2_R180__g0p14.gds,9cca6654b9534a5646dc8cc6c6fe3d8b4cc77023cae5f517bc5ebb9497eb7aad,outputs/PROJECT_decoder_gate_abutment_matrix/_pair_trials/PAIR__PNAND3_R0__PNAND2_R180__g0p14_drc/PAIR__PNAND3_R0__PNAND2_R180__g0p14.lyrdb
PNAND3,R0,PNAND2,MX,0.0,False,0,False,False,False,True,,outputs/PROJECT_decoder_gate_abutment_matrix/_pair_trials/PAIR__PNAND3_R0__PNAND2_MX__g0p0.gds,f5c6d08285b1c823ccc09276e6b511346d15c5c69a2d3d804ef12c91b440f0d5,outputs/PROJECT_decoder_gate_abutment_matrix/_pair_trials/PAIR__PNAND3_R0__PNAND2_MX__g0p0_drc/PAIR__PNAND3_R0__PNAND2_MX__g0p0.lyrdb
PNAND3,R0,PNAND2,MX,0.0025,False,1,False,False,True,False,drc_marker_count=1,outputs/PROJECT_decoder_gate_abutment_matrix/_pair_trials/PAIR__PNAND3_R0__PNAND2_MX__g0p0025.gds,a2ebf1a99095647d5492596440f5bda54cc38bde9377e8e0080c1501af0077b3,outputs/PROJECT_decoder_gate_abutment_matrix/_pair_trials/PAIR__PNAND3_R0__PNAND2_MX__g0p0025_drc/PAIR__PNAND3_R0__PNAND2_MX__g0p0025.lyrdb
PNAND3,R0,PNAND2,MX,0.07,False,1,False,False,True,False,drc_marker_count=1,outputs/PROJECT_decoder_gate_abutment_matrix/_pair_trials/PAIR__PNAND3_R0__PNAND2_MX__g0p07.gds,20d95cf5ce1142f2c05360175946bdcdc5f293dd2f89ffc4ae4b6de59a9f0f72,outputs/PROJECT_decoder_gate_abutment_matrix/_pair_trials/PAIR__PNAND3_R0__PNAND2_MX__g0p07_drc/PAIR__PNAND3_R0__PNAND2_MX__g0p07.lyrdb
PNAND3,R0,PNAND2,MX,0.14,False,1,False,False,True,False,drc_marker_count=1,outputs/PROJECT_decoder_gate_abutment_matrix/_pair_trials/PAIR__PNAND3_R0__PNAND2_MX__g0p14.gds,a8e9de72053bc2ed9d91279905b14edacfb3e0f22fa6f54396d5a5150618e33d,outputs/PROJECT_decoder_gate_abutment_matrix/_pair_trials/PAIR__PNAND3_R0__PNAND2_MX__g0p14_drc/PAIR__PNAND3_R0__PNAND2_MX__g0p14.lyrdb
PNAND3,R0,PNAND2,MY,0.0,True,31,False,True,True,False,drc_marker_count=31,outputs/PROJECT_decoder_gate_abutment_matrix/_pair_trials/PAIR__PNAND3_R0__PNAND2_MY__g0p0.gds,08d4ec3ff865ff21a564f7ba209da8272e314f5f7c33f324aa0a065c07e34d41,outputs/PROJECT_decoder_gate_abutment_matrix/_pair_trials/PAIR__PNAND3_R0__PNAND2_MY__g0p0_drc/PAIR__PNAND3_R0__PNAND2_MY__g0p0.lyrdb
PNAND3,R0,PNAND2,MY,0.0025,True,37,False,True,True,False,drc_marker_count=37,outputs/PROJECT_decoder_gate_abutment_matrix/_pair_trials/PAIR__PNAND3_R0__PNAND2_MY__g0p0025.gds,84833b5661462b3491223800ce0094e9b8dad0e287b1e43b78992a8a35dc861b,outputs/PROJECT_decoder_gate_abutment_matrix/_pair_trials/PAIR__PNAND3_R0__PNAND2_MY__g0p0025_drc/PAIR__PNAND3_R0__PNAND2_MY__g0p0025.lyrdb
PNAND3,R0,PNAND2,MY,0.07,True,41,False,True,True,False,drc_marker_count=41,outputs/PROJECT_decoder_gate_abutment_matrix/_pair_trials/PAIR__PNAND3_R0__PNAND2_MY__g0p07.gds,d4fc5cecfcee9cc90097e3e983f31ca2fa67523af2e22c6d3eb412515486cf72,outputs/PROJECT_decoder_gate_abutment_matrix/_pair_trials/PAIR__PNAND3_R0__PNAND2_MY__g0p07_drc/PAIR__PNAND3_R0__PNAND2_MY__g0p07.lyrdb
PNAND3,R0,PNAND2,MY,0.14,True,37,False,True,True,False,drc_marker_count=37,outputs/PROJECT_decoder_gate_abutment_matrix/_pair_trials/PAIR__PNAND3_R0__PNAND2_MY__g0p14.gds,66576b885cd83c74b54ad14035edf546929f37c63fe585314672d4c87f55966f,outputs/PROJECT_decoder_gate_abutment_matrix/_pair_trials/PAIR__PNAND3_R0__PNAND2_MY__g0p14_drc/PAIR__PNAND3_R0__PNAND2_MY__g0p14.lyrdb
PNAND3,R0,PNAND3,R0,0.0,True,0,False,True,False,True,,outputs/PROJECT_decoder_gate_abutment_matrix/_pair_trials/PAIR__PNAND3_R0__PNAND3_R0__g0p0.gds,e963c0df2f25bbd03803aa94d4b7c1cb670c2fdef94d0f6200c97584bebdad34,outputs/PROJECT_decoder_gate_abutment_matrix/_pair_trials/PAIR__PNAND3_R0__PNAND3_R0__g0p0_drc/PAIR__PNAND3_R0__PNAND3_R0__g0p0.lyrdb
PNAND3,R0,PNAND3,R0,0.0025,True,1,False,True,True,False,drc_marker_count=1,outputs/PROJECT_decoder_gate_abutment_matrix/_pair_trials/PAIR__PNAND3_R0__PNAND3_R0__g0p0025.gds,14373ac313572890d715f12faf9c7d303567b33b05cd63020b15435c0f6416b3,outputs/PROJECT_decoder_gate_abutment_matrix/_pair_trials/PAIR__PNAND3_R0__PNAND3_R0__g0p0025_drc/PAIR__PNAND3_R0__PNAND3_R0__g0p0025.lyrdb
PNAND3,R0,PNAND3,R0,0.07,True,1,False,True,True,False,drc_marker_count=1,outputs/PROJECT_decoder_gate_abutment_matrix/_pair_trials/PAIR__PNAND3_R0__PNAND3_R0__g0p07.gds,1fbea55f28c4fd1bd144a03fb06bb84ae4d90d86a0a75c52806735e1ab7347d5,outputs/PROJECT_decoder_gate_abutment_matrix/_pair_trials/PAIR__PNAND3_R0__PNAND3_R0__g0p07_drc/PAIR__PNAND3_R0__PNAND3_R0__g0p07.lyrdb
PNAND3,R0,PNAND3,R0,0.14,True,1,False,True,True,False,drc_marker_count=1,outputs/PROJECT_decoder_gate_abutment_matrix/_pair_trials/PAIR__PNAND3_R0__PNAND3_R0__g0p14.gds,4db399670c47c6d93bfc723950ab069a61f8848596751197dfa2b7f7b0e6d86b,outputs/PROJECT_decoder_gate_abutment_matrix/_pair_trials/PAIR__PNAND3_R0__PNAND3_R0__g0p14_drc/PAIR__PNAND3_R0__PNAND3_R0__g0p14.lyrdb
PNAND3,R0,PNAND3,R180,0.0,True,0,False,True,False,True,,outputs/PROJECT_decoder_gate_abutment_matrix/_pair_trials/PAIR__PNAND3_R0__PNAND3_R180__g0p0.gds,6306c1817289d85476fb3188ea64539f41fd7125c0640c0c9dc6dee80fdb9226,outputs/PROJECT_decoder_gate_abutment_matrix/_pair_trials/PAIR__PNAND3_R0__PNAND3_R180__g0p0_drc/PAIR__PNAND3_R0__PNAND3_R180__g0p0.lyrdb
PNAND3,R0,PNAND3,R180,0.0025,True,0,False,True,False,True,,outputs/PROJECT_decoder_gate_abutment_matrix/_pair_trials/PAIR__PNAND3_R0__PNAND3_R180__g0p0025.gds,be103d1fbc82a03370938504a0edece2ba698a70b0d37e0c54a3182c2ae629f6,outputs/PROJECT_decoder_gate_abutment_matrix/_pair_trials/PAIR__PNAND3_R0__PNAND3_R180__g0p0025_drc/PAIR__PNAND3_R0__PNAND3_R180__g0p0025.lyrdb
PNAND3,R0,PNAND3,R180,0.07,True,0,False,True,False,True,,outputs/PROJECT_decoder_gate_abutment_matrix/_pair_trials/PAIR__PNAND3_R0__PNAND3_R180__g0p07.gds,71d02e8ff458e72b459382f73273654b15e6dc960fa6fc7dd6a8aa567e8f2668,outputs/PROJECT_decoder_gate_abutment_matrix/_pair_trials/PAIR__PNAND3_R0__PNAND3_R180__g0p07_drc/PAIR__PNAND3_R0__PNAND3_R180__g0p07.lyrdb
PNAND3,R0,PNAND3,R180,0.14,True,0,False,True,False,True,,outputs/PROJECT_decoder_gate_abutment_matrix/_pair_trials/PAIR__PNAND3_R0__PNAND3_R180__g0p14.gds,782c1d90196d9ce94e8090f223f193d6164925eb1d290a4f5cbe78a19e43715a,outputs/PROJECT_decoder_gate_abutment_matrix/_pair_trials/PAIR__PNAND3_R0__PNAND3_R180__g0p14_drc/PAIR__PNAND3_R0__PNAND3_R180__g0p14.lyrdb
PNAND3,R0,PNAND3,MX,0.0,False,0,False,False,False,True,,outputs/PROJECT_decoder_gate_abutment_matrix/_pair_trials/PAIR__PNAND3_R0__PNAND3_MX__g0p0.gds,20cfb487ed7852c27842bf6aeecd0df8de6b8901bd68f4329faf8c55b177d9fb,outputs/PROJECT_decoder_gate_abutment_matrix/_pair_trials/PAIR__PNAND3_R0__PNAND3_MX__g0p0_drc/PAIR__PNAND3_R0__PNAND3_MX__g0p0.lyrdb
PNAND3,R0,PNAND3,MX,0.0025,False,1,False,False,True,False,drc_marker_count=1,outputs/PROJECT_decoder_gate_abutment_matrix/_pair_trials/PAIR__PNAND3_R0__PNAND3_MX__g0p0025.gds,c5df63278c27afb3fed441929d15b864ee94e6be7195f3c424c7caef1d94ffaa,outputs/PROJECT_decoder_gate_abutment_matrix/_pair_trials/PAIR__PNAND3_R0__PNAND3_MX__g0p0025_drc/PAIR__PNAND3_R0__PNAND3_MX__g0p0025.lyrdb
PNAND3,R0,PNAND3,MX,0.07,False,1,False,False,True,False,drc_marker_count=1,outputs/PROJECT_decoder_gate_abutment_matrix/_pair_trials/PAIR__PNAND3_R0__PNAND3_MX__g0p07.gds,f0e76fb0eba2697530abd0fbbe1360fc095fde31d86c392ab146619046dd49bb,outputs/PROJECT_decoder_gate_abutment_matrix/_pair_trials/PAIR__PNAND3_R0__PNAND3_MX__g0p07_drc/PAIR__PNAND3_R0__PNAND3_MX__g0p07.lyrdb
PNAND3,R0,PNAND3,MX,0.14,False,1,False,False,True,False,drc_marker_count=1,outputs/PROJECT_decoder_gate_abutment_matrix/_pair_trials/PAIR__PNAND3_R0__PNAND3_MX__g0p14.gds,449dc284da01bb6b8504f783bcb5cc9a606c2dfd7232abb6f04e9211bf53f794,outputs/PROJECT_decoder_gate_abutment_matrix/_pair_trials/PAIR__PNAND3_R0__PNAND3_MX__g0p14_drc/PAIR__PNAND3_R0__PNAND3_MX__g0p14.lyrdb
PNAND3,R0,PNAND3,MY,0.0,True,17,False,True,True,False,drc_marker_count=17,outputs/PROJECT_decoder_gate_abutment_matrix/_pair_trials/PAIR__PNAND3_R0__PNAND3_MY__g0p0.gds,23792d8c15bab56810025a7360580c9fe58d81590e00cf8f7c23d60c0236b293,outputs/PROJECT_decoder_gate_abutment_matrix/_pair_trials/PAIR__PNAND3_R0__PNAND3_MY__g0p0_drc/PAIR__PNAND3_R0__PNAND3_MY__g0p0.lyrdb
PNAND3,R0,PNAND3,MY,0.0025,True,19,False,True,True,False,drc_marker_count=19,outputs/PROJECT_decoder_gate_abutment_matrix/_pair_trials/PAIR__PNAND3_R0__PNAND3_MY__g0p0025.gds,d1c79f0a277e3474ddc4c07e018d9aa725882af1a9f4eb8908dcdcd471ebefc6,outputs/PROJECT_decoder_gate_abutment_matrix/_pair_trials/PAIR__PNAND3_R0__PNAND3_MY__g0p0025_drc/PAIR__PNAND3_R0__PNAND3_MY__g0p0025.lyrdb
PNAND3,R0,PNAND3,MY,0.07,True,24,False,True,True,False,drc_marker_count=24,outputs/PROJECT_decoder_gate_abutment_matrix/_pair_trials/PAIR__PNAND3_R0__PNAND3_MY__g0p07.gds,66d5f1b1bea69b15203e729e0bcf3ce28b886bd3a5e0bafb7a31470006f55a1a,outputs/PROJECT_decoder_gate_abutment_matrix/_pair_trials/PAIR__PNAND3_R0__PNAND3_MY__g0p07_drc/PAIR__PNAND3_R0__PNAND3_MY__g0p07.lyrdb
PNAND3,R0,PNAND3,MY,0.14,True,35,False,True,True,False,drc_marker_count=35,outputs/PROJECT_decoder_gate_abutment_matrix/_pair_trials/PAIR__PNAND3_R0__PNAND3_MY__g0p14.gds,352b495e61546fb41701641b12317e6365376957231cfa510dc6a558b762b660,outputs/PROJECT_decoder_gate_abutment_matrix/_pair_trials/PAIR__PNAND3_R0__PNAND3_MY__g0p14_drc/PAIR__PNAND3_R0__PNAND3_MY__g0p14.lyrdb
PNAND3,R0,AND2,R0,0.0,True,0,False,True,False,True,,outputs/PROJECT_decoder_gate_abutment_matrix/_pair_trials/PAIR__PNAND3_R0__AND2_R0__g0p0.gds,c449ee3d0e36095a86d9dfe2cac5c0e01e4cbda4b2db59fa20c7ac5efd56f939,outputs/PROJECT_decoder_gate_abutment_matrix/_pair_trials/PAIR__PNAND3_R0__AND2_R0__g0p0_drc/PAIR__PNAND3_R0__AND2_R0__g0p0.lyrdb
PNAND3,R0,AND2,R0,0.0025,True,1,False,True,True,False,drc_marker_count=1,outputs/PROJECT_decoder_gate_abutment_matrix/_pair_trials/PAIR__PNAND3_R0__AND2_R0__g0p0025.gds,4392ee7dea5c2ddfdbeb8b517c3e20da16b09bd0b86f35b6eb0c76841cab6b90,outputs/PROJECT_decoder_gate_abutment_matrix/_pair_trials/PAIR__PNAND3_R0__AND2_R0__g0p0025_drc/PAIR__PNAND3_R0__AND2_R0__g0p0025.lyrdb
PNAND3,R0,AND2,R0,0.07,True,1,False,True,True,False,drc_marker_count=1,outputs/PROJECT_decoder_gate_abutment_matrix/_pair_trials/PAIR__PNAND3_R0__AND2_R0__g0p07.gds,c42c31f6f97dce8e627be36414a3f15a30a076e4302eec2002bf30f3eb6a64a0,outputs/PROJECT_decoder_gate_abutment_matrix/_pair_trials/PAIR__PNAND3_R0__AND2_R0__g0p07_drc/PAIR__PNAND3_R0__AND2_R0__g0p07.lyrdb
PNAND3,R0,AND2,R0,0.14,True,1,False,True,True,False,drc_marker_count=1,outputs/PROJECT_decoder_gate_abutment_matrix/_pair_trials/PAIR__PNAND3_R0__AND2_R0__g0p14.gds,8b25f3c06f52a3c9759c4ada877b39ef15c6fbe7c4fcaad6add132b2c8865bc5,outputs/PROJECT_decoder_gate_abutment_matrix/_pair_trials/PAIR__PNAND3_R0__AND2_R0__g0p14_drc/PAIR__PNAND3_R0__AND2_R0__g0p14.lyrdb
PNAND3,R0,AND2,R180,0.0,True,0,False,True,False,True,,outputs/PROJECT_decoder_gate_abutment_matrix/_pair_trials/PAIR__PNAND3_R0__AND2_R180__g0p0.gds,fa9c559cf0567d2b2bd8e5d81e6d600a1e6f79f795b205b5b414762412bea49e,outputs/PROJECT_decoder_gate_abutment_matrix/_pair_trials/PAIR__PNAND3_R0__AND2_R180__g0p0_drc/PAIR__PNAND3_R0__AND2_R180__g0p0.lyrdb
PNAND3,R0,AND2,R180,0.0025,True,0,False,True,False,True,,outputs/PROJECT_decoder_gate_abutment_matrix/_pair_trials/PAIR__PNAND3_R0__AND2_R180__g0p0025.gds,e2db9068326ad78a7ea587d782cb4f6ef8f9b41e7e9db8e46cb43bf93ac531be,outputs/PROJECT_decoder_gate_abutment_matrix/_pair_trials/PAIR__PNAND3_R0__AND2_R180__g0p0025_drc/PAIR__PNAND3_R0__AND2_R180__g0p0025.lyrdb
PNAND3,R0,AND2,R180,0.07,True,0,False,True,False,True,,outputs/PROJECT_decoder_gate_abutment_matrix/_pair_trials/PAIR__PNAND3_R0__AND2_R180__g0p07.gds,2a941be43e82125f165edfcc71f14dacd35b28b1360af66ba174584beeb0405c,outputs/PROJECT_decoder_gate_abutment_matrix/_pair_trials/PAIR__PNAND3_R0__AND2_R180__g0p07_drc/PAIR__PNAND3_R0__AND2_R180__g0p07.lyrdb
PNAND3,R0,AND2,R180,0.14,True,0,False,True,False,True,,outputs/PROJECT_decoder_gate_abutment_matrix/_pair_trials/PAIR__PNAND3_R0__AND2_R180__g0p14.gds,831c2ed6caae650d27f29f8fd197d05d31c576c83d9a3591eaf22259e6bb075a,outputs/PROJECT_decoder_gate_abutment_matrix/_pair_trials/PAIR__PNAND3_R0__AND2_R180__g0p14_drc/PAIR__PNAND3_R0__AND2_R180__g0p14.lyrdb
PNAND3,R0,AND2,MX,0.0,False,0,False,False,False,True,,outputs/PROJECT_decoder_gate_abutment_matrix/_pair_trials/PAIR__PNAND3_R0__AND2_MX__g0p0.gds,6b18e291bebb59268105c1483ac754dbd4f09c5724e728dc141e10dc6df0ac51,outputs/PROJECT_decoder_gate_abutment_matrix/_pair_trials/PAIR__PNAND3_R0__AND2_MX__g0p0_drc/PAIR__PNAND3_R0__AND2_MX__g0p0.lyrdb
PNAND3,R0,AND2,MX,0.0025,False,1,False,False,True,False,drc_marker_count=1,outputs/PROJECT_decoder_gate_abutment_matrix/_pair_trials/PAIR__PNAND3_R0__AND2_MX__g0p0025.gds,c8c1a6de7654d484e78cf4383c6cc26c57dd6721011b65d2d8c6cd77f9e495c7,outputs/PROJECT_decoder_gate_abutment_matrix/_pair_trials/PAIR__PNAND3_R0__AND2_MX__g0p0025_drc/PAIR__PNAND3_R0__AND2_MX__g0p0025.lyrdb
PNAND3,R0,AND2,MX,0.07,False,1,False,False,True,False,drc_marker_count=1,outputs/PROJECT_decoder_gate_abutment_matrix/_pair_trials/PAIR__PNAND3_R0__AND2_MX__g0p07.gds,dc472197355629c21542304c843e5c319106ef620710c78936732014dfea383d,outputs/PROJECT_decoder_gate_abutment_matrix/_pair_trials/PAIR__PNAND3_R0__AND2_MX__g0p07_drc/PAIR__PNAND3_R0__AND2_MX__g0p07.lyrdb
PNAND3,R0,AND2,MX,0.14,False,1,False,False,True,False,drc_marker_count=1,outputs/PROJECT_decoder_gate_abutment_matrix/_pair_trials/PAIR__PNAND3_R0__AND2_MX__g0p14.gds,05f7a246dc1fdc4a1a05bc8d75dc13b31223c8aa1283c4c1553d8a4debdb991f,outputs/PROJECT_decoder_gate_abutment_matrix/_pair_trials/PAIR__PNAND3_R0__AND2_MX__g0p14_drc/PAIR__PNAND3_R0__AND2_MX__g0p14.lyrdb
PNAND3,R0,AND2,MY,0.0,True,45,False,True,True,False,drc_marker_count=45,outputs/PROJECT_decoder_gate_abutment_matrix/_pair_trials/PAIR__PNAND3_R0__AND2_MY__g0p0.gds,441f2d38c6b09810d366dc9906529dcb163252b36cef328f44da00942afc5f86,outputs/PROJECT_decoder_gate_abutment_matrix/_pair_trials/PAIR__PNAND3_R0__AND2_MY__g0p0_drc/PAIR__PNAND3_R0__AND2_MY__g0p0.lyrdb
PNAND3,R0,AND2,MY,0.0025,True,43,False,True,True,False,drc_marker_count=43,outputs/PROJECT_decoder_gate_abutment_matrix/_pair_trials/PAIR__PNAND3_R0__AND2_MY__g0p0025.gds,1af5be55f17b41f5a80068accfcae31557aa60c40c17f377cc80d55dd822ae4b,outputs/PROJECT_decoder_gate_abutment_matrix/_pair_trials/PAIR__PNAND3_R0__AND2_MY__g0p0025_drc/PAIR__PNAND3_R0__AND2_MY__g0p0025.lyrdb
PNAND3,R0,AND2,MY,0.07,True,52,False,True,True,False,drc_marker_count=52,outputs/PROJECT_decoder_gate_abutment_matrix/_pair_trials/PAIR__PNAND3_R0__AND2_MY__g0p07.gds,2cbb7ea1186477c34eb81f6746685613e40bf4ffa1cfe777649c11e1c849a0c9,outputs/PROJECT_decoder_gate_abutment_matrix/_pair_trials/PAIR__PNAND3_R0__AND2_MY__g0p07_drc/PAIR__PNAND3_R0__AND2_MY__g0p07.lyrdb
PNAND3,R0,AND2,MY,0.14,True,82,False,True,True,False,drc_marker_count=82,outputs/PROJECT_decoder_gate_abutment_matrix/_pair_trials/PAIR__PNAND3_R0__AND2_MY__g0p14.gds,fb7c518659a1ba60f70081657e7b26472a5920b5f4fc25f5eeefedc39253f968,outputs/PROJECT_decoder_gate_abutment_matrix/_pair_trials/PAIR__PNAND3_R0__AND2_MY__g0p14_drc/PAIR__PNAND3_R0__AND2_MY__g0p14.lyrdb
PNAND3,R0,AND3,R0,0.0,True,0,False,True,False,True,,outputs/PROJECT_decoder_gate_abutment_matrix/_pair_trials/PAIR__PNAND3_R0__AND3_R0__g0p0.gds,bb71f847b02fc72a444209145ace786fee0c3d45deaf43abc852f609ad57f860,outputs/PROJECT_decoder_gate_abutment_matrix/_pair_trials/PAIR__PNAND3_R0__AND3_R0__g0p0_drc/PAIR__PNAND3_R0__AND3_R0__g0p0.lyrdb
PNAND3,R0,AND3,R0,0.0025,True,1,False,True,True,False,drc_marker_count=1,outputs/PROJECT_decoder_gate_abutment_matrix/_pair_trials/PAIR__PNAND3_R0__AND3_R0__g0p0025.gds,2e6940ba8ffa45faa39a418d9c46d28a55503cbd6633c9ad7a7fcff15793edf1,outputs/PROJECT_decoder_gate_abutment_matrix/_pair_trials/PAIR__PNAND3_R0__AND3_R0__g0p0025_drc/PAIR__PNAND3_R0__AND3_R0__g0p0025.lyrdb
PNAND3,R0,AND3,R0,0.07,True,1,False,True,True,False,drc_marker_count=1,outputs/PROJECT_decoder_gate_abutment_matrix/_pair_trials/PAIR__PNAND3_R0__AND3_R0__g0p07.gds,56da9b2471fddb6048f64630aa598e36be08738023537b678924fa7d85047a7e,outputs/PROJECT_decoder_gate_abutment_matrix/_pair_trials/PAIR__PNAND3_R0__AND3_R0__g0p07_drc/PAIR__PNAND3_R0__AND3_R0__g0p07.lyrdb
PNAND3,R0,AND3,R0,0.14,True,1,False,True,True,False,drc_marker_count=1,outputs/PROJECT_decoder_gate_abutment_matrix/_pair_trials/PAIR__PNAND3_R0__AND3_R0__g0p14.gds,006e4000138cadd57d84da885cf8d1113c7c39f74117094ccc68fe1bd616b48b,outputs/PROJECT_decoder_gate_abutment_matrix/_pair_trials/PAIR__PNAND3_R0__AND3_R0__g0p14_drc/PAIR__PNAND3_R0__AND3_R0__g0p14.lyrdb
PNAND3,R0,AND3,R180,0.0,True,0,False,True,False,True,,outputs/PROJECT_decoder_gate_abutment_matrix/_pair_trials/PAIR__PNAND3_R0__AND3_R180__g0p0.gds,d7b43fb2b4f0f066e6fe06393269909597a6a93d40b561cadfec9fc5d5cbccc5,outputs/PROJECT_decoder_gate_abutment_matrix/_pair_trials/PAIR__PNAND3_R0__AND3_R180__g0p0_drc/PAIR__PNAND3_R0__AND3_R180__g0p0.lyrdb
PNAND3,R0,AND3,R180,0.0025,True,0,False,True,False,True,,outputs/PROJECT_decoder_gate_abutment_matrix/_pair_trials/PAIR__PNAND3_R0__AND3_R180__g0p0025.gds,0724e0e9b9105ea6c2aa9502849cd66971d207972470fbf096a89bdb9314e263,outputs/PROJECT_decoder_gate_abutment_matrix/_pair_trials/PAIR__PNAND3_R0__AND3_R180__g0p0025_drc/PAIR__PNAND3_R0__AND3_R180__g0p0025.lyrdb
PNAND3,R0,AND3,R180,0.07,True,0,False,True,False,True,,outputs/PROJECT_decoder_gate_abutment_matrix/_pair_trials/PAIR__PNAND3_R0__AND3_R180__g0p07.gds,da81fef05f5b5502835f67d4822782ec389fb2f43423fde16ea47af19af29eb8,outputs/PROJECT_decoder_gate_abutment_matrix/_pair_trials/PAIR__PNAND3_R0__AND3_R180__g0p07_drc/PAIR__PNAND3_R0__AND3_R180__g0p07.lyrdb
PNAND3,R0,AND3,R180,0.14,True,0,False,True,False,True,,outputs/PROJECT_decoder_gate_abutment_matrix/_pair_trials/PAIR__PNAND3_R0__AND3_R180__g0p14.gds,86f270824a3089d5768e3c9cc14be73b48e849a6995fe434e5099a07b5225205,outputs/PROJECT_decoder_gate_abutment_matrix/_pair_trials/PAIR__PNAND3_R0__AND3_R180__g0p14_drc/PAIR__PNAND3_R0__AND3_R180__g0p14.lyrdb
PNAND3,R0,AND3,MX,0.0,False,0,False,False,False,True,,outputs/PROJECT_decoder_gate_abutment_matrix/_pair_trials/PAIR__PNAND3_R0__AND3_MX__g0p0.gds,7e9712d6a619aefa8d73988c0849cc4cafbbaa8b7d51602b918c32fdbf5d36f2,outputs/PROJECT_decoder_gate_abutment_matrix/_pair_trials/PAIR__PNAND3_R0__AND3_MX__g0p0_drc/PAIR__PNAND3_R0__AND3_MX__g0p0.lyrdb
PNAND3,R0,AND3,MX,0.0025,False,1,False,False,True,False,drc_marker_count=1,outputs/PROJECT_decoder_gate_abutment_matrix/_pair_trials/PAIR__PNAND3_R0__AND3_MX__g0p0025.gds,a659fc8870eebb28920091c25629d2f1370a4598d78257062afdb691bd8a4e27,outputs/PROJECT_decoder_gate_abutment_matrix/_pair_trials/PAIR__PNAND3_R0__AND3_MX__g0p0025_drc/PAIR__PNAND3_R0__AND3_MX__g0p0025.lyrdb
PNAND3,R0,AND3,MX,0.07,False,1,False,False,True,False,drc_marker_count=1,outputs/PROJECT_decoder_gate_abutment_matrix/_pair_trials/PAIR__PNAND3_R0__AND3_MX__g0p07.gds,24bab6a1f886475bebb8a20008c18f2f843c6aca7745cb6035a84b42c4e8d8f7,outputs/PROJECT_decoder_gate_abutment_matrix/_pair_trials/PAIR__PNAND3_R0__AND3_MX__g0p07_drc/PAIR__PNAND3_R0__AND3_MX__g0p07.lyrdb
PNAND3,R0,AND3,MX,0.14,False,1,False,False,True,False,drc_marker_count=1,outputs/PROJECT_decoder_gate_abutment_matrix/_pair_trials/PAIR__PNAND3_R0__AND3_MX__g0p14.gds,bf147cfff5edd803c679a02d76562634a59bb6a0f2dc98fba861c7abe8416761,outputs/PROJECT_decoder_gate_abutment_matrix/_pair_trials/PAIR__PNAND3_R0__AND3_MX__g0p14_drc/PAIR__PNAND3_R0__AND3_MX__g0p14.lyrdb
PNAND3,R0,AND3,MY,0.0,True,56,False,True,True,False,drc_marker_count=56,outputs/PROJECT_decoder_gate_abutment_matrix/_pair_trials/PAIR__PNAND3_R0__AND3_MY__g0p0.gds,179b04035a77b44565a74ce4c48787cd2d18de75f6dbb07613f5fbc07343ea1d,outputs/PROJECT_decoder_gate_abutment_matrix/_pair_trials/PAIR__PNAND3_R0__AND3_MY__g0p0_drc/PAIR__PNAND3_R0__AND3_MY__g0p0.lyrdb
PNAND3,R0,AND3,MY,0.0025,True,50,False,True,True,False,drc_marker_count=50,outputs/PROJECT_decoder_gate_abutment_matrix/_pair_trials/PAIR__PNAND3_R0__AND3_MY__g0p0025.gds,30fe2ca0c36cf4e0153272ad607d2760dab0f42aa2744a1490c88d4c0f045745,outputs/PROJECT_decoder_gate_abutment_matrix/_pair_trials/PAIR__PNAND3_R0__AND3_MY__g0p0025_drc/PAIR__PNAND3_R0__AND3_MY__g0p0025.lyrdb
PNAND3,R0,AND3,MY,0.07,True,56,False,True,True,False,drc_marker_count=56,outputs/PROJECT_decoder_gate_abutment_matrix/_pair_trials/PAIR__PNAND3_R0__AND3_MY__g0p07.gds,3380401c35c857e11334f09ec7adbac615635ff88082d57fe015cb7ac9d74899,outputs/PROJECT_decoder_gate_abutment_matrix/_pair_trials/PAIR__PNAND3_R0__AND3_MY__g0p07_drc/PAIR__PNAND3_R0__AND3_MY__g0p07.lyrdb
PNAND3,R0,AND3,MY,0.14,True,32,False,True,True,False,drc_marker_count=32,outputs/PROJECT_decoder_gate_abutment_matrix/_pair_trials/PAIR__PNAND3_R0__AND3_MY__g0p14.gds,d1cfb9e71343df9534bf3d6be6da7351ab190ce0c8d4adc716474dbada304f02,outputs/PROJECT_decoder_gate_abutment_matrix/_pair_trials/PAIR__PNAND3_R0__AND3_MY__g0p14_drc/PAIR__PNAND3_R0__AND3_MY__g0p14.lyrdb
PNAND3,R0,WORDLINEDRIVER,R0,0.0,True,0,False,True,False,True,,outputs/PROJECT_decoder_gate_abutment_matrix/_pair_trials/PAIR__PNAND3_R0__WORDLINEDRIVER_R0__g0p0.gds,766b2e896b75cb771c188696546b550b2a5328e349eee89faad4f2af7f8f474c,outputs/PROJECT_decoder_gate_abutment_matrix/_pair_trials/PAIR__PNAND3_R0__WORDLINEDRIVER_R0__g0p0_drc/PAIR__PNAND3_R0__WORDLINEDRIVER_R0__g0p0.lyrdb
PNAND3,R0,WORDLINEDRIVER,R0,0.0025,True,1,False,True,True,False,drc_marker_count=1,outputs/PROJECT_decoder_gate_abutment_matrix/_pair_trials/PAIR__PNAND3_R0__WORDLINEDRIVER_R0__g0p0025.gds,e67720fab8132175074233a8efb526733c8042e77ee30f90b5769d2dabe0eff8,outputs/PROJECT_decoder_gate_abutment_matrix/_pair_trials/PAIR__PNAND3_R0__WORDLINEDRIVER_R0__g0p0025_drc/PAIR__PNAND3_R0__WORDLINEDRIVER_R0__g0p0025.lyrdb
PNAND3,R0,WORDLINEDRIVER,R0,0.07,True,1,False,True,True,False,drc_marker_count=1,outputs/PROJECT_decoder_gate_abutment_matrix/_pair_trials/PAIR__PNAND3_R0__WORDLINEDRIVER_R0__g0p07.gds,dae18d05933890c274384b0320d87e521d9db87ad708b30d417ee8ded42bdcab,outputs/PROJECT_decoder_gate_abutment_matrix/_pair_trials/PAIR__PNAND3_R0__WORDLINEDRIVER_R0__g0p07_drc/PAIR__PNAND3_R0__WORDLINEDRIVER_R0__g0p07.lyrdb
PNAND3,R0,WORDLINEDRIVER,R0,0.14,True,1,False,True,True,False,drc_marker_count=1,outputs/PROJECT_decoder_gate_abutment_matrix/_pair_trials/PAIR__PNAND3_R0__WORDLINEDRIVER_R0__g0p14.gds,9f0d30cfb9668de9dddd443598fdcd99c61d4ef1b7935a58fd06c20f73cdb4e8,outputs/PROJECT_decoder_gate_abutment_matrix/_pair_trials/PAIR__PNAND3_R0__WORDLINEDRIVER_R0__g0p14_drc/PAIR__PNAND3_R0__WORDLINEDRIVER_R0__g0p14.lyrdb
PNAND3,R0,WORDLINEDRIVER,R180,0.0,True,1,False,True,True,False,drc_marker_count=1,outputs/PROJECT_decoder_gate_abutment_matrix/_pair_trials/PAIR__PNAND3_R0__WORDLINEDRIVER_R180__g0p0.gds,de21e32084e6b0c6890b439017c77c78c02f03d032207f1e3f37831224995c8a,outputs/PROJECT_decoder_gate_abutment_matrix/_pair_trials/PAIR__PNAND3_R0__WORDLINEDRIVER_R180__g0p0_drc/PAIR__PNAND3_R0__WORDLINEDRIVER_R180__g0p0.lyrdb
PNAND3,R0,WORDLINEDRIVER,R180,0.0025,True,1,False,True,True,False,drc_marker_count=1,outputs/PROJECT_decoder_gate_abutment_matrix/_pair_trials/PAIR__PNAND3_R0__WORDLINEDRIVER_R180__g0p0025.gds,28acc36878be0f2ee5afb4d7ed4d83ccca7a6c09952a019ada28ce0547d3d581,outputs/PROJECT_decoder_gate_abutment_matrix/_pair_trials/PAIR__PNAND3_R0__WORDLINEDRIVER_R180__g0p0025_drc/PAIR__PNAND3_R0__WORDLINEDRIVER_R180__g0p0025.lyrdb
PNAND3,R0,WORDLINEDRIVER,R180,0.07,True,0,False,True,False,True,,outputs/PROJECT_decoder_gate_abutment_matrix/_pair_trials/PAIR__PNAND3_R0__WORDLINEDRIVER_R180__g0p07.gds,3a1d4415b3b4bbc9d5121e7dca1355f6da9d7f3d11c4b02bc96f3d5c30b3135f,outputs/PROJECT_decoder_gate_abutment_matrix/_pair_trials/PAIR__PNAND3_R0__WORDLINEDRIVER_R180__g0p07_drc/PAIR__PNAND3_R0__WORDLINEDRIVER_R180__g0p07.lyrdb
PNAND3,R0,WORDLINEDRIVER,R180,0.14,True,0,False,True,False,True,,outputs/PROJECT_decoder_gate_abutment_matrix/_pair_trials/PAIR__PNAND3_R0__WORDLINEDRIVER_R180__g0p14.gds,a4fcd662a59d404762f579f8a3f3380a98c8a0334f067b68f94c7c2a174bc531,outputs/PROJECT_decoder_gate_abutment_matrix/_pair_trials/PAIR__PNAND3_R0__WORDLINEDRIVER_R180__g0p14_drc/PAIR__PNAND3_R0__WORDLINEDRIVER_R180__g0p14.lyrdb
PNAND3,R0,WORDLINEDRIVER,MX,0.0,False,0,False,False,False,True,,outputs/PROJECT_decoder_gate_abutment_matrix/_pair_trials/PAIR__PNAND3_R0__WORDLINEDRIVER_MX__g0p0.gds,1048c097456b44adcce7f709b1d76d07358acb7afaba96ff6516ca0bfd382b46,outputs/PROJECT_decoder_gate_abutment_matrix/_pair_trials/PAIR__PNAND3_R0__WORDLINEDRIVER_MX__g0p0_drc/PAIR__PNAND3_R0__WORDLINEDRIVER_MX__g0p0.lyrdb
PNAND3,R0,WORDLINEDRIVER,MX,0.0025,False,1,False,False,True,False,drc_marker_count=1,outputs/PROJECT_decoder_gate_abutment_matrix/_pair_trials/PAIR__PNAND3_R0__WORDLINEDRIVER_MX__g0p0025.gds,d12b381cc4c5f8f944f8b6439e6f65fbc84e6dcec194f2d59a229e0090fb07b5,outputs/PROJECT_decoder_gate_abutment_matrix/_pair_trials/PAIR__PNAND3_R0__WORDLINEDRIVER_MX__g0p0025_drc/PAIR__PNAND3_R0__WORDLINEDRIVER_MX__g0p0025.lyrdb
PNAND3,R0,WORDLINEDRIVER,MX,0.07,False,1,False,False,True,False,drc_marker_count=1,outputs/PROJECT_decoder_gate_abutment_matrix/_pair_trials/PAIR__PNAND3_R0__WORDLINEDRIVER_MX__g0p07.gds,1fba05a8368b438fed0dec0704f6247c7930616e95e43f83382336c4f768f17a,outputs/PROJECT_decoder_gate_abutment_matrix/_pair_trials/PAIR__PNAND3_R0__WORDLINEDRIVER_MX__g0p07_drc/PAIR__PNAND3_R0__WORDLINEDRIVER_MX__g0p07.lyrdb
PNAND3,R0,WORDLINEDRIVER,MX,0.14,False,1,False,False,True,False,drc_marker_count=1,outputs/PROJECT_decoder_gate_abutment_matrix/_pair_trials/PAIR__PNAND3_R0__WORDLINEDRIVER_MX__g0p14.gds,b3420b45b0357dde1b2bfd68a06e53341d96c10e0a30c2eca2be1c1aea6afb1a,outputs/PROJECT_decoder_gate_abutment_matrix/_pair_trials/PAIR__PNAND3_R0__WORDLINEDRIVER_MX__g0p14_drc/PAIR__PNAND3_R0__WORDLINEDRIVER_MX__g0p14.lyrdb
PNAND3,R0,WORDLINEDRIVER,MY,0.0,True,40,False,True,True,False,drc_marker_count=40,outputs/PROJECT_decoder_gate_abutment_matrix/_pair_trials/PAIR__PNAND3_R0__WORDLINEDRIVER_MY__g0p0.gds,5ef611dc976e81cd08588747346dee3cfdb343202546ad43c95f779dad957cae,outputs/PROJECT_decoder_gate_abutment_matrix/_pair_trials/PAIR__PNAND3_R0__WORDLINEDRIVER_MY__g0p0_drc/PAIR__PNAND3_R0__WORDLINEDRIVER_MY__g0p0.lyrdb
PNAND3,R0,WORDLINEDRIVER,MY,0.0025,True,36,False,True,True,False,drc_marker_count=36,outputs/PROJECT_decoder_gate_abutment_matrix/_pair_trials/PAIR__PNAND3_R0__WORDLINEDRIVER_MY__g0p0025.gds,a73cc2b943b7e7aee033be23e9afabd7f1c0caa719429cc1fefd2328b4bdd98b,outputs/PROJECT_decoder_gate_abutment_matrix/_pair_trials/PAIR__PNAND3_R0__WORDLINEDRIVER_MY__g0p0025_drc/PAIR__PNAND3_R0__WORDLINEDRIVER_MY__g0p0025.lyrdb
PNAND3,R0,WORDLINEDRIVER,MY,0.07,True,40,False,True,True,False,drc_marker_count=40,outputs/PROJECT_decoder_gate_abutment_matrix/_pair_trials/PAIR__PNAND3_R0__WORDLINEDRIVER_MY__g0p07.gds,b3ae9589ee32aac716f63cc3f5437c5bde65645703433b6f0f28aad05af0a573,outputs/PROJECT_decoder_gate_abutment_matrix/_pair_trials/PAIR__PNAND3_R0__WORDLINEDRIVER_MY__g0p07_drc/PAIR__PNAND3_R0__WORDLINEDRIVER_MY__g0p07.lyrdb
PNAND3,R0,WORDLINEDRIVER,MY,0.14,True,39,False,True,True,False,drc_marker_count=39,outputs/PROJECT_decoder_gate_abutment_matrix/_pair_trials/PAIR__PNAND3_R0__WORDLINEDRIVER_MY__g0p14.gds,15040c102ab70b3444938aa5dd6ebaefcf40c2ce3f7bca0fa2c24f8d41ba279c,outputs/PROJECT_decoder_gate_abutment_matrix/_pair_trials/PAIR__PNAND3_R0__WORDLINEDRIVER_MY__g0p14_drc/PAIR__PNAND3_R0__WORDLINEDRIVER_MY__g0p14.lyrdb
PNAND3,R180,PINV,R0,0.0,True,0,False,True,False,True,,outputs/PROJECT_decoder_gate_abutment_matrix/_pair_trials/PAIR__PNAND3_R180__PINV_R0__g0p0.gds,5e78835022325f8099433fea899dbf12179031de2e0c7330fc39192b7193d382,outputs/PROJECT_decoder_gate_abutment_matrix/_pair_trials/PAIR__PNAND3_R180__PINV_R0__g0p0_drc/PAIR__PNAND3_R180__PINV_R0__g0p0.lyrdb
PNAND3,R180,PINV,R0,0.0025,True,0,False,True,False,True,,outputs/PROJECT_decoder_gate_abutment_matrix/_pair_trials/PAIR__PNAND3_R180__PINV_R0__g0p0025.gds,7a6a00bf087ff72214f4f8965f39b9b4793e4f2338bdbfec53704131b3762be6,outputs/PROJECT_decoder_gate_abutment_matrix/_pair_trials/PAIR__PNAND3_R180__PINV_R0__g0p0025_drc/PAIR__PNAND3_R180__PINV_R0__g0p0025.lyrdb
PNAND3,R180,PINV,R0,0.07,True,0,False,True,False,True,,outputs/PROJECT_decoder_gate_abutment_matrix/_pair_trials/PAIR__PNAND3_R180__PINV_R0__g0p07.gds,b2d289be3140950483e66891b73b23986203ae7037eaf7af2fcbf59e6fb2f66d,outputs/PROJECT_decoder_gate_abutment_matrix/_pair_trials/PAIR__PNAND3_R180__PINV_R0__g0p07_drc/PAIR__PNAND3_R180__PINV_R0__g0p07.lyrdb
PNAND3,R180,PINV,R0,0.14,True,0,False,True,False,True,,outputs/PROJECT_decoder_gate_abutment_matrix/_pair_trials/PAIR__PNAND3_R180__PINV_R0__g0p14.gds,f2bacffe32a49bfd2b0d9ca8a3928402d0808ab15f63948166546671e02f0b9a,outputs/PROJECT_decoder_gate_abutment_matrix/_pair_trials/PAIR__PNAND3_R180__PINV_R0__g0p14_drc/PAIR__PNAND3_R180__PINV_R0__g0p14.lyrdb
PNAND3,R180,PINV,R180,0.0,True,0,False,True,False,True,,outputs/PROJECT_decoder_gate_abutment_matrix/_pair_trials/PAIR__PNAND3_R180__PINV_R180__g0p0.gds,ee7d4df1997bd54ccbdf937c846eb59a6550b43f6b8e6ff67af44f590ebaae91,outputs/PROJECT_decoder_gate_abutment_matrix/_pair_trials/PAIR__PNAND3_R180__PINV_R180__g0p0_drc/PAIR__PNAND3_R180__PINV_R180__g0p0.lyrdb
PNAND3,R180,PINV,R180,0.0025,True,0,False,True,False,True,,outputs/PROJECT_decoder_gate_abutment_matrix/_pair_trials/PAIR__PNAND3_R180__PINV_R180__g0p0025.gds,d7be40d12eec3e48b9369e39c432296db98a33711d50429f8bb89a52f2666a85,outputs/PROJECT_decoder_gate_abutment_matrix/_pair_trials/PAIR__PNAND3_R180__PINV_R180__g0p0025_drc/PAIR__PNAND3_R180__PINV_R180__g0p0025.lyrdb
PNAND3,R180,PINV,R180,0.07,True,0,False,True,False,True,,outputs/PROJECT_decoder_gate_abutment_matrix/_pair_trials/PAIR__PNAND3_R180__PINV_R180__g0p07.gds,38a3958b63f24f9356210eb06174ce5f9b92088016930ec9577bd4aed105c2cd,outputs/PROJECT_decoder_gate_abutment_matrix/_pair_trials/PAIR__PNAND3_R180__PINV_R180__g0p07_drc/PAIR__PNAND3_R180__PINV_R180__g0p07.lyrdb
PNAND3,R180,PINV,R180,0.14,True,0,False,True,False,True,,outputs/PROJECT_decoder_gate_abutment_matrix/_pair_trials/PAIR__PNAND3_R180__PINV_R180__g0p14.gds,e5c91be8b8c35ccacad2dbb95100fa812794fc86e850d2bef1085d4c3fbb1f76,outputs/PROJECT_decoder_gate_abutment_matrix/_pair_trials/PAIR__PNAND3_R180__PINV_R180__g0p14_drc/PAIR__PNAND3_R180__PINV_R180__g0p14.lyrdb
PNAND3,R180,PINV,MX,0.0,False,0,False,False,False,True,,outputs/PROJECT_decoder_gate_abutment_matrix/_pair_trials/PAIR__PNAND3_R180__PINV_MX__g0p0.gds,da20c5f42cb6a40e82b5ba980cb4a1127323d81369680972ed1d7a4fa275b4be,outputs/PROJECT_decoder_gate_abutment_matrix/_pair_trials/PAIR__PNAND3_R180__PINV_MX__g0p0_drc/PAIR__PNAND3_R180__PINV_MX__g0p0.lyrdb
PNAND3,R180,PINV,MX,0.0025,False,0,False,False,False,True,,outputs/PROJECT_decoder_gate_abutment_matrix/_pair_trials/PAIR__PNAND3_R180__PINV_MX__g0p0025.gds,5e9a7ed8a01eeb401d828cfb4d1f61a4048a3375198045437178623fd71eb52b,outputs/PROJECT_decoder_gate_abutment_matrix/_pair_trials/PAIR__PNAND3_R180__PINV_MX__g0p0025_drc/PAIR__PNAND3_R180__PINV_MX__g0p0025.lyrdb
PNAND3,R180,PINV,MX,0.07,False,0,False,False,False,True,,outputs/PROJECT_decoder_gate_abutment_matrix/_pair_trials/PAIR__PNAND3_R180__PINV_MX__g0p07.gds,1e4ed9a8d8b2dac265728577a951fb1a887957157c6367ece883145e341d2372,outputs/PROJECT_decoder_gate_abutment_matrix/_pair_trials/PAIR__PNAND3_R180__PINV_MX__g0p07_drc/PAIR__PNAND3_R180__PINV_MX__g0p07.lyrdb
PNAND3,R180,PINV,MX,0.14,False,0,False,False,False,True,,outputs/PROJECT_decoder_gate_abutment_matrix/_pair_trials/PAIR__PNAND3_R180__PINV_MX__g0p14.gds,1f01e02125bec796c8896be4228b6b543efa39c87e715e937519b2450354926f,outputs/PROJECT_decoder_gate_abutment_matrix/_pair_trials/PAIR__PNAND3_R180__PINV_MX__g0p14_drc/PAIR__PNAND3_R180__PINV_MX__g0p14.lyrdb
PNAND3,R180,PINV,MY,0.0,True,0,False,True,False,True,,outputs/PROJECT_decoder_gate_abutment_matrix/_pair_trials/PAIR__PNAND3_R180__PINV_MY__g0p0.gds,d8c84b391c605f56fe5e25491c2cde1273fe85cee574e4bb1316857d89f5200e,outputs/PROJECT_decoder_gate_abutment_matrix/_pair_trials/PAIR__PNAND3_R180__PINV_MY__g0p0_drc/PAIR__PNAND3_R180__PINV_MY__g0p0.lyrdb
PNAND3,R180,PINV,MY,0.0025,True,0,False,True,False,True,,outputs/PROJECT_decoder_gate_abutment_matrix/_pair_trials/PAIR__PNAND3_R180__PINV_MY__g0p0025.gds,32c576d4bf59235e0b87dfa17380e9a4afce1c774e7129e8b3a2b1e4516dda0b,outputs/PROJECT_decoder_gate_abutment_matrix/_pair_trials/PAIR__PNAND3_R180__PINV_MY__g0p0025_drc/PAIR__PNAND3_R180__PINV_MY__g0p0025.lyrdb
PNAND3,R180,PINV,MY,0.07,True,0,False,True,False,True,,outputs/PROJECT_decoder_gate_abutment_matrix/_pair_trials/PAIR__PNAND3_R180__PINV_MY__g0p07.gds,c4419d6b4521439842aea2b85feebc74f8bd7b7b16f9037055da18fca153278f,outputs/PROJECT_decoder_gate_abutment_matrix/_pair_trials/PAIR__PNAND3_R180__PINV_MY__g0p07_drc/PAIR__PNAND3_R180__PINV_MY__g0p07.lyrdb
PNAND3,R180,PINV,MY,0.14,True,0,False,True,False,True,,outputs/PROJECT_decoder_gate_abutment_matrix/_pair_trials/PAIR__PNAND3_R180__PINV_MY__g0p14.gds,be021cb2f35a5a3dc96c8e6349a0b2377be00b2ce5584cf3cebfc035b8f05e4f,outputs/PROJECT_decoder_gate_abutment_matrix/_pair_trials/PAIR__PNAND3_R180__PINV_MY__g0p14_drc/PAIR__PNAND3_R180__PINV_MY__g0p14.lyrdb
PNAND3,R180,PNAND2,R0,0.0,True,0,False,True,False,True,,outputs/PROJECT_decoder_gate_abutment_matrix/_pair_trials/PAIR__PNAND3_R180__PNAND2_R0__g0p0.gds,a2252bec879560734da9b3a955d56ee665d86c94f09bf74e9341e26d2a59bad6,outputs/PROJECT_decoder_gate_abutment_matrix/_pair_trials/PAIR__PNAND3_R180__PNAND2_R0__g0p0_drc/PAIR__PNAND3_R180__PNAND2_R0__g0p0.lyrdb
PNAND3,R180,PNAND2,R0,0.0025,True,0,False,True,False,True,,outputs/PROJECT_decoder_gate_abutment_matrix/_pair_trials/PAIR__PNAND3_R180__PNAND2_R0__g0p0025.gds,997c803577b43998c8a82efcc183ee7e55271d29a1cffc9d53cf8577d8eb5444,outputs/PROJECT_decoder_gate_abutment_matrix/_pair_trials/PAIR__PNAND3_R180__PNAND2_R0__g0p0025_drc/PAIR__PNAND3_R180__PNAND2_R0__g0p0025.lyrdb
PNAND3,R180,PNAND2,R0,0.07,True,0,False,True,False,True,,outputs/PROJECT_decoder_gate_abutment_matrix/_pair_trials/PAIR__PNAND3_R180__PNAND2_R0__g0p07.gds,dfff208dc53705715df8be24404f7e476afe39eda025fb0640834b4cce248b4c,outputs/PROJECT_decoder_gate_abutment_matrix/_pair_trials/PAIR__PNAND3_R180__PNAND2_R0__g0p07_drc/PAIR__PNAND3_R180__PNAND2_R0__g0p07.lyrdb
PNAND3,R180,PNAND2,R0,0.14,True,0,False,True,False,True,,outputs/PROJECT_decoder_gate_abutment_matrix/_pair_trials/PAIR__PNAND3_R180__PNAND2_R0__g0p14.gds,a1aa742e5b4353f86c93ddf493a2ac622fae7d123c78d72a2b3e3a5d6c50d60f,outputs/PROJECT_decoder_gate_abutment_matrix/_pair_trials/PAIR__PNAND3_R180__PNAND2_R0__g0p14_drc/PAIR__PNAND3_R180__PNAND2_R0__g0p14.lyrdb
PNAND3,R180,PNAND2,R180,0.0,True,0,False,True,False,True,,outputs/PROJECT_decoder_gate_abutment_matrix/_pair_trials/PAIR__PNAND3_R180__PNAND2_R180__g0p0.gds,46f42dbc4b311f2f7438bc84d16bb3ad0f5df6522b540f759425f6c14d56bd39,outputs/PROJECT_decoder_gate_abutment_matrix/_pair_trials/PAIR__PNAND3_R180__PNAND2_R180__g0p0_drc/PAIR__PNAND3_R180__PNAND2_R180__g0p0.lyrdb
PNAND3,R180,PNAND2,R180,0.0025,True,0,False,True,False,True,,outputs/PROJECT_decoder_gate_abutment_matrix/_pair_trials/PAIR__PNAND3_R180__PNAND2_R180__g0p0025.gds,0cfaca44a6f57af5d3b84cab3982149f4c21c3d5bbb3a7508b51bbba6c7a715b,outputs/PROJECT_decoder_gate_abutment_matrix/_pair_trials/PAIR__PNAND3_R180__PNAND2_R180__g0p0025_drc/PAIR__PNAND3_R180__PNAND2_R180__g0p0025.lyrdb
PNAND3,R180,PNAND2,R180,0.07,True,0,False,True,False,True,,outputs/PROJECT_decoder_gate_abutment_matrix/_pair_trials/PAIR__PNAND3_R180__PNAND2_R180__g0p07.gds,d86f71a9ecd6198a4676295f21ca855e76d36abcb616ea3204492416ec9fc42d,outputs/PROJECT_decoder_gate_abutment_matrix/_pair_trials/PAIR__PNAND3_R180__PNAND2_R180__g0p07_drc/PAIR__PNAND3_R180__PNAND2_R180__g0p07.lyrdb
PNAND3,R180,PNAND2,R180,0.14,True,0,False,True,False,True,,outputs/PROJECT_decoder_gate_abutment_matrix/_pair_trials/PAIR__PNAND3_R180__PNAND2_R180__g0p14.gds,80f9fb0101c435faf9cb3cad4a04f322814f70c9d2635564d41f0775179cd643,outputs/PROJECT_decoder_gate_abutment_matrix/_pair_trials/PAIR__PNAND3_R180__PNAND2_R180__g0p14_drc/PAIR__PNAND3_R180__PNAND2_R180__g0p14.lyrdb
PNAND3,R180,PNAND2,MX,0.0,False,0,False,False,False,True,,outputs/PROJECT_decoder_gate_abutment_matrix/_pair_trials/PAIR__PNAND3_R180__PNAND2_MX__g0p0.gds,11ebea472a05103519020642f73f9acea98b878ad5156a830f8a6a8ca1d067ee,outputs/PROJECT_decoder_gate_abutment_matrix/_pair_trials/PAIR__PNAND3_R180__PNAND2_MX__g0p0_drc/PAIR__PNAND3_R180__PNAND2_MX__g0p0.lyrdb
PNAND3,R180,PNAND2,MX,0.0025,False,0,False,False,False,True,,outputs/PROJECT_decoder_gate_abutment_matrix/_pair_trials/PAIR__PNAND3_R180__PNAND2_MX__g0p0025.gds,ce88b18e3a699969088f0434aa62ae76824bcdc1efdfdae22ed69ace5e49bb17,outputs/PROJECT_decoder_gate_abutment_matrix/_pair_trials/PAIR__PNAND3_R180__PNAND2_MX__g0p0025_drc/PAIR__PNAND3_R180__PNAND2_MX__g0p0025.lyrdb
PNAND3,R180,PNAND2,MX,0.07,False,0,False,False,False,True,,outputs/PROJECT_decoder_gate_abutment_matrix/_pair_trials/PAIR__PNAND3_R180__PNAND2_MX__g0p07.gds,91717514e27931817a4144512c213ae2bff7543dc531a465b74f39e282daf49c,outputs/PROJECT_decoder_gate_abutment_matrix/_pair_trials/PAIR__PNAND3_R180__PNAND2_MX__g0p07_drc/PAIR__PNAND3_R180__PNAND2_MX__g0p07.lyrdb
PNAND3,R180,PNAND2,MX,0.14,False,0,False,False,False,True,,outputs/PROJECT_decoder_gate_abutment_matrix/_pair_trials/PAIR__PNAND3_R180__PNAND2_MX__g0p14.gds,58b91964bb410811405a80f6d8b75a33ca0b4adeffd5a2ddc6abd6e7cd2986bd,outputs/PROJECT_decoder_gate_abutment_matrix/_pair_trials/PAIR__PNAND3_R180__PNAND2_MX__g0p14_drc/PAIR__PNAND3_R180__PNAND2_MX__g0p14.lyrdb
PNAND3,R180,PNAND2,MY,0.0,True,0,False,True,False,True,,outputs/PROJECT_decoder_gate_abutment_matrix/_pair_trials/PAIR__PNAND3_R180__PNAND2_MY__g0p0.gds,db9083499f2e6fe4949cc8c56863f963b70c2436958bdf2ad431889ad1694a88,outputs/PROJECT_decoder_gate_abutment_matrix/_pair_trials/PAIR__PNAND3_R180__PNAND2_MY__g0p0_drc/PAIR__PNAND3_R180__PNAND2_MY__g0p0.lyrdb
PNAND3,R180,PNAND2,MY,0.0025,True,0,False,True,False,True,,outputs/PROJECT_decoder_gate_abutment_matrix/_pair_trials/PAIR__PNAND3_R180__PNAND2_MY__g0p0025.gds,233e9e31ca45777a0d45032660ae7d236f4003900232c60ec4a6d570824f84e8,outputs/PROJECT_decoder_gate_abutment_matrix/_pair_trials/PAIR__PNAND3_R180__PNAND2_MY__g0p0025_drc/PAIR__PNAND3_R180__PNAND2_MY__g0p0025.lyrdb
PNAND3,R180,PNAND2,MY,0.07,True,0,False,True,False,True,,outputs/PROJECT_decoder_gate_abutment_matrix/_pair_trials/PAIR__PNAND3_R180__PNAND2_MY__g0p07.gds,38c2ad91127db10da395635dd5230754bc2a668c4d8724de0649cfae4f5e3eec,outputs/PROJECT_decoder_gate_abutment_matrix/_pair_trials/PAIR__PNAND3_R180__PNAND2_MY__g0p07_drc/PAIR__PNAND3_R180__PNAND2_MY__g0p07.lyrdb
PNAND3,R180,PNAND2,MY,0.14,True,0,False,True,False,True,,outputs/PROJECT_decoder_gate_abutment_matrix/_pair_trials/PAIR__PNAND3_R180__PNAND2_MY__g0p14.gds,ec96ff7fbec3444e760bcafee5fc5d6a45ca214850c88d5232995b90ffd453b2,outputs/PROJECT_decoder_gate_abutment_matrix/_pair_trials/PAIR__PNAND3_R180__PNAND2_MY__g0p14_drc/PAIR__PNAND3_R180__PNAND2_MY__g0p14.lyrdb
PNAND3,R180,PNAND3,R0,0.0,True,0,False,True,False,True,,outputs/PROJECT_decoder_gate_abutment_matrix/_pair_trials/PAIR__PNAND3_R180__PNAND3_R0__g0p0.gds,04ff1a1e714173cde13274d1fb13de56c76b69b06ca09060dd5f6f1decfb0d00,outputs/PROJECT_decoder_gate_abutment_matrix/_pair_trials/PAIR__PNAND3_R180__PNAND3_R0__g0p0_drc/PAIR__PNAND3_R180__PNAND3_R0__g0p0.lyrdb
PNAND3,R180,PNAND3,R0,0.0025,True,0,False,True,False,True,,outputs/PROJECT_decoder_gate_abutment_matrix/_pair_trials/PAIR__PNAND3_R180__PNAND3_R0__g0p0025.gds,2d33f176d9d39241ce6d4aaf8565b2add82ccbf9d0dcbffb0bcc8168bb848f58,outputs/PROJECT_decoder_gate_abutment_matrix/_pair_trials/PAIR__PNAND3_R180__PNAND3_R0__g0p0025_drc/PAIR__PNAND3_R180__PNAND3_R0__g0p0025.lyrdb
PNAND3,R180,PNAND3,R0,0.07,True,0,False,True,False,True,,outputs/PROJECT_decoder_gate_abutment_matrix/_pair_trials/PAIR__PNAND3_R180__PNAND3_R0__g0p07.gds,e456f1887eee314593f733ace2ee8fcff4bb584e86a80cb3c4e0d2096eb9ced7,outputs/PROJECT_decoder_gate_abutment_matrix/_pair_trials/PAIR__PNAND3_R180__PNAND3_R0__g0p07_drc/PAIR__PNAND3_R180__PNAND3_R0__g0p07.lyrdb
PNAND3,R180,PNAND3,R0,0.14,True,0,False,True,False,True,,outputs/PROJECT_decoder_gate_abutment_matrix/_pair_trials/PAIR__PNAND3_R180__PNAND3_R0__g0p14.gds,fbc7b00319e6ace55cf6b57968b8f6bc3908e272955a553afe9cd1f01a114655,outputs/PROJECT_decoder_gate_abutment_matrix/_pair_trials/PAIR__PNAND3_R180__PNAND3_R0__g0p14_drc/PAIR__PNAND3_R180__PNAND3_R0__g0p14.lyrdb
PNAND3,R180,PNAND3,R180,0.0,True,0,False,True,False,True,,outputs/PROJECT_decoder_gate_abutment_matrix/_pair_trials/PAIR__PNAND3_R180__PNAND3_R180__g0p0.gds,b6f45b163dff4e844bd1de48c7b14bdab24ad87ae2ac4bc48cbeab7dbaeaf03b,outputs/PROJECT_decoder_gate_abutment_matrix/_pair_trials/PAIR__PNAND3_R180__PNAND3_R180__g0p0_drc/PAIR__PNAND3_R180__PNAND3_R180__g0p0.lyrdb
PNAND3,R180,PNAND3,R180,0.0025,True,1,False,True,True,False,drc_marker_count=1,outputs/PROJECT_decoder_gate_abutment_matrix/_pair_trials/PAIR__PNAND3_R180__PNAND3_R180__g0p0025.gds,e13a92cd8e2ae388ad62f6908722af5d556bd0f9b60ea45f23baca21f5e349a8,outputs/PROJECT_decoder_gate_abutment_matrix/_pair_trials/PAIR__PNAND3_R180__PNAND3_R180__g0p0025_drc/PAIR__PNAND3_R180__PNAND3_R180__g0p0025.lyrdb
PNAND3,R180,PNAND3,R180,0.07,True,1,False,True,True,False,drc_marker_count=1,outputs/PROJECT_decoder_gate_abutment_matrix/_pair_trials/PAIR__PNAND3_R180__PNAND3_R180__g0p07.gds,11aea15cc4f0d353b6b4a5009802b5d2013afe6b021b16ac0b88031f5ffa8dae,outputs/PROJECT_decoder_gate_abutment_matrix/_pair_trials/PAIR__PNAND3_R180__PNAND3_R180__g0p07_drc/PAIR__PNAND3_R180__PNAND3_R180__g0p07.lyrdb
PNAND3,R180,PNAND3,R180,0.14,True,1,False,True,True,False,drc_marker_count=1,outputs/PROJECT_decoder_gate_abutment_matrix/_pair_trials/PAIR__PNAND3_R180__PNAND3_R180__g0p14.gds,dfa4ffd0aa26ad05009ecc3b321496f944877ee9276fd47a1c63556fa35a1cbf,outputs/PROJECT_decoder_gate_abutment_matrix/_pair_trials/PAIR__PNAND3_R180__PNAND3_R180__g0p14_drc/PAIR__PNAND3_R180__PNAND3_R180__g0p14.lyrdb
PNAND3,R180,PNAND3,MX,0.0,False,0,False,False,False,True,,outputs/PROJECT_decoder_gate_abutment_matrix/_pair_trials/PAIR__PNAND3_R180__PNAND3_MX__g0p0.gds,f00638cd372581f427e44413421c29e377945e54964c4ffcb050dc529906f3bf,outputs/PROJECT_decoder_gate_abutment_matrix/_pair_trials/PAIR__PNAND3_R180__PNAND3_MX__g0p0_drc/PAIR__PNAND3_R180__PNAND3_MX__g0p0.lyrdb
PNAND3,R180,PNAND3,MX,0.0025,False,0,False,False,False,True,,outputs/PROJECT_decoder_gate_abutment_matrix/_pair_trials/PAIR__PNAND3_R180__PNAND3_MX__g0p0025.gds,f7400eb6a9a54b01d426f6cf76c49fa07a737c42afd07ff5b6e943665a988b7a,outputs/PROJECT_decoder_gate_abutment_matrix/_pair_trials/PAIR__PNAND3_R180__PNAND3_MX__g0p0025_drc/PAIR__PNAND3_R180__PNAND3_MX__g0p0025.lyrdb
PNAND3,R180,PNAND3,MX,0.07,False,0,False,False,False,True,,outputs/PROJECT_decoder_gate_abutment_matrix/_pair_trials/PAIR__PNAND3_R180__PNAND3_MX__g0p07.gds,06fa91852c087980bfc11fe616a3fc83e0cb200d903625992687f4e16796c763,outputs/PROJECT_decoder_gate_abutment_matrix/_pair_trials/PAIR__PNAND3_R180__PNAND3_MX__g0p07_drc/PAIR__PNAND3_R180__PNAND3_MX__g0p07.lyrdb
PNAND3,R180,PNAND3,MX,0.14,False,0,False,False,False,True,,outputs/PROJECT_decoder_gate_abutment_matrix/_pair_trials/PAIR__PNAND3_R180__PNAND3_MX__g0p14.gds,324fe3d84114443cd3f6957fc35e5d329adb17376978d178ba29a0e9727a1114,outputs/PROJECT_decoder_gate_abutment_matrix/_pair_trials/PAIR__PNAND3_R180__PNAND3_MX__g0p14_drc/PAIR__PNAND3_R180__PNAND3_MX__g0p14.lyrdb
PNAND3,R180,PNAND3,MY,0.0,True,0,False,True,False,True,,outputs/PROJECT_decoder_gate_abutment_matrix/_pair_trials/PAIR__PNAND3_R180__PNAND3_MY__g0p0.gds,34bddd348417ba3ac02f979280f1d37f9e9c8ce15f3dc2a3296f7793ab93ffde,outputs/PROJECT_decoder_gate_abutment_matrix/_pair_trials/PAIR__PNAND3_R180__PNAND3_MY__g0p0_drc/PAIR__PNAND3_R180__PNAND3_MY__g0p0.lyrdb
PNAND3,R180,PNAND3,MY,0.0025,True,1,False,True,True,False,drc_marker_count=1,outputs/PROJECT_decoder_gate_abutment_matrix/_pair_trials/PAIR__PNAND3_R180__PNAND3_MY__g0p0025.gds,90c99b8781276897d279f616cb762e5e0ed916bd2cbb0fc8fb6d2d609719d00b,outputs/PROJECT_decoder_gate_abutment_matrix/_pair_trials/PAIR__PNAND3_R180__PNAND3_MY__g0p0025_drc/PAIR__PNAND3_R180__PNAND3_MY__g0p0025.lyrdb
PNAND3,R180,PNAND3,MY,0.07,True,1,False,True,True,False,drc_marker_count=1,outputs/PROJECT_decoder_gate_abutment_matrix/_pair_trials/PAIR__PNAND3_R180__PNAND3_MY__g0p07.gds,374b0467b572619db96c75505e9819983df66bb3e8415c1fe5367d3a9ac28d44,outputs/PROJECT_decoder_gate_abutment_matrix/_pair_trials/PAIR__PNAND3_R180__PNAND3_MY__g0p07_drc/PAIR__PNAND3_R180__PNAND3_MY__g0p07.lyrdb
PNAND3,R180,PNAND3,MY,0.14,True,1,False,True,True,False,drc_marker_count=1,outputs/PROJECT_decoder_gate_abutment_matrix/_pair_trials/PAIR__PNAND3_R180__PNAND3_MY__g0p14.gds,b7c45ca012e995d3c006866542c271761a3c1b8bfb49d627b6f4372223f362bc,outputs/PROJECT_decoder_gate_abutment_matrix/_pair_trials/PAIR__PNAND3_R180__PNAND3_MY__g0p14_drc/PAIR__PNAND3_R180__PNAND3_MY__g0p14.lyrdb
PNAND3,R180,AND2,R0,0.0,True,0,False,True,False,True,,outputs/PROJECT_decoder_gate_abutment_matrix/_pair_trials/PAIR__PNAND3_R180__AND2_R0__g0p0.gds,14a3cc86fb5f863054272b21efad469360537e00eb6057b4d67c2b7220d41ee7,outputs/PROJECT_decoder_gate_abutment_matrix/_pair_trials/PAIR__PNAND3_R180__AND2_R0__g0p0_drc/PAIR__PNAND3_R180__AND2_R0__g0p0.lyrdb
PNAND3,R180,AND2,R0,0.0025,True,0,False,True,False,True,,outputs/PROJECT_decoder_gate_abutment_matrix/_pair_trials/PAIR__PNAND3_R180__AND2_R0__g0p0025.gds,7b06affb29d071497e52d2541c814a2f20a91e253c50b55380d5250d0e014391,outputs/PROJECT_decoder_gate_abutment_matrix/_pair_trials/PAIR__PNAND3_R180__AND2_R0__g0p0025_drc/PAIR__PNAND3_R180__AND2_R0__g0p0025.lyrdb
PNAND3,R180,AND2,R0,0.07,True,0,False,True,False,True,,outputs/PROJECT_decoder_gate_abutment_matrix/_pair_trials/PAIR__PNAND3_R180__AND2_R0__g0p07.gds,9c016b83a32ac2d544ca6c1b41824ed6389a6351dd5cfe297d2cb4854974c11e,outputs/PROJECT_decoder_gate_abutment_matrix/_pair_trials/PAIR__PNAND3_R180__AND2_R0__g0p07_drc/PAIR__PNAND3_R180__AND2_R0__g0p07.lyrdb
PNAND3,R180,AND2,R0,0.14,True,0,False,True,False,True,,outputs/PROJECT_decoder_gate_abutment_matrix/_pair_trials/PAIR__PNAND3_R180__AND2_R0__g0p14.gds,6a8e50651d01791fd9270d1c1c21efe8bf8b96b5bb9bd7c3d1ce02c2e833b047,outputs/PROJECT_decoder_gate_abutment_matrix/_pair_trials/PAIR__PNAND3_R180__AND2_R0__g0p14_drc/PAIR__PNAND3_R180__AND2_R0__g0p14.lyrdb
PNAND3,R180,AND2,R180,0.0,True,15,False,True,True,False,drc_marker_count=15,outputs/PROJECT_decoder_gate_abutment_matrix/_pair_trials/PAIR__PNAND3_R180__AND2_R180__g0p0.gds,e2a5d2c562b50dbec7209812fbaee23f822ab1f5e6551f03e67b80c755abcdad,outputs/PROJECT_decoder_gate_abutment_matrix/_pair_trials/PAIR__PNAND3_R180__AND2_R180__g0p0_drc/PAIR__PNAND3_R180__AND2_R180__g0p0.lyrdb
PNAND3,R180,AND2,R180,0.0025,True,17,False,True,True,False,drc_marker_count=17,outputs/PROJECT_decoder_gate_abutment_matrix/_pair_trials/PAIR__PNAND3_R180__AND2_R180__g0p0025.gds,6bf6e7b49aabf62039873bb3bda4d10a7c24a1cc7b82cbaafd951d570b2b30be,outputs/PROJECT_decoder_gate_abutment_matrix/_pair_trials/PAIR__PNAND3_R180__AND2_R180__g0p0025_drc/PAIR__PNAND3_R180__AND2_R180__g0p0025.lyrdb
PNAND3,R180,AND2,R180,0.07,True,32,False,True,True,False,drc_marker_count=32,outputs/PROJECT_decoder_gate_abutment_matrix/_pair_trials/PAIR__PNAND3_R180__AND2_R180__g0p07.gds,6b474c694d38b9a62ae6b339cc7121862156dcd090574861e2c922db6244dd58,outputs/PROJECT_decoder_gate_abutment_matrix/_pair_trials/PAIR__PNAND3_R180__AND2_R180__g0p07_drc/PAIR__PNAND3_R180__AND2_R180__g0p07.lyrdb
PNAND3,R180,AND2,R180,0.14,True,16,False,True,True,False,drc_marker_count=16,outputs/PROJECT_decoder_gate_abutment_matrix/_pair_trials/PAIR__PNAND3_R180__AND2_R180__g0p14.gds,51d5911e09fd799befa6ec4d83f547f6e953607d10714d8ddbceb50164a666b9,outputs/PROJECT_decoder_gate_abutment_matrix/_pair_trials/PAIR__PNAND3_R180__AND2_R180__g0p14_drc/PAIR__PNAND3_R180__AND2_R180__g0p14.lyrdb
PNAND3,R180,AND2,MX,0.0,False,0,False,False,False,True,,outputs/PROJECT_decoder_gate_abutment_matrix/_pair_trials/PAIR__PNAND3_R180__AND2_MX__g0p0.gds,b5452f2a3f1399d0b8193b0cd89933702da836ed7e90c5f0291e7939f2683e72,outputs/PROJECT_decoder_gate_abutment_matrix/_pair_trials/PAIR__PNAND3_R180__AND2_MX__g0p0_drc/PAIR__PNAND3_R180__AND2_MX__g0p0.lyrdb
PNAND3,R180,AND2,MX,0.0025,False,0,False,False,False,True,,outputs/PROJECT_decoder_gate_abutment_matrix/_pair_trials/PAIR__PNAND3_R180__AND2_MX__g0p0025.gds,b29531bfc10b85130699ee16ced99310f7dcf56515869264d5000d763335f52b,outputs/PROJECT_decoder_gate_abutment_matrix/_pair_trials/PAIR__PNAND3_R180__AND2_MX__g0p0025_drc/PAIR__PNAND3_R180__AND2_MX__g0p0025.lyrdb
PNAND3,R180,AND2,MX,0.07,False,0,False,False,False,True,,outputs/PROJECT_decoder_gate_abutment_matrix/_pair_trials/PAIR__PNAND3_R180__AND2_MX__g0p07.gds,f8b9dce088a8d69247c3799b38d8d724687f933613cd76f427172c8514387872,outputs/PROJECT_decoder_gate_abutment_matrix/_pair_trials/PAIR__PNAND3_R180__AND2_MX__g0p07_drc/PAIR__PNAND3_R180__AND2_MX__g0p07.lyrdb
PNAND3,R180,AND2,MX,0.14,False,0,False,False,False,True,,outputs/PROJECT_decoder_gate_abutment_matrix/_pair_trials/PAIR__PNAND3_R180__AND2_MX__g0p14.gds,b3d1f6ae0f7c88c666569cd8804415887b624ab567a2e28c8f1fe2d93ab1203b,outputs/PROJECT_decoder_gate_abutment_matrix/_pair_trials/PAIR__PNAND3_R180__AND2_MX__g0p14_drc/PAIR__PNAND3_R180__AND2_MX__g0p14.lyrdb
PNAND3,R180,AND2,MY,0.0,True,0,False,True,False,True,,outputs/PROJECT_decoder_gate_abutment_matrix/_pair_trials/PAIR__PNAND3_R180__AND2_MY__g0p0.gds,c2d080a8e24c4ddab8025a3df797530727da8bbaa2e1a3870b163604e63d5662,outputs/PROJECT_decoder_gate_abutment_matrix/_pair_trials/PAIR__PNAND3_R180__AND2_MY__g0p0_drc/PAIR__PNAND3_R180__AND2_MY__g0p0.lyrdb
PNAND3,R180,AND2,MY,0.0025,True,0,False,True,False,True,,outputs/PROJECT_decoder_gate_abutment_matrix/_pair_trials/PAIR__PNAND3_R180__AND2_MY__g0p0025.gds,afa064f1db8f73347db8d01e2fe99581306db70e55ed80b1f2f2a7ff8eae463d,outputs/PROJECT_decoder_gate_abutment_matrix/_pair_trials/PAIR__PNAND3_R180__AND2_MY__g0p0025_drc/PAIR__PNAND3_R180__AND2_MY__g0p0025.lyrdb
PNAND3,R180,AND2,MY,0.07,True,0,False,True,False,True,,outputs/PROJECT_decoder_gate_abutment_matrix/_pair_trials/PAIR__PNAND3_R180__AND2_MY__g0p07.gds,c15da81f1ee5ac30336872707f72d0db2bbfa38bcacf1a0c25cc721028c6fa13,outputs/PROJECT_decoder_gate_abutment_matrix/_pair_trials/PAIR__PNAND3_R180__AND2_MY__g0p07_drc/PAIR__PNAND3_R180__AND2_MY__g0p07.lyrdb
PNAND3,R180,AND2,MY,0.14,True,0,False,True,False,True,,outputs/PROJECT_decoder_gate_abutment_matrix/_pair_trials/PAIR__PNAND3_R180__AND2_MY__g0p14.gds,1981114cf66dee9ec6e9426a858920f49f14f04b82068ef6cab310f8d23a6d49,outputs/PROJECT_decoder_gate_abutment_matrix/_pair_trials/PAIR__PNAND3_R180__AND2_MY__g0p14_drc/PAIR__PNAND3_R180__AND2_MY__g0p14.lyrdb
PNAND3,R180,AND3,R0,0.0,True,0,False,True,False,True,,outputs/PROJECT_decoder_gate_abutment_matrix/_pair_trials/PAIR__PNAND3_R180__AND3_R0__g0p0.gds,d49dba3166c31b16959c1b54b0af79304d08bd34d679263520215695093c1cb4,outputs/PROJECT_decoder_gate_abutment_matrix/_pair_trials/PAIR__PNAND3_R180__AND3_R0__g0p0_drc/PAIR__PNAND3_R180__AND3_R0__g0p0.lyrdb
PNAND3,R180,AND3,R0,0.0025,True,0,False,True,False,True,,outputs/PROJECT_decoder_gate_abutment_matrix/_pair_trials/PAIR__PNAND3_R180__AND3_R0__g0p0025.gds,3fb207d5b972513d15ab7daf637f92ef9bf9d29a8f9ee6a03d92951ec0ae5d36,outputs/PROJECT_decoder_gate_abutment_matrix/_pair_trials/PAIR__PNAND3_R180__AND3_R0__g0p0025_drc/PAIR__PNAND3_R180__AND3_R0__g0p0025.lyrdb
PNAND3,R180,AND3,R0,0.07,True,0,False,True,False,True,,outputs/PROJECT_decoder_gate_abutment_matrix/_pair_trials/PAIR__PNAND3_R180__AND3_R0__g0p07.gds,6098b058e54c07600dec8985d8606c4f792cc804497fdb6ec4937372ae0918ca,outputs/PROJECT_decoder_gate_abutment_matrix/_pair_trials/PAIR__PNAND3_R180__AND3_R0__g0p07_drc/PAIR__PNAND3_R180__AND3_R0__g0p07.lyrdb
PNAND3,R180,AND3,R0,0.14,True,0,False,True,False,True,,outputs/PROJECT_decoder_gate_abutment_matrix/_pair_trials/PAIR__PNAND3_R180__AND3_R0__g0p14.gds,304a71a79996d6f41463053c39483e5c809008d129f127e97591657dcd36b4aa,outputs/PROJECT_decoder_gate_abutment_matrix/_pair_trials/PAIR__PNAND3_R180__AND3_R0__g0p14_drc/PAIR__PNAND3_R180__AND3_R0__g0p14.lyrdb
PNAND3,R180,AND3,R180,0.0,True,61,False,True,True,False,drc_marker_count=61,outputs/PROJECT_decoder_gate_abutment_matrix/_pair_trials/PAIR__PNAND3_R180__AND3_R180__g0p0.gds,5875dabc98bda86b52c43aa6293f74fb9906ab55f72b553a69bbc570e8526e9c,outputs/PROJECT_decoder_gate_abutment_matrix/_pair_trials/PAIR__PNAND3_R180__AND3_R180__g0p0_drc/PAIR__PNAND3_R180__AND3_R180__g0p0.lyrdb
PNAND3,R180,AND3,R180,0.0025,True,61,False,True,True,False,drc_marker_count=61,outputs/PROJECT_decoder_gate_abutment_matrix/_pair_trials/PAIR__PNAND3_R180__AND3_R180__g0p0025.gds,0d196c9069d59527990833523fe72218edcabb4104f6f2c976f4e841977a62da,outputs/PROJECT_decoder_gate_abutment_matrix/_pair_trials/PAIR__PNAND3_R180__AND3_R180__g0p0025_drc/PAIR__PNAND3_R180__AND3_R180__g0p0025.lyrdb
PNAND3,R180,AND3,R180,0.07,True,31,False,True,True,False,drc_marker_count=31,outputs/PROJECT_decoder_gate_abutment_matrix/_pair_trials/PAIR__PNAND3_R180__AND3_R180__g0p07.gds,0ab69ea8d4bae151fb2adbc1fb600af38ca52ea657f8a96d5c3a86087f072fe3,outputs/PROJECT_decoder_gate_abutment_matrix/_pair_trials/PAIR__PNAND3_R180__AND3_R180__g0p07_drc/PAIR__PNAND3_R180__AND3_R180__g0p07.lyrdb
PNAND3,R180,AND3,R180,0.14,True,31,False,True,True,False,drc_marker_count=31,outputs/PROJECT_decoder_gate_abutment_matrix/_pair_trials/PAIR__PNAND3_R180__AND3_R180__g0p14.gds,0f8573a2fbeace4ca93d273cecb4440890c3ee9272640670171512dd0d05002d,outputs/PROJECT_decoder_gate_abutment_matrix/_pair_trials/PAIR__PNAND3_R180__AND3_R180__g0p14_drc/PAIR__PNAND3_R180__AND3_R180__g0p14.lyrdb
PNAND3,R180,AND3,MX,0.0,False,0,False,False,False,True,,outputs/PROJECT_decoder_gate_abutment_matrix/_pair_trials/PAIR__PNAND3_R180__AND3_MX__g0p0.gds,d950c0d474ac742871f12d96613fd25ea0fa42a3c520f987b64f43a978da8180,outputs/PROJECT_decoder_gate_abutment_matrix/_pair_trials/PAIR__PNAND3_R180__AND3_MX__g0p0_drc/PAIR__PNAND3_R180__AND3_MX__g0p0.lyrdb
PNAND3,R180,AND3,MX,0.0025,False,0,False,False,False,True,,outputs/PROJECT_decoder_gate_abutment_matrix/_pair_trials/PAIR__PNAND3_R180__AND3_MX__g0p0025.gds,cbc5f4871a261c947905a66dec40b9abc79a75803b92c7ea31400897cd6cf465,outputs/PROJECT_decoder_gate_abutment_matrix/_pair_trials/PAIR__PNAND3_R180__AND3_MX__g0p0025_drc/PAIR__PNAND3_R180__AND3_MX__g0p0025.lyrdb
PNAND3,R180,AND3,MX,0.07,False,0,False,False,False,True,,outputs/PROJECT_decoder_gate_abutment_matrix/_pair_trials/PAIR__PNAND3_R180__AND3_MX__g0p07.gds,769583959ae8d78a422a035a20e679e807bfcdb66b389a4ff9bbfd0f5f4c5d64,outputs/PROJECT_decoder_gate_abutment_matrix/_pair_trials/PAIR__PNAND3_R180__AND3_MX__g0p07_drc/PAIR__PNAND3_R180__AND3_MX__g0p07.lyrdb
PNAND3,R180,AND3,MX,0.14,False,0,False,False,False,True,,outputs/PROJECT_decoder_gate_abutment_matrix/_pair_trials/PAIR__PNAND3_R180__AND3_MX__g0p14.gds,570ddf6471512b1a54548aa599f2dc621d0b0d578f4ca013b7a7036d42980830,outputs/PROJECT_decoder_gate_abutment_matrix/_pair_trials/PAIR__PNAND3_R180__AND3_MX__g0p14_drc/PAIR__PNAND3_R180__AND3_MX__g0p14.lyrdb
PNAND3,R180,AND3,MY,0.0,True,0,False,True,False,True,,outputs/PROJECT_decoder_gate_abutment_matrix/_pair_trials/PAIR__PNAND3_R180__AND3_MY__g0p0.gds,b7208cfa9416739864bd9292c0e43414c1e62e0db5ecbe2d6007350e1595194a,outputs/PROJECT_decoder_gate_abutment_matrix/_pair_trials/PAIR__PNAND3_R180__AND3_MY__g0p0_drc/PAIR__PNAND3_R180__AND3_MY__g0p0.lyrdb
PNAND3,R180,AND3,MY,0.0025,True,0,False,True,False,True,,outputs/PROJECT_decoder_gate_abutment_matrix/_pair_trials/PAIR__PNAND3_R180__AND3_MY__g0p0025.gds,bba4e432baaee54568f9faf3aebc76e937646bc431da0ca80bced59a84c3e335,outputs/PROJECT_decoder_gate_abutment_matrix/_pair_trials/PAIR__PNAND3_R180__AND3_MY__g0p0025_drc/PAIR__PNAND3_R180__AND3_MY__g0p0025.lyrdb
PNAND3,R180,AND3,MY,0.07,True,0,False,True,False,True,,outputs/PROJECT_decoder_gate_abutment_matrix/_pair_trials/PAIR__PNAND3_R180__AND3_MY__g0p07.gds,e6c4dda6c7d8ec42e19df4a7213c05572e05351954e58e13c6e435922f76caa6,outputs/PROJECT_decoder_gate_abutment_matrix/_pair_trials/PAIR__PNAND3_R180__AND3_MY__g0p07_drc/PAIR__PNAND3_R180__AND3_MY__g0p07.lyrdb
PNAND3,R180,AND3,MY,0.14,True,0,False,True,False,True,,outputs/PROJECT_decoder_gate_abutment_matrix/_pair_trials/PAIR__PNAND3_R180__AND3_MY__g0p14.gds,4091575ebf9843cda37bc8d2bf851916b4676bac1a20f1a1f5a4df1361ddf5b2,outputs/PROJECT_decoder_gate_abutment_matrix/_pair_trials/PAIR__PNAND3_R180__AND3_MY__g0p14_drc/PAIR__PNAND3_R180__AND3_MY__g0p14.lyrdb
PNAND3,R180,WORDLINEDRIVER,R0,0.0,True,0,False,True,False,True,,outputs/PROJECT_decoder_gate_abutment_matrix/_pair_trials/PAIR__PNAND3_R180__WORDLINEDRIVER_R0__g0p0.gds,d886f74d53c3fa47f8692fc2ca8c339350b9781d8a85ff22842e0fbb1d42d4bf,outputs/PROJECT_decoder_gate_abutment_matrix/_pair_trials/PAIR__PNAND3_R180__WORDLINEDRIVER_R0__g0p0_drc/PAIR__PNAND3_R180__WORDLINEDRIVER_R0__g0p0.lyrdb
PNAND3,R180,WORDLINEDRIVER,R0,0.0025,True,0,False,True,False,True,,outputs/PROJECT_decoder_gate_abutment_matrix/_pair_trials/PAIR__PNAND3_R180__WORDLINEDRIVER_R0__g0p0025.gds,0d53fbb0df52fba7c25928c2a367192a153f314390abdfc159e07d871ac90a94,outputs/PROJECT_decoder_gate_abutment_matrix/_pair_trials/PAIR__PNAND3_R180__WORDLINEDRIVER_R0__g0p0025_drc/PAIR__PNAND3_R180__WORDLINEDRIVER_R0__g0p0025.lyrdb
PNAND3,R180,WORDLINEDRIVER,R0,0.07,True,0,False,True,False,True,,outputs/PROJECT_decoder_gate_abutment_matrix/_pair_trials/PAIR__PNAND3_R180__WORDLINEDRIVER_R0__g0p07.gds,1eeb76a9d4f0ff1cbbe636ecb47dc5bc57285b5c0605d56c0f51d2a0f5f62a55,outputs/PROJECT_decoder_gate_abutment_matrix/_pair_trials/PAIR__PNAND3_R180__WORDLINEDRIVER_R0__g0p07_drc/PAIR__PNAND3_R180__WORDLINEDRIVER_R0__g0p07.lyrdb
PNAND3,R180,WORDLINEDRIVER,R0,0.14,True,0,False,True,False,True,,outputs/PROJECT_decoder_gate_abutment_matrix/_pair_trials/PAIR__PNAND3_R180__WORDLINEDRIVER_R0__g0p14.gds,16c153e0401db0df18053806b4ae9acfa2d7569b45b084472322f5bb1ac498a2,outputs/PROJECT_decoder_gate_abutment_matrix/_pair_trials/PAIR__PNAND3_R180__WORDLINEDRIVER_R0__g0p14_drc/PAIR__PNAND3_R180__WORDLINEDRIVER_R0__g0p14.lyrdb
PNAND3,R180,WORDLINEDRIVER,R180,0.0,True,70,False,True,True,False,drc_marker_count=70,outputs/PROJECT_decoder_gate_abutment_matrix/_pair_trials/PAIR__PNAND3_R180__WORDLINEDRIVER_R180__g0p0.gds,b90c1a27a2c360985dfd58855b68a0950233dbfe85221ff5ed447c815a648cd1,outputs/PROJECT_decoder_gate_abutment_matrix/_pair_trials/PAIR__PNAND3_R180__WORDLINEDRIVER_R180__g0p0_drc/PAIR__PNAND3_R180__WORDLINEDRIVER_R180__g0p0.lyrdb
PNAND3,R180,WORDLINEDRIVER,R180,0.0025,True,65,False,True,True,False,drc_marker_count=65,outputs/PROJECT_decoder_gate_abutment_matrix/_pair_trials/PAIR__PNAND3_R180__WORDLINEDRIVER_R180__g0p0025.gds,b18b1686dd9e8dfa7041923aca460fdf53e5e22fe62e0e6ea02bdc139fd64e6d,outputs/PROJECT_decoder_gate_abutment_matrix/_pair_trials/PAIR__PNAND3_R180__WORDLINEDRIVER_R180__g0p0025_drc/PAIR__PNAND3_R180__WORDLINEDRIVER_R180__g0p0025.lyrdb
PNAND3,R180,WORDLINEDRIVER,R180,0.07,True,32,False,True,True,False,drc_marker_count=32,outputs/PROJECT_decoder_gate_abutment_matrix/_pair_trials/PAIR__PNAND3_R180__WORDLINEDRIVER_R180__g0p07.gds,57e5dee6586f96e5cdfb9d4142fd0962ee08ba4182a4749d5b2d04c71227d244,outputs/PROJECT_decoder_gate_abutment_matrix/_pair_trials/PAIR__PNAND3_R180__WORDLINEDRIVER_R180__g0p07_drc/PAIR__PNAND3_R180__WORDLINEDRIVER_R180__g0p07.lyrdb
PNAND3,R180,WORDLINEDRIVER,R180,0.14,True,31,False,True,True,False,drc_marker_count=31,outputs/PROJECT_decoder_gate_abutment_matrix/_pair_trials/PAIR__PNAND3_R180__WORDLINEDRIVER_R180__g0p14.gds,476cc8ab77bf870cbcd8a5db7d2a4a08f202cfab49aa08acef474d4f6f9fa72c,outputs/PROJECT_decoder_gate_abutment_matrix/_pair_trials/PAIR__PNAND3_R180__WORDLINEDRIVER_R180__g0p14_drc/PAIR__PNAND3_R180__WORDLINEDRIVER_R180__g0p14.lyrdb
PNAND3,R180,WORDLINEDRIVER,MX,0.0,False,0,False,False,False,True,,outputs/PROJECT_decoder_gate_abutment_matrix/_pair_trials/PAIR__PNAND3_R180__WORDLINEDRIVER_MX__g0p0.gds,451dc9a2902fc046e53da2f2cc87ff9051597e29288472ef5aa636dd3fac2023,outputs/PROJECT_decoder_gate_abutment_matrix/_pair_trials/PAIR__PNAND3_R180__WORDLINEDRIVER_MX__g0p0_drc/PAIR__PNAND3_R180__WORDLINEDRIVER_MX__g0p0.lyrdb
PNAND3,R180,WORDLINEDRIVER,MX,0.0025,False,0,False,False,False,True,,outputs/PROJECT_decoder_gate_abutment_matrix/_pair_trials/PAIR__PNAND3_R180__WORDLINEDRIVER_MX__g0p0025.gds,40af76a46b63ba7d7ee7242a3e16fe527d3538bb7a1c486bb7b41d7155acfd26,outputs/PROJECT_decoder_gate_abutment_matrix/_pair_trials/PAIR__PNAND3_R180__WORDLINEDRIVER_MX__g0p0025_drc/PAIR__PNAND3_R180__WORDLINEDRIVER_MX__g0p0025.lyrdb
PNAND3,R180,WORDLINEDRIVER,MX,0.07,False,0,False,False,False,True,,outputs/PROJECT_decoder_gate_abutment_matrix/_pair_trials/PAIR__PNAND3_R180__WORDLINEDRIVER_MX__g0p07.gds,47a8ef0afd81c279cc273a76310bbf2f852ddd33b004c43bc1b04c20bc244060,outputs/PROJECT_decoder_gate_abutment_matrix/_pair_trials/PAIR__PNAND3_R180__WORDLINEDRIVER_MX__g0p07_drc/PAIR__PNAND3_R180__WORDLINEDRIVER_MX__g0p07.lyrdb
PNAND3,R180,WORDLINEDRIVER,MX,0.14,False,0,False,False,False,True,,outputs/PROJECT_decoder_gate_abutment_matrix/_pair_trials/PAIR__PNAND3_R180__WORDLINEDRIVER_MX__g0p14.gds,8e3bf9804779a785ab394b465ac5eb5e3d77e6785420afe554bdc8007fb9d8db,outputs/PROJECT_decoder_gate_abutment_matrix/_pair_trials/PAIR__PNAND3_R180__WORDLINEDRIVER_MX__g0p14_drc/PAIR__PNAND3_R180__WORDLINEDRIVER_MX__g0p14.lyrdb
PNAND3,R180,WORDLINEDRIVER,MY,0.0,True,0,False,True,False,True,,outputs/PROJECT_decoder_gate_abutment_matrix/_pair_trials/PAIR__PNAND3_R180__WORDLINEDRIVER_MY__g0p0.gds,ff50d8d74ec69abccaf3f7c32ff5f2adac4ad0651b5e17e2cc7e7a67f6d938bc,outputs/PROJECT_decoder_gate_abutment_matrix/_pair_trials/PAIR__PNAND3_R180__WORDLINEDRIVER_MY__g0p0_drc/PAIR__PNAND3_R180__WORDLINEDRIVER_MY__g0p0.lyrdb
PNAND3,R180,WORDLINEDRIVER,MY,0.0025,True,0,False,True,False,True,,outputs/PROJECT_decoder_gate_abutment_matrix/_pair_trials/PAIR__PNAND3_R180__WORDLINEDRIVER_MY__g0p0025.gds,8748b93db088820485aacc678625c1bcd566006f9df3c27b73f3799178ed0711,outputs/PROJECT_decoder_gate_abutment_matrix/_pair_trials/PAIR__PNAND3_R180__WORDLINEDRIVER_MY__g0p0025_drc/PAIR__PNAND3_R180__WORDLINEDRIVER_MY__g0p0025.lyrdb
PNAND3,R180,WORDLINEDRIVER,MY,0.07,True,0,False,True,False,True,,outputs/PROJECT_decoder_gate_abutment_matrix/_pair_trials/PAIR__PNAND3_R180__WORDLINEDRIVER_MY__g0p07.gds,f68dacf1b8f9988a14aa0073a275bf80f288b6823ffba795038e0a1926b955d5,outputs/PROJECT_decoder_gate_abutment_matrix/_pair_trials/PAIR__PNAND3_R180__WORDLINEDRIVER_MY__g0p07_drc/PAIR__PNAND3_R180__WORDLINEDRIVER_MY__g0p07.lyrdb
PNAND3,R180,WORDLINEDRIVER,MY,0.14,True,0,False,True,False,True,,outputs/PROJECT_decoder_gate_abutment_matrix/_pair_trials/PAIR__PNAND3_R180__WORDLINEDRIVER_MY__g0p14.gds,1e209a2cda465b5ff3007eae85e1ef93fac360f811afca1cdb23cfc992f85a9d,outputs/PROJECT_decoder_gate_abutment_matrix/_pair_trials/PAIR__PNAND3_R180__WORDLINEDRIVER_MY__g0p14_drc/PAIR__PNAND3_R180__WORDLINEDRIVER_MY__g0p14.lyrdb
PNAND3,MX,PINV,R0,0.0,False,0,False,False,False,True,,outputs/PROJECT_decoder_gate_abutment_matrix/_pair_trials/PAIR__PNAND3_MX__PINV_R0__g0p0.gds,415f32fffd9a0f8c06eaef9a01a93446d1815f037338fb47b30b5bae38feb355,outputs/PROJECT_decoder_gate_abutment_matrix/_pair_trials/PAIR__PNAND3_MX__PINV_R0__g0p0_drc/PAIR__PNAND3_MX__PINV_R0__g0p0.lyrdb
PNAND3,MX,PINV,R0,0.0025,False,1,False,False,True,False,drc_marker_count=1,outputs/PROJECT_decoder_gate_abutment_matrix/_pair_trials/PAIR__PNAND3_MX__PINV_R0__g0p0025.gds,20cc06c58d7fece9fbf86f47431abb6c5f706b72f27e4ca813bac33561d9a6f7,outputs/PROJECT_decoder_gate_abutment_matrix/_pair_trials/PAIR__PNAND3_MX__PINV_R0__g0p0025_drc/PAIR__PNAND3_MX__PINV_R0__g0p0025.lyrdb
PNAND3,MX,PINV,R0,0.07,False,1,False,False,True,False,drc_marker_count=1,outputs/PROJECT_decoder_gate_abutment_matrix/_pair_trials/PAIR__PNAND3_MX__PINV_R0__g0p07.gds,02cc577927e955ed5b3e0545117fb09fa64733d012bb4c46fcfef35eec8eaa89,outputs/PROJECT_decoder_gate_abutment_matrix/_pair_trials/PAIR__PNAND3_MX__PINV_R0__g0p07_drc/PAIR__PNAND3_MX__PINV_R0__g0p07.lyrdb
PNAND3,MX,PINV,R0,0.14,False,1,False,False,True,False,drc_marker_count=1,outputs/PROJECT_decoder_gate_abutment_matrix/_pair_trials/PAIR__PNAND3_MX__PINV_R0__g0p14.gds,4c338705d44d09922470bbb4edcc73a2d29e092fe9a592de958f2d1f7705d437,outputs/PROJECT_decoder_gate_abutment_matrix/_pair_trials/PAIR__PNAND3_MX__PINV_R0__g0p14_drc/PAIR__PNAND3_MX__PINV_R0__g0p14.lyrdb
PNAND3,MX,PINV,R180,0.0,False,32,False,False,True,False,drc_marker_count=32,outputs/PROJECT_decoder_gate_abutment_matrix/_pair_trials/PAIR__PNAND3_MX__PINV_R180__g0p0.gds,8b377250ea994cfb2406b7f9c5f4d9e1cf1809205eafb84c70f658aefbf0ec68,outputs/PROJECT_decoder_gate_abutment_matrix/_pair_trials/PAIR__PNAND3_MX__PINV_R180__g0p0_drc/PAIR__PNAND3_MX__PINV_R180__g0p0.lyrdb
PNAND3,MX,PINV,R180,0.0025,False,34,False,False,True,False,drc_marker_count=34,outputs/PROJECT_decoder_gate_abutment_matrix/_pair_trials/PAIR__PNAND3_MX__PINV_R180__g0p0025.gds,77d4ce9e43abecc38f52d062fa334172e56f30f009c1facfd80e1217d88f3497,outputs/PROJECT_decoder_gate_abutment_matrix/_pair_trials/PAIR__PNAND3_MX__PINV_R180__g0p0025_drc/PAIR__PNAND3_MX__PINV_R180__g0p0025.lyrdb
PNAND3,MX,PINV,R180,0.07,False,16,False,False,True,False,drc_marker_count=16,outputs/PROJECT_decoder_gate_abutment_matrix/_pair_trials/PAIR__PNAND3_MX__PINV_R180__g0p07.gds,6ad1abbee73442859a12ceca038ed73f4b7f3a1088f1fd42b4a0eeff7e54dd77,outputs/PROJECT_decoder_gate_abutment_matrix/_pair_trials/PAIR__PNAND3_MX__PINV_R180__g0p07_drc/PAIR__PNAND3_MX__PINV_R180__g0p07.lyrdb
PNAND3,MX,PINV,R180,0.14,False,31,False,False,True,False,drc_marker_count=31,outputs/PROJECT_decoder_gate_abutment_matrix/_pair_trials/PAIR__PNAND3_MX__PINV_R180__g0p14.gds,1ccddd1ee13d627a1d923acdd52438092c677e32513534d748c9609c8b757111,outputs/PROJECT_decoder_gate_abutment_matrix/_pair_trials/PAIR__PNAND3_MX__PINV_R180__g0p14_drc/PAIR__PNAND3_MX__PINV_R180__g0p14.lyrdb
PNAND3,MX,PINV,MX,0.0,True,0,False,True,False,True,,outputs/PROJECT_decoder_gate_abutment_matrix/_pair_trials/PAIR__PNAND3_MX__PINV_MX__g0p0.gds,3965ba64e559a92898082fca2b6acdda712e223a7c8bdfff862a17c468c6b84e,outputs/PROJECT_decoder_gate_abutment_matrix/_pair_trials/PAIR__PNAND3_MX__PINV_MX__g0p0_drc/PAIR__PNAND3_MX__PINV_MX__g0p0.lyrdb
PNAND3,MX,PINV,MX,0.0025,True,1,False,True,True,False,drc_marker_count=1,outputs/PROJECT_decoder_gate_abutment_matrix/_pair_trials/PAIR__PNAND3_MX__PINV_MX__g0p0025.gds,1a1929cb40620b6854a0cb8cd7225544f7185ea16ff2676467ffd403ba1a6d1b,outputs/PROJECT_decoder_gate_abutment_matrix/_pair_trials/PAIR__PNAND3_MX__PINV_MX__g0p0025_drc/PAIR__PNAND3_MX__PINV_MX__g0p0025.lyrdb
PNAND3,MX,PINV,MX,0.07,True,1,False,True,True,False,drc_marker_count=1,outputs/PROJECT_decoder_gate_abutment_matrix/_pair_trials/PAIR__PNAND3_MX__PINV_MX__g0p07.gds,3d38474caf9fca7f67c5217c9002a77a81606b76d81c15a0c9eeecb856ac4780,outputs/PROJECT_decoder_gate_abutment_matrix/_pair_trials/PAIR__PNAND3_MX__PINV_MX__g0p07_drc/PAIR__PNAND3_MX__PINV_MX__g0p07.lyrdb
PNAND3,MX,PINV,MX,0.14,True,1,False,True,True,False,drc_marker_count=1,outputs/PROJECT_decoder_gate_abutment_matrix/_pair_trials/PAIR__PNAND3_MX__PINV_MX__g0p14.gds,323a7ab577118633a78887a1649a8f57b3ebabf9d6a365788cf4ab91bd3c9ec2,outputs/PROJECT_decoder_gate_abutment_matrix/_pair_trials/PAIR__PNAND3_MX__PINV_MX__g0p14_drc/PAIR__PNAND3_MX__PINV_MX__g0p14.lyrdb
PNAND3,MX,PINV,MY,0.0,False,0,False,False,False,True,,outputs/PROJECT_decoder_gate_abutment_matrix/_pair_trials/PAIR__PNAND3_MX__PINV_MY__g0p0.gds,ebbd21959a7396559aafe4b7a66285337cb1613e80a5ca20351961390b21bf49,outputs/PROJECT_decoder_gate_abutment_matrix/_pair_trials/PAIR__PNAND3_MX__PINV_MY__g0p0_drc/PAIR__PNAND3_MX__PINV_MY__g0p0.lyrdb
PNAND3,MX,PINV,MY,0.0025,False,0,False,False,False,True,,outputs/PROJECT_decoder_gate_abutment_matrix/_pair_trials/PAIR__PNAND3_MX__PINV_MY__g0p0025.gds,3c41369846dde71a0799b9c3e80f6cdcec4b5cc2a69b3642ffe2971d832bca46,outputs/PROJECT_decoder_gate_abutment_matrix/_pair_trials/PAIR__PNAND3_MX__PINV_MY__g0p0025_drc/PAIR__PNAND3_MX__PINV_MY__g0p0025.lyrdb
PNAND3,MX,PINV,MY,0.07,False,0,False,False,False,True,,outputs/PROJECT_decoder_gate_abutment_matrix/_pair_trials/PAIR__PNAND3_MX__PINV_MY__g0p07.gds,214b8f1d7b7636adc0dd14875caf97b7239dc5aaceebda71717e9880748ee39c,outputs/PROJECT_decoder_gate_abutment_matrix/_pair_trials/PAIR__PNAND3_MX__PINV_MY__g0p07_drc/PAIR__PNAND3_MX__PINV_MY__g0p07.lyrdb
PNAND3,MX,PINV,MY,0.14,False,0,False,False,False,True,,outputs/PROJECT_decoder_gate_abutment_matrix/_pair_trials/PAIR__PNAND3_MX__PINV_MY__g0p14.gds,5f87832ab5e84b5d4b94eca595c6876796072dd473d8851407985d3d4f54cbd7,outputs/PROJECT_decoder_gate_abutment_matrix/_pair_trials/PAIR__PNAND3_MX__PINV_MY__g0p14_drc/PAIR__PNAND3_MX__PINV_MY__g0p14.lyrdb
PNAND3,MX,PNAND2,R0,0.0,False,0,False,False,False,True,,outputs/PROJECT_decoder_gate_abutment_matrix/_pair_trials/PAIR__PNAND3_MX__PNAND2_R0__g0p0.gds,fa585c0a2b3524a3c060238a4c8a4a241b930c57f40cb24c10ef35093fc8be02,outputs/PROJECT_decoder_gate_abutment_matrix/_pair_trials/PAIR__PNAND3_MX__PNAND2_R0__g0p0_drc/PAIR__PNAND3_MX__PNAND2_R0__g0p0.lyrdb
PNAND3,MX,PNAND2,R0,0.0025,False,1,False,False,True,False,drc_marker_count=1,outputs/PROJECT_decoder_gate_abutment_matrix/_pair_trials/PAIR__PNAND3_MX__PNAND2_R0__g0p0025.gds,10441e49f4a0c80472fe1f009a8bec4ac450a65d708801950396a2bfa877f644,outputs/PROJECT_decoder_gate_abutment_matrix/_pair_trials/PAIR__PNAND3_MX__PNAND2_R0__g0p0025_drc/PAIR__PNAND3_MX__PNAND2_R0__g0p0025.lyrdb
PNAND3,MX,PNAND2,R0,0.07,False,1,False,False,True,False,drc_marker_count=1,outputs/PROJECT_decoder_gate_abutment_matrix/_pair_trials/PAIR__PNAND3_MX__PNAND2_R0__g0p07.gds,4380e2426e7f51e4a1f12e265bf62101207174cf932705dfb69f75fa03c5832b,outputs/PROJECT_decoder_gate_abutment_matrix/_pair_trials/PAIR__PNAND3_MX__PNAND2_R0__g0p07_drc/PAIR__PNAND3_MX__PNAND2_R0__g0p07.lyrdb
PNAND3,MX,PNAND2,R0,0.14,False,1,False,False,True,False,drc_marker_count=1,outputs/PROJECT_decoder_gate_abutment_matrix/_pair_trials/PAIR__PNAND3_MX__PNAND2_R0__g0p14.gds,95d161751a6690fc3a68b372c3b36cce3fed8b794e0f70dc85cfa95da10006a1,outputs/PROJECT_decoder_gate_abutment_matrix/_pair_trials/PAIR__PNAND3_MX__PNAND2_R0__g0p14_drc/PAIR__PNAND3_MX__PNAND2_R0__g0p14.lyrdb
PNAND3,MX,PNAND2,R180,0.0,False,31,False,False,True,False,drc_marker_count=31,outputs/PROJECT_decoder_gate_abutment_matrix/_pair_trials/PAIR__PNAND3_MX__PNAND2_R180__g0p0.gds,9d777cdc23c773553f2300b8a80712ccf2f26903ca6a1097d38d2fc7f811c23c,outputs/PROJECT_decoder_gate_abutment_matrix/_pair_trials/PAIR__PNAND3_MX__PNAND2_R180__g0p0_drc/PAIR__PNAND3_MX__PNAND2_R180__g0p0.lyrdb
PNAND3,MX,PNAND2,R180,0.0025,False,37,False,False,True,False,drc_marker_count=37,outputs/PROJECT_decoder_gate_abutment_matrix/_pair_trials/PAIR__PNAND3_MX__PNAND2_R180__g0p0025.gds,49b3c33d579a016096b6faa7338a29a166c8170b47bef2b9295283ea2dfaa3c6,outputs/PROJECT_decoder_gate_abutment_matrix/_pair_trials/PAIR__PNAND3_MX__PNAND2_R180__g0p0025_drc/PAIR__PNAND3_MX__PNAND2_R180__g0p0025.lyrdb
PNAND3,MX,PNAND2,R180,0.07,False,41,False,False,True,False,drc_marker_count=41,outputs/PROJECT_decoder_gate_abutment_matrix/_pair_trials/PAIR__PNAND3_MX__PNAND2_R180__g0p07.gds,792f14ae9e9073268d14b6b0fc4427e0b2ba52a4ddfe16a9ebb7a8ea0f6c89aa,outputs/PROJECT_decoder_gate_abutment_matrix/_pair_trials/PAIR__PNAND3_MX__PNAND2_R180__g0p07_drc/PAIR__PNAND3_MX__PNAND2_R180__g0p07.lyrdb
PNAND3,MX,PNAND2,R180,0.14,False,37,False,False,True,False,drc_marker_count=37,outputs/PROJECT_decoder_gate_abutment_matrix/_pair_trials/PAIR__PNAND3_MX__PNAND2_R180__g0p14.gds,ae3a02f9226550cb5b409dcfe69737480e442c89e21aada273b02f27eedd66b8,outputs/PROJECT_decoder_gate_abutment_matrix/_pair_trials/PAIR__PNAND3_MX__PNAND2_R180__g0p14_drc/PAIR__PNAND3_MX__PNAND2_R180__g0p14.lyrdb
PNAND3,MX,PNAND2,MX,0.0,True,0,False,True,False,True,,outputs/PROJECT_decoder_gate_abutment_matrix/_pair_trials/PAIR__PNAND3_MX__PNAND2_MX__g0p0.gds,6354333f7eaf782e3d68cc01af98f9e18166d7c7a7884e9221ee998218dc97f2,outputs/PROJECT_decoder_gate_abutment_matrix/_pair_trials/PAIR__PNAND3_MX__PNAND2_MX__g0p0_drc/PAIR__PNAND3_MX__PNAND2_MX__g0p0.lyrdb
PNAND3,MX,PNAND2,MX,0.0025,True,1,False,True,True,False,drc_marker_count=1,outputs/PROJECT_decoder_gate_abutment_matrix/_pair_trials/PAIR__PNAND3_MX__PNAND2_MX__g0p0025.gds,827f9299b0976396003de8b086d3fd9ee31d4987b34811fab64605b3e76f7609,outputs/PROJECT_decoder_gate_abutment_matrix/_pair_trials/PAIR__PNAND3_MX__PNAND2_MX__g0p0025_drc/PAIR__PNAND3_MX__PNAND2_MX__g0p0025.lyrdb
PNAND3,MX,PNAND2,MX,0.07,True,1,False,True,True,False,drc_marker_count=1,outputs/PROJECT_decoder_gate_abutment_matrix/_pair_trials/PAIR__PNAND3_MX__PNAND2_MX__g0p07.gds,5326c042df47161aa2297be4a4b2a7d4b48615e7016a1c6980d54cdf8a3610f8,outputs/PROJECT_decoder_gate_abutment_matrix/_pair_trials/PAIR__PNAND3_MX__PNAND2_MX__g0p07_drc/PAIR__PNAND3_MX__PNAND2_MX__g0p07.lyrdb
PNAND3,MX,PNAND2,MX,0.14,True,1,False,True,True,False,drc_marker_count=1,outputs/PROJECT_decoder_gate_abutment_matrix/_pair_trials/PAIR__PNAND3_MX__PNAND2_MX__g0p14.gds,ce2087add7e66f830e9a5b4d37e1206b47f2abec11256ab4655b93482a4182dd,outputs/PROJECT_decoder_gate_abutment_matrix/_pair_trials/PAIR__PNAND3_MX__PNAND2_MX__g0p14_drc/PAIR__PNAND3_MX__PNAND2_MX__g0p14.lyrdb
PNAND3,MX,PNAND2,MY,0.0,False,0,False,False,False,True,,outputs/PROJECT_decoder_gate_abutment_matrix/_pair_trials/PAIR__PNAND3_MX__PNAND2_MY__g0p0.gds,6a582d8a4a26bb09aa32fea9760d3194aaed9a94402b18fa293855bbfc8f8750,outputs/PROJECT_decoder_gate_abutment_matrix/_pair_trials/PAIR__PNAND3_MX__PNAND2_MY__g0p0_drc/PAIR__PNAND3_MX__PNAND2_MY__g0p0.lyrdb
PNAND3,MX,PNAND2,MY,0.0025,False,0,False,False,False,True,,outputs/PROJECT_decoder_gate_abutment_matrix/_pair_trials/PAIR__PNAND3_MX__PNAND2_MY__g0p0025.gds,7b676688da3ec97eabed88091a0a7a4c9a50c5c78e727ca573a3900383e4216c,outputs/PROJECT_decoder_gate_abutment_matrix/_pair_trials/PAIR__PNAND3_MX__PNAND2_MY__g0p0025_drc/PAIR__PNAND3_MX__PNAND2_MY__g0p0025.lyrdb
PNAND3,MX,PNAND2,MY,0.07,False,0,False,False,False,True,,outputs/PROJECT_decoder_gate_abutment_matrix/_pair_trials/PAIR__PNAND3_MX__PNAND2_MY__g0p07.gds,4958bb0e52b090896040fcc0956c7bccae2776a6915b1056119fe1cfb97480fd,outputs/PROJECT_decoder_gate_abutment_matrix/_pair_trials/PAIR__PNAND3_MX__PNAND2_MY__g0p07_drc/PAIR__PNAND3_MX__PNAND2_MY__g0p07.lyrdb
PNAND3,MX,PNAND2,MY,0.14,False,0,False,False,False,True,,outputs/PROJECT_decoder_gate_abutment_matrix/_pair_trials/PAIR__PNAND3_MX__PNAND2_MY__g0p14.gds,9c9459a0e166898df5e05a755333e04d7b05a0c3f139d2e46567f3c0420b7b17,outputs/PROJECT_decoder_gate_abutment_matrix/_pair_trials/PAIR__PNAND3_MX__PNAND2_MY__g0p14_drc/PAIR__PNAND3_MX__PNAND2_MY__g0p14.lyrdb
PNAND3,MX,PNAND3,R0,0.0,False,0,False,False,False,True,,outputs/PROJECT_decoder_gate_abutment_matrix/_pair_trials/PAIR__PNAND3_MX__PNAND3_R0__g0p0.gds,71fb8cb526c5b54a761f8f250a047aaca87576f78fb34b910eec288acb116940,outputs/PROJECT_decoder_gate_abutment_matrix/_pair_trials/PAIR__PNAND3_MX__PNAND3_R0__g0p0_drc/PAIR__PNAND3_MX__PNAND3_R0__g0p0.lyrdb
PNAND3,MX,PNAND3,R0,0.0025,False,1,False,False,True,False,drc_marker_count=1,outputs/PROJECT_decoder_gate_abutment_matrix/_pair_trials/PAIR__PNAND3_MX__PNAND3_R0__g0p0025.gds,9893a1ec3762273f91b66671779a952e3eaf01f06f3d7f801c581094a483abf9,outputs/PROJECT_decoder_gate_abutment_matrix/_pair_trials/PAIR__PNAND3_MX__PNAND3_R0__g0p0025_drc/PAIR__PNAND3_MX__PNAND3_R0__g0p0025.lyrdb
PNAND3,MX,PNAND3,R0,0.07,False,1,False,False,True,False,drc_marker_count=1,outputs/PROJECT_decoder_gate_abutment_matrix/_pair_trials/PAIR__PNAND3_MX__PNAND3_R0__g0p07.gds,0cb2d8283ab9e0c5f6a8b9db12a5a9c1ee36104922c23ca94b0a4284201663dc,outputs/PROJECT_decoder_gate_abutment_matrix/_pair_trials/PAIR__PNAND3_MX__PNAND3_R0__g0p07_drc/PAIR__PNAND3_MX__PNAND3_R0__g0p07.lyrdb
PNAND3,MX,PNAND3,R0,0.14,False,1,False,False,True,False,drc_marker_count=1,outputs/PROJECT_decoder_gate_abutment_matrix/_pair_trials/PAIR__PNAND3_MX__PNAND3_R0__g0p14.gds,c99cc29d2b7d1b75ef758f6702f25517cbd4601a9ef57477dc84aea6a624242b,outputs/PROJECT_decoder_gate_abutment_matrix/_pair_trials/PAIR__PNAND3_MX__PNAND3_R0__g0p14_drc/PAIR__PNAND3_MX__PNAND3_R0__g0p14.lyrdb
PNAND3,MX,PNAND3,R180,0.0,False,17,False,False,True,False,drc_marker_count=17,outputs/PROJECT_decoder_gate_abutment_matrix/_pair_trials/PAIR__PNAND3_MX__PNAND3_R180__g0p0.gds,4e6f6683c2f00ef3631317ed9045acd4b9c7f13f072ab54dd11b41a39de7afec,outputs/PROJECT_decoder_gate_abutment_matrix/_pair_trials/PAIR__PNAND3_MX__PNAND3_R180__g0p0_drc/PAIR__PNAND3_MX__PNAND3_R180__g0p0.lyrdb
PNAND3,MX,PNAND3,R180,0.0025,False,19,False,False,True,False,drc_marker_count=19,outputs/PROJECT_decoder_gate_abutment_matrix/_pair_trials/PAIR__PNAND3_MX__PNAND3_R180__g0p0025.gds,92fa326de0afca6d7dd5ce12e10daf5e0a062dd0f559d7d20350918fe9dd1974,outputs/PROJECT_decoder_gate_abutment_matrix/_pair_trials/PAIR__PNAND3_MX__PNAND3_R180__g0p0025_drc/PAIR__PNAND3_MX__PNAND3_R180__g0p0025.lyrdb
PNAND3,MX,PNAND3,R180,0.07,False,24,False,False,True,False,drc_marker_count=24,outputs/PROJECT_decoder_gate_abutment_matrix/_pair_trials/PAIR__PNAND3_MX__PNAND3_R180__g0p07.gds,3e8128bcc9f5b30a5ba18155b1657ec7adbdae004c334123181896f06feb8d33,outputs/PROJECT_decoder_gate_abutment_matrix/_pair_trials/PAIR__PNAND3_MX__PNAND3_R180__g0p07_drc/PAIR__PNAND3_MX__PNAND3_R180__g0p07.lyrdb
PNAND3,MX,PNAND3,R180,0.14,False,35,False,False,True,False,drc_marker_count=35,outputs/PROJECT_decoder_gate_abutment_matrix/_pair_trials/PAIR__PNAND3_MX__PNAND3_R180__g0p14.gds,03a1a953448006bd906e594419b8b13e6d0c385c87091644b3f137e5c2c447bf,outputs/PROJECT_decoder_gate_abutment_matrix/_pair_trials/PAIR__PNAND3_MX__PNAND3_R180__g0p14_drc/PAIR__PNAND3_MX__PNAND3_R180__g0p14.lyrdb
PNAND3,MX,PNAND3,MX,0.0,True,0,False,True,False,True,,outputs/PROJECT_decoder_gate_abutment_matrix/_pair_trials/PAIR__PNAND3_MX__PNAND3_MX__g0p0.gds,5a67db392a45787e5e5fda8531388c9754c3499ea30080b82ed3f0d690f9d5ae,outputs/PROJECT_decoder_gate_abutment_matrix/_pair_trials/PAIR__PNAND3_MX__PNAND3_MX__g0p0_drc/PAIR__PNAND3_MX__PNAND3_MX__g0p0.lyrdb
PNAND3,MX,PNAND3,MX,0.0025,True,1,False,True,True,False,drc_marker_count=1,outputs/PROJECT_decoder_gate_abutment_matrix/_pair_trials/PAIR__PNAND3_MX__PNAND3_MX__g0p0025.gds,37343756f3e6709804b64ca250e20f330ed332705e638b4dcd5f1fad7453ee4a,outputs/PROJECT_decoder_gate_abutment_matrix/_pair_trials/PAIR__PNAND3_MX__PNAND3_MX__g0p0025_drc/PAIR__PNAND3_MX__PNAND3_MX__g0p0025.lyrdb
PNAND3,MX,PNAND3,MX,0.07,True,1,False,True,True,False,drc_marker_count=1,outputs/PROJECT_decoder_gate_abutment_matrix/_pair_trials/PAIR__PNAND3_MX__PNAND3_MX__g0p07.gds,3562bc7a694105c5cbaddeeee218a07cf16b2a29ec35262fcdb312cd748b8338,outputs/PROJECT_decoder_gate_abutment_matrix/_pair_trials/PAIR__PNAND3_MX__PNAND3_MX__g0p07_drc/PAIR__PNAND3_MX__PNAND3_MX__g0p07.lyrdb
PNAND3,MX,PNAND3,MX,0.14,True,1,False,True,True,False,drc_marker_count=1,outputs/PROJECT_decoder_gate_abutment_matrix/_pair_trials/PAIR__PNAND3_MX__PNAND3_MX__g0p14.gds,bd4edae724ff3108533a62390a762658309c0a49e823d6d1a5232a04e41911ff,outputs/PROJECT_decoder_gate_abutment_matrix/_pair_trials/PAIR__PNAND3_MX__PNAND3_MX__g0p14_drc/PAIR__PNAND3_MX__PNAND3_MX__g0p14.lyrdb
PNAND3,MX,PNAND3,MY,0.0,False,0,False,False,False,True,,outputs/PROJECT_decoder_gate_abutment_matrix/_pair_trials/PAIR__PNAND3_MX__PNAND3_MY__g0p0.gds,3e6dc641544ea16b9ae8c673ddfb01066d265d5f60ea561863b515aaeb428560,outputs/PROJECT_decoder_gate_abutment_matrix/_pair_trials/PAIR__PNAND3_MX__PNAND3_MY__g0p0_drc/PAIR__PNAND3_MX__PNAND3_MY__g0p0.lyrdb
PNAND3,MX,PNAND3,MY,0.0025,False,0,False,False,False,True,,outputs/PROJECT_decoder_gate_abutment_matrix/_pair_trials/PAIR__PNAND3_MX__PNAND3_MY__g0p0025.gds,15935846232c5003419f065e0582861fdec7670d4bf8b2969c3fc7f2edf54b52,outputs/PROJECT_decoder_gate_abutment_matrix/_pair_trials/PAIR__PNAND3_MX__PNAND3_MY__g0p0025_drc/PAIR__PNAND3_MX__PNAND3_MY__g0p0025.lyrdb
PNAND3,MX,PNAND3,MY,0.07,False,0,False,False,False,True,,outputs/PROJECT_decoder_gate_abutment_matrix/_pair_trials/PAIR__PNAND3_MX__PNAND3_MY__g0p07.gds,1d20f645ec7dbf75593ae79c9a6466ceb709d30042e9224e85c844db2fb7da32,outputs/PROJECT_decoder_gate_abutment_matrix/_pair_trials/PAIR__PNAND3_MX__PNAND3_MY__g0p07_drc/PAIR__PNAND3_MX__PNAND3_MY__g0p07.lyrdb
PNAND3,MX,PNAND3,MY,0.14,False,0,False,False,False,True,,outputs/PROJECT_decoder_gate_abutment_matrix/_pair_trials/PAIR__PNAND3_MX__PNAND3_MY__g0p14.gds,0674512a68cecf45fe7958b40e855c6ed843949127a903c3e80c0457247bfe96,outputs/PROJECT_decoder_gate_abutment_matrix/_pair_trials/PAIR__PNAND3_MX__PNAND3_MY__g0p14_drc/PAIR__PNAND3_MX__PNAND3_MY__g0p14.lyrdb
PNAND3,MX,AND2,R0,0.0,False,0,False,False,False,True,,outputs/PROJECT_decoder_gate_abutment_matrix/_pair_trials/PAIR__PNAND3_MX__AND2_R0__g0p0.gds,38720455e0f818b086e075fad8facb985916713324f360998b1e2fdc7f363f8a,outputs/PROJECT_decoder_gate_abutment_matrix/_pair_trials/PAIR__PNAND3_MX__AND2_R0__g0p0_drc/PAIR__PNAND3_MX__AND2_R0__g0p0.lyrdb
PNAND3,MX,AND2,R0,0.0025,False,1,False,False,True,False,drc_marker_count=1,outputs/PROJECT_decoder_gate_abutment_matrix/_pair_trials/PAIR__PNAND3_MX__AND2_R0__g0p0025.gds,e3d7823c28d05e1535fa3ff1ea0404bb058f0244ce8a5a36ef96994e55d4d7b9,outputs/PROJECT_decoder_gate_abutment_matrix/_pair_trials/PAIR__PNAND3_MX__AND2_R0__g0p0025_drc/PAIR__PNAND3_MX__AND2_R0__g0p0025.lyrdb
PNAND3,MX,AND2,R0,0.07,False,1,False,False,True,False,drc_marker_count=1,outputs/PROJECT_decoder_gate_abutment_matrix/_pair_trials/PAIR__PNAND3_MX__AND2_R0__g0p07.gds,db391907bb500de1f089104c768c6984d227ef85e23602c404c3c97f8f6dcc59,outputs/PROJECT_decoder_gate_abutment_matrix/_pair_trials/PAIR__PNAND3_MX__AND2_R0__g0p07_drc/PAIR__PNAND3_MX__AND2_R0__g0p07.lyrdb
PNAND3,MX,AND2,R0,0.14,False,1,False,False,True,False,drc_marker_count=1,outputs/PROJECT_decoder_gate_abutment_matrix/_pair_trials/PAIR__PNAND3_MX__AND2_R0__g0p14.gds,0a6bbdadb576470394b6b0202a65b6c6d3ed014b82f828d4ffc1484bd7db18f9,outputs/PROJECT_decoder_gate_abutment_matrix/_pair_trials/PAIR__PNAND3_MX__AND2_R0__g0p14_drc/PAIR__PNAND3_MX__AND2_R0__g0p14.lyrdb
PNAND3,MX,AND2,R180,0.0,False,66,False,False,True,False,drc_marker_count=66,outputs/PROJECT_decoder_gate_abutment_matrix/_pair_trials/PAIR__PNAND3_MX__AND2_R180__g0p0.gds,17506f842a09951846f873e821520bed116ef6eda47fd8ac865c2ba510a85428,outputs/PROJECT_decoder_gate_abutment_matrix/_pair_trials/PAIR__PNAND3_MX__AND2_R180__g0p0_drc/PAIR__PNAND3_MX__AND2_R180__g0p0.lyrdb
PNAND3,MX,AND2,R180,0.0025,False,65,False,False,True,False,drc_marker_count=65,outputs/PROJECT_decoder_gate_abutment_matrix/_pair_trials/PAIR__PNAND3_MX__AND2_R180__g0p0025.gds,d6238d4f31c69174198989deaf8971724d8989610f93b1058bd42d6713150f17,outputs/PROJECT_decoder_gate_abutment_matrix/_pair_trials/PAIR__PNAND3_MX__AND2_R180__g0p0025_drc/PAIR__PNAND3_MX__AND2_R180__g0p0025.lyrdb
PNAND3,MX,AND2,R180,0.07,False,73,False,False,True,False,drc_marker_count=73,outputs/PROJECT_decoder_gate_abutment_matrix/_pair_trials/PAIR__PNAND3_MX__AND2_R180__g0p07.gds,a14f6cb64cb940de37cb60d665c002c58e190f989eadaa1c40f68b034b11d2e7,outputs/PROJECT_decoder_gate_abutment_matrix/_pair_trials/PAIR__PNAND3_MX__AND2_R180__g0p07_drc/PAIR__PNAND3_MX__AND2_R180__g0p07.lyrdb
PNAND3,MX,AND2,R180,0.14,False,94,False,False,True,False,drc_marker_count=94,outputs/PROJECT_decoder_gate_abutment_matrix/_pair_trials/PAIR__PNAND3_MX__AND2_R180__g0p14.gds,b7d2150f0bf3ab6d834cad0e12ece42b16a918d606f9338a7e7cfec63a45f9e8,outputs/PROJECT_decoder_gate_abutment_matrix/_pair_trials/PAIR__PNAND3_MX__AND2_R180__g0p14_drc/PAIR__PNAND3_MX__AND2_R180__g0p14.lyrdb
PNAND3,MX,AND2,MX,0.0,True,0,False,True,False,True,,outputs/PROJECT_decoder_gate_abutment_matrix/_pair_trials/PAIR__PNAND3_MX__AND2_MX__g0p0.gds,9443e6e75c421dc8e03ccec21fbfd3a3a87641016306d1f5e7bc4e7e953e80cb,outputs/PROJECT_decoder_gate_abutment_matrix/_pair_trials/PAIR__PNAND3_MX__AND2_MX__g0p0_drc/PAIR__PNAND3_MX__AND2_MX__g0p0.lyrdb
PNAND3,MX,AND2,MX,0.0025,True,1,False,True,True,False,drc_marker_count=1,outputs/PROJECT_decoder_gate_abutment_matrix/_pair_trials/PAIR__PNAND3_MX__AND2_MX__g0p0025.gds,2a68bb7319083798d308193477f9164702b3f6b3ee3d9242e31c6fd58a1f6246,outputs/PROJECT_decoder_gate_abutment_matrix/_pair_trials/PAIR__PNAND3_MX__AND2_MX__g0p0025_drc/PAIR__PNAND3_MX__AND2_MX__g0p0025.lyrdb
PNAND3,MX,AND2,MX,0.07,True,1,False,True,True,False,drc_marker_count=1,outputs/PROJECT_decoder_gate_abutment_matrix/_pair_trials/PAIR__PNAND3_MX__AND2_MX__g0p07.gds,9a74f8669276bb05fad61576568ed96d5c2e0d0c91b6cab73219f65be40e7e80,outputs/PROJECT_decoder_gate_abutment_matrix/_pair_trials/PAIR__PNAND3_MX__AND2_MX__g0p07_drc/PAIR__PNAND3_MX__AND2_MX__g0p07.lyrdb
PNAND3,MX,AND2,MX,0.14,True,1,False,True,True,False,drc_marker_count=1,outputs/PROJECT_decoder_gate_abutment_matrix/_pair_trials/PAIR__PNAND3_MX__AND2_MX__g0p14.gds,4291bf65fcfbc933f4485ccff777fb082f3595f16d4f8675484bc4ec0213cf08,outputs/PROJECT_decoder_gate_abutment_matrix/_pair_trials/PAIR__PNAND3_MX__AND2_MX__g0p14_drc/PAIR__PNAND3_MX__AND2_MX__g0p14.lyrdb
PNAND3,MX,AND2,MY,0.0,False,0,False,False,False,True,,outputs/PROJECT_decoder_gate_abutment_matrix/_pair_trials/PAIR__PNAND3_MX__AND2_MY__g0p0.gds,1f47b5f40cc6f8cf79651cec74820ac898506db5e1ac579071068d564761bd0c,outputs/PROJECT_decoder_gate_abutment_matrix/_pair_trials/PAIR__PNAND3_MX__AND2_MY__g0p0_drc/PAIR__PNAND3_MX__AND2_MY__g0p0.lyrdb
PNAND3,MX,AND2,MY,0.0025,False,0,False,False,False,True,,outputs/PROJECT_decoder_gate_abutment_matrix/_pair_trials/PAIR__PNAND3_MX__AND2_MY__g0p0025.gds,8200d0a214ca12e796b6d301243d9280e15209a4e23d628133fa78c9fa67a663,outputs/PROJECT_decoder_gate_abutment_matrix/_pair_trials/PAIR__PNAND3_MX__AND2_MY__g0p0025_drc/PAIR__PNAND3_MX__AND2_MY__g0p0025.lyrdb
PNAND3,MX,AND2,MY,0.07,False,0,False,False,False,True,,outputs/PROJECT_decoder_gate_abutment_matrix/_pair_trials/PAIR__PNAND3_MX__AND2_MY__g0p07.gds,f5afa193b9c5614a2e15ad5fac84277169cb99006d6a46b09f01c3cc0226fba1,outputs/PROJECT_decoder_gate_abutment_matrix/_pair_trials/PAIR__PNAND3_MX__AND2_MY__g0p07_drc/PAIR__PNAND3_MX__AND2_MY__g0p07.lyrdb
PNAND3,MX,AND2,MY,0.14,False,0,False,False,False,True,,outputs/PROJECT_decoder_gate_abutment_matrix/_pair_trials/PAIR__PNAND3_MX__AND2_MY__g0p14.gds,ebb0d122c6679540ca8df5cc5aea3a92900d3dde35ac3960cfb018dd79894b9a,outputs/PROJECT_decoder_gate_abutment_matrix/_pair_trials/PAIR__PNAND3_MX__AND2_MY__g0p14_drc/PAIR__PNAND3_MX__AND2_MY__g0p14.lyrdb
PNAND3,MX,AND3,R0,0.0,False,0,False,False,False,True,,outputs/PROJECT_decoder_gate_abutment_matrix/_pair_trials/PAIR__PNAND3_MX__AND3_R0__g0p0.gds,9a3210291e16896b58ae600a1cb276b255baf521a2c051c2186bc159fb20a276,outputs/PROJECT_decoder_gate_abutment_matrix/_pair_trials/PAIR__PNAND3_MX__AND3_R0__g0p0_drc/PAIR__PNAND3_MX__AND3_R0__g0p0.lyrdb
PNAND3,MX,AND3,R0,0.0025,False,1,False,False,True,False,drc_marker_count=1,outputs/PROJECT_decoder_gate_abutment_matrix/_pair_trials/PAIR__PNAND3_MX__AND3_R0__g0p0025.gds,6b0a36552fc36f037d3d000624ff08fed4ac797834d02657febd91269628bb1d,outputs/PROJECT_decoder_gate_abutment_matrix/_pair_trials/PAIR__PNAND3_MX__AND3_R0__g0p0025_drc/PAIR__PNAND3_MX__AND3_R0__g0p0025.lyrdb
PNAND3,MX,AND3,R0,0.07,False,1,False,False,True,False,drc_marker_count=1,outputs/PROJECT_decoder_gate_abutment_matrix/_pair_trials/PAIR__PNAND3_MX__AND3_R0__g0p07.gds,902b0a90699931e77063290868a6257d5d8b2359c73ab9dc1a757b4544c70d1d,outputs/PROJECT_decoder_gate_abutment_matrix/_pair_trials/PAIR__PNAND3_MX__AND3_R0__g0p07_drc/PAIR__PNAND3_MX__AND3_R0__g0p07.lyrdb
PNAND3,MX,AND3,R0,0.14,False,1,False,False,True,False,drc_marker_count=1,outputs/PROJECT_decoder_gate_abutment_matrix/_pair_trials/PAIR__PNAND3_MX__AND3_R0__g0p14.gds,f4f08f769b421ca83a5aa35f5e947d933acbf6da2350aaa7bf828168e74d2d46,outputs/PROJECT_decoder_gate_abutment_matrix/_pair_trials/PAIR__PNAND3_MX__AND3_R0__g0p14_drc/PAIR__PNAND3_MX__AND3_R0__g0p14.lyrdb
PNAND3,MX,AND3,R180,0.0,False,76,False,False,True,False,drc_marker_count=76,outputs/PROJECT_decoder_gate_abutment_matrix/_pair_trials/PAIR__PNAND3_MX__AND3_R180__g0p0.gds,25e324b02d7b0b7ed4dd88cef42e618ac12dd0c9c33d30b49579e59c503e28d2,outputs/PROJECT_decoder_gate_abutment_matrix/_pair_trials/PAIR__PNAND3_MX__AND3_R180__g0p0_drc/PAIR__PNAND3_MX__AND3_R180__g0p0.lyrdb
PNAND3,MX,AND3,R180,0.0025,False,70,False,False,True,False,drc_marker_count=70,outputs/PROJECT_decoder_gate_abutment_matrix/_pair_trials/PAIR__PNAND3_MX__AND3_R180__g0p0025.gds,314b9b142343b1bda490c0f0e1af66c90d8b246b88b6eba3f90a5bdbe91b22cc,outputs/PROJECT_decoder_gate_abutment_matrix/_pair_trials/PAIR__PNAND3_MX__AND3_R180__g0p0025_drc/PAIR__PNAND3_MX__AND3_R180__g0p0025.lyrdb
PNAND3,MX,AND3,R180,0.07,False,79,False,False,True,False,drc_marker_count=79,outputs/PROJECT_decoder_gate_abutment_matrix/_pair_trials/PAIR__PNAND3_MX__AND3_R180__g0p07.gds,cc0b5e6a71126afff67ddd03a8238704311fe69d4f8fab6f2192c361ac9f201a,outputs/PROJECT_decoder_gate_abutment_matrix/_pair_trials/PAIR__PNAND3_MX__AND3_R180__g0p07_drc/PAIR__PNAND3_MX__AND3_R180__g0p07.lyrdb
PNAND3,MX,AND3,R180,0.14,False,54,False,False,True,False,drc_marker_count=54,outputs/PROJECT_decoder_gate_abutment_matrix/_pair_trials/PAIR__PNAND3_MX__AND3_R180__g0p14.gds,b1bd730bd07efa930ca2f5a23b3cf261473839e773a9987f8a3814ae5a4f7331,outputs/PROJECT_decoder_gate_abutment_matrix/_pair_trials/PAIR__PNAND3_MX__AND3_R180__g0p14_drc/PAIR__PNAND3_MX__AND3_R180__g0p14.lyrdb
PNAND3,MX,AND3,MX,0.0,True,0,False,True,False,True,,outputs/PROJECT_decoder_gate_abutment_matrix/_pair_trials/PAIR__PNAND3_MX__AND3_MX__g0p0.gds,e85679471e656cd6a26051794b12b2979dc80558d2368783e4e740571975ba0b,outputs/PROJECT_decoder_gate_abutment_matrix/_pair_trials/PAIR__PNAND3_MX__AND3_MX__g0p0_drc/PAIR__PNAND3_MX__AND3_MX__g0p0.lyrdb
PNAND3,MX,AND3,MX,0.0025,True,1,False,True,True,False,drc_marker_count=1,outputs/PROJECT_decoder_gate_abutment_matrix/_pair_trials/PAIR__PNAND3_MX__AND3_MX__g0p0025.gds,e88c4825d1ecb5da548064d76ab6f7cebbf72bd711fd0c08feabb8022ee944c6,outputs/PROJECT_decoder_gate_abutment_matrix/_pair_trials/PAIR__PNAND3_MX__AND3_MX__g0p0025_drc/PAIR__PNAND3_MX__AND3_MX__g0p0025.lyrdb
PNAND3,MX,AND3,MX,0.07,True,1,False,True,True,False,drc_marker_count=1,outputs/PROJECT_decoder_gate_abutment_matrix/_pair_trials/PAIR__PNAND3_MX__AND3_MX__g0p07.gds,cdadeecf6fa3d1d0615004ec47ed6c7c6f10cfe21bbf0afe38c3540c230c1667,outputs/PROJECT_decoder_gate_abutment_matrix/_pair_trials/PAIR__PNAND3_MX__AND3_MX__g0p07_drc/PAIR__PNAND3_MX__AND3_MX__g0p07.lyrdb
PNAND3,MX,AND3,MX,0.14,True,1,False,True,True,False,drc_marker_count=1,outputs/PROJECT_decoder_gate_abutment_matrix/_pair_trials/PAIR__PNAND3_MX__AND3_MX__g0p14.gds,572703021a1ed5629b90da3b87f20761c93060ef9fea92ac8ce6e22f1a323f62,outputs/PROJECT_decoder_gate_abutment_matrix/_pair_trials/PAIR__PNAND3_MX__AND3_MX__g0p14_drc/PAIR__PNAND3_MX__AND3_MX__g0p14.lyrdb
PNAND3,MX,AND3,MY,0.0,False,0,False,False,False,True,,outputs/PROJECT_decoder_gate_abutment_matrix/_pair_trials/PAIR__PNAND3_MX__AND3_MY__g0p0.gds,b65cb58c2e0f4e2904d5de4085fe8d7adad7a003d787ca2526bfe2763effab8c,outputs/PROJECT_decoder_gate_abutment_matrix/_pair_trials/PAIR__PNAND3_MX__AND3_MY__g0p0_drc/PAIR__PNAND3_MX__AND3_MY__g0p0.lyrdb
PNAND3,MX,AND3,MY,0.0025,False,0,False,False,False,True,,outputs/PROJECT_decoder_gate_abutment_matrix/_pair_trials/PAIR__PNAND3_MX__AND3_MY__g0p0025.gds,bbd436c0568b2737a3425892264c1a6086f45172c6fadaee5ab705764111f275,outputs/PROJECT_decoder_gate_abutment_matrix/_pair_trials/PAIR__PNAND3_MX__AND3_MY__g0p0025_drc/PAIR__PNAND3_MX__AND3_MY__g0p0025.lyrdb
PNAND3,MX,AND3,MY,0.07,False,0,False,False,False,True,,outputs/PROJECT_decoder_gate_abutment_matrix/_pair_trials/PAIR__PNAND3_MX__AND3_MY__g0p07.gds,cea70d12da80a3bc9a38c4c40c62c725919061f245b33feed118c9194b44163b,outputs/PROJECT_decoder_gate_abutment_matrix/_pair_trials/PAIR__PNAND3_MX__AND3_MY__g0p07_drc/PAIR__PNAND3_MX__AND3_MY__g0p07.lyrdb
PNAND3,MX,AND3,MY,0.14,False,0,False,False,False,True,,outputs/PROJECT_decoder_gate_abutment_matrix/_pair_trials/PAIR__PNAND3_MX__AND3_MY__g0p14.gds,7c430af895ae5433b5474f191e13fcc18d638a1736a7bd28317cf6da3805a6ab,outputs/PROJECT_decoder_gate_abutment_matrix/_pair_trials/PAIR__PNAND3_MX__AND3_MY__g0p14_drc/PAIR__PNAND3_MX__AND3_MY__g0p14.lyrdb
PNAND3,MX,WORDLINEDRIVER,R0,0.0,False,0,False,False,False,True,,outputs/PROJECT_decoder_gate_abutment_matrix/_pair_trials/PAIR__PNAND3_MX__WORDLINEDRIVER_R0__g0p0.gds,7b8d39074ad4de9f787c93901b4f4af6a5513b238d97d35eef525fbc54855769,outputs/PROJECT_decoder_gate_abutment_matrix/_pair_trials/PAIR__PNAND3_MX__WORDLINEDRIVER_R0__g0p0_drc/PAIR__PNAND3_MX__WORDLINEDRIVER_R0__g0p0.lyrdb
PNAND3,MX,WORDLINEDRIVER,R0,0.0025,False,1,False,False,True,False,drc_marker_count=1,outputs/PROJECT_decoder_gate_abutment_matrix/_pair_trials/PAIR__PNAND3_MX__WORDLINEDRIVER_R0__g0p0025.gds,32368475be69abfb37a694d4a0380ba4e635f0acde5e4e1ba20693a462636132,outputs/PROJECT_decoder_gate_abutment_matrix/_pair_trials/PAIR__PNAND3_MX__WORDLINEDRIVER_R0__g0p0025_drc/PAIR__PNAND3_MX__WORDLINEDRIVER_R0__g0p0025.lyrdb
PNAND3,MX,WORDLINEDRIVER,R0,0.07,False,1,False,False,True,False,drc_marker_count=1,outputs/PROJECT_decoder_gate_abutment_matrix/_pair_trials/PAIR__PNAND3_MX__WORDLINEDRIVER_R0__g0p07.gds,a157df5706c609032d894492690c403468d38abcb82b706b38babeffd3740f25,outputs/PROJECT_decoder_gate_abutment_matrix/_pair_trials/PAIR__PNAND3_MX__WORDLINEDRIVER_R0__g0p07_drc/PAIR__PNAND3_MX__WORDLINEDRIVER_R0__g0p07.lyrdb
PNAND3,MX,WORDLINEDRIVER,R0,0.14,False,1,False,False,True,False,drc_marker_count=1,outputs/PROJECT_decoder_gate_abutment_matrix/_pair_trials/PAIR__PNAND3_MX__WORDLINEDRIVER_R0__g0p14.gds,8a7dbede0066aa260ae2b12a1e77514594b24e2c384b31df5c31e2ed382128ab,outputs/PROJECT_decoder_gate_abutment_matrix/_pair_trials/PAIR__PNAND3_MX__WORDLINEDRIVER_R0__g0p14_drc/PAIR__PNAND3_MX__WORDLINEDRIVER_R0__g0p14.lyrdb
PNAND3,MX,WORDLINEDRIVER,R180,0.0,False,58,False,False,True,False,drc_marker_count=58,outputs/PROJECT_decoder_gate_abutment_matrix/_pair_trials/PAIR__PNAND3_MX__WORDLINEDRIVER_R180__g0p0.gds,74283df750afb20491e070434a6a67103fbfaa50e2067329ec6461c750f5b8e0,outputs/PROJECT_decoder_gate_abutment_matrix/_pair_trials/PAIR__PNAND3_MX__WORDLINEDRIVER_R180__g0p0_drc/PAIR__PNAND3_MX__WORDLINEDRIVER_R180__g0p0.lyrdb
PNAND3,MX,WORDLINEDRIVER,R180,0.0025,False,55,False,False,True,False,drc_marker_count=55,outputs/PROJECT_decoder_gate_abutment_matrix/_pair_trials/PAIR__PNAND3_MX__WORDLINEDRIVER_R180__g0p0025.gds,e52ad86c29034a617fda2261714becccaffc478293f13b1eb94982d8445c4a17,outputs/PROJECT_decoder_gate_abutment_matrix/_pair_trials/PAIR__PNAND3_MX__WORDLINEDRIVER_R180__g0p0025_drc/PAIR__PNAND3_MX__WORDLINEDRIVER_R180__g0p0025.lyrdb
PNAND3,MX,WORDLINEDRIVER,R180,0.07,False,52,False,False,True,False,drc_marker_count=52,outputs/PROJECT_decoder_gate_abutment_matrix/_pair_trials/PAIR__PNAND3_MX__WORDLINEDRIVER_R180__g0p07.gds,c011310b23b660397c69f96bccd165cd7d84e32816f647d966cdbbf0f94f1ad0,outputs/PROJECT_decoder_gate_abutment_matrix/_pair_trials/PAIR__PNAND3_MX__WORDLINEDRIVER_R180__g0p07_drc/PAIR__PNAND3_MX__WORDLINEDRIVER_R180__g0p07.lyrdb
PNAND3,MX,WORDLINEDRIVER,R180,0.14,False,47,False,False,True,False,drc_marker_count=47,outputs/PROJECT_decoder_gate_abutment_matrix/_pair_trials/PAIR__PNAND3_MX__WORDLINEDRIVER_R180__g0p14.gds,cd51394084b13c5af61e5565d8c806e548c4afa9e1770c1fa17326ac12be917b,outputs/PROJECT_decoder_gate_abutment_matrix/_pair_trials/PAIR__PNAND3_MX__WORDLINEDRIVER_R180__g0p14_drc/PAIR__PNAND3_MX__WORDLINEDRIVER_R180__g0p14.lyrdb
PNAND3,MX,WORDLINEDRIVER,MX,0.0,True,0,False,True,False,True,,outputs/PROJECT_decoder_gate_abutment_matrix/_pair_trials/PAIR__PNAND3_MX__WORDLINEDRIVER_MX__g0p0.gds,8c894a0bf58a468cb500ff8731568f8212fcf540db48979f00a30a9d8f1bfa01,outputs/PROJECT_decoder_gate_abutment_matrix/_pair_trials/PAIR__PNAND3_MX__WORDLINEDRIVER_MX__g0p0_drc/PAIR__PNAND3_MX__WORDLINEDRIVER_MX__g0p0.lyrdb
PNAND3,MX,WORDLINEDRIVER,MX,0.0025,True,1,False,True,True,False,drc_marker_count=1,outputs/PROJECT_decoder_gate_abutment_matrix/_pair_trials/PAIR__PNAND3_MX__WORDLINEDRIVER_MX__g0p0025.gds,f57ad44795b20f541b390efa3ee99378cd1f2595c420a1403b9e1ba3792451d1,outputs/PROJECT_decoder_gate_abutment_matrix/_pair_trials/PAIR__PNAND3_MX__WORDLINEDRIVER_MX__g0p0025_drc/PAIR__PNAND3_MX__WORDLINEDRIVER_MX__g0p0025.lyrdb
PNAND3,MX,WORDLINEDRIVER,MX,0.07,True,1,False,True,True,False,drc_marker_count=1,outputs/PROJECT_decoder_gate_abutment_matrix/_pair_trials/PAIR__PNAND3_MX__WORDLINEDRIVER_MX__g0p07.gds,f1bd64bc15ff4f17f4563ccd1fda9267265268af09b58d0f5a7cedb069d5ef64,outputs/PROJECT_decoder_gate_abutment_matrix/_pair_trials/PAIR__PNAND3_MX__WORDLINEDRIVER_MX__g0p07_drc/PAIR__PNAND3_MX__WORDLINEDRIVER_MX__g0p07.lyrdb
PNAND3,MX,WORDLINEDRIVER,MX,0.14,True,1,False,True,True,False,drc_marker_count=1,outputs/PROJECT_decoder_gate_abutment_matrix/_pair_trials/PAIR__PNAND3_MX__WORDLINEDRIVER_MX__g0p14.gds,1b50c5148fa50d1206e068e3c823b78c27a191b8e6c8f01d20e86847a816a07b,outputs/PROJECT_decoder_gate_abutment_matrix/_pair_trials/PAIR__PNAND3_MX__WORDLINEDRIVER_MX__g0p14_drc/PAIR__PNAND3_MX__WORDLINEDRIVER_MX__g0p14.lyrdb
PNAND3,MX,WORDLINEDRIVER,MY,0.0,False,1,False,False,True,False,drc_marker_count=1,outputs/PROJECT_decoder_gate_abutment_matrix/_pair_trials/PAIR__PNAND3_MX__WORDLINEDRIVER_MY__g0p0.gds,a0e86f86339f88e8d6169c30bb1a77bfb29e5eb49dd3f46addc26bc533cf3141,outputs/PROJECT_decoder_gate_abutment_matrix/_pair_trials/PAIR__PNAND3_MX__WORDLINEDRIVER_MY__g0p0_drc/PAIR__PNAND3_MX__WORDLINEDRIVER_MY__g0p0.lyrdb
PNAND3,MX,WORDLINEDRIVER,MY,0.0025,False,1,False,False,True,False,drc_marker_count=1,outputs/PROJECT_decoder_gate_abutment_matrix/_pair_trials/PAIR__PNAND3_MX__WORDLINEDRIVER_MY__g0p0025.gds,698a2fae7c639c18149dccb9408bed2faef8355ea2eae9f2599926039530a93b,outputs/PROJECT_decoder_gate_abutment_matrix/_pair_trials/PAIR__PNAND3_MX__WORDLINEDRIVER_MY__g0p0025_drc/PAIR__PNAND3_MX__WORDLINEDRIVER_MY__g0p0025.lyrdb
PNAND3,MX,WORDLINEDRIVER,MY,0.07,False,0,False,False,False,True,,outputs/PROJECT_decoder_gate_abutment_matrix/_pair_trials/PAIR__PNAND3_MX__WORDLINEDRIVER_MY__g0p07.gds,5d2cc9955eda76c64cccf7900ac7ae3a1f4100025f7f579d1b7f320fb216f483,outputs/PROJECT_decoder_gate_abutment_matrix/_pair_trials/PAIR__PNAND3_MX__WORDLINEDRIVER_MY__g0p07_drc/PAIR__PNAND3_MX__WORDLINEDRIVER_MY__g0p07.lyrdb
PNAND3,MX,WORDLINEDRIVER,MY,0.14,False,0,False,False,False,True,,outputs/PROJECT_decoder_gate_abutment_matrix/_pair_trials/PAIR__PNAND3_MX__WORDLINEDRIVER_MY__g0p14.gds,c8ebc96375009abb0653300253156c5df4bebdddc81d2f0d094e2afc64795723,outputs/PROJECT_decoder_gate_abutment_matrix/_pair_trials/PAIR__PNAND3_MX__WORDLINEDRIVER_MY__g0p14_drc/PAIR__PNAND3_MX__WORDLINEDRIVER_MY__g0p14.lyrdb
PNAND3,MY,PINV,R0,0.0,True,0,False,True,False,True,,outputs/PROJECT_decoder_gate_abutment_matrix/_pair_trials/PAIR__PNAND3_MY__PINV_R0__g0p0.gds,c434aff3986fa68b9ae68ce82827706017f0156f9821a5d67df276bca3ac8eb2,outputs/PROJECT_decoder_gate_abutment_matrix/_pair_trials/PAIR__PNAND3_MY__PINV_R0__g0p0_drc/PAIR__PNAND3_MY__PINV_R0__g0p0.lyrdb
PNAND3,MY,PINV,R0,0.0025,True,0,False,True,False,True,,outputs/PROJECT_decoder_gate_abutment_matrix/_pair_trials/PAIR__PNAND3_MY__PINV_R0__g0p0025.gds,d3e33b58ad5226affe0b6c7e51869c4ff9f73e2be083f905b7c14e636a41e3f8,outputs/PROJECT_decoder_gate_abutment_matrix/_pair_trials/PAIR__PNAND3_MY__PINV_R0__g0p0025_drc/PAIR__PNAND3_MY__PINV_R0__g0p0025.lyrdb
PNAND3,MY,PINV,R0,0.07,True,0,False,True,False,True,,outputs/PROJECT_decoder_gate_abutment_matrix/_pair_trials/PAIR__PNAND3_MY__PINV_R0__g0p07.gds,32787d7825cb79e31b739569772a5aa36fdd92bf58c920155817914bb1d6ab3c,outputs/PROJECT_decoder_gate_abutment_matrix/_pair_trials/PAIR__PNAND3_MY__PINV_R0__g0p07_drc/PAIR__PNAND3_MY__PINV_R0__g0p07.lyrdb
PNAND3,MY,PINV,R0,0.14,True,0,False,True,False,True,,outputs/PROJECT_decoder_gate_abutment_matrix/_pair_trials/PAIR__PNAND3_MY__PINV_R0__g0p14.gds,fc14f071d32c2dc67ab91f802171404154f2b828f1ed5b103c8ec9fa7f19aa0f,outputs/PROJECT_decoder_gate_abutment_matrix/_pair_trials/PAIR__PNAND3_MY__PINV_R0__g0p14_drc/PAIR__PNAND3_MY__PINV_R0__g0p14.lyrdb
PNAND3,MY,PINV,R180,0.0,True,0,False,True,False,True,,outputs/PROJECT_decoder_gate_abutment_matrix/_pair_trials/PAIR__PNAND3_MY__PINV_R180__g0p0.gds,9096f82501b6836fb0852bcea9ef68a54a39a23d6ab47bf62a2070d007669abc,outputs/PROJECT_decoder_gate_abutment_matrix/_pair_trials/PAIR__PNAND3_MY__PINV_R180__g0p0_drc/PAIR__PNAND3_MY__PINV_R180__g0p0.lyrdb
PNAND3,MY,PINV,R180,0.0025,True,0,False,True,False,True,,outputs/PROJECT_decoder_gate_abutment_matrix/_pair_trials/PAIR__PNAND3_MY__PINV_R180__g0p0025.gds,11340cb052a7ca55c753fb84f2daf65d889295af283b1c27b666cdc5ccb31271,outputs/PROJECT_decoder_gate_abutment_matrix/_pair_trials/PAIR__PNAND3_MY__PINV_R180__g0p0025_drc/PAIR__PNAND3_MY__PINV_R180__g0p0025.lyrdb
PNAND3,MY,PINV,R180,0.07,True,0,False,True,False,True,,outputs/PROJECT_decoder_gate_abutment_matrix/_pair_trials/PAIR__PNAND3_MY__PINV_R180__g0p07.gds,dac9377673eb5729460dcbd1d5cd92e3328ee64947d68f743465b1f60c63f1b9,outputs/PROJECT_decoder_gate_abutment_matrix/_pair_trials/PAIR__PNAND3_MY__PINV_R180__g0p07_drc/PAIR__PNAND3_MY__PINV_R180__g0p07.lyrdb
PNAND3,MY,PINV,R180,0.14,True,0,False,True,False,True,,outputs/PROJECT_decoder_gate_abutment_matrix/_pair_trials/PAIR__PNAND3_MY__PINV_R180__g0p14.gds,540a67e11aae8a062a4fe3ca7a68e9e83fbfb179dba4966b9461174310ade8c6,outputs/PROJECT_decoder_gate_abutment_matrix/_pair_trials/PAIR__PNAND3_MY__PINV_R180__g0p14_drc/PAIR__PNAND3_MY__PINV_R180__g0p14.lyrdb
PNAND3,MY,PINV,MX,0.0,False,0,False,False,False,True,,outputs/PROJECT_decoder_gate_abutment_matrix/_pair_trials/PAIR__PNAND3_MY__PINV_MX__g0p0.gds,2e04310eb1cbe10ff2f51ee68ed5682dfd279829d425bd82d508a9f1f162ed5e,outputs/PROJECT_decoder_gate_abutment_matrix/_pair_trials/PAIR__PNAND3_MY__PINV_MX__g0p0_drc/PAIR__PNAND3_MY__PINV_MX__g0p0.lyrdb
PNAND3,MY,PINV,MX,0.0025,False,0,False,False,False,True,,outputs/PROJECT_decoder_gate_abutment_matrix/_pair_trials/PAIR__PNAND3_MY__PINV_MX__g0p0025.gds,7e6f7d6d714b87e4d4f57eb3eabd71b974fe9d901fe3f34f37cd1bd7ac31bb8f,outputs/PROJECT_decoder_gate_abutment_matrix/_pair_trials/PAIR__PNAND3_MY__PINV_MX__g0p0025_drc/PAIR__PNAND3_MY__PINV_MX__g0p0025.lyrdb
PNAND3,MY,PINV,MX,0.07,False,0,False,False,False,True,,outputs/PROJECT_decoder_gate_abutment_matrix/_pair_trials/PAIR__PNAND3_MY__PINV_MX__g0p07.gds,1cb96ab0f69c2dce296e15860d175a0886d3b30d3ad9707220502db5c47ed8cb,outputs/PROJECT_decoder_gate_abutment_matrix/_pair_trials/PAIR__PNAND3_MY__PINV_MX__g0p07_drc/PAIR__PNAND3_MY__PINV_MX__g0p07.lyrdb
PNAND3,MY,PINV,MX,0.14,False,0,False,False,False,True,,outputs/PROJECT_decoder_gate_abutment_matrix/_pair_trials/PAIR__PNAND3_MY__PINV_MX__g0p14.gds,c5e4477e973485ab5e11b16c9df61c7091b4373b73aea72846dc9f42a1d304d8,outputs/PROJECT_decoder_gate_abutment_matrix/_pair_trials/PAIR__PNAND3_MY__PINV_MX__g0p14_drc/PAIR__PNAND3_MY__PINV_MX__g0p14.lyrdb
PNAND3,MY,PINV,MY,0.0,True,0,False,True,False,True,,outputs/PROJECT_decoder_gate_abutment_matrix/_pair_trials/PAIR__PNAND3_MY__PINV_MY__g0p0.gds,0aea716cd8fac39562d5468f44c54561833ae9604f6ae630d8dbcfecce3f246c,outputs/PROJECT_decoder_gate_abutment_matrix/_pair_trials/PAIR__PNAND3_MY__PINV_MY__g0p0_drc/PAIR__PNAND3_MY__PINV_MY__g0p0.lyrdb
PNAND3,MY,PINV,MY,0.0025,True,0,False,True,False,True,,outputs/PROJECT_decoder_gate_abutment_matrix/_pair_trials/PAIR__PNAND3_MY__PINV_MY__g0p0025.gds,0edbc22166ddd34d11df8344a5d816d3267cb0f644a32e56e42617d137b7ca30,outputs/PROJECT_decoder_gate_abutment_matrix/_pair_trials/PAIR__PNAND3_MY__PINV_MY__g0p0025_drc/PAIR__PNAND3_MY__PINV_MY__g0p0025.lyrdb
PNAND3,MY,PINV,MY,0.07,True,0,False,True,False,True,,outputs/PROJECT_decoder_gate_abutment_matrix/_pair_trials/PAIR__PNAND3_MY__PINV_MY__g0p07.gds,fb5f23e523b2d177d9ea6f1b07a2f231b96c245dcc838716cc42f7416f8f4fcc,outputs/PROJECT_decoder_gate_abutment_matrix/_pair_trials/PAIR__PNAND3_MY__PINV_MY__g0p07_drc/PAIR__PNAND3_MY__PINV_MY__g0p07.lyrdb
PNAND3,MY,PINV,MY,0.14,True,0,False,True,False,True,,outputs/PROJECT_decoder_gate_abutment_matrix/_pair_trials/PAIR__PNAND3_MY__PINV_MY__g0p14.gds,28bac967d4e65d199c199d86e33a9154fbc3a6ca82864c0bc7f0045b4e0e1f75,outputs/PROJECT_decoder_gate_abutment_matrix/_pair_trials/PAIR__PNAND3_MY__PINV_MY__g0p14_drc/PAIR__PNAND3_MY__PINV_MY__g0p14.lyrdb
PNAND3,MY,PNAND2,R0,0.0,True,0,False,True,False,True,,outputs/PROJECT_decoder_gate_abutment_matrix/_pair_trials/PAIR__PNAND3_MY__PNAND2_R0__g0p0.gds,7b8cb8a16afddcd4ca26ddf6841fb70360e066f81ed4fbeb070625cb77fddade,outputs/PROJECT_decoder_gate_abutment_matrix/_pair_trials/PAIR__PNAND3_MY__PNAND2_R0__g0p0_drc/PAIR__PNAND3_MY__PNAND2_R0__g0p0.lyrdb
PNAND3,MY,PNAND2,R0,0.0025,True,0,False,True,False,True,,outputs/PROJECT_decoder_gate_abutment_matrix/_pair_trials/PAIR__PNAND3_MY__PNAND2_R0__g0p0025.gds,6fdc8a4a20921ddd70d950b83247f0280bcc319893caf9f0c4c8a69a87a876f9,outputs/PROJECT_decoder_gate_abutment_matrix/_pair_trials/PAIR__PNAND3_MY__PNAND2_R0__g0p0025_drc/PAIR__PNAND3_MY__PNAND2_R0__g0p0025.lyrdb
PNAND3,MY,PNAND2,R0,0.07,True,0,False,True,False,True,,outputs/PROJECT_decoder_gate_abutment_matrix/_pair_trials/PAIR__PNAND3_MY__PNAND2_R0__g0p07.gds,cf010b175d25bda96edad05f285ed655bb623d2a11aa8f52cbe6dc7908c1a75c,outputs/PROJECT_decoder_gate_abutment_matrix/_pair_trials/PAIR__PNAND3_MY__PNAND2_R0__g0p07_drc/PAIR__PNAND3_MY__PNAND2_R0__g0p07.lyrdb
PNAND3,MY,PNAND2,R0,0.14,True,0,False,True,False,True,,outputs/PROJECT_decoder_gate_abutment_matrix/_pair_trials/PAIR__PNAND3_MY__PNAND2_R0__g0p14.gds,daa224daf9f4a34e17de31fd64e36696e70257037c6be6e5137e0694c0b30c86,outputs/PROJECT_decoder_gate_abutment_matrix/_pair_trials/PAIR__PNAND3_MY__PNAND2_R0__g0p14_drc/PAIR__PNAND3_MY__PNAND2_R0__g0p14.lyrdb
PNAND3,MY,PNAND2,R180,0.0,True,0,False,True,False,True,,outputs/PROJECT_decoder_gate_abutment_matrix/_pair_trials/PAIR__PNAND3_MY__PNAND2_R180__g0p0.gds,cffdadda1997a0350cd3d20b9530fbe9c8b4a28fe3001b7873e83e0d226fe61e,outputs/PROJECT_decoder_gate_abutment_matrix/_pair_trials/PAIR__PNAND3_MY__PNAND2_R180__g0p0_drc/PAIR__PNAND3_MY__PNAND2_R180__g0p0.lyrdb
PNAND3,MY,PNAND2,R180,0.0025,True,0,False,True,False,True,,outputs/PROJECT_decoder_gate_abutment_matrix/_pair_trials/PAIR__PNAND3_MY__PNAND2_R180__g0p0025.gds,ee650e2ccd665fdbb94394a4c099bbbaa7f652076d97095090e7ff847052cfc3,outputs/PROJECT_decoder_gate_abutment_matrix/_pair_trials/PAIR__PNAND3_MY__PNAND2_R180__g0p0025_drc/PAIR__PNAND3_MY__PNAND2_R180__g0p0025.lyrdb
PNAND3,MY,PNAND2,R180,0.07,True,0,False,True,False,True,,outputs/PROJECT_decoder_gate_abutment_matrix/_pair_trials/PAIR__PNAND3_MY__PNAND2_R180__g0p07.gds,286c31c5b60fe11e46474cc2a15184138bb38dcdc370ebcb89e62850d949227c,outputs/PROJECT_decoder_gate_abutment_matrix/_pair_trials/PAIR__PNAND3_MY__PNAND2_R180__g0p07_drc/PAIR__PNAND3_MY__PNAND2_R180__g0p07.lyrdb
PNAND3,MY,PNAND2,R180,0.14,True,0,False,True,False,True,,outputs/PROJECT_decoder_gate_abutment_matrix/_pair_trials/PAIR__PNAND3_MY__PNAND2_R180__g0p14.gds,358bc1e53574fe728539737d9c96d62bb864273420692f97feaeb72b97f2c72b,outputs/PROJECT_decoder_gate_abutment_matrix/_pair_trials/PAIR__PNAND3_MY__PNAND2_R180__g0p14_drc/PAIR__PNAND3_MY__PNAND2_R180__g0p14.lyrdb
PNAND3,MY,PNAND2,MX,0.0,False,0,False,False,False,True,,outputs/PROJECT_decoder_gate_abutment_matrix/_pair_trials/PAIR__PNAND3_MY__PNAND2_MX__g0p0.gds,a3795adc18fb5c2a9e413d2ed861ac7e6b57088b2e58b6cec98185386a15dc59,outputs/PROJECT_decoder_gate_abutment_matrix/_pair_trials/PAIR__PNAND3_MY__PNAND2_MX__g0p0_drc/PAIR__PNAND3_MY__PNAND2_MX__g0p0.lyrdb
PNAND3,MY,PNAND2,MX,0.0025,False,0,False,False,False,True,,outputs/PROJECT_decoder_gate_abutment_matrix/_pair_trials/PAIR__PNAND3_MY__PNAND2_MX__g0p0025.gds,78d83de191f6a2a909612bee51b2c247de99703b2d5d90bceea32db02e9f2869,outputs/PROJECT_decoder_gate_abutment_matrix/_pair_trials/PAIR__PNAND3_MY__PNAND2_MX__g0p0025_drc/PAIR__PNAND3_MY__PNAND2_MX__g0p0025.lyrdb
PNAND3,MY,PNAND2,MX,0.07,False,0,False,False,False,True,,outputs/PROJECT_decoder_gate_abutment_matrix/_pair_trials/PAIR__PNAND3_MY__PNAND2_MX__g0p07.gds,b87dd1388be8df4412fe87e6c89e9a554fe4c1d26fab87bf75f429db029450da,outputs/PROJECT_decoder_gate_abutment_matrix/_pair_trials/PAIR__PNAND3_MY__PNAND2_MX__g0p07_drc/PAIR__PNAND3_MY__PNAND2_MX__g0p07.lyrdb
PNAND3,MY,PNAND2,MX,0.14,False,0,False,False,False,True,,outputs/PROJECT_decoder_gate_abutment_matrix/_pair_trials/PAIR__PNAND3_MY__PNAND2_MX__g0p14.gds,f4a98ed3b0aa265dfdf250926cd23e9a09eeb7f977effb88bdaa29be6cbb49c6,outputs/PROJECT_decoder_gate_abutment_matrix/_pair_trials/PAIR__PNAND3_MY__PNAND2_MX__g0p14_drc/PAIR__PNAND3_MY__PNAND2_MX__g0p14.lyrdb
PNAND3,MY,PNAND2,MY,0.0,True,0,False,True,False,True,,outputs/PROJECT_decoder_gate_abutment_matrix/_pair_trials/PAIR__PNAND3_MY__PNAND2_MY__g0p0.gds,9f4edc5b057353117b85df86c33da9a694177835f398f5c2aa8183bd2869d9c9,outputs/PROJECT_decoder_gate_abutment_matrix/_pair_trials/PAIR__PNAND3_MY__PNAND2_MY__g0p0_drc/PAIR__PNAND3_MY__PNAND2_MY__g0p0.lyrdb
PNAND3,MY,PNAND2,MY,0.0025,True,0,False,True,False,True,,outputs/PROJECT_decoder_gate_abutment_matrix/_pair_trials/PAIR__PNAND3_MY__PNAND2_MY__g0p0025.gds,925a942f9fa668f017d7700bdeee9bacf9c3fbe3b7b589e39172d18cd722d76a,outputs/PROJECT_decoder_gate_abutment_matrix/_pair_trials/PAIR__PNAND3_MY__PNAND2_MY__g0p0025_drc/PAIR__PNAND3_MY__PNAND2_MY__g0p0025.lyrdb
PNAND3,MY,PNAND2,MY,0.07,True,0,False,True,False,True,,outputs/PROJECT_decoder_gate_abutment_matrix/_pair_trials/PAIR__PNAND3_MY__PNAND2_MY__g0p07.gds,0e22fe0fc42c484e27abfe7df0a3a65e6af59d73488904945ed8912ac17e9ee2,outputs/PROJECT_decoder_gate_abutment_matrix/_pair_trials/PAIR__PNAND3_MY__PNAND2_MY__g0p07_drc/PAIR__PNAND3_MY__PNAND2_MY__g0p07.lyrdb
PNAND3,MY,PNAND2,MY,0.14,True,0,False,True,False,True,,outputs/PROJECT_decoder_gate_abutment_matrix/_pair_trials/PAIR__PNAND3_MY__PNAND2_MY__g0p14.gds,72a6e1a6c453237282de4310b9b8fc07c2dffd4d21ca364e1c1022edd4dc789b,outputs/PROJECT_decoder_gate_abutment_matrix/_pair_trials/PAIR__PNAND3_MY__PNAND2_MY__g0p14_drc/PAIR__PNAND3_MY__PNAND2_MY__g0p14.lyrdb
PNAND3,MY,PNAND3,R0,0.0,True,0,False,True,False,True,,outputs/PROJECT_decoder_gate_abutment_matrix/_pair_trials/PAIR__PNAND3_MY__PNAND3_R0__g0p0.gds,8bd81d250924f2a34e055b0d7c3a3e5daef889d03e68f17cc52ba68cb94ac3d3,outputs/PROJECT_decoder_gate_abutment_matrix/_pair_trials/PAIR__PNAND3_MY__PNAND3_R0__g0p0_drc/PAIR__PNAND3_MY__PNAND3_R0__g0p0.lyrdb
PNAND3,MY,PNAND3,R0,0.0025,True,0,False,True,False,True,,outputs/PROJECT_decoder_gate_abutment_matrix/_pair_trials/PAIR__PNAND3_MY__PNAND3_R0__g0p0025.gds,1433c730d5b78f67b6575f1c8cd41ac7382098b65eb15de490e1293322476cc9,outputs/PROJECT_decoder_gate_abutment_matrix/_pair_trials/PAIR__PNAND3_MY__PNAND3_R0__g0p0025_drc/PAIR__PNAND3_MY__PNAND3_R0__g0p0025.lyrdb
PNAND3,MY,PNAND3,R0,0.07,True,0,False,True,False,True,,outputs/PROJECT_decoder_gate_abutment_matrix/_pair_trials/PAIR__PNAND3_MY__PNAND3_R0__g0p07.gds,9ff0061cabd33f9cd568b4586b09ed0f4b48f2b70e77037b41ae82f3cb22d6ae,outputs/PROJECT_decoder_gate_abutment_matrix/_pair_trials/PAIR__PNAND3_MY__PNAND3_R0__g0p07_drc/PAIR__PNAND3_MY__PNAND3_R0__g0p07.lyrdb
PNAND3,MY,PNAND3,R0,0.14,True,0,False,True,False,True,,outputs/PROJECT_decoder_gate_abutment_matrix/_pair_trials/PAIR__PNAND3_MY__PNAND3_R0__g0p14.gds,653347682a21875a5ef6a84feabf11a8b5b8e999a378f56c178fdf5caad68b7c,outputs/PROJECT_decoder_gate_abutment_matrix/_pair_trials/PAIR__PNAND3_MY__PNAND3_R0__g0p14_drc/PAIR__PNAND3_MY__PNAND3_R0__g0p14.lyrdb
PNAND3,MY,PNAND3,R180,0.0,True,0,False,True,False,True,,outputs/PROJECT_decoder_gate_abutment_matrix/_pair_trials/PAIR__PNAND3_MY__PNAND3_R180__g0p0.gds,b6e43b89dfeb7ab925afb57e227ef1161f0476b0576f764903655d092983b872,outputs/PROJECT_decoder_gate_abutment_matrix/_pair_trials/PAIR__PNAND3_MY__PNAND3_R180__g0p0_drc/PAIR__PNAND3_MY__PNAND3_R180__g0p0.lyrdb
PNAND3,MY,PNAND3,R180,0.0025,True,1,False,True,True,False,drc_marker_count=1,outputs/PROJECT_decoder_gate_abutment_matrix/_pair_trials/PAIR__PNAND3_MY__PNAND3_R180__g0p0025.gds,eac6c36dc687955d0ce9c09637b2e7d6c39834bb2ef5077be034e945a773029b,outputs/PROJECT_decoder_gate_abutment_matrix/_pair_trials/PAIR__PNAND3_MY__PNAND3_R180__g0p0025_drc/PAIR__PNAND3_MY__PNAND3_R180__g0p0025.lyrdb
PNAND3,MY,PNAND3,R180,0.07,True,1,False,True,True,False,drc_marker_count=1,outputs/PROJECT_decoder_gate_abutment_matrix/_pair_trials/PAIR__PNAND3_MY__PNAND3_R180__g0p07.gds,2ad95c5caf4e7daede4d10a980ce1bd2dbdf834fdee1f15fe1fe9ac242140c4f,outputs/PROJECT_decoder_gate_abutment_matrix/_pair_trials/PAIR__PNAND3_MY__PNAND3_R180__g0p07_drc/PAIR__PNAND3_MY__PNAND3_R180__g0p07.lyrdb
PNAND3,MY,PNAND3,R180,0.14,True,1,False,True,True,False,drc_marker_count=1,outputs/PROJECT_decoder_gate_abutment_matrix/_pair_trials/PAIR__PNAND3_MY__PNAND3_R180__g0p14.gds,030e2a5cdbf49205503b840287c1dbffcb43f958dde5ac2699b270ef44d8463f,outputs/PROJECT_decoder_gate_abutment_matrix/_pair_trials/PAIR__PNAND3_MY__PNAND3_R180__g0p14_drc/PAIR__PNAND3_MY__PNAND3_R180__g0p14.lyrdb
PNAND3,MY,PNAND3,MX,0.0,False,0,False,False,False,True,,outputs/PROJECT_decoder_gate_abutment_matrix/_pair_trials/PAIR__PNAND3_MY__PNAND3_MX__g0p0.gds,ec1c7be39d6e1842ab1618561feed410bab0965a77800bd728fef69ed1c9f1ee,outputs/PROJECT_decoder_gate_abutment_matrix/_pair_trials/PAIR__PNAND3_MY__PNAND3_MX__g0p0_drc/PAIR__PNAND3_MY__PNAND3_MX__g0p0.lyrdb
PNAND3,MY,PNAND3,MX,0.0025,False,0,False,False,False,True,,outputs/PROJECT_decoder_gate_abutment_matrix/_pair_trials/PAIR__PNAND3_MY__PNAND3_MX__g0p0025.gds,60b51b3981cfc19d250c9a651957db43958861c68bcd011191727d97404e9c5e,outputs/PROJECT_decoder_gate_abutment_matrix/_pair_trials/PAIR__PNAND3_MY__PNAND3_MX__g0p0025_drc/PAIR__PNAND3_MY__PNAND3_MX__g0p0025.lyrdb
PNAND3,MY,PNAND3,MX,0.07,False,0,False,False,False,True,,outputs/PROJECT_decoder_gate_abutment_matrix/_pair_trials/PAIR__PNAND3_MY__PNAND3_MX__g0p07.gds,5203933023a9e01a2956ee2325bac1edb390311d38e011b8b337aa513c32d21f,outputs/PROJECT_decoder_gate_abutment_matrix/_pair_trials/PAIR__PNAND3_MY__PNAND3_MX__g0p07_drc/PAIR__PNAND3_MY__PNAND3_MX__g0p07.lyrdb
PNAND3,MY,PNAND3,MX,0.14,False,0,False,False,False,True,,outputs/PROJECT_decoder_gate_abutment_matrix/_pair_trials/PAIR__PNAND3_MY__PNAND3_MX__g0p14.gds,ef549e7ab4a2f91ed205d8591a7bd6a04ad85a52c1f31fc67ae3a8b8110be84a,outputs/PROJECT_decoder_gate_abutment_matrix/_pair_trials/PAIR__PNAND3_MY__PNAND3_MX__g0p14_drc/PAIR__PNAND3_MY__PNAND3_MX__g0p14.lyrdb
PNAND3,MY,PNAND3,MY,0.0,True,0,False,True,False,True,,outputs/PROJECT_decoder_gate_abutment_matrix/_pair_trials/PAIR__PNAND3_MY__PNAND3_MY__g0p0.gds,caf5e83245190f76ca202181e8771fa186785020e3a6ff7a83d88af8ac78f349,outputs/PROJECT_decoder_gate_abutment_matrix/_pair_trials/PAIR__PNAND3_MY__PNAND3_MY__g0p0_drc/PAIR__PNAND3_MY__PNAND3_MY__g0p0.lyrdb
PNAND3,MY,PNAND3,MY,0.0025,True,1,False,True,True,False,drc_marker_count=1,outputs/PROJECT_decoder_gate_abutment_matrix/_pair_trials/PAIR__PNAND3_MY__PNAND3_MY__g0p0025.gds,1a82dd3841a5c0fc728cb160cfb1a4525c665faafb233793260c7d47f7f9f154,outputs/PROJECT_decoder_gate_abutment_matrix/_pair_trials/PAIR__PNAND3_MY__PNAND3_MY__g0p0025_drc/PAIR__PNAND3_MY__PNAND3_MY__g0p0025.lyrdb
PNAND3,MY,PNAND3,MY,0.07,True,1,False,True,True,False,drc_marker_count=1,outputs/PROJECT_decoder_gate_abutment_matrix/_pair_trials/PAIR__PNAND3_MY__PNAND3_MY__g0p07.gds,9154eeee540a2ac5c913b04a14eeafc46a9ce54997333bea51bf8cc68a6108d5,outputs/PROJECT_decoder_gate_abutment_matrix/_pair_trials/PAIR__PNAND3_MY__PNAND3_MY__g0p07_drc/PAIR__PNAND3_MY__PNAND3_MY__g0p07.lyrdb
PNAND3,MY,PNAND3,MY,0.14,True,1,False,True,True,False,drc_marker_count=1,outputs/PROJECT_decoder_gate_abutment_matrix/_pair_trials/PAIR__PNAND3_MY__PNAND3_MY__g0p14.gds,fe1591036abf436cbbceafef2ef487695ceb01b7247c44955b74acb2b5c1c4e3,outputs/PROJECT_decoder_gate_abutment_matrix/_pair_trials/PAIR__PNAND3_MY__PNAND3_MY__g0p14_drc/PAIR__PNAND3_MY__PNAND3_MY__g0p14.lyrdb
PNAND3,MY,AND2,R0,0.0,True,0,False,True,False,True,,outputs/PROJECT_decoder_gate_abutment_matrix/_pair_trials/PAIR__PNAND3_MY__AND2_R0__g0p0.gds,ed9693c7e8e31396eb3a8f49f7e022c53379ae045a93d463c49026b702199305,outputs/PROJECT_decoder_gate_abutment_matrix/_pair_trials/PAIR__PNAND3_MY__AND2_R0__g0p0_drc/PAIR__PNAND3_MY__AND2_R0__g0p0.lyrdb
PNAND3,MY,AND2,R0,0.0025,True,0,False,True,False,True,,outputs/PROJECT_decoder_gate_abutment_matrix/_pair_trials/PAIR__PNAND3_MY__AND2_R0__g0p0025.gds,872efe61117455faf8695749e46a0ed18c20b81d74267347e3512b7f3886ecf5,outputs/PROJECT_decoder_gate_abutment_matrix/_pair_trials/PAIR__PNAND3_MY__AND2_R0__g0p0025_drc/PAIR__PNAND3_MY__AND2_R0__g0p0025.lyrdb
PNAND3,MY,AND2,R0,0.07,True,0,False,True,False,True,,outputs/PROJECT_decoder_gate_abutment_matrix/_pair_trials/PAIR__PNAND3_MY__AND2_R0__g0p07.gds,d8a3f77a3054673ffc5e9102d02e5685b3be28819d59b20038f14a54203ba9e3,outputs/PROJECT_decoder_gate_abutment_matrix/_pair_trials/PAIR__PNAND3_MY__AND2_R0__g0p07_drc/PAIR__PNAND3_MY__AND2_R0__g0p07.lyrdb
PNAND3,MY,AND2,R0,0.14,True,0,False,True,False,True,,outputs/PROJECT_decoder_gate_abutment_matrix/_pair_trials/PAIR__PNAND3_MY__AND2_R0__g0p14.gds,6ff3a37954caf031b76fd7664aa38baeb53ed25cfd0fe5a4dfb913e7d63b24a7,outputs/PROJECT_decoder_gate_abutment_matrix/_pair_trials/PAIR__PNAND3_MY__AND2_R0__g0p14_drc/PAIR__PNAND3_MY__AND2_R0__g0p14.lyrdb
PNAND3,MY,AND2,R180,0.0,True,0,False,True,False,True,,outputs/PROJECT_decoder_gate_abutment_matrix/_pair_trials/PAIR__PNAND3_MY__AND2_R180__g0p0.gds,6ad216e4aafde539dcbc99a7e5c4807cf4452199bd4ced361af49b2483541af2,outputs/PROJECT_decoder_gate_abutment_matrix/_pair_trials/PAIR__PNAND3_MY__AND2_R180__g0p0_drc/PAIR__PNAND3_MY__AND2_R180__g0p0.lyrdb
PNAND3,MY,AND2,R180,0.0025,True,0,False,True,False,True,,outputs/PROJECT_decoder_gate_abutment_matrix/_pair_trials/PAIR__PNAND3_MY__AND2_R180__g0p0025.gds,37bb15e68ceaf63508f63dfc000b06da8bc7c50b05a101613457ab409ce3a54f,outputs/PROJECT_decoder_gate_abutment_matrix/_pair_trials/PAIR__PNAND3_MY__AND2_R180__g0p0025_drc/PAIR__PNAND3_MY__AND2_R180__g0p0025.lyrdb
PNAND3,MY,AND2,R180,0.07,True,0,False,True,False,True,,outputs/PROJECT_decoder_gate_abutment_matrix/_pair_trials/PAIR__PNAND3_MY__AND2_R180__g0p07.gds,db00685cafa574bd3fe3540f9d6dfa5a15a92c81afcd3477e509f8c5dd04b32a,outputs/PROJECT_decoder_gate_abutment_matrix/_pair_trials/PAIR__PNAND3_MY__AND2_R180__g0p07_drc/PAIR__PNAND3_MY__AND2_R180__g0p07.lyrdb
PNAND3,MY,AND2,R180,0.14,True,0,False,True,False,True,,outputs/PROJECT_decoder_gate_abutment_matrix/_pair_trials/PAIR__PNAND3_MY__AND2_R180__g0p14.gds,e7a7bf7cb8ca38ad71f3f946ef35600ec2a9f4a7df111a5f8711a8b223a94a47,outputs/PROJECT_decoder_gate_abutment_matrix/_pair_trials/PAIR__PNAND3_MY__AND2_R180__g0p14_drc/PAIR__PNAND3_MY__AND2_R180__g0p14.lyrdb
PNAND3,MY,AND2,MX,0.0,False,0,False,False,False,True,,outputs/PROJECT_decoder_gate_abutment_matrix/_pair_trials/PAIR__PNAND3_MY__AND2_MX__g0p0.gds,becda8804f60f9daa17a408209621a56ebe5b66a6858346630da5132b1f20200,outputs/PROJECT_decoder_gate_abutment_matrix/_pair_trials/PAIR__PNAND3_MY__AND2_MX__g0p0_drc/PAIR__PNAND3_MY__AND2_MX__g0p0.lyrdb
PNAND3,MY,AND2,MX,0.0025,False,0,False,False,False,True,,outputs/PROJECT_decoder_gate_abutment_matrix/_pair_trials/PAIR__PNAND3_MY__AND2_MX__g0p0025.gds,95b629333160f51452441a61cd0892161f484196c91268c09e5e5f93619c4e61,outputs/PROJECT_decoder_gate_abutment_matrix/_pair_trials/PAIR__PNAND3_MY__AND2_MX__g0p0025_drc/PAIR__PNAND3_MY__AND2_MX__g0p0025.lyrdb
PNAND3,MY,AND2,MX,0.07,False,0,False,False,False,True,,outputs/PROJECT_decoder_gate_abutment_matrix/_pair_trials/PAIR__PNAND3_MY__AND2_MX__g0p07.gds,b402df454ed4a5b76ab4366769709d6dc887129edbdcb2f89a9b8def2d7e3902,outputs/PROJECT_decoder_gate_abutment_matrix/_pair_trials/PAIR__PNAND3_MY__AND2_MX__g0p07_drc/PAIR__PNAND3_MY__AND2_MX__g0p07.lyrdb
PNAND3,MY,AND2,MX,0.14,False,0,False,False,False,True,,outputs/PROJECT_decoder_gate_abutment_matrix/_pair_trials/PAIR__PNAND3_MY__AND2_MX__g0p14.gds,4ec3eae0987824d794a3ccea2b266f06b0ec30e8010f37166e08e652e870d1c6,outputs/PROJECT_decoder_gate_abutment_matrix/_pair_trials/PAIR__PNAND3_MY__AND2_MX__g0p14_drc/PAIR__PNAND3_MY__AND2_MX__g0p14.lyrdb
PNAND3,MY,AND2,MY,0.0,True,12,False,True,True,False,drc_marker_count=12,outputs/PROJECT_decoder_gate_abutment_matrix/_pair_trials/PAIR__PNAND3_MY__AND2_MY__g0p0.gds,31d2a37e840546cbb0165904e3ee48f1313431d241aceac7fc42e86258a72541,outputs/PROJECT_decoder_gate_abutment_matrix/_pair_trials/PAIR__PNAND3_MY__AND2_MY__g0p0_drc/PAIR__PNAND3_MY__AND2_MY__g0p0.lyrdb
PNAND3,MY,AND2,MY,0.0025,True,17,False,True,True,False,drc_marker_count=17,outputs/PROJECT_decoder_gate_abutment_matrix/_pair_trials/PAIR__PNAND3_MY__AND2_MY__g0p0025.gds,fd06b0acaef4b676acafcd33ac087ca25290278ca4a3dcdb656438044e9014bb,outputs/PROJECT_decoder_gate_abutment_matrix/_pair_trials/PAIR__PNAND3_MY__AND2_MY__g0p0025_drc/PAIR__PNAND3_MY__AND2_MY__g0p0025.lyrdb
PNAND3,MY,AND2,MY,0.07,True,36,False,True,True,False,drc_marker_count=36,outputs/PROJECT_decoder_gate_abutment_matrix/_pair_trials/PAIR__PNAND3_MY__AND2_MY__g0p07.gds,e41fb72d9e9fb4e41096f6dbb1235848ddab6ab5f73b2dc3508450a287617ae0,outputs/PROJECT_decoder_gate_abutment_matrix/_pair_trials/PAIR__PNAND3_MY__AND2_MY__g0p07_drc/PAIR__PNAND3_MY__AND2_MY__g0p07.lyrdb
PNAND3,MY,AND2,MY,0.14,True,16,False,True,True,False,drc_marker_count=16,outputs/PROJECT_decoder_gate_abutment_matrix/_pair_trials/PAIR__PNAND3_MY__AND2_MY__g0p14.gds,ee2465b21f4d84757d642e294655c419d0353a8cc6f108dd2720709a77f3bce7,outputs/PROJECT_decoder_gate_abutment_matrix/_pair_trials/PAIR__PNAND3_MY__AND2_MY__g0p14_drc/PAIR__PNAND3_MY__AND2_MY__g0p14.lyrdb
PNAND3,MY,AND3,R0,0.0,True,0,False,True,False,True,,outputs/PROJECT_decoder_gate_abutment_matrix/_pair_trials/PAIR__PNAND3_MY__AND3_R0__g0p0.gds,a2a900e0395fe1fb76cbb3b0b51ffda49bc9f9989a481ece2a7313d6550a5b70,outputs/PROJECT_decoder_gate_abutment_matrix/_pair_trials/PAIR__PNAND3_MY__AND3_R0__g0p0_drc/PAIR__PNAND3_MY__AND3_R0__g0p0.lyrdb
PNAND3,MY,AND3,R0,0.0025,True,0,False,True,False,True,,outputs/PROJECT_decoder_gate_abutment_matrix/_pair_trials/PAIR__PNAND3_MY__AND3_R0__g0p0025.gds,1072970848f44c826667778126532e9a976929373cb3261936f158da04b0b3f5,outputs/PROJECT_decoder_gate_abutment_matrix/_pair_trials/PAIR__PNAND3_MY__AND3_R0__g0p0025_drc/PAIR__PNAND3_MY__AND3_R0__g0p0025.lyrdb
PNAND3,MY,AND3,R0,0.07,True,0,False,True,False,True,,outputs/PROJECT_decoder_gate_abutment_matrix/_pair_trials/PAIR__PNAND3_MY__AND3_R0__g0p07.gds,77e7557279706959303ee60dd6856e743285054d619ea7d6d459d62afb09a3d5,outputs/PROJECT_decoder_gate_abutment_matrix/_pair_trials/PAIR__PNAND3_MY__AND3_R0__g0p07_drc/PAIR__PNAND3_MY__AND3_R0__g0p07.lyrdb
PNAND3,MY,AND3,R0,0.14,True,0,False,True,False,True,,outputs/PROJECT_decoder_gate_abutment_matrix/_pair_trials/PAIR__PNAND3_MY__AND3_R0__g0p14.gds,674652fd091cef34b8a23ffe7df28c11bc579aa411fe0f6a36ab65fbfcc0bad9,outputs/PROJECT_decoder_gate_abutment_matrix/_pair_trials/PAIR__PNAND3_MY__AND3_R0__g0p14_drc/PAIR__PNAND3_MY__AND3_R0__g0p14.lyrdb
PNAND3,MY,AND3,R180,0.0,True,0,False,True,False,True,,outputs/PROJECT_decoder_gate_abutment_matrix/_pair_trials/PAIR__PNAND3_MY__AND3_R180__g0p0.gds,ea25c32d79d6b3fad423fc131f8c65f86610100d8d66a929a93ce5c2202c59ed,outputs/PROJECT_decoder_gate_abutment_matrix/_pair_trials/PAIR__PNAND3_MY__AND3_R180__g0p0_drc/PAIR__PNAND3_MY__AND3_R180__g0p0.lyrdb
PNAND3,MY,AND3,R180,0.0025,True,0,False,True,False,True,,outputs/PROJECT_decoder_gate_abutment_matrix/_pair_trials/PAIR__PNAND3_MY__AND3_R180__g0p0025.gds,91a9a23bdd3941e50015396ac448a0484edf4e593536873e49b9b1572ae7aa95,outputs/PROJECT_decoder_gate_abutment_matrix/_pair_trials/PAIR__PNAND3_MY__AND3_R180__g0p0025_drc/PAIR__PNAND3_MY__AND3_R180__g0p0025.lyrdb
PNAND3,MY,AND3,R180,0.07,True,0,False,True,False,True,,outputs/PROJECT_decoder_gate_abutment_matrix/_pair_trials/PAIR__PNAND3_MY__AND3_R180__g0p07.gds,60231a9ae82c16628846aedae937fdd15920960b25e9e80008dda661fd05fbcf,outputs/PROJECT_decoder_gate_abutment_matrix/_pair_trials/PAIR__PNAND3_MY__AND3_R180__g0p07_drc/PAIR__PNAND3_MY__AND3_R180__g0p07.lyrdb
PNAND3,MY,AND3,R180,0.14,True,0,False,True,False,True,,outputs/PROJECT_decoder_gate_abutment_matrix/_pair_trials/PAIR__PNAND3_MY__AND3_R180__g0p14.gds,563466d90adea391532bb7fe78b25dbaf17c40b68aec8dbf6226abeee5dd4a10,outputs/PROJECT_decoder_gate_abutment_matrix/_pair_trials/PAIR__PNAND3_MY__AND3_R180__g0p14_drc/PAIR__PNAND3_MY__AND3_R180__g0p14.lyrdb
PNAND3,MY,AND3,MX,0.0,False,0,False,False,False,True,,outputs/PROJECT_decoder_gate_abutment_matrix/_pair_trials/PAIR__PNAND3_MY__AND3_MX__g0p0.gds,2c3054fc45e282d8c81f596d61c4fe9f65e7e5f71e527b182de823894616163f,outputs/PROJECT_decoder_gate_abutment_matrix/_pair_trials/PAIR__PNAND3_MY__AND3_MX__g0p0_drc/PAIR__PNAND3_MY__AND3_MX__g0p0.lyrdb
PNAND3,MY,AND3,MX,0.0025,False,0,False,False,False,True,,outputs/PROJECT_decoder_gate_abutment_matrix/_pair_trials/PAIR__PNAND3_MY__AND3_MX__g0p0025.gds,1fd066411b37e7a8b5bad13c8691dba3287d09bab6df17bc2fa88fd3fc4d9779,outputs/PROJECT_decoder_gate_abutment_matrix/_pair_trials/PAIR__PNAND3_MY__AND3_MX__g0p0025_drc/PAIR__PNAND3_MY__AND3_MX__g0p0025.lyrdb
PNAND3,MY,AND3,MX,0.07,False,0,False,False,False,True,,outputs/PROJECT_decoder_gate_abutment_matrix/_pair_trials/PAIR__PNAND3_MY__AND3_MX__g0p07.gds,f41cb9f83fef7e2affeb066d171469dd5fb56b46a2dc17ee293f3af8a833473e,outputs/PROJECT_decoder_gate_abutment_matrix/_pair_trials/PAIR__PNAND3_MY__AND3_MX__g0p07_drc/PAIR__PNAND3_MY__AND3_MX__g0p07.lyrdb
PNAND3,MY,AND3,MX,0.14,False,0,False,False,False,True,,outputs/PROJECT_decoder_gate_abutment_matrix/_pair_trials/PAIR__PNAND3_MY__AND3_MX__g0p14.gds,a5461696000e6b483f6c0198ffeeea1d163d9d2414c940f97c25fafc12d1c466,outputs/PROJECT_decoder_gate_abutment_matrix/_pair_trials/PAIR__PNAND3_MY__AND3_MX__g0p14_drc/PAIR__PNAND3_MY__AND3_MX__g0p14.lyrdb
PNAND3,MY,AND3,MY,0.0,True,51,False,True,True,False,drc_marker_count=51,outputs/PROJECT_decoder_gate_abutment_matrix/_pair_trials/PAIR__PNAND3_MY__AND3_MY__g0p0.gds,0d90aadd88e10faeba2520474d6055ee5886542371abf007704d279f661aa5c1,outputs/PROJECT_decoder_gate_abutment_matrix/_pair_trials/PAIR__PNAND3_MY__AND3_MY__g0p0_drc/PAIR__PNAND3_MY__AND3_MY__g0p0.lyrdb
PNAND3,MY,AND3,MY,0.0025,True,51,False,True,True,False,drc_marker_count=51,outputs/PROJECT_decoder_gate_abutment_matrix/_pair_trials/PAIR__PNAND3_MY__AND3_MY__g0p0025.gds,05d8baff85ed1947109c80592b74baacf72bc529950631e55ef260c655b2fe18,outputs/PROJECT_decoder_gate_abutment_matrix/_pair_trials/PAIR__PNAND3_MY__AND3_MY__g0p0025_drc/PAIR__PNAND3_MY__AND3_MY__g0p0025.lyrdb
PNAND3,MY,AND3,MY,0.07,True,18,False,True,True,False,drc_marker_count=18,outputs/PROJECT_decoder_gate_abutment_matrix/_pair_trials/PAIR__PNAND3_MY__AND3_MY__g0p07.gds,e43846c359aa643901d31865606b0e2f0a1bebed38693447d2c3d12c1a8f62e4,outputs/PROJECT_decoder_gate_abutment_matrix/_pair_trials/PAIR__PNAND3_MY__AND3_MY__g0p07_drc/PAIR__PNAND3_MY__AND3_MY__g0p07.lyrdb
PNAND3,MY,AND3,MY,0.14,True,29,False,True,True,False,drc_marker_count=29,outputs/PROJECT_decoder_gate_abutment_matrix/_pair_trials/PAIR__PNAND3_MY__AND3_MY__g0p14.gds,e8b413eed62d2af4333d1c86a66cb731d50d41ef1f419e9601715d74f7310c95,outputs/PROJECT_decoder_gate_abutment_matrix/_pair_trials/PAIR__PNAND3_MY__AND3_MY__g0p14_drc/PAIR__PNAND3_MY__AND3_MY__g0p14.lyrdb
PNAND3,MY,WORDLINEDRIVER,R0,0.0,True,0,False,True,False,True,,outputs/PROJECT_decoder_gate_abutment_matrix/_pair_trials/PAIR__PNAND3_MY__WORDLINEDRIVER_R0__g0p0.gds,7abd3edc3d20bfff47bc9a9b81f4bef09913a9e1b74edf094353e27b3d774b54,outputs/PROJECT_decoder_gate_abutment_matrix/_pair_trials/PAIR__PNAND3_MY__WORDLINEDRIVER_R0__g0p0_drc/PAIR__PNAND3_MY__WORDLINEDRIVER_R0__g0p0.lyrdb
PNAND3,MY,WORDLINEDRIVER,R0,0.0025,True,0,False,True,False,True,,outputs/PROJECT_decoder_gate_abutment_matrix/_pair_trials/PAIR__PNAND3_MY__WORDLINEDRIVER_R0__g0p0025.gds,252cee6efbce6e8fed58146c4b63fd584d9346e280f84a0ce713ca51b746950d,outputs/PROJECT_decoder_gate_abutment_matrix/_pair_trials/PAIR__PNAND3_MY__WORDLINEDRIVER_R0__g0p0025_drc/PAIR__PNAND3_MY__WORDLINEDRIVER_R0__g0p0025.lyrdb
PNAND3,MY,WORDLINEDRIVER,R0,0.07,True,0,False,True,False,True,,outputs/PROJECT_decoder_gate_abutment_matrix/_pair_trials/PAIR__PNAND3_MY__WORDLINEDRIVER_R0__g0p07.gds,ffc84be1e43b3f61febbf80fc4bbe95a8b65a8476a5716dea2a7463d08407709,outputs/PROJECT_decoder_gate_abutment_matrix/_pair_trials/PAIR__PNAND3_MY__WORDLINEDRIVER_R0__g0p07_drc/PAIR__PNAND3_MY__WORDLINEDRIVER_R0__g0p07.lyrdb
PNAND3,MY,WORDLINEDRIVER,R0,0.14,True,0,False,True,False,True,,outputs/PROJECT_decoder_gate_abutment_matrix/_pair_trials/PAIR__PNAND3_MY__WORDLINEDRIVER_R0__g0p14.gds,1124186a0149c7caa789bf6ec8b11434c99aa31ff7e68bcbf4ee86c9af0b44cf,outputs/PROJECT_decoder_gate_abutment_matrix/_pair_trials/PAIR__PNAND3_MY__WORDLINEDRIVER_R0__g0p14_drc/PAIR__PNAND3_MY__WORDLINEDRIVER_R0__g0p14.lyrdb
PNAND3,MY,WORDLINEDRIVER,R180,0.0,True,0,False,True,False,True,,outputs/PROJECT_decoder_gate_abutment_matrix/_pair_trials/PAIR__PNAND3_MY__WORDLINEDRIVER_R180__g0p0.gds,9d8e35a2c07b1cb7bcc3485e5357db14040e70f93271bb2861de8ea87918e8f8,outputs/PROJECT_decoder_gate_abutment_matrix/_pair_trials/PAIR__PNAND3_MY__WORDLINEDRIVER_R180__g0p0_drc/PAIR__PNAND3_MY__WORDLINEDRIVER_R180__g0p0.lyrdb
PNAND3,MY,WORDLINEDRIVER,R180,0.0025,True,0,False,True,False,True,,outputs/PROJECT_decoder_gate_abutment_matrix/_pair_trials/PAIR__PNAND3_MY__WORDLINEDRIVER_R180__g0p0025.gds,19db8b384a1548508f7ce053886cd3425012c05b23d50e0d55feb98737dc1e2c,outputs/PROJECT_decoder_gate_abutment_matrix/_pair_trials/PAIR__PNAND3_MY__WORDLINEDRIVER_R180__g0p0025_drc/PAIR__PNAND3_MY__WORDLINEDRIVER_R180__g0p0025.lyrdb
PNAND3,MY,WORDLINEDRIVER,R180,0.07,True,0,False,True,False,True,,outputs/PROJECT_decoder_gate_abutment_matrix/_pair_trials/PAIR__PNAND3_MY__WORDLINEDRIVER_R180__g0p07.gds,7111d58c4ec7d208e981c5067161ca2ce49f37bfecbe8b1432c234384dd7f9ed,outputs/PROJECT_decoder_gate_abutment_matrix/_pair_trials/PAIR__PNAND3_MY__WORDLINEDRIVER_R180__g0p07_drc/PAIR__PNAND3_MY__WORDLINEDRIVER_R180__g0p07.lyrdb
PNAND3,MY,WORDLINEDRIVER,R180,0.14,True,0,False,True,False,True,,outputs/PROJECT_decoder_gate_abutment_matrix/_pair_trials/PAIR__PNAND3_MY__WORDLINEDRIVER_R180__g0p14.gds,8c13742d166f18137cefc264042b2e5e87027aae0ab530571969944bdf8500bb,outputs/PROJECT_decoder_gate_abutment_matrix/_pair_trials/PAIR__PNAND3_MY__WORDLINEDRIVER_R180__g0p14_drc/PAIR__PNAND3_MY__WORDLINEDRIVER_R180__g0p14.lyrdb
PNAND3,MY,WORDLINEDRIVER,MX,0.0,False,0,False,False,False,True,,outputs/PROJECT_decoder_gate_abutment_matrix/_pair_trials/PAIR__PNAND3_MY__WORDLINEDRIVER_MX__g0p0.gds,7920dc6da3604362cdf821970af3e3d348822f0628bbe66898df9b62100495c7,outputs/PROJECT_decoder_gate_abutment_matrix/_pair_trials/PAIR__PNAND3_MY__WORDLINEDRIVER_MX__g0p0_drc/PAIR__PNAND3_MY__WORDLINEDRIVER_MX__g0p0.lyrdb
PNAND3,MY,WORDLINEDRIVER,MX,0.0025,False,0,False,False,False,True,,outputs/PROJECT_decoder_gate_abutment_matrix/_pair_trials/PAIR__PNAND3_MY__WORDLINEDRIVER_MX__g0p0025.gds,689edc04b5cfe8b3f467ae63a0d8d7fe37cd4bc1ea51797e819b4f69d64af834,outputs/PROJECT_decoder_gate_abutment_matrix/_pair_trials/PAIR__PNAND3_MY__WORDLINEDRIVER_MX__g0p0025_drc/PAIR__PNAND3_MY__WORDLINEDRIVER_MX__g0p0025.lyrdb
PNAND3,MY,WORDLINEDRIVER,MX,0.07,False,0,False,False,False,True,,outputs/PROJECT_decoder_gate_abutment_matrix/_pair_trials/PAIR__PNAND3_MY__WORDLINEDRIVER_MX__g0p07.gds,f3c794a8f1e0af157396477ddba46c1ff1b962b5ca9ac4b54f7c10bbe9573f56,outputs/PROJECT_decoder_gate_abutment_matrix/_pair_trials/PAIR__PNAND3_MY__WORDLINEDRIVER_MX__g0p07_drc/PAIR__PNAND3_MY__WORDLINEDRIVER_MX__g0p07.lyrdb
PNAND3,MY,WORDLINEDRIVER,MX,0.14,False,0,False,False,False,True,,outputs/PROJECT_decoder_gate_abutment_matrix/_pair_trials/PAIR__PNAND3_MY__WORDLINEDRIVER_MX__g0p14.gds,294b928a9dbff0459133c38d85f4233f06992b80c92fcea8672da5d753e3818d,outputs/PROJECT_decoder_gate_abutment_matrix/_pair_trials/PAIR__PNAND3_MY__WORDLINEDRIVER_MX__g0p14_drc/PAIR__PNAND3_MY__WORDLINEDRIVER_MX__g0p14.lyrdb
PNAND3,MY,WORDLINEDRIVER,MY,0.0,True,62,False,True,True,False,drc_marker_count=62,outputs/PROJECT_decoder_gate_abutment_matrix/_pair_trials/PAIR__PNAND3_MY__WORDLINEDRIVER_MY__g0p0.gds,e59be647b4175fb58a74c846d0fa4e466cecc20cbff6b9629c77d87c1dfdea17,outputs/PROJECT_decoder_gate_abutment_matrix/_pair_trials/PAIR__PNAND3_MY__WORDLINEDRIVER_MY__g0p0_drc/PAIR__PNAND3_MY__WORDLINEDRIVER_MY__g0p0.lyrdb
PNAND3,MY,WORDLINEDRIVER,MY,0.0025,True,57,False,True,True,False,drc_marker_count=57,outputs/PROJECT_decoder_gate_abutment_matrix/_pair_trials/PAIR__PNAND3_MY__WORDLINEDRIVER_MY__g0p0025.gds,8447cabc19c1ef112d5fb4b0a81c3b8187294fddbc29771511236eb8cf92a971,outputs/PROJECT_decoder_gate_abutment_matrix/_pair_trials/PAIR__PNAND3_MY__WORDLINEDRIVER_MY__g0p0025_drc/PAIR__PNAND3_MY__WORDLINEDRIVER_MY__g0p0025.lyrdb
PNAND3,MY,WORDLINEDRIVER,MY,0.07,True,18,False,True,True,False,drc_marker_count=18,outputs/PROJECT_decoder_gate_abutment_matrix/_pair_trials/PAIR__PNAND3_MY__WORDLINEDRIVER_MY__g0p07.gds,2f6dca1f74cf4618b9f796bb36495c89dbc48f30f06520f20f57d30bebe49e4f,outputs/PROJECT_decoder_gate_abutment_matrix/_pair_trials/PAIR__PNAND3_MY__WORDLINEDRIVER_MY__g0p07_drc/PAIR__PNAND3_MY__WORDLINEDRIVER_MY__g0p07.lyrdb
PNAND3,MY,WORDLINEDRIVER,MY,0.14,True,29,False,True,True,False,drc_marker_count=29,outputs/PROJECT_decoder_gate_abutment_matrix/_pair_trials/PAIR__PNAND3_MY__WORDLINEDRIVER_MY__g0p14.gds,af18505b556884c3375bcc8d83da71d6db3491e83d0709230aade5abb475b7ab,outputs/PROJECT_decoder_gate_abutment_matrix/_pair_trials/PAIR__PNAND3_MY__WORDLINEDRIVER_MY__g0p14_drc/PAIR__PNAND3_MY__WORDLINEDRIVER_MY__g0p14.lyrdb
AND2,R0,PINV,R0,0.0,True,0,False,True,False,True,,outputs/PROJECT_decoder_gate_abutment_matrix/_pair_trials/PAIR__AND2_R0__PINV_R0__g0p0.gds,69f9c7309ab93570285b03cea42f80d353089896f5e1137a0bd29df4241bd1da,outputs/PROJECT_decoder_gate_abutment_matrix/_pair_trials/PAIR__AND2_R0__PINV_R0__g0p0_drc/PAIR__AND2_R0__PINV_R0__g0p0.lyrdb
AND2,R0,PINV,R0,0.0025,True,1,False,True,True,False,drc_marker_count=1,outputs/PROJECT_decoder_gate_abutment_matrix/_pair_trials/PAIR__AND2_R0__PINV_R0__g0p0025.gds,574274cdb8bbd3370cc5aa1aab61a4e79b2a56748e06b2ac74ff82491b4a4f50,outputs/PROJECT_decoder_gate_abutment_matrix/_pair_trials/PAIR__AND2_R0__PINV_R0__g0p0025_drc/PAIR__AND2_R0__PINV_R0__g0p0025.lyrdb
AND2,R0,PINV,R0,0.07,True,1,False,True,True,False,drc_marker_count=1,outputs/PROJECT_decoder_gate_abutment_matrix/_pair_trials/PAIR__AND2_R0__PINV_R0__g0p07.gds,6bbdefbadb5a7ad76a09c6928a7cf435bb5fd2a98ea8cf9f23ed920585e209b4,outputs/PROJECT_decoder_gate_abutment_matrix/_pair_trials/PAIR__AND2_R0__PINV_R0__g0p07_drc/PAIR__AND2_R0__PINV_R0__g0p07.lyrdb
AND2,R0,PINV,R0,0.14,True,1,False,True,True,False,drc_marker_count=1,outputs/PROJECT_decoder_gate_abutment_matrix/_pair_trials/PAIR__AND2_R0__PINV_R0__g0p14.gds,bc70f484fc587ff2e802733375e65de564d9f60d11bcf1967c215d6b18dd5a0a,outputs/PROJECT_decoder_gate_abutment_matrix/_pair_trials/PAIR__AND2_R0__PINV_R0__g0p14_drc/PAIR__AND2_R0__PINV_R0__g0p14.lyrdb
AND2,R0,PINV,R180,0.0,True,0,False,True,False,True,,outputs/PROJECT_decoder_gate_abutment_matrix/_pair_trials/PAIR__AND2_R0__PINV_R180__g0p0.gds,14882f3bfbdf9aa2946fef2dbfb8409d1236b40cc2047fa2fc3499428a1a45d8,outputs/PROJECT_decoder_gate_abutment_matrix/_pair_trials/PAIR__AND2_R0__PINV_R180__g0p0_drc/PAIR__AND2_R0__PINV_R180__g0p0.lyrdb
AND2,R0,PINV,R180,0.0025,True,0,False,True,False,True,,outputs/PROJECT_decoder_gate_abutment_matrix/_pair_trials/PAIR__AND2_R0__PINV_R180__g0p0025.gds,f6655f01854d58d33ee036c3d8949f97e0cb38dfea9cc2cc87825d4a8e00c753,outputs/PROJECT_decoder_gate_abutment_matrix/_pair_trials/PAIR__AND2_R0__PINV_R180__g0p0025_drc/PAIR__AND2_R0__PINV_R180__g0p0025.lyrdb
AND2,R0,PINV,R180,0.07,True,0,False,True,False,True,,outputs/PROJECT_decoder_gate_abutment_matrix/_pair_trials/PAIR__AND2_R0__PINV_R180__g0p07.gds,75c774a29cd9ecee3dafa674b121e8ecb00bfd3ed086f0899bf3a1b7c105b85a,outputs/PROJECT_decoder_gate_abutment_matrix/_pair_trials/PAIR__AND2_R0__PINV_R180__g0p07_drc/PAIR__AND2_R0__PINV_R180__g0p07.lyrdb
AND2,R0,PINV,R180,0.14,True,0,False,True,False,True,,outputs/PROJECT_decoder_gate_abutment_matrix/_pair_trials/PAIR__AND2_R0__PINV_R180__g0p14.gds,166691b951a72b0905a497271ef126ac6e18a09b9b5360311982ad3f9fedb84b,outputs/PROJECT_decoder_gate_abutment_matrix/_pair_trials/PAIR__AND2_R0__PINV_R180__g0p14_drc/PAIR__AND2_R0__PINV_R180__g0p14.lyrdb
AND2,R0,PINV,MX,0.0,False,0,False,False,False,True,,outputs/PROJECT_decoder_gate_abutment_matrix/_pair_trials/PAIR__AND2_R0__PINV_MX__g0p0.gds,6e4907e0d2869823939e07c3b4c661aa693c05afc7789600b00cce60d2ffa0bb,outputs/PROJECT_decoder_gate_abutment_matrix/_pair_trials/PAIR__AND2_R0__PINV_MX__g0p0_drc/PAIR__AND2_R0__PINV_MX__g0p0.lyrdb
AND2,R0,PINV,MX,0.0025,False,1,False,False,True,False,drc_marker_count=1,outputs/PROJECT_decoder_gate_abutment_matrix/_pair_trials/PAIR__AND2_R0__PINV_MX__g0p0025.gds,2f128acc14443011659832057505c0d64e8fc08754b18811d246958af86964d7,outputs/PROJECT_decoder_gate_abutment_matrix/_pair_trials/PAIR__AND2_R0__PINV_MX__g0p0025_drc/PAIR__AND2_R0__PINV_MX__g0p0025.lyrdb
AND2,R0,PINV,MX,0.07,False,1,False,False,True,False,drc_marker_count=1,outputs/PROJECT_decoder_gate_abutment_matrix/_pair_trials/PAIR__AND2_R0__PINV_MX__g0p07.gds,00e251ee23a6a7ae7ba496480b28f86c55265989725b7e68e76d32fc47f1b746,outputs/PROJECT_decoder_gate_abutment_matrix/_pair_trials/PAIR__AND2_R0__PINV_MX__g0p07_drc/PAIR__AND2_R0__PINV_MX__g0p07.lyrdb
AND2,R0,PINV,MX,0.14,False,1,False,False,True,False,drc_marker_count=1,outputs/PROJECT_decoder_gate_abutment_matrix/_pair_trials/PAIR__AND2_R0__PINV_MX__g0p14.gds,20094d412c1511be39b10f1d1fa3260334ff4d33a2fc4424aaafc56990fce721,outputs/PROJECT_decoder_gate_abutment_matrix/_pair_trials/PAIR__AND2_R0__PINV_MX__g0p14_drc/PAIR__AND2_R0__PINV_MX__g0p14.lyrdb
AND2,R0,PINV,MY,0.0,True,38,False,True,True,False,drc_marker_count=38,outputs/PROJECT_decoder_gate_abutment_matrix/_pair_trials/PAIR__AND2_R0__PINV_MY__g0p0.gds,bc4b36fbef610bbed5935006b5312d1408bb6c74cb8c38bab5064f500aadd2d9,outputs/PROJECT_decoder_gate_abutment_matrix/_pair_trials/PAIR__AND2_R0__PINV_MY__g0p0_drc/PAIR__AND2_R0__PINV_MY__g0p0.lyrdb
AND2,R0,PINV,MY,0.0025,True,42,False,True,True,False,drc_marker_count=42,outputs/PROJECT_decoder_gate_abutment_matrix/_pair_trials/PAIR__AND2_R0__PINV_MY__g0p0025.gds,5baa453c389560717eea989c894cd9e57393c257a26142d1e3eb158d0ce0a3ad,outputs/PROJECT_decoder_gate_abutment_matrix/_pair_trials/PAIR__AND2_R0__PINV_MY__g0p0025_drc/PAIR__AND2_R0__PINV_MY__g0p0025.lyrdb
AND2,R0,PINV,MY,0.07,True,20,False,True,True,False,drc_marker_count=20,outputs/PROJECT_decoder_gate_abutment_matrix/_pair_trials/PAIR__AND2_R0__PINV_MY__g0p07.gds,5180c55d78cda880d43f662a98aa59856b3bcc29ffe35960949b2ffec1b68e27,outputs/PROJECT_decoder_gate_abutment_matrix/_pair_trials/PAIR__AND2_R0__PINV_MY__g0p07_drc/PAIR__AND2_R0__PINV_MY__g0p07.lyrdb
AND2,R0,PINV,MY,0.14,True,44,False,True,True,False,drc_marker_count=44,outputs/PROJECT_decoder_gate_abutment_matrix/_pair_trials/PAIR__AND2_R0__PINV_MY__g0p14.gds,0213816cdbf501bf9e161f4dce1389f5b1fee6af9f1ef7554d19fafb278d8e49,outputs/PROJECT_decoder_gate_abutment_matrix/_pair_trials/PAIR__AND2_R0__PINV_MY__g0p14_drc/PAIR__AND2_R0__PINV_MY__g0p14.lyrdb
AND2,R0,PNAND2,R0,0.0,True,0,False,True,False,True,,outputs/PROJECT_decoder_gate_abutment_matrix/_pair_trials/PAIR__AND2_R0__PNAND2_R0__g0p0.gds,97150df8da8d56f0468b4ef7d7c760a1c084c36e38a71c82f17d9edd09a81f85,outputs/PROJECT_decoder_gate_abutment_matrix/_pair_trials/PAIR__AND2_R0__PNAND2_R0__g0p0_drc/PAIR__AND2_R0__PNAND2_R0__g0p0.lyrdb
AND2,R0,PNAND2,R0,0.0025,True,1,False,True,True,False,drc_marker_count=1,outputs/PROJECT_decoder_gate_abutment_matrix/_pair_trials/PAIR__AND2_R0__PNAND2_R0__g0p0025.gds,f1e6274034c0a3a0f0f73fe5bba69b6ea06ca4cb4de095203254ae2ce112a2d4,outputs/PROJECT_decoder_gate_abutment_matrix/_pair_trials/PAIR__AND2_R0__PNAND2_R0__g0p0025_drc/PAIR__AND2_R0__PNAND2_R0__g0p0025.lyrdb
AND2,R0,PNAND2,R0,0.07,True,1,False,True,True,False,drc_marker_count=1,outputs/PROJECT_decoder_gate_abutment_matrix/_pair_trials/PAIR__AND2_R0__PNAND2_R0__g0p07.gds,9da76d7042e2de94c53cfd38e7a743beef3a503a5d3499d5910eebdba499b28f,outputs/PROJECT_decoder_gate_abutment_matrix/_pair_trials/PAIR__AND2_R0__PNAND2_R0__g0p07_drc/PAIR__AND2_R0__PNAND2_R0__g0p07.lyrdb
AND2,R0,PNAND2,R0,0.14,True,1,False,True,True,False,drc_marker_count=1,outputs/PROJECT_decoder_gate_abutment_matrix/_pair_trials/PAIR__AND2_R0__PNAND2_R0__g0p14.gds,c78a6c18632e60a77d7fad23aaefd6a5e0f61abd32d422ae6e44ff77b8af3b71,outputs/PROJECT_decoder_gate_abutment_matrix/_pair_trials/PAIR__AND2_R0__PNAND2_R0__g0p14_drc/PAIR__AND2_R0__PNAND2_R0__g0p14.lyrdb
AND2,R0,PNAND2,R180,0.0,True,0,False,True,False,True,,outputs/PROJECT_decoder_gate_abutment_matrix/_pair_trials/PAIR__AND2_R0__PNAND2_R180__g0p0.gds,39d464c0acadee98c0630344ff7eab47b2ac1fc0c848aaeda048c64937111087,outputs/PROJECT_decoder_gate_abutment_matrix/_pair_trials/PAIR__AND2_R0__PNAND2_R180__g0p0_drc/PAIR__AND2_R0__PNAND2_R180__g0p0.lyrdb
AND2,R0,PNAND2,R180,0.0025,True,0,False,True,False,True,,outputs/PROJECT_decoder_gate_abutment_matrix/_pair_trials/PAIR__AND2_R0__PNAND2_R180__g0p0025.gds,3690b211acd113f1bfb366c05f1dd6bd3103b0ac41f73b0bb5591b9947bb3c99,outputs/PROJECT_decoder_gate_abutment_matrix/_pair_trials/PAIR__AND2_R0__PNAND2_R180__g0p0025_drc/PAIR__AND2_R0__PNAND2_R180__g0p0025.lyrdb
AND2,R0,PNAND2,R180,0.07,True,0,False,True,False,True,,outputs/PROJECT_decoder_gate_abutment_matrix/_pair_trials/PAIR__AND2_R0__PNAND2_R180__g0p07.gds,2e7ef5e5d52709afe5cf5a1113d22c979145e3508ac17e06217e1d6b9aadaeff,outputs/PROJECT_decoder_gate_abutment_matrix/_pair_trials/PAIR__AND2_R0__PNAND2_R180__g0p07_drc/PAIR__AND2_R0__PNAND2_R180__g0p07.lyrdb
AND2,R0,PNAND2,R180,0.14,True,0,False,True,False,True,,outputs/PROJECT_decoder_gate_abutment_matrix/_pair_trials/PAIR__AND2_R0__PNAND2_R180__g0p14.gds,e4634274be6f4e46665360cdd5a88d30461eba7802c9c903dd310736a83ab4c5,outputs/PROJECT_decoder_gate_abutment_matrix/_pair_trials/PAIR__AND2_R0__PNAND2_R180__g0p14_drc/PAIR__AND2_R0__PNAND2_R180__g0p14.lyrdb
AND2,R0,PNAND2,MX,0.0,False,0,False,False,False,True,,outputs/PROJECT_decoder_gate_abutment_matrix/_pair_trials/PAIR__AND2_R0__PNAND2_MX__g0p0.gds,6d01b9b01f9822dc025abecf9eb61043fbf282f12dee16ecb75ae411bed1d881,outputs/PROJECT_decoder_gate_abutment_matrix/_pair_trials/PAIR__AND2_R0__PNAND2_MX__g0p0_drc/PAIR__AND2_R0__PNAND2_MX__g0p0.lyrdb
AND2,R0,PNAND2,MX,0.0025,False,1,False,False,True,False,drc_marker_count=1,outputs/PROJECT_decoder_gate_abutment_matrix/_pair_trials/PAIR__AND2_R0__PNAND2_MX__g0p0025.gds,e6a091a76f8c06b98ebe7ee5b912b3bd8f9cf6e98e1a34b6e90b17318b960a4f,outputs/PROJECT_decoder_gate_abutment_matrix/_pair_trials/PAIR__AND2_R0__PNAND2_MX__g0p0025_drc/PAIR__AND2_R0__PNAND2_MX__g0p0025.lyrdb
AND2,R0,PNAND2,MX,0.07,False,1,False,False,True,False,drc_marker_count=1,outputs/PROJECT_decoder_gate_abutment_matrix/_pair_trials/PAIR__AND2_R0__PNAND2_MX__g0p07.gds,a23668dd866af3df62936d5ab3f0a4333af4e0828d9b7522632e38563e2c042f,outputs/PROJECT_decoder_gate_abutment_matrix/_pair_trials/PAIR__AND2_R0__PNAND2_MX__g0p07_drc/PAIR__AND2_R0__PNAND2_MX__g0p07.lyrdb
AND2,R0,PNAND2,MX,0.14,False,1,False,False,True,False,drc_marker_count=1,outputs/PROJECT_decoder_gate_abutment_matrix/_pair_trials/PAIR__AND2_R0__PNAND2_MX__g0p14.gds,0825b2912cd40bd35f956984cea38201fcd233b98b00a08026faa69cb9e0d791,outputs/PROJECT_decoder_gate_abutment_matrix/_pair_trials/PAIR__AND2_R0__PNAND2_MX__g0p14_drc/PAIR__AND2_R0__PNAND2_MX__g0p14.lyrdb
AND2,R0,PNAND2,MY,0.0,True,56,False,True,True,False,drc_marker_count=56,outputs/PROJECT_decoder_gate_abutment_matrix/_pair_trials/PAIR__AND2_R0__PNAND2_MY__g0p0.gds,f2189d3dc5a999b11c7e100001f1266a7a4d4c740c5e5d78c9e5d57635787b76,outputs/PROJECT_decoder_gate_abutment_matrix/_pair_trials/PAIR__AND2_R0__PNAND2_MY__g0p0_drc/PAIR__AND2_R0__PNAND2_MY__g0p0.lyrdb
AND2,R0,PNAND2,MY,0.0025,True,54,False,True,True,False,drc_marker_count=54,outputs/PROJECT_decoder_gate_abutment_matrix/_pair_trials/PAIR__AND2_R0__PNAND2_MY__g0p0025.gds,324464d1257c84bfd7a46951d03e23f1ddc06d469fbf072df4d309b4e159839b,outputs/PROJECT_decoder_gate_abutment_matrix/_pair_trials/PAIR__AND2_R0__PNAND2_MY__g0p0025_drc/PAIR__AND2_R0__PNAND2_MY__g0p0025.lyrdb
AND2,R0,PNAND2,MY,0.07,True,27,False,True,True,False,drc_marker_count=27,outputs/PROJECT_decoder_gate_abutment_matrix/_pair_trials/PAIR__AND2_R0__PNAND2_MY__g0p07.gds,2766f941265031ec4eba77665a439dcb509af2280ad9fdeb943eac804ec31583,outputs/PROJECT_decoder_gate_abutment_matrix/_pair_trials/PAIR__AND2_R0__PNAND2_MY__g0p07_drc/PAIR__AND2_R0__PNAND2_MY__g0p07.lyrdb
AND2,R0,PNAND2,MY,0.14,True,69,False,True,True,False,drc_marker_count=69,outputs/PROJECT_decoder_gate_abutment_matrix/_pair_trials/PAIR__AND2_R0__PNAND2_MY__g0p14.gds,a94722e2d36508271d15629af2a2a9511c41631d393a73412750796abaa0b3f8,outputs/PROJECT_decoder_gate_abutment_matrix/_pair_trials/PAIR__AND2_R0__PNAND2_MY__g0p14_drc/PAIR__AND2_R0__PNAND2_MY__g0p14.lyrdb
AND2,R0,PNAND3,R0,0.0,True,0,False,True,False,True,,outputs/PROJECT_decoder_gate_abutment_matrix/_pair_trials/PAIR__AND2_R0__PNAND3_R0__g0p0.gds,eebcd7e12f2265c8af1aa6215446f6d754fe54f3e23b012072dd5dbd2dc6c8cb,outputs/PROJECT_decoder_gate_abutment_matrix/_pair_trials/PAIR__AND2_R0__PNAND3_R0__g0p0_drc/PAIR__AND2_R0__PNAND3_R0__g0p0.lyrdb
AND2,R0,PNAND3,R0,0.0025,True,1,False,True,True,False,drc_marker_count=1,outputs/PROJECT_decoder_gate_abutment_matrix/_pair_trials/PAIR__AND2_R0__PNAND3_R0__g0p0025.gds,b3c69b5ad6a3d854385f664b2f9675c849d0454d5a07bd6b8980482714043943,outputs/PROJECT_decoder_gate_abutment_matrix/_pair_trials/PAIR__AND2_R0__PNAND3_R0__g0p0025_drc/PAIR__AND2_R0__PNAND3_R0__g0p0025.lyrdb
AND2,R0,PNAND3,R0,0.07,True,1,False,True,True,False,drc_marker_count=1,outputs/PROJECT_decoder_gate_abutment_matrix/_pair_trials/PAIR__AND2_R0__PNAND3_R0__g0p07.gds,22e91f48f2bfc2a9596f7365ada163f9652ad6bc3c8a821aa9287211fd6d4da2,outputs/PROJECT_decoder_gate_abutment_matrix/_pair_trials/PAIR__AND2_R0__PNAND3_R0__g0p07_drc/PAIR__AND2_R0__PNAND3_R0__g0p07.lyrdb
AND2,R0,PNAND3,R0,0.14,True,1,False,True,True,False,drc_marker_count=1,outputs/PROJECT_decoder_gate_abutment_matrix/_pair_trials/PAIR__AND2_R0__PNAND3_R0__g0p14.gds,46967954d19918eb5e485eb878c1bfdefa20b8c241a61ef08eb11a8350e04286,outputs/PROJECT_decoder_gate_abutment_matrix/_pair_trials/PAIR__AND2_R0__PNAND3_R0__g0p14_drc/PAIR__AND2_R0__PNAND3_R0__g0p14.lyrdb
AND2,R0,PNAND3,R180,0.0,True,0,False,True,False,True,,outputs/PROJECT_decoder_gate_abutment_matrix/_pair_trials/PAIR__AND2_R0__PNAND3_R180__g0p0.gds,68c6d2bafcf4ec19f707cb589e66385347fc101b0337d5be6992b8e5fe89478c,outputs/PROJECT_decoder_gate_abutment_matrix/_pair_trials/PAIR__AND2_R0__PNAND3_R180__g0p0_drc/PAIR__AND2_R0__PNAND3_R180__g0p0.lyrdb
AND2,R0,PNAND3,R180,0.0025,True,0,False,True,False,True,,outputs/PROJECT_decoder_gate_abutment_matrix/_pair_trials/PAIR__AND2_R0__PNAND3_R180__g0p0025.gds,fc9b39a4cbcb279f5e2f332f74e5e59968a95cf4920ca95c2ff4700ea95749b6,outputs/PROJECT_decoder_gate_abutment_matrix/_pair_trials/PAIR__AND2_R0__PNAND3_R180__g0p0025_drc/PAIR__AND2_R0__PNAND3_R180__g0p0025.lyrdb
AND2,R0,PNAND3,R180,0.07,True,0,False,True,False,True,,outputs/PROJECT_decoder_gate_abutment_matrix/_pair_trials/PAIR__AND2_R0__PNAND3_R180__g0p07.gds,af332ba5bc5da8723538f23912f946a2ee4d39a550b4838467702acbb4f75186,outputs/PROJECT_decoder_gate_abutment_matrix/_pair_trials/PAIR__AND2_R0__PNAND3_R180__g0p07_drc/PAIR__AND2_R0__PNAND3_R180__g0p07.lyrdb
AND2,R0,PNAND3,R180,0.14,True,0,False,True,False,True,,outputs/PROJECT_decoder_gate_abutment_matrix/_pair_trials/PAIR__AND2_R0__PNAND3_R180__g0p14.gds,e9e2753d08b2b44fe8c41963fc57285d310af0897694fa99766a85d1771c2250,outputs/PROJECT_decoder_gate_abutment_matrix/_pair_trials/PAIR__AND2_R0__PNAND3_R180__g0p14_drc/PAIR__AND2_R0__PNAND3_R180__g0p14.lyrdb
AND2,R0,PNAND3,MX,0.0,False,0,False,False,False,True,,outputs/PROJECT_decoder_gate_abutment_matrix/_pair_trials/PAIR__AND2_R0__PNAND3_MX__g0p0.gds,8814daed4d713fe1c0a32c5d9fffe49e3850fdfd9b809dc058e6f53e1b3a0dc6,outputs/PROJECT_decoder_gate_abutment_matrix/_pair_trials/PAIR__AND2_R0__PNAND3_MX__g0p0_drc/PAIR__AND2_R0__PNAND3_MX__g0p0.lyrdb
AND2,R0,PNAND3,MX,0.0025,False,1,False,False,True,False,drc_marker_count=1,outputs/PROJECT_decoder_gate_abutment_matrix/_pair_trials/PAIR__AND2_R0__PNAND3_MX__g0p0025.gds,59fd87e6adc4c5c2bf9ff4a31d4e24b2bfe1984162063100477590adb79da5e7,outputs/PROJECT_decoder_gate_abutment_matrix/_pair_trials/PAIR__AND2_R0__PNAND3_MX__g0p0025_drc/PAIR__AND2_R0__PNAND3_MX__g0p0025.lyrdb
AND2,R0,PNAND3,MX,0.07,False,1,False,False,True,False,drc_marker_count=1,outputs/PROJECT_decoder_gate_abutment_matrix/_pair_trials/PAIR__AND2_R0__PNAND3_MX__g0p07.gds,9f941663822ada952bc8e047f9548f7c1fc45dd9bffaf1e48b5289cdf60d9a93,outputs/PROJECT_decoder_gate_abutment_matrix/_pair_trials/PAIR__AND2_R0__PNAND3_MX__g0p07_drc/PAIR__AND2_R0__PNAND3_MX__g0p07.lyrdb
AND2,R0,PNAND3,MX,0.14,False,1,False,False,True,False,drc_marker_count=1,outputs/PROJECT_decoder_gate_abutment_matrix/_pair_trials/PAIR__AND2_R0__PNAND3_MX__g0p14.gds,97c7ee2ca7e41f178a6a75c31af44b20cb5083633cd0f9391f7eb9221f8fdee7,outputs/PROJECT_decoder_gate_abutment_matrix/_pair_trials/PAIR__AND2_R0__PNAND3_MX__g0p14_drc/PAIR__AND2_R0__PNAND3_MX__g0p14.lyrdb
AND2,R0,PNAND3,MY,0.0,True,62,False,True,True,False,drc_marker_count=62,outputs/PROJECT_decoder_gate_abutment_matrix/_pair_trials/PAIR__AND2_R0__PNAND3_MY__g0p0.gds,8b8801875dc4c96f611de43c7bd3fce09e35b5725cb070632e5329cba2ff0a23,outputs/PROJECT_decoder_gate_abutment_matrix/_pair_trials/PAIR__AND2_R0__PNAND3_MY__g0p0_drc/PAIR__AND2_R0__PNAND3_MY__g0p0.lyrdb
AND2,R0,PNAND3,MY,0.0025,True,59,False,True,True,False,drc_marker_count=59,outputs/PROJECT_decoder_gate_abutment_matrix/_pair_trials/PAIR__AND2_R0__PNAND3_MY__g0p0025.gds,00cf2fb9372aa4f9bf74e635710ccb8b6064c3b268aaa82e527c43fd7e5dd185,outputs/PROJECT_decoder_gate_abutment_matrix/_pair_trials/PAIR__AND2_R0__PNAND3_MY__g0p0025_drc/PAIR__AND2_R0__PNAND3_MY__g0p0025.lyrdb
AND2,R0,PNAND3,MY,0.07,True,32,False,True,True,False,drc_marker_count=32,outputs/PROJECT_decoder_gate_abutment_matrix/_pair_trials/PAIR__AND2_R0__PNAND3_MY__g0p07.gds,8b2305e0d587b6aabda70879b42dea1ac1c7aa83bdbb2578c4e8a6415a429ef4,outputs/PROJECT_decoder_gate_abutment_matrix/_pair_trials/PAIR__AND2_R0__PNAND3_MY__g0p07_drc/PAIR__AND2_R0__PNAND3_MY__g0p07.lyrdb
AND2,R0,PNAND3,MY,0.14,True,46,False,True,True,False,drc_marker_count=46,outputs/PROJECT_decoder_gate_abutment_matrix/_pair_trials/PAIR__AND2_R0__PNAND3_MY__g0p14.gds,5fcb3b13f57e4a1184d954fdf51017aecbfc0dd9a4988b3f0c3ce17d39c2ece5,outputs/PROJECT_decoder_gate_abutment_matrix/_pair_trials/PAIR__AND2_R0__PNAND3_MY__g0p14_drc/PAIR__AND2_R0__PNAND3_MY__g0p14.lyrdb
AND2,R0,AND2,R0,0.0,True,0,False,True,False,True,,outputs/PROJECT_decoder_gate_abutment_matrix/_pair_trials/PAIR__AND2_R0__AND2_R0__g0p0.gds,02877fa3ce1760bd80541fda15ec889369ee8d6445cfd0d4fda593b17a8e5c98,outputs/PROJECT_decoder_gate_abutment_matrix/_pair_trials/PAIR__AND2_R0__AND2_R0__g0p0_drc/PAIR__AND2_R0__AND2_R0__g0p0.lyrdb
AND2,R0,AND2,R0,0.0025,True,1,False,True,True,False,drc_marker_count=1,outputs/PROJECT_decoder_gate_abutment_matrix/_pair_trials/PAIR__AND2_R0__AND2_R0__g0p0025.gds,d405e48fc4fdabb23645dcadb26345f2ee3b6a5b9e5faba8df9794cded2a885b,outputs/PROJECT_decoder_gate_abutment_matrix/_pair_trials/PAIR__AND2_R0__AND2_R0__g0p0025_drc/PAIR__AND2_R0__AND2_R0__g0p0025.lyrdb
AND2,R0,AND2,R0,0.07,True,1,False,True,True,False,drc_marker_count=1,outputs/PROJECT_decoder_gate_abutment_matrix/_pair_trials/PAIR__AND2_R0__AND2_R0__g0p07.gds,c8521d4a8b6b367d3978f040657fa3c2e1d770c64e9ae678a1b023999892e5af,outputs/PROJECT_decoder_gate_abutment_matrix/_pair_trials/PAIR__AND2_R0__AND2_R0__g0p07_drc/PAIR__AND2_R0__AND2_R0__g0p07.lyrdb
AND2,R0,AND2,R0,0.14,True,1,False,True,True,False,drc_marker_count=1,outputs/PROJECT_decoder_gate_abutment_matrix/_pair_trials/PAIR__AND2_R0__AND2_R0__g0p14.gds,c68ef050228ea6ca0bb0ffee9c183a243459408a9cbb720897a9cf0ad73dccb8,outputs/PROJECT_decoder_gate_abutment_matrix/_pair_trials/PAIR__AND2_R0__AND2_R0__g0p14_drc/PAIR__AND2_R0__AND2_R0__g0p14.lyrdb
AND2,R0,AND2,R180,0.0,True,0,False,True,False,True,,outputs/PROJECT_decoder_gate_abutment_matrix/_pair_trials/PAIR__AND2_R0__AND2_R180__g0p0.gds,f0d6a0f9e18179ee1c982d8787fe4bd4cbda1bdba215751eb4eb0eb92c6c2ec5,outputs/PROJECT_decoder_gate_abutment_matrix/_pair_trials/PAIR__AND2_R0__AND2_R180__g0p0_drc/PAIR__AND2_R0__AND2_R180__g0p0.lyrdb
AND2,R0,AND2,R180,0.0025,True,0,False,True,False,True,,outputs/PROJECT_decoder_gate_abutment_matrix/_pair_trials/PAIR__AND2_R0__AND2_R180__g0p0025.gds,63a162e1cfd53d3815a0886268883964133a328e181e3eb1ac3246c3e6a85a2c,outputs/PROJECT_decoder_gate_abutment_matrix/_pair_trials/PAIR__AND2_R0__AND2_R180__g0p0025_drc/PAIR__AND2_R0__AND2_R180__g0p0025.lyrdb
AND2,R0,AND2,R180,0.07,True,0,False,True,False,True,,outputs/PROJECT_decoder_gate_abutment_matrix/_pair_trials/PAIR__AND2_R0__AND2_R180__g0p07.gds,b1a8080be5f0c202804fe2c1ad5539cd7df1f339a330cadec4915c19d296ac34,outputs/PROJECT_decoder_gate_abutment_matrix/_pair_trials/PAIR__AND2_R0__AND2_R180__g0p07_drc/PAIR__AND2_R0__AND2_R180__g0p07.lyrdb
AND2,R0,AND2,R180,0.14,True,0,False,True,False,True,,outputs/PROJECT_decoder_gate_abutment_matrix/_pair_trials/PAIR__AND2_R0__AND2_R180__g0p14.gds,ba50a2272d2485d3e72fb38782e44f28e7c5dae896f0ba041ffc6b5a8c64e6d7,outputs/PROJECT_decoder_gate_abutment_matrix/_pair_trials/PAIR__AND2_R0__AND2_R180__g0p14_drc/PAIR__AND2_R0__AND2_R180__g0p14.lyrdb
AND2,R0,AND2,MX,0.0,False,0,False,False,False,True,,outputs/PROJECT_decoder_gate_abutment_matrix/_pair_trials/PAIR__AND2_R0__AND2_MX__g0p0.gds,e8bae27924535410133194f164fa70031fb8aa25498dd2b2cba579e31f77dbda,outputs/PROJECT_decoder_gate_abutment_matrix/_pair_trials/PAIR__AND2_R0__AND2_MX__g0p0_drc/PAIR__AND2_R0__AND2_MX__g0p0.lyrdb
AND2,R0,AND2,MX,0.0025,False,1,False,False,True,False,drc_marker_count=1,outputs/PROJECT_decoder_gate_abutment_matrix/_pair_trials/PAIR__AND2_R0__AND2_MX__g0p0025.gds,c4dd7a16e68300253c4d51d4eb5e7c4ad5487736925ebdf55483b3978b294ef4,outputs/PROJECT_decoder_gate_abutment_matrix/_pair_trials/PAIR__AND2_R0__AND2_MX__g0p0025_drc/PAIR__AND2_R0__AND2_MX__g0p0025.lyrdb
AND2,R0,AND2,MX,0.07,False,1,False,False,True,False,drc_marker_count=1,outputs/PROJECT_decoder_gate_abutment_matrix/_pair_trials/PAIR__AND2_R0__AND2_MX__g0p07.gds,ff6476da5024d4ffe9014e508eeab8643def8913d6ce16529046616dc787678b,outputs/PROJECT_decoder_gate_abutment_matrix/_pair_trials/PAIR__AND2_R0__AND2_MX__g0p07_drc/PAIR__AND2_R0__AND2_MX__g0p07.lyrdb
AND2,R0,AND2,MX,0.14,False,1,False,False,True,False,drc_marker_count=1,outputs/PROJECT_decoder_gate_abutment_matrix/_pair_trials/PAIR__AND2_R0__AND2_MX__g0p14.gds,4d2955a688e2ef60476b6be5b710c8a5acaa59940912ae0b7de7c9dfeb860ac0,outputs/PROJECT_decoder_gate_abutment_matrix/_pair_trials/PAIR__AND2_R0__AND2_MX__g0p14_drc/PAIR__AND2_R0__AND2_MX__g0p14.lyrdb
AND2,R0,AND2,MY,0.0,True,40,False,True,True,False,drc_marker_count=40,outputs/PROJECT_decoder_gate_abutment_matrix/_pair_trials/PAIR__AND2_R0__AND2_MY__g0p0.gds,5b64b0f2d901cf0c05a553fb64ba4c3c07503943bed2b2dffc0a67f550cc40af,outputs/PROJECT_decoder_gate_abutment_matrix/_pair_trials/PAIR__AND2_R0__AND2_MY__g0p0_drc/PAIR__AND2_R0__AND2_MY__g0p0.lyrdb
AND2,R0,AND2,MY,0.0025,True,34,False,True,True,False,drc_marker_count=34,outputs/PROJECT_decoder_gate_abutment_matrix/_pair_trials/PAIR__AND2_R0__AND2_MY__g0p0025.gds,dd5b1931be73d7a6378cc6cbfc128c4c809108831f1ed3a4e6f199e369ce2bb4,outputs/PROJECT_decoder_gate_abutment_matrix/_pair_trials/PAIR__AND2_R0__AND2_MY__g0p0025_drc/PAIR__AND2_R0__AND2_MY__g0p0025.lyrdb
AND2,R0,AND2,MY,0.07,True,88,False,True,True,False,drc_marker_count=88,outputs/PROJECT_decoder_gate_abutment_matrix/_pair_trials/PAIR__AND2_R0__AND2_MY__g0p07.gds,f0483623f75ac50d47dca9def84f13a1d1ea2d1552c8c9335cfba951566e855b,outputs/PROJECT_decoder_gate_abutment_matrix/_pair_trials/PAIR__AND2_R0__AND2_MY__g0p07_drc/PAIR__AND2_R0__AND2_MY__g0p07.lyrdb
AND2,R0,AND2,MY,0.14,True,37,False,True,True,False,drc_marker_count=37,outputs/PROJECT_decoder_gate_abutment_matrix/_pair_trials/PAIR__AND2_R0__AND2_MY__g0p14.gds,b4cc11f371004deb765e37c3d190d14b402879bc57ebf5e6e6eb0b57e21b46ae,outputs/PROJECT_decoder_gate_abutment_matrix/_pair_trials/PAIR__AND2_R0__AND2_MY__g0p14_drc/PAIR__AND2_R0__AND2_MY__g0p14.lyrdb
AND2,R0,AND3,R0,0.0,True,0,False,True,False,True,,outputs/PROJECT_decoder_gate_abutment_matrix/_pair_trials/PAIR__AND2_R0__AND3_R0__g0p0.gds,69b1aad60809912a97f8f0936c9689381374b25aa2b3713c3ebe38e12603119a,outputs/PROJECT_decoder_gate_abutment_matrix/_pair_trials/PAIR__AND2_R0__AND3_R0__g0p0_drc/PAIR__AND2_R0__AND3_R0__g0p0.lyrdb
AND2,R0,AND3,R0,0.0025,True,1,False,True,True,False,drc_marker_count=1,outputs/PROJECT_decoder_gate_abutment_matrix/_pair_trials/PAIR__AND2_R0__AND3_R0__g0p0025.gds,5e6a536f3446cf33670a7012a6258e055a917ad1742a5d74b99de7d7a035a6d2,outputs/PROJECT_decoder_gate_abutment_matrix/_pair_trials/PAIR__AND2_R0__AND3_R0__g0p0025_drc/PAIR__AND2_R0__AND3_R0__g0p0025.lyrdb
AND2,R0,AND3,R0,0.07,True,1,False,True,True,False,drc_marker_count=1,outputs/PROJECT_decoder_gate_abutment_matrix/_pair_trials/PAIR__AND2_R0__AND3_R0__g0p07.gds,31148eb2a734bf2406e7496e29a25a061fdebf2e435f6f1b8fceec55c8520299,outputs/PROJECT_decoder_gate_abutment_matrix/_pair_trials/PAIR__AND2_R0__AND3_R0__g0p07_drc/PAIR__AND2_R0__AND3_R0__g0p07.lyrdb
AND2,R0,AND3,R0,0.14,True,1,False,True,True,False,drc_marker_count=1,outputs/PROJECT_decoder_gate_abutment_matrix/_pair_trials/PAIR__AND2_R0__AND3_R0__g0p14.gds,767f97dad9c469a68b2f69395c477bf35ac1712877297c706860f88c9bf0c57a,outputs/PROJECT_decoder_gate_abutment_matrix/_pair_trials/PAIR__AND2_R0__AND3_R0__g0p14_drc/PAIR__AND2_R0__AND3_R0__g0p14.lyrdb
AND2,R0,AND3,R180,0.0,True,0,False,True,False,True,,outputs/PROJECT_decoder_gate_abutment_matrix/_pair_trials/PAIR__AND2_R0__AND3_R180__g0p0.gds,c66ebdf4ff4deb9c9da8bb9f649bc98976e6bbc6cea6389c526d6fc8f880ee71,outputs/PROJECT_decoder_gate_abutment_matrix/_pair_trials/PAIR__AND2_R0__AND3_R180__g0p0_drc/PAIR__AND2_R0__AND3_R180__g0p0.lyrdb
AND2,R0,AND3,R180,0.0025,True,0,False,True,False,True,,outputs/PROJECT_decoder_gate_abutment_matrix/_pair_trials/PAIR__AND2_R0__AND3_R180__g0p0025.gds,2e1b547e31e6e22337b05395d0299cb6c1359852582109bb8ae89b7d72fe900c,outputs/PROJECT_decoder_gate_abutment_matrix/_pair_trials/PAIR__AND2_R0__AND3_R180__g0p0025_drc/PAIR__AND2_R0__AND3_R180__g0p0025.lyrdb
AND2,R0,AND3,R180,0.07,True,0,False,True,False,True,,outputs/PROJECT_decoder_gate_abutment_matrix/_pair_trials/PAIR__AND2_R0__AND3_R180__g0p07.gds,1a7d780ff8a86f40bee302af58a95b089b9e2ce3731f130b2df93896a32ef737,outputs/PROJECT_decoder_gate_abutment_matrix/_pair_trials/PAIR__AND2_R0__AND3_R180__g0p07_drc/PAIR__AND2_R0__AND3_R180__g0p07.lyrdb
AND2,R0,AND3,R180,0.14,True,0,False,True,False,True,,outputs/PROJECT_decoder_gate_abutment_matrix/_pair_trials/PAIR__AND2_R0__AND3_R180__g0p14.gds,b39aea466128d7107aed6cd0439eae98c52ec6293ab6639024439e6efa7efeb3,outputs/PROJECT_decoder_gate_abutment_matrix/_pair_trials/PAIR__AND2_R0__AND3_R180__g0p14_drc/PAIR__AND2_R0__AND3_R180__g0p14.lyrdb
AND2,R0,AND3,MX,0.0,False,0,False,False,False,True,,outputs/PROJECT_decoder_gate_abutment_matrix/_pair_trials/PAIR__AND2_R0__AND3_MX__g0p0.gds,cdecfcaa42a9e40514964eb4d363580208c0bcffa876a164a3767fbd2ebbaf8d,outputs/PROJECT_decoder_gate_abutment_matrix/_pair_trials/PAIR__AND2_R0__AND3_MX__g0p0_drc/PAIR__AND2_R0__AND3_MX__g0p0.lyrdb
AND2,R0,AND3,MX,0.0025,False,1,False,False,True,False,drc_marker_count=1,outputs/PROJECT_decoder_gate_abutment_matrix/_pair_trials/PAIR__AND2_R0__AND3_MX__g0p0025.gds,739e385476c2b19436bcf23c98b042e8ef4bf5c338a253388179c6dd962f01b2,outputs/PROJECT_decoder_gate_abutment_matrix/_pair_trials/PAIR__AND2_R0__AND3_MX__g0p0025_drc/PAIR__AND2_R0__AND3_MX__g0p0025.lyrdb
AND2,R0,AND3,MX,0.07,False,1,False,False,True,False,drc_marker_count=1,outputs/PROJECT_decoder_gate_abutment_matrix/_pair_trials/PAIR__AND2_R0__AND3_MX__g0p07.gds,9687af27e6362d7f438fbbda33e96de41da6a12f19d1cc7b2a2d70e6fa9ea083,outputs/PROJECT_decoder_gate_abutment_matrix/_pair_trials/PAIR__AND2_R0__AND3_MX__g0p07_drc/PAIR__AND2_R0__AND3_MX__g0p07.lyrdb
AND2,R0,AND3,MX,0.14,False,1,False,False,True,False,drc_marker_count=1,outputs/PROJECT_decoder_gate_abutment_matrix/_pair_trials/PAIR__AND2_R0__AND3_MX__g0p14.gds,acdfda71c08300e1d9e76b2345501b46f5f2eb8fc3e08fab91ec86a3a821616e,outputs/PROJECT_decoder_gate_abutment_matrix/_pair_trials/PAIR__AND2_R0__AND3_MX__g0p14_drc/PAIR__AND2_R0__AND3_MX__g0p14.lyrdb
AND2,R0,AND3,MY,0.0,True,114,False,True,True,False,drc_marker_count=114,outputs/PROJECT_decoder_gate_abutment_matrix/_pair_trials/PAIR__AND2_R0__AND3_MY__g0p0.gds,402c290542725b117191faca4f1e82114684eb46bbe2d2fa60ff3723a03a4b0e,outputs/PROJECT_decoder_gate_abutment_matrix/_pair_trials/PAIR__AND2_R0__AND3_MY__g0p0_drc/PAIR__AND2_R0__AND3_MY__g0p0.lyrdb
AND2,R0,AND3,MY,0.0025,True,114,False,True,True,False,drc_marker_count=114,outputs/PROJECT_decoder_gate_abutment_matrix/_pair_trials/PAIR__AND2_R0__AND3_MY__g0p0025.gds,36515507458da9ff30bb37553ab1f3582f8a28172095633104a6a5efe73aa00f,outputs/PROJECT_decoder_gate_abutment_matrix/_pair_trials/PAIR__AND2_R0__AND3_MY__g0p0025_drc/PAIR__AND2_R0__AND3_MY__g0p0025.lyrdb
AND2,R0,AND3,MY,0.07,True,92,False,True,True,False,drc_marker_count=92,outputs/PROJECT_decoder_gate_abutment_matrix/_pair_trials/PAIR__AND2_R0__AND3_MY__g0p07.gds,afab007f14d3b795870e938884b3c6883d568cb22ef6655a2cb582ceb0a9047b,outputs/PROJECT_decoder_gate_abutment_matrix/_pair_trials/PAIR__AND2_R0__AND3_MY__g0p07_drc/PAIR__AND2_R0__AND3_MY__g0p07.lyrdb
AND2,R0,AND3,MY,0.14,True,65,False,True,True,False,drc_marker_count=65,outputs/PROJECT_decoder_gate_abutment_matrix/_pair_trials/PAIR__AND2_R0__AND3_MY__g0p14.gds,e413cd912044d93bf8382d7da269effcac358ebc827e8e45fd68c37d6310ecdd,outputs/PROJECT_decoder_gate_abutment_matrix/_pair_trials/PAIR__AND2_R0__AND3_MY__g0p14_drc/PAIR__AND2_R0__AND3_MY__g0p14.lyrdb
AND2,R0,WORDLINEDRIVER,R0,0.0,True,0,False,True,False,True,,outputs/PROJECT_decoder_gate_abutment_matrix/_pair_trials/PAIR__AND2_R0__WORDLINEDRIVER_R0__g0p0.gds,9ad24486a1556fb4bdd2041948d5fead31b038338d170cd60dabab2eae4f7860,outputs/PROJECT_decoder_gate_abutment_matrix/_pair_trials/PAIR__AND2_R0__WORDLINEDRIVER_R0__g0p0_drc/PAIR__AND2_R0__WORDLINEDRIVER_R0__g0p0.lyrdb
AND2,R0,WORDLINEDRIVER,R0,0.0025,True,1,False,True,True,False,drc_marker_count=1,outputs/PROJECT_decoder_gate_abutment_matrix/_pair_trials/PAIR__AND2_R0__WORDLINEDRIVER_R0__g0p0025.gds,4cdea5c535891f9b3276a43e82ef951ba612c790d8747e77b42117f64e22790a,outputs/PROJECT_decoder_gate_abutment_matrix/_pair_trials/PAIR__AND2_R0__WORDLINEDRIVER_R0__g0p0025_drc/PAIR__AND2_R0__WORDLINEDRIVER_R0__g0p0025.lyrdb
AND2,R0,WORDLINEDRIVER,R0,0.07,True,1,False,True,True,False,drc_marker_count=1,outputs/PROJECT_decoder_gate_abutment_matrix/_pair_trials/PAIR__AND2_R0__WORDLINEDRIVER_R0__g0p07.gds,51ae9446a9f1e2be794456bfc3985391541a613c2eb20a771118497b847ca077,outputs/PROJECT_decoder_gate_abutment_matrix/_pair_trials/PAIR__AND2_R0__WORDLINEDRIVER_R0__g0p07_drc/PAIR__AND2_R0__WORDLINEDRIVER_R0__g0p07.lyrdb
AND2,R0,WORDLINEDRIVER,R0,0.14,True,1,False,True,True,False,drc_marker_count=1,outputs/PROJECT_decoder_gate_abutment_matrix/_pair_trials/PAIR__AND2_R0__WORDLINEDRIVER_R0__g0p14.gds,bd1b8727c59cca2498b0f61563a46a70d9588d9bcc4f78b6504394c6c1cd90dd,outputs/PROJECT_decoder_gate_abutment_matrix/_pair_trials/PAIR__AND2_R0__WORDLINEDRIVER_R0__g0p14_drc/PAIR__AND2_R0__WORDLINEDRIVER_R0__g0p14.lyrdb
AND2,R0,WORDLINEDRIVER,R180,0.0,True,0,False,True,False,True,,outputs/PROJECT_decoder_gate_abutment_matrix/_pair_trials/PAIR__AND2_R0__WORDLINEDRIVER_R180__g0p0.gds,552f5d3236340c3badf5931d48d28ac03bc8d40c9a31186829e0a7fbec7eb88c,outputs/PROJECT_decoder_gate_abutment_matrix/_pair_trials/PAIR__AND2_R0__WORDLINEDRIVER_R180__g0p0_drc/PAIR__AND2_R0__WORDLINEDRIVER_R180__g0p0.lyrdb
AND2,R0,WORDLINEDRIVER,R180,0.0025,True,0,False,True,False,True,,outputs/PROJECT_decoder_gate_abutment_matrix/_pair_trials/PAIR__AND2_R0__WORDLINEDRIVER_R180__g0p0025.gds,1c26472f0a514566798867d680529aabc4f834448a42a195edfbed8ad944438e,outputs/PROJECT_decoder_gate_abutment_matrix/_pair_trials/PAIR__AND2_R0__WORDLINEDRIVER_R180__g0p0025_drc/PAIR__AND2_R0__WORDLINEDRIVER_R180__g0p0025.lyrdb
AND2,R0,WORDLINEDRIVER,R180,0.07,True,0,False,True,False,True,,outputs/PROJECT_decoder_gate_abutment_matrix/_pair_trials/PAIR__AND2_R0__WORDLINEDRIVER_R180__g0p07.gds,d2271e3ce280eb18241907789290650f48bce747de1b22dc9e9f607e6f050659,outputs/PROJECT_decoder_gate_abutment_matrix/_pair_trials/PAIR__AND2_R0__WORDLINEDRIVER_R180__g0p07_drc/PAIR__AND2_R0__WORDLINEDRIVER_R180__g0p07.lyrdb
AND2,R0,WORDLINEDRIVER,R180,0.14,True,0,False,True,False,True,,outputs/PROJECT_decoder_gate_abutment_matrix/_pair_trials/PAIR__AND2_R0__WORDLINEDRIVER_R180__g0p14.gds,869fd6c54e6f386667a41bc6583b3e7df0266042bfcef9fb6b9ff89ca8ba2792,outputs/PROJECT_decoder_gate_abutment_matrix/_pair_trials/PAIR__AND2_R0__WORDLINEDRIVER_R180__g0p14_drc/PAIR__AND2_R0__WORDLINEDRIVER_R180__g0p14.lyrdb
AND2,R0,WORDLINEDRIVER,MX,0.0,False,0,False,False,False,True,,outputs/PROJECT_decoder_gate_abutment_matrix/_pair_trials/PAIR__AND2_R0__WORDLINEDRIVER_MX__g0p0.gds,ae6d36b01241e9d6b5ed9f7a5fac38e1e92c747a15fc3e58c372cc6c3ed149d1,outputs/PROJECT_decoder_gate_abutment_matrix/_pair_trials/PAIR__AND2_R0__WORDLINEDRIVER_MX__g0p0_drc/PAIR__AND2_R0__WORDLINEDRIVER_MX__g0p0.lyrdb
AND2,R0,WORDLINEDRIVER,MX,0.0025,False,1,False,False,True,False,drc_marker_count=1,outputs/PROJECT_decoder_gate_abutment_matrix/_pair_trials/PAIR__AND2_R0__WORDLINEDRIVER_MX__g0p0025.gds,f7a794b4b039cf2e60e3e18e6af0f894a5463a82c0835d86b3e4784061e9d3c2,outputs/PROJECT_decoder_gate_abutment_matrix/_pair_trials/PAIR__AND2_R0__WORDLINEDRIVER_MX__g0p0025_drc/PAIR__AND2_R0__WORDLINEDRIVER_MX__g0p0025.lyrdb
AND2,R0,WORDLINEDRIVER,MX,0.07,False,1,False,False,True,False,drc_marker_count=1,outputs/PROJECT_decoder_gate_abutment_matrix/_pair_trials/PAIR__AND2_R0__WORDLINEDRIVER_MX__g0p07.gds,09ad4874b1825179501220fd214574094e75012d6872a032a4dc321abe10b342,outputs/PROJECT_decoder_gate_abutment_matrix/_pair_trials/PAIR__AND2_R0__WORDLINEDRIVER_MX__g0p07_drc/PAIR__AND2_R0__WORDLINEDRIVER_MX__g0p07.lyrdb
AND2,R0,WORDLINEDRIVER,MX,0.14,False,1,False,False,True,False,drc_marker_count=1,outputs/PROJECT_decoder_gate_abutment_matrix/_pair_trials/PAIR__AND2_R0__WORDLINEDRIVER_MX__g0p14.gds,ede2a50b974514fdb1423b94cfc3642b2081b370475c0b7ca5357fd6a1f8788b,outputs/PROJECT_decoder_gate_abutment_matrix/_pair_trials/PAIR__AND2_R0__WORDLINEDRIVER_MX__g0p14_drc/PAIR__AND2_R0__WORDLINEDRIVER_MX__g0p14.lyrdb
AND2,R0,WORDLINEDRIVER,MY,0.0,True,66,False,True,True,False,drc_marker_count=66,outputs/PROJECT_decoder_gate_abutment_matrix/_pair_trials/PAIR__AND2_R0__WORDLINEDRIVER_MY__g0p0.gds,419587fc31254a486f6149deb4b6390557a6113879953e3471c20018accd4001,outputs/PROJECT_decoder_gate_abutment_matrix/_pair_trials/PAIR__AND2_R0__WORDLINEDRIVER_MY__g0p0_drc/PAIR__AND2_R0__WORDLINEDRIVER_MY__g0p0.lyrdb
AND2,R0,WORDLINEDRIVER,MY,0.0025,True,67,False,True,True,False,drc_marker_count=67,outputs/PROJECT_decoder_gate_abutment_matrix/_pair_trials/PAIR__AND2_R0__WORDLINEDRIVER_MY__g0p0025.gds,379576ee796ca7a2b4994e586c220696418e3aa760bcfc8fc3f123a94aebe609,outputs/PROJECT_decoder_gate_abutment_matrix/_pair_trials/PAIR__AND2_R0__WORDLINEDRIVER_MY__g0p0025_drc/PAIR__AND2_R0__WORDLINEDRIVER_MY__g0p0025.lyrdb
AND2,R0,WORDLINEDRIVER,MY,0.07,True,105,False,True,True,False,drc_marker_count=105,outputs/PROJECT_decoder_gate_abutment_matrix/_pair_trials/PAIR__AND2_R0__WORDLINEDRIVER_MY__g0p07.gds,bd7f85ddfba717915ea81e212ffff82d5b51fd768df835776730f06d5d23206b,outputs/PROJECT_decoder_gate_abutment_matrix/_pair_trials/PAIR__AND2_R0__WORDLINEDRIVER_MY__g0p07_drc/PAIR__AND2_R0__WORDLINEDRIVER_MY__g0p07.lyrdb
AND2,R0,WORDLINEDRIVER,MY,0.14,True,51,False,True,True,False,drc_marker_count=51,outputs/PROJECT_decoder_gate_abutment_matrix/_pair_trials/PAIR__AND2_R0__WORDLINEDRIVER_MY__g0p14.gds,3793874265fe34432c42264e09451e5e2e86a824e5df6f7f5dd15fd10450ac6b,outputs/PROJECT_decoder_gate_abutment_matrix/_pair_trials/PAIR__AND2_R0__WORDLINEDRIVER_MY__g0p14_drc/PAIR__AND2_R0__WORDLINEDRIVER_MY__g0p14.lyrdb
AND2,R180,PINV,R0,0.0,True,0,False,True,False,True,,outputs/PROJECT_decoder_gate_abutment_matrix/_pair_trials/PAIR__AND2_R180__PINV_R0__g0p0.gds,38f93315f26091227b37b86cf36e3bfc47c61b25387c978662912d6ccc5f039b,outputs/PROJECT_decoder_gate_abutment_matrix/_pair_trials/PAIR__AND2_R180__PINV_R0__g0p0_drc/PAIR__AND2_R180__PINV_R0__g0p0.lyrdb
AND2,R180,PINV,R0,0.0025,True,0,False,True,False,True,,outputs/PROJECT_decoder_gate_abutment_matrix/_pair_trials/PAIR__AND2_R180__PINV_R0__g0p0025.gds,48cfb7f4af0cf575785b58451c3daca8b0c4dd2c1cbf008e5530f2e5f477598a,outputs/PROJECT_decoder_gate_abutment_matrix/_pair_trials/PAIR__AND2_R180__PINV_R0__g0p0025_drc/PAIR__AND2_R180__PINV_R0__g0p0025.lyrdb
AND2,R180,PINV,R0,0.07,True,0,False,True,False,True,,outputs/PROJECT_decoder_gate_abutment_matrix/_pair_trials/PAIR__AND2_R180__PINV_R0__g0p07.gds,5e609ddf056e4f4a740dc087f696ab73e51a42fb1858a1c644d85e94a09a4c18,outputs/PROJECT_decoder_gate_abutment_matrix/_pair_trials/PAIR__AND2_R180__PINV_R0__g0p07_drc/PAIR__AND2_R180__PINV_R0__g0p07.lyrdb
AND2,R180,PINV,R0,0.14,True,0,False,True,False,True,,outputs/PROJECT_decoder_gate_abutment_matrix/_pair_trials/PAIR__AND2_R180__PINV_R0__g0p14.gds,a52f3ce35a637d226ea402ebbc92d088731c30579f46ff99106a750125c8b847,outputs/PROJECT_decoder_gate_abutment_matrix/_pair_trials/PAIR__AND2_R180__PINV_R0__g0p14_drc/PAIR__AND2_R180__PINV_R0__g0p14.lyrdb
AND2,R180,PINV,R180,0.0,True,0,False,True,False,True,,outputs/PROJECT_decoder_gate_abutment_matrix/_pair_trials/PAIR__AND2_R180__PINV_R180__g0p0.gds,1778b895bf9427fe203456234566074e7d82b540b3997208e44ac44d25173595,outputs/PROJECT_decoder_gate_abutment_matrix/_pair_trials/PAIR__AND2_R180__PINV_R180__g0p0_drc/PAIR__AND2_R180__PINV_R180__g0p0.lyrdb
AND2,R180,PINV,R180,0.0025,True,0,False,True,False,True,,outputs/PROJECT_decoder_gate_abutment_matrix/_pair_trials/PAIR__AND2_R180__PINV_R180__g0p0025.gds,a8846d51d4ebb572bea1a028950b8c5a7ac989bd5a547ad7fd66c94e52de8805,outputs/PROJECT_decoder_gate_abutment_matrix/_pair_trials/PAIR__AND2_R180__PINV_R180__g0p0025_drc/PAIR__AND2_R180__PINV_R180__g0p0025.lyrdb
AND2,R180,PINV,R180,0.07,True,0,False,True,False,True,,outputs/PROJECT_decoder_gate_abutment_matrix/_pair_trials/PAIR__AND2_R180__PINV_R180__g0p07.gds,dbd08aa47ab1b8bd543fe5e85ef24bef583dd454fe2f914b07cdd46ff37eb85c,outputs/PROJECT_decoder_gate_abutment_matrix/_pair_trials/PAIR__AND2_R180__PINV_R180__g0p07_drc/PAIR__AND2_R180__PINV_R180__g0p07.lyrdb
AND2,R180,PINV,R180,0.14,True,0,False,True,False,True,,outputs/PROJECT_decoder_gate_abutment_matrix/_pair_trials/PAIR__AND2_R180__PINV_R180__g0p14.gds,0559cae800210331137a2c6e56f82d1bc735d39f49aca66ef876bd72bdffd479,outputs/PROJECT_decoder_gate_abutment_matrix/_pair_trials/PAIR__AND2_R180__PINV_R180__g0p14_drc/PAIR__AND2_R180__PINV_R180__g0p14.lyrdb
AND2,R180,PINV,MX,0.0,False,0,False,False,False,True,,outputs/PROJECT_decoder_gate_abutment_matrix/_pair_trials/PAIR__AND2_R180__PINV_MX__g0p0.gds,f1d4ecda01579a3897cdcc37fe67d7a62ff0eb7179ed7fef17954ecbdb5d9dbc,outputs/PROJECT_decoder_gate_abutment_matrix/_pair_trials/PAIR__AND2_R180__PINV_MX__g0p0_drc/PAIR__AND2_R180__PINV_MX__g0p0.lyrdb
AND2,R180,PINV,MX,0.0025,False,0,False,False,False,True,,outputs/PROJECT_decoder_gate_abutment_matrix/_pair_trials/PAIR__AND2_R180__PINV_MX__g0p0025.gds,0a4e6e1f43ed2edc1fd7fca88e2cf5670102a5b9e35330c3b1b99eb3233bd313,outputs/PROJECT_decoder_gate_abutment_matrix/_pair_trials/PAIR__AND2_R180__PINV_MX__g0p0025_drc/PAIR__AND2_R180__PINV_MX__g0p0025.lyrdb
AND2,R180,PINV,MX,0.07,False,0,False,False,False,True,,outputs/PROJECT_decoder_gate_abutment_matrix/_pair_trials/PAIR__AND2_R180__PINV_MX__g0p07.gds,931a79faf46d36cae44e017936e9b9676c1154af69aa74ad882b1bca822b2752,outputs/PROJECT_decoder_gate_abutment_matrix/_pair_trials/PAIR__AND2_R180__PINV_MX__g0p07_drc/PAIR__AND2_R180__PINV_MX__g0p07.lyrdb
AND2,R180,PINV,MX,0.14,False,0,False,False,False,True,,outputs/PROJECT_decoder_gate_abutment_matrix/_pair_trials/PAIR__AND2_R180__PINV_MX__g0p14.gds,89c1793327af6961294a661ce73ac97d7eb0cd58b51593b9c4fec80d2df0983f,outputs/PROJECT_decoder_gate_abutment_matrix/_pair_trials/PAIR__AND2_R180__PINV_MX__g0p14_drc/PAIR__AND2_R180__PINV_MX__g0p14.lyrdb
AND2,R180,PINV,MY,0.0,True,0,False,True,False,True,,outputs/PROJECT_decoder_gate_abutment_matrix/_pair_trials/PAIR__AND2_R180__PINV_MY__g0p0.gds,43f1a6b6ad2e04dbfb2120cc242a81269e8eac4b4952359d903fae09c5fe907f,outputs/PROJECT_decoder_gate_abutment_matrix/_pair_trials/PAIR__AND2_R180__PINV_MY__g0p0_drc/PAIR__AND2_R180__PINV_MY__g0p0.lyrdb
AND2,R180,PINV,MY,0.0025,True,0,False,True,False,True,,outputs/PROJECT_decoder_gate_abutment_matrix/_pair_trials/PAIR__AND2_R180__PINV_MY__g0p0025.gds,79d5d6c052765c8e19bcb9868f931aebfd08b8250c64c6339ac5a5d051a7ab22,outputs/PROJECT_decoder_gate_abutment_matrix/_pair_trials/PAIR__AND2_R180__PINV_MY__g0p0025_drc/PAIR__AND2_R180__PINV_MY__g0p0025.lyrdb
AND2,R180,PINV,MY,0.07,True,0,False,True,False,True,,outputs/PROJECT_decoder_gate_abutment_matrix/_pair_trials/PAIR__AND2_R180__PINV_MY__g0p07.gds,077d8953d4b5fe5cf783ea9192b1dbe01ede6c9aa698fdca4b6988e6a36ed88d,outputs/PROJECT_decoder_gate_abutment_matrix/_pair_trials/PAIR__AND2_R180__PINV_MY__g0p07_drc/PAIR__AND2_R180__PINV_MY__g0p07.lyrdb
AND2,R180,PINV,MY,0.14,True,0,False,True,False,True,,outputs/PROJECT_decoder_gate_abutment_matrix/_pair_trials/PAIR__AND2_R180__PINV_MY__g0p14.gds,b7d037918ea48ed038fc67fa8847c50f37134b8a3a91b60e3074580ce39393ce,outputs/PROJECT_decoder_gate_abutment_matrix/_pair_trials/PAIR__AND2_R180__PINV_MY__g0p14_drc/PAIR__AND2_R180__PINV_MY__g0p14.lyrdb
AND2,R180,PNAND2,R0,0.0,True,0,False,True,False,True,,outputs/PROJECT_decoder_gate_abutment_matrix/_pair_trials/PAIR__AND2_R180__PNAND2_R0__g0p0.gds,9fb87217e2c95c8a62309f3cd0edcb850fbb00129d151719a9543c1c8b5300d0,outputs/PROJECT_decoder_gate_abutment_matrix/_pair_trials/PAIR__AND2_R180__PNAND2_R0__g0p0_drc/PAIR__AND2_R180__PNAND2_R0__g0p0.lyrdb
AND2,R180,PNAND2,R0,0.0025,True,0,False,True,False,True,,outputs/PROJECT_decoder_gate_abutment_matrix/_pair_trials/PAIR__AND2_R180__PNAND2_R0__g0p0025.gds,637daf3eed38bf8af9a2b2081922579209f7f37abcc31239d5d6d5a96343df0d,outputs/PROJECT_decoder_gate_abutment_matrix/_pair_trials/PAIR__AND2_R180__PNAND2_R0__g0p0025_drc/PAIR__AND2_R180__PNAND2_R0__g0p0025.lyrdb
AND2,R180,PNAND2,R0,0.07,True,0,False,True,False,True,,outputs/PROJECT_decoder_gate_abutment_matrix/_pair_trials/PAIR__AND2_R180__PNAND2_R0__g0p07.gds,d2fb84fa9c56a6afcde2ceb4817d4c8fb742b3a23d99bbbbaee701720866e605,outputs/PROJECT_decoder_gate_abutment_matrix/_pair_trials/PAIR__AND2_R180__PNAND2_R0__g0p07_drc/PAIR__AND2_R180__PNAND2_R0__g0p07.lyrdb
AND2,R180,PNAND2,R0,0.14,True,0,False,True,False,True,,outputs/PROJECT_decoder_gate_abutment_matrix/_pair_trials/PAIR__AND2_R180__PNAND2_R0__g0p14.gds,f164fed592dc312b01be41cfd29cb33a8d6522ce33120b7db0cdd9d0d33b07b3,outputs/PROJECT_decoder_gate_abutment_matrix/_pair_trials/PAIR__AND2_R180__PNAND2_R0__g0p14_drc/PAIR__AND2_R180__PNAND2_R0__g0p14.lyrdb
AND2,R180,PNAND2,R180,0.0,True,0,False,True,False,True,,outputs/PROJECT_decoder_gate_abutment_matrix/_pair_trials/PAIR__AND2_R180__PNAND2_R180__g0p0.gds,ae295da6c715a325a9c7b68c050fcf902880efd626aff7be4edfe9eae2c3b7d3,outputs/PROJECT_decoder_gate_abutment_matrix/_pair_trials/PAIR__AND2_R180__PNAND2_R180__g0p0_drc/PAIR__AND2_R180__PNAND2_R180__g0p0.lyrdb
AND2,R180,PNAND2,R180,0.0025,True,0,False,True,False,True,,outputs/PROJECT_decoder_gate_abutment_matrix/_pair_trials/PAIR__AND2_R180__PNAND2_R180__g0p0025.gds,0a5f5786c5b694f61953a5c3e2de4f5a6a622f7db579010c2105f2a2df103d73,outputs/PROJECT_decoder_gate_abutment_matrix/_pair_trials/PAIR__AND2_R180__PNAND2_R180__g0p0025_drc/PAIR__AND2_R180__PNAND2_R180__g0p0025.lyrdb
AND2,R180,PNAND2,R180,0.07,True,0,False,True,False,True,,outputs/PROJECT_decoder_gate_abutment_matrix/_pair_trials/PAIR__AND2_R180__PNAND2_R180__g0p07.gds,148a1541c37742c8b9eb5e3fa0735894ae67d3eed846e26f26287e4232b53302,outputs/PROJECT_decoder_gate_abutment_matrix/_pair_trials/PAIR__AND2_R180__PNAND2_R180__g0p07_drc/PAIR__AND2_R180__PNAND2_R180__g0p07.lyrdb
AND2,R180,PNAND2,R180,0.14,True,0,False,True,False,True,,outputs/PROJECT_decoder_gate_abutment_matrix/_pair_trials/PAIR__AND2_R180__PNAND2_R180__g0p14.gds,b4df1d7f9aba2538a3f3991f3007ba8b6836407d0ee0a41f611757cf5be0565c,outputs/PROJECT_decoder_gate_abutment_matrix/_pair_trials/PAIR__AND2_R180__PNAND2_R180__g0p14_drc/PAIR__AND2_R180__PNAND2_R180__g0p14.lyrdb
AND2,R180,PNAND2,MX,0.0,False,0,False,False,False,True,,outputs/PROJECT_decoder_gate_abutment_matrix/_pair_trials/PAIR__AND2_R180__PNAND2_MX__g0p0.gds,13d06b9799bb5d44c16757a0872d19afc0a918c638d65424f8629019b1dde95e,outputs/PROJECT_decoder_gate_abutment_matrix/_pair_trials/PAIR__AND2_R180__PNAND2_MX__g0p0_drc/PAIR__AND2_R180__PNAND2_MX__g0p0.lyrdb
AND2,R180,PNAND2,MX,0.0025,False,0,False,False,False,True,,outputs/PROJECT_decoder_gate_abutment_matrix/_pair_trials/PAIR__AND2_R180__PNAND2_MX__g0p0025.gds,525d7f3f044e8c6c146428ce21de53983c5d74ef90e7f694eecb10c0055e92c2,outputs/PROJECT_decoder_gate_abutment_matrix/_pair_trials/PAIR__AND2_R180__PNAND2_MX__g0p0025_drc/PAIR__AND2_R180__PNAND2_MX__g0p0025.lyrdb
AND2,R180,PNAND2,MX,0.07,False,0,False,False,False,True,,outputs/PROJECT_decoder_gate_abutment_matrix/_pair_trials/PAIR__AND2_R180__PNAND2_MX__g0p07.gds,54d5c8c0bc8efdea9a4d5fb8a70bede6ce5400e4e1d7ec209be0c1723b4c1943,outputs/PROJECT_decoder_gate_abutment_matrix/_pair_trials/PAIR__AND2_R180__PNAND2_MX__g0p07_drc/PAIR__AND2_R180__PNAND2_MX__g0p07.lyrdb
AND2,R180,PNAND2,MX,0.14,False,0,False,False,False,True,,outputs/PROJECT_decoder_gate_abutment_matrix/_pair_trials/PAIR__AND2_R180__PNAND2_MX__g0p14.gds,a46cd9a1c44edd85ee1a70f6a23991ae97f3b6cd06315cc806615ca1be8bc99a,outputs/PROJECT_decoder_gate_abutment_matrix/_pair_trials/PAIR__AND2_R180__PNAND2_MX__g0p14_drc/PAIR__AND2_R180__PNAND2_MX__g0p14.lyrdb
AND2,R180,PNAND2,MY,0.0,True,0,False,True,False,True,,outputs/PROJECT_decoder_gate_abutment_matrix/_pair_trials/PAIR__AND2_R180__PNAND2_MY__g0p0.gds,64d19051be2920ec51790028c653695ba081d4293a5b6f90d790727c85a89142,outputs/PROJECT_decoder_gate_abutment_matrix/_pair_trials/PAIR__AND2_R180__PNAND2_MY__g0p0_drc/PAIR__AND2_R180__PNAND2_MY__g0p0.lyrdb
AND2,R180,PNAND2,MY,0.0025,True,0,False,True,False,True,,outputs/PROJECT_decoder_gate_abutment_matrix/_pair_trials/PAIR__AND2_R180__PNAND2_MY__g0p0025.gds,daa2d665e9d7a0e311de907f70eb2d5f65f2281214ec5b90f4ed6b7a67d59a51,outputs/PROJECT_decoder_gate_abutment_matrix/_pair_trials/PAIR__AND2_R180__PNAND2_MY__g0p0025_drc/PAIR__AND2_R180__PNAND2_MY__g0p0025.lyrdb
AND2,R180,PNAND2,MY,0.07,True,0,False,True,False,True,,outputs/PROJECT_decoder_gate_abutment_matrix/_pair_trials/PAIR__AND2_R180__PNAND2_MY__g0p07.gds,2e249d71b616e512eb4f58973f0029ab49f8b7953c82efa73834b849779da59b,outputs/PROJECT_decoder_gate_abutment_matrix/_pair_trials/PAIR__AND2_R180__PNAND2_MY__g0p07_drc/PAIR__AND2_R180__PNAND2_MY__g0p07.lyrdb
AND2,R180,PNAND2,MY,0.14,True,0,False,True,False,True,,outputs/PROJECT_decoder_gate_abutment_matrix/_pair_trials/PAIR__AND2_R180__PNAND2_MY__g0p14.gds,ad98ceca011fab00a29f13f9cbf7e03e63b5ee5764fc9564d4f86e7d79b55194,outputs/PROJECT_decoder_gate_abutment_matrix/_pair_trials/PAIR__AND2_R180__PNAND2_MY__g0p14_drc/PAIR__AND2_R180__PNAND2_MY__g0p14.lyrdb
AND2,R180,PNAND3,R0,0.0,True,0,False,True,False,True,,outputs/PROJECT_decoder_gate_abutment_matrix/_pair_trials/PAIR__AND2_R180__PNAND3_R0__g0p0.gds,7e79337342317606beec1691c72f10d46cf53bf71def26a85cc50f79aac770e5,outputs/PROJECT_decoder_gate_abutment_matrix/_pair_trials/PAIR__AND2_R180__PNAND3_R0__g0p0_drc/PAIR__AND2_R180__PNAND3_R0__g0p0.lyrdb
AND2,R180,PNAND3,R0,0.0025,True,0,False,True,False,True,,outputs/PROJECT_decoder_gate_abutment_matrix/_pair_trials/PAIR__AND2_R180__PNAND3_R0__g0p0025.gds,bb5d39486ecb16f29613be66c5dc9648f28de49d206d4a65729f062649ef7964,outputs/PROJECT_decoder_gate_abutment_matrix/_pair_trials/PAIR__AND2_R180__PNAND3_R0__g0p0025_drc/PAIR__AND2_R180__PNAND3_R0__g0p0025.lyrdb
AND2,R180,PNAND3,R0,0.07,True,0,False,True,False,True,,outputs/PROJECT_decoder_gate_abutment_matrix/_pair_trials/PAIR__AND2_R180__PNAND3_R0__g0p07.gds,e0eb2faacf78c984764323c0063bc3a9d9249f231de0a6cd8601fcec60c52a41,outputs/PROJECT_decoder_gate_abutment_matrix/_pair_trials/PAIR__AND2_R180__PNAND3_R0__g0p07_drc/PAIR__AND2_R180__PNAND3_R0__g0p07.lyrdb
AND2,R180,PNAND3,R0,0.14,True,0,False,True,False,True,,outputs/PROJECT_decoder_gate_abutment_matrix/_pair_trials/PAIR__AND2_R180__PNAND3_R0__g0p14.gds,3adf779a041247a3745a83e5b16fecfa69c42f0c3a25939960c1f15585dbad6e,outputs/PROJECT_decoder_gate_abutment_matrix/_pair_trials/PAIR__AND2_R180__PNAND3_R0__g0p14_drc/PAIR__AND2_R180__PNAND3_R0__g0p14.lyrdb
AND2,R180,PNAND3,R180,0.0,True,0,False,True,False,True,,outputs/PROJECT_decoder_gate_abutment_matrix/_pair_trials/PAIR__AND2_R180__PNAND3_R180__g0p0.gds,2acc25b51658663b35ee395619a6bf1ff24814a84584008b373378ff6563f5d0,outputs/PROJECT_decoder_gate_abutment_matrix/_pair_trials/PAIR__AND2_R180__PNAND3_R180__g0p0_drc/PAIR__AND2_R180__PNAND3_R180__g0p0.lyrdb
AND2,R180,PNAND3,R180,0.0025,True,0,False,True,False,True,,outputs/PROJECT_decoder_gate_abutment_matrix/_pair_trials/PAIR__AND2_R180__PNAND3_R180__g0p0025.gds,70e688108a0f68a21a8a162783e7b916c4d660ed8f4cccb279bda1010a64a65d,outputs/PROJECT_decoder_gate_abutment_matrix/_pair_trials/PAIR__AND2_R180__PNAND3_R180__g0p0025_drc/PAIR__AND2_R180__PNAND3_R180__g0p0025.lyrdb
AND2,R180,PNAND3,R180,0.07,True,0,False,True,False,True,,outputs/PROJECT_decoder_gate_abutment_matrix/_pair_trials/PAIR__AND2_R180__PNAND3_R180__g0p07.gds,f6206d16640f9afdec87853240e2693962592858e7cec56566424ce39c01e042,outputs/PROJECT_decoder_gate_abutment_matrix/_pair_trials/PAIR__AND2_R180__PNAND3_R180__g0p07_drc/PAIR__AND2_R180__PNAND3_R180__g0p07.lyrdb
AND2,R180,PNAND3,R180,0.14,True,0,False,True,False,True,,outputs/PROJECT_decoder_gate_abutment_matrix/_pair_trials/PAIR__AND2_R180__PNAND3_R180__g0p14.gds,b962d5f3e6f3d816a99d73db22295b07b5e0e7e6b969f06b5c3edc1c4f99d39b,outputs/PROJECT_decoder_gate_abutment_matrix/_pair_trials/PAIR__AND2_R180__PNAND3_R180__g0p14_drc/PAIR__AND2_R180__PNAND3_R180__g0p14.lyrdb
AND2,R180,PNAND3,MX,0.0,False,0,False,False,False,True,,outputs/PROJECT_decoder_gate_abutment_matrix/_pair_trials/PAIR__AND2_R180__PNAND3_MX__g0p0.gds,606ab7cd0208e3edf059ae2367a608b22fc0ae433605e292e577a3f05393dafc,outputs/PROJECT_decoder_gate_abutment_matrix/_pair_trials/PAIR__AND2_R180__PNAND3_MX__g0p0_drc/PAIR__AND2_R180__PNAND3_MX__g0p0.lyrdb
AND2,R180,PNAND3,MX,0.0025,False,0,False,False,False,True,,outputs/PROJECT_decoder_gate_abutment_matrix/_pair_trials/PAIR__AND2_R180__PNAND3_MX__g0p0025.gds,ee1e3dad823f1b08f6b5aeaebd114b0893dad71ec807b86f0123042f49224b6f,outputs/PROJECT_decoder_gate_abutment_matrix/_pair_trials/PAIR__AND2_R180__PNAND3_MX__g0p0025_drc/PAIR__AND2_R180__PNAND3_MX__g0p0025.lyrdb
AND2,R180,PNAND3,MX,0.07,False,0,False,False,False,True,,outputs/PROJECT_decoder_gate_abutment_matrix/_pair_trials/PAIR__AND2_R180__PNAND3_MX__g0p07.gds,de8e2cc2d1cd167be70f7ebe00e27df5128c4c13c651ecd18c43c8a28e74f74a,outputs/PROJECT_decoder_gate_abutment_matrix/_pair_trials/PAIR__AND2_R180__PNAND3_MX__g0p07_drc/PAIR__AND2_R180__PNAND3_MX__g0p07.lyrdb
AND2,R180,PNAND3,MX,0.14,False,0,False,False,False,True,,outputs/PROJECT_decoder_gate_abutment_matrix/_pair_trials/PAIR__AND2_R180__PNAND3_MX__g0p14.gds,e914fb6c7ee55bfd8a6c3b5cee831735049bace1e8c86281abc2bc017c42b36a,outputs/PROJECT_decoder_gate_abutment_matrix/_pair_trials/PAIR__AND2_R180__PNAND3_MX__g0p14_drc/PAIR__AND2_R180__PNAND3_MX__g0p14.lyrdb
AND2,R180,PNAND3,MY,0.0,True,0,False,True,False,True,,outputs/PROJECT_decoder_gate_abutment_matrix/_pair_trials/PAIR__AND2_R180__PNAND3_MY__g0p0.gds,854dd941eeb29883ec5e4ff1630a5a07ef8fc92350101ab89d9af0dca23e928e,outputs/PROJECT_decoder_gate_abutment_matrix/_pair_trials/PAIR__AND2_R180__PNAND3_MY__g0p0_drc/PAIR__AND2_R180__PNAND3_MY__g0p0.lyrdb
AND2,R180,PNAND3,MY,0.0025,True,0,False,True,False,True,,outputs/PROJECT_decoder_gate_abutment_matrix/_pair_trials/PAIR__AND2_R180__PNAND3_MY__g0p0025.gds,8b0b3a155e0f3f4bf92cefb621e2e9c9a82d809aaf7e5ae9ecccb4cc95a9a5e0,outputs/PROJECT_decoder_gate_abutment_matrix/_pair_trials/PAIR__AND2_R180__PNAND3_MY__g0p0025_drc/PAIR__AND2_R180__PNAND3_MY__g0p0025.lyrdb
AND2,R180,PNAND3,MY,0.07,True,0,False,True,False,True,,outputs/PROJECT_decoder_gate_abutment_matrix/_pair_trials/PAIR__AND2_R180__PNAND3_MY__g0p07.gds,1109a6344731b7c11815bd8aa4f5ffebb5cbdcbffce23a764e3b8642625b430c,outputs/PROJECT_decoder_gate_abutment_matrix/_pair_trials/PAIR__AND2_R180__PNAND3_MY__g0p07_drc/PAIR__AND2_R180__PNAND3_MY__g0p07.lyrdb
AND2,R180,PNAND3,MY,0.14,True,0,False,True,False,True,,outputs/PROJECT_decoder_gate_abutment_matrix/_pair_trials/PAIR__AND2_R180__PNAND3_MY__g0p14.gds,2cf9878194cbf24673525fd1cdeadcabe54f27088c46e381cbd5e0a93ed06c39,outputs/PROJECT_decoder_gate_abutment_matrix/_pair_trials/PAIR__AND2_R180__PNAND3_MY__g0p14_drc/PAIR__AND2_R180__PNAND3_MY__g0p14.lyrdb
AND2,R180,AND2,R0,0.0,True,0,False,True,False,True,,outputs/PROJECT_decoder_gate_abutment_matrix/_pair_trials/PAIR__AND2_R180__AND2_R0__g0p0.gds,bf7a98a13ec1caf9d1a8183e3994b7b404cfea61472927237ba0447b6599b5a5,outputs/PROJECT_decoder_gate_abutment_matrix/_pair_trials/PAIR__AND2_R180__AND2_R0__g0p0_drc/PAIR__AND2_R180__AND2_R0__g0p0.lyrdb
AND2,R180,AND2,R0,0.0025,True,0,False,True,False,True,,outputs/PROJECT_decoder_gate_abutment_matrix/_pair_trials/PAIR__AND2_R180__AND2_R0__g0p0025.gds,cb245320e47c47977ad8130f7fcc287dbbd1e81121d98492b68522fb86b4a1df,outputs/PROJECT_decoder_gate_abutment_matrix/_pair_trials/PAIR__AND2_R180__AND2_R0__g0p0025_drc/PAIR__AND2_R180__AND2_R0__g0p0025.lyrdb
AND2,R180,AND2,R0,0.07,True,0,False,True,False,True,,outputs/PROJECT_decoder_gate_abutment_matrix/_pair_trials/PAIR__AND2_R180__AND2_R0__g0p07.gds,5835740ca0be28714b736d4de1d1e47233084281555bc1fa3d3ca0778ac81ae9,outputs/PROJECT_decoder_gate_abutment_matrix/_pair_trials/PAIR__AND2_R180__AND2_R0__g0p07_drc/PAIR__AND2_R180__AND2_R0__g0p07.lyrdb
AND2,R180,AND2,R0,0.14,True,0,False,True,False,True,,outputs/PROJECT_decoder_gate_abutment_matrix/_pair_trials/PAIR__AND2_R180__AND2_R0__g0p14.gds,c893a147f21daa431ebe9b4e34faa54b22dcd51f92ed0990b0ccc895065ac047,outputs/PROJECT_decoder_gate_abutment_matrix/_pair_trials/PAIR__AND2_R180__AND2_R0__g0p14_drc/PAIR__AND2_R180__AND2_R0__g0p14.lyrdb
AND2,R180,AND2,R180,0.0,True,0,False,True,False,True,,outputs/PROJECT_decoder_gate_abutment_matrix/_pair_trials/PAIR__AND2_R180__AND2_R180__g0p0.gds,3abaf2d66d37bc9f63215958eb3ffdf970b7d879e4f406428d09fd925d6e7b34,outputs/PROJECT_decoder_gate_abutment_matrix/_pair_trials/PAIR__AND2_R180__AND2_R180__g0p0_drc/PAIR__AND2_R180__AND2_R180__g0p0.lyrdb
AND2,R180,AND2,R180,0.0025,True,1,False,True,True,False,drc_marker_count=1,outputs/PROJECT_decoder_gate_abutment_matrix/_pair_trials/PAIR__AND2_R180__AND2_R180__g0p0025.gds,3eb0e628e496f45f47140bc52e07d370b2be9b6ef8cedd1f714254f277b0c534,outputs/PROJECT_decoder_gate_abutment_matrix/_pair_trials/PAIR__AND2_R180__AND2_R180__g0p0025_drc/PAIR__AND2_R180__AND2_R180__g0p0025.lyrdb
AND2,R180,AND2,R180,0.07,True,1,False,True,True,False,drc_marker_count=1,outputs/PROJECT_decoder_gate_abutment_matrix/_pair_trials/PAIR__AND2_R180__AND2_R180__g0p07.gds,b1f5ca9bccc7144e154f76bf59f733eb4d78a4ca5fc8d4bdf185aee3bbef1800,outputs/PROJECT_decoder_gate_abutment_matrix/_pair_trials/PAIR__AND2_R180__AND2_R180__g0p07_drc/PAIR__AND2_R180__AND2_R180__g0p07.lyrdb
AND2,R180,AND2,R180,0.14,True,1,False,True,True,False,drc_marker_count=1,outputs/PROJECT_decoder_gate_abutment_matrix/_pair_trials/PAIR__AND2_R180__AND2_R180__g0p14.gds,db1d2deb0c5cc972f4d2f0654c5c5f9ea71d2a7050e17a2809d5a7704ba83851,outputs/PROJECT_decoder_gate_abutment_matrix/_pair_trials/PAIR__AND2_R180__AND2_R180__g0p14_drc/PAIR__AND2_R180__AND2_R180__g0p14.lyrdb
AND2,R180,AND2,MX,0.0,False,0,False,False,False,True,,outputs/PROJECT_decoder_gate_abutment_matrix/_pair_trials/PAIR__AND2_R180__AND2_MX__g0p0.gds,f1ba6c315521a67288827f812cf036b1833a7200ee8ce2fa43427316abf9a848,outputs/PROJECT_decoder_gate_abutment_matrix/_pair_trials/PAIR__AND2_R180__AND2_MX__g0p0_drc/PAIR__AND2_R180__AND2_MX__g0p0.lyrdb
AND2,R180,AND2,MX,0.0025,False,0,False,False,False,True,,outputs/PROJECT_decoder_gate_abutment_matrix/_pair_trials/PAIR__AND2_R180__AND2_MX__g0p0025.gds,1f3a9215a625c236a8e30cfa7e7ab62ca9faeaffd955378dd0c9ec8e1a854455,outputs/PROJECT_decoder_gate_abutment_matrix/_pair_trials/PAIR__AND2_R180__AND2_MX__g0p0025_drc/PAIR__AND2_R180__AND2_MX__g0p0025.lyrdb
AND2,R180,AND2,MX,0.07,False,0,False,False,False,True,,outputs/PROJECT_decoder_gate_abutment_matrix/_pair_trials/PAIR__AND2_R180__AND2_MX__g0p07.gds,07b3326b3a861e3167538e71f505b74ee23980062ae89c0bdfcf24a23eb5708c,outputs/PROJECT_decoder_gate_abutment_matrix/_pair_trials/PAIR__AND2_R180__AND2_MX__g0p07_drc/PAIR__AND2_R180__AND2_MX__g0p07.lyrdb
AND2,R180,AND2,MX,0.14,False,0,False,False,False,True,,outputs/PROJECT_decoder_gate_abutment_matrix/_pair_trials/PAIR__AND2_R180__AND2_MX__g0p14.gds,99112f962eac8ba3f0c030bc5ad641d986f295f670c89d8e93aa4703a41dfaa5,outputs/PROJECT_decoder_gate_abutment_matrix/_pair_trials/PAIR__AND2_R180__AND2_MX__g0p14_drc/PAIR__AND2_R180__AND2_MX__g0p14.lyrdb
AND2,R180,AND2,MY,0.0,True,0,False,True,False,True,,outputs/PROJECT_decoder_gate_abutment_matrix/_pair_trials/PAIR__AND2_R180__AND2_MY__g0p0.gds,b98b479f3d75a4f6b437d459945113c6e76fcccf85ae70ef22cec5dcbdbaa4f9,outputs/PROJECT_decoder_gate_abutment_matrix/_pair_trials/PAIR__AND2_R180__AND2_MY__g0p0_drc/PAIR__AND2_R180__AND2_MY__g0p0.lyrdb
AND2,R180,AND2,MY,0.0025,True,1,False,True,True,False,drc_marker_count=1,outputs/PROJECT_decoder_gate_abutment_matrix/_pair_trials/PAIR__AND2_R180__AND2_MY__g0p0025.gds,a32d5ec41590245f45b19331e2c09f29d3d7e44f3251b2ab95e4a44fb09c94d3,outputs/PROJECT_decoder_gate_abutment_matrix/_pair_trials/PAIR__AND2_R180__AND2_MY__g0p0025_drc/PAIR__AND2_R180__AND2_MY__g0p0025.lyrdb
AND2,R180,AND2,MY,0.07,True,1,False,True,True,False,drc_marker_count=1,outputs/PROJECT_decoder_gate_abutment_matrix/_pair_trials/PAIR__AND2_R180__AND2_MY__g0p07.gds,9510fd490026d91749f15ff4d781b2fa3aadf3908dab50859575a0cda24e8661,outputs/PROJECT_decoder_gate_abutment_matrix/_pair_trials/PAIR__AND2_R180__AND2_MY__g0p07_drc/PAIR__AND2_R180__AND2_MY__g0p07.lyrdb
AND2,R180,AND2,MY,0.14,True,1,False,True,True,False,drc_marker_count=1,outputs/PROJECT_decoder_gate_abutment_matrix/_pair_trials/PAIR__AND2_R180__AND2_MY__g0p14.gds,d03358f3136ee9dc52372345ea6c0ca3835e5ab2f86f9ee9b37db572768a391f,outputs/PROJECT_decoder_gate_abutment_matrix/_pair_trials/PAIR__AND2_R180__AND2_MY__g0p14_drc/PAIR__AND2_R180__AND2_MY__g0p14.lyrdb
AND2,R180,AND3,R0,0.0,True,0,False,True,False,True,,outputs/PROJECT_decoder_gate_abutment_matrix/_pair_trials/PAIR__AND2_R180__AND3_R0__g0p0.gds,bbef106c40c61701199cc00bc304862ebefab6434b7ff18c53b1448d29ed46b8,outputs/PROJECT_decoder_gate_abutment_matrix/_pair_trials/PAIR__AND2_R180__AND3_R0__g0p0_drc/PAIR__AND2_R180__AND3_R0__g0p0.lyrdb
AND2,R180,AND3,R0,0.0025,True,0,False,True,False,True,,outputs/PROJECT_decoder_gate_abutment_matrix/_pair_trials/PAIR__AND2_R180__AND3_R0__g0p0025.gds,65230c35af1e9f78d81019f93c7bd4fa3b1e0294737ae56b5475187845fbb803,outputs/PROJECT_decoder_gate_abutment_matrix/_pair_trials/PAIR__AND2_R180__AND3_R0__g0p0025_drc/PAIR__AND2_R180__AND3_R0__g0p0025.lyrdb
AND2,R180,AND3,R0,0.07,True,0,False,True,False,True,,outputs/PROJECT_decoder_gate_abutment_matrix/_pair_trials/PAIR__AND2_R180__AND3_R0__g0p07.gds,3d5cdd46d4950f561a4bb5f9d61ffe55f593a439a0e7ed9fdd1b3ec4e3661625,outputs/PROJECT_decoder_gate_abutment_matrix/_pair_trials/PAIR__AND2_R180__AND3_R0__g0p07_drc/PAIR__AND2_R180__AND3_R0__g0p07.lyrdb
AND2,R180,AND3,R0,0.14,True,0,False,True,False,True,,outputs/PROJECT_decoder_gate_abutment_matrix/_pair_trials/PAIR__AND2_R180__AND3_R0__g0p14.gds,acb76acc2f1b846c0a96200b82a228ac687e48b54627d5a636a21a0a23608b9b,outputs/PROJECT_decoder_gate_abutment_matrix/_pair_trials/PAIR__AND2_R180__AND3_R0__g0p14_drc/PAIR__AND2_R180__AND3_R0__g0p14.lyrdb
AND2,R180,AND3,R180,0.0,True,17,False,True,True,False,drc_marker_count=17,outputs/PROJECT_decoder_gate_abutment_matrix/_pair_trials/PAIR__AND2_R180__AND3_R180__g0p0.gds,d150272b8f8e0bd85833f80b8dc0f2f3129f71498fec28541fac9946459d50a4,outputs/PROJECT_decoder_gate_abutment_matrix/_pair_trials/PAIR__AND2_R180__AND3_R180__g0p0_drc/PAIR__AND2_R180__AND3_R180__g0p0.lyrdb
AND2,R180,AND3,R180,0.0025,True,17,False,True,True,False,drc_marker_count=17,outputs/PROJECT_decoder_gate_abutment_matrix/_pair_trials/PAIR__AND2_R180__AND3_R180__g0p0025.gds,a0ef47bcc8183e95d8bbefb787c5a7107c9df484e20443d9c5f34c4bfb206ed3,outputs/PROJECT_decoder_gate_abutment_matrix/_pair_trials/PAIR__AND2_R180__AND3_R180__g0p0025_drc/PAIR__AND2_R180__AND3_R180__g0p0025.lyrdb
AND2,R180,AND3,R180,0.07,True,8,False,True,True,False,drc_marker_count=8,outputs/PROJECT_decoder_gate_abutment_matrix/_pair_trials/PAIR__AND2_R180__AND3_R180__g0p07.gds,bade32477bbf8ba2c1457fa33e4f9289a5832d22ec66ca96f006746d7a0f91ed,outputs/PROJECT_decoder_gate_abutment_matrix/_pair_trials/PAIR__AND2_R180__AND3_R180__g0p07_drc/PAIR__AND2_R180__AND3_R180__g0p07.lyrdb
AND2,R180,AND3,R180,0.14,True,0,False,True,False,True,,outputs/PROJECT_decoder_gate_abutment_matrix/_pair_trials/PAIR__AND2_R180__AND3_R180__g0p14.gds,3fe50d8e1144e1c5d7299802543db845af19622e2c9d58db5b8eecff52a8487b,outputs/PROJECT_decoder_gate_abutment_matrix/_pair_trials/PAIR__AND2_R180__AND3_R180__g0p14_drc/PAIR__AND2_R180__AND3_R180__g0p14.lyrdb
AND2,R180,AND3,MX,0.0,False,0,False,False,False,True,,outputs/PROJECT_decoder_gate_abutment_matrix/_pair_trials/PAIR__AND2_R180__AND3_MX__g0p0.gds,41aefa5c5a0800761ce00ccca5e577455c48a62c2e88697e27a7d81b86d367c8,outputs/PROJECT_decoder_gate_abutment_matrix/_pair_trials/PAIR__AND2_R180__AND3_MX__g0p0_drc/PAIR__AND2_R180__AND3_MX__g0p0.lyrdb
AND2,R180,AND3,MX,0.0025,False,0,False,False,False,True,,outputs/PROJECT_decoder_gate_abutment_matrix/_pair_trials/PAIR__AND2_R180__AND3_MX__g0p0025.gds,a6d1b29f4918f66ce3b60488b8f8257e533d02245102192eb0c92c2561a94acf,outputs/PROJECT_decoder_gate_abutment_matrix/_pair_trials/PAIR__AND2_R180__AND3_MX__g0p0025_drc/PAIR__AND2_R180__AND3_MX__g0p0025.lyrdb
AND2,R180,AND3,MX,0.07,False,0,False,False,False,True,,outputs/PROJECT_decoder_gate_abutment_matrix/_pair_trials/PAIR__AND2_R180__AND3_MX__g0p07.gds,705f1512ccd6c7e3700581d1585bf1ffac44c7a5b53159d931239357f7571188,outputs/PROJECT_decoder_gate_abutment_matrix/_pair_trials/PAIR__AND2_R180__AND3_MX__g0p07_drc/PAIR__AND2_R180__AND3_MX__g0p07.lyrdb
AND2,R180,AND3,MX,0.14,False,0,False,False,False,True,,outputs/PROJECT_decoder_gate_abutment_matrix/_pair_trials/PAIR__AND2_R180__AND3_MX__g0p14.gds,352c8576175543a781761ac9f6beba6b5dd95f6d0d72f01007908986eae8fd1d,outputs/PROJECT_decoder_gate_abutment_matrix/_pair_trials/PAIR__AND2_R180__AND3_MX__g0p14_drc/PAIR__AND2_R180__AND3_MX__g0p14.lyrdb
AND2,R180,AND3,MY,0.0,True,0,False,True,False,True,,outputs/PROJECT_decoder_gate_abutment_matrix/_pair_trials/PAIR__AND2_R180__AND3_MY__g0p0.gds,dceab4500127a983a96d3fc4a30edc77d52218f303033bbe402833e1735b6d34,outputs/PROJECT_decoder_gate_abutment_matrix/_pair_trials/PAIR__AND2_R180__AND3_MY__g0p0_drc/PAIR__AND2_R180__AND3_MY__g0p0.lyrdb
AND2,R180,AND3,MY,0.0025,True,0,False,True,False,True,,outputs/PROJECT_decoder_gate_abutment_matrix/_pair_trials/PAIR__AND2_R180__AND3_MY__g0p0025.gds,f520caa40ffbcd383f017da1603f6b0bd71fd84f2f92f361550ce3774dea82e5,outputs/PROJECT_decoder_gate_abutment_matrix/_pair_trials/PAIR__AND2_R180__AND3_MY__g0p0025_drc/PAIR__AND2_R180__AND3_MY__g0p0025.lyrdb
AND2,R180,AND3,MY,0.07,True,0,False,True,False,True,,outputs/PROJECT_decoder_gate_abutment_matrix/_pair_trials/PAIR__AND2_R180__AND3_MY__g0p07.gds,15897687b7cf4c86e20f1391175c1b308a7387ea540edc89d4c274bf7ba39eb3,outputs/PROJECT_decoder_gate_abutment_matrix/_pair_trials/PAIR__AND2_R180__AND3_MY__g0p07_drc/PAIR__AND2_R180__AND3_MY__g0p07.lyrdb
AND2,R180,AND3,MY,0.14,True,0,False,True,False,True,,outputs/PROJECT_decoder_gate_abutment_matrix/_pair_trials/PAIR__AND2_R180__AND3_MY__g0p14.gds,40f64a1a02a531c42c88e0173f5c0abe7b0d4cdf5973ff7e78d0ffaebaa8d6e0,outputs/PROJECT_decoder_gate_abutment_matrix/_pair_trials/PAIR__AND2_R180__AND3_MY__g0p14_drc/PAIR__AND2_R180__AND3_MY__g0p14.lyrdb
AND2,R180,WORDLINEDRIVER,R0,0.0,True,0,False,True,False,True,,outputs/PROJECT_decoder_gate_abutment_matrix/_pair_trials/PAIR__AND2_R180__WORDLINEDRIVER_R0__g0p0.gds,4c8933834cdbb3d7d8d8353ca61ec6826df0194edcb229a1a59105931915d9fb,outputs/PROJECT_decoder_gate_abutment_matrix/_pair_trials/PAIR__AND2_R180__WORDLINEDRIVER_R0__g0p0_drc/PAIR__AND2_R180__WORDLINEDRIVER_R0__g0p0.lyrdb
AND2,R180,WORDLINEDRIVER,R0,0.0025,True,0,False,True,False,True,,outputs/PROJECT_decoder_gate_abutment_matrix/_pair_trials/PAIR__AND2_R180__WORDLINEDRIVER_R0__g0p0025.gds,bdaf751454e5f7943028efaa960c976841750ac0094fc21dbd37a5a7ba889b8c,outputs/PROJECT_decoder_gate_abutment_matrix/_pair_trials/PAIR__AND2_R180__WORDLINEDRIVER_R0__g0p0025_drc/PAIR__AND2_R180__WORDLINEDRIVER_R0__g0p0025.lyrdb
AND2,R180,WORDLINEDRIVER,R0,0.07,True,0,False,True,False,True,,outputs/PROJECT_decoder_gate_abutment_matrix/_pair_trials/PAIR__AND2_R180__WORDLINEDRIVER_R0__g0p07.gds,31cb2ab1707a9a6ec9e93163522338401a8da89cb24b1f49f199fc784610dad6,outputs/PROJECT_decoder_gate_abutment_matrix/_pair_trials/PAIR__AND2_R180__WORDLINEDRIVER_R0__g0p07_drc/PAIR__AND2_R180__WORDLINEDRIVER_R0__g0p07.lyrdb
AND2,R180,WORDLINEDRIVER,R0,0.14,True,0,False,True,False,True,,outputs/PROJECT_decoder_gate_abutment_matrix/_pair_trials/PAIR__AND2_R180__WORDLINEDRIVER_R0__g0p14.gds,3cf75852a5ee4f5d2e3fd96c688c47c7b35316fa878fee5ec64e6f047f78678b,outputs/PROJECT_decoder_gate_abutment_matrix/_pair_trials/PAIR__AND2_R180__WORDLINEDRIVER_R0__g0p14_drc/PAIR__AND2_R180__WORDLINEDRIVER_R0__g0p14.lyrdb
AND2,R180,WORDLINEDRIVER,R180,0.0,True,9,False,True,True,False,drc_marker_count=9,outputs/PROJECT_decoder_gate_abutment_matrix/_pair_trials/PAIR__AND2_R180__WORDLINEDRIVER_R180__g0p0.gds,4894f926e78108cfb53d8efece60962909ea6250ab7636639ed2a7654c2a0ff7,outputs/PROJECT_decoder_gate_abutment_matrix/_pair_trials/PAIR__AND2_R180__WORDLINEDRIVER_R180__g0p0_drc/PAIR__AND2_R180__WORDLINEDRIVER_R180__g0p0.lyrdb
AND2,R180,WORDLINEDRIVER,R180,0.0025,True,7,False,True,True,False,drc_marker_count=7,outputs/PROJECT_decoder_gate_abutment_matrix/_pair_trials/PAIR__AND2_R180__WORDLINEDRIVER_R180__g0p0025.gds,92c580dd223a295ee88f9fb9f34110099258f455a88e1dc794a4a35af888763b,outputs/PROJECT_decoder_gate_abutment_matrix/_pair_trials/PAIR__AND2_R180__WORDLINEDRIVER_R180__g0p0025_drc/PAIR__AND2_R180__WORDLINEDRIVER_R180__g0p0025.lyrdb
AND2,R180,WORDLINEDRIVER,R180,0.07,True,16,False,True,True,False,drc_marker_count=16,outputs/PROJECT_decoder_gate_abutment_matrix/_pair_trials/PAIR__AND2_R180__WORDLINEDRIVER_R180__g0p07.gds,85894b7b366024df2d4dddab322bc6fdf499678d470dc1d70ba6439d9a3c3b42,outputs/PROJECT_decoder_gate_abutment_matrix/_pair_trials/PAIR__AND2_R180__WORDLINEDRIVER_R180__g0p07_drc/PAIR__AND2_R180__WORDLINEDRIVER_R180__g0p07.lyrdb
AND2,R180,WORDLINEDRIVER,R180,0.14,True,0,False,True,False,True,,outputs/PROJECT_decoder_gate_abutment_matrix/_pair_trials/PAIR__AND2_R180__WORDLINEDRIVER_R180__g0p14.gds,a9b03ca94c4192aa72b03577b169e8fb19970806a501eefb49709db3c8dc1abe,outputs/PROJECT_decoder_gate_abutment_matrix/_pair_trials/PAIR__AND2_R180__WORDLINEDRIVER_R180__g0p14_drc/PAIR__AND2_R180__WORDLINEDRIVER_R180__g0p14.lyrdb
AND2,R180,WORDLINEDRIVER,MX,0.0,False,0,False,False,False,True,,outputs/PROJECT_decoder_gate_abutment_matrix/_pair_trials/PAIR__AND2_R180__WORDLINEDRIVER_MX__g0p0.gds,7522115fb565f86936b77bee3b41eb6a03c1b7884ed4e4a56d06612c69ff975a,outputs/PROJECT_decoder_gate_abutment_matrix/_pair_trials/PAIR__AND2_R180__WORDLINEDRIVER_MX__g0p0_drc/PAIR__AND2_R180__WORDLINEDRIVER_MX__g0p0.lyrdb
AND2,R180,WORDLINEDRIVER,MX,0.0025,False,0,False,False,False,True,,outputs/PROJECT_decoder_gate_abutment_matrix/_pair_trials/PAIR__AND2_R180__WORDLINEDRIVER_MX__g0p0025.gds,0b1d92df96fa0efa17c66b9f896624668ebbab39237decf3aaae3e72f3268aeb,outputs/PROJECT_decoder_gate_abutment_matrix/_pair_trials/PAIR__AND2_R180__WORDLINEDRIVER_MX__g0p0025_drc/PAIR__AND2_R180__WORDLINEDRIVER_MX__g0p0025.lyrdb
AND2,R180,WORDLINEDRIVER,MX,0.07,False,0,False,False,False,True,,outputs/PROJECT_decoder_gate_abutment_matrix/_pair_trials/PAIR__AND2_R180__WORDLINEDRIVER_MX__g0p07.gds,b4b3104ea48549cc05613098423975a147c42ab8dd78f40fc3bd08ea0c5cf922,outputs/PROJECT_decoder_gate_abutment_matrix/_pair_trials/PAIR__AND2_R180__WORDLINEDRIVER_MX__g0p07_drc/PAIR__AND2_R180__WORDLINEDRIVER_MX__g0p07.lyrdb
AND2,R180,WORDLINEDRIVER,MX,0.14,False,0,False,False,False,True,,outputs/PROJECT_decoder_gate_abutment_matrix/_pair_trials/PAIR__AND2_R180__WORDLINEDRIVER_MX__g0p14.gds,eb3b791a61fc7d0e94dd17ae80dbcf07d1b680172b60071423f07866c7aabf01,outputs/PROJECT_decoder_gate_abutment_matrix/_pair_trials/PAIR__AND2_R180__WORDLINEDRIVER_MX__g0p14_drc/PAIR__AND2_R180__WORDLINEDRIVER_MX__g0p14.lyrdb
AND2,R180,WORDLINEDRIVER,MY,0.0,True,0,False,True,False,True,,outputs/PROJECT_decoder_gate_abutment_matrix/_pair_trials/PAIR__AND2_R180__WORDLINEDRIVER_MY__g0p0.gds,124bf78d655fba6086494115b48bdb78b081ca148a911105d95a9c48f8b51d7e,outputs/PROJECT_decoder_gate_abutment_matrix/_pair_trials/PAIR__AND2_R180__WORDLINEDRIVER_MY__g0p0_drc/PAIR__AND2_R180__WORDLINEDRIVER_MY__g0p0.lyrdb
AND2,R180,WORDLINEDRIVER,MY,0.0025,True,0,False,True,False,True,,outputs/PROJECT_decoder_gate_abutment_matrix/_pair_trials/PAIR__AND2_R180__WORDLINEDRIVER_MY__g0p0025.gds,0b97184c138c06685040dce0be6c5d9f0a84093393f14a20c47629431a9ab1f4,outputs/PROJECT_decoder_gate_abutment_matrix/_pair_trials/PAIR__AND2_R180__WORDLINEDRIVER_MY__g0p0025_drc/PAIR__AND2_R180__WORDLINEDRIVER_MY__g0p0025.lyrdb
AND2,R180,WORDLINEDRIVER,MY,0.07,True,0,False,True,False,True,,outputs/PROJECT_decoder_gate_abutment_matrix/_pair_trials/PAIR__AND2_R180__WORDLINEDRIVER_MY__g0p07.gds,5a8de795a3d192cd521a1a5a0ec1098fdf0856671d83736e9837eb5d4a6378d4,outputs/PROJECT_decoder_gate_abutment_matrix/_pair_trials/PAIR__AND2_R180__WORDLINEDRIVER_MY__g0p07_drc/PAIR__AND2_R180__WORDLINEDRIVER_MY__g0p07.lyrdb
AND2,R180,WORDLINEDRIVER,MY,0.14,True,0,False,True,False,True,,outputs/PROJECT_decoder_gate_abutment_matrix/_pair_trials/PAIR__AND2_R180__WORDLINEDRIVER_MY__g0p14.gds,bcc063539eecdfe1dec5c7fb3b7c86a73a6c399fdbebbc1d5a1f5e68687b4436,outputs/PROJECT_decoder_gate_abutment_matrix/_pair_trials/PAIR__AND2_R180__WORDLINEDRIVER_MY__g0p14_drc/PAIR__AND2_R180__WORDLINEDRIVER_MY__g0p14.lyrdb
AND2,MX,PINV,R0,0.0,False,0,False,False,False,True,,outputs/PROJECT_decoder_gate_abutment_matrix/_pair_trials/PAIR__AND2_MX__PINV_R0__g0p0.gds,f7cdd91ac6dd09fd32b93665c4332489fd15b86f7b9bcad564fb4a8b145ed85e,outputs/PROJECT_decoder_gate_abutment_matrix/_pair_trials/PAIR__AND2_MX__PINV_R0__g0p0_drc/PAIR__AND2_MX__PINV_R0__g0p0.lyrdb
AND2,MX,PINV,R0,0.0025,False,1,False,False,True,False,drc_marker_count=1,outputs/PROJECT_decoder_gate_abutment_matrix/_pair_trials/PAIR__AND2_MX__PINV_R0__g0p0025.gds,03c026a78f05344fbb399956b1ba067bf08c43939b1c552f15be49dcccab7db3,outputs/PROJECT_decoder_gate_abutment_matrix/_pair_trials/PAIR__AND2_MX__PINV_R0__g0p0025_drc/PAIR__AND2_MX__PINV_R0__g0p0025.lyrdb
AND2,MX,PINV,R0,0.07,False,1,False,False,True,False,drc_marker_count=1,outputs/PROJECT_decoder_gate_abutment_matrix/_pair_trials/PAIR__AND2_MX__PINV_R0__g0p07.gds,e5bf78c4731f788d788adbbec9def18c056f23d0d47761179d6121ce977f427f,outputs/PROJECT_decoder_gate_abutment_matrix/_pair_trials/PAIR__AND2_MX__PINV_R0__g0p07_drc/PAIR__AND2_MX__PINV_R0__g0p07.lyrdb
AND2,MX,PINV,R0,0.14,False,1,False,False,True,False,drc_marker_count=1,outputs/PROJECT_decoder_gate_abutment_matrix/_pair_trials/PAIR__AND2_MX__PINV_R0__g0p14.gds,79a025750c3ef7cf4d2ab73a3bb4a8ac7b49c5993628f9d031c3c036aef11447,outputs/PROJECT_decoder_gate_abutment_matrix/_pair_trials/PAIR__AND2_MX__PINV_R0__g0p14_drc/PAIR__AND2_MX__PINV_R0__g0p14.lyrdb
AND2,MX,PINV,R180,0.0,False,59,False,False,True,False,drc_marker_count=59,outputs/PROJECT_decoder_gate_abutment_matrix/_pair_trials/PAIR__AND2_MX__PINV_R180__g0p0.gds,d567a8b37ed0789909dfbe066b23148e741dedf2e13d50ce649ce79b859346ef,outputs/PROJECT_decoder_gate_abutment_matrix/_pair_trials/PAIR__AND2_MX__PINV_R180__g0p0_drc/PAIR__AND2_MX__PINV_R180__g0p0.lyrdb
AND2,MX,PINV,R180,0.0025,False,61,False,False,True,False,drc_marker_count=61,outputs/PROJECT_decoder_gate_abutment_matrix/_pair_trials/PAIR__AND2_MX__PINV_R180__g0p0025.gds,8a887019442decf30be41d15283b578de969c8dd4a9be18f5b5cb9cc6586e91b,outputs/PROJECT_decoder_gate_abutment_matrix/_pair_trials/PAIR__AND2_MX__PINV_R180__g0p0025_drc/PAIR__AND2_MX__PINV_R180__g0p0025.lyrdb
AND2,MX,PINV,R180,0.07,False,43,False,False,True,False,drc_marker_count=43,outputs/PROJECT_decoder_gate_abutment_matrix/_pair_trials/PAIR__AND2_MX__PINV_R180__g0p07.gds,75533d4c03cecc48f1e55435bc087d435dbed9665974a06167b7a61f4d358cc0,outputs/PROJECT_decoder_gate_abutment_matrix/_pair_trials/PAIR__AND2_MX__PINV_R180__g0p07_drc/PAIR__AND2_MX__PINV_R180__g0p07.lyrdb
AND2,MX,PINV,R180,0.14,False,66,False,False,True,False,drc_marker_count=66,outputs/PROJECT_decoder_gate_abutment_matrix/_pair_trials/PAIR__AND2_MX__PINV_R180__g0p14.gds,4125345821351f6a2263f2f605026e3551d9bc6fa4abf3d74b44c6231c8a860d,outputs/PROJECT_decoder_gate_abutment_matrix/_pair_trials/PAIR__AND2_MX__PINV_R180__g0p14_drc/PAIR__AND2_MX__PINV_R180__g0p14.lyrdb
AND2,MX,PINV,MX,0.0,True,0,False,True,False,True,,outputs/PROJECT_decoder_gate_abutment_matrix/_pair_trials/PAIR__AND2_MX__PINV_MX__g0p0.gds,f66b149cb9ece008c1f6a7f0a799bd294668db082ceeb0e6657958d0ccc7d3e6,outputs/PROJECT_decoder_gate_abutment_matrix/_pair_trials/PAIR__AND2_MX__PINV_MX__g0p0_drc/PAIR__AND2_MX__PINV_MX__g0p0.lyrdb
AND2,MX,PINV,MX,0.0025,True,1,False,True,True,False,drc_marker_count=1,outputs/PROJECT_decoder_gate_abutment_matrix/_pair_trials/PAIR__AND2_MX__PINV_MX__g0p0025.gds,9f2be8a855d1dda8e633ff13690aa41c971d947c99acf8ba202269aace20e525,outputs/PROJECT_decoder_gate_abutment_matrix/_pair_trials/PAIR__AND2_MX__PINV_MX__g0p0025_drc/PAIR__AND2_MX__PINV_MX__g0p0025.lyrdb
AND2,MX,PINV,MX,0.07,True,1,False,True,True,False,drc_marker_count=1,outputs/PROJECT_decoder_gate_abutment_matrix/_pair_trials/PAIR__AND2_MX__PINV_MX__g0p07.gds,e721d416fc8eb166c6e32ef8f34381909eba76d909e0c9a8c76a50d26b918791,outputs/PROJECT_decoder_gate_abutment_matrix/_pair_trials/PAIR__AND2_MX__PINV_MX__g0p07_drc/PAIR__AND2_MX__PINV_MX__g0p07.lyrdb
AND2,MX,PINV,MX,0.14,True,1,False,True,True,False,drc_marker_count=1,outputs/PROJECT_decoder_gate_abutment_matrix/_pair_trials/PAIR__AND2_MX__PINV_MX__g0p14.gds,22f355616b9188fe6928174fe2b747ce8095ae3972c96d57e6d2818811d153ec,outputs/PROJECT_decoder_gate_abutment_matrix/_pair_trials/PAIR__AND2_MX__PINV_MX__g0p14_drc/PAIR__AND2_MX__PINV_MX__g0p14.lyrdb
AND2,MX,PINV,MY,0.0,False,0,False,False,False,True,,outputs/PROJECT_decoder_gate_abutment_matrix/_pair_trials/PAIR__AND2_MX__PINV_MY__g0p0.gds,add25164193c4bf3013a6507bcb13516a003358eecdd9a2a68d6f5d046262a27,outputs/PROJECT_decoder_gate_abutment_matrix/_pair_trials/PAIR__AND2_MX__PINV_MY__g0p0_drc/PAIR__AND2_MX__PINV_MY__g0p0.lyrdb
AND2,MX,PINV,MY,0.0025,False,0,False,False,False,True,,outputs/PROJECT_decoder_gate_abutment_matrix/_pair_trials/PAIR__AND2_MX__PINV_MY__g0p0025.gds,d07b1a9e692c91b9054cd69ca3c50f4d6c0e149335e87314856921a12f7911d9,outputs/PROJECT_decoder_gate_abutment_matrix/_pair_trials/PAIR__AND2_MX__PINV_MY__g0p0025_drc/PAIR__AND2_MX__PINV_MY__g0p0025.lyrdb
AND2,MX,PINV,MY,0.07,False,0,False,False,False,True,,outputs/PROJECT_decoder_gate_abutment_matrix/_pair_trials/PAIR__AND2_MX__PINV_MY__g0p07.gds,1ca7e6fb5d0ed7864d72f3d4aeda14820e65b989940bb130af1109f041867099,outputs/PROJECT_decoder_gate_abutment_matrix/_pair_trials/PAIR__AND2_MX__PINV_MY__g0p07_drc/PAIR__AND2_MX__PINV_MY__g0p07.lyrdb
AND2,MX,PINV,MY,0.14,False,0,False,False,False,True,,outputs/PROJECT_decoder_gate_abutment_matrix/_pair_trials/PAIR__AND2_MX__PINV_MY__g0p14.gds,bc97576df3896bc4e1b979ad576ff9aaf62187b0feab2acef577dd3b7349e3b6,outputs/PROJECT_decoder_gate_abutment_matrix/_pair_trials/PAIR__AND2_MX__PINV_MY__g0p14_drc/PAIR__AND2_MX__PINV_MY__g0p14.lyrdb
AND2,MX,PNAND2,R0,0.0,False,0,False,False,False,True,,outputs/PROJECT_decoder_gate_abutment_matrix/_pair_trials/PAIR__AND2_MX__PNAND2_R0__g0p0.gds,35640ab1637b81391a8c0b6ffee5137cb8b8b496950281f17cbeb2006faaa777,outputs/PROJECT_decoder_gate_abutment_matrix/_pair_trials/PAIR__AND2_MX__PNAND2_R0__g0p0_drc/PAIR__AND2_MX__PNAND2_R0__g0p0.lyrdb
AND2,MX,PNAND2,R0,0.0025,False,1,False,False,True,False,drc_marker_count=1,outputs/PROJECT_decoder_gate_abutment_matrix/_pair_trials/PAIR__AND2_MX__PNAND2_R0__g0p0025.gds,0427a64bfd2c393594add0e5ec14ec3853560334c252762365d9dc9010b224ef,outputs/PROJECT_decoder_gate_abutment_matrix/_pair_trials/PAIR__AND2_MX__PNAND2_R0__g0p0025_drc/PAIR__AND2_MX__PNAND2_R0__g0p0025.lyrdb
AND2,MX,PNAND2,R0,0.07,False,1,False,False,True,False,drc_marker_count=1,outputs/PROJECT_decoder_gate_abutment_matrix/_pair_trials/PAIR__AND2_MX__PNAND2_R0__g0p07.gds,79aa62e0234862a7d0ce5baad0a4f5130ef75b4f5e20341d15a4be2b48fd63b9,outputs/PROJECT_decoder_gate_abutment_matrix/_pair_trials/PAIR__AND2_MX__PNAND2_R0__g0p07_drc/PAIR__AND2_MX__PNAND2_R0__g0p07.lyrdb
AND2,MX,PNAND2,R0,0.14,False,1,False,False,True,False,drc_marker_count=1,outputs/PROJECT_decoder_gate_abutment_matrix/_pair_trials/PAIR__AND2_MX__PNAND2_R0__g0p14.gds,b23674d2b62e78c088a6b3feff02e2af3dc3c55c7767fa2588fdc3f24ba5a392,outputs/PROJECT_decoder_gate_abutment_matrix/_pair_trials/PAIR__AND2_MX__PNAND2_R0__g0p14_drc/PAIR__AND2_MX__PNAND2_R0__g0p14.lyrdb
AND2,MX,PNAND2,R180,0.0,False,71,False,False,True,False,drc_marker_count=71,outputs/PROJECT_decoder_gate_abutment_matrix/_pair_trials/PAIR__AND2_MX__PNAND2_R180__g0p0.gds,24e18337205a1f814b81fba80cc4287baf3da5a5967439cdcfbc23e0ed454364,outputs/PROJECT_decoder_gate_abutment_matrix/_pair_trials/PAIR__AND2_MX__PNAND2_R180__g0p0_drc/PAIR__AND2_MX__PNAND2_R180__g0p0.lyrdb
AND2,MX,PNAND2,R180,0.0025,False,68,False,False,True,False,drc_marker_count=68,outputs/PROJECT_decoder_gate_abutment_matrix/_pair_trials/PAIR__AND2_MX__PNAND2_R180__g0p0025.gds,a1d307a0df56beec8baeed93e76d8d6eefb86ca598ea15d21fe778f654a74357,outputs/PROJECT_decoder_gate_abutment_matrix/_pair_trials/PAIR__AND2_MX__PNAND2_R180__g0p0025_drc/PAIR__AND2_MX__PNAND2_R180__g0p0025.lyrdb
AND2,MX,PNAND2,R180,0.07,False,44,False,False,True,False,drc_marker_count=44,outputs/PROJECT_decoder_gate_abutment_matrix/_pair_trials/PAIR__AND2_MX__PNAND2_R180__g0p07.gds,3c513e613f597bc804b1377bde2433e2e6934608ae47005447e8f1f96ee3f726,outputs/PROJECT_decoder_gate_abutment_matrix/_pair_trials/PAIR__AND2_MX__PNAND2_R180__g0p07_drc/PAIR__AND2_MX__PNAND2_R180__g0p07.lyrdb
AND2,MX,PNAND2,R180,0.14,False,68,False,False,True,False,drc_marker_count=68,outputs/PROJECT_decoder_gate_abutment_matrix/_pair_trials/PAIR__AND2_MX__PNAND2_R180__g0p14.gds,1879419a5b60d7addcf0f04df8b11610c915d37b959816972ae9147d545269fa,outputs/PROJECT_decoder_gate_abutment_matrix/_pair_trials/PAIR__AND2_MX__PNAND2_R180__g0p14_drc/PAIR__AND2_MX__PNAND2_R180__g0p14.lyrdb
AND2,MX,PNAND2,MX,0.0,True,0,False,True,False,True,,outputs/PROJECT_decoder_gate_abutment_matrix/_pair_trials/PAIR__AND2_MX__PNAND2_MX__g0p0.gds,646e3727c5a36ecf97023246050b44625815b0a22e374d48606d98ac9c925920,outputs/PROJECT_decoder_gate_abutment_matrix/_pair_trials/PAIR__AND2_MX__PNAND2_MX__g0p0_drc/PAIR__AND2_MX__PNAND2_MX__g0p0.lyrdb
AND2,MX,PNAND2,MX,0.0025,True,1,False,True,True,False,drc_marker_count=1,outputs/PROJECT_decoder_gate_abutment_matrix/_pair_trials/PAIR__AND2_MX__PNAND2_MX__g0p0025.gds,741a310b0bf1e2868d1f52dfd1e29e41e50beb99b273927c916eafce59be2901,outputs/PROJECT_decoder_gate_abutment_matrix/_pair_trials/PAIR__AND2_MX__PNAND2_MX__g0p0025_drc/PAIR__AND2_MX__PNAND2_MX__g0p0025.lyrdb
AND2,MX,PNAND2,MX,0.07,True,1,False,True,True,False,drc_marker_count=1,outputs/PROJECT_decoder_gate_abutment_matrix/_pair_trials/PAIR__AND2_MX__PNAND2_MX__g0p07.gds,e7541e95a4edd9664841326b5b128d59c6f8b61f16fcc9d274719533904e25ef,outputs/PROJECT_decoder_gate_abutment_matrix/_pair_trials/PAIR__AND2_MX__PNAND2_MX__g0p07_drc/PAIR__AND2_MX__PNAND2_MX__g0p07.lyrdb
AND2,MX,PNAND2,MX,0.14,True,1,False,True,True,False,drc_marker_count=1,outputs/PROJECT_decoder_gate_abutment_matrix/_pair_trials/PAIR__AND2_MX__PNAND2_MX__g0p14.gds,3634815482ddbe7a149fb54b543235e1a1377fb1ba4794536986785e0d8228e1,outputs/PROJECT_decoder_gate_abutment_matrix/_pair_trials/PAIR__AND2_MX__PNAND2_MX__g0p14_drc/PAIR__AND2_MX__PNAND2_MX__g0p14.lyrdb
AND2,MX,PNAND2,MY,0.0,False,0,False,False,False,True,,outputs/PROJECT_decoder_gate_abutment_matrix/_pair_trials/PAIR__AND2_MX__PNAND2_MY__g0p0.gds,230c2610393466bb400dcb47d0906de3f0eec73bc9a062da75289d9398b71309,outputs/PROJECT_decoder_gate_abutment_matrix/_pair_trials/PAIR__AND2_MX__PNAND2_MY__g0p0_drc/PAIR__AND2_MX__PNAND2_MY__g0p0.lyrdb
AND2,MX,PNAND2,MY,0.0025,False,0,False,False,False,True,,outputs/PROJECT_decoder_gate_abutment_matrix/_pair_trials/PAIR__AND2_MX__PNAND2_MY__g0p0025.gds,0c9da49311316506e30570f05e7f87e4d4deca065f0653a76f83ef2c535d229a,outputs/PROJECT_decoder_gate_abutment_matrix/_pair_trials/PAIR__AND2_MX__PNAND2_MY__g0p0025_drc/PAIR__AND2_MX__PNAND2_MY__g0p0025.lyrdb
AND2,MX,PNAND2,MY,0.07,False,0,False,False,False,True,,outputs/PROJECT_decoder_gate_abutment_matrix/_pair_trials/PAIR__AND2_MX__PNAND2_MY__g0p07.gds,f47bcd8dc0ac03b2e5c702bfbd195ad7e5c6c44a2a252c5787c4745a3cfb2741,outputs/PROJECT_decoder_gate_abutment_matrix/_pair_trials/PAIR__AND2_MX__PNAND2_MY__g0p07_drc/PAIR__AND2_MX__PNAND2_MY__g0p07.lyrdb
AND2,MX,PNAND2,MY,0.14,False,0,False,False,False,True,,outputs/PROJECT_decoder_gate_abutment_matrix/_pair_trials/PAIR__AND2_MX__PNAND2_MY__g0p14.gds,0e66ef67de24852645d8f0d0acb7bbca6ba56927e2469f0ddbc6f5d8e2db8a28,outputs/PROJECT_decoder_gate_abutment_matrix/_pair_trials/PAIR__AND2_MX__PNAND2_MY__g0p14_drc/PAIR__AND2_MX__PNAND2_MY__g0p14.lyrdb
AND2,MX,PNAND3,R0,0.0,False,0,False,False,False,True,,outputs/PROJECT_decoder_gate_abutment_matrix/_pair_trials/PAIR__AND2_MX__PNAND3_R0__g0p0.gds,7f3d7a28af00323e1061ed0d11e876dd5b78582e2103c538ced5dbfc78e7bba7,outputs/PROJECT_decoder_gate_abutment_matrix/_pair_trials/PAIR__AND2_MX__PNAND3_R0__g0p0_drc/PAIR__AND2_MX__PNAND3_R0__g0p0.lyrdb
AND2,MX,PNAND3,R0,0.0025,False,1,False,False,True,False,drc_marker_count=1,outputs/PROJECT_decoder_gate_abutment_matrix/_pair_trials/PAIR__AND2_MX__PNAND3_R0__g0p0025.gds,f8b9942c16ca875f361faffc14448ddb481942886e2a29ada093a9c04593d6f1,outputs/PROJECT_decoder_gate_abutment_matrix/_pair_trials/PAIR__AND2_MX__PNAND3_R0__g0p0025_drc/PAIR__AND2_MX__PNAND3_R0__g0p0025.lyrdb
AND2,MX,PNAND3,R0,0.07,False,1,False,False,True,False,drc_marker_count=1,outputs/PROJECT_decoder_gate_abutment_matrix/_pair_trials/PAIR__AND2_MX__PNAND3_R0__g0p07.gds,4f5f4190aee26bb554f353f2b5ebb37390a406ad5798bff9c5a21b8c474e4c33,outputs/PROJECT_decoder_gate_abutment_matrix/_pair_trials/PAIR__AND2_MX__PNAND3_R0__g0p07_drc/PAIR__AND2_MX__PNAND3_R0__g0p07.lyrdb
AND2,MX,PNAND3,R0,0.14,False,1,False,False,True,False,drc_marker_count=1,outputs/PROJECT_decoder_gate_abutment_matrix/_pair_trials/PAIR__AND2_MX__PNAND3_R0__g0p14.gds,b6d20e9b4061f0ca49103a3d728f2c25de8b27230dea8c2505bde1300da93aa2,outputs/PROJECT_decoder_gate_abutment_matrix/_pair_trials/PAIR__AND2_MX__PNAND3_R0__g0p14_drc/PAIR__AND2_MX__PNAND3_R0__g0p14.lyrdb
AND2,MX,PNAND3,R180,0.0,False,79,False,False,True,False,drc_marker_count=79,outputs/PROJECT_decoder_gate_abutment_matrix/_pair_trials/PAIR__AND2_MX__PNAND3_R180__g0p0.gds,ffac73c39b6cfe3e25155d471851825a953f578ffea3df51e1d7b9f9b200d58d,outputs/PROJECT_decoder_gate_abutment_matrix/_pair_trials/PAIR__AND2_MX__PNAND3_R180__g0p0_drc/PAIR__AND2_MX__PNAND3_R180__g0p0.lyrdb
AND2,MX,PNAND3,R180,0.0025,False,75,False,False,True,False,drc_marker_count=75,outputs/PROJECT_decoder_gate_abutment_matrix/_pair_trials/PAIR__AND2_MX__PNAND3_R180__g0p0025.gds,b90e4d8c59a31b525af97a39e72a8bf24b7aba2e7132a4d3fa032973f8c2290b,outputs/PROJECT_decoder_gate_abutment_matrix/_pair_trials/PAIR__AND2_MX__PNAND3_R180__g0p0025_drc/PAIR__AND2_MX__PNAND3_R180__g0p0025.lyrdb
AND2,MX,PNAND3,R180,0.07,False,59,False,False,True,False,drc_marker_count=59,outputs/PROJECT_decoder_gate_abutment_matrix/_pair_trials/PAIR__AND2_MX__PNAND3_R180__g0p07.gds,0ad587980710d4981778a9137d1e212a6a83fa7b911ce936b0278b75f523189b,outputs/PROJECT_decoder_gate_abutment_matrix/_pair_trials/PAIR__AND2_MX__PNAND3_R180__g0p07_drc/PAIR__AND2_MX__PNAND3_R180__g0p07.lyrdb
AND2,MX,PNAND3,R180,0.14,False,54,False,False,True,False,drc_marker_count=54,outputs/PROJECT_decoder_gate_abutment_matrix/_pair_trials/PAIR__AND2_MX__PNAND3_R180__g0p14.gds,c9c49f270e0cdbf71d3875a4606c4c955695c73baf311bc24eec352d04ce3c28,outputs/PROJECT_decoder_gate_abutment_matrix/_pair_trials/PAIR__AND2_MX__PNAND3_R180__g0p14_drc/PAIR__AND2_MX__PNAND3_R180__g0p14.lyrdb
AND2,MX,PNAND3,MX,0.0,True,0,False,True,False,True,,outputs/PROJECT_decoder_gate_abutment_matrix/_pair_trials/PAIR__AND2_MX__PNAND3_MX__g0p0.gds,47618d3a6b84b4afc7307eecf8beb8bcf48f75d149c59f4b05a7e9e037ae123a,outputs/PROJECT_decoder_gate_abutment_matrix/_pair_trials/PAIR__AND2_MX__PNAND3_MX__g0p0_drc/PAIR__AND2_MX__PNAND3_MX__g0p0.lyrdb
AND2,MX,PNAND3,MX,0.0025,True,1,False,True,True,False,drc_marker_count=1,outputs/PROJECT_decoder_gate_abutment_matrix/_pair_trials/PAIR__AND2_MX__PNAND3_MX__g0p0025.gds,c6d3ba47c26004c52fff45ca23caf24b8d0ef119bcb7ef4e1a1ea9ed0a8b0c13,outputs/PROJECT_decoder_gate_abutment_matrix/_pair_trials/PAIR__AND2_MX__PNAND3_MX__g0p0025_drc/PAIR__AND2_MX__PNAND3_MX__g0p0025.lyrdb
AND2,MX,PNAND3,MX,0.07,True,1,False,True,True,False,drc_marker_count=1,outputs/PROJECT_decoder_gate_abutment_matrix/_pair_trials/PAIR__AND2_MX__PNAND3_MX__g0p07.gds,c61a1e56866bc3a149c0c2d1cc45ac2ad79007d9b3d397b7637af494e9277089,outputs/PROJECT_decoder_gate_abutment_matrix/_pair_trials/PAIR__AND2_MX__PNAND3_MX__g0p07_drc/PAIR__AND2_MX__PNAND3_MX__g0p07.lyrdb
AND2,MX,PNAND3,MX,0.14,True,1,False,True,True,False,drc_marker_count=1,outputs/PROJECT_decoder_gate_abutment_matrix/_pair_trials/PAIR__AND2_MX__PNAND3_MX__g0p14.gds,c25088caf71e8eec522edd18ca1a34ba075c9b9f4c8e406969677b2ef7683f31,outputs/PROJECT_decoder_gate_abutment_matrix/_pair_trials/PAIR__AND2_MX__PNAND3_MX__g0p14_drc/PAIR__AND2_MX__PNAND3_MX__g0p14.lyrdb
AND2,MX,PNAND3,MY,0.0,False,0,False,False,False,True,,outputs/PROJECT_decoder_gate_abutment_matrix/_pair_trials/PAIR__AND2_MX__PNAND3_MY__g0p0.gds,484289b221ee4ca9802c6188f100c956ec2061c94a442a659acd55d7cf9a9e28,outputs/PROJECT_decoder_gate_abutment_matrix/_pair_trials/PAIR__AND2_MX__PNAND3_MY__g0p0_drc/PAIR__AND2_MX__PNAND3_MY__g0p0.lyrdb
AND2,MX,PNAND3,MY,0.0025,False,0,False,False,False,True,,outputs/PROJECT_decoder_gate_abutment_matrix/_pair_trials/PAIR__AND2_MX__PNAND3_MY__g0p0025.gds,fe4bb2965f1100195908585c80d881ae78e9bd13ca358526bca7a121636c6303,outputs/PROJECT_decoder_gate_abutment_matrix/_pair_trials/PAIR__AND2_MX__PNAND3_MY__g0p0025_drc/PAIR__AND2_MX__PNAND3_MY__g0p0025.lyrdb
AND2,MX,PNAND3,MY,0.07,False,0,False,False,False,True,,outputs/PROJECT_decoder_gate_abutment_matrix/_pair_trials/PAIR__AND2_MX__PNAND3_MY__g0p07.gds,bc9b00d55a1541aa2e991aa20c97bfba35c831e3799c1fa9918873a3017e12ab,outputs/PROJECT_decoder_gate_abutment_matrix/_pair_trials/PAIR__AND2_MX__PNAND3_MY__g0p07_drc/PAIR__AND2_MX__PNAND3_MY__g0p07.lyrdb
AND2,MX,PNAND3,MY,0.14,False,0,False,False,False,True,,outputs/PROJECT_decoder_gate_abutment_matrix/_pair_trials/PAIR__AND2_MX__PNAND3_MY__g0p14.gds,eb5e482cc53c0b0f6587f79dfc2e8ea5afdf16e7cb39ff2d6316e406daefd502,outputs/PROJECT_decoder_gate_abutment_matrix/_pair_trials/PAIR__AND2_MX__PNAND3_MY__g0p14_drc/PAIR__AND2_MX__PNAND3_MY__g0p14.lyrdb
AND2,MX,AND2,R0,0.0,False,0,False,False,False,True,,outputs/PROJECT_decoder_gate_abutment_matrix/_pair_trials/PAIR__AND2_MX__AND2_R0__g0p0.gds,bdd87966efbf2164e6b6263dab26623b07cf9d81520bce7c0ead032c4c7fd12f,outputs/PROJECT_decoder_gate_abutment_matrix/_pair_trials/PAIR__AND2_MX__AND2_R0__g0p0_drc/PAIR__AND2_MX__AND2_R0__g0p0.lyrdb
AND2,MX,AND2,R0,0.0025,False,1,False,False,True,False,drc_marker_count=1,outputs/PROJECT_decoder_gate_abutment_matrix/_pair_trials/PAIR__AND2_MX__AND2_R0__g0p0025.gds,6450a59270eafc88de25b0e5188682023676f57265e9638374b2d4cf9cfd473e,outputs/PROJECT_decoder_gate_abutment_matrix/_pair_trials/PAIR__AND2_MX__AND2_R0__g0p0025_drc/PAIR__AND2_MX__AND2_R0__g0p0025.lyrdb
AND2,MX,AND2,R0,0.07,False,1,False,False,True,False,drc_marker_count=1,outputs/PROJECT_decoder_gate_abutment_matrix/_pair_trials/PAIR__AND2_MX__AND2_R0__g0p07.gds,c1aa60c408671dfa522761663c56277c242df4f3bd16765fd16e3a90ddf4a85c,outputs/PROJECT_decoder_gate_abutment_matrix/_pair_trials/PAIR__AND2_MX__AND2_R0__g0p07_drc/PAIR__AND2_MX__AND2_R0__g0p07.lyrdb
AND2,MX,AND2,R0,0.14,False,1,False,False,True,False,drc_marker_count=1,outputs/PROJECT_decoder_gate_abutment_matrix/_pair_trials/PAIR__AND2_MX__AND2_R0__g0p14.gds,f6b556c34246b55b750aa2a9855be051ff3ac74462a4847e0987b1bea11a18a2,outputs/PROJECT_decoder_gate_abutment_matrix/_pair_trials/PAIR__AND2_MX__AND2_R0__g0p14_drc/PAIR__AND2_MX__AND2_R0__g0p14.lyrdb
AND2,MX,AND2,R180,0.0,False,40,False,False,True,False,drc_marker_count=40,outputs/PROJECT_decoder_gate_abutment_matrix/_pair_trials/PAIR__AND2_MX__AND2_R180__g0p0.gds,80b51a1e843f2932b1ec805b790b040b3f4d32f40a3aaad0729760ea036064a6,outputs/PROJECT_decoder_gate_abutment_matrix/_pair_trials/PAIR__AND2_MX__AND2_R180__g0p0_drc/PAIR__AND2_MX__AND2_R180__g0p0.lyrdb
AND2,MX,AND2,R180,0.0025,False,34,False,False,True,False,drc_marker_count=34,outputs/PROJECT_decoder_gate_abutment_matrix/_pair_trials/PAIR__AND2_MX__AND2_R180__g0p0025.gds,20e427edbc29d83dd11526ad573c17cd6eff4dde7ae3806aeac58f0414aa39e8,outputs/PROJECT_decoder_gate_abutment_matrix/_pair_trials/PAIR__AND2_MX__AND2_R180__g0p0025_drc/PAIR__AND2_MX__AND2_R180__g0p0025.lyrdb
AND2,MX,AND2,R180,0.07,False,88,False,False,True,False,drc_marker_count=88,outputs/PROJECT_decoder_gate_abutment_matrix/_pair_trials/PAIR__AND2_MX__AND2_R180__g0p07.gds,63e3fffc1dbc0a6e81db8dfde9c016083df61541531bb369d9371348d0a0fbce,outputs/PROJECT_decoder_gate_abutment_matrix/_pair_trials/PAIR__AND2_MX__AND2_R180__g0p07_drc/PAIR__AND2_MX__AND2_R180__g0p07.lyrdb
AND2,MX,AND2,R180,0.14,False,37,False,False,True,False,drc_marker_count=37,outputs/PROJECT_decoder_gate_abutment_matrix/_pair_trials/PAIR__AND2_MX__AND2_R180__g0p14.gds,bbadf727f6f375a6f597209b6a6248674ca195e2272cdf28858fe8925844a4d0,outputs/PROJECT_decoder_gate_abutment_matrix/_pair_trials/PAIR__AND2_MX__AND2_R180__g0p14_drc/PAIR__AND2_MX__AND2_R180__g0p14.lyrdb
AND2,MX,AND2,MX,0.0,True,0,False,True,False,True,,outputs/PROJECT_decoder_gate_abutment_matrix/_pair_trials/PAIR__AND2_MX__AND2_MX__g0p0.gds,1554360bb6d8c1eccf5357ec0d6ef4ee00def60ab21922e37669ea6e197aa70d,outputs/PROJECT_decoder_gate_abutment_matrix/_pair_trials/PAIR__AND2_MX__AND2_MX__g0p0_drc/PAIR__AND2_MX__AND2_MX__g0p0.lyrdb
AND2,MX,AND2,MX,0.0025,True,1,False,True,True,False,drc_marker_count=1,outputs/PROJECT_decoder_gate_abutment_matrix/_pair_trials/PAIR__AND2_MX__AND2_MX__g0p0025.gds,42b18b97ea0fe80df08f8120db805e1d7c6d8b727aa3ac6e1de08098717e1265,outputs/PROJECT_decoder_gate_abutment_matrix/_pair_trials/PAIR__AND2_MX__AND2_MX__g0p0025_drc/PAIR__AND2_MX__AND2_MX__g0p0025.lyrdb
AND2,MX,AND2,MX,0.07,True,1,False,True,True,False,drc_marker_count=1,outputs/PROJECT_decoder_gate_abutment_matrix/_pair_trials/PAIR__AND2_MX__AND2_MX__g0p07.gds,f1fbe0225604ed2909b9fb9fe564f73170b1eb8efd554b90979a9489a769eab1,outputs/PROJECT_decoder_gate_abutment_matrix/_pair_trials/PAIR__AND2_MX__AND2_MX__g0p07_drc/PAIR__AND2_MX__AND2_MX__g0p07.lyrdb
AND2,MX,AND2,MX,0.14,True,1,False,True,True,False,drc_marker_count=1,outputs/PROJECT_decoder_gate_abutment_matrix/_pair_trials/PAIR__AND2_MX__AND2_MX__g0p14.gds,9459622954c09e0e30546cf93708dc1368e813f4d037935b7a4ebb9a646b4f0b,outputs/PROJECT_decoder_gate_abutment_matrix/_pair_trials/PAIR__AND2_MX__AND2_MX__g0p14_drc/PAIR__AND2_MX__AND2_MX__g0p14.lyrdb
AND2,MX,AND2,MY,0.0,False,0,False,False,False,True,,outputs/PROJECT_decoder_gate_abutment_matrix/_pair_trials/PAIR__AND2_MX__AND2_MY__g0p0.gds,f23d5f80948f7574dbe5ca467beaa17ee808a0f55578e521272136abb20efe3b,outputs/PROJECT_decoder_gate_abutment_matrix/_pair_trials/PAIR__AND2_MX__AND2_MY__g0p0_drc/PAIR__AND2_MX__AND2_MY__g0p0.lyrdb
AND2,MX,AND2,MY,0.0025,False,0,False,False,False,True,,outputs/PROJECT_decoder_gate_abutment_matrix/_pair_trials/PAIR__AND2_MX__AND2_MY__g0p0025.gds,f3ad0003c8a735d179304270bd207eec9c540e90f0575b212c7ee651152355d5,outputs/PROJECT_decoder_gate_abutment_matrix/_pair_trials/PAIR__AND2_MX__AND2_MY__g0p0025_drc/PAIR__AND2_MX__AND2_MY__g0p0025.lyrdb
AND2,MX,AND2,MY,0.07,False,0,False,False,False,True,,outputs/PROJECT_decoder_gate_abutment_matrix/_pair_trials/PAIR__AND2_MX__AND2_MY__g0p07.gds,19d9a9c5c8357c39e549cfa47423c40073117f2328a3a5f1e0dff0ebc497ad63,outputs/PROJECT_decoder_gate_abutment_matrix/_pair_trials/PAIR__AND2_MX__AND2_MY__g0p07_drc/PAIR__AND2_MX__AND2_MY__g0p07.lyrdb
AND2,MX,AND2,MY,0.14,False,0,False,False,False,True,,outputs/PROJECT_decoder_gate_abutment_matrix/_pair_trials/PAIR__AND2_MX__AND2_MY__g0p14.gds,f62f4d2d8d6c14d517c4655ea30133a3c09cc05c858f74f5b20c4c0dd9175cb7,outputs/PROJECT_decoder_gate_abutment_matrix/_pair_trials/PAIR__AND2_MX__AND2_MY__g0p14_drc/PAIR__AND2_MX__AND2_MY__g0p14.lyrdb
AND2,MX,AND3,R0,0.0,False,0,False,False,False,True,,outputs/PROJECT_decoder_gate_abutment_matrix/_pair_trials/PAIR__AND2_MX__AND3_R0__g0p0.gds,d6a081dbdf5be8bb5a93e2c91d33d271ce7119b10e9493cafe7b2999bf8dd275,outputs/PROJECT_decoder_gate_abutment_matrix/_pair_trials/PAIR__AND2_MX__AND3_R0__g0p0_drc/PAIR__AND2_MX__AND3_R0__g0p0.lyrdb
AND2,MX,AND3,R0,0.0025,False,1,False,False,True,False,drc_marker_count=1,outputs/PROJECT_decoder_gate_abutment_matrix/_pair_trials/PAIR__AND2_MX__AND3_R0__g0p0025.gds,a993b07722f6212376c8218d62b9edaedf16d430044349cf3900d47bfd88dc35,outputs/PROJECT_decoder_gate_abutment_matrix/_pair_trials/PAIR__AND2_MX__AND3_R0__g0p0025_drc/PAIR__AND2_MX__AND3_R0__g0p0025.lyrdb
AND2,MX,AND3,R0,0.07,False,1,False,False,True,False,drc_marker_count=1,outputs/PROJECT_decoder_gate_abutment_matrix/_pair_trials/PAIR__AND2_MX__AND3_R0__g0p07.gds,e69f68c8b98f041fe7a292d900afce457eb31db68b6e1b8e92607ee8625db922,outputs/PROJECT_decoder_gate_abutment_matrix/_pair_trials/PAIR__AND2_MX__AND3_R0__g0p07_drc/PAIR__AND2_MX__AND3_R0__g0p07.lyrdb
AND2,MX,AND3,R0,0.14,False,1,False,False,True,False,drc_marker_count=1,outputs/PROJECT_decoder_gate_abutment_matrix/_pair_trials/PAIR__AND2_MX__AND3_R0__g0p14.gds,adaea573953e6089127cd03573f87542d47ba93d4adefe9822c5e166a32e1281,outputs/PROJECT_decoder_gate_abutment_matrix/_pair_trials/PAIR__AND2_MX__AND3_R0__g0p14_drc/PAIR__AND2_MX__AND3_R0__g0p14.lyrdb
AND2,MX,AND3,R180,0.0,False,114,False,False,True,False,drc_marker_count=114,outputs/PROJECT_decoder_gate_abutment_matrix/_pair_trials/PAIR__AND2_MX__AND3_R180__g0p0.gds,6a218bcce9905d51bc9b22284515305666259431b8260f5e737479da0c26511a,outputs/PROJECT_decoder_gate_abutment_matrix/_pair_trials/PAIR__AND2_MX__AND3_R180__g0p0_drc/PAIR__AND2_MX__AND3_R180__g0p0.lyrdb
AND2,MX,AND3,R180,0.0025,False,114,False,False,True,False,drc_marker_count=114,outputs/PROJECT_decoder_gate_abutment_matrix/_pair_trials/PAIR__AND2_MX__AND3_R180__g0p0025.gds,6fbb8455177f0fcfad3335ad3a5c4ac022437999512361fb27dc9e536b9b5294,outputs/PROJECT_decoder_gate_abutment_matrix/_pair_trials/PAIR__AND2_MX__AND3_R180__g0p0025_drc/PAIR__AND2_MX__AND3_R180__g0p0025.lyrdb
AND2,MX,AND3,R180,0.07,False,92,False,False,True,False,drc_marker_count=92,outputs/PROJECT_decoder_gate_abutment_matrix/_pair_trials/PAIR__AND2_MX__AND3_R180__g0p07.gds,4843f9b825620c088e8b621135271fbb3b5697a7e540b75e55d92f8eb3bb545b,outputs/PROJECT_decoder_gate_abutment_matrix/_pair_trials/PAIR__AND2_MX__AND3_R180__g0p07_drc/PAIR__AND2_MX__AND3_R180__g0p07.lyrdb
AND2,MX,AND3,R180,0.14,False,65,False,False,True,False,drc_marker_count=65,outputs/PROJECT_decoder_gate_abutment_matrix/_pair_trials/PAIR__AND2_MX__AND3_R180__g0p14.gds,668326aabe6fe6890ef1943dacd76252ddae4d6179dbc58a3d15403bdfd4f2fb,outputs/PROJECT_decoder_gate_abutment_matrix/_pair_trials/PAIR__AND2_MX__AND3_R180__g0p14_drc/PAIR__AND2_MX__AND3_R180__g0p14.lyrdb
AND2,MX,AND3,MX,0.0,True,0,False,True,False,True,,outputs/PROJECT_decoder_gate_abutment_matrix/_pair_trials/PAIR__AND2_MX__AND3_MX__g0p0.gds,500cfde38286d1004d868c46f7371e7068690c4c1f0f933c8eb4969bb893a63d,outputs/PROJECT_decoder_gate_abutment_matrix/_pair_trials/PAIR__AND2_MX__AND3_MX__g0p0_drc/PAIR__AND2_MX__AND3_MX__g0p0.lyrdb
AND2,MX,AND3,MX,0.0025,True,1,False,True,True,False,drc_marker_count=1,outputs/PROJECT_decoder_gate_abutment_matrix/_pair_trials/PAIR__AND2_MX__AND3_MX__g0p0025.gds,e0498c0e3092788fd9cd42d1ff4cdb928e1b7d57c7390223dfa2b8cb23221123,outputs/PROJECT_decoder_gate_abutment_matrix/_pair_trials/PAIR__AND2_MX__AND3_MX__g0p0025_drc/PAIR__AND2_MX__AND3_MX__g0p0025.lyrdb
AND2,MX,AND3,MX,0.07,True,1,False,True,True,False,drc_marker_count=1,outputs/PROJECT_decoder_gate_abutment_matrix/_pair_trials/PAIR__AND2_MX__AND3_MX__g0p07.gds,359b15266b10a373046c0a45f6bffce9c83f8a7914b5626eaa53e7ea1b04f40c,outputs/PROJECT_decoder_gate_abutment_matrix/_pair_trials/PAIR__AND2_MX__AND3_MX__g0p07_drc/PAIR__AND2_MX__AND3_MX__g0p07.lyrdb
AND2,MX,AND3,MX,0.14,True,1,False,True,True,False,drc_marker_count=1,outputs/PROJECT_decoder_gate_abutment_matrix/_pair_trials/PAIR__AND2_MX__AND3_MX__g0p14.gds,2a20befd632a9bdaca4d08ce060470a830abefa164b39bf6321b775c97a8fd0d,outputs/PROJECT_decoder_gate_abutment_matrix/_pair_trials/PAIR__AND2_MX__AND3_MX__g0p14_drc/PAIR__AND2_MX__AND3_MX__g0p14.lyrdb
AND2,MX,AND3,MY,0.0,False,0,False,False,False,True,,outputs/PROJECT_decoder_gate_abutment_matrix/_pair_trials/PAIR__AND2_MX__AND3_MY__g0p0.gds,3aea55426fa6a7c6ddd8c4867c8865bfb2be97dcf50e5f3340127e282c42b7bc,outputs/PROJECT_decoder_gate_abutment_matrix/_pair_trials/PAIR__AND2_MX__AND3_MY__g0p0_drc/PAIR__AND2_MX__AND3_MY__g0p0.lyrdb
AND2,MX,AND3,MY,0.0025,False,0,False,False,False,True,,outputs/PROJECT_decoder_gate_abutment_matrix/_pair_trials/PAIR__AND2_MX__AND3_MY__g0p0025.gds,aa01494e534af165ea70ee5d88fa705d4b893b2e87b4793485a3515621c6721e,outputs/PROJECT_decoder_gate_abutment_matrix/_pair_trials/PAIR__AND2_MX__AND3_MY__g0p0025_drc/PAIR__AND2_MX__AND3_MY__g0p0025.lyrdb
AND2,MX,AND3,MY,0.07,False,0,False,False,False,True,,outputs/PROJECT_decoder_gate_abutment_matrix/_pair_trials/PAIR__AND2_MX__AND3_MY__g0p07.gds,1cb55ef3edc92ff3660037e10b9ddcbf8a2b6cd5fe47fba6243a86f2452f9154,outputs/PROJECT_decoder_gate_abutment_matrix/_pair_trials/PAIR__AND2_MX__AND3_MY__g0p07_drc/PAIR__AND2_MX__AND3_MY__g0p07.lyrdb
AND2,MX,AND3,MY,0.14,False,0,False,False,False,True,,outputs/PROJECT_decoder_gate_abutment_matrix/_pair_trials/PAIR__AND2_MX__AND3_MY__g0p14.gds,d4da0b1bca331629dcae3a0c59f53e6c1ae9cb85ffbac6589bb96b53165425dc,outputs/PROJECT_decoder_gate_abutment_matrix/_pair_trials/PAIR__AND2_MX__AND3_MY__g0p14_drc/PAIR__AND2_MX__AND3_MY__g0p14.lyrdb
AND2,MX,WORDLINEDRIVER,R0,0.0,False,0,False,False,False,True,,outputs/PROJECT_decoder_gate_abutment_matrix/_pair_trials/PAIR__AND2_MX__WORDLINEDRIVER_R0__g0p0.gds,cd461aad88ea013794433472e7f077388bb86d17a4a5eb03e1aef518d2396c8e,outputs/PROJECT_decoder_gate_abutment_matrix/_pair_trials/PAIR__AND2_MX__WORDLINEDRIVER_R0__g0p0_drc/PAIR__AND2_MX__WORDLINEDRIVER_R0__g0p0.lyrdb
AND2,MX,WORDLINEDRIVER,R0,0.0025,False,1,False,False,True,False,drc_marker_count=1,outputs/PROJECT_decoder_gate_abutment_matrix/_pair_trials/PAIR__AND2_MX__WORDLINEDRIVER_R0__g0p0025.gds,e8483510d8bc08b7a56be3cd807477d1383c13e6aa33a90eb4460e4cb5762723,outputs/PROJECT_decoder_gate_abutment_matrix/_pair_trials/PAIR__AND2_MX__WORDLINEDRIVER_R0__g0p0025_drc/PAIR__AND2_MX__WORDLINEDRIVER_R0__g0p0025.lyrdb
AND2,MX,WORDLINEDRIVER,R0,0.07,False,1,False,False,True,False,drc_marker_count=1,outputs/PROJECT_decoder_gate_abutment_matrix/_pair_trials/PAIR__AND2_MX__WORDLINEDRIVER_R0__g0p07.gds,2cc7c2b44043619b2584dc442ec1715b4bff99a700c069519e8887c83f3460c5,outputs/PROJECT_decoder_gate_abutment_matrix/_pair_trials/PAIR__AND2_MX__WORDLINEDRIVER_R0__g0p07_drc/PAIR__AND2_MX__WORDLINEDRIVER_R0__g0p07.lyrdb
AND2,MX,WORDLINEDRIVER,R0,0.14,False,1,False,False,True,False,drc_marker_count=1,outputs/PROJECT_decoder_gate_abutment_matrix/_pair_trials/PAIR__AND2_MX__WORDLINEDRIVER_R0__g0p14.gds,4567e1e5c6a0e3ef170b4fb7647bb788238e67aed2f3d62cb3c6cca7b8cfb524,outputs/PROJECT_decoder_gate_abutment_matrix/_pair_trials/PAIR__AND2_MX__WORDLINEDRIVER_R0__g0p14_drc/PAIR__AND2_MX__WORDLINEDRIVER_R0__g0p14.lyrdb
AND2,MX,WORDLINEDRIVER,R180,0.0,False,66,False,False,True,False,drc_marker_count=66,outputs/PROJECT_decoder_gate_abutment_matrix/_pair_trials/PAIR__AND2_MX__WORDLINEDRIVER_R180__g0p0.gds,12e4580485822071f33bf11a37f73f06813327a82dba01aab3a3af64043765f6,outputs/PROJECT_decoder_gate_abutment_matrix/_pair_trials/PAIR__AND2_MX__WORDLINEDRIVER_R180__g0p0_drc/PAIR__AND2_MX__WORDLINEDRIVER_R180__g0p0.lyrdb
AND2,MX,WORDLINEDRIVER,R180,0.0025,False,67,False,False,True,False,drc_marker_count=67,outputs/PROJECT_decoder_gate_abutment_matrix/_pair_trials/PAIR__AND2_MX__WORDLINEDRIVER_R180__g0p0025.gds,386efed3c43f21523f0a3a86705695f695c72dd3e96e624253f588088ffe7fea,outputs/PROJECT_decoder_gate_abutment_matrix/_pair_trials/PAIR__AND2_MX__WORDLINEDRIVER_R180__g0p0025_drc/PAIR__AND2_MX__WORDLINEDRIVER_R180__g0p0025.lyrdb
AND2,MX,WORDLINEDRIVER,R180,0.07,False,105,False,False,True,False,drc_marker_count=105,outputs/PROJECT_decoder_gate_abutment_matrix/_pair_trials/PAIR__AND2_MX__WORDLINEDRIVER_R180__g0p07.gds,4db7f93c862e5cdd23b5df6b73db2adbadd6d37c8d8a5a5d479dcfb5a2bf6ff2,outputs/PROJECT_decoder_gate_abutment_matrix/_pair_trials/PAIR__AND2_MX__WORDLINEDRIVER_R180__g0p07_drc/PAIR__AND2_MX__WORDLINEDRIVER_R180__g0p07.lyrdb
AND2,MX,WORDLINEDRIVER,R180,0.14,False,51,False,False,True,False,drc_marker_count=51,outputs/PROJECT_decoder_gate_abutment_matrix/_pair_trials/PAIR__AND2_MX__WORDLINEDRIVER_R180__g0p14.gds,cee91fd6faecf6361cee96f02753d5aba76466bdbfefb972a16b1c49a02b3455,outputs/PROJECT_decoder_gate_abutment_matrix/_pair_trials/PAIR__AND2_MX__WORDLINEDRIVER_R180__g0p14_drc/PAIR__AND2_MX__WORDLINEDRIVER_R180__g0p14.lyrdb
AND2,MX,WORDLINEDRIVER,MX,0.0,True,0,False,True,False,True,,outputs/PROJECT_decoder_gate_abutment_matrix/_pair_trials/PAIR__AND2_MX__WORDLINEDRIVER_MX__g0p0.gds,8e171cb6f85ad2789a3de01c63dcee1ad0d9195d241fe1afb1e67fa94d47c736,outputs/PROJECT_decoder_gate_abutment_matrix/_pair_trials/PAIR__AND2_MX__WORDLINEDRIVER_MX__g0p0_drc/PAIR__AND2_MX__WORDLINEDRIVER_MX__g0p0.lyrdb
AND2,MX,WORDLINEDRIVER,MX,0.0025,True,1,False,True,True,False,drc_marker_count=1,outputs/PROJECT_decoder_gate_abutment_matrix/_pair_trials/PAIR__AND2_MX__WORDLINEDRIVER_MX__g0p0025.gds,34c9a33acd97e4283f4d6942cffead3b4903b08780a7845a592ccbc7de1cc4cf,outputs/PROJECT_decoder_gate_abutment_matrix/_pair_trials/PAIR__AND2_MX__WORDLINEDRIVER_MX__g0p0025_drc/PAIR__AND2_MX__WORDLINEDRIVER_MX__g0p0025.lyrdb
AND2,MX,WORDLINEDRIVER,MX,0.07,True,1,False,True,True,False,drc_marker_count=1,outputs/PROJECT_decoder_gate_abutment_matrix/_pair_trials/PAIR__AND2_MX__WORDLINEDRIVER_MX__g0p07.gds,2179f6ee967a471be1e1693b83aca66a992236702092ab570468c48b353e639f,outputs/PROJECT_decoder_gate_abutment_matrix/_pair_trials/PAIR__AND2_MX__WORDLINEDRIVER_MX__g0p07_drc/PAIR__AND2_MX__WORDLINEDRIVER_MX__g0p07.lyrdb
AND2,MX,WORDLINEDRIVER,MX,0.14,True,1,False,True,True,False,drc_marker_count=1,outputs/PROJECT_decoder_gate_abutment_matrix/_pair_trials/PAIR__AND2_MX__WORDLINEDRIVER_MX__g0p14.gds,89edf2f3e6abc1cb083e8b35de047d5abc923b0183e92eaff253bc165a652cc7,outputs/PROJECT_decoder_gate_abutment_matrix/_pair_trials/PAIR__AND2_MX__WORDLINEDRIVER_MX__g0p14_drc/PAIR__AND2_MX__WORDLINEDRIVER_MX__g0p14.lyrdb
AND2,MX,WORDLINEDRIVER,MY,0.0,False,0,False,False,False,True,,outputs/PROJECT_decoder_gate_abutment_matrix/_pair_trials/PAIR__AND2_MX__WORDLINEDRIVER_MY__g0p0.gds,93a9e3e9db0407be0513974b2d31b49c7ec097e2dcb2e36e7112545d8b95fa7a,outputs/PROJECT_decoder_gate_abutment_matrix/_pair_trials/PAIR__AND2_MX__WORDLINEDRIVER_MY__g0p0_drc/PAIR__AND2_MX__WORDLINEDRIVER_MY__g0p0.lyrdb
AND2,MX,WORDLINEDRIVER,MY,0.0025,False,0,False,False,False,True,,outputs/PROJECT_decoder_gate_abutment_matrix/_pair_trials/PAIR__AND2_MX__WORDLINEDRIVER_MY__g0p0025.gds,1c64e55bef5a7cc88f03588a9d853924b892d344d0dd76637a8bedd909a1c347,outputs/PROJECT_decoder_gate_abutment_matrix/_pair_trials/PAIR__AND2_MX__WORDLINEDRIVER_MY__g0p0025_drc/PAIR__AND2_MX__WORDLINEDRIVER_MY__g0p0025.lyrdb
AND2,MX,WORDLINEDRIVER,MY,0.07,False,0,False,False,False,True,,outputs/PROJECT_decoder_gate_abutment_matrix/_pair_trials/PAIR__AND2_MX__WORDLINEDRIVER_MY__g0p07.gds,1326887c5240cd1c0ced97292ff60d658c1a74e906c8e3ac755777a51e6175b2,outputs/PROJECT_decoder_gate_abutment_matrix/_pair_trials/PAIR__AND2_MX__WORDLINEDRIVER_MY__g0p07_drc/PAIR__AND2_MX__WORDLINEDRIVER_MY__g0p07.lyrdb
AND2,MX,WORDLINEDRIVER,MY,0.14,False,0,False,False,False,True,,outputs/PROJECT_decoder_gate_abutment_matrix/_pair_trials/PAIR__AND2_MX__WORDLINEDRIVER_MY__g0p14.gds,b336622a3c979b613dd1e206c6785878d93e6a189e17f95de20f397f5293fe54,outputs/PROJECT_decoder_gate_abutment_matrix/_pair_trials/PAIR__AND2_MX__WORDLINEDRIVER_MY__g0p14_drc/PAIR__AND2_MX__WORDLINEDRIVER_MY__g0p14.lyrdb
AND2,MY,PINV,R0,0.0,True,0,False,True,False,True,,outputs/PROJECT_decoder_gate_abutment_matrix/_pair_trials/PAIR__AND2_MY__PINV_R0__g0p0.gds,0326758f98b3d9f4275c9497921f3367a65c18b56bcd1dd2c5539cbbc24dd137,outputs/PROJECT_decoder_gate_abutment_matrix/_pair_trials/PAIR__AND2_MY__PINV_R0__g0p0_drc/PAIR__AND2_MY__PINV_R0__g0p0.lyrdb
AND2,MY,PINV,R0,0.0025,True,0,False,True,False,True,,outputs/PROJECT_decoder_gate_abutment_matrix/_pair_trials/PAIR__AND2_MY__PINV_R0__g0p0025.gds,fad89611495c48bf39f799b9c1267aeabfd3e91c3b86f48e14d54fd0703383a7,outputs/PROJECT_decoder_gate_abutment_matrix/_pair_trials/PAIR__AND2_MY__PINV_R0__g0p0025_drc/PAIR__AND2_MY__PINV_R0__g0p0025.lyrdb
AND2,MY,PINV,R0,0.07,True,0,False,True,False,True,,outputs/PROJECT_decoder_gate_abutment_matrix/_pair_trials/PAIR__AND2_MY__PINV_R0__g0p07.gds,e6e2e8cfb57cfa211b77a62f0d51f89c7aa132300cb493d33fc92334f7d0b0c3,outputs/PROJECT_decoder_gate_abutment_matrix/_pair_trials/PAIR__AND2_MY__PINV_R0__g0p07_drc/PAIR__AND2_MY__PINV_R0__g0p07.lyrdb
AND2,MY,PINV,R0,0.14,True,0,False,True,False,True,,outputs/PROJECT_decoder_gate_abutment_matrix/_pair_trials/PAIR__AND2_MY__PINV_R0__g0p14.gds,a89d6ccaba26fe1b23cc4310bea591672452eb9efe845ea62d2a27d65f9f21ae,outputs/PROJECT_decoder_gate_abutment_matrix/_pair_trials/PAIR__AND2_MY__PINV_R0__g0p14_drc/PAIR__AND2_MY__PINV_R0__g0p14.lyrdb
AND2,MY,PINV,R180,0.0,True,0,False,True,False,True,,outputs/PROJECT_decoder_gate_abutment_matrix/_pair_trials/PAIR__AND2_MY__PINV_R180__g0p0.gds,15f73ce8b6f4752f7c3f9b79a12eb59dfcfa6f899b4077700038936f8e867b43,outputs/PROJECT_decoder_gate_abutment_matrix/_pair_trials/PAIR__AND2_MY__PINV_R180__g0p0_drc/PAIR__AND2_MY__PINV_R180__g0p0.lyrdb
AND2,MY,PINV,R180,0.0025,True,0,False,True,False,True,,outputs/PROJECT_decoder_gate_abutment_matrix/_pair_trials/PAIR__AND2_MY__PINV_R180__g0p0025.gds,4acddd2697d299173e21f23306c5514dbf8eb6f9883b47988a5d802bc2e2ead3,outputs/PROJECT_decoder_gate_abutment_matrix/_pair_trials/PAIR__AND2_MY__PINV_R180__g0p0025_drc/PAIR__AND2_MY__PINV_R180__g0p0025.lyrdb
AND2,MY,PINV,R180,0.07,True,0,False,True,False,True,,outputs/PROJECT_decoder_gate_abutment_matrix/_pair_trials/PAIR__AND2_MY__PINV_R180__g0p07.gds,e0b682d217300b8b58307b896c05e4abf657d2af6fd63f2b24682088a5f81e8a,outputs/PROJECT_decoder_gate_abutment_matrix/_pair_trials/PAIR__AND2_MY__PINV_R180__g0p07_drc/PAIR__AND2_MY__PINV_R180__g0p07.lyrdb
AND2,MY,PINV,R180,0.14,True,0,False,True,False,True,,outputs/PROJECT_decoder_gate_abutment_matrix/_pair_trials/PAIR__AND2_MY__PINV_R180__g0p14.gds,a889471395e735dc1395aff0d3bb9b28e7c45fc313adf333f54067f66621d96a,outputs/PROJECT_decoder_gate_abutment_matrix/_pair_trials/PAIR__AND2_MY__PINV_R180__g0p14_drc/PAIR__AND2_MY__PINV_R180__g0p14.lyrdb
AND2,MY,PINV,MX,0.0,False,0,False,False,False,True,,outputs/PROJECT_decoder_gate_abutment_matrix/_pair_trials/PAIR__AND2_MY__PINV_MX__g0p0.gds,7287cb4c95072deaad173a27dd3bd8eb8d21bbcc45056afc1393ec57a54a112f,outputs/PROJECT_decoder_gate_abutment_matrix/_pair_trials/PAIR__AND2_MY__PINV_MX__g0p0_drc/PAIR__AND2_MY__PINV_MX__g0p0.lyrdb
AND2,MY,PINV,MX,0.0025,False,0,False,False,False,True,,outputs/PROJECT_decoder_gate_abutment_matrix/_pair_trials/PAIR__AND2_MY__PINV_MX__g0p0025.gds,7d8614afc80b592c46bc0f22f1015d434528b4c9f608c5d384c78ea9c3cfb431,outputs/PROJECT_decoder_gate_abutment_matrix/_pair_trials/PAIR__AND2_MY__PINV_MX__g0p0025_drc/PAIR__AND2_MY__PINV_MX__g0p0025.lyrdb
AND2,MY,PINV,MX,0.07,False,0,False,False,False,True,,outputs/PROJECT_decoder_gate_abutment_matrix/_pair_trials/PAIR__AND2_MY__PINV_MX__g0p07.gds,905d319b602b1bf0a6936d61059d9d4330499df84cf6f94e25c658535f793e1c,outputs/PROJECT_decoder_gate_abutment_matrix/_pair_trials/PAIR__AND2_MY__PINV_MX__g0p07_drc/PAIR__AND2_MY__PINV_MX__g0p07.lyrdb
AND2,MY,PINV,MX,0.14,False,0,False,False,False,True,,outputs/PROJECT_decoder_gate_abutment_matrix/_pair_trials/PAIR__AND2_MY__PINV_MX__g0p14.gds,5b3759027b2bbd266587b9cac798ee405f6e5834362f1b22fce5c11ca31edb48,outputs/PROJECT_decoder_gate_abutment_matrix/_pair_trials/PAIR__AND2_MY__PINV_MX__g0p14_drc/PAIR__AND2_MY__PINV_MX__g0p14.lyrdb
AND2,MY,PINV,MY,0.0,True,0,False,True,False,True,,outputs/PROJECT_decoder_gate_abutment_matrix/_pair_trials/PAIR__AND2_MY__PINV_MY__g0p0.gds,4965691d890b4ee26bdaeb9db53afc6650c079ba808c460bdb6729f599e0a9ac,outputs/PROJECT_decoder_gate_abutment_matrix/_pair_trials/PAIR__AND2_MY__PINV_MY__g0p0_drc/PAIR__AND2_MY__PINV_MY__g0p0.lyrdb
AND2,MY,PINV,MY,0.0025,True,0,False,True,False,True,,outputs/PROJECT_decoder_gate_abutment_matrix/_pair_trials/PAIR__AND2_MY__PINV_MY__g0p0025.gds,c8ab813f57eadc06230b87898e9929c5ab1f2977660f8233b57832918a44101d,outputs/PROJECT_decoder_gate_abutment_matrix/_pair_trials/PAIR__AND2_MY__PINV_MY__g0p0025_drc/PAIR__AND2_MY__PINV_MY__g0p0025.lyrdb
AND2,MY,PINV,MY,0.07,True,0,False,True,False,True,,outputs/PROJECT_decoder_gate_abutment_matrix/_pair_trials/PAIR__AND2_MY__PINV_MY__g0p07.gds,de0477e1dfa7c1add4c9509beddf5f63dbba517b432355c9de7f555c839c7d82,outputs/PROJECT_decoder_gate_abutment_matrix/_pair_trials/PAIR__AND2_MY__PINV_MY__g0p07_drc/PAIR__AND2_MY__PINV_MY__g0p07.lyrdb
AND2,MY,PINV,MY,0.14,True,0,False,True,False,True,,outputs/PROJECT_decoder_gate_abutment_matrix/_pair_trials/PAIR__AND2_MY__PINV_MY__g0p14.gds,1dae9979e1c8b43db6733a821055d5139a1b1b9dab6818b5d4389cd47a993fee,outputs/PROJECT_decoder_gate_abutment_matrix/_pair_trials/PAIR__AND2_MY__PINV_MY__g0p14_drc/PAIR__AND2_MY__PINV_MY__g0p14.lyrdb
AND2,MY,PNAND2,R0,0.0,True,0,False,True,False,True,,outputs/PROJECT_decoder_gate_abutment_matrix/_pair_trials/PAIR__AND2_MY__PNAND2_R0__g0p0.gds,f2f990b3d242ac4a39a94b551bebbca46e07a2fd913ce07310cf0a373dee1d2f,outputs/PROJECT_decoder_gate_abutment_matrix/_pair_trials/PAIR__AND2_MY__PNAND2_R0__g0p0_drc/PAIR__AND2_MY__PNAND2_R0__g0p0.lyrdb
AND2,MY,PNAND2,R0,0.0025,True,0,False,True,False,True,,outputs/PROJECT_decoder_gate_abutment_matrix/_pair_trials/PAIR__AND2_MY__PNAND2_R0__g0p0025.gds,e6464cfc8e8e8c00f9c433f5d0640eddc3cd0cc407406269de1b0145651036ba,outputs/PROJECT_decoder_gate_abutment_matrix/_pair_trials/PAIR__AND2_MY__PNAND2_R0__g0p0025_drc/PAIR__AND2_MY__PNAND2_R0__g0p0025.lyrdb
AND2,MY,PNAND2,R0,0.07,True,0,False,True,False,True,,outputs/PROJECT_decoder_gate_abutment_matrix/_pair_trials/PAIR__AND2_MY__PNAND2_R0__g0p07.gds,ace9cbe0ae8511eff01bc92a165a8f93c2aa7ef8062bb1bb09eed2995afc8585,outputs/PROJECT_decoder_gate_abutment_matrix/_pair_trials/PAIR__AND2_MY__PNAND2_R0__g0p07_drc/PAIR__AND2_MY__PNAND2_R0__g0p07.lyrdb
AND2,MY,PNAND2,R0,0.14,True,0,False,True,False,True,,outputs/PROJECT_decoder_gate_abutment_matrix/_pair_trials/PAIR__AND2_MY__PNAND2_R0__g0p14.gds,fc7b6f954aa7bc88d9808c34c4aafc4a921f8bfd028c37223fccc6fdcdbcf1ef,outputs/PROJECT_decoder_gate_abutment_matrix/_pair_trials/PAIR__AND2_MY__PNAND2_R0__g0p14_drc/PAIR__AND2_MY__PNAND2_R0__g0p14.lyrdb
AND2,MY,PNAND2,R180,0.0,True,0,False,True,False,True,,outputs/PROJECT_decoder_gate_abutment_matrix/_pair_trials/PAIR__AND2_MY__PNAND2_R180__g0p0.gds,6b11ab633f7533ac3513862e3d32cb4a1e060a15b2f0dfc50503b22b1aaa73e1,outputs/PROJECT_decoder_gate_abutment_matrix/_pair_trials/PAIR__AND2_MY__PNAND2_R180__g0p0_drc/PAIR__AND2_MY__PNAND2_R180__g0p0.lyrdb
AND2,MY,PNAND2,R180,0.0025,True,0,False,True,False,True,,outputs/PROJECT_decoder_gate_abutment_matrix/_pair_trials/PAIR__AND2_MY__PNAND2_R180__g0p0025.gds,47798c16ed402012a12c16149293a49c8fa5d195a388044811066cb0273f237f,outputs/PROJECT_decoder_gate_abutment_matrix/_pair_trials/PAIR__AND2_MY__PNAND2_R180__g0p0025_drc/PAIR__AND2_MY__PNAND2_R180__g0p0025.lyrdb
AND2,MY,PNAND2,R180,0.07,True,0,False,True,False,True,,outputs/PROJECT_decoder_gate_abutment_matrix/_pair_trials/PAIR__AND2_MY__PNAND2_R180__g0p07.gds,221100611bfed489d191da2b25312d15895807daa8ab92ba45d36ae4eb5e68c5,outputs/PROJECT_decoder_gate_abutment_matrix/_pair_trials/PAIR__AND2_MY__PNAND2_R180__g0p07_drc/PAIR__AND2_MY__PNAND2_R180__g0p07.lyrdb
AND2,MY,PNAND2,R180,0.14,True,0,False,True,False,True,,outputs/PROJECT_decoder_gate_abutment_matrix/_pair_trials/PAIR__AND2_MY__PNAND2_R180__g0p14.gds,5a724973931a3ded433d4b66a768c841ed0d008c0f7d819f06a0327e43225cb9,outputs/PROJECT_decoder_gate_abutment_matrix/_pair_trials/PAIR__AND2_MY__PNAND2_R180__g0p14_drc/PAIR__AND2_MY__PNAND2_R180__g0p14.lyrdb
AND2,MY,PNAND2,MX,0.0,False,0,False,False,False,True,,outputs/PROJECT_decoder_gate_abutment_matrix/_pair_trials/PAIR__AND2_MY__PNAND2_MX__g0p0.gds,2e9b54bfef04625173ec49653388f1cd3a845fab3ebce3269cce476475b7ac32,outputs/PROJECT_decoder_gate_abutment_matrix/_pair_trials/PAIR__AND2_MY__PNAND2_MX__g0p0_drc/PAIR__AND2_MY__PNAND2_MX__g0p0.lyrdb
AND2,MY,PNAND2,MX,0.0025,False,0,False,False,False,True,,outputs/PROJECT_decoder_gate_abutment_matrix/_pair_trials/PAIR__AND2_MY__PNAND2_MX__g0p0025.gds,0f49860df89040275230b9243ddd273943cf255fa67c407757d12bf66d99ca78,outputs/PROJECT_decoder_gate_abutment_matrix/_pair_trials/PAIR__AND2_MY__PNAND2_MX__g0p0025_drc/PAIR__AND2_MY__PNAND2_MX__g0p0025.lyrdb
AND2,MY,PNAND2,MX,0.07,False,0,False,False,False,True,,outputs/PROJECT_decoder_gate_abutment_matrix/_pair_trials/PAIR__AND2_MY__PNAND2_MX__g0p07.gds,bf633723e2e460ea8a8b8211f072c615844e41502de7def5f90bb2a04fcce945,outputs/PROJECT_decoder_gate_abutment_matrix/_pair_trials/PAIR__AND2_MY__PNAND2_MX__g0p07_drc/PAIR__AND2_MY__PNAND2_MX__g0p07.lyrdb
AND2,MY,PNAND2,MX,0.14,False,0,False,False,False,True,,outputs/PROJECT_decoder_gate_abutment_matrix/_pair_trials/PAIR__AND2_MY__PNAND2_MX__g0p14.gds,83bedebb9345c60e7b70e669c5602dbbcd359e958e97340338ba2253f104eb67,outputs/PROJECT_decoder_gate_abutment_matrix/_pair_trials/PAIR__AND2_MY__PNAND2_MX__g0p14_drc/PAIR__AND2_MY__PNAND2_MX__g0p14.lyrdb
AND2,MY,PNAND2,MY,0.0,True,0,False,True,False,True,,outputs/PROJECT_decoder_gate_abutment_matrix/_pair_trials/PAIR__AND2_MY__PNAND2_MY__g0p0.gds,c7783479f908e97122c03573f7fa652776788d4fc7bd3f1e99a4120a373f55aa,outputs/PROJECT_decoder_gate_abutment_matrix/_pair_trials/PAIR__AND2_MY__PNAND2_MY__g0p0_drc/PAIR__AND2_MY__PNAND2_MY__g0p0.lyrdb
AND2,MY,PNAND2,MY,0.0025,True,0,False,True,False,True,,outputs/PROJECT_decoder_gate_abutment_matrix/_pair_trials/PAIR__AND2_MY__PNAND2_MY__g0p0025.gds,88a6b43f4a601a63bc31ab5c06a802576f5ee57be47c5259f459a4c9b280ecb7,outputs/PROJECT_decoder_gate_abutment_matrix/_pair_trials/PAIR__AND2_MY__PNAND2_MY__g0p0025_drc/PAIR__AND2_MY__PNAND2_MY__g0p0025.lyrdb
AND2,MY,PNAND2,MY,0.07,True,0,False,True,False,True,,outputs/PROJECT_decoder_gate_abutment_matrix/_pair_trials/PAIR__AND2_MY__PNAND2_MY__g0p07.gds,46708334147c09b25ac973263d43c892fd97ce18a715286df4f0e56e57867e02,outputs/PROJECT_decoder_gate_abutment_matrix/_pair_trials/PAIR__AND2_MY__PNAND2_MY__g0p07_drc/PAIR__AND2_MY__PNAND2_MY__g0p07.lyrdb
AND2,MY,PNAND2,MY,0.14,True,0,False,True,False,True,,outputs/PROJECT_decoder_gate_abutment_matrix/_pair_trials/PAIR__AND2_MY__PNAND2_MY__g0p14.gds,cfc5847d5c7c644a7fad9063973cabbdd4c83dd92c9d72feeabd50f6ffcd6d33,outputs/PROJECT_decoder_gate_abutment_matrix/_pair_trials/PAIR__AND2_MY__PNAND2_MY__g0p14_drc/PAIR__AND2_MY__PNAND2_MY__g0p14.lyrdb
AND2,MY,PNAND3,R0,0.0,True,0,False,True,False,True,,outputs/PROJECT_decoder_gate_abutment_matrix/_pair_trials/PAIR__AND2_MY__PNAND3_R0__g0p0.gds,3f9a0eec13f5a5720f33ebaf278982e7c5cb2b7567854b9244ab3b1982ef584f,outputs/PROJECT_decoder_gate_abutment_matrix/_pair_trials/PAIR__AND2_MY__PNAND3_R0__g0p0_drc/PAIR__AND2_MY__PNAND3_R0__g0p0.lyrdb
AND2,MY,PNAND3,R0,0.0025,True,0,False,True,False,True,,outputs/PROJECT_decoder_gate_abutment_matrix/_pair_trials/PAIR__AND2_MY__PNAND3_R0__g0p0025.gds,8079864e73bbb65c778ce41593dd44ac52fa172536607831ec9db7c25064eb9d,outputs/PROJECT_decoder_gate_abutment_matrix/_pair_trials/PAIR__AND2_MY__PNAND3_R0__g0p0025_drc/PAIR__AND2_MY__PNAND3_R0__g0p0025.lyrdb
AND2,MY,PNAND3,R0,0.07,True,0,False,True,False,True,,outputs/PROJECT_decoder_gate_abutment_matrix/_pair_trials/PAIR__AND2_MY__PNAND3_R0__g0p07.gds,2401417e6fbaea2e2dea47752f68a251e54bf37367ebaa240bc6d982a3103dc2,outputs/PROJECT_decoder_gate_abutment_matrix/_pair_trials/PAIR__AND2_MY__PNAND3_R0__g0p07_drc/PAIR__AND2_MY__PNAND3_R0__g0p07.lyrdb
AND2,MY,PNAND3,R0,0.14,True,0,False,True,False,True,,outputs/PROJECT_decoder_gate_abutment_matrix/_pair_trials/PAIR__AND2_MY__PNAND3_R0__g0p14.gds,298a5909a834865de5bed90e8798b35399809a51324cc5fc40cf75d04c7c0c26,outputs/PROJECT_decoder_gate_abutment_matrix/_pair_trials/PAIR__AND2_MY__PNAND3_R0__g0p14_drc/PAIR__AND2_MY__PNAND3_R0__g0p14.lyrdb
AND2,MY,PNAND3,R180,0.0,True,0,False,True,False,True,,outputs/PROJECT_decoder_gate_abutment_matrix/_pair_trials/PAIR__AND2_MY__PNAND3_R180__g0p0.gds,ff3ae1e0be3e579a2ac6020bd905a817beeceeaffc9a3514eb233fc8792e6408,outputs/PROJECT_decoder_gate_abutment_matrix/_pair_trials/PAIR__AND2_MY__PNAND3_R180__g0p0_drc/PAIR__AND2_MY__PNAND3_R180__g0p0.lyrdb
AND2,MY,PNAND3,R180,0.0025,True,0,False,True,False,True,,outputs/PROJECT_decoder_gate_abutment_matrix/_pair_trials/PAIR__AND2_MY__PNAND3_R180__g0p0025.gds,bf95f907152b1d36eb552bd2baad628e1a90f12bb4c09d5b94a931733520d32e,outputs/PROJECT_decoder_gate_abutment_matrix/_pair_trials/PAIR__AND2_MY__PNAND3_R180__g0p0025_drc/PAIR__AND2_MY__PNAND3_R180__g0p0025.lyrdb
AND2,MY,PNAND3,R180,0.07,True,0,False,True,False,True,,outputs/PROJECT_decoder_gate_abutment_matrix/_pair_trials/PAIR__AND2_MY__PNAND3_R180__g0p07.gds,c0f3f91bab1bc16fd8baf7017c65d7f8c91d43539b5fc29ab0cf0d74a0e8c8b7,outputs/PROJECT_decoder_gate_abutment_matrix/_pair_trials/PAIR__AND2_MY__PNAND3_R180__g0p07_drc/PAIR__AND2_MY__PNAND3_R180__g0p07.lyrdb
AND2,MY,PNAND3,R180,0.14,True,0,False,True,False,True,,outputs/PROJECT_decoder_gate_abutment_matrix/_pair_trials/PAIR__AND2_MY__PNAND3_R180__g0p14.gds,a39e426e15329996bcde31ff2932f58e76e18412cb7c6ca12690c35097f161be,outputs/PROJECT_decoder_gate_abutment_matrix/_pair_trials/PAIR__AND2_MY__PNAND3_R180__g0p14_drc/PAIR__AND2_MY__PNAND3_R180__g0p14.lyrdb
AND2,MY,PNAND3,MX,0.0,False,0,False,False,False,True,,outputs/PROJECT_decoder_gate_abutment_matrix/_pair_trials/PAIR__AND2_MY__PNAND3_MX__g0p0.gds,6d119726ee380df0f0049ae242eed20e43b01822c90cc3a194cbc584dc62fe40,outputs/PROJECT_decoder_gate_abutment_matrix/_pair_trials/PAIR__AND2_MY__PNAND3_MX__g0p0_drc/PAIR__AND2_MY__PNAND3_MX__g0p0.lyrdb
AND2,MY,PNAND3,MX,0.0025,False,0,False,False,False,True,,outputs/PROJECT_decoder_gate_abutment_matrix/_pair_trials/PAIR__AND2_MY__PNAND3_MX__g0p0025.gds,9c548440385c2b987a6d6f1d23d77c219f03923d18b931e5380779ba167e2534,outputs/PROJECT_decoder_gate_abutment_matrix/_pair_trials/PAIR__AND2_MY__PNAND3_MX__g0p0025_drc/PAIR__AND2_MY__PNAND3_MX__g0p0025.lyrdb
AND2,MY,PNAND3,MX,0.07,False,0,False,False,False,True,,outputs/PROJECT_decoder_gate_abutment_matrix/_pair_trials/PAIR__AND2_MY__PNAND3_MX__g0p07.gds,481c1eeb776ffa4058aef86c043aa0e5927c640d9b0819cddfc9947aac17df96,outputs/PROJECT_decoder_gate_abutment_matrix/_pair_trials/PAIR__AND2_MY__PNAND3_MX__g0p07_drc/PAIR__AND2_MY__PNAND3_MX__g0p07.lyrdb
AND2,MY,PNAND3,MX,0.14,False,0,False,False,False,True,,outputs/PROJECT_decoder_gate_abutment_matrix/_pair_trials/PAIR__AND2_MY__PNAND3_MX__g0p14.gds,5a4036ac2ca32517619e8e3db93101ed036708b10cb43acea08bd1662874b7fb,outputs/PROJECT_decoder_gate_abutment_matrix/_pair_trials/PAIR__AND2_MY__PNAND3_MX__g0p14_drc/PAIR__AND2_MY__PNAND3_MX__g0p14.lyrdb
AND2,MY,PNAND3,MY,0.0,True,0,False,True,False,True,,outputs/PROJECT_decoder_gate_abutment_matrix/_pair_trials/PAIR__AND2_MY__PNAND3_MY__g0p0.gds,8f046027f52aecf3bfa9af39b0446ba17f57e354ae7f19fe399ff2e4b894f376,outputs/PROJECT_decoder_gate_abutment_matrix/_pair_trials/PAIR__AND2_MY__PNAND3_MY__g0p0_drc/PAIR__AND2_MY__PNAND3_MY__g0p0.lyrdb
AND2,MY,PNAND3,MY,0.0025,True,0,False,True,False,True,,outputs/PROJECT_decoder_gate_abutment_matrix/_pair_trials/PAIR__AND2_MY__PNAND3_MY__g0p0025.gds,b57f69a157589018e4bedb204f334dea46d81aac4e411bdc8e0526991fc8f070,outputs/PROJECT_decoder_gate_abutment_matrix/_pair_trials/PAIR__AND2_MY__PNAND3_MY__g0p0025_drc/PAIR__AND2_MY__PNAND3_MY__g0p0025.lyrdb
AND2,MY,PNAND3,MY,0.07,True,0,False,True,False,True,,outputs/PROJECT_decoder_gate_abutment_matrix/_pair_trials/PAIR__AND2_MY__PNAND3_MY__g0p07.gds,5a69be7b632b33285e56b5397f9d9c7983fb8520c4c57f7ccc056147abbff14d,outputs/PROJECT_decoder_gate_abutment_matrix/_pair_trials/PAIR__AND2_MY__PNAND3_MY__g0p07_drc/PAIR__AND2_MY__PNAND3_MY__g0p07.lyrdb
AND2,MY,PNAND3,MY,0.14,True,0,False,True,False,True,,outputs/PROJECT_decoder_gate_abutment_matrix/_pair_trials/PAIR__AND2_MY__PNAND3_MY__g0p14.gds,6f533229e10183135dc6989446a85f72adbccf8733503373fca1dbeba80f14ef,outputs/PROJECT_decoder_gate_abutment_matrix/_pair_trials/PAIR__AND2_MY__PNAND3_MY__g0p14_drc/PAIR__AND2_MY__PNAND3_MY__g0p14.lyrdb
AND2,MY,AND2,R0,0.0,True,0,False,True,False,True,,outputs/PROJECT_decoder_gate_abutment_matrix/_pair_trials/PAIR__AND2_MY__AND2_R0__g0p0.gds,2eaff0b2fc8ca034f42230013cac95c6e3d03f1162f17aa10dff56b081cc1a5c,outputs/PROJECT_decoder_gate_abutment_matrix/_pair_trials/PAIR__AND2_MY__AND2_R0__g0p0_drc/PAIR__AND2_MY__AND2_R0__g0p0.lyrdb
AND2,MY,AND2,R0,0.0025,True,0,False,True,False,True,,outputs/PROJECT_decoder_gate_abutment_matrix/_pair_trials/PAIR__AND2_MY__AND2_R0__g0p0025.gds,8c08b6aa0ccbf0392fe7379348a765ed57fadde8eb926e8bced760cd105e132c,outputs/PROJECT_decoder_gate_abutment_matrix/_pair_trials/PAIR__AND2_MY__AND2_R0__g0p0025_drc/PAIR__AND2_MY__AND2_R0__g0p0025.lyrdb
AND2,MY,AND2,R0,0.07,True,0,False,True,False,True,,outputs/PROJECT_decoder_gate_abutment_matrix/_pair_trials/PAIR__AND2_MY__AND2_R0__g0p07.gds,f5eda85a982202b23df95f99ca0af7085f849ced26952a2fe347f6ab357951fd,outputs/PROJECT_decoder_gate_abutment_matrix/_pair_trials/PAIR__AND2_MY__AND2_R0__g0p07_drc/PAIR__AND2_MY__AND2_R0__g0p07.lyrdb
AND2,MY,AND2,R0,0.14,True,0,False,True,False,True,,outputs/PROJECT_decoder_gate_abutment_matrix/_pair_trials/PAIR__AND2_MY__AND2_R0__g0p14.gds,fcde11ce4c61594b28f30c60543a8fef30b6f25c7c3b291adbf50faaa6c9c11f,outputs/PROJECT_decoder_gate_abutment_matrix/_pair_trials/PAIR__AND2_MY__AND2_R0__g0p14_drc/PAIR__AND2_MY__AND2_R0__g0p14.lyrdb
AND2,MY,AND2,R180,0.0,True,0,False,True,False,True,,outputs/PROJECT_decoder_gate_abutment_matrix/_pair_trials/PAIR__AND2_MY__AND2_R180__g0p0.gds,6537ba42dcc45841ef4ce2923d4aecbeecbdb3b7cf77afa7861a364396853b75,outputs/PROJECT_decoder_gate_abutment_matrix/_pair_trials/PAIR__AND2_MY__AND2_R180__g0p0_drc/PAIR__AND2_MY__AND2_R180__g0p0.lyrdb
AND2,MY,AND2,R180,0.0025,True,1,False,True,True,False,drc_marker_count=1,outputs/PROJECT_decoder_gate_abutment_matrix/_pair_trials/PAIR__AND2_MY__AND2_R180__g0p0025.gds,f5f1b6be3e6b30d56c66bd1570d15afd4ae9c29055dcc7baaac3766541317306,outputs/PROJECT_decoder_gate_abutment_matrix/_pair_trials/PAIR__AND2_MY__AND2_R180__g0p0025_drc/PAIR__AND2_MY__AND2_R180__g0p0025.lyrdb
AND2,MY,AND2,R180,0.07,True,1,False,True,True,False,drc_marker_count=1,outputs/PROJECT_decoder_gate_abutment_matrix/_pair_trials/PAIR__AND2_MY__AND2_R180__g0p07.gds,308a181a648b5a410f0aa11467909514f6ee2239708cf1112806460e6b739aec,outputs/PROJECT_decoder_gate_abutment_matrix/_pair_trials/PAIR__AND2_MY__AND2_R180__g0p07_drc/PAIR__AND2_MY__AND2_R180__g0p07.lyrdb
AND2,MY,AND2,R180,0.14,True,1,False,True,True,False,drc_marker_count=1,outputs/PROJECT_decoder_gate_abutment_matrix/_pair_trials/PAIR__AND2_MY__AND2_R180__g0p14.gds,899c44cb108d0a15a499e29e16ea77bce13ccb71a6c6e02f05885de834d47d06,outputs/PROJECT_decoder_gate_abutment_matrix/_pair_trials/PAIR__AND2_MY__AND2_R180__g0p14_drc/PAIR__AND2_MY__AND2_R180__g0p14.lyrdb
AND2,MY,AND2,MX,0.0,False,0,False,False,False,True,,outputs/PROJECT_decoder_gate_abutment_matrix/_pair_trials/PAIR__AND2_MY__AND2_MX__g0p0.gds,b1f7670d74fd9115e18e8e0ee626b77f033ce93ca38cc51e82a108773167a62a,outputs/PROJECT_decoder_gate_abutment_matrix/_pair_trials/PAIR__AND2_MY__AND2_MX__g0p0_drc/PAIR__AND2_MY__AND2_MX__g0p0.lyrdb
AND2,MY,AND2,MX,0.0025,False,0,False,False,False,True,,outputs/PROJECT_decoder_gate_abutment_matrix/_pair_trials/PAIR__AND2_MY__AND2_MX__g0p0025.gds,4964a6f53c0921415d851feba518406e39c3025688eef6f20f3dcf67458381e3,outputs/PROJECT_decoder_gate_abutment_matrix/_pair_trials/PAIR__AND2_MY__AND2_MX__g0p0025_drc/PAIR__AND2_MY__AND2_MX__g0p0025.lyrdb
AND2,MY,AND2,MX,0.07,False,0,False,False,False,True,,outputs/PROJECT_decoder_gate_abutment_matrix/_pair_trials/PAIR__AND2_MY__AND2_MX__g0p07.gds,ad265bd9705b7f674c808d4319c72261fd6083a2765f2cc7b8f5d4f0ca424c78,outputs/PROJECT_decoder_gate_abutment_matrix/_pair_trials/PAIR__AND2_MY__AND2_MX__g0p07_drc/PAIR__AND2_MY__AND2_MX__g0p07.lyrdb
AND2,MY,AND2,MX,0.14,False,0,False,False,False,True,,outputs/PROJECT_decoder_gate_abutment_matrix/_pair_trials/PAIR__AND2_MY__AND2_MX__g0p14.gds,47aa07ba8e0b2583d41061175de90a481d8af984bddfc844cd3758ad40ad6991,outputs/PROJECT_decoder_gate_abutment_matrix/_pair_trials/PAIR__AND2_MY__AND2_MX__g0p14_drc/PAIR__AND2_MY__AND2_MX__g0p14.lyrdb
AND2,MY,AND2,MY,0.0,True,0,False,True,False,True,,outputs/PROJECT_decoder_gate_abutment_matrix/_pair_trials/PAIR__AND2_MY__AND2_MY__g0p0.gds,a9efbdf37bb9476e2651dfdd825318ee3a58e17beb9f7614fbf8a48575d68686,outputs/PROJECT_decoder_gate_abutment_matrix/_pair_trials/PAIR__AND2_MY__AND2_MY__g0p0_drc/PAIR__AND2_MY__AND2_MY__g0p0.lyrdb
AND2,MY,AND2,MY,0.0025,True,1,False,True,True,False,drc_marker_count=1,outputs/PROJECT_decoder_gate_abutment_matrix/_pair_trials/PAIR__AND2_MY__AND2_MY__g0p0025.gds,97ef1c5b4a7d6ae85393bd5e33a4e10286b2931a807cd772312ca001b317593b,outputs/PROJECT_decoder_gate_abutment_matrix/_pair_trials/PAIR__AND2_MY__AND2_MY__g0p0025_drc/PAIR__AND2_MY__AND2_MY__g0p0025.lyrdb
AND2,MY,AND2,MY,0.07,True,1,False,True,True,False,drc_marker_count=1,outputs/PROJECT_decoder_gate_abutment_matrix/_pair_trials/PAIR__AND2_MY__AND2_MY__g0p07.gds,b389c1f1ce7d49959cba267987b9f69c7e8423d237abc658679936ca58c7224d,outputs/PROJECT_decoder_gate_abutment_matrix/_pair_trials/PAIR__AND2_MY__AND2_MY__g0p07_drc/PAIR__AND2_MY__AND2_MY__g0p07.lyrdb
AND2,MY,AND2,MY,0.14,True,1,False,True,True,False,drc_marker_count=1,outputs/PROJECT_decoder_gate_abutment_matrix/_pair_trials/PAIR__AND2_MY__AND2_MY__g0p14.gds,110dcf76800750f5d10e2c756546feb623c9b2c952d52d009a00c92ce57685f4,outputs/PROJECT_decoder_gate_abutment_matrix/_pair_trials/PAIR__AND2_MY__AND2_MY__g0p14_drc/PAIR__AND2_MY__AND2_MY__g0p14.lyrdb
AND2,MY,AND3,R0,0.0,True,0,False,True,False,True,,outputs/PROJECT_decoder_gate_abutment_matrix/_pair_trials/PAIR__AND2_MY__AND3_R0__g0p0.gds,652fbfaa9cead294fd6448681fa771745ebb841b94874a36f4e3bde4bce09a8b,outputs/PROJECT_decoder_gate_abutment_matrix/_pair_trials/PAIR__AND2_MY__AND3_R0__g0p0_drc/PAIR__AND2_MY__AND3_R0__g0p0.lyrdb
AND2,MY,AND3,R0,0.0025,True,0,False,True,False,True,,outputs/PROJECT_decoder_gate_abutment_matrix/_pair_trials/PAIR__AND2_MY__AND3_R0__g0p0025.gds,4d5a325464cb4b69e19db6b9d9cc363c1d310cf76e5b419ede18ceba880bea20,outputs/PROJECT_decoder_gate_abutment_matrix/_pair_trials/PAIR__AND2_MY__AND3_R0__g0p0025_drc/PAIR__AND2_MY__AND3_R0__g0p0025.lyrdb
AND2,MY,AND3,R0,0.07,True,0,False,True,False,True,,outputs/PROJECT_decoder_gate_abutment_matrix/_pair_trials/PAIR__AND2_MY__AND3_R0__g0p07.gds,e7b6f27299683dab6fe29c162f95f97d7c4382ef958f55f7466170569a9efbd5,outputs/PROJECT_decoder_gate_abutment_matrix/_pair_trials/PAIR__AND2_MY__AND3_R0__g0p07_drc/PAIR__AND2_MY__AND3_R0__g0p07.lyrdb
AND2,MY,AND3,R0,0.14,True,0,False,True,False,True,,outputs/PROJECT_decoder_gate_abutment_matrix/_pair_trials/PAIR__AND2_MY__AND3_R0__g0p14.gds,94edcf0062c149327cf27196e2db67e313d132d17156897e7b3feb7ddf1f6920,outputs/PROJECT_decoder_gate_abutment_matrix/_pair_trials/PAIR__AND2_MY__AND3_R0__g0p14_drc/PAIR__AND2_MY__AND3_R0__g0p14.lyrdb
AND2,MY,AND3,R180,0.0,True,0,False,True,False,True,,outputs/PROJECT_decoder_gate_abutment_matrix/_pair_trials/PAIR__AND2_MY__AND3_R180__g0p0.gds,1b2437f576992829ff0cf1e38345ab39e8c75d3c61e6fe6caa380171ab0dccf8,outputs/PROJECT_decoder_gate_abutment_matrix/_pair_trials/PAIR__AND2_MY__AND3_R180__g0p0_drc/PAIR__AND2_MY__AND3_R180__g0p0.lyrdb
AND2,MY,AND3,R180,0.0025,True,0,False,True,False,True,,outputs/PROJECT_decoder_gate_abutment_matrix/_pair_trials/PAIR__AND2_MY__AND3_R180__g0p0025.gds,7ceccf7789def81be5275a9b005ecd49a16ee960ef46ebf81c544575d633e143,outputs/PROJECT_decoder_gate_abutment_matrix/_pair_trials/PAIR__AND2_MY__AND3_R180__g0p0025_drc/PAIR__AND2_MY__AND3_R180__g0p0025.lyrdb
AND2,MY,AND3,R180,0.07,True,0,False,True,False,True,,outputs/PROJECT_decoder_gate_abutment_matrix/_pair_trials/PAIR__AND2_MY__AND3_R180__g0p07.gds,17f684152f693ff660ffcdb6a57cd68043a60c0b2fa9de45a14a498b7bb73538,outputs/PROJECT_decoder_gate_abutment_matrix/_pair_trials/PAIR__AND2_MY__AND3_R180__g0p07_drc/PAIR__AND2_MY__AND3_R180__g0p07.lyrdb
AND2,MY,AND3,R180,0.14,True,0,False,True,False,True,,outputs/PROJECT_decoder_gate_abutment_matrix/_pair_trials/PAIR__AND2_MY__AND3_R180__g0p14.gds,2d82ca3f2dd30cf93b337e302e8d12461af9d0fc7cbc4e83900fc3ff6ce1acf5,outputs/PROJECT_decoder_gate_abutment_matrix/_pair_trials/PAIR__AND2_MY__AND3_R180__g0p14_drc/PAIR__AND2_MY__AND3_R180__g0p14.lyrdb
AND2,MY,AND3,MX,0.0,False,0,False,False,False,True,,outputs/PROJECT_decoder_gate_abutment_matrix/_pair_trials/PAIR__AND2_MY__AND3_MX__g0p0.gds,8370038b400d5f1e46517e52d9e8e9a5065b0e61026979dd3835176f0f849f59,outputs/PROJECT_decoder_gate_abutment_matrix/_pair_trials/PAIR__AND2_MY__AND3_MX__g0p0_drc/PAIR__AND2_MY__AND3_MX__g0p0.lyrdb
AND2,MY,AND3,MX,0.0025,False,0,False,False,False,True,,outputs/PROJECT_decoder_gate_abutment_matrix/_pair_trials/PAIR__AND2_MY__AND3_MX__g0p0025.gds,197908bc45a20c9c46146443f2b3f4a642b0f28e39d49c7dea38ad4928c084af,outputs/PROJECT_decoder_gate_abutment_matrix/_pair_trials/PAIR__AND2_MY__AND3_MX__g0p0025_drc/PAIR__AND2_MY__AND3_MX__g0p0025.lyrdb
AND2,MY,AND3,MX,0.07,False,0,False,False,False,True,,outputs/PROJECT_decoder_gate_abutment_matrix/_pair_trials/PAIR__AND2_MY__AND3_MX__g0p07.gds,cf79033b131e6d4991134f9af8313396c362f640f7425d130895813824e8a032,outputs/PROJECT_decoder_gate_abutment_matrix/_pair_trials/PAIR__AND2_MY__AND3_MX__g0p07_drc/PAIR__AND2_MY__AND3_MX__g0p07.lyrdb
AND2,MY,AND3,MX,0.14,False,0,False,False,False,True,,outputs/PROJECT_decoder_gate_abutment_matrix/_pair_trials/PAIR__AND2_MY__AND3_MX__g0p14.gds,a4c93e25dbf886eafd8cc0c5585d1ac51afc5e505b164acb7abf7a11adc133b9,outputs/PROJECT_decoder_gate_abutment_matrix/_pair_trials/PAIR__AND2_MY__AND3_MX__g0p14_drc/PAIR__AND2_MY__AND3_MX__g0p14.lyrdb
AND2,MY,AND3,MY,0.0,True,17,False,True,True,False,drc_marker_count=17,outputs/PROJECT_decoder_gate_abutment_matrix/_pair_trials/PAIR__AND2_MY__AND3_MY__g0p0.gds,415e34e3de8111ac5fd2d1e274a990b81878a7ec2594da5946547f3a442d84b4,outputs/PROJECT_decoder_gate_abutment_matrix/_pair_trials/PAIR__AND2_MY__AND3_MY__g0p0_drc/PAIR__AND2_MY__AND3_MY__g0p0.lyrdb
AND2,MY,AND3,MY,0.0025,True,17,False,True,True,False,drc_marker_count=17,outputs/PROJECT_decoder_gate_abutment_matrix/_pair_trials/PAIR__AND2_MY__AND3_MY__g0p0025.gds,da315418c79e13d488a04519bd223ab2b0d2ba70d983670a14c994affe4528be,outputs/PROJECT_decoder_gate_abutment_matrix/_pair_trials/PAIR__AND2_MY__AND3_MY__g0p0025_drc/PAIR__AND2_MY__AND3_MY__g0p0025.lyrdb
AND2,MY,AND3,MY,0.07,True,8,False,True,True,False,drc_marker_count=8,outputs/PROJECT_decoder_gate_abutment_matrix/_pair_trials/PAIR__AND2_MY__AND3_MY__g0p07.gds,1259c5714d1c63ad1a5dc634b3337d21334114e44ad136359640adf2833be8c1,outputs/PROJECT_decoder_gate_abutment_matrix/_pair_trials/PAIR__AND2_MY__AND3_MY__g0p07_drc/PAIR__AND2_MY__AND3_MY__g0p07.lyrdb
AND2,MY,AND3,MY,0.14,True,0,False,True,False,True,,outputs/PROJECT_decoder_gate_abutment_matrix/_pair_trials/PAIR__AND2_MY__AND3_MY__g0p14.gds,ea9b2eb5617c4df7d14c79d2bab41fa53788a0ae347b88b525a2387388d585c8,outputs/PROJECT_decoder_gate_abutment_matrix/_pair_trials/PAIR__AND2_MY__AND3_MY__g0p14_drc/PAIR__AND2_MY__AND3_MY__g0p14.lyrdb
AND2,MY,WORDLINEDRIVER,R0,0.0,True,0,False,True,False,True,,outputs/PROJECT_decoder_gate_abutment_matrix/_pair_trials/PAIR__AND2_MY__WORDLINEDRIVER_R0__g0p0.gds,f2838eb68d53c5aa4604435d17a8a4ac687fab34b3b3193d2c20d78412b93a42,outputs/PROJECT_decoder_gate_abutment_matrix/_pair_trials/PAIR__AND2_MY__WORDLINEDRIVER_R0__g0p0_drc/PAIR__AND2_MY__WORDLINEDRIVER_R0__g0p0.lyrdb
AND2,MY,WORDLINEDRIVER,R0,0.0025,True,0,False,True,False,True,,outputs/PROJECT_decoder_gate_abutment_matrix/_pair_trials/PAIR__AND2_MY__WORDLINEDRIVER_R0__g0p0025.gds,f06373a79d9b0e93c268e00ffaf74804706543a2ba1974b4a0e44ab3890eb489,outputs/PROJECT_decoder_gate_abutment_matrix/_pair_trials/PAIR__AND2_MY__WORDLINEDRIVER_R0__g0p0025_drc/PAIR__AND2_MY__WORDLINEDRIVER_R0__g0p0025.lyrdb
AND2,MY,WORDLINEDRIVER,R0,0.07,True,0,False,True,False,True,,outputs/PROJECT_decoder_gate_abutment_matrix/_pair_trials/PAIR__AND2_MY__WORDLINEDRIVER_R0__g0p07.gds,54b0cd3f592723d9b9c5ac952351209b43e77e153ec26c6d6c8c434c4c9bd2e1,outputs/PROJECT_decoder_gate_abutment_matrix/_pair_trials/PAIR__AND2_MY__WORDLINEDRIVER_R0__g0p07_drc/PAIR__AND2_MY__WORDLINEDRIVER_R0__g0p07.lyrdb
AND2,MY,WORDLINEDRIVER,R0,0.14,True,0,False,True,False,True,,outputs/PROJECT_decoder_gate_abutment_matrix/_pair_trials/PAIR__AND2_MY__WORDLINEDRIVER_R0__g0p14.gds,b7fc88632ee487944df402cef12a092abd977061b4f531c9ed5b59ef830688ce,outputs/PROJECT_decoder_gate_abutment_matrix/_pair_trials/PAIR__AND2_MY__WORDLINEDRIVER_R0__g0p14_drc/PAIR__AND2_MY__WORDLINEDRIVER_R0__g0p14.lyrdb
AND2,MY,WORDLINEDRIVER,R180,0.0,True,0,False,True,False,True,,outputs/PROJECT_decoder_gate_abutment_matrix/_pair_trials/PAIR__AND2_MY__WORDLINEDRIVER_R180__g0p0.gds,dbc3a4f3cb1f4b9ea10c481382871ba335c7d24e219a65568b3b476984ae4a43,outputs/PROJECT_decoder_gate_abutment_matrix/_pair_trials/PAIR__AND2_MY__WORDLINEDRIVER_R180__g0p0_drc/PAIR__AND2_MY__WORDLINEDRIVER_R180__g0p0.lyrdb
AND2,MY,WORDLINEDRIVER,R180,0.0025,True,0,False,True,False,True,,outputs/PROJECT_decoder_gate_abutment_matrix/_pair_trials/PAIR__AND2_MY__WORDLINEDRIVER_R180__g0p0025.gds,25c8fe7769d69148b590cbcb0659d37464d9f392fcd292814586ea2bfbe6aa00,outputs/PROJECT_decoder_gate_abutment_matrix/_pair_trials/PAIR__AND2_MY__WORDLINEDRIVER_R180__g0p0025_drc/PAIR__AND2_MY__WORDLINEDRIVER_R180__g0p0025.lyrdb
AND2,MY,WORDLINEDRIVER,R180,0.07,True,0,False,True,False,True,,outputs/PROJECT_decoder_gate_abutment_matrix/_pair_trials/PAIR__AND2_MY__WORDLINEDRIVER_R180__g0p07.gds,832571eedc35bf44bbecbcb1c9166bcffb8056a299c5265593a6ca17b8b89c85,outputs/PROJECT_decoder_gate_abutment_matrix/_pair_trials/PAIR__AND2_MY__WORDLINEDRIVER_R180__g0p07_drc/PAIR__AND2_MY__WORDLINEDRIVER_R180__g0p07.lyrdb
AND2,MY,WORDLINEDRIVER,R180,0.14,True,0,False,True,False,True,,outputs/PROJECT_decoder_gate_abutment_matrix/_pair_trials/PAIR__AND2_MY__WORDLINEDRIVER_R180__g0p14.gds,37ea2acc91ef5725168379ae78a65331a168db8643be015dcb654132c22583b7,outputs/PROJECT_decoder_gate_abutment_matrix/_pair_trials/PAIR__AND2_MY__WORDLINEDRIVER_R180__g0p14_drc/PAIR__AND2_MY__WORDLINEDRIVER_R180__g0p14.lyrdb
AND2,MY,WORDLINEDRIVER,MX,0.0,False,0,False,False,False,True,,outputs/PROJECT_decoder_gate_abutment_matrix/_pair_trials/PAIR__AND2_MY__WORDLINEDRIVER_MX__g0p0.gds,df036e59a875329ec251c89af404706417a7be3313f636cc43e26c0d5f64e937,outputs/PROJECT_decoder_gate_abutment_matrix/_pair_trials/PAIR__AND2_MY__WORDLINEDRIVER_MX__g0p0_drc/PAIR__AND2_MY__WORDLINEDRIVER_MX__g0p0.lyrdb
AND2,MY,WORDLINEDRIVER,MX,0.0025,False,0,False,False,False,True,,outputs/PROJECT_decoder_gate_abutment_matrix/_pair_trials/PAIR__AND2_MY__WORDLINEDRIVER_MX__g0p0025.gds,4acca4fe41174038c9af56bc6752c6949143e6b2160d6e54290487e678b08d26,outputs/PROJECT_decoder_gate_abutment_matrix/_pair_trials/PAIR__AND2_MY__WORDLINEDRIVER_MX__g0p0025_drc/PAIR__AND2_MY__WORDLINEDRIVER_MX__g0p0025.lyrdb
AND2,MY,WORDLINEDRIVER,MX,0.07,False,0,False,False,False,True,,outputs/PROJECT_decoder_gate_abutment_matrix/_pair_trials/PAIR__AND2_MY__WORDLINEDRIVER_MX__g0p07.gds,e1e8e637557f8018e130fd78be36efd2d239eb687ff673cf6703992c4eb2cb1a,outputs/PROJECT_decoder_gate_abutment_matrix/_pair_trials/PAIR__AND2_MY__WORDLINEDRIVER_MX__g0p07_drc/PAIR__AND2_MY__WORDLINEDRIVER_MX__g0p07.lyrdb
AND2,MY,WORDLINEDRIVER,MX,0.14,False,0,False,False,False,True,,outputs/PROJECT_decoder_gate_abutment_matrix/_pair_trials/PAIR__AND2_MY__WORDLINEDRIVER_MX__g0p14.gds,40c585d76ddb2108bfe96236972870ff6aeb5b598a17df177ce4c123123e36e9,outputs/PROJECT_decoder_gate_abutment_matrix/_pair_trials/PAIR__AND2_MY__WORDLINEDRIVER_MX__g0p14_drc/PAIR__AND2_MY__WORDLINEDRIVER_MX__g0p14.lyrdb
AND2,MY,WORDLINEDRIVER,MY,0.0,True,9,False,True,True,False,drc_marker_count=9,outputs/PROJECT_decoder_gate_abutment_matrix/_pair_trials/PAIR__AND2_MY__WORDLINEDRIVER_MY__g0p0.gds,4e247fe9993605f8d9990ae9fbab72583c0990a1be0a0cdfae81cd6579192fb1,outputs/PROJECT_decoder_gate_abutment_matrix/_pair_trials/PAIR__AND2_MY__WORDLINEDRIVER_MY__g0p0_drc/PAIR__AND2_MY__WORDLINEDRIVER_MY__g0p0.lyrdb
AND2,MY,WORDLINEDRIVER,MY,0.0025,True,7,False,True,True,False,drc_marker_count=7,outputs/PROJECT_decoder_gate_abutment_matrix/_pair_trials/PAIR__AND2_MY__WORDLINEDRIVER_MY__g0p0025.gds,d123900dd3cd7e4d84fc09dce7488d61861e1045512c0a1bb595bf8b94abe87f,outputs/PROJECT_decoder_gate_abutment_matrix/_pair_trials/PAIR__AND2_MY__WORDLINEDRIVER_MY__g0p0025_drc/PAIR__AND2_MY__WORDLINEDRIVER_MY__g0p0025.lyrdb
AND2,MY,WORDLINEDRIVER,MY,0.07,True,16,False,True,True,False,drc_marker_count=16,outputs/PROJECT_decoder_gate_abutment_matrix/_pair_trials/PAIR__AND2_MY__WORDLINEDRIVER_MY__g0p07.gds,55d85ee252fb46bfd47a1dfbd225737872d128bda402b5b3a920bacbee2088f8,outputs/PROJECT_decoder_gate_abutment_matrix/_pair_trials/PAIR__AND2_MY__WORDLINEDRIVER_MY__g0p07_drc/PAIR__AND2_MY__WORDLINEDRIVER_MY__g0p07.lyrdb
AND2,MY,WORDLINEDRIVER,MY,0.14,True,0,False,True,False,True,,outputs/PROJECT_decoder_gate_abutment_matrix/_pair_trials/PAIR__AND2_MY__WORDLINEDRIVER_MY__g0p14.gds,61dd4866bcba0a9b2f1c3d459761c06713e40beaea7900a44bb48b19cace3d24,outputs/PROJECT_decoder_gate_abutment_matrix/_pair_trials/PAIR__AND2_MY__WORDLINEDRIVER_MY__g0p14_drc/PAIR__AND2_MY__WORDLINEDRIVER_MY__g0p14.lyrdb
AND3,R0,PINV,R0,0.0,True,0,False,True,False,True,,outputs/PROJECT_decoder_gate_abutment_matrix/_pair_trials/PAIR__AND3_R0__PINV_R0__g0p0.gds,92fd5fd38c13a6b9f60217a647300712151ab71b27ea5023488f143ee6d3112b,outputs/PROJECT_decoder_gate_abutment_matrix/_pair_trials/PAIR__AND3_R0__PINV_R0__g0p0_drc/PAIR__AND3_R0__PINV_R0__g0p0.lyrdb
AND3,R0,PINV,R0,0.0025,True,1,False,True,True,False,drc_marker_count=1,outputs/PROJECT_decoder_gate_abutment_matrix/_pair_trials/PAIR__AND3_R0__PINV_R0__g0p0025.gds,1a737f99c2338147f9b26b16eaaf0ea9a3110515c5533fc64995ab4400e8753f,outputs/PROJECT_decoder_gate_abutment_matrix/_pair_trials/PAIR__AND3_R0__PINV_R0__g0p0025_drc/PAIR__AND3_R0__PINV_R0__g0p0025.lyrdb
AND3,R0,PINV,R0,0.07,True,1,False,True,True,False,drc_marker_count=1,outputs/PROJECT_decoder_gate_abutment_matrix/_pair_trials/PAIR__AND3_R0__PINV_R0__g0p07.gds,48a910650901188c3eef2fcc3829cbcfaa4528c413664e8d24f62ff5625c5efa,outputs/PROJECT_decoder_gate_abutment_matrix/_pair_trials/PAIR__AND3_R0__PINV_R0__g0p07_drc/PAIR__AND3_R0__PINV_R0__g0p07.lyrdb
AND3,R0,PINV,R0,0.14,True,1,False,True,True,False,drc_marker_count=1,outputs/PROJECT_decoder_gate_abutment_matrix/_pair_trials/PAIR__AND3_R0__PINV_R0__g0p14.gds,1cee207aa72533d757c8dcd5095d22a032c37d33e7d4a62b712217918ce325bb,outputs/PROJECT_decoder_gate_abutment_matrix/_pair_trials/PAIR__AND3_R0__PINV_R0__g0p14_drc/PAIR__AND3_R0__PINV_R0__g0p14.lyrdb
AND3,R0,PINV,R180,0.0,True,0,False,True,False,True,,outputs/PROJECT_decoder_gate_abutment_matrix/_pair_trials/PAIR__AND3_R0__PINV_R180__g0p0.gds,68f8db25a04a9f7688e641ebb6dd0efe49b008a722a9cd3a0ddb0739aa78f7cc,outputs/PROJECT_decoder_gate_abutment_matrix/_pair_trials/PAIR__AND3_R0__PINV_R180__g0p0_drc/PAIR__AND3_R0__PINV_R180__g0p0.lyrdb
AND3,R0,PINV,R180,0.0025,True,0,False,True,False,True,,outputs/PROJECT_decoder_gate_abutment_matrix/_pair_trials/PAIR__AND3_R0__PINV_R180__g0p0025.gds,b604e9b6d6ad9151953681b66e8c02967435f83c742cd7f8ccad5bb73a0a4202,outputs/PROJECT_decoder_gate_abutment_matrix/_pair_trials/PAIR__AND3_R0__PINV_R180__g0p0025_drc/PAIR__AND3_R0__PINV_R180__g0p0025.lyrdb
AND3,R0,PINV,R180,0.07,True,0,False,True,False,True,,outputs/PROJECT_decoder_gate_abutment_matrix/_pair_trials/PAIR__AND3_R0__PINV_R180__g0p07.gds,0c4d0f3abe9aec0afc7b9f6b8bdc3a1024e0b77afa1369d5a6f11190c04b7df6,outputs/PROJECT_decoder_gate_abutment_matrix/_pair_trials/PAIR__AND3_R0__PINV_R180__g0p07_drc/PAIR__AND3_R0__PINV_R180__g0p07.lyrdb
AND3,R0,PINV,R180,0.14,True,0,False,True,False,True,,outputs/PROJECT_decoder_gate_abutment_matrix/_pair_trials/PAIR__AND3_R0__PINV_R180__g0p14.gds,747f0cf4429f57adf6b1f76e5892cbe218d3a679079e2f1217b750f38225c4a0,outputs/PROJECT_decoder_gate_abutment_matrix/_pair_trials/PAIR__AND3_R0__PINV_R180__g0p14_drc/PAIR__AND3_R0__PINV_R180__g0p14.lyrdb
AND3,R0,PINV,MX,0.0,False,0,False,False,False,True,,outputs/PROJECT_decoder_gate_abutment_matrix/_pair_trials/PAIR__AND3_R0__PINV_MX__g0p0.gds,9e27c9bc0360020326315db80aa61a880f7e6325796d9b2886111ee281e15a57,outputs/PROJECT_decoder_gate_abutment_matrix/_pair_trials/PAIR__AND3_R0__PINV_MX__g0p0_drc/PAIR__AND3_R0__PINV_MX__g0p0.lyrdb
AND3,R0,PINV,MX,0.0025,False,1,False,False,True,False,drc_marker_count=1,outputs/PROJECT_decoder_gate_abutment_matrix/_pair_trials/PAIR__AND3_R0__PINV_MX__g0p0025.gds,d1dae0e54a6f25dea2daf7d6d85e6788979ae23ae454971091a8d0059b91d401,outputs/PROJECT_decoder_gate_abutment_matrix/_pair_trials/PAIR__AND3_R0__PINV_MX__g0p0025_drc/PAIR__AND3_R0__PINV_MX__g0p0025.lyrdb
AND3,R0,PINV,MX,0.07,False,1,False,False,True,False,drc_marker_count=1,outputs/PROJECT_decoder_gate_abutment_matrix/_pair_trials/PAIR__AND3_R0__PINV_MX__g0p07.gds,d5c4440bc87204d003ec65607ad0b7ece90091f6cfa100a6f254f9c82695e5f2,outputs/PROJECT_decoder_gate_abutment_matrix/_pair_trials/PAIR__AND3_R0__PINV_MX__g0p07_drc/PAIR__AND3_R0__PINV_MX__g0p07.lyrdb
AND3,R0,PINV,MX,0.14,False,1,False,False,True,False,drc_marker_count=1,outputs/PROJECT_decoder_gate_abutment_matrix/_pair_trials/PAIR__AND3_R0__PINV_MX__g0p14.gds,df18b7eea703129b9063d85df38153e0926391f2771eb2e5adb60156a4847bb3,outputs/PROJECT_decoder_gate_abutment_matrix/_pair_trials/PAIR__AND3_R0__PINV_MX__g0p14_drc/PAIR__AND3_R0__PINV_MX__g0p14.lyrdb
AND3,R0,PINV,MY,0.0,True,38,False,True,True,False,drc_marker_count=38,outputs/PROJECT_decoder_gate_abutment_matrix/_pair_trials/PAIR__AND3_R0__PINV_MY__g0p0.gds,62d77c8ac1ed22bf4d7daaed6f2146344419dd508ac37e15ece63f253782df0c,outputs/PROJECT_decoder_gate_abutment_matrix/_pair_trials/PAIR__AND3_R0__PINV_MY__g0p0_drc/PAIR__AND3_R0__PINV_MY__g0p0.lyrdb
AND3,R0,PINV,MY,0.0025,True,42,False,True,True,False,drc_marker_count=42,outputs/PROJECT_decoder_gate_abutment_matrix/_pair_trials/PAIR__AND3_R0__PINV_MY__g0p0025.gds,bf2137f380804470e63f518503d4a83c7387cbd868359c7ca835df1b0833edb2,outputs/PROJECT_decoder_gate_abutment_matrix/_pair_trials/PAIR__AND3_R0__PINV_MY__g0p0025_drc/PAIR__AND3_R0__PINV_MY__g0p0025.lyrdb
AND3,R0,PINV,MY,0.07,True,20,False,True,True,False,drc_marker_count=20,outputs/PROJECT_decoder_gate_abutment_matrix/_pair_trials/PAIR__AND3_R0__PINV_MY__g0p07.gds,f582b66be4ee8aef27782005417fe09de047e92c9ad500366f4b2550c752acf3,outputs/PROJECT_decoder_gate_abutment_matrix/_pair_trials/PAIR__AND3_R0__PINV_MY__g0p07_drc/PAIR__AND3_R0__PINV_MY__g0p07.lyrdb
AND3,R0,PINV,MY,0.14,True,44,False,True,True,False,drc_marker_count=44,outputs/PROJECT_decoder_gate_abutment_matrix/_pair_trials/PAIR__AND3_R0__PINV_MY__g0p14.gds,2f1f677a4744355452560824c328241e7425f4e43f429f19da3e24f8d9869556,outputs/PROJECT_decoder_gate_abutment_matrix/_pair_trials/PAIR__AND3_R0__PINV_MY__g0p14_drc/PAIR__AND3_R0__PINV_MY__g0p14.lyrdb
AND3,R0,PNAND2,R0,0.0,True,0,False,True,False,True,,outputs/PROJECT_decoder_gate_abutment_matrix/_pair_trials/PAIR__AND3_R0__PNAND2_R0__g0p0.gds,0a0f83354528b1ca7f0f34e15719a5f32acc7fada928dc72586092324acb1916,outputs/PROJECT_decoder_gate_abutment_matrix/_pair_trials/PAIR__AND3_R0__PNAND2_R0__g0p0_drc/PAIR__AND3_R0__PNAND2_R0__g0p0.lyrdb
AND3,R0,PNAND2,R0,0.0025,True,1,False,True,True,False,drc_marker_count=1,outputs/PROJECT_decoder_gate_abutment_matrix/_pair_trials/PAIR__AND3_R0__PNAND2_R0__g0p0025.gds,df8ee9de3a326d467b27cfa3e773be729dd3877681148193ac7a02f1bcd1de7f,outputs/PROJECT_decoder_gate_abutment_matrix/_pair_trials/PAIR__AND3_R0__PNAND2_R0__g0p0025_drc/PAIR__AND3_R0__PNAND2_R0__g0p0025.lyrdb
AND3,R0,PNAND2,R0,0.07,True,1,False,True,True,False,drc_marker_count=1,outputs/PROJECT_decoder_gate_abutment_matrix/_pair_trials/PAIR__AND3_R0__PNAND2_R0__g0p07.gds,66a18422c4d82894377ef3439c275e11e9cad06b9e21bcba87c264f3a0960f3a,outputs/PROJECT_decoder_gate_abutment_matrix/_pair_trials/PAIR__AND3_R0__PNAND2_R0__g0p07_drc/PAIR__AND3_R0__PNAND2_R0__g0p07.lyrdb
AND3,R0,PNAND2,R0,0.14,True,1,False,True,True,False,drc_marker_count=1,outputs/PROJECT_decoder_gate_abutment_matrix/_pair_trials/PAIR__AND3_R0__PNAND2_R0__g0p14.gds,d78a10dffb2490a64017570647d28fd5bb7cbcf06ad9374addfef803265d6e5a,outputs/PROJECT_decoder_gate_abutment_matrix/_pair_trials/PAIR__AND3_R0__PNAND2_R0__g0p14_drc/PAIR__AND3_R0__PNAND2_R0__g0p14.lyrdb
AND3,R0,PNAND2,R180,0.0,True,0,False,True,False,True,,outputs/PROJECT_decoder_gate_abutment_matrix/_pair_trials/PAIR__AND3_R0__PNAND2_R180__g0p0.gds,7bd9e21d94f97bc461c53ca1ce497d38b99f78bead8eec982bac287bcedb8418,outputs/PROJECT_decoder_gate_abutment_matrix/_pair_trials/PAIR__AND3_R0__PNAND2_R180__g0p0_drc/PAIR__AND3_R0__PNAND2_R180__g0p0.lyrdb
AND3,R0,PNAND2,R180,0.0025,True,0,False,True,False,True,,outputs/PROJECT_decoder_gate_abutment_matrix/_pair_trials/PAIR__AND3_R0__PNAND2_R180__g0p0025.gds,36880a2604982a644039538ccce91814a9200ea87fb9e5e5b06050226e76fa3b,outputs/PROJECT_decoder_gate_abutment_matrix/_pair_trials/PAIR__AND3_R0__PNAND2_R180__g0p0025_drc/PAIR__AND3_R0__PNAND2_R180__g0p0025.lyrdb
AND3,R0,PNAND2,R180,0.07,True,0,False,True,False,True,,outputs/PROJECT_decoder_gate_abutment_matrix/_pair_trials/PAIR__AND3_R0__PNAND2_R180__g0p07.gds,35c04db090e4f01b8a2194fe42b8dc4146081abd3f5f5468f9193514031427c0,outputs/PROJECT_decoder_gate_abutment_matrix/_pair_trials/PAIR__AND3_R0__PNAND2_R180__g0p07_drc/PAIR__AND3_R0__PNAND2_R180__g0p07.lyrdb
AND3,R0,PNAND2,R180,0.14,True,0,False,True,False,True,,outputs/PROJECT_decoder_gate_abutment_matrix/_pair_trials/PAIR__AND3_R0__PNAND2_R180__g0p14.gds,b1a1ed910539fb497b6133d126133352cd0ff1a893ae5a5d4227a272f194748c,outputs/PROJECT_decoder_gate_abutment_matrix/_pair_trials/PAIR__AND3_R0__PNAND2_R180__g0p14_drc/PAIR__AND3_R0__PNAND2_R180__g0p14.lyrdb
AND3,R0,PNAND2,MX,0.0,False,0,False,False,False,True,,outputs/PROJECT_decoder_gate_abutment_matrix/_pair_trials/PAIR__AND3_R0__PNAND2_MX__g0p0.gds,51007083bd00236d78436b10de3a6df8bbbe9e2ff0bc83147f43068bf6a13423,outputs/PROJECT_decoder_gate_abutment_matrix/_pair_trials/PAIR__AND3_R0__PNAND2_MX__g0p0_drc/PAIR__AND3_R0__PNAND2_MX__g0p0.lyrdb
AND3,R0,PNAND2,MX,0.0025,False,1,False,False,True,False,drc_marker_count=1,outputs/PROJECT_decoder_gate_abutment_matrix/_pair_trials/PAIR__AND3_R0__PNAND2_MX__g0p0025.gds,eb85c16e18851cbfc6463c3a729fdee63517615d12ea58c6604b098c7967390e,outputs/PROJECT_decoder_gate_abutment_matrix/_pair_trials/PAIR__AND3_R0__PNAND2_MX__g0p0025_drc/PAIR__AND3_R0__PNAND2_MX__g0p0025.lyrdb
AND3,R0,PNAND2,MX,0.07,False,1,False,False,True,False,drc_marker_count=1,outputs/PROJECT_decoder_gate_abutment_matrix/_pair_trials/PAIR__AND3_R0__PNAND2_MX__g0p07.gds,a7626049273e9500ac058fc5b5b12221584ecf2c6626ab4f5a011bfb82834c2e,outputs/PROJECT_decoder_gate_abutment_matrix/_pair_trials/PAIR__AND3_R0__PNAND2_MX__g0p07_drc/PAIR__AND3_R0__PNAND2_MX__g0p07.lyrdb
AND3,R0,PNAND2,MX,0.14,False,1,False,False,True,False,drc_marker_count=1,outputs/PROJECT_decoder_gate_abutment_matrix/_pair_trials/PAIR__AND3_R0__PNAND2_MX__g0p14.gds,616a6ad6fd4cf5b09b9ce4db3fb0dfb38a951e07392ce852dec7e1e484147dc1,outputs/PROJECT_decoder_gate_abutment_matrix/_pair_trials/PAIR__AND3_R0__PNAND2_MX__g0p14_drc/PAIR__AND3_R0__PNAND2_MX__g0p14.lyrdb
AND3,R0,PNAND2,MY,0.0,True,56,False,True,True,False,drc_marker_count=56,outputs/PROJECT_decoder_gate_abutment_matrix/_pair_trials/PAIR__AND3_R0__PNAND2_MY__g0p0.gds,6c1273db156cc018f742ee6967d7b104d8c02b068789a54ee8588aef94c94a48,outputs/PROJECT_decoder_gate_abutment_matrix/_pair_trials/PAIR__AND3_R0__PNAND2_MY__g0p0_drc/PAIR__AND3_R0__PNAND2_MY__g0p0.lyrdb
AND3,R0,PNAND2,MY,0.0025,True,54,False,True,True,False,drc_marker_count=54,outputs/PROJECT_decoder_gate_abutment_matrix/_pair_trials/PAIR__AND3_R0__PNAND2_MY__g0p0025.gds,abfc4045376b789cd0f98f1ffc8da2b27aa1235237e12d0d47a6581e33d02860,outputs/PROJECT_decoder_gate_abutment_matrix/_pair_trials/PAIR__AND3_R0__PNAND2_MY__g0p0025_drc/PAIR__AND3_R0__PNAND2_MY__g0p0025.lyrdb
AND3,R0,PNAND2,MY,0.07,True,27,False,True,True,False,drc_marker_count=27,outputs/PROJECT_decoder_gate_abutment_matrix/_pair_trials/PAIR__AND3_R0__PNAND2_MY__g0p07.gds,1a48b7cc383e23528c980e20c98e5e69c7f783d195a779881bdc3126cc000026,outputs/PROJECT_decoder_gate_abutment_matrix/_pair_trials/PAIR__AND3_R0__PNAND2_MY__g0p07_drc/PAIR__AND3_R0__PNAND2_MY__g0p07.lyrdb
AND3,R0,PNAND2,MY,0.14,True,69,False,True,True,False,drc_marker_count=69,outputs/PROJECT_decoder_gate_abutment_matrix/_pair_trials/PAIR__AND3_R0__PNAND2_MY__g0p14.gds,68508d85a66791000abae388b5eb233294b1bd09f72b12fc65e728910eb24867,outputs/PROJECT_decoder_gate_abutment_matrix/_pair_trials/PAIR__AND3_R0__PNAND2_MY__g0p14_drc/PAIR__AND3_R0__PNAND2_MY__g0p14.lyrdb
AND3,R0,PNAND3,R0,0.0,True,0,False,True,False,True,,outputs/PROJECT_decoder_gate_abutment_matrix/_pair_trials/PAIR__AND3_R0__PNAND3_R0__g0p0.gds,e034653f49e427a0058beb361f0f5f80a65a59e41c7731e578f3591905e511e7,outputs/PROJECT_decoder_gate_abutment_matrix/_pair_trials/PAIR__AND3_R0__PNAND3_R0__g0p0_drc/PAIR__AND3_R0__PNAND3_R0__g0p0.lyrdb
AND3,R0,PNAND3,R0,0.0025,True,1,False,True,True,False,drc_marker_count=1,outputs/PROJECT_decoder_gate_abutment_matrix/_pair_trials/PAIR__AND3_R0__PNAND3_R0__g0p0025.gds,c3d38ababf657ef69958a8774e1391005e30dfaaf9a363f6568f719a33accef9,outputs/PROJECT_decoder_gate_abutment_matrix/_pair_trials/PAIR__AND3_R0__PNAND3_R0__g0p0025_drc/PAIR__AND3_R0__PNAND3_R0__g0p0025.lyrdb
AND3,R0,PNAND3,R0,0.07,True,1,False,True,True,False,drc_marker_count=1,outputs/PROJECT_decoder_gate_abutment_matrix/_pair_trials/PAIR__AND3_R0__PNAND3_R0__g0p07.gds,e649ec728584e713c9cb12e01d4065a650a96728631e3425b8ad168b55b6e096,outputs/PROJECT_decoder_gate_abutment_matrix/_pair_trials/PAIR__AND3_R0__PNAND3_R0__g0p07_drc/PAIR__AND3_R0__PNAND3_R0__g0p07.lyrdb
AND3,R0,PNAND3,R0,0.14,True,1,False,True,True,False,drc_marker_count=1,outputs/PROJECT_decoder_gate_abutment_matrix/_pair_trials/PAIR__AND3_R0__PNAND3_R0__g0p14.gds,10a6bdfb4fe348146678fa1a6df5c66f4d16caf7361740b9434a8b0860454cfa,outputs/PROJECT_decoder_gate_abutment_matrix/_pair_trials/PAIR__AND3_R0__PNAND3_R0__g0p14_drc/PAIR__AND3_R0__PNAND3_R0__g0p14.lyrdb
AND3,R0,PNAND3,R180,0.0,True,0,False,True,False,True,,outputs/PROJECT_decoder_gate_abutment_matrix/_pair_trials/PAIR__AND3_R0__PNAND3_R180__g0p0.gds,ec321252cd6e2bb8f2cb0bd34ea7f7431949dd22015ebc6ed454f31e78f66ee3,outputs/PROJECT_decoder_gate_abutment_matrix/_pair_trials/PAIR__AND3_R0__PNAND3_R180__g0p0_drc/PAIR__AND3_R0__PNAND3_R180__g0p0.lyrdb
AND3,R0,PNAND3,R180,0.0025,True,0,False,True,False,True,,outputs/PROJECT_decoder_gate_abutment_matrix/_pair_trials/PAIR__AND3_R0__PNAND3_R180__g0p0025.gds,c05ea616a9aaec199271acb7c6021b5173aecf5eac165b81649a8db6b11855b9,outputs/PROJECT_decoder_gate_abutment_matrix/_pair_trials/PAIR__AND3_R0__PNAND3_R180__g0p0025_drc/PAIR__AND3_R0__PNAND3_R180__g0p0025.lyrdb
AND3,R0,PNAND3,R180,0.07,True,0,False,True,False,True,,outputs/PROJECT_decoder_gate_abutment_matrix/_pair_trials/PAIR__AND3_R0__PNAND3_R180__g0p07.gds,cdd1e86d51ed7fcfcda619d873c53bffcca75f21e7ab9006c5807a996799553e,outputs/PROJECT_decoder_gate_abutment_matrix/_pair_trials/PAIR__AND3_R0__PNAND3_R180__g0p07_drc/PAIR__AND3_R0__PNAND3_R180__g0p07.lyrdb
AND3,R0,PNAND3,R180,0.14,True,0,False,True,False,True,,outputs/PROJECT_decoder_gate_abutment_matrix/_pair_trials/PAIR__AND3_R0__PNAND3_R180__g0p14.gds,f228ebea549128f1c94e2824779301ac0e02cce9d47aaefdcf9f30a0ecc50188,outputs/PROJECT_decoder_gate_abutment_matrix/_pair_trials/PAIR__AND3_R0__PNAND3_R180__g0p14_drc/PAIR__AND3_R0__PNAND3_R180__g0p14.lyrdb
AND3,R0,PNAND3,MX,0.0,False,0,False,False,False,True,,outputs/PROJECT_decoder_gate_abutment_matrix/_pair_trials/PAIR__AND3_R0__PNAND3_MX__g0p0.gds,19b86886bcf594fff11ba4c695a1fb8b4f97a60159af8610648a30ca9427d557,outputs/PROJECT_decoder_gate_abutment_matrix/_pair_trials/PAIR__AND3_R0__PNAND3_MX__g0p0_drc/PAIR__AND3_R0__PNAND3_MX__g0p0.lyrdb
AND3,R0,PNAND3,MX,0.0025,False,1,False,False,True,False,drc_marker_count=1,outputs/PROJECT_decoder_gate_abutment_matrix/_pair_trials/PAIR__AND3_R0__PNAND3_MX__g0p0025.gds,c9ade90d03e7f4942dc5bde984ac2212599ac6d361d0e614c5fb3997fc581c25,outputs/PROJECT_decoder_gate_abutment_matrix/_pair_trials/PAIR__AND3_R0__PNAND3_MX__g0p0025_drc/PAIR__AND3_R0__PNAND3_MX__g0p0025.lyrdb
AND3,R0,PNAND3,MX,0.07,False,1,False,False,True,False,drc_marker_count=1,outputs/PROJECT_decoder_gate_abutment_matrix/_pair_trials/PAIR__AND3_R0__PNAND3_MX__g0p07.gds,64e9da81015c85e9b8b2e5cd84cf3b0cc14f7dca403c38c74830f10c73d0f326,outputs/PROJECT_decoder_gate_abutment_matrix/_pair_trials/PAIR__AND3_R0__PNAND3_MX__g0p07_drc/PAIR__AND3_R0__PNAND3_MX__g0p07.lyrdb
AND3,R0,PNAND3,MX,0.14,False,1,False,False,True,False,drc_marker_count=1,outputs/PROJECT_decoder_gate_abutment_matrix/_pair_trials/PAIR__AND3_R0__PNAND3_MX__g0p14.gds,387e06344557be614c024fa1ec1365abf08b104bdcffa4d99c35896108afade2,outputs/PROJECT_decoder_gate_abutment_matrix/_pair_trials/PAIR__AND3_R0__PNAND3_MX__g0p14_drc/PAIR__AND3_R0__PNAND3_MX__g0p14.lyrdb
AND3,R0,PNAND3,MY,0.0,True,62,False,True,True,False,drc_marker_count=62,outputs/PROJECT_decoder_gate_abutment_matrix/_pair_trials/PAIR__AND3_R0__PNAND3_MY__g0p0.gds,0b182b2e0c7bbc77de143213c6f75cac9bcb674a641857e9f0edada5b37625b0,outputs/PROJECT_decoder_gate_abutment_matrix/_pair_trials/PAIR__AND3_R0__PNAND3_MY__g0p0_drc/PAIR__AND3_R0__PNAND3_MY__g0p0.lyrdb
AND3,R0,PNAND3,MY,0.0025,True,59,False,True,True,False,drc_marker_count=59,outputs/PROJECT_decoder_gate_abutment_matrix/_pair_trials/PAIR__AND3_R0__PNAND3_MY__g0p0025.gds,ce8007a153936b447fb4f18e3d0c7e66cddb2008e72a985ef9ecd271df58194c,outputs/PROJECT_decoder_gate_abutment_matrix/_pair_trials/PAIR__AND3_R0__PNAND3_MY__g0p0025_drc/PAIR__AND3_R0__PNAND3_MY__g0p0025.lyrdb
AND3,R0,PNAND3,MY,0.07,True,32,False,True,True,False,drc_marker_count=32,outputs/PROJECT_decoder_gate_abutment_matrix/_pair_trials/PAIR__AND3_R0__PNAND3_MY__g0p07.gds,f29bf154c46c1279724cc8dae1d094bc02728697c74fd2fc02b0719d4a0ea14a,outputs/PROJECT_decoder_gate_abutment_matrix/_pair_trials/PAIR__AND3_R0__PNAND3_MY__g0p07_drc/PAIR__AND3_R0__PNAND3_MY__g0p07.lyrdb
AND3,R0,PNAND3,MY,0.14,True,46,False,True,True,False,drc_marker_count=46,outputs/PROJECT_decoder_gate_abutment_matrix/_pair_trials/PAIR__AND3_R0__PNAND3_MY__g0p14.gds,bade8049b537b1bb2a00429a0ea3cf524d444c4ca4d7a8f06359333ba584e3d7,outputs/PROJECT_decoder_gate_abutment_matrix/_pair_trials/PAIR__AND3_R0__PNAND3_MY__g0p14_drc/PAIR__AND3_R0__PNAND3_MY__g0p14.lyrdb
AND3,R0,AND2,R0,0.0,True,0,False,True,False,True,,outputs/PROJECT_decoder_gate_abutment_matrix/_pair_trials/PAIR__AND3_R0__AND2_R0__g0p0.gds,adf6aa29b0d5e3d17491ea292f8762f034907a66b6ee09b419afa2bb69ea999f,outputs/PROJECT_decoder_gate_abutment_matrix/_pair_trials/PAIR__AND3_R0__AND2_R0__g0p0_drc/PAIR__AND3_R0__AND2_R0__g0p0.lyrdb
AND3,R0,AND2,R0,0.0025,True,1,False,True,True,False,drc_marker_count=1,outputs/PROJECT_decoder_gate_abutment_matrix/_pair_trials/PAIR__AND3_R0__AND2_R0__g0p0025.gds,aeb3c6323736cdea5a13ac923c4dfa46e8b4a8112257f6e63cb3d84e0722486c,outputs/PROJECT_decoder_gate_abutment_matrix/_pair_trials/PAIR__AND3_R0__AND2_R0__g0p0025_drc/PAIR__AND3_R0__AND2_R0__g0p0025.lyrdb
AND3,R0,AND2,R0,0.07,True,1,False,True,True,False,drc_marker_count=1,outputs/PROJECT_decoder_gate_abutment_matrix/_pair_trials/PAIR__AND3_R0__AND2_R0__g0p07.gds,e3bb933fc1c64fe315396983fe53d234e627c9159f649f2cd2d877a92115e075,outputs/PROJECT_decoder_gate_abutment_matrix/_pair_trials/PAIR__AND3_R0__AND2_R0__g0p07_drc/PAIR__AND3_R0__AND2_R0__g0p07.lyrdb
AND3,R0,AND2,R0,0.14,True,1,False,True,True,False,drc_marker_count=1,outputs/PROJECT_decoder_gate_abutment_matrix/_pair_trials/PAIR__AND3_R0__AND2_R0__g0p14.gds,10e0653eddf71a6f4132c74c87be6fd3836362644bb4a8c7c380ea774ad106cc,outputs/PROJECT_decoder_gate_abutment_matrix/_pair_trials/PAIR__AND3_R0__AND2_R0__g0p14_drc/PAIR__AND3_R0__AND2_R0__g0p14.lyrdb
AND3,R0,AND2,R180,0.0,True,0,False,True,False,True,,outputs/PROJECT_decoder_gate_abutment_matrix/_pair_trials/PAIR__AND3_R0__AND2_R180__g0p0.gds,e6fee028389fe93d39f2e88331a279a16d256693864999f30454043de6a81ada,outputs/PROJECT_decoder_gate_abutment_matrix/_pair_trials/PAIR__AND3_R0__AND2_R180__g0p0_drc/PAIR__AND3_R0__AND2_R180__g0p0.lyrdb
AND3,R0,AND2,R180,0.0025,True,0,False,True,False,True,,outputs/PROJECT_decoder_gate_abutment_matrix/_pair_trials/PAIR__AND3_R0__AND2_R180__g0p0025.gds,a84c933bc534d0f92fd86599af19f45a67bce777e72b19d6ca779582b1a99fbf,outputs/PROJECT_decoder_gate_abutment_matrix/_pair_trials/PAIR__AND3_R0__AND2_R180__g0p0025_drc/PAIR__AND3_R0__AND2_R180__g0p0025.lyrdb
AND3,R0,AND2,R180,0.07,True,0,False,True,False,True,,outputs/PROJECT_decoder_gate_abutment_matrix/_pair_trials/PAIR__AND3_R0__AND2_R180__g0p07.gds,e581fa258d8c996faded4fa1a13a64964830f80ab7437855afa18ddd338e8eb7,outputs/PROJECT_decoder_gate_abutment_matrix/_pair_trials/PAIR__AND3_R0__AND2_R180__g0p07_drc/PAIR__AND3_R0__AND2_R180__g0p07.lyrdb
AND3,R0,AND2,R180,0.14,True,0,False,True,False,True,,outputs/PROJECT_decoder_gate_abutment_matrix/_pair_trials/PAIR__AND3_R0__AND2_R180__g0p14.gds,6fd0224c483bf60b3b530406094fa6e52a3c4b0bea3b7c8fb39d0a82259818a5,outputs/PROJECT_decoder_gate_abutment_matrix/_pair_trials/PAIR__AND3_R0__AND2_R180__g0p14_drc/PAIR__AND3_R0__AND2_R180__g0p14.lyrdb
AND3,R0,AND2,MX,0.0,False,0,False,False,False,True,,outputs/PROJECT_decoder_gate_abutment_matrix/_pair_trials/PAIR__AND3_R0__AND2_MX__g0p0.gds,1948ff0c2521e42236366d47a76322e657380d66cc95abbeb30e573a7f5055dc,outputs/PROJECT_decoder_gate_abutment_matrix/_pair_trials/PAIR__AND3_R0__AND2_MX__g0p0_drc/PAIR__AND3_R0__AND2_MX__g0p0.lyrdb
AND3,R0,AND2,MX,0.0025,False,1,False,False,True,False,drc_marker_count=1,outputs/PROJECT_decoder_gate_abutment_matrix/_pair_trials/PAIR__AND3_R0__AND2_MX__g0p0025.gds,4fa9077bb13a053c11fbe133658c0f5bd90d71acab3c1c23aafad67575f3dca7,outputs/PROJECT_decoder_gate_abutment_matrix/_pair_trials/PAIR__AND3_R0__AND2_MX__g0p0025_drc/PAIR__AND3_R0__AND2_MX__g0p0025.lyrdb
AND3,R0,AND2,MX,0.07,False,1,False,False,True,False,drc_marker_count=1,outputs/PROJECT_decoder_gate_abutment_matrix/_pair_trials/PAIR__AND3_R0__AND2_MX__g0p07.gds,42a7281f0bf9799c9797d55a2bb4db722d907bfe0943a99ee5d92695ade6a6fd,outputs/PROJECT_decoder_gate_abutment_matrix/_pair_trials/PAIR__AND3_R0__AND2_MX__g0p07_drc/PAIR__AND3_R0__AND2_MX__g0p07.lyrdb
AND3,R0,AND2,MX,0.14,False,1,False,False,True,False,drc_marker_count=1,outputs/PROJECT_decoder_gate_abutment_matrix/_pair_trials/PAIR__AND3_R0__AND2_MX__g0p14.gds,9c124f456b6b6b3b7c7b4ea76af090daa9180c513f89913fc132eb024ee8833c,outputs/PROJECT_decoder_gate_abutment_matrix/_pair_trials/PAIR__AND3_R0__AND2_MX__g0p14_drc/PAIR__AND3_R0__AND2_MX__g0p14.lyrdb
AND3,R0,AND2,MY,0.0,True,65,False,True,True,False,drc_marker_count=65,outputs/PROJECT_decoder_gate_abutment_matrix/_pair_trials/PAIR__AND3_R0__AND2_MY__g0p0.gds,7e99c36376563dce4bcc4a0bf959685a4be4af75403e94c414473efae7a6c4fb,outputs/PROJECT_decoder_gate_abutment_matrix/_pair_trials/PAIR__AND3_R0__AND2_MY__g0p0_drc/PAIR__AND3_R0__AND2_MY__g0p0.lyrdb
AND3,R0,AND2,MY,0.0025,True,56,False,True,True,False,drc_marker_count=56,outputs/PROJECT_decoder_gate_abutment_matrix/_pair_trials/PAIR__AND3_R0__AND2_MY__g0p0025.gds,55b2bd9429a052dcbef7360b2416f0101ef496a5b30652ba901a92133e18b408,outputs/PROJECT_decoder_gate_abutment_matrix/_pair_trials/PAIR__AND3_R0__AND2_MY__g0p0025_drc/PAIR__AND3_R0__AND2_MY__g0p0025.lyrdb
AND3,R0,AND2,MY,0.07,True,120,False,True,True,False,drc_marker_count=120,outputs/PROJECT_decoder_gate_abutment_matrix/_pair_trials/PAIR__AND3_R0__AND2_MY__g0p07.gds,fdd0ca726bf16de0b2ffd95240c361c875c1d150c361f2e13640082e99f2d895,outputs/PROJECT_decoder_gate_abutment_matrix/_pair_trials/PAIR__AND3_R0__AND2_MY__g0p07_drc/PAIR__AND3_R0__AND2_MY__g0p07.lyrdb
AND3,R0,AND2,MY,0.14,True,76,False,True,True,False,drc_marker_count=76,outputs/PROJECT_decoder_gate_abutment_matrix/_pair_trials/PAIR__AND3_R0__AND2_MY__g0p14.gds,54e7a4f3a68c67ecfb7a7d7e2abeb06022fec8d30a0a96417ed389073ac39ef1,outputs/PROJECT_decoder_gate_abutment_matrix/_pair_trials/PAIR__AND3_R0__AND2_MY__g0p14_drc/PAIR__AND3_R0__AND2_MY__g0p14.lyrdb
AND3,R0,AND3,R0,0.0,True,0,False,True,False,True,,outputs/PROJECT_decoder_gate_abutment_matrix/_pair_trials/PAIR__AND3_R0__AND3_R0__g0p0.gds,ce814a41dd4d729e62f00714e4505cb558a3ae26ce3101df1d8bab7e5e38270c,outputs/PROJECT_decoder_gate_abutment_matrix/_pair_trials/PAIR__AND3_R0__AND3_R0__g0p0_drc/PAIR__AND3_R0__AND3_R0__g0p0.lyrdb
AND3,R0,AND3,R0,0.0025,True,1,False,True,True,False,drc_marker_count=1,outputs/PROJECT_decoder_gate_abutment_matrix/_pair_trials/PAIR__AND3_R0__AND3_R0__g0p0025.gds,6e25289d26bcb384d6eb0d2bd65e04a2978265a3e34e564e967f8cf44f10622f,outputs/PROJECT_decoder_gate_abutment_matrix/_pair_trials/PAIR__AND3_R0__AND3_R0__g0p0025_drc/PAIR__AND3_R0__AND3_R0__g0p0025.lyrdb
AND3,R0,AND3,R0,0.07,True,1,False,True,True,False,drc_marker_count=1,outputs/PROJECT_decoder_gate_abutment_matrix/_pair_trials/PAIR__AND3_R0__AND3_R0__g0p07.gds,ebd7595e406f4749d7363e1494537d3076a045bb109e3e763c8f9287eb53dfd2,outputs/PROJECT_decoder_gate_abutment_matrix/_pair_trials/PAIR__AND3_R0__AND3_R0__g0p07_drc/PAIR__AND3_R0__AND3_R0__g0p07.lyrdb
AND3,R0,AND3,R0,0.14,True,1,False,True,True,False,drc_marker_count=1,outputs/PROJECT_decoder_gate_abutment_matrix/_pair_trials/PAIR__AND3_R0__AND3_R0__g0p14.gds,038ce1f08491051797aa901f0e6e19dc2186eee353ac3e3c9ba3fdc69e97c5d6,outputs/PROJECT_decoder_gate_abutment_matrix/_pair_trials/PAIR__AND3_R0__AND3_R0__g0p14_drc/PAIR__AND3_R0__AND3_R0__g0p14.lyrdb
AND3,R0,AND3,R180,0.0,True,0,False,True,False,True,,outputs/PROJECT_decoder_gate_abutment_matrix/_pair_trials/PAIR__AND3_R0__AND3_R180__g0p0.gds,2559185deec55528d9c4555fe4f971552da933e707a33cd7759b3256764c19e6,outputs/PROJECT_decoder_gate_abutment_matrix/_pair_trials/PAIR__AND3_R0__AND3_R180__g0p0_drc/PAIR__AND3_R0__AND3_R180__g0p0.lyrdb
AND3,R0,AND3,R180,0.0025,True,0,False,True,False,True,,outputs/PROJECT_decoder_gate_abutment_matrix/_pair_trials/PAIR__AND3_R0__AND3_R180__g0p0025.gds,b752b914eb969b579b415774faf7370b54f0a6feec72580481ff8c8a004462d2,outputs/PROJECT_decoder_gate_abutment_matrix/_pair_trials/PAIR__AND3_R0__AND3_R180__g0p0025_drc/PAIR__AND3_R0__AND3_R180__g0p0025.lyrdb
AND3,R0,AND3,R180,0.07,True,0,False,True,False,True,,outputs/PROJECT_decoder_gate_abutment_matrix/_pair_trials/PAIR__AND3_R0__AND3_R180__g0p07.gds,3bc9574dee8b3d60fba06246cc9b546a1ca5979aa0a4ff9d3353b1d3f2352750,outputs/PROJECT_decoder_gate_abutment_matrix/_pair_trials/PAIR__AND3_R0__AND3_R180__g0p07_drc/PAIR__AND3_R0__AND3_R180__g0p07.lyrdb
AND3,R0,AND3,R180,0.14,True,0,False,True,False,True,,outputs/PROJECT_decoder_gate_abutment_matrix/_pair_trials/PAIR__AND3_R0__AND3_R180__g0p14.gds,3add8055d3258dca775d0302703fe6b1aeefc75ab93faa176ded3c01d066c150,outputs/PROJECT_decoder_gate_abutment_matrix/_pair_trials/PAIR__AND3_R0__AND3_R180__g0p14_drc/PAIR__AND3_R0__AND3_R180__g0p14.lyrdb
AND3,R0,AND3,MX,0.0,False,0,False,False,False,True,,outputs/PROJECT_decoder_gate_abutment_matrix/_pair_trials/PAIR__AND3_R0__AND3_MX__g0p0.gds,e908867fdbab7217f4b8c3539e5ae563722a4dd1b7bcbfee603779f01eeb543e,outputs/PROJECT_decoder_gate_abutment_matrix/_pair_trials/PAIR__AND3_R0__AND3_MX__g0p0_drc/PAIR__AND3_R0__AND3_MX__g0p0.lyrdb
AND3,R0,AND3,MX,0.0025,False,1,False,False,True,False,drc_marker_count=1,outputs/PROJECT_decoder_gate_abutment_matrix/_pair_trials/PAIR__AND3_R0__AND3_MX__g0p0025.gds,7890b7a34ee511098b9339f373e0a8bc9d22c6d6a1b5bb89c77f71dcd0b91511,outputs/PROJECT_decoder_gate_abutment_matrix/_pair_trials/PAIR__AND3_R0__AND3_MX__g0p0025_drc/PAIR__AND3_R0__AND3_MX__g0p0025.lyrdb
AND3,R0,AND3,MX,0.07,False,1,False,False,True,False,drc_marker_count=1,outputs/PROJECT_decoder_gate_abutment_matrix/_pair_trials/PAIR__AND3_R0__AND3_MX__g0p07.gds,07546211c5399fcb1aa831877c8a9269b50e6172dabc30916ee87564750f0e6c,outputs/PROJECT_decoder_gate_abutment_matrix/_pair_trials/PAIR__AND3_R0__AND3_MX__g0p07_drc/PAIR__AND3_R0__AND3_MX__g0p07.lyrdb
AND3,R0,AND3,MX,0.14,False,1,False,False,True,False,drc_marker_count=1,outputs/PROJECT_decoder_gate_abutment_matrix/_pair_trials/PAIR__AND3_R0__AND3_MX__g0p14.gds,cb6cb29da24572c7dfc81fd3ab6b233921e169ab68610615b88f690672af8d3c,outputs/PROJECT_decoder_gate_abutment_matrix/_pair_trials/PAIR__AND3_R0__AND3_MX__g0p14_drc/PAIR__AND3_R0__AND3_MX__g0p14.lyrdb
AND3,R0,AND3,MY,0.0,True,34,False,True,True,False,drc_marker_count=34,outputs/PROJECT_decoder_gate_abutment_matrix/_pair_trials/PAIR__AND3_R0__AND3_MY__g0p0.gds,8ae0a670e519315555255ea7737bd753e6dee75714c4df2129d45c7ac7ce54dc,outputs/PROJECT_decoder_gate_abutment_matrix/_pair_trials/PAIR__AND3_R0__AND3_MY__g0p0_drc/PAIR__AND3_R0__AND3_MY__g0p0.lyrdb
AND3,R0,AND3,MY,0.0025,True,34,False,True,True,False,drc_marker_count=34,outputs/PROJECT_decoder_gate_abutment_matrix/_pair_trials/PAIR__AND3_R0__AND3_MY__g0p0025.gds,55c3a0b1802188f9ef63e15e4ca691d2fa2a6c8f25e7fec238f08d86614ff0e5,outputs/PROJECT_decoder_gate_abutment_matrix/_pair_trials/PAIR__AND3_R0__AND3_MY__g0p0025_drc/PAIR__AND3_R0__AND3_MY__g0p0025.lyrdb
AND3,R0,AND3,MY,0.07,True,55,False,True,True,False,drc_marker_count=55,outputs/PROJECT_decoder_gate_abutment_matrix/_pair_trials/PAIR__AND3_R0__AND3_MY__g0p07.gds,d69681c596223e7a417df1117a3bbf3af59195e8084cfffe9d28979ab35c49f5,outputs/PROJECT_decoder_gate_abutment_matrix/_pair_trials/PAIR__AND3_R0__AND3_MY__g0p07_drc/PAIR__AND3_R0__AND3_MY__g0p07.lyrdb
AND3,R0,AND3,MY,0.14,True,40,False,True,True,False,drc_marker_count=40,outputs/PROJECT_decoder_gate_abutment_matrix/_pair_trials/PAIR__AND3_R0__AND3_MY__g0p14.gds,7e841106c6cb7857e8cbd2620a51f015824efffe6fdb4d6e4235c6cb749581d0,outputs/PROJECT_decoder_gate_abutment_matrix/_pair_trials/PAIR__AND3_R0__AND3_MY__g0p14_drc/PAIR__AND3_R0__AND3_MY__g0p14.lyrdb
AND3,R0,WORDLINEDRIVER,R0,0.0,True,0,False,True,False,True,,outputs/PROJECT_decoder_gate_abutment_matrix/_pair_trials/PAIR__AND3_R0__WORDLINEDRIVER_R0__g0p0.gds,47392ff4dc938cb6a967aab5e8cb9e057f9540a667be8cdf8dc3c7f9a6903444,outputs/PROJECT_decoder_gate_abutment_matrix/_pair_trials/PAIR__AND3_R0__WORDLINEDRIVER_R0__g0p0_drc/PAIR__AND3_R0__WORDLINEDRIVER_R0__g0p0.lyrdb
AND3,R0,WORDLINEDRIVER,R0,0.0025,True,1,False,True,True,False,drc_marker_count=1,outputs/PROJECT_decoder_gate_abutment_matrix/_pair_trials/PAIR__AND3_R0__WORDLINEDRIVER_R0__g0p0025.gds,192c3f070e9ffb9fea75a128c4d5f199efaa2759bce3baae835613e7901fd4d6,outputs/PROJECT_decoder_gate_abutment_matrix/_pair_trials/PAIR__AND3_R0__WORDLINEDRIVER_R0__g0p0025_drc/PAIR__AND3_R0__WORDLINEDRIVER_R0__g0p0025.lyrdb
AND3,R0,WORDLINEDRIVER,R0,0.07,True,1,False,True,True,False,drc_marker_count=1,outputs/PROJECT_decoder_gate_abutment_matrix/_pair_trials/PAIR__AND3_R0__WORDLINEDRIVER_R0__g0p07.gds,1ade84cf62443d94a5fe5726030e699e3157fb9c454169832885c47a3dbec01f,outputs/PROJECT_decoder_gate_abutment_matrix/_pair_trials/PAIR__AND3_R0__WORDLINEDRIVER_R0__g0p07_drc/PAIR__AND3_R0__WORDLINEDRIVER_R0__g0p07.lyrdb
AND3,R0,WORDLINEDRIVER,R0,0.14,True,1,False,True,True,False,drc_marker_count=1,outputs/PROJECT_decoder_gate_abutment_matrix/_pair_trials/PAIR__AND3_R0__WORDLINEDRIVER_R0__g0p14.gds,9588e3df711590c6543f88fb628d1be4cfa7e96a22d42ff19a4754db3852696f,outputs/PROJECT_decoder_gate_abutment_matrix/_pair_trials/PAIR__AND3_R0__WORDLINEDRIVER_R0__g0p14_drc/PAIR__AND3_R0__WORDLINEDRIVER_R0__g0p14.lyrdb
AND3,R0,WORDLINEDRIVER,R180,0.0,True,0,False,True,False,True,,outputs/PROJECT_decoder_gate_abutment_matrix/_pair_trials/PAIR__AND3_R0__WORDLINEDRIVER_R180__g0p0.gds,572108174b5cfe3c55db2b6aef91068d21101ad1d4269d88fa74a3ce3a4ef657,outputs/PROJECT_decoder_gate_abutment_matrix/_pair_trials/PAIR__AND3_R0__WORDLINEDRIVER_R180__g0p0_drc/PAIR__AND3_R0__WORDLINEDRIVER_R180__g0p0.lyrdb
AND3,R0,WORDLINEDRIVER,R180,0.0025,True,0,False,True,False,True,,outputs/PROJECT_decoder_gate_abutment_matrix/_pair_trials/PAIR__AND3_R0__WORDLINEDRIVER_R180__g0p0025.gds,00806d7d6bfcd660aaaaecced6463b7c1f32345d5c7b6c5afc88f61ff053b4d0,outputs/PROJECT_decoder_gate_abutment_matrix/_pair_trials/PAIR__AND3_R0__WORDLINEDRIVER_R180__g0p0025_drc/PAIR__AND3_R0__WORDLINEDRIVER_R180__g0p0025.lyrdb
AND3,R0,WORDLINEDRIVER,R180,0.07,True,0,False,True,False,True,,outputs/PROJECT_decoder_gate_abutment_matrix/_pair_trials/PAIR__AND3_R0__WORDLINEDRIVER_R180__g0p07.gds,f67bd1ccefab389660b18da12ca1895909e078382fe2e4c2a7845477d6e3f46e,outputs/PROJECT_decoder_gate_abutment_matrix/_pair_trials/PAIR__AND3_R0__WORDLINEDRIVER_R180__g0p07_drc/PAIR__AND3_R0__WORDLINEDRIVER_R180__g0p07.lyrdb
AND3,R0,WORDLINEDRIVER,R180,0.14,True,0,False,True,False,True,,outputs/PROJECT_decoder_gate_abutment_matrix/_pair_trials/PAIR__AND3_R0__WORDLINEDRIVER_R180__g0p14.gds,974829df07ace20c391e288c22e21e161644ae66bc358c533b8408d332cbfc4f,outputs/PROJECT_decoder_gate_abutment_matrix/_pair_trials/PAIR__AND3_R0__WORDLINEDRIVER_R180__g0p14_drc/PAIR__AND3_R0__WORDLINEDRIVER_R180__g0p14.lyrdb
AND3,R0,WORDLINEDRIVER,MX,0.0,False,0,False,False,False,True,,outputs/PROJECT_decoder_gate_abutment_matrix/_pair_trials/PAIR__AND3_R0__WORDLINEDRIVER_MX__g0p0.gds,51aa4c0901f2cfe4f974233ab67db89e2fcda87bc0d763b2c866793cfb39c63e,outputs/PROJECT_decoder_gate_abutment_matrix/_pair_trials/PAIR__AND3_R0__WORDLINEDRIVER_MX__g0p0_drc/PAIR__AND3_R0__WORDLINEDRIVER_MX__g0p0.lyrdb
AND3,R0,WORDLINEDRIVER,MX,0.0025,False,1,False,False,True,False,drc_marker_count=1,outputs/PROJECT_decoder_gate_abutment_matrix/_pair_trials/PAIR__AND3_R0__WORDLINEDRIVER_MX__g0p0025.gds,6820c5d5ec7093fb88bbbc52ecfa40801601563017e0a50ac02e68af4042db48,outputs/PROJECT_decoder_gate_abutment_matrix/_pair_trials/PAIR__AND3_R0__WORDLINEDRIVER_MX__g0p0025_drc/PAIR__AND3_R0__WORDLINEDRIVER_MX__g0p0025.lyrdb
AND3,R0,WORDLINEDRIVER,MX,0.07,False,1,False,False,True,False,drc_marker_count=1,outputs/PROJECT_decoder_gate_abutment_matrix/_pair_trials/PAIR__AND3_R0__WORDLINEDRIVER_MX__g0p07.gds,0f19140ef1e91c13bf1dcf2ed1dad604717490e1d9a82e47f15d1e3954cebf8e,outputs/PROJECT_decoder_gate_abutment_matrix/_pair_trials/PAIR__AND3_R0__WORDLINEDRIVER_MX__g0p07_drc/PAIR__AND3_R0__WORDLINEDRIVER_MX__g0p07.lyrdb
AND3,R0,WORDLINEDRIVER,MX,0.14,False,1,False,False,True,False,drc_marker_count=1,outputs/PROJECT_decoder_gate_abutment_matrix/_pair_trials/PAIR__AND3_R0__WORDLINEDRIVER_MX__g0p14.gds,975ab0f44036818d4420ab015e3e99d152745e594d20efbcec40aaf938ebbb01,outputs/PROJECT_decoder_gate_abutment_matrix/_pair_trials/PAIR__AND3_R0__WORDLINEDRIVER_MX__g0p14_drc/PAIR__AND3_R0__WORDLINEDRIVER_MX__g0p14.lyrdb
AND3,R0,WORDLINEDRIVER,MY,0.0,True,53,False,True,True,False,drc_marker_count=53,outputs/PROJECT_decoder_gate_abutment_matrix/_pair_trials/PAIR__AND3_R0__WORDLINEDRIVER_MY__g0p0.gds,944b8dfc22477d7f1f37dc76cdde0eba21c5e3a1bc29afacbfaa8a81e43e33f1,outputs/PROJECT_decoder_gate_abutment_matrix/_pair_trials/PAIR__AND3_R0__WORDLINEDRIVER_MY__g0p0_drc/PAIR__AND3_R0__WORDLINEDRIVER_MY__g0p0.lyrdb
AND3,R0,WORDLINEDRIVER,MY,0.0025,True,51,False,True,True,False,drc_marker_count=51,outputs/PROJECT_decoder_gate_abutment_matrix/_pair_trials/PAIR__AND3_R0__WORDLINEDRIVER_MY__g0p0025.gds,8b110c89bb373b7de932b6abd9e768a843f6379c7dc382bcc1d0956811818135,outputs/PROJECT_decoder_gate_abutment_matrix/_pair_trials/PAIR__AND3_R0__WORDLINEDRIVER_MY__g0p0025_drc/PAIR__AND3_R0__WORDLINEDRIVER_MY__g0p0025.lyrdb
AND3,R0,WORDLINEDRIVER,MY,0.07,True,131,False,True,True,False,drc_marker_count=131,outputs/PROJECT_decoder_gate_abutment_matrix/_pair_trials/PAIR__AND3_R0__WORDLINEDRIVER_MY__g0p07.gds,fed3b3c88b2a3db45e644a9fa252c1249150e3d2ef92e7ed3c43086f84e4dc62,outputs/PROJECT_decoder_gate_abutment_matrix/_pair_trials/PAIR__AND3_R0__WORDLINEDRIVER_MY__g0p07_drc/PAIR__AND3_R0__WORDLINEDRIVER_MY__g0p07.lyrdb
AND3,R0,WORDLINEDRIVER,MY,0.14,True,68,False,True,True,False,drc_marker_count=68,outputs/PROJECT_decoder_gate_abutment_matrix/_pair_trials/PAIR__AND3_R0__WORDLINEDRIVER_MY__g0p14.gds,146a6c78a258de6e9001f639e0ca0d460e6bac5ff09043d33aeef0feab827d1b,outputs/PROJECT_decoder_gate_abutment_matrix/_pair_trials/PAIR__AND3_R0__WORDLINEDRIVER_MY__g0p14_drc/PAIR__AND3_R0__WORDLINEDRIVER_MY__g0p14.lyrdb
AND3,R180,PINV,R0,0.0,True,0,False,True,False,True,,outputs/PROJECT_decoder_gate_abutment_matrix/_pair_trials/PAIR__AND3_R180__PINV_R0__g0p0.gds,f462158aa971264222fa209de090e65f89560f1fd14070a4be612774bb5da97c,outputs/PROJECT_decoder_gate_abutment_matrix/_pair_trials/PAIR__AND3_R180__PINV_R0__g0p0_drc/PAIR__AND3_R180__PINV_R0__g0p0.lyrdb
AND3,R180,PINV,R0,0.0025,True,0,False,True,False,True,,outputs/PROJECT_decoder_gate_abutment_matrix/_pair_trials/PAIR__AND3_R180__PINV_R0__g0p0025.gds,4ae8c18d15776c4b154c0afc20fec2c80374d1decb1f33b2778416450112fad5,outputs/PROJECT_decoder_gate_abutment_matrix/_pair_trials/PAIR__AND3_R180__PINV_R0__g0p0025_drc/PAIR__AND3_R180__PINV_R0__g0p0025.lyrdb
AND3,R180,PINV,R0,0.07,True,0,False,True,False,True,,outputs/PROJECT_decoder_gate_abutment_matrix/_pair_trials/PAIR__AND3_R180__PINV_R0__g0p07.gds,ccf273aed21a26531206b6bd992560e8257420c936ae52a6665986535e97da77,outputs/PROJECT_decoder_gate_abutment_matrix/_pair_trials/PAIR__AND3_R180__PINV_R0__g0p07_drc/PAIR__AND3_R180__PINV_R0__g0p07.lyrdb
AND3,R180,PINV,R0,0.14,True,0,False,True,False,True,,outputs/PROJECT_decoder_gate_abutment_matrix/_pair_trials/PAIR__AND3_R180__PINV_R0__g0p14.gds,e2ac76d00cabfd784c02f5dc287433275c0f773f7d23ee4ca085b07223ad620e,outputs/PROJECT_decoder_gate_abutment_matrix/_pair_trials/PAIR__AND3_R180__PINV_R0__g0p14_drc/PAIR__AND3_R180__PINV_R0__g0p14.lyrdb
AND3,R180,PINV,R180,0.0,True,0,False,True,False,True,,outputs/PROJECT_decoder_gate_abutment_matrix/_pair_trials/PAIR__AND3_R180__PINV_R180__g0p0.gds,162e5713db0fe00b8d2678ab3aad3931a016ac99da8df6015b422c215500dd1b,outputs/PROJECT_decoder_gate_abutment_matrix/_pair_trials/PAIR__AND3_R180__PINV_R180__g0p0_drc/PAIR__AND3_R180__PINV_R180__g0p0.lyrdb
AND3,R180,PINV,R180,0.0025,True,0,False,True,False,True,,outputs/PROJECT_decoder_gate_abutment_matrix/_pair_trials/PAIR__AND3_R180__PINV_R180__g0p0025.gds,cb5fc5f48d347b688e286fc15a5681eb9f9f5db70f7bf2e33ee7e4f487caf79d,outputs/PROJECT_decoder_gate_abutment_matrix/_pair_trials/PAIR__AND3_R180__PINV_R180__g0p0025_drc/PAIR__AND3_R180__PINV_R180__g0p0025.lyrdb
AND3,R180,PINV,R180,0.07,True,0,False,True,False,True,,outputs/PROJECT_decoder_gate_abutment_matrix/_pair_trials/PAIR__AND3_R180__PINV_R180__g0p07.gds,6bc9d37990a020d6d5664c547331dc9bd75f42202bf6e18e873a9424e297ce76,outputs/PROJECT_decoder_gate_abutment_matrix/_pair_trials/PAIR__AND3_R180__PINV_R180__g0p07_drc/PAIR__AND3_R180__PINV_R180__g0p07.lyrdb
AND3,R180,PINV,R180,0.14,True,0,False,True,False,True,,outputs/PROJECT_decoder_gate_abutment_matrix/_pair_trials/PAIR__AND3_R180__PINV_R180__g0p14.gds,72958ed00fc722b48c987f31784ee5de10cddbe616995d19edc5c9ce84d5b71d,outputs/PROJECT_decoder_gate_abutment_matrix/_pair_trials/PAIR__AND3_R180__PINV_R180__g0p14_drc/PAIR__AND3_R180__PINV_R180__g0p14.lyrdb
AND3,R180,PINV,MX,0.0,False,0,False,False,False,True,,outputs/PROJECT_decoder_gate_abutment_matrix/_pair_trials/PAIR__AND3_R180__PINV_MX__g0p0.gds,00e40e6a04985f20b5892ffa243ab1ae1e7c2ccd02473f8fb5647786854af23e,outputs/PROJECT_decoder_gate_abutment_matrix/_pair_trials/PAIR__AND3_R180__PINV_MX__g0p0_drc/PAIR__AND3_R180__PINV_MX__g0p0.lyrdb
AND3,R180,PINV,MX,0.0025,False,0,False,False,False,True,,outputs/PROJECT_decoder_gate_abutment_matrix/_pair_trials/PAIR__AND3_R180__PINV_MX__g0p0025.gds,f123f538681ac72a5d97b1b98446c5d6af4aaab62b413247160c37721a067476,outputs/PROJECT_decoder_gate_abutment_matrix/_pair_trials/PAIR__AND3_R180__PINV_MX__g0p0025_drc/PAIR__AND3_R180__PINV_MX__g0p0025.lyrdb
AND3,R180,PINV,MX,0.07,False,0,False,False,False,True,,outputs/PROJECT_decoder_gate_abutment_matrix/_pair_trials/PAIR__AND3_R180__PINV_MX__g0p07.gds,6281f04069efc4d698b951b10fec29160716fc83847f40534efbd28477d455d1,outputs/PROJECT_decoder_gate_abutment_matrix/_pair_trials/PAIR__AND3_R180__PINV_MX__g0p07_drc/PAIR__AND3_R180__PINV_MX__g0p07.lyrdb
AND3,R180,PINV,MX,0.14,False,0,False,False,False,True,,outputs/PROJECT_decoder_gate_abutment_matrix/_pair_trials/PAIR__AND3_R180__PINV_MX__g0p14.gds,4ba3c38961ce02b34beb513c0d6b518199fa198aef9718323290f9f614bbd887,outputs/PROJECT_decoder_gate_abutment_matrix/_pair_trials/PAIR__AND3_R180__PINV_MX__g0p14_drc/PAIR__AND3_R180__PINV_MX__g0p14.lyrdb
AND3,R180,PINV,MY,0.0,True,0,False,True,False,True,,outputs/PROJECT_decoder_gate_abutment_matrix/_pair_trials/PAIR__AND3_R180__PINV_MY__g0p0.gds,93b9a33d723b51acdf18b201d98867e5efe88c807504da778091f635a4553a56,outputs/PROJECT_decoder_gate_abutment_matrix/_pair_trials/PAIR__AND3_R180__PINV_MY__g0p0_drc/PAIR__AND3_R180__PINV_MY__g0p0.lyrdb
AND3,R180,PINV,MY,0.0025,True,0,False,True,False,True,,outputs/PROJECT_decoder_gate_abutment_matrix/_pair_trials/PAIR__AND3_R180__PINV_MY__g0p0025.gds,aed5115e880993388275365d2b7ecbab60fdc739937d41cb8c503dded8b38cab,outputs/PROJECT_decoder_gate_abutment_matrix/_pair_trials/PAIR__AND3_R180__PINV_MY__g0p0025_drc/PAIR__AND3_R180__PINV_MY__g0p0025.lyrdb
AND3,R180,PINV,MY,0.07,True,0,False,True,False,True,,outputs/PROJECT_decoder_gate_abutment_matrix/_pair_trials/PAIR__AND3_R180__PINV_MY__g0p07.gds,8330fd0b31d60769caca0056de13d6c775a8af2536e0d84573cbf639a8ccda55,outputs/PROJECT_decoder_gate_abutment_matrix/_pair_trials/PAIR__AND3_R180__PINV_MY__g0p07_drc/PAIR__AND3_R180__PINV_MY__g0p07.lyrdb
AND3,R180,PINV,MY,0.14,True,0,False,True,False,True,,outputs/PROJECT_decoder_gate_abutment_matrix/_pair_trials/PAIR__AND3_R180__PINV_MY__g0p14.gds,68c6674d8899eb90cae100ad4fe54ad3f642ab670f996df056ae44c3cef7d7f5,outputs/PROJECT_decoder_gate_abutment_matrix/_pair_trials/PAIR__AND3_R180__PINV_MY__g0p14_drc/PAIR__AND3_R180__PINV_MY__g0p14.lyrdb
AND3,R180,PNAND2,R0,0.0,True,0,False,True,False,True,,outputs/PROJECT_decoder_gate_abutment_matrix/_pair_trials/PAIR__AND3_R180__PNAND2_R0__g0p0.gds,ab8088fbf6a782107a9ac7a416d248cfbcdd57f550573ba883917e203e46240c,outputs/PROJECT_decoder_gate_abutment_matrix/_pair_trials/PAIR__AND3_R180__PNAND2_R0__g0p0_drc/PAIR__AND3_R180__PNAND2_R0__g0p0.lyrdb
AND3,R180,PNAND2,R0,0.0025,True,0,False,True,False,True,,outputs/PROJECT_decoder_gate_abutment_matrix/_pair_trials/PAIR__AND3_R180__PNAND2_R0__g0p0025.gds,6e80f6c0d4273f14fe784aaa882779a4d22babe8896cd8f1fa75eb8d0114d9d5,outputs/PROJECT_decoder_gate_abutment_matrix/_pair_trials/PAIR__AND3_R180__PNAND2_R0__g0p0025_drc/PAIR__AND3_R180__PNAND2_R0__g0p0025.lyrdb
AND3,R180,PNAND2,R0,0.07,True,0,False,True,False,True,,outputs/PROJECT_decoder_gate_abutment_matrix/_pair_trials/PAIR__AND3_R180__PNAND2_R0__g0p07.gds,2131beab2e2943cc73eb1b7b32448da14da5e0f300f09d6d4f94b74c6618ac74,outputs/PROJECT_decoder_gate_abutment_matrix/_pair_trials/PAIR__AND3_R180__PNAND2_R0__g0p07_drc/PAIR__AND3_R180__PNAND2_R0__g0p07.lyrdb
AND3,R180,PNAND2,R0,0.14,True,0,False,True,False,True,,outputs/PROJECT_decoder_gate_abutment_matrix/_pair_trials/PAIR__AND3_R180__PNAND2_R0__g0p14.gds,aef14c8916af9ee258d2f3dab57eb59919c457f4b2bf0231265db3074dda1298,outputs/PROJECT_decoder_gate_abutment_matrix/_pair_trials/PAIR__AND3_R180__PNAND2_R0__g0p14_drc/PAIR__AND3_R180__PNAND2_R0__g0p14.lyrdb
AND3,R180,PNAND2,R180,0.0,True,0,False,True,False,True,,outputs/PROJECT_decoder_gate_abutment_matrix/_pair_trials/PAIR__AND3_R180__PNAND2_R180__g0p0.gds,f069b4f259e7deb8142f074c2675a5150e7c5ba423b9024439034ee3ae25d4d5,outputs/PROJECT_decoder_gate_abutment_matrix/_pair_trials/PAIR__AND3_R180__PNAND2_R180__g0p0_drc/PAIR__AND3_R180__PNAND2_R180__g0p0.lyrdb
AND3,R180,PNAND2,R180,0.0025,True,0,False,True,False,True,,outputs/PROJECT_decoder_gate_abutment_matrix/_pair_trials/PAIR__AND3_R180__PNAND2_R180__g0p0025.gds,80887fe73cb481e7ccbce3e11d33627e1735e57b3d80bf967788c88cca2de7a3,outputs/PROJECT_decoder_gate_abutment_matrix/_pair_trials/PAIR__AND3_R180__PNAND2_R180__g0p0025_drc/PAIR__AND3_R180__PNAND2_R180__g0p0025.lyrdb
AND3,R180,PNAND2,R180,0.07,True,0,False,True,False,True,,outputs/PROJECT_decoder_gate_abutment_matrix/_pair_trials/PAIR__AND3_R180__PNAND2_R180__g0p07.gds,94458f804e1fa730824a75de8f3eddeba9e02d2bb381bf00fc9427b3a709c954,outputs/PROJECT_decoder_gate_abutment_matrix/_pair_trials/PAIR__AND3_R180__PNAND2_R180__g0p07_drc/PAIR__AND3_R180__PNAND2_R180__g0p07.lyrdb
AND3,R180,PNAND2,R180,0.14,True,0,False,True,False,True,,outputs/PROJECT_decoder_gate_abutment_matrix/_pair_trials/PAIR__AND3_R180__PNAND2_R180__g0p14.gds,301cb6fce6e8ac35e75898753864b72dd316d19b96b5af5d703f99e317ecfab4,outputs/PROJECT_decoder_gate_abutment_matrix/_pair_trials/PAIR__AND3_R180__PNAND2_R180__g0p14_drc/PAIR__AND3_R180__PNAND2_R180__g0p14.lyrdb
AND3,R180,PNAND2,MX,0.0,False,0,False,False,False,True,,outputs/PROJECT_decoder_gate_abutment_matrix/_pair_trials/PAIR__AND3_R180__PNAND2_MX__g0p0.gds,df261767247d1b9b4982fca3b510e0e7475a17faa8d65bcbad13a3e3ace8d4ab,outputs/PROJECT_decoder_gate_abutment_matrix/_pair_trials/PAIR__AND3_R180__PNAND2_MX__g0p0_drc/PAIR__AND3_R180__PNAND2_MX__g0p0.lyrdb
AND3,R180,PNAND2,MX,0.0025,False,0,False,False,False,True,,outputs/PROJECT_decoder_gate_abutment_matrix/_pair_trials/PAIR__AND3_R180__PNAND2_MX__g0p0025.gds,8dfabc9260e821c1c75f97e8c6722dec8e685405004b7481824682a37a3910ec,outputs/PROJECT_decoder_gate_abutment_matrix/_pair_trials/PAIR__AND3_R180__PNAND2_MX__g0p0025_drc/PAIR__AND3_R180__PNAND2_MX__g0p0025.lyrdb
AND3,R180,PNAND2,MX,0.07,False,0,False,False,False,True,,outputs/PROJECT_decoder_gate_abutment_matrix/_pair_trials/PAIR__AND3_R180__PNAND2_MX__g0p07.gds,fbd10c76cb329e7af0ee4bc4beb4a7101f02c36b606d14d67381a55d79b00488,outputs/PROJECT_decoder_gate_abutment_matrix/_pair_trials/PAIR__AND3_R180__PNAND2_MX__g0p07_drc/PAIR__AND3_R180__PNAND2_MX__g0p07.lyrdb
AND3,R180,PNAND2,MX,0.14,False,0,False,False,False,True,,outputs/PROJECT_decoder_gate_abutment_matrix/_pair_trials/PAIR__AND3_R180__PNAND2_MX__g0p14.gds,86b07c83451d5f364c6bd9dd7e56664035c385bf0afd7fd7c6e060ec61fde5a4,outputs/PROJECT_decoder_gate_abutment_matrix/_pair_trials/PAIR__AND3_R180__PNAND2_MX__g0p14_drc/PAIR__AND3_R180__PNAND2_MX__g0p14.lyrdb
AND3,R180,PNAND2,MY,0.0,True,0,False,True,False,True,,outputs/PROJECT_decoder_gate_abutment_matrix/_pair_trials/PAIR__AND3_R180__PNAND2_MY__g0p0.gds,bfd5f9d78bbd6fdbb38580f2e784abc931d5ab80ca142589d5b61f6cb31e5e10,outputs/PROJECT_decoder_gate_abutment_matrix/_pair_trials/PAIR__AND3_R180__PNAND2_MY__g0p0_drc/PAIR__AND3_R180__PNAND2_MY__g0p0.lyrdb
AND3,R180,PNAND2,MY,0.0025,True,0,False,True,False,True,,outputs/PROJECT_decoder_gate_abutment_matrix/_pair_trials/PAIR__AND3_R180__PNAND2_MY__g0p0025.gds,101337900a28c74bdf1d6e474916da88b5b9e2d30f819821233e43829bca7b10,outputs/PROJECT_decoder_gate_abutment_matrix/_pair_trials/PAIR__AND3_R180__PNAND2_MY__g0p0025_drc/PAIR__AND3_R180__PNAND2_MY__g0p0025.lyrdb
AND3,R180,PNAND2,MY,0.07,True,0,False,True,False,True,,outputs/PROJECT_decoder_gate_abutment_matrix/_pair_trials/PAIR__AND3_R180__PNAND2_MY__g0p07.gds,a4e2ef407505ab367e56bfa881edd3fc940fafcc27c0fcba390fdcfe277b4af3,outputs/PROJECT_decoder_gate_abutment_matrix/_pair_trials/PAIR__AND3_R180__PNAND2_MY__g0p07_drc/PAIR__AND3_R180__PNAND2_MY__g0p07.lyrdb
AND3,R180,PNAND2,MY,0.14,True,0,False,True,False,True,,outputs/PROJECT_decoder_gate_abutment_matrix/_pair_trials/PAIR__AND3_R180__PNAND2_MY__g0p14.gds,f7e3952e911a32eeaa465469ff2acbbeb385011d4a867c2238dcbf130ad94f01,outputs/PROJECT_decoder_gate_abutment_matrix/_pair_trials/PAIR__AND3_R180__PNAND2_MY__g0p14_drc/PAIR__AND3_R180__PNAND2_MY__g0p14.lyrdb
AND3,R180,PNAND3,R0,0.0,True,0,False,True,False,True,,outputs/PROJECT_decoder_gate_abutment_matrix/_pair_trials/PAIR__AND3_R180__PNAND3_R0__g0p0.gds,e083ce81f84f87066345b01e8c5ccc892ff0e5c9bc2cd49a689cafba1fcb03a6,outputs/PROJECT_decoder_gate_abutment_matrix/_pair_trials/PAIR__AND3_R180__PNAND3_R0__g0p0_drc/PAIR__AND3_R180__PNAND3_R0__g0p0.lyrdb
AND3,R180,PNAND3,R0,0.0025,True,0,False,True,False,True,,outputs/PROJECT_decoder_gate_abutment_matrix/_pair_trials/PAIR__AND3_R180__PNAND3_R0__g0p0025.gds,98d14bf0bdc3ef3d0545e1a1729b29ab077130f6915d5d4e33bb93e3de612063,outputs/PROJECT_decoder_gate_abutment_matrix/_pair_trials/PAIR__AND3_R180__PNAND3_R0__g0p0025_drc/PAIR__AND3_R180__PNAND3_R0__g0p0025.lyrdb
AND3,R180,PNAND3,R0,0.07,True,0,False,True,False,True,,outputs/PROJECT_decoder_gate_abutment_matrix/_pair_trials/PAIR__AND3_R180__PNAND3_R0__g0p07.gds,d0f3eaf8a02d208d5cf132159a6aea8a03081c6545d018d3b61976a7be5ace9b,outputs/PROJECT_decoder_gate_abutment_matrix/_pair_trials/PAIR__AND3_R180__PNAND3_R0__g0p07_drc/PAIR__AND3_R180__PNAND3_R0__g0p07.lyrdb
AND3,R180,PNAND3,R0,0.14,True,0,False,True,False,True,,outputs/PROJECT_decoder_gate_abutment_matrix/_pair_trials/PAIR__AND3_R180__PNAND3_R0__g0p14.gds,fcbec6bd8d6a844844373c3e64004a918d170b0af6a813b52d61783307f31e0b,outputs/PROJECT_decoder_gate_abutment_matrix/_pair_trials/PAIR__AND3_R180__PNAND3_R0__g0p14_drc/PAIR__AND3_R180__PNAND3_R0__g0p14.lyrdb
AND3,R180,PNAND3,R180,0.0,True,0,False,True,False,True,,outputs/PROJECT_decoder_gate_abutment_matrix/_pair_trials/PAIR__AND3_R180__PNAND3_R180__g0p0.gds,5d0666d2afd3f168385a505671eb8546f97f484c11736fd0f08d594c6a081ff3,outputs/PROJECT_decoder_gate_abutment_matrix/_pair_trials/PAIR__AND3_R180__PNAND3_R180__g0p0_drc/PAIR__AND3_R180__PNAND3_R180__g0p0.lyrdb
AND3,R180,PNAND3,R180,0.0025,True,0,False,True,False,True,,outputs/PROJECT_decoder_gate_abutment_matrix/_pair_trials/PAIR__AND3_R180__PNAND3_R180__g0p0025.gds,abaa45132cb648f1e59daf3a8f7c80a23468260c07af9ca5235f5d12810f07b2,outputs/PROJECT_decoder_gate_abutment_matrix/_pair_trials/PAIR__AND3_R180__PNAND3_R180__g0p0025_drc/PAIR__AND3_R180__PNAND3_R180__g0p0025.lyrdb
AND3,R180,PNAND3,R180,0.07,True,0,False,True,False,True,,outputs/PROJECT_decoder_gate_abutment_matrix/_pair_trials/PAIR__AND3_R180__PNAND3_R180__g0p07.gds,6f35c70fb6d5071908c2afcb26184bc8156583dead29f2f469e014e198306775,outputs/PROJECT_decoder_gate_abutment_matrix/_pair_trials/PAIR__AND3_R180__PNAND3_R180__g0p07_drc/PAIR__AND3_R180__PNAND3_R180__g0p07.lyrdb
AND3,R180,PNAND3,R180,0.14,True,0,False,True,False,True,,outputs/PROJECT_decoder_gate_abutment_matrix/_pair_trials/PAIR__AND3_R180__PNAND3_R180__g0p14.gds,4e82a5f72381de13210f4c832e6b5e89060d535fe1ba163c63448d79b1edc0f6,outputs/PROJECT_decoder_gate_abutment_matrix/_pair_trials/PAIR__AND3_R180__PNAND3_R180__g0p14_drc/PAIR__AND3_R180__PNAND3_R180__g0p14.lyrdb
AND3,R180,PNAND3,MX,0.0,False,0,False,False,False,True,,outputs/PROJECT_decoder_gate_abutment_matrix/_pair_trials/PAIR__AND3_R180__PNAND3_MX__g0p0.gds,3ae6a5a8657e8bb9e9119ef0ca29c0a27c40f3fdbbb5ffa2c5bff4d244497525,outputs/PROJECT_decoder_gate_abutment_matrix/_pair_trials/PAIR__AND3_R180__PNAND3_MX__g0p0_drc/PAIR__AND3_R180__PNAND3_MX__g0p0.lyrdb
AND3,R180,PNAND3,MX,0.0025,False,0,False,False,False,True,,outputs/PROJECT_decoder_gate_abutment_matrix/_pair_trials/PAIR__AND3_R180__PNAND3_MX__g0p0025.gds,c716f724e6d7710c52ec8182944030ecb70250528a6430b6bc9ce9d41e70fc23,outputs/PROJECT_decoder_gate_abutment_matrix/_pair_trials/PAIR__AND3_R180__PNAND3_MX__g0p0025_drc/PAIR__AND3_R180__PNAND3_MX__g0p0025.lyrdb
AND3,R180,PNAND3,MX,0.07,False,0,False,False,False,True,,outputs/PROJECT_decoder_gate_abutment_matrix/_pair_trials/PAIR__AND3_R180__PNAND3_MX__g0p07.gds,abb764ce6303924a2c2f360110ca951392c3fecc96f28dc4b6b10284bc87f17f,outputs/PROJECT_decoder_gate_abutment_matrix/_pair_trials/PAIR__AND3_R180__PNAND3_MX__g0p07_drc/PAIR__AND3_R180__PNAND3_MX__g0p07.lyrdb
AND3,R180,PNAND3,MX,0.14,False,0,False,False,False,True,,outputs/PROJECT_decoder_gate_abutment_matrix/_pair_trials/PAIR__AND3_R180__PNAND3_MX__g0p14.gds,ac0997c7dfffd8da5037b1cb89b47bf3beb4368f1477a33c66981cff89500c6a,outputs/PROJECT_decoder_gate_abutment_matrix/_pair_trials/PAIR__AND3_R180__PNAND3_MX__g0p14_drc/PAIR__AND3_R180__PNAND3_MX__g0p14.lyrdb
AND3,R180,PNAND3,MY,0.0,True,0,False,True,False,True,,outputs/PROJECT_decoder_gate_abutment_matrix/_pair_trials/PAIR__AND3_R180__PNAND3_MY__g0p0.gds,51fa3789d6b81bddf54c64e96b52a234404063d230ebc28faa988c81a5d85259,outputs/PROJECT_decoder_gate_abutment_matrix/_pair_trials/PAIR__AND3_R180__PNAND3_MY__g0p0_drc/PAIR__AND3_R180__PNAND3_MY__g0p0.lyrdb
AND3,R180,PNAND3,MY,0.0025,True,0,False,True,False,True,,outputs/PROJECT_decoder_gate_abutment_matrix/_pair_trials/PAIR__AND3_R180__PNAND3_MY__g0p0025.gds,846dea3de960e3d10e5aa11f8578a37c45a67d23b8143a85f429385d9a3fbf90,outputs/PROJECT_decoder_gate_abutment_matrix/_pair_trials/PAIR__AND3_R180__PNAND3_MY__g0p0025_drc/PAIR__AND3_R180__PNAND3_MY__g0p0025.lyrdb
AND3,R180,PNAND3,MY,0.07,True,0,False,True,False,True,,outputs/PROJECT_decoder_gate_abutment_matrix/_pair_trials/PAIR__AND3_R180__PNAND3_MY__g0p07.gds,463b78326aeb5a96de71a1164795c633940308ea5c777e8d622ddd910c837dc5,outputs/PROJECT_decoder_gate_abutment_matrix/_pair_trials/PAIR__AND3_R180__PNAND3_MY__g0p07_drc/PAIR__AND3_R180__PNAND3_MY__g0p07.lyrdb
AND3,R180,PNAND3,MY,0.14,True,0,False,True,False,True,,outputs/PROJECT_decoder_gate_abutment_matrix/_pair_trials/PAIR__AND3_R180__PNAND3_MY__g0p14.gds,d4536156659e518d832c8f4d7a6f6e13cba8127e28fb298bb777eaa5c4ca223c,outputs/PROJECT_decoder_gate_abutment_matrix/_pair_trials/PAIR__AND3_R180__PNAND3_MY__g0p14_drc/PAIR__AND3_R180__PNAND3_MY__g0p14.lyrdb
AND3,R180,AND2,R0,0.0,True,0,False,True,False,True,,outputs/PROJECT_decoder_gate_abutment_matrix/_pair_trials/PAIR__AND3_R180__AND2_R0__g0p0.gds,cd058a03403319de405a6a81de179815bddb22278a3dd7ea3f9c37d4f4591074,outputs/PROJECT_decoder_gate_abutment_matrix/_pair_trials/PAIR__AND3_R180__AND2_R0__g0p0_drc/PAIR__AND3_R180__AND2_R0__g0p0.lyrdb
AND3,R180,AND2,R0,0.0025,True,0,False,True,False,True,,outputs/PROJECT_decoder_gate_abutment_matrix/_pair_trials/PAIR__AND3_R180__AND2_R0__g0p0025.gds,92bf0cec179d1d6b892fab5c51c47d8b009f6fa22778bf20dffe9464f74188a6,outputs/PROJECT_decoder_gate_abutment_matrix/_pair_trials/PAIR__AND3_R180__AND2_R0__g0p0025_drc/PAIR__AND3_R180__AND2_R0__g0p0025.lyrdb
AND3,R180,AND2,R0,0.07,True,0,False,True,False,True,,outputs/PROJECT_decoder_gate_abutment_matrix/_pair_trials/PAIR__AND3_R180__AND2_R0__g0p07.gds,992cd48122da9789ec7016538533c3684b49f09612cf7cf7ef6ccb1505dd4567,outputs/PROJECT_decoder_gate_abutment_matrix/_pair_trials/PAIR__AND3_R180__AND2_R0__g0p07_drc/PAIR__AND3_R180__AND2_R0__g0p07.lyrdb
AND3,R180,AND2,R0,0.14,True,0,False,True,False,True,,outputs/PROJECT_decoder_gate_abutment_matrix/_pair_trials/PAIR__AND3_R180__AND2_R0__g0p14.gds,cb68ddb640c9979e22bfe76f39b84290967eabdb0baf50c89f78819cb87b7e70,outputs/PROJECT_decoder_gate_abutment_matrix/_pair_trials/PAIR__AND3_R180__AND2_R0__g0p14_drc/PAIR__AND3_R180__AND2_R0__g0p14.lyrdb
AND3,R180,AND2,R180,0.0,True,0,False,True,False,True,,outputs/PROJECT_decoder_gate_abutment_matrix/_pair_trials/PAIR__AND3_R180__AND2_R180__g0p0.gds,496969582d77aad9144b2d63e68d8c90855a9d0766658fc76657b0da3e4dbe1f,outputs/PROJECT_decoder_gate_abutment_matrix/_pair_trials/PAIR__AND3_R180__AND2_R180__g0p0_drc/PAIR__AND3_R180__AND2_R180__g0p0.lyrdb
AND3,R180,AND2,R180,0.0025,True,0,False,True,False,True,,outputs/PROJECT_decoder_gate_abutment_matrix/_pair_trials/PAIR__AND3_R180__AND2_R180__g0p0025.gds,f3dadb9313c9aaefe5d91843d8d8add62c5c371be231eb9cb593d60f3d4229c3,outputs/PROJECT_decoder_gate_abutment_matrix/_pair_trials/PAIR__AND3_R180__AND2_R180__g0p0025_drc/PAIR__AND3_R180__AND2_R180__g0p0025.lyrdb
AND3,R180,AND2,R180,0.07,True,0,False,True,False,True,,outputs/PROJECT_decoder_gate_abutment_matrix/_pair_trials/PAIR__AND3_R180__AND2_R180__g0p07.gds,a099e4660e1d3bd69bc2c2ab0c5e8dd06051c2c5b81133fb2eb9349c7c1b1f72,outputs/PROJECT_decoder_gate_abutment_matrix/_pair_trials/PAIR__AND3_R180__AND2_R180__g0p07_drc/PAIR__AND3_R180__AND2_R180__g0p07.lyrdb
AND3,R180,AND2,R180,0.14,True,0,False,True,False,True,,outputs/PROJECT_decoder_gate_abutment_matrix/_pair_trials/PAIR__AND3_R180__AND2_R180__g0p14.gds,9181354c78551009d1506fc5d3719d7c2591c3b8d91d03c817e3f3783b95078d,outputs/PROJECT_decoder_gate_abutment_matrix/_pair_trials/PAIR__AND3_R180__AND2_R180__g0p14_drc/PAIR__AND3_R180__AND2_R180__g0p14.lyrdb
AND3,R180,AND2,MX,0.0,False,0,False,False,False,True,,outputs/PROJECT_decoder_gate_abutment_matrix/_pair_trials/PAIR__AND3_R180__AND2_MX__g0p0.gds,48ae1581ef7abc93746723ea53dafd7e07e77da5ddd68cc8f990df7233f52ff8,outputs/PROJECT_decoder_gate_abutment_matrix/_pair_trials/PAIR__AND3_R180__AND2_MX__g0p0_drc/PAIR__AND3_R180__AND2_MX__g0p0.lyrdb
AND3,R180,AND2,MX,0.0025,False,0,False,False,False,True,,outputs/PROJECT_decoder_gate_abutment_matrix/_pair_trials/PAIR__AND3_R180__AND2_MX__g0p0025.gds,842df99a2beaef389ae7b88256dbd59ee78df0f9b59da804a0a5bc7d348900b7,outputs/PROJECT_decoder_gate_abutment_matrix/_pair_trials/PAIR__AND3_R180__AND2_MX__g0p0025_drc/PAIR__AND3_R180__AND2_MX__g0p0025.lyrdb
AND3,R180,AND2,MX,0.07,False,0,False,False,False,True,,outputs/PROJECT_decoder_gate_abutment_matrix/_pair_trials/PAIR__AND3_R180__AND2_MX__g0p07.gds,ca80aef8c95e527e39716c47a0567a8054beaf92662b5fea7861c7f618dedc09,outputs/PROJECT_decoder_gate_abutment_matrix/_pair_trials/PAIR__AND3_R180__AND2_MX__g0p07_drc/PAIR__AND3_R180__AND2_MX__g0p07.lyrdb
AND3,R180,AND2,MX,0.14,False,0,False,False,False,True,,outputs/PROJECT_decoder_gate_abutment_matrix/_pair_trials/PAIR__AND3_R180__AND2_MX__g0p14.gds,343e7d76fa6e5979f7246e2cd60eb2a7963762c7acb37a9a0cd61e279312eef0,outputs/PROJECT_decoder_gate_abutment_matrix/_pair_trials/PAIR__AND3_R180__AND2_MX__g0p14_drc/PAIR__AND3_R180__AND2_MX__g0p14.lyrdb
AND3,R180,AND2,MY,0.0,True,0,False,True,False,True,,outputs/PROJECT_decoder_gate_abutment_matrix/_pair_trials/PAIR__AND3_R180__AND2_MY__g0p0.gds,443b45351f0db6d7f42bad518b134c9bb42ccb419bdf167ae3e1771ec8e4fe49,outputs/PROJECT_decoder_gate_abutment_matrix/_pair_trials/PAIR__AND3_R180__AND2_MY__g0p0_drc/PAIR__AND3_R180__AND2_MY__g0p0.lyrdb
AND3,R180,AND2,MY,0.0025,True,0,False,True,False,True,,outputs/PROJECT_decoder_gate_abutment_matrix/_pair_trials/PAIR__AND3_R180__AND2_MY__g0p0025.gds,70e4cd08663865b872ffafc3cf15b0aa272599e7a8214bf681e95a470859b67e,outputs/PROJECT_decoder_gate_abutment_matrix/_pair_trials/PAIR__AND3_R180__AND2_MY__g0p0025_drc/PAIR__AND3_R180__AND2_MY__g0p0025.lyrdb
AND3,R180,AND2,MY,0.07,True,0,False,True,False,True,,outputs/PROJECT_decoder_gate_abutment_matrix/_pair_trials/PAIR__AND3_R180__AND2_MY__g0p07.gds,eb946690fc0dd85e04acfd3c4d56f6afc493a7b250a14d30fb35bd05b864ff5c,outputs/PROJECT_decoder_gate_abutment_matrix/_pair_trials/PAIR__AND3_R180__AND2_MY__g0p07_drc/PAIR__AND3_R180__AND2_MY__g0p07.lyrdb
AND3,R180,AND2,MY,0.14,True,0,False,True,False,True,,outputs/PROJECT_decoder_gate_abutment_matrix/_pair_trials/PAIR__AND3_R180__AND2_MY__g0p14.gds,510b7cd73b299a602161ffe31c657c1698d025d56cc3a4ee8230cacc1bc536e4,outputs/PROJECT_decoder_gate_abutment_matrix/_pair_trials/PAIR__AND3_R180__AND2_MY__g0p14_drc/PAIR__AND3_R180__AND2_MY__g0p14.lyrdb
AND3,R180,AND3,R0,0.0,True,0,False,True,False,True,,outputs/PROJECT_decoder_gate_abutment_matrix/_pair_trials/PAIR__AND3_R180__AND3_R0__g0p0.gds,15527464b4266293a15c18358406a19e2d34b23f94d608dd39a6abce65e6e823,outputs/PROJECT_decoder_gate_abutment_matrix/_pair_trials/PAIR__AND3_R180__AND3_R0__g0p0_drc/PAIR__AND3_R180__AND3_R0__g0p0.lyrdb
AND3,R180,AND3,R0,0.0025,True,0,False,True,False,True,,outputs/PROJECT_decoder_gate_abutment_matrix/_pair_trials/PAIR__AND3_R180__AND3_R0__g0p0025.gds,5d00eba7d8e1e398f18eb141e37cd321fe7b655ef273689a6a95ecfb121189d2,outputs/PROJECT_decoder_gate_abutment_matrix/_pair_trials/PAIR__AND3_R180__AND3_R0__g0p0025_drc/PAIR__AND3_R180__AND3_R0__g0p0025.lyrdb
AND3,R180,AND3,R0,0.07,True,0,False,True,False,True,,outputs/PROJECT_decoder_gate_abutment_matrix/_pair_trials/PAIR__AND3_R180__AND3_R0__g0p07.gds,2d203e10283ff43d07dd304606c4b1e838e4186cb88e168863b5853d86c85d5f,outputs/PROJECT_decoder_gate_abutment_matrix/_pair_trials/PAIR__AND3_R180__AND3_R0__g0p07_drc/PAIR__AND3_R180__AND3_R0__g0p07.lyrdb
AND3,R180,AND3,R0,0.14,True,0,False,True,False,True,,outputs/PROJECT_decoder_gate_abutment_matrix/_pair_trials/PAIR__AND3_R180__AND3_R0__g0p14.gds,046336d7614c98dcb7914d7c12bbdf7dd380fc23e50819875e2682cab1648542,outputs/PROJECT_decoder_gate_abutment_matrix/_pair_trials/PAIR__AND3_R180__AND3_R0__g0p14_drc/PAIR__AND3_R180__AND3_R0__g0p14.lyrdb
AND3,R180,AND3,R180,0.0,True,0,False,True,False,True,,outputs/PROJECT_decoder_gate_abutment_matrix/_pair_trials/PAIR__AND3_R180__AND3_R180__g0p0.gds,8e90ed1c0dd68528b92a4af5fb9a9071de4fa15e171fabe877d48d30f775b838,outputs/PROJECT_decoder_gate_abutment_matrix/_pair_trials/PAIR__AND3_R180__AND3_R180__g0p0_drc/PAIR__AND3_R180__AND3_R180__g0p0.lyrdb
AND3,R180,AND3,R180,0.0025,True,1,False,True,True,False,drc_marker_count=1,outputs/PROJECT_decoder_gate_abutment_matrix/_pair_trials/PAIR__AND3_R180__AND3_R180__g0p0025.gds,189fce79e4cdd8db023f5cb04c4c8e87aaf265d8bdbe4b2868cd325948bcb0b1,outputs/PROJECT_decoder_gate_abutment_matrix/_pair_trials/PAIR__AND3_R180__AND3_R180__g0p0025_drc/PAIR__AND3_R180__AND3_R180__g0p0025.lyrdb
AND3,R180,AND3,R180,0.07,True,1,False,True,True,False,drc_marker_count=1,outputs/PROJECT_decoder_gate_abutment_matrix/_pair_trials/PAIR__AND3_R180__AND3_R180__g0p07.gds,a3b94dbf5f24725b62114de248eadf889c832220b2fc07d63daf9cac9d434817,outputs/PROJECT_decoder_gate_abutment_matrix/_pair_trials/PAIR__AND3_R180__AND3_R180__g0p07_drc/PAIR__AND3_R180__AND3_R180__g0p07.lyrdb
AND3,R180,AND3,R180,0.14,True,1,False,True,True,False,drc_marker_count=1,outputs/PROJECT_decoder_gate_abutment_matrix/_pair_trials/PAIR__AND3_R180__AND3_R180__g0p14.gds,aaa79563b6b733d4f06d157d355d9ac856c374aaf14bb9fd1438fb617bec1b2d,outputs/PROJECT_decoder_gate_abutment_matrix/_pair_trials/PAIR__AND3_R180__AND3_R180__g0p14_drc/PAIR__AND3_R180__AND3_R180__g0p14.lyrdb
AND3,R180,AND3,MX,0.0,False,0,False,False,False,True,,outputs/PROJECT_decoder_gate_abutment_matrix/_pair_trials/PAIR__AND3_R180__AND3_MX__g0p0.gds,56906683464f18f06527f17e833dbd6d453db2eb4fbb19ac9343f960391c36b9,outputs/PROJECT_decoder_gate_abutment_matrix/_pair_trials/PAIR__AND3_R180__AND3_MX__g0p0_drc/PAIR__AND3_R180__AND3_MX__g0p0.lyrdb
AND3,R180,AND3,MX,0.0025,False,0,False,False,False,True,,outputs/PROJECT_decoder_gate_abutment_matrix/_pair_trials/PAIR__AND3_R180__AND3_MX__g0p0025.gds,91974a65277fffa52772ff32cb8d532feb5b5fe21328af5db7ae6f030800723a,outputs/PROJECT_decoder_gate_abutment_matrix/_pair_trials/PAIR__AND3_R180__AND3_MX__g0p0025_drc/PAIR__AND3_R180__AND3_MX__g0p0025.lyrdb
AND3,R180,AND3,MX,0.07,False,0,False,False,False,True,,outputs/PROJECT_decoder_gate_abutment_matrix/_pair_trials/PAIR__AND3_R180__AND3_MX__g0p07.gds,e8e83955a37720e4aa9cd76df62f1a053d7ee5a51e3b5b2de6bcc4c417acef95,outputs/PROJECT_decoder_gate_abutment_matrix/_pair_trials/PAIR__AND3_R180__AND3_MX__g0p07_drc/PAIR__AND3_R180__AND3_MX__g0p07.lyrdb
AND3,R180,AND3,MX,0.14,False,0,False,False,False,True,,outputs/PROJECT_decoder_gate_abutment_matrix/_pair_trials/PAIR__AND3_R180__AND3_MX__g0p14.gds,f82131c3932f471d9bdb38a082c51485f715e9fa8f3be991e75dc7480f01ae69,outputs/PROJECT_decoder_gate_abutment_matrix/_pair_trials/PAIR__AND3_R180__AND3_MX__g0p14_drc/PAIR__AND3_R180__AND3_MX__g0p14.lyrdb
AND3,R180,AND3,MY,0.0,True,0,False,True,False,True,,outputs/PROJECT_decoder_gate_abutment_matrix/_pair_trials/PAIR__AND3_R180__AND3_MY__g0p0.gds,d22e73360304700d7b4d7676056d3c915172ed8d36363b4e958c7a37cf258fae,outputs/PROJECT_decoder_gate_abutment_matrix/_pair_trials/PAIR__AND3_R180__AND3_MY__g0p0_drc/PAIR__AND3_R180__AND3_MY__g0p0.lyrdb
AND3,R180,AND3,MY,0.0025,True,1,False,True,True,False,drc_marker_count=1,outputs/PROJECT_decoder_gate_abutment_matrix/_pair_trials/PAIR__AND3_R180__AND3_MY__g0p0025.gds,a78bd122e989a97f4323de18b7169e696789d97ee09f990ffcc90cbd65722514,outputs/PROJECT_decoder_gate_abutment_matrix/_pair_trials/PAIR__AND3_R180__AND3_MY__g0p0025_drc/PAIR__AND3_R180__AND3_MY__g0p0025.lyrdb
AND3,R180,AND3,MY,0.07,True,1,False,True,True,False,drc_marker_count=1,outputs/PROJECT_decoder_gate_abutment_matrix/_pair_trials/PAIR__AND3_R180__AND3_MY__g0p07.gds,38476880ded40d46306200f555d2802838ec2f38d509e5e6474c6e46bafa46f4,outputs/PROJECT_decoder_gate_abutment_matrix/_pair_trials/PAIR__AND3_R180__AND3_MY__g0p07_drc/PAIR__AND3_R180__AND3_MY__g0p07.lyrdb
AND3,R180,AND3,MY,0.14,True,1,False,True,True,False,drc_marker_count=1,outputs/PROJECT_decoder_gate_abutment_matrix/_pair_trials/PAIR__AND3_R180__AND3_MY__g0p14.gds,569c8f6db0b2c6b8d2e6a2390463b4e9c9422e0cc47c2330256c79dabc9cdbaf,outputs/PROJECT_decoder_gate_abutment_matrix/_pair_trials/PAIR__AND3_R180__AND3_MY__g0p14_drc/PAIR__AND3_R180__AND3_MY__g0p14.lyrdb
AND3,R180,WORDLINEDRIVER,R0,0.0,True,0,False,True,False,True,,outputs/PROJECT_decoder_gate_abutment_matrix/_pair_trials/PAIR__AND3_R180__WORDLINEDRIVER_R0__g0p0.gds,2e14d89fcbd9008302b7e6b3df1713b1c3ca5f1ec47f39b151f7406a1e89e5de,outputs/PROJECT_decoder_gate_abutment_matrix/_pair_trials/PAIR__AND3_R180__WORDLINEDRIVER_R0__g0p0_drc/PAIR__AND3_R180__WORDLINEDRIVER_R0__g0p0.lyrdb
AND3,R180,WORDLINEDRIVER,R0,0.0025,True,0,False,True,False,True,,outputs/PROJECT_decoder_gate_abutment_matrix/_pair_trials/PAIR__AND3_R180__WORDLINEDRIVER_R0__g0p0025.gds,5e1cdbe061026f1c5b3e65b544df7032b18c5dd2d20c8a931e73d6e706f5a315,outputs/PROJECT_decoder_gate_abutment_matrix/_pair_trials/PAIR__AND3_R180__WORDLINEDRIVER_R0__g0p0025_drc/PAIR__AND3_R180__WORDLINEDRIVER_R0__g0p0025.lyrdb
AND3,R180,WORDLINEDRIVER,R0,0.07,True,0,False,True,False,True,,outputs/PROJECT_decoder_gate_abutment_matrix/_pair_trials/PAIR__AND3_R180__WORDLINEDRIVER_R0__g0p07.gds,1ee58977109d733570f2c37cdbd2558d786426fadd3d68ea9735ef98c550a825,outputs/PROJECT_decoder_gate_abutment_matrix/_pair_trials/PAIR__AND3_R180__WORDLINEDRIVER_R0__g0p07_drc/PAIR__AND3_R180__WORDLINEDRIVER_R0__g0p07.lyrdb
AND3,R180,WORDLINEDRIVER,R0,0.14,True,0,False,True,False,True,,outputs/PROJECT_decoder_gate_abutment_matrix/_pair_trials/PAIR__AND3_R180__WORDLINEDRIVER_R0__g0p14.gds,5034a1fa4da9b4ec2cc713dc6785bb7354d154161d5e1ee42e3084549b6dbd28,outputs/PROJECT_decoder_gate_abutment_matrix/_pair_trials/PAIR__AND3_R180__WORDLINEDRIVER_R0__g0p14_drc/PAIR__AND3_R180__WORDLINEDRIVER_R0__g0p14.lyrdb
AND3,R180,WORDLINEDRIVER,R180,0.0,True,0,False,True,False,True,,outputs/PROJECT_decoder_gate_abutment_matrix/_pair_trials/PAIR__AND3_R180__WORDLINEDRIVER_R180__g0p0.gds,6922aa674af248e73cab2fd762f72ee43b8009450eda93faf0ab22482a76d563,outputs/PROJECT_decoder_gate_abutment_matrix/_pair_trials/PAIR__AND3_R180__WORDLINEDRIVER_R180__g0p0_drc/PAIR__AND3_R180__WORDLINEDRIVER_R180__g0p0.lyrdb
AND3,R180,WORDLINEDRIVER,R180,0.0025,True,0,False,True,False,True,,outputs/PROJECT_decoder_gate_abutment_matrix/_pair_trials/PAIR__AND3_R180__WORDLINEDRIVER_R180__g0p0025.gds,5256b0d88b8fe3863cbc889619cbe0725887eaf7f0aed0eca2d2c6d433e74bc4,outputs/PROJECT_decoder_gate_abutment_matrix/_pair_trials/PAIR__AND3_R180__WORDLINEDRIVER_R180__g0p0025_drc/PAIR__AND3_R180__WORDLINEDRIVER_R180__g0p0025.lyrdb
AND3,R180,WORDLINEDRIVER,R180,0.07,True,1,False,True,True,False,drc_marker_count=1,outputs/PROJECT_decoder_gate_abutment_matrix/_pair_trials/PAIR__AND3_R180__WORDLINEDRIVER_R180__g0p07.gds,40b05eb4c781235f756bf7ab9ba0254e46869ab5ea933e50234a0b6a8bb42096,outputs/PROJECT_decoder_gate_abutment_matrix/_pair_trials/PAIR__AND3_R180__WORDLINEDRIVER_R180__g0p07_drc/PAIR__AND3_R180__WORDLINEDRIVER_R180__g0p07.lyrdb
AND3,R180,WORDLINEDRIVER,R180,0.14,True,1,False,True,True,False,drc_marker_count=1,outputs/PROJECT_decoder_gate_abutment_matrix/_pair_trials/PAIR__AND3_R180__WORDLINEDRIVER_R180__g0p14.gds,21f92facf00ab3954ee23c04c1a1cef811233651ad6f2db850ca94c52c5e956f,outputs/PROJECT_decoder_gate_abutment_matrix/_pair_trials/PAIR__AND3_R180__WORDLINEDRIVER_R180__g0p14_drc/PAIR__AND3_R180__WORDLINEDRIVER_R180__g0p14.lyrdb
AND3,R180,WORDLINEDRIVER,MX,0.0,False,0,False,False,False,True,,outputs/PROJECT_decoder_gate_abutment_matrix/_pair_trials/PAIR__AND3_R180__WORDLINEDRIVER_MX__g0p0.gds,d63df3cba5f8627a988c9341b58e92ed543a12f89271345e6b2081d1a579b75d,outputs/PROJECT_decoder_gate_abutment_matrix/_pair_trials/PAIR__AND3_R180__WORDLINEDRIVER_MX__g0p0_drc/PAIR__AND3_R180__WORDLINEDRIVER_MX__g0p0.lyrdb
AND3,R180,WORDLINEDRIVER,MX,0.0025,False,0,False,False,False,True,,outputs/PROJECT_decoder_gate_abutment_matrix/_pair_trials/PAIR__AND3_R180__WORDLINEDRIVER_MX__g0p0025.gds,b3ed15dfc18e8dc5029f3075e06bd87101c614d5225a66762c7f4c675a28aa38,outputs/PROJECT_decoder_gate_abutment_matrix/_pair_trials/PAIR__AND3_R180__WORDLINEDRIVER_MX__g0p0025_drc/PAIR__AND3_R180__WORDLINEDRIVER_MX__g0p0025.lyrdb
AND3,R180,WORDLINEDRIVER,MX,0.07,False,0,False,False,False,True,,outputs/PROJECT_decoder_gate_abutment_matrix/_pair_trials/PAIR__AND3_R180__WORDLINEDRIVER_MX__g0p07.gds,9a2ce72ad99359d97912ae3427f8672e7f041a6a51c63ad2d5456cdf357244b2,outputs/PROJECT_decoder_gate_abutment_matrix/_pair_trials/PAIR__AND3_R180__WORDLINEDRIVER_MX__g0p07_drc/PAIR__AND3_R180__WORDLINEDRIVER_MX__g0p07.lyrdb
AND3,R180,WORDLINEDRIVER,MX,0.14,False,0,False,False,False,True,,outputs/PROJECT_decoder_gate_abutment_matrix/_pair_trials/PAIR__AND3_R180__WORDLINEDRIVER_MX__g0p14.gds,c7e3f1cf38dcc2480e4276177de479d5db8387b4286ced94052b7c28132352f0,outputs/PROJECT_decoder_gate_abutment_matrix/_pair_trials/PAIR__AND3_R180__WORDLINEDRIVER_MX__g0p14_drc/PAIR__AND3_R180__WORDLINEDRIVER_MX__g0p14.lyrdb
AND3,R180,WORDLINEDRIVER,MY,0.0,True,0,False,True,False,True,,outputs/PROJECT_decoder_gate_abutment_matrix/_pair_trials/PAIR__AND3_R180__WORDLINEDRIVER_MY__g0p0.gds,341c7249884e015c6105eccda3761735699c7fb24149b93391939ec8feab3a1b,outputs/PROJECT_decoder_gate_abutment_matrix/_pair_trials/PAIR__AND3_R180__WORDLINEDRIVER_MY__g0p0_drc/PAIR__AND3_R180__WORDLINEDRIVER_MY__g0p0.lyrdb
AND3,R180,WORDLINEDRIVER,MY,0.0025,True,0,False,True,False,True,,outputs/PROJECT_decoder_gate_abutment_matrix/_pair_trials/PAIR__AND3_R180__WORDLINEDRIVER_MY__g0p0025.gds,4e6abdf871eb86951cc46f2a5592da69853e6630dc571c50f6246f47bab6dbea,outputs/PROJECT_decoder_gate_abutment_matrix/_pair_trials/PAIR__AND3_R180__WORDLINEDRIVER_MY__g0p0025_drc/PAIR__AND3_R180__WORDLINEDRIVER_MY__g0p0025.lyrdb
AND3,R180,WORDLINEDRIVER,MY,0.07,True,1,False,True,True,False,drc_marker_count=1,outputs/PROJECT_decoder_gate_abutment_matrix/_pair_trials/PAIR__AND3_R180__WORDLINEDRIVER_MY__g0p07.gds,50f6795779c9d39d9ca11b89dd3704555f3fd5c1c5ce1e3a865e568c776ee3b9,outputs/PROJECT_decoder_gate_abutment_matrix/_pair_trials/PAIR__AND3_R180__WORDLINEDRIVER_MY__g0p07_drc/PAIR__AND3_R180__WORDLINEDRIVER_MY__g0p07.lyrdb
AND3,R180,WORDLINEDRIVER,MY,0.14,True,1,False,True,True,False,drc_marker_count=1,outputs/PROJECT_decoder_gate_abutment_matrix/_pair_trials/PAIR__AND3_R180__WORDLINEDRIVER_MY__g0p14.gds,54704652344a7ac5cfabd41608fb4632598cb224f803a421d22db31584811c2c,outputs/PROJECT_decoder_gate_abutment_matrix/_pair_trials/PAIR__AND3_R180__WORDLINEDRIVER_MY__g0p14_drc/PAIR__AND3_R180__WORDLINEDRIVER_MY__g0p14.lyrdb
AND3,MX,PINV,R0,0.0,False,0,False,False,False,True,,outputs/PROJECT_decoder_gate_abutment_matrix/_pair_trials/PAIR__AND3_MX__PINV_R0__g0p0.gds,92941e39923935df1157dda038705a957e39f7b8303c9c19e50e4ac4fb8987a4,outputs/PROJECT_decoder_gate_abutment_matrix/_pair_trials/PAIR__AND3_MX__PINV_R0__g0p0_drc/PAIR__AND3_MX__PINV_R0__g0p0.lyrdb
AND3,MX,PINV,R0,0.0025,False,1,False,False,True,False,drc_marker_count=1,outputs/PROJECT_decoder_gate_abutment_matrix/_pair_trials/PAIR__AND3_MX__PINV_R0__g0p0025.gds,53a7240317ad597d1631c81160aeb60fdb42da5e3779e4566d12c40a83e6d530,outputs/PROJECT_decoder_gate_abutment_matrix/_pair_trials/PAIR__AND3_MX__PINV_R0__g0p0025_drc/PAIR__AND3_MX__PINV_R0__g0p0025.lyrdb
AND3,MX,PINV,R0,0.07,False,1,False,False,True,False,drc_marker_count=1,outputs/PROJECT_decoder_gate_abutment_matrix/_pair_trials/PAIR__AND3_MX__PINV_R0__g0p07.gds,2edf1f6398ec21d9277c4f61bdc6240515fa3665f8eca068deb022fac4a4507b,outputs/PROJECT_decoder_gate_abutment_matrix/_pair_trials/PAIR__AND3_MX__PINV_R0__g0p07_drc/PAIR__AND3_MX__PINV_R0__g0p07.lyrdb
AND3,MX,PINV,R0,0.14,False,1,False,False,True,False,drc_marker_count=1,outputs/PROJECT_decoder_gate_abutment_matrix/_pair_trials/PAIR__AND3_MX__PINV_R0__g0p14.gds,690bf48834bc766c1e5c8fcae44141b6377e2ee6f3922e0cea9c548c61ccf0ae,outputs/PROJECT_decoder_gate_abutment_matrix/_pair_trials/PAIR__AND3_MX__PINV_R0__g0p14_drc/PAIR__AND3_MX__PINV_R0__g0p14.lyrdb
AND3,MX,PINV,R180,0.0,False,59,False,False,True,False,drc_marker_count=59,outputs/PROJECT_decoder_gate_abutment_matrix/_pair_trials/PAIR__AND3_MX__PINV_R180__g0p0.gds,5441a9a8dd1fe4f69aa3efbc6ee2a14d17b236837666833badf9c81d2aa37f89,outputs/PROJECT_decoder_gate_abutment_matrix/_pair_trials/PAIR__AND3_MX__PINV_R180__g0p0_drc/PAIR__AND3_MX__PINV_R180__g0p0.lyrdb
AND3,MX,PINV,R180,0.0025,False,61,False,False,True,False,drc_marker_count=61,outputs/PROJECT_decoder_gate_abutment_matrix/_pair_trials/PAIR__AND3_MX__PINV_R180__g0p0025.gds,3fb21529510f7a9ed8b696aeb49af3911cc41217d12638e2e7c1f6130d2366b9,outputs/PROJECT_decoder_gate_abutment_matrix/_pair_trials/PAIR__AND3_MX__PINV_R180__g0p0025_drc/PAIR__AND3_MX__PINV_R180__g0p0025.lyrdb
AND3,MX,PINV,R180,0.07,False,43,False,False,True,False,drc_marker_count=43,outputs/PROJECT_decoder_gate_abutment_matrix/_pair_trials/PAIR__AND3_MX__PINV_R180__g0p07.gds,4fa36495dd4699183c60f357c47f17c34f9711fd906fe8d4a4d24dabd5d5e784,outputs/PROJECT_decoder_gate_abutment_matrix/_pair_trials/PAIR__AND3_MX__PINV_R180__g0p07_drc/PAIR__AND3_MX__PINV_R180__g0p07.lyrdb
AND3,MX,PINV,R180,0.14,False,66,False,False,True,False,drc_marker_count=66,outputs/PROJECT_decoder_gate_abutment_matrix/_pair_trials/PAIR__AND3_MX__PINV_R180__g0p14.gds,b29707f300499028dd06315eff9149414de8e50f1413dae8bc5855e18b28dedb,outputs/PROJECT_decoder_gate_abutment_matrix/_pair_trials/PAIR__AND3_MX__PINV_R180__g0p14_drc/PAIR__AND3_MX__PINV_R180__g0p14.lyrdb
AND3,MX,PINV,MX,0.0,True,0,False,True,False,True,,outputs/PROJECT_decoder_gate_abutment_matrix/_pair_trials/PAIR__AND3_MX__PINV_MX__g0p0.gds,6f939b5781e70aa4e26cd947d931d8296dfaa7d4ad84bb358d23988753d3543b,outputs/PROJECT_decoder_gate_abutment_matrix/_pair_trials/PAIR__AND3_MX__PINV_MX__g0p0_drc/PAIR__AND3_MX__PINV_MX__g0p0.lyrdb
AND3,MX,PINV,MX,0.0025,True,1,False,True,True,False,drc_marker_count=1,outputs/PROJECT_decoder_gate_abutment_matrix/_pair_trials/PAIR__AND3_MX__PINV_MX__g0p0025.gds,3c8a801ad609aaf076355fe4bccc247c0357380dff82bb5c0af536ca2dbe2f09,outputs/PROJECT_decoder_gate_abutment_matrix/_pair_trials/PAIR__AND3_MX__PINV_MX__g0p0025_drc/PAIR__AND3_MX__PINV_MX__g0p0025.lyrdb
AND3,MX,PINV,MX,0.07,True,1,False,True,True,False,drc_marker_count=1,outputs/PROJECT_decoder_gate_abutment_matrix/_pair_trials/PAIR__AND3_MX__PINV_MX__g0p07.gds,3c339b293cb6b00dfa03ffae084eddc96a3872601e64cf50fff4bd340ec46841,outputs/PROJECT_decoder_gate_abutment_matrix/_pair_trials/PAIR__AND3_MX__PINV_MX__g0p07_drc/PAIR__AND3_MX__PINV_MX__g0p07.lyrdb
AND3,MX,PINV,MX,0.14,True,1,False,True,True,False,drc_marker_count=1,outputs/PROJECT_decoder_gate_abutment_matrix/_pair_trials/PAIR__AND3_MX__PINV_MX__g0p14.gds,78b593277c94c25d19b55f7c89c4428cb7b179e577b01e724ded117101bc91b1,outputs/PROJECT_decoder_gate_abutment_matrix/_pair_trials/PAIR__AND3_MX__PINV_MX__g0p14_drc/PAIR__AND3_MX__PINV_MX__g0p14.lyrdb
AND3,MX,PINV,MY,0.0,False,0,False,False,False,True,,outputs/PROJECT_decoder_gate_abutment_matrix/_pair_trials/PAIR__AND3_MX__PINV_MY__g0p0.gds,a58c4f2d39b3e4de5df1d4692c24b71584fd02126f3e5cae491a6d898fb3ead1,outputs/PROJECT_decoder_gate_abutment_matrix/_pair_trials/PAIR__AND3_MX__PINV_MY__g0p0_drc/PAIR__AND3_MX__PINV_MY__g0p0.lyrdb
AND3,MX,PINV,MY,0.0025,False,0,False,False,False,True,,outputs/PROJECT_decoder_gate_abutment_matrix/_pair_trials/PAIR__AND3_MX__PINV_MY__g0p0025.gds,4ba156a24ea0480362dc515f19a7f840eafa30decffed07d18b32f064622bbfb,outputs/PROJECT_decoder_gate_abutment_matrix/_pair_trials/PAIR__AND3_MX__PINV_MY__g0p0025_drc/PAIR__AND3_MX__PINV_MY__g0p0025.lyrdb
AND3,MX,PINV,MY,0.07,False,0,False,False,False,True,,outputs/PROJECT_decoder_gate_abutment_matrix/_pair_trials/PAIR__AND3_MX__PINV_MY__g0p07.gds,72ec412dbc853526c75aa51cbec7547ce85a0d9fdfd21c3abae725617f297ed2,outputs/PROJECT_decoder_gate_abutment_matrix/_pair_trials/PAIR__AND3_MX__PINV_MY__g0p07_drc/PAIR__AND3_MX__PINV_MY__g0p07.lyrdb
AND3,MX,PINV,MY,0.14,False,0,False,False,False,True,,outputs/PROJECT_decoder_gate_abutment_matrix/_pair_trials/PAIR__AND3_MX__PINV_MY__g0p14.gds,54f80f4b950192e09e01039ae61da1afb80cbe101a7229b01dced43e24b15759,outputs/PROJECT_decoder_gate_abutment_matrix/_pair_trials/PAIR__AND3_MX__PINV_MY__g0p14_drc/PAIR__AND3_MX__PINV_MY__g0p14.lyrdb
AND3,MX,PNAND2,R0,0.0,False,0,False,False,False,True,,outputs/PROJECT_decoder_gate_abutment_matrix/_pair_trials/PAIR__AND3_MX__PNAND2_R0__g0p0.gds,bd940c97e8811f46200a87acd15532d1f5154b030576026a12868d9591ea00d6,outputs/PROJECT_decoder_gate_abutment_matrix/_pair_trials/PAIR__AND3_MX__PNAND2_R0__g0p0_drc/PAIR__AND3_MX__PNAND2_R0__g0p0.lyrdb
AND3,MX,PNAND2,R0,0.0025,False,1,False,False,True,False,drc_marker_count=1,outputs/PROJECT_decoder_gate_abutment_matrix/_pair_trials/PAIR__AND3_MX__PNAND2_R0__g0p0025.gds,4b005f29b541cb7ac441fe6a876b4b1f287cd1108366ff379ed5e7bb5930c356,outputs/PROJECT_decoder_gate_abutment_matrix/_pair_trials/PAIR__AND3_MX__PNAND2_R0__g0p0025_drc/PAIR__AND3_MX__PNAND2_R0__g0p0025.lyrdb
AND3,MX,PNAND2,R0,0.07,False,1,False,False,True,False,drc_marker_count=1,outputs/PROJECT_decoder_gate_abutment_matrix/_pair_trials/PAIR__AND3_MX__PNAND2_R0__g0p07.gds,9d780374ff308454ae7606aec7c3c4e6a57d42511321bd226c8672bdcce75cef,outputs/PROJECT_decoder_gate_abutment_matrix/_pair_trials/PAIR__AND3_MX__PNAND2_R0__g0p07_drc/PAIR__AND3_MX__PNAND2_R0__g0p07.lyrdb
AND3,MX,PNAND2,R0,0.14,False,1,False,False,True,False,drc_marker_count=1,outputs/PROJECT_decoder_gate_abutment_matrix/_pair_trials/PAIR__AND3_MX__PNAND2_R0__g0p14.gds,890e2ba70a950e86fa93a6ef75cc63facf933d83f0fce81e92d2c66a97c9aecf,outputs/PROJECT_decoder_gate_abutment_matrix/_pair_trials/PAIR__AND3_MX__PNAND2_R0__g0p14_drc/PAIR__AND3_MX__PNAND2_R0__g0p14.lyrdb
AND3,MX,PNAND2,R180,0.0,False,71,False,False,True,False,drc_marker_count=71,outputs/PROJECT_decoder_gate_abutment_matrix/_pair_trials/PAIR__AND3_MX__PNAND2_R180__g0p0.gds,890a0e3af21d54acd9e30dd38e75a156ca85e2805cb8969a92f646caa8d733de,outputs/PROJECT_decoder_gate_abutment_matrix/_pair_trials/PAIR__AND3_MX__PNAND2_R180__g0p0_drc/PAIR__AND3_MX__PNAND2_R180__g0p0.lyrdb
AND3,MX,PNAND2,R180,0.0025,False,68,False,False,True,False,drc_marker_count=68,outputs/PROJECT_decoder_gate_abutment_matrix/_pair_trials/PAIR__AND3_MX__PNAND2_R180__g0p0025.gds,f010b9684e75e5036755355c8edb2cbf57dfc627f6f8acb9b420742c2d0fd365,outputs/PROJECT_decoder_gate_abutment_matrix/_pair_trials/PAIR__AND3_MX__PNAND2_R180__g0p0025_drc/PAIR__AND3_MX__PNAND2_R180__g0p0025.lyrdb
AND3,MX,PNAND2,R180,0.07,False,44,False,False,True,False,drc_marker_count=44,outputs/PROJECT_decoder_gate_abutment_matrix/_pair_trials/PAIR__AND3_MX__PNAND2_R180__g0p07.gds,3ba1c154ee81621c12d405dcfa1ad1da92409b37be5576a04938df99a24d3fd0,outputs/PROJECT_decoder_gate_abutment_matrix/_pair_trials/PAIR__AND3_MX__PNAND2_R180__g0p07_drc/PAIR__AND3_MX__PNAND2_R180__g0p07.lyrdb
AND3,MX,PNAND2,R180,0.14,False,68,False,False,True,False,drc_marker_count=68,outputs/PROJECT_decoder_gate_abutment_matrix/_pair_trials/PAIR__AND3_MX__PNAND2_R180__g0p14.gds,f595e464f7182d7c877395b561733e69c8ef5a03a2ef1c8adb88f118fd981f07,outputs/PROJECT_decoder_gate_abutment_matrix/_pair_trials/PAIR__AND3_MX__PNAND2_R180__g0p14_drc/PAIR__AND3_MX__PNAND2_R180__g0p14.lyrdb
AND3,MX,PNAND2,MX,0.0,True,0,False,True,False,True,,outputs/PROJECT_decoder_gate_abutment_matrix/_pair_trials/PAIR__AND3_MX__PNAND2_MX__g0p0.gds,28db6307a21c583bea8f8fa09844fc7add084665e8b2872576e457591a569718,outputs/PROJECT_decoder_gate_abutment_matrix/_pair_trials/PAIR__AND3_MX__PNAND2_MX__g0p0_drc/PAIR__AND3_MX__PNAND2_MX__g0p0.lyrdb
AND3,MX,PNAND2,MX,0.0025,True,1,False,True,True,False,drc_marker_count=1,outputs/PROJECT_decoder_gate_abutment_matrix/_pair_trials/PAIR__AND3_MX__PNAND2_MX__g0p0025.gds,8499f5497cf709e93e5b1d153b728cb9646cb35674a919bb2580e3fb4d97d730,outputs/PROJECT_decoder_gate_abutment_matrix/_pair_trials/PAIR__AND3_MX__PNAND2_MX__g0p0025_drc/PAIR__AND3_MX__PNAND2_MX__g0p0025.lyrdb
AND3,MX,PNAND2,MX,0.07,True,1,False,True,True,False,drc_marker_count=1,outputs/PROJECT_decoder_gate_abutment_matrix/_pair_trials/PAIR__AND3_MX__PNAND2_MX__g0p07.gds,d74e65e204d7d1bd80bd25f300569a6325df9410d5f97d48af402d9b0a2d56b7,outputs/PROJECT_decoder_gate_abutment_matrix/_pair_trials/PAIR__AND3_MX__PNAND2_MX__g0p07_drc/PAIR__AND3_MX__PNAND2_MX__g0p07.lyrdb
AND3,MX,PNAND2,MX,0.14,True,1,False,True,True,False,drc_marker_count=1,outputs/PROJECT_decoder_gate_abutment_matrix/_pair_trials/PAIR__AND3_MX__PNAND2_MX__g0p14.gds,cd44a3a9f4498d6e2f1fb07e6383ae55dddc9cc3dee309f1f21932daed0217c4,outputs/PROJECT_decoder_gate_abutment_matrix/_pair_trials/PAIR__AND3_MX__PNAND2_MX__g0p14_drc/PAIR__AND3_MX__PNAND2_MX__g0p14.lyrdb
AND3,MX,PNAND2,MY,0.0,False,0,False,False,False,True,,outputs/PROJECT_decoder_gate_abutment_matrix/_pair_trials/PAIR__AND3_MX__PNAND2_MY__g0p0.gds,726118e59702a2b6385fb6f24061a2fe1d24277fbe251bab120a01cef213c3d3,outputs/PROJECT_decoder_gate_abutment_matrix/_pair_trials/PAIR__AND3_MX__PNAND2_MY__g0p0_drc/PAIR__AND3_MX__PNAND2_MY__g0p0.lyrdb
AND3,MX,PNAND2,MY,0.0025,False,0,False,False,False,True,,outputs/PROJECT_decoder_gate_abutment_matrix/_pair_trials/PAIR__AND3_MX__PNAND2_MY__g0p0025.gds,9c81cd1e8c88a4208a6ba6b2c8dae7919243103079a2c363f72cd076159c9a1d,outputs/PROJECT_decoder_gate_abutment_matrix/_pair_trials/PAIR__AND3_MX__PNAND2_MY__g0p0025_drc/PAIR__AND3_MX__PNAND2_MY__g0p0025.lyrdb
AND3,MX,PNAND2,MY,0.07,False,0,False,False,False,True,,outputs/PROJECT_decoder_gate_abutment_matrix/_pair_trials/PAIR__AND3_MX__PNAND2_MY__g0p07.gds,2fae02c0eb779a3ae539a48ff9e7fdbbb378721c6fbb0cb5f835818a0957cd3d,outputs/PROJECT_decoder_gate_abutment_matrix/_pair_trials/PAIR__AND3_MX__PNAND2_MY__g0p07_drc/PAIR__AND3_MX__PNAND2_MY__g0p07.lyrdb
AND3,MX,PNAND2,MY,0.14,False,0,False,False,False,True,,outputs/PROJECT_decoder_gate_abutment_matrix/_pair_trials/PAIR__AND3_MX__PNAND2_MY__g0p14.gds,4974b81004c3400d5b8f44b92163ed8e37356d5e471183f7b748f446b1786b61,outputs/PROJECT_decoder_gate_abutment_matrix/_pair_trials/PAIR__AND3_MX__PNAND2_MY__g0p14_drc/PAIR__AND3_MX__PNAND2_MY__g0p14.lyrdb
AND3,MX,PNAND3,R0,0.0,False,0,False,False,False,True,,outputs/PROJECT_decoder_gate_abutment_matrix/_pair_trials/PAIR__AND3_MX__PNAND3_R0__g0p0.gds,03ad0556a35abd6c4f44ed172b34d7c01ada6cbec9dcf707855bfac8bef38bcb,outputs/PROJECT_decoder_gate_abutment_matrix/_pair_trials/PAIR__AND3_MX__PNAND3_R0__g0p0_drc/PAIR__AND3_MX__PNAND3_R0__g0p0.lyrdb
AND3,MX,PNAND3,R0,0.0025,False,1,False,False,True,False,drc_marker_count=1,outputs/PROJECT_decoder_gate_abutment_matrix/_pair_trials/PAIR__AND3_MX__PNAND3_R0__g0p0025.gds,d4ddbc3a0e89e2e0da55dad95510812d95e3eac94631c4afca20b0aaf65dc43e,outputs/PROJECT_decoder_gate_abutment_matrix/_pair_trials/PAIR__AND3_MX__PNAND3_R0__g0p0025_drc/PAIR__AND3_MX__PNAND3_R0__g0p0025.lyrdb
AND3,MX,PNAND3,R0,0.07,False,1,False,False,True,False,drc_marker_count=1,outputs/PROJECT_decoder_gate_abutment_matrix/_pair_trials/PAIR__AND3_MX__PNAND3_R0__g0p07.gds,96186bfad78775f524bcbd5cbc133a4790dd860ade81052187df3c20ec86f67a,outputs/PROJECT_decoder_gate_abutment_matrix/_pair_trials/PAIR__AND3_MX__PNAND3_R0__g0p07_drc/PAIR__AND3_MX__PNAND3_R0__g0p07.lyrdb
AND3,MX,PNAND3,R0,0.14,False,1,False,False,True,False,drc_marker_count=1,outputs/PROJECT_decoder_gate_abutment_matrix/_pair_trials/PAIR__AND3_MX__PNAND3_R0__g0p14.gds,4354a345b60ead4aeae636fe1ba149297f9819e496eb5cbe85b57149ee40d8c6,outputs/PROJECT_decoder_gate_abutment_matrix/_pair_trials/PAIR__AND3_MX__PNAND3_R0__g0p14_drc/PAIR__AND3_MX__PNAND3_R0__g0p14.lyrdb
AND3,MX,PNAND3,R180,0.0,False,79,False,False,True,False,drc_marker_count=79,outputs/PROJECT_decoder_gate_abutment_matrix/_pair_trials/PAIR__AND3_MX__PNAND3_R180__g0p0.gds,c0daab351fae16420bca7ed30e37e6012fef9b4df8071df1a9003a6070dc0c40,outputs/PROJECT_decoder_gate_abutment_matrix/_pair_trials/PAIR__AND3_MX__PNAND3_R180__g0p0_drc/PAIR__AND3_MX__PNAND3_R180__g0p0.lyrdb
AND3,MX,PNAND3,R180,0.0025,False,75,False,False,True,False,drc_marker_count=75,outputs/PROJECT_decoder_gate_abutment_matrix/_pair_trials/PAIR__AND3_MX__PNAND3_R180__g0p0025.gds,8810040d44f229083fe523ffaec84069f15b1672dacdc2b7bf58e32f41c3d3cd,outputs/PROJECT_decoder_gate_abutment_matrix/_pair_trials/PAIR__AND3_MX__PNAND3_R180__g0p0025_drc/PAIR__AND3_MX__PNAND3_R180__g0p0025.lyrdb
AND3,MX,PNAND3,R180,0.07,False,56,False,False,True,False,drc_marker_count=56,outputs/PROJECT_decoder_gate_abutment_matrix/_pair_trials/PAIR__AND3_MX__PNAND3_R180__g0p07.gds,6a8f54dddac6cb5ee759881f47fcd5a3dce23d997bb31f95778d08ebb4b08093,outputs/PROJECT_decoder_gate_abutment_matrix/_pair_trials/PAIR__AND3_MX__PNAND3_R180__g0p07_drc/PAIR__AND3_MX__PNAND3_R180__g0p07.lyrdb
AND3,MX,PNAND3,R180,0.14,False,54,False,False,True,False,drc_marker_count=54,outputs/PROJECT_decoder_gate_abutment_matrix/_pair_trials/PAIR__AND3_MX__PNAND3_R180__g0p14.gds,fb25619d1fe7774678339ba2ac71aa7ece9131fc34901ffd6842ddc14381d891,outputs/PROJECT_decoder_gate_abutment_matrix/_pair_trials/PAIR__AND3_MX__PNAND3_R180__g0p14_drc/PAIR__AND3_MX__PNAND3_R180__g0p14.lyrdb
AND3,MX,PNAND3,MX,0.0,True,0,False,True,False,True,,outputs/PROJECT_decoder_gate_abutment_matrix/_pair_trials/PAIR__AND3_MX__PNAND3_MX__g0p0.gds,f1869a76ceb6ab2ecbe3a7ea0f6d4b8c3bbe33e355d63ddd5014e4c9f6e41ec0,outputs/PROJECT_decoder_gate_abutment_matrix/_pair_trials/PAIR__AND3_MX__PNAND3_MX__g0p0_drc/PAIR__AND3_MX__PNAND3_MX__g0p0.lyrdb
AND3,MX,PNAND3,MX,0.0025,True,1,False,True,True,False,drc_marker_count=1,outputs/PROJECT_decoder_gate_abutment_matrix/_pair_trials/PAIR__AND3_MX__PNAND3_MX__g0p0025.gds,0c5c6cd4d17373479cfb3c07681be85d25ba196712d3c07495a6ae989dd13735,outputs/PROJECT_decoder_gate_abutment_matrix/_pair_trials/PAIR__AND3_MX__PNAND3_MX__g0p0025_drc/PAIR__AND3_MX__PNAND3_MX__g0p0025.lyrdb
AND3,MX,PNAND3,MX,0.07,True,1,False,True,True,False,drc_marker_count=1,outputs/PROJECT_decoder_gate_abutment_matrix/_pair_trials/PAIR__AND3_MX__PNAND3_MX__g0p07.gds,03362fc6c9ad1b40722168252405826dcb5a84e89af651dd383f4ff1ddf47d81,outputs/PROJECT_decoder_gate_abutment_matrix/_pair_trials/PAIR__AND3_MX__PNAND3_MX__g0p07_drc/PAIR__AND3_MX__PNAND3_MX__g0p07.lyrdb
AND3,MX,PNAND3,MX,0.14,True,1,False,True,True,False,drc_marker_count=1,outputs/PROJECT_decoder_gate_abutment_matrix/_pair_trials/PAIR__AND3_MX__PNAND3_MX__g0p14.gds,6816c4dbb7bbb8c578dd37fe8304f5351b508c7622371f7737cd7786dd8ca2b8,outputs/PROJECT_decoder_gate_abutment_matrix/_pair_trials/PAIR__AND3_MX__PNAND3_MX__g0p14_drc/PAIR__AND3_MX__PNAND3_MX__g0p14.lyrdb
AND3,MX,PNAND3,MY,0.0,False,0,False,False,False,True,,outputs/PROJECT_decoder_gate_abutment_matrix/_pair_trials/PAIR__AND3_MX__PNAND3_MY__g0p0.gds,16dd03cbff4cd603e4420170c37b88ccea34937a36d40584eb2d4b951f642360,outputs/PROJECT_decoder_gate_abutment_matrix/_pair_trials/PAIR__AND3_MX__PNAND3_MY__g0p0_drc/PAIR__AND3_MX__PNAND3_MY__g0p0.lyrdb
AND3,MX,PNAND3,MY,0.0025,False,0,False,False,False,True,,outputs/PROJECT_decoder_gate_abutment_matrix/_pair_trials/PAIR__AND3_MX__PNAND3_MY__g0p0025.gds,ef0774a2c7c5f85c15a91fbff52460accbc925e243cb434bf143a1954b4d28fe,outputs/PROJECT_decoder_gate_abutment_matrix/_pair_trials/PAIR__AND3_MX__PNAND3_MY__g0p0025_drc/PAIR__AND3_MX__PNAND3_MY__g0p0025.lyrdb
AND3,MX,PNAND3,MY,0.07,False,0,False,False,False,True,,outputs/PROJECT_decoder_gate_abutment_matrix/_pair_trials/PAIR__AND3_MX__PNAND3_MY__g0p07.gds,528a9c44563e2c74ca7d156df4dd858fe637fddf858ec83531056ad65350ce6b,outputs/PROJECT_decoder_gate_abutment_matrix/_pair_trials/PAIR__AND3_MX__PNAND3_MY__g0p07_drc/PAIR__AND3_MX__PNAND3_MY__g0p07.lyrdb
AND3,MX,PNAND3,MY,0.14,False,0,False,False,False,True,,outputs/PROJECT_decoder_gate_abutment_matrix/_pair_trials/PAIR__AND3_MX__PNAND3_MY__g0p14.gds,cc173ccea02cd94aae5c8ea71cd47f2f8dde7d85acde533926b368001b9bd735,outputs/PROJECT_decoder_gate_abutment_matrix/_pair_trials/PAIR__AND3_MX__PNAND3_MY__g0p14_drc/PAIR__AND3_MX__PNAND3_MY__g0p14.lyrdb
AND3,MX,AND2,R0,0.0,False,0,False,False,False,True,,outputs/PROJECT_decoder_gate_abutment_matrix/_pair_trials/PAIR__AND3_MX__AND2_R0__g0p0.gds,e05e6b8d393114e4bfe3a1191fb5d69d18ae9bb9c3aff4a3c5151cd8665251e0,outputs/PROJECT_decoder_gate_abutment_matrix/_pair_trials/PAIR__AND3_MX__AND2_R0__g0p0_drc/PAIR__AND3_MX__AND2_R0__g0p0.lyrdb
AND3,MX,AND2,R0,0.0025,False,1,False,False,True,False,drc_marker_count=1,outputs/PROJECT_decoder_gate_abutment_matrix/_pair_trials/PAIR__AND3_MX__AND2_R0__g0p0025.gds,a3baf2311948baa643d67f47cdf46d2b4cd62a4c85db2bb099294318bf0c8a99,outputs/PROJECT_decoder_gate_abutment_matrix/_pair_trials/PAIR__AND3_MX__AND2_R0__g0p0025_drc/PAIR__AND3_MX__AND2_R0__g0p0025.lyrdb
AND3,MX,AND2,R0,0.07,False,1,False,False,True,False,drc_marker_count=1,outputs/PROJECT_decoder_gate_abutment_matrix/_pair_trials/PAIR__AND3_MX__AND2_R0__g0p07.gds,d34645bfe1f1739ee4e4057464340379caa0884f078d15f7a59c588b1536a49b,outputs/PROJECT_decoder_gate_abutment_matrix/_pair_trials/PAIR__AND3_MX__AND2_R0__g0p07_drc/PAIR__AND3_MX__AND2_R0__g0p07.lyrdb
AND3,MX,AND2,R0,0.14,False,1,False,False,True,False,drc_marker_count=1,outputs/PROJECT_decoder_gate_abutment_matrix/_pair_trials/PAIR__AND3_MX__AND2_R0__g0p14.gds,eeb2df47d89d03d913b3f8c64257f57c4aae2bc2e847e03c9a9bbf1cb621dcb0,outputs/PROJECT_decoder_gate_abutment_matrix/_pair_trials/PAIR__AND3_MX__AND2_R0__g0p14_drc/PAIR__AND3_MX__AND2_R0__g0p14.lyrdb
AND3,MX,AND2,R180,0.0,False,65,False,False,True,False,drc_marker_count=65,outputs/PROJECT_decoder_gate_abutment_matrix/_pair_trials/PAIR__AND3_MX__AND2_R180__g0p0.gds,0804f32d4cbda569e1c2029ce774ac23d54a6874f5b088a16d7f9a78cadcb31e,outputs/PROJECT_decoder_gate_abutment_matrix/_pair_trials/PAIR__AND3_MX__AND2_R180__g0p0_drc/PAIR__AND3_MX__AND2_R180__g0p0.lyrdb
AND3,MX,AND2,R180,0.0025,False,56,False,False,True,False,drc_marker_count=56,outputs/PROJECT_decoder_gate_abutment_matrix/_pair_trials/PAIR__AND3_MX__AND2_R180__g0p0025.gds,11135cfa66b482aee62d4cab432e8ad6e4f0962fd5a94b358630852b3dde589b,outputs/PROJECT_decoder_gate_abutment_matrix/_pair_trials/PAIR__AND3_MX__AND2_R180__g0p0025_drc/PAIR__AND3_MX__AND2_R180__g0p0025.lyrdb
AND3,MX,AND2,R180,0.07,False,120,False,False,True,False,drc_marker_count=120,outputs/PROJECT_decoder_gate_abutment_matrix/_pair_trials/PAIR__AND3_MX__AND2_R180__g0p07.gds,a72b7c9c64ea131cde8fa083689936066aca121383d0d0e9a0c7060c53857e2f,outputs/PROJECT_decoder_gate_abutment_matrix/_pair_trials/PAIR__AND3_MX__AND2_R180__g0p07_drc/PAIR__AND3_MX__AND2_R180__g0p07.lyrdb
AND3,MX,AND2,R180,0.14,False,76,False,False,True,False,drc_marker_count=76,outputs/PROJECT_decoder_gate_abutment_matrix/_pair_trials/PAIR__AND3_MX__AND2_R180__g0p14.gds,8dde5ebf5cb21bd729c59f2a80b5663cc955a43845bc78aa77dab6f685d678fa,outputs/PROJECT_decoder_gate_abutment_matrix/_pair_trials/PAIR__AND3_MX__AND2_R180__g0p14_drc/PAIR__AND3_MX__AND2_R180__g0p14.lyrdb
AND3,MX,AND2,MX,0.0,True,0,False,True,False,True,,outputs/PROJECT_decoder_gate_abutment_matrix/_pair_trials/PAIR__AND3_MX__AND2_MX__g0p0.gds,c69b95aa54176183bc26e7846eac57c77941bcb97ce426c5b87ca2788ceada09,outputs/PROJECT_decoder_gate_abutment_matrix/_pair_trials/PAIR__AND3_MX__AND2_MX__g0p0_drc/PAIR__AND3_MX__AND2_MX__g0p0.lyrdb
AND3,MX,AND2,MX,0.0025,True,1,False,True,True,False,drc_marker_count=1,outputs/PROJECT_decoder_gate_abutment_matrix/_pair_trials/PAIR__AND3_MX__AND2_MX__g0p0025.gds,bd55102106f4a81cdaab31e6631c767a7d830030bca2e2d8be3c2075820fcb5e,outputs/PROJECT_decoder_gate_abutment_matrix/_pair_trials/PAIR__AND3_MX__AND2_MX__g0p0025_drc/PAIR__AND3_MX__AND2_MX__g0p0025.lyrdb
AND3,MX,AND2,MX,0.07,True,1,False,True,True,False,drc_marker_count=1,outputs/PROJECT_decoder_gate_abutment_matrix/_pair_trials/PAIR__AND3_MX__AND2_MX__g0p07.gds,078049e3e9cddde6374d0db4a85dbb06e40ed68755a2bebed34d9f5b5c00e36f,outputs/PROJECT_decoder_gate_abutment_matrix/_pair_trials/PAIR__AND3_MX__AND2_MX__g0p07_drc/PAIR__AND3_MX__AND2_MX__g0p07.lyrdb
AND3,MX,AND2,MX,0.14,True,1,False,True,True,False,drc_marker_count=1,outputs/PROJECT_decoder_gate_abutment_matrix/_pair_trials/PAIR__AND3_MX__AND2_MX__g0p14.gds,573329b0388a7e2bca6e86cea733a8a7b38e1c5591b498dc70974bfa907a900d,outputs/PROJECT_decoder_gate_abutment_matrix/_pair_trials/PAIR__AND3_MX__AND2_MX__g0p14_drc/PAIR__AND3_MX__AND2_MX__g0p14.lyrdb
AND3,MX,AND2,MY,0.0,False,0,False,False,False,True,,outputs/PROJECT_decoder_gate_abutment_matrix/_pair_trials/PAIR__AND3_MX__AND2_MY__g0p0.gds,831b22321a2cb648140ab993b44838d0ab32911c05fedda2f18e2b17dfca31d4,outputs/PROJECT_decoder_gate_abutment_matrix/_pair_trials/PAIR__AND3_MX__AND2_MY__g0p0_drc/PAIR__AND3_MX__AND2_MY__g0p0.lyrdb
AND3,MX,AND2,MY,0.0025,False,0,False,False,False,True,,outputs/PROJECT_decoder_gate_abutment_matrix/_pair_trials/PAIR__AND3_MX__AND2_MY__g0p0025.gds,d9800e4001961a75300cdbca2225efa25aae05b804c14354ad9bfbda8473a198,outputs/PROJECT_decoder_gate_abutment_matrix/_pair_trials/PAIR__AND3_MX__AND2_MY__g0p0025_drc/PAIR__AND3_MX__AND2_MY__g0p0025.lyrdb
AND3,MX,AND2,MY,0.07,False,0,False,False,False,True,,outputs/PROJECT_decoder_gate_abutment_matrix/_pair_trials/PAIR__AND3_MX__AND2_MY__g0p07.gds,d8a2c807feca885649522722cb36631eb65825fbfc4cdfb45a6a00ae8b83fefc,outputs/PROJECT_decoder_gate_abutment_matrix/_pair_trials/PAIR__AND3_MX__AND2_MY__g0p07_drc/PAIR__AND3_MX__AND2_MY__g0p07.lyrdb
AND3,MX,AND2,MY,0.14,False,0,False,False,False,True,,outputs/PROJECT_decoder_gate_abutment_matrix/_pair_trials/PAIR__AND3_MX__AND2_MY__g0p14.gds,79eb6c1fe5e0fdf37fd19df5d80520afba0c6ff3dddc4ed4b4cc136324406c00,outputs/PROJECT_decoder_gate_abutment_matrix/_pair_trials/PAIR__AND3_MX__AND2_MY__g0p14_drc/PAIR__AND3_MX__AND2_MY__g0p14.lyrdb
AND3,MX,AND3,R0,0.0,False,0,False,False,False,True,,outputs/PROJECT_decoder_gate_abutment_matrix/_pair_trials/PAIR__AND3_MX__AND3_R0__g0p0.gds,119976c2e52b357a2d72476268551f934c503fa85f0e1e25aa8407e439421cf4,outputs/PROJECT_decoder_gate_abutment_matrix/_pair_trials/PAIR__AND3_MX__AND3_R0__g0p0_drc/PAIR__AND3_MX__AND3_R0__g0p0.lyrdb
AND3,MX,AND3,R0,0.0025,False,1,False,False,True,False,drc_marker_count=1,outputs/PROJECT_decoder_gate_abutment_matrix/_pair_trials/PAIR__AND3_MX__AND3_R0__g0p0025.gds,e06818f326ed71a957bcbe1e2b859ea68bfb541242829e0d673276f184e3dc03,outputs/PROJECT_decoder_gate_abutment_matrix/_pair_trials/PAIR__AND3_MX__AND3_R0__g0p0025_drc/PAIR__AND3_MX__AND3_R0__g0p0025.lyrdb
AND3,MX,AND3,R0,0.07,False,1,False,False,True,False,drc_marker_count=1,outputs/PROJECT_decoder_gate_abutment_matrix/_pair_trials/PAIR__AND3_MX__AND3_R0__g0p07.gds,6cdadd85d2d3ec72e1a0b70e4198e86ef7ad03a95529161d5f486785604c548e,outputs/PROJECT_decoder_gate_abutment_matrix/_pair_trials/PAIR__AND3_MX__AND3_R0__g0p07_drc/PAIR__AND3_MX__AND3_R0__g0p07.lyrdb
AND3,MX,AND3,R0,0.14,False,1,False,False,True,False,drc_marker_count=1,outputs/PROJECT_decoder_gate_abutment_matrix/_pair_trials/PAIR__AND3_MX__AND3_R0__g0p14.gds,52a69682d617a97fe1f24da0edf74898725980a761a5c422b8acc05d36ec0b8a,outputs/PROJECT_decoder_gate_abutment_matrix/_pair_trials/PAIR__AND3_MX__AND3_R0__g0p14_drc/PAIR__AND3_MX__AND3_R0__g0p14.lyrdb
AND3,MX,AND3,R180,0.0,False,34,False,False,True,False,drc_marker_count=34,outputs/PROJECT_decoder_gate_abutment_matrix/_pair_trials/PAIR__AND3_MX__AND3_R180__g0p0.gds,63eef543e05ee923317a749fd163f623b6d190cbc84f44e16c231d289aaa9f1c,outputs/PROJECT_decoder_gate_abutment_matrix/_pair_trials/PAIR__AND3_MX__AND3_R180__g0p0_drc/PAIR__AND3_MX__AND3_R180__g0p0.lyrdb
AND3,MX,AND3,R180,0.0025,False,34,False,False,True,False,drc_marker_count=34,outputs/PROJECT_decoder_gate_abutment_matrix/_pair_trials/PAIR__AND3_MX__AND3_R180__g0p0025.gds,de8a59eabcac979dc9816f9d9aedb98e1d65c12c9baf8e87558952e1d457ebc9,outputs/PROJECT_decoder_gate_abutment_matrix/_pair_trials/PAIR__AND3_MX__AND3_R180__g0p0025_drc/PAIR__AND3_MX__AND3_R180__g0p0025.lyrdb
AND3,MX,AND3,R180,0.07,False,55,False,False,True,False,drc_marker_count=55,outputs/PROJECT_decoder_gate_abutment_matrix/_pair_trials/PAIR__AND3_MX__AND3_R180__g0p07.gds,b8535a8cc43c3163242ff8c8c7a2ff2f877b8f944adbc8700840a4be8860d906,outputs/PROJECT_decoder_gate_abutment_matrix/_pair_trials/PAIR__AND3_MX__AND3_R180__g0p07_drc/PAIR__AND3_MX__AND3_R180__g0p07.lyrdb
AND3,MX,AND3,R180,0.14,False,40,False,False,True,False,drc_marker_count=40,outputs/PROJECT_decoder_gate_abutment_matrix/_pair_trials/PAIR__AND3_MX__AND3_R180__g0p14.gds,b735ea0c779c7300bb92c53fcfcfae849180b755d759315a1abeae83d7f230e7,outputs/PROJECT_decoder_gate_abutment_matrix/_pair_trials/PAIR__AND3_MX__AND3_R180__g0p14_drc/PAIR__AND3_MX__AND3_R180__g0p14.lyrdb
AND3,MX,AND3,MX,0.0,True,0,False,True,False,True,,outputs/PROJECT_decoder_gate_abutment_matrix/_pair_trials/PAIR__AND3_MX__AND3_MX__g0p0.gds,b86e51ee8a43b8cffbf0e7951520a2bb5a16681a3324259c999e7d2c8255cffb,outputs/PROJECT_decoder_gate_abutment_matrix/_pair_trials/PAIR__AND3_MX__AND3_MX__g0p0_drc/PAIR__AND3_MX__AND3_MX__g0p0.lyrdb
AND3,MX,AND3,MX,0.0025,True,1,False,True,True,False,drc_marker_count=1,outputs/PROJECT_decoder_gate_abutment_matrix/_pair_trials/PAIR__AND3_MX__AND3_MX__g0p0025.gds,b97544a16c204381d14f15b4db4f411ed3dbd617a987fe5f7e07871cd201f712,outputs/PROJECT_decoder_gate_abutment_matrix/_pair_trials/PAIR__AND3_MX__AND3_MX__g0p0025_drc/PAIR__AND3_MX__AND3_MX__g0p0025.lyrdb
AND3,MX,AND3,MX,0.07,True,1,False,True,True,False,drc_marker_count=1,outputs/PROJECT_decoder_gate_abutment_matrix/_pair_trials/PAIR__AND3_MX__AND3_MX__g0p07.gds,e2e0a2cf14bd7850ff82cff9c150c432a00b2d05747ac0fd9911fec5c7ff33b9,outputs/PROJECT_decoder_gate_abutment_matrix/_pair_trials/PAIR__AND3_MX__AND3_MX__g0p07_drc/PAIR__AND3_MX__AND3_MX__g0p07.lyrdb
AND3,MX,AND3,MX,0.14,True,1,False,True,True,False,drc_marker_count=1,outputs/PROJECT_decoder_gate_abutment_matrix/_pair_trials/PAIR__AND3_MX__AND3_MX__g0p14.gds,0257d531f0c058810d04ab52d1779a161905159e48cee4c3df2f1e7b545f3d0b,outputs/PROJECT_decoder_gate_abutment_matrix/_pair_trials/PAIR__AND3_MX__AND3_MX__g0p14_drc/PAIR__AND3_MX__AND3_MX__g0p14.lyrdb
AND3,MX,AND3,MY,0.0,False,0,False,False,False,True,,outputs/PROJECT_decoder_gate_abutment_matrix/_pair_trials/PAIR__AND3_MX__AND3_MY__g0p0.gds,240ddebeb6f2d00354c2e4d5313fa7d17660f42dcf65a0ea89d7707cb495c3c5,outputs/PROJECT_decoder_gate_abutment_matrix/_pair_trials/PAIR__AND3_MX__AND3_MY__g0p0_drc/PAIR__AND3_MX__AND3_MY__g0p0.lyrdb
AND3,MX,AND3,MY,0.0025,False,0,False,False,False,True,,outputs/PROJECT_decoder_gate_abutment_matrix/_pair_trials/PAIR__AND3_MX__AND3_MY__g0p0025.gds,c8d2a3e0d7ad7aa1980ccccf28c0a868a6fe6bb53e3cf140c3812055a1701a5d,outputs/PROJECT_decoder_gate_abutment_matrix/_pair_trials/PAIR__AND3_MX__AND3_MY__g0p0025_drc/PAIR__AND3_MX__AND3_MY__g0p0025.lyrdb
AND3,MX,AND3,MY,0.07,False,0,False,False,False,True,,outputs/PROJECT_decoder_gate_abutment_matrix/_pair_trials/PAIR__AND3_MX__AND3_MY__g0p07.gds,e7c2fd6916902bb5e78321eba8b5c8cd5a79704107b8d088ae7440bb024e9fe9,outputs/PROJECT_decoder_gate_abutment_matrix/_pair_trials/PAIR__AND3_MX__AND3_MY__g0p07_drc/PAIR__AND3_MX__AND3_MY__g0p07.lyrdb
AND3,MX,AND3,MY,0.14,False,0,False,False,False,True,,outputs/PROJECT_decoder_gate_abutment_matrix/_pair_trials/PAIR__AND3_MX__AND3_MY__g0p14.gds,7c6aac34a8208bd86b53a829c4a7849e5ff39b3c77c140a3b42db81e40bb0188,outputs/PROJECT_decoder_gate_abutment_matrix/_pair_trials/PAIR__AND3_MX__AND3_MY__g0p14_drc/PAIR__AND3_MX__AND3_MY__g0p14.lyrdb
AND3,MX,WORDLINEDRIVER,R0,0.0,False,0,False,False,False,True,,outputs/PROJECT_decoder_gate_abutment_matrix/_pair_trials/PAIR__AND3_MX__WORDLINEDRIVER_R0__g0p0.gds,f28c28c3607cd3bed7e970959b39ba0c1fdf3954ae8fa432915936824b9cfcc3,outputs/PROJECT_decoder_gate_abutment_matrix/_pair_trials/PAIR__AND3_MX__WORDLINEDRIVER_R0__g0p0_drc/PAIR__AND3_MX__WORDLINEDRIVER_R0__g0p0.lyrdb
AND3,MX,WORDLINEDRIVER,R0,0.0025,False,1,False,False,True,False,drc_marker_count=1,outputs/PROJECT_decoder_gate_abutment_matrix/_pair_trials/PAIR__AND3_MX__WORDLINEDRIVER_R0__g0p0025.gds,b27ebe35e1853a76b1f9421f8c8f381f738803037ae872d0c2c8f9af5a2abdc6,outputs/PROJECT_decoder_gate_abutment_matrix/_pair_trials/PAIR__AND3_MX__WORDLINEDRIVER_R0__g0p0025_drc/PAIR__AND3_MX__WORDLINEDRIVER_R0__g0p0025.lyrdb
AND3,MX,WORDLINEDRIVER,R0,0.07,False,1,False,False,True,False,drc_marker_count=1,outputs/PROJECT_decoder_gate_abutment_matrix/_pair_trials/PAIR__AND3_MX__WORDLINEDRIVER_R0__g0p07.gds,1aa8f39d63af8362264563b2dc661a91fc8da836d70021dfd192906f37e665c5,outputs/PROJECT_decoder_gate_abutment_matrix/_pair_trials/PAIR__AND3_MX__WORDLINEDRIVER_R0__g0p07_drc/PAIR__AND3_MX__WORDLINEDRIVER_R0__g0p07.lyrdb
AND3,MX,WORDLINEDRIVER,R0,0.14,False,1,False,False,True,False,drc_marker_count=1,outputs/PROJECT_decoder_gate_abutment_matrix/_pair_trials/PAIR__AND3_MX__WORDLINEDRIVER_R0__g0p14.gds,a8c0fceb0f2c267c576d9527953e8f56df1f1ff50fc455ad59c02240f45978e6,outputs/PROJECT_decoder_gate_abutment_matrix/_pair_trials/PAIR__AND3_MX__WORDLINEDRIVER_R0__g0p14_drc/PAIR__AND3_MX__WORDLINEDRIVER_R0__g0p14.lyrdb
AND3,MX,WORDLINEDRIVER,R180,0.0,False,53,False,False,True,False,drc_marker_count=53,outputs/PROJECT_decoder_gate_abutment_matrix/_pair_trials/PAIR__AND3_MX__WORDLINEDRIVER_R180__g0p0.gds,263f64bed5b1c28cd916ba4f73516d46b0dac4cb26eec399fea393bde5557de6,outputs/PROJECT_decoder_gate_abutment_matrix/_pair_trials/PAIR__AND3_MX__WORDLINEDRIVER_R180__g0p0_drc/PAIR__AND3_MX__WORDLINEDRIVER_R180__g0p0.lyrdb
AND3,MX,WORDLINEDRIVER,R180,0.0025,False,51,False,False,True,False,drc_marker_count=51,outputs/PROJECT_decoder_gate_abutment_matrix/_pair_trials/PAIR__AND3_MX__WORDLINEDRIVER_R180__g0p0025.gds,996587438302cb601177a5ae520835a9499424ab5059bddd30b005a612105a44,outputs/PROJECT_decoder_gate_abutment_matrix/_pair_trials/PAIR__AND3_MX__WORDLINEDRIVER_R180__g0p0025_drc/PAIR__AND3_MX__WORDLINEDRIVER_R180__g0p0025.lyrdb
AND3,MX,WORDLINEDRIVER,R180,0.07,False,131,False,False,True,False,drc_marker_count=131,outputs/PROJECT_decoder_gate_abutment_matrix/_pair_trials/PAIR__AND3_MX__WORDLINEDRIVER_R180__g0p07.gds,96e72a223879fb2200151273bad1c513d729e6bad7114a110e0b8ff825354dd0,outputs/PROJECT_decoder_gate_abutment_matrix/_pair_trials/PAIR__AND3_MX__WORDLINEDRIVER_R180__g0p07_drc/PAIR__AND3_MX__WORDLINEDRIVER_R180__g0p07.lyrdb
AND3,MX,WORDLINEDRIVER,R180,0.14,False,68,False,False,True,False,drc_marker_count=68,outputs/PROJECT_decoder_gate_abutment_matrix/_pair_trials/PAIR__AND3_MX__WORDLINEDRIVER_R180__g0p14.gds,bbd73aba8ac815ab5cfee5e5c29b83efa1fb24b9c0535fd507595683530d284b,outputs/PROJECT_decoder_gate_abutment_matrix/_pair_trials/PAIR__AND3_MX__WORDLINEDRIVER_R180__g0p14_drc/PAIR__AND3_MX__WORDLINEDRIVER_R180__g0p14.lyrdb
AND3,MX,WORDLINEDRIVER,MX,0.0,True,0,False,True,False,True,,outputs/PROJECT_decoder_gate_abutment_matrix/_pair_trials/PAIR__AND3_MX__WORDLINEDRIVER_MX__g0p0.gds,8cc92aa3cfae537316cd252f26a2e6e1ffb6a6044d2bb8129b1d20eb0701a6cc,outputs/PROJECT_decoder_gate_abutment_matrix/_pair_trials/PAIR__AND3_MX__WORDLINEDRIVER_MX__g0p0_drc/PAIR__AND3_MX__WORDLINEDRIVER_MX__g0p0.lyrdb
AND3,MX,WORDLINEDRIVER,MX,0.0025,True,1,False,True,True,False,drc_marker_count=1,outputs/PROJECT_decoder_gate_abutment_matrix/_pair_trials/PAIR__AND3_MX__WORDLINEDRIVER_MX__g0p0025.gds,bb1b421fbb2e21b0068426ea3462412a1e8cfc41ae092b6eb119ee9614a8ef8c,outputs/PROJECT_decoder_gate_abutment_matrix/_pair_trials/PAIR__AND3_MX__WORDLINEDRIVER_MX__g0p0025_drc/PAIR__AND3_MX__WORDLINEDRIVER_MX__g0p0025.lyrdb
AND3,MX,WORDLINEDRIVER,MX,0.07,True,1,False,True,True,False,drc_marker_count=1,outputs/PROJECT_decoder_gate_abutment_matrix/_pair_trials/PAIR__AND3_MX__WORDLINEDRIVER_MX__g0p07.gds,b6e98ab15e26bcba110de5a039d34c6c0cc172b2f9f4646e1eb94b3ba60586ff,outputs/PROJECT_decoder_gate_abutment_matrix/_pair_trials/PAIR__AND3_MX__WORDLINEDRIVER_MX__g0p07_drc/PAIR__AND3_MX__WORDLINEDRIVER_MX__g0p07.lyrdb
AND3,MX,WORDLINEDRIVER,MX,0.14,True,1,False,True,True,False,drc_marker_count=1,outputs/PROJECT_decoder_gate_abutment_matrix/_pair_trials/PAIR__AND3_MX__WORDLINEDRIVER_MX__g0p14.gds,eece978773c49349c8cb9b564017b620a62f120d5a58d7fa7f33a7596a527659,outputs/PROJECT_decoder_gate_abutment_matrix/_pair_trials/PAIR__AND3_MX__WORDLINEDRIVER_MX__g0p14_drc/PAIR__AND3_MX__WORDLINEDRIVER_MX__g0p14.lyrdb
AND3,MX,WORDLINEDRIVER,MY,0.0,False,0,False,False,False,True,,outputs/PROJECT_decoder_gate_abutment_matrix/_pair_trials/PAIR__AND3_MX__WORDLINEDRIVER_MY__g0p0.gds,3575df4aa2421dce9e87cd6785c0da4e2dbacf4e40e192974c0bf58c133e640f,outputs/PROJECT_decoder_gate_abutment_matrix/_pair_trials/PAIR__AND3_MX__WORDLINEDRIVER_MY__g0p0_drc/PAIR__AND3_MX__WORDLINEDRIVER_MY__g0p0.lyrdb
AND3,MX,WORDLINEDRIVER,MY,0.0025,False,0,False,False,False,True,,outputs/PROJECT_decoder_gate_abutment_matrix/_pair_trials/PAIR__AND3_MX__WORDLINEDRIVER_MY__g0p0025.gds,daa0bcc539ce69416a48e76d25c9401f28ff4ae427063e2870e8dda6b9c859f9,outputs/PROJECT_decoder_gate_abutment_matrix/_pair_trials/PAIR__AND3_MX__WORDLINEDRIVER_MY__g0p0025_drc/PAIR__AND3_MX__WORDLINEDRIVER_MY__g0p0025.lyrdb
AND3,MX,WORDLINEDRIVER,MY,0.07,False,0,False,False,False,True,,outputs/PROJECT_decoder_gate_abutment_matrix/_pair_trials/PAIR__AND3_MX__WORDLINEDRIVER_MY__g0p07.gds,0fc0870052ab95e8861be0473426f0e46d49522d9222bbfd54d090937c97e8e0,outputs/PROJECT_decoder_gate_abutment_matrix/_pair_trials/PAIR__AND3_MX__WORDLINEDRIVER_MY__g0p07_drc/PAIR__AND3_MX__WORDLINEDRIVER_MY__g0p07.lyrdb
AND3,MX,WORDLINEDRIVER,MY,0.14,False,0,False,False,False,True,,outputs/PROJECT_decoder_gate_abutment_matrix/_pair_trials/PAIR__AND3_MX__WORDLINEDRIVER_MY__g0p14.gds,191f8dbb05a0595cca4666ea48ba823920c1e3decdd860e9e5dd18d4a45d1398,outputs/PROJECT_decoder_gate_abutment_matrix/_pair_trials/PAIR__AND3_MX__WORDLINEDRIVER_MY__g0p14_drc/PAIR__AND3_MX__WORDLINEDRIVER_MY__g0p14.lyrdb
AND3,MY,PINV,R0,0.0,True,0,False,True,False,True,,outputs/PROJECT_decoder_gate_abutment_matrix/_pair_trials/PAIR__AND3_MY__PINV_R0__g0p0.gds,128b77b62f9b3a29a9a6276c78238b8bb209e3518daacd8bf6109726de48ba4e,outputs/PROJECT_decoder_gate_abutment_matrix/_pair_trials/PAIR__AND3_MY__PINV_R0__g0p0_drc/PAIR__AND3_MY__PINV_R0__g0p0.lyrdb
AND3,MY,PINV,R0,0.0025,True,0,False,True,False,True,,outputs/PROJECT_decoder_gate_abutment_matrix/_pair_trials/PAIR__AND3_MY__PINV_R0__g0p0025.gds,020b649cf7ef9c4e3262743f4679904fce2e4832cd9f3bdceb2238b314736250,outputs/PROJECT_decoder_gate_abutment_matrix/_pair_trials/PAIR__AND3_MY__PINV_R0__g0p0025_drc/PAIR__AND3_MY__PINV_R0__g0p0025.lyrdb
AND3,MY,PINV,R0,0.07,True,0,False,True,False,True,,outputs/PROJECT_decoder_gate_abutment_matrix/_pair_trials/PAIR__AND3_MY__PINV_R0__g0p07.gds,79c341c2988dc628cbadf1e5cbd3dadff3d673430034d7f0e430539cf0f644aa,outputs/PROJECT_decoder_gate_abutment_matrix/_pair_trials/PAIR__AND3_MY__PINV_R0__g0p07_drc/PAIR__AND3_MY__PINV_R0__g0p07.lyrdb
AND3,MY,PINV,R0,0.14,True,0,False,True,False,True,,outputs/PROJECT_decoder_gate_abutment_matrix/_pair_trials/PAIR__AND3_MY__PINV_R0__g0p14.gds,eb34c414b6ebe09d787a5c32e75862f7a4b08cd8aaaf7779a088f4ae96116f38,outputs/PROJECT_decoder_gate_abutment_matrix/_pair_trials/PAIR__AND3_MY__PINV_R0__g0p14_drc/PAIR__AND3_MY__PINV_R0__g0p14.lyrdb
AND3,MY,PINV,R180,0.0,True,0,False,True,False,True,,outputs/PROJECT_decoder_gate_abutment_matrix/_pair_trials/PAIR__AND3_MY__PINV_R180__g0p0.gds,e91a6faad5167cd2dc65869395f5c96998f6d3eb4737eb36c1ad2b7dfc134bc3,outputs/PROJECT_decoder_gate_abutment_matrix/_pair_trials/PAIR__AND3_MY__PINV_R180__g0p0_drc/PAIR__AND3_MY__PINV_R180__g0p0.lyrdb
AND3,MY,PINV,R180,0.0025,True,0,False,True,False,True,,outputs/PROJECT_decoder_gate_abutment_matrix/_pair_trials/PAIR__AND3_MY__PINV_R180__g0p0025.gds,a414f416ecf7d2f2115f88bdefce09399f990db2b41b7e01837121bccbec5ce5,outputs/PROJECT_decoder_gate_abutment_matrix/_pair_trials/PAIR__AND3_MY__PINV_R180__g0p0025_drc/PAIR__AND3_MY__PINV_R180__g0p0025.lyrdb
AND3,MY,PINV,R180,0.07,True,0,False,True,False,True,,outputs/PROJECT_decoder_gate_abutment_matrix/_pair_trials/PAIR__AND3_MY__PINV_R180__g0p07.gds,4e31d3161f04c49b40c75de51db55e2cf7a33c3f33a1fb3df8c572861cf7f233,outputs/PROJECT_decoder_gate_abutment_matrix/_pair_trials/PAIR__AND3_MY__PINV_R180__g0p07_drc/PAIR__AND3_MY__PINV_R180__g0p07.lyrdb
AND3,MY,PINV,R180,0.14,True,0,False,True,False,True,,outputs/PROJECT_decoder_gate_abutment_matrix/_pair_trials/PAIR__AND3_MY__PINV_R180__g0p14.gds,e9e498d8cdab42c54b1f4317eb237df8717aa8a53ab6242e5396f5af8c473618,outputs/PROJECT_decoder_gate_abutment_matrix/_pair_trials/PAIR__AND3_MY__PINV_R180__g0p14_drc/PAIR__AND3_MY__PINV_R180__g0p14.lyrdb
AND3,MY,PINV,MX,0.0,False,0,False,False,False,True,,outputs/PROJECT_decoder_gate_abutment_matrix/_pair_trials/PAIR__AND3_MY__PINV_MX__g0p0.gds,20568ff052b8834faa4f71191860c882f7be8469184aa60e53c7a45b7d7af71d,outputs/PROJECT_decoder_gate_abutment_matrix/_pair_trials/PAIR__AND3_MY__PINV_MX__g0p0_drc/PAIR__AND3_MY__PINV_MX__g0p0.lyrdb
AND3,MY,PINV,MX,0.0025,False,0,False,False,False,True,,outputs/PROJECT_decoder_gate_abutment_matrix/_pair_trials/PAIR__AND3_MY__PINV_MX__g0p0025.gds,afd0d2efd246835178c7a4c2a570fb9f7606d9fa8b287e84eefeb069905e05c1,outputs/PROJECT_decoder_gate_abutment_matrix/_pair_trials/PAIR__AND3_MY__PINV_MX__g0p0025_drc/PAIR__AND3_MY__PINV_MX__g0p0025.lyrdb
AND3,MY,PINV,MX,0.07,False,0,False,False,False,True,,outputs/PROJECT_decoder_gate_abutment_matrix/_pair_trials/PAIR__AND3_MY__PINV_MX__g0p07.gds,b7c417705b742a5a9ed179ffa6740a6c5e8c8316444d3f31ad0dd37a448103de,outputs/PROJECT_decoder_gate_abutment_matrix/_pair_trials/PAIR__AND3_MY__PINV_MX__g0p07_drc/PAIR__AND3_MY__PINV_MX__g0p07.lyrdb
AND3,MY,PINV,MX,0.14,False,0,False,False,False,True,,outputs/PROJECT_decoder_gate_abutment_matrix/_pair_trials/PAIR__AND3_MY__PINV_MX__g0p14.gds,3a3409e50437a66572868b7ce16cc834e07ec5ec21e3ecc9322cbeb79c4a0a2c,outputs/PROJECT_decoder_gate_abutment_matrix/_pair_trials/PAIR__AND3_MY__PINV_MX__g0p14_drc/PAIR__AND3_MY__PINV_MX__g0p14.lyrdb
AND3,MY,PINV,MY,0.0,True,0,False,True,False,True,,outputs/PROJECT_decoder_gate_abutment_matrix/_pair_trials/PAIR__AND3_MY__PINV_MY__g0p0.gds,4fab671acf4571b04a29a6a873627407fd60c6a818cfee6b557f9e4bce9693f6,outputs/PROJECT_decoder_gate_abutment_matrix/_pair_trials/PAIR__AND3_MY__PINV_MY__g0p0_drc/PAIR__AND3_MY__PINV_MY__g0p0.lyrdb
AND3,MY,PINV,MY,0.0025,True,0,False,True,False,True,,outputs/PROJECT_decoder_gate_abutment_matrix/_pair_trials/PAIR__AND3_MY__PINV_MY__g0p0025.gds,24b8d72a8092a6ed15763eb880929d1029fc0dc2d8f68335fd08916a3c7d90ab,outputs/PROJECT_decoder_gate_abutment_matrix/_pair_trials/PAIR__AND3_MY__PINV_MY__g0p0025_drc/PAIR__AND3_MY__PINV_MY__g0p0025.lyrdb
AND3,MY,PINV,MY,0.07,True,0,False,True,False,True,,outputs/PROJECT_decoder_gate_abutment_matrix/_pair_trials/PAIR__AND3_MY__PINV_MY__g0p07.gds,633e40e536c802e951e833976723718eca1435e1fad9803ef450a36108f0de71,outputs/PROJECT_decoder_gate_abutment_matrix/_pair_trials/PAIR__AND3_MY__PINV_MY__g0p07_drc/PAIR__AND3_MY__PINV_MY__g0p07.lyrdb
AND3,MY,PINV,MY,0.14,True,0,False,True,False,True,,outputs/PROJECT_decoder_gate_abutment_matrix/_pair_trials/PAIR__AND3_MY__PINV_MY__g0p14.gds,b1b3babd389932162cb90e8f0e039ad15db45f62bdf9b64ae77d363a0a62b032,outputs/PROJECT_decoder_gate_abutment_matrix/_pair_trials/PAIR__AND3_MY__PINV_MY__g0p14_drc/PAIR__AND3_MY__PINV_MY__g0p14.lyrdb
AND3,MY,PNAND2,R0,0.0,True,0,False,True,False,True,,outputs/PROJECT_decoder_gate_abutment_matrix/_pair_trials/PAIR__AND3_MY__PNAND2_R0__g0p0.gds,ea0005828c8d6bece55730929d6579096b107e9729a3b1713fe0dc2fe12549cf,outputs/PROJECT_decoder_gate_abutment_matrix/_pair_trials/PAIR__AND3_MY__PNAND2_R0__g0p0_drc/PAIR__AND3_MY__PNAND2_R0__g0p0.lyrdb
AND3,MY,PNAND2,R0,0.0025,True,0,False,True,False,True,,outputs/PROJECT_decoder_gate_abutment_matrix/_pair_trials/PAIR__AND3_MY__PNAND2_R0__g0p0025.gds,9bdc0ff1bf470210c4139a2073079502abb0b267ee69ecdd3ebcdb7640a7b12f,outputs/PROJECT_decoder_gate_abutment_matrix/_pair_trials/PAIR__AND3_MY__PNAND2_R0__g0p0025_drc/PAIR__AND3_MY__PNAND2_R0__g0p0025.lyrdb
AND3,MY,PNAND2,R0,0.07,True,0,False,True,False,True,,outputs/PROJECT_decoder_gate_abutment_matrix/_pair_trials/PAIR__AND3_MY__PNAND2_R0__g0p07.gds,341ce78beb349bbeca4ff64a3877c3bb75904a4ad9f5ff1a6306eed801e684ad,outputs/PROJECT_decoder_gate_abutment_matrix/_pair_trials/PAIR__AND3_MY__PNAND2_R0__g0p07_drc/PAIR__AND3_MY__PNAND2_R0__g0p07.lyrdb
AND3,MY,PNAND2,R0,0.14,True,0,False,True,False,True,,outputs/PROJECT_decoder_gate_abutment_matrix/_pair_trials/PAIR__AND3_MY__PNAND2_R0__g0p14.gds,241fefbdaf22f128c78f800cf5466cb629566062554ae9c409b2ede6feea0a8e,outputs/PROJECT_decoder_gate_abutment_matrix/_pair_trials/PAIR__AND3_MY__PNAND2_R0__g0p14_drc/PAIR__AND3_MY__PNAND2_R0__g0p14.lyrdb
AND3,MY,PNAND2,R180,0.0,True,0,False,True,False,True,,outputs/PROJECT_decoder_gate_abutment_matrix/_pair_trials/PAIR__AND3_MY__PNAND2_R180__g0p0.gds,5e378e32474c44b69299089448a939715273c4e508ef6d184a15901853f99caf,outputs/PROJECT_decoder_gate_abutment_matrix/_pair_trials/PAIR__AND3_MY__PNAND2_R180__g0p0_drc/PAIR__AND3_MY__PNAND2_R180__g0p0.lyrdb
AND3,MY,PNAND2,R180,0.0025,True,0,False,True,False,True,,outputs/PROJECT_decoder_gate_abutment_matrix/_pair_trials/PAIR__AND3_MY__PNAND2_R180__g0p0025.gds,498b62d833609c3558a0c460fc0f2929d205025c52cc28bec02ee6b4139774f6,outputs/PROJECT_decoder_gate_abutment_matrix/_pair_trials/PAIR__AND3_MY__PNAND2_R180__g0p0025_drc/PAIR__AND3_MY__PNAND2_R180__g0p0025.lyrdb
AND3,MY,PNAND2,R180,0.07,True,0,False,True,False,True,,outputs/PROJECT_decoder_gate_abutment_matrix/_pair_trials/PAIR__AND3_MY__PNAND2_R180__g0p07.gds,c1131cc6fa01d11c32393ce2e9b799e4936492b622ad548248696d890f1ee26f,outputs/PROJECT_decoder_gate_abutment_matrix/_pair_trials/PAIR__AND3_MY__PNAND2_R180__g0p07_drc/PAIR__AND3_MY__PNAND2_R180__g0p07.lyrdb
AND3,MY,PNAND2,R180,0.14,True,0,False,True,False,True,,outputs/PROJECT_decoder_gate_abutment_matrix/_pair_trials/PAIR__AND3_MY__PNAND2_R180__g0p14.gds,b17ece248c620117e86f9eb416c2457005bf1bab92e194ef0e16433e8498fd78,outputs/PROJECT_decoder_gate_abutment_matrix/_pair_trials/PAIR__AND3_MY__PNAND2_R180__g0p14_drc/PAIR__AND3_MY__PNAND2_R180__g0p14.lyrdb
AND3,MY,PNAND2,MX,0.0,False,0,False,False,False,True,,outputs/PROJECT_decoder_gate_abutment_matrix/_pair_trials/PAIR__AND3_MY__PNAND2_MX__g0p0.gds,815d752a1cb9bf605f2374a999485ece67040a5be3129b9ab651374d4109a74c,outputs/PROJECT_decoder_gate_abutment_matrix/_pair_trials/PAIR__AND3_MY__PNAND2_MX__g0p0_drc/PAIR__AND3_MY__PNAND2_MX__g0p0.lyrdb
AND3,MY,PNAND2,MX,0.0025,False,0,False,False,False,True,,outputs/PROJECT_decoder_gate_abutment_matrix/_pair_trials/PAIR__AND3_MY__PNAND2_MX__g0p0025.gds,41df7d188f8e15e0b0e20a7d915230385d2bc0d6fbedf13094a7541af3cc3267,outputs/PROJECT_decoder_gate_abutment_matrix/_pair_trials/PAIR__AND3_MY__PNAND2_MX__g0p0025_drc/PAIR__AND3_MY__PNAND2_MX__g0p0025.lyrdb
AND3,MY,PNAND2,MX,0.07,False,0,False,False,False,True,,outputs/PROJECT_decoder_gate_abutment_matrix/_pair_trials/PAIR__AND3_MY__PNAND2_MX__g0p07.gds,fcee437162a675883a05e7a08206eac0ce4b2e3d7f82b24ed36338262b8b13eb,outputs/PROJECT_decoder_gate_abutment_matrix/_pair_trials/PAIR__AND3_MY__PNAND2_MX__g0p07_drc/PAIR__AND3_MY__PNAND2_MX__g0p07.lyrdb
AND3,MY,PNAND2,MX,0.14,False,0,False,False,False,True,,outputs/PROJECT_decoder_gate_abutment_matrix/_pair_trials/PAIR__AND3_MY__PNAND2_MX__g0p14.gds,c35747dc737ca8cd2b02f0dfa3bb8de8420f7037623b46ff602e2957bfe7a855,outputs/PROJECT_decoder_gate_abutment_matrix/_pair_trials/PAIR__AND3_MY__PNAND2_MX__g0p14_drc/PAIR__AND3_MY__PNAND2_MX__g0p14.lyrdb
AND3,MY,PNAND2,MY,0.0,True,0,False,True,False,True,,outputs/PROJECT_decoder_gate_abutment_matrix/_pair_trials/PAIR__AND3_MY__PNAND2_MY__g0p0.gds,ec9465a34fccd017ae8209e2b02ba64ddb2d34b084c581e03aad91c9ad8599c6,outputs/PROJECT_decoder_gate_abutment_matrix/_pair_trials/PAIR__AND3_MY__PNAND2_MY__g0p0_drc/PAIR__AND3_MY__PNAND2_MY__g0p0.lyrdb
AND3,MY,PNAND2,MY,0.0025,True,0,False,True,False,True,,outputs/PROJECT_decoder_gate_abutment_matrix/_pair_trials/PAIR__AND3_MY__PNAND2_MY__g0p0025.gds,9a215c1db010a36156479c430eea34ade012b019faf5580857becc0fb1d48bda,outputs/PROJECT_decoder_gate_abutment_matrix/_pair_trials/PAIR__AND3_MY__PNAND2_MY__g0p0025_drc/PAIR__AND3_MY__PNAND2_MY__g0p0025.lyrdb
AND3,MY,PNAND2,MY,0.07,True,0,False,True,False,True,,outputs/PROJECT_decoder_gate_abutment_matrix/_pair_trials/PAIR__AND3_MY__PNAND2_MY__g0p07.gds,4f0bbcd824be7e42791538dac00fe1c41c5447ba49842e582c3b8a7632b9256a,outputs/PROJECT_decoder_gate_abutment_matrix/_pair_trials/PAIR__AND3_MY__PNAND2_MY__g0p07_drc/PAIR__AND3_MY__PNAND2_MY__g0p07.lyrdb
AND3,MY,PNAND2,MY,0.14,True,0,False,True,False,True,,outputs/PROJECT_decoder_gate_abutment_matrix/_pair_trials/PAIR__AND3_MY__PNAND2_MY__g0p14.gds,0cc5f8b3ea4796755d4f307580f44c6d3d51947eff8aae59501144793341b768,outputs/PROJECT_decoder_gate_abutment_matrix/_pair_trials/PAIR__AND3_MY__PNAND2_MY__g0p14_drc/PAIR__AND3_MY__PNAND2_MY__g0p14.lyrdb
AND3,MY,PNAND3,R0,0.0,True,0,False,True,False,True,,outputs/PROJECT_decoder_gate_abutment_matrix/_pair_trials/PAIR__AND3_MY__PNAND3_R0__g0p0.gds,ff23ad8cf7a7ffd41576831b7303fd42d0f7d90de5cf7adee45d09fce4c02c43,outputs/PROJECT_decoder_gate_abutment_matrix/_pair_trials/PAIR__AND3_MY__PNAND3_R0__g0p0_drc/PAIR__AND3_MY__PNAND3_R0__g0p0.lyrdb
AND3,MY,PNAND3,R0,0.0025,True,0,False,True,False,True,,outputs/PROJECT_decoder_gate_abutment_matrix/_pair_trials/PAIR__AND3_MY__PNAND3_R0__g0p0025.gds,b74a0894ba9e8fc7d6bd24b17d47ded42b4ef812c5ee3a1f9078d9255e51f495,outputs/PROJECT_decoder_gate_abutment_matrix/_pair_trials/PAIR__AND3_MY__PNAND3_R0__g0p0025_drc/PAIR__AND3_MY__PNAND3_R0__g0p0025.lyrdb
AND3,MY,PNAND3,R0,0.07,True,0,False,True,False,True,,outputs/PROJECT_decoder_gate_abutment_matrix/_pair_trials/PAIR__AND3_MY__PNAND3_R0__g0p07.gds,cb6f7af5c8a3a4b7eba5376a970e2588e8d9ff0ff4f9c42c9fc74c898f4ebd79,outputs/PROJECT_decoder_gate_abutment_matrix/_pair_trials/PAIR__AND3_MY__PNAND3_R0__g0p07_drc/PAIR__AND3_MY__PNAND3_R0__g0p07.lyrdb
AND3,MY,PNAND3,R0,0.14,True,0,False,True,False,True,,outputs/PROJECT_decoder_gate_abutment_matrix/_pair_trials/PAIR__AND3_MY__PNAND3_R0__g0p14.gds,6b093250bea7d366dd6e771178a395e5a40b2243e472ff060114afc449f016cd,outputs/PROJECT_decoder_gate_abutment_matrix/_pair_trials/PAIR__AND3_MY__PNAND3_R0__g0p14_drc/PAIR__AND3_MY__PNAND3_R0__g0p14.lyrdb
AND3,MY,PNAND3,R180,0.0,True,0,False,True,False,True,,outputs/PROJECT_decoder_gate_abutment_matrix/_pair_trials/PAIR__AND3_MY__PNAND3_R180__g0p0.gds,aae0d9cfec53aacc68673fd9f5633af2b7d07269c00bd1907261bc4d2f44edbe,outputs/PROJECT_decoder_gate_abutment_matrix/_pair_trials/PAIR__AND3_MY__PNAND3_R180__g0p0_drc/PAIR__AND3_MY__PNAND3_R180__g0p0.lyrdb
AND3,MY,PNAND3,R180,0.0025,True,0,False,True,False,True,,outputs/PROJECT_decoder_gate_abutment_matrix/_pair_trials/PAIR__AND3_MY__PNAND3_R180__g0p0025.gds,4b1a145e2ac32e8e922b9af090aa1b7b99f1babc8151bbcc3ba0be9dda722206,outputs/PROJECT_decoder_gate_abutment_matrix/_pair_trials/PAIR__AND3_MY__PNAND3_R180__g0p0025_drc/PAIR__AND3_MY__PNAND3_R180__g0p0025.lyrdb
AND3,MY,PNAND3,R180,0.07,True,0,False,True,False,True,,outputs/PROJECT_decoder_gate_abutment_matrix/_pair_trials/PAIR__AND3_MY__PNAND3_R180__g0p07.gds,3fcfb7755a82a31bc968519a5933c542dc5ab493fa3d50133b680db22b6d0ef0,outputs/PROJECT_decoder_gate_abutment_matrix/_pair_trials/PAIR__AND3_MY__PNAND3_R180__g0p07_drc/PAIR__AND3_MY__PNAND3_R180__g0p07.lyrdb
AND3,MY,PNAND3,R180,0.14,True,0,False,True,False,True,,outputs/PROJECT_decoder_gate_abutment_matrix/_pair_trials/PAIR__AND3_MY__PNAND3_R180__g0p14.gds,06eff066346edcee0b4150d6fe8bc02e719378972ba57edca146bea4331e346d,outputs/PROJECT_decoder_gate_abutment_matrix/_pair_trials/PAIR__AND3_MY__PNAND3_R180__g0p14_drc/PAIR__AND3_MY__PNAND3_R180__g0p14.lyrdb
AND3,MY,PNAND3,MX,0.0,False,0,False,False,False,True,,outputs/PROJECT_decoder_gate_abutment_matrix/_pair_trials/PAIR__AND3_MY__PNAND3_MX__g0p0.gds,1bd3c5615b2bc3b48bdddac18e9bde45c82a034f91236d5ea6ca34aa9529af47,outputs/PROJECT_decoder_gate_abutment_matrix/_pair_trials/PAIR__AND3_MY__PNAND3_MX__g0p0_drc/PAIR__AND3_MY__PNAND3_MX__g0p0.lyrdb
AND3,MY,PNAND3,MX,0.0025,False,0,False,False,False,True,,outputs/PROJECT_decoder_gate_abutment_matrix/_pair_trials/PAIR__AND3_MY__PNAND3_MX__g0p0025.gds,e343f16b1a95fb24ed931754146cc3767a03b4f3c3c672365be782115b698389,outputs/PROJECT_decoder_gate_abutment_matrix/_pair_trials/PAIR__AND3_MY__PNAND3_MX__g0p0025_drc/PAIR__AND3_MY__PNAND3_MX__g0p0025.lyrdb
AND3,MY,PNAND3,MX,0.07,False,0,False,False,False,True,,outputs/PROJECT_decoder_gate_abutment_matrix/_pair_trials/PAIR__AND3_MY__PNAND3_MX__g0p07.gds,4c55ee893498fd9005a6449bd91e482eb791dcbfcbe30a6670e9de708c257c66,outputs/PROJECT_decoder_gate_abutment_matrix/_pair_trials/PAIR__AND3_MY__PNAND3_MX__g0p07_drc/PAIR__AND3_MY__PNAND3_MX__g0p07.lyrdb
AND3,MY,PNAND3,MX,0.14,False,0,False,False,False,True,,outputs/PROJECT_decoder_gate_abutment_matrix/_pair_trials/PAIR__AND3_MY__PNAND3_MX__g0p14.gds,5cad26f95821d5b3c4b8b96accbe0d8dda2790f74a3f4b2fb7244c2d31196d76,outputs/PROJECT_decoder_gate_abutment_matrix/_pair_trials/PAIR__AND3_MY__PNAND3_MX__g0p14_drc/PAIR__AND3_MY__PNAND3_MX__g0p14.lyrdb
AND3,MY,PNAND3,MY,0.0,True,0,False,True,False,True,,outputs/PROJECT_decoder_gate_abutment_matrix/_pair_trials/PAIR__AND3_MY__PNAND3_MY__g0p0.gds,4ac50580d5ee240eb7b3d11bc3c22f6616bd365b5c442aab5d32a70f965e9e8f,outputs/PROJECT_decoder_gate_abutment_matrix/_pair_trials/PAIR__AND3_MY__PNAND3_MY__g0p0_drc/PAIR__AND3_MY__PNAND3_MY__g0p0.lyrdb
AND3,MY,PNAND3,MY,0.0025,True,0,False,True,False,True,,outputs/PROJECT_decoder_gate_abutment_matrix/_pair_trials/PAIR__AND3_MY__PNAND3_MY__g0p0025.gds,f913a328bb26a7d35bc895bd180dc85ae3ce63f8c5fc282a475d45ecb40fcb79,outputs/PROJECT_decoder_gate_abutment_matrix/_pair_trials/PAIR__AND3_MY__PNAND3_MY__g0p0025_drc/PAIR__AND3_MY__PNAND3_MY__g0p0025.lyrdb
AND3,MY,PNAND3,MY,0.07,True,0,False,True,False,True,,outputs/PROJECT_decoder_gate_abutment_matrix/_pair_trials/PAIR__AND3_MY__PNAND3_MY__g0p07.gds,d94b50832cab61ad47eb0e2e776a10380e234c19bb5c398a33016ec45ce9404e,outputs/PROJECT_decoder_gate_abutment_matrix/_pair_trials/PAIR__AND3_MY__PNAND3_MY__g0p07_drc/PAIR__AND3_MY__PNAND3_MY__g0p07.lyrdb
AND3,MY,PNAND3,MY,0.14,True,0,False,True,False,True,,outputs/PROJECT_decoder_gate_abutment_matrix/_pair_trials/PAIR__AND3_MY__PNAND3_MY__g0p14.gds,8d0d102ea279d1c66c0abdbe133067766162c16601e0c9fb0fa9ae0c631f05fd,outputs/PROJECT_decoder_gate_abutment_matrix/_pair_trials/PAIR__AND3_MY__PNAND3_MY__g0p14_drc/PAIR__AND3_MY__PNAND3_MY__g0p14.lyrdb
AND3,MY,AND2,R0,0.0,True,0,False,True,False,True,,outputs/PROJECT_decoder_gate_abutment_matrix/_pair_trials/PAIR__AND3_MY__AND2_R0__g0p0.gds,7d86517ff6756eb82d4a281d8b5aabfffa3a63ef31522c0a7fbc476b54272681,outputs/PROJECT_decoder_gate_abutment_matrix/_pair_trials/PAIR__AND3_MY__AND2_R0__g0p0_drc/PAIR__AND3_MY__AND2_R0__g0p0.lyrdb
AND3,MY,AND2,R0,0.0025,True,0,False,True,False,True,,outputs/PROJECT_decoder_gate_abutment_matrix/_pair_trials/PAIR__AND3_MY__AND2_R0__g0p0025.gds,0bb83d24eff57060a4ff9e802b234345c9a4f17cc6e27a39ceed0f20bb3a98a4,outputs/PROJECT_decoder_gate_abutment_matrix/_pair_trials/PAIR__AND3_MY__AND2_R0__g0p0025_drc/PAIR__AND3_MY__AND2_R0__g0p0025.lyrdb
AND3,MY,AND2,R0,0.07,True,0,False,True,False,True,,outputs/PROJECT_decoder_gate_abutment_matrix/_pair_trials/PAIR__AND3_MY__AND2_R0__g0p07.gds,54171f94d8613f8dd36893e412692ecff7f53a98b052410303555d35464c362f,outputs/PROJECT_decoder_gate_abutment_matrix/_pair_trials/PAIR__AND3_MY__AND2_R0__g0p07_drc/PAIR__AND3_MY__AND2_R0__g0p07.lyrdb
AND3,MY,AND2,R0,0.14,True,0,False,True,False,True,,outputs/PROJECT_decoder_gate_abutment_matrix/_pair_trials/PAIR__AND3_MY__AND2_R0__g0p14.gds,fdb68751cbe82b62b2313357559a737896abbec685ebd3dccb58bfbe1b5afd72,outputs/PROJECT_decoder_gate_abutment_matrix/_pair_trials/PAIR__AND3_MY__AND2_R0__g0p14_drc/PAIR__AND3_MY__AND2_R0__g0p14.lyrdb
AND3,MY,AND2,R180,0.0,True,0,False,True,False,True,,outputs/PROJECT_decoder_gate_abutment_matrix/_pair_trials/PAIR__AND3_MY__AND2_R180__g0p0.gds,87ce7b87cc6365079b5a8685c15442c42fc88ee15c4603c049a0a6b8b2b572ea,outputs/PROJECT_decoder_gate_abutment_matrix/_pair_trials/PAIR__AND3_MY__AND2_R180__g0p0_drc/PAIR__AND3_MY__AND2_R180__g0p0.lyrdb
AND3,MY,AND2,R180,0.0025,True,0,False,True,False,True,,outputs/PROJECT_decoder_gate_abutment_matrix/_pair_trials/PAIR__AND3_MY__AND2_R180__g0p0025.gds,8e4b2eff56624ececde1479acbfd41370fc2067c056391c2acd7ae7216ba6262,outputs/PROJECT_decoder_gate_abutment_matrix/_pair_trials/PAIR__AND3_MY__AND2_R180__g0p0025_drc/PAIR__AND3_MY__AND2_R180__g0p0025.lyrdb
AND3,MY,AND2,R180,0.07,True,0,False,True,False,True,,outputs/PROJECT_decoder_gate_abutment_matrix/_pair_trials/PAIR__AND3_MY__AND2_R180__g0p07.gds,acda6a34fb9f4608a25e952edd5e037edba493209a5a28dbd09796e44fb490e1,outputs/PROJECT_decoder_gate_abutment_matrix/_pair_trials/PAIR__AND3_MY__AND2_R180__g0p07_drc/PAIR__AND3_MY__AND2_R180__g0p07.lyrdb
AND3,MY,AND2,R180,0.14,True,0,False,True,False,True,,outputs/PROJECT_decoder_gate_abutment_matrix/_pair_trials/PAIR__AND3_MY__AND2_R180__g0p14.gds,5e6414dac633b020d80a66cc455662e9f45cccca1dc37c98c2de5e883295a88b,outputs/PROJECT_decoder_gate_abutment_matrix/_pair_trials/PAIR__AND3_MY__AND2_R180__g0p14_drc/PAIR__AND3_MY__AND2_R180__g0p14.lyrdb
AND3,MY,AND2,MX,0.0,False,0,False,False,False,True,,outputs/PROJECT_decoder_gate_abutment_matrix/_pair_trials/PAIR__AND3_MY__AND2_MX__g0p0.gds,fcef64ded5699f314704a5e21d2cd81fe73eaf904e6166f634c09ae4dd38b4bd,outputs/PROJECT_decoder_gate_abutment_matrix/_pair_trials/PAIR__AND3_MY__AND2_MX__g0p0_drc/PAIR__AND3_MY__AND2_MX__g0p0.lyrdb
AND3,MY,AND2,MX,0.0025,False,0,False,False,False,True,,outputs/PROJECT_decoder_gate_abutment_matrix/_pair_trials/PAIR__AND3_MY__AND2_MX__g0p0025.gds,50c799a27b48df0d6d8633d980bed917c34e5ed836511efc27bc9e68fa2cb7f7,outputs/PROJECT_decoder_gate_abutment_matrix/_pair_trials/PAIR__AND3_MY__AND2_MX__g0p0025_drc/PAIR__AND3_MY__AND2_MX__g0p0025.lyrdb
AND3,MY,AND2,MX,0.07,False,0,False,False,False,True,,outputs/PROJECT_decoder_gate_abutment_matrix/_pair_trials/PAIR__AND3_MY__AND2_MX__g0p07.gds,202949bf1fd774c5d8f81ee141984b0f58eee31441818018da83ca83e60383a0,outputs/PROJECT_decoder_gate_abutment_matrix/_pair_trials/PAIR__AND3_MY__AND2_MX__g0p07_drc/PAIR__AND3_MY__AND2_MX__g0p07.lyrdb
AND3,MY,AND2,MX,0.14,False,0,False,False,False,True,,outputs/PROJECT_decoder_gate_abutment_matrix/_pair_trials/PAIR__AND3_MY__AND2_MX__g0p14.gds,6310e11298c3cdebd15a848f77c424a64c3e6f045040c76f72fc3a79b6a98e51,outputs/PROJECT_decoder_gate_abutment_matrix/_pair_trials/PAIR__AND3_MY__AND2_MX__g0p14_drc/PAIR__AND3_MY__AND2_MX__g0p14.lyrdb
AND3,MY,AND2,MY,0.0,True,0,False,True,False,True,,outputs/PROJECT_decoder_gate_abutment_matrix/_pair_trials/PAIR__AND3_MY__AND2_MY__g0p0.gds,1b3deacd4bb7c0a8825827abeac723c25e9a5b4c5d14be149e6e4253fcc799c9,outputs/PROJECT_decoder_gate_abutment_matrix/_pair_trials/PAIR__AND3_MY__AND2_MY__g0p0_drc/PAIR__AND3_MY__AND2_MY__g0p0.lyrdb
AND3,MY,AND2,MY,0.0025,True,0,False,True,False,True,,outputs/PROJECT_decoder_gate_abutment_matrix/_pair_trials/PAIR__AND3_MY__AND2_MY__g0p0025.gds,2d04584dec6ebdc19c6e21d6bcabb574db022f974a367b13758a72017fd13967,outputs/PROJECT_decoder_gate_abutment_matrix/_pair_trials/PAIR__AND3_MY__AND2_MY__g0p0025_drc/PAIR__AND3_MY__AND2_MY__g0p0025.lyrdb
AND3,MY,AND2,MY,0.07,True,0,False,True,False,True,,outputs/PROJECT_decoder_gate_abutment_matrix/_pair_trials/PAIR__AND3_MY__AND2_MY__g0p07.gds,e19ac822e396a277a6604ec0a2f227fca275955b742c47a495e67fac1dd362fa,outputs/PROJECT_decoder_gate_abutment_matrix/_pair_trials/PAIR__AND3_MY__AND2_MY__g0p07_drc/PAIR__AND3_MY__AND2_MY__g0p07.lyrdb
AND3,MY,AND2,MY,0.14,True,0,False,True,False,True,,outputs/PROJECT_decoder_gate_abutment_matrix/_pair_trials/PAIR__AND3_MY__AND2_MY__g0p14.gds,65c7a1b535ca3d11a18f0c48e739665ba8471e381fc5ff90ff709a1544965d6d,outputs/PROJECT_decoder_gate_abutment_matrix/_pair_trials/PAIR__AND3_MY__AND2_MY__g0p14_drc/PAIR__AND3_MY__AND2_MY__g0p14.lyrdb
AND3,MY,AND3,R0,0.0,True,0,False,True,False,True,,outputs/PROJECT_decoder_gate_abutment_matrix/_pair_trials/PAIR__AND3_MY__AND3_R0__g0p0.gds,54b5bb089bbdbbb1dac7c07788e05a5f84a2a8666675e53efd1be6e0c56fe83b,outputs/PROJECT_decoder_gate_abutment_matrix/_pair_trials/PAIR__AND3_MY__AND3_R0__g0p0_drc/PAIR__AND3_MY__AND3_R0__g0p0.lyrdb
AND3,MY,AND3,R0,0.0025,True,0,False,True,False,True,,outputs/PROJECT_decoder_gate_abutment_matrix/_pair_trials/PAIR__AND3_MY__AND3_R0__g0p0025.gds,bde74bd0e3818a8b21488019ac8b91d2fff11dd1ed5630732953610f54a5ba7e,outputs/PROJECT_decoder_gate_abutment_matrix/_pair_trials/PAIR__AND3_MY__AND3_R0__g0p0025_drc/PAIR__AND3_MY__AND3_R0__g0p0025.lyrdb
AND3,MY,AND3,R0,0.07,True,0,False,True,False,True,,outputs/PROJECT_decoder_gate_abutment_matrix/_pair_trials/PAIR__AND3_MY__AND3_R0__g0p07.gds,d9f1d97f9781d80a39780a71615ddd0e6dd6f42130f96028030a962233f0a14e,outputs/PROJECT_decoder_gate_abutment_matrix/_pair_trials/PAIR__AND3_MY__AND3_R0__g0p07_drc/PAIR__AND3_MY__AND3_R0__g0p07.lyrdb
AND3,MY,AND3,R0,0.14,True,0,False,True,False,True,,outputs/PROJECT_decoder_gate_abutment_matrix/_pair_trials/PAIR__AND3_MY__AND3_R0__g0p14.gds,156bbac77eaea432c64fc1a80916d13a30a41bbc3cd9257588924cd67de01b3c,outputs/PROJECT_decoder_gate_abutment_matrix/_pair_trials/PAIR__AND3_MY__AND3_R0__g0p14_drc/PAIR__AND3_MY__AND3_R0__g0p14.lyrdb
AND3,MY,AND3,R180,0.0,True,0,False,True,False,True,,outputs/PROJECT_decoder_gate_abutment_matrix/_pair_trials/PAIR__AND3_MY__AND3_R180__g0p0.gds,cd0df35db6dbae84e15d6fe09c5f0aa33fd87e11c32dbc24f3ef4685d3098c56,outputs/PROJECT_decoder_gate_abutment_matrix/_pair_trials/PAIR__AND3_MY__AND3_R180__g0p0_drc/PAIR__AND3_MY__AND3_R180__g0p0.lyrdb
AND3,MY,AND3,R180,0.0025,True,1,False,True,True,False,drc_marker_count=1,outputs/PROJECT_decoder_gate_abutment_matrix/_pair_trials/PAIR__AND3_MY__AND3_R180__g0p0025.gds,d1ca997c2f84a73f9f260db2d5bd5e5d7af75e73f8013df869b0bcdce2ab15b7,outputs/PROJECT_decoder_gate_abutment_matrix/_pair_trials/PAIR__AND3_MY__AND3_R180__g0p0025_drc/PAIR__AND3_MY__AND3_R180__g0p0025.lyrdb
AND3,MY,AND3,R180,0.07,True,1,False,True,True,False,drc_marker_count=1,outputs/PROJECT_decoder_gate_abutment_matrix/_pair_trials/PAIR__AND3_MY__AND3_R180__g0p07.gds,61c234a1cc4d444f16cfecd31020908516b1894d242695a9dc0baee25c17ba84,outputs/PROJECT_decoder_gate_abutment_matrix/_pair_trials/PAIR__AND3_MY__AND3_R180__g0p07_drc/PAIR__AND3_MY__AND3_R180__g0p07.lyrdb
AND3,MY,AND3,R180,0.14,True,1,False,True,True,False,drc_marker_count=1,outputs/PROJECT_decoder_gate_abutment_matrix/_pair_trials/PAIR__AND3_MY__AND3_R180__g0p14.gds,6c48a39665dc1b8c62796bdc4a71c8d8b5048ca1470a3edff2fdc03c8929aa7f,outputs/PROJECT_decoder_gate_abutment_matrix/_pair_trials/PAIR__AND3_MY__AND3_R180__g0p14_drc/PAIR__AND3_MY__AND3_R180__g0p14.lyrdb
AND3,MY,AND3,MX,0.0,False,0,False,False,False,True,,outputs/PROJECT_decoder_gate_abutment_matrix/_pair_trials/PAIR__AND3_MY__AND3_MX__g0p0.gds,4fbdcf3424e54ffd0c8e272ce91db03bf8c06033bcc09ef24f37688922bf9cd3,outputs/PROJECT_decoder_gate_abutment_matrix/_pair_trials/PAIR__AND3_MY__AND3_MX__g0p0_drc/PAIR__AND3_MY__AND3_MX__g0p0.lyrdb
AND3,MY,AND3,MX,0.0025,False,0,False,False,False,True,,outputs/PROJECT_decoder_gate_abutment_matrix/_pair_trials/PAIR__AND3_MY__AND3_MX__g0p0025.gds,cea94c51b99173aad8112694370bbb00aba09e8304c673b80cec6ddc1885779d,outputs/PROJECT_decoder_gate_abutment_matrix/_pair_trials/PAIR__AND3_MY__AND3_MX__g0p0025_drc/PAIR__AND3_MY__AND3_MX__g0p0025.lyrdb
AND3,MY,AND3,MX,0.07,False,0,False,False,False,True,,outputs/PROJECT_decoder_gate_abutment_matrix/_pair_trials/PAIR__AND3_MY__AND3_MX__g0p07.gds,fb53d35af1417d52034f2ace095bc59fb29c9b597bbfd1470536e28bc0b786dc,outputs/PROJECT_decoder_gate_abutment_matrix/_pair_trials/PAIR__AND3_MY__AND3_MX__g0p07_drc/PAIR__AND3_MY__AND3_MX__g0p07.lyrdb
AND3,MY,AND3,MX,0.14,False,0,False,False,False,True,,outputs/PROJECT_decoder_gate_abutment_matrix/_pair_trials/PAIR__AND3_MY__AND3_MX__g0p14.gds,f2e64916266f26565b9ebfa869910e41c3c36ac0885d683ea5f8123f8ddba8b2,outputs/PROJECT_decoder_gate_abutment_matrix/_pair_trials/PAIR__AND3_MY__AND3_MX__g0p14_drc/PAIR__AND3_MY__AND3_MX__g0p14.lyrdb
AND3,MY,AND3,MY,0.0,True,0,False,True,False,True,,outputs/PROJECT_decoder_gate_abutment_matrix/_pair_trials/PAIR__AND3_MY__AND3_MY__g0p0.gds,6e8256e28d1ffd50f27026a19b3e5d65baace3f6bd0b9d722aa665552bf61613,outputs/PROJECT_decoder_gate_abutment_matrix/_pair_trials/PAIR__AND3_MY__AND3_MY__g0p0_drc/PAIR__AND3_MY__AND3_MY__g0p0.lyrdb
AND3,MY,AND3,MY,0.0025,True,1,False,True,True,False,drc_marker_count=1,outputs/PROJECT_decoder_gate_abutment_matrix/_pair_trials/PAIR__AND3_MY__AND3_MY__g0p0025.gds,751863cdea430a26356a8aa90b22f934047325ff74fd4050b7f6f879eff29fa3,outputs/PROJECT_decoder_gate_abutment_matrix/_pair_trials/PAIR__AND3_MY__AND3_MY__g0p0025_drc/PAIR__AND3_MY__AND3_MY__g0p0025.lyrdb
AND3,MY,AND3,MY,0.07,True,1,False,True,True,False,drc_marker_count=1,outputs/PROJECT_decoder_gate_abutment_matrix/_pair_trials/PAIR__AND3_MY__AND3_MY__g0p07.gds,85d64dbd7214e2d4a66c1e1c2342dcea58a6fe2586391f388ea42aa4d9c220d8,outputs/PROJECT_decoder_gate_abutment_matrix/_pair_trials/PAIR__AND3_MY__AND3_MY__g0p07_drc/PAIR__AND3_MY__AND3_MY__g0p07.lyrdb
AND3,MY,AND3,MY,0.14,True,1,False,True,True,False,drc_marker_count=1,outputs/PROJECT_decoder_gate_abutment_matrix/_pair_trials/PAIR__AND3_MY__AND3_MY__g0p14.gds,7956968ed2b7c4a67276adfe34c753a1225e17e82360d400b7e313acffa5f736,outputs/PROJECT_decoder_gate_abutment_matrix/_pair_trials/PAIR__AND3_MY__AND3_MY__g0p14_drc/PAIR__AND3_MY__AND3_MY__g0p14.lyrdb
AND3,MY,WORDLINEDRIVER,R0,0.0,True,0,False,True,False,True,,outputs/PROJECT_decoder_gate_abutment_matrix/_pair_trials/PAIR__AND3_MY__WORDLINEDRIVER_R0__g0p0.gds,620bdba30de77af09f231c89f7b30f11a60073bb650cd069ab736b23b3a5bee2,outputs/PROJECT_decoder_gate_abutment_matrix/_pair_trials/PAIR__AND3_MY__WORDLINEDRIVER_R0__g0p0_drc/PAIR__AND3_MY__WORDLINEDRIVER_R0__g0p0.lyrdb
AND3,MY,WORDLINEDRIVER,R0,0.0025,True,0,False,True,False,True,,outputs/PROJECT_decoder_gate_abutment_matrix/_pair_trials/PAIR__AND3_MY__WORDLINEDRIVER_R0__g0p0025.gds,576059473a4e7aa082f65108eedb79a3e8663ec0774f7feda2c0dc749b8610e4,outputs/PROJECT_decoder_gate_abutment_matrix/_pair_trials/PAIR__AND3_MY__WORDLINEDRIVER_R0__g0p0025_drc/PAIR__AND3_MY__WORDLINEDRIVER_R0__g0p0025.lyrdb
AND3,MY,WORDLINEDRIVER,R0,0.07,True,0,False,True,False,True,,outputs/PROJECT_decoder_gate_abutment_matrix/_pair_trials/PAIR__AND3_MY__WORDLINEDRIVER_R0__g0p07.gds,8fd1589beacd9ac12932e296729bf035918a6529cebdf49d5b953c1ed790b909,outputs/PROJECT_decoder_gate_abutment_matrix/_pair_trials/PAIR__AND3_MY__WORDLINEDRIVER_R0__g0p07_drc/PAIR__AND3_MY__WORDLINEDRIVER_R0__g0p07.lyrdb
AND3,MY,WORDLINEDRIVER,R0,0.14,True,0,False,True,False,True,,outputs/PROJECT_decoder_gate_abutment_matrix/_pair_trials/PAIR__AND3_MY__WORDLINEDRIVER_R0__g0p14.gds,b69088849e126af7a4e0a6cf2e619c46e68b43a364a1a26b5f162ab59ee21d95,outputs/PROJECT_decoder_gate_abutment_matrix/_pair_trials/PAIR__AND3_MY__WORDLINEDRIVER_R0__g0p14_drc/PAIR__AND3_MY__WORDLINEDRIVER_R0__g0p14.lyrdb
AND3,MY,WORDLINEDRIVER,R180,0.0,True,0,False,True,False,True,,outputs/PROJECT_decoder_gate_abutment_matrix/_pair_trials/PAIR__AND3_MY__WORDLINEDRIVER_R180__g0p0.gds,e524ff08e505d2f73662a916b1dd9b907ad9085af66c201b0268fc82f16ae291,outputs/PROJECT_decoder_gate_abutment_matrix/_pair_trials/PAIR__AND3_MY__WORDLINEDRIVER_R180__g0p0_drc/PAIR__AND3_MY__WORDLINEDRIVER_R180__g0p0.lyrdb
AND3,MY,WORDLINEDRIVER,R180,0.0025,True,0,False,True,False,True,,outputs/PROJECT_decoder_gate_abutment_matrix/_pair_trials/PAIR__AND3_MY__WORDLINEDRIVER_R180__g0p0025.gds,f37d73630ebcf9a4d4d17e239480639085d363c3b0c402a2e1814bd21b9f28a3,outputs/PROJECT_decoder_gate_abutment_matrix/_pair_trials/PAIR__AND3_MY__WORDLINEDRIVER_R180__g0p0025_drc/PAIR__AND3_MY__WORDLINEDRIVER_R180__g0p0025.lyrdb
AND3,MY,WORDLINEDRIVER,R180,0.07,True,1,False,True,True,False,drc_marker_count=1,outputs/PROJECT_decoder_gate_abutment_matrix/_pair_trials/PAIR__AND3_MY__WORDLINEDRIVER_R180__g0p07.gds,1e3a087111a045a9a46a127a32cbb0b8c28e187be12df9d431d1e85f0d2e6b23,outputs/PROJECT_decoder_gate_abutment_matrix/_pair_trials/PAIR__AND3_MY__WORDLINEDRIVER_R180__g0p07_drc/PAIR__AND3_MY__WORDLINEDRIVER_R180__g0p07.lyrdb
AND3,MY,WORDLINEDRIVER,R180,0.14,True,1,False,True,True,False,drc_marker_count=1,outputs/PROJECT_decoder_gate_abutment_matrix/_pair_trials/PAIR__AND3_MY__WORDLINEDRIVER_R180__g0p14.gds,cebe0db539ea2a0228d2fc8bab83249d9dd264f3cfdd15cbcf0305bc72cc03c7,outputs/PROJECT_decoder_gate_abutment_matrix/_pair_trials/PAIR__AND3_MY__WORDLINEDRIVER_R180__g0p14_drc/PAIR__AND3_MY__WORDLINEDRIVER_R180__g0p14.lyrdb
AND3,MY,WORDLINEDRIVER,MX,0.0,False,0,False,False,False,True,,outputs/PROJECT_decoder_gate_abutment_matrix/_pair_trials/PAIR__AND3_MY__WORDLINEDRIVER_MX__g0p0.gds,5ad661227409a39a910e1e01e2581984cac8a1be5f363dc536a6b633bdc71bd2,outputs/PROJECT_decoder_gate_abutment_matrix/_pair_trials/PAIR__AND3_MY__WORDLINEDRIVER_MX__g0p0_drc/PAIR__AND3_MY__WORDLINEDRIVER_MX__g0p0.lyrdb
AND3,MY,WORDLINEDRIVER,MX,0.0025,False,0,False,False,False,True,,outputs/PROJECT_decoder_gate_abutment_matrix/_pair_trials/PAIR__AND3_MY__WORDLINEDRIVER_MX__g0p0025.gds,47f95ecc08ca3c80f6e3806186d3b5b63a73101e254611eb2adb409e295b40c2,outputs/PROJECT_decoder_gate_abutment_matrix/_pair_trials/PAIR__AND3_MY__WORDLINEDRIVER_MX__g0p0025_drc/PAIR__AND3_MY__WORDLINEDRIVER_MX__g0p0025.lyrdb
AND3,MY,WORDLINEDRIVER,MX,0.07,False,0,False,False,False,True,,outputs/PROJECT_decoder_gate_abutment_matrix/_pair_trials/PAIR__AND3_MY__WORDLINEDRIVER_MX__g0p07.gds,1c5fbb0ee5b97ab39870ba14f9723a8cda458113577067488e138a8937fb118e,outputs/PROJECT_decoder_gate_abutment_matrix/_pair_trials/PAIR__AND3_MY__WORDLINEDRIVER_MX__g0p07_drc/PAIR__AND3_MY__WORDLINEDRIVER_MX__g0p07.lyrdb
AND3,MY,WORDLINEDRIVER,MX,0.14,False,0,False,False,False,True,,outputs/PROJECT_decoder_gate_abutment_matrix/_pair_trials/PAIR__AND3_MY__WORDLINEDRIVER_MX__g0p14.gds,3d4ca4fd433436f64e29558fe497d246cc869e9d7f1541d87de63ed87ef761bb,outputs/PROJECT_decoder_gate_abutment_matrix/_pair_trials/PAIR__AND3_MY__WORDLINEDRIVER_MX__g0p14_drc/PAIR__AND3_MY__WORDLINEDRIVER_MX__g0p14.lyrdb
AND3,MY,WORDLINEDRIVER,MY,0.0,True,0,False,True,False,True,,outputs/PROJECT_decoder_gate_abutment_matrix/_pair_trials/PAIR__AND3_MY__WORDLINEDRIVER_MY__g0p0.gds,165a46cc0299e068a570b2cfe7990e5bd40cc8051421805b08ad933835dbce3b,outputs/PROJECT_decoder_gate_abutment_matrix/_pair_trials/PAIR__AND3_MY__WORDLINEDRIVER_MY__g0p0_drc/PAIR__AND3_MY__WORDLINEDRIVER_MY__g0p0.lyrdb
AND3,MY,WORDLINEDRIVER,MY,0.0025,True,0,False,True,False,True,,outputs/PROJECT_decoder_gate_abutment_matrix/_pair_trials/PAIR__AND3_MY__WORDLINEDRIVER_MY__g0p0025.gds,d61547f649a602529220511392c42c1417910dd77555bd9506d23d8d7e14c413,outputs/PROJECT_decoder_gate_abutment_matrix/_pair_trials/PAIR__AND3_MY__WORDLINEDRIVER_MY__g0p0025_drc/PAIR__AND3_MY__WORDLINEDRIVER_MY__g0p0025.lyrdb
AND3,MY,WORDLINEDRIVER,MY,0.07,True,1,False,True,True,False,drc_marker_count=1,outputs/PROJECT_decoder_gate_abutment_matrix/_pair_trials/PAIR__AND3_MY__WORDLINEDRIVER_MY__g0p07.gds,16b3ecb95bec73102ed379f3af04c2da55a543ead7a4ef0f0dd5d8b0014d75f0,outputs/PROJECT_decoder_gate_abutment_matrix/_pair_trials/PAIR__AND3_MY__WORDLINEDRIVER_MY__g0p07_drc/PAIR__AND3_MY__WORDLINEDRIVER_MY__g0p07.lyrdb
AND3,MY,WORDLINEDRIVER,MY,0.14,True,1,False,True,True,False,drc_marker_count=1,outputs/PROJECT_decoder_gate_abutment_matrix/_pair_trials/PAIR__AND3_MY__WORDLINEDRIVER_MY__g0p14.gds,dc591957c1ff7744b74e51fd0954e4baaf5f5f64d240d723b584237a85a5850e,outputs/PROJECT_decoder_gate_abutment_matrix/_pair_trials/PAIR__AND3_MY__WORDLINEDRIVER_MY__g0p14_drc/PAIR__AND3_MY__WORDLINEDRIVER_MY__g0p14.lyrdb
WORDLINEDRIVER,R0,PINV,R0,0.0,True,0,False,True,False,True,,outputs/PROJECT_decoder_gate_abutment_matrix/_pair_trials/PAIR__WORDLINEDRIVER_R0__PINV_R0__g0p0.gds,246174cc29adeb215ebb93a69c79821264a22b6fa80d93a1c6d192b83be63f75,outputs/PROJECT_decoder_gate_abutment_matrix/_pair_trials/PAIR__WORDLINEDRIVER_R0__PINV_R0__g0p0_drc/PAIR__WORDLINEDRIVER_R0__PINV_R0__g0p0.lyrdb
WORDLINEDRIVER,R0,PINV,R0,0.0025,True,1,False,True,True,False,drc_marker_count=1,outputs/PROJECT_decoder_gate_abutment_matrix/_pair_trials/PAIR__WORDLINEDRIVER_R0__PINV_R0__g0p0025.gds,4b1ce6f4c16872a90bb99c731a92a796a175bcad2f0031955f80631667dc785e,outputs/PROJECT_decoder_gate_abutment_matrix/_pair_trials/PAIR__WORDLINEDRIVER_R0__PINV_R0__g0p0025_drc/PAIR__WORDLINEDRIVER_R0__PINV_R0__g0p0025.lyrdb
WORDLINEDRIVER,R0,PINV,R0,0.07,True,1,False,True,True,False,drc_marker_count=1,outputs/PROJECT_decoder_gate_abutment_matrix/_pair_trials/PAIR__WORDLINEDRIVER_R0__PINV_R0__g0p07.gds,384f65e666b88bb63b49cc025c3f39512bb051c633f111f163589b2cfccc63b4,outputs/PROJECT_decoder_gate_abutment_matrix/_pair_trials/PAIR__WORDLINEDRIVER_R0__PINV_R0__g0p07_drc/PAIR__WORDLINEDRIVER_R0__PINV_R0__g0p07.lyrdb
WORDLINEDRIVER,R0,PINV,R0,0.14,True,1,False,True,True,False,drc_marker_count=1,outputs/PROJECT_decoder_gate_abutment_matrix/_pair_trials/PAIR__WORDLINEDRIVER_R0__PINV_R0__g0p14.gds,9c6e052dd9fae59fa987b95347bcf55fa9f57a9486e1dcf4c142c86e857bdf2e,outputs/PROJECT_decoder_gate_abutment_matrix/_pair_trials/PAIR__WORDLINEDRIVER_R0__PINV_R0__g0p14_drc/PAIR__WORDLINEDRIVER_R0__PINV_R0__g0p14.lyrdb
WORDLINEDRIVER,R0,PINV,R180,0.0,True,0,False,True,False,True,,outputs/PROJECT_decoder_gate_abutment_matrix/_pair_trials/PAIR__WORDLINEDRIVER_R0__PINV_R180__g0p0.gds,79c2f5213d40bac7cc01770ae915094db3a1834912434d8272aa86392c935d94,outputs/PROJECT_decoder_gate_abutment_matrix/_pair_trials/PAIR__WORDLINEDRIVER_R0__PINV_R180__g0p0_drc/PAIR__WORDLINEDRIVER_R0__PINV_R180__g0p0.lyrdb
WORDLINEDRIVER,R0,PINV,R180,0.0025,True,0,False,True,False,True,,outputs/PROJECT_decoder_gate_abutment_matrix/_pair_trials/PAIR__WORDLINEDRIVER_R0__PINV_R180__g0p0025.gds,150b6d56640828fae3775b374257c55638803770dcf947986a71ad4e4ac48dd5,outputs/PROJECT_decoder_gate_abutment_matrix/_pair_trials/PAIR__WORDLINEDRIVER_R0__PINV_R180__g0p0025_drc/PAIR__WORDLINEDRIVER_R0__PINV_R180__g0p0025.lyrdb
WORDLINEDRIVER,R0,PINV,R180,0.07,True,0,False,True,False,True,,outputs/PROJECT_decoder_gate_abutment_matrix/_pair_trials/PAIR__WORDLINEDRIVER_R0__PINV_R180__g0p07.gds,95e543b4dc4fe778004973d878ccbb502bc2bd1103919bf7361d09341ecada7c,outputs/PROJECT_decoder_gate_abutment_matrix/_pair_trials/PAIR__WORDLINEDRIVER_R0__PINV_R180__g0p07_drc/PAIR__WORDLINEDRIVER_R0__PINV_R180__g0p07.lyrdb
WORDLINEDRIVER,R0,PINV,R180,0.14,True,0,False,True,False,True,,outputs/PROJECT_decoder_gate_abutment_matrix/_pair_trials/PAIR__WORDLINEDRIVER_R0__PINV_R180__g0p14.gds,4567daae8ba9e75d1c0279743500c4fb90d1d04b8b1354497cf1b5267095bcad,outputs/PROJECT_decoder_gate_abutment_matrix/_pair_trials/PAIR__WORDLINEDRIVER_R0__PINV_R180__g0p14_drc/PAIR__WORDLINEDRIVER_R0__PINV_R180__g0p14.lyrdb
WORDLINEDRIVER,R0,PINV,MX,0.0,False,0,False,False,False,True,,outputs/PROJECT_decoder_gate_abutment_matrix/_pair_trials/PAIR__WORDLINEDRIVER_R0__PINV_MX__g0p0.gds,ab57c38fef98ab2e2b4b043f53cf84f10e329b9db485f4c9a2c0ffd7d530ee31,outputs/PROJECT_decoder_gate_abutment_matrix/_pair_trials/PAIR__WORDLINEDRIVER_R0__PINV_MX__g0p0_drc/PAIR__WORDLINEDRIVER_R0__PINV_MX__g0p0.lyrdb
WORDLINEDRIVER,R0,PINV,MX,0.0025,False,1,False,False,True,False,drc_marker_count=1,outputs/PROJECT_decoder_gate_abutment_matrix/_pair_trials/PAIR__WORDLINEDRIVER_R0__PINV_MX__g0p0025.gds,1513a6da3cafe20cd46d428418ba33141d5ca6257e5ea83eafc9eb0739e8b7ed,outputs/PROJECT_decoder_gate_abutment_matrix/_pair_trials/PAIR__WORDLINEDRIVER_R0__PINV_MX__g0p0025_drc/PAIR__WORDLINEDRIVER_R0__PINV_MX__g0p0025.lyrdb
WORDLINEDRIVER,R0,PINV,MX,0.07,False,1,False,False,True,False,drc_marker_count=1,outputs/PROJECT_decoder_gate_abutment_matrix/_pair_trials/PAIR__WORDLINEDRIVER_R0__PINV_MX__g0p07.gds,e87cb081a63ea65a8ecc5f5b9535760f71ad97b7d14e4dc88047868e9a6a8ca2,outputs/PROJECT_decoder_gate_abutment_matrix/_pair_trials/PAIR__WORDLINEDRIVER_R0__PINV_MX__g0p07_drc/PAIR__WORDLINEDRIVER_R0__PINV_MX__g0p07.lyrdb
WORDLINEDRIVER,R0,PINV,MX,0.14,False,1,False,False,True,False,drc_marker_count=1,outputs/PROJECT_decoder_gate_abutment_matrix/_pair_trials/PAIR__WORDLINEDRIVER_R0__PINV_MX__g0p14.gds,5ecb8dc194f7f9727e2cf56da36393cd6c538115ad1e0add16ddbd9976036001,outputs/PROJECT_decoder_gate_abutment_matrix/_pair_trials/PAIR__WORDLINEDRIVER_R0__PINV_MX__g0p14_drc/PAIR__WORDLINEDRIVER_R0__PINV_MX__g0p14.lyrdb
WORDLINEDRIVER,R0,PINV,MY,0.0,True,38,False,True,True,False,drc_marker_count=38,outputs/PROJECT_decoder_gate_abutment_matrix/_pair_trials/PAIR__WORDLINEDRIVER_R0__PINV_MY__g0p0.gds,ed88ce5648d57a161a0dd6b0d5b9794469f440ec457a613df9e9ef35a0def478,outputs/PROJECT_decoder_gate_abutment_matrix/_pair_trials/PAIR__WORDLINEDRIVER_R0__PINV_MY__g0p0_drc/PAIR__WORDLINEDRIVER_R0__PINV_MY__g0p0.lyrdb
WORDLINEDRIVER,R0,PINV,MY,0.0025,True,42,False,True,True,False,drc_marker_count=42,outputs/PROJECT_decoder_gate_abutment_matrix/_pair_trials/PAIR__WORDLINEDRIVER_R0__PINV_MY__g0p0025.gds,a7436c8e120ef61041d34354460ee9788094857584c840c7e052a44b8878ce58,outputs/PROJECT_decoder_gate_abutment_matrix/_pair_trials/PAIR__WORDLINEDRIVER_R0__PINV_MY__g0p0025_drc/PAIR__WORDLINEDRIVER_R0__PINV_MY__g0p0025.lyrdb
WORDLINEDRIVER,R0,PINV,MY,0.07,True,20,False,True,True,False,drc_marker_count=20,outputs/PROJECT_decoder_gate_abutment_matrix/_pair_trials/PAIR__WORDLINEDRIVER_R0__PINV_MY__g0p07.gds,9989c01c8f845313d986ebdfb74dd6aad19809cb8044f415034d99240188f920,outputs/PROJECT_decoder_gate_abutment_matrix/_pair_trials/PAIR__WORDLINEDRIVER_R0__PINV_MY__g0p07_drc/PAIR__WORDLINEDRIVER_R0__PINV_MY__g0p07.lyrdb
WORDLINEDRIVER,R0,PINV,MY,0.14,True,44,False,True,True,False,drc_marker_count=44,outputs/PROJECT_decoder_gate_abutment_matrix/_pair_trials/PAIR__WORDLINEDRIVER_R0__PINV_MY__g0p14.gds,569afa313543670f784b4ff246e1de6fabb9d85e37468fc90fcef2318b603c47,outputs/PROJECT_decoder_gate_abutment_matrix/_pair_trials/PAIR__WORDLINEDRIVER_R0__PINV_MY__g0p14_drc/PAIR__WORDLINEDRIVER_R0__PINV_MY__g0p14.lyrdb
WORDLINEDRIVER,R0,PNAND2,R0,0.0,True,0,False,True,False,True,,outputs/PROJECT_decoder_gate_abutment_matrix/_pair_trials/PAIR__WORDLINEDRIVER_R0__PNAND2_R0__g0p0.gds,be1a1a8c714a3bfc6bdedbfdbf5eaab3dedbc17733f3f818220613655f7cf0ea,outputs/PROJECT_decoder_gate_abutment_matrix/_pair_trials/PAIR__WORDLINEDRIVER_R0__PNAND2_R0__g0p0_drc/PAIR__WORDLINEDRIVER_R0__PNAND2_R0__g0p0.lyrdb
WORDLINEDRIVER,R0,PNAND2,R0,0.0025,True,1,False,True,True,False,drc_marker_count=1,outputs/PROJECT_decoder_gate_abutment_matrix/_pair_trials/PAIR__WORDLINEDRIVER_R0__PNAND2_R0__g0p0025.gds,9663953572fc0d9b1db6c90d9f86ea6264a6ed1a1947a13ddd59e8e3d31a1fe4,outputs/PROJECT_decoder_gate_abutment_matrix/_pair_trials/PAIR__WORDLINEDRIVER_R0__PNAND2_R0__g0p0025_drc/PAIR__WORDLINEDRIVER_R0__PNAND2_R0__g0p0025.lyrdb
WORDLINEDRIVER,R0,PNAND2,R0,0.07,True,1,False,True,True,False,drc_marker_count=1,outputs/PROJECT_decoder_gate_abutment_matrix/_pair_trials/PAIR__WORDLINEDRIVER_R0__PNAND2_R0__g0p07.gds,0470495331d6508201d8bb135a16d2460051ef52854587bca9fe631a6f4dbd20,outputs/PROJECT_decoder_gate_abutment_matrix/_pair_trials/PAIR__WORDLINEDRIVER_R0__PNAND2_R0__g0p07_drc/PAIR__WORDLINEDRIVER_R0__PNAND2_R0__g0p07.lyrdb
WORDLINEDRIVER,R0,PNAND2,R0,0.14,True,1,False,True,True,False,drc_marker_count=1,outputs/PROJECT_decoder_gate_abutment_matrix/_pair_trials/PAIR__WORDLINEDRIVER_R0__PNAND2_R0__g0p14.gds,c49bf4e8f79318c6aa5880d3ca22737d427da06919894a77141731e281a086e6,outputs/PROJECT_decoder_gate_abutment_matrix/_pair_trials/PAIR__WORDLINEDRIVER_R0__PNAND2_R0__g0p14_drc/PAIR__WORDLINEDRIVER_R0__PNAND2_R0__g0p14.lyrdb
WORDLINEDRIVER,R0,PNAND2,R180,0.0,True,0,False,True,False,True,,outputs/PROJECT_decoder_gate_abutment_matrix/_pair_trials/PAIR__WORDLINEDRIVER_R0__PNAND2_R180__g0p0.gds,8a98e5a479351a7a1c91fa9970fe212e1ca934817ad61e3890420ecbde86fbde,outputs/PROJECT_decoder_gate_abutment_matrix/_pair_trials/PAIR__WORDLINEDRIVER_R0__PNAND2_R180__g0p0_drc/PAIR__WORDLINEDRIVER_R0__PNAND2_R180__g0p0.lyrdb
WORDLINEDRIVER,R0,PNAND2,R180,0.0025,True,0,False,True,False,True,,outputs/PROJECT_decoder_gate_abutment_matrix/_pair_trials/PAIR__WORDLINEDRIVER_R0__PNAND2_R180__g0p0025.gds,2ded819d806a6b11bbbb77db8478a541919cd8e9830687634c52662d30de2c4a,outputs/PROJECT_decoder_gate_abutment_matrix/_pair_trials/PAIR__WORDLINEDRIVER_R0__PNAND2_R180__g0p0025_drc/PAIR__WORDLINEDRIVER_R0__PNAND2_R180__g0p0025.lyrdb
WORDLINEDRIVER,R0,PNAND2,R180,0.07,True,0,False,True,False,True,,outputs/PROJECT_decoder_gate_abutment_matrix/_pair_trials/PAIR__WORDLINEDRIVER_R0__PNAND2_R180__g0p07.gds,248f5e8999a316ec91b056c069251a0b9dbd0e1da414bc04c96ec5f5eb9e3ec9,outputs/PROJECT_decoder_gate_abutment_matrix/_pair_trials/PAIR__WORDLINEDRIVER_R0__PNAND2_R180__g0p07_drc/PAIR__WORDLINEDRIVER_R0__PNAND2_R180__g0p07.lyrdb
WORDLINEDRIVER,R0,PNAND2,R180,0.14,True,0,False,True,False,True,,outputs/PROJECT_decoder_gate_abutment_matrix/_pair_trials/PAIR__WORDLINEDRIVER_R0__PNAND2_R180__g0p14.gds,9d8183ea680411d5b8b62c030a93334386878581f7325558cd59b5efbe590b7e,outputs/PROJECT_decoder_gate_abutment_matrix/_pair_trials/PAIR__WORDLINEDRIVER_R0__PNAND2_R180__g0p14_drc/PAIR__WORDLINEDRIVER_R0__PNAND2_R180__g0p14.lyrdb
WORDLINEDRIVER,R0,PNAND2,MX,0.0,False,0,False,False,False,True,,outputs/PROJECT_decoder_gate_abutment_matrix/_pair_trials/PAIR__WORDLINEDRIVER_R0__PNAND2_MX__g0p0.gds,c14ec3e667b6a1ebbc8c7d423f06c83a71da08ef5a553fee61f7b4a8eedbbe45,outputs/PROJECT_decoder_gate_abutment_matrix/_pair_trials/PAIR__WORDLINEDRIVER_R0__PNAND2_MX__g0p0_drc/PAIR__WORDLINEDRIVER_R0__PNAND2_MX__g0p0.lyrdb
WORDLINEDRIVER,R0,PNAND2,MX,0.0025,False,1,False,False,True,False,drc_marker_count=1,outputs/PROJECT_decoder_gate_abutment_matrix/_pair_trials/PAIR__WORDLINEDRIVER_R0__PNAND2_MX__g0p0025.gds,730bbf722a4bf69b1515abe1e5382419bdd45df126a3db9f357a4dad7fccb5c4,outputs/PROJECT_decoder_gate_abutment_matrix/_pair_trials/PAIR__WORDLINEDRIVER_R0__PNAND2_MX__g0p0025_drc/PAIR__WORDLINEDRIVER_R0__PNAND2_MX__g0p0025.lyrdb
WORDLINEDRIVER,R0,PNAND2,MX,0.07,False,1,False,False,True,False,drc_marker_count=1,outputs/PROJECT_decoder_gate_abutment_matrix/_pair_trials/PAIR__WORDLINEDRIVER_R0__PNAND2_MX__g0p07.gds,7999c99a6ad9c615ef160fe895e4e5437b7ccde022f837a9a66478214c12529f,outputs/PROJECT_decoder_gate_abutment_matrix/_pair_trials/PAIR__WORDLINEDRIVER_R0__PNAND2_MX__g0p07_drc/PAIR__WORDLINEDRIVER_R0__PNAND2_MX__g0p07.lyrdb
WORDLINEDRIVER,R0,PNAND2,MX,0.14,False,1,False,False,True,False,drc_marker_count=1,outputs/PROJECT_decoder_gate_abutment_matrix/_pair_trials/PAIR__WORDLINEDRIVER_R0__PNAND2_MX__g0p14.gds,3451e00c57475946a1ff28e5de592c8bb9193c6c079f0e651020fa0f7b1f8f12,outputs/PROJECT_decoder_gate_abutment_matrix/_pair_trials/PAIR__WORDLINEDRIVER_R0__PNAND2_MX__g0p14_drc/PAIR__WORDLINEDRIVER_R0__PNAND2_MX__g0p14.lyrdb
WORDLINEDRIVER,R0,PNAND2,MY,0.0,True,56,False,True,True,False,drc_marker_count=56,outputs/PROJECT_decoder_gate_abutment_matrix/_pair_trials/PAIR__WORDLINEDRIVER_R0__PNAND2_MY__g0p0.gds,bca934aa43aec3386874b424a93551bf79b11a31fef4fe93d1587e6c28e6b79c,outputs/PROJECT_decoder_gate_abutment_matrix/_pair_trials/PAIR__WORDLINEDRIVER_R0__PNAND2_MY__g0p0_drc/PAIR__WORDLINEDRIVER_R0__PNAND2_MY__g0p0.lyrdb
WORDLINEDRIVER,R0,PNAND2,MY,0.0025,True,54,False,True,True,False,drc_marker_count=54,outputs/PROJECT_decoder_gate_abutment_matrix/_pair_trials/PAIR__WORDLINEDRIVER_R0__PNAND2_MY__g0p0025.gds,ffd1ddc47498f2eae61b36c2b3bdc8c8bcaf4fca52205e9af2c7efccd1bf942e,outputs/PROJECT_decoder_gate_abutment_matrix/_pair_trials/PAIR__WORDLINEDRIVER_R0__PNAND2_MY__g0p0025_drc/PAIR__WORDLINEDRIVER_R0__PNAND2_MY__g0p0025.lyrdb
WORDLINEDRIVER,R0,PNAND2,MY,0.07,True,27,False,True,True,False,drc_marker_count=27,outputs/PROJECT_decoder_gate_abutment_matrix/_pair_trials/PAIR__WORDLINEDRIVER_R0__PNAND2_MY__g0p07.gds,2c301248ae5b9d247372010d58b42337cd0152e48e6c1038a837db26874915a0,outputs/PROJECT_decoder_gate_abutment_matrix/_pair_trials/PAIR__WORDLINEDRIVER_R0__PNAND2_MY__g0p07_drc/PAIR__WORDLINEDRIVER_R0__PNAND2_MY__g0p07.lyrdb
WORDLINEDRIVER,R0,PNAND2,MY,0.14,True,69,False,True,True,False,drc_marker_count=69,outputs/PROJECT_decoder_gate_abutment_matrix/_pair_trials/PAIR__WORDLINEDRIVER_R0__PNAND2_MY__g0p14.gds,3a7eed576b79878802a1ad66ab20a1b80b4f3cee11256633b603bcc5f1f298aa,outputs/PROJECT_decoder_gate_abutment_matrix/_pair_trials/PAIR__WORDLINEDRIVER_R0__PNAND2_MY__g0p14_drc/PAIR__WORDLINEDRIVER_R0__PNAND2_MY__g0p14.lyrdb
WORDLINEDRIVER,R0,PNAND3,R0,0.0,True,0,False,True,False,True,,outputs/PROJECT_decoder_gate_abutment_matrix/_pair_trials/PAIR__WORDLINEDRIVER_R0__PNAND3_R0__g0p0.gds,708b37a93907fde3134eb5bc6397c17a77538089ef08c41b2d693a959bca3de1,outputs/PROJECT_decoder_gate_abutment_matrix/_pair_trials/PAIR__WORDLINEDRIVER_R0__PNAND3_R0__g0p0_drc/PAIR__WORDLINEDRIVER_R0__PNAND3_R0__g0p0.lyrdb
WORDLINEDRIVER,R0,PNAND3,R0,0.0025,True,1,False,True,True,False,drc_marker_count=1,outputs/PROJECT_decoder_gate_abutment_matrix/_pair_trials/PAIR__WORDLINEDRIVER_R0__PNAND3_R0__g0p0025.gds,f1a52885822c4e34326fe74ff5c85082c6a210d84e827413a31ffa6e3ea8a90e,outputs/PROJECT_decoder_gate_abutment_matrix/_pair_trials/PAIR__WORDLINEDRIVER_R0__PNAND3_R0__g0p0025_drc/PAIR__WORDLINEDRIVER_R0__PNAND3_R0__g0p0025.lyrdb
WORDLINEDRIVER,R0,PNAND3,R0,0.07,True,1,False,True,True,False,drc_marker_count=1,outputs/PROJECT_decoder_gate_abutment_matrix/_pair_trials/PAIR__WORDLINEDRIVER_R0__PNAND3_R0__g0p07.gds,cf77909226cf3b723324172f5490c329274b81b73dd4658de6c6612f1ab3f91b,outputs/PROJECT_decoder_gate_abutment_matrix/_pair_trials/PAIR__WORDLINEDRIVER_R0__PNAND3_R0__g0p07_drc/PAIR__WORDLINEDRIVER_R0__PNAND3_R0__g0p07.lyrdb
WORDLINEDRIVER,R0,PNAND3,R0,0.14,True,1,False,True,True,False,drc_marker_count=1,outputs/PROJECT_decoder_gate_abutment_matrix/_pair_trials/PAIR__WORDLINEDRIVER_R0__PNAND3_R0__g0p14.gds,1517227bde88960366df6e1f587ab9ddb211828549e726b1083716493e91d1b5,outputs/PROJECT_decoder_gate_abutment_matrix/_pair_trials/PAIR__WORDLINEDRIVER_R0__PNAND3_R0__g0p14_drc/PAIR__WORDLINEDRIVER_R0__PNAND3_R0__g0p14.lyrdb
WORDLINEDRIVER,R0,PNAND3,R180,0.0,True,0,False,True,False,True,,outputs/PROJECT_decoder_gate_abutment_matrix/_pair_trials/PAIR__WORDLINEDRIVER_R0__PNAND3_R180__g0p0.gds,244981881ae28437026b9720fbacb1c8a314796964256008862141144fb81c33,outputs/PROJECT_decoder_gate_abutment_matrix/_pair_trials/PAIR__WORDLINEDRIVER_R0__PNAND3_R180__g0p0_drc/PAIR__WORDLINEDRIVER_R0__PNAND3_R180__g0p0.lyrdb
WORDLINEDRIVER,R0,PNAND3,R180,0.0025,True,0,False,True,False,True,,outputs/PROJECT_decoder_gate_abutment_matrix/_pair_trials/PAIR__WORDLINEDRIVER_R0__PNAND3_R180__g0p0025.gds,f4796359124b59cf6e1b547850afcbd38cd2f6b25ed55cb35a0e1533170e4335,outputs/PROJECT_decoder_gate_abutment_matrix/_pair_trials/PAIR__WORDLINEDRIVER_R0__PNAND3_R180__g0p0025_drc/PAIR__WORDLINEDRIVER_R0__PNAND3_R180__g0p0025.lyrdb
WORDLINEDRIVER,R0,PNAND3,R180,0.07,True,0,False,True,False,True,,outputs/PROJECT_decoder_gate_abutment_matrix/_pair_trials/PAIR__WORDLINEDRIVER_R0__PNAND3_R180__g0p07.gds,8ee826d5a42e41aeff9e41c181722b2b7ccebc02d05b4fad286af78e4ff55dc9,outputs/PROJECT_decoder_gate_abutment_matrix/_pair_trials/PAIR__WORDLINEDRIVER_R0__PNAND3_R180__g0p07_drc/PAIR__WORDLINEDRIVER_R0__PNAND3_R180__g0p07.lyrdb
WORDLINEDRIVER,R0,PNAND3,R180,0.14,True,1,False,True,True,False,drc_marker_count=1,outputs/PROJECT_decoder_gate_abutment_matrix/_pair_trials/PAIR__WORDLINEDRIVER_R0__PNAND3_R180__g0p14.gds,484977401cc8a9e3d2720f994083a7ec1c34701fe94c3f432babb93ac3fabea1,outputs/PROJECT_decoder_gate_abutment_matrix/_pair_trials/PAIR__WORDLINEDRIVER_R0__PNAND3_R180__g0p14_drc/PAIR__WORDLINEDRIVER_R0__PNAND3_R180__g0p14.lyrdb
WORDLINEDRIVER,R0,PNAND3,MX,0.0,False,0,False,False,False,True,,outputs/PROJECT_decoder_gate_abutment_matrix/_pair_trials/PAIR__WORDLINEDRIVER_R0__PNAND3_MX__g0p0.gds,092f4445549178d1840763df0799d7bdca102d4b0e6a6570c0cd3a0e5b076e5e,outputs/PROJECT_decoder_gate_abutment_matrix/_pair_trials/PAIR__WORDLINEDRIVER_R0__PNAND3_MX__g0p0_drc/PAIR__WORDLINEDRIVER_R0__PNAND3_MX__g0p0.lyrdb
WORDLINEDRIVER,R0,PNAND3,MX,0.0025,False,1,False,False,True,False,drc_marker_count=1,outputs/PROJECT_decoder_gate_abutment_matrix/_pair_trials/PAIR__WORDLINEDRIVER_R0__PNAND3_MX__g0p0025.gds,3394db4bc417976bd3be5b07b0076c05a191fce57a2b97ab912ab17968bd378a,outputs/PROJECT_decoder_gate_abutment_matrix/_pair_trials/PAIR__WORDLINEDRIVER_R0__PNAND3_MX__g0p0025_drc/PAIR__WORDLINEDRIVER_R0__PNAND3_MX__g0p0025.lyrdb
WORDLINEDRIVER,R0,PNAND3,MX,0.07,False,1,False,False,True,False,drc_marker_count=1,outputs/PROJECT_decoder_gate_abutment_matrix/_pair_trials/PAIR__WORDLINEDRIVER_R0__PNAND3_MX__g0p07.gds,76bf67233a1698a72edabccb3f79cceeacb267e9d59eab83bdd0318f0ca82efe,outputs/PROJECT_decoder_gate_abutment_matrix/_pair_trials/PAIR__WORDLINEDRIVER_R0__PNAND3_MX__g0p07_drc/PAIR__WORDLINEDRIVER_R0__PNAND3_MX__g0p07.lyrdb
WORDLINEDRIVER,R0,PNAND3,MX,0.14,False,1,False,False,True,False,drc_marker_count=1,outputs/PROJECT_decoder_gate_abutment_matrix/_pair_trials/PAIR__WORDLINEDRIVER_R0__PNAND3_MX__g0p14.gds,7f567641d2bab2f0db61309aaf02d9f56542293c3c209247a0d219c70e03c66d,outputs/PROJECT_decoder_gate_abutment_matrix/_pair_trials/PAIR__WORDLINEDRIVER_R0__PNAND3_MX__g0p14_drc/PAIR__WORDLINEDRIVER_R0__PNAND3_MX__g0p14.lyrdb
WORDLINEDRIVER,R0,PNAND3,MY,0.0,True,58,False,True,True,False,drc_marker_count=58,outputs/PROJECT_decoder_gate_abutment_matrix/_pair_trials/PAIR__WORDLINEDRIVER_R0__PNAND3_MY__g0p0.gds,d105fbbc0d73c18c078c53b306305abeb01e7a8c32df0f41c6f363cc076c953d,outputs/PROJECT_decoder_gate_abutment_matrix/_pair_trials/PAIR__WORDLINEDRIVER_R0__PNAND3_MY__g0p0_drc/PAIR__WORDLINEDRIVER_R0__PNAND3_MY__g0p0.lyrdb
WORDLINEDRIVER,R0,PNAND3,MY,0.0025,True,55,False,True,True,False,drc_marker_count=55,outputs/PROJECT_decoder_gate_abutment_matrix/_pair_trials/PAIR__WORDLINEDRIVER_R0__PNAND3_MY__g0p0025.gds,41a994d2484eae2b57bcb2b154eef6b88746129b1328f3261e2325319555d2c5,outputs/PROJECT_decoder_gate_abutment_matrix/_pair_trials/PAIR__WORDLINEDRIVER_R0__PNAND3_MY__g0p0025_drc/PAIR__WORDLINEDRIVER_R0__PNAND3_MY__g0p0025.lyrdb
WORDLINEDRIVER,R0,PNAND3,MY,0.07,True,20,False,True,True,False,drc_marker_count=20,outputs/PROJECT_decoder_gate_abutment_matrix/_pair_trials/PAIR__WORDLINEDRIVER_R0__PNAND3_MY__g0p07.gds,bd80870318c32b0b4db609f6e5e33caca2777f004c145ef504405155f1234965,outputs/PROJECT_decoder_gate_abutment_matrix/_pair_trials/PAIR__WORDLINEDRIVER_R0__PNAND3_MY__g0p07_drc/PAIR__WORDLINEDRIVER_R0__PNAND3_MY__g0p07.lyrdb
WORDLINEDRIVER,R0,PNAND3,MY,0.14,True,43,False,True,True,False,drc_marker_count=43,outputs/PROJECT_decoder_gate_abutment_matrix/_pair_trials/PAIR__WORDLINEDRIVER_R0__PNAND3_MY__g0p14.gds,c165957b4f0f287b6a211bd643825f3ac034b35f3b2129c0fe3e8eb35a1714f9,outputs/PROJECT_decoder_gate_abutment_matrix/_pair_trials/PAIR__WORDLINEDRIVER_R0__PNAND3_MY__g0p14_drc/PAIR__WORDLINEDRIVER_R0__PNAND3_MY__g0p14.lyrdb
WORDLINEDRIVER,R0,AND2,R0,0.0,True,0,False,True,False,True,,outputs/PROJECT_decoder_gate_abutment_matrix/_pair_trials/PAIR__WORDLINEDRIVER_R0__AND2_R0__g0p0.gds,a47d1dfe0c9e2b14f089d3b9a9624cc7a36dba891055fb06adc24248d8e4b316,outputs/PROJECT_decoder_gate_abutment_matrix/_pair_trials/PAIR__WORDLINEDRIVER_R0__AND2_R0__g0p0_drc/PAIR__WORDLINEDRIVER_R0__AND2_R0__g0p0.lyrdb
WORDLINEDRIVER,R0,AND2,R0,0.0025,True,1,False,True,True,False,drc_marker_count=1,outputs/PROJECT_decoder_gate_abutment_matrix/_pair_trials/PAIR__WORDLINEDRIVER_R0__AND2_R0__g0p0025.gds,15f3dfdb72872b4e3f3598b29bf2e69f4a406341847f77783cc5bd7a361d22f7,outputs/PROJECT_decoder_gate_abutment_matrix/_pair_trials/PAIR__WORDLINEDRIVER_R0__AND2_R0__g0p0025_drc/PAIR__WORDLINEDRIVER_R0__AND2_R0__g0p0025.lyrdb
WORDLINEDRIVER,R0,AND2,R0,0.07,True,1,False,True,True,False,drc_marker_count=1,outputs/PROJECT_decoder_gate_abutment_matrix/_pair_trials/PAIR__WORDLINEDRIVER_R0__AND2_R0__g0p07.gds,8c118fa712a79eec02cac8fff9c1c79815f480fed0476ba5ee2d559d7517f5b5,outputs/PROJECT_decoder_gate_abutment_matrix/_pair_trials/PAIR__WORDLINEDRIVER_R0__AND2_R0__g0p07_drc/PAIR__WORDLINEDRIVER_R0__AND2_R0__g0p07.lyrdb
WORDLINEDRIVER,R0,AND2,R0,0.14,True,1,False,True,True,False,drc_marker_count=1,outputs/PROJECT_decoder_gate_abutment_matrix/_pair_trials/PAIR__WORDLINEDRIVER_R0__AND2_R0__g0p14.gds,49bfb06e62bd23a4fbac96553489b5f439d5c678b0fca0caedcf17fee306f2a7,outputs/PROJECT_decoder_gate_abutment_matrix/_pair_trials/PAIR__WORDLINEDRIVER_R0__AND2_R0__g0p14_drc/PAIR__WORDLINEDRIVER_R0__AND2_R0__g0p14.lyrdb
WORDLINEDRIVER,R0,AND2,R180,0.0,True,0,False,True,False,True,,outputs/PROJECT_decoder_gate_abutment_matrix/_pair_trials/PAIR__WORDLINEDRIVER_R0__AND2_R180__g0p0.gds,167d38df7b427af0cb8a0b1737e3f617b15b206b4363bc56ad52943541965f3d,outputs/PROJECT_decoder_gate_abutment_matrix/_pair_trials/PAIR__WORDLINEDRIVER_R0__AND2_R180__g0p0_drc/PAIR__WORDLINEDRIVER_R0__AND2_R180__g0p0.lyrdb
WORDLINEDRIVER,R0,AND2,R180,0.0025,True,0,False,True,False,True,,outputs/PROJECT_decoder_gate_abutment_matrix/_pair_trials/PAIR__WORDLINEDRIVER_R0__AND2_R180__g0p0025.gds,ff185323cde06ea569027f8e281762155a85c32014ac956519868b5fc5b01927,outputs/PROJECT_decoder_gate_abutment_matrix/_pair_trials/PAIR__WORDLINEDRIVER_R0__AND2_R180__g0p0025_drc/PAIR__WORDLINEDRIVER_R0__AND2_R180__g0p0025.lyrdb
WORDLINEDRIVER,R0,AND2,R180,0.07,True,0,False,True,False,True,,outputs/PROJECT_decoder_gate_abutment_matrix/_pair_trials/PAIR__WORDLINEDRIVER_R0__AND2_R180__g0p07.gds,ad451a3986b7e339c11b0fdee59b4727de5faad570764726190f717ae99f7947,outputs/PROJECT_decoder_gate_abutment_matrix/_pair_trials/PAIR__WORDLINEDRIVER_R0__AND2_R180__g0p07_drc/PAIR__WORDLINEDRIVER_R0__AND2_R180__g0p07.lyrdb
WORDLINEDRIVER,R0,AND2,R180,0.14,True,0,False,True,False,True,,outputs/PROJECT_decoder_gate_abutment_matrix/_pair_trials/PAIR__WORDLINEDRIVER_R0__AND2_R180__g0p14.gds,38595fdabd7ed3557f8bd161bb9e77af07d8b03cc34a6b05fbd3e9cac3d34940,outputs/PROJECT_decoder_gate_abutment_matrix/_pair_trials/PAIR__WORDLINEDRIVER_R0__AND2_R180__g0p14_drc/PAIR__WORDLINEDRIVER_R0__AND2_R180__g0p14.lyrdb
WORDLINEDRIVER,R0,AND2,MX,0.0,False,0,False,False,False,True,,outputs/PROJECT_decoder_gate_abutment_matrix/_pair_trials/PAIR__WORDLINEDRIVER_R0__AND2_MX__g0p0.gds,22f0bc698b885859ef3f13d54d1c3a679dd7797593029ba2438ff10fb8a59456,outputs/PROJECT_decoder_gate_abutment_matrix/_pair_trials/PAIR__WORDLINEDRIVER_R0__AND2_MX__g0p0_drc/PAIR__WORDLINEDRIVER_R0__AND2_MX__g0p0.lyrdb
WORDLINEDRIVER,R0,AND2,MX,0.0025,False,1,False,False,True,False,drc_marker_count=1,outputs/PROJECT_decoder_gate_abutment_matrix/_pair_trials/PAIR__WORDLINEDRIVER_R0__AND2_MX__g0p0025.gds,9097b4a33177c98c5b4f5dd059dea69bc3b2ed8c9be3666c3adcea4fe26eb1ed,outputs/PROJECT_decoder_gate_abutment_matrix/_pair_trials/PAIR__WORDLINEDRIVER_R0__AND2_MX__g0p0025_drc/PAIR__WORDLINEDRIVER_R0__AND2_MX__g0p0025.lyrdb
WORDLINEDRIVER,R0,AND2,MX,0.07,False,1,False,False,True,False,drc_marker_count=1,outputs/PROJECT_decoder_gate_abutment_matrix/_pair_trials/PAIR__WORDLINEDRIVER_R0__AND2_MX__g0p07.gds,886e54f510cb4ac455561da825b6aa51f909118414035d6ac04dd3f3f6361600,outputs/PROJECT_decoder_gate_abutment_matrix/_pair_trials/PAIR__WORDLINEDRIVER_R0__AND2_MX__g0p07_drc/PAIR__WORDLINEDRIVER_R0__AND2_MX__g0p07.lyrdb
WORDLINEDRIVER,R0,AND2,MX,0.14,False,1,False,False,True,False,drc_marker_count=1,outputs/PROJECT_decoder_gate_abutment_matrix/_pair_trials/PAIR__WORDLINEDRIVER_R0__AND2_MX__g0p14.gds,9c7e50ac94d25ffb5b8315ff9e75fc7cfa11a1c4bbfe47f8464d34f444c5a194,outputs/PROJECT_decoder_gate_abutment_matrix/_pair_trials/PAIR__WORDLINEDRIVER_R0__AND2_MX__g0p14_drc/PAIR__WORDLINEDRIVER_R0__AND2_MX__g0p14.lyrdb
WORDLINEDRIVER,R0,AND2,MY,0.0,True,70,False,True,True,False,drc_marker_count=70,outputs/PROJECT_decoder_gate_abutment_matrix/_pair_trials/PAIR__WORDLINEDRIVER_R0__AND2_MY__g0p0.gds,aad7f3d5c59b1eb5b6bdaaa7bfc942cfdf57d22df2a267ed5e98ca9c1e6c1ef9,outputs/PROJECT_decoder_gate_abutment_matrix/_pair_trials/PAIR__WORDLINEDRIVER_R0__AND2_MY__g0p0_drc/PAIR__WORDLINEDRIVER_R0__AND2_MY__g0p0.lyrdb
WORDLINEDRIVER,R0,AND2,MY,0.0025,True,64,False,True,True,False,drc_marker_count=64,outputs/PROJECT_decoder_gate_abutment_matrix/_pair_trials/PAIR__WORDLINEDRIVER_R0__AND2_MY__g0p0025.gds,8fd24ab66204b9c493144f35b0005683c3177b6c310951dd35c34554bd62d670,outputs/PROJECT_decoder_gate_abutment_matrix/_pair_trials/PAIR__WORDLINEDRIVER_R0__AND2_MY__g0p0025_drc/PAIR__WORDLINEDRIVER_R0__AND2_MY__g0p0025.lyrdb
WORDLINEDRIVER,R0,AND2,MY,0.07,True,127,False,True,True,False,drc_marker_count=127,outputs/PROJECT_decoder_gate_abutment_matrix/_pair_trials/PAIR__WORDLINEDRIVER_R0__AND2_MY__g0p07.gds,299f17bc4583349b8dcb3a1b4ed0a1a9ecbb4c5190b5ff0e007997fa347892da,outputs/PROJECT_decoder_gate_abutment_matrix/_pair_trials/PAIR__WORDLINEDRIVER_R0__AND2_MY__g0p07_drc/PAIR__WORDLINEDRIVER_R0__AND2_MY__g0p07.lyrdb
WORDLINEDRIVER,R0,AND2,MY,0.14,True,90,False,True,True,False,drc_marker_count=90,outputs/PROJECT_decoder_gate_abutment_matrix/_pair_trials/PAIR__WORDLINEDRIVER_R0__AND2_MY__g0p14.gds,f9cae409f9c0afc19d0c455b3432d3c37124efe8cb4ee3cb18b5979c36b0cbb9,outputs/PROJECT_decoder_gate_abutment_matrix/_pair_trials/PAIR__WORDLINEDRIVER_R0__AND2_MY__g0p14_drc/PAIR__WORDLINEDRIVER_R0__AND2_MY__g0p14.lyrdb
WORDLINEDRIVER,R0,AND3,R0,0.0,True,0,False,True,False,True,,outputs/PROJECT_decoder_gate_abutment_matrix/_pair_trials/PAIR__WORDLINEDRIVER_R0__AND3_R0__g0p0.gds,e7f40aa7abc57040b37ddcbf833a0c3f787e4f09d9654ae40aabe05d564d9aae,outputs/PROJECT_decoder_gate_abutment_matrix/_pair_trials/PAIR__WORDLINEDRIVER_R0__AND3_R0__g0p0_drc/PAIR__WORDLINEDRIVER_R0__AND3_R0__g0p0.lyrdb
WORDLINEDRIVER,R0,AND3,R0,0.0025,True,1,False,True,True,False,drc_marker_count=1,outputs/PROJECT_decoder_gate_abutment_matrix/_pair_trials/PAIR__WORDLINEDRIVER_R0__AND3_R0__g0p0025.gds,738871e41dee986a715c7dbdeb7d5449186312c2aeb86b8b73e86e50841a9cc9,outputs/PROJECT_decoder_gate_abutment_matrix/_pair_trials/PAIR__WORDLINEDRIVER_R0__AND3_R0__g0p0025_drc/PAIR__WORDLINEDRIVER_R0__AND3_R0__g0p0025.lyrdb
WORDLINEDRIVER,R0,AND3,R0,0.07,True,1,False,True,True,False,drc_marker_count=1,outputs/PROJECT_decoder_gate_abutment_matrix/_pair_trials/PAIR__WORDLINEDRIVER_R0__AND3_R0__g0p07.gds,b8846e08e153db13f4ca986b43c49e6815b1392035711090ae287f9649cc082a,outputs/PROJECT_decoder_gate_abutment_matrix/_pair_trials/PAIR__WORDLINEDRIVER_R0__AND3_R0__g0p07_drc/PAIR__WORDLINEDRIVER_R0__AND3_R0__g0p07.lyrdb
WORDLINEDRIVER,R0,AND3,R0,0.14,True,1,False,True,True,False,drc_marker_count=1,outputs/PROJECT_decoder_gate_abutment_matrix/_pair_trials/PAIR__WORDLINEDRIVER_R0__AND3_R0__g0p14.gds,eb13e582bedff8b1665f8449129bb31d0a6dbe89656270e51d82c3cc050d0cb7,outputs/PROJECT_decoder_gate_abutment_matrix/_pair_trials/PAIR__WORDLINEDRIVER_R0__AND3_R0__g0p14_drc/PAIR__WORDLINEDRIVER_R0__AND3_R0__g0p14.lyrdb
WORDLINEDRIVER,R0,AND3,R180,0.0,True,0,False,True,False,True,,outputs/PROJECT_decoder_gate_abutment_matrix/_pair_trials/PAIR__WORDLINEDRIVER_R0__AND3_R180__g0p0.gds,62649982affe0416be4032f494816998a3c080dc574a90e5c0ecd323149bcc2d,outputs/PROJECT_decoder_gate_abutment_matrix/_pair_trials/PAIR__WORDLINEDRIVER_R0__AND3_R180__g0p0_drc/PAIR__WORDLINEDRIVER_R0__AND3_R180__g0p0.lyrdb
WORDLINEDRIVER,R0,AND3,R180,0.0025,True,0,False,True,False,True,,outputs/PROJECT_decoder_gate_abutment_matrix/_pair_trials/PAIR__WORDLINEDRIVER_R0__AND3_R180__g0p0025.gds,0714d63614b4727d509fd6d4c1941f097909e47e3684db31c24df53f51f56979,outputs/PROJECT_decoder_gate_abutment_matrix/_pair_trials/PAIR__WORDLINEDRIVER_R0__AND3_R180__g0p0025_drc/PAIR__WORDLINEDRIVER_R0__AND3_R180__g0p0025.lyrdb
WORDLINEDRIVER,R0,AND3,R180,0.07,True,0,False,True,False,True,,outputs/PROJECT_decoder_gate_abutment_matrix/_pair_trials/PAIR__WORDLINEDRIVER_R0__AND3_R180__g0p07.gds,512b75be4d4737875f1df2047e9d1209c7bb4d9c3b611fbc7a12cc57dfdc6812,outputs/PROJECT_decoder_gate_abutment_matrix/_pair_trials/PAIR__WORDLINEDRIVER_R0__AND3_R180__g0p07_drc/PAIR__WORDLINEDRIVER_R0__AND3_R180__g0p07.lyrdb
WORDLINEDRIVER,R0,AND3,R180,0.14,True,0,False,True,False,True,,outputs/PROJECT_decoder_gate_abutment_matrix/_pair_trials/PAIR__WORDLINEDRIVER_R0__AND3_R180__g0p14.gds,b280d0b0e068a6886ddb9923db37e215d860800a72e6d65f83e70095003a738a,outputs/PROJECT_decoder_gate_abutment_matrix/_pair_trials/PAIR__WORDLINEDRIVER_R0__AND3_R180__g0p14_drc/PAIR__WORDLINEDRIVER_R0__AND3_R180__g0p14.lyrdb
WORDLINEDRIVER,R0,AND3,MX,0.0,False,0,False,False,False,True,,outputs/PROJECT_decoder_gate_abutment_matrix/_pair_trials/PAIR__WORDLINEDRIVER_R0__AND3_MX__g0p0.gds,309b7514995426658b8a0c335eb1f6284b22d7f701217b5ebdfe0d97840dc55e,outputs/PROJECT_decoder_gate_abutment_matrix/_pair_trials/PAIR__WORDLINEDRIVER_R0__AND3_MX__g0p0_drc/PAIR__WORDLINEDRIVER_R0__AND3_MX__g0p0.lyrdb
WORDLINEDRIVER,R0,AND3,MX,0.0025,False,1,False,False,True,False,drc_marker_count=1,outputs/PROJECT_decoder_gate_abutment_matrix/_pair_trials/PAIR__WORDLINEDRIVER_R0__AND3_MX__g0p0025.gds,25dd891ccd9a64033cd1c6defb0489d293fea4fa40b496038c08be9336533497,outputs/PROJECT_decoder_gate_abutment_matrix/_pair_trials/PAIR__WORDLINEDRIVER_R0__AND3_MX__g0p0025_drc/PAIR__WORDLINEDRIVER_R0__AND3_MX__g0p0025.lyrdb
WORDLINEDRIVER,R0,AND3,MX,0.07,False,1,False,False,True,False,drc_marker_count=1,outputs/PROJECT_decoder_gate_abutment_matrix/_pair_trials/PAIR__WORDLINEDRIVER_R0__AND3_MX__g0p07.gds,daba8295d5ebc793fae6b2dcdd52585652dfe6d613dc4c4dde02af867d628adc,outputs/PROJECT_decoder_gate_abutment_matrix/_pair_trials/PAIR__WORDLINEDRIVER_R0__AND3_MX__g0p07_drc/PAIR__WORDLINEDRIVER_R0__AND3_MX__g0p07.lyrdb
WORDLINEDRIVER,R0,AND3,MX,0.14,False,1,False,False,True,False,drc_marker_count=1,outputs/PROJECT_decoder_gate_abutment_matrix/_pair_trials/PAIR__WORDLINEDRIVER_R0__AND3_MX__g0p14.gds,75707b864a789b4bacd1ba0efe4124167e41394ebcf9182be5141edfee141797,outputs/PROJECT_decoder_gate_abutment_matrix/_pair_trials/PAIR__WORDLINEDRIVER_R0__AND3_MX__g0p14_drc/PAIR__WORDLINEDRIVER_R0__AND3_MX__g0p14.lyrdb
WORDLINEDRIVER,R0,AND3,MY,0.0,True,46,False,True,True,False,drc_marker_count=46,outputs/PROJECT_decoder_gate_abutment_matrix/_pair_trials/PAIR__WORDLINEDRIVER_R0__AND3_MY__g0p0.gds,b8a9be00796c6361f2255289d737d45d152c37feeb7f3e08df103c024cc5eb9e,outputs/PROJECT_decoder_gate_abutment_matrix/_pair_trials/PAIR__WORDLINEDRIVER_R0__AND3_MY__g0p0_drc/PAIR__WORDLINEDRIVER_R0__AND3_MY__g0p0.lyrdb
WORDLINEDRIVER,R0,AND3,MY,0.0025,True,46,False,True,True,False,drc_marker_count=46,outputs/PROJECT_decoder_gate_abutment_matrix/_pair_trials/PAIR__WORDLINEDRIVER_R0__AND3_MY__g0p0025.gds,80fa15fef756473eaba5865cc4e15d7ffc1bf2118b4bfc1993319f25de0779be,outputs/PROJECT_decoder_gate_abutment_matrix/_pair_trials/PAIR__WORDLINEDRIVER_R0__AND3_MY__g0p0025_drc/PAIR__WORDLINEDRIVER_R0__AND3_MY__g0p0025.lyrdb
WORDLINEDRIVER,R0,AND3,MY,0.07,True,127,False,True,True,False,drc_marker_count=127,outputs/PROJECT_decoder_gate_abutment_matrix/_pair_trials/PAIR__WORDLINEDRIVER_R0__AND3_MY__g0p07.gds,551de74a2e08f721b4058c9a4eaad1b9c854e38b6e796d07f415e879a38387c2,outputs/PROJECT_decoder_gate_abutment_matrix/_pair_trials/PAIR__WORDLINEDRIVER_R0__AND3_MY__g0p07_drc/PAIR__WORDLINEDRIVER_R0__AND3_MY__g0p07.lyrdb
WORDLINEDRIVER,R0,AND3,MY,0.14,True,59,False,True,True,False,drc_marker_count=59,outputs/PROJECT_decoder_gate_abutment_matrix/_pair_trials/PAIR__WORDLINEDRIVER_R0__AND3_MY__g0p14.gds,8dc1f24fc9690ca65b76cf6dee73b74acc1fe0077ba4bcf96446a44e191e7371,outputs/PROJECT_decoder_gate_abutment_matrix/_pair_trials/PAIR__WORDLINEDRIVER_R0__AND3_MY__g0p14_drc/PAIR__WORDLINEDRIVER_R0__AND3_MY__g0p14.lyrdb
WORDLINEDRIVER,R0,WORDLINEDRIVER,R0,0.0,True,0,False,True,False,True,,outputs/PROJECT_decoder_gate_abutment_matrix/_pair_trials/PAIR__WORDLINEDRIVER_R0__WORDLINEDRIVER_R0__g0p0.gds,6f641c39628ea268174ed5e251291a2e991a6ce1c5295ed3f1776018b5e16cb5,outputs/PROJECT_decoder_gate_abutment_matrix/_pair_trials/PAIR__WORDLINEDRIVER_R0__WORDLINEDRIVER_R0__g0p0_drc/PAIR__WORDLINEDRIVER_R0__WORDLINEDRIVER_R0__g0p0.lyrdb
WORDLINEDRIVER,R0,WORDLINEDRIVER,R0,0.0025,True,1,False,True,True,False,drc_marker_count=1,outputs/PROJECT_decoder_gate_abutment_matrix/_pair_trials/PAIR__WORDLINEDRIVER_R0__WORDLINEDRIVER_R0__g0p0025.gds,32b66ad50502ae286b286779201f9d707162385960ccc77ee35d3981380beea1,outputs/PROJECT_decoder_gate_abutment_matrix/_pair_trials/PAIR__WORDLINEDRIVER_R0__WORDLINEDRIVER_R0__g0p0025_drc/PAIR__WORDLINEDRIVER_R0__WORDLINEDRIVER_R0__g0p0025.lyrdb
WORDLINEDRIVER,R0,WORDLINEDRIVER,R0,0.07,True,1,False,True,True,False,drc_marker_count=1,outputs/PROJECT_decoder_gate_abutment_matrix/_pair_trials/PAIR__WORDLINEDRIVER_R0__WORDLINEDRIVER_R0__g0p07.gds,d04fbf829927db544357fccaaf1f91b2d7e713f16ea4cdfb8450700795b846e9,outputs/PROJECT_decoder_gate_abutment_matrix/_pair_trials/PAIR__WORDLINEDRIVER_R0__WORDLINEDRIVER_R0__g0p07_drc/PAIR__WORDLINEDRIVER_R0__WORDLINEDRIVER_R0__g0p07.lyrdb
WORDLINEDRIVER,R0,WORDLINEDRIVER,R0,0.14,True,1,False,True,True,False,drc_marker_count=1,outputs/PROJECT_decoder_gate_abutment_matrix/_pair_trials/PAIR__WORDLINEDRIVER_R0__WORDLINEDRIVER_R0__g0p14.gds,a024668e938bb7e17ed2304191453b270c5fc210a9440b9945901c5d7bf976fb,outputs/PROJECT_decoder_gate_abutment_matrix/_pair_trials/PAIR__WORDLINEDRIVER_R0__WORDLINEDRIVER_R0__g0p14_drc/PAIR__WORDLINEDRIVER_R0__WORDLINEDRIVER_R0__g0p14.lyrdb
WORDLINEDRIVER,R0,WORDLINEDRIVER,R180,0.0,True,1,False,True,True,False,drc_marker_count=1,outputs/PROJECT_decoder_gate_abutment_matrix/_pair_trials/PAIR__WORDLINEDRIVER_R0__WORDLINEDRIVER_R180__g0p0.gds,4cac3f8a1f47fa06f1b683608b4bb9266002c9e6cc4837959f191e818036adbc,outputs/PROJECT_decoder_gate_abutment_matrix/_pair_trials/PAIR__WORDLINEDRIVER_R0__WORDLINEDRIVER_R180__g0p0_drc/PAIR__WORDLINEDRIVER_R0__WORDLINEDRIVER_R180__g0p0.lyrdb
WORDLINEDRIVER,R0,WORDLINEDRIVER,R180,0.0025,True,1,False,True,True,False,drc_marker_count=1,outputs/PROJECT_decoder_gate_abutment_matrix/_pair_trials/PAIR__WORDLINEDRIVER_R0__WORDLINEDRIVER_R180__g0p0025.gds,4825505961f75b693a1ca559126ebcb2c99673af120e41fa02c4bf806348d398,outputs/PROJECT_decoder_gate_abutment_matrix/_pair_trials/PAIR__WORDLINEDRIVER_R0__WORDLINEDRIVER_R180__g0p0025_drc/PAIR__WORDLINEDRIVER_R0__WORDLINEDRIVER_R180__g0p0025.lyrdb
WORDLINEDRIVER,R0,WORDLINEDRIVER,R180,0.07,True,0,False,True,False,True,,outputs/PROJECT_decoder_gate_abutment_matrix/_pair_trials/PAIR__WORDLINEDRIVER_R0__WORDLINEDRIVER_R180__g0p07.gds,616be6a12ab6127f4a6ec10c361a7e7ef0661a83ca50925ad5f8c17fc12c11cc,outputs/PROJECT_decoder_gate_abutment_matrix/_pair_trials/PAIR__WORDLINEDRIVER_R0__WORDLINEDRIVER_R180__g0p07_drc/PAIR__WORDLINEDRIVER_R0__WORDLINEDRIVER_R180__g0p07.lyrdb
WORDLINEDRIVER,R0,WORDLINEDRIVER,R180,0.14,True,0,False,True,False,True,,outputs/PROJECT_decoder_gate_abutment_matrix/_pair_trials/PAIR__WORDLINEDRIVER_R0__WORDLINEDRIVER_R180__g0p14.gds,ec6594a43725b63f1012cd40919b26df1e8d08d5d45a2e037cc30e529a86674c,outputs/PROJECT_decoder_gate_abutment_matrix/_pair_trials/PAIR__WORDLINEDRIVER_R0__WORDLINEDRIVER_R180__g0p14_drc/PAIR__WORDLINEDRIVER_R0__WORDLINEDRIVER_R180__g0p14.lyrdb
WORDLINEDRIVER,R0,WORDLINEDRIVER,MX,0.0,False,0,False,False,False,True,,outputs/PROJECT_decoder_gate_abutment_matrix/_pair_trials/PAIR__WORDLINEDRIVER_R0__WORDLINEDRIVER_MX__g0p0.gds,5df47517e6a551786a19fcf5b28ce74ff65b8fb2c6d2c2c3647cd9dde77d7975,outputs/PROJECT_decoder_gate_abutment_matrix/_pair_trials/PAIR__WORDLINEDRIVER_R0__WORDLINEDRIVER_MX__g0p0_drc/PAIR__WORDLINEDRIVER_R0__WORDLINEDRIVER_MX__g0p0.lyrdb
WORDLINEDRIVER,R0,WORDLINEDRIVER,MX,0.0025,False,1,False,False,True,False,drc_marker_count=1,outputs/PROJECT_decoder_gate_abutment_matrix/_pair_trials/PAIR__WORDLINEDRIVER_R0__WORDLINEDRIVER_MX__g0p0025.gds,0407032aa33ca753f91ed63347d872ab62846ed6fcd64a0001c75629612f423f,outputs/PROJECT_decoder_gate_abutment_matrix/_pair_trials/PAIR__WORDLINEDRIVER_R0__WORDLINEDRIVER_MX__g0p0025_drc/PAIR__WORDLINEDRIVER_R0__WORDLINEDRIVER_MX__g0p0025.lyrdb
WORDLINEDRIVER,R0,WORDLINEDRIVER,MX,0.07,False,1,False,False,True,False,drc_marker_count=1,outputs/PROJECT_decoder_gate_abutment_matrix/_pair_trials/PAIR__WORDLINEDRIVER_R0__WORDLINEDRIVER_MX__g0p07.gds,0000b0ce4c4a2d6cd61761786ecf49bad0bea2ecd1197b1f8c3732a00b395a12,outputs/PROJECT_decoder_gate_abutment_matrix/_pair_trials/PAIR__WORDLINEDRIVER_R0__WORDLINEDRIVER_MX__g0p07_drc/PAIR__WORDLINEDRIVER_R0__WORDLINEDRIVER_MX__g0p07.lyrdb
WORDLINEDRIVER,R0,WORDLINEDRIVER,MX,0.14,False,1,False,False,True,False,drc_marker_count=1,outputs/PROJECT_decoder_gate_abutment_matrix/_pair_trials/PAIR__WORDLINEDRIVER_R0__WORDLINEDRIVER_MX__g0p14.gds,9f841b49a06074f377535bf60185a7c53efa9bae72fe8df99328759ae96f8275,outputs/PROJECT_decoder_gate_abutment_matrix/_pair_trials/PAIR__WORDLINEDRIVER_R0__WORDLINEDRIVER_MX__g0p14_drc/PAIR__WORDLINEDRIVER_R0__WORDLINEDRIVER_MX__g0p14.lyrdb
WORDLINEDRIVER,R0,WORDLINEDRIVER,MY,0.0,True,39,False,True,True,False,drc_marker_count=39,outputs/PROJECT_decoder_gate_abutment_matrix/_pair_trials/PAIR__WORDLINEDRIVER_R0__WORDLINEDRIVER_MY__g0p0.gds,bdacb6a28cf7451a44b2e908ce6c5d5a2cbe1d3599bfd88a51c30bb32f46fa6a,outputs/PROJECT_decoder_gate_abutment_matrix/_pair_trials/PAIR__WORDLINEDRIVER_R0__WORDLINEDRIVER_MY__g0p0_drc/PAIR__WORDLINEDRIVER_R0__WORDLINEDRIVER_MY__g0p0.lyrdb
WORDLINEDRIVER,R0,WORDLINEDRIVER,MY,0.0025,True,36,False,True,True,False,drc_marker_count=36,outputs/PROJECT_decoder_gate_abutment_matrix/_pair_trials/PAIR__WORDLINEDRIVER_R0__WORDLINEDRIVER_MY__g0p0025.gds,0abe6373897cedf34492b78cf4369629b6cfb99accedfd4b247c5e81dfdfe85f,outputs/PROJECT_decoder_gate_abutment_matrix/_pair_trials/PAIR__WORDLINEDRIVER_R0__WORDLINEDRIVER_MY__g0p0025_drc/PAIR__WORDLINEDRIVER_R0__WORDLINEDRIVER_MY__g0p0025.lyrdb
WORDLINEDRIVER,R0,WORDLINEDRIVER,MY,0.07,True,88,False,True,True,False,drc_marker_count=88,outputs/PROJECT_decoder_gate_abutment_matrix/_pair_trials/PAIR__WORDLINEDRIVER_R0__WORDLINEDRIVER_MY__g0p07.gds,b388ed4fa7244c9900241d8761916d6bdf0ad8869e5066503ba93ae4b95825b0,outputs/PROJECT_decoder_gate_abutment_matrix/_pair_trials/PAIR__WORDLINEDRIVER_R0__WORDLINEDRIVER_MY__g0p07_drc/PAIR__WORDLINEDRIVER_R0__WORDLINEDRIVER_MY__g0p07.lyrdb
WORDLINEDRIVER,R0,WORDLINEDRIVER,MY,0.14,True,37,False,True,True,False,drc_marker_count=37,outputs/PROJECT_decoder_gate_abutment_matrix/_pair_trials/PAIR__WORDLINEDRIVER_R0__WORDLINEDRIVER_MY__g0p14.gds,51285302c0c597151d31ebf17194a3011ee9c05f067409947813cf71a79a6bdc,outputs/PROJECT_decoder_gate_abutment_matrix/_pair_trials/PAIR__WORDLINEDRIVER_R0__WORDLINEDRIVER_MY__g0p14_drc/PAIR__WORDLINEDRIVER_R0__WORDLINEDRIVER_MY__g0p14.lyrdb
WORDLINEDRIVER,R180,PINV,R0,0.0,True,0,False,True,False,True,,outputs/PROJECT_decoder_gate_abutment_matrix/_pair_trials/PAIR__WORDLINEDRIVER_R180__PINV_R0__g0p0.gds,5a9fc6b4788a7a9a7d81a82740f57e1d31167db1f0982f5aa32b3450f01f7192,outputs/PROJECT_decoder_gate_abutment_matrix/_pair_trials/PAIR__WORDLINEDRIVER_R180__PINV_R0__g0p0_drc/PAIR__WORDLINEDRIVER_R180__PINV_R0__g0p0.lyrdb
WORDLINEDRIVER,R180,PINV,R0,0.0025,True,0,False,True,False,True,,outputs/PROJECT_decoder_gate_abutment_matrix/_pair_trials/PAIR__WORDLINEDRIVER_R180__PINV_R0__g0p0025.gds,61ca1287f34c4a5c1ea458be1dfe007798bcec7eb0baca47e80d070551418f7b,outputs/PROJECT_decoder_gate_abutment_matrix/_pair_trials/PAIR__WORDLINEDRIVER_R180__PINV_R0__g0p0025_drc/PAIR__WORDLINEDRIVER_R180__PINV_R0__g0p0025.lyrdb
WORDLINEDRIVER,R180,PINV,R0,0.07,True,0,False,True,False,True,,outputs/PROJECT_decoder_gate_abutment_matrix/_pair_trials/PAIR__WORDLINEDRIVER_R180__PINV_R0__g0p07.gds,1f4fb0211809c854478a2fd65bfb07b836aa3abfb381cc7677ae160b432e7653,outputs/PROJECT_decoder_gate_abutment_matrix/_pair_trials/PAIR__WORDLINEDRIVER_R180__PINV_R0__g0p07_drc/PAIR__WORDLINEDRIVER_R180__PINV_R0__g0p07.lyrdb
WORDLINEDRIVER,R180,PINV,R0,0.14,True,0,False,True,False,True,,outputs/PROJECT_decoder_gate_abutment_matrix/_pair_trials/PAIR__WORDLINEDRIVER_R180__PINV_R0__g0p14.gds,348927737a734d8730595b867d5763ded2f069e71806fc288b208a7e3305262e,outputs/PROJECT_decoder_gate_abutment_matrix/_pair_trials/PAIR__WORDLINEDRIVER_R180__PINV_R0__g0p14_drc/PAIR__WORDLINEDRIVER_R180__PINV_R0__g0p14.lyrdb
WORDLINEDRIVER,R180,PINV,R180,0.0,True,0,False,True,False,True,,outputs/PROJECT_decoder_gate_abutment_matrix/_pair_trials/PAIR__WORDLINEDRIVER_R180__PINV_R180__g0p0.gds,684789ca222098d52d6d041ecaa6b0c29df98cd5818e1c6d8abaae11b97b62bf,outputs/PROJECT_decoder_gate_abutment_matrix/_pair_trials/PAIR__WORDLINEDRIVER_R180__PINV_R180__g0p0_drc/PAIR__WORDLINEDRIVER_R180__PINV_R180__g0p0.lyrdb
WORDLINEDRIVER,R180,PINV,R180,0.0025,True,0,False,True,False,True,,outputs/PROJECT_decoder_gate_abutment_matrix/_pair_trials/PAIR__WORDLINEDRIVER_R180__PINV_R180__g0p0025.gds,36ad4cbc8e2f11005dfc869475de34c358d0d3d36003c05d79a9f79f0095c031,outputs/PROJECT_decoder_gate_abutment_matrix/_pair_trials/PAIR__WORDLINEDRIVER_R180__PINV_R180__g0p0025_drc/PAIR__WORDLINEDRIVER_R180__PINV_R180__g0p0025.lyrdb
WORDLINEDRIVER,R180,PINV,R180,0.07,True,0,False,True,False,True,,outputs/PROJECT_decoder_gate_abutment_matrix/_pair_trials/PAIR__WORDLINEDRIVER_R180__PINV_R180__g0p07.gds,c525ab59dd3e4f0cff0dcbe7797254b0773a83a761e98df912716f23392da7bf,outputs/PROJECT_decoder_gate_abutment_matrix/_pair_trials/PAIR__WORDLINEDRIVER_R180__PINV_R180__g0p07_drc/PAIR__WORDLINEDRIVER_R180__PINV_R180__g0p07.lyrdb
WORDLINEDRIVER,R180,PINV,R180,0.14,True,0,False,True,False,True,,outputs/PROJECT_decoder_gate_abutment_matrix/_pair_trials/PAIR__WORDLINEDRIVER_R180__PINV_R180__g0p14.gds,2cb7d7ee5fb959831a1a2e04f8c85229dcd41425f2b157e8c6e7dcc86dbd3b83,outputs/PROJECT_decoder_gate_abutment_matrix/_pair_trials/PAIR__WORDLINEDRIVER_R180__PINV_R180__g0p14_drc/PAIR__WORDLINEDRIVER_R180__PINV_R180__g0p14.lyrdb
WORDLINEDRIVER,R180,PINV,MX,0.0,False,0,False,False,False,True,,outputs/PROJECT_decoder_gate_abutment_matrix/_pair_trials/PAIR__WORDLINEDRIVER_R180__PINV_MX__g0p0.gds,2178c05298e52f6018bd6c635c9754f0aee0444be72215c981ac56f869eb44da,outputs/PROJECT_decoder_gate_abutment_matrix/_pair_trials/PAIR__WORDLINEDRIVER_R180__PINV_MX__g0p0_drc/PAIR__WORDLINEDRIVER_R180__PINV_MX__g0p0.lyrdb
WORDLINEDRIVER,R180,PINV,MX,0.0025,False,0,False,False,False,True,,outputs/PROJECT_decoder_gate_abutment_matrix/_pair_trials/PAIR__WORDLINEDRIVER_R180__PINV_MX__g0p0025.gds,7f64a7da522677231e622b95777b312e947fdc0c18ad4df7db18f126ee0ac2c2,outputs/PROJECT_decoder_gate_abutment_matrix/_pair_trials/PAIR__WORDLINEDRIVER_R180__PINV_MX__g0p0025_drc/PAIR__WORDLINEDRIVER_R180__PINV_MX__g0p0025.lyrdb
WORDLINEDRIVER,R180,PINV,MX,0.07,False,0,False,False,False,True,,outputs/PROJECT_decoder_gate_abutment_matrix/_pair_trials/PAIR__WORDLINEDRIVER_R180__PINV_MX__g0p07.gds,59d3c1118431cf3fa0bae3473915fd2ad63469d0cab8faff2764a1af25703c0e,outputs/PROJECT_decoder_gate_abutment_matrix/_pair_trials/PAIR__WORDLINEDRIVER_R180__PINV_MX__g0p07_drc/PAIR__WORDLINEDRIVER_R180__PINV_MX__g0p07.lyrdb
WORDLINEDRIVER,R180,PINV,MX,0.14,False,0,False,False,False,True,,outputs/PROJECT_decoder_gate_abutment_matrix/_pair_trials/PAIR__WORDLINEDRIVER_R180__PINV_MX__g0p14.gds,2c8198545cf1c11bbde9ec74028cfcd313de348a34277cedb105faab43c40ac5,outputs/PROJECT_decoder_gate_abutment_matrix/_pair_trials/PAIR__WORDLINEDRIVER_R180__PINV_MX__g0p14_drc/PAIR__WORDLINEDRIVER_R180__PINV_MX__g0p14.lyrdb
WORDLINEDRIVER,R180,PINV,MY,0.0,True,0,False,True,False,True,,outputs/PROJECT_decoder_gate_abutment_matrix/_pair_trials/PAIR__WORDLINEDRIVER_R180__PINV_MY__g0p0.gds,3bcebe1b92309335681a40f57ff2f709c4f8124abab33a2d6d457ce92be59ced,outputs/PROJECT_decoder_gate_abutment_matrix/_pair_trials/PAIR__WORDLINEDRIVER_R180__PINV_MY__g0p0_drc/PAIR__WORDLINEDRIVER_R180__PINV_MY__g0p0.lyrdb
WORDLINEDRIVER,R180,PINV,MY,0.0025,True,0,False,True,False,True,,outputs/PROJECT_decoder_gate_abutment_matrix/_pair_trials/PAIR__WORDLINEDRIVER_R180__PINV_MY__g0p0025.gds,ef7794ca44ec1852d5a89181d98d9d4fef7cc62a11a2038de66a69b106eaf5d4,outputs/PROJECT_decoder_gate_abutment_matrix/_pair_trials/PAIR__WORDLINEDRIVER_R180__PINV_MY__g0p0025_drc/PAIR__WORDLINEDRIVER_R180__PINV_MY__g0p0025.lyrdb
WORDLINEDRIVER,R180,PINV,MY,0.07,True,0,False,True,False,True,,outputs/PROJECT_decoder_gate_abutment_matrix/_pair_trials/PAIR__WORDLINEDRIVER_R180__PINV_MY__g0p07.gds,05fc34e5545060d8a689f3c5e460673d444d0648e1f8262221ee0d9ac4e1a9d7,outputs/PROJECT_decoder_gate_abutment_matrix/_pair_trials/PAIR__WORDLINEDRIVER_R180__PINV_MY__g0p07_drc/PAIR__WORDLINEDRIVER_R180__PINV_MY__g0p07.lyrdb
WORDLINEDRIVER,R180,PINV,MY,0.14,True,0,False,True,False,True,,outputs/PROJECT_decoder_gate_abutment_matrix/_pair_trials/PAIR__WORDLINEDRIVER_R180__PINV_MY__g0p14.gds,7eabc4de6feed8411093b2441a928e8d328004728a0ee8a8a21f8c4051e8f891,outputs/PROJECT_decoder_gate_abutment_matrix/_pair_trials/PAIR__WORDLINEDRIVER_R180__PINV_MY__g0p14_drc/PAIR__WORDLINEDRIVER_R180__PINV_MY__g0p14.lyrdb
WORDLINEDRIVER,R180,PNAND2,R0,0.0,True,0,False,True,False,True,,outputs/PROJECT_decoder_gate_abutment_matrix/_pair_trials/PAIR__WORDLINEDRIVER_R180__PNAND2_R0__g0p0.gds,8c48057df6005a40b33ec505ce2fe25e69b4127ff769ee37fe01d442d2abd66c,outputs/PROJECT_decoder_gate_abutment_matrix/_pair_trials/PAIR__WORDLINEDRIVER_R180__PNAND2_R0__g0p0_drc/PAIR__WORDLINEDRIVER_R180__PNAND2_R0__g0p0.lyrdb
WORDLINEDRIVER,R180,PNAND2,R0,0.0025,True,0,False,True,False,True,,outputs/PROJECT_decoder_gate_abutment_matrix/_pair_trials/PAIR__WORDLINEDRIVER_R180__PNAND2_R0__g0p0025.gds,b6468e7c78032009ddc4bb7fd41e9fcfb239e8ccb64ce3e5798bf9a588cd84a0,outputs/PROJECT_decoder_gate_abutment_matrix/_pair_trials/PAIR__WORDLINEDRIVER_R180__PNAND2_R0__g0p0025_drc/PAIR__WORDLINEDRIVER_R180__PNAND2_R0__g0p0025.lyrdb
WORDLINEDRIVER,R180,PNAND2,R0,0.07,True,0,False,True,False,True,,outputs/PROJECT_decoder_gate_abutment_matrix/_pair_trials/PAIR__WORDLINEDRIVER_R180__PNAND2_R0__g0p07.gds,1b3d204303e99aca21f71cd3d8e1b25f88f5d12936fc5141dafe8a741cbe20a5,outputs/PROJECT_decoder_gate_abutment_matrix/_pair_trials/PAIR__WORDLINEDRIVER_R180__PNAND2_R0__g0p07_drc/PAIR__WORDLINEDRIVER_R180__PNAND2_R0__g0p07.lyrdb
WORDLINEDRIVER,R180,PNAND2,R0,0.14,True,0,False,True,False,True,,outputs/PROJECT_decoder_gate_abutment_matrix/_pair_trials/PAIR__WORDLINEDRIVER_R180__PNAND2_R0__g0p14.gds,db4b5d68d113ed0f5328f68fa46fc854029f0c7fe833809bae40c40d347bda8f,outputs/PROJECT_decoder_gate_abutment_matrix/_pair_trials/PAIR__WORDLINEDRIVER_R180__PNAND2_R0__g0p14_drc/PAIR__WORDLINEDRIVER_R180__PNAND2_R0__g0p14.lyrdb
WORDLINEDRIVER,R180,PNAND2,R180,0.0,True,0,False,True,False,True,,outputs/PROJECT_decoder_gate_abutment_matrix/_pair_trials/PAIR__WORDLINEDRIVER_R180__PNAND2_R180__g0p0.gds,1671b6ca96085b26bc2ce1ac07762d3603ea508ac67d2f80db1a0d38826e044d,outputs/PROJECT_decoder_gate_abutment_matrix/_pair_trials/PAIR__WORDLINEDRIVER_R180__PNAND2_R180__g0p0_drc/PAIR__WORDLINEDRIVER_R180__PNAND2_R180__g0p0.lyrdb
WORDLINEDRIVER,R180,PNAND2,R180,0.0025,True,0,False,True,False,True,,outputs/PROJECT_decoder_gate_abutment_matrix/_pair_trials/PAIR__WORDLINEDRIVER_R180__PNAND2_R180__g0p0025.gds,0ecc5eeeba97e8ffd9ad972ab92305966b503fc4515da349658d3a3c3a2f0fce,outputs/PROJECT_decoder_gate_abutment_matrix/_pair_trials/PAIR__WORDLINEDRIVER_R180__PNAND2_R180__g0p0025_drc/PAIR__WORDLINEDRIVER_R180__PNAND2_R180__g0p0025.lyrdb
WORDLINEDRIVER,R180,PNAND2,R180,0.07,True,0,False,True,False,True,,outputs/PROJECT_decoder_gate_abutment_matrix/_pair_trials/PAIR__WORDLINEDRIVER_R180__PNAND2_R180__g0p07.gds,d5b19ef848f96ec740a2e4b4a184dd86def4313717dc568dd9800ab2103f2cd6,outputs/PROJECT_decoder_gate_abutment_matrix/_pair_trials/PAIR__WORDLINEDRIVER_R180__PNAND2_R180__g0p07_drc/PAIR__WORDLINEDRIVER_R180__PNAND2_R180__g0p07.lyrdb
WORDLINEDRIVER,R180,PNAND2,R180,0.14,True,0,False,True,False,True,,outputs/PROJECT_decoder_gate_abutment_matrix/_pair_trials/PAIR__WORDLINEDRIVER_R180__PNAND2_R180__g0p14.gds,2711d792610ef6efb21401aa3c299fd6547035dfa9c7a6b3e91d859a29d656b8,outputs/PROJECT_decoder_gate_abutment_matrix/_pair_trials/PAIR__WORDLINEDRIVER_R180__PNAND2_R180__g0p14_drc/PAIR__WORDLINEDRIVER_R180__PNAND2_R180__g0p14.lyrdb
WORDLINEDRIVER,R180,PNAND2,MX,0.0,False,0,False,False,False,True,,outputs/PROJECT_decoder_gate_abutment_matrix/_pair_trials/PAIR__WORDLINEDRIVER_R180__PNAND2_MX__g0p0.gds,2db78e44b1e1a7026482143382c3a1e6a64afda133ae8102ff1cae37d226caaa,outputs/PROJECT_decoder_gate_abutment_matrix/_pair_trials/PAIR__WORDLINEDRIVER_R180__PNAND2_MX__g0p0_drc/PAIR__WORDLINEDRIVER_R180__PNAND2_MX__g0p0.lyrdb
WORDLINEDRIVER,R180,PNAND2,MX,0.0025,False,0,False,False,False,True,,outputs/PROJECT_decoder_gate_abutment_matrix/_pair_trials/PAIR__WORDLINEDRIVER_R180__PNAND2_MX__g0p0025.gds,7d123562400453b5ff10a1c8864a1b01fab6ed5e5a6e873b9fbd357e78d6269d,outputs/PROJECT_decoder_gate_abutment_matrix/_pair_trials/PAIR__WORDLINEDRIVER_R180__PNAND2_MX__g0p0025_drc/PAIR__WORDLINEDRIVER_R180__PNAND2_MX__g0p0025.lyrdb
WORDLINEDRIVER,R180,PNAND2,MX,0.07,False,0,False,False,False,True,,outputs/PROJECT_decoder_gate_abutment_matrix/_pair_trials/PAIR__WORDLINEDRIVER_R180__PNAND2_MX__g0p07.gds,9679f93b7bf58087ca569a1181b8c89bc9c37ae79a659a648f9abcab390f4fb5,outputs/PROJECT_decoder_gate_abutment_matrix/_pair_trials/PAIR__WORDLINEDRIVER_R180__PNAND2_MX__g0p07_drc/PAIR__WORDLINEDRIVER_R180__PNAND2_MX__g0p07.lyrdb
WORDLINEDRIVER,R180,PNAND2,MX,0.14,False,0,False,False,False,True,,outputs/PROJECT_decoder_gate_abutment_matrix/_pair_trials/PAIR__WORDLINEDRIVER_R180__PNAND2_MX__g0p14.gds,7b1053d32736e8baf3277ea115880ea2bdf8752677b3b692eb3cb35aaf8b1709,outputs/PROJECT_decoder_gate_abutment_matrix/_pair_trials/PAIR__WORDLINEDRIVER_R180__PNAND2_MX__g0p14_drc/PAIR__WORDLINEDRIVER_R180__PNAND2_MX__g0p14.lyrdb
WORDLINEDRIVER,R180,PNAND2,MY,0.0,True,0,False,True,False,True,,outputs/PROJECT_decoder_gate_abutment_matrix/_pair_trials/PAIR__WORDLINEDRIVER_R180__PNAND2_MY__g0p0.gds,6101f0da888aea4a075fff9574d5a5848e97fd06872a28ed27e93e56e8d254e2,outputs/PROJECT_decoder_gate_abutment_matrix/_pair_trials/PAIR__WORDLINEDRIVER_R180__PNAND2_MY__g0p0_drc/PAIR__WORDLINEDRIVER_R180__PNAND2_MY__g0p0.lyrdb
WORDLINEDRIVER,R180,PNAND2,MY,0.0025,True,0,False,True,False,True,,outputs/PROJECT_decoder_gate_abutment_matrix/_pair_trials/PAIR__WORDLINEDRIVER_R180__PNAND2_MY__g0p0025.gds,a18f14fdd6619920cef570f6ae3cc55d0b60421dc8915975e505746394d5b04d,outputs/PROJECT_decoder_gate_abutment_matrix/_pair_trials/PAIR__WORDLINEDRIVER_R180__PNAND2_MY__g0p0025_drc/PAIR__WORDLINEDRIVER_R180__PNAND2_MY__g0p0025.lyrdb
WORDLINEDRIVER,R180,PNAND2,MY,0.07,True,0,False,True,False,True,,outputs/PROJECT_decoder_gate_abutment_matrix/_pair_trials/PAIR__WORDLINEDRIVER_R180__PNAND2_MY__g0p07.gds,c58bd63d0c9a9a85799784cc6892ad53ff42b745e509d9d72200b0d6eecf881d,outputs/PROJECT_decoder_gate_abutment_matrix/_pair_trials/PAIR__WORDLINEDRIVER_R180__PNAND2_MY__g0p07_drc/PAIR__WORDLINEDRIVER_R180__PNAND2_MY__g0p07.lyrdb
WORDLINEDRIVER,R180,PNAND2,MY,0.14,True,0,False,True,False,True,,outputs/PROJECT_decoder_gate_abutment_matrix/_pair_trials/PAIR__WORDLINEDRIVER_R180__PNAND2_MY__g0p14.gds,60946e021bbdd61c46dde93de4a9285d8bc25902f4c8e2f9f4354e61407a60cb,outputs/PROJECT_decoder_gate_abutment_matrix/_pair_trials/PAIR__WORDLINEDRIVER_R180__PNAND2_MY__g0p14_drc/PAIR__WORDLINEDRIVER_R180__PNAND2_MY__g0p14.lyrdb
WORDLINEDRIVER,R180,PNAND3,R0,0.0,True,0,False,True,False,True,,outputs/PROJECT_decoder_gate_abutment_matrix/_pair_trials/PAIR__WORDLINEDRIVER_R180__PNAND3_R0__g0p0.gds,a628507d92cdba142ce48ad9ed0b72ad58519092948deb6dc25b56e0db4a8628,outputs/PROJECT_decoder_gate_abutment_matrix/_pair_trials/PAIR__WORDLINEDRIVER_R180__PNAND3_R0__g0p0_drc/PAIR__WORDLINEDRIVER_R180__PNAND3_R0__g0p0.lyrdb
WORDLINEDRIVER,R180,PNAND3,R0,0.0025,True,0,False,True,False,True,,outputs/PROJECT_decoder_gate_abutment_matrix/_pair_trials/PAIR__WORDLINEDRIVER_R180__PNAND3_R0__g0p0025.gds,d9a24754831f4506e160afcea31f9559be8af8482d32a1320310a9828f1e3339,outputs/PROJECT_decoder_gate_abutment_matrix/_pair_trials/PAIR__WORDLINEDRIVER_R180__PNAND3_R0__g0p0025_drc/PAIR__WORDLINEDRIVER_R180__PNAND3_R0__g0p0025.lyrdb
WORDLINEDRIVER,R180,PNAND3,R0,0.07,True,0,False,True,False,True,,outputs/PROJECT_decoder_gate_abutment_matrix/_pair_trials/PAIR__WORDLINEDRIVER_R180__PNAND3_R0__g0p07.gds,7d3c552e1147f492632fd7a2554c1c5009058cb35d8fe0ad9e94c0357180bc94,outputs/PROJECT_decoder_gate_abutment_matrix/_pair_trials/PAIR__WORDLINEDRIVER_R180__PNAND3_R0__g0p07_drc/PAIR__WORDLINEDRIVER_R180__PNAND3_R0__g0p07.lyrdb
WORDLINEDRIVER,R180,PNAND3,R0,0.14,True,0,False,True,False,True,,outputs/PROJECT_decoder_gate_abutment_matrix/_pair_trials/PAIR__WORDLINEDRIVER_R180__PNAND3_R0__g0p14.gds,80d7c1e0dfdcbc7995bef13d753aae8ab66ee38ab29ffc51b2d4af694f66cf6c,outputs/PROJECT_decoder_gate_abutment_matrix/_pair_trials/PAIR__WORDLINEDRIVER_R180__PNAND3_R0__g0p14_drc/PAIR__WORDLINEDRIVER_R180__PNAND3_R0__g0p14.lyrdb
WORDLINEDRIVER,R180,PNAND3,R180,0.0,True,0,False,True,False,True,,outputs/PROJECT_decoder_gate_abutment_matrix/_pair_trials/PAIR__WORDLINEDRIVER_R180__PNAND3_R180__g0p0.gds,0e1cfec38bed55eda9e3e037348d70a980a8796e03a30b6bd70ed11cb23e59a6,outputs/PROJECT_decoder_gate_abutment_matrix/_pair_trials/PAIR__WORDLINEDRIVER_R180__PNAND3_R180__g0p0_drc/PAIR__WORDLINEDRIVER_R180__PNAND3_R180__g0p0.lyrdb
WORDLINEDRIVER,R180,PNAND3,R180,0.0025,True,0,False,True,False,True,,outputs/PROJECT_decoder_gate_abutment_matrix/_pair_trials/PAIR__WORDLINEDRIVER_R180__PNAND3_R180__g0p0025.gds,367c06c023a953620e862ce82afd63903497d4338af24ab95745f279179f8a2b,outputs/PROJECT_decoder_gate_abutment_matrix/_pair_trials/PAIR__WORDLINEDRIVER_R180__PNAND3_R180__g0p0025_drc/PAIR__WORDLINEDRIVER_R180__PNAND3_R180__g0p0025.lyrdb
WORDLINEDRIVER,R180,PNAND3,R180,0.07,True,0,False,True,False,True,,outputs/PROJECT_decoder_gate_abutment_matrix/_pair_trials/PAIR__WORDLINEDRIVER_R180__PNAND3_R180__g0p07.gds,ecccaf6c8da5aed95edb790c5c5bcfebe2c9d7ffbd0a601240f2fdf769a8449f,outputs/PROJECT_decoder_gate_abutment_matrix/_pair_trials/PAIR__WORDLINEDRIVER_R180__PNAND3_R180__g0p07_drc/PAIR__WORDLINEDRIVER_R180__PNAND3_R180__g0p07.lyrdb
WORDLINEDRIVER,R180,PNAND3,R180,0.14,True,0,False,True,False,True,,outputs/PROJECT_decoder_gate_abutment_matrix/_pair_trials/PAIR__WORDLINEDRIVER_R180__PNAND3_R180__g0p14.gds,eddc036307b026e73ec95ee968654f5dce406c5e95c380dbdb3aac87dd0bb0e8,outputs/PROJECT_decoder_gate_abutment_matrix/_pair_trials/PAIR__WORDLINEDRIVER_R180__PNAND3_R180__g0p14_drc/PAIR__WORDLINEDRIVER_R180__PNAND3_R180__g0p14.lyrdb
WORDLINEDRIVER,R180,PNAND3,MX,0.0,False,0,False,False,False,True,,outputs/PROJECT_decoder_gate_abutment_matrix/_pair_trials/PAIR__WORDLINEDRIVER_R180__PNAND3_MX__g0p0.gds,3e20c825d9c54f1f1a3677d3a89b4684f4b614399acb1f2b8f00ae7e7e556b0e,outputs/PROJECT_decoder_gate_abutment_matrix/_pair_trials/PAIR__WORDLINEDRIVER_R180__PNAND3_MX__g0p0_drc/PAIR__WORDLINEDRIVER_R180__PNAND3_MX__g0p0.lyrdb
WORDLINEDRIVER,R180,PNAND3,MX,0.0025,False,0,False,False,False,True,,outputs/PROJECT_decoder_gate_abutment_matrix/_pair_trials/PAIR__WORDLINEDRIVER_R180__PNAND3_MX__g0p0025.gds,3580bef1aa4c95c3118cb8c5d7b0789fbf4d560d6021bbd60aafa70710eab135,outputs/PROJECT_decoder_gate_abutment_matrix/_pair_trials/PAIR__WORDLINEDRIVER_R180__PNAND3_MX__g0p0025_drc/PAIR__WORDLINEDRIVER_R180__PNAND3_MX__g0p0025.lyrdb
WORDLINEDRIVER,R180,PNAND3,MX,0.07,False,0,False,False,False,True,,outputs/PROJECT_decoder_gate_abutment_matrix/_pair_trials/PAIR__WORDLINEDRIVER_R180__PNAND3_MX__g0p07.gds,606e72e850ed559168a915bdd38997afe0e43fd003ac4b31781f8f7905f3342b,outputs/PROJECT_decoder_gate_abutment_matrix/_pair_trials/PAIR__WORDLINEDRIVER_R180__PNAND3_MX__g0p07_drc/PAIR__WORDLINEDRIVER_R180__PNAND3_MX__g0p07.lyrdb
WORDLINEDRIVER,R180,PNAND3,MX,0.14,False,0,False,False,False,True,,outputs/PROJECT_decoder_gate_abutment_matrix/_pair_trials/PAIR__WORDLINEDRIVER_R180__PNAND3_MX__g0p14.gds,4b203c290ecf9cde2aad13abd3638af78ca143c5138c19021d8e3fda51760f26,outputs/PROJECT_decoder_gate_abutment_matrix/_pair_trials/PAIR__WORDLINEDRIVER_R180__PNAND3_MX__g0p14_drc/PAIR__WORDLINEDRIVER_R180__PNAND3_MX__g0p14.lyrdb
WORDLINEDRIVER,R180,PNAND3,MY,0.0,True,0,False,True,False,True,,outputs/PROJECT_decoder_gate_abutment_matrix/_pair_trials/PAIR__WORDLINEDRIVER_R180__PNAND3_MY__g0p0.gds,250bedb30c14846605ff8b24c9e400c72f0bf522f84d8b17a750b03cdf6e81a4,outputs/PROJECT_decoder_gate_abutment_matrix/_pair_trials/PAIR__WORDLINEDRIVER_R180__PNAND3_MY__g0p0_drc/PAIR__WORDLINEDRIVER_R180__PNAND3_MY__g0p0.lyrdb
WORDLINEDRIVER,R180,PNAND3,MY,0.0025,True,0,False,True,False,True,,outputs/PROJECT_decoder_gate_abutment_matrix/_pair_trials/PAIR__WORDLINEDRIVER_R180__PNAND3_MY__g0p0025.gds,040cb71fc0a651654fe40cfbe36742e298cd659543e7c92e084f86a7e8e5532f,outputs/PROJECT_decoder_gate_abutment_matrix/_pair_trials/PAIR__WORDLINEDRIVER_R180__PNAND3_MY__g0p0025_drc/PAIR__WORDLINEDRIVER_R180__PNAND3_MY__g0p0025.lyrdb
WORDLINEDRIVER,R180,PNAND3,MY,0.07,True,0,False,True,False,True,,outputs/PROJECT_decoder_gate_abutment_matrix/_pair_trials/PAIR__WORDLINEDRIVER_R180__PNAND3_MY__g0p07.gds,d02fd5c700b8553b1c99125ef299f5c8d1481b3c8f9d35058e59637e0c06d284,outputs/PROJECT_decoder_gate_abutment_matrix/_pair_trials/PAIR__WORDLINEDRIVER_R180__PNAND3_MY__g0p07_drc/PAIR__WORDLINEDRIVER_R180__PNAND3_MY__g0p07.lyrdb
WORDLINEDRIVER,R180,PNAND3,MY,0.14,True,0,False,True,False,True,,outputs/PROJECT_decoder_gate_abutment_matrix/_pair_trials/PAIR__WORDLINEDRIVER_R180__PNAND3_MY__g0p14.gds,d9826c02b6aef116d336260715adc36c5e216f4c5724aa1d58a46e8cc493a053,outputs/PROJECT_decoder_gate_abutment_matrix/_pair_trials/PAIR__WORDLINEDRIVER_R180__PNAND3_MY__g0p14_drc/PAIR__WORDLINEDRIVER_R180__PNAND3_MY__g0p14.lyrdb
WORDLINEDRIVER,R180,AND2,R0,0.0,True,0,False,True,False,True,,outputs/PROJECT_decoder_gate_abutment_matrix/_pair_trials/PAIR__WORDLINEDRIVER_R180__AND2_R0__g0p0.gds,18f8950ba29fb75aa6cf9a8255d1a35274e6f7b98ede4a92787abcb43154a10d,outputs/PROJECT_decoder_gate_abutment_matrix/_pair_trials/PAIR__WORDLINEDRIVER_R180__AND2_R0__g0p0_drc/PAIR__WORDLINEDRIVER_R180__AND2_R0__g0p0.lyrdb
WORDLINEDRIVER,R180,AND2,R0,0.0025,True,0,False,True,False,True,,outputs/PROJECT_decoder_gate_abutment_matrix/_pair_trials/PAIR__WORDLINEDRIVER_R180__AND2_R0__g0p0025.gds,aa4ec8391b0b221f39f02c16f5a861129495faf84744e6af82faf49fe77d3415,outputs/PROJECT_decoder_gate_abutment_matrix/_pair_trials/PAIR__WORDLINEDRIVER_R180__AND2_R0__g0p0025_drc/PAIR__WORDLINEDRIVER_R180__AND2_R0__g0p0025.lyrdb
WORDLINEDRIVER,R180,AND2,R0,0.07,True,0,False,True,False,True,,outputs/PROJECT_decoder_gate_abutment_matrix/_pair_trials/PAIR__WORDLINEDRIVER_R180__AND2_R0__g0p07.gds,3b867a4a6ff290bb9f23d775443cc2e346426f45b42c2683cdf5d53e94ba379a,outputs/PROJECT_decoder_gate_abutment_matrix/_pair_trials/PAIR__WORDLINEDRIVER_R180__AND2_R0__g0p07_drc/PAIR__WORDLINEDRIVER_R180__AND2_R0__g0p07.lyrdb
WORDLINEDRIVER,R180,AND2,R0,0.14,True,0,False,True,False,True,,outputs/PROJECT_decoder_gate_abutment_matrix/_pair_trials/PAIR__WORDLINEDRIVER_R180__AND2_R0__g0p14.gds,0208337e10f62d2543106942000ce5c9a058b83312d512696756f787bc529841,outputs/PROJECT_decoder_gate_abutment_matrix/_pair_trials/PAIR__WORDLINEDRIVER_R180__AND2_R0__g0p14_drc/PAIR__WORDLINEDRIVER_R180__AND2_R0__g0p14.lyrdb
WORDLINEDRIVER,R180,AND2,R180,0.0,True,0,False,True,False,True,,outputs/PROJECT_decoder_gate_abutment_matrix/_pair_trials/PAIR__WORDLINEDRIVER_R180__AND2_R180__g0p0.gds,b66a50fb11e6074edd8e1299d8e3bbfb6e10b4fd91d7dcb0c74f0b8ab32223dd,outputs/PROJECT_decoder_gate_abutment_matrix/_pair_trials/PAIR__WORDLINEDRIVER_R180__AND2_R180__g0p0_drc/PAIR__WORDLINEDRIVER_R180__AND2_R180__g0p0.lyrdb
WORDLINEDRIVER,R180,AND2,R180,0.0025,True,0,False,True,False,True,,outputs/PROJECT_decoder_gate_abutment_matrix/_pair_trials/PAIR__WORDLINEDRIVER_R180__AND2_R180__g0p0025.gds,3e720f86c603b4b0b4a4117833afade2b16b5bfdaa0018b94772ced294a07aae,outputs/PROJECT_decoder_gate_abutment_matrix/_pair_trials/PAIR__WORDLINEDRIVER_R180__AND2_R180__g0p0025_drc/PAIR__WORDLINEDRIVER_R180__AND2_R180__g0p0025.lyrdb
WORDLINEDRIVER,R180,AND2,R180,0.07,True,0,False,True,False,True,,outputs/PROJECT_decoder_gate_abutment_matrix/_pair_trials/PAIR__WORDLINEDRIVER_R180__AND2_R180__g0p07.gds,3a0fdd39a689800a693c7f5d6680242023dc6cb478c062da8e21c4ef90230dc9,outputs/PROJECT_decoder_gate_abutment_matrix/_pair_trials/PAIR__WORDLINEDRIVER_R180__AND2_R180__g0p07_drc/PAIR__WORDLINEDRIVER_R180__AND2_R180__g0p07.lyrdb
WORDLINEDRIVER,R180,AND2,R180,0.14,True,0,False,True,False,True,,outputs/PROJECT_decoder_gate_abutment_matrix/_pair_trials/PAIR__WORDLINEDRIVER_R180__AND2_R180__g0p14.gds,1fb9945c141fc392204bb7e5be5ed56b80e8c4ecd9c18d8d666ff7a152f333b1,outputs/PROJECT_decoder_gate_abutment_matrix/_pair_trials/PAIR__WORDLINEDRIVER_R180__AND2_R180__g0p14_drc/PAIR__WORDLINEDRIVER_R180__AND2_R180__g0p14.lyrdb
WORDLINEDRIVER,R180,AND2,MX,0.0,False,0,False,False,False,True,,outputs/PROJECT_decoder_gate_abutment_matrix/_pair_trials/PAIR__WORDLINEDRIVER_R180__AND2_MX__g0p0.gds,d0a677a32ad8f83a6b5dcd2ea82f5d119df8884441385cb4e85b6bdf139196de,outputs/PROJECT_decoder_gate_abutment_matrix/_pair_trials/PAIR__WORDLINEDRIVER_R180__AND2_MX__g0p0_drc/PAIR__WORDLINEDRIVER_R180__AND2_MX__g0p0.lyrdb
WORDLINEDRIVER,R180,AND2,MX,0.0025,False,0,False,False,False,True,,outputs/PROJECT_decoder_gate_abutment_matrix/_pair_trials/PAIR__WORDLINEDRIVER_R180__AND2_MX__g0p0025.gds,a046a60c92523421443bd35ae2bcc5d50fedd793de0a81a2a4085343f9b88148,outputs/PROJECT_decoder_gate_abutment_matrix/_pair_trials/PAIR__WORDLINEDRIVER_R180__AND2_MX__g0p0025_drc/PAIR__WORDLINEDRIVER_R180__AND2_MX__g0p0025.lyrdb
WORDLINEDRIVER,R180,AND2,MX,0.07,False,0,False,False,False,True,,outputs/PROJECT_decoder_gate_abutment_matrix/_pair_trials/PAIR__WORDLINEDRIVER_R180__AND2_MX__g0p07.gds,4ba12cae6db7103d37e7a3dbd9f9aca703de006cd381fabf419a49aaa9e16554,outputs/PROJECT_decoder_gate_abutment_matrix/_pair_trials/PAIR__WORDLINEDRIVER_R180__AND2_MX__g0p07_drc/PAIR__WORDLINEDRIVER_R180__AND2_MX__g0p07.lyrdb
WORDLINEDRIVER,R180,AND2,MX,0.14,False,0,False,False,False,True,,outputs/PROJECT_decoder_gate_abutment_matrix/_pair_trials/PAIR__WORDLINEDRIVER_R180__AND2_MX__g0p14.gds,dc8f829415d236d416a1ebfd76912fe68e4c79a166d363d33915d2a55147ed06,outputs/PROJECT_decoder_gate_abutment_matrix/_pair_trials/PAIR__WORDLINEDRIVER_R180__AND2_MX__g0p14_drc/PAIR__WORDLINEDRIVER_R180__AND2_MX__g0p14.lyrdb
WORDLINEDRIVER,R180,AND2,MY,0.0,True,0,False,True,False,True,,outputs/PROJECT_decoder_gate_abutment_matrix/_pair_trials/PAIR__WORDLINEDRIVER_R180__AND2_MY__g0p0.gds,60328a6c32f9fcdd911badcbc4acf7c49802898551257ad8b3be0ed92e9a4742,outputs/PROJECT_decoder_gate_abutment_matrix/_pair_trials/PAIR__WORDLINEDRIVER_R180__AND2_MY__g0p0_drc/PAIR__WORDLINEDRIVER_R180__AND2_MY__g0p0.lyrdb
WORDLINEDRIVER,R180,AND2,MY,0.0025,True,0,False,True,False,True,,outputs/PROJECT_decoder_gate_abutment_matrix/_pair_trials/PAIR__WORDLINEDRIVER_R180__AND2_MY__g0p0025.gds,28f738a493cf23643e07d08ec019b317b7fc18275421bca917fa63c1a184f30f,outputs/PROJECT_decoder_gate_abutment_matrix/_pair_trials/PAIR__WORDLINEDRIVER_R180__AND2_MY__g0p0025_drc/PAIR__WORDLINEDRIVER_R180__AND2_MY__g0p0025.lyrdb
WORDLINEDRIVER,R180,AND2,MY,0.07,True,0,False,True,False,True,,outputs/PROJECT_decoder_gate_abutment_matrix/_pair_trials/PAIR__WORDLINEDRIVER_R180__AND2_MY__g0p07.gds,9ce1cc2b839b770f5413430d4e7c46951b8ad5c2ec25b0c743eace6170f822a0,outputs/PROJECT_decoder_gate_abutment_matrix/_pair_trials/PAIR__WORDLINEDRIVER_R180__AND2_MY__g0p07_drc/PAIR__WORDLINEDRIVER_R180__AND2_MY__g0p07.lyrdb
WORDLINEDRIVER,R180,AND2,MY,0.14,True,0,False,True,False,True,,outputs/PROJECT_decoder_gate_abutment_matrix/_pair_trials/PAIR__WORDLINEDRIVER_R180__AND2_MY__g0p14.gds,0f138a7ce44618f37a972818c267553b52d8554c3f1f75f8fc852e23ca4f3341,outputs/PROJECT_decoder_gate_abutment_matrix/_pair_trials/PAIR__WORDLINEDRIVER_R180__AND2_MY__g0p14_drc/PAIR__WORDLINEDRIVER_R180__AND2_MY__g0p14.lyrdb
WORDLINEDRIVER,R180,AND3,R0,0.0,True,0,False,True,False,True,,outputs/PROJECT_decoder_gate_abutment_matrix/_pair_trials/PAIR__WORDLINEDRIVER_R180__AND3_R0__g0p0.gds,3a2fe1af6db2a3f68e89857359b583e8b87a82df8c6affcff1521f8770f42aba,outputs/PROJECT_decoder_gate_abutment_matrix/_pair_trials/PAIR__WORDLINEDRIVER_R180__AND3_R0__g0p0_drc/PAIR__WORDLINEDRIVER_R180__AND3_R0__g0p0.lyrdb
WORDLINEDRIVER,R180,AND3,R0,0.0025,True,0,False,True,False,True,,outputs/PROJECT_decoder_gate_abutment_matrix/_pair_trials/PAIR__WORDLINEDRIVER_R180__AND3_R0__g0p0025.gds,8d18384343207520c67cce4ce329c1b8afae0a19aac145c64b1188b866e453ac,outputs/PROJECT_decoder_gate_abutment_matrix/_pair_trials/PAIR__WORDLINEDRIVER_R180__AND3_R0__g0p0025_drc/PAIR__WORDLINEDRIVER_R180__AND3_R0__g0p0025.lyrdb
WORDLINEDRIVER,R180,AND3,R0,0.07,True,0,False,True,False,True,,outputs/PROJECT_decoder_gate_abutment_matrix/_pair_trials/PAIR__WORDLINEDRIVER_R180__AND3_R0__g0p07.gds,e14af08ee037cc753b4e6eded1d085544daddfc2593ca1726da1bdd70f30ab3a,outputs/PROJECT_decoder_gate_abutment_matrix/_pair_trials/PAIR__WORDLINEDRIVER_R180__AND3_R0__g0p07_drc/PAIR__WORDLINEDRIVER_R180__AND3_R0__g0p07.lyrdb
WORDLINEDRIVER,R180,AND3,R0,0.14,True,0,False,True,False,True,,outputs/PROJECT_decoder_gate_abutment_matrix/_pair_trials/PAIR__WORDLINEDRIVER_R180__AND3_R0__g0p14.gds,39e621094de8d98413e513d8f192ab6dc787998633b9f9bf174d20bd9c2ad73d,outputs/PROJECT_decoder_gate_abutment_matrix/_pair_trials/PAIR__WORDLINEDRIVER_R180__AND3_R0__g0p14_drc/PAIR__WORDLINEDRIVER_R180__AND3_R0__g0p14.lyrdb
WORDLINEDRIVER,R180,AND3,R180,0.0,True,1,False,True,True,False,drc_marker_count=1,outputs/PROJECT_decoder_gate_abutment_matrix/_pair_trials/PAIR__WORDLINEDRIVER_R180__AND3_R180__g0p0.gds,af57d85d670c1477a0af92968a16dc8b4c5a8c5ef7c7bda1f4b9ac0fdbd0c611,outputs/PROJECT_decoder_gate_abutment_matrix/_pair_trials/PAIR__WORDLINEDRIVER_R180__AND3_R180__g0p0_drc/PAIR__WORDLINEDRIVER_R180__AND3_R180__g0p0.lyrdb
WORDLINEDRIVER,R180,AND3,R180,0.0025,True,1,False,True,True,False,drc_marker_count=1,outputs/PROJECT_decoder_gate_abutment_matrix/_pair_trials/PAIR__WORDLINEDRIVER_R180__AND3_R180__g0p0025.gds,c9531790d9538dede434d29f20747f1f782e4ef1c286a07fe6937fc568d712f5,outputs/PROJECT_decoder_gate_abutment_matrix/_pair_trials/PAIR__WORDLINEDRIVER_R180__AND3_R180__g0p0025_drc/PAIR__WORDLINEDRIVER_R180__AND3_R180__g0p0025.lyrdb
WORDLINEDRIVER,R180,AND3,R180,0.07,True,1,False,True,True,False,drc_marker_count=1,outputs/PROJECT_decoder_gate_abutment_matrix/_pair_trials/PAIR__WORDLINEDRIVER_R180__AND3_R180__g0p07.gds,8a2ce1d64e985e0ea61750842e9afd27cefa9b0e9f03d837517b13f35837182f,outputs/PROJECT_decoder_gate_abutment_matrix/_pair_trials/PAIR__WORDLINEDRIVER_R180__AND3_R180__g0p07_drc/PAIR__WORDLINEDRIVER_R180__AND3_R180__g0p07.lyrdb
WORDLINEDRIVER,R180,AND3,R180,0.14,True,1,False,True,True,False,drc_marker_count=1,outputs/PROJECT_decoder_gate_abutment_matrix/_pair_trials/PAIR__WORDLINEDRIVER_R180__AND3_R180__g0p14.gds,36e4b136c8c4cf03298e9eb317a6536b18967dfd16fc8f6ef0045b375295f7b7,outputs/PROJECT_decoder_gate_abutment_matrix/_pair_trials/PAIR__WORDLINEDRIVER_R180__AND3_R180__g0p14_drc/PAIR__WORDLINEDRIVER_R180__AND3_R180__g0p14.lyrdb
WORDLINEDRIVER,R180,AND3,MX,0.0,False,0,False,False,False,True,,outputs/PROJECT_decoder_gate_abutment_matrix/_pair_trials/PAIR__WORDLINEDRIVER_R180__AND3_MX__g0p0.gds,53fb43878e88bca0c0685d53faf60ffd363036cd33e158458711be23eb8801d2,outputs/PROJECT_decoder_gate_abutment_matrix/_pair_trials/PAIR__WORDLINEDRIVER_R180__AND3_MX__g0p0_drc/PAIR__WORDLINEDRIVER_R180__AND3_MX__g0p0.lyrdb
WORDLINEDRIVER,R180,AND3,MX,0.0025,False,0,False,False,False,True,,outputs/PROJECT_decoder_gate_abutment_matrix/_pair_trials/PAIR__WORDLINEDRIVER_R180__AND3_MX__g0p0025.gds,33f78f4a7b793d178def088848aa87259526c3ad677189f47633b3a7611120ab,outputs/PROJECT_decoder_gate_abutment_matrix/_pair_trials/PAIR__WORDLINEDRIVER_R180__AND3_MX__g0p0025_drc/PAIR__WORDLINEDRIVER_R180__AND3_MX__g0p0025.lyrdb
WORDLINEDRIVER,R180,AND3,MX,0.07,False,0,False,False,False,True,,outputs/PROJECT_decoder_gate_abutment_matrix/_pair_trials/PAIR__WORDLINEDRIVER_R180__AND3_MX__g0p07.gds,668d53672baad049fbb9615d2e4f2d73da7a6d12636bb22afdbc75e80bd63f80,outputs/PROJECT_decoder_gate_abutment_matrix/_pair_trials/PAIR__WORDLINEDRIVER_R180__AND3_MX__g0p07_drc/PAIR__WORDLINEDRIVER_R180__AND3_MX__g0p07.lyrdb
WORDLINEDRIVER,R180,AND3,MX,0.14,False,0,False,False,False,True,,outputs/PROJECT_decoder_gate_abutment_matrix/_pair_trials/PAIR__WORDLINEDRIVER_R180__AND3_MX__g0p14.gds,32e502050d369ee48a78034c02b621de6a01d07f94f31a2230fabecf925ee04f,outputs/PROJECT_decoder_gate_abutment_matrix/_pair_trials/PAIR__WORDLINEDRIVER_R180__AND3_MX__g0p14_drc/PAIR__WORDLINEDRIVER_R180__AND3_MX__g0p14.lyrdb
WORDLINEDRIVER,R180,AND3,MY,0.0,True,1,False,True,True,False,drc_marker_count=1,outputs/PROJECT_decoder_gate_abutment_matrix/_pair_trials/PAIR__WORDLINEDRIVER_R180__AND3_MY__g0p0.gds,144e3ede106d90b2bbae25986e74aa8117ca8ebd937b58fa232b758dc6e904d2,outputs/PROJECT_decoder_gate_abutment_matrix/_pair_trials/PAIR__WORDLINEDRIVER_R180__AND3_MY__g0p0_drc/PAIR__WORDLINEDRIVER_R180__AND3_MY__g0p0.lyrdb
WORDLINEDRIVER,R180,AND3,MY,0.0025,True,1,False,True,True,False,drc_marker_count=1,outputs/PROJECT_decoder_gate_abutment_matrix/_pair_trials/PAIR__WORDLINEDRIVER_R180__AND3_MY__g0p0025.gds,18ff9bcf20d9ad3a325f11cebeaecde16a8f89314129c137ff85f90330b4a1a1,outputs/PROJECT_decoder_gate_abutment_matrix/_pair_trials/PAIR__WORDLINEDRIVER_R180__AND3_MY__g0p0025_drc/PAIR__WORDLINEDRIVER_R180__AND3_MY__g0p0025.lyrdb
WORDLINEDRIVER,R180,AND3,MY,0.07,True,1,False,True,True,False,drc_marker_count=1,outputs/PROJECT_decoder_gate_abutment_matrix/_pair_trials/PAIR__WORDLINEDRIVER_R180__AND3_MY__g0p07.gds,64a3b7bb735736550e98dffd44f59204d371bd21da06bbc67aac39e47b813d39,outputs/PROJECT_decoder_gate_abutment_matrix/_pair_trials/PAIR__WORDLINEDRIVER_R180__AND3_MY__g0p07_drc/PAIR__WORDLINEDRIVER_R180__AND3_MY__g0p07.lyrdb
WORDLINEDRIVER,R180,AND3,MY,0.14,True,1,False,True,True,False,drc_marker_count=1,outputs/PROJECT_decoder_gate_abutment_matrix/_pair_trials/PAIR__WORDLINEDRIVER_R180__AND3_MY__g0p14.gds,6595feaa1c59a823caa7f6c53eca0c38afc95af931832626599b925d0efd6e8b,outputs/PROJECT_decoder_gate_abutment_matrix/_pair_trials/PAIR__WORDLINEDRIVER_R180__AND3_MY__g0p14_drc/PAIR__WORDLINEDRIVER_R180__AND3_MY__g0p14.lyrdb
WORDLINEDRIVER,R180,WORDLINEDRIVER,R0,0.0,True,0,False,True,False,True,,outputs/PROJECT_decoder_gate_abutment_matrix/_pair_trials/PAIR__WORDLINEDRIVER_R180__WORDLINEDRIVER_R0__g0p0.gds,62be618844fa59afd84179d25997aa3da028ee482627bc30c509a06a6e3867d5,outputs/PROJECT_decoder_gate_abutment_matrix/_pair_trials/PAIR__WORDLINEDRIVER_R180__WORDLINEDRIVER_R0__g0p0_drc/PAIR__WORDLINEDRIVER_R180__WORDLINEDRIVER_R0__g0p0.lyrdb
WORDLINEDRIVER,R180,WORDLINEDRIVER,R0,0.0025,True,0,False,True,False,True,,outputs/PROJECT_decoder_gate_abutment_matrix/_pair_trials/PAIR__WORDLINEDRIVER_R180__WORDLINEDRIVER_R0__g0p0025.gds,15aeb016c72ae996083bd76b15cc8a513b19a9ab00d6a9e2df0a70a47e3031e2,outputs/PROJECT_decoder_gate_abutment_matrix/_pair_trials/PAIR__WORDLINEDRIVER_R180__WORDLINEDRIVER_R0__g0p0025_drc/PAIR__WORDLINEDRIVER_R180__WORDLINEDRIVER_R0__g0p0025.lyrdb
WORDLINEDRIVER,R180,WORDLINEDRIVER,R0,0.07,True,0,False,True,False,True,,outputs/PROJECT_decoder_gate_abutment_matrix/_pair_trials/PAIR__WORDLINEDRIVER_R180__WORDLINEDRIVER_R0__g0p07.gds,fdeba5ad5a29d8a65dcbab77e4e0d78f33d78791dbadada0f8cf756b4491e84d,outputs/PROJECT_decoder_gate_abutment_matrix/_pair_trials/PAIR__WORDLINEDRIVER_R180__WORDLINEDRIVER_R0__g0p07_drc/PAIR__WORDLINEDRIVER_R180__WORDLINEDRIVER_R0__g0p07.lyrdb
WORDLINEDRIVER,R180,WORDLINEDRIVER,R0,0.14,True,0,False,True,False,True,,outputs/PROJECT_decoder_gate_abutment_matrix/_pair_trials/PAIR__WORDLINEDRIVER_R180__WORDLINEDRIVER_R0__g0p14.gds,2c265af0e63853f89e10c47cfed2c71c63b4d255f5021029f7294810a15f019d,outputs/PROJECT_decoder_gate_abutment_matrix/_pair_trials/PAIR__WORDLINEDRIVER_R180__WORDLINEDRIVER_R0__g0p14_drc/PAIR__WORDLINEDRIVER_R180__WORDLINEDRIVER_R0__g0p14.lyrdb
WORDLINEDRIVER,R180,WORDLINEDRIVER,R180,0.0,True,0,False,True,False,True,,outputs/PROJECT_decoder_gate_abutment_matrix/_pair_trials/PAIR__WORDLINEDRIVER_R180__WORDLINEDRIVER_R180__g0p0.gds,d97f8f59d89d6be958210bb4cfba8f4a255dd625dda24e304452a18b34c28f74,outputs/PROJECT_decoder_gate_abutment_matrix/_pair_trials/PAIR__WORDLINEDRIVER_R180__WORDLINEDRIVER_R180__g0p0_drc/PAIR__WORDLINEDRIVER_R180__WORDLINEDRIVER_R180__g0p0.lyrdb
WORDLINEDRIVER,R180,WORDLINEDRIVER,R180,0.0025,True,1,False,True,True,False,drc_marker_count=1,outputs/PROJECT_decoder_gate_abutment_matrix/_pair_trials/PAIR__WORDLINEDRIVER_R180__WORDLINEDRIVER_R180__g0p0025.gds,11c088a859374237c8c82357ea22914af5e388af76f23a21c4433ca040818e58,outputs/PROJECT_decoder_gate_abutment_matrix/_pair_trials/PAIR__WORDLINEDRIVER_R180__WORDLINEDRIVER_R180__g0p0025_drc/PAIR__WORDLINEDRIVER_R180__WORDLINEDRIVER_R180__g0p0025.lyrdb
WORDLINEDRIVER,R180,WORDLINEDRIVER,R180,0.07,True,1,False,True,True,False,drc_marker_count=1,outputs/PROJECT_decoder_gate_abutment_matrix/_pair_trials/PAIR__WORDLINEDRIVER_R180__WORDLINEDRIVER_R180__g0p07.gds,37418bbdf6564480c1d8a1d41b00b46ab3b75a249d9da9fd0529822068387363,outputs/PROJECT_decoder_gate_abutment_matrix/_pair_trials/PAIR__WORDLINEDRIVER_R180__WORDLINEDRIVER_R180__g0p07_drc/PAIR__WORDLINEDRIVER_R180__WORDLINEDRIVER_R180__g0p07.lyrdb
WORDLINEDRIVER,R180,WORDLINEDRIVER,R180,0.14,True,1,False,True,True,False,drc_marker_count=1,outputs/PROJECT_decoder_gate_abutment_matrix/_pair_trials/PAIR__WORDLINEDRIVER_R180__WORDLINEDRIVER_R180__g0p14.gds,0047e5b8c8ff99a912a0aad7f709856c4a77428dafa3ce046c8a99232924a6dd,outputs/PROJECT_decoder_gate_abutment_matrix/_pair_trials/PAIR__WORDLINEDRIVER_R180__WORDLINEDRIVER_R180__g0p14_drc/PAIR__WORDLINEDRIVER_R180__WORDLINEDRIVER_R180__g0p14.lyrdb
WORDLINEDRIVER,R180,WORDLINEDRIVER,MX,0.0,False,0,False,False,False,True,,outputs/PROJECT_decoder_gate_abutment_matrix/_pair_trials/PAIR__WORDLINEDRIVER_R180__WORDLINEDRIVER_MX__g0p0.gds,d0d44cf92715e9978eacbd3d5972d13b48e28e52e82e184800e384296c8ba02a,outputs/PROJECT_decoder_gate_abutment_matrix/_pair_trials/PAIR__WORDLINEDRIVER_R180__WORDLINEDRIVER_MX__g0p0_drc/PAIR__WORDLINEDRIVER_R180__WORDLINEDRIVER_MX__g0p0.lyrdb
WORDLINEDRIVER,R180,WORDLINEDRIVER,MX,0.0025,False,0,False,False,False,True,,outputs/PROJECT_decoder_gate_abutment_matrix/_pair_trials/PAIR__WORDLINEDRIVER_R180__WORDLINEDRIVER_MX__g0p0025.gds,bd60f397499a042f67a693bfed7b52594126fd889f9a20fe61c83f193c0efd61,outputs/PROJECT_decoder_gate_abutment_matrix/_pair_trials/PAIR__WORDLINEDRIVER_R180__WORDLINEDRIVER_MX__g0p0025_drc/PAIR__WORDLINEDRIVER_R180__WORDLINEDRIVER_MX__g0p0025.lyrdb
WORDLINEDRIVER,R180,WORDLINEDRIVER,MX,0.07,False,0,False,False,False,True,,outputs/PROJECT_decoder_gate_abutment_matrix/_pair_trials/PAIR__WORDLINEDRIVER_R180__WORDLINEDRIVER_MX__g0p07.gds,42b17d7b5f5fbcf6ee4bf6d8bb54f2477153abc71286fa88ee413f07e64f6580,outputs/PROJECT_decoder_gate_abutment_matrix/_pair_trials/PAIR__WORDLINEDRIVER_R180__WORDLINEDRIVER_MX__g0p07_drc/PAIR__WORDLINEDRIVER_R180__WORDLINEDRIVER_MX__g0p07.lyrdb
WORDLINEDRIVER,R180,WORDLINEDRIVER,MX,0.14,False,0,False,False,False,True,,outputs/PROJECT_decoder_gate_abutment_matrix/_pair_trials/PAIR__WORDLINEDRIVER_R180__WORDLINEDRIVER_MX__g0p14.gds,5e6c04d7ae00302bc13cca8fee4c400ebe57ea98a6f4b302290b87ddd53cb4af,outputs/PROJECT_decoder_gate_abutment_matrix/_pair_trials/PAIR__WORDLINEDRIVER_R180__WORDLINEDRIVER_MX__g0p14_drc/PAIR__WORDLINEDRIVER_R180__WORDLINEDRIVER_MX__g0p14.lyrdb
WORDLINEDRIVER,R180,WORDLINEDRIVER,MY,0.0,True,0,False,True,False,True,,outputs/PROJECT_decoder_gate_abutment_matrix/_pair_trials/PAIR__WORDLINEDRIVER_R180__WORDLINEDRIVER_MY__g0p0.gds,6b5aae657f164766e89d38b861366f71a249d7b0f688b36e1b785b593549c142,outputs/PROJECT_decoder_gate_abutment_matrix/_pair_trials/PAIR__WORDLINEDRIVER_R180__WORDLINEDRIVER_MY__g0p0_drc/PAIR__WORDLINEDRIVER_R180__WORDLINEDRIVER_MY__g0p0.lyrdb
WORDLINEDRIVER,R180,WORDLINEDRIVER,MY,0.0025,True,1,False,True,True,False,drc_marker_count=1,outputs/PROJECT_decoder_gate_abutment_matrix/_pair_trials/PAIR__WORDLINEDRIVER_R180__WORDLINEDRIVER_MY__g0p0025.gds,2917d880b06d70c7df9f6348cdb6f1a230dd8919197b1fb6b293588601aa5bb4,outputs/PROJECT_decoder_gate_abutment_matrix/_pair_trials/PAIR__WORDLINEDRIVER_R180__WORDLINEDRIVER_MY__g0p0025_drc/PAIR__WORDLINEDRIVER_R180__WORDLINEDRIVER_MY__g0p0025.lyrdb
WORDLINEDRIVER,R180,WORDLINEDRIVER,MY,0.07,True,1,False,True,True,False,drc_marker_count=1,outputs/PROJECT_decoder_gate_abutment_matrix/_pair_trials/PAIR__WORDLINEDRIVER_R180__WORDLINEDRIVER_MY__g0p07.gds,7411c9850b37dab38ec34739f7b02cf91e70c23bef1a23ea7a19b24065c7c4ae,outputs/PROJECT_decoder_gate_abutment_matrix/_pair_trials/PAIR__WORDLINEDRIVER_R180__WORDLINEDRIVER_MY__g0p07_drc/PAIR__WORDLINEDRIVER_R180__WORDLINEDRIVER_MY__g0p07.lyrdb
WORDLINEDRIVER,R180,WORDLINEDRIVER,MY,0.14,True,1,False,True,True,False,drc_marker_count=1,outputs/PROJECT_decoder_gate_abutment_matrix/_pair_trials/PAIR__WORDLINEDRIVER_R180__WORDLINEDRIVER_MY__g0p14.gds,73668a491b99a4f28bc1b6afc73894fd9657300d99c34726b4f9514a6d3d0fc0,outputs/PROJECT_decoder_gate_abutment_matrix/_pair_trials/PAIR__WORDLINEDRIVER_R180__WORDLINEDRIVER_MY__g0p14_drc/PAIR__WORDLINEDRIVER_R180__WORDLINEDRIVER_MY__g0p14.lyrdb
WORDLINEDRIVER,MX,PINV,R0,0.0,False,0,False,False,False,True,,outputs/PROJECT_decoder_gate_abutment_matrix/_pair_trials/PAIR__WORDLINEDRIVER_MX__PINV_R0__g0p0.gds,ed3f34c050bdee812bd5e8682b316e8858c75bd826f60e1092b0ee4ec884d610,outputs/PROJECT_decoder_gate_abutment_matrix/_pair_trials/PAIR__WORDLINEDRIVER_MX__PINV_R0__g0p0_drc/PAIR__WORDLINEDRIVER_MX__PINV_R0__g0p0.lyrdb
WORDLINEDRIVER,MX,PINV,R0,0.0025,False,1,False,False,True,False,drc_marker_count=1,outputs/PROJECT_decoder_gate_abutment_matrix/_pair_trials/PAIR__WORDLINEDRIVER_MX__PINV_R0__g0p0025.gds,905124a41f1401f1341fe89311bc60810b86461bf1f2b3f3c5d409831c9325a9,outputs/PROJECT_decoder_gate_abutment_matrix/_pair_trials/PAIR__WORDLINEDRIVER_MX__PINV_R0__g0p0025_drc/PAIR__WORDLINEDRIVER_MX__PINV_R0__g0p0025.lyrdb
WORDLINEDRIVER,MX,PINV,R0,0.07,False,1,False,False,True,False,drc_marker_count=1,outputs/PROJECT_decoder_gate_abutment_matrix/_pair_trials/PAIR__WORDLINEDRIVER_MX__PINV_R0__g0p07.gds,675aa446918afe19a52ddb1d95bf370073bfc6ddb7968e0c8a5dfd27d70ec896,outputs/PROJECT_decoder_gate_abutment_matrix/_pair_trials/PAIR__WORDLINEDRIVER_MX__PINV_R0__g0p07_drc/PAIR__WORDLINEDRIVER_MX__PINV_R0__g0p07.lyrdb
WORDLINEDRIVER,MX,PINV,R0,0.14,False,1,False,False,True,False,drc_marker_count=1,outputs/PROJECT_decoder_gate_abutment_matrix/_pair_trials/PAIR__WORDLINEDRIVER_MX__PINV_R0__g0p14.gds,ac956dae802ca42f0bb8b6c187d6c050c3b749a089fa44798a042ad7129cb19e,outputs/PROJECT_decoder_gate_abutment_matrix/_pair_trials/PAIR__WORDLINEDRIVER_MX__PINV_R0__g0p14_drc/PAIR__WORDLINEDRIVER_MX__PINV_R0__g0p14.lyrdb
WORDLINEDRIVER,MX,PINV,R180,0.0,False,59,False,False,True,False,drc_marker_count=59,outputs/PROJECT_decoder_gate_abutment_matrix/_pair_trials/PAIR__WORDLINEDRIVER_MX__PINV_R180__g0p0.gds,3681ad888890abf7fb40e82a7bd3fef313f2631f6e685d1a3c62147e5316e250,outputs/PROJECT_decoder_gate_abutment_matrix/_pair_trials/PAIR__WORDLINEDRIVER_MX__PINV_R180__g0p0_drc/PAIR__WORDLINEDRIVER_MX__PINV_R180__g0p0.lyrdb
WORDLINEDRIVER,MX,PINV,R180,0.0025,False,61,False,False,True,False,drc_marker_count=61,outputs/PROJECT_decoder_gate_abutment_matrix/_pair_trials/PAIR__WORDLINEDRIVER_MX__PINV_R180__g0p0025.gds,bf0c052fe865a7be41812dcfcced76bd1a44b66bdd619e258427a7efdfb38a85,outputs/PROJECT_decoder_gate_abutment_matrix/_pair_trials/PAIR__WORDLINEDRIVER_MX__PINV_R180__g0p0025_drc/PAIR__WORDLINEDRIVER_MX__PINV_R180__g0p0025.lyrdb
WORDLINEDRIVER,MX,PINV,R180,0.07,False,43,False,False,True,False,drc_marker_count=43,outputs/PROJECT_decoder_gate_abutment_matrix/_pair_trials/PAIR__WORDLINEDRIVER_MX__PINV_R180__g0p07.gds,a45c196ec9906beb43f2defaf8c4cb4f13a4453f39298678af7ac8a0d41fb800,outputs/PROJECT_decoder_gate_abutment_matrix/_pair_trials/PAIR__WORDLINEDRIVER_MX__PINV_R180__g0p07_drc/PAIR__WORDLINEDRIVER_MX__PINV_R180__g0p07.lyrdb
WORDLINEDRIVER,MX,PINV,R180,0.14,False,66,False,False,True,False,drc_marker_count=66,outputs/PROJECT_decoder_gate_abutment_matrix/_pair_trials/PAIR__WORDLINEDRIVER_MX__PINV_R180__g0p14.gds,2947012a26083235e62287d1762f6105fe9192e3fdb1d23f702246ead6f8d443,outputs/PROJECT_decoder_gate_abutment_matrix/_pair_trials/PAIR__WORDLINEDRIVER_MX__PINV_R180__g0p14_drc/PAIR__WORDLINEDRIVER_MX__PINV_R180__g0p14.lyrdb
WORDLINEDRIVER,MX,PINV,MX,0.0,True,0,False,True,False,True,,outputs/PROJECT_decoder_gate_abutment_matrix/_pair_trials/PAIR__WORDLINEDRIVER_MX__PINV_MX__g0p0.gds,fd77a06a39613962a21253392cd403d027c2fa6aa9d14319bd24e44a6bf1cb40,outputs/PROJECT_decoder_gate_abutment_matrix/_pair_trials/PAIR__WORDLINEDRIVER_MX__PINV_MX__g0p0_drc/PAIR__WORDLINEDRIVER_MX__PINV_MX__g0p0.lyrdb
WORDLINEDRIVER,MX,PINV,MX,0.0025,True,1,False,True,True,False,drc_marker_count=1,outputs/PROJECT_decoder_gate_abutment_matrix/_pair_trials/PAIR__WORDLINEDRIVER_MX__PINV_MX__g0p0025.gds,5dfb679d3feb71b137f4ccd634c716ebe041fe4b87b950a1040d56d14fc2ee90,outputs/PROJECT_decoder_gate_abutment_matrix/_pair_trials/PAIR__WORDLINEDRIVER_MX__PINV_MX__g0p0025_drc/PAIR__WORDLINEDRIVER_MX__PINV_MX__g0p0025.lyrdb
WORDLINEDRIVER,MX,PINV,MX,0.07,True,1,False,True,True,False,drc_marker_count=1,outputs/PROJECT_decoder_gate_abutment_matrix/_pair_trials/PAIR__WORDLINEDRIVER_MX__PINV_MX__g0p07.gds,ea8e9fdf422663a4dd6785ceb0851b8fad3228a7090e437394f3908e844b8a99,outputs/PROJECT_decoder_gate_abutment_matrix/_pair_trials/PAIR__WORDLINEDRIVER_MX__PINV_MX__g0p07_drc/PAIR__WORDLINEDRIVER_MX__PINV_MX__g0p07.lyrdb
WORDLINEDRIVER,MX,PINV,MX,0.14,True,1,False,True,True,False,drc_marker_count=1,outputs/PROJECT_decoder_gate_abutment_matrix/_pair_trials/PAIR__WORDLINEDRIVER_MX__PINV_MX__g0p14.gds,e7d7a402babb438386a227a20bc4c936c8980758768e274a09d762f0bad35fd1,outputs/PROJECT_decoder_gate_abutment_matrix/_pair_trials/PAIR__WORDLINEDRIVER_MX__PINV_MX__g0p14_drc/PAIR__WORDLINEDRIVER_MX__PINV_MX__g0p14.lyrdb
WORDLINEDRIVER,MX,PINV,MY,0.0,False,0,False,False,False,True,,outputs/PROJECT_decoder_gate_abutment_matrix/_pair_trials/PAIR__WORDLINEDRIVER_MX__PINV_MY__g0p0.gds,6e5f8ae631e575ec76133c0a0e7e219f4abda28fcd4de6c4ef50f509e075ad2d,outputs/PROJECT_decoder_gate_abutment_matrix/_pair_trials/PAIR__WORDLINEDRIVER_MX__PINV_MY__g0p0_drc/PAIR__WORDLINEDRIVER_MX__PINV_MY__g0p0.lyrdb
WORDLINEDRIVER,MX,PINV,MY,0.0025,False,0,False,False,False,True,,outputs/PROJECT_decoder_gate_abutment_matrix/_pair_trials/PAIR__WORDLINEDRIVER_MX__PINV_MY__g0p0025.gds,7b0f188791fa69be943168fb2285dd3504a6bb7d75a42c73392397211906e562,outputs/PROJECT_decoder_gate_abutment_matrix/_pair_trials/PAIR__WORDLINEDRIVER_MX__PINV_MY__g0p0025_drc/PAIR__WORDLINEDRIVER_MX__PINV_MY__g0p0025.lyrdb
WORDLINEDRIVER,MX,PINV,MY,0.07,False,0,False,False,False,True,,outputs/PROJECT_decoder_gate_abutment_matrix/_pair_trials/PAIR__WORDLINEDRIVER_MX__PINV_MY__g0p07.gds,f4482c8a04eb7fac349b2c962e1aa67ebfafb66f5601ca530269d568aa268722,outputs/PROJECT_decoder_gate_abutment_matrix/_pair_trials/PAIR__WORDLINEDRIVER_MX__PINV_MY__g0p07_drc/PAIR__WORDLINEDRIVER_MX__PINV_MY__g0p07.lyrdb
WORDLINEDRIVER,MX,PINV,MY,0.14,False,0,False,False,False,True,,outputs/PROJECT_decoder_gate_abutment_matrix/_pair_trials/PAIR__WORDLINEDRIVER_MX__PINV_MY__g0p14.gds,4534d47ada79e6ab2645d177947e86b7b9b9eca8d019a4368b7ccfed4a5435b3,outputs/PROJECT_decoder_gate_abutment_matrix/_pair_trials/PAIR__WORDLINEDRIVER_MX__PINV_MY__g0p14_drc/PAIR__WORDLINEDRIVER_MX__PINV_MY__g0p14.lyrdb
WORDLINEDRIVER,MX,PNAND2,R0,0.0,False,0,False,False,False,True,,outputs/PROJECT_decoder_gate_abutment_matrix/_pair_trials/PAIR__WORDLINEDRIVER_MX__PNAND2_R0__g0p0.gds,dd98932a6eb7425bb207bab228ccc302b4d5466c8ef459dab0c0f02f0af9a3fd,outputs/PROJECT_decoder_gate_abutment_matrix/_pair_trials/PAIR__WORDLINEDRIVER_MX__PNAND2_R0__g0p0_drc/PAIR__WORDLINEDRIVER_MX__PNAND2_R0__g0p0.lyrdb
WORDLINEDRIVER,MX,PNAND2,R0,0.0025,False,1,False,False,True,False,drc_marker_count=1,outputs/PROJECT_decoder_gate_abutment_matrix/_pair_trials/PAIR__WORDLINEDRIVER_MX__PNAND2_R0__g0p0025.gds,1e5e902c302ec60deeccc0499268d087d9e3a35718a9b34850d4a21c5ad33584,outputs/PROJECT_decoder_gate_abutment_matrix/_pair_trials/PAIR__WORDLINEDRIVER_MX__PNAND2_R0__g0p0025_drc/PAIR__WORDLINEDRIVER_MX__PNAND2_R0__g0p0025.lyrdb
WORDLINEDRIVER,MX,PNAND2,R0,0.07,False,1,False,False,True,False,drc_marker_count=1,outputs/PROJECT_decoder_gate_abutment_matrix/_pair_trials/PAIR__WORDLINEDRIVER_MX__PNAND2_R0__g0p07.gds,d81d0632c51e4ace8f3a7f06c619e82f144680601aedcd37aef57b88d57626bc,outputs/PROJECT_decoder_gate_abutment_matrix/_pair_trials/PAIR__WORDLINEDRIVER_MX__PNAND2_R0__g0p07_drc/PAIR__WORDLINEDRIVER_MX__PNAND2_R0__g0p07.lyrdb
WORDLINEDRIVER,MX,PNAND2,R0,0.14,False,1,False,False,True,False,drc_marker_count=1,outputs/PROJECT_decoder_gate_abutment_matrix/_pair_trials/PAIR__WORDLINEDRIVER_MX__PNAND2_R0__g0p14.gds,4d91abb41ade762238d36c334806fbba671cff436632c0c8ccccad74d4b48c45,outputs/PROJECT_decoder_gate_abutment_matrix/_pair_trials/PAIR__WORDLINEDRIVER_MX__PNAND2_R0__g0p14_drc/PAIR__WORDLINEDRIVER_MX__PNAND2_R0__g0p14.lyrdb
WORDLINEDRIVER,MX,PNAND2,R180,0.0,False,71,False,False,True,False,drc_marker_count=71,outputs/PROJECT_decoder_gate_abutment_matrix/_pair_trials/PAIR__WORDLINEDRIVER_MX__PNAND2_R180__g0p0.gds,36295785aeb8ae4766bb08b38ba8a4d5d6bbe5d0827aa6a558cb31f5187bfba5,outputs/PROJECT_decoder_gate_abutment_matrix/_pair_trials/PAIR__WORDLINEDRIVER_MX__PNAND2_R180__g0p0_drc/PAIR__WORDLINEDRIVER_MX__PNAND2_R180__g0p0.lyrdb
WORDLINEDRIVER,MX,PNAND2,R180,0.0025,False,68,False,False,True,False,drc_marker_count=68,outputs/PROJECT_decoder_gate_abutment_matrix/_pair_trials/PAIR__WORDLINEDRIVER_MX__PNAND2_R180__g0p0025.gds,0f75776b60bcec573651fc815fc684e80b7befca2715cc19eee6af0c6ea31c23,outputs/PROJECT_decoder_gate_abutment_matrix/_pair_trials/PAIR__WORDLINEDRIVER_MX__PNAND2_R180__g0p0025_drc/PAIR__WORDLINEDRIVER_MX__PNAND2_R180__g0p0025.lyrdb
WORDLINEDRIVER,MX,PNAND2,R180,0.07,False,44,False,False,True,False,drc_marker_count=44,outputs/PROJECT_decoder_gate_abutment_matrix/_pair_trials/PAIR__WORDLINEDRIVER_MX__PNAND2_R180__g0p07.gds,ab554a7437f983dca1277ab557762ef24a8559560b9925d12c89fb7396b160ba,outputs/PROJECT_decoder_gate_abutment_matrix/_pair_trials/PAIR__WORDLINEDRIVER_MX__PNAND2_R180__g0p07_drc/PAIR__WORDLINEDRIVER_MX__PNAND2_R180__g0p07.lyrdb
WORDLINEDRIVER,MX,PNAND2,R180,0.14,False,68,False,False,True,False,drc_marker_count=68,outputs/PROJECT_decoder_gate_abutment_matrix/_pair_trials/PAIR__WORDLINEDRIVER_MX__PNAND2_R180__g0p14.gds,976a3df508414258b8a0949bb2e100017246cc3ffba3a367a00aa212eb70e00c,outputs/PROJECT_decoder_gate_abutment_matrix/_pair_trials/PAIR__WORDLINEDRIVER_MX__PNAND2_R180__g0p14_drc/PAIR__WORDLINEDRIVER_MX__PNAND2_R180__g0p14.lyrdb
WORDLINEDRIVER,MX,PNAND2,MX,0.0,True,0,False,True,False,True,,outputs/PROJECT_decoder_gate_abutment_matrix/_pair_trials/PAIR__WORDLINEDRIVER_MX__PNAND2_MX__g0p0.gds,a766ad814c2dad0e41b850b1bf331831385eaf08bb15f9148f0d5b97c9a30dde,outputs/PROJECT_decoder_gate_abutment_matrix/_pair_trials/PAIR__WORDLINEDRIVER_MX__PNAND2_MX__g0p0_drc/PAIR__WORDLINEDRIVER_MX__PNAND2_MX__g0p0.lyrdb
WORDLINEDRIVER,MX,PNAND2,MX,0.0025,True,1,False,True,True,False,drc_marker_count=1,outputs/PROJECT_decoder_gate_abutment_matrix/_pair_trials/PAIR__WORDLINEDRIVER_MX__PNAND2_MX__g0p0025.gds,3de02bfacf3aa4141414c590a546c0afb7357a42c163a89a535dc797568ece37,outputs/PROJECT_decoder_gate_abutment_matrix/_pair_trials/PAIR__WORDLINEDRIVER_MX__PNAND2_MX__g0p0025_drc/PAIR__WORDLINEDRIVER_MX__PNAND2_MX__g0p0025.lyrdb
WORDLINEDRIVER,MX,PNAND2,MX,0.07,True,1,False,True,True,False,drc_marker_count=1,outputs/PROJECT_decoder_gate_abutment_matrix/_pair_trials/PAIR__WORDLINEDRIVER_MX__PNAND2_MX__g0p07.gds,917040650011c11d3e2a77315a70ea5f890214161b778e3dbb061cd610245007,outputs/PROJECT_decoder_gate_abutment_matrix/_pair_trials/PAIR__WORDLINEDRIVER_MX__PNAND2_MX__g0p07_drc/PAIR__WORDLINEDRIVER_MX__PNAND2_MX__g0p07.lyrdb
WORDLINEDRIVER,MX,PNAND2,MX,0.14,True,1,False,True,True,False,drc_marker_count=1,outputs/PROJECT_decoder_gate_abutment_matrix/_pair_trials/PAIR__WORDLINEDRIVER_MX__PNAND2_MX__g0p14.gds,4ea6f332b4a6a4d996a6d54690103b522f8bd4330b03959ce734ffcd1eb812de,outputs/PROJECT_decoder_gate_abutment_matrix/_pair_trials/PAIR__WORDLINEDRIVER_MX__PNAND2_MX__g0p14_drc/PAIR__WORDLINEDRIVER_MX__PNAND2_MX__g0p14.lyrdb
WORDLINEDRIVER,MX,PNAND2,MY,0.0,False,0,False,False,False,True,,outputs/PROJECT_decoder_gate_abutment_matrix/_pair_trials/PAIR__WORDLINEDRIVER_MX__PNAND2_MY__g0p0.gds,37990cdfd70ee21f6ac8c8b97cedb110820065497090bd0724f3b13e2c7a32f7,outputs/PROJECT_decoder_gate_abutment_matrix/_pair_trials/PAIR__WORDLINEDRIVER_MX__PNAND2_MY__g0p0_drc/PAIR__WORDLINEDRIVER_MX__PNAND2_MY__g0p0.lyrdb
WORDLINEDRIVER,MX,PNAND2,MY,0.0025,False,0,False,False,False,True,,outputs/PROJECT_decoder_gate_abutment_matrix/_pair_trials/PAIR__WORDLINEDRIVER_MX__PNAND2_MY__g0p0025.gds,4eb57fdeb52d319bb6ccf90b0c420eb86ba8ffaf8f6b882df65af30ff956f4fd,outputs/PROJECT_decoder_gate_abutment_matrix/_pair_trials/PAIR__WORDLINEDRIVER_MX__PNAND2_MY__g0p0025_drc/PAIR__WORDLINEDRIVER_MX__PNAND2_MY__g0p0025.lyrdb
WORDLINEDRIVER,MX,PNAND2,MY,0.07,False,0,False,False,False,True,,outputs/PROJECT_decoder_gate_abutment_matrix/_pair_trials/PAIR__WORDLINEDRIVER_MX__PNAND2_MY__g0p07.gds,7af97b62382b4e9ee64e8fa4fc85421c3ffed92fdebefa93cbc167225031690e,outputs/PROJECT_decoder_gate_abutment_matrix/_pair_trials/PAIR__WORDLINEDRIVER_MX__PNAND2_MY__g0p07_drc/PAIR__WORDLINEDRIVER_MX__PNAND2_MY__g0p07.lyrdb
WORDLINEDRIVER,MX,PNAND2,MY,0.14,False,0,False,False,False,True,,outputs/PROJECT_decoder_gate_abutment_matrix/_pair_trials/PAIR__WORDLINEDRIVER_MX__PNAND2_MY__g0p14.gds,0b9da978664c9b7fb7ea134e169a1b71b225bad73c31cd0beb38ab85ea9e127c,outputs/PROJECT_decoder_gate_abutment_matrix/_pair_trials/PAIR__WORDLINEDRIVER_MX__PNAND2_MY__g0p14_drc/PAIR__WORDLINEDRIVER_MX__PNAND2_MY__g0p14.lyrdb
WORDLINEDRIVER,MX,PNAND3,R0,0.0,False,0,False,False,False,True,,outputs/PROJECT_decoder_gate_abutment_matrix/_pair_trials/PAIR__WORDLINEDRIVER_MX__PNAND3_R0__g0p0.gds,b2246fca3ad9d45de20098c1c944861dbc10b9c3984270c95205674dc5afe5a4,outputs/PROJECT_decoder_gate_abutment_matrix/_pair_trials/PAIR__WORDLINEDRIVER_MX__PNAND3_R0__g0p0_drc/PAIR__WORDLINEDRIVER_MX__PNAND3_R0__g0p0.lyrdb
WORDLINEDRIVER,MX,PNAND3,R0,0.0025,False,1,False,False,True,False,drc_marker_count=1,outputs/PROJECT_decoder_gate_abutment_matrix/_pair_trials/PAIR__WORDLINEDRIVER_MX__PNAND3_R0__g0p0025.gds,f812a8b6b56295c6bede438409dc543fab62bdb2e1f3961ccb0ddbf4621c4f43,outputs/PROJECT_decoder_gate_abutment_matrix/_pair_trials/PAIR__WORDLINEDRIVER_MX__PNAND3_R0__g0p0025_drc/PAIR__WORDLINEDRIVER_MX__PNAND3_R0__g0p0025.lyrdb
WORDLINEDRIVER,MX,PNAND3,R0,0.07,False,1,False,False,True,False,drc_marker_count=1,outputs/PROJECT_decoder_gate_abutment_matrix/_pair_trials/PAIR__WORDLINEDRIVER_MX__PNAND3_R0__g0p07.gds,1b8de6068a6ce07b8211237a48f6eccab76fc6c61a9beed6a713a67b905d6bd7,outputs/PROJECT_decoder_gate_abutment_matrix/_pair_trials/PAIR__WORDLINEDRIVER_MX__PNAND3_R0__g0p07_drc/PAIR__WORDLINEDRIVER_MX__PNAND3_R0__g0p07.lyrdb
WORDLINEDRIVER,MX,PNAND3,R0,0.14,False,1,False,False,True,False,drc_marker_count=1,outputs/PROJECT_decoder_gate_abutment_matrix/_pair_trials/PAIR__WORDLINEDRIVER_MX__PNAND3_R0__g0p14.gds,ec0f4b9096c4e7e51084c862e803c127446a7c5d0149edd18df9152a09ce7c49,outputs/PROJECT_decoder_gate_abutment_matrix/_pair_trials/PAIR__WORDLINEDRIVER_MX__PNAND3_R0__g0p14_drc/PAIR__WORDLINEDRIVER_MX__PNAND3_R0__g0p14.lyrdb
WORDLINEDRIVER,MX,PNAND3,R180,0.0,False,70,False,False,True,False,drc_marker_count=70,outputs/PROJECT_decoder_gate_abutment_matrix/_pair_trials/PAIR__WORDLINEDRIVER_MX__PNAND3_R180__g0p0.gds,98782086c4e0b135630d836db7aabbd21197182d36cfb2281bb639c64f890345,outputs/PROJECT_decoder_gate_abutment_matrix/_pair_trials/PAIR__WORDLINEDRIVER_MX__PNAND3_R180__g0p0_drc/PAIR__WORDLINEDRIVER_MX__PNAND3_R180__g0p0.lyrdb
WORDLINEDRIVER,MX,PNAND3,R180,0.0025,False,66,False,False,True,False,drc_marker_count=66,outputs/PROJECT_decoder_gate_abutment_matrix/_pair_trials/PAIR__WORDLINEDRIVER_MX__PNAND3_R180__g0p0025.gds,78eb79a73b0e6a92169a2911f0c79c87ac1e5dc64443463fd197b935be19b785,outputs/PROJECT_decoder_gate_abutment_matrix/_pair_trials/PAIR__WORDLINEDRIVER_MX__PNAND3_R180__g0p0025_drc/PAIR__WORDLINEDRIVER_MX__PNAND3_R180__g0p0025.lyrdb
WORDLINEDRIVER,MX,PNAND3,R180,0.07,False,37,False,False,True,False,drc_marker_count=37,outputs/PROJECT_decoder_gate_abutment_matrix/_pair_trials/PAIR__WORDLINEDRIVER_MX__PNAND3_R180__g0p07.gds,109a3cd263eaf02bf0659aa7bf4c291256e948de29b5d0ee3bc92d15b57c335b,outputs/PROJECT_decoder_gate_abutment_matrix/_pair_trials/PAIR__WORDLINEDRIVER_MX__PNAND3_R180__g0p07_drc/PAIR__WORDLINEDRIVER_MX__PNAND3_R180__g0p07.lyrdb
WORDLINEDRIVER,MX,PNAND3,R180,0.14,False,51,False,False,True,False,drc_marker_count=51,outputs/PROJECT_decoder_gate_abutment_matrix/_pair_trials/PAIR__WORDLINEDRIVER_MX__PNAND3_R180__g0p14.gds,22e7a8d492ad6224016e657fca6489e131c036107cbf1013d994146bcff41f52,outputs/PROJECT_decoder_gate_abutment_matrix/_pair_trials/PAIR__WORDLINEDRIVER_MX__PNAND3_R180__g0p14_drc/PAIR__WORDLINEDRIVER_MX__PNAND3_R180__g0p14.lyrdb
WORDLINEDRIVER,MX,PNAND3,MX,0.0,True,0,False,True,False,True,,outputs/PROJECT_decoder_gate_abutment_matrix/_pair_trials/PAIR__WORDLINEDRIVER_MX__PNAND3_MX__g0p0.gds,ebbbc4cf31f83b392c0c3427b6bb2de1bdfd605e6a60420dd167a6702281346b,outputs/PROJECT_decoder_gate_abutment_matrix/_pair_trials/PAIR__WORDLINEDRIVER_MX__PNAND3_MX__g0p0_drc/PAIR__WORDLINEDRIVER_MX__PNAND3_MX__g0p0.lyrdb
WORDLINEDRIVER,MX,PNAND3,MX,0.0025,True,1,False,True,True,False,drc_marker_count=1,outputs/PROJECT_decoder_gate_abutment_matrix/_pair_trials/PAIR__WORDLINEDRIVER_MX__PNAND3_MX__g0p0025.gds,d5ab5173defe486247cf261f406c6a25d89c9aa69609c5cb442aede338c74f1e,outputs/PROJECT_decoder_gate_abutment_matrix/_pair_trials/PAIR__WORDLINEDRIVER_MX__PNAND3_MX__g0p0025_drc/PAIR__WORDLINEDRIVER_MX__PNAND3_MX__g0p0025.lyrdb
WORDLINEDRIVER,MX,PNAND3,MX,0.07,True,1,False,True,True,False,drc_marker_count=1,outputs/PROJECT_decoder_gate_abutment_matrix/_pair_trials/PAIR__WORDLINEDRIVER_MX__PNAND3_MX__g0p07.gds,7479391206f9b29c67a4dd1898aa1f499e0959a0b4f04e50966a3f699d477a9b,outputs/PROJECT_decoder_gate_abutment_matrix/_pair_trials/PAIR__WORDLINEDRIVER_MX__PNAND3_MX__g0p07_drc/PAIR__WORDLINEDRIVER_MX__PNAND3_MX__g0p07.lyrdb
WORDLINEDRIVER,MX,PNAND3,MX,0.14,True,1,False,True,True,False,drc_marker_count=1,outputs/PROJECT_decoder_gate_abutment_matrix/_pair_trials/PAIR__WORDLINEDRIVER_MX__PNAND3_MX__g0p14.gds,f9bfc44e209e744244db0aba0c83bce459aee6d4b165801656462c65ef655590,outputs/PROJECT_decoder_gate_abutment_matrix/_pair_trials/PAIR__WORDLINEDRIVER_MX__PNAND3_MX__g0p14_drc/PAIR__WORDLINEDRIVER_MX__PNAND3_MX__g0p14.lyrdb
WORDLINEDRIVER,MX,PNAND3,MY,0.0,False,0,False,False,False,True,,outputs/PROJECT_decoder_gate_abutment_matrix/_pair_trials/PAIR__WORDLINEDRIVER_MX__PNAND3_MY__g0p0.gds,94809026fd70894b2a773f9de47dc3b9675ce8f967746577b9b078530bdaaa1c,outputs/PROJECT_decoder_gate_abutment_matrix/_pair_trials/PAIR__WORDLINEDRIVER_MX__PNAND3_MY__g0p0_drc/PAIR__WORDLINEDRIVER_MX__PNAND3_MY__g0p0.lyrdb
WORDLINEDRIVER,MX,PNAND3,MY,0.0025,False,0,False,False,False,True,,outputs/PROJECT_decoder_gate_abutment_matrix/_pair_trials/PAIR__WORDLINEDRIVER_MX__PNAND3_MY__g0p0025.gds,2ae5e40a5b959adffcd0a32fe9e825b3784f1c17e7c689e41156ec1bd15dc1e2,outputs/PROJECT_decoder_gate_abutment_matrix/_pair_trials/PAIR__WORDLINEDRIVER_MX__PNAND3_MY__g0p0025_drc/PAIR__WORDLINEDRIVER_MX__PNAND3_MY__g0p0025.lyrdb
WORDLINEDRIVER,MX,PNAND3,MY,0.07,False,0,False,False,False,True,,outputs/PROJECT_decoder_gate_abutment_matrix/_pair_trials/PAIR__WORDLINEDRIVER_MX__PNAND3_MY__g0p07.gds,a16765425373bf9b4106f4f8b5ee074a02a4309050e5561ad3a8be496ef05d28,outputs/PROJECT_decoder_gate_abutment_matrix/_pair_trials/PAIR__WORDLINEDRIVER_MX__PNAND3_MY__g0p07_drc/PAIR__WORDLINEDRIVER_MX__PNAND3_MY__g0p07.lyrdb
WORDLINEDRIVER,MX,PNAND3,MY,0.14,False,1,False,False,True,False,drc_marker_count=1,outputs/PROJECT_decoder_gate_abutment_matrix/_pair_trials/PAIR__WORDLINEDRIVER_MX__PNAND3_MY__g0p14.gds,af155290dee50ced769d09aca47fda07e0c31b57368b8b52c9a62d014d7274da,outputs/PROJECT_decoder_gate_abutment_matrix/_pair_trials/PAIR__WORDLINEDRIVER_MX__PNAND3_MY__g0p14_drc/PAIR__WORDLINEDRIVER_MX__PNAND3_MY__g0p14.lyrdb
WORDLINEDRIVER,MX,AND2,R0,0.0,False,0,False,False,False,True,,outputs/PROJECT_decoder_gate_abutment_matrix/_pair_trials/PAIR__WORDLINEDRIVER_MX__AND2_R0__g0p0.gds,78a1a2256ed766895f88f8af5c88871d993c03b7d45e059ecb221da763bea636,outputs/PROJECT_decoder_gate_abutment_matrix/_pair_trials/PAIR__WORDLINEDRIVER_MX__AND2_R0__g0p0_drc/PAIR__WORDLINEDRIVER_MX__AND2_R0__g0p0.lyrdb
WORDLINEDRIVER,MX,AND2,R0,0.0025,False,1,False,False,True,False,drc_marker_count=1,outputs/PROJECT_decoder_gate_abutment_matrix/_pair_trials/PAIR__WORDLINEDRIVER_MX__AND2_R0__g0p0025.gds,000525b4200ab759283a116eed73e133d8dfea53e0086eb797d40277a901d8a7,outputs/PROJECT_decoder_gate_abutment_matrix/_pair_trials/PAIR__WORDLINEDRIVER_MX__AND2_R0__g0p0025_drc/PAIR__WORDLINEDRIVER_MX__AND2_R0__g0p0025.lyrdb
WORDLINEDRIVER,MX,AND2,R0,0.07,False,1,False,False,True,False,drc_marker_count=1,outputs/PROJECT_decoder_gate_abutment_matrix/_pair_trials/PAIR__WORDLINEDRIVER_MX__AND2_R0__g0p07.gds,ea5f0243b61ea441d52943faf5884d0981c55e5539033aa683dfb4e901e51c97,outputs/PROJECT_decoder_gate_abutment_matrix/_pair_trials/PAIR__WORDLINEDRIVER_MX__AND2_R0__g0p07_drc/PAIR__WORDLINEDRIVER_MX__AND2_R0__g0p07.lyrdb
WORDLINEDRIVER,MX,AND2,R0,0.14,False,1,False,False,True,False,drc_marker_count=1,outputs/PROJECT_decoder_gate_abutment_matrix/_pair_trials/PAIR__WORDLINEDRIVER_MX__AND2_R0__g0p14.gds,a20ee2708212a1e77f13e8e48025783d585775de08ae1b391476fc005cfbc84a,outputs/PROJECT_decoder_gate_abutment_matrix/_pair_trials/PAIR__WORDLINEDRIVER_MX__AND2_R0__g0p14_drc/PAIR__WORDLINEDRIVER_MX__AND2_R0__g0p14.lyrdb
WORDLINEDRIVER,MX,AND2,R180,0.0,False,70,False,False,True,False,drc_marker_count=70,outputs/PROJECT_decoder_gate_abutment_matrix/_pair_trials/PAIR__WORDLINEDRIVER_MX__AND2_R180__g0p0.gds,eddcf887091b714f807c94dae793f46679e64e19ff0294f0c0d6f08b00bf679b,outputs/PROJECT_decoder_gate_abutment_matrix/_pair_trials/PAIR__WORDLINEDRIVER_MX__AND2_R180__g0p0_drc/PAIR__WORDLINEDRIVER_MX__AND2_R180__g0p0.lyrdb
WORDLINEDRIVER,MX,AND2,R180,0.0025,False,64,False,False,True,False,drc_marker_count=64,outputs/PROJECT_decoder_gate_abutment_matrix/_pair_trials/PAIR__WORDLINEDRIVER_MX__AND2_R180__g0p0025.gds,ddc97971597d4c565ac50429c5c31ed4df69750c8ca11843693866eeb2a34267,outputs/PROJECT_decoder_gate_abutment_matrix/_pair_trials/PAIR__WORDLINEDRIVER_MX__AND2_R180__g0p0025_drc/PAIR__WORDLINEDRIVER_MX__AND2_R180__g0p0025.lyrdb
WORDLINEDRIVER,MX,AND2,R180,0.07,False,127,False,False,True,False,drc_marker_count=127,outputs/PROJECT_decoder_gate_abutment_matrix/_pair_trials/PAIR__WORDLINEDRIVER_MX__AND2_R180__g0p07.gds,25fba3b8b7e01a6c3dc51866ec00ef10a3fc818a05e260ea53a0772aa70c886e,outputs/PROJECT_decoder_gate_abutment_matrix/_pair_trials/PAIR__WORDLINEDRIVER_MX__AND2_R180__g0p07_drc/PAIR__WORDLINEDRIVER_MX__AND2_R180__g0p07.lyrdb
WORDLINEDRIVER,MX,AND2,R180,0.14,False,90,False,False,True,False,drc_marker_count=90,outputs/PROJECT_decoder_gate_abutment_matrix/_pair_trials/PAIR__WORDLINEDRIVER_MX__AND2_R180__g0p14.gds,322a15d7d108d27092a35b79d909cefa2e78dc01a450503eb15b8cc8faf50162,outputs/PROJECT_decoder_gate_abutment_matrix/_pair_trials/PAIR__WORDLINEDRIVER_MX__AND2_R180__g0p14_drc/PAIR__WORDLINEDRIVER_MX__AND2_R180__g0p14.lyrdb
WORDLINEDRIVER,MX,AND2,MX,0.0,True,0,False,True,False,True,,outputs/PROJECT_decoder_gate_abutment_matrix/_pair_trials/PAIR__WORDLINEDRIVER_MX__AND2_MX__g0p0.gds,5c344e00c70091918841a33dc1c3f080e978e155494049f7697b0203044b3c12,outputs/PROJECT_decoder_gate_abutment_matrix/_pair_trials/PAIR__WORDLINEDRIVER_MX__AND2_MX__g0p0_drc/PAIR__WORDLINEDRIVER_MX__AND2_MX__g0p0.lyrdb
WORDLINEDRIVER,MX,AND2,MX,0.0025,True,1,False,True,True,False,drc_marker_count=1,outputs/PROJECT_decoder_gate_abutment_matrix/_pair_trials/PAIR__WORDLINEDRIVER_MX__AND2_MX__g0p0025.gds,4e65e02b1de982af06f6b4e2860e21a0a9f56b31a6712410270d35d3ea0fd5d0,outputs/PROJECT_decoder_gate_abutment_matrix/_pair_trials/PAIR__WORDLINEDRIVER_MX__AND2_MX__g0p0025_drc/PAIR__WORDLINEDRIVER_MX__AND2_MX__g0p0025.lyrdb
WORDLINEDRIVER,MX,AND2,MX,0.07,True,1,False,True,True,False,drc_marker_count=1,outputs/PROJECT_decoder_gate_abutment_matrix/_pair_trials/PAIR__WORDLINEDRIVER_MX__AND2_MX__g0p07.gds,7ec4659499911acef3d9a4be59ba114d6bd2bc993a8fdc071f6e6f625b8c5150,outputs/PROJECT_decoder_gate_abutment_matrix/_pair_trials/PAIR__WORDLINEDRIVER_MX__AND2_MX__g0p07_drc/PAIR__WORDLINEDRIVER_MX__AND2_MX__g0p07.lyrdb
WORDLINEDRIVER,MX,AND2,MX,0.14,True,1,False,True,True,False,drc_marker_count=1,outputs/PROJECT_decoder_gate_abutment_matrix/_pair_trials/PAIR__WORDLINEDRIVER_MX__AND2_MX__g0p14.gds,a238595dbfa1839fbc60bc8c68ad31a841f77d952b5e83d7caa338452e947549,outputs/PROJECT_decoder_gate_abutment_matrix/_pair_trials/PAIR__WORDLINEDRIVER_MX__AND2_MX__g0p14_drc/PAIR__WORDLINEDRIVER_MX__AND2_MX__g0p14.lyrdb
WORDLINEDRIVER,MX,AND2,MY,0.0,False,0,False,False,False,True,,outputs/PROJECT_decoder_gate_abutment_matrix/_pair_trials/PAIR__WORDLINEDRIVER_MX__AND2_MY__g0p0.gds,e928e7fde622a234d053eb1b422ab7e1ef479211f93259e6ca091535cf79da88,outputs/PROJECT_decoder_gate_abutment_matrix/_pair_trials/PAIR__WORDLINEDRIVER_MX__AND2_MY__g0p0_drc/PAIR__WORDLINEDRIVER_MX__AND2_MY__g0p0.lyrdb
WORDLINEDRIVER,MX,AND2,MY,0.0025,False,0,False,False,False,True,,outputs/PROJECT_decoder_gate_abutment_matrix/_pair_trials/PAIR__WORDLINEDRIVER_MX__AND2_MY__g0p0025.gds,5fe8c8b6e38203256b5855f6c320690359acfca3cbf5d386e9586874f7471c31,outputs/PROJECT_decoder_gate_abutment_matrix/_pair_trials/PAIR__WORDLINEDRIVER_MX__AND2_MY__g0p0025_drc/PAIR__WORDLINEDRIVER_MX__AND2_MY__g0p0025.lyrdb
WORDLINEDRIVER,MX,AND2,MY,0.07,False,0,False,False,False,True,,outputs/PROJECT_decoder_gate_abutment_matrix/_pair_trials/PAIR__WORDLINEDRIVER_MX__AND2_MY__g0p07.gds,c488cba79171117946c57160796b88567dcafe6c2a2e89e5235319e2cd7cf199,outputs/PROJECT_decoder_gate_abutment_matrix/_pair_trials/PAIR__WORDLINEDRIVER_MX__AND2_MY__g0p07_drc/PAIR__WORDLINEDRIVER_MX__AND2_MY__g0p07.lyrdb
WORDLINEDRIVER,MX,AND2,MY,0.14,False,0,False,False,False,True,,outputs/PROJECT_decoder_gate_abutment_matrix/_pair_trials/PAIR__WORDLINEDRIVER_MX__AND2_MY__g0p14.gds,51385c202236c4386f5e164ed2872bd4c9e31ca1f4b241d7c903fec6518887a0,outputs/PROJECT_decoder_gate_abutment_matrix/_pair_trials/PAIR__WORDLINEDRIVER_MX__AND2_MY__g0p14_drc/PAIR__WORDLINEDRIVER_MX__AND2_MY__g0p14.lyrdb
WORDLINEDRIVER,MX,AND3,R0,0.0,False,0,False,False,False,True,,outputs/PROJECT_decoder_gate_abutment_matrix/_pair_trials/PAIR__WORDLINEDRIVER_MX__AND3_R0__g0p0.gds,d127f47e976e0f3918174a3974a53adcf479d1c718a70cf1d7d8f2da78879647,outputs/PROJECT_decoder_gate_abutment_matrix/_pair_trials/PAIR__WORDLINEDRIVER_MX__AND3_R0__g0p0_drc/PAIR__WORDLINEDRIVER_MX__AND3_R0__g0p0.lyrdb
WORDLINEDRIVER,MX,AND3,R0,0.0025,False,1,False,False,True,False,drc_marker_count=1,outputs/PROJECT_decoder_gate_abutment_matrix/_pair_trials/PAIR__WORDLINEDRIVER_MX__AND3_R0__g0p0025.gds,6d31dc7d7f30010bdc0f3ae099f8da29be4b8555245a50a5149af3e41f4e9fff,outputs/PROJECT_decoder_gate_abutment_matrix/_pair_trials/PAIR__WORDLINEDRIVER_MX__AND3_R0__g0p0025_drc/PAIR__WORDLINEDRIVER_MX__AND3_R0__g0p0025.lyrdb
WORDLINEDRIVER,MX,AND3,R0,0.07,False,1,False,False,True,False,drc_marker_count=1,outputs/PROJECT_decoder_gate_abutment_matrix/_pair_trials/PAIR__WORDLINEDRIVER_MX__AND3_R0__g0p07.gds,8c365c3fa89e3ccd778c8116ad78e7013a29e8689af2f0146304f99ffcc40dd9,outputs/PROJECT_decoder_gate_abutment_matrix/_pair_trials/PAIR__WORDLINEDRIVER_MX__AND3_R0__g0p07_drc/PAIR__WORDLINEDRIVER_MX__AND3_R0__g0p07.lyrdb
WORDLINEDRIVER,MX,AND3,R0,0.14,False,1,False,False,True,False,drc_marker_count=1,outputs/PROJECT_decoder_gate_abutment_matrix/_pair_trials/PAIR__WORDLINEDRIVER_MX__AND3_R0__g0p14.gds,59e685788322436963621a7e73656a72874850904d3378a4f4d922758bd09f31,outputs/PROJECT_decoder_gate_abutment_matrix/_pair_trials/PAIR__WORDLINEDRIVER_MX__AND3_R0__g0p14_drc/PAIR__WORDLINEDRIVER_MX__AND3_R0__g0p14.lyrdb
WORDLINEDRIVER,MX,AND3,R180,0.0,False,46,False,False,True,False,drc_marker_count=46,outputs/PROJECT_decoder_gate_abutment_matrix/_pair_trials/PAIR__WORDLINEDRIVER_MX__AND3_R180__g0p0.gds,fb64092c1c960ebfd68677c3db566207fb02906b350316bb684a2084ceb3d420,outputs/PROJECT_decoder_gate_abutment_matrix/_pair_trials/PAIR__WORDLINEDRIVER_MX__AND3_R180__g0p0_drc/PAIR__WORDLINEDRIVER_MX__AND3_R180__g0p0.lyrdb
WORDLINEDRIVER,MX,AND3,R180,0.0025,False,46,False,False,True,False,drc_marker_count=46,outputs/PROJECT_decoder_gate_abutment_matrix/_pair_trials/PAIR__WORDLINEDRIVER_MX__AND3_R180__g0p0025.gds,30a8cd5da852468790ddb510500bb13244566c40fe1a87576d7b05c43d01642a,outputs/PROJECT_decoder_gate_abutment_matrix/_pair_trials/PAIR__WORDLINEDRIVER_MX__AND3_R180__g0p0025_drc/PAIR__WORDLINEDRIVER_MX__AND3_R180__g0p0025.lyrdb
WORDLINEDRIVER,MX,AND3,R180,0.07,False,127,False,False,True,False,drc_marker_count=127,outputs/PROJECT_decoder_gate_abutment_matrix/_pair_trials/PAIR__WORDLINEDRIVER_MX__AND3_R180__g0p07.gds,76ecc68964549bb90220434284bba5db8cca608f9df2eb0808adff11bb90050c,outputs/PROJECT_decoder_gate_abutment_matrix/_pair_trials/PAIR__WORDLINEDRIVER_MX__AND3_R180__g0p07_drc/PAIR__WORDLINEDRIVER_MX__AND3_R180__g0p07.lyrdb
WORDLINEDRIVER,MX,AND3,R180,0.14,False,59,False,False,True,False,drc_marker_count=59,outputs/PROJECT_decoder_gate_abutment_matrix/_pair_trials/PAIR__WORDLINEDRIVER_MX__AND3_R180__g0p14.gds,6fbef76c06615966a09a0d2f952de1748eaca3d5326c9a9d0a1fb4718086f49d,outputs/PROJECT_decoder_gate_abutment_matrix/_pair_trials/PAIR__WORDLINEDRIVER_MX__AND3_R180__g0p14_drc/PAIR__WORDLINEDRIVER_MX__AND3_R180__g0p14.lyrdb
WORDLINEDRIVER,MX,AND3,MX,0.0,True,0,False,True,False,True,,outputs/PROJECT_decoder_gate_abutment_matrix/_pair_trials/PAIR__WORDLINEDRIVER_MX__AND3_MX__g0p0.gds,41e50a00a70ee265edc3779cbc62973af0c973a9b4062c7cb5a5d6f336c11a04,outputs/PROJECT_decoder_gate_abutment_matrix/_pair_trials/PAIR__WORDLINEDRIVER_MX__AND3_MX__g0p0_drc/PAIR__WORDLINEDRIVER_MX__AND3_MX__g0p0.lyrdb
WORDLINEDRIVER,MX,AND3,MX,0.0025,True,1,False,True,True,False,drc_marker_count=1,outputs/PROJECT_decoder_gate_abutment_matrix/_pair_trials/PAIR__WORDLINEDRIVER_MX__AND3_MX__g0p0025.gds,57eb2b891444dc77dd5f898ce28f552ab198e2c8389b40f8ca14743f77cc6f8d,outputs/PROJECT_decoder_gate_abutment_matrix/_pair_trials/PAIR__WORDLINEDRIVER_MX__AND3_MX__g0p0025_drc/PAIR__WORDLINEDRIVER_MX__AND3_MX__g0p0025.lyrdb
WORDLINEDRIVER,MX,AND3,MX,0.07,True,1,False,True,True,False,drc_marker_count=1,outputs/PROJECT_decoder_gate_abutment_matrix/_pair_trials/PAIR__WORDLINEDRIVER_MX__AND3_MX__g0p07.gds,40be486efebe66f942062cecd46b654742fb47b393b3a52f6087631b1affca9c,outputs/PROJECT_decoder_gate_abutment_matrix/_pair_trials/PAIR__WORDLINEDRIVER_MX__AND3_MX__g0p07_drc/PAIR__WORDLINEDRIVER_MX__AND3_MX__g0p07.lyrdb
WORDLINEDRIVER,MX,AND3,MX,0.14,True,1,False,True,True,False,drc_marker_count=1,outputs/PROJECT_decoder_gate_abutment_matrix/_pair_trials/PAIR__WORDLINEDRIVER_MX__AND3_MX__g0p14.gds,be3ceb320d64f8bb134b59e93817d13d1c59979f1eedf67cf0ffa14968516f56,outputs/PROJECT_decoder_gate_abutment_matrix/_pair_trials/PAIR__WORDLINEDRIVER_MX__AND3_MX__g0p14_drc/PAIR__WORDLINEDRIVER_MX__AND3_MX__g0p14.lyrdb
WORDLINEDRIVER,MX,AND3,MY,0.0,False,0,False,False,False,True,,outputs/PROJECT_decoder_gate_abutment_matrix/_pair_trials/PAIR__WORDLINEDRIVER_MX__AND3_MY__g0p0.gds,a308caf06fd861c5e2298873218fe0bc7f8cf45a6ac3e4819c7d48b1a0702a36,outputs/PROJECT_decoder_gate_abutment_matrix/_pair_trials/PAIR__WORDLINEDRIVER_MX__AND3_MY__g0p0_drc/PAIR__WORDLINEDRIVER_MX__AND3_MY__g0p0.lyrdb
WORDLINEDRIVER,MX,AND3,MY,0.0025,False,0,False,False,False,True,,outputs/PROJECT_decoder_gate_abutment_matrix/_pair_trials/PAIR__WORDLINEDRIVER_MX__AND3_MY__g0p0025.gds,01e9e781d2e071ac17cc1539a0e0a6078547dcb6432b0c3a544516054601347e,outputs/PROJECT_decoder_gate_abutment_matrix/_pair_trials/PAIR__WORDLINEDRIVER_MX__AND3_MY__g0p0025_drc/PAIR__WORDLINEDRIVER_MX__AND3_MY__g0p0025.lyrdb
WORDLINEDRIVER,MX,AND3,MY,0.07,False,0,False,False,False,True,,outputs/PROJECT_decoder_gate_abutment_matrix/_pair_trials/PAIR__WORDLINEDRIVER_MX__AND3_MY__g0p07.gds,ce4a44258706880dddd5c85974bbef5fb73e62063bfb81489451a064e6952985,outputs/PROJECT_decoder_gate_abutment_matrix/_pair_trials/PAIR__WORDLINEDRIVER_MX__AND3_MY__g0p07_drc/PAIR__WORDLINEDRIVER_MX__AND3_MY__g0p07.lyrdb
WORDLINEDRIVER,MX,AND3,MY,0.14,False,0,False,False,False,True,,outputs/PROJECT_decoder_gate_abutment_matrix/_pair_trials/PAIR__WORDLINEDRIVER_MX__AND3_MY__g0p14.gds,4c11faf7f49e96c6952f85283600562d12b6866027d582c6863002cf93c199dd,outputs/PROJECT_decoder_gate_abutment_matrix/_pair_trials/PAIR__WORDLINEDRIVER_MX__AND3_MY__g0p14_drc/PAIR__WORDLINEDRIVER_MX__AND3_MY__g0p14.lyrdb
WORDLINEDRIVER,MX,WORDLINEDRIVER,R0,0.0,False,0,False,False,False,True,,outputs/PROJECT_decoder_gate_abutment_matrix/_pair_trials/PAIR__WORDLINEDRIVER_MX__WORDLINEDRIVER_R0__g0p0.gds,5f575a514647b6362a18cfe922cc80328a75c562fb53d95aadaf88682d04e24c,outputs/PROJECT_decoder_gate_abutment_matrix/_pair_trials/PAIR__WORDLINEDRIVER_MX__WORDLINEDRIVER_R0__g0p0_drc/PAIR__WORDLINEDRIVER_MX__WORDLINEDRIVER_R0__g0p0.lyrdb
WORDLINEDRIVER,MX,WORDLINEDRIVER,R0,0.0025,False,1,False,False,True,False,drc_marker_count=1,outputs/PROJECT_decoder_gate_abutment_matrix/_pair_trials/PAIR__WORDLINEDRIVER_MX__WORDLINEDRIVER_R0__g0p0025.gds,820ed13e3cfc9505887a6e909c7679ccb45f5669fb8fb28170daa4c9f9c8dec0,outputs/PROJECT_decoder_gate_abutment_matrix/_pair_trials/PAIR__WORDLINEDRIVER_MX__WORDLINEDRIVER_R0__g0p0025_drc/PAIR__WORDLINEDRIVER_MX__WORDLINEDRIVER_R0__g0p0025.lyrdb
WORDLINEDRIVER,MX,WORDLINEDRIVER,R0,0.07,False,1,False,False,True,False,drc_marker_count=1,outputs/PROJECT_decoder_gate_abutment_matrix/_pair_trials/PAIR__WORDLINEDRIVER_MX__WORDLINEDRIVER_R0__g0p07.gds,9be52307d436979c92d03d25b1af28faa3819d20a115de046d91597805826580,outputs/PROJECT_decoder_gate_abutment_matrix/_pair_trials/PAIR__WORDLINEDRIVER_MX__WORDLINEDRIVER_R0__g0p07_drc/PAIR__WORDLINEDRIVER_MX__WORDLINEDRIVER_R0__g0p07.lyrdb
WORDLINEDRIVER,MX,WORDLINEDRIVER,R0,0.14,False,1,False,False,True,False,drc_marker_count=1,outputs/PROJECT_decoder_gate_abutment_matrix/_pair_trials/PAIR__WORDLINEDRIVER_MX__WORDLINEDRIVER_R0__g0p14.gds,5889f75a9910e96bcf4acdcf8d8fe648093104101d81c664fe1598505d583da7,outputs/PROJECT_decoder_gate_abutment_matrix/_pair_trials/PAIR__WORDLINEDRIVER_MX__WORDLINEDRIVER_R0__g0p14_drc/PAIR__WORDLINEDRIVER_MX__WORDLINEDRIVER_R0__g0p14.lyrdb
WORDLINEDRIVER,MX,WORDLINEDRIVER,R180,0.0,False,39,False,False,True,False,drc_marker_count=39,outputs/PROJECT_decoder_gate_abutment_matrix/_pair_trials/PAIR__WORDLINEDRIVER_MX__WORDLINEDRIVER_R180__g0p0.gds,546e49c16ab2ff7cbee3cb227dea992c49b86b0fcc67459f0a1f8775f3727d6b,outputs/PROJECT_decoder_gate_abutment_matrix/_pair_trials/PAIR__WORDLINEDRIVER_MX__WORDLINEDRIVER_R180__g0p0_drc/PAIR__WORDLINEDRIVER_MX__WORDLINEDRIVER_R180__g0p0.lyrdb
WORDLINEDRIVER,MX,WORDLINEDRIVER,R180,0.0025,False,36,False,False,True,False,drc_marker_count=36,outputs/PROJECT_decoder_gate_abutment_matrix/_pair_trials/PAIR__WORDLINEDRIVER_MX__WORDLINEDRIVER_R180__g0p0025.gds,5e1e5fe5b70065998ae523a89f62279a1e439d12cde522127ef1b5b89765909b,outputs/PROJECT_decoder_gate_abutment_matrix/_pair_trials/PAIR__WORDLINEDRIVER_MX__WORDLINEDRIVER_R180__g0p0025_drc/PAIR__WORDLINEDRIVER_MX__WORDLINEDRIVER_R180__g0p0025.lyrdb
WORDLINEDRIVER,MX,WORDLINEDRIVER,R180,0.07,False,88,False,False,True,False,drc_marker_count=88,outputs/PROJECT_decoder_gate_abutment_matrix/_pair_trials/PAIR__WORDLINEDRIVER_MX__WORDLINEDRIVER_R180__g0p07.gds,b857fa58b0bdfc190047eaef0b1a7de6b2acd1d4694bb67e9ab26c1f2cdaf01d,outputs/PROJECT_decoder_gate_abutment_matrix/_pair_trials/PAIR__WORDLINEDRIVER_MX__WORDLINEDRIVER_R180__g0p07_drc/PAIR__WORDLINEDRIVER_MX__WORDLINEDRIVER_R180__g0p07.lyrdb
WORDLINEDRIVER,MX,WORDLINEDRIVER,R180,0.14,False,37,False,False,True,False,drc_marker_count=37,outputs/PROJECT_decoder_gate_abutment_matrix/_pair_trials/PAIR__WORDLINEDRIVER_MX__WORDLINEDRIVER_R180__g0p14.gds,d9c7214d79da57fb5556f6840c7d3f9976f35a0ee40a9e835121da8ded7280b4,outputs/PROJECT_decoder_gate_abutment_matrix/_pair_trials/PAIR__WORDLINEDRIVER_MX__WORDLINEDRIVER_R180__g0p14_drc/PAIR__WORDLINEDRIVER_MX__WORDLINEDRIVER_R180__g0p14.lyrdb
WORDLINEDRIVER,MX,WORDLINEDRIVER,MX,0.0,True,0,False,True,False,True,,outputs/PROJECT_decoder_gate_abutment_matrix/_pair_trials/PAIR__WORDLINEDRIVER_MX__WORDLINEDRIVER_MX__g0p0.gds,f54af4cbe4dc34108743114972aead91880e892854b0b1d1fb9188444e218432,outputs/PROJECT_decoder_gate_abutment_matrix/_pair_trials/PAIR__WORDLINEDRIVER_MX__WORDLINEDRIVER_MX__g0p0_drc/PAIR__WORDLINEDRIVER_MX__WORDLINEDRIVER_MX__g0p0.lyrdb
WORDLINEDRIVER,MX,WORDLINEDRIVER,MX,0.0025,True,1,False,True,True,False,drc_marker_count=1,outputs/PROJECT_decoder_gate_abutment_matrix/_pair_trials/PAIR__WORDLINEDRIVER_MX__WORDLINEDRIVER_MX__g0p0025.gds,1fccb3bab5251a35d59c66e1aebcd1388e1c654168be0d10822ec9df09d77142,outputs/PROJECT_decoder_gate_abutment_matrix/_pair_trials/PAIR__WORDLINEDRIVER_MX__WORDLINEDRIVER_MX__g0p0025_drc/PAIR__WORDLINEDRIVER_MX__WORDLINEDRIVER_MX__g0p0025.lyrdb
WORDLINEDRIVER,MX,WORDLINEDRIVER,MX,0.07,True,1,False,True,True,False,drc_marker_count=1,outputs/PROJECT_decoder_gate_abutment_matrix/_pair_trials/PAIR__WORDLINEDRIVER_MX__WORDLINEDRIVER_MX__g0p07.gds,3e3a57ad831fd443407c9fb6aefc9999d38b3dd426ef84410ec6dabe7f652fa6,outputs/PROJECT_decoder_gate_abutment_matrix/_pair_trials/PAIR__WORDLINEDRIVER_MX__WORDLINEDRIVER_MX__g0p07_drc/PAIR__WORDLINEDRIVER_MX__WORDLINEDRIVER_MX__g0p07.lyrdb
WORDLINEDRIVER,MX,WORDLINEDRIVER,MX,0.14,True,1,False,True,True,False,drc_marker_count=1,outputs/PROJECT_decoder_gate_abutment_matrix/_pair_trials/PAIR__WORDLINEDRIVER_MX__WORDLINEDRIVER_MX__g0p14.gds,2d79610caf04f7559947d87fd258b0193b054810f20cc4a270530ec432297624,outputs/PROJECT_decoder_gate_abutment_matrix/_pair_trials/PAIR__WORDLINEDRIVER_MX__WORDLINEDRIVER_MX__g0p14_drc/PAIR__WORDLINEDRIVER_MX__WORDLINEDRIVER_MX__g0p14.lyrdb
WORDLINEDRIVER,MX,WORDLINEDRIVER,MY,0.0,False,1,False,False,True,False,drc_marker_count=1,outputs/PROJECT_decoder_gate_abutment_matrix/_pair_trials/PAIR__WORDLINEDRIVER_MX__WORDLINEDRIVER_MY__g0p0.gds,2e7d3378845a84a0fe7c0a9507ec2740da7fa68462f110d68d4501b1a090870d,outputs/PROJECT_decoder_gate_abutment_matrix/_pair_trials/PAIR__WORDLINEDRIVER_MX__WORDLINEDRIVER_MY__g0p0_drc/PAIR__WORDLINEDRIVER_MX__WORDLINEDRIVER_MY__g0p0.lyrdb
WORDLINEDRIVER,MX,WORDLINEDRIVER,MY,0.0025,False,1,False,False,True,False,drc_marker_count=1,outputs/PROJECT_decoder_gate_abutment_matrix/_pair_trials/PAIR__WORDLINEDRIVER_MX__WORDLINEDRIVER_MY__g0p0025.gds,d1d26a04c61cd03e98e2b06f8430c7dc07fb59aa88c794ff66ef7eae878d39fd,outputs/PROJECT_decoder_gate_abutment_matrix/_pair_trials/PAIR__WORDLINEDRIVER_MX__WORDLINEDRIVER_MY__g0p0025_drc/PAIR__WORDLINEDRIVER_MX__WORDLINEDRIVER_MY__g0p0025.lyrdb
WORDLINEDRIVER,MX,WORDLINEDRIVER,MY,0.07,False,0,False,False,False,True,,outputs/PROJECT_decoder_gate_abutment_matrix/_pair_trials/PAIR__WORDLINEDRIVER_MX__WORDLINEDRIVER_MY__g0p07.gds,7f37fca42bc8976877609f3c3dfe6ce78ede5ab7b387799d938225415cc0c2a5,outputs/PROJECT_decoder_gate_abutment_matrix/_pair_trials/PAIR__WORDLINEDRIVER_MX__WORDLINEDRIVER_MY__g0p07_drc/PAIR__WORDLINEDRIVER_MX__WORDLINEDRIVER_MY__g0p07.lyrdb
WORDLINEDRIVER,MX,WORDLINEDRIVER,MY,0.14,False,0,False,False,False,True,,outputs/PROJECT_decoder_gate_abutment_matrix/_pair_trials/PAIR__WORDLINEDRIVER_MX__WORDLINEDRIVER_MY__g0p14.gds,d3a94b681c809d243d4ed2608acf38da338de6b6ed51ba87708b4d0497894304,outputs/PROJECT_decoder_gate_abutment_matrix/_pair_trials/PAIR__WORDLINEDRIVER_MX__WORDLINEDRIVER_MY__g0p14_drc/PAIR__WORDLINEDRIVER_MX__WORDLINEDRIVER_MY__g0p14.lyrdb
WORDLINEDRIVER,MY,PINV,R0,0.0,True,0,False,True,False,True,,outputs/PROJECT_decoder_gate_abutment_matrix/_pair_trials/PAIR__WORDLINEDRIVER_MY__PINV_R0__g0p0.gds,897ed7739f1b4f49895ca5a0760acbd015cd1dbb2e5a6128b07923ad959898ff,outputs/PROJECT_decoder_gate_abutment_matrix/_pair_trials/PAIR__WORDLINEDRIVER_MY__PINV_R0__g0p0_drc/PAIR__WORDLINEDRIVER_MY__PINV_R0__g0p0.lyrdb
WORDLINEDRIVER,MY,PINV,R0,0.0025,True,0,False,True,False,True,,outputs/PROJECT_decoder_gate_abutment_matrix/_pair_trials/PAIR__WORDLINEDRIVER_MY__PINV_R0__g0p0025.gds,3086961fa7de05b5cc944aae495937fc20eddbe52709be661c1d3860ad30dc14,outputs/PROJECT_decoder_gate_abutment_matrix/_pair_trials/PAIR__WORDLINEDRIVER_MY__PINV_R0__g0p0025_drc/PAIR__WORDLINEDRIVER_MY__PINV_R0__g0p0025.lyrdb
WORDLINEDRIVER,MY,PINV,R0,0.07,True,0,False,True,False,True,,outputs/PROJECT_decoder_gate_abutment_matrix/_pair_trials/PAIR__WORDLINEDRIVER_MY__PINV_R0__g0p07.gds,62c0eef89a35a1d8751bc7a282afdc63ee773fc626e288b4e9bdebbb02a025c4,outputs/PROJECT_decoder_gate_abutment_matrix/_pair_trials/PAIR__WORDLINEDRIVER_MY__PINV_R0__g0p07_drc/PAIR__WORDLINEDRIVER_MY__PINV_R0__g0p07.lyrdb
WORDLINEDRIVER,MY,PINV,R0,0.14,True,0,False,True,False,True,,outputs/PROJECT_decoder_gate_abutment_matrix/_pair_trials/PAIR__WORDLINEDRIVER_MY__PINV_R0__g0p14.gds,a503d8e0211c3a163c50a7aaf48d0c38edbd1ddac00b6f6770e80d48e449c543,outputs/PROJECT_decoder_gate_abutment_matrix/_pair_trials/PAIR__WORDLINEDRIVER_MY__PINV_R0__g0p14_drc/PAIR__WORDLINEDRIVER_MY__PINV_R0__g0p14.lyrdb
WORDLINEDRIVER,MY,PINV,R180,0.0,True,0,False,True,False,True,,outputs/PROJECT_decoder_gate_abutment_matrix/_pair_trials/PAIR__WORDLINEDRIVER_MY__PINV_R180__g0p0.gds,ac33d5290be496649e0fc9e57da68d6344e3652cbe202c6cf31c1c87cf87d0b9,outputs/PROJECT_decoder_gate_abutment_matrix/_pair_trials/PAIR__WORDLINEDRIVER_MY__PINV_R180__g0p0_drc/PAIR__WORDLINEDRIVER_MY__PINV_R180__g0p0.lyrdb
WORDLINEDRIVER,MY,PINV,R180,0.0025,True,0,False,True,False,True,,outputs/PROJECT_decoder_gate_abutment_matrix/_pair_trials/PAIR__WORDLINEDRIVER_MY__PINV_R180__g0p0025.gds,09f343d6f49f16b268ef28e6e057dd3b04c7f518b9373db8ecb7b96fdd09c442,outputs/PROJECT_decoder_gate_abutment_matrix/_pair_trials/PAIR__WORDLINEDRIVER_MY__PINV_R180__g0p0025_drc/PAIR__WORDLINEDRIVER_MY__PINV_R180__g0p0025.lyrdb
WORDLINEDRIVER,MY,PINV,R180,0.07,True,0,False,True,False,True,,outputs/PROJECT_decoder_gate_abutment_matrix/_pair_trials/PAIR__WORDLINEDRIVER_MY__PINV_R180__g0p07.gds,3184975ed6ba8e6f76ecef26109546ca8b74168d1756d1904c3017e33d1150e6,outputs/PROJECT_decoder_gate_abutment_matrix/_pair_trials/PAIR__WORDLINEDRIVER_MY__PINV_R180__g0p07_drc/PAIR__WORDLINEDRIVER_MY__PINV_R180__g0p07.lyrdb
WORDLINEDRIVER,MY,PINV,R180,0.14,True,0,False,True,False,True,,outputs/PROJECT_decoder_gate_abutment_matrix/_pair_trials/PAIR__WORDLINEDRIVER_MY__PINV_R180__g0p14.gds,7a43549caf8f540e5c37ceae2311bc74d7891b1f897458ecd8ebb1da5c110cd1,outputs/PROJECT_decoder_gate_abutment_matrix/_pair_trials/PAIR__WORDLINEDRIVER_MY__PINV_R180__g0p14_drc/PAIR__WORDLINEDRIVER_MY__PINV_R180__g0p14.lyrdb
WORDLINEDRIVER,MY,PINV,MX,0.0,False,0,False,False,False,True,,outputs/PROJECT_decoder_gate_abutment_matrix/_pair_trials/PAIR__WORDLINEDRIVER_MY__PINV_MX__g0p0.gds,2804dcb346b72a653851cccd261751306e4a4157da7b2b9af82b513ea903ed51,outputs/PROJECT_decoder_gate_abutment_matrix/_pair_trials/PAIR__WORDLINEDRIVER_MY__PINV_MX__g0p0_drc/PAIR__WORDLINEDRIVER_MY__PINV_MX__g0p0.lyrdb
WORDLINEDRIVER,MY,PINV,MX,0.0025,False,0,False,False,False,True,,outputs/PROJECT_decoder_gate_abutment_matrix/_pair_trials/PAIR__WORDLINEDRIVER_MY__PINV_MX__g0p0025.gds,1c428ed56bb0a270feefb0701453ed49224010ff0e3d2a37513828b98440fcec,outputs/PROJECT_decoder_gate_abutment_matrix/_pair_trials/PAIR__WORDLINEDRIVER_MY__PINV_MX__g0p0025_drc/PAIR__WORDLINEDRIVER_MY__PINV_MX__g0p0025.lyrdb
WORDLINEDRIVER,MY,PINV,MX,0.07,False,0,False,False,False,True,,outputs/PROJECT_decoder_gate_abutment_matrix/_pair_trials/PAIR__WORDLINEDRIVER_MY__PINV_MX__g0p07.gds,f8a6fe05734cb7c0ee3fa49b59dc0a37988bf7d58bde48f24a1632c1a154bfe7,outputs/PROJECT_decoder_gate_abutment_matrix/_pair_trials/PAIR__WORDLINEDRIVER_MY__PINV_MX__g0p07_drc/PAIR__WORDLINEDRIVER_MY__PINV_MX__g0p07.lyrdb
WORDLINEDRIVER,MY,PINV,MX,0.14,False,0,False,False,False,True,,outputs/PROJECT_decoder_gate_abutment_matrix/_pair_trials/PAIR__WORDLINEDRIVER_MY__PINV_MX__g0p14.gds,12cbd7b96f482b96f330e6879bd42a7eb8620d73b7b1965e71a4b2de6f6ee798,outputs/PROJECT_decoder_gate_abutment_matrix/_pair_trials/PAIR__WORDLINEDRIVER_MY__PINV_MX__g0p14_drc/PAIR__WORDLINEDRIVER_MY__PINV_MX__g0p14.lyrdb
WORDLINEDRIVER,MY,PINV,MY,0.0,True,0,False,True,False,True,,outputs/PROJECT_decoder_gate_abutment_matrix/_pair_trials/PAIR__WORDLINEDRIVER_MY__PINV_MY__g0p0.gds,6383e923b82654f13c438d230ffce6acd3055b521a1ed916178af9a7f273a518,outputs/PROJECT_decoder_gate_abutment_matrix/_pair_trials/PAIR__WORDLINEDRIVER_MY__PINV_MY__g0p0_drc/PAIR__WORDLINEDRIVER_MY__PINV_MY__g0p0.lyrdb
WORDLINEDRIVER,MY,PINV,MY,0.0025,True,0,False,True,False,True,,outputs/PROJECT_decoder_gate_abutment_matrix/_pair_trials/PAIR__WORDLINEDRIVER_MY__PINV_MY__g0p0025.gds,664fe9d3cbded27221d2b67a41c7579e4e3de0debd830091d247307d128030f5,outputs/PROJECT_decoder_gate_abutment_matrix/_pair_trials/PAIR__WORDLINEDRIVER_MY__PINV_MY__g0p0025_drc/PAIR__WORDLINEDRIVER_MY__PINV_MY__g0p0025.lyrdb
WORDLINEDRIVER,MY,PINV,MY,0.07,True,0,False,True,False,True,,outputs/PROJECT_decoder_gate_abutment_matrix/_pair_trials/PAIR__WORDLINEDRIVER_MY__PINV_MY__g0p07.gds,1995946c4820a8f9f645aa8efdfce3d5e957ff6bb5a30a10dd918683be3031ff,outputs/PROJECT_decoder_gate_abutment_matrix/_pair_trials/PAIR__WORDLINEDRIVER_MY__PINV_MY__g0p07_drc/PAIR__WORDLINEDRIVER_MY__PINV_MY__g0p07.lyrdb
WORDLINEDRIVER,MY,PINV,MY,0.14,True,0,False,True,False,True,,outputs/PROJECT_decoder_gate_abutment_matrix/_pair_trials/PAIR__WORDLINEDRIVER_MY__PINV_MY__g0p14.gds,07fadd18a84b5f477a222d8e3954035f145b1b91fd60ef8cddf70d4c0c2c0a4c,outputs/PROJECT_decoder_gate_abutment_matrix/_pair_trials/PAIR__WORDLINEDRIVER_MY__PINV_MY__g0p14_drc/PAIR__WORDLINEDRIVER_MY__PINV_MY__g0p14.lyrdb
WORDLINEDRIVER,MY,PNAND2,R0,0.0,True,0,False,True,False,True,,outputs/PROJECT_decoder_gate_abutment_matrix/_pair_trials/PAIR__WORDLINEDRIVER_MY__PNAND2_R0__g0p0.gds,a1050fc12121aa49e50e0321c6947f01b703f42585d052305ec1c55d6d0306a4,outputs/PROJECT_decoder_gate_abutment_matrix/_pair_trials/PAIR__WORDLINEDRIVER_MY__PNAND2_R0__g0p0_drc/PAIR__WORDLINEDRIVER_MY__PNAND2_R0__g0p0.lyrdb
WORDLINEDRIVER,MY,PNAND2,R0,0.0025,True,0,False,True,False,True,,outputs/PROJECT_decoder_gate_abutment_matrix/_pair_trials/PAIR__WORDLINEDRIVER_MY__PNAND2_R0__g0p0025.gds,41301b262d922ee42e9178d08c5bcefe5e582a2924977b555660b69f0725a3b3,outputs/PROJECT_decoder_gate_abutment_matrix/_pair_trials/PAIR__WORDLINEDRIVER_MY__PNAND2_R0__g0p0025_drc/PAIR__WORDLINEDRIVER_MY__PNAND2_R0__g0p0025.lyrdb
WORDLINEDRIVER,MY,PNAND2,R0,0.07,True,0,False,True,False,True,,outputs/PROJECT_decoder_gate_abutment_matrix/_pair_trials/PAIR__WORDLINEDRIVER_MY__PNAND2_R0__g0p07.gds,eaec46082d6dff20c84f9c60412bb52a022ffa4b12f383d8bde903f834c98af4,outputs/PROJECT_decoder_gate_abutment_matrix/_pair_trials/PAIR__WORDLINEDRIVER_MY__PNAND2_R0__g0p07_drc/PAIR__WORDLINEDRIVER_MY__PNAND2_R0__g0p07.lyrdb
WORDLINEDRIVER,MY,PNAND2,R0,0.14,True,0,False,True,False,True,,outputs/PROJECT_decoder_gate_abutment_matrix/_pair_trials/PAIR__WORDLINEDRIVER_MY__PNAND2_R0__g0p14.gds,9d7e299ec02e088881e510af46465559eb93f7e78a5fc6505d43f27991c66cea,outputs/PROJECT_decoder_gate_abutment_matrix/_pair_trials/PAIR__WORDLINEDRIVER_MY__PNAND2_R0__g0p14_drc/PAIR__WORDLINEDRIVER_MY__PNAND2_R0__g0p14.lyrdb
WORDLINEDRIVER,MY,PNAND2,R180,0.0,True,0,False,True,False,True,,outputs/PROJECT_decoder_gate_abutment_matrix/_pair_trials/PAIR__WORDLINEDRIVER_MY__PNAND2_R180__g0p0.gds,507d393d41e7b24e9add90beed82339499961a8f3ce3f582351b1044421df878,outputs/PROJECT_decoder_gate_abutment_matrix/_pair_trials/PAIR__WORDLINEDRIVER_MY__PNAND2_R180__g0p0_drc/PAIR__WORDLINEDRIVER_MY__PNAND2_R180__g0p0.lyrdb
WORDLINEDRIVER,MY,PNAND2,R180,0.0025,True,0,False,True,False,True,,outputs/PROJECT_decoder_gate_abutment_matrix/_pair_trials/PAIR__WORDLINEDRIVER_MY__PNAND2_R180__g0p0025.gds,63b79cec597065799addd1701f5e38750945155bf3aea931e7797600cb131313,outputs/PROJECT_decoder_gate_abutment_matrix/_pair_trials/PAIR__WORDLINEDRIVER_MY__PNAND2_R180__g0p0025_drc/PAIR__WORDLINEDRIVER_MY__PNAND2_R180__g0p0025.lyrdb
WORDLINEDRIVER,MY,PNAND2,R180,0.07,True,0,False,True,False,True,,outputs/PROJECT_decoder_gate_abutment_matrix/_pair_trials/PAIR__WORDLINEDRIVER_MY__PNAND2_R180__g0p07.gds,ff348eb2ec159564283fb47be0fee726337e9ac4c412f3fe3f93331e033eeb2b,outputs/PROJECT_decoder_gate_abutment_matrix/_pair_trials/PAIR__WORDLINEDRIVER_MY__PNAND2_R180__g0p07_drc/PAIR__WORDLINEDRIVER_MY__PNAND2_R180__g0p07.lyrdb
WORDLINEDRIVER,MY,PNAND2,R180,0.14,True,0,False,True,False,True,,outputs/PROJECT_decoder_gate_abutment_matrix/_pair_trials/PAIR__WORDLINEDRIVER_MY__PNAND2_R180__g0p14.gds,ef8791f1820b4a26cdfe3f19a708d7a98ef88d0fc7ad130f2af776b774d8a20c,outputs/PROJECT_decoder_gate_abutment_matrix/_pair_trials/PAIR__WORDLINEDRIVER_MY__PNAND2_R180__g0p14_drc/PAIR__WORDLINEDRIVER_MY__PNAND2_R180__g0p14.lyrdb
WORDLINEDRIVER,MY,PNAND2,MX,0.0,False,0,False,False,False,True,,outputs/PROJECT_decoder_gate_abutment_matrix/_pair_trials/PAIR__WORDLINEDRIVER_MY__PNAND2_MX__g0p0.gds,9355330cdfe3faa5bce42953649a6a33f10ce4ddec729dfaba682b031186e0fc,outputs/PROJECT_decoder_gate_abutment_matrix/_pair_trials/PAIR__WORDLINEDRIVER_MY__PNAND2_MX__g0p0_drc/PAIR__WORDLINEDRIVER_MY__PNAND2_MX__g0p0.lyrdb
WORDLINEDRIVER,MY,PNAND2,MX,0.0025,False,0,False,False,False,True,,outputs/PROJECT_decoder_gate_abutment_matrix/_pair_trials/PAIR__WORDLINEDRIVER_MY__PNAND2_MX__g0p0025.gds,60af23973bc7cb61de9b89598fcb4381d94771a9cfaed403a98ec81620a6b7ee,outputs/PROJECT_decoder_gate_abutment_matrix/_pair_trials/PAIR__WORDLINEDRIVER_MY__PNAND2_MX__g0p0025_drc/PAIR__WORDLINEDRIVER_MY__PNAND2_MX__g0p0025.lyrdb
WORDLINEDRIVER,MY,PNAND2,MX,0.07,False,0,False,False,False,True,,outputs/PROJECT_decoder_gate_abutment_matrix/_pair_trials/PAIR__WORDLINEDRIVER_MY__PNAND2_MX__g0p07.gds,3bf13f0601694388bde146d17c340a2d0e57c8e4a8fb2aa948f138b78606cd9c,outputs/PROJECT_decoder_gate_abutment_matrix/_pair_trials/PAIR__WORDLINEDRIVER_MY__PNAND2_MX__g0p07_drc/PAIR__WORDLINEDRIVER_MY__PNAND2_MX__g0p07.lyrdb
WORDLINEDRIVER,MY,PNAND2,MX,0.14,False,0,False,False,False,True,,outputs/PROJECT_decoder_gate_abutment_matrix/_pair_trials/PAIR__WORDLINEDRIVER_MY__PNAND2_MX__g0p14.gds,d614d74296c81862566ae574f4931e5e8ebf31821382ce2c820c4620fab46e85,outputs/PROJECT_decoder_gate_abutment_matrix/_pair_trials/PAIR__WORDLINEDRIVER_MY__PNAND2_MX__g0p14_drc/PAIR__WORDLINEDRIVER_MY__PNAND2_MX__g0p14.lyrdb
WORDLINEDRIVER,MY,PNAND2,MY,0.0,True,0,False,True,False,True,,outputs/PROJECT_decoder_gate_abutment_matrix/_pair_trials/PAIR__WORDLINEDRIVER_MY__PNAND2_MY__g0p0.gds,53358a854bae25d667e8a7390086153a42b94e5c7840786194de3b1c627e8622,outputs/PROJECT_decoder_gate_abutment_matrix/_pair_trials/PAIR__WORDLINEDRIVER_MY__PNAND2_MY__g0p0_drc/PAIR__WORDLINEDRIVER_MY__PNAND2_MY__g0p0.lyrdb
WORDLINEDRIVER,MY,PNAND2,MY,0.0025,True,0,False,True,False,True,,outputs/PROJECT_decoder_gate_abutment_matrix/_pair_trials/PAIR__WORDLINEDRIVER_MY__PNAND2_MY__g0p0025.gds,361ba36ebf37eea3701b69c84d2f7e8987a6dfc4d11beb63a1d606a967797791,outputs/PROJECT_decoder_gate_abutment_matrix/_pair_trials/PAIR__WORDLINEDRIVER_MY__PNAND2_MY__g0p0025_drc/PAIR__WORDLINEDRIVER_MY__PNAND2_MY__g0p0025.lyrdb
WORDLINEDRIVER,MY,PNAND2,MY,0.07,True,0,False,True,False,True,,outputs/PROJECT_decoder_gate_abutment_matrix/_pair_trials/PAIR__WORDLINEDRIVER_MY__PNAND2_MY__g0p07.gds,99770d0f980b6a899d6a894a99c97bc1516a02f0443f52d3b570b840e80d39b7,outputs/PROJECT_decoder_gate_abutment_matrix/_pair_trials/PAIR__WORDLINEDRIVER_MY__PNAND2_MY__g0p07_drc/PAIR__WORDLINEDRIVER_MY__PNAND2_MY__g0p07.lyrdb
WORDLINEDRIVER,MY,PNAND2,MY,0.14,True,0,False,True,False,True,,outputs/PROJECT_decoder_gate_abutment_matrix/_pair_trials/PAIR__WORDLINEDRIVER_MY__PNAND2_MY__g0p14.gds,d34833e4afde5e05fa04e1f5d938f25f6b24ab82cb68a58e594b3b90f69f8cb0,outputs/PROJECT_decoder_gate_abutment_matrix/_pair_trials/PAIR__WORDLINEDRIVER_MY__PNAND2_MY__g0p14_drc/PAIR__WORDLINEDRIVER_MY__PNAND2_MY__g0p14.lyrdb
WORDLINEDRIVER,MY,PNAND3,R0,0.0,True,0,False,True,False,True,,outputs/PROJECT_decoder_gate_abutment_matrix/_pair_trials/PAIR__WORDLINEDRIVER_MY__PNAND3_R0__g0p0.gds,572b491096df0f3d43d64633c4e28293bf8c1db2c301f8a0eb61e28e6a240088,outputs/PROJECT_decoder_gate_abutment_matrix/_pair_trials/PAIR__WORDLINEDRIVER_MY__PNAND3_R0__g0p0_drc/PAIR__WORDLINEDRIVER_MY__PNAND3_R0__g0p0.lyrdb
WORDLINEDRIVER,MY,PNAND3,R0,0.0025,True,0,False,True,False,True,,outputs/PROJECT_decoder_gate_abutment_matrix/_pair_trials/PAIR__WORDLINEDRIVER_MY__PNAND3_R0__g0p0025.gds,760b7b2f91c75f9cf230ee8d4f0ae15e09a79c3dd4d2ff67e70454507391d222,outputs/PROJECT_decoder_gate_abutment_matrix/_pair_trials/PAIR__WORDLINEDRIVER_MY__PNAND3_R0__g0p0025_drc/PAIR__WORDLINEDRIVER_MY__PNAND3_R0__g0p0025.lyrdb
WORDLINEDRIVER,MY,PNAND3,R0,0.07,True,0,False,True,False,True,,outputs/PROJECT_decoder_gate_abutment_matrix/_pair_trials/PAIR__WORDLINEDRIVER_MY__PNAND3_R0__g0p07.gds,a4f05cb2aa0b63e9c3ff171ef91703e1ab3e5c3375698891bc833802ab1d2060,outputs/PROJECT_decoder_gate_abutment_matrix/_pair_trials/PAIR__WORDLINEDRIVER_MY__PNAND3_R0__g0p07_drc/PAIR__WORDLINEDRIVER_MY__PNAND3_R0__g0p07.lyrdb
WORDLINEDRIVER,MY,PNAND3,R0,0.14,True,0,False,True,False,True,,outputs/PROJECT_decoder_gate_abutment_matrix/_pair_trials/PAIR__WORDLINEDRIVER_MY__PNAND3_R0__g0p14.gds,07353092d1e05d8cad681a180642b6e4a35918e3ad95f1eced2e0a21c666d565,outputs/PROJECT_decoder_gate_abutment_matrix/_pair_trials/PAIR__WORDLINEDRIVER_MY__PNAND3_R0__g0p14_drc/PAIR__WORDLINEDRIVER_MY__PNAND3_R0__g0p14.lyrdb
WORDLINEDRIVER,MY,PNAND3,R180,0.0,True,0,False,True,False,True,,outputs/PROJECT_decoder_gate_abutment_matrix/_pair_trials/PAIR__WORDLINEDRIVER_MY__PNAND3_R180__g0p0.gds,eebba7e24a6ab7a0d1cdb8b4f388bc3384e8476e315b846bbfba2f4da6d09678,outputs/PROJECT_decoder_gate_abutment_matrix/_pair_trials/PAIR__WORDLINEDRIVER_MY__PNAND3_R180__g0p0_drc/PAIR__WORDLINEDRIVER_MY__PNAND3_R180__g0p0.lyrdb
WORDLINEDRIVER,MY,PNAND3,R180,0.0025,True,0,False,True,False,True,,outputs/PROJECT_decoder_gate_abutment_matrix/_pair_trials/PAIR__WORDLINEDRIVER_MY__PNAND3_R180__g0p0025.gds,8d69a1298880c1709dae2394ca572c6508894f3dc5aceed8896ab6313adbaefd,outputs/PROJECT_decoder_gate_abutment_matrix/_pair_trials/PAIR__WORDLINEDRIVER_MY__PNAND3_R180__g0p0025_drc/PAIR__WORDLINEDRIVER_MY__PNAND3_R180__g0p0025.lyrdb
WORDLINEDRIVER,MY,PNAND3,R180,0.07,True,0,False,True,False,True,,outputs/PROJECT_decoder_gate_abutment_matrix/_pair_trials/PAIR__WORDLINEDRIVER_MY__PNAND3_R180__g0p07.gds,f83142ce7d9a280d967d826d0a0b9a278e1aec0e1e335abe3e1aa3f88ce7bbe3,outputs/PROJECT_decoder_gate_abutment_matrix/_pair_trials/PAIR__WORDLINEDRIVER_MY__PNAND3_R180__g0p07_drc/PAIR__WORDLINEDRIVER_MY__PNAND3_R180__g0p07.lyrdb
WORDLINEDRIVER,MY,PNAND3,R180,0.14,True,0,False,True,False,True,,outputs/PROJECT_decoder_gate_abutment_matrix/_pair_trials/PAIR__WORDLINEDRIVER_MY__PNAND3_R180__g0p14.gds,c2489c50c3cbcaf7454fcaec12854d1ff91dd5d62733e37aa9c5222653d3a2ff,outputs/PROJECT_decoder_gate_abutment_matrix/_pair_trials/PAIR__WORDLINEDRIVER_MY__PNAND3_R180__g0p14_drc/PAIR__WORDLINEDRIVER_MY__PNAND3_R180__g0p14.lyrdb
WORDLINEDRIVER,MY,PNAND3,MX,0.0,False,0,False,False,False,True,,outputs/PROJECT_decoder_gate_abutment_matrix/_pair_trials/PAIR__WORDLINEDRIVER_MY__PNAND3_MX__g0p0.gds,8289f17674eb5d9f061bfaf27e83559cc3f39b9352908ee37eadeb95081efa98,outputs/PROJECT_decoder_gate_abutment_matrix/_pair_trials/PAIR__WORDLINEDRIVER_MY__PNAND3_MX__g0p0_drc/PAIR__WORDLINEDRIVER_MY__PNAND3_MX__g0p0.lyrdb
WORDLINEDRIVER,MY,PNAND3,MX,0.0025,False,0,False,False,False,True,,outputs/PROJECT_decoder_gate_abutment_matrix/_pair_trials/PAIR__WORDLINEDRIVER_MY__PNAND3_MX__g0p0025.gds,7f92f68a55412913a5035f00ebe7b02111e0ebcffc140f1865e7177fdf303363,outputs/PROJECT_decoder_gate_abutment_matrix/_pair_trials/PAIR__WORDLINEDRIVER_MY__PNAND3_MX__g0p0025_drc/PAIR__WORDLINEDRIVER_MY__PNAND3_MX__g0p0025.lyrdb
WORDLINEDRIVER,MY,PNAND3,MX,0.07,False,0,False,False,False,True,,outputs/PROJECT_decoder_gate_abutment_matrix/_pair_trials/PAIR__WORDLINEDRIVER_MY__PNAND3_MX__g0p07.gds,e10f67033b0f6b61ec6e239f7f98edb43882c4ef9068af6f00de9c5e9764875f,outputs/PROJECT_decoder_gate_abutment_matrix/_pair_trials/PAIR__WORDLINEDRIVER_MY__PNAND3_MX__g0p07_drc/PAIR__WORDLINEDRIVER_MY__PNAND3_MX__g0p07.lyrdb
WORDLINEDRIVER,MY,PNAND3,MX,0.14,False,0,False,False,False,True,,outputs/PROJECT_decoder_gate_abutment_matrix/_pair_trials/PAIR__WORDLINEDRIVER_MY__PNAND3_MX__g0p14.gds,0e2242ebed857f5ac9f988f8a2924d7edc78d0a63bf153b4ef4528f3e0283487,outputs/PROJECT_decoder_gate_abutment_matrix/_pair_trials/PAIR__WORDLINEDRIVER_MY__PNAND3_MX__g0p14_drc/PAIR__WORDLINEDRIVER_MY__PNAND3_MX__g0p14.lyrdb
WORDLINEDRIVER,MY,PNAND3,MY,0.0,True,0,False,True,False,True,,outputs/PROJECT_decoder_gate_abutment_matrix/_pair_trials/PAIR__WORDLINEDRIVER_MY__PNAND3_MY__g0p0.gds,a4c7ec86a5c1b8e02765e27a10f7697ccd207eb078173339a11c61cb1ee1ac6d,outputs/PROJECT_decoder_gate_abutment_matrix/_pair_trials/PAIR__WORDLINEDRIVER_MY__PNAND3_MY__g0p0_drc/PAIR__WORDLINEDRIVER_MY__PNAND3_MY__g0p0.lyrdb
WORDLINEDRIVER,MY,PNAND3,MY,0.0025,True,0,False,True,False,True,,outputs/PROJECT_decoder_gate_abutment_matrix/_pair_trials/PAIR__WORDLINEDRIVER_MY__PNAND3_MY__g0p0025.gds,70923448b51dac6456dc755dd76fb91e51283bc9a32a22c623a16ab0d14dea56,outputs/PROJECT_decoder_gate_abutment_matrix/_pair_trials/PAIR__WORDLINEDRIVER_MY__PNAND3_MY__g0p0025_drc/PAIR__WORDLINEDRIVER_MY__PNAND3_MY__g0p0025.lyrdb
WORDLINEDRIVER,MY,PNAND3,MY,0.07,True,0,False,True,False,True,,outputs/PROJECT_decoder_gate_abutment_matrix/_pair_trials/PAIR__WORDLINEDRIVER_MY__PNAND3_MY__g0p07.gds,850ade22496c97df45dcbfdb372521451a01b3e3d8b973815b065f63b4c7a91d,outputs/PROJECT_decoder_gate_abutment_matrix/_pair_trials/PAIR__WORDLINEDRIVER_MY__PNAND3_MY__g0p07_drc/PAIR__WORDLINEDRIVER_MY__PNAND3_MY__g0p07.lyrdb
WORDLINEDRIVER,MY,PNAND3,MY,0.14,True,0,False,True,False,True,,outputs/PROJECT_decoder_gate_abutment_matrix/_pair_trials/PAIR__WORDLINEDRIVER_MY__PNAND3_MY__g0p14.gds,92ba2e4c63f64222e76211cf4cdf9cd775b0965d543a304761afc49de82c3ce5,outputs/PROJECT_decoder_gate_abutment_matrix/_pair_trials/PAIR__WORDLINEDRIVER_MY__PNAND3_MY__g0p14_drc/PAIR__WORDLINEDRIVER_MY__PNAND3_MY__g0p14.lyrdb
WORDLINEDRIVER,MY,AND2,R0,0.0,True,0,False,True,False,True,,outputs/PROJECT_decoder_gate_abutment_matrix/_pair_trials/PAIR__WORDLINEDRIVER_MY__AND2_R0__g0p0.gds,e9d86d3730203f9eb366dfc1f44ff1e7487ff006ff122258f791594703eb49c3,outputs/PROJECT_decoder_gate_abutment_matrix/_pair_trials/PAIR__WORDLINEDRIVER_MY__AND2_R0__g0p0_drc/PAIR__WORDLINEDRIVER_MY__AND2_R0__g0p0.lyrdb
WORDLINEDRIVER,MY,AND2,R0,0.0025,True,0,False,True,False,True,,outputs/PROJECT_decoder_gate_abutment_matrix/_pair_trials/PAIR__WORDLINEDRIVER_MY__AND2_R0__g0p0025.gds,5801bccd0cf9580bbc658c649e50f42448340ecbba9cec75ea3c07a717ba31dc,outputs/PROJECT_decoder_gate_abutment_matrix/_pair_trials/PAIR__WORDLINEDRIVER_MY__AND2_R0__g0p0025_drc/PAIR__WORDLINEDRIVER_MY__AND2_R0__g0p0025.lyrdb
WORDLINEDRIVER,MY,AND2,R0,0.07,True,0,False,True,False,True,,outputs/PROJECT_decoder_gate_abutment_matrix/_pair_trials/PAIR__WORDLINEDRIVER_MY__AND2_R0__g0p07.gds,f9a48199e5284f23fe7f629b4b47ea9afb33540426a1d578e780bd2d2bbeea1d,outputs/PROJECT_decoder_gate_abutment_matrix/_pair_trials/PAIR__WORDLINEDRIVER_MY__AND2_R0__g0p07_drc/PAIR__WORDLINEDRIVER_MY__AND2_R0__g0p07.lyrdb
WORDLINEDRIVER,MY,AND2,R0,0.14,True,0,False,True,False,True,,outputs/PROJECT_decoder_gate_abutment_matrix/_pair_trials/PAIR__WORDLINEDRIVER_MY__AND2_R0__g0p14.gds,d323eceea58c6da1f80309e4495f55bd0cd8da3c7166a6bd2b6c0906af6b7050,outputs/PROJECT_decoder_gate_abutment_matrix/_pair_trials/PAIR__WORDLINEDRIVER_MY__AND2_R0__g0p14_drc/PAIR__WORDLINEDRIVER_MY__AND2_R0__g0p14.lyrdb
WORDLINEDRIVER,MY,AND2,R180,0.0,True,0,False,True,False,True,,outputs/PROJECT_decoder_gate_abutment_matrix/_pair_trials/PAIR__WORDLINEDRIVER_MY__AND2_R180__g0p0.gds,6f388ecd87e45879544bb3f1585132151ef085015a13a1b582813fc8e874c34c,outputs/PROJECT_decoder_gate_abutment_matrix/_pair_trials/PAIR__WORDLINEDRIVER_MY__AND2_R180__g0p0_drc/PAIR__WORDLINEDRIVER_MY__AND2_R180__g0p0.lyrdb
WORDLINEDRIVER,MY,AND2,R180,0.0025,True,0,False,True,False,True,,outputs/PROJECT_decoder_gate_abutment_matrix/_pair_trials/PAIR__WORDLINEDRIVER_MY__AND2_R180__g0p0025.gds,54633ea1479cd0e287b4b474f72ebaf9648b09d2f35125a63bfbfe7d3f2ffbac,outputs/PROJECT_decoder_gate_abutment_matrix/_pair_trials/PAIR__WORDLINEDRIVER_MY__AND2_R180__g0p0025_drc/PAIR__WORDLINEDRIVER_MY__AND2_R180__g0p0025.lyrdb
WORDLINEDRIVER,MY,AND2,R180,0.07,True,0,False,True,False,True,,outputs/PROJECT_decoder_gate_abutment_matrix/_pair_trials/PAIR__WORDLINEDRIVER_MY__AND2_R180__g0p07.gds,ef91543f34459f7b7d0e93ca40362e90a9f2883ddb8f42d62bd69364dea1f059,outputs/PROJECT_decoder_gate_abutment_matrix/_pair_trials/PAIR__WORDLINEDRIVER_MY__AND2_R180__g0p07_drc/PAIR__WORDLINEDRIVER_MY__AND2_R180__g0p07.lyrdb
WORDLINEDRIVER,MY,AND2,R180,0.14,True,0,False,True,False,True,,outputs/PROJECT_decoder_gate_abutment_matrix/_pair_trials/PAIR__WORDLINEDRIVER_MY__AND2_R180__g0p14.gds,d31a81963f8953cd5b5cc997c39377fc149925d5c89f2023bd9d6d865ca48137,outputs/PROJECT_decoder_gate_abutment_matrix/_pair_trials/PAIR__WORDLINEDRIVER_MY__AND2_R180__g0p14_drc/PAIR__WORDLINEDRIVER_MY__AND2_R180__g0p14.lyrdb
WORDLINEDRIVER,MY,AND2,MX,0.0,False,0,False,False,False,True,,outputs/PROJECT_decoder_gate_abutment_matrix/_pair_trials/PAIR__WORDLINEDRIVER_MY__AND2_MX__g0p0.gds,098abedd3a3b6b1974e9d0f4e6c8ec51099b73d08e9a8f64983cb4714906be6d,outputs/PROJECT_decoder_gate_abutment_matrix/_pair_trials/PAIR__WORDLINEDRIVER_MY__AND2_MX__g0p0_drc/PAIR__WORDLINEDRIVER_MY__AND2_MX__g0p0.lyrdb
WORDLINEDRIVER,MY,AND2,MX,0.0025,False,0,False,False,False,True,,outputs/PROJECT_decoder_gate_abutment_matrix/_pair_trials/PAIR__WORDLINEDRIVER_MY__AND2_MX__g0p0025.gds,e97fce95af387cbc76f4071d07468071878375ed1893a802adb5ac711feb2ba3,outputs/PROJECT_decoder_gate_abutment_matrix/_pair_trials/PAIR__WORDLINEDRIVER_MY__AND2_MX__g0p0025_drc/PAIR__WORDLINEDRIVER_MY__AND2_MX__g0p0025.lyrdb
WORDLINEDRIVER,MY,AND2,MX,0.07,False,0,False,False,False,True,,outputs/PROJECT_decoder_gate_abutment_matrix/_pair_trials/PAIR__WORDLINEDRIVER_MY__AND2_MX__g0p07.gds,e6a32ee5251dc3797164c41834f68118ce5c0d06d068baa927df6772ee834894,outputs/PROJECT_decoder_gate_abutment_matrix/_pair_trials/PAIR__WORDLINEDRIVER_MY__AND2_MX__g0p07_drc/PAIR__WORDLINEDRIVER_MY__AND2_MX__g0p07.lyrdb
WORDLINEDRIVER,MY,AND2,MX,0.14,False,0,False,False,False,True,,outputs/PROJECT_decoder_gate_abutment_matrix/_pair_trials/PAIR__WORDLINEDRIVER_MY__AND2_MX__g0p14.gds,b23df910e5b21a834ef8f1a6e77001e8ea87efe8fd55f16fea457cc44fe85a7c,outputs/PROJECT_decoder_gate_abutment_matrix/_pair_trials/PAIR__WORDLINEDRIVER_MY__AND2_MX__g0p14_drc/PAIR__WORDLINEDRIVER_MY__AND2_MX__g0p14.lyrdb
WORDLINEDRIVER,MY,AND2,MY,0.0,True,0,False,True,False,True,,outputs/PROJECT_decoder_gate_abutment_matrix/_pair_trials/PAIR__WORDLINEDRIVER_MY__AND2_MY__g0p0.gds,095bcdd48ac06fcfa4f24c2298974f0ac9b5fd6f59b6c2377d2a5a8f5408ff91,outputs/PROJECT_decoder_gate_abutment_matrix/_pair_trials/PAIR__WORDLINEDRIVER_MY__AND2_MY__g0p0_drc/PAIR__WORDLINEDRIVER_MY__AND2_MY__g0p0.lyrdb
WORDLINEDRIVER,MY,AND2,MY,0.0025,True,0,False,True,False,True,,outputs/PROJECT_decoder_gate_abutment_matrix/_pair_trials/PAIR__WORDLINEDRIVER_MY__AND2_MY__g0p0025.gds,d5c63e0a5eeeffb7aea2c8886a7319190cddac6515a582b4c1b4138504a2fd1f,outputs/PROJECT_decoder_gate_abutment_matrix/_pair_trials/PAIR__WORDLINEDRIVER_MY__AND2_MY__g0p0025_drc/PAIR__WORDLINEDRIVER_MY__AND2_MY__g0p0025.lyrdb
WORDLINEDRIVER,MY,AND2,MY,0.07,True,0,False,True,False,True,,outputs/PROJECT_decoder_gate_abutment_matrix/_pair_trials/PAIR__WORDLINEDRIVER_MY__AND2_MY__g0p07.gds,933c22548ecb2928f14035d0a92e1472567f22f19789adba873521ac3c3328af,outputs/PROJECT_decoder_gate_abutment_matrix/_pair_trials/PAIR__WORDLINEDRIVER_MY__AND2_MY__g0p07_drc/PAIR__WORDLINEDRIVER_MY__AND2_MY__g0p07.lyrdb
WORDLINEDRIVER,MY,AND2,MY,0.14,True,0,False,True,False,True,,outputs/PROJECT_decoder_gate_abutment_matrix/_pair_trials/PAIR__WORDLINEDRIVER_MY__AND2_MY__g0p14.gds,958b92cc08dbb0dc404f9a0d284175c26d5caad743730ba1d3550df21f2a3b2c,outputs/PROJECT_decoder_gate_abutment_matrix/_pair_trials/PAIR__WORDLINEDRIVER_MY__AND2_MY__g0p14_drc/PAIR__WORDLINEDRIVER_MY__AND2_MY__g0p14.lyrdb
WORDLINEDRIVER,MY,AND3,R0,0.0,True,0,False,True,False,True,,outputs/PROJECT_decoder_gate_abutment_matrix/_pair_trials/PAIR__WORDLINEDRIVER_MY__AND3_R0__g0p0.gds,d6eada98d05d20258bea2f67c6df01e7fdf66f19818301785db2810eba5f8b61,outputs/PROJECT_decoder_gate_abutment_matrix/_pair_trials/PAIR__WORDLINEDRIVER_MY__AND3_R0__g0p0_drc/PAIR__WORDLINEDRIVER_MY__AND3_R0__g0p0.lyrdb
WORDLINEDRIVER,MY,AND3,R0,0.0025,True,0,False,True,False,True,,outputs/PROJECT_decoder_gate_abutment_matrix/_pair_trials/PAIR__WORDLINEDRIVER_MY__AND3_R0__g0p0025.gds,3fcf2bf9c908b15098f13b38c0fc287bcdee06dbc865cc92a351cf1a69e4cb0a,outputs/PROJECT_decoder_gate_abutment_matrix/_pair_trials/PAIR__WORDLINEDRIVER_MY__AND3_R0__g0p0025_drc/PAIR__WORDLINEDRIVER_MY__AND3_R0__g0p0025.lyrdb
WORDLINEDRIVER,MY,AND3,R0,0.07,True,0,False,True,False,True,,outputs/PROJECT_decoder_gate_abutment_matrix/_pair_trials/PAIR__WORDLINEDRIVER_MY__AND3_R0__g0p07.gds,e4c20d2e398676d4ad0b8e39f8e05e4b1336b126926074f2535f3f93a938824c,outputs/PROJECT_decoder_gate_abutment_matrix/_pair_trials/PAIR__WORDLINEDRIVER_MY__AND3_R0__g0p07_drc/PAIR__WORDLINEDRIVER_MY__AND3_R0__g0p07.lyrdb
WORDLINEDRIVER,MY,AND3,R0,0.14,True,0,False,True,False,True,,outputs/PROJECT_decoder_gate_abutment_matrix/_pair_trials/PAIR__WORDLINEDRIVER_MY__AND3_R0__g0p14.gds,ebb5b01ffe6172dba335fbc20eeda08090eb9126420bb94e977cc5e88ba702c9,outputs/PROJECT_decoder_gate_abutment_matrix/_pair_trials/PAIR__WORDLINEDRIVER_MY__AND3_R0__g0p14_drc/PAIR__WORDLINEDRIVER_MY__AND3_R0__g0p14.lyrdb
WORDLINEDRIVER,MY,AND3,R180,0.0,True,1,False,True,True,False,drc_marker_count=1,outputs/PROJECT_decoder_gate_abutment_matrix/_pair_trials/PAIR__WORDLINEDRIVER_MY__AND3_R180__g0p0.gds,948b513e9c812a7cb2fd982da834a10f946c2a0093706c1b0476e487f8151a06,outputs/PROJECT_decoder_gate_abutment_matrix/_pair_trials/PAIR__WORDLINEDRIVER_MY__AND3_R180__g0p0_drc/PAIR__WORDLINEDRIVER_MY__AND3_R180__g0p0.lyrdb
WORDLINEDRIVER,MY,AND3,R180,0.0025,True,1,False,True,True,False,drc_marker_count=1,outputs/PROJECT_decoder_gate_abutment_matrix/_pair_trials/PAIR__WORDLINEDRIVER_MY__AND3_R180__g0p0025.gds,b76b78500d54090424a34895c848d1ae0ea1e731c55e6f20d00e87d41bc40196,outputs/PROJECT_decoder_gate_abutment_matrix/_pair_trials/PAIR__WORDLINEDRIVER_MY__AND3_R180__g0p0025_drc/PAIR__WORDLINEDRIVER_MY__AND3_R180__g0p0025.lyrdb
WORDLINEDRIVER,MY,AND3,R180,0.07,True,1,False,True,True,False,drc_marker_count=1,outputs/PROJECT_decoder_gate_abutment_matrix/_pair_trials/PAIR__WORDLINEDRIVER_MY__AND3_R180__g0p07.gds,03a885373761aaafdb3bd28bab7187bc19f0d116bbe1685fa08afa53b1821261,outputs/PROJECT_decoder_gate_abutment_matrix/_pair_trials/PAIR__WORDLINEDRIVER_MY__AND3_R180__g0p07_drc/PAIR__WORDLINEDRIVER_MY__AND3_R180__g0p07.lyrdb
WORDLINEDRIVER,MY,AND3,R180,0.14,True,1,False,True,True,False,drc_marker_count=1,outputs/PROJECT_decoder_gate_abutment_matrix/_pair_trials/PAIR__WORDLINEDRIVER_MY__AND3_R180__g0p14.gds,e80f25476e92b7e3ae2757b4c2604264a69ce0070a20931d012a81e87264b5ea,outputs/PROJECT_decoder_gate_abutment_matrix/_pair_trials/PAIR__WORDLINEDRIVER_MY__AND3_R180__g0p14_drc/PAIR__WORDLINEDRIVER_MY__AND3_R180__g0p14.lyrdb
WORDLINEDRIVER,MY,AND3,MX,0.0,False,0,False,False,False,True,,outputs/PROJECT_decoder_gate_abutment_matrix/_pair_trials/PAIR__WORDLINEDRIVER_MY__AND3_MX__g0p0.gds,ea475799ddc6e06025b94e98da1043271761c39a64acd41be05684571c56db68,outputs/PROJECT_decoder_gate_abutment_matrix/_pair_trials/PAIR__WORDLINEDRIVER_MY__AND3_MX__g0p0_drc/PAIR__WORDLINEDRIVER_MY__AND3_MX__g0p0.lyrdb
WORDLINEDRIVER,MY,AND3,MX,0.0025,False,0,False,False,False,True,,outputs/PROJECT_decoder_gate_abutment_matrix/_pair_trials/PAIR__WORDLINEDRIVER_MY__AND3_MX__g0p0025.gds,11a0b4cdae8ffdf253543f5a526e951d38d244970d10bd254af6aaae7f8a91e2,outputs/PROJECT_decoder_gate_abutment_matrix/_pair_trials/PAIR__WORDLINEDRIVER_MY__AND3_MX__g0p0025_drc/PAIR__WORDLINEDRIVER_MY__AND3_MX__g0p0025.lyrdb
WORDLINEDRIVER,MY,AND3,MX,0.07,False,0,False,False,False,True,,outputs/PROJECT_decoder_gate_abutment_matrix/_pair_trials/PAIR__WORDLINEDRIVER_MY__AND3_MX__g0p07.gds,f16b73f48db7d1f6403965d8b0ab53e6f9e3535d2150362c2399334db4e17f1a,outputs/PROJECT_decoder_gate_abutment_matrix/_pair_trials/PAIR__WORDLINEDRIVER_MY__AND3_MX__g0p07_drc/PAIR__WORDLINEDRIVER_MY__AND3_MX__g0p07.lyrdb
WORDLINEDRIVER,MY,AND3,MX,0.14,False,0,False,False,False,True,,outputs/PROJECT_decoder_gate_abutment_matrix/_pair_trials/PAIR__WORDLINEDRIVER_MY__AND3_MX__g0p14.gds,aa88a148bcb87f314ee7f8921990b931b479c21260a7a81df83fe32063e483ab,outputs/PROJECT_decoder_gate_abutment_matrix/_pair_trials/PAIR__WORDLINEDRIVER_MY__AND3_MX__g0p14_drc/PAIR__WORDLINEDRIVER_MY__AND3_MX__g0p14.lyrdb
WORDLINEDRIVER,MY,AND3,MY,0.0,True,1,False,True,True,False,drc_marker_count=1,outputs/PROJECT_decoder_gate_abutment_matrix/_pair_trials/PAIR__WORDLINEDRIVER_MY__AND3_MY__g0p0.gds,397c97677512e86315240c9b5e1f1f4d3a2967869fca4590b73bb502f5207bb3,outputs/PROJECT_decoder_gate_abutment_matrix/_pair_trials/PAIR__WORDLINEDRIVER_MY__AND3_MY__g0p0_drc/PAIR__WORDLINEDRIVER_MY__AND3_MY__g0p0.lyrdb
WORDLINEDRIVER,MY,AND3,MY,0.0025,True,1,False,True,True,False,drc_marker_count=1,outputs/PROJECT_decoder_gate_abutment_matrix/_pair_trials/PAIR__WORDLINEDRIVER_MY__AND3_MY__g0p0025.gds,0f32845ac0754ce850d40aedad8d16abd626a08f81a75cc92ab3509ea21a9793,outputs/PROJECT_decoder_gate_abutment_matrix/_pair_trials/PAIR__WORDLINEDRIVER_MY__AND3_MY__g0p0025_drc/PAIR__WORDLINEDRIVER_MY__AND3_MY__g0p0025.lyrdb
WORDLINEDRIVER,MY,AND3,MY,0.07,True,1,False,True,True,False,drc_marker_count=1,outputs/PROJECT_decoder_gate_abutment_matrix/_pair_trials/PAIR__WORDLINEDRIVER_MY__AND3_MY__g0p07.gds,c6e09807b578c1e8c656990fb3c7b058a5f8c47e66a736d05e025cdc8bed40a5,outputs/PROJECT_decoder_gate_abutment_matrix/_pair_trials/PAIR__WORDLINEDRIVER_MY__AND3_MY__g0p07_drc/PAIR__WORDLINEDRIVER_MY__AND3_MY__g0p07.lyrdb
WORDLINEDRIVER,MY,AND3,MY,0.14,True,1,False,True,True,False,drc_marker_count=1,outputs/PROJECT_decoder_gate_abutment_matrix/_pair_trials/PAIR__WORDLINEDRIVER_MY__AND3_MY__g0p14.gds,92f76d9fdfc57bb1d3733a251b441a165604d1c8ee815f1d919133e07a3815bf,outputs/PROJECT_decoder_gate_abutment_matrix/_pair_trials/PAIR__WORDLINEDRIVER_MY__AND3_MY__g0p14_drc/PAIR__WORDLINEDRIVER_MY__AND3_MY__g0p14.lyrdb
WORDLINEDRIVER,MY,WORDLINEDRIVER,R0,0.0,True,0,False,True,False,True,,outputs/PROJECT_decoder_gate_abutment_matrix/_pair_trials/PAIR__WORDLINEDRIVER_MY__WORDLINEDRIVER_R0__g0p0.gds,b71e6a18b607a35d83ac8ce8030644e421e30d3f051186f15d9d8af038f9f021,outputs/PROJECT_decoder_gate_abutment_matrix/_pair_trials/PAIR__WORDLINEDRIVER_MY__WORDLINEDRIVER_R0__g0p0_drc/PAIR__WORDLINEDRIVER_MY__WORDLINEDRIVER_R0__g0p0.lyrdb
WORDLINEDRIVER,MY,WORDLINEDRIVER,R0,0.0025,True,0,False,True,False,True,,outputs/PROJECT_decoder_gate_abutment_matrix/_pair_trials/PAIR__WORDLINEDRIVER_MY__WORDLINEDRIVER_R0__g0p0025.gds,3cad889afaaff6bbb3bfdc5659a841c66f3764e5dd9f05822d559757ffdd3d14,outputs/PROJECT_decoder_gate_abutment_matrix/_pair_trials/PAIR__WORDLINEDRIVER_MY__WORDLINEDRIVER_R0__g0p0025_drc/PAIR__WORDLINEDRIVER_MY__WORDLINEDRIVER_R0__g0p0025.lyrdb
WORDLINEDRIVER,MY,WORDLINEDRIVER,R0,0.07,True,0,False,True,False,True,,outputs/PROJECT_decoder_gate_abutment_matrix/_pair_trials/PAIR__WORDLINEDRIVER_MY__WORDLINEDRIVER_R0__g0p07.gds,4a665fe0ba156e326076f0c4ec2a8ab3cbdefdcadfafcc84d80effa5d92200fd,outputs/PROJECT_decoder_gate_abutment_matrix/_pair_trials/PAIR__WORDLINEDRIVER_MY__WORDLINEDRIVER_R0__g0p07_drc/PAIR__WORDLINEDRIVER_MY__WORDLINEDRIVER_R0__g0p07.lyrdb
WORDLINEDRIVER,MY,WORDLINEDRIVER,R0,0.14,True,0,False,True,False,True,,outputs/PROJECT_decoder_gate_abutment_matrix/_pair_trials/PAIR__WORDLINEDRIVER_MY__WORDLINEDRIVER_R0__g0p14.gds,981e8898c8b4a9e370d7b19dd2ed93f621ec8d3d6ab58ef6ef17288e3d1f4302,outputs/PROJECT_decoder_gate_abutment_matrix/_pair_trials/PAIR__WORDLINEDRIVER_MY__WORDLINEDRIVER_R0__g0p14_drc/PAIR__WORDLINEDRIVER_MY__WORDLINEDRIVER_R0__g0p14.lyrdb
WORDLINEDRIVER,MY,WORDLINEDRIVER,R180,0.0,True,0,False,True,False,True,,outputs/PROJECT_decoder_gate_abutment_matrix/_pair_trials/PAIR__WORDLINEDRIVER_MY__WORDLINEDRIVER_R180__g0p0.gds,fd1f8f316734b2dfcefa779e838ac3761f4295287ab9f43f1e85f0bc2aaa6c8c,outputs/PROJECT_decoder_gate_abutment_matrix/_pair_trials/PAIR__WORDLINEDRIVER_MY__WORDLINEDRIVER_R180__g0p0_drc/PAIR__WORDLINEDRIVER_MY__WORDLINEDRIVER_R180__g0p0.lyrdb
WORDLINEDRIVER,MY,WORDLINEDRIVER,R180,0.0025,True,1,False,True,True,False,drc_marker_count=1,outputs/PROJECT_decoder_gate_abutment_matrix/_pair_trials/PAIR__WORDLINEDRIVER_MY__WORDLINEDRIVER_R180__g0p0025.gds,e0ca2e46eac7d53b505259afdec03135bc2868cc47d12906152f04d7bb15bf8f,outputs/PROJECT_decoder_gate_abutment_matrix/_pair_trials/PAIR__WORDLINEDRIVER_MY__WORDLINEDRIVER_R180__g0p0025_drc/PAIR__WORDLINEDRIVER_MY__WORDLINEDRIVER_R180__g0p0025.lyrdb
WORDLINEDRIVER,MY,WORDLINEDRIVER,R180,0.07,True,1,False,True,True,False,drc_marker_count=1,outputs/PROJECT_decoder_gate_abutment_matrix/_pair_trials/PAIR__WORDLINEDRIVER_MY__WORDLINEDRIVER_R180__g0p07.gds,c0db76c086f3d69220741d16754f59ac692298705a74c52219e4155380d6dbb9,outputs/PROJECT_decoder_gate_abutment_matrix/_pair_trials/PAIR__WORDLINEDRIVER_MY__WORDLINEDRIVER_R180__g0p07_drc/PAIR__WORDLINEDRIVER_MY__WORDLINEDRIVER_R180__g0p07.lyrdb
WORDLINEDRIVER,MY,WORDLINEDRIVER,R180,0.14,True,1,False,True,True,False,drc_marker_count=1,outputs/PROJECT_decoder_gate_abutment_matrix/_pair_trials/PAIR__WORDLINEDRIVER_MY__WORDLINEDRIVER_R180__g0p14.gds,9043afb3970f3ba39a6dd420a5fc48b16321812d670320bf120752d8934b708e,outputs/PROJECT_decoder_gate_abutment_matrix/_pair_trials/PAIR__WORDLINEDRIVER_MY__WORDLINEDRIVER_R180__g0p14_drc/PAIR__WORDLINEDRIVER_MY__WORDLINEDRIVER_R180__g0p14.lyrdb
WORDLINEDRIVER,MY,WORDLINEDRIVER,MX,0.0,False,0,False,False,False,True,,outputs/PROJECT_decoder_gate_abutment_matrix/_pair_trials/PAIR__WORDLINEDRIVER_MY__WORDLINEDRIVER_MX__g0p0.gds,b467e8a95fb2d0983015b5602e970a64ed6b8bc59094ad8db7230bb92f9788d0,outputs/PROJECT_decoder_gate_abutment_matrix/_pair_trials/PAIR__WORDLINEDRIVER_MY__WORDLINEDRIVER_MX__g0p0_drc/PAIR__WORDLINEDRIVER_MY__WORDLINEDRIVER_MX__g0p0.lyrdb
WORDLINEDRIVER,MY,WORDLINEDRIVER,MX,0.0025,False,0,False,False,False,True,,outputs/PROJECT_decoder_gate_abutment_matrix/_pair_trials/PAIR__WORDLINEDRIVER_MY__WORDLINEDRIVER_MX__g0p0025.gds,67e30b521f11a05547958768ea6376d58644449c5cb57516f1f0cb90fe7a733d,outputs/PROJECT_decoder_gate_abutment_matrix/_pair_trials/PAIR__WORDLINEDRIVER_MY__WORDLINEDRIVER_MX__g0p0025_drc/PAIR__WORDLINEDRIVER_MY__WORDLINEDRIVER_MX__g0p0025.lyrdb
WORDLINEDRIVER,MY,WORDLINEDRIVER,MX,0.07,False,0,False,False,False,True,,outputs/PROJECT_decoder_gate_abutment_matrix/_pair_trials/PAIR__WORDLINEDRIVER_MY__WORDLINEDRIVER_MX__g0p07.gds,b3bba6887b8df4dd6c93c1b2b025e9a051659941b9df8891bd543fa5be2f973e,outputs/PROJECT_decoder_gate_abutment_matrix/_pair_trials/PAIR__WORDLINEDRIVER_MY__WORDLINEDRIVER_MX__g0p07_drc/PAIR__WORDLINEDRIVER_MY__WORDLINEDRIVER_MX__g0p07.lyrdb
WORDLINEDRIVER,MY,WORDLINEDRIVER,MX,0.14,False,0,False,False,False,True,,outputs/PROJECT_decoder_gate_abutment_matrix/_pair_trials/PAIR__WORDLINEDRIVER_MY__WORDLINEDRIVER_MX__g0p14.gds,dfca16a4dc6a05d5eb27cce5c07adff9bdbe07b4f23ed93c734311929cb3c8a0,outputs/PROJECT_decoder_gate_abutment_matrix/_pair_trials/PAIR__WORDLINEDRIVER_MY__WORDLINEDRIVER_MX__g0p14_drc/PAIR__WORDLINEDRIVER_MY__WORDLINEDRIVER_MX__g0p14.lyrdb
WORDLINEDRIVER,MY,WORDLINEDRIVER,MY,0.0,True,0,False,True,False,True,,outputs/PROJECT_decoder_gate_abutment_matrix/_pair_trials/PAIR__WORDLINEDRIVER_MY__WORDLINEDRIVER_MY__g0p0.gds,8362ac734c7ea0f1a5468381538899c0559464de930471a7513addbc04df0d1a,outputs/PROJECT_decoder_gate_abutment_matrix/_pair_trials/PAIR__WORDLINEDRIVER_MY__WORDLINEDRIVER_MY__g0p0_drc/PAIR__WORDLINEDRIVER_MY__WORDLINEDRIVER_MY__g0p0.lyrdb
WORDLINEDRIVER,MY,WORDLINEDRIVER,MY,0.0025,True,1,False,True,True,False,drc_marker_count=1,outputs/PROJECT_decoder_gate_abutment_matrix/_pair_trials/PAIR__WORDLINEDRIVER_MY__WORDLINEDRIVER_MY__g0p0025.gds,a5b8f47018bf49f66051ed4d08f5a0edb244bdc145bfccb8ef9ca10e4d1984a6,outputs/PROJECT_decoder_gate_abutment_matrix/_pair_trials/PAIR__WORDLINEDRIVER_MY__WORDLINEDRIVER_MY__g0p0025_drc/PAIR__WORDLINEDRIVER_MY__WORDLINEDRIVER_MY__g0p0025.lyrdb
WORDLINEDRIVER,MY,WORDLINEDRIVER,MY,0.07,True,1,False,True,True,False,drc_marker_count=1,outputs/PROJECT_decoder_gate_abutment_matrix/_pair_trials/PAIR__WORDLINEDRIVER_MY__WORDLINEDRIVER_MY__g0p07.gds,8844675087e19fbf591de4a2ae30f36617c0aafcd16f4a070bb538af5f1de5c4,outputs/PROJECT_decoder_gate_abutment_matrix/_pair_trials/PAIR__WORDLINEDRIVER_MY__WORDLINEDRIVER_MY__g0p07_drc/PAIR__WORDLINEDRIVER_MY__WORDLINEDRIVER_MY__g0p07.lyrdb
WORDLINEDRIVER,MY,WORDLINEDRIVER,MY,0.14,True,1,False,True,True,False,drc_marker_count=1,outputs/PROJECT_decoder_gate_abutment_matrix/_pair_trials/PAIR__WORDLINEDRIVER_MY__WORDLINEDRIVER_MY__g0p14.gds,a3f3b24b5177cb501d8dbe6342ed7bd0044eedaa3a02207369b90abea7fcb342,outputs/PROJECT_decoder_gate_abutment_matrix/_pair_trials/PAIR__WORDLINEDRIVER_MY__WORDLINEDRIVER_MY__g0p14_drc/PAIR__WORDLINEDRIVER_MY__WORDLINEDRIVER_MY__g0p14.lyrdb
