group,path,absolute_path,extension,size_bytes,score
current_layoutgen,deliverables/sram_layoutgen_standalone/build/klayout_hook_2x16/sram_2x16_wpr1_standalone_freepdk45.sp,E:\njust\keyan\SRAM Compiler_V2\OpenRAM-stable\deliverables\sram_layoutgen_standalone\build\klayout_hook_2x16\sram_2x16_wpr1_standalone_freepdk45.sp,.sp,3455,12
current_layoutgen,deliverables/sram_layoutgen_standalone/build/signoff_spice_2x16/sram_2x16_wpr1_standalone_freepdk45.sp,E:\njust\keyan\SRAM Compiler_V2\OpenRAM-stable\deliverables\sram_layoutgen_standalone\build\signoff_spice_2x16\sram_2x16_wpr1_standalone_freepdk45.sp,.sp,3455,12
current_layoutgen,deliverables/sram_layoutgen_standalone/build/signoff_spice_8x64/sram_8x64_wpr4_standalone_freepdk45.sp,E:\njust\keyan\SRAM Compiler_V2\OpenRAM-stable\deliverables\sram_layoutgen_standalone\build\signoff_spice_8x64\sram_8x64_wpr4_standalone_freepdk45.sp,.sp,28517,9
current_layoutgen,deliverables/sram_layoutgen_standalone/build/address_complete_2x16/sram_2x16_wpr1_fd45.sp,E:\njust\keyan\SRAM Compiler_V2\OpenRAM-stable\deliverables\sram_layoutgen_standalone\build\address_complete_2x16\sram_2x16_wpr1_fd45.sp,.sp,11394,8
current_layoutgen,deliverables/sram_layoutgen_standalone/build/audit_report_32x16/sram_16x32_wpr2_fd45.sp,E:\njust\keyan\SRAM Compiler_V2\OpenRAM-stable\deliverables\sram_layoutgen_standalone\build\audit_report_32x16\sram_16x32_wpr2_fd45.sp,.sp,42741,8
current_layoutgen,deliverables/sram_layoutgen_standalone/build/codex_bus_pitch_2x16/sram_2x16_wpr1_fd45.sp,E:\njust\keyan\SRAM Compiler_V2\OpenRAM-stable\deliverables\sram_layoutgen_standalone\build\codex_bus_pitch_2x16\sram_2x16_wpr1_fd45.sp,.sp,11582,8
current_layoutgen,deliverables/sram_layoutgen_standalone/build/codex_clean_2x16/sram_2x16_wpr1_fd45.sp,E:\njust\keyan\SRAM Compiler_V2\OpenRAM-stable\deliverables\sram_layoutgen_standalone\build\codex_clean_2x16\sram_2x16_wpr1_fd45.sp,.sp,11582,8
current_layoutgen,deliverables/sram_layoutgen_standalone/build/codex_connectivity_2x16/sram_2x16_wpr1_fd45.sp,E:\njust\keyan\SRAM Compiler_V2\OpenRAM-stable\deliverables\sram_layoutgen_standalone\build\codex_connectivity_2x16\sram_2x16_wpr1_fd45.sp,.sp,11582,8
current_layoutgen,deliverables/sram_layoutgen_standalone/build/codex_control_guides_2x16/sram_2x16_wpr1_fd45.sp,E:\njust\keyan\SRAM Compiler_V2\OpenRAM-stable\deliverables\sram_layoutgen_standalone\build\codex_control_guides_2x16\sram_2x16_wpr1_fd45.sp,.sp,11582,8
current_layoutgen,deliverables/sram_layoutgen_standalone/build/codex_drawn_routes_2x16/sram_2x16_wpr1_fd45.sp,E:\njust\keyan\SRAM Compiler_V2\OpenRAM-stable\deliverables\sram_layoutgen_standalone\build\codex_drawn_routes_2x16\sram_2x16_wpr1_fd45.sp,.sp,11582,8
current_layoutgen,deliverables/sram_layoutgen_standalone/build/codex_final_2x16/sram_2x16_wpr1_fd45.sp,E:\njust\keyan\SRAM Compiler_V2\OpenRAM-stable\deliverables\sram_layoutgen_standalone\build\codex_final_2x16\sram_2x16_wpr1_fd45.sp,.sp,11582,8
current_layoutgen,deliverables/sram_layoutgen_standalone/build/codex_layer_audit_2x16/sram_2x16_wpr1_fd45.sp,E:\njust\keyan\SRAM Compiler_V2\OpenRAM-stable\deliverables\sram_layoutgen_standalone\build\codex_layer_audit_2x16\sram_2x16_wpr1_fd45.sp,.sp,11582,8
current_layoutgen,deliverables/sram_layoutgen_standalone/build/codex_local_tracks_2x16/sram_2x16_wpr1_fd45.sp,E:\njust\keyan\SRAM Compiler_V2\OpenRAM-stable\deliverables\sram_layoutgen_standalone\build\codex_local_tracks_2x16\sram_2x16_wpr1_fd45.sp,.sp,11582,8
current_layoutgen,deliverables/sram_layoutgen_standalone/build/codex_local_tracks_rowcompact_2x16/sram_2x16_wpr1_fd45.sp,E:\njust\keyan\SRAM Compiler_V2\OpenRAM-stable\deliverables\sram_layoutgen_standalone\build\codex_local_tracks_rowcompact_2x16\sram_2x16_wpr1_fd45.sp,.sp,11582,8
current_layoutgen,deliverables/sram_layoutgen_standalone/build/codex_local_tracks_safe2_2x16/sram_2x16_wpr1_fd45.sp,E:\njust\keyan\SRAM Compiler_V2\OpenRAM-stable\deliverables\sram_layoutgen_standalone\build\codex_local_tracks_safe2_2x16\sram_2x16_wpr1_fd45.sp,.sp,11582,8
current_layoutgen,deliverables/sram_layoutgen_standalone/build/codex_local_tracks_safe_2x16/sram_2x16_wpr1_fd45.sp,E:\njust\keyan\SRAM Compiler_V2\OpenRAM-stable\deliverables\sram_layoutgen_standalone\build\codex_local_tracks_safe_2x16\sram_2x16_wpr1_fd45.sp,.sp,11582,8
current_layoutgen,deliverables/sram_layoutgen_standalone/build/codex_pin_access_2x16/sram_2x16_wpr1_fd45.sp,E:\njust\keyan\SRAM Compiler_V2\OpenRAM-stable\deliverables\sram_layoutgen_standalone\build\codex_pin_access_2x16\sram_2x16_wpr1_fd45.sp,.sp,11582,8
current_layoutgen,deliverables/sram_layoutgen_standalone/build/codex_pin_access_routes2_2x16/sram_2x16_wpr1_fd45.sp,E:\njust\keyan\SRAM Compiler_V2\OpenRAM-stable\deliverables\sram_layoutgen_standalone\build\codex_pin_access_routes2_2x16\sram_2x16_wpr1_fd45.sp,.sp,11582,8
current_layoutgen,deliverables/sram_layoutgen_standalone/build/codex_pin_access_routes_2x16/sram_2x16_wpr1_fd45.sp,E:\njust\keyan\SRAM Compiler_V2\OpenRAM-stable\deliverables\sram_layoutgen_standalone\build\codex_pin_access_routes_2x16\sram_2x16_wpr1_fd45.sp,.sp,11582,8
current_layoutgen,deliverables/sram_layoutgen_standalone/build/codex_promoted_routes_2x16/sram_2x16_wpr1_fd45.sp,E:\njust\keyan\SRAM Compiler_V2\OpenRAM-stable\deliverables\sram_layoutgen_standalone\build\codex_promoted_routes_2x16\sram_2x16_wpr1_fd45.sp,.sp,11582,8
current_layoutgen,deliverables/sram_layoutgen_standalone/build/codex_regression_sweep/2x16_wpr1/sram_2x16_wpr1_fd45.sp,E:\njust\keyan\SRAM Compiler_V2\OpenRAM-stable\deliverables\sram_layoutgen_standalone\build\codex_regression_sweep\2x16_wpr1\sram_2x16_wpr1_fd45.sp,.sp,11582,8
current_layoutgen,deliverables/sram_layoutgen_standalone/build/codex_regression_sweep_colsel_cond/2x16_wpr1/sram_2x16_wpr1_fd45.sp,E:\njust\keyan\SRAM Compiler_V2\OpenRAM-stable\deliverables\sram_layoutgen_standalone\build\codex_regression_sweep_colsel_cond\2x16_wpr1\sram_2x16_wpr1_fd45.sp,.sp,11582,8
current_layoutgen,deliverables/sram_layoutgen_standalone/build/codex_regression_sweep_colsel_wpr4plus/2x16_wpr1/sram_2x16_wpr1_fd45.sp,E:\njust\keyan\SRAM Compiler_V2\OpenRAM-stable\deliverables\sram_layoutgen_standalone\build\codex_regression_sweep_colsel_wpr4plus\2x16_wpr1\sram_2x16_wpr1_fd45.sp,.sp,11582,8
current_layoutgen,deliverables/sram_layoutgen_standalone/build/codex_regression_sweep_rowdecode_gap/2x16_wpr1/sram_2x16_wpr1_fd45.sp,E:\njust\keyan\SRAM Compiler_V2\OpenRAM-stable\deliverables\sram_layoutgen_standalone\build\codex_regression_sweep_rowdecode_gap\2x16_wpr1\sram_2x16_wpr1_fd45.sp,.sp,11582,8
current_layoutgen,deliverables/sram_layoutgen_standalone/build/codex_regression_sweep_trackalgo/2x16_wpr1/sram_2x16_wpr1_fd45.sp,E:\njust\keyan\SRAM Compiler_V2\OpenRAM-stable\deliverables\sram_layoutgen_standalone\build\codex_regression_sweep_trackalgo\2x16_wpr1\sram_2x16_wpr1_fd45.sp,.sp,11582,8
current_layoutgen,deliverables/sram_layoutgen_standalone/build/codex_regression_sweep_trackalgo_pruned/2x16_wpr1/sram_2x16_wpr1_fd45.sp,E:\njust\keyan\SRAM Compiler_V2\OpenRAM-stable\deliverables\sram_layoutgen_standalone\build\codex_regression_sweep_trackalgo_pruned\2x16_wpr1\sram_2x16_wpr1_fd45.sp,.sp,11582,8
current_layoutgen,deliverables/sram_layoutgen_standalone/build/codex_rowtrack_final_2x16/sram_2x16_wpr1_fd45.sp,E:\njust\keyan\SRAM Compiler_V2\OpenRAM-stable\deliverables\sram_layoutgen_standalone\build\codex_rowtrack_final_2x16\sram_2x16_wpr1_fd45.sp,.sp,11582,8
current_layoutgen,deliverables/sram_layoutgen_standalone/build/codex_smoke_2x16/sram_2x16_wpr1_fd45.sp,E:\njust\keyan\SRAM Compiler_V2\OpenRAM-stable\deliverables\sram_layoutgen_standalone\build\codex_smoke_2x16\sram_2x16_wpr1_fd45.sp,.sp,11582,8
current_layoutgen,deliverables/sram_layoutgen_standalone/build/compact_margin_32x16/sram_16x32_wpr2_fd45.sp,E:\njust\keyan\SRAM Compiler_V2\OpenRAM-stable\deliverables\sram_layoutgen_standalone\build\compact_margin_32x16\sram_16x32_wpr2_fd45.sp,.sp,42755,8
current_layoutgen,deliverables/sram_layoutgen_standalone/build/complete_structured_2x16/sram_2x16_wpr1_fd45.sp,E:\njust\keyan\SRAM Compiler_V2\OpenRAM-stable\deliverables\sram_layoutgen_standalone\build\complete_structured_2x16\sram_2x16_wpr1_fd45.sp,.sp,11394,8
current_layoutgen,deliverables/sram_layoutgen_standalone/build/full_layout_collection/_all_gds_and_reports/sram_2x16_wpr1__sram_2x16_wpr1_fd45.sp,E:\njust\keyan\SRAM Compiler_V2\OpenRAM-stable\deliverables\sram_layoutgen_standalone\build\full_layout_collection\_all_gds_and_reports\sram_2x16_wpr1__sram_2x16_wpr1_fd45.sp,.sp,11322,8
current_layoutgen,deliverables/sram_layoutgen_standalone/build/full_layout_collection/_all_gds_and_reports/sram_32x16_wpr1__sram_32x16_wpr1_fd45.sp,E:\njust\keyan\SRAM Compiler_V2\OpenRAM-stable\deliverables\sram_layoutgen_standalone\build\full_layout_collection\_all_gds_and_reports\sram_32x16_wpr1__sram_32x16_wpr1_fd45.sp,.sp,46726,8
current_layoutgen,deliverables/sram_layoutgen_standalone/build/full_layout_collection/sram_2x16_wpr1/sram_2x16_wpr1_fd45.sp,E:\njust\keyan\SRAM Compiler_V2\OpenRAM-stable\deliverables\sram_layoutgen_standalone\build\full_layout_collection\sram_2x16_wpr1\sram_2x16_wpr1_fd45.sp,.sp,11322,8
current_layoutgen,deliverables/sram_layoutgen_standalone/build/full_layout_collection/sram_32x16_wpr1/sram_32x16_wpr1_fd45.sp,E:\njust\keyan\SRAM Compiler_V2\OpenRAM-stable\deliverables\sram_layoutgen_standalone\build\full_layout_collection\sram_32x16_wpr1\sram_32x16_wpr1_fd45.sp,.sp,46726,8
current_layoutgen,deliverables/sram_layoutgen_standalone/build/full_periphery_2x16/sram_2x16_wpr1_fd45.sp,E:\njust\keyan\SRAM Compiler_V2\OpenRAM-stable\deliverables\sram_layoutgen_standalone\build\full_periphery_2x16\sram_2x16_wpr1_fd45.sp,.sp,5878,8
current_layoutgen,deliverables/sram_layoutgen_standalone/build/full_sram_suite_final/2x16/sram_2x16_wpr1_fd45.sp,E:\njust\keyan\SRAM Compiler_V2\OpenRAM-stable\deliverables\sram_layoutgen_standalone\build\full_sram_suite_final\2x16\sram_2x16_wpr1_fd45.sp,.sp,11394,8
current_layoutgen,deliverables/sram_layoutgen_standalone/build/global_pack_32x16/sram_16x32_wpr2_fd45.sp,E:\njust\keyan\SRAM Compiler_V2\OpenRAM-stable\deliverables\sram_layoutgen_standalone\build\global_pack_32x16\sram_16x32_wpr2_fd45.sp,.sp,42755,8
current_layoutgen,deliverables/sram_layoutgen_standalone/build/labeled_2x16/sram_2x16_wpr1_fd45.sp,E:\njust\keyan\SRAM Compiler_V2\OpenRAM-stable\deliverables\sram_layoutgen_standalone\build\labeled_2x16\sram_2x16_wpr1_fd45.sp,.sp,5878,8
current_layoutgen,deliverables/sram_layoutgen_standalone/build/lane_route_32x16/sram_16x32_wpr2_fd45.sp,E:\njust\keyan\SRAM Compiler_V2\OpenRAM-stable\deliverables\sram_layoutgen_standalone\build\lane_route_32x16\sram_16x32_wpr2_fd45.sp,.sp,42755,8
current_layoutgen,deliverables/sram_layoutgen_standalone/build/occupancy_probe_32x16/sram_16x32_wpr2_fd45.sp,E:\njust\keyan\SRAM Compiler_V2\OpenRAM-stable\deliverables\sram_layoutgen_standalone\build\occupancy_probe_32x16\sram_16x32_wpr2_fd45.sp,.sp,42755,8
current_layoutgen,deliverables/sram_layoutgen_standalone/build/periphery_plus_2x16/sram_2x16_wpr1_fd45.sp,E:\njust\keyan\SRAM Compiler_V2\OpenRAM-stable\deliverables\sram_layoutgen_standalone\build\periphery_plus_2x16\sram_2x16_wpr1_fd45.sp,.sp,10272,8
current_layoutgen,deliverables/sram_layoutgen_standalone/build/periphery_plus_clean2_2x16/sram_2x16_wpr1_fd45.sp,E:\njust\keyan\SRAM Compiler_V2\OpenRAM-stable\deliverables\sram_layoutgen_standalone\build\periphery_plus_clean2_2x16\sram_2x16_wpr1_fd45.sp,.sp,10272,8
current_layoutgen,deliverables/sram_layoutgen_standalone/build/periphery_plus_clean_2x16/sram_2x16_wpr1_fd45.sp,E:\njust\keyan\SRAM Compiler_V2\OpenRAM-stable\deliverables\sram_layoutgen_standalone\build\periphery_plus_clean_2x16\sram_2x16_wpr1_fd45.sp,.sp,10272,8
current_layoutgen,deliverables/sram_layoutgen_standalone/build/pin_access_32x16/sram_16x32_wpr2_fd45.sp,E:\njust\keyan\SRAM Compiler_V2\OpenRAM-stable\deliverables\sram_layoutgen_standalone\build\pin_access_32x16\sram_16x32_wpr2_fd45.sp,.sp,42755,8
current_layoutgen,deliverables/sram_layoutgen_standalone/build/row_fold_32x16/sram_16x32_wpr2_fd45.sp,E:\njust\keyan\SRAM Compiler_V2\OpenRAM-stable\deliverables\sram_layoutgen_standalone\build\row_fold_32x16\sram_16x32_wpr2_fd45.sp,.sp,42755,8
current_layoutgen,deliverables/sram_layoutgen_standalone/build/semantic_32x16/sram_16x32_wpr2_fd45.sp,E:\njust\keyan\SRAM Compiler_V2\OpenRAM-stable\deliverables\sram_layoutgen_standalone\build\semantic_32x16\sram_16x32_wpr2_fd45.sp,.sp,42755,8
current_layoutgen,deliverables/sram_layoutgen_standalone/build/semantic_addr_q_32x16/sram_16x32_wpr2_fd45.sp,E:\njust\keyan\SRAM Compiler_V2\OpenRAM-stable\deliverables\sram_layoutgen_standalone\build\semantic_addr_q_32x16\sram_16x32_wpr2_fd45.sp,.sp,42755,8
current_layoutgen,deliverables/sram_layoutgen_standalone/build/semantic_control_dff_32x16/sram_16x32_wpr2_fd45.sp,E:\njust\keyan\SRAM Compiler_V2\OpenRAM-stable\deliverables\sram_layoutgen_standalone\build\semantic_control_dff_32x16\sram_16x32_wpr2_fd45.sp,.sp,42741,8
current_layoutgen,deliverables/sram_layoutgen_standalone/build/semantic_reloc_32x16/sram_16x32_wpr2_fd45.sp,E:\njust\keyan\SRAM Compiler_V2\OpenRAM-stable\deliverables\sram_layoutgen_standalone\build\semantic_reloc_32x16\sram_16x32_wpr2_fd45.sp,.sp,42755,8
current_layoutgen,deliverables/sram_layoutgen_standalone/build/semantic_reloc_apply_32x16/sram_16x32_wpr2_fd45.sp,E:\njust\keyan\SRAM Compiler_V2\OpenRAM-stable\deliverables\sram_layoutgen_standalone\build\semantic_reloc_apply_32x16\sram_16x32_wpr2_fd45.sp,.sp,42755,8
current_layoutgen,deliverables/sram_layoutgen_standalone/build/signoff_hook_final_2x16/sram_2x16_wpr1_fd45.sp,E:\njust\keyan\SRAM Compiler_V2\OpenRAM-stable\deliverables\sram_layoutgen_standalone\build\signoff_hook_final_2x16\sram_2x16_wpr1_fd45.sp,.sp,3423,8
current_layoutgen,deliverables/sram_layoutgen_standalone/build/signoff_namefix_2x16/sram_2x16_wpr1_fd45.sp,E:\njust\keyan\SRAM Compiler_V2\OpenRAM-stable\deliverables\sram_layoutgen_standalone\build\signoff_namefix_2x16\sram_2x16_wpr1_fd45.sp,.sp,3423,8
current_layoutgen,deliverables/sram_layoutgen_standalone/build/smoke_2x16/sram_2x16_wpr1_fd45.sp,E:\njust\keyan\SRAM Compiler_V2\OpenRAM-stable\deliverables\sram_layoutgen_standalone\build\smoke_2x16\sram_2x16_wpr1_fd45.sp,.sp,11394,8
current_layoutgen,deliverables/sram_layoutgen_standalone/build/codex_regression_sweep/16x16_wpr1/sram_16x16_wpr1_fd45.sp,E:\njust\keyan\SRAM Compiler_V2\OpenRAM-stable\deliverables\sram_layoutgen_standalone\build\codex_regression_sweep\16x16_wpr1\sram_16x16_wpr1_fd45.sp,.sp,27774,7
current_layoutgen,deliverables/sram_layoutgen_standalone/build/codex_regression_sweep_colsel_cond/16x16_wpr1/sram_16x16_wpr1_fd45.sp,E:\njust\keyan\SRAM Compiler_V2\OpenRAM-stable\deliverables\sram_layoutgen_standalone\build\codex_regression_sweep_colsel_cond\16x16_wpr1\sram_16x16_wpr1_fd45.sp,.sp,27774,7
current_layoutgen,deliverables/sram_layoutgen_standalone/build/codex_regression_sweep_colsel_wpr4plus/16x16_wpr1/sram_16x16_wpr1_fd45.sp,E:\njust\keyan\SRAM Compiler_V2\OpenRAM-stable\deliverables\sram_layoutgen_standalone\build\codex_regression_sweep_colsel_wpr4plus\16x16_wpr1\sram_16x16_wpr1_fd45.sp,.sp,27774,7
current_layoutgen,deliverables/sram_layoutgen_standalone/build/codex_regression_sweep_rowdecode_gap/16x16_wpr1/sram_16x16_wpr1_fd45.sp,E:\njust\keyan\SRAM Compiler_V2\OpenRAM-stable\deliverables\sram_layoutgen_standalone\build\codex_regression_sweep_rowdecode_gap\16x16_wpr1\sram_16x16_wpr1_fd45.sp,.sp,27774,7
current_layoutgen,deliverables/sram_layoutgen_standalone/build/codex_regression_sweep_trackalgo/16x16_wpr1/sram_16x16_wpr1_fd45.sp,E:\njust\keyan\SRAM Compiler_V2\OpenRAM-stable\deliverables\sram_layoutgen_standalone\build\codex_regression_sweep_trackalgo\16x16_wpr1\sram_16x16_wpr1_fd45.sp,.sp,27774,7
current_layoutgen,deliverables/sram_layoutgen_standalone/build/codex_regression_sweep_trackalgo_pruned/16x16_wpr1/sram_16x16_wpr1_fd45.sp,E:\njust\keyan\SRAM Compiler_V2\OpenRAM-stable\deliverables\sram_layoutgen_standalone\build\codex_regression_sweep_trackalgo_pruned\16x16_wpr1\sram_16x16_wpr1_fd45.sp,.sp,27774,7
current_layoutgen,deliverables/sram_layoutgen_standalone/build/full_layout_collection/_all_gds_and_reports/sram_16x16_wpr1__sram_16x16_wpr1_fd45.sp,E:\njust\keyan\SRAM Compiler_V2\OpenRAM-stable\deliverables\sram_layoutgen_standalone\build\full_layout_collection\_all_gds_and_reports\sram_16x16_wpr1__sram_16x16_wpr1_fd45.sp,.sp,27542,7
current_layoutgen,deliverables/sram_layoutgen_standalone/build/full_layout_collection/sram_16x16_wpr1/sram_16x16_wpr1_fd45.sp,E:\njust\keyan\SRAM Compiler_V2\OpenRAM-stable\deliverables\sram_layoutgen_standalone\build\full_layout_collection\sram_16x16_wpr1\sram_16x16_wpr1_fd45.sp,.sp,27542,7
current_layoutgen,deliverables/sram_layoutgen_standalone/technology/freepdk45/sp_lib/cell_1rw.sp,E:\njust\keyan\SRAM Compiler_V2\OpenRAM-stable\deliverables\sram_layoutgen_standalone\technology\freepdk45\sp_lib\cell_1rw.sp,.sp,359,7
current_layoutgen,deliverables/sram_layoutgen_standalone/technology/freepdk45/sp_lib/cell_2rw.sp,E:\njust\keyan\SRAM Compiler_V2\OpenRAM-stable\deliverables\sram_layoutgen_standalone\technology\freepdk45\sp_lib\cell_2rw.sp,.sp,571,7
current_layoutgen,deliverables/sram_layoutgen_standalone/technology/freepdk45/sp_lib/dff.sp,E:\njust\keyan\SRAM Compiler_V2\OpenRAM-stable\deliverables\sram_layoutgen_standalone\technology\freepdk45\sp_lib\dff.sp,.sp,1647,7
current_layoutgen,deliverables/sram_layoutgen_standalone/technology/freepdk45/sp_lib/dummy_cell_1rw.sp,E:\njust\keyan\SRAM Compiler_V2\OpenRAM-stable\deliverables\sram_layoutgen_standalone\technology\freepdk45\sp_lib\dummy_cell_1rw.sp,.sp,385,7
current_layoutgen,deliverables/sram_layoutgen_standalone/technology/freepdk45/sp_lib/dummy_cell_2rw.sp,E:\njust\keyan\SRAM Compiler_V2\OpenRAM-stable\deliverables\sram_layoutgen_standalone\technology\freepdk45\sp_lib\dummy_cell_2rw.sp,.sp,605,7
current_layoutgen,deliverables/sram_layoutgen_standalone/technology/freepdk45/sp_lib/replica_cell_1rw.sp,E:\njust\keyan\SRAM Compiler_V2\OpenRAM-stable\deliverables\sram_layoutgen_standalone\technology\freepdk45\sp_lib\replica_cell_1rw.sp,.sp,357,7
current_layoutgen,deliverables/sram_layoutgen_standalone/technology/freepdk45/sp_lib/replica_cell_2rw.sp,E:\njust\keyan\SRAM Compiler_V2\OpenRAM-stable\deliverables\sram_layoutgen_standalone\technology\freepdk45\sp_lib\replica_cell_2rw.sp,.sp,567,7
current_layoutgen,deliverables/sram_layoutgen_standalone/technology/freepdk45/sp_lib/sense_amp.sp,E:\njust\keyan\SRAM Compiler_V2\OpenRAM-stable\deliverables\sram_layoutgen_standalone\technology\freepdk45\sp_lib\sense_amp.sp,.sp,607,7
current_layoutgen,deliverables/sram_layoutgen_standalone/technology/freepdk45/sp_lib/tri_gate.sp,E:\njust\keyan\SRAM Compiler_V2\OpenRAM-stable\deliverables\sram_layoutgen_standalone\technology\freepdk45\sp_lib\tri_gate.sp,.sp,405,7
current_layoutgen,deliverables/sram_layoutgen_standalone/technology/freepdk45/sp_lib/write_driver.sp,E:\njust\keyan\SRAM Compiler_V2\OpenRAM-stable\deliverables\sram_layoutgen_standalone\technology\freepdk45\sp_lib\write_driver.sp,.sp,866,7
current_layoutgen,deliverables/sram_layoutgen_standalone/build/addr_isolation_audit_16x32/sram_16x32_wpr2_fd45.sp,E:\njust\keyan\SRAM Compiler_V2\OpenRAM-stable\deliverables\sram_layoutgen_standalone\build\addr_isolation_audit_16x32\sram_16x32_wpr2_fd45.sp,.sp,42741,5
current_layoutgen,deliverables/sram_layoutgen_standalone/build/addr_isolation_audit_4x32/sram_4x32_wpr2_fd45.sp,E:\njust\keyan\SRAM Compiler_V2\OpenRAM-stable\deliverables\sram_layoutgen_standalone\build\addr_isolation_audit_4x32\sram_4x32_wpr2_fd45.sp,.sp,17291,5
current_layoutgen,deliverables/sram_layoutgen_standalone/build/addr_isolation_audit_sweep/4x32_wpr1/sram_4x32_wpr1_fd45.sp,E:\njust\keyan\SRAM Compiler_V2\OpenRAM-stable\deliverables\sram_layoutgen_standalone\build\addr_isolation_audit_sweep\4x32_wpr1\sram_4x32_wpr1_fd45.sp,.sp,21849,5
current_layoutgen,deliverables/sram_layoutgen_standalone/build/addr_isolation_audit_sweep/4x32_wpr2/sram_4x32_wpr2_fd45.sp,E:\njust\keyan\SRAM Compiler_V2\OpenRAM-stable\deliverables\sram_layoutgen_standalone\build\addr_isolation_audit_sweep\4x32_wpr2\sram_4x32_wpr2_fd45.sp,.sp,17291,5
current_layoutgen,deliverables/sram_layoutgen_standalone/build/addr_isolation_audit_sweep/8x64_wpr4/sram_8x64_wpr4_fd45.sp,E:\njust\keyan\SRAM Compiler_V2\OpenRAM-stable\deliverables\sram_layoutgen_standalone\build\addr_isolation_audit_sweep\8x64_wpr4\sram_8x64_wpr4_fd45.sp,.sp,40926,5
current_layoutgen,deliverables/sram_layoutgen_standalone/build/address_complete_8x64/sram_8x64_wpr4_fd45.sp,E:\njust\keyan\SRAM Compiler_V2\OpenRAM-stable\deliverables\sram_layoutgen_standalone\build\address_complete_8x64\sram_8x64_wpr4_fd45.sp,.sp,40407,5
current_layoutgen,deliverables/sram_layoutgen_standalone/build/aggressive_floorplan_repack_16x32/sram_16x32_wpr2_fd45.sp,E:\njust\keyan\SRAM Compiler_V2\OpenRAM-stable\deliverables\sram_layoutgen_standalone\build\aggressive_floorplan_repack_16x32\sram_16x32_wpr2_fd45.sp,.sp,42741,5
current_layoutgen,deliverables/sram_layoutgen_standalone/build/aggressive_floorplan_repack_4x32/sram_4x32_wpr2_fd45.sp,E:\njust\keyan\SRAM Compiler_V2\OpenRAM-stable\deliverables\sram_layoutgen_standalone\build\aggressive_floorplan_repack_4x32\sram_4x32_wpr2_fd45.sp,.sp,17291,5
current_layoutgen,deliverables/sram_layoutgen_standalone/build/aggressive_floorplan_repack_sweep/4x32_wpr1/sram_4x32_wpr1_fd45.sp,E:\njust\keyan\SRAM Compiler_V2\OpenRAM-stable\deliverables\sram_layoutgen_standalone\build\aggressive_floorplan_repack_sweep\4x32_wpr1\sram_4x32_wpr1_fd45.sp,.sp,21849,5
current_layoutgen,deliverables/sram_layoutgen_standalone/build/aggressive_floorplan_repack_sweep/4x32_wpr2/sram_4x32_wpr2_fd45.sp,E:\njust\keyan\SRAM Compiler_V2\OpenRAM-stable\deliverables\sram_layoutgen_standalone\build\aggressive_floorplan_repack_sweep\4x32_wpr2\sram_4x32_wpr2_fd45.sp,.sp,17291,5
current_layoutgen,deliverables/sram_layoutgen_standalone/build/aggressive_floorplan_repack_sweep/8x64_wpr4/sram_8x64_wpr4_fd45.sp,E:\njust\keyan\SRAM Compiler_V2\OpenRAM-stable\deliverables\sram_layoutgen_standalone\build\aggressive_floorplan_repack_sweep\8x64_wpr4\sram_8x64_wpr4_fd45.sp,.sp,40926,5
current_layoutgen,deliverables/sram_layoutgen_standalone/build/audit_report_4x32/sram_4x32_wpr2_fd45.sp,E:\njust\keyan\SRAM Compiler_V2\OpenRAM-stable\deliverables\sram_layoutgen_standalone\build\audit_report_4x32\sram_4x32_wpr2_fd45.sp,.sp,17291,5
current_layoutgen,deliverables/sram_layoutgen_standalone/build/audit_report_sweep/4x32_wpr1/sram_4x32_wpr1_fd45.sp,E:\njust\keyan\SRAM Compiler_V2\OpenRAM-stable\deliverables\sram_layoutgen_standalone\build\audit_report_sweep\4x32_wpr1\sram_4x32_wpr1_fd45.sp,.sp,21849,5
current_layoutgen,deliverables/sram_layoutgen_standalone/build/audit_report_sweep/4x32_wpr2/sram_4x32_wpr2_fd45.sp,E:\njust\keyan\SRAM Compiler_V2\OpenRAM-stable\deliverables\sram_layoutgen_standalone\build\audit_report_sweep\4x32_wpr2\sram_4x32_wpr2_fd45.sp,.sp,17291,5
current_layoutgen,deliverables/sram_layoutgen_standalone/build/audit_report_sweep/8x64_wpr4/sram_8x64_wpr4_fd45.sp,E:\njust\keyan\SRAM Compiler_V2\OpenRAM-stable\deliverables\sram_layoutgen_standalone\build\audit_report_sweep\8x64_wpr4\sram_8x64_wpr4_fd45.sp,.sp,40926,5
current_layoutgen,deliverables/sram_layoutgen_standalone/build/codex_abstractmacros_quick/4x32_wpr1/sram_4x32_wpr1_fd45.sp,E:\njust\keyan\SRAM Compiler_V2\OpenRAM-stable\deliverables\sram_layoutgen_standalone\build\codex_abstractmacros_quick\4x32_wpr1\sram_4x32_wpr1_fd45.sp,.sp,22474,5
current_layoutgen,deliverables/sram_layoutgen_standalone/build/codex_abstractmacros_quick/4x32_wpr2/sram_4x32_wpr2_fd45.sp,E:\njust\keyan\SRAM Compiler_V2\OpenRAM-stable\deliverables\sram_layoutgen_standalone\build\codex_abstractmacros_quick\4x32_wpr2\sram_4x32_wpr2_fd45.sp,.sp,17594,5
current_layoutgen,deliverables/sram_layoutgen_standalone/build/codex_abstractmacros_quick/8x64_wpr4/sram_8x64_wpr4_fd45.sp,E:\njust\keyan\SRAM Compiler_V2\OpenRAM-stable\deliverables\sram_layoutgen_standalone\build\codex_abstractmacros_quick\8x64_wpr4\sram_8x64_wpr4_fd45.sp,.sp,41166,5
current_layoutgen,deliverables/sram_layoutgen_standalone/build/codex_after_stackfix_quick/4x32_wpr1/sram_4x32_wpr1_fd45.sp,E:\njust\keyan\SRAM Compiler_V2\OpenRAM-stable\deliverables\sram_layoutgen_standalone\build\codex_after_stackfix_quick\4x32_wpr1\sram_4x32_wpr1_fd45.sp,.sp,22474,5
current_layoutgen,deliverables/sram_layoutgen_standalone/build/codex_after_stackfix_quick/4x32_wpr2/sram_4x32_wpr2_fd45.sp,E:\njust\keyan\SRAM Compiler_V2\OpenRAM-stable\deliverables\sram_layoutgen_standalone\build\codex_after_stackfix_quick\4x32_wpr2\sram_4x32_wpr2_fd45.sp,.sp,17594,5
current_layoutgen,deliverables/sram_layoutgen_standalone/build/codex_after_stackfix_quick/8x64_wpr4/sram_8x64_wpr4_fd45.sp,E:\njust\keyan\SRAM Compiler_V2\OpenRAM-stable\deliverables\sram_layoutgen_standalone\build\codex_after_stackfix_quick\8x64_wpr4\sram_8x64_wpr4_fd45.sp,.sp,41166,5
current_layoutgen,deliverables/sram_layoutgen_standalone/build/codex_after_stackfix_smoke/4x32_wpr2/sram_4x32_wpr2_fd45.sp,E:\njust\keyan\SRAM Compiler_V2\OpenRAM-stable\deliverables\sram_layoutgen_standalone\build\codex_after_stackfix_smoke\4x32_wpr2\sram_4x32_wpr2_fd45.sp,.sp,17594,5
current_layoutgen,deliverables/sram_layoutgen_standalone/build/codex_arch_quick/4x32_wpr1/sram_4x32_wpr1_fd45.sp,E:\njust\keyan\SRAM Compiler_V2\OpenRAM-stable\deliverables\sram_layoutgen_standalone\build\codex_arch_quick\4x32_wpr1\sram_4x32_wpr1_fd45.sp,.sp,22474,5
current_layoutgen,deliverables/sram_layoutgen_standalone/build/codex_arch_quick/4x32_wpr2/sram_4x32_wpr2_fd45.sp,E:\njust\keyan\SRAM Compiler_V2\OpenRAM-stable\deliverables\sram_layoutgen_standalone\build\codex_arch_quick\4x32_wpr2\sram_4x32_wpr2_fd45.sp,.sp,17594,5
current_layoutgen,deliverables/sram_layoutgen_standalone/build/codex_arch_quick/8x64_wpr4/sram_8x64_wpr4_fd45.sp,E:\njust\keyan\SRAM Compiler_V2\OpenRAM-stable\deliverables\sram_layoutgen_standalone\build\codex_arch_quick\8x64_wpr4\sram_8x64_wpr4_fd45.sp,.sp,41166,5
current_layoutgen,deliverables/sram_layoutgen_standalone/build/codex_arch_smoke/4x32_wpr2/sram_4x32_wpr2_fd45.sp,E:\njust\keyan\SRAM Compiler_V2\OpenRAM-stable\deliverables\sram_layoutgen_standalone\build\codex_arch_smoke\4x32_wpr2\sram_4x32_wpr2_fd45.sp,.sp,17594,5
current_layoutgen,deliverables/sram_layoutgen_standalone/build/codex_banked_final_quick/4x32_wpr1/sram_4x32_wpr1_fd45.sp,E:\njust\keyan\SRAM Compiler_V2\OpenRAM-stable\deliverables\sram_layoutgen_standalone\build\codex_banked_final_quick\4x32_wpr1\sram_4x32_wpr1_fd45.sp,.sp,22474,5
current_layoutgen,deliverables/sram_layoutgen_standalone/build/codex_banked_final_quick/4x32_wpr2/sram_4x32_wpr2_fd45.sp,E:\njust\keyan\SRAM Compiler_V2\OpenRAM-stable\deliverables\sram_layoutgen_standalone\build\codex_banked_final_quick\4x32_wpr2\sram_4x32_wpr2_fd45.sp,.sp,17594,5
current_layoutgen,deliverables/sram_layoutgen_standalone/build/codex_banked_final_quick/8x64_wpr4/sram_8x64_wpr4_fd45.sp,E:\njust\keyan\SRAM Compiler_V2\OpenRAM-stable\deliverables\sram_layoutgen_standalone\build\codex_banked_final_quick\8x64_wpr4\sram_8x64_wpr4_fd45.sp,.sp,41166,5
current_layoutgen,deliverables/sram_layoutgen_standalone/build/codex_banked_final_smoke/4x32_wpr2/sram_4x32_wpr2_fd45.sp,E:\njust\keyan\SRAM Compiler_V2\OpenRAM-stable\deliverables\sram_layoutgen_standalone\build\codex_banked_final_smoke\4x32_wpr2\sram_4x32_wpr2_fd45.sp,.sp,17594,5
current_layoutgen,deliverables/sram_layoutgen_standalone/build/codex_banked_final_stress/16x128_wpr2/sram_16x128_wpr2_fd45.sp,E:\njust\keyan\SRAM Compiler_V2\OpenRAM-stable\deliverables\sram_layoutgen_standalone\build\codex_banked_final_stress\16x128_wpr2\sram_16x128_wpr2_fd45.sp,.sp,137714,5
current_layoutgen,deliverables/sram_layoutgen_standalone/build/codex_banked_final_stress/16x128_wpr8/sram_16x128_wpr8_fd45.sp,E:\njust\keyan\SRAM Compiler_V2\OpenRAM-stable\deliverables\sram_layoutgen_standalone\build\codex_banked_final_stress\16x128_wpr8\sram_16x128_wpr8_fd45.sp,.sp,135160,5
current_layoutgen,deliverables/sram_layoutgen_standalone/build/codex_banked_quick/4x32_wpr1/sram_4x32_wpr1_fd45.sp,E:\njust\keyan\SRAM Compiler_V2\OpenRAM-stable\deliverables\sram_layoutgen_standalone\build\codex_banked_quick\4x32_wpr1\sram_4x32_wpr1_fd45.sp,.sp,22474,5
current_layoutgen,deliverables/sram_layoutgen_standalone/build/codex_banked_quick/4x32_wpr2/sram_4x32_wpr2_fd45.sp,E:\njust\keyan\SRAM Compiler_V2\OpenRAM-stable\deliverables\sram_layoutgen_standalone\build\codex_banked_quick\4x32_wpr2\sram_4x32_wpr2_fd45.sp,.sp,17594,5
current_layoutgen,deliverables/sram_layoutgen_standalone/build/codex_banked_quick/8x64_wpr4/sram_8x64_wpr4_fd45.sp,E:\njust\keyan\SRAM Compiler_V2\OpenRAM-stable\deliverables\sram_layoutgen_standalone\build\codex_banked_quick\8x64_wpr4\sram_8x64_wpr4_fd45.sp,.sp,41166,5
current_layoutgen,deliverables/sram_layoutgen_standalone/build/codex_banked_smoke/4x32_wpr2/sram_4x32_wpr2_fd45.sp,E:\njust\keyan\SRAM Compiler_V2\OpenRAM-stable\deliverables\sram_layoutgen_standalone\build\codex_banked_smoke\4x32_wpr2\sram_4x32_wpr2_fd45.sp,.sp,17594,5
current_layoutgen,deliverables/sram_layoutgen_standalone/build/codex_banked_stress/16x128_wpr2/sram_16x128_wpr2_fd45.sp,E:\njust\keyan\SRAM Compiler_V2\OpenRAM-stable\deliverables\sram_layoutgen_standalone\build\codex_banked_stress\16x128_wpr2\sram_16x128_wpr2_fd45.sp,.sp,137714,5
current_layoutgen,deliverables/sram_layoutgen_standalone/build/codex_banked_stress/16x128_wpr8/sram_16x128_wpr8_fd45.sp,E:\njust\keyan\SRAM Compiler_V2\OpenRAM-stable\deliverables\sram_layoutgen_standalone\build\codex_banked_stress\16x128_wpr8\sram_16x128_wpr8_fd45.sp,.sp,135160,5
current_layoutgen,deliverables/sram_layoutgen_standalone/build/codex_banked_svg_smoke/4x32_wpr2/sram_4x32_wpr2_fd45.sp,E:\njust\keyan\SRAM Compiler_V2\OpenRAM-stable\deliverables\sram_layoutgen_standalone\build\codex_banked_svg_smoke\4x32_wpr2\sram_4x32_wpr2_fd45.sp,.sp,17594,5
current_layoutgen,deliverables/sram_layoutgen_standalone/build/codex_banked_tuned_quick/4x32_wpr1/sram_4x32_wpr1_fd45.sp,E:\njust\keyan\SRAM Compiler_V2\OpenRAM-stable\deliverables\sram_layoutgen_standalone\build\codex_banked_tuned_quick\4x32_wpr1\sram_4x32_wpr1_fd45.sp,.sp,22474,5
current_layoutgen,deliverables/sram_layoutgen_standalone/build/codex_banked_tuned_quick/4x32_wpr2/sram_4x32_wpr2_fd45.sp,E:\njust\keyan\SRAM Compiler_V2\OpenRAM-stable\deliverables\sram_layoutgen_standalone\build\codex_banked_tuned_quick\4x32_wpr2\sram_4x32_wpr2_fd45.sp,.sp,17594,5
current_layoutgen,deliverables/sram_layoutgen_standalone/build/codex_banked_tuned_quick/8x64_wpr4/sram_8x64_wpr4_fd45.sp,E:\njust\keyan\SRAM Compiler_V2\OpenRAM-stable\deliverables\sram_layoutgen_standalone\build\codex_banked_tuned_quick\8x64_wpr4\sram_8x64_wpr4_fd45.sp,.sp,41166,5
current_layoutgen,deliverables/sram_layoutgen_standalone/build/codex_banked_tuned_stress/16x128_wpr2/sram_16x128_wpr2_fd45.sp,E:\njust\keyan\SRAM Compiler_V2\OpenRAM-stable\deliverables\sram_layoutgen_standalone\build\codex_banked_tuned_stress\16x128_wpr2\sram_16x128_wpr2_fd45.sp,.sp,137714,5
current_layoutgen,deliverables/sram_layoutgen_standalone/build/codex_banked_tuned_stress/16x128_wpr8/sram_16x128_wpr8_fd45.sp,E:\njust\keyan\SRAM Compiler_V2\OpenRAM-stable\deliverables\sram_layoutgen_standalone\build\codex_banked_tuned_stress\16x128_wpr8\sram_16x128_wpr8_fd45.sp,.sp,135160,5
current_layoutgen,deliverables/sram_layoutgen_standalone/build/codex_bricklib_quick/4x32_wpr1/sram_4x32_wpr1_fd45.sp,E:\njust\keyan\SRAM Compiler_V2\OpenRAM-stable\deliverables\sram_layoutgen_standalone\build\codex_bricklib_quick\4x32_wpr1\sram_4x32_wpr1_fd45.sp,.sp,22474,5
current_layoutgen,deliverables/sram_layoutgen_standalone/build/codex_bricklib_quick/4x32_wpr2/sram_4x32_wpr2_fd45.sp,E:\njust\keyan\SRAM Compiler_V2\OpenRAM-stable\deliverables\sram_layoutgen_standalone\build\codex_bricklib_quick\4x32_wpr2\sram_4x32_wpr2_fd45.sp,.sp,17594,5
current_layoutgen,deliverables/sram_layoutgen_standalone/build/codex_bricklib_quick/8x64_wpr4/sram_8x64_wpr4_fd45.sp,E:\njust\keyan\SRAM Compiler_V2\OpenRAM-stable\deliverables\sram_layoutgen_standalone\build\codex_bricklib_quick\8x64_wpr4\sram_8x64_wpr4_fd45.sp,.sp,41166,5
current_layoutgen,deliverables/sram_layoutgen_standalone/build/codex_bus_pitch_4x32/sram_4x32_wpr2_fd45.sp,E:\njust\keyan\SRAM Compiler_V2\OpenRAM-stable\deliverables\sram_layoutgen_standalone\build\codex_bus_pitch_4x32\sram_4x32_wpr2_fd45.sp,.sp,17594,5
current_layoutgen,deliverables/sram_layoutgen_standalone/build/codex_bus_pitch_8x64/sram_8x64_wpr4_fd45.sp,E:\njust\keyan\SRAM Compiler_V2\OpenRAM-stable\deliverables\sram_layoutgen_standalone\build\codex_bus_pitch_8x64\sram_8x64_wpr4_fd45.sp,.sp,41166,5
current_layoutgen,deliverables/sram_layoutgen_standalone/build/codex_clean_4x32/sram_4x32_wpr2_fd45.sp,E:\njust\keyan\SRAM Compiler_V2\OpenRAM-stable\deliverables\sram_layoutgen_standalone\build\codex_clean_4x32\sram_4x32_wpr2_fd45.sp,.sp,17594,5
current_layoutgen,deliverables/sram_layoutgen_standalone/build/codex_clean_8x64/sram_8x64_wpr4_fd45.sp,E:\njust\keyan\SRAM Compiler_V2\OpenRAM-stable\deliverables\sram_layoutgen_standalone\build\codex_clean_8x64\sram_8x64_wpr4_fd45.sp,.sp,41166,5
current_layoutgen,deliverables/sram_layoutgen_standalone/build/codex_colsel_cond_16x128_wpr1/sram_16x128_wpr1_fd45.sp,E:\njust\keyan\SRAM Compiler_V2\OpenRAM-stable\deliverables\sram_layoutgen_standalone\build\codex_colsel_cond_16x128_wpr1\sram_16x128_wpr1_fd45.sp,.sp,156600,5
current_layoutgen,deliverables/sram_layoutgen_standalone/build/codex_colsel_cond_16x128_wpr8/sram_16x128_wpr8_fd45.sp,E:\njust\keyan\SRAM Compiler_V2\OpenRAM-stable\deliverables\sram_layoutgen_standalone\build\codex_colsel_cond_16x128_wpr8\sram_16x128_wpr8_fd45.sp,.sp,135160,5
current_layoutgen,deliverables/sram_layoutgen_standalone/build/codex_colsel_cond_4x32_wpr2/sram_4x32_wpr2_fd45.sp,E:\njust\keyan\SRAM Compiler_V2\OpenRAM-stable\deliverables\sram_layoutgen_standalone\build\codex_colsel_cond_4x32_wpr2\sram_4x32_wpr2_fd45.sp,.sp,17594,5
current_layoutgen,deliverables/sram_layoutgen_standalone/build/codex_colsel_cond_8x64_wpr4/sram_8x64_wpr4_fd45.sp,E:\njust\keyan\SRAM Compiler_V2\OpenRAM-stable\deliverables\sram_layoutgen_standalone\build\codex_colsel_cond_8x64_wpr4\sram_8x64_wpr4_fd45.sp,.sp,41166,5
current_layoutgen,deliverables/sram_layoutgen_standalone/build/codex_colsel_low_16x128_wpr1/sram_16x128_wpr1_fd45.sp,E:\njust\keyan\SRAM Compiler_V2\OpenRAM-stable\deliverables\sram_layoutgen_standalone\build\codex_colsel_low_16x128_wpr1\sram_16x128_wpr1_fd45.sp,.sp,156600,5
current_layoutgen,deliverables/sram_layoutgen_standalone/build/codex_colsel_low_16x128_wpr8/sram_16x128_wpr8_fd45.sp,E:\njust\keyan\SRAM Compiler_V2\OpenRAM-stable\deliverables\sram_layoutgen_standalone\build\codex_colsel_low_16x128_wpr8\sram_16x128_wpr8_fd45.sp,.sp,135160,5
current_layoutgen,deliverables/sram_layoutgen_standalone/build/codex_colsel_low_8x64_wpr4/sram_8x64_wpr4_fd45.sp,E:\njust\keyan\SRAM Compiler_V2\OpenRAM-stable\deliverables\sram_layoutgen_standalone\build\codex_colsel_low_8x64_wpr4\sram_8x64_wpr4_fd45.sp,.sp,41166,5
current_layoutgen,deliverables/sram_layoutgen_standalone/build/codex_colsel_wpr4plus_16x128_wpr8/sram_16x128_wpr8_fd45.sp,E:\njust\keyan\SRAM Compiler_V2\OpenRAM-stable\deliverables\sram_layoutgen_standalone\build\codex_colsel_wpr4plus_16x128_wpr8\sram_16x128_wpr8_fd45.sp,.sp,135160,5
current_layoutgen,deliverables/sram_layoutgen_standalone/build/codex_colsel_wpr4plus_16x64_wpr2/sram_16x64_wpr2_fd45.sp,E:\njust\keyan\SRAM Compiler_V2\OpenRAM-stable\deliverables\sram_layoutgen_standalone\build\codex_colsel_wpr4plus_16x64_wpr2\sram_16x64_wpr2_fd45.sp,.sp,74570,5
current_layoutgen,deliverables/sram_layoutgen_standalone/build/codex_colsel_wpr4plus_8x64_wpr4/sram_8x64_wpr4_fd45.sp,E:\njust\keyan\SRAM Compiler_V2\OpenRAM-stable\deliverables\sram_layoutgen_standalone\build\codex_colsel_wpr4plus_8x64_wpr4\sram_8x64_wpr4_fd45.sp,.sp,41166,5
current_layoutgen,deliverables/sram_layoutgen_standalone/build/codex_connectivity_8x64/sram_8x64_wpr4_fd45.sp,E:\njust\keyan\SRAM Compiler_V2\OpenRAM-stable\deliverables\sram_layoutgen_standalone\build\codex_connectivity_8x64\sram_8x64_wpr4_fd45.sp,.sp,41166,5
current_layoutgen,deliverables/sram_layoutgen_standalone/build/codex_control_guides_4x32/sram_4x32_wpr2_fd45.sp,E:\njust\keyan\SRAM Compiler_V2\OpenRAM-stable\deliverables\sram_layoutgen_standalone\build\codex_control_guides_4x32\sram_4x32_wpr2_fd45.sp,.sp,17594,5
current_layoutgen,deliverables/sram_layoutgen_standalone/build/codex_control_guides_8x64/sram_8x64_wpr4_fd45.sp,E:\njust\keyan\SRAM Compiler_V2\OpenRAM-stable\deliverables\sram_layoutgen_standalone\build\codex_control_guides_8x64\sram_8x64_wpr4_fd45.sp,.sp,41166,5
current_layoutgen,deliverables/sram_layoutgen_standalone/build/codex_control_keepout_quick/4x32_wpr1/sram_4x32_wpr1_fd45.sp,E:\njust\keyan\SRAM Compiler_V2\OpenRAM-stable\deliverables\sram_layoutgen_standalone\build\codex_control_keepout_quick\4x32_wpr1\sram_4x32_wpr1_fd45.sp,.sp,22474,5
current_layoutgen,deliverables/sram_layoutgen_standalone/build/codex_control_keepout_quick/4x32_wpr2/sram_4x32_wpr2_fd45.sp,E:\njust\keyan\SRAM Compiler_V2\OpenRAM-stable\deliverables\sram_layoutgen_standalone\build\codex_control_keepout_quick\4x32_wpr2\sram_4x32_wpr2_fd45.sp,.sp,17594,5
current_layoutgen,deliverables/sram_layoutgen_standalone/build/codex_control_keepout_quick/8x64_wpr4/sram_8x64_wpr4_fd45.sp,E:\njust\keyan\SRAM Compiler_V2\OpenRAM-stable\deliverables\sram_layoutgen_standalone\build\codex_control_keepout_quick\8x64_wpr4\sram_8x64_wpr4_fd45.sp,.sp,41166,5
current_layoutgen,deliverables/sram_layoutgen_standalone/build/codex_control_keepout_quick2/4x32_wpr1/sram_4x32_wpr1_fd45.sp,E:\njust\keyan\SRAM Compiler_V2\OpenRAM-stable\deliverables\sram_layoutgen_standalone\build\codex_control_keepout_quick2\4x32_wpr1\sram_4x32_wpr1_fd45.sp,.sp,22474,5
current_layoutgen,deliverables/sram_layoutgen_standalone/build/codex_control_keepout_quick2/4x32_wpr2/sram_4x32_wpr2_fd45.sp,E:\njust\keyan\SRAM Compiler_V2\OpenRAM-stable\deliverables\sram_layoutgen_standalone\build\codex_control_keepout_quick2\4x32_wpr2\sram_4x32_wpr2_fd45.sp,.sp,17594,5
current_layoutgen,deliverables/sram_layoutgen_standalone/build/codex_control_keepout_quick2/8x64_wpr4/sram_8x64_wpr4_fd45.sp,E:\njust\keyan\SRAM Compiler_V2\OpenRAM-stable\deliverables\sram_layoutgen_standalone\build\codex_control_keepout_quick2\8x64_wpr4\sram_8x64_wpr4_fd45.sp,.sp,41166,5
current_layoutgen,deliverables/sram_layoutgen_standalone/build/codex_control_keepout_quick3/4x32_wpr1/sram_4x32_wpr1_fd45.sp,E:\njust\keyan\SRAM Compiler_V2\OpenRAM-stable\deliverables\sram_layoutgen_standalone\build\codex_control_keepout_quick3\4x32_wpr1\sram_4x32_wpr1_fd45.sp,.sp,22474,5
current_layoutgen,deliverables/sram_layoutgen_standalone/build/codex_control_keepout_quick3/4x32_wpr2/sram_4x32_wpr2_fd45.sp,E:\njust\keyan\SRAM Compiler_V2\OpenRAM-stable\deliverables\sram_layoutgen_standalone\build\codex_control_keepout_quick3\4x32_wpr2\sram_4x32_wpr2_fd45.sp,.sp,17594,5
current_layoutgen,deliverables/sram_layoutgen_standalone/build/codex_control_keepout_quick3/8x64_wpr4/sram_8x64_wpr4_fd45.sp,E:\njust\keyan\SRAM Compiler_V2\OpenRAM-stable\deliverables\sram_layoutgen_standalone\build\codex_control_keepout_quick3\8x64_wpr4\sram_8x64_wpr4_fd45.sp,.sp,41166,5
current_layoutgen,deliverables/sram_layoutgen_standalone/build/codex_datadff_wrap_quick/4x32_wpr1/sram_4x32_wpr1_fd45.sp,E:\njust\keyan\SRAM Compiler_V2\OpenRAM-stable\deliverables\sram_layoutgen_standalone\build\codex_datadff_wrap_quick\4x32_wpr1\sram_4x32_wpr1_fd45.sp,.sp,22474,5
current_layoutgen,deliverables/sram_layoutgen_standalone/build/codex_datadff_wrap_quick/4x32_wpr2/sram_4x32_wpr2_fd45.sp,E:\njust\keyan\SRAM Compiler_V2\OpenRAM-stable\deliverables\sram_layoutgen_standalone\build\codex_datadff_wrap_quick\4x32_wpr2\sram_4x32_wpr2_fd45.sp,.sp,17594,5
current_layoutgen,deliverables/sram_layoutgen_standalone/build/codex_datadff_wrap_quick/8x64_wpr4/sram_8x64_wpr4_fd45.sp,E:\njust\keyan\SRAM Compiler_V2\OpenRAM-stable\deliverables\sram_layoutgen_standalone\build\codex_datadff_wrap_quick\8x64_wpr4\sram_8x64_wpr4_fd45.sp,.sp,41166,5
current_layoutgen,deliverables/sram_layoutgen_standalone/build/codex_datadff_wrap_smoke/4x32_wpr2/sram_4x32_wpr2_fd45.sp,E:\njust\keyan\SRAM Compiler_V2\OpenRAM-stable\deliverables\sram_layoutgen_standalone\build\codex_datadff_wrap_smoke\4x32_wpr2\sram_4x32_wpr2_fd45.sp,.sp,17594,5
current_layoutgen,deliverables/sram_layoutgen_standalone/build/codex_dbu05_quick/4x32_wpr1/sram_4x32_wpr1_fd45.sp,E:\njust\keyan\SRAM Compiler_V2\OpenRAM-stable\deliverables\sram_layoutgen_standalone\build\codex_dbu05_quick\4x32_wpr1\sram_4x32_wpr1_fd45.sp,.sp,22474,5
current_layoutgen,deliverables/sram_layoutgen_standalone/build/codex_dbu05_quick/4x32_wpr2/sram_4x32_wpr2_fd45.sp,E:\njust\keyan\SRAM Compiler_V2\OpenRAM-stable\deliverables\sram_layoutgen_standalone\build\codex_dbu05_quick\4x32_wpr2\sram_4x32_wpr2_fd45.sp,.sp,17594,5
current_layoutgen,deliverables/sram_layoutgen_standalone/build/codex_dbu05_quick/8x64_wpr4/sram_8x64_wpr4_fd45.sp,E:\njust\keyan\SRAM Compiler_V2\OpenRAM-stable\deliverables\sram_layoutgen_standalone\build\codex_dbu05_quick\8x64_wpr4\sram_8x64_wpr4_fd45.sp,.sp,41166,5
current_layoutgen,deliverables/sram_layoutgen_standalone/build/codex_dbu05_smoke/4x32_wpr2/sram_4x32_wpr2_fd45.sp,E:\njust\keyan\SRAM Compiler_V2\OpenRAM-stable\deliverables\sram_layoutgen_standalone\build\codex_dbu05_smoke\4x32_wpr2\sram_4x32_wpr2_fd45.sp,.sp,17594,5
current_layoutgen,deliverables/sram_layoutgen_standalone/build/codex_dbu05_stress/16x128_wpr2/sram_16x128_wpr2_fd45.sp,E:\njust\keyan\SRAM Compiler_V2\OpenRAM-stable\deliverables\sram_layoutgen_standalone\build\codex_dbu05_stress\16x128_wpr2\sram_16x128_wpr2_fd45.sp,.sp,137714,5
current_layoutgen,deliverables/sram_layoutgen_standalone/build/codex_dbu05_stress/16x128_wpr8/sram_16x128_wpr8_fd45.sp,E:\njust\keyan\SRAM Compiler_V2\OpenRAM-stable\deliverables\sram_layoutgen_standalone\build\codex_dbu05_stress\16x128_wpr8\sram_16x128_wpr8_fd45.sp,.sp,135160,5
current_layoutgen,deliverables/sram_layoutgen_standalone/build/codex_drawn_routes_4x32/sram_4x32_wpr2_fd45.sp,E:\njust\keyan\SRAM Compiler_V2\OpenRAM-stable\deliverables\sram_layoutgen_standalone\build\codex_drawn_routes_4x32\sram_4x32_wpr2_fd45.sp,.sp,17594,5
current_layoutgen,deliverables/sram_layoutgen_standalone/build/codex_drawn_routes_8x64/sram_8x64_wpr4_fd45.sp,E:\njust\keyan\SRAM Compiler_V2\OpenRAM-stable\deliverables\sram_layoutgen_standalone\build\codex_drawn_routes_8x64\sram_8x64_wpr4_fd45.sp,.sp,41166,5
current_layoutgen,deliverables/sram_layoutgen_standalone/build/codex_dynamic_bbox_pitchcheck_quick/4x32_wpr1/sram_4x32_wpr1_fd45.sp,E:\njust\keyan\SRAM Compiler_V2\OpenRAM-stable\deliverables\sram_layoutgen_standalone\build\codex_dynamic_bbox_pitchcheck_quick\4x32_wpr1\sram_4x32_wpr1_fd45.sp,.sp,22474,5
current_layoutgen,deliverables/sram_layoutgen_standalone/build/codex_dynamic_bbox_pitchcheck_quick/4x32_wpr2/sram_4x32_wpr2_fd45.sp,E:\njust\keyan\SRAM Compiler_V2\OpenRAM-stable\deliverables\sram_layoutgen_standalone\build\codex_dynamic_bbox_pitchcheck_quick\4x32_wpr2\sram_4x32_wpr2_fd45.sp,.sp,17594,5
current_layoutgen,deliverables/sram_layoutgen_standalone/build/codex_dynamic_bbox_pitchcheck_quick/8x64_wpr4/sram_8x64_wpr4_fd45.sp,E:\njust\keyan\SRAM Compiler_V2\OpenRAM-stable\deliverables\sram_layoutgen_standalone\build\codex_dynamic_bbox_pitchcheck_quick\8x64_wpr4\sram_8x64_wpr4_fd45.sp,.sp,41166,5
current_layoutgen,deliverables/sram_layoutgen_standalone/build/codex_dynamic_bbox_quick/4x32_wpr1/sram_4x32_wpr1_fd45.sp,E:\njust\keyan\SRAM Compiler_V2\OpenRAM-stable\deliverables\sram_layoutgen_standalone\build\codex_dynamic_bbox_quick\4x32_wpr1\sram_4x32_wpr1_fd45.sp,.sp,22474,5
current_layoutgen,deliverables/sram_layoutgen_standalone/build/codex_dynamic_bbox_quick/4x32_wpr2/sram_4x32_wpr2_fd45.sp,E:\njust\keyan\SRAM Compiler_V2\OpenRAM-stable\deliverables\sram_layoutgen_standalone\build\codex_dynamic_bbox_quick\4x32_wpr2\sram_4x32_wpr2_fd45.sp,.sp,17594,5
current_layoutgen,deliverables/sram_layoutgen_standalone/build/codex_dynamic_bbox_quick/8x64_wpr4/sram_8x64_wpr4_fd45.sp,E:\njust\keyan\SRAM Compiler_V2\OpenRAM-stable\deliverables\sram_layoutgen_standalone\build\codex_dynamic_bbox_quick\8x64_wpr4\sram_8x64_wpr4_fd45.sp,.sp,41166,5
current_layoutgen,deliverables/sram_layoutgen_standalone/build/codex_dynamic_bbox_viasnap_quick/4x32_wpr1/sram_4x32_wpr1_fd45.sp,E:\njust\keyan\SRAM Compiler_V2\OpenRAM-stable\deliverables\sram_layoutgen_standalone\build\codex_dynamic_bbox_viasnap_quick\4x32_wpr1\sram_4x32_wpr1_fd45.sp,.sp,22474,5
current_layoutgen,deliverables/sram_layoutgen_standalone/build/codex_dynamic_bbox_viasnap_quick/4x32_wpr2/sram_4x32_wpr2_fd45.sp,E:\njust\keyan\SRAM Compiler_V2\OpenRAM-stable\deliverables\sram_layoutgen_standalone\build\codex_dynamic_bbox_viasnap_quick\4x32_wpr2\sram_4x32_wpr2_fd45.sp,.sp,17594,5
current_layoutgen,deliverables/sram_layoutgen_standalone/build/codex_dynamic_bbox_viasnap_quick/8x64_wpr4/sram_8x64_wpr4_fd45.sp,E:\njust\keyan\SRAM Compiler_V2\OpenRAM-stable\deliverables\sram_layoutgen_standalone\build\codex_dynamic_bbox_viasnap_quick\8x64_wpr4\sram_8x64_wpr4_fd45.sp,.sp,41166,5
current_layoutgen,deliverables/sram_layoutgen_standalone/build/codex_external_signoff_dryrun/sram_4x32_wpr2_fd45.sp,E:\njust\keyan\SRAM Compiler_V2\OpenRAM-stable\deliverables\sram_layoutgen_standalone\build\codex_external_signoff_dryrun\sram_4x32_wpr2_fd45.sp,.sp,17594,5
current_layoutgen,deliverables/sram_layoutgen_standalone/build/codex_external_signoff_dryrun2/sram_4x32_wpr2_fd45.sp,E:\njust\keyan\SRAM Compiler_V2\OpenRAM-stable\deliverables\sram_layoutgen_standalone\build\codex_external_signoff_dryrun2\sram_4x32_wpr2_fd45.sp,.sp,17594,5
current_layoutgen,deliverables/sram_layoutgen_standalone/build/codex_final_4x32/sram_4x32_wpr2_fd45.sp,E:\njust\keyan\SRAM Compiler_V2\OpenRAM-stable\deliverables\sram_layoutgen_standalone\build\codex_final_4x32\sram_4x32_wpr2_fd45.sp,.sp,17594,5
current_layoutgen,deliverables/sram_layoutgen_standalone/build/codex_final_8x64/sram_8x64_wpr4_fd45.sp,E:\njust\keyan\SRAM Compiler_V2\OpenRAM-stable\deliverables\sram_layoutgen_standalone\build\codex_final_8x64\sram_8x64_wpr4_fd45.sp,.sp,41166,5
current_layoutgen,deliverables/sram_layoutgen_standalone/build/codex_geometry_audit_quick/4x32_wpr1/sram_4x32_wpr1_fd45.sp,E:\njust\keyan\SRAM Compiler_V2\OpenRAM-stable\deliverables\sram_layoutgen_standalone\build\codex_geometry_audit_quick\4x32_wpr1\sram_4x32_wpr1_fd45.sp,.sp,22474,5
current_layoutgen,deliverables/sram_layoutgen_standalone/build/codex_geometry_audit_quick/4x32_wpr2/sram_4x32_wpr2_fd45.sp,E:\njust\keyan\SRAM Compiler_V2\OpenRAM-stable\deliverables\sram_layoutgen_standalone\build\codex_geometry_audit_quick\4x32_wpr2\sram_4x32_wpr2_fd45.sp,.sp,17594,5
current_layoutgen,deliverables/sram_layoutgen_standalone/build/codex_geometry_audit_quick/8x64_wpr4/sram_8x64_wpr4_fd45.sp,E:\njust\keyan\SRAM Compiler_V2\OpenRAM-stable\deliverables\sram_layoutgen_standalone\build\codex_geometry_audit_quick\8x64_wpr4\sram_8x64_wpr4_fd45.sp,.sp,41166,5
current_layoutgen,deliverables/sram_layoutgen_standalone/build/codex_geometry_audit_smoke/4x32_wpr2/sram_4x32_wpr2_fd45.sp,E:\njust\keyan\SRAM Compiler_V2\OpenRAM-stable\deliverables\sram_layoutgen_standalone\build\codex_geometry_audit_smoke\4x32_wpr2\sram_4x32_wpr2_fd45.sp,.sp,17594,5
current_layoutgen,deliverables/sram_layoutgen_standalone/build/codex_geometry_summary_quick/4x32_wpr1/sram_4x32_wpr1_fd45.sp,E:\njust\keyan\SRAM Compiler_V2\OpenRAM-stable\deliverables\sram_layoutgen_standalone\build\codex_geometry_summary_quick\4x32_wpr1\sram_4x32_wpr1_fd45.sp,.sp,22474,5
current_layoutgen,deliverables/sram_layoutgen_standalone/build/codex_geometry_summary_quick/4x32_wpr2/sram_4x32_wpr2_fd45.sp,E:\njust\keyan\SRAM Compiler_V2\OpenRAM-stable\deliverables\sram_layoutgen_standalone\build\codex_geometry_summary_quick\4x32_wpr2\sram_4x32_wpr2_fd45.sp,.sp,17594,5
current_layoutgen,deliverables/sram_layoutgen_standalone/build/codex_geometry_summary_quick/8x64_wpr4/sram_8x64_wpr4_fd45.sp,E:\njust\keyan\SRAM Compiler_V2\OpenRAM-stable\deliverables\sram_layoutgen_standalone\build\codex_geometry_summary_quick\8x64_wpr4\sram_8x64_wpr4_fd45.sp,.sp,41166,5
current_layoutgen,deliverables/sram_layoutgen_standalone/build/codex_grid_snap_smoke/4x32_wpr2/sram_4x32_wpr2_fd45.sp,E:\njust\keyan\SRAM Compiler_V2\OpenRAM-stable\deliverables\sram_layoutgen_standalone\build\codex_grid_snap_smoke\4x32_wpr2\sram_4x32_wpr2_fd45.sp,.sp,17594,5
current_layoutgen,deliverables/sram_layoutgen_standalone/build/codex_integration_gds_smoke/4x32_wpr2/sram_4x32_wpr2_fd45.sp,E:\njust\keyan\SRAM Compiler_V2\OpenRAM-stable\deliverables\sram_layoutgen_standalone\build\codex_integration_gds_smoke\4x32_wpr2\sram_4x32_wpr2_fd45.sp,.sp,17594,5
current_layoutgen,deliverables/sram_layoutgen_standalone/build/codex_layer_audit_8x64/sram_8x64_wpr4_fd45.sp,E:\njust\keyan\SRAM Compiler_V2\OpenRAM-stable\deliverables\sram_layoutgen_standalone\build\codex_layer_audit_8x64\sram_8x64_wpr4_fd45.sp,.sp,41166,5
current_layoutgen,deliverables/sram_layoutgen_standalone/build/codex_layeraudit_quick/4x32_wpr1/sram_4x32_wpr1_fd45.sp,E:\njust\keyan\SRAM Compiler_V2\OpenRAM-stable\deliverables\sram_layoutgen_standalone\build\codex_layeraudit_quick\4x32_wpr1\sram_4x32_wpr1_fd45.sp,.sp,22474,5
current_layoutgen,deliverables/sram_layoutgen_standalone/build/codex_layeraudit_quick/4x32_wpr2/sram_4x32_wpr2_fd45.sp,E:\njust\keyan\SRAM Compiler_V2\OpenRAM-stable\deliverables\sram_layoutgen_standalone\build\codex_layeraudit_quick\4x32_wpr2\sram_4x32_wpr2_fd45.sp,.sp,17594,5
current_layoutgen,deliverables/sram_layoutgen_standalone/build/codex_layeraudit_quick/8x64_wpr4/sram_8x64_wpr4_fd45.sp,E:\njust\keyan\SRAM Compiler_V2\OpenRAM-stable\deliverables\sram_layoutgen_standalone\build\codex_layeraudit_quick\8x64_wpr4\sram_8x64_wpr4_fd45.sp,.sp,41166,5
current_layoutgen,deliverables/sram_layoutgen_standalone/build/codex_local_tracks_4x32/sram_4x32_wpr2_fd45.sp,E:\njust\keyan\SRAM Compiler_V2\OpenRAM-stable\deliverables\sram_layoutgen_standalone\build\codex_local_tracks_4x32\sram_4x32_wpr2_fd45.sp,.sp,17594,5
current_layoutgen,deliverables/sram_layoutgen_standalone/build/codex_local_tracks_8x64/sram_8x64_wpr4_fd45.sp,E:\njust\keyan\SRAM Compiler_V2\OpenRAM-stable\deliverables\sram_layoutgen_standalone\build\codex_local_tracks_8x64\sram_8x64_wpr4_fd45.sp,.sp,41166,5
current_layoutgen,deliverables/sram_layoutgen_standalone/build/codex_local_tracks_rowcompact_4x32/sram_4x32_wpr2_fd45.sp,E:\njust\keyan\SRAM Compiler_V2\OpenRAM-stable\deliverables\sram_layoutgen_standalone\build\codex_local_tracks_rowcompact_4x32\sram_4x32_wpr2_fd45.sp,.sp,17594,5
current_layoutgen,deliverables/sram_layoutgen_standalone/build/codex_local_tracks_rowcompact_8x64/sram_8x64_wpr4_fd45.sp,E:\njust\keyan\SRAM Compiler_V2\OpenRAM-stable\deliverables\sram_layoutgen_standalone\build\codex_local_tracks_rowcompact_8x64\sram_8x64_wpr4_fd45.sp,.sp,41166,5
current_layoutgen,deliverables/sram_layoutgen_standalone/build/codex_local_tracks_safe2_4x32/sram_4x32_wpr2_fd45.sp,E:\njust\keyan\SRAM Compiler_V2\OpenRAM-stable\deliverables\sram_layoutgen_standalone\build\codex_local_tracks_safe2_4x32\sram_4x32_wpr2_fd45.sp,.sp,17594,5
current_layoutgen,deliverables/sram_layoutgen_standalone/build/codex_local_tracks_safe2_8x64/sram_8x64_wpr4_fd45.sp,E:\njust\keyan\SRAM Compiler_V2\OpenRAM-stable\deliverables\sram_layoutgen_standalone\build\codex_local_tracks_safe2_8x64\sram_8x64_wpr4_fd45.sp,.sp,41166,5
current_layoutgen,deliverables/sram_layoutgen_standalone/build/codex_local_tracks_safe_4x32/sram_4x32_wpr2_fd45.sp,E:\njust\keyan\SRAM Compiler_V2\OpenRAM-stable\deliverables\sram_layoutgen_standalone\build\codex_local_tracks_safe_4x32\sram_4x32_wpr2_fd45.sp,.sp,17594,5
current_layoutgen,deliverables/sram_layoutgen_standalone/build/codex_local_tracks_safe_8x64/sram_8x64_wpr4_fd45.sp,E:\njust\keyan\SRAM Compiler_V2\OpenRAM-stable\deliverables\sram_layoutgen_standalone\build\codex_local_tracks_safe_8x64\sram_8x64_wpr4_fd45.sp,.sp,41166,5
current_layoutgen,deliverables/sram_layoutgen_standalone/build/codex_manifest_quick/4x32_wpr1/sram_4x32_wpr1_fd45.sp,E:\njust\keyan\SRAM Compiler_V2\OpenRAM-stable\deliverables\sram_layoutgen_standalone\build\codex_manifest_quick\4x32_wpr1\sram_4x32_wpr1_fd45.sp,.sp,22559,5
current_layoutgen,deliverables/sram_layoutgen_standalone/build/codex_manifest_quick/4x32_wpr2/sram_4x32_wpr2_fd45.sp,E:\njust\keyan\SRAM Compiler_V2\OpenRAM-stable\deliverables\sram_layoutgen_standalone\build\codex_manifest_quick\4x32_wpr2\sram_4x32_wpr2_fd45.sp,.sp,17679,5
current_layoutgen,deliverables/sram_layoutgen_standalone/build/codex_manifest_quick/8x64_wpr4/sram_8x64_wpr4_fd45.sp,E:\njust\keyan\SRAM Compiler_V2\OpenRAM-stable\deliverables\sram_layoutgen_standalone\build\codex_manifest_quick\8x64_wpr4\sram_8x64_wpr4_fd45.sp,.sp,41251,5
current_layoutgen,deliverables/sram_layoutgen_standalone/build/codex_merge_routes_quick/4x32_wpr1/sram_4x32_wpr1_fd45.sp,E:\njust\keyan\SRAM Compiler_V2\OpenRAM-stable\deliverables\sram_layoutgen_standalone\build\codex_merge_routes_quick\4x32_wpr1\sram_4x32_wpr1_fd45.sp,.sp,22474,5
current_layoutgen,deliverables/sram_layoutgen_standalone/build/codex_merge_routes_quick/4x32_wpr2/sram_4x32_wpr2_fd45.sp,E:\njust\keyan\SRAM Compiler_V2\OpenRAM-stable\deliverables\sram_layoutgen_standalone\build\codex_merge_routes_quick\4x32_wpr2\sram_4x32_wpr2_fd45.sp,.sp,17594,5
current_layoutgen,deliverables/sram_layoutgen_standalone/build/codex_merge_routes_quick/8x64_wpr4/sram_8x64_wpr4_fd45.sp,E:\njust\keyan\SRAM Compiler_V2\OpenRAM-stable\deliverables\sram_layoutgen_standalone\build\codex_merge_routes_quick\8x64_wpr4\sram_8x64_wpr4_fd45.sp,.sp,41166,5
current_layoutgen,deliverables/sram_layoutgen_standalone/build/codex_merge_routes_smoke/4x32_wpr2/sram_4x32_wpr2_fd45.sp,E:\njust\keyan\SRAM Compiler_V2\OpenRAM-stable\deliverables\sram_layoutgen_standalone\build\codex_merge_routes_smoke\4x32_wpr2\sram_4x32_wpr2_fd45.sp,.sp,17594,5
current_layoutgen,deliverables/sram_layoutgen_standalone/build/codex_merge_routes_stress/16x128_wpr2/sram_16x128_wpr2_fd45.sp,E:\njust\keyan\SRAM Compiler_V2\OpenRAM-stable\deliverables\sram_layoutgen_standalone\build\codex_merge_routes_stress\16x128_wpr2\sram_16x128_wpr2_fd45.sp,.sp,137714,5
current_layoutgen,deliverables/sram_layoutgen_standalone/build/codex_merge_routes_stress/16x128_wpr8/sram_16x128_wpr8_fd45.sp,E:\njust\keyan\SRAM Compiler_V2\OpenRAM-stable\deliverables\sram_layoutgen_standalone\build\codex_merge_routes_stress\16x128_wpr8\sram_16x128_wpr8_fd45.sp,.sp,135160,5
current_layoutgen,deliverables/sram_layoutgen_standalone/build/codex_overlap_audit_quick/4x32_wpr1/sram_4x32_wpr1_fd45.sp,E:\njust\keyan\SRAM Compiler_V2\OpenRAM-stable\deliverables\sram_layoutgen_standalone\build\codex_overlap_audit_quick\4x32_wpr1\sram_4x32_wpr1_fd45.sp,.sp,22474,5
current_layoutgen,deliverables/sram_layoutgen_standalone/build/codex_overlap_audit_quick/4x32_wpr2/sram_4x32_wpr2_fd45.sp,E:\njust\keyan\SRAM Compiler_V2\OpenRAM-stable\deliverables\sram_layoutgen_standalone\build\codex_overlap_audit_quick\4x32_wpr2\sram_4x32_wpr2_fd45.sp,.sp,17594,5
current_layoutgen,deliverables/sram_layoutgen_standalone/build/codex_overlap_audit_quick/8x64_wpr4/sram_8x64_wpr4_fd45.sp,E:\njust\keyan\SRAM Compiler_V2\OpenRAM-stable\deliverables\sram_layoutgen_standalone\build\codex_overlap_audit_quick\8x64_wpr4\sram_8x64_wpr4_fd45.sp,.sp,41166,5
current_layoutgen,deliverables/sram_layoutgen_standalone/build/codex_pin_access_8x64/sram_8x64_wpr4_fd45.sp,E:\njust\keyan\SRAM Compiler_V2\OpenRAM-stable\deliverables\sram_layoutgen_standalone\build\codex_pin_access_8x64\sram_8x64_wpr4_fd45.sp,.sp,41166,5
current_layoutgen,deliverables/sram_layoutgen_standalone/build/codex_pin_access_routes2_4x32/sram_4x32_wpr2_fd45.sp,E:\njust\keyan\SRAM Compiler_V2\OpenRAM-stable\deliverables\sram_layoutgen_standalone\build\codex_pin_access_routes2_4x32\sram_4x32_wpr2_fd45.sp,.sp,17594,5
current_layoutgen,deliverables/sram_layoutgen_standalone/build/codex_pin_access_routes2_8x64/sram_8x64_wpr4_fd45.sp,E:\njust\keyan\SRAM Compiler_V2\OpenRAM-stable\deliverables\sram_layoutgen_standalone\build\codex_pin_access_routes2_8x64\sram_8x64_wpr4_fd45.sp,.sp,41166,5
current_layoutgen,deliverables/sram_layoutgen_standalone/build/codex_pin_access_routes_4x32/sram_4x32_wpr2_fd45.sp,E:\njust\keyan\SRAM Compiler_V2\OpenRAM-stable\deliverables\sram_layoutgen_standalone\build\codex_pin_access_routes_4x32\sram_4x32_wpr2_fd45.sp,.sp,17594,5
current_layoutgen,deliverables/sram_layoutgen_standalone/build/codex_pin_access_routes_8x64/sram_8x64_wpr4_fd45.sp,E:\njust\keyan\SRAM Compiler_V2\OpenRAM-stable\deliverables\sram_layoutgen_standalone\build\codex_pin_access_routes_8x64\sram_8x64_wpr4_fd45.sp,.sp,41166,5
current_layoutgen,deliverables/sram_layoutgen_standalone/build/codex_pinlanding_quick/4x32_wpr1/sram_4x32_wpr1_fd45.sp,E:\njust\keyan\SRAM Compiler_V2\OpenRAM-stable\deliverables\sram_layoutgen_standalone\build\codex_pinlanding_quick\4x32_wpr1\sram_4x32_wpr1_fd45.sp,.sp,22474,5
current_layoutgen,deliverables/sram_layoutgen_standalone/build/codex_pinlanding_quick/4x32_wpr2/sram_4x32_wpr2_fd45.sp,E:\njust\keyan\SRAM Compiler_V2\OpenRAM-stable\deliverables\sram_layoutgen_standalone\build\codex_pinlanding_quick\4x32_wpr2\sram_4x32_wpr2_fd45.sp,.sp,17594,5
current_layoutgen,deliverables/sram_layoutgen_standalone/build/codex_pinlanding_quick/8x64_wpr4/sram_8x64_wpr4_fd45.sp,E:\njust\keyan\SRAM Compiler_V2\OpenRAM-stable\deliverables\sram_layoutgen_standalone\build\codex_pinlanding_quick\8x64_wpr4\sram_8x64_wpr4_fd45.sp,.sp,41166,5
current_layoutgen,deliverables/sram_layoutgen_standalone/build/codex_promoted_routes_4x32/sram_4x32_wpr2_fd45.sp,E:\njust\keyan\SRAM Compiler_V2\OpenRAM-stable\deliverables\sram_layoutgen_standalone\build\codex_promoted_routes_4x32\sram_4x32_wpr2_fd45.sp,.sp,17594,5
current_layoutgen,deliverables/sram_layoutgen_standalone/build/codex_promoted_routes_8x64/sram_8x64_wpr4_fd45.sp,E:\njust\keyan\SRAM Compiler_V2\OpenRAM-stable\deliverables\sram_layoutgen_standalone\build\codex_promoted_routes_8x64\sram_8x64_wpr4_fd45.sp,.sp,41166,5
current_layoutgen,deliverables/sram_layoutgen_standalone/build/codex_regression_sweep/16x128_wpr1/sram_16x128_wpr1_fd45.sp,E:\njust\keyan\SRAM Compiler_V2\OpenRAM-stable\deliverables\sram_layoutgen_standalone\build\codex_regression_sweep\16x128_wpr1\sram_16x128_wpr1_fd45.sp,.sp,156600,5
current_layoutgen,deliverables/sram_layoutgen_standalone/build/codex_regression_sweep/16x128_wpr2/sram_16x128_wpr2_fd45.sp,E:\njust\keyan\SRAM Compiler_V2\OpenRAM-stable\deliverables\sram_layoutgen_standalone\build\codex_regression_sweep\16x128_wpr2\sram_16x128_wpr2_fd45.sp,.sp,137714,5
current_layoutgen,deliverables/sram_layoutgen_standalone/build/codex_regression_sweep/16x128_wpr4/sram_16x128_wpr4_fd45.sp,E:\njust\keyan\SRAM Compiler_V2\OpenRAM-stable\deliverables\sram_layoutgen_standalone\build\codex_regression_sweep\16x128_wpr4\sram_16x128_wpr4_fd45.sp,.sp,131504,5
current_layoutgen,deliverables/sram_layoutgen_standalone/build/codex_regression_sweep/16x128_wpr8/sram_16x128_wpr8_fd45.sp,E:\njust\keyan\SRAM Compiler_V2\OpenRAM-stable\deliverables\sram_layoutgen_standalone\build\codex_regression_sweep\16x128_wpr8\sram_16x128_wpr8_fd45.sp,.sp,135160,5
current_layoutgen,deliverables/sram_layoutgen_standalone/build/codex_regression_sweep/16x32_wpr1/sram_16x32_wpr1_fd45.sp,E:\njust\keyan\SRAM Compiler_V2\OpenRAM-stable\deliverables\sram_layoutgen_standalone\build\codex_regression_sweep\16x32_wpr1\sram_16x32_wpr1_fd45.sp,.sp,46110,5
current_layoutgen,deliverables/sram_layoutgen_standalone/build/codex_regression_sweep/16x32_wpr2/sram_16x32_wpr2_fd45.sp,E:\njust\keyan\SRAM Compiler_V2\OpenRAM-stable\deliverables\sram_layoutgen_standalone\build\codex_regression_sweep\16x32_wpr2\sram_16x32_wpr2_fd45.sp,.sp,43020,5
current_layoutgen,deliverables/sram_layoutgen_standalone/build/codex_regression_sweep/16x64_wpr1/sram_16x64_wpr1_fd45.sp,E:\njust\keyan\SRAM Compiler_V2\OpenRAM-stable\deliverables\sram_layoutgen_standalone\build\codex_regression_sweep\16x64_wpr1\sram_16x64_wpr1_fd45.sp,.sp,82524,5
current_layoutgen,deliverables/sram_layoutgen_standalone/build/codex_regression_sweep/16x64_wpr2/sram_16x64_wpr2_fd45.sp,E:\njust\keyan\SRAM Compiler_V2\OpenRAM-stable\deliverables\sram_layoutgen_standalone\build\codex_regression_sweep\16x64_wpr2\sram_16x64_wpr2_fd45.sp,.sp,74570,5
current_layoutgen,deliverables/sram_layoutgen_standalone/build/codex_regression_sweep/16x64_wpr4/sram_16x64_wpr4_fd45.sp,E:\njust\keyan\SRAM Compiler_V2\OpenRAM-stable\deliverables\sram_layoutgen_standalone\build\codex_regression_sweep\16x64_wpr4\sram_16x64_wpr4_fd45.sp,.sp,73224,5
current_layoutgen,deliverables/sram_layoutgen_standalone/build/codex_regression_sweep/1x128_wpr1/sram_1x128_wpr1_fd45.sp,E:\njust\keyan\SRAM Compiler_V2\OpenRAM-stable\deliverables\sram_layoutgen_standalone\build\codex_regression_sweep\1x128_wpr1\sram_1x128_wpr1_fd45.sp,.sp,54106,5
current_layoutgen,deliverables/sram_layoutgen_standalone/build/codex_regression_sweep/1x128_wpr2/sram_1x128_wpr2_fd45.sp,E:\njust\keyan\SRAM Compiler_V2\OpenRAM-stable\deliverables\sram_layoutgen_standalone\build\codex_regression_sweep\1x128_wpr2\sram_1x128_wpr2_fd45.sp,.sp,32533,5
current_layoutgen,deliverables/sram_layoutgen_standalone/build/codex_regression_sweep/1x128_wpr4/sram_1x128_wpr4_fd45.sp,E:\njust\keyan\SRAM Compiler_V2\OpenRAM-stable\deliverables\sram_layoutgen_standalone\build\codex_regression_sweep\1x128_wpr4\sram_1x128_wpr4_fd45.sp,.sp,22181,5
current_layoutgen,deliverables/sram_layoutgen_standalone/build/codex_regression_sweep/1x128_wpr8/sram_1x128_wpr8_fd45.sp,E:\njust\keyan\SRAM Compiler_V2\OpenRAM-stable\deliverables\sram_layoutgen_standalone\build\codex_regression_sweep\1x128_wpr8\sram_1x128_wpr8_fd45.sp,.sp,17481,5
current_layoutgen,deliverables/sram_layoutgen_standalone/build/codex_regression_sweep/1x16_wpr1/sram_1x16_wpr1_fd45.sp,E:\njust\keyan\SRAM Compiler_V2\OpenRAM-stable\deliverables\sram_layoutgen_standalone\build\codex_regression_sweep\1x16_wpr1\sram_1x16_wpr1_fd45.sp,.sp,10456,5
current_layoutgen,deliverables/sram_layoutgen_standalone/build/codex_regression_sweep/1x32_wpr1/sram_1x32_wpr1_fd45.sp,E:\njust\keyan\SRAM Compiler_V2\OpenRAM-stable\deliverables\sram_layoutgen_standalone\build\codex_regression_sweep\1x32_wpr1\sram_1x32_wpr1_fd45.sp,.sp,16744,5
current_layoutgen,deliverables/sram_layoutgen_standalone/build/codex_regression_sweep/1x32_wpr2/sram_1x32_wpr2_fd45.sp,E:\njust\keyan\SRAM Compiler_V2\OpenRAM-stable\deliverables\sram_layoutgen_standalone\build\codex_regression_sweep\1x32_wpr2\sram_1x32_wpr2_fd45.sp,.sp,11567,5
current_layoutgen,deliverables/sram_layoutgen_standalone/build/codex_regression_sweep/1x64_wpr1/sram_1x64_wpr1_fd45.sp,E:\njust\keyan\SRAM Compiler_V2\OpenRAM-stable\deliverables\sram_layoutgen_standalone\build\codex_regression_sweep\1x64_wpr1\sram_1x64_wpr1_fd45.sp,.sp,29062,5
current_layoutgen,deliverables/sram_layoutgen_standalone/build/codex_regression_sweep/1x64_wpr2/sram_1x64_wpr2_fd45.sp,E:\njust\keyan\SRAM Compiler_V2\OpenRAM-stable\deliverables\sram_layoutgen_standalone\build\codex_regression_sweep\1x64_wpr2\sram_1x64_wpr2_fd45.sp,.sp,18541,5
current_layoutgen,deliverables/sram_layoutgen_standalone/build/codex_regression_sweep/1x64_wpr4/sram_1x64_wpr4_fd45.sp,E:\njust\keyan\SRAM Compiler_V2\OpenRAM-stable\deliverables\sram_layoutgen_standalone\build\codex_regression_sweep\1x64_wpr4\sram_1x64_wpr4_fd45.sp,.sp,13533,5
current_layoutgen,deliverables/sram_layoutgen_standalone/build/codex_regression_sweep/2x128_wpr1/sram_2x128_wpr1_fd45.sp,E:\njust\keyan\SRAM Compiler_V2\OpenRAM-stable\deliverables\sram_layoutgen_standalone\build\codex_regression_sweep\2x128_wpr1\sram_2x128_wpr1_fd45.sp,.sp,60776,5
current_layoutgen,deliverables/sram_layoutgen_standalone/build/codex_regression_sweep/2x128_wpr2/sram_2x128_wpr2_fd45.sp,E:\njust\keyan\SRAM Compiler_V2\OpenRAM-stable\deliverables\sram_layoutgen_standalone\build\codex_regression_sweep\2x128_wpr2\sram_2x128_wpr2_fd45.sp,.sp,39246,5
current_layoutgen,deliverables/sram_layoutgen_standalone/build/codex_regression_sweep/2x128_wpr4/sram_2x128_wpr4_fd45.sp,E:\njust\keyan\SRAM Compiler_V2\OpenRAM-stable\deliverables\sram_layoutgen_standalone\build\codex_regression_sweep\2x128_wpr4\sram_2x128_wpr4_fd45.sp,.sp,29092,5
current_layoutgen,deliverables/sram_layoutgen_standalone/build/codex_regression_sweep/2x128_wpr8/sram_2x128_wpr8_fd45.sp,E:\njust\keyan\SRAM Compiler_V2\OpenRAM-stable\deliverables\sram_layoutgen_standalone\build\codex_regression_sweep\2x128_wpr8\sram_2x128_wpr8_fd45.sp,.sp,25112,5
current_layoutgen,deliverables/sram_layoutgen_standalone/build/codex_regression_sweep/2x32_wpr1/sram_2x32_wpr1_fd45.sp,E:\njust\keyan\SRAM Compiler_V2\OpenRAM-stable\deliverables\sram_layoutgen_standalone\build\codex_regression_sweep\2x32_wpr1\sram_2x32_wpr1_fd45.sp,.sp,18654,5
current_layoutgen,deliverables/sram_layoutgen_standalone/build/codex_regression_sweep/2x32_wpr2/sram_2x32_wpr2_fd45.sp,E:\njust\keyan\SRAM Compiler_V2\OpenRAM-stable\deliverables\sram_layoutgen_standalone\build\codex_regression_sweep\2x32_wpr2\sram_2x32_wpr2_fd45.sp,.sp,13576,5
current_layoutgen,deliverables/sram_layoutgen_standalone/build/codex_regression_sweep/2x64_wpr1/sram_2x64_wpr1_fd45.sp,E:\njust\keyan\SRAM Compiler_V2\OpenRAM-stable\deliverables\sram_layoutgen_standalone\build\codex_regression_sweep\2x64_wpr1\sram_2x64_wpr1_fd45.sp,.sp,32540,5
current_layoutgen,deliverables/sram_layoutgen_standalone/build/codex_regression_sweep/2x64_wpr2/sram_2x64_wpr2_fd45.sp,E:\njust\keyan\SRAM Compiler_V2\OpenRAM-stable\deliverables\sram_layoutgen_standalone\build\codex_regression_sweep\2x64_wpr2\sram_2x64_wpr2_fd45.sp,.sp,22118,5
current_layoutgen,deliverables/sram_layoutgen_standalone/build/codex_regression_sweep/2x64_wpr4/sram_2x64_wpr4_fd45.sp,E:\njust\keyan\SRAM Compiler_V2\OpenRAM-stable\deliverables\sram_layoutgen_standalone\build\codex_regression_sweep\2x64_wpr4\sram_2x64_wpr4_fd45.sp,.sp,17308,5
current_layoutgen,deliverables/sram_layoutgen_standalone/build/codex_regression_sweep/4x128_wpr1/sram_4x128_wpr1_fd45.sp,E:\njust\keyan\SRAM Compiler_V2\OpenRAM-stable\deliverables\sram_layoutgen_standalone\build\codex_regression_sweep\4x128_wpr1\sram_4x128_wpr1_fd45.sp,.sp,74116,5
current_layoutgen,deliverables/sram_layoutgen_standalone/build/codex_regression_sweep/4x128_wpr2/sram_4x128_wpr2_fd45.sp,E:\njust\keyan\SRAM Compiler_V2\OpenRAM-stable\deliverables\sram_layoutgen_standalone\build\codex_regression_sweep\4x128_wpr2\sram_4x128_wpr2_fd45.sp,.sp,52672,5
current_layoutgen,deliverables/sram_layoutgen_standalone/build/codex_regression_sweep/4x128_wpr4/sram_4x128_wpr4_fd45.sp,E:\njust\keyan\SRAM Compiler_V2\OpenRAM-stable\deliverables\sram_layoutgen_standalone\build\codex_regression_sweep\4x128_wpr4\sram_4x128_wpr4_fd45.sp,.sp,43530,5
current_layoutgen,deliverables/sram_layoutgen_standalone/build/codex_regression_sweep/4x128_wpr8/sram_4x128_wpr8_fd45.sp,E:\njust\keyan\SRAM Compiler_V2\OpenRAM-stable\deliverables\sram_layoutgen_standalone\build\codex_regression_sweep\4x128_wpr8\sram_4x128_wpr8_fd45.sp,.sp,40598,5
current_layoutgen,deliverables/sram_layoutgen_standalone/build/codex_regression_sweep/4x16_wpr1/sram_4x16_wpr1_fd45.sp,E:\njust\keyan\SRAM Compiler_V2\OpenRAM-stable\deliverables\sram_layoutgen_standalone\build\codex_regression_sweep\4x16_wpr1\sram_4x16_wpr1_fd45.sp,.sp,13834,5
current_layoutgen,deliverables/sram_layoutgen_standalone/build/codex_regression_sweep/4x32_wpr1/sram_4x32_wpr1_fd45.sp,E:\njust\keyan\SRAM Compiler_V2\OpenRAM-stable\deliverables\sram_layoutgen_standalone\build\codex_regression_sweep\4x32_wpr1\sram_4x32_wpr1_fd45.sp,.sp,22474,5
current_layoutgen,deliverables/sram_layoutgen_standalone/build/codex_regression_sweep/4x32_wpr2/sram_4x32_wpr2_fd45.sp,E:\njust\keyan\SRAM Compiler_V2\OpenRAM-stable\deliverables\sram_layoutgen_standalone\build\codex_regression_sweep\4x32_wpr2\sram_4x32_wpr2_fd45.sp,.sp,17594,5
current_layoutgen,deliverables/sram_layoutgen_standalone/build/codex_regression_sweep/4x64_wpr1/sram_4x64_wpr1_fd45.sp,E:\njust\keyan\SRAM Compiler_V2\OpenRAM-stable\deliverables\sram_layoutgen_standalone\build\codex_regression_sweep\4x64_wpr1\sram_4x64_wpr1_fd45.sp,.sp,39496,5
current_layoutgen,deliverables/sram_layoutgen_standalone/build/codex_regression_sweep/4x64_wpr2/sram_4x64_wpr2_fd45.sp,E:\njust\keyan\SRAM Compiler_V2\OpenRAM-stable\deliverables\sram_layoutgen_standalone\build\codex_regression_sweep\4x64_wpr2\sram_4x64_wpr2_fd45.sp,.sp,29272,5
current_layoutgen,deliverables/sram_layoutgen_standalone/build/codex_regression_sweep/4x64_wpr4/sram_4x64_wpr4_fd45.sp,E:\njust\keyan\SRAM Compiler_V2\OpenRAM-stable\deliverables\sram_layoutgen_standalone\build\codex_regression_sweep\4x64_wpr4\sram_4x64_wpr4_fd45.sp,.sp,25186,5
current_layoutgen,deliverables/sram_layoutgen_standalone/build/codex_regression_sweep/8x128_wpr1/sram_8x128_wpr1_fd45.sp,E:\njust\keyan\SRAM Compiler_V2\OpenRAM-stable\deliverables\sram_layoutgen_standalone\build\codex_regression_sweep\8x128_wpr1\sram_8x128_wpr1_fd45.sp,.sp,100796,5
current_layoutgen,deliverables/sram_layoutgen_standalone/build/codex_regression_sweep/8x128_wpr2/sram_8x128_wpr2_fd45.sp,E:\njust\keyan\SRAM Compiler_V2\OpenRAM-stable\deliverables\sram_layoutgen_standalone\build\codex_regression_sweep\8x128_wpr2\sram_8x128_wpr2_fd45.sp,.sp,80724,5
current_layoutgen,deliverables/sram_layoutgen_standalone/build/codex_regression_sweep/8x128_wpr4/sram_8x128_wpr4_fd45.sp,E:\njust\keyan\SRAM Compiler_V2\OpenRAM-stable\deliverables\sram_layoutgen_standalone\build\codex_regression_sweep\8x128_wpr4\sram_8x128_wpr4_fd45.sp,.sp,72822,5
current_layoutgen,deliverables/sram_layoutgen_standalone/build/codex_regression_sweep/8x128_wpr8/sram_8x128_wpr8_fd45.sp,E:\njust\keyan\SRAM Compiler_V2\OpenRAM-stable\deliverables\sram_layoutgen_standalone\build\codex_regression_sweep\8x128_wpr8\sram_8x128_wpr8_fd45.sp,.sp,71570,5
current_layoutgen,deliverables/sram_layoutgen_standalone/build/codex_regression_sweep/8x16_wpr1/sram_8x16_wpr1_fd45.sp,E:\njust\keyan\SRAM Compiler_V2\OpenRAM-stable\deliverables\sram_layoutgen_standalone\build\codex_regression_sweep\8x16_wpr1\sram_8x16_wpr1_fd45.sp,.sp,18338,5
current_layoutgen,deliverables/sram_layoutgen_standalone/build/codex_regression_sweep/8x32_wpr1/sram_8x32_wpr1_fd45.sp,E:\njust\keyan\SRAM Compiler_V2\OpenRAM-stable\deliverables\sram_layoutgen_standalone\build\codex_regression_sweep\8x32_wpr1\sram_8x32_wpr1_fd45.sp,.sp,30114,5
current_layoutgen,deliverables/sram_layoutgen_standalone/build/codex_regression_sweep/8x32_wpr2/sram_8x32_wpr2_fd45.sp,E:\njust\keyan\SRAM Compiler_V2\OpenRAM-stable\deliverables\sram_layoutgen_standalone\build\codex_regression_sweep\8x32_wpr2\sram_8x32_wpr2_fd45.sp,.sp,25966,5
current_layoutgen,deliverables/sram_layoutgen_standalone/build/codex_regression_sweep/8x64_wpr1/sram_8x64_wpr1_fd45.sp,E:\njust\keyan\SRAM Compiler_V2\OpenRAM-stable\deliverables\sram_layoutgen_standalone\build\codex_regression_sweep\8x64_wpr1\sram_8x64_wpr1_fd45.sp,.sp,53408,5
current_layoutgen,deliverables/sram_layoutgen_standalone/build/codex_regression_sweep/8x64_wpr2/sram_8x64_wpr2_fd45.sp,E:\njust\keyan\SRAM Compiler_V2\OpenRAM-stable\deliverables\sram_layoutgen_standalone\build\codex_regression_sweep\8x64_wpr2\sram_8x64_wpr2_fd45.sp,.sp,44204,5
current_layoutgen,deliverables/sram_layoutgen_standalone/build/codex_regression_sweep/8x64_wpr4/sram_8x64_wpr4_fd45.sp,E:\njust\keyan\SRAM Compiler_V2\OpenRAM-stable\deliverables\sram_layoutgen_standalone\build\codex_regression_sweep\8x64_wpr4\sram_8x64_wpr4_fd45.sp,.sp,41166,5
current_layoutgen,deliverables/sram_layoutgen_standalone/build/codex_regression_sweep_colsel_cond/16x128_wpr1/sram_16x128_wpr1_fd45.sp,E:\njust\keyan\SRAM Compiler_V2\OpenRAM-stable\deliverables\sram_layoutgen_standalone\build\codex_regression_sweep_colsel_cond\16x128_wpr1\sram_16x128_wpr1_fd45.sp,.sp,156600,5
current_layoutgen,deliverables/sram_layoutgen_standalone/build/codex_regression_sweep_colsel_cond/16x128_wpr2/sram_16x128_wpr2_fd45.sp,E:\njust\keyan\SRAM Compiler_V2\OpenRAM-stable\deliverables\sram_layoutgen_standalone\build\codex_regression_sweep_colsel_cond\16x128_wpr2\sram_16x128_wpr2_fd45.sp,.sp,137714,5
current_layoutgen,deliverables/sram_layoutgen_standalone/build/codex_regression_sweep_colsel_cond/16x128_wpr4/sram_16x128_wpr4_fd45.sp,E:\njust\keyan\SRAM Compiler_V2\OpenRAM-stable\deliverables\sram_layoutgen_standalone\build\codex_regression_sweep_colsel_cond\16x128_wpr4\sram_16x128_wpr4_fd45.sp,.sp,131504,5
current_layoutgen,deliverables/sram_layoutgen_standalone/build/codex_regression_sweep_colsel_cond/16x128_wpr8/sram_16x128_wpr8_fd45.sp,E:\njust\keyan\SRAM Compiler_V2\OpenRAM-stable\deliverables\sram_layoutgen_standalone\build\codex_regression_sweep_colsel_cond\16x128_wpr8\sram_16x128_wpr8_fd45.sp,.sp,135160,5
current_layoutgen,deliverables/sram_layoutgen_standalone/build/codex_regression_sweep_colsel_cond/16x32_wpr1/sram_16x32_wpr1_fd45.sp,E:\njust\keyan\SRAM Compiler_V2\OpenRAM-stable\deliverables\sram_layoutgen_standalone\build\codex_regression_sweep_colsel_cond\16x32_wpr1\sram_16x32_wpr1_fd45.sp,.sp,46110,5
current_layoutgen,deliverables/sram_layoutgen_standalone/build/codex_regression_sweep_colsel_cond/16x32_wpr2/sram_16x32_wpr2_fd45.sp,E:\njust\keyan\SRAM Compiler_V2\OpenRAM-stable\deliverables\sram_layoutgen_standalone\build\codex_regression_sweep_colsel_cond\16x32_wpr2\sram_16x32_wpr2_fd45.sp,.sp,43020,5
current_layoutgen,deliverables/sram_layoutgen_standalone/build/codex_regression_sweep_colsel_cond/16x64_wpr1/sram_16x64_wpr1_fd45.sp,E:\njust\keyan\SRAM Compiler_V2\OpenRAM-stable\deliverables\sram_layoutgen_standalone\build\codex_regression_sweep_colsel_cond\16x64_wpr1\sram_16x64_wpr1_fd45.sp,.sp,82524,5
current_layoutgen,deliverables/sram_layoutgen_standalone/build/codex_regression_sweep_colsel_cond/16x64_wpr2/sram_16x64_wpr2_fd45.sp,E:\njust\keyan\SRAM Compiler_V2\OpenRAM-stable\deliverables\sram_layoutgen_standalone\build\codex_regression_sweep_colsel_cond\16x64_wpr2\sram_16x64_wpr2_fd45.sp,.sp,74570,5
current_layoutgen,deliverables/sram_layoutgen_standalone/build/codex_regression_sweep_colsel_cond/16x64_wpr4/sram_16x64_wpr4_fd45.sp,E:\njust\keyan\SRAM Compiler_V2\OpenRAM-stable\deliverables\sram_layoutgen_standalone\build\codex_regression_sweep_colsel_cond\16x64_wpr4\sram_16x64_wpr4_fd45.sp,.sp,73224,5
current_layoutgen,deliverables/sram_layoutgen_standalone/build/codex_regression_sweep_colsel_cond/1x128_wpr1/sram_1x128_wpr1_fd45.sp,E:\njust\keyan\SRAM Compiler_V2\OpenRAM-stable\deliverables\sram_layoutgen_standalone\build\codex_regression_sweep_colsel_cond\1x128_wpr1\sram_1x128_wpr1_fd45.sp,.sp,54106,5
current_layoutgen,deliverables/sram_layoutgen_standalone/build/codex_regression_sweep_colsel_cond/1x128_wpr2/sram_1x128_wpr2_fd45.sp,E:\njust\keyan\SRAM Compiler_V2\OpenRAM-stable\deliverables\sram_layoutgen_standalone\build\codex_regression_sweep_colsel_cond\1x128_wpr2\sram_1x128_wpr2_fd45.sp,.sp,32533,5
current_layoutgen,deliverables/sram_layoutgen_standalone/build/codex_regression_sweep_colsel_cond/1x128_wpr4/sram_1x128_wpr4_fd45.sp,E:\njust\keyan\SRAM Compiler_V2\OpenRAM-stable\deliverables\sram_layoutgen_standalone\build\codex_regression_sweep_colsel_cond\1x128_wpr4\sram_1x128_wpr4_fd45.sp,.sp,22181,5
current_layoutgen,deliverables/sram_layoutgen_standalone/build/codex_regression_sweep_colsel_cond/1x128_wpr8/sram_1x128_wpr8_fd45.sp,E:\njust\keyan\SRAM Compiler_V2\OpenRAM-stable\deliverables\sram_layoutgen_standalone\build\codex_regression_sweep_colsel_cond\1x128_wpr8\sram_1x128_wpr8_fd45.sp,.sp,17481,5
current_layoutgen,deliverables/sram_layoutgen_standalone/build/codex_regression_sweep_colsel_cond/1x16_wpr1/sram_1x16_wpr1_fd45.sp,E:\njust\keyan\SRAM Compiler_V2\OpenRAM-stable\deliverables\sram_layoutgen_standalone\build\codex_regression_sweep_colsel_cond\1x16_wpr1\sram_1x16_wpr1_fd45.sp,.sp,10456,5
current_layoutgen,deliverables/sram_layoutgen_standalone/build/codex_regression_sweep_colsel_cond/1x32_wpr1/sram_1x32_wpr1_fd45.sp,E:\njust\keyan\SRAM Compiler_V2\OpenRAM-stable\deliverables\sram_layoutgen_standalone\build\codex_regression_sweep_colsel_cond\1x32_wpr1\sram_1x32_wpr1_fd45.sp,.sp,16744,5
current_layoutgen,deliverables/sram_layoutgen_standalone/build/codex_regression_sweep_colsel_cond/1x32_wpr2/sram_1x32_wpr2_fd45.sp,E:\njust\keyan\SRAM Compiler_V2\OpenRAM-stable\deliverables\sram_layoutgen_standalone\build\codex_regression_sweep_colsel_cond\1x32_wpr2\sram_1x32_wpr2_fd45.sp,.sp,11567,5
current_layoutgen,deliverables/sram_layoutgen_standalone/build/codex_regression_sweep_colsel_cond/1x64_wpr1/sram_1x64_wpr1_fd45.sp,E:\njust\keyan\SRAM Compiler_V2\OpenRAM-stable\deliverables\sram_layoutgen_standalone\build\codex_regression_sweep_colsel_cond\1x64_wpr1\sram_1x64_wpr1_fd45.sp,.sp,29062,5
current_layoutgen,deliverables/sram_layoutgen_standalone/build/codex_regression_sweep_colsel_cond/1x64_wpr2/sram_1x64_wpr2_fd45.sp,E:\njust\keyan\SRAM Compiler_V2\OpenRAM-stable\deliverables\sram_layoutgen_standalone\build\codex_regression_sweep_colsel_cond\1x64_wpr2\sram_1x64_wpr2_fd45.sp,.sp,18541,5
current_layoutgen,deliverables/sram_layoutgen_standalone/build/codex_regression_sweep_colsel_cond/1x64_wpr4/sram_1x64_wpr4_fd45.sp,E:\njust\keyan\SRAM Compiler_V2\OpenRAM-stable\deliverables\sram_layoutgen_standalone\build\codex_regression_sweep_colsel_cond\1x64_wpr4\sram_1x64_wpr4_fd45.sp,.sp,13533,5
current_layoutgen,deliverables/sram_layoutgen_standalone/build/codex_regression_sweep_colsel_cond/2x128_wpr1/sram_2x128_wpr1_fd45.sp,E:\njust\keyan\SRAM Compiler_V2\OpenRAM-stable\deliverables\sram_layoutgen_standalone\build\codex_regression_sweep_colsel_cond\2x128_wpr1\sram_2x128_wpr1_fd45.sp,.sp,60776,5
current_layoutgen,deliverables/sram_layoutgen_standalone/build/codex_regression_sweep_colsel_cond/2x128_wpr2/sram_2x128_wpr2_fd45.sp,E:\njust\keyan\SRAM Compiler_V2\OpenRAM-stable\deliverables\sram_layoutgen_standalone\build\codex_regression_sweep_colsel_cond\2x128_wpr2\sram_2x128_wpr2_fd45.sp,.sp,39246,5
current_layoutgen,deliverables/sram_layoutgen_standalone/build/codex_regression_sweep_colsel_cond/2x128_wpr4/sram_2x128_wpr4_fd45.sp,E:\njust\keyan\SRAM Compiler_V2\OpenRAM-stable\deliverables\sram_layoutgen_standalone\build\codex_regression_sweep_colsel_cond\2x128_wpr4\sram_2x128_wpr4_fd45.sp,.sp,29092,5
current_layoutgen,deliverables/sram_layoutgen_standalone/build/codex_regression_sweep_colsel_cond/2x128_wpr8/sram_2x128_wpr8_fd45.sp,E:\njust\keyan\SRAM Compiler_V2\OpenRAM-stable\deliverables\sram_layoutgen_standalone\build\codex_regression_sweep_colsel_cond\2x128_wpr8\sram_2x128_wpr8_fd45.sp,.sp,25112,5
current_layoutgen,deliverables/sram_layoutgen_standalone/build/codex_regression_sweep_colsel_cond/2x32_wpr1/sram_2x32_wpr1_fd45.sp,E:\njust\keyan\SRAM Compiler_V2\OpenRAM-stable\deliverables\sram_layoutgen_standalone\build\codex_regression_sweep_colsel_cond\2x32_wpr1\sram_2x32_wpr1_fd45.sp,.sp,18654,5
current_layoutgen,deliverables/sram_layoutgen_standalone/build/codex_regression_sweep_colsel_cond/2x32_wpr2/sram_2x32_wpr2_fd45.sp,E:\njust\keyan\SRAM Compiler_V2\OpenRAM-stable\deliverables\sram_layoutgen_standalone\build\codex_regression_sweep_colsel_cond\2x32_wpr2\sram_2x32_wpr2_fd45.sp,.sp,13576,5
current_layoutgen,deliverables/sram_layoutgen_standalone/build/codex_regression_sweep_colsel_cond/2x64_wpr1/sram_2x64_wpr1_fd45.sp,E:\njust\keyan\SRAM Compiler_V2\OpenRAM-stable\deliverables\sram_layoutgen_standalone\build\codex_regression_sweep_colsel_cond\2x64_wpr1\sram_2x64_wpr1_fd45.sp,.sp,32540,5
current_layoutgen,deliverables/sram_layoutgen_standalone/build/codex_regression_sweep_colsel_cond/2x64_wpr2/sram_2x64_wpr2_fd45.sp,E:\njust\keyan\SRAM Compiler_V2\OpenRAM-stable\deliverables\sram_layoutgen_standalone\build\codex_regression_sweep_colsel_cond\2x64_wpr2\sram_2x64_wpr2_fd45.sp,.sp,22118,5
current_layoutgen,deliverables/sram_layoutgen_standalone/build/codex_regression_sweep_colsel_cond/2x64_wpr4/sram_2x64_wpr4_fd45.sp,E:\njust\keyan\SRAM Compiler_V2\OpenRAM-stable\deliverables\sram_layoutgen_standalone\build\codex_regression_sweep_colsel_cond\2x64_wpr4\sram_2x64_wpr4_fd45.sp,.sp,17308,5
current_layoutgen,deliverables/sram_layoutgen_standalone/build/codex_regression_sweep_colsel_cond/4x128_wpr1/sram_4x128_wpr1_fd45.sp,E:\njust\keyan\SRAM Compiler_V2\OpenRAM-stable\deliverables\sram_layoutgen_standalone\build\codex_regression_sweep_colsel_cond\4x128_wpr1\sram_4x128_wpr1_fd45.sp,.sp,74116,5
current_layoutgen,deliverables/sram_layoutgen_standalone/build/codex_regression_sweep_colsel_cond/4x128_wpr2/sram_4x128_wpr2_fd45.sp,E:\njust\keyan\SRAM Compiler_V2\OpenRAM-stable\deliverables\sram_layoutgen_standalone\build\codex_regression_sweep_colsel_cond\4x128_wpr2\sram_4x128_wpr2_fd45.sp,.sp,52672,5
current_layoutgen,deliverables/sram_layoutgen_standalone/build/codex_regression_sweep_colsel_cond/4x128_wpr4/sram_4x128_wpr4_fd45.sp,E:\njust\keyan\SRAM Compiler_V2\OpenRAM-stable\deliverables\sram_layoutgen_standalone\build\codex_regression_sweep_colsel_cond\4x128_wpr4\sram_4x128_wpr4_fd45.sp,.sp,43530,5
current_layoutgen,deliverables/sram_layoutgen_standalone/build/codex_regression_sweep_colsel_cond/4x128_wpr8/sram_4x128_wpr8_fd45.sp,E:\njust\keyan\SRAM Compiler_V2\OpenRAM-stable\deliverables\sram_layoutgen_standalone\build\codex_regression_sweep_colsel_cond\4x128_wpr8\sram_4x128_wpr8_fd45.sp,.sp,40598,5
current_layoutgen,deliverables/sram_layoutgen_standalone/build/codex_regression_sweep_colsel_cond/4x16_wpr1/sram_4x16_wpr1_fd45.sp,E:\njust\keyan\SRAM Compiler_V2\OpenRAM-stable\deliverables\sram_layoutgen_standalone\build\codex_regression_sweep_colsel_cond\4x16_wpr1\sram_4x16_wpr1_fd45.sp,.sp,13834,5
current_layoutgen,deliverables/sram_layoutgen_standalone/build/codex_regression_sweep_colsel_cond/4x32_wpr1/sram_4x32_wpr1_fd45.sp,E:\njust\keyan\SRAM Compiler_V2\OpenRAM-stable\deliverables\sram_layoutgen_standalone\build\codex_regression_sweep_colsel_cond\4x32_wpr1\sram_4x32_wpr1_fd45.sp,.sp,22474,5
current_layoutgen,deliverables/sram_layoutgen_standalone/build/codex_regression_sweep_colsel_cond/4x32_wpr2/sram_4x32_wpr2_fd45.sp,E:\njust\keyan\SRAM Compiler_V2\OpenRAM-stable\deliverables\sram_layoutgen_standalone\build\codex_regression_sweep_colsel_cond\4x32_wpr2\sram_4x32_wpr2_fd45.sp,.sp,17594,5
current_layoutgen,deliverables/sram_layoutgen_standalone/build/codex_regression_sweep_colsel_cond/4x64_wpr1/sram_4x64_wpr1_fd45.sp,E:\njust\keyan\SRAM Compiler_V2\OpenRAM-stable\deliverables\sram_layoutgen_standalone\build\codex_regression_sweep_colsel_cond\4x64_wpr1\sram_4x64_wpr1_fd45.sp,.sp,39496,5
current_layoutgen,deliverables/sram_layoutgen_standalone/build/codex_regression_sweep_colsel_cond/4x64_wpr2/sram_4x64_wpr2_fd45.sp,E:\njust\keyan\SRAM Compiler_V2\OpenRAM-stable\deliverables\sram_layoutgen_standalone\build\codex_regression_sweep_colsel_cond\4x64_wpr2\sram_4x64_wpr2_fd45.sp,.sp,29272,5
current_layoutgen,deliverables/sram_layoutgen_standalone/build/codex_regression_sweep_colsel_cond/4x64_wpr4/sram_4x64_wpr4_fd45.sp,E:\njust\keyan\SRAM Compiler_V2\OpenRAM-stable\deliverables\sram_layoutgen_standalone\build\codex_regression_sweep_colsel_cond\4x64_wpr4\sram_4x64_wpr4_fd45.sp,.sp,25186,5
current_layoutgen,deliverables/sram_layoutgen_standalone/build/codex_regression_sweep_colsel_cond/8x128_wpr1/sram_8x128_wpr1_fd45.sp,E:\njust\keyan\SRAM Compiler_V2\OpenRAM-stable\deliverables\sram_layoutgen_standalone\build\codex_regression_sweep_colsel_cond\8x128_wpr1\sram_8x128_wpr1_fd45.sp,.sp,100796,5
current_layoutgen,deliverables/sram_layoutgen_standalone/build/codex_regression_sweep_colsel_cond/8x128_wpr2/sram_8x128_wpr2_fd45.sp,E:\njust\keyan\SRAM Compiler_V2\OpenRAM-stable\deliverables\sram_layoutgen_standalone\build\codex_regression_sweep_colsel_cond\8x128_wpr2\sram_8x128_wpr2_fd45.sp,.sp,80724,5
current_layoutgen,deliverables/sram_layoutgen_standalone/build/codex_regression_sweep_colsel_cond/8x128_wpr4/sram_8x128_wpr4_fd45.sp,E:\njust\keyan\SRAM Compiler_V2\OpenRAM-stable\deliverables\sram_layoutgen_standalone\build\codex_regression_sweep_colsel_cond\8x128_wpr4\sram_8x128_wpr4_fd45.sp,.sp,72822,5
current_layoutgen,deliverables/sram_layoutgen_standalone/build/codex_regression_sweep_colsel_cond/8x128_wpr8/sram_8x128_wpr8_fd45.sp,E:\njust\keyan\SRAM Compiler_V2\OpenRAM-stable\deliverables\sram_layoutgen_standalone\build\codex_regression_sweep_colsel_cond\8x128_wpr8\sram_8x128_wpr8_fd45.sp,.sp,71570,5
current_layoutgen,deliverables/sram_layoutgen_standalone/build/codex_regression_sweep_colsel_cond/8x16_wpr1/sram_8x16_wpr1_fd45.sp,E:\njust\keyan\SRAM Compiler_V2\OpenRAM-stable\deliverables\sram_layoutgen_standalone\build\codex_regression_sweep_colsel_cond\8x16_wpr1\sram_8x16_wpr1_fd45.sp,.sp,18338,5
current_layoutgen,deliverables/sram_layoutgen_standalone/build/codex_regression_sweep_colsel_cond/8x32_wpr1/sram_8x32_wpr1_fd45.sp,E:\njust\keyan\SRAM Compiler_V2\OpenRAM-stable\deliverables\sram_layoutgen_standalone\build\codex_regression_sweep_colsel_cond\8x32_wpr1\sram_8x32_wpr1_fd45.sp,.sp,30114,5
current_layoutgen,deliverables/sram_layoutgen_standalone/build/codex_regression_sweep_colsel_cond/8x32_wpr2/sram_8x32_wpr2_fd45.sp,E:\njust\keyan\SRAM Compiler_V2\OpenRAM-stable\deliverables\sram_layoutgen_standalone\build\codex_regression_sweep_colsel_cond\8x32_wpr2\sram_8x32_wpr2_fd45.sp,.sp,25966,5
current_layoutgen,deliverables/sram_layoutgen_standalone/build/codex_regression_sweep_colsel_cond/8x64_wpr1/sram_8x64_wpr1_fd45.sp,E:\njust\keyan\SRAM Compiler_V2\OpenRAM-stable\deliverables\sram_layoutgen_standalone\build\codex_regression_sweep_colsel_cond\8x64_wpr1\sram_8x64_wpr1_fd45.sp,.sp,53408,5
current_layoutgen,deliverables/sram_layoutgen_standalone/build/codex_regression_sweep_colsel_cond/8x64_wpr2/sram_8x64_wpr2_fd45.sp,E:\njust\keyan\SRAM Compiler_V2\OpenRAM-stable\deliverables\sram_layoutgen_standalone\build\codex_regression_sweep_colsel_cond\8x64_wpr2\sram_8x64_wpr2_fd45.sp,.sp,44204,5
current_layoutgen,deliverables/sram_layoutgen_standalone/build/codex_regression_sweep_colsel_cond/8x64_wpr4/sram_8x64_wpr4_fd45.sp,E:\njust\keyan\SRAM Compiler_V2\OpenRAM-stable\deliverables\sram_layoutgen_standalone\build\codex_regression_sweep_colsel_cond\8x64_wpr4\sram_8x64_wpr4_fd45.sp,.sp,41166,5
current_layoutgen,deliverables/sram_layoutgen_standalone/build/codex_regression_sweep_colsel_wpr4plus/16x128_wpr1/sram_16x128_wpr1_fd45.sp,E:\njust\keyan\SRAM Compiler_V2\OpenRAM-stable\deliverables\sram_layoutgen_standalone\build\codex_regression_sweep_colsel_wpr4plus\16x128_wpr1\sram_16x128_wpr1_fd45.sp,.sp,156600,5
current_layoutgen,deliverables/sram_layoutgen_standalone/build/codex_regression_sweep_colsel_wpr4plus/16x128_wpr2/sram_16x128_wpr2_fd45.sp,E:\njust\keyan\SRAM Compiler_V2\OpenRAM-stable\deliverables\sram_layoutgen_standalone\build\codex_regression_sweep_colsel_wpr4plus\16x128_wpr2\sram_16x128_wpr2_fd45.sp,.sp,137714,5
current_layoutgen,deliverables/sram_layoutgen_standalone/build/codex_regression_sweep_colsel_wpr4plus/16x128_wpr4/sram_16x128_wpr4_fd45.sp,E:\njust\keyan\SRAM Compiler_V2\OpenRAM-stable\deliverables\sram_layoutgen_standalone\build\codex_regression_sweep_colsel_wpr4plus\16x128_wpr4\sram_16x128_wpr4_fd45.sp,.sp,131504,5
current_layoutgen,deliverables/sram_layoutgen_standalone/build/codex_regression_sweep_colsel_wpr4plus/16x128_wpr8/sram_16x128_wpr8_fd45.sp,E:\njust\keyan\SRAM Compiler_V2\OpenRAM-stable\deliverables\sram_layoutgen_standalone\build\codex_regression_sweep_colsel_wpr4plus\16x128_wpr8\sram_16x128_wpr8_fd45.sp,.sp,135160,5
current_layoutgen,deliverables/sram_layoutgen_standalone/build/codex_regression_sweep_colsel_wpr4plus/16x32_wpr1/sram_16x32_wpr1_fd45.sp,E:\njust\keyan\SRAM Compiler_V2\OpenRAM-stable\deliverables\sram_layoutgen_standalone\build\codex_regression_sweep_colsel_wpr4plus\16x32_wpr1\sram_16x32_wpr1_fd45.sp,.sp,46110,5
current_layoutgen,deliverables/sram_layoutgen_standalone/build/codex_regression_sweep_colsel_wpr4plus/16x32_wpr2/sram_16x32_wpr2_fd45.sp,E:\njust\keyan\SRAM Compiler_V2\OpenRAM-stable\deliverables\sram_layoutgen_standalone\build\codex_regression_sweep_colsel_wpr4plus\16x32_wpr2\sram_16x32_wpr2_fd45.sp,.sp,43020,5
current_layoutgen,deliverables/sram_layoutgen_standalone/build/codex_regression_sweep_colsel_wpr4plus/16x64_wpr1/sram_16x64_wpr1_fd45.sp,E:\njust\keyan\SRAM Compiler_V2\OpenRAM-stable\deliverables\sram_layoutgen_standalone\build\codex_regression_sweep_colsel_wpr4plus\16x64_wpr1\sram_16x64_wpr1_fd45.sp,.sp,82524,5
current_layoutgen,deliverables/sram_layoutgen_standalone/build/codex_regression_sweep_colsel_wpr4plus/16x64_wpr2/sram_16x64_wpr2_fd45.sp,E:\njust\keyan\SRAM Compiler_V2\OpenRAM-stable\deliverables\sram_layoutgen_standalone\build\codex_regression_sweep_colsel_wpr4plus\16x64_wpr2\sram_16x64_wpr2_fd45.sp,.sp,74570,5
current_layoutgen,deliverables/sram_layoutgen_standalone/build/codex_regression_sweep_colsel_wpr4plus/16x64_wpr4/sram_16x64_wpr4_fd45.sp,E:\njust\keyan\SRAM Compiler_V2\OpenRAM-stable\deliverables\sram_layoutgen_standalone\build\codex_regression_sweep_colsel_wpr4plus\16x64_wpr4\sram_16x64_wpr4_fd45.sp,.sp,73224,5
current_layoutgen,deliverables/sram_layoutgen_standalone/build/codex_regression_sweep_colsel_wpr4plus/1x128_wpr1/sram_1x128_wpr1_fd45.sp,E:\njust\keyan\SRAM Compiler_V2\OpenRAM-stable\deliverables\sram_layoutgen_standalone\build\codex_regression_sweep_colsel_wpr4plus\1x128_wpr1\sram_1x128_wpr1_fd45.sp,.sp,54106,5
current_layoutgen,deliverables/sram_layoutgen_standalone/build/codex_regression_sweep_colsel_wpr4plus/1x128_wpr2/sram_1x128_wpr2_fd45.sp,E:\njust\keyan\SRAM Compiler_V2\OpenRAM-stable\deliverables\sram_layoutgen_standalone\build\codex_regression_sweep_colsel_wpr4plus\1x128_wpr2\sram_1x128_wpr2_fd45.sp,.sp,32533,5
current_layoutgen,deliverables/sram_layoutgen_standalone/build/codex_regression_sweep_colsel_wpr4plus/1x128_wpr4/sram_1x128_wpr4_fd45.sp,E:\njust\keyan\SRAM Compiler_V2\OpenRAM-stable\deliverables\sram_layoutgen_standalone\build\codex_regression_sweep_colsel_wpr4plus\1x128_wpr4\sram_1x128_wpr4_fd45.sp,.sp,22181,5
current_layoutgen,deliverables/sram_layoutgen_standalone/build/codex_regression_sweep_colsel_wpr4plus/1x128_wpr8/sram_1x128_wpr8_fd45.sp,E:\njust\keyan\SRAM Compiler_V2\OpenRAM-stable\deliverables\sram_layoutgen_standalone\build\codex_regression_sweep_colsel_wpr4plus\1x128_wpr8\sram_1x128_wpr8_fd45.sp,.sp,17481,5
current_layoutgen,deliverables/sram_layoutgen_standalone/build/codex_regression_sweep_colsel_wpr4plus/1x16_wpr1/sram_1x16_wpr1_fd45.sp,E:\njust\keyan\SRAM Compiler_V2\OpenRAM-stable\deliverables\sram_layoutgen_standalone\build\codex_regression_sweep_colsel_wpr4plus\1x16_wpr1\sram_1x16_wpr1_fd45.sp,.sp,10456,5
current_layoutgen,deliverables/sram_layoutgen_standalone/build/codex_regression_sweep_colsel_wpr4plus/1x32_wpr1/sram_1x32_wpr1_fd45.sp,E:\njust\keyan\SRAM Compiler_V2\OpenRAM-stable\deliverables\sram_layoutgen_standalone\build\codex_regression_sweep_colsel_wpr4plus\1x32_wpr1\sram_1x32_wpr1_fd45.sp,.sp,16744,5
current_layoutgen,deliverables/sram_layoutgen_standalone/build/codex_regression_sweep_colsel_wpr4plus/1x32_wpr2/sram_1x32_wpr2_fd45.sp,E:\njust\keyan\SRAM Compiler_V2\OpenRAM-stable\deliverables\sram_layoutgen_standalone\build\codex_regression_sweep_colsel_wpr4plus\1x32_wpr2\sram_1x32_wpr2_fd45.sp,.sp,11567,5
current_layoutgen,deliverables/sram_layoutgen_standalone/build/codex_regression_sweep_colsel_wpr4plus/1x64_wpr1/sram_1x64_wpr1_fd45.sp,E:\njust\keyan\SRAM Compiler_V2\OpenRAM-stable\deliverables\sram_layoutgen_standalone\build\codex_regression_sweep_colsel_wpr4plus\1x64_wpr1\sram_1x64_wpr1_fd45.sp,.sp,29062,5
current_layoutgen,deliverables/sram_layoutgen_standalone/build/codex_regression_sweep_colsel_wpr4plus/1x64_wpr2/sram_1x64_wpr2_fd45.sp,E:\njust\keyan\SRAM Compiler_V2\OpenRAM-stable\deliverables\sram_layoutgen_standalone\build\codex_regression_sweep_colsel_wpr4plus\1x64_wpr2\sram_1x64_wpr2_fd45.sp,.sp,18541,5
current_layoutgen,deliverables/sram_layoutgen_standalone/build/codex_regression_sweep_colsel_wpr4plus/1x64_wpr4/sram_1x64_wpr4_fd45.sp,E:\njust\keyan\SRAM Compiler_V2\OpenRAM-stable\deliverables\sram_layoutgen_standalone\build\codex_regression_sweep_colsel_wpr4plus\1x64_wpr4\sram_1x64_wpr4_fd45.sp,.sp,13533,5
current_layoutgen,deliverables/sram_layoutgen_standalone/build/codex_regression_sweep_colsel_wpr4plus/2x128_wpr1/sram_2x128_wpr1_fd45.sp,E:\njust\keyan\SRAM Compiler_V2\OpenRAM-stable\deliverables\sram_layoutgen_standalone\build\codex_regression_sweep_colsel_wpr4plus\2x128_wpr1\sram_2x128_wpr1_fd45.sp,.sp,60776,5
current_layoutgen,deliverables/sram_layoutgen_standalone/build/codex_regression_sweep_colsel_wpr4plus/2x128_wpr2/sram_2x128_wpr2_fd45.sp,E:\njust\keyan\SRAM Compiler_V2\OpenRAM-stable\deliverables\sram_layoutgen_standalone\build\codex_regression_sweep_colsel_wpr4plus\2x128_wpr2\sram_2x128_wpr2_fd45.sp,.sp,39246,5
current_layoutgen,deliverables/sram_layoutgen_standalone/build/codex_regression_sweep_colsel_wpr4plus/2x128_wpr4/sram_2x128_wpr4_fd45.sp,E:\njust\keyan\SRAM Compiler_V2\OpenRAM-stable\deliverables\sram_layoutgen_standalone\build\codex_regression_sweep_colsel_wpr4plus\2x128_wpr4\sram_2x128_wpr4_fd45.sp,.sp,29092,5
current_layoutgen,deliverables/sram_layoutgen_standalone/build/codex_regression_sweep_colsel_wpr4plus/2x128_wpr8/sram_2x128_wpr8_fd45.sp,E:\njust\keyan\SRAM Compiler_V2\OpenRAM-stable\deliverables\sram_layoutgen_standalone\build\codex_regression_sweep_colsel_wpr4plus\2x128_wpr8\sram_2x128_wpr8_fd45.sp,.sp,25112,5
current_layoutgen,deliverables/sram_layoutgen_standalone/build/codex_regression_sweep_colsel_wpr4plus/2x32_wpr1/sram_2x32_wpr1_fd45.sp,E:\njust\keyan\SRAM Compiler_V2\OpenRAM-stable\deliverables\sram_layoutgen_standalone\build\codex_regression_sweep_colsel_wpr4plus\2x32_wpr1\sram_2x32_wpr1_fd45.sp,.sp,18654,5
current_layoutgen,deliverables/sram_layoutgen_standalone/build/codex_regression_sweep_colsel_wpr4plus/2x32_wpr2/sram_2x32_wpr2_fd45.sp,E:\njust\keyan\SRAM Compiler_V2\OpenRAM-stable\deliverables\sram_layoutgen_standalone\build\codex_regression_sweep_colsel_wpr4plus\2x32_wpr2\sram_2x32_wpr2_fd45.sp,.sp,13576,5
current_layoutgen,deliverables/sram_layoutgen_standalone/build/codex_regression_sweep_colsel_wpr4plus/2x64_wpr1/sram_2x64_wpr1_fd45.sp,E:\njust\keyan\SRAM Compiler_V2\OpenRAM-stable\deliverables\sram_layoutgen_standalone\build\codex_regression_sweep_colsel_wpr4plus\2x64_wpr1\sram_2x64_wpr1_fd45.sp,.sp,32540,5
current_layoutgen,deliverables/sram_layoutgen_standalone/build/codex_regression_sweep_colsel_wpr4plus/2x64_wpr2/sram_2x64_wpr2_fd45.sp,E:\njust\keyan\SRAM Compiler_V2\OpenRAM-stable\deliverables\sram_layoutgen_standalone\build\codex_regression_sweep_colsel_wpr4plus\2x64_wpr2\sram_2x64_wpr2_fd45.sp,.sp,22118,5
current_layoutgen,deliverables/sram_layoutgen_standalone/build/codex_regression_sweep_colsel_wpr4plus/2x64_wpr4/sram_2x64_wpr4_fd45.sp,E:\njust\keyan\SRAM Compiler_V2\OpenRAM-stable\deliverables\sram_layoutgen_standalone\build\codex_regression_sweep_colsel_wpr4plus\2x64_wpr4\sram_2x64_wpr4_fd45.sp,.sp,17308,5
current_layoutgen,deliverables/sram_layoutgen_standalone/build/codex_regression_sweep_colsel_wpr4plus/4x128_wpr1/sram_4x128_wpr1_fd45.sp,E:\njust\keyan\SRAM Compiler_V2\OpenRAM-stable\deliverables\sram_layoutgen_standalone\build\codex_regression_sweep_colsel_wpr4plus\4x128_wpr1\sram_4x128_wpr1_fd45.sp,.sp,74116,5
current_layoutgen,deliverables/sram_layoutgen_standalone/build/codex_regression_sweep_colsel_wpr4plus/4x128_wpr2/sram_4x128_wpr2_fd45.sp,E:\njust\keyan\SRAM Compiler_V2\OpenRAM-stable\deliverables\sram_layoutgen_standalone\build\codex_regression_sweep_colsel_wpr4plus\4x128_wpr2\sram_4x128_wpr2_fd45.sp,.sp,52672,5
current_layoutgen,deliverables/sram_layoutgen_standalone/build/codex_regression_sweep_colsel_wpr4plus/4x128_wpr4/sram_4x128_wpr4_fd45.sp,E:\njust\keyan\SRAM Compiler_V2\OpenRAM-stable\deliverables\sram_layoutgen_standalone\build\codex_regression_sweep_colsel_wpr4plus\4x128_wpr4\sram_4x128_wpr4_fd45.sp,.sp,43530,5
current_layoutgen,deliverables/sram_layoutgen_standalone/build/codex_regression_sweep_colsel_wpr4plus/4x128_wpr8/sram_4x128_wpr8_fd45.sp,E:\njust\keyan\SRAM Compiler_V2\OpenRAM-stable\deliverables\sram_layoutgen_standalone\build\codex_regression_sweep_colsel_wpr4plus\4x128_wpr8\sram_4x128_wpr8_fd45.sp,.sp,40598,5
current_layoutgen,deliverables/sram_layoutgen_standalone/build/codex_regression_sweep_colsel_wpr4plus/4x16_wpr1/sram_4x16_wpr1_fd45.sp,E:\njust\keyan\SRAM Compiler_V2\OpenRAM-stable\deliverables\sram_layoutgen_standalone\build\codex_regression_sweep_colsel_wpr4plus\4x16_wpr1\sram_4x16_wpr1_fd45.sp,.sp,13834,5
current_layoutgen,deliverables/sram_layoutgen_standalone/build/codex_regression_sweep_colsel_wpr4plus/4x32_wpr1/sram_4x32_wpr1_fd45.sp,E:\njust\keyan\SRAM Compiler_V2\OpenRAM-stable\deliverables\sram_layoutgen_standalone\build\codex_regression_sweep_colsel_wpr4plus\4x32_wpr1\sram_4x32_wpr1_fd45.sp,.sp,22474,5
current_layoutgen,deliverables/sram_layoutgen_standalone/build/codex_regression_sweep_colsel_wpr4plus/4x32_wpr2/sram_4x32_wpr2_fd45.sp,E:\njust\keyan\SRAM Compiler_V2\OpenRAM-stable\deliverables\sram_layoutgen_standalone\build\codex_regression_sweep_colsel_wpr4plus\4x32_wpr2\sram_4x32_wpr2_fd45.sp,.sp,17594,5
current_layoutgen,deliverables/sram_layoutgen_standalone/build/codex_regression_sweep_colsel_wpr4plus/4x64_wpr1/sram_4x64_wpr1_fd45.sp,E:\njust\keyan\SRAM Compiler_V2\OpenRAM-stable\deliverables\sram_layoutgen_standalone\build\codex_regression_sweep_colsel_wpr4plus\4x64_wpr1\sram_4x64_wpr1_fd45.sp,.sp,39496,5
current_layoutgen,deliverables/sram_layoutgen_standalone/build/codex_regression_sweep_colsel_wpr4plus/4x64_wpr2/sram_4x64_wpr2_fd45.sp,E:\njust\keyan\SRAM Compiler_V2\OpenRAM-stable\deliverables\sram_layoutgen_standalone\build\codex_regression_sweep_colsel_wpr4plus\4x64_wpr2\sram_4x64_wpr2_fd45.sp,.sp,29272,5
current_layoutgen,deliverables/sram_layoutgen_standalone/build/codex_regression_sweep_colsel_wpr4plus/4x64_wpr4/sram_4x64_wpr4_fd45.sp,E:\njust\keyan\SRAM Compiler_V2\OpenRAM-stable\deliverables\sram_layoutgen_standalone\build\codex_regression_sweep_colsel_wpr4plus\4x64_wpr4\sram_4x64_wpr4_fd45.sp,.sp,25186,5
current_layoutgen,deliverables/sram_layoutgen_standalone/build/codex_regression_sweep_colsel_wpr4plus/8x128_wpr1/sram_8x128_wpr1_fd45.sp,E:\njust\keyan\SRAM Compiler_V2\OpenRAM-stable\deliverables\sram_layoutgen_standalone\build\codex_regression_sweep_colsel_wpr4plus\8x128_wpr1\sram_8x128_wpr1_fd45.sp,.sp,100796,5
current_layoutgen,deliverables/sram_layoutgen_standalone/build/codex_regression_sweep_colsel_wpr4plus/8x128_wpr2/sram_8x128_wpr2_fd45.sp,E:\njust\keyan\SRAM Compiler_V2\OpenRAM-stable\deliverables\sram_layoutgen_standalone\build\codex_regression_sweep_colsel_wpr4plus\8x128_wpr2\sram_8x128_wpr2_fd45.sp,.sp,80724,5
current_layoutgen,deliverables/sram_layoutgen_standalone/build/codex_regression_sweep_colsel_wpr4plus/8x128_wpr4/sram_8x128_wpr4_fd45.sp,E:\njust\keyan\SRAM Compiler_V2\OpenRAM-stable\deliverables\sram_layoutgen_standalone\build\codex_regression_sweep_colsel_wpr4plus\8x128_wpr4\sram_8x128_wpr4_fd45.sp,.sp,72822,5
current_layoutgen,deliverables/sram_layoutgen_standalone/build/codex_regression_sweep_colsel_wpr4plus/8x128_wpr8/sram_8x128_wpr8_fd45.sp,E:\njust\keyan\SRAM Compiler_V2\OpenRAM-stable\deliverables\sram_layoutgen_standalone\build\codex_regression_sweep_colsel_wpr4plus\8x128_wpr8\sram_8x128_wpr8_fd45.sp,.sp,71570,5
current_layoutgen,deliverables/sram_layoutgen_standalone/build/codex_regression_sweep_colsel_wpr4plus/8x16_wpr1/sram_8x16_wpr1_fd45.sp,E:\njust\keyan\SRAM Compiler_V2\OpenRAM-stable\deliverables\sram_layoutgen_standalone\build\codex_regression_sweep_colsel_wpr4plus\8x16_wpr1\sram_8x16_wpr1_fd45.sp,.sp,18338,5
current_layoutgen,deliverables/sram_layoutgen_standalone/build/codex_regression_sweep_colsel_wpr4plus/8x32_wpr1/sram_8x32_wpr1_fd45.sp,E:\njust\keyan\SRAM Compiler_V2\OpenRAM-stable\deliverables\sram_layoutgen_standalone\build\codex_regression_sweep_colsel_wpr4plus\8x32_wpr1\sram_8x32_wpr1_fd45.sp,.sp,30114,5
current_layoutgen,deliverables/sram_layoutgen_standalone/build/codex_regression_sweep_colsel_wpr4plus/8x32_wpr2/sram_8x32_wpr2_fd45.sp,E:\njust\keyan\SRAM Compiler_V2\OpenRAM-stable\deliverables\sram_layoutgen_standalone\build\codex_regression_sweep_colsel_wpr4plus\8x32_wpr2\sram_8x32_wpr2_fd45.sp,.sp,25966,5
current_layoutgen,deliverables/sram_layoutgen_standalone/build/codex_regression_sweep_colsel_wpr4plus/8x64_wpr1/sram_8x64_wpr1_fd45.sp,E:\njust\keyan\SRAM Compiler_V2\OpenRAM-stable\deliverables\sram_layoutgen_standalone\build\codex_regression_sweep_colsel_wpr4plus\8x64_wpr1\sram_8x64_wpr1_fd45.sp,.sp,53408,5
current_layoutgen,deliverables/sram_layoutgen_standalone/build/codex_regression_sweep_colsel_wpr4plus/8x64_wpr2/sram_8x64_wpr2_fd45.sp,E:\njust\keyan\SRAM Compiler_V2\OpenRAM-stable\deliverables\sram_layoutgen_standalone\build\codex_regression_sweep_colsel_wpr4plus\8x64_wpr2\sram_8x64_wpr2_fd45.sp,.sp,44204,5
current_layoutgen,deliverables/sram_layoutgen_standalone/build/codex_regression_sweep_colsel_wpr4plus/8x64_wpr4/sram_8x64_wpr4_fd45.sp,E:\njust\keyan\SRAM Compiler_V2\OpenRAM-stable\deliverables\sram_layoutgen_standalone\build\codex_regression_sweep_colsel_wpr4plus\8x64_wpr4\sram_8x64_wpr4_fd45.sp,.sp,41166,5
current_layoutgen,deliverables/sram_layoutgen_standalone/build/codex_regression_sweep_rowdecode_gap/16x128_wpr1/sram_16x128_wpr1_fd45.sp,E:\njust\keyan\SRAM Compiler_V2\OpenRAM-stable\deliverables\sram_layoutgen_standalone\build\codex_regression_sweep_rowdecode_gap\16x128_wpr1\sram_16x128_wpr1_fd45.sp,.sp,156600,5
current_layoutgen,deliverables/sram_layoutgen_standalone/build/codex_regression_sweep_rowdecode_gap/16x128_wpr2/sram_16x128_wpr2_fd45.sp,E:\njust\keyan\SRAM Compiler_V2\OpenRAM-stable\deliverables\sram_layoutgen_standalone\build\codex_regression_sweep_rowdecode_gap\16x128_wpr2\sram_16x128_wpr2_fd45.sp,.sp,137714,5
current_layoutgen,deliverables/sram_layoutgen_standalone/build/codex_regression_sweep_rowdecode_gap/16x128_wpr4/sram_16x128_wpr4_fd45.sp,E:\njust\keyan\SRAM Compiler_V2\OpenRAM-stable\deliverables\sram_layoutgen_standalone\build\codex_regression_sweep_rowdecode_gap\16x128_wpr4\sram_16x128_wpr4_fd45.sp,.sp,131504,5
current_layoutgen,deliverables/sram_layoutgen_standalone/build/codex_regression_sweep_rowdecode_gap/16x128_wpr8/sram_16x128_wpr8_fd45.sp,E:\njust\keyan\SRAM Compiler_V2\OpenRAM-stable\deliverables\sram_layoutgen_standalone\build\codex_regression_sweep_rowdecode_gap\16x128_wpr8\sram_16x128_wpr8_fd45.sp,.sp,135160,5
current_layoutgen,deliverables/sram_layoutgen_standalone/build/codex_regression_sweep_rowdecode_gap/16x32_wpr1/sram_16x32_wpr1_fd45.sp,E:\njust\keyan\SRAM Compiler_V2\OpenRAM-stable\deliverables\sram_layoutgen_standalone\build\codex_regression_sweep_rowdecode_gap\16x32_wpr1\sram_16x32_wpr1_fd45.sp,.sp,46110,5
current_layoutgen,deliverables/sram_layoutgen_standalone/build/codex_regression_sweep_rowdecode_gap/16x32_wpr2/sram_16x32_wpr2_fd45.sp,E:\njust\keyan\SRAM Compiler_V2\OpenRAM-stable\deliverables\sram_layoutgen_standalone\build\codex_regression_sweep_rowdecode_gap\16x32_wpr2\sram_16x32_wpr2_fd45.sp,.sp,43020,5
current_layoutgen,deliverables/sram_layoutgen_standalone/build/codex_regression_sweep_rowdecode_gap/16x64_wpr1/sram_16x64_wpr1_fd45.sp,E:\njust\keyan\SRAM Compiler_V2\OpenRAM-stable\deliverables\sram_layoutgen_standalone\build\codex_regression_sweep_rowdecode_gap\16x64_wpr1\sram_16x64_wpr1_fd45.sp,.sp,82524,5
current_layoutgen,deliverables/sram_layoutgen_standalone/build/codex_regression_sweep_rowdecode_gap/16x64_wpr2/sram_16x64_wpr2_fd45.sp,E:\njust\keyan\SRAM Compiler_V2\OpenRAM-stable\deliverables\sram_layoutgen_standalone\build\codex_regression_sweep_rowdecode_gap\16x64_wpr2\sram_16x64_wpr2_fd45.sp,.sp,74570,5
current_layoutgen,deliverables/sram_layoutgen_standalone/build/codex_regression_sweep_rowdecode_gap/16x64_wpr4/sram_16x64_wpr4_fd45.sp,E:\njust\keyan\SRAM Compiler_V2\OpenRAM-stable\deliverables\sram_layoutgen_standalone\build\codex_regression_sweep_rowdecode_gap\16x64_wpr4\sram_16x64_wpr4_fd45.sp,.sp,73224,5
current_layoutgen,deliverables/sram_layoutgen_standalone/build/codex_regression_sweep_rowdecode_gap/1x128_wpr1/sram_1x128_wpr1_fd45.sp,E:\njust\keyan\SRAM Compiler_V2\OpenRAM-stable\deliverables\sram_layoutgen_standalone\build\codex_regression_sweep_rowdecode_gap\1x128_wpr1\sram_1x128_wpr1_fd45.sp,.sp,54106,5
current_layoutgen,deliverables/sram_layoutgen_standalone/build/codex_regression_sweep_rowdecode_gap/1x128_wpr2/sram_1x128_wpr2_fd45.sp,E:\njust\keyan\SRAM Compiler_V2\OpenRAM-stable\deliverables\sram_layoutgen_standalone\build\codex_regression_sweep_rowdecode_gap\1x128_wpr2\sram_1x128_wpr2_fd45.sp,.sp,32533,5
current_layoutgen,deliverables/sram_layoutgen_standalone/build/codex_regression_sweep_rowdecode_gap/1x128_wpr4/sram_1x128_wpr4_fd45.sp,E:\njust\keyan\SRAM Compiler_V2\OpenRAM-stable\deliverables\sram_layoutgen_standalone\build\codex_regression_sweep_rowdecode_gap\1x128_wpr4\sram_1x128_wpr4_fd45.sp,.sp,22181,5
current_layoutgen,deliverables/sram_layoutgen_standalone/build/codex_regression_sweep_rowdecode_gap/1x128_wpr8/sram_1x128_wpr8_fd45.sp,E:\njust\keyan\SRAM Compiler_V2\OpenRAM-stable\deliverables\sram_layoutgen_standalone\build\codex_regression_sweep_rowdecode_gap\1x128_wpr8\sram_1x128_wpr8_fd45.sp,.sp,17481,5
current_layoutgen,deliverables/sram_layoutgen_standalone/build/codex_regression_sweep_rowdecode_gap/1x16_wpr1/sram_1x16_wpr1_fd45.sp,E:\njust\keyan\SRAM Compiler_V2\OpenRAM-stable\deliverables\sram_layoutgen_standalone\build\codex_regression_sweep_rowdecode_gap\1x16_wpr1\sram_1x16_wpr1_fd45.sp,.sp,10456,5
current_layoutgen,deliverables/sram_layoutgen_standalone/build/codex_regression_sweep_rowdecode_gap/1x32_wpr1/sram_1x32_wpr1_fd45.sp,E:\njust\keyan\SRAM Compiler_V2\OpenRAM-stable\deliverables\sram_layoutgen_standalone\build\codex_regression_sweep_rowdecode_gap\1x32_wpr1\sram_1x32_wpr1_fd45.sp,.sp,16744,5
current_layoutgen,deliverables/sram_layoutgen_standalone/build/codex_regression_sweep_rowdecode_gap/1x32_wpr2/sram_1x32_wpr2_fd45.sp,E:\njust\keyan\SRAM Compiler_V2\OpenRAM-stable\deliverables\sram_layoutgen_standalone\build\codex_regression_sweep_rowdecode_gap\1x32_wpr2\sram_1x32_wpr2_fd45.sp,.sp,11567,5
current_layoutgen,deliverables/sram_layoutgen_standalone/build/codex_regression_sweep_rowdecode_gap/1x64_wpr1/sram_1x64_wpr1_fd45.sp,E:\njust\keyan\SRAM Compiler_V2\OpenRAM-stable\deliverables\sram_layoutgen_standalone\build\codex_regression_sweep_rowdecode_gap\1x64_wpr1\sram_1x64_wpr1_fd45.sp,.sp,29062,5
current_layoutgen,deliverables/sram_layoutgen_standalone/build/codex_regression_sweep_rowdecode_gap/1x64_wpr2/sram_1x64_wpr2_fd45.sp,E:\njust\keyan\SRAM Compiler_V2\OpenRAM-stable\deliverables\sram_layoutgen_standalone\build\codex_regression_sweep_rowdecode_gap\1x64_wpr2\sram_1x64_wpr2_fd45.sp,.sp,18541,5
current_layoutgen,deliverables/sram_layoutgen_standalone/build/codex_regression_sweep_rowdecode_gap/1x64_wpr4/sram_1x64_wpr4_fd45.sp,E:\njust\keyan\SRAM Compiler_V2\OpenRAM-stable\deliverables\sram_layoutgen_standalone\build\codex_regression_sweep_rowdecode_gap\1x64_wpr4\sram_1x64_wpr4_fd45.sp,.sp,13533,5
current_layoutgen,deliverables/sram_layoutgen_standalone/build/codex_regression_sweep_rowdecode_gap/2x128_wpr1/sram_2x128_wpr1_fd45.sp,E:\njust\keyan\SRAM Compiler_V2\OpenRAM-stable\deliverables\sram_layoutgen_standalone\build\codex_regression_sweep_rowdecode_gap\2x128_wpr1\sram_2x128_wpr1_fd45.sp,.sp,60776,5
current_layoutgen,deliverables/sram_layoutgen_standalone/build/codex_regression_sweep_rowdecode_gap/2x128_wpr2/sram_2x128_wpr2_fd45.sp,E:\njust\keyan\SRAM Compiler_V2\OpenRAM-stable\deliverables\sram_layoutgen_standalone\build\codex_regression_sweep_rowdecode_gap\2x128_wpr2\sram_2x128_wpr2_fd45.sp,.sp,39246,5
current_layoutgen,deliverables/sram_layoutgen_standalone/build/codex_regression_sweep_rowdecode_gap/2x128_wpr4/sram_2x128_wpr4_fd45.sp,E:\njust\keyan\SRAM Compiler_V2\OpenRAM-stable\deliverables\sram_layoutgen_standalone\build\codex_regression_sweep_rowdecode_gap\2x128_wpr4\sram_2x128_wpr4_fd45.sp,.sp,29092,5
current_layoutgen,deliverables/sram_layoutgen_standalone/build/codex_regression_sweep_rowdecode_gap/2x128_wpr8/sram_2x128_wpr8_fd45.sp,E:\njust\keyan\SRAM Compiler_V2\OpenRAM-stable\deliverables\sram_layoutgen_standalone\build\codex_regression_sweep_rowdecode_gap\2x128_wpr8\sram_2x128_wpr8_fd45.sp,.sp,25112,5
current_layoutgen,deliverables/sram_layoutgen_standalone/build/codex_regression_sweep_rowdecode_gap/2x32_wpr1/sram_2x32_wpr1_fd45.sp,E:\njust\keyan\SRAM Compiler_V2\OpenRAM-stable\deliverables\sram_layoutgen_standalone\build\codex_regression_sweep_rowdecode_gap\2x32_wpr1\sram_2x32_wpr1_fd45.sp,.sp,18654,5
current_layoutgen,deliverables/sram_layoutgen_standalone/build/codex_regression_sweep_rowdecode_gap/2x32_wpr2/sram_2x32_wpr2_fd45.sp,E:\njust\keyan\SRAM Compiler_V2\OpenRAM-stable\deliverables\sram_layoutgen_standalone\build\codex_regression_sweep_rowdecode_gap\2x32_wpr2\sram_2x32_wpr2_fd45.sp,.sp,13576,5
current_layoutgen,deliverables/sram_layoutgen_standalone/build/codex_regression_sweep_rowdecode_gap/2x64_wpr1/sram_2x64_wpr1_fd45.sp,E:\njust\keyan\SRAM Compiler_V2\OpenRAM-stable\deliverables\sram_layoutgen_standalone\build\codex_regression_sweep_rowdecode_gap\2x64_wpr1\sram_2x64_wpr1_fd45.sp,.sp,32540,5
current_layoutgen,deliverables/sram_layoutgen_standalone/build/codex_regression_sweep_rowdecode_gap/2x64_wpr2/sram_2x64_wpr2_fd45.sp,E:\njust\keyan\SRAM Compiler_V2\OpenRAM-stable\deliverables\sram_layoutgen_standalone\build\codex_regression_sweep_rowdecode_gap\2x64_wpr2\sram_2x64_wpr2_fd45.sp,.sp,22118,5
current_layoutgen,deliverables/sram_layoutgen_standalone/build/codex_regression_sweep_rowdecode_gap/2x64_wpr4/sram_2x64_wpr4_fd45.sp,E:\njust\keyan\SRAM Compiler_V2\OpenRAM-stable\deliverables\sram_layoutgen_standalone\build\codex_regression_sweep_rowdecode_gap\2x64_wpr4\sram_2x64_wpr4_fd45.sp,.sp,17308,5
current_layoutgen,deliverables/sram_layoutgen_standalone/build/codex_regression_sweep_rowdecode_gap/4x128_wpr1/sram_4x128_wpr1_fd45.sp,E:\njust\keyan\SRAM Compiler_V2\OpenRAM-stable\deliverables\sram_layoutgen_standalone\build\codex_regression_sweep_rowdecode_gap\4x128_wpr1\sram_4x128_wpr1_fd45.sp,.sp,74116,5
current_layoutgen,deliverables/sram_layoutgen_standalone/build/codex_regression_sweep_rowdecode_gap/4x128_wpr2/sram_4x128_wpr2_fd45.sp,E:\njust\keyan\SRAM Compiler_V2\OpenRAM-stable\deliverables\sram_layoutgen_standalone\build\codex_regression_sweep_rowdecode_gap\4x128_wpr2\sram_4x128_wpr2_fd45.sp,.sp,52672,5
current_layoutgen,deliverables/sram_layoutgen_standalone/build/codex_regression_sweep_rowdecode_gap/4x128_wpr4/sram_4x128_wpr4_fd45.sp,E:\njust\keyan\SRAM Compiler_V2\OpenRAM-stable\deliverables\sram_layoutgen_standalone\build\codex_regression_sweep_rowdecode_gap\4x128_wpr4\sram_4x128_wpr4_fd45.sp,.sp,43530,5
current_layoutgen,deliverables/sram_layoutgen_standalone/build/codex_regression_sweep_rowdecode_gap/4x128_wpr8/sram_4x128_wpr8_fd45.sp,E:\njust\keyan\SRAM Compiler_V2\OpenRAM-stable\deliverables\sram_layoutgen_standalone\build\codex_regression_sweep_rowdecode_gap\4x128_wpr8\sram_4x128_wpr8_fd45.sp,.sp,40598,5
current_layoutgen,deliverables/sram_layoutgen_standalone/build/codex_regression_sweep_rowdecode_gap/4x16_wpr1/sram_4x16_wpr1_fd45.sp,E:\njust\keyan\SRAM Compiler_V2\OpenRAM-stable\deliverables\sram_layoutgen_standalone\build\codex_regression_sweep_rowdecode_gap\4x16_wpr1\sram_4x16_wpr1_fd45.sp,.sp,13834,5
current_layoutgen,deliverables/sram_layoutgen_standalone/build/codex_regression_sweep_rowdecode_gap/4x32_wpr1/sram_4x32_wpr1_fd45.sp,E:\njust\keyan\SRAM Compiler_V2\OpenRAM-stable\deliverables\sram_layoutgen_standalone\build\codex_regression_sweep_rowdecode_gap\4x32_wpr1\sram_4x32_wpr1_fd45.sp,.sp,22474,5
current_layoutgen,deliverables/sram_layoutgen_standalone/build/codex_regression_sweep_rowdecode_gap/4x32_wpr2/sram_4x32_wpr2_fd45.sp,E:\njust\keyan\SRAM Compiler_V2\OpenRAM-stable\deliverables\sram_layoutgen_standalone\build\codex_regression_sweep_rowdecode_gap\4x32_wpr2\sram_4x32_wpr2_fd45.sp,.sp,17594,5
current_layoutgen,deliverables/sram_layoutgen_standalone/build/codex_regression_sweep_rowdecode_gap/4x64_wpr1/sram_4x64_wpr1_fd45.sp,E:\njust\keyan\SRAM Compiler_V2\OpenRAM-stable\deliverables\sram_layoutgen_standalone\build\codex_regression_sweep_rowdecode_gap\4x64_wpr1\sram_4x64_wpr1_fd45.sp,.sp,39496,5
current_layoutgen,deliverables/sram_layoutgen_standalone/build/codex_regression_sweep_rowdecode_gap/4x64_wpr2/sram_4x64_wpr2_fd45.sp,E:\njust\keyan\SRAM Compiler_V2\OpenRAM-stable\deliverables\sram_layoutgen_standalone\build\codex_regression_sweep_rowdecode_gap\4x64_wpr2\sram_4x64_wpr2_fd45.sp,.sp,29272,5
current_layoutgen,deliverables/sram_layoutgen_standalone/build/codex_regression_sweep_rowdecode_gap/4x64_wpr4/sram_4x64_wpr4_fd45.sp,E:\njust\keyan\SRAM Compiler_V2\OpenRAM-stable\deliverables\sram_layoutgen_standalone\build\codex_regression_sweep_rowdecode_gap\4x64_wpr4\sram_4x64_wpr4_fd45.sp,.sp,25186,5
current_layoutgen,deliverables/sram_layoutgen_standalone/build/codex_regression_sweep_rowdecode_gap/8x128_wpr1/sram_8x128_wpr1_fd45.sp,E:\njust\keyan\SRAM Compiler_V2\OpenRAM-stable\deliverables\sram_layoutgen_standalone\build\codex_regression_sweep_rowdecode_gap\8x128_wpr1\sram_8x128_wpr1_fd45.sp,.sp,100796,5
current_layoutgen,deliverables/sram_layoutgen_standalone/build/codex_regression_sweep_rowdecode_gap/8x128_wpr2/sram_8x128_wpr2_fd45.sp,E:\njust\keyan\SRAM Compiler_V2\OpenRAM-stable\deliverables\sram_layoutgen_standalone\build\codex_regression_sweep_rowdecode_gap\8x128_wpr2\sram_8x128_wpr2_fd45.sp,.sp,80724,5
current_layoutgen,deliverables/sram_layoutgen_standalone/build/codex_regression_sweep_rowdecode_gap/8x128_wpr4/sram_8x128_wpr4_fd45.sp,E:\njust\keyan\SRAM Compiler_V2\OpenRAM-stable\deliverables\sram_layoutgen_standalone\build\codex_regression_sweep_rowdecode_gap\8x128_wpr4\sram_8x128_wpr4_fd45.sp,.sp,72822,5
current_layoutgen,deliverables/sram_layoutgen_standalone/build/codex_regression_sweep_rowdecode_gap/8x128_wpr8/sram_8x128_wpr8_fd45.sp,E:\njust\keyan\SRAM Compiler_V2\OpenRAM-stable\deliverables\sram_layoutgen_standalone\build\codex_regression_sweep_rowdecode_gap\8x128_wpr8\sram_8x128_wpr8_fd45.sp,.sp,71570,5
current_layoutgen,deliverables/sram_layoutgen_standalone/build/codex_regression_sweep_rowdecode_gap/8x16_wpr1/sram_8x16_wpr1_fd45.sp,E:\njust\keyan\SRAM Compiler_V2\OpenRAM-stable\deliverables\sram_layoutgen_standalone\build\codex_regression_sweep_rowdecode_gap\8x16_wpr1\sram_8x16_wpr1_fd45.sp,.sp,18338,5
current_layoutgen,deliverables/sram_layoutgen_standalone/build/codex_regression_sweep_rowdecode_gap/8x32_wpr1/sram_8x32_wpr1_fd45.sp,E:\njust\keyan\SRAM Compiler_V2\OpenRAM-stable\deliverables\sram_layoutgen_standalone\build\codex_regression_sweep_rowdecode_gap\8x32_wpr1\sram_8x32_wpr1_fd45.sp,.sp,30114,5
current_layoutgen,deliverables/sram_layoutgen_standalone/build/codex_regression_sweep_rowdecode_gap/8x32_wpr2/sram_8x32_wpr2_fd45.sp,E:\njust\keyan\SRAM Compiler_V2\OpenRAM-stable\deliverables\sram_layoutgen_standalone\build\codex_regression_sweep_rowdecode_gap\8x32_wpr2\sram_8x32_wpr2_fd45.sp,.sp,25966,5
current_layoutgen,deliverables/sram_layoutgen_standalone/build/codex_regression_sweep_rowdecode_gap/8x64_wpr1/sram_8x64_wpr1_fd45.sp,E:\njust\keyan\SRAM Compiler_V2\OpenRAM-stable\deliverables\sram_layoutgen_standalone\build\codex_regression_sweep_rowdecode_gap\8x64_wpr1\sram_8x64_wpr1_fd45.sp,.sp,53408,5
current_layoutgen,deliverables/sram_layoutgen_standalone/build/codex_regression_sweep_rowdecode_gap/8x64_wpr2/sram_8x64_wpr2_fd45.sp,E:\njust\keyan\SRAM Compiler_V2\OpenRAM-stable\deliverables\sram_layoutgen_standalone\build\codex_regression_sweep_rowdecode_gap\8x64_wpr2\sram_8x64_wpr2_fd45.sp,.sp,44204,5
current_layoutgen,deliverables/sram_layoutgen_standalone/build/codex_regression_sweep_rowdecode_gap/8x64_wpr4/sram_8x64_wpr4_fd45.sp,E:\njust\keyan\SRAM Compiler_V2\OpenRAM-stable\deliverables\sram_layoutgen_standalone\build\codex_regression_sweep_rowdecode_gap\8x64_wpr4\sram_8x64_wpr4_fd45.sp,.sp,41166,5
current_layoutgen,deliverables/sram_layoutgen_standalone/build/codex_regression_sweep_trackalgo/16x128_wpr1/sram_16x128_wpr1_fd45.sp,E:\njust\keyan\SRAM Compiler_V2\OpenRAM-stable\deliverables\sram_layoutgen_standalone\build\codex_regression_sweep_trackalgo\16x128_wpr1\sram_16x128_wpr1_fd45.sp,.sp,156600,5
current_layoutgen,deliverables/sram_layoutgen_standalone/build/codex_regression_sweep_trackalgo/16x128_wpr2/sram_16x128_wpr2_fd45.sp,E:\njust\keyan\SRAM Compiler_V2\OpenRAM-stable\deliverables\sram_layoutgen_standalone\build\codex_regression_sweep_trackalgo\16x128_wpr2\sram_16x128_wpr2_fd45.sp,.sp,137714,5
current_layoutgen,deliverables/sram_layoutgen_standalone/build/codex_regression_sweep_trackalgo/16x128_wpr4/sram_16x128_wpr4_fd45.sp,E:\njust\keyan\SRAM Compiler_V2\OpenRAM-stable\deliverables\sram_layoutgen_standalone\build\codex_regression_sweep_trackalgo\16x128_wpr4\sram_16x128_wpr4_fd45.sp,.sp,131504,5
current_layoutgen,deliverables/sram_layoutgen_standalone/build/codex_regression_sweep_trackalgo/16x128_wpr8/sram_16x128_wpr8_fd45.sp,E:\njust\keyan\SRAM Compiler_V2\OpenRAM-stable\deliverables\sram_layoutgen_standalone\build\codex_regression_sweep_trackalgo\16x128_wpr8\sram_16x128_wpr8_fd45.sp,.sp,135160,5
current_layoutgen,deliverables/sram_layoutgen_standalone/build/codex_regression_sweep_trackalgo/16x32_wpr1/sram_16x32_wpr1_fd45.sp,E:\njust\keyan\SRAM Compiler_V2\OpenRAM-stable\deliverables\sram_layoutgen_standalone\build\codex_regression_sweep_trackalgo\16x32_wpr1\sram_16x32_wpr1_fd45.sp,.sp,46110,5
current_layoutgen,deliverables/sram_layoutgen_standalone/build/codex_regression_sweep_trackalgo/16x32_wpr2/sram_16x32_wpr2_fd45.sp,E:\njust\keyan\SRAM Compiler_V2\OpenRAM-stable\deliverables\sram_layoutgen_standalone\build\codex_regression_sweep_trackalgo\16x32_wpr2\sram_16x32_wpr2_fd45.sp,.sp,43020,5
current_layoutgen,deliverables/sram_layoutgen_standalone/build/codex_regression_sweep_trackalgo/16x64_wpr1/sram_16x64_wpr1_fd45.sp,E:\njust\keyan\SRAM Compiler_V2\OpenRAM-stable\deliverables\sram_layoutgen_standalone\build\codex_regression_sweep_trackalgo\16x64_wpr1\sram_16x64_wpr1_fd45.sp,.sp,82524,5
current_layoutgen,deliverables/sram_layoutgen_standalone/build/codex_regression_sweep_trackalgo/16x64_wpr2/sram_16x64_wpr2_fd45.sp,E:\njust\keyan\SRAM Compiler_V2\OpenRAM-stable\deliverables\sram_layoutgen_standalone\build\codex_regression_sweep_trackalgo\16x64_wpr2\sram_16x64_wpr2_fd45.sp,.sp,74570,5
current_layoutgen,deliverables/sram_layoutgen_standalone/build/codex_regression_sweep_trackalgo/16x64_wpr4/sram_16x64_wpr4_fd45.sp,E:\njust\keyan\SRAM Compiler_V2\OpenRAM-stable\deliverables\sram_layoutgen_standalone\build\codex_regression_sweep_trackalgo\16x64_wpr4\sram_16x64_wpr4_fd45.sp,.sp,73224,5
current_layoutgen,deliverables/sram_layoutgen_standalone/build/codex_regression_sweep_trackalgo/1x128_wpr1/sram_1x128_wpr1_fd45.sp,E:\njust\keyan\SRAM Compiler_V2\OpenRAM-stable\deliverables\sram_layoutgen_standalone\build\codex_regression_sweep_trackalgo\1x128_wpr1\sram_1x128_wpr1_fd45.sp,.sp,54106,5
current_layoutgen,deliverables/sram_layoutgen_standalone/build/codex_regression_sweep_trackalgo/1x128_wpr2/sram_1x128_wpr2_fd45.sp,E:\njust\keyan\SRAM Compiler_V2\OpenRAM-stable\deliverables\sram_layoutgen_standalone\build\codex_regression_sweep_trackalgo\1x128_wpr2\sram_1x128_wpr2_fd45.sp,.sp,32533,5
current_layoutgen,deliverables/sram_layoutgen_standalone/build/codex_regression_sweep_trackalgo/1x128_wpr4/sram_1x128_wpr4_fd45.sp,E:\njust\keyan\SRAM Compiler_V2\OpenRAM-stable\deliverables\sram_layoutgen_standalone\build\codex_regression_sweep_trackalgo\1x128_wpr4\sram_1x128_wpr4_fd45.sp,.sp,22181,5
current_layoutgen,deliverables/sram_layoutgen_standalone/build/codex_regression_sweep_trackalgo/1x128_wpr8/sram_1x128_wpr8_fd45.sp,E:\njust\keyan\SRAM Compiler_V2\OpenRAM-stable\deliverables\sram_layoutgen_standalone\build\codex_regression_sweep_trackalgo\1x128_wpr8\sram_1x128_wpr8_fd45.sp,.sp,17481,5
current_layoutgen,deliverables/sram_layoutgen_standalone/build/codex_regression_sweep_trackalgo/1x16_wpr1/sram_1x16_wpr1_fd45.sp,E:\njust\keyan\SRAM Compiler_V2\OpenRAM-stable\deliverables\sram_layoutgen_standalone\build\codex_regression_sweep_trackalgo\1x16_wpr1\sram_1x16_wpr1_fd45.sp,.sp,10456,5
current_layoutgen,deliverables/sram_layoutgen_standalone/build/codex_regression_sweep_trackalgo/1x32_wpr1/sram_1x32_wpr1_fd45.sp,E:\njust\keyan\SRAM Compiler_V2\OpenRAM-stable\deliverables\sram_layoutgen_standalone\build\codex_regression_sweep_trackalgo\1x32_wpr1\sram_1x32_wpr1_fd45.sp,.sp,16744,5
current_layoutgen,deliverables/sram_layoutgen_standalone/build/codex_regression_sweep_trackalgo/1x32_wpr2/sram_1x32_wpr2_fd45.sp,E:\njust\keyan\SRAM Compiler_V2\OpenRAM-stable\deliverables\sram_layoutgen_standalone\build\codex_regression_sweep_trackalgo\1x32_wpr2\sram_1x32_wpr2_fd45.sp,.sp,11567,5
current_layoutgen,deliverables/sram_layoutgen_standalone/build/codex_regression_sweep_trackalgo/1x64_wpr1/sram_1x64_wpr1_fd45.sp,E:\njust\keyan\SRAM Compiler_V2\OpenRAM-stable\deliverables\sram_layoutgen_standalone\build\codex_regression_sweep_trackalgo\1x64_wpr1\sram_1x64_wpr1_fd45.sp,.sp,29062,5
current_layoutgen,deliverables/sram_layoutgen_standalone/build/codex_regression_sweep_trackalgo/1x64_wpr2/sram_1x64_wpr2_fd45.sp,E:\njust\keyan\SRAM Compiler_V2\OpenRAM-stable\deliverables\sram_layoutgen_standalone\build\codex_regression_sweep_trackalgo\1x64_wpr2\sram_1x64_wpr2_fd45.sp,.sp,18541,5
current_layoutgen,deliverables/sram_layoutgen_standalone/build/codex_regression_sweep_trackalgo/1x64_wpr4/sram_1x64_wpr4_fd45.sp,E:\njust\keyan\SRAM Compiler_V2\OpenRAM-stable\deliverables\sram_layoutgen_standalone\build\codex_regression_sweep_trackalgo\1x64_wpr4\sram_1x64_wpr4_fd45.sp,.sp,13533,5
current_layoutgen,deliverables/sram_layoutgen_standalone/build/codex_regression_sweep_trackalgo/2x128_wpr1/sram_2x128_wpr1_fd45.sp,E:\njust\keyan\SRAM Compiler_V2\OpenRAM-stable\deliverables\sram_layoutgen_standalone\build\codex_regression_sweep_trackalgo\2x128_wpr1\sram_2x128_wpr1_fd45.sp,.sp,60776,5
current_layoutgen,deliverables/sram_layoutgen_standalone/build/codex_regression_sweep_trackalgo/2x128_wpr2/sram_2x128_wpr2_fd45.sp,E:\njust\keyan\SRAM Compiler_V2\OpenRAM-stable\deliverables\sram_layoutgen_standalone\build\codex_regression_sweep_trackalgo\2x128_wpr2\sram_2x128_wpr2_fd45.sp,.sp,39246,5
current_layoutgen,deliverables/sram_layoutgen_standalone/build/codex_regression_sweep_trackalgo/2x128_wpr4/sram_2x128_wpr4_fd45.sp,E:\njust\keyan\SRAM Compiler_V2\OpenRAM-stable\deliverables\sram_layoutgen_standalone\build\codex_regression_sweep_trackalgo\2x128_wpr4\sram_2x128_wpr4_fd45.sp,.sp,29092,5
current_layoutgen,deliverables/sram_layoutgen_standalone/build/codex_regression_sweep_trackalgo/2x128_wpr8/sram_2x128_wpr8_fd45.sp,E:\njust\keyan\SRAM Compiler_V2\OpenRAM-stable\deliverables\sram_layoutgen_standalone\build\codex_regression_sweep_trackalgo\2x128_wpr8\sram_2x128_wpr8_fd45.sp,.sp,25112,5
current_layoutgen,deliverables/sram_layoutgen_standalone/build/codex_regression_sweep_trackalgo/2x32_wpr1/sram_2x32_wpr1_fd45.sp,E:\njust\keyan\SRAM Compiler_V2\OpenRAM-stable\deliverables\sram_layoutgen_standalone\build\codex_regression_sweep_trackalgo\2x32_wpr1\sram_2x32_wpr1_fd45.sp,.sp,18654,5
current_layoutgen,deliverables/sram_layoutgen_standalone/build/codex_regression_sweep_trackalgo/2x32_wpr2/sram_2x32_wpr2_fd45.sp,E:\njust\keyan\SRAM Compiler_V2\OpenRAM-stable\deliverables\sram_layoutgen_standalone\build\codex_regression_sweep_trackalgo\2x32_wpr2\sram_2x32_wpr2_fd45.sp,.sp,13576,5
current_layoutgen,deliverables/sram_layoutgen_standalone/build/codex_regression_sweep_trackalgo/2x64_wpr1/sram_2x64_wpr1_fd45.sp,E:\njust\keyan\SRAM Compiler_V2\OpenRAM-stable\deliverables\sram_layoutgen_standalone\build\codex_regression_sweep_trackalgo\2x64_wpr1\sram_2x64_wpr1_fd45.sp,.sp,32540,5
current_layoutgen,deliverables/sram_layoutgen_standalone/build/codex_regression_sweep_trackalgo/2x64_wpr2/sram_2x64_wpr2_fd45.sp,E:\njust\keyan\SRAM Compiler_V2\OpenRAM-stable\deliverables\sram_layoutgen_standalone\build\codex_regression_sweep_trackalgo\2x64_wpr2\sram_2x64_wpr2_fd45.sp,.sp,22118,5
current_layoutgen,deliverables/sram_layoutgen_standalone/build/codex_regression_sweep_trackalgo/2x64_wpr4/sram_2x64_wpr4_fd45.sp,E:\njust\keyan\SRAM Compiler_V2\OpenRAM-stable\deliverables\sram_layoutgen_standalone\build\codex_regression_sweep_trackalgo\2x64_wpr4\sram_2x64_wpr4_fd45.sp,.sp,17308,5
current_layoutgen,deliverables/sram_layoutgen_standalone/build/codex_regression_sweep_trackalgo/4x128_wpr1/sram_4x128_wpr1_fd45.sp,E:\njust\keyan\SRAM Compiler_V2\OpenRAM-stable\deliverables\sram_layoutgen_standalone\build\codex_regression_sweep_trackalgo\4x128_wpr1\sram_4x128_wpr1_fd45.sp,.sp,74116,5
current_layoutgen,deliverables/sram_layoutgen_standalone/build/codex_regression_sweep_trackalgo/4x128_wpr2/sram_4x128_wpr2_fd45.sp,E:\njust\keyan\SRAM Compiler_V2\OpenRAM-stable\deliverables\sram_layoutgen_standalone\build\codex_regression_sweep_trackalgo\4x128_wpr2\sram_4x128_wpr2_fd45.sp,.sp,52672,5
current_layoutgen,deliverables/sram_layoutgen_standalone/build/codex_regression_sweep_trackalgo/4x128_wpr4/sram_4x128_wpr4_fd45.sp,E:\njust\keyan\SRAM Compiler_V2\OpenRAM-stable\deliverables\sram_layoutgen_standalone\build\codex_regression_sweep_trackalgo\4x128_wpr4\sram_4x128_wpr4_fd45.sp,.sp,43530,5
current_layoutgen,deliverables/sram_layoutgen_standalone/build/codex_regression_sweep_trackalgo/4x128_wpr8/sram_4x128_wpr8_fd45.sp,E:\njust\keyan\SRAM Compiler_V2\OpenRAM-stable\deliverables\sram_layoutgen_standalone\build\codex_regression_sweep_trackalgo\4x128_wpr8\sram_4x128_wpr8_fd45.sp,.sp,40598,5
current_layoutgen,deliverables/sram_layoutgen_standalone/build/codex_regression_sweep_trackalgo/4x16_wpr1/sram_4x16_wpr1_fd45.sp,E:\njust\keyan\SRAM Compiler_V2\OpenRAM-stable\deliverables\sram_layoutgen_standalone\build\codex_regression_sweep_trackalgo\4x16_wpr1\sram_4x16_wpr1_fd45.sp,.sp,13834,5
current_layoutgen,deliverables/sram_layoutgen_standalone/build/codex_regression_sweep_trackalgo/4x32_wpr1/sram_4x32_wpr1_fd45.sp,E:\njust\keyan\SRAM Compiler_V2\OpenRAM-stable\deliverables\sram_layoutgen_standalone\build\codex_regression_sweep_trackalgo\4x32_wpr1\sram_4x32_wpr1_fd45.sp,.sp,22474,5
current_layoutgen,deliverables/sram_layoutgen_standalone/build/codex_regression_sweep_trackalgo/4x32_wpr2/sram_4x32_wpr2_fd45.sp,E:\njust\keyan\SRAM Compiler_V2\OpenRAM-stable\deliverables\sram_layoutgen_standalone\build\codex_regression_sweep_trackalgo\4x32_wpr2\sram_4x32_wpr2_fd45.sp,.sp,17594,5
current_layoutgen,deliverables/sram_layoutgen_standalone/build/codex_regression_sweep_trackalgo/4x64_wpr1/sram_4x64_wpr1_fd45.sp,E:\njust\keyan\SRAM Compiler_V2\OpenRAM-stable\deliverables\sram_layoutgen_standalone\build\codex_regression_sweep_trackalgo\4x64_wpr1\sram_4x64_wpr1_fd45.sp,.sp,39496,5
current_layoutgen,deliverables/sram_layoutgen_standalone/build/codex_regression_sweep_trackalgo/4x64_wpr2/sram_4x64_wpr2_fd45.sp,E:\njust\keyan\SRAM Compiler_V2\OpenRAM-stable\deliverables\sram_layoutgen_standalone\build\codex_regression_sweep_trackalgo\4x64_wpr2\sram_4x64_wpr2_fd45.sp,.sp,29272,5
current_layoutgen,deliverables/sram_layoutgen_standalone/build/codex_regression_sweep_trackalgo/4x64_wpr4/sram_4x64_wpr4_fd45.sp,E:\njust\keyan\SRAM Compiler_V2\OpenRAM-stable\deliverables\sram_layoutgen_standalone\build\codex_regression_sweep_trackalgo\4x64_wpr4\sram_4x64_wpr4_fd45.sp,.sp,25186,5
current_layoutgen,deliverables/sram_layoutgen_standalone/build/codex_regression_sweep_trackalgo/8x128_wpr1/sram_8x128_wpr1_fd45.sp,E:\njust\keyan\SRAM Compiler_V2\OpenRAM-stable\deliverables\sram_layoutgen_standalone\build\codex_regression_sweep_trackalgo\8x128_wpr1\sram_8x128_wpr1_fd45.sp,.sp,100796,5
current_layoutgen,deliverables/sram_layoutgen_standalone/build/codex_regression_sweep_trackalgo/8x128_wpr2/sram_8x128_wpr2_fd45.sp,E:\njust\keyan\SRAM Compiler_V2\OpenRAM-stable\deliverables\sram_layoutgen_standalone\build\codex_regression_sweep_trackalgo\8x128_wpr2\sram_8x128_wpr2_fd45.sp,.sp,80724,5
current_layoutgen,deliverables/sram_layoutgen_standalone/build/codex_regression_sweep_trackalgo/8x128_wpr4/sram_8x128_wpr4_fd45.sp,E:\njust\keyan\SRAM Compiler_V2\OpenRAM-stable\deliverables\sram_layoutgen_standalone\build\codex_regression_sweep_trackalgo\8x128_wpr4\sram_8x128_wpr4_fd45.sp,.sp,72822,5
current_layoutgen,deliverables/sram_layoutgen_standalone/build/codex_regression_sweep_trackalgo/8x128_wpr8/sram_8x128_wpr8_fd45.sp,E:\njust\keyan\SRAM Compiler_V2\OpenRAM-stable\deliverables\sram_layoutgen_standalone\build\codex_regression_sweep_trackalgo\8x128_wpr8\sram_8x128_wpr8_fd45.sp,.sp,71570,5
current_layoutgen,deliverables/sram_layoutgen_standalone/build/codex_regression_sweep_trackalgo/8x16_wpr1/sram_8x16_wpr1_fd45.sp,E:\njust\keyan\SRAM Compiler_V2\OpenRAM-stable\deliverables\sram_layoutgen_standalone\build\codex_regression_sweep_trackalgo\8x16_wpr1\sram_8x16_wpr1_fd45.sp,.sp,18338,5
current_layoutgen,deliverables/sram_layoutgen_standalone/build/codex_regression_sweep_trackalgo/8x32_wpr1/sram_8x32_wpr1_fd45.sp,E:\njust\keyan\SRAM Compiler_V2\OpenRAM-stable\deliverables\sram_layoutgen_standalone\build\codex_regression_sweep_trackalgo\8x32_wpr1\sram_8x32_wpr1_fd45.sp,.sp,30114,5
current_layoutgen,deliverables/sram_layoutgen_standalone/build/codex_regression_sweep_trackalgo/8x32_wpr2/sram_8x32_wpr2_fd45.sp,E:\njust\keyan\SRAM Compiler_V2\OpenRAM-stable\deliverables\sram_layoutgen_standalone\build\codex_regression_sweep_trackalgo\8x32_wpr2\sram_8x32_wpr2_fd45.sp,.sp,25966,5
current_layoutgen,deliverables/sram_layoutgen_standalone/build/codex_regression_sweep_trackalgo/8x64_wpr1/sram_8x64_wpr1_fd45.sp,E:\njust\keyan\SRAM Compiler_V2\OpenRAM-stable\deliverables\sram_layoutgen_standalone\build\codex_regression_sweep_trackalgo\8x64_wpr1\sram_8x64_wpr1_fd45.sp,.sp,53408,5
current_layoutgen,deliverables/sram_layoutgen_standalone/build/codex_regression_sweep_trackalgo/8x64_wpr2/sram_8x64_wpr2_fd45.sp,E:\njust\keyan\SRAM Compiler_V2\OpenRAM-stable\deliverables\sram_layoutgen_standalone\build\codex_regression_sweep_trackalgo\8x64_wpr2\sram_8x64_wpr2_fd45.sp,.sp,44204,5
current_layoutgen,deliverables/sram_layoutgen_standalone/build/codex_regression_sweep_trackalgo/8x64_wpr4/sram_8x64_wpr4_fd45.sp,E:\njust\keyan\SRAM Compiler_V2\OpenRAM-stable\deliverables\sram_layoutgen_standalone\build\codex_regression_sweep_trackalgo\8x64_wpr4\sram_8x64_wpr4_fd45.sp,.sp,41166,5
current_layoutgen,deliverables/sram_layoutgen_standalone/build/codex_regression_sweep_trackalgo_pruned/16x128_wpr1/sram_16x128_wpr1_fd45.sp,E:\njust\keyan\SRAM Compiler_V2\OpenRAM-stable\deliverables\sram_layoutgen_standalone\build\codex_regression_sweep_trackalgo_pruned\16x128_wpr1\sram_16x128_wpr1_fd45.sp,.sp,156600,5
current_layoutgen,deliverables/sram_layoutgen_standalone/build/codex_regression_sweep_trackalgo_pruned/16x128_wpr2/sram_16x128_wpr2_fd45.sp,E:\njust\keyan\SRAM Compiler_V2\OpenRAM-stable\deliverables\sram_layoutgen_standalone\build\codex_regression_sweep_trackalgo_pruned\16x128_wpr2\sram_16x128_wpr2_fd45.sp,.sp,137714,5
current_layoutgen,deliverables/sram_layoutgen_standalone/build/codex_regression_sweep_trackalgo_pruned/16x128_wpr4/sram_16x128_wpr4_fd45.sp,E:\njust\keyan\SRAM Compiler_V2\OpenRAM-stable\deliverables\sram_layoutgen_standalone\build\codex_regression_sweep_trackalgo_pruned\16x128_wpr4\sram_16x128_wpr4_fd45.sp,.sp,131504,5
current_layoutgen,deliverables/sram_layoutgen_standalone/build/codex_regression_sweep_trackalgo_pruned/16x128_wpr8/sram_16x128_wpr8_fd45.sp,E:\njust\keyan\SRAM Compiler_V2\OpenRAM-stable\deliverables\sram_layoutgen_standalone\build\codex_regression_sweep_trackalgo_pruned\16x128_wpr8\sram_16x128_wpr8_fd45.sp,.sp,135160,5
current_layoutgen,deliverables/sram_layoutgen_standalone/build/codex_regression_sweep_trackalgo_pruned/16x32_wpr1/sram_16x32_wpr1_fd45.sp,E:\njust\keyan\SRAM Compiler_V2\OpenRAM-stable\deliverables\sram_layoutgen_standalone\build\codex_regression_sweep_trackalgo_pruned\16x32_wpr1\sram_16x32_wpr1_fd45.sp,.sp,46110,5
current_layoutgen,deliverables/sram_layoutgen_standalone/build/codex_regression_sweep_trackalgo_pruned/16x32_wpr2/sram_16x32_wpr2_fd45.sp,E:\njust\keyan\SRAM Compiler_V2\OpenRAM-stable\deliverables\sram_layoutgen_standalone\build\codex_regression_sweep_trackalgo_pruned\16x32_wpr2\sram_16x32_wpr2_fd45.sp,.sp,43020,5
current_layoutgen,deliverables/sram_layoutgen_standalone/build/codex_regression_sweep_trackalgo_pruned/16x64_wpr1/sram_16x64_wpr1_fd45.sp,E:\njust\keyan\SRAM Compiler_V2\OpenRAM-stable\deliverables\sram_layoutgen_standalone\build\codex_regression_sweep_trackalgo_pruned\16x64_wpr1\sram_16x64_wpr1_fd45.sp,.sp,82524,5
current_layoutgen,deliverables/sram_layoutgen_standalone/build/codex_regression_sweep_trackalgo_pruned/16x64_wpr2/sram_16x64_wpr2_fd45.sp,E:\njust\keyan\SRAM Compiler_V2\OpenRAM-stable\deliverables\sram_layoutgen_standalone\build\codex_regression_sweep_trackalgo_pruned\16x64_wpr2\sram_16x64_wpr2_fd45.sp,.sp,74570,5
current_layoutgen,deliverables/sram_layoutgen_standalone/build/codex_regression_sweep_trackalgo_pruned/16x64_wpr4/sram_16x64_wpr4_fd45.sp,E:\njust\keyan\SRAM Compiler_V2\OpenRAM-stable\deliverables\sram_layoutgen_standalone\build\codex_regression_sweep_trackalgo_pruned\16x64_wpr4\sram_16x64_wpr4_fd45.sp,.sp,73224,5
current_layoutgen,deliverables/sram_layoutgen_standalone/build/codex_regression_sweep_trackalgo_pruned/1x128_wpr1/sram_1x128_wpr1_fd45.sp,E:\njust\keyan\SRAM Compiler_V2\OpenRAM-stable\deliverables\sram_layoutgen_standalone\build\codex_regression_sweep_trackalgo_pruned\1x128_wpr1\sram_1x128_wpr1_fd45.sp,.sp,54106,5
current_layoutgen,deliverables/sram_layoutgen_standalone/build/codex_regression_sweep_trackalgo_pruned/1x128_wpr2/sram_1x128_wpr2_fd45.sp,E:\njust\keyan\SRAM Compiler_V2\OpenRAM-stable\deliverables\sram_layoutgen_standalone\build\codex_regression_sweep_trackalgo_pruned\1x128_wpr2\sram_1x128_wpr2_fd45.sp,.sp,32533,5
current_layoutgen,deliverables/sram_layoutgen_standalone/build/codex_regression_sweep_trackalgo_pruned/1x128_wpr4/sram_1x128_wpr4_fd45.sp,E:\njust\keyan\SRAM Compiler_V2\OpenRAM-stable\deliverables\sram_layoutgen_standalone\build\codex_regression_sweep_trackalgo_pruned\1x128_wpr4\sram_1x128_wpr4_fd45.sp,.sp,22181,5
current_layoutgen,deliverables/sram_layoutgen_standalone/build/codex_regression_sweep_trackalgo_pruned/1x128_wpr8/sram_1x128_wpr8_fd45.sp,E:\njust\keyan\SRAM Compiler_V2\OpenRAM-stable\deliverables\sram_layoutgen_standalone\build\codex_regression_sweep_trackalgo_pruned\1x128_wpr8\sram_1x128_wpr8_fd45.sp,.sp,17481,5
current_layoutgen,deliverables/sram_layoutgen_standalone/build/codex_regression_sweep_trackalgo_pruned/1x16_wpr1/sram_1x16_wpr1_fd45.sp,E:\njust\keyan\SRAM Compiler_V2\OpenRAM-stable\deliverables\sram_layoutgen_standalone\build\codex_regression_sweep_trackalgo_pruned\1x16_wpr1\sram_1x16_wpr1_fd45.sp,.sp,10456,5
current_layoutgen,deliverables/sram_layoutgen_standalone/build/codex_regression_sweep_trackalgo_pruned/1x32_wpr1/sram_1x32_wpr1_fd45.sp,E:\njust\keyan\SRAM Compiler_V2\OpenRAM-stable\deliverables\sram_layoutgen_standalone\build\codex_regression_sweep_trackalgo_pruned\1x32_wpr1\sram_1x32_wpr1_fd45.sp,.sp,16744,5
current_layoutgen,deliverables/sram_layoutgen_standalone/build/codex_regression_sweep_trackalgo_pruned/1x32_wpr2/sram_1x32_wpr2_fd45.sp,E:\njust\keyan\SRAM Compiler_V2\OpenRAM-stable\deliverables\sram_layoutgen_standalone\build\codex_regression_sweep_trackalgo_pruned\1x32_wpr2\sram_1x32_wpr2_fd45.sp,.sp,11567,5
current_layoutgen,deliverables/sram_layoutgen_standalone/build/codex_regression_sweep_trackalgo_pruned/1x64_wpr1/sram_1x64_wpr1_fd45.sp,E:\njust\keyan\SRAM Compiler_V2\OpenRAM-stable\deliverables\sram_layoutgen_standalone\build\codex_regression_sweep_trackalgo_pruned\1x64_wpr1\sram_1x64_wpr1_fd45.sp,.sp,29062,5
current_layoutgen,deliverables/sram_layoutgen_standalone/build/codex_regression_sweep_trackalgo_pruned/1x64_wpr2/sram_1x64_wpr2_fd45.sp,E:\njust\keyan\SRAM Compiler_V2\OpenRAM-stable\deliverables\sram_layoutgen_standalone\build\codex_regression_sweep_trackalgo_pruned\1x64_wpr2\sram_1x64_wpr2_fd45.sp,.sp,18541,5
current_layoutgen,deliverables/sram_layoutgen_standalone/build/codex_regression_sweep_trackalgo_pruned/1x64_wpr4/sram_1x64_wpr4_fd45.sp,E:\njust\keyan\SRAM Compiler_V2\OpenRAM-stable\deliverables\sram_layoutgen_standalone\build\codex_regression_sweep_trackalgo_pruned\1x64_wpr4\sram_1x64_wpr4_fd45.sp,.sp,13533,5
current_layoutgen,deliverables/sram_layoutgen_standalone/build/codex_regression_sweep_trackalgo_pruned/2x128_wpr1/sram_2x128_wpr1_fd45.sp,E:\njust\keyan\SRAM Compiler_V2\OpenRAM-stable\deliverables\sram_layoutgen_standalone\build\codex_regression_sweep_trackalgo_pruned\2x128_wpr1\sram_2x128_wpr1_fd45.sp,.sp,60776,5
current_layoutgen,deliverables/sram_layoutgen_standalone/build/codex_regression_sweep_trackalgo_pruned/2x128_wpr2/sram_2x128_wpr2_fd45.sp,E:\njust\keyan\SRAM Compiler_V2\OpenRAM-stable\deliverables\sram_layoutgen_standalone\build\codex_regression_sweep_trackalgo_pruned\2x128_wpr2\sram_2x128_wpr2_fd45.sp,.sp,39246,5
current_layoutgen,deliverables/sram_layoutgen_standalone/build/codex_regression_sweep_trackalgo_pruned/2x128_wpr4/sram_2x128_wpr4_fd45.sp,E:\njust\keyan\SRAM Compiler_V2\OpenRAM-stable\deliverables\sram_layoutgen_standalone\build\codex_regression_sweep_trackalgo_pruned\2x128_wpr4\sram_2x128_wpr4_fd45.sp,.sp,29092,5
current_layoutgen,deliverables/sram_layoutgen_standalone/build/codex_regression_sweep_trackalgo_pruned/2x128_wpr8/sram_2x128_wpr8_fd45.sp,E:\njust\keyan\SRAM Compiler_V2\OpenRAM-stable\deliverables\sram_layoutgen_standalone\build\codex_regression_sweep_trackalgo_pruned\2x128_wpr8\sram_2x128_wpr8_fd45.sp,.sp,25112,5
current_layoutgen,deliverables/sram_layoutgen_standalone/build/codex_regression_sweep_trackalgo_pruned/2x32_wpr1/sram_2x32_wpr1_fd45.sp,E:\njust\keyan\SRAM Compiler_V2\OpenRAM-stable\deliverables\sram_layoutgen_standalone\build\codex_regression_sweep_trackalgo_pruned\2x32_wpr1\sram_2x32_wpr1_fd45.sp,.sp,18654,5
current_layoutgen,deliverables/sram_layoutgen_standalone/build/codex_regression_sweep_trackalgo_pruned/2x32_wpr2/sram_2x32_wpr2_fd45.sp,E:\njust\keyan\SRAM Compiler_V2\OpenRAM-stable\deliverables\sram_layoutgen_standalone\build\codex_regression_sweep_trackalgo_pruned\2x32_wpr2\sram_2x32_wpr2_fd45.sp,.sp,13576,5
current_layoutgen,deliverables/sram_layoutgen_standalone/build/codex_regression_sweep_trackalgo_pruned/2x64_wpr1/sram_2x64_wpr1_fd45.sp,E:\njust\keyan\SRAM Compiler_V2\OpenRAM-stable\deliverables\sram_layoutgen_standalone\build\codex_regression_sweep_trackalgo_pruned\2x64_wpr1\sram_2x64_wpr1_fd45.sp,.sp,32540,5
current_layoutgen,deliverables/sram_layoutgen_standalone/build/codex_regression_sweep_trackalgo_pruned/2x64_wpr2/sram_2x64_wpr2_fd45.sp,E:\njust\keyan\SRAM Compiler_V2\OpenRAM-stable\deliverables\sram_layoutgen_standalone\build\codex_regression_sweep_trackalgo_pruned\2x64_wpr2\sram_2x64_wpr2_fd45.sp,.sp,22118,5
current_layoutgen,deliverables/sram_layoutgen_standalone/build/codex_regression_sweep_trackalgo_pruned/2x64_wpr4/sram_2x64_wpr4_fd45.sp,E:\njust\keyan\SRAM Compiler_V2\OpenRAM-stable\deliverables\sram_layoutgen_standalone\build\codex_regression_sweep_trackalgo_pruned\2x64_wpr4\sram_2x64_wpr4_fd45.sp,.sp,17308,5
current_layoutgen,deliverables/sram_layoutgen_standalone/build/codex_regression_sweep_trackalgo_pruned/4x128_wpr1/sram_4x128_wpr1_fd45.sp,E:\njust\keyan\SRAM Compiler_V2\OpenRAM-stable\deliverables\sram_layoutgen_standalone\build\codex_regression_sweep_trackalgo_pruned\4x128_wpr1\sram_4x128_wpr1_fd45.sp,.sp,74116,5
current_layoutgen,deliverables/sram_layoutgen_standalone/build/codex_regression_sweep_trackalgo_pruned/4x128_wpr2/sram_4x128_wpr2_fd45.sp,E:\njust\keyan\SRAM Compiler_V2\OpenRAM-stable\deliverables\sram_layoutgen_standalone\build\codex_regression_sweep_trackalgo_pruned\4x128_wpr2\sram_4x128_wpr2_fd45.sp,.sp,52672,5
current_layoutgen,deliverables/sram_layoutgen_standalone/build/codex_regression_sweep_trackalgo_pruned/4x128_wpr4/sram_4x128_wpr4_fd45.sp,E:\njust\keyan\SRAM Compiler_V2\OpenRAM-stable\deliverables\sram_layoutgen_standalone\build\codex_regression_sweep_trackalgo_pruned\4x128_wpr4\sram_4x128_wpr4_fd45.sp,.sp,43530,5
current_layoutgen,deliverables/sram_layoutgen_standalone/build/codex_regression_sweep_trackalgo_pruned/4x128_wpr8/sram_4x128_wpr8_fd45.sp,E:\njust\keyan\SRAM Compiler_V2\OpenRAM-stable\deliverables\sram_layoutgen_standalone\build\codex_regression_sweep_trackalgo_pruned\4x128_wpr8\sram_4x128_wpr8_fd45.sp,.sp,40598,5
current_layoutgen,deliverables/sram_layoutgen_standalone/build/codex_regression_sweep_trackalgo_pruned/4x16_wpr1/sram_4x16_wpr1_fd45.sp,E:\njust\keyan\SRAM Compiler_V2\OpenRAM-stable\deliverables\sram_layoutgen_standalone\build\codex_regression_sweep_trackalgo_pruned\4x16_wpr1\sram_4x16_wpr1_fd45.sp,.sp,13834,5
current_layoutgen,deliverables/sram_layoutgen_standalone/build/codex_regression_sweep_trackalgo_pruned/4x32_wpr1/sram_4x32_wpr1_fd45.sp,E:\njust\keyan\SRAM Compiler_V2\OpenRAM-stable\deliverables\sram_layoutgen_standalone\build\codex_regression_sweep_trackalgo_pruned\4x32_wpr1\sram_4x32_wpr1_fd45.sp,.sp,22474,5
current_layoutgen,deliverables/sram_layoutgen_standalone/build/codex_regression_sweep_trackalgo_pruned/4x32_wpr2/sram_4x32_wpr2_fd45.sp,E:\njust\keyan\SRAM Compiler_V2\OpenRAM-stable\deliverables\sram_layoutgen_standalone\build\codex_regression_sweep_trackalgo_pruned\4x32_wpr2\sram_4x32_wpr2_fd45.sp,.sp,17594,5
current_layoutgen,deliverables/sram_layoutgen_standalone/build/codex_regression_sweep_trackalgo_pruned/4x64_wpr1/sram_4x64_wpr1_fd45.sp,E:\njust\keyan\SRAM Compiler_V2\OpenRAM-stable\deliverables\sram_layoutgen_standalone\build\codex_regression_sweep_trackalgo_pruned\4x64_wpr1\sram_4x64_wpr1_fd45.sp,.sp,39496,5
current_layoutgen,deliverables/sram_layoutgen_standalone/build/codex_regression_sweep_trackalgo_pruned/4x64_wpr2/sram_4x64_wpr2_fd45.sp,E:\njust\keyan\SRAM Compiler_V2\OpenRAM-stable\deliverables\sram_layoutgen_standalone\build\codex_regression_sweep_trackalgo_pruned\4x64_wpr2\sram_4x64_wpr2_fd45.sp,.sp,29272,5
current_layoutgen,deliverables/sram_layoutgen_standalone/build/codex_regression_sweep_trackalgo_pruned/4x64_wpr4/sram_4x64_wpr4_fd45.sp,E:\njust\keyan\SRAM Compiler_V2\OpenRAM-stable\deliverables\sram_layoutgen_standalone\build\codex_regression_sweep_trackalgo_pruned\4x64_wpr4\sram_4x64_wpr4_fd45.sp,.sp,25186,5
current_layoutgen,deliverables/sram_layoutgen_standalone/build/codex_regression_sweep_trackalgo_pruned/8x128_wpr1/sram_8x128_wpr1_fd45.sp,E:\njust\keyan\SRAM Compiler_V2\OpenRAM-stable\deliverables\sram_layoutgen_standalone\build\codex_regression_sweep_trackalgo_pruned\8x128_wpr1\sram_8x128_wpr1_fd45.sp,.sp,100796,5
current_layoutgen,deliverables/sram_layoutgen_standalone/build/codex_regression_sweep_trackalgo_pruned/8x128_wpr2/sram_8x128_wpr2_fd45.sp,E:\njust\keyan\SRAM Compiler_V2\OpenRAM-stable\deliverables\sram_layoutgen_standalone\build\codex_regression_sweep_trackalgo_pruned\8x128_wpr2\sram_8x128_wpr2_fd45.sp,.sp,80724,5
current_layoutgen,deliverables/sram_layoutgen_standalone/build/codex_regression_sweep_trackalgo_pruned/8x128_wpr4/sram_8x128_wpr4_fd45.sp,E:\njust\keyan\SRAM Compiler_V2\OpenRAM-stable\deliverables\sram_layoutgen_standalone\build\codex_regression_sweep_trackalgo_pruned\8x128_wpr4\sram_8x128_wpr4_fd45.sp,.sp,72822,5
current_layoutgen,deliverables/sram_layoutgen_standalone/build/codex_regression_sweep_trackalgo_pruned/8x128_wpr8/sram_8x128_wpr8_fd45.sp,E:\njust\keyan\SRAM Compiler_V2\OpenRAM-stable\deliverables\sram_layoutgen_standalone\build\codex_regression_sweep_trackalgo_pruned\8x128_wpr8\sram_8x128_wpr8_fd45.sp,.sp,71570,5
current_layoutgen,deliverables/sram_layoutgen_standalone/build/codex_regression_sweep_trackalgo_pruned/8x16_wpr1/sram_8x16_wpr1_fd45.sp,E:\njust\keyan\SRAM Compiler_V2\OpenRAM-stable\deliverables\sram_layoutgen_standalone\build\codex_regression_sweep_trackalgo_pruned\8x16_wpr1\sram_8x16_wpr1_fd45.sp,.sp,18338,5
current_layoutgen,deliverables/sram_layoutgen_standalone/build/codex_regression_sweep_trackalgo_pruned/8x32_wpr1/sram_8x32_wpr1_fd45.sp,E:\njust\keyan\SRAM Compiler_V2\OpenRAM-stable\deliverables\sram_layoutgen_standalone\build\codex_regression_sweep_trackalgo_pruned\8x32_wpr1\sram_8x32_wpr1_fd45.sp,.sp,30114,5
current_layoutgen,deliverables/sram_layoutgen_standalone/build/codex_regression_sweep_trackalgo_pruned/8x32_wpr2/sram_8x32_wpr2_fd45.sp,E:\njust\keyan\SRAM Compiler_V2\OpenRAM-stable\deliverables\sram_layoutgen_standalone\build\codex_regression_sweep_trackalgo_pruned\8x32_wpr2\sram_8x32_wpr2_fd45.sp,.sp,25966,5
current_layoutgen,deliverables/sram_layoutgen_standalone/build/codex_regression_sweep_trackalgo_pruned/8x64_wpr1/sram_8x64_wpr1_fd45.sp,E:\njust\keyan\SRAM Compiler_V2\OpenRAM-stable\deliverables\sram_layoutgen_standalone\build\codex_regression_sweep_trackalgo_pruned\8x64_wpr1\sram_8x64_wpr1_fd45.sp,.sp,53408,5
current_layoutgen,deliverables/sram_layoutgen_standalone/build/codex_regression_sweep_trackalgo_pruned/8x64_wpr2/sram_8x64_wpr2_fd45.sp,E:\njust\keyan\SRAM Compiler_V2\OpenRAM-stable\deliverables\sram_layoutgen_standalone\build\codex_regression_sweep_trackalgo_pruned\8x64_wpr2\sram_8x64_wpr2_fd45.sp,.sp,44204,5
current_layoutgen,deliverables/sram_layoutgen_standalone/build/codex_regression_sweep_trackalgo_pruned/8x64_wpr4/sram_8x64_wpr4_fd45.sp,E:\njust\keyan\SRAM Compiler_V2\OpenRAM-stable\deliverables\sram_layoutgen_standalone\build\codex_regression_sweep_trackalgo_pruned\8x64_wpr4\sram_8x64_wpr4_fd45.sp,.sp,41166,5
current_layoutgen,deliverables/sram_layoutgen_standalone/build/codex_repro_a/sram_8x64_wpr4_fd45.sp,E:\njust\keyan\SRAM Compiler_V2\OpenRAM-stable\deliverables\sram_layoutgen_standalone\build\codex_repro_a\sram_8x64_wpr4_fd45.sp,.sp,41166,5
current_layoutgen,deliverables/sram_layoutgen_standalone/build/codex_repro_b/sram_8x64_wpr4_fd45.sp,E:\njust\keyan\SRAM Compiler_V2\OpenRAM-stable\deliverables\sram_layoutgen_standalone\build\codex_repro_b\sram_8x64_wpr4_fd45.sp,.sp,41166,5
current_layoutgen,deliverables/sram_layoutgen_standalone/build/codex_rowdecode_gap_16x128_wpr1/sram_16x128_wpr1_fd45.sp,E:\njust\keyan\SRAM Compiler_V2\OpenRAM-stable\deliverables\sram_layoutgen_standalone\build\codex_rowdecode_gap_16x128_wpr1\sram_16x128_wpr1_fd45.sp,.sp,156600,5
current_layoutgen,deliverables/sram_layoutgen_standalone/build/codex_rowdecode_gap_8x64_wpr1/sram_8x64_wpr1_fd45.sp,E:\njust\keyan\SRAM Compiler_V2\OpenRAM-stable\deliverables\sram_layoutgen_standalone\build\codex_rowdecode_gap_8x64_wpr1\sram_8x64_wpr1_fd45.sp,.sp,53408,5
current_layoutgen,deliverables/sram_layoutgen_standalone/build/codex_rowdecode_gap_8x64_wpr4/sram_8x64_wpr4_fd45.sp,E:\njust\keyan\SRAM Compiler_V2\OpenRAM-stable\deliverables\sram_layoutgen_standalone\build\codex_rowdecode_gap_8x64_wpr4\sram_8x64_wpr4_fd45.sp,.sp,41166,5
current_layoutgen,deliverables/sram_layoutgen_standalone/build/codex_rowtrack_final_4x32/sram_4x32_wpr2_fd45.sp,E:\njust\keyan\SRAM Compiler_V2\OpenRAM-stable\deliverables\sram_layoutgen_standalone\build\codex_rowtrack_final_4x32\sram_4x32_wpr2_fd45.sp,.sp,17594,5
current_layoutgen,deliverables/sram_layoutgen_standalone/build/codex_rowtrack_final_8x64/sram_8x64_wpr4_fd45.sp,E:\njust\keyan\SRAM Compiler_V2\OpenRAM-stable\deliverables\sram_layoutgen_standalone\build\codex_rowtrack_final_8x64\sram_8x64_wpr4_fd45.sp,.sp,41166,5
current_layoutgen,deliverables/sram_layoutgen_standalone/build/codex_signoff_path_quick/4x32_wpr1/sram_4x32_wpr1_fd45.sp,E:\njust\keyan\SRAM Compiler_V2\OpenRAM-stable\deliverables\sram_layoutgen_standalone\build\codex_signoff_path_quick\4x32_wpr1\sram_4x32_wpr1_fd45.sp,.sp,22474,5
current_layoutgen,deliverables/sram_layoutgen_standalone/build/codex_signoff_path_quick/4x32_wpr2/sram_4x32_wpr2_fd45.sp,E:\njust\keyan\SRAM Compiler_V2\OpenRAM-stable\deliverables\sram_layoutgen_standalone\build\codex_signoff_path_quick\4x32_wpr2\sram_4x32_wpr2_fd45.sp,.sp,17594,5
current_layoutgen,deliverables/sram_layoutgen_standalone/build/codex_signoff_path_quick/8x64_wpr4/sram_8x64_wpr4_fd45.sp,E:\njust\keyan\SRAM Compiler_V2\OpenRAM-stable\deliverables\sram_layoutgen_standalone\build\codex_signoff_path_quick\8x64_wpr4\sram_8x64_wpr4_fd45.sp,.sp,41166,5
current_layoutgen,deliverables/sram_layoutgen_standalone/build/codex_signoff_path_smoke/4x32_wpr2/sram_4x32_wpr2_fd45.sp,E:\njust\keyan\SRAM Compiler_V2\OpenRAM-stable\deliverables\sram_layoutgen_standalone\build\codex_signoff_path_smoke\4x32_wpr2\sram_4x32_wpr2_fd45.sp,.sp,17594,5
current_layoutgen,deliverables/sram_layoutgen_standalone/build/codex_signoff_path_stress/16x128_wpr2/sram_16x128_wpr2_fd45.sp,E:\njust\keyan\SRAM Compiler_V2\OpenRAM-stable\deliverables\sram_layoutgen_standalone\build\codex_signoff_path_stress\16x128_wpr2\sram_16x128_wpr2_fd45.sp,.sp,137714,5
current_layoutgen,deliverables/sram_layoutgen_standalone/build/codex_signoff_path_stress/16x128_wpr8/sram_16x128_wpr8_fd45.sp,E:\njust\keyan\SRAM Compiler_V2\OpenRAM-stable\deliverables\sram_layoutgen_standalone\build\codex_signoff_path_stress\16x128_wpr8\sram_16x128_wpr8_fd45.sp,.sp,135160,5
current_layoutgen,deliverables/sram_layoutgen_standalone/build/codex_signoff_scope_smoke/4x32_wpr2/sram_4x32_wpr2_fd45.sp,E:\njust\keyan\SRAM Compiler_V2\OpenRAM-stable\deliverables\sram_layoutgen_standalone\build\codex_signoff_scope_smoke\4x32_wpr2\sram_4x32_wpr2_fd45.sp,.sp,17594,5
current_layoutgen,deliverables/sram_layoutgen_standalone/build/codex_smoke_8x64/sram_8x64_wpr4_fd45.sp,E:\njust\keyan\SRAM Compiler_V2\OpenRAM-stable\deliverables\sram_layoutgen_standalone\build\codex_smoke_8x64\sram_8x64_wpr4_fd45.sp,.sp,41166,5
current_layoutgen,deliverables/sram_layoutgen_standalone/build/codex_tier_quick/4x32_wpr1/sram_4x32_wpr1_fd45.sp,E:\njust\keyan\SRAM Compiler_V2\OpenRAM-stable\deliverables\sram_layoutgen_standalone\build\codex_tier_quick\4x32_wpr1\sram_4x32_wpr1_fd45.sp,.sp,22474,5
current_layoutgen,deliverables/sram_layoutgen_standalone/build/codex_tier_quick/4x32_wpr2/sram_4x32_wpr2_fd45.sp,E:\njust\keyan\SRAM Compiler_V2\OpenRAM-stable\deliverables\sram_layoutgen_standalone\build\codex_tier_quick\4x32_wpr2\sram_4x32_wpr2_fd45.sp,.sp,17594,5
current_layoutgen,deliverables/sram_layoutgen_standalone/build/codex_tier_quick/8x64_wpr4/sram_8x64_wpr4_fd45.sp,E:\njust\keyan\SRAM Compiler_V2\OpenRAM-stable\deliverables\sram_layoutgen_standalone\build\codex_tier_quick\8x64_wpr4\sram_8x64_wpr4_fd45.sp,.sp,41166,5
current_layoutgen,deliverables/sram_layoutgen_standalone/build/codex_tier_smoke/4x32_wpr2/sram_4x32_wpr2_fd45.sp,E:\njust\keyan\SRAM Compiler_V2\OpenRAM-stable\deliverables\sram_layoutgen_standalone\build\codex_tier_smoke\4x32_wpr2\sram_4x32_wpr2_fd45.sp,.sp,17594,5
current_layoutgen,deliverables/sram_layoutgen_standalone/build/codex_tier_stress/16x128_wpr2/sram_16x128_wpr2_fd45.sp,E:\njust\keyan\SRAM Compiler_V2\OpenRAM-stable\deliverables\sram_layoutgen_standalone\build\codex_tier_stress\16x128_wpr2\sram_16x128_wpr2_fd45.sp,.sp,137714,5
current_layoutgen,deliverables/sram_layoutgen_standalone/build/codex_tier_stress/16x128_wpr8/sram_16x128_wpr8_fd45.sp,E:\njust\keyan\SRAM Compiler_V2\OpenRAM-stable\deliverables\sram_layoutgen_standalone\build\codex_tier_stress\16x128_wpr8\sram_16x128_wpr8_fd45.sp,.sp,135160,5
current_layoutgen,deliverables/sram_layoutgen_standalone/build/codex_trackalgo_16x128_wpr8/sram_16x128_wpr8_fd45.sp,E:\njust\keyan\SRAM Compiler_V2\OpenRAM-stable\deliverables\sram_layoutgen_standalone\build\codex_trackalgo_16x128_wpr8\sram_16x128_wpr8_fd45.sp,.sp,135160,5
current_layoutgen,deliverables/sram_layoutgen_standalone/build/codex_trackalgo_16x64_wpr2/sram_16x64_wpr2_fd45.sp,E:\njust\keyan\SRAM Compiler_V2\OpenRAM-stable\deliverables\sram_layoutgen_standalone\build\codex_trackalgo_16x64_wpr2\sram_16x64_wpr2_fd45.sp,.sp,74570,5
current_layoutgen,deliverables/sram_layoutgen_standalone/build/codex_trackalgo_8x64_wpr4/sram_8x64_wpr4_fd45.sp,E:\njust\keyan\SRAM Compiler_V2\OpenRAM-stable\deliverables\sram_layoutgen_standalone\build\codex_trackalgo_8x64_wpr4\sram_8x64_wpr4_fd45.sp,.sp,41166,5
current_layoutgen,deliverables/sram_layoutgen_standalone/build/codex_trackalgo_pruned_16x128_wpr8/sram_16x128_wpr8_fd45.sp,E:\njust\keyan\SRAM Compiler_V2\OpenRAM-stable\deliverables\sram_layoutgen_standalone\build\codex_trackalgo_pruned_16x128_wpr8\sram_16x128_wpr8_fd45.sp,.sp,135160,5
current_layoutgen,deliverables/sram_layoutgen_standalone/build/codex_trackalgo_pruned_4x32_wpr1/sram_4x32_wpr1_fd45.sp,E:\njust\keyan\SRAM Compiler_V2\OpenRAM-stable\deliverables\sram_layoutgen_standalone\build\codex_trackalgo_pruned_4x32_wpr1\sram_4x32_wpr1_fd45.sp,.sp,22474,5
current_layoutgen,deliverables/sram_layoutgen_standalone/build/codex_trackalgo_pruned_8x128_wpr2/sram_8x128_wpr2_fd45.sp,E:\njust\keyan\SRAM Compiler_V2\OpenRAM-stable\deliverables\sram_layoutgen_standalone\build\codex_trackalgo_pruned_8x128_wpr2\sram_8x128_wpr2_fd45.sp,.sp,80724,5
current_layoutgen,deliverables/sram_layoutgen_standalone/build/codex_via_landing_smoke/4x32_wpr2/sram_4x32_wpr2_fd45.sp,E:\njust\keyan\SRAM Compiler_V2\OpenRAM-stable\deliverables\sram_layoutgen_standalone\build\codex_via_landing_smoke\4x32_wpr2\sram_4x32_wpr2_fd45.sp,.sp,17594,5
current_layoutgen,deliverables/sram_layoutgen_standalone/build/codex_view_split_quick/4x32_wpr1/sram_4x32_wpr1_fd45.sp,E:\njust\keyan\SRAM Compiler_V2\OpenRAM-stable\deliverables\sram_layoutgen_standalone\build\codex_view_split_quick\4x32_wpr1\sram_4x32_wpr1_fd45.sp,.sp,22474,5
current_layoutgen,deliverables/sram_layoutgen_standalone/build/codex_view_split_quick/4x32_wpr2/sram_4x32_wpr2_fd45.sp,E:\njust\keyan\SRAM Compiler_V2\OpenRAM-stable\deliverables\sram_layoutgen_standalone\build\codex_view_split_quick\4x32_wpr2\sram_4x32_wpr2_fd45.sp,.sp,17594,5
current_layoutgen,deliverables/sram_layoutgen_standalone/build/codex_view_split_quick/8x64_wpr4/sram_8x64_wpr4_fd45.sp,E:\njust\keyan\SRAM Compiler_V2\OpenRAM-stable\deliverables\sram_layoutgen_standalone\build\codex_view_split_quick\8x64_wpr4\sram_8x64_wpr4_fd45.sp,.sp,41166,5
current_layoutgen,deliverables/sram_layoutgen_standalone/build/column_select_fix_16x32/sram_16x32_wpr2_fd45.sp,E:\njust\keyan\SRAM Compiler_V2\OpenRAM-stable\deliverables\sram_layoutgen_standalone\build\column_select_fix_16x32\sram_16x32_wpr2_fd45.sp,.sp,42741,5
current_layoutgen,deliverables/sram_layoutgen_standalone/build/column_select_fix_4x32/sram_4x32_wpr2_fd45.sp,E:\njust\keyan\SRAM Compiler_V2\OpenRAM-stable\deliverables\sram_layoutgen_standalone\build\column_select_fix_4x32\sram_4x32_wpr2_fd45.sp,.sp,17291,5
current_layoutgen,deliverables/sram_layoutgen_standalone/build/column_select_fix_sweep/4x32_wpr1/sram_4x32_wpr1_fd45.sp,E:\njust\keyan\SRAM Compiler_V2\OpenRAM-stable\deliverables\sram_layoutgen_standalone\build\column_select_fix_sweep\4x32_wpr1\sram_4x32_wpr1_fd45.sp,.sp,21849,5
current_layoutgen,deliverables/sram_layoutgen_standalone/build/column_select_fix_sweep/4x32_wpr2/sram_4x32_wpr2_fd45.sp,E:\njust\keyan\SRAM Compiler_V2\OpenRAM-stable\deliverables\sram_layoutgen_standalone\build\column_select_fix_sweep\4x32_wpr2\sram_4x32_wpr2_fd45.sp,.sp,17291,5
current_layoutgen,deliverables/sram_layoutgen_standalone/build/column_select_fix_sweep/8x64_wpr4/sram_8x64_wpr4_fd45.sp,E:\njust\keyan\SRAM Compiler_V2\OpenRAM-stable\deliverables\sram_layoutgen_standalone\build\column_select_fix_sweep\8x64_wpr4\sram_8x64_wpr4_fd45.sp,.sp,40926,5
current_layoutgen,deliverables/sram_layoutgen_standalone/build/compact_margin_4x32/sram_4x32_wpr2_fd45.sp,E:\njust\keyan\SRAM Compiler_V2\OpenRAM-stable\deliverables\sram_layoutgen_standalone\build\compact_margin_4x32\sram_4x32_wpr2_fd45.sp,.sp,17329,5
current_layoutgen,deliverables/sram_layoutgen_standalone/build/complete_structured_8x64/sram_8x64_wpr4_fd45.sp,E:\njust\keyan\SRAM Compiler_V2\OpenRAM-stable\deliverables\sram_layoutgen_standalone\build\complete_structured_8x64\sram_8x64_wpr4_fd45.sp,.sp,40407,5
current_layoutgen,deliverables/sram_layoutgen_standalone/build/connected_8x64/sram_8x64_wpr4_fd45.sp,E:\njust\keyan\SRAM Compiler_V2\OpenRAM-stable\deliverables\sram_layoutgen_standalone\build\connected_8x64\sram_8x64_wpr4_fd45.sp,.sp,40407,5
current_layoutgen,deliverables/sram_layoutgen_standalone/build/connected_guided_8x64/sram_8x64_wpr4_fd45.sp,E:\njust\keyan\SRAM Compiler_V2\OpenRAM-stable\deliverables\sram_layoutgen_standalone\build\connected_guided_8x64\sram_8x64_wpr4_fd45.sp,.sp,40407,5
current_layoutgen,deliverables/sram_layoutgen_standalone/build/connected_guided_8x64_v2/sram_8x64_wpr4_fd45.sp,E:\njust\keyan\SRAM Compiler_V2\OpenRAM-stable\deliverables\sram_layoutgen_standalone\build\connected_guided_8x64_v2\sram_8x64_wpr4_fd45.sp,.sp,40407,5
current_layoutgen,deliverables/sram_layoutgen_standalone/build/contract_check_16x32/sram_16x32_wpr2_fd45.sp,E:\njust\keyan\SRAM Compiler_V2\OpenRAM-stable\deliverables\sram_layoutgen_standalone\build\contract_check_16x32\sram_16x32_wpr2_fd45.sp,.sp,42741,5
current_layoutgen,deliverables/sram_layoutgen_standalone/build/contract_check_4x32/sram_4x32_wpr2_fd45.sp,E:\njust\keyan\SRAM Compiler_V2\OpenRAM-stable\deliverables\sram_layoutgen_standalone\build\contract_check_4x32\sram_4x32_wpr2_fd45.sp,.sp,17291,5
current_layoutgen,deliverables/sram_layoutgen_standalone/build/contract_check_sweep/4x32_wpr1/sram_4x32_wpr1_fd45.sp,E:\njust\keyan\SRAM Compiler_V2\OpenRAM-stable\deliverables\sram_layoutgen_standalone\build\contract_check_sweep\4x32_wpr1\sram_4x32_wpr1_fd45.sp,.sp,21849,5
current_layoutgen,deliverables/sram_layoutgen_standalone/build/contract_check_sweep/4x32_wpr2/sram_4x32_wpr2_fd45.sp,E:\njust\keyan\SRAM Compiler_V2\OpenRAM-stable\deliverables\sram_layoutgen_standalone\build\contract_check_sweep\4x32_wpr2\sram_4x32_wpr2_fd45.sp,.sp,17291,5
current_layoutgen,deliverables/sram_layoutgen_standalone/build/contract_check_sweep/8x64_wpr4/sram_8x64_wpr4_fd45.sp,E:\njust\keyan\SRAM Compiler_V2\OpenRAM-stable\deliverables\sram_layoutgen_standalone\build\contract_check_sweep\8x64_wpr4\sram_8x64_wpr4_fd45.sp,.sp,40926,5
current_layoutgen,deliverables/sram_layoutgen_standalone/build/demo_sram_8x64/sram_8x64_wpr4_fd45.sp,E:\njust\keyan\SRAM Compiler_V2\OpenRAM-stable\deliverables\sram_layoutgen_standalone\build\demo_sram_8x64\sram_8x64_wpr4_fd45.sp,.sp,41166,5
current_layoutgen,deliverables/sram_layoutgen_standalone/build/dryrun_full_drc/sram_4x32_wpr2_fd45.sp,E:\njust\keyan\SRAM Compiler_V2\OpenRAM-stable\deliverables\sram_layoutgen_standalone\build\dryrun_full_drc\sram_4x32_wpr2_fd45.sp,.sp,17594,5
current_layoutgen,deliverables/sram_layoutgen_standalone/build/external_signoff_16x32_wpr2_manifest/sram_16x32_wpr2_fd45.sp,E:\njust\keyan\SRAM Compiler_V2\OpenRAM-stable\deliverables\sram_layoutgen_standalone\build\external_signoff_16x32_wpr2_manifest\sram_16x32_wpr2_fd45.sp,.sp,43105,5
current_layoutgen,deliverables/sram_layoutgen_standalone/build/external_signoff_16x32_wpr2_scalefix_contiguous_array/sram_16x32_wpr2_fd45.sp,E:\njust\keyan\SRAM Compiler_V2\OpenRAM-stable\deliverables\sram_layoutgen_standalone\build\external_signoff_16x32_wpr2_scalefix_contiguous_array\sram_16x32_wpr2_fd45.sp,.sp,42755,5
current_layoutgen,deliverables/sram_layoutgen_standalone/build/external_signoff_16x32_wpr2_unitscale_fix/sram_16x32_wpr2_fd45.sp,E:\njust\keyan\SRAM Compiler_V2\OpenRAM-stable\deliverables\sram_layoutgen_standalone\build\external_signoff_16x32_wpr2_unitscale_fix\sram_16x32_wpr2_fd45.sp,.sp,42755,5
current_layoutgen,deliverables/sram_layoutgen_standalone/build/external_signoff_4x32_compact_rbl_safe/sram_4x32_wpr2_fd45.extracted.sp,E:\njust\keyan\SRAM Compiler_V2\OpenRAM-stable\deliverables\sram_layoutgen_standalone\build\external_signoff_4x32_compact_rbl_safe\sram_4x32_wpr2_fd45.extracted.sp,.sp,32679,5
current_layoutgen,deliverables/sram_layoutgen_standalone/build/external_signoff_4x32_compact_rbl_safe/sram_4x32_wpr2_fd45.sp,E:\njust\keyan\SRAM Compiler_V2\OpenRAM-stable\deliverables\sram_layoutgen_standalone\build\external_signoff_4x32_compact_rbl_safe\sram_4x32_wpr2_fd45.sp,.sp,17329,5
current_layoutgen,deliverables/sram_layoutgen_standalone/build/external_signoff_4x32_final_strict/sram_4x32_wpr2_fd45.extracted.sp,E:\njust\keyan\SRAM Compiler_V2\OpenRAM-stable\deliverables\sram_layoutgen_standalone\build\external_signoff_4x32_final_strict\sram_4x32_wpr2_fd45.extracted.sp,.sp,32679,5
current_layoutgen,deliverables/sram_layoutgen_standalone/build/external_signoff_4x32_final_strict/sram_4x32_wpr2_fd45.sp,E:\njust\keyan\SRAM Compiler_V2\OpenRAM-stable\deliverables\sram_layoutgen_standalone\build\external_signoff_4x32_final_strict\sram_4x32_wpr2_fd45.sp,.sp,17329,5
current_layoutgen,deliverables/sram_layoutgen_standalone/build/external_signoff_4x32_no_array_overlap/sram_4x32_wpr2_fd45.extracted.sp,E:\njust\keyan\SRAM Compiler_V2\OpenRAM-stable\deliverables\sram_layoutgen_standalone\build\external_signoff_4x32_no_array_overlap\sram_4x32_wpr2_fd45.extracted.sp,.sp,30972,5
current_layoutgen,deliverables/sram_layoutgen_standalone/build/external_signoff_4x32_no_array_overlap/sram_4x32_wpr2_fd45.sp,E:\njust\keyan\SRAM Compiler_V2\OpenRAM-stable\deliverables\sram_layoutgen_standalone\build\external_signoff_4x32_no_array_overlap\sram_4x32_wpr2_fd45.sp,.sp,17329,5
current_layoutgen,deliverables/sram_layoutgen_standalone/build/external_signoff_4x32_pinlanding_realpin/sram_4x32_wpr2_fd45.extracted.sp,E:\njust\keyan\SRAM Compiler_V2\OpenRAM-stable\deliverables\sram_layoutgen_standalone\build\external_signoff_4x32_pinlanding_realpin\sram_4x32_wpr2_fd45.extracted.sp,.sp,32576,5
current_layoutgen,deliverables/sram_layoutgen_standalone/build/external_signoff_4x32_pinlanding_realpin/sram_4x32_wpr2_fd45.sp,E:\njust\keyan\SRAM Compiler_V2\OpenRAM-stable\deliverables\sram_layoutgen_standalone\build\external_signoff_4x32_pinlanding_realpin\sram_4x32_wpr2_fd45.sp,.sp,17329,5
current_layoutgen,deliverables/sram_layoutgen_standalone/build/external_signoff_4x32_realpin_complete/sram_4x32_wpr2_fd45.extracted.sp,E:\njust\keyan\SRAM Compiler_V2\OpenRAM-stable\deliverables\sram_layoutgen_standalone\build\external_signoff_4x32_realpin_complete\sram_4x32_wpr2_fd45.extracted.sp,.sp,30496,5
current_layoutgen,deliverables/sram_layoutgen_standalone/build/external_signoff_4x32_realpin_complete/sram_4x32_wpr2_fd45.sp,E:\njust\keyan\SRAM Compiler_V2\OpenRAM-stable\deliverables\sram_layoutgen_standalone\build\external_signoff_4x32_realpin_complete\sram_4x32_wpr2_fd45.sp,.sp,17329,5
current_layoutgen,deliverables/sram_layoutgen_standalone/build/external_signoff_4x32_realpin_strict/sram_4x32_wpr2_fd45.extracted.sp,E:\njust\keyan\SRAM Compiler_V2\OpenRAM-stable\deliverables\sram_layoutgen_standalone\build\external_signoff_4x32_realpin_strict\sram_4x32_wpr2_fd45.extracted.sp,.sp,32679,5
current_layoutgen,deliverables/sram_layoutgen_standalone/build/external_signoff_4x32_realpin_strict/sram_4x32_wpr2_fd45.sp,E:\njust\keyan\SRAM Compiler_V2\OpenRAM-stable\deliverables\sram_layoutgen_standalone\build\external_signoff_4x32_realpin_strict\sram_4x32_wpr2_fd45.sp,.sp,17329,5
current_layoutgen,deliverables/sram_layoutgen_standalone/build/external_signoff_4x32_strict_fullpin/sram_4x32_wpr2_fd45.extracted.sp,E:\njust\keyan\SRAM Compiler_V2\OpenRAM-stable\deliverables\sram_layoutgen_standalone\build\external_signoff_4x32_strict_fullpin\sram_4x32_wpr2_fd45.extracted.sp,.sp,32679,5
current_layoutgen,deliverables/sram_layoutgen_standalone/build/external_signoff_4x32_strict_fullpin/sram_4x32_wpr2_fd45.sp,E:\njust\keyan\SRAM Compiler_V2\OpenRAM-stable\deliverables\sram_layoutgen_standalone\build\external_signoff_4x32_strict_fullpin\sram_4x32_wpr2_fd45.sp,.sp,17329,5
current_layoutgen,deliverables/sram_layoutgen_standalone/build/external_signoff_4x32_wpr2/sram_4x32_wpr2_fd45.sp,E:\njust\keyan\SRAM Compiler_V2\OpenRAM-stable\deliverables\sram_layoutgen_standalone\build\external_signoff_4x32_wpr2\sram_4x32_wpr2_fd45.sp,.sp,17594,5
current_layoutgen,deliverables/sram_layoutgen_standalone/build/external_signoff_4x32_wpr2_abs/sram_4x32_wpr2_fd45.sp,E:\njust\keyan\SRAM Compiler_V2\OpenRAM-stable\deliverables\sram_layoutgen_standalone\build\external_signoff_4x32_wpr2_abs\sram_4x32_wpr2_fd45.sp,.sp,17594,5
current_layoutgen,deliverables/sram_layoutgen_standalone/build/external_signoff_4x32_wpr2_abstractmacros/sram_4x32_wpr2_fd45.sp,E:\njust\keyan\SRAM Compiler_V2\OpenRAM-stable\deliverables\sram_layoutgen_standalone\build\external_signoff_4x32_wpr2_abstractmacros\sram_4x32_wpr2_fd45.sp,.sp,17594,5
current_layoutgen,deliverables/sram_layoutgen_standalone/build/external_signoff_4x32_wpr2_dbu05/sram_4x32_wpr2_fd45.sp,E:\njust\keyan\SRAM Compiler_V2\OpenRAM-stable\deliverables\sram_layoutgen_standalone\build\external_signoff_4x32_wpr2_dbu05\sram_4x32_wpr2_fd45.sp,.sp,17594,5
current_layoutgen,deliverables/sram_layoutgen_standalone/build/external_signoff_4x32_wpr2_decoder_aligned/sram_4x32_wpr2_fd45.extracted.sp,E:\njust\keyan\SRAM Compiler_V2\OpenRAM-stable\deliverables\sram_layoutgen_standalone\build\external_signoff_4x32_wpr2_decoder_aligned\sram_4x32_wpr2_fd45.extracted.sp,.sp,30496,5
current_layoutgen,deliverables/sram_layoutgen_standalone/build/external_signoff_4x32_wpr2_decoder_aligned/sram_4x32_wpr2_fd45.sp,E:\njust\keyan\SRAM Compiler_V2\OpenRAM-stable\deliverables\sram_layoutgen_standalone\build\external_signoff_4x32_wpr2_decoder_aligned\sram_4x32_wpr2_fd45.sp,.sp,17329,5
current_layoutgen,deliverables/sram_layoutgen_standalone/build/external_signoff_4x32_wpr2_decoder_aligned_cleanlite/sram_4x32_wpr2_fd45.extracted.sp,E:\njust\keyan\SRAM Compiler_V2\OpenRAM-stable\deliverables\sram_layoutgen_standalone\build\external_signoff_4x32_wpr2_decoder_aligned_cleanlite\sram_4x32_wpr2_fd45.extracted.sp,.sp,30496,5
current_layoutgen,deliverables/sram_layoutgen_standalone/build/external_signoff_4x32_wpr2_decoder_aligned_cleanlite/sram_4x32_wpr2_fd45.sp,E:\njust\keyan\SRAM Compiler_V2\OpenRAM-stable\deliverables\sram_layoutgen_standalone\build\external_signoff_4x32_wpr2_decoder_aligned_cleanlite\sram_4x32_wpr2_fd45.sp,.sp,17329,5
current_layoutgen,deliverables/sram_layoutgen_standalone/build/external_signoff_4x32_wpr2_dynamic_bbox/sram_4x32_wpr2_fd45.sp,E:\njust\keyan\SRAM Compiler_V2\OpenRAM-stable\deliverables\sram_layoutgen_standalone\build\external_signoff_4x32_wpr2_dynamic_bbox\sram_4x32_wpr2_fd45.sp,.sp,17594,5
current_layoutgen,deliverables/sram_layoutgen_standalone/build/external_signoff_4x32_wpr2_dynamic_bbox_viasnap/sram_4x32_wpr2_fd45.sp,E:\njust\keyan\SRAM Compiler_V2\OpenRAM-stable\deliverables\sram_layoutgen_standalone\build\external_signoff_4x32_wpr2_dynamic_bbox_viasnap\sram_4x32_wpr2_fd45.sp,.sp,17594,5
current_layoutgen,deliverables/sram_layoutgen_standalone/build/external_signoff_4x32_wpr2_final_drc_snapshot/sram_4x32_wpr2_fd45.sp,E:\njust\keyan\SRAM Compiler_V2\OpenRAM-stable\deliverables\sram_layoutgen_standalone\build\external_signoff_4x32_wpr2_final_drc_snapshot\sram_4x32_wpr2_fd45.sp,.sp,17329,5
current_layoutgen,deliverables/sram_layoutgen_standalone/build/external_signoff_4x32_wpr2_full_drc_view_split/sram_4x32_wpr2_fd45.sp,E:\njust\keyan\SRAM Compiler_V2\OpenRAM-stable\deliverables\sram_layoutgen_standalone\build\external_signoff_4x32_wpr2_full_drc_view_split\sram_4x32_wpr2_fd45.sp,.sp,17594,5
current_layoutgen,deliverables/sram_layoutgen_standalone/build/external_signoff_4x32_wpr2_gen_overlap_promotion_trial/sram_4x32_wpr2_fd45.sp,E:\njust\keyan\SRAM Compiler_V2\OpenRAM-stable\deliverables\sram_layoutgen_standalone\build\external_signoff_4x32_wpr2_gen_overlap_promotion_trial\sram_4x32_wpr2_fd45.sp,.sp,17329,5
current_layoutgen,deliverables/sram_layoutgen_standalone/build/external_signoff_4x32_wpr2_gridfix/sram_4x32_wpr2_fd45.sp,E:\njust\keyan\SRAM Compiler_V2\OpenRAM-stable\deliverables\sram_layoutgen_standalone\build\external_signoff_4x32_wpr2_gridfix\sram_4x32_wpr2_fd45.sp,.sp,17594,5
current_layoutgen,deliverables/sram_layoutgen_standalone/build/external_signoff_4x32_wpr2_integration/sram_4x32_wpr2_fd45.sp,E:\njust\keyan\SRAM Compiler_V2\OpenRAM-stable\deliverables\sram_layoutgen_standalone\build\external_signoff_4x32_wpr2_integration\sram_4x32_wpr2_fd45.sp,.sp,17594,5
current_layoutgen,deliverables/sram_layoutgen_standalone/build/external_signoff_4x32_wpr2_keepout_fix_full_drc/sram_4x32_wpr2_fd45.sp,E:\njust\keyan\SRAM Compiler_V2\OpenRAM-stable\deliverables\sram_layoutgen_standalone\build\external_signoff_4x32_wpr2_keepout_fix_full_drc\sram_4x32_wpr2_fd45.sp,.sp,17329,5
current_layoutgen,deliverables/sram_layoutgen_standalone/build/external_signoff_4x32_wpr2_keepout_fix_integration/sram_4x32_wpr2_fd45.sp,E:\njust\keyan\SRAM Compiler_V2\OpenRAM-stable\deliverables\sram_layoutgen_standalone\build\external_signoff_4x32_wpr2_keepout_fix_integration\sram_4x32_wpr2_fd45.sp,.sp,17329,5
current_layoutgen,deliverables/sram_layoutgen_standalone/build/external_signoff_4x32_wpr2_layeraudit/sram_4x32_wpr2_fd45.sp,E:\njust\keyan\SRAM Compiler_V2\OpenRAM-stable\deliverables\sram_layoutgen_standalone\build\external_signoff_4x32_wpr2_layeraudit\sram_4x32_wpr2_fd45.sp,.sp,17594,5
current_layoutgen,deliverables/sram_layoutgen_standalone/build/external_signoff_4x32_wpr2_logical_pitch_auditfix_integration/sram_4x32_wpr2_fd45.sp,E:\njust\keyan\SRAM Compiler_V2\OpenRAM-stable\deliverables\sram_layoutgen_standalone\build\external_signoff_4x32_wpr2_logical_pitch_auditfix_integration\sram_4x32_wpr2_fd45.sp,.sp,17329,5
current_layoutgen,deliverables/sram_layoutgen_standalone/build/external_signoff_4x32_wpr2_logical_pitch_full_drc/sram_4x32_wpr2_fd45.sp,E:\njust\keyan\SRAM Compiler_V2\OpenRAM-stable\deliverables\sram_layoutgen_standalone\build\external_signoff_4x32_wpr2_logical_pitch_full_drc\sram_4x32_wpr2_fd45.sp,.sp,17329,5
current_layoutgen,deliverables/sram_layoutgen_standalone/build/external_signoff_4x32_wpr2_logical_pitch_full_lvs/sram_4x32_wpr2_fd45.sp,E:\njust\keyan\SRAM Compiler_V2\OpenRAM-stable\deliverables\sram_layoutgen_standalone\build\external_signoff_4x32_wpr2_logical_pitch_full_lvs\sram_4x32_wpr2_fd45.sp,.sp,17329,5
current_layoutgen,deliverables/sram_layoutgen_standalone/build/external_signoff_4x32_wpr2_logical_pitch_full_lvs_deckfix/sram_4x32_wpr2_fd45.sp,E:\njust\keyan\SRAM Compiler_V2\OpenRAM-stable\deliverables\sram_layoutgen_standalone\build\external_signoff_4x32_wpr2_logical_pitch_full_lvs_deckfix\sram_4x32_wpr2_fd45.sp,.sp,17329,5
current_layoutgen,deliverables/sram_layoutgen_standalone/build/external_signoff_4x32_wpr2_logical_pitch_integration/sram_4x32_wpr2_fd45.sp,E:\njust\keyan\SRAM Compiler_V2\OpenRAM-stable\deliverables\sram_layoutgen_standalone\build\external_signoff_4x32_wpr2_logical_pitch_integration\sram_4x32_wpr2_fd45.sp,.sp,17329,5
current_layoutgen,deliverables/sram_layoutgen_standalone/build/external_signoff_4x32_wpr2_logical_pitch_keepout2_full_drc/sram_4x32_wpr2_fd45.sp,E:\njust\keyan\SRAM Compiler_V2\OpenRAM-stable\deliverables\sram_layoutgen_standalone\build\external_signoff_4x32_wpr2_logical_pitch_keepout2_full_drc\sram_4x32_wpr2_fd45.sp,.sp,17329,5
current_layoutgen,deliverables/sram_layoutgen_standalone/build/external_signoff_4x32_wpr2_logical_pitch_keepout2_integration/sram_4x32_wpr2_fd45.sp,E:\njust\keyan\SRAM Compiler_V2\OpenRAM-stable\deliverables\sram_layoutgen_standalone\build\external_signoff_4x32_wpr2_logical_pitch_keepout2_integration\sram_4x32_wpr2_fd45.sp,.sp,17329,5
current_layoutgen,deliverables/sram_layoutgen_standalone/build/external_signoff_4x32_wpr2_lvs_debug/sram_4x32_wpr2_fd45.sp,E:\njust\keyan\SRAM Compiler_V2\OpenRAM-stable\deliverables\sram_layoutgen_standalone\build\external_signoff_4x32_wpr2_lvs_debug\sram_4x32_wpr2_fd45.sp,.sp,17329,5
current_layoutgen,deliverables/sram_layoutgen_standalone/build/external_signoff_4x32_wpr2_lvs_extracted_deck_retry/sram_4x32_wpr2_fd45.sp,E:\njust\keyan\SRAM Compiler_V2\OpenRAM-stable\deliverables\sram_layoutgen_standalone\build\external_signoff_4x32_wpr2_lvs_extracted_deck_retry\sram_4x32_wpr2_fd45.sp,.sp,17329,5
current_layoutgen,deliverables/sram_layoutgen_standalone/build/external_signoff_4x32_wpr2_lvs_spicepath_retry/sram_4x32_wpr2_fd45.extracted.sp,E:\njust\keyan\SRAM Compiler_V2\OpenRAM-stable\deliverables\sram_layoutgen_standalone\build\external_signoff_4x32_wpr2_lvs_spicepath_retry\sram_4x32_wpr2_fd45.extracted.sp,.sp,30484,5
current_layoutgen,deliverables/sram_layoutgen_standalone/build/external_signoff_4x32_wpr2_lvs_spicepath_retry/sram_4x32_wpr2_fd45.sp,E:\njust\keyan\SRAM Compiler_V2\OpenRAM-stable\deliverables\sram_layoutgen_standalone\build\external_signoff_4x32_wpr2_lvs_spicepath_retry\sram_4x32_wpr2_fd45.sp,.sp,17329,5
current_layoutgen,deliverables/sram_layoutgen_standalone/build/external_signoff_4x32_wpr2_lvs_startprocess_retry/sram_4x32_wpr2_fd45.sp,E:\njust\keyan\SRAM Compiler_V2\OpenRAM-stable\deliverables\sram_layoutgen_standalone\build\external_signoff_4x32_wpr2_lvs_startprocess_retry\sram_4x32_wpr2_fd45.sp,.sp,17329,5
current_layoutgen,deliverables/sram_layoutgen_standalone/build/external_signoff_4x32_wpr2_lvs_topcell_retry/sram_4x32_wpr2_fd45.sp,E:\njust\keyan\SRAM Compiler_V2\OpenRAM-stable\deliverables\sram_layoutgen_standalone\build\external_signoff_4x32_wpr2_lvs_topcell_retry\sram_4x32_wpr2_fd45.sp,.sp,17329,5
current_layoutgen,deliverables/sram_layoutgen_standalone/build/external_signoff_4x32_wpr2_lvs_xml_retry/sram_4x32_wpr2_fd45.sp,E:\njust\keyan\SRAM Compiler_V2\OpenRAM-stable\deliverables\sram_layoutgen_standalone\build\external_signoff_4x32_wpr2_lvs_xml_retry\sram_4x32_wpr2_fd45.sp,.sp,17329,5
current_layoutgen,deliverables/sram_layoutgen_standalone/build/external_signoff_4x32_wpr2_lvs_xml_retry2/sram_4x32_wpr2_fd45.sp,E:\njust\keyan\SRAM Compiler_V2\OpenRAM-stable\deliverables\sram_layoutgen_standalone\build\external_signoff_4x32_wpr2_lvs_xml_retry2\sram_4x32_wpr2_fd45.sp,.sp,17329,5
current_layoutgen,deliverables/sram_layoutgen_standalone/build/external_signoff_4x32_wpr2_main_lvs_status/sram_4x32_wpr2_fd45.sp,E:\njust\keyan\SRAM Compiler_V2\OpenRAM-stable\deliverables\sram_layoutgen_standalone\build\external_signoff_4x32_wpr2_main_lvs_status\sram_4x32_wpr2_fd45.sp,.sp,17329,5
current_layoutgen,deliverables/sram_layoutgen_standalone/build/external_signoff_4x32_wpr2_manifest/sram_4x32_wpr2_fd45.sp,E:\njust\keyan\SRAM Compiler_V2\OpenRAM-stable\deliverables\sram_layoutgen_standalone\build\external_signoff_4x32_wpr2_manifest\sram_4x32_wpr2_fd45.sp,.sp,17679,5
current_layoutgen,deliverables/sram_layoutgen_standalone/build/external_signoff_4x32_wpr2_no_guide_promotion_full_drc/sram_4x32_wpr2_fd45.sp,E:\njust\keyan\SRAM Compiler_V2\OpenRAM-stable\deliverables\sram_layoutgen_standalone\build\external_signoff_4x32_wpr2_no_guide_promotion_full_drc\sram_4x32_wpr2_fd45.sp,.sp,17329,5
current_layoutgen,deliverables/sram_layoutgen_standalone/build/external_signoff_4x32_wpr2_overlap_audit/sram_4x32_wpr2_fd45.sp,E:\njust\keyan\SRAM Compiler_V2\OpenRAM-stable\deliverables\sram_layoutgen_standalone\build\external_signoff_4x32_wpr2_overlap_audit\sram_4x32_wpr2_fd45.sp,.sp,17594,5
current_layoutgen,deliverables/sram_layoutgen_standalone/build/external_signoff_4x32_wpr2_overlap_audit2/sram_4x32_wpr2_fd45.sp,E:\njust\keyan\SRAM Compiler_V2\OpenRAM-stable\deliverables\sram_layoutgen_standalone\build\external_signoff_4x32_wpr2_overlap_audit2\sram_4x32_wpr2_fd45.sp,.sp,17594,5
current_layoutgen,deliverables/sram_layoutgen_standalone/build/external_signoff_4x32_wpr2_pin_tap_trial/sram_4x32_wpr2_fd45.sp,E:\njust\keyan\SRAM Compiler_V2\OpenRAM-stable\deliverables\sram_layoutgen_standalone\build\external_signoff_4x32_wpr2_pin_tap_trial\sram_4x32_wpr2_fd45.sp,.sp,17329,5
current_layoutgen,deliverables/sram_layoutgen_standalone/build/external_signoff_4x32_wpr2_pinlanding_clean/sram_4x32_wpr2_fd45.sp,E:\njust\keyan\SRAM Compiler_V2\OpenRAM-stable\deliverables\sram_layoutgen_standalone\build\external_signoff_4x32_wpr2_pinlanding_clean\sram_4x32_wpr2_fd45.sp,.sp,17594,5
current_layoutgen,deliverables/sram_layoutgen_standalone/build/external_signoff_4x32_wpr2_promote_guides_trial/sram_4x32_wpr2_fd45.sp,E:\njust\keyan\SRAM Compiler_V2\OpenRAM-stable\deliverables\sram_layoutgen_standalone\build\external_signoff_4x32_wpr2_promote_guides_trial\sram_4x32_wpr2_fd45.sp,.sp,17329,5
current_layoutgen,deliverables/sram_layoutgen_standalone/build/external_signoff_4x32_wpr2_safe_promotion/sram_4x32_wpr2_fd45.extracted.sp,E:\njust\keyan\SRAM Compiler_V2\OpenRAM-stable\deliverables\sram_layoutgen_standalone\build\external_signoff_4x32_wpr2_safe_promotion\sram_4x32_wpr2_fd45.extracted.sp,.sp,30496,5
current_layoutgen,deliverables/sram_layoutgen_standalone/build/external_signoff_4x32_wpr2_safe_promotion/sram_4x32_wpr2_fd45.sp,E:\njust\keyan\SRAM Compiler_V2\OpenRAM-stable\deliverables\sram_layoutgen_standalone\build\external_signoff_4x32_wpr2_safe_promotion\sram_4x32_wpr2_fd45.sp,.sp,17329,5
current_layoutgen,deliverables/sram_layoutgen_standalone/build/external_signoff_4x32_wpr2_scalefix_contiguous_array/sram_4x32_wpr2_fd45.sp,E:\njust\keyan\SRAM Compiler_V2\OpenRAM-stable\deliverables\sram_layoutgen_standalone\build\external_signoff_4x32_wpr2_scalefix_contiguous_array\sram_4x32_wpr2_fd45.sp,.sp,17329,5
current_layoutgen,deliverables/sram_layoutgen_standalone/build/external_signoff_4x32_wpr2_scalefix_contiguous_full_drc/sram_4x32_wpr2_fd45.sp,E:\njust\keyan\SRAM Compiler_V2\OpenRAM-stable\deliverables\sram_layoutgen_standalone\build\external_signoff_4x32_wpr2_scalefix_contiguous_full_drc\sram_4x32_wpr2_fd45.sp,.sp,17329,5
current_layoutgen,deliverables/sram_layoutgen_standalone/build/external_signoff_4x32_wpr2_single_array_origin_full_drc/sram_4x32_wpr2_fd45.sp,E:\njust\keyan\SRAM Compiler_V2\OpenRAM-stable\deliverables\sram_layoutgen_standalone\build\external_signoff_4x32_wpr2_single_array_origin_full_drc\sram_4x32_wpr2_fd45.sp,.sp,17329,5
current_layoutgen,deliverables/sram_layoutgen_standalone/build/external_signoff_4x32_wpr2_single_array_origin_integration/sram_4x32_wpr2_fd45.sp,E:\njust\keyan\SRAM Compiler_V2\OpenRAM-stable\deliverables\sram_layoutgen_standalone\build\external_signoff_4x32_wpr2_single_array_origin_integration\sram_4x32_wpr2_fd45.sp,.sp,17329,5
current_layoutgen,deliverables/sram_layoutgen_standalone/build/external_signoff_4x32_wpr2_stackfix/sram_4x32_wpr2_fd45.sp,E:\njust\keyan\SRAM Compiler_V2\OpenRAM-stable\deliverables\sram_layoutgen_standalone\build\external_signoff_4x32_wpr2_stackfix\sram_4x32_wpr2_fd45.sp,.sp,17594,5
current_layoutgen,deliverables/sram_layoutgen_standalone/build/external_signoff_4x32_wpr2_unitscale_fix/sram_4x32_wpr2_fd45.sp,E:\njust\keyan\SRAM Compiler_V2\OpenRAM-stable\deliverables\sram_layoutgen_standalone\build\external_signoff_4x32_wpr2_unitscale_fix\sram_4x32_wpr2_fd45.sp,.sp,17329,5
current_layoutgen,deliverables/sram_layoutgen_standalone/build/external_signoff_4x32_wpr2_unitscale_full_drc/sram_4x32_wpr2_fd45.sp,E:\njust\keyan\SRAM Compiler_V2\OpenRAM-stable\deliverables\sram_layoutgen_standalone\build\external_signoff_4x32_wpr2_unitscale_full_drc\sram_4x32_wpr2_fd45.sp,.sp,17329,5
current_layoutgen,deliverables/sram_layoutgen_standalone/build/external_signoff_4x32_wpr2_viafix/sram_4x32_wpr2_fd45.sp,E:\njust\keyan\SRAM Compiler_V2\OpenRAM-stable\deliverables\sram_layoutgen_standalone\build\external_signoff_4x32_wpr2_viafix\sram_4x32_wpr2_fd45.sp,.sp,17594,5
current_layoutgen,deliverables/sram_layoutgen_standalone/build/external_signoff_4x32_wpr2_waitfix/sram_4x32_wpr2_fd45.sp,E:\njust\keyan\SRAM Compiler_V2\OpenRAM-stable\deliverables\sram_layoutgen_standalone\build\external_signoff_4x32_wpr2_waitfix\sram_4x32_wpr2_fd45.sp,.sp,17594,5
current_layoutgen,deliverables/sram_layoutgen_standalone/build/external_signoff_4x32_wpr2_wrapfix/sram_4x32_wpr2_fd45.sp,E:\njust\keyan\SRAM Compiler_V2\OpenRAM-stable\deliverables\sram_layoutgen_standalone\build\external_signoff_4x32_wpr2_wrapfix\sram_4x32_wpr2_fd45.sp,.sp,17594,5
current_layoutgen,deliverables/sram_layoutgen_standalone/build/external_signoff_4x32_wpr2_wrapfix_ext/sram_4x32_wpr2_fd45.sp,E:\njust\keyan\SRAM Compiler_V2\OpenRAM-stable\deliverables\sram_layoutgen_standalone\build\external_signoff_4x32_wpr2_wrapfix_ext\sram_4x32_wpr2_fd45.sp,.sp,17594,5
current_layoutgen,deliverables/sram_layoutgen_standalone/build/external_signoff_8x64_wpr2_logical_pitch_drc/sram_8x64_wpr2_fd45.sp,E:\njust\keyan\SRAM Compiler_V2\OpenRAM-stable\deliverables\sram_layoutgen_standalone\build\external_signoff_8x64_wpr2_logical_pitch_drc\sram_8x64_wpr2_fd45.sp,.sp,43587,5
current_layoutgen,deliverables/sram_layoutgen_standalone/build/external_signoff_8x64_wpr4_compact_rbl_safe/sram_8x64_wpr4_fd45.extracted.sp,E:\njust\keyan\SRAM Compiler_V2\OpenRAM-stable\deliverables\sram_layoutgen_standalone\build\external_signoff_8x64_wpr4_compact_rbl_safe\sram_8x64_wpr4_fd45.extracted.sp,.sp,66763,5
current_layoutgen,deliverables/sram_layoutgen_standalone/build/external_signoff_8x64_wpr4_compact_rbl_safe/sram_8x64_wpr4_fd45.sp,E:\njust\keyan\SRAM Compiler_V2\OpenRAM-stable\deliverables\sram_layoutgen_standalone\build\external_signoff_8x64_wpr4_compact_rbl_safe\sram_8x64_wpr4_fd45.sp,.sp,40901,5
current_layoutgen,deliverables/sram_layoutgen_standalone/build/external_signoff_8x64_wpr4_final_strict/sram_8x64_wpr4_fd45.extracted.sp,E:\njust\keyan\SRAM Compiler_V2\OpenRAM-stable\deliverables\sram_layoutgen_standalone\build\external_signoff_8x64_wpr4_final_strict\sram_8x64_wpr4_fd45.extracted.sp,.sp,66763,5
current_layoutgen,deliverables/sram_layoutgen_standalone/build/external_signoff_8x64_wpr4_final_strict/sram_8x64_wpr4_fd45.sp,E:\njust\keyan\SRAM Compiler_V2\OpenRAM-stable\deliverables\sram_layoutgen_standalone\build\external_signoff_8x64_wpr4_final_strict\sram_8x64_wpr4_fd45.sp,.sp,40901,5
current_layoutgen,deliverables/sram_layoutgen_standalone/build/external_signoff_8x64_wpr4_logical_pitch_drc/sram_8x64_wpr4_fd45.sp,E:\njust\keyan\SRAM Compiler_V2\OpenRAM-stable\deliverables\sram_layoutgen_standalone\build\external_signoff_8x64_wpr4_logical_pitch_drc\sram_8x64_wpr4_fd45.sp,.sp,40901,5
current_layoutgen,deliverables/sram_layoutgen_standalone/build/external_signoff_8x64_wpr4_no_array_overlap/sram_8x64_wpr4_fd45.extracted.sp,E:\njust\keyan\SRAM Compiler_V2\OpenRAM-stable\deliverables\sram_layoutgen_standalone\build\external_signoff_8x64_wpr4_no_array_overlap\sram_8x64_wpr4_fd45.extracted.sp,.sp,60484,5
current_layoutgen,deliverables/sram_layoutgen_standalone/build/external_signoff_8x64_wpr4_no_array_overlap/sram_8x64_wpr4_fd45.sp,E:\njust\keyan\SRAM Compiler_V2\OpenRAM-stable\deliverables\sram_layoutgen_standalone\build\external_signoff_8x64_wpr4_no_array_overlap\sram_8x64_wpr4_fd45.sp,.sp,40901,5
current_layoutgen,deliverables/sram_layoutgen_standalone/build/external_signoff_8x64_wpr4_realpin_strict/sram_8x64_wpr4_fd45.extracted.sp,E:\njust\keyan\SRAM Compiler_V2\OpenRAM-stable\deliverables\sram_layoutgen_standalone\build\external_signoff_8x64_wpr4_realpin_strict\sram_8x64_wpr4_fd45.extracted.sp,.sp,66763,5
current_layoutgen,deliverables/sram_layoutgen_standalone/build/external_signoff_8x64_wpr4_realpin_strict/sram_8x64_wpr4_fd45.sp,E:\njust\keyan\SRAM Compiler_V2\OpenRAM-stable\deliverables\sram_layoutgen_standalone\build\external_signoff_8x64_wpr4_realpin_strict\sram_8x64_wpr4_fd45.sp,.sp,40901,5
current_layoutgen,deliverables/sram_layoutgen_standalone/build/external_signoff_8x64_wpr4_strict_fullpin/sram_8x64_wpr4_fd45.extracted.sp,E:\njust\keyan\SRAM Compiler_V2\OpenRAM-stable\deliverables\sram_layoutgen_standalone\build\external_signoff_8x64_wpr4_strict_fullpin\sram_8x64_wpr4_fd45.extracted.sp,.sp,66763,5
current_layoutgen,deliverables/sram_layoutgen_standalone/build/external_signoff_8x64_wpr4_strict_fullpin/sram_8x64_wpr4_fd45.sp,E:\njust\keyan\SRAM Compiler_V2\OpenRAM-stable\deliverables\sram_layoutgen_standalone\build\external_signoff_8x64_wpr4_strict_fullpin\sram_8x64_wpr4_fd45.sp,.sp,40901,5
current_layoutgen,deliverables/sram_layoutgen_standalone/build/external_signoff_integration_dryrun/sram_4x32_wpr2_fd45.sp,E:\njust\keyan\SRAM Compiler_V2\OpenRAM-stable\deliverables\sram_layoutgen_standalone\build\external_signoff_integration_dryrun\sram_4x32_wpr2_fd45.sp,.sp,17594,5
current_layoutgen,deliverables/sram_layoutgen_standalone/build/external_signoff_probe_abs/sram_4x32_wpr2_fd45.sp,E:\njust\keyan\SRAM Compiler_V2\OpenRAM-stable\deliverables\sram_layoutgen_standalone\build\external_signoff_probe_abs\sram_4x32_wpr2_fd45.sp,.sp,17594,5
current_layoutgen,deliverables/sram_layoutgen_standalone/build/external_signoff_probe_abs2/sram_4x32_wpr2_fd45.sp,E:\njust\keyan\SRAM Compiler_V2\OpenRAM-stable\deliverables\sram_layoutgen_standalone\build\external_signoff_probe_abs2\sram_4x32_wpr2_fd45.sp,.sp,17594,5
current_layoutgen,deliverables/sram_layoutgen_standalone/build/external_signoff_skip_lvs_probe/sram_4x32_wpr2_fd45.sp,E:\njust\keyan\SRAM Compiler_V2\OpenRAM-stable\deliverables\sram_layoutgen_standalone\build\external_signoff_skip_lvs_probe\sram_4x32_wpr2_fd45.sp,.sp,17594,5
current_layoutgen,deliverables/sram_layoutgen_standalone/build/external_signoff_summary_probe/sram_4x32_wpr2_fd45.sp,E:\njust\keyan\SRAM Compiler_V2\OpenRAM-stable\deliverables\sram_layoutgen_standalone\build\external_signoff_summary_probe\sram_4x32_wpr2_fd45.sp,.sp,17594,5
current_layoutgen,deliverables/sram_layoutgen_standalone/build/external_signoff_wait_probe/sram_4x32_wpr2_fd45.sp,E:\njust\keyan\SRAM Compiler_V2\OpenRAM-stable\deliverables\sram_layoutgen_standalone\build\external_signoff_wait_probe\sram_4x32_wpr2_fd45.sp,.sp,17594,5
current_layoutgen,deliverables/sram_layoutgen_standalone/build/full_layout_collection/_all_gds_and_reports/sram_16x32_wpr2__sram_16x32_wpr2_fd45.sp,E:\njust\keyan\SRAM Compiler_V2\OpenRAM-stable\deliverables\sram_layoutgen_standalone\build\full_layout_collection\_all_gds_and_reports\sram_16x32_wpr2__sram_16x32_wpr2_fd45.sp,.sp,42741,5
current_layoutgen,deliverables/sram_layoutgen_standalone/build/full_layout_collection/_all_gds_and_reports/sram_32x32_wpr1__sram_32x32_wpr1_fd45.sp,E:\njust\keyan\SRAM Compiler_V2\OpenRAM-stable\deliverables\sram_layoutgen_standalone\build\full_layout_collection\_all_gds_and_reports\sram_32x32_wpr1__sram_32x32_wpr1_fd45.sp,.sp,78005,5
current_layoutgen,deliverables/sram_layoutgen_standalone/build/full_layout_collection/_all_gds_and_reports/sram_4x32_wpr1__sram_4x32_wpr1_fd45.sp,E:\njust\keyan\SRAM Compiler_V2\OpenRAM-stable\deliverables\sram_layoutgen_standalone\build\full_layout_collection\_all_gds_and_reports\sram_4x32_wpr1__sram_4x32_wpr1_fd45.sp,.sp,21849,5
current_layoutgen,deliverables/sram_layoutgen_standalone/build/full_layout_collection/_all_gds_and_reports/sram_4x32_wpr2__sram_4x32_wpr2_fd45.sp,E:\njust\keyan\SRAM Compiler_V2\OpenRAM-stable\deliverables\sram_layoutgen_standalone\build\full_layout_collection\_all_gds_and_reports\sram_4x32_wpr2__sram_4x32_wpr2_fd45.sp,.sp,17291,5
current_layoutgen,deliverables/sram_layoutgen_standalone/build/full_layout_collection/_all_gds_and_reports/sram_64x64_wpr1__sram_64x64_wpr1_fd45.sp,E:\njust\keyan\SRAM Compiler_V2\OpenRAM-stable\deliverables\sram_layoutgen_standalone\build\full_layout_collection\_all_gds_and_reports\sram_64x64_wpr1__sram_64x64_wpr1_fd45.sp,.sp,258692,5
current_layoutgen,deliverables/sram_layoutgen_standalone/build/full_layout_collection/_all_gds_and_reports/sram_8x64_wpr4__sram_8x64_wpr4_fd45.sp,E:\njust\keyan\SRAM Compiler_V2\OpenRAM-stable\deliverables\sram_layoutgen_standalone\build\full_layout_collection\_all_gds_and_reports\sram_8x64_wpr4__sram_8x64_wpr4_fd45.sp,.sp,40926,5
current_layoutgen,deliverables/sram_layoutgen_standalone/build/full_layout_collection/sram_16x32_wpr2/sram_16x32_wpr2_fd45.sp,E:\njust\keyan\SRAM Compiler_V2\OpenRAM-stable\deliverables\sram_layoutgen_standalone\build\full_layout_collection\sram_16x32_wpr2\sram_16x32_wpr2_fd45.sp,.sp,42741,5
current_layoutgen,deliverables/sram_layoutgen_standalone/build/full_layout_collection/sram_32x32_wpr1/sram_32x32_wpr1_fd45.sp,E:\njust\keyan\SRAM Compiler_V2\OpenRAM-stable\deliverables\sram_layoutgen_standalone\build\full_layout_collection\sram_32x32_wpr1\sram_32x32_wpr1_fd45.sp,.sp,78005,5
current_layoutgen,deliverables/sram_layoutgen_standalone/build/full_layout_collection/sram_4x32_wpr1/sram_4x32_wpr1_fd45.sp,E:\njust\keyan\SRAM Compiler_V2\OpenRAM-stable\deliverables\sram_layoutgen_standalone\build\full_layout_collection\sram_4x32_wpr1\sram_4x32_wpr1_fd45.sp,.sp,21849,5
current_layoutgen,deliverables/sram_layoutgen_standalone/build/full_layout_collection/sram_4x32_wpr2/sram_4x32_wpr2_fd45.sp,E:\njust\keyan\SRAM Compiler_V2\OpenRAM-stable\deliverables\sram_layoutgen_standalone\build\full_layout_collection\sram_4x32_wpr2\sram_4x32_wpr2_fd45.sp,.sp,17291,5
current_layoutgen,deliverables/sram_layoutgen_standalone/build/full_layout_collection/sram_64x64_wpr1/sram_64x64_wpr1_fd45.sp,E:\njust\keyan\SRAM Compiler_V2\OpenRAM-stable\deliverables\sram_layoutgen_standalone\build\full_layout_collection\sram_64x64_wpr1\sram_64x64_wpr1_fd45.sp,.sp,258692,5
current_layoutgen,deliverables/sram_layoutgen_standalone/build/full_layout_collection/sram_8x64_wpr4/sram_8x64_wpr4_fd45.sp,E:\njust\keyan\SRAM Compiler_V2\OpenRAM-stable\deliverables\sram_layoutgen_standalone\build\full_layout_collection\sram_8x64_wpr4\sram_8x64_wpr4_fd45.sp,.sp,40926,5
current_layoutgen,deliverables/sram_layoutgen_standalone/build/full_periphery_8x64/sram_8x64_wpr4_fd45.sp,E:\njust\keyan\SRAM Compiler_V2\OpenRAM-stable\deliverables\sram_layoutgen_standalone\build\full_periphery_8x64\sram_8x64_wpr4_fd45.sp,.sp,30940,5
current_layoutgen,deliverables/sram_layoutgen_standalone/build/full_periphery_final_8x64/sram_8x64_wpr4_fd45.sp,E:\njust\keyan\SRAM Compiler_V2\OpenRAM-stable\deliverables\sram_layoutgen_standalone\build\full_periphery_final_8x64\sram_8x64_wpr4_fd45.sp,.sp,30940,5
current_layoutgen,deliverables/sram_layoutgen_standalone/build/full_sram_suite_final/4x32/sram_4x32_wpr2_fd45.sp,E:\njust\keyan\SRAM Compiler_V2\OpenRAM-stable\deliverables\sram_layoutgen_standalone\build\full_sram_suite_final\4x32\sram_4x32_wpr2_fd45.sp,.sp,17286,5
current_layoutgen,deliverables/sram_layoutgen_standalone/build/full_sram_suite_final/8x64/sram_8x64_wpr4_fd45.sp,E:\njust\keyan\SRAM Compiler_V2\OpenRAM-stable\deliverables\sram_layoutgen_standalone\build\full_sram_suite_final\8x64\sram_8x64_wpr4_fd45.sp,.sp,40407,5
current_layoutgen,deliverables/sram_layoutgen_standalone/build/global_pack_4x32/sram_4x32_wpr2_fd45.sp,E:\njust\keyan\SRAM Compiler_V2\OpenRAM-stable\deliverables\sram_layoutgen_standalone\build\global_pack_4x32\sram_4x32_wpr2_fd45.sp,.sp,17329,5
current_layoutgen,deliverables/sram_layoutgen_standalone/build/labeled_8x64/sram_8x64_wpr4_fd45.sp,E:\njust\keyan\SRAM Compiler_V2\OpenRAM-stable\deliverables\sram_layoutgen_standalone\build\labeled_8x64\sram_8x64_wpr4_fd45.sp,.sp,30940,5
current_layoutgen,deliverables/sram_layoutgen_standalone/build/labeled_final_8x64/sram_8x64_wpr4_fd45.sp,E:\njust\keyan\SRAM Compiler_V2\OpenRAM-stable\deliverables\sram_layoutgen_standalone\build\labeled_final_8x64\sram_8x64_wpr4_fd45.sp,.sp,30940,5
current_layoutgen,deliverables/sram_layoutgen_standalone/build/lane_route_4x32/sram_4x32_wpr2_fd45.sp,E:\njust\keyan\SRAM Compiler_V2\OpenRAM-stable\deliverables\sram_layoutgen_standalone\build\lane_route_4x32\sram_4x32_wpr2_fd45.sp,.sp,17329,5
current_layoutgen,deliverables/sram_layoutgen_standalone/build/occupancy_probe_4x32/sram_4x32_wpr2_fd45.sp,E:\njust\keyan\SRAM Compiler_V2\OpenRAM-stable\deliverables\sram_layoutgen_standalone\build\occupancy_probe_4x32\sram_4x32_wpr2_fd45.sp,.sp,17329,5
current_layoutgen,deliverables/sram_layoutgen_standalone/build/openyield_baseline_check_16x32/sram_16x32_wpr2_fd45.sp,E:\njust\keyan\SRAM Compiler_V2\OpenRAM-stable\deliverables\sram_layoutgen_standalone\build\openyield_baseline_check_16x32\sram_16x32_wpr2_fd45.sp,.sp,42741,5
current_layoutgen,deliverables/sram_layoutgen_standalone/build/openyield_smoke_16x32_wpr2/sram_16x32_wpr2_fd45.openyield_wrapper.sp,E:\njust\keyan\SRAM Compiler_V2\OpenRAM-stable\deliverables\sram_layoutgen_standalone\build\openyield_smoke_16x32_wpr2\sram_16x32_wpr2_fd45.openyield_wrapper.sp,.sp,416,5
current_layoutgen,deliverables/sram_layoutgen_standalone/build/openyield_smoke_16x32_wpr2/sram_16x32_wpr2_fd45.read_write_smoke_tb.sp,E:\njust\keyan\SRAM Compiler_V2\OpenRAM-stable\deliverables\sram_layoutgen_standalone\build\openyield_smoke_16x32_wpr2\sram_16x32_wpr2_fd45.read_write_smoke_tb.sp,.sp,2468,5
current_layoutgen,deliverables/sram_layoutgen_standalone/build/openyield_smoke_16x32_wpr2/sram_16x32_wpr2_fd45.sp,E:\njust\keyan\SRAM Compiler_V2\OpenRAM-stable\deliverables\sram_layoutgen_standalone\build\openyield_smoke_16x32_wpr2\sram_16x32_wpr2_fd45.sp,.sp,42741,5
current_layoutgen,deliverables/sram_layoutgen_standalone/build/peripheral_array_power_16x32/sram_16x32_wpr2_fd45.sp,E:\njust\keyan\SRAM Compiler_V2\OpenRAM-stable\deliverables\sram_layoutgen_standalone\build\peripheral_array_power_16x32\sram_16x32_wpr2_fd45.sp,.sp,42741,5
current_layoutgen,deliverables/sram_layoutgen_standalone/build/peripheral_array_power_4x32/sram_4x32_wpr2_fd45.sp,E:\njust\keyan\SRAM Compiler_V2\OpenRAM-stable\deliverables\sram_layoutgen_standalone\build\peripheral_array_power_4x32\sram_4x32_wpr2_fd45.sp,.sp,17291,5
current_layoutgen,deliverables/sram_layoutgen_standalone/build/peripheral_array_power_8x64_probe/sram_8x64_wpr4_fd45.sp,E:\njust\keyan\SRAM Compiler_V2\OpenRAM-stable\deliverables\sram_layoutgen_standalone\build\peripheral_array_power_8x64_probe\sram_8x64_wpr4_fd45.sp,.sp,40926,5
current_layoutgen,deliverables/sram_layoutgen_standalone/build/peripheral_array_power_8x64_probe2/sram_8x64_wpr4_fd45.sp,E:\njust\keyan\SRAM Compiler_V2\OpenRAM-stable\deliverables\sram_layoutgen_standalone\build\peripheral_array_power_8x64_probe2\sram_8x64_wpr4_fd45.sp,.sp,40926,5
current_layoutgen,deliverables/sram_layoutgen_standalone/build/peripheral_array_power_8x64_probe3/sram_8x64_wpr4_fd45.sp,E:\njust\keyan\SRAM Compiler_V2\OpenRAM-stable\deliverables\sram_layoutgen_standalone\build\peripheral_array_power_8x64_probe3\sram_8x64_wpr4_fd45.sp,.sp,40926,5
current_layoutgen,deliverables/sram_layoutgen_standalone/build/peripheral_array_power_sweep/4x32_wpr1/sram_4x32_wpr1_fd45.sp,E:\njust\keyan\SRAM Compiler_V2\OpenRAM-stable\deliverables\sram_layoutgen_standalone\build\peripheral_array_power_sweep\4x32_wpr1\sram_4x32_wpr1_fd45.sp,.sp,21849,5
current_layoutgen,deliverables/sram_layoutgen_standalone/build/peripheral_array_power_sweep/4x32_wpr2/sram_4x32_wpr2_fd45.sp,E:\njust\keyan\SRAM Compiler_V2\OpenRAM-stable\deliverables\sram_layoutgen_standalone\build\peripheral_array_power_sweep\4x32_wpr2\sram_4x32_wpr2_fd45.sp,.sp,17291,5
current_layoutgen,deliverables/sram_layoutgen_standalone/build/peripheral_array_power_sweep/8x64_wpr4/sram_8x64_wpr4_fd45.sp,E:\njust\keyan\SRAM Compiler_V2\OpenRAM-stable\deliverables\sram_layoutgen_standalone\build\peripheral_array_power_sweep\8x64_wpr4\sram_8x64_wpr4_fd45.sp,.sp,40926,5
current_layoutgen,deliverables/sram_layoutgen_standalone/build/peripheral_array_power_wpr1_probe/sram_4x32_wpr1_fd45.sp,E:\njust\keyan\SRAM Compiler_V2\OpenRAM-stable\deliverables\sram_layoutgen_standalone\build\peripheral_array_power_wpr1_probe\sram_4x32_wpr1_fd45.sp,.sp,21849,5
current_layoutgen,deliverables/sram_layoutgen_standalone/build/peripheral_array_power_wpr1_probe2/sram_4x32_wpr1_fd45.sp,E:\njust\keyan\SRAM Compiler_V2\OpenRAM-stable\deliverables\sram_layoutgen_standalone\build\peripheral_array_power_wpr1_probe2\sram_4x32_wpr1_fd45.sp,.sp,21849,5
current_layoutgen,deliverables/sram_layoutgen_standalone/build/peripheral_array_power_wpr1_probe3/sram_4x32_wpr1_fd45.sp,E:\njust\keyan\SRAM Compiler_V2\OpenRAM-stable\deliverables\sram_layoutgen_standalone\build\peripheral_array_power_wpr1_probe3\sram_4x32_wpr1_fd45.sp,.sp,21849,5
current_layoutgen,deliverables/sram_layoutgen_standalone/build/periphery_complete_8x64/sram_8x64_wpr4_fd45.sp,E:\njust\keyan\SRAM Compiler_V2\OpenRAM-stable\deliverables\sram_layoutgen_standalone\build\periphery_complete_8x64\sram_8x64_wpr4_fd45.sp,.sp,38976,5
current_layoutgen,deliverables/sram_layoutgen_standalone/build/periphery_plus_8x64/sram_8x64_wpr4_fd45.sp,E:\njust\keyan\SRAM Compiler_V2\OpenRAM-stable\deliverables\sram_layoutgen_standalone\build\periphery_plus_8x64\sram_8x64_wpr4_fd45.sp,.sp,38976,5
current_layoutgen,deliverables/sram_layoutgen_standalone/build/periphery_plus_clean2_8x64/sram_8x64_wpr4_fd45.sp,E:\njust\keyan\SRAM Compiler_V2\OpenRAM-stable\deliverables\sram_layoutgen_standalone\build\periphery_plus_clean2_8x64\sram_8x64_wpr4_fd45.sp,.sp,38976,5
current_layoutgen,deliverables/sram_layoutgen_standalone/build/periphery_plus_clean_8x64/sram_8x64_wpr4_fd45.sp,E:\njust\keyan\SRAM Compiler_V2\OpenRAM-stable\deliverables\sram_layoutgen_standalone\build\periphery_plus_clean_8x64\sram_8x64_wpr4_fd45.sp,.sp,38976,5
current_layoutgen,deliverables/sram_layoutgen_standalone/build/pin_access_4x32/sram_4x32_wpr2_fd45.sp,E:\njust\keyan\SRAM Compiler_V2\OpenRAM-stable\deliverables\sram_layoutgen_standalone\build\pin_access_4x32\sram_4x32_wpr2_fd45.sp,.sp,17329,5
current_layoutgen,deliverables/sram_layoutgen_standalone/build/power_junction_boundary_tap_16x32/sram_16x32_wpr2_fd45.sp,E:\njust\keyan\SRAM Compiler_V2\OpenRAM-stable\deliverables\sram_layoutgen_standalone\build\power_junction_boundary_tap_16x32\sram_16x32_wpr2_fd45.sp,.sp,42741,5
current_layoutgen,deliverables/sram_layoutgen_standalone/build/power_junction_boundary_tap_4x32/sram_4x32_wpr2_fd45.sp,E:\njust\keyan\SRAM Compiler_V2\OpenRAM-stable\deliverables\sram_layoutgen_standalone\build\power_junction_boundary_tap_4x32\sram_4x32_wpr2_fd45.sp,.sp,17291,5
current_layoutgen,deliverables/sram_layoutgen_standalone/build/power_junction_boundary_tap_sweep/4x32_wpr1/sram_4x32_wpr1_fd45.sp,E:\njust\keyan\SRAM Compiler_V2\OpenRAM-stable\deliverables\sram_layoutgen_standalone\build\power_junction_boundary_tap_sweep\4x32_wpr1\sram_4x32_wpr1_fd45.sp,.sp,21849,5
current_layoutgen,deliverables/sram_layoutgen_standalone/build/power_junction_boundary_tap_sweep/4x32_wpr2/sram_4x32_wpr2_fd45.sp,E:\njust\keyan\SRAM Compiler_V2\OpenRAM-stable\deliverables\sram_layoutgen_standalone\build\power_junction_boundary_tap_sweep\4x32_wpr2\sram_4x32_wpr2_fd45.sp,.sp,17291,5
current_layoutgen,deliverables/sram_layoutgen_standalone/build/power_junction_boundary_tap_sweep/8x64_wpr4/sram_8x64_wpr4_fd45.sp,E:\njust\keyan\SRAM Compiler_V2\OpenRAM-stable\deliverables\sram_layoutgen_standalone\build\power_junction_boundary_tap_sweep\8x64_wpr4\sram_8x64_wpr4_fd45.sp,.sp,40926,5
current_layoutgen,deliverables/sram_layoutgen_standalone/build/read_column_path_fix_16x32/sram_16x32_wpr2_fd45.sp,E:\njust\keyan\SRAM Compiler_V2\OpenRAM-stable\deliverables\sram_layoutgen_standalone\build\read_column_path_fix_16x32\sram_16x32_wpr2_fd45.sp,.sp,42741,5
current_layoutgen,deliverables/sram_layoutgen_standalone/build/read_column_path_fix_4x32/sram_4x32_wpr2_fd45.sp,E:\njust\keyan\SRAM Compiler_V2\OpenRAM-stable\deliverables\sram_layoutgen_standalone\build\read_column_path_fix_4x32\sram_4x32_wpr2_fd45.sp,.sp,17291,5
current_layoutgen,deliverables/sram_layoutgen_standalone/build/read_column_path_fix_sweep/4x32_wpr1/sram_4x32_wpr1_fd45.sp,E:\njust\keyan\SRAM Compiler_V2\OpenRAM-stable\deliverables\sram_layoutgen_standalone\build\read_column_path_fix_sweep\4x32_wpr1\sram_4x32_wpr1_fd45.sp,.sp,21849,5
current_layoutgen,deliverables/sram_layoutgen_standalone/build/read_column_path_fix_sweep/4x32_wpr2/sram_4x32_wpr2_fd45.sp,E:\njust\keyan\SRAM Compiler_V2\OpenRAM-stable\deliverables\sram_layoutgen_standalone\build\read_column_path_fix_sweep\4x32_wpr2\sram_4x32_wpr2_fd45.sp,.sp,17291,5
current_layoutgen,deliverables/sram_layoutgen_standalone/build/read_column_path_fix_sweep/8x64_wpr4/sram_8x64_wpr4_fd45.sp,E:\njust\keyan\SRAM Compiler_V2\OpenRAM-stable\deliverables\sram_layoutgen_standalone\build\read_column_path_fix_sweep\8x64_wpr4\sram_8x64_wpr4_fd45.sp,.sp,40926,5
current_layoutgen,deliverables/sram_layoutgen_standalone/build/realpin_complete_4x32/sram_4x32_wpr2_fd45.sp,E:\njust\keyan\SRAM Compiler_V2\OpenRAM-stable\deliverables\sram_layoutgen_standalone\build\realpin_complete_4x32\sram_4x32_wpr2_fd45.sp,.sp,17329,5
current_layoutgen,deliverables/sram_layoutgen_standalone/build/realpin_complete_4x32_b/sram_4x32_wpr2_fd45.sp,E:\njust\keyan\SRAM Compiler_V2\OpenRAM-stable\deliverables\sram_layoutgen_standalone\build\realpin_complete_4x32_b\sram_4x32_wpr2_fd45.sp,.sp,17329,5
current_layoutgen,deliverables/sram_layoutgen_standalone/build/realpin_pinlanding_4x32/sram_4x32_wpr2_fd45.sp,E:\njust\keyan\SRAM Compiler_V2\OpenRAM-stable\deliverables\sram_layoutgen_standalone\build\realpin_pinlanding_4x32\sram_4x32_wpr2_fd45.sp,.sp,17329,5
current_layoutgen,deliverables/sram_layoutgen_standalone/build/realpin_probe_4x32/sram_4x32_wpr2_fd45.sp,E:\njust\keyan\SRAM Compiler_V2\OpenRAM-stable\deliverables\sram_layoutgen_standalone\build\realpin_probe_4x32\sram_4x32_wpr2_fd45.sp,.sp,17329,5
current_layoutgen,deliverables/sram_layoutgen_standalone/build/row_fold_4x32/sram_4x32_wpr2_fd45.sp,E:\njust\keyan\SRAM Compiler_V2\OpenRAM-stable\deliverables\sram_layoutgen_standalone\build\row_fold_4x32\sram_4x32_wpr2_fd45.sp,.sp,17329,5
current_layoutgen,deliverables/sram_layoutgen_standalone/build/row_integrity_fix_16x32/sram_16x32_wpr2_fd45.sp,E:\njust\keyan\SRAM Compiler_V2\OpenRAM-stable\deliverables\sram_layoutgen_standalone\build\row_integrity_fix_16x32\sram_16x32_wpr2_fd45.sp,.sp,42741,5
current_layoutgen,deliverables/sram_layoutgen_standalone/build/row_integrity_fix_4x32/sram_4x32_wpr2_fd45.sp,E:\njust\keyan\SRAM Compiler_V2\OpenRAM-stable\deliverables\sram_layoutgen_standalone\build\row_integrity_fix_4x32\sram_4x32_wpr2_fd45.sp,.sp,17291,5
current_layoutgen,deliverables/sram_layoutgen_standalone/build/row_integrity_fix_sweep/4x32_wpr1/sram_4x32_wpr1_fd45.sp,E:\njust\keyan\SRAM Compiler_V2\OpenRAM-stable\deliverables\sram_layoutgen_standalone\build\row_integrity_fix_sweep\4x32_wpr1\sram_4x32_wpr1_fd45.sp,.sp,21849,5
current_layoutgen,deliverables/sram_layoutgen_standalone/build/row_integrity_fix_sweep/4x32_wpr2/sram_4x32_wpr2_fd45.sp,E:\njust\keyan\SRAM Compiler_V2\OpenRAM-stable\deliverables\sram_layoutgen_standalone\build\row_integrity_fix_sweep\4x32_wpr2\sram_4x32_wpr2_fd45.sp,.sp,17291,5
current_layoutgen,deliverables/sram_layoutgen_standalone/build/row_integrity_fix_sweep/8x64_wpr4/sram_8x64_wpr4_fd45.sp,E:\njust\keyan\SRAM Compiler_V2\OpenRAM-stable\deliverables\sram_layoutgen_standalone\build\row_integrity_fix_sweep\8x64_wpr4\sram_8x64_wpr4_fd45.sp,.sp,40926,5
current_layoutgen,deliverables/sram_layoutgen_standalone/build/semantic_4x32/sram_4x32_wpr2_fd45.sp,E:\njust\keyan\SRAM Compiler_V2\OpenRAM-stable\deliverables\sram_layoutgen_standalone\build\semantic_4x32\sram_4x32_wpr2_fd45.sp,.sp,17329,5
current_layoutgen,deliverables/sram_layoutgen_standalone/build/semantic_4x32_wpr1_check/sram_4x32_wpr1_fd45.sp,E:\njust\keyan\SRAM Compiler_V2\OpenRAM-stable\deliverables\sram_layoutgen_standalone\build\semantic_4x32_wpr1_check\sram_4x32_wpr1_fd45.sp,.sp,21857,5
current_layoutgen,deliverables/sram_layoutgen_standalone/build/semantic_addr_q_4x32/sram_4x32_wpr2_fd45.sp,E:\njust\keyan\SRAM Compiler_V2\OpenRAM-stable\deliverables\sram_layoutgen_standalone\build\semantic_addr_q_4x32\sram_4x32_wpr2_fd45.sp,.sp,17329,5
current_layoutgen,deliverables/sram_layoutgen_standalone/build/semantic_control_dff_4x32/sram_4x32_wpr2_fd45.sp,E:\njust\keyan\SRAM Compiler_V2\OpenRAM-stable\deliverables\sram_layoutgen_standalone\build\semantic_control_dff_4x32\sram_4x32_wpr2_fd45.sp,.sp,17329,5
current_layoutgen,deliverables/sram_layoutgen_standalone/build/semantic_reloc_4x32/sram_4x32_wpr2_fd45.sp,E:\njust\keyan\SRAM Compiler_V2\OpenRAM-stable\deliverables\sram_layoutgen_standalone\build\semantic_reloc_4x32\sram_4x32_wpr2_fd45.sp,.sp,17329,5
current_layoutgen,deliverables/sram_layoutgen_standalone/build/semantic_reloc_apply_4x32/sram_4x32_wpr2_fd45.sp,E:\njust\keyan\SRAM Compiler_V2\OpenRAM-stable\deliverables\sram_layoutgen_standalone\build\semantic_reloc_apply_4x32\sram_4x32_wpr2_fd45.sp,.sp,17329,5
current_layoutgen,deliverables/sram_layoutgen_standalone/build/semantic_sweep/4x32_wpr1/sram_4x32_wpr1_fd45.sp,E:\njust\keyan\SRAM Compiler_V2\OpenRAM-stable\deliverables\sram_layoutgen_standalone\build\semantic_sweep\4x32_wpr1\sram_4x32_wpr1_fd45.sp,.sp,21849,5
current_layoutgen,deliverables/sram_layoutgen_standalone/build/semantic_sweep/4x32_wpr2/sram_4x32_wpr2_fd45.sp,E:\njust\keyan\SRAM Compiler_V2\OpenRAM-stable\deliverables\sram_layoutgen_standalone\build\semantic_sweep\4x32_wpr2\sram_4x32_wpr2_fd45.sp,.sp,17291,5
current_layoutgen,deliverables/sram_layoutgen_standalone/build/semantic_sweep/8x64_wpr4/sram_8x64_wpr4_fd45.sp,E:\njust\keyan\SRAM Compiler_V2\OpenRAM-stable\deliverables\sram_layoutgen_standalone\build\semantic_sweep\8x64_wpr4\sram_8x64_wpr4_fd45.sp,.sp,40926,5
current_layoutgen,deliverables/sram_layoutgen_standalone/build/smoke_signoff_4x32_contiguous_rbl/sram_4x32_wpr2_fd45.extracted.sp,E:\njust\keyan\SRAM Compiler_V2\OpenRAM-stable\deliverables\sram_layoutgen_standalone\build\smoke_signoff_4x32_contiguous_rbl\sram_4x32_wpr2_fd45.extracted.sp,.sp,31106,5
current_layoutgen,deliverables/sram_layoutgen_standalone/build/smoke_signoff_4x32_contiguous_rbl/sram_4x32_wpr2_fd45.sp,E:\njust\keyan\SRAM Compiler_V2\OpenRAM-stable\deliverables\sram_layoutgen_standalone\build\smoke_signoff_4x32_contiguous_rbl\sram_4x32_wpr2_fd45.sp,.sp,17329,5
current_layoutgen,deliverables/sram_layoutgen_standalone/build/smoke_signoff_4x32_exact_array_gap0475/sram_4x32_wpr2_fd45.extracted.sp,E:\njust\keyan\SRAM Compiler_V2\OpenRAM-stable\deliverables\sram_layoutgen_standalone\build\smoke_signoff_4x32_exact_array_gap0475\sram_4x32_wpr2_fd45.extracted.sp,.sp,31189,5
current_layoutgen,deliverables/sram_layoutgen_standalone/build/smoke_signoff_4x32_exact_array_gap0475/sram_4x32_wpr2_fd45.sp,E:\njust\keyan\SRAM Compiler_V2\OpenRAM-stable\deliverables\sram_layoutgen_standalone\build\smoke_signoff_4x32_exact_array_gap0475\sram_4x32_wpr2_fd45.sp,.sp,17329,5
current_layoutgen,deliverables/sram_layoutgen_standalone/build/smoke_signoff_4x32_exact_array_stackmargin/sram_4x32_wpr2_fd45.extracted.sp,E:\njust\keyan\SRAM Compiler_V2\OpenRAM-stable\deliverables\sram_layoutgen_standalone\build\smoke_signoff_4x32_exact_array_stackmargin\sram_4x32_wpr2_fd45.extracted.sp,.sp,30931,5
current_layoutgen,deliverables/sram_layoutgen_standalone/build/smoke_signoff_4x32_exact_array_stackmargin/sram_4x32_wpr2_fd45.sp,E:\njust\keyan\SRAM Compiler_V2\OpenRAM-stable\deliverables\sram_layoutgen_standalone\build\smoke_signoff_4x32_exact_array_stackmargin\sram_4x32_wpr2_fd45.sp,.sp,17329,5
current_layoutgen,deliverables/sram_layoutgen_standalone/build/smoke_signoff_8x64_wpr4_contiguous_rbl/sram_8x64_wpr4_fd45.extracted.sp,E:\njust\keyan\SRAM Compiler_V2\OpenRAM-stable\deliverables\sram_layoutgen_standalone\build\smoke_signoff_8x64_wpr4_contiguous_rbl\sram_8x64_wpr4_fd45.extracted.sp,.sp,60779,5
current_layoutgen,deliverables/sram_layoutgen_standalone/build/smoke_signoff_8x64_wpr4_contiguous_rbl/sram_8x64_wpr4_fd45.sp,E:\njust\keyan\SRAM Compiler_V2\OpenRAM-stable\deliverables\sram_layoutgen_standalone\build\smoke_signoff_8x64_wpr4_contiguous_rbl\sram_8x64_wpr4_fd45.sp,.sp,40901,5
current_layoutgen,deliverables/sram_layoutgen_standalone/build/smoke_signoff_8x64_wpr4_exact_array_gap0475/sram_8x64_wpr4_fd45.extracted.sp,E:\njust\keyan\SRAM Compiler_V2\OpenRAM-stable\deliverables\sram_layoutgen_standalone\build\smoke_signoff_8x64_wpr4_exact_array_gap0475\sram_8x64_wpr4_fd45.extracted.sp,.sp,61085,5
current_layoutgen,deliverables/sram_layoutgen_standalone/build/smoke_signoff_8x64_wpr4_exact_array_gap0475/sram_8x64_wpr4_fd45.sp,E:\njust\keyan\SRAM Compiler_V2\OpenRAM-stable\deliverables\sram_layoutgen_standalone\build\smoke_signoff_8x64_wpr4_exact_array_gap0475\sram_8x64_wpr4_fd45.sp,.sp,40901,5
current_layoutgen,deliverables/sram_layoutgen_standalone/build/smoke_signoff_8x64_wpr4_exact_array_stackmargin/sram_8x64_wpr4_fd45.extracted.sp,E:\njust\keyan\SRAM Compiler_V2\OpenRAM-stable\deliverables\sram_layoutgen_standalone\build\smoke_signoff_8x64_wpr4_exact_array_stackmargin\sram_8x64_wpr4_fd45.extracted.sp,.sp,60388,5
current_layoutgen,deliverables/sram_layoutgen_standalone/build/smoke_signoff_8x64_wpr4_exact_array_stackmargin/sram_8x64_wpr4_fd45.sp,E:\njust\keyan\SRAM Compiler_V2\OpenRAM-stable\deliverables\sram_layoutgen_standalone\build\smoke_signoff_8x64_wpr4_exact_array_stackmargin\sram_8x64_wpr4_fd45.sp,.sp,40901,5
current_layoutgen,deliverables/sram_layoutgen_standalone/build/strict_pinlanding_probe_4x32/sram_4x32_wpr2_fd45.sp,E:\njust\keyan\SRAM Compiler_V2\OpenRAM-stable\deliverables\sram_layoutgen_standalone\build\strict_pinlanding_probe_4x32\sram_4x32_wpr2_fd45.sp,.sp,17329,5
current_layoutgen,deliverables/sram_layoutgen_standalone/build/strict_placement_probe_4x32/sram_4x32_wpr2_fd45.sp,E:\njust\keyan\SRAM Compiler_V2\OpenRAM-stable\deliverables\sram_layoutgen_standalone\build\strict_placement_probe_4x32\sram_4x32_wpr2_fd45.sp,.sp,17329,5
current_layoutgen,deliverables/sram_layoutgen_standalone/build/strict_placement_probe_4x32_b/sram_4x32_wpr2_fd45.sp,E:\njust\keyan\SRAM Compiler_V2\OpenRAM-stable\deliverables\sram_layoutgen_standalone\build\strict_placement_probe_4x32_b\sram_4x32_wpr2_fd45.sp,.sp,17329,5
current_layoutgen,deliverables/sram_layoutgen_standalone/build/strict_source_probe_4x32/sram_4x32_wpr2_fd45.sp,E:\njust\keyan\SRAM Compiler_V2\OpenRAM-stable\deliverables\sram_layoutgen_standalone\build\strict_source_probe_4x32\sram_4x32_wpr2_fd45.sp,.sp,17329,5
current_layoutgen,deliverables/sram_layoutgen_standalone/build/two_zone_floorplan_compaction_16x32/sram_16x32_wpr2_fd45.sp,E:\njust\keyan\SRAM Compiler_V2\OpenRAM-stable\deliverables\sram_layoutgen_standalone\build\two_zone_floorplan_compaction_16x32\sram_16x32_wpr2_fd45.sp,.sp,42741,5
current_layoutgen,deliverables/sram_layoutgen_standalone/build/two_zone_floorplan_compaction_4x32/sram_4x32_wpr2_fd45.sp,E:\njust\keyan\SRAM Compiler_V2\OpenRAM-stable\deliverables\sram_layoutgen_standalone\build\two_zone_floorplan_compaction_4x32\sram_4x32_wpr2_fd45.sp,.sp,17291,5
current_layoutgen,deliverables/sram_layoutgen_standalone/build/two_zone_floorplan_compaction_sweep/4x32_wpr1/sram_4x32_wpr1_fd45.sp,E:\njust\keyan\SRAM Compiler_V2\OpenRAM-stable\deliverables\sram_layoutgen_standalone\build\two_zone_floorplan_compaction_sweep\4x32_wpr1\sram_4x32_wpr1_fd45.sp,.sp,21849,5
current_layoutgen,deliverables/sram_layoutgen_standalone/build/two_zone_floorplan_compaction_sweep/4x32_wpr2/sram_4x32_wpr2_fd45.sp,E:\njust\keyan\SRAM Compiler_V2\OpenRAM-stable\deliverables\sram_layoutgen_standalone\build\two_zone_floorplan_compaction_sweep\4x32_wpr2\sram_4x32_wpr2_fd45.sp,.sp,17291,5
current_layoutgen,deliverables/sram_layoutgen_standalone/build/two_zone_floorplan_compaction_sweep/8x64_wpr4/sram_8x64_wpr4_fd45.sp,E:\njust\keyan\SRAM Compiler_V2\OpenRAM-stable\deliverables\sram_layoutgen_standalone\build\two_zone_floorplan_compaction_sweep\8x64_wpr4\sram_8x64_wpr4_fd45.sp,.sp,40926,5
current_layoutgen,deliverables/sram_layoutgen_standalone/deliverables/sram_layoutgen_standalone/build/peripheral_array_power_4x32/sram_4x32_wpr2_fd45.sp,E:\njust\keyan\SRAM Compiler_V2\OpenRAM-stable\deliverables\sram_layoutgen_standalone\deliverables\sram_layoutgen_standalone\build\peripheral_array_power_4x32\sram_4x32_wpr2_fd45.sp,.sp,17291,5
current_layoutgen,deliverables/sram_layoutgen_standalone/build/latest_4x32_wpr2_bricklib/sram_4x32_wpr2_fd45.sp,E:\njust\keyan\SRAM Compiler_V2\OpenRAM-stable\deliverables\sram_layoutgen_standalone\build\latest_4x32_wpr2_bricklib\sram_4x32_wpr2_fd45.sp,.sp,17594,4
current_layoutgen,deliverables/sram_layoutgen_standalone/build/latest_4x32_wpr2_control_keepout/sram_4x32_wpr2_fd45.sp,E:\njust\keyan\SRAM Compiler_V2\OpenRAM-stable\deliverables\sram_layoutgen_standalone\build\latest_4x32_wpr2_control_keepout\sram_4x32_wpr2_fd45.sp,.sp,17594,4
current_layoutgen,deliverables/sram_layoutgen_standalone/build/latest_4x32_wpr2_dynamic_bbox/sram_4x32_wpr2_fd45.sp,E:\njust\keyan\SRAM Compiler_V2\OpenRAM-stable\deliverables\sram_layoutgen_standalone\build\latest_4x32_wpr2_dynamic_bbox\sram_4x32_wpr2_fd45.sp,.sp,17594,4
current_layoutgen,deliverables/sram_layoutgen_standalone/build/latest_4x32_wpr2_dynamic_bbox_pitchcheck/sram_4x32_wpr2_fd45.sp,E:\njust\keyan\SRAM Compiler_V2\OpenRAM-stable\deliverables\sram_layoutgen_standalone\build\latest_4x32_wpr2_dynamic_bbox_pitchcheck\sram_4x32_wpr2_fd45.sp,.sp,17594,4
current_layoutgen,deliverables/sram_layoutgen_standalone/build/latest_4x32_wpr2_dynamic_bbox_viasnap/sram_4x32_wpr2_fd45.sp,E:\njust\keyan\SRAM Compiler_V2\OpenRAM-stable\deliverables\sram_layoutgen_standalone\build\latest_4x32_wpr2_dynamic_bbox_viasnap\sram_4x32_wpr2_fd45.sp,.sp,17594,4
current_layoutgen,deliverables/sram_layoutgen_standalone/build/latest_4x32_wpr2_geometry_clean/sram_4x32_wpr2_fd45.sp,E:\njust\keyan\SRAM Compiler_V2\OpenRAM-stable\deliverables\sram_layoutgen_standalone\build\latest_4x32_wpr2_geometry_clean\sram_4x32_wpr2_fd45.sp,.sp,17594,4
current_layoutgen,deliverables/sram_layoutgen_standalone/build/latest_4x32_wpr2_pinlanding/sram_4x32_wpr2_fd45.sp,E:\njust\keyan\SRAM Compiler_V2\OpenRAM-stable\deliverables\sram_layoutgen_standalone\build\latest_4x32_wpr2_pinlanding\sram_4x32_wpr2_fd45.sp,.sp,17594,4
current_layoutgen,deliverables/sram_layoutgen_standalone/build/latest_4x32_wpr2_pinlanding_clean/sram_4x32_wpr2_fd45.sp,E:\njust\keyan\SRAM Compiler_V2\OpenRAM-stable\deliverables\sram_layoutgen_standalone\build\latest_4x32_wpr2_pinlanding_clean\sram_4x32_wpr2_fd45.sp,.sp,17594,4
current_layoutgen,deliverables/sram_layoutgen_standalone/build/latest_4x32_wpr2_view_split/sram_4x32_wpr2_fd45.sp,E:\njust\keyan\SRAM Compiler_V2\OpenRAM-stable\deliverables\sram_layoutgen_standalone\build\latest_4x32_wpr2_view_split\sram_4x32_wpr2_fd45.sp,.sp,17594,4
openram,build/light_benchmarks_small/2x16/openram_control/sram_2x16_b1_wpr1_openram_control_freepdk45.sp,E:\njust\keyan\SRAM Compiler_V2\OpenRAM-stable\build\light_benchmarks_small\2x16\openram_control\sram_2x16_b1_wpr1_openram_control_freepdk45.sp,.sp,50292,17
openram,build/light_benchmarks_small/2x16/openram_delay/sram_2x16_b1_wpr1_openram_delay_freepdk45.sp,E:\njust\keyan\SRAM Compiler_V2\OpenRAM-stable\build\light_benchmarks_small\2x16\openram_delay\sram_2x16_b1_wpr1_openram_delay_freepdk45.sp,.sp,55841,17
openram,build/openram_gds_only_2x16/openram_sram_2x16_1rw_freepdk45.sp,E:\njust\keyan\SRAM Compiler_V2\OpenRAM-stable\build\openram_gds_only_2x16\openram_sram_2x16_1rw_freepdk45.sp,.sp,52617,17
openram,build/openram_hardcell_2x16/openram_sram_2x16_1rw_freepdk45.sp,E:\njust\keyan\SRAM Compiler_V2\OpenRAM-stable\build\openram_hardcell_2x16\openram_sram_2x16_1rw_freepdk45.sp,.sp,47244,17
openram,build/openram_hardcell_opt_2x16_no_perim/openram_sram_2x16_b1_wpr1_control_logic_freepdk45/openram_sram_2x16_b1_wpr1_control_logic_freepdk45.sp,E:\njust\keyan\SRAM Compiler_V2\OpenRAM-stable\build\openram_hardcell_opt_2x16_no_perim\openram_sram_2x16_b1_wpr1_control_logic_freepdk45\openram_sram_2x16_b1_wpr1_control_logic_freepdk45.sp,.sp,51816,17
openram,build/openram_opt_2x16/openram_sram_2x16_b1_wpr1_freepdk45/openram_sram_2x16_b1_wpr1_freepdk45.sp,E:\njust\keyan\SRAM Compiler_V2\OpenRAM-stable\build\openram_opt_2x16\openram_sram_2x16_b1_wpr1_freepdk45\openram_sram_2x16_b1_wpr1_freepdk45.sp,.sp,54061,17
openram,build/verify_optimizer_overlap_gate_2x16/openram_sram_2x16_b1_wpr1_control_logic_freepdk45/openram_sram_2x16_b1_wpr1_control_logic_freepdk45.sp,E:\njust\keyan\SRAM Compiler_V2\OpenRAM-stable\build\verify_optimizer_overlap_gate_2x16\openram_sram_2x16_b1_wpr1_control_logic_freepdk45\openram_sram_2x16_b1_wpr1_control_logic_freepdk45.sp,.sp,51816,17
openram,build/light_benchmarks_small/4x32/openram_control/sram_4x32_b1_wpr2_openram_control_freepdk45.sp,E:\njust\keyan\SRAM Compiler_V2\OpenRAM-stable\build\light_benchmarks_small\4x32\openram_control\sram_4x32_b1_wpr2_openram_control_freepdk45.sp,.sp,66489,14
openram,build/light_benchmarks_small/4x32/openram_delay/sram_4x32_b1_wpr2_openram_delay_freepdk45.sp,E:\njust\keyan\SRAM Compiler_V2\OpenRAM-stable\build\light_benchmarks_small\4x32\openram_delay\sram_4x32_b1_wpr2_openram_delay_freepdk45.sp,.sp,71372,14
openram,build/light_benchmarks_small/8x64/openram_control/sram_8x64_b1_wpr4_openram_control_freepdk45.sp,E:\njust\keyan\SRAM Compiler_V2\OpenRAM-stable\build\light_benchmarks_small\8x64\openram_control\sram_8x64_b1_wpr4_openram_control_freepdk45.sp,.sp,117039,14
openram,build/light_benchmarks_small/8x64/openram_delay/sram_8x64_b1_wpr4_openram_delay_freepdk45.sp,E:\njust\keyan\SRAM Compiler_V2\OpenRAM-stable\build\light_benchmarks_small\8x64\openram_delay\sram_8x64_b1_wpr4_openram_delay_freepdk45.sp,.sp,118321,14
openram,build/openram_combo_compact_pt_8x64_delay/openram_sram_8x64_b1_wpr1_control_logic_delay_compact_dc12_ptcompact_freepdk45/openram_sram_8x64_b1_wpr1_control_logic_delay_compact_dc12_ptcompact_freepdk45.sp,E:\njust\keyan\SRAM Compiler_V2\OpenRAM-stable\build\openram_combo_compact_pt_8x64_delay\openram_sram_8x64_b1_wpr1_control_logic_delay_compact_dc12_ptcompact_freepdk45\openram_sram_8x64_b1_wpr1_control_logic_delay_compact_dc12_ptcompact_freepdk45.sp,.sp,142511,14
openram,build/openram_combo_compact_pt_8x64_delay/openram_sram_8x64_b1_wpr1_control_logic_delay_compact_dc16_ptcompact_freepdk45/openram_sram_8x64_b1_wpr1_control_logic_delay_compact_dc16_ptcompact_freepdk45.sp,E:\njust\keyan\SRAM Compiler_V2\OpenRAM-stable\build\openram_combo_compact_pt_8x64_delay\openram_sram_8x64_b1_wpr1_control_logic_delay_compact_dc16_ptcompact_freepdk45\openram_sram_8x64_b1_wpr1_control_logic_delay_compact_dc16_ptcompact_freepdk45.sp,.sp,142511,14
openram,build/openram_combo_compact_pt_8x64_delay/openram_sram_8x64_b1_wpr1_control_logic_delay_compact_dc8_ptcompact_freepdk45/openram_sram_8x64_b1_wpr1_control_logic_delay_compact_dc8_ptcompact_freepdk45.sp,E:\njust\keyan\SRAM Compiler_V2\OpenRAM-stable\build\openram_combo_compact_pt_8x64_delay\openram_sram_8x64_b1_wpr1_control_logic_delay_compact_dc8_ptcompact_freepdk45\openram_sram_8x64_b1_wpr1_control_logic_delay_compact_dc8_ptcompact_freepdk45.sp,.sp,142032,14
openram,build/openram_combo_compact_pt_8x64_delay/openram_sram_8x64_b1_wpr2_control_logic_delay_compact_dc12_ptcompact_freepdk45/openram_sram_8x64_b1_wpr2_control_logic_delay_compact_dc12_ptcompact_freepdk45.sp,E:\njust\keyan\SRAM Compiler_V2\OpenRAM-stable\build\openram_combo_compact_pt_8x64_delay\openram_sram_8x64_b1_wpr2_control_logic_delay_compact_dc12_ptcompact_freepdk45\openram_sram_8x64_b1_wpr2_control_logic_delay_compact_dc12_ptcompact_freepdk45.sp,.sp,134156,14
openram,build/openram_combo_compact_pt_8x64_delay/openram_sram_8x64_b1_wpr2_control_logic_delay_compact_dc16_ptcompact_freepdk45/openram_sram_8x64_b1_wpr2_control_logic_delay_compact_dc16_ptcompact_freepdk45.sp,E:\njust\keyan\SRAM Compiler_V2\OpenRAM-stable\build\openram_combo_compact_pt_8x64_delay\openram_sram_8x64_b1_wpr2_control_logic_delay_compact_dc16_ptcompact_freepdk45\openram_sram_8x64_b1_wpr2_control_logic_delay_compact_dc16_ptcompact_freepdk45.sp,.sp,134156,14
openram,build/openram_combo_compact_pt_8x64_delay/openram_sram_8x64_b1_wpr2_control_logic_delay_compact_dc8_ptcompact_freepdk45/openram_sram_8x64_b1_wpr2_control_logic_delay_compact_dc8_ptcompact_freepdk45.sp,E:\njust\keyan\SRAM Compiler_V2\OpenRAM-stable\build\openram_combo_compact_pt_8x64_delay\openram_sram_8x64_b1_wpr2_control_logic_delay_compact_dc8_ptcompact_freepdk45\openram_sram_8x64_b1_wpr2_control_logic_delay_compact_dc8_ptcompact_freepdk45.sp,.sp,133685,14
openram,build/openram_combo_compact_pt_8x64_delay/openram_sram_8x64_b1_wpr4_control_logic_delay_compact_dc12_ptcompact_freepdk45/openram_sram_8x64_b1_wpr4_control_logic_delay_compact_dc12_ptcompact_freepdk45.sp,E:\njust\keyan\SRAM Compiler_V2\OpenRAM-stable\build\openram_combo_compact_pt_8x64_delay\openram_sram_8x64_b1_wpr4_control_logic_delay_compact_dc12_ptcompact_freepdk45\openram_sram_8x64_b1_wpr4_control_logic_delay_compact_dc12_ptcompact_freepdk45.sp,.sp,135267,14
openram,build/openram_combo_compact_pt_8x64_delay/openram_sram_8x64_b1_wpr4_control_logic_delay_compact_dc16_ptcompact_freepdk45/openram_sram_8x64_b1_wpr4_control_logic_delay_compact_dc16_ptcompact_freepdk45.sp,E:\njust\keyan\SRAM Compiler_V2\OpenRAM-stable\build\openram_combo_compact_pt_8x64_delay\openram_sram_8x64_b1_wpr4_control_logic_delay_compact_dc16_ptcompact_freepdk45\openram_sram_8x64_b1_wpr4_control_logic_delay_compact_dc16_ptcompact_freepdk45.sp,.sp,135267,14
openram,build/openram_combo_compact_pt_8x64_delay/openram_sram_8x64_b1_wpr4_control_logic_delay_compact_dc8_ptcompact_freepdk45/openram_sram_8x64_b1_wpr4_control_logic_delay_compact_dc8_ptcompact_freepdk45.sp,E:\njust\keyan\SRAM Compiler_V2\OpenRAM-stable\build\openram_combo_compact_pt_8x64_delay\openram_sram_8x64_b1_wpr4_control_logic_delay_compact_dc8_ptcompact_freepdk45\openram_sram_8x64_b1_wpr4_control_logic_delay_compact_dc8_ptcompact_freepdk45.sp,.sp,134809,14
openram,build/openram_combo_compact_pt_8x64_delay_perim/openram_sram_8x64_b1_wpr1_control_logic_delay_compact_dc12_ptcompact_freepdk45/openram_sram_8x64_b1_wpr1_control_logic_delay_compact_dc12_ptcompact_freepdk45.sp,E:\njust\keyan\SRAM Compiler_V2\OpenRAM-stable\build\openram_combo_compact_pt_8x64_delay_perim\openram_sram_8x64_b1_wpr1_control_logic_delay_compact_dc12_ptcompact_freepdk45\openram_sram_8x64_b1_wpr1_control_logic_delay_compact_dc12_ptcompact_freepdk45.sp,.sp,142511,14
openram,build/openram_combo_compact_pt_8x64_delay_perim/openram_sram_8x64_b1_wpr1_control_logic_delay_compact_dc16_ptcompact_freepdk45/openram_sram_8x64_b1_wpr1_control_logic_delay_compact_dc16_ptcompact_freepdk45.sp,E:\njust\keyan\SRAM Compiler_V2\OpenRAM-stable\build\openram_combo_compact_pt_8x64_delay_perim\openram_sram_8x64_b1_wpr1_control_logic_delay_compact_dc16_ptcompact_freepdk45\openram_sram_8x64_b1_wpr1_control_logic_delay_compact_dc16_ptcompact_freepdk45.sp,.sp,142511,14
openram,build/openram_combo_compact_pt_8x64_delay_perim/openram_sram_8x64_b1_wpr1_control_logic_delay_compact_dc8_ptcompact_freepdk45/openram_sram_8x64_b1_wpr1_control_logic_delay_compact_dc8_ptcompact_freepdk45.sp,E:\njust\keyan\SRAM Compiler_V2\OpenRAM-stable\build\openram_combo_compact_pt_8x64_delay_perim\openram_sram_8x64_b1_wpr1_control_logic_delay_compact_dc8_ptcompact_freepdk45\openram_sram_8x64_b1_wpr1_control_logic_delay_compact_dc8_ptcompact_freepdk45.sp,.sp,142032,14
openram,build/openram_combo_compact_pt_8x64_delay_perim/openram_sram_8x64_b1_wpr2_control_logic_delay_compact_dc12_ptcompact_freepdk45/openram_sram_8x64_b1_wpr2_control_logic_delay_compact_dc12_ptcompact_freepdk45.sp,E:\njust\keyan\SRAM Compiler_V2\OpenRAM-stable\build\openram_combo_compact_pt_8x64_delay_perim\openram_sram_8x64_b1_wpr2_control_logic_delay_compact_dc12_ptcompact_freepdk45\openram_sram_8x64_b1_wpr2_control_logic_delay_compact_dc12_ptcompact_freepdk45.sp,.sp,134156,14
openram,build/openram_combo_compact_pt_8x64_delay_perim/openram_sram_8x64_b1_wpr2_control_logic_delay_compact_dc16_ptcompact_freepdk45/openram_sram_8x64_b1_wpr2_control_logic_delay_compact_dc16_ptcompact_freepdk45.sp,E:\njust\keyan\SRAM Compiler_V2\OpenRAM-stable\build\openram_combo_compact_pt_8x64_delay_perim\openram_sram_8x64_b1_wpr2_control_logic_delay_compact_dc16_ptcompact_freepdk45\openram_sram_8x64_b1_wpr2_control_logic_delay_compact_dc16_ptcompact_freepdk45.sp,.sp,134156,14
openram,build/openram_combo_compact_pt_8x64_delay_perim/openram_sram_8x64_b1_wpr2_control_logic_delay_compact_dc8_ptcompact_freepdk45/openram_sram_8x64_b1_wpr2_control_logic_delay_compact_dc8_ptcompact_freepdk45.sp,E:\njust\keyan\SRAM Compiler_V2\OpenRAM-stable\build\openram_combo_compact_pt_8x64_delay_perim\openram_sram_8x64_b1_wpr2_control_logic_delay_compact_dc8_ptcompact_freepdk45\openram_sram_8x64_b1_wpr2_control_logic_delay_compact_dc8_ptcompact_freepdk45.sp,.sp,133685,14
openram,build/openram_combo_compact_pt_8x64_delay_perim/openram_sram_8x64_b1_wpr4_control_logic_delay_compact_dc12_ptcompact_freepdk45/openram_sram_8x64_b1_wpr4_control_logic_delay_compact_dc12_ptcompact_freepdk45.sp,E:\njust\keyan\SRAM Compiler_V2\OpenRAM-stable\build\openram_combo_compact_pt_8x64_delay_perim\openram_sram_8x64_b1_wpr4_control_logic_delay_compact_dc12_ptcompact_freepdk45\openram_sram_8x64_b1_wpr4_control_logic_delay_compact_dc12_ptcompact_freepdk45.sp,.sp,135267,14
openram,build/openram_combo_compact_pt_8x64_delay_perim/openram_sram_8x64_b1_wpr4_control_logic_delay_compact_dc16_ptcompact_freepdk45/openram_sram_8x64_b1_wpr4_control_logic_delay_compact_dc16_ptcompact_freepdk45.sp,E:\njust\keyan\SRAM Compiler_V2\OpenRAM-stable\build\openram_combo_compact_pt_8x64_delay_perim\openram_sram_8x64_b1_wpr4_control_logic_delay_compact_dc16_ptcompact_freepdk45\openram_sram_8x64_b1_wpr4_control_logic_delay_compact_dc16_ptcompact_freepdk45.sp,.sp,135267,14
openram,build/openram_compact_search_8x64_control/openram_sram_8x64_b1_wpr1_control_logic_compact_freepdk45/openram_sram_8x64_b1_wpr1_control_logic_compact_freepdk45.sp,E:\njust\keyan\SRAM Compiler_V2\OpenRAM-stable\build\openram_compact_search_8x64_control\openram_sram_8x64_b1_wpr1_control_logic_compact_freepdk45\openram_sram_8x64_b1_wpr1_control_logic_compact_freepdk45.sp,.sp,129801,14
openram,build/openram_compact_search_8x64_control/openram_sram_8x64_b1_wpr2_control_logic_compact_freepdk45/openram_sram_8x64_b1_wpr2_control_logic_compact_freepdk45.sp,E:\njust\keyan\SRAM Compiler_V2\OpenRAM-stable\build\openram_compact_search_8x64_control\openram_sram_8x64_b1_wpr2_control_logic_compact_freepdk45\openram_sram_8x64_b1_wpr2_control_logic_compact_freepdk45.sp,.sp,119653,14
openram,build/openram_compact_search_8x64_control/openram_sram_8x64_b1_wpr4_control_logic_compact_freepdk45/openram_sram_8x64_b1_wpr4_control_logic_compact_freepdk45.sp,E:\njust\keyan\SRAM Compiler_V2\OpenRAM-stable\build\openram_compact_search_8x64_control\openram_sram_8x64_b1_wpr4_control_logic_compact_freepdk45\openram_sram_8x64_b1_wpr4_control_logic_compact_freepdk45.sp,.sp,121981,14
openram,build/openram_compact_search_8x64_delay/openram_sram_8x64_b1_wpr1_control_logic_delay_compact_dc12_freepdk45/openram_sram_8x64_b1_wpr1_control_logic_delay_compact_dc12_freepdk45.sp,E:\njust\keyan\SRAM Compiler_V2\OpenRAM-stable\build\openram_compact_search_8x64_delay\openram_sram_8x64_b1_wpr1_control_logic_delay_compact_dc12_freepdk45\openram_sram_8x64_b1_wpr1_control_logic_delay_compact_dc12_freepdk45.sp,.sp,137721,14
openram,build/openram_compact_search_8x64_delay/openram_sram_8x64_b1_wpr1_control_logic_delay_compact_dc16_freepdk45/openram_sram_8x64_b1_wpr1_control_logic_delay_compact_dc16_freepdk45.sp,E:\njust\keyan\SRAM Compiler_V2\OpenRAM-stable\build\openram_compact_search_8x64_delay\openram_sram_8x64_b1_wpr1_control_logic_delay_compact_dc16_freepdk45\openram_sram_8x64_b1_wpr1_control_logic_delay_compact_dc16_freepdk45.sp,.sp,137721,14
openram,build/openram_compact_search_8x64_delay/openram_sram_8x64_b1_wpr1_control_logic_delay_compact_dc8_freepdk45/openram_sram_8x64_b1_wpr1_control_logic_delay_compact_dc8_freepdk45.sp,E:\njust\keyan\SRAM Compiler_V2\OpenRAM-stable\build\openram_compact_search_8x64_delay\openram_sram_8x64_b1_wpr1_control_logic_delay_compact_dc8_freepdk45\openram_sram_8x64_b1_wpr1_control_logic_delay_compact_dc8_freepdk45.sp,.sp,137242,14
openram,build/openram_compact_search_8x64_delay/openram_sram_8x64_b1_wpr1_control_logic_delay_compact_freepdk45/openram_sram_8x64_b1_wpr1_control_logic_delay_compact_freepdk45.sp,E:\njust\keyan\SRAM Compiler_V2\OpenRAM-stable\build\openram_compact_search_8x64_delay\openram_sram_8x64_b1_wpr1_control_logic_delay_compact_freepdk45\openram_sram_8x64_b1_wpr1_control_logic_delay_compact_freepdk45.sp,.sp,135326,14
openram,build/openram_compact_search_8x64_delay/openram_sram_8x64_b1_wpr2_control_logic_delay_compact_dc12_freepdk45/openram_sram_8x64_b1_wpr2_control_logic_delay_compact_dc12_freepdk45.sp,E:\njust\keyan\SRAM Compiler_V2\OpenRAM-stable\build\openram_compact_search_8x64_delay\openram_sram_8x64_b1_wpr2_control_logic_delay_compact_dc12_freepdk45\openram_sram_8x64_b1_wpr2_control_logic_delay_compact_dc12_freepdk45.sp,.sp,129446,14
openram,build/openram_compact_search_8x64_delay/openram_sram_8x64_b1_wpr2_control_logic_delay_compact_dc16_freepdk45/openram_sram_8x64_b1_wpr2_control_logic_delay_compact_dc16_freepdk45.sp,E:\njust\keyan\SRAM Compiler_V2\OpenRAM-stable\build\openram_compact_search_8x64_delay\openram_sram_8x64_b1_wpr2_control_logic_delay_compact_dc16_freepdk45\openram_sram_8x64_b1_wpr2_control_logic_delay_compact_dc16_freepdk45.sp,.sp,129446,14
openram,build/openram_compact_search_8x64_delay/openram_sram_8x64_b1_wpr2_control_logic_delay_compact_dc8_freepdk45/openram_sram_8x64_b1_wpr2_control_logic_delay_compact_dc8_freepdk45.sp,E:\njust\keyan\SRAM Compiler_V2\OpenRAM-stable\build\openram_compact_search_8x64_delay\openram_sram_8x64_b1_wpr2_control_logic_delay_compact_dc8_freepdk45\openram_sram_8x64_b1_wpr2_control_logic_delay_compact_dc8_freepdk45.sp,.sp,128975,14
openram,build/openram_compact_search_8x64_delay/openram_sram_8x64_b1_wpr2_control_logic_delay_compact_freepdk45/openram_sram_8x64_b1_wpr2_control_logic_delay_compact_freepdk45.sp,E:\njust\keyan\SRAM Compiler_V2\OpenRAM-stable\build\openram_compact_search_8x64_delay\openram_sram_8x64_b1_wpr2_control_logic_delay_compact_freepdk45\openram_sram_8x64_b1_wpr2_control_logic_delay_compact_freepdk45.sp,.sp,127091,14
openram,build/openram_compact_search_8x64_delay/openram_sram_8x64_b1_wpr4_control_logic_delay_compact_dc12_freepdk45/openram_sram_8x64_b1_wpr4_control_logic_delay_compact_dc12_freepdk45.sp,E:\njust\keyan\SRAM Compiler_V2\OpenRAM-stable\build\openram_compact_search_8x64_delay\openram_sram_8x64_b1_wpr4_control_logic_delay_compact_dc12_freepdk45\openram_sram_8x64_b1_wpr4_control_logic_delay_compact_dc12_freepdk45.sp,.sp,130687,14
openram,build/openram_compact_search_8x64_delay/openram_sram_8x64_b1_wpr4_control_logic_delay_compact_dc16_freepdk45/openram_sram_8x64_b1_wpr4_control_logic_delay_compact_dc16_freepdk45.sp,E:\njust\keyan\SRAM Compiler_V2\OpenRAM-stable\build\openram_compact_search_8x64_delay\openram_sram_8x64_b1_wpr4_control_logic_delay_compact_dc16_freepdk45\openram_sram_8x64_b1_wpr4_control_logic_delay_compact_dc16_freepdk45.sp,.sp,130687,14
openram,build/openram_compact_search_8x64_delay/openram_sram_8x64_b1_wpr4_control_logic_delay_compact_dc8_freepdk45/openram_sram_8x64_b1_wpr4_control_logic_delay_compact_dc8_freepdk45.sp,E:\njust\keyan\SRAM Compiler_V2\OpenRAM-stable\build\openram_compact_search_8x64_delay\openram_sram_8x64_b1_wpr4_control_logic_delay_compact_dc8_freepdk45\openram_sram_8x64_b1_wpr4_control_logic_delay_compact_dc8_freepdk45.sp,.sp,130229,14
openram,build/openram_compact_search_8x64_delay/openram_sram_8x64_b1_wpr4_control_logic_delay_compact_freepdk45/openram_sram_8x64_b1_wpr4_control_logic_delay_compact_freepdk45.sp,E:\njust\keyan\SRAM Compiler_V2\OpenRAM-stable\build\openram_compact_search_8x64_delay\openram_sram_8x64_b1_wpr4_control_logic_delay_compact_freepdk45\openram_sram_8x64_b1_wpr4_control_logic_delay_compact_freepdk45.sp,.sp,128397,14
openram,build/openram_compare_8x64_compact_delay/openram_sram_8x64_b1_wpr1_control_logic_delay_compact_dc12_freepdk45/openram_sram_8x64_b1_wpr1_control_logic_delay_compact_dc12_freepdk45.sp,E:\njust\keyan\SRAM Compiler_V2\OpenRAM-stable\build\openram_compare_8x64_compact_delay\openram_sram_8x64_b1_wpr1_control_logic_delay_compact_dc12_freepdk45\openram_sram_8x64_b1_wpr1_control_logic_delay_compact_dc12_freepdk45.sp,.sp,137721,14
openram,build/openram_compare_8x64_compact_delay/openram_sram_8x64_b1_wpr1_control_logic_delay_compact_dc16_freepdk45/openram_sram_8x64_b1_wpr1_control_logic_delay_compact_dc16_freepdk45.sp,E:\njust\keyan\SRAM Compiler_V2\OpenRAM-stable\build\openram_compare_8x64_compact_delay\openram_sram_8x64_b1_wpr1_control_logic_delay_compact_dc16_freepdk45\openram_sram_8x64_b1_wpr1_control_logic_delay_compact_dc16_freepdk45.sp,.sp,137721,14
openram,build/openram_compare_8x64_compact_delay/openram_sram_8x64_b1_wpr1_control_logic_delay_compact_dc8_freepdk45/openram_sram_8x64_b1_wpr1_control_logic_delay_compact_dc8_freepdk45.sp,E:\njust\keyan\SRAM Compiler_V2\OpenRAM-stable\build\openram_compare_8x64_compact_delay\openram_sram_8x64_b1_wpr1_control_logic_delay_compact_dc8_freepdk45\openram_sram_8x64_b1_wpr1_control_logic_delay_compact_dc8_freepdk45.sp,.sp,137242,14
openram,build/openram_compare_8x64_compact_delay/openram_sram_8x64_b1_wpr1_control_logic_delay_compact_freepdk45/openram_sram_8x64_b1_wpr1_control_logic_delay_compact_freepdk45.sp,E:\njust\keyan\SRAM Compiler_V2\OpenRAM-stable\build\openram_compare_8x64_compact_delay\openram_sram_8x64_b1_wpr1_control_logic_delay_compact_freepdk45\openram_sram_8x64_b1_wpr1_control_logic_delay_compact_freepdk45.sp,.sp,135326,14
openram,build/openram_compare_8x64_compact_delay/openram_sram_8x64_b1_wpr2_control_logic_delay_compact_dc12_freepdk45/openram_sram_8x64_b1_wpr2_control_logic_delay_compact_dc12_freepdk45.sp,E:\njust\keyan\SRAM Compiler_V2\OpenRAM-stable\build\openram_compare_8x64_compact_delay\openram_sram_8x64_b1_wpr2_control_logic_delay_compact_dc12_freepdk45\openram_sram_8x64_b1_wpr2_control_logic_delay_compact_dc12_freepdk45.sp,.sp,129446,14
openram,build/openram_compare_8x64_compact_delay/openram_sram_8x64_b1_wpr2_control_logic_delay_compact_dc16_freepdk45/openram_sram_8x64_b1_wpr2_control_logic_delay_compact_dc16_freepdk45.sp,E:\njust\keyan\SRAM Compiler_V2\OpenRAM-stable\build\openram_compare_8x64_compact_delay\openram_sram_8x64_b1_wpr2_control_logic_delay_compact_dc16_freepdk45\openram_sram_8x64_b1_wpr2_control_logic_delay_compact_dc16_freepdk45.sp,.sp,129446,14
openram,build/openram_compare_8x64_compact_delay/openram_sram_8x64_b1_wpr2_control_logic_delay_compact_dc8_freepdk45/openram_sram_8x64_b1_wpr2_control_logic_delay_compact_dc8_freepdk45.sp,E:\njust\keyan\SRAM Compiler_V2\OpenRAM-stable\build\openram_compare_8x64_compact_delay\openram_sram_8x64_b1_wpr2_control_logic_delay_compact_dc8_freepdk45\openram_sram_8x64_b1_wpr2_control_logic_delay_compact_dc8_freepdk45.sp,.sp,128975,14
openram,build/openram_compare_8x64_compact_delay/openram_sram_8x64_b1_wpr2_control_logic_delay_compact_freepdk45/openram_sram_8x64_b1_wpr2_control_logic_delay_compact_freepdk45.sp,E:\njust\keyan\SRAM Compiler_V2\OpenRAM-stable\build\openram_compare_8x64_compact_delay\openram_sram_8x64_b1_wpr2_control_logic_delay_compact_freepdk45\openram_sram_8x64_b1_wpr2_control_logic_delay_compact_freepdk45.sp,.sp,127091,14
openram,build/openram_compare_8x64_compact_delay/openram_sram_8x64_b1_wpr4_control_logic_delay_compact_dc12_freepdk45/openram_sram_8x64_b1_wpr4_control_logic_delay_compact_dc12_freepdk45.sp,E:\njust\keyan\SRAM Compiler_V2\OpenRAM-stable\build\openram_compare_8x64_compact_delay\openram_sram_8x64_b1_wpr4_control_logic_delay_compact_dc12_freepdk45\openram_sram_8x64_b1_wpr4_control_logic_delay_compact_dc12_freepdk45.sp,.sp,130687,14
openram,build/openram_compare_8x64_compact_delay/openram_sram_8x64_b1_wpr4_control_logic_delay_compact_dc16_freepdk45/openram_sram_8x64_b1_wpr4_control_logic_delay_compact_dc16_freepdk45.sp,E:\njust\keyan\SRAM Compiler_V2\OpenRAM-stable\build\openram_compare_8x64_compact_delay\openram_sram_8x64_b1_wpr4_control_logic_delay_compact_dc16_freepdk45\openram_sram_8x64_b1_wpr4_control_logic_delay_compact_dc16_freepdk45.sp,.sp,130687,14
openram,build/openram_compare_8x64_compact_delay/openram_sram_8x64_b1_wpr4_control_logic_delay_compact_dc8_freepdk45/openram_sram_8x64_b1_wpr4_control_logic_delay_compact_dc8_freepdk45.sp,E:\njust\keyan\SRAM Compiler_V2\OpenRAM-stable\build\openram_compare_8x64_compact_delay\openram_sram_8x64_b1_wpr4_control_logic_delay_compact_dc8_freepdk45\openram_sram_8x64_b1_wpr4_control_logic_delay_compact_dc8_freepdk45.sp,.sp,130229,14
openram,build/openram_compare_8x64_compact_delay/openram_sram_8x64_b1_wpr4_control_logic_delay_compact_freepdk45/openram_sram_8x64_b1_wpr4_control_logic_delay_compact_freepdk45.sp,E:\njust\keyan\SRAM Compiler_V2\OpenRAM-stable\build\openram_compare_8x64_compact_delay\openram_sram_8x64_b1_wpr4_control_logic_delay_compact_freepdk45\openram_sram_8x64_b1_wpr4_control_logic_delay_compact_freepdk45.sp,.sp,128397,14
openram,build/openram_compare_8x64_compact_delay_fixed/openram_sram_8x64_b1_wpr1_control_logic_delay_compact_dc12_freepdk45/openram_sram_8x64_b1_wpr1_control_logic_delay_compact_dc12_freepdk45.sp,E:\njust\keyan\SRAM Compiler_V2\OpenRAM-stable\build\openram_compare_8x64_compact_delay_fixed\openram_sram_8x64_b1_wpr1_control_logic_delay_compact_dc12_freepdk45\openram_sram_8x64_b1_wpr1_control_logic_delay_compact_dc12_freepdk45.sp,.sp,137721,14
openram,build/openram_compare_8x64_compact_delay_fixed/openram_sram_8x64_b1_wpr1_control_logic_delay_compact_dc16_freepdk45/openram_sram_8x64_b1_wpr1_control_logic_delay_compact_dc16_freepdk45.sp,E:\njust\keyan\SRAM Compiler_V2\OpenRAM-stable\build\openram_compare_8x64_compact_delay_fixed\openram_sram_8x64_b1_wpr1_control_logic_delay_compact_dc16_freepdk45\openram_sram_8x64_b1_wpr1_control_logic_delay_compact_dc16_freepdk45.sp,.sp,137721,14
openram,build/openram_compare_8x64_compact_delay_fixed/openram_sram_8x64_b1_wpr1_control_logic_delay_compact_dc8_freepdk45/openram_sram_8x64_b1_wpr1_control_logic_delay_compact_dc8_freepdk45.sp,E:\njust\keyan\SRAM Compiler_V2\OpenRAM-stable\build\openram_compare_8x64_compact_delay_fixed\openram_sram_8x64_b1_wpr1_control_logic_delay_compact_dc8_freepdk45\openram_sram_8x64_b1_wpr1_control_logic_delay_compact_dc8_freepdk45.sp,.sp,137242,14
openram,build/openram_compare_8x64_compact_delay_fixed/openram_sram_8x64_b1_wpr2_control_logic_delay_compact_dc12_freepdk45/openram_sram_8x64_b1_wpr2_control_logic_delay_compact_dc12_freepdk45.sp,E:\njust\keyan\SRAM Compiler_V2\OpenRAM-stable\build\openram_compare_8x64_compact_delay_fixed\openram_sram_8x64_b1_wpr2_control_logic_delay_compact_dc12_freepdk45\openram_sram_8x64_b1_wpr2_control_logic_delay_compact_dc12_freepdk45.sp,.sp,129446,14
openram,build/openram_compare_8x64_compact_delay_fixed/openram_sram_8x64_b1_wpr2_control_logic_delay_compact_dc16_freepdk45/openram_sram_8x64_b1_wpr2_control_logic_delay_compact_dc16_freepdk45.sp,E:\njust\keyan\SRAM Compiler_V2\OpenRAM-stable\build\openram_compare_8x64_compact_delay_fixed\openram_sram_8x64_b1_wpr2_control_logic_delay_compact_dc16_freepdk45\openram_sram_8x64_b1_wpr2_control_logic_delay_compact_dc16_freepdk45.sp,.sp,129446,14
openram,build/openram_compare_8x64_compact_delay_fixed/openram_sram_8x64_b1_wpr2_control_logic_delay_compact_dc8_freepdk45/openram_sram_8x64_b1_wpr2_control_logic_delay_compact_dc8_freepdk45.sp,E:\njust\keyan\SRAM Compiler_V2\OpenRAM-stable\build\openram_compare_8x64_compact_delay_fixed\openram_sram_8x64_b1_wpr2_control_logic_delay_compact_dc8_freepdk45\openram_sram_8x64_b1_wpr2_control_logic_delay_compact_dc8_freepdk45.sp,.sp,128975,14
openram,build/openram_compare_8x64_compact_delay_fixed/openram_sram_8x64_b1_wpr4_control_logic_delay_compact_dc12_freepdk45/openram_sram_8x64_b1_wpr4_control_logic_delay_compact_dc12_freepdk45.sp,E:\njust\keyan\SRAM Compiler_V2\OpenRAM-stable\build\openram_compare_8x64_compact_delay_fixed\openram_sram_8x64_b1_wpr4_control_logic_delay_compact_dc12_freepdk45\openram_sram_8x64_b1_wpr4_control_logic_delay_compact_dc12_freepdk45.sp,.sp,130687,14
openram,build/openram_compare_8x64_compact_delay_fixed/openram_sram_8x64_b1_wpr4_control_logic_delay_compact_dc16_freepdk45/openram_sram_8x64_b1_wpr4_control_logic_delay_compact_dc16_freepdk45.sp,E:\njust\keyan\SRAM Compiler_V2\OpenRAM-stable\build\openram_compare_8x64_compact_delay_fixed\openram_sram_8x64_b1_wpr4_control_logic_delay_compact_dc16_freepdk45\openram_sram_8x64_b1_wpr4_control_logic_delay_compact_dc16_freepdk45.sp,.sp,130687,14
openram,build/openram_compare_8x64_compact_delay_fixed/openram_sram_8x64_b1_wpr4_control_logic_delay_compact_dc8_freepdk45/openram_sram_8x64_b1_wpr4_control_logic_delay_compact_dc8_freepdk45.sp,E:\njust\keyan\SRAM Compiler_V2\OpenRAM-stable\build\openram_compare_8x64_compact_delay_fixed\openram_sram_8x64_b1_wpr4_control_logic_delay_compact_dc8_freepdk45\openram_sram_8x64_b1_wpr4_control_logic_delay_compact_dc8_freepdk45.sp,.sp,130229,14
openram,build/openram_compare_8x64_compact_delay_perim/openram_sram_8x64_b1_wpr1_control_logic_delay_compact_dc8_freepdk45/openram_sram_8x64_b1_wpr1_control_logic_delay_compact_dc8_freepdk45.sp,E:\njust\keyan\SRAM Compiler_V2\OpenRAM-stable\build\openram_compare_8x64_compact_delay_perim\openram_sram_8x64_b1_wpr1_control_logic_delay_compact_dc8_freepdk45\openram_sram_8x64_b1_wpr1_control_logic_delay_compact_dc8_freepdk45.sp,.sp,137242,14
openram,build/openram_compare_8x64_compact_delay_perim/openram_sram_8x64_b1_wpr2_control_logic_delay_compact_dc8_freepdk45/openram_sram_8x64_b1_wpr2_control_logic_delay_compact_dc8_freepdk45.sp,E:\njust\keyan\SRAM Compiler_V2\OpenRAM-stable\build\openram_compare_8x64_compact_delay_perim\openram_sram_8x64_b1_wpr2_control_logic_delay_compact_dc8_freepdk45\openram_sram_8x64_b1_wpr2_control_logic_delay_compact_dc8_freepdk45.sp,.sp,128975,14
openram,build/openram_compare_8x64_compact_delay_perim/openram_sram_8x64_b1_wpr4_control_logic_delay_compact_dc8_freepdk45/openram_sram_8x64_b1_wpr4_control_logic_delay_compact_dc8_freepdk45.sp,E:\njust\keyan\SRAM Compiler_V2\OpenRAM-stable\build\openram_compare_8x64_compact_delay_perim\openram_sram_8x64_b1_wpr4_control_logic_delay_compact_dc8_freepdk45\openram_sram_8x64_b1_wpr4_control_logic_delay_compact_dc8_freepdk45.sp,.sp,130229,14
openram,build/openram_compare_8x64_compact_delay_perim_fixed/openram_sram_8x64_b1_wpr1_control_logic_delay_compact_dc12_freepdk45/openram_sram_8x64_b1_wpr1_control_logic_delay_compact_dc12_freepdk45.sp,E:\njust\keyan\SRAM Compiler_V2\OpenRAM-stable\build\openram_compare_8x64_compact_delay_perim_fixed\openram_sram_8x64_b1_wpr1_control_logic_delay_compact_dc12_freepdk45\openram_sram_8x64_b1_wpr1_control_logic_delay_compact_dc12_freepdk45.sp,.sp,137721,14
openram,build/openram_compare_8x64_compact_delay_perim_fixed/openram_sram_8x64_b1_wpr1_control_logic_delay_compact_dc16_freepdk45/openram_sram_8x64_b1_wpr1_control_logic_delay_compact_dc16_freepdk45.sp,E:\njust\keyan\SRAM Compiler_V2\OpenRAM-stable\build\openram_compare_8x64_compact_delay_perim_fixed\openram_sram_8x64_b1_wpr1_control_logic_delay_compact_dc16_freepdk45\openram_sram_8x64_b1_wpr1_control_logic_delay_compact_dc16_freepdk45.sp,.sp,137721,14
openram,build/openram_compare_8x64_compact_delay_perim_fixed/openram_sram_8x64_b1_wpr1_control_logic_delay_compact_dc8_freepdk45/openram_sram_8x64_b1_wpr1_control_logic_delay_compact_dc8_freepdk45.sp,E:\njust\keyan\SRAM Compiler_V2\OpenRAM-stable\build\openram_compare_8x64_compact_delay_perim_fixed\openram_sram_8x64_b1_wpr1_control_logic_delay_compact_dc8_freepdk45\openram_sram_8x64_b1_wpr1_control_logic_delay_compact_dc8_freepdk45.sp,.sp,137242,14
openram,build/openram_compare_8x64_compact_delay_perim_fixed/openram_sram_8x64_b1_wpr2_control_logic_delay_compact_dc12_freepdk45/openram_sram_8x64_b1_wpr2_control_logic_delay_compact_dc12_freepdk45.sp,E:\njust\keyan\SRAM Compiler_V2\OpenRAM-stable\build\openram_compare_8x64_compact_delay_perim_fixed\openram_sram_8x64_b1_wpr2_control_logic_delay_compact_dc12_freepdk45\openram_sram_8x64_b1_wpr2_control_logic_delay_compact_dc12_freepdk45.sp,.sp,129446,14
openram,build/openram_compare_8x64_compact_delay_perim_fixed/openram_sram_8x64_b1_wpr2_control_logic_delay_compact_dc16_freepdk45/openram_sram_8x64_b1_wpr2_control_logic_delay_compact_dc16_freepdk45.sp,E:\njust\keyan\SRAM Compiler_V2\OpenRAM-stable\build\openram_compare_8x64_compact_delay_perim_fixed\openram_sram_8x64_b1_wpr2_control_logic_delay_compact_dc16_freepdk45\openram_sram_8x64_b1_wpr2_control_logic_delay_compact_dc16_freepdk45.sp,.sp,129446,14
openram,build/openram_compare_8x64_compact_delay_perim_fixed/openram_sram_8x64_b1_wpr2_control_logic_delay_compact_dc8_freepdk45/openram_sram_8x64_b1_wpr2_control_logic_delay_compact_dc8_freepdk45.sp,E:\njust\keyan\SRAM Compiler_V2\OpenRAM-stable\build\openram_compare_8x64_compact_delay_perim_fixed\openram_sram_8x64_b1_wpr2_control_logic_delay_compact_dc8_freepdk45\openram_sram_8x64_b1_wpr2_control_logic_delay_compact_dc8_freepdk45.sp,.sp,128975,14
openram,build/openram_compare_8x64_compact_delay_perim_fixed/openram_sram_8x64_b1_wpr4_control_logic_delay_compact_dc16_freepdk45/openram_sram_8x64_b1_wpr4_control_logic_delay_compact_dc16_freepdk45.sp,E:\njust\keyan\SRAM Compiler_V2\OpenRAM-stable\build\openram_compare_8x64_compact_delay_perim_fixed\openram_sram_8x64_b1_wpr4_control_logic_delay_compact_dc16_freepdk45\openram_sram_8x64_b1_wpr4_control_logic_delay_compact_dc16_freepdk45.sp,.sp,130687,14
openram,build/openram_compare_8x64_compact_delay_perim_fixed/openram_sram_8x64_b1_wpr4_control_logic_delay_compact_dc8_freepdk45/openram_sram_8x64_b1_wpr4_control_logic_delay_compact_dc8_freepdk45.sp,E:\njust\keyan\SRAM Compiler_V2\OpenRAM-stable\build\openram_compare_8x64_compact_delay_perim_fixed\openram_sram_8x64_b1_wpr4_control_logic_delay_compact_dc8_freepdk45\openram_sram_8x64_b1_wpr4_control_logic_delay_compact_dc8_freepdk45.sp,.sp,130229,14
openram,build/openram_compare_8x64_original_control/openram_sram_8x64_b1_wpr1_control_logic_freepdk45/openram_sram_8x64_b1_wpr1_control_logic_freepdk45.sp,E:\njust\keyan\SRAM Compiler_V2\OpenRAM-stable\build\openram_compare_8x64_original_control\openram_sram_8x64_b1_wpr1_control_logic_freepdk45\openram_sram_8x64_b1_wpr1_control_logic_freepdk45.sp,.sp,126833,14
openram,build/openram_compare_8x64_original_control/openram_sram_8x64_b1_wpr2_control_logic_freepdk45/openram_sram_8x64_b1_wpr2_control_logic_freepdk45.sp,E:\njust\keyan\SRAM Compiler_V2\OpenRAM-stable\build\openram_compare_8x64_original_control\openram_sram_8x64_b1_wpr2_control_logic_freepdk45\openram_sram_8x64_b1_wpr2_control_logic_freepdk45.sp,.sp,116749,14
openram,build/openram_compare_8x64_original_control/openram_sram_8x64_b1_wpr4_control_logic_freepdk45/openram_sram_8x64_b1_wpr4_control_logic_freepdk45.sp,E:\njust\keyan\SRAM Compiler_V2\OpenRAM-stable\build\openram_compare_8x64_original_control\openram_sram_8x64_b1_wpr4_control_logic_freepdk45\openram_sram_8x64_b1_wpr4_control_logic_freepdk45.sp,.sp,119157,14
openram,build/openram_compare_8x64_original_control_perim/openram_sram_8x64_b1_wpr1_control_logic_freepdk45/openram_sram_8x64_b1_wpr1_control_logic_freepdk45.sp,E:\njust\keyan\SRAM Compiler_V2\OpenRAM-stable\build\openram_compare_8x64_original_control_perim\openram_sram_8x64_b1_wpr1_control_logic_freepdk45\openram_sram_8x64_b1_wpr1_control_logic_freepdk45.sp,.sp,126833,14
openram,build/openram_compare_8x64_original_control_perim/openram_sram_8x64_b1_wpr2_control_logic_freepdk45/openram_sram_8x64_b1_wpr2_control_logic_freepdk45.sp,E:\njust\keyan\SRAM Compiler_V2\OpenRAM-stable\build\openram_compare_8x64_original_control_perim\openram_sram_8x64_b1_wpr2_control_logic_freepdk45\openram_sram_8x64_b1_wpr2_control_logic_freepdk45.sp,.sp,116749,14
openram,build/openram_compare_8x64_original_control_perim/openram_sram_8x64_b1_wpr4_control_logic_freepdk45/openram_sram_8x64_b1_wpr4_control_logic_freepdk45.sp,E:\njust\keyan\SRAM Compiler_V2\OpenRAM-stable\build\openram_compare_8x64_original_control_perim\openram_sram_8x64_b1_wpr4_control_logic_freepdk45\openram_sram_8x64_b1_wpr4_control_logic_freepdk45.sp,.sp,119157,14
openram,build/openram_compare_8x64_original_delay/openram_sram_8x64_b1_wpr1_control_logic_delay_freepdk45/openram_sram_8x64_b1_wpr1_control_logic_delay_freepdk45.sp,E:\njust\keyan\SRAM Compiler_V2\OpenRAM-stable\build\openram_compare_8x64_original_delay\openram_sram_8x64_b1_wpr1_control_logic_delay_freepdk45\openram_sram_8x64_b1_wpr1_control_logic_delay_freepdk45.sp,.sp,131494,14
openram,build/openram_compare_8x64_original_delay/openram_sram_8x64_b1_wpr2_control_logic_delay_freepdk45/openram_sram_8x64_b1_wpr2_control_logic_delay_freepdk45.sp,E:\njust\keyan\SRAM Compiler_V2\OpenRAM-stable\build\openram_compare_8x64_original_delay\openram_sram_8x64_b1_wpr2_control_logic_delay_freepdk45\openram_sram_8x64_b1_wpr2_control_logic_delay_freepdk45.sp,.sp,123323,14
openram,build/openram_compare_8x64_original_delay/openram_sram_8x64_b1_wpr4_control_logic_delay_freepdk45/openram_sram_8x64_b1_wpr4_control_logic_delay_freepdk45.sp,E:\njust\keyan\SRAM Compiler_V2\OpenRAM-stable\build\openram_compare_8x64_original_delay\openram_sram_8x64_b1_wpr4_control_logic_delay_freepdk45\openram_sram_8x64_b1_wpr4_control_logic_delay_freepdk45.sp,.sp,124733,14
openram,build/openram_ctrl2col_8x64_delay/openram_sram_8x64_b1_wpr1_control_logic_delay_compact_dc8_ctrl2col_ptcompact_freepdk45/openram_sram_8x64_b1_wpr1_control_logic_delay_compact_dc8_ctrl2col_ptcompact_freepdk45.sp,E:\njust\keyan\SRAM Compiler_V2\OpenRAM-stable\build\openram_ctrl2col_8x64_delay\openram_sram_8x64_b1_wpr1_control_logic_delay_compact_dc8_ctrl2col_ptcompact_freepdk45\openram_sram_8x64_b1_wpr1_control_logic_delay_compact_dc8_ctrl2col_ptcompact_freepdk45.sp,.sp,146343,14
openram,build/openram_ctrl2col_8x64_delay/openram_sram_8x64_b1_wpr2_control_logic_delay_compact_dc8_ctrl2col_ptcompact_freepdk45/openram_sram_8x64_b1_wpr2_control_logic_delay_compact_dc8_ctrl2col_ptcompact_freepdk45.sp,E:\njust\keyan\SRAM Compiler_V2\OpenRAM-stable\build\openram_ctrl2col_8x64_delay\openram_sram_8x64_b1_wpr2_control_logic_delay_compact_dc8_ctrl2col_ptcompact_freepdk45\openram_sram_8x64_b1_wpr2_control_logic_delay_compact_dc8_ctrl2col_ptcompact_freepdk45.sp,.sp,137924,14
openram,build/openram_ctrl2col_8x64_delay/openram_sram_8x64_b1_wpr4_control_logic_delay_compact_dc8_ctrl2col_ptcompact_freepdk45/openram_sram_8x64_b1_wpr4_control_logic_delay_compact_dc8_ctrl2col_ptcompact_freepdk45.sp,E:\njust\keyan\SRAM Compiler_V2\OpenRAM-stable\build\openram_ctrl2col_8x64_delay\openram_sram_8x64_b1_wpr4_control_logic_delay_compact_dc8_ctrl2col_ptcompact_freepdk45\openram_sram_8x64_b1_wpr4_control_logic_delay_compact_dc8_ctrl2col_ptcompact_freepdk45.sp,.sp,138931,14
openram,build/openram_ctrl2col_8x64_delay_perim/openram_sram_8x64_b1_wpr1_control_logic_delay_compact_dc8_ctrl2col_ptcompact_freepdk45/openram_sram_8x64_b1_wpr1_control_logic_delay_compact_dc8_ctrl2col_ptcompact_freepdk45.sp,E:\njust\keyan\SRAM Compiler_V2\OpenRAM-stable\build\openram_ctrl2col_8x64_delay_perim\openram_sram_8x64_b1_wpr1_control_logic_delay_compact_dc8_ctrl2col_ptcompact_freepdk45\openram_sram_8x64_b1_wpr1_control_logic_delay_compact_dc8_ctrl2col_ptcompact_freepdk45.sp,.sp,146343,14
openram,build/openram_ctrl2col_8x64_delay_perim/openram_sram_8x64_b1_wpr2_control_logic_delay_compact_dc8_ctrl2col_ptcompact_freepdk45/openram_sram_8x64_b1_wpr2_control_logic_delay_compact_dc8_ctrl2col_ptcompact_freepdk45.sp,E:\njust\keyan\SRAM Compiler_V2\OpenRAM-stable\build\openram_ctrl2col_8x64_delay_perim\openram_sram_8x64_b1_wpr2_control_logic_delay_compact_dc8_ctrl2col_ptcompact_freepdk45\openram_sram_8x64_b1_wpr2_control_logic_delay_compact_dc8_ctrl2col_ptcompact_freepdk45.sp,.sp,137924,14
openram,build/openram_ctrl2col_8x64_delay_perim/openram_sram_8x64_b1_wpr4_control_logic_delay_compact_dc8_ctrl2col_ptcompact_freepdk45/openram_sram_8x64_b1_wpr4_control_logic_delay_compact_dc8_ctrl2col_ptcompact_freepdk45.sp,E:\njust\keyan\SRAM Compiler_V2\OpenRAM-stable\build\openram_ctrl2col_8x64_delay_perim\openram_sram_8x64_b1_wpr4_control_logic_delay_compact_dc8_ctrl2col_ptcompact_freepdk45\openram_sram_8x64_b1_wpr4_control_logic_delay_compact_dc8_ctrl2col_ptcompact_freepdk45.sp,.sp,138931,14
openram,build/openram_geometry_scored_combo_8x64_delay/openram_sram_8x64_b1_wpr1_control_logic_delay_compact_dc12_ptcompact_freepdk45/openram_sram_8x64_b1_wpr1_control_logic_delay_compact_dc12_ptcompact_freepdk45.sp,E:\njust\keyan\SRAM Compiler_V2\OpenRAM-stable\build\openram_geometry_scored_combo_8x64_delay\openram_sram_8x64_b1_wpr1_control_logic_delay_compact_dc12_ptcompact_freepdk45\openram_sram_8x64_b1_wpr1_control_logic_delay_compact_dc12_ptcompact_freepdk45.sp,.sp,142511,14
openram,build/openram_geometry_scored_combo_8x64_delay/openram_sram_8x64_b1_wpr1_control_logic_delay_compact_dc16_ptcompact_freepdk45/openram_sram_8x64_b1_wpr1_control_logic_delay_compact_dc16_ptcompact_freepdk45.sp,E:\njust\keyan\SRAM Compiler_V2\OpenRAM-stable\build\openram_geometry_scored_combo_8x64_delay\openram_sram_8x64_b1_wpr1_control_logic_delay_compact_dc16_ptcompact_freepdk45\openram_sram_8x64_b1_wpr1_control_logic_delay_compact_dc16_ptcompact_freepdk45.sp,.sp,142511,14
openram,build/openram_geometry_scored_combo_8x64_delay/openram_sram_8x64_b1_wpr1_control_logic_delay_compact_dc8_ptcompact_freepdk45/openram_sram_8x64_b1_wpr1_control_logic_delay_compact_dc8_ptcompact_freepdk45.sp,E:\njust\keyan\SRAM Compiler_V2\OpenRAM-stable\build\openram_geometry_scored_combo_8x64_delay\openram_sram_8x64_b1_wpr1_control_logic_delay_compact_dc8_ptcompact_freepdk45\openram_sram_8x64_b1_wpr1_control_logic_delay_compact_dc8_ptcompact_freepdk45.sp,.sp,142032,14
openram,build/openram_geometry_scored_combo_8x64_delay/openram_sram_8x64_b1_wpr2_control_logic_delay_compact_dc12_ptcompact_freepdk45/openram_sram_8x64_b1_wpr2_control_logic_delay_compact_dc12_ptcompact_freepdk45.sp,E:\njust\keyan\SRAM Compiler_V2\OpenRAM-stable\build\openram_geometry_scored_combo_8x64_delay\openram_sram_8x64_b1_wpr2_control_logic_delay_compact_dc12_ptcompact_freepdk45\openram_sram_8x64_b1_wpr2_control_logic_delay_compact_dc12_ptcompact_freepdk45.sp,.sp,134156,14
openram,build/openram_geometry_scored_combo_8x64_delay/openram_sram_8x64_b1_wpr2_control_logic_delay_compact_dc16_ptcompact_freepdk45/openram_sram_8x64_b1_wpr2_control_logic_delay_compact_dc16_ptcompact_freepdk45.sp,E:\njust\keyan\SRAM Compiler_V2\OpenRAM-stable\build\openram_geometry_scored_combo_8x64_delay\openram_sram_8x64_b1_wpr2_control_logic_delay_compact_dc16_ptcompact_freepdk45\openram_sram_8x64_b1_wpr2_control_logic_delay_compact_dc16_ptcompact_freepdk45.sp,.sp,134156,14
openram,build/openram_geometry_scored_combo_8x64_delay/openram_sram_8x64_b1_wpr2_control_logic_delay_compact_dc8_ptcompact_freepdk45/openram_sram_8x64_b1_wpr2_control_logic_delay_compact_dc8_ptcompact_freepdk45.sp,E:\njust\keyan\SRAM Compiler_V2\OpenRAM-stable\build\openram_geometry_scored_combo_8x64_delay\openram_sram_8x64_b1_wpr2_control_logic_delay_compact_dc8_ptcompact_freepdk45\openram_sram_8x64_b1_wpr2_control_logic_delay_compact_dc8_ptcompact_freepdk45.sp,.sp,133685,14
openram,build/openram_geometry_scored_combo_8x64_delay/openram_sram_8x64_b1_wpr4_control_logic_delay_compact_dc12_ptcompact_freepdk45/openram_sram_8x64_b1_wpr4_control_logic_delay_compact_dc12_ptcompact_freepdk45.sp,E:\njust\keyan\SRAM Compiler_V2\OpenRAM-stable\build\openram_geometry_scored_combo_8x64_delay\openram_sram_8x64_b1_wpr4_control_logic_delay_compact_dc12_ptcompact_freepdk45\openram_sram_8x64_b1_wpr4_control_logic_delay_compact_dc12_ptcompact_freepdk45.sp,.sp,135267,14
openram,build/openram_geometry_scored_combo_8x64_delay/openram_sram_8x64_b1_wpr4_control_logic_delay_compact_dc16_ptcompact_freepdk45/openram_sram_8x64_b1_wpr4_control_logic_delay_compact_dc16_ptcompact_freepdk45.sp,E:\njust\keyan\SRAM Compiler_V2\OpenRAM-stable\build\openram_geometry_scored_combo_8x64_delay\openram_sram_8x64_b1_wpr4_control_logic_delay_compact_dc16_ptcompact_freepdk45\openram_sram_8x64_b1_wpr4_control_logic_delay_compact_dc16_ptcompact_freepdk45.sp,.sp,135267,14
openram,build/openram_geometry_scored_combo_8x64_delay/openram_sram_8x64_b1_wpr4_control_logic_delay_compact_dc8_ptcompact_freepdk45/openram_sram_8x64_b1_wpr4_control_logic_delay_compact_dc8_ptcompact_freepdk45.sp,E:\njust\keyan\SRAM Compiler_V2\OpenRAM-stable\build\openram_geometry_scored_combo_8x64_delay\openram_sram_8x64_b1_wpr4_control_logic_delay_compact_dc8_ptcompact_freepdk45\openram_sram_8x64_b1_wpr4_control_logic_delay_compact_dc8_ptcompact_freepdk45.sp,.sp,134809,14
openram,build/openram_geometry_scored_combo_8x64_delay_perim/openram_sram_8x64_b1_wpr1_control_logic_delay_compact_dc8_ptcompact_freepdk45/openram_sram_8x64_b1_wpr1_control_logic_delay_compact_dc8_ptcompact_freepdk45.sp,E:\njust\keyan\SRAM Compiler_V2\OpenRAM-stable\build\openram_geometry_scored_combo_8x64_delay_perim\openram_sram_8x64_b1_wpr1_control_logic_delay_compact_dc8_ptcompact_freepdk45\openram_sram_8x64_b1_wpr1_control_logic_delay_compact_dc8_ptcompact_freepdk45.sp,.sp,142032,14
openram,build/openram_geometry_scored_combo_8x64_delay_perim/openram_sram_8x64_b1_wpr2_control_logic_delay_compact_dc8_ptcompact_freepdk45/openram_sram_8x64_b1_wpr2_control_logic_delay_compact_dc8_ptcompact_freepdk45.sp,E:\njust\keyan\SRAM Compiler_V2\OpenRAM-stable\build\openram_geometry_scored_combo_8x64_delay_perim\openram_sram_8x64_b1_wpr2_control_logic_delay_compact_dc8_ptcompact_freepdk45\openram_sram_8x64_b1_wpr2_control_logic_delay_compact_dc8_ptcompact_freepdk45.sp,.sp,133685,14
openram,build/openram_hardcell_opt_8x64_no_perim/openram_sram_8x64_b1_wpr1_control_logic_freepdk45/openram_sram_8x64_b1_wpr1_control_logic_freepdk45.sp,E:\njust\keyan\SRAM Compiler_V2\OpenRAM-stable\build\openram_hardcell_opt_8x64_no_perim\openram_sram_8x64_b1_wpr1_control_logic_freepdk45\openram_sram_8x64_b1_wpr1_control_logic_freepdk45.sp,.sp,126833,14
openram,build/openram_hardcell_opt_8x64_no_perim/openram_sram_8x64_b1_wpr2_control_logic_freepdk45/openram_sram_8x64_b1_wpr2_control_logic_freepdk45.sp,E:\njust\keyan\SRAM Compiler_V2\OpenRAM-stable\build\openram_hardcell_opt_8x64_no_perim\openram_sram_8x64_b1_wpr2_control_logic_freepdk45\openram_sram_8x64_b1_wpr2_control_logic_freepdk45.sp,.sp,116749,14
openram,build/openram_hardcell_opt_8x64_no_perim/openram_sram_8x64_b1_wpr4_control_logic_freepdk45/openram_sram_8x64_b1_wpr4_control_logic_freepdk45.sp,E:\njust\keyan\SRAM Compiler_V2\OpenRAM-stable\build\openram_hardcell_opt_8x64_no_perim\openram_sram_8x64_b1_wpr4_control_logic_freepdk45\openram_sram_8x64_b1_wpr4_control_logic_freepdk45.sp,.sp,119157,14
openram,build/openram_hardcell_opt_8x64_no_perim_delay/openram_sram_8x64_b1_wpr1_control_logic_delay_freepdk45/openram_sram_8x64_b1_wpr1_control_logic_delay_freepdk45.sp,E:\njust\keyan\SRAM Compiler_V2\OpenRAM-stable\build\openram_hardcell_opt_8x64_no_perim_delay\openram_sram_8x64_b1_wpr1_control_logic_delay_freepdk45\openram_sram_8x64_b1_wpr1_control_logic_delay_freepdk45.sp,.sp,131494,14
openram,build/openram_hardcell_opt_8x64_no_perim_delay/openram_sram_8x64_b1_wpr2_control_logic_delay_freepdk45/openram_sram_8x64_b1_wpr2_control_logic_delay_freepdk45.sp,E:\njust\keyan\SRAM Compiler_V2\OpenRAM-stable\build\openram_hardcell_opt_8x64_no_perim_delay\openram_sram_8x64_b1_wpr2_control_logic_delay_freepdk45\openram_sram_8x64_b1_wpr2_control_logic_delay_freepdk45.sp,.sp,123323,14
openram,build/openram_hardcell_opt_8x64_no_perim_delay/openram_sram_8x64_b1_wpr4_control_logic_delay_freepdk45/openram_sram_8x64_b1_wpr4_control_logic_delay_freepdk45.sp,E:\njust\keyan\SRAM Compiler_V2\OpenRAM-stable\build\openram_hardcell_opt_8x64_no_perim_delay\openram_sram_8x64_b1_wpr4_control_logic_delay_freepdk45\openram_sram_8x64_b1_wpr4_control_logic_delay_freepdk45.sp,.sp,124733,14
openram,build/openram_hardcell_opt_8x64_perim/openram_sram_8x64_b1_wpr1_control_logic_freepdk45/openram_sram_8x64_b1_wpr1_control_logic_freepdk45.sp,E:\njust\keyan\SRAM Compiler_V2\OpenRAM-stable\build\openram_hardcell_opt_8x64_perim\openram_sram_8x64_b1_wpr1_control_logic_freepdk45\openram_sram_8x64_b1_wpr1_control_logic_freepdk45.sp,.sp,126833,14
openram,build/openram_hardcell_opt_8x64_perim/openram_sram_8x64_b1_wpr2_control_logic_freepdk45/openram_sram_8x64_b1_wpr2_control_logic_freepdk45.sp,E:\njust\keyan\SRAM Compiler_V2\OpenRAM-stable\build\openram_hardcell_opt_8x64_perim\openram_sram_8x64_b1_wpr2_control_logic_freepdk45\openram_sram_8x64_b1_wpr2_control_logic_freepdk45.sp,.sp,116749,14
openram,build/openram_hardcell_opt_8x64_perim/openram_sram_8x64_b1_wpr4_control_logic_freepdk45/openram_sram_8x64_b1_wpr4_control_logic_freepdk45.sp,E:\njust\keyan\SRAM Compiler_V2\OpenRAM-stable\build\openram_hardcell_opt_8x64_perim\openram_sram_8x64_b1_wpr4_control_logic_freepdk45\openram_sram_8x64_b1_wpr4_control_logic_freepdk45.sp,.sp,119157,14
openram,build/openram_opt_8x64/openram_sram_8x64_b1_wpr1_freepdk45/openram_sram_8x64_b1_wpr1_freepdk45.sp,E:\njust\keyan\SRAM Compiler_V2\OpenRAM-stable\build\openram_opt_8x64\openram_sram_8x64_b1_wpr1_freepdk45\openram_sram_8x64_b1_wpr1_freepdk45.sp,.sp,150552,14
openram,build/openram_opt_8x64/openram_sram_8x64_b1_wpr2_freepdk45/openram_sram_8x64_b1_wpr2_freepdk45.sp,E:\njust\keyan\SRAM Compiler_V2\OpenRAM-stable\build\openram_opt_8x64\openram_sram_8x64_b1_wpr2_freepdk45\openram_sram_8x64_b1_wpr2_freepdk45.sp,.sp,137990,14
openram,build/openram_opt_8x64/openram_sram_8x64_b1_wpr4_freepdk45/openram_sram_8x64_b1_wpr4_freepdk45.sp,E:\njust\keyan\SRAM Compiler_V2\OpenRAM-stable\build\openram_opt_8x64\openram_sram_8x64_b1_wpr4_freepdk45\openram_sram_8x64_b1_wpr4_freepdk45.sp,.sp,140538,14
openram,build/openram_opt_8x64/openram_sram_8x64_b2_wpr1_freepdk45/openram_sram_8x64_b2_wpr1_freepdk45.sp,E:\njust\keyan\SRAM Compiler_V2\OpenRAM-stable\build\openram_opt_8x64\openram_sram_8x64_b2_wpr1_freepdk45\openram_sram_8x64_b2_wpr1_freepdk45.sp,.sp,100970,14
openram,build/openram_opt_8x64/openram_sram_8x64_b2_wpr2_freepdk45/openram_sram_8x64_b2_wpr2_freepdk45.sp,E:\njust\keyan\SRAM Compiler_V2\OpenRAM-stable\build\openram_opt_8x64\openram_sram_8x64_b2_wpr2_freepdk45\openram_sram_8x64_b2_wpr2_freepdk45.sp,.sp,98316,14
openram,build/openram_opt_8x64/openram_sram_8x64_b4_wpr1_freepdk45/openram_sram_8x64_b4_wpr1_freepdk45.sp,E:\njust\keyan\SRAM Compiler_V2\OpenRAM-stable\build\openram_opt_8x64\openram_sram_8x64_b4_wpr1_freepdk45\openram_sram_8x64_b4_wpr1_freepdk45.sp,.sp,72698,14
openram,build/openram_opt_8x64_delay_control/openram_sram_8x64_b1_wpr1_control_logic_delay_freepdk45/openram_sram_8x64_b1_wpr1_control_logic_delay_freepdk45.sp,E:\njust\keyan\SRAM Compiler_V2\OpenRAM-stable\build\openram_opt_8x64_delay_control\openram_sram_8x64_b1_wpr1_control_logic_delay_freepdk45\openram_sram_8x64_b1_wpr1_control_logic_delay_freepdk45.sp,.sp,170162,14
openram,build/openram_opt_8x64_delay_control/openram_sram_8x64_b1_wpr2_control_logic_delay_freepdk45/openram_sram_8x64_b1_wpr2_control_logic_delay_freepdk45.sp,E:\njust\keyan\SRAM Compiler_V2\OpenRAM-stable\build\openram_opt_8x64_delay_control\openram_sram_8x64_b1_wpr2_control_logic_delay_freepdk45\openram_sram_8x64_b1_wpr2_control_logic_delay_freepdk45.sp,.sp,159305,14
openram,build/openram_opt_8x64_delay_control/openram_sram_8x64_b1_wpr4_control_logic_delay_freepdk45/openram_sram_8x64_b1_wpr4_control_logic_delay_freepdk45.sp,E:\njust\keyan\SRAM Compiler_V2\OpenRAM-stable\build\openram_opt_8x64_delay_control\openram_sram_8x64_b1_wpr4_control_logic_delay_freepdk45\openram_sram_8x64_b1_wpr4_control_logic_delay_freepdk45.sp,.sp,160715,14
openram,build/openram_opt_8x64_no_perim/openram_sram_8x64_b1_wpr1_control_logic_freepdk45/openram_sram_8x64_b1_wpr1_control_logic_freepdk45.sp,E:\njust\keyan\SRAM Compiler_V2\OpenRAM-stable\build\openram_opt_8x64_no_perim\openram_sram_8x64_b1_wpr1_control_logic_freepdk45\openram_sram_8x64_b1_wpr1_control_logic_freepdk45.sp,.sp,166232,14
openram,build/openram_opt_8x64_no_perim/openram_sram_8x64_b1_wpr2_control_logic_freepdk45/openram_sram_8x64_b1_wpr2_control_logic_freepdk45.sp,E:\njust\keyan\SRAM Compiler_V2\OpenRAM-stable\build\openram_opt_8x64_no_perim\openram_sram_8x64_b1_wpr2_control_logic_freepdk45\openram_sram_8x64_b1_wpr2_control_logic_freepdk45.sp,.sp,152550,14
openram,build/openram_opt_8x64_no_perim/openram_sram_8x64_b1_wpr4_control_logic_freepdk45/openram_sram_8x64_b1_wpr4_control_logic_freepdk45.sp,E:\njust\keyan\SRAM Compiler_V2\OpenRAM-stable\build\openram_opt_8x64_no_perim\openram_sram_8x64_b1_wpr4_control_logic_freepdk45\openram_sram_8x64_b1_wpr4_control_logic_freepdk45.sp,.sp,154958,14
openram,build/openram_opt_8x64_singlebank/openram_sram_8x64_b1_wpr1_freepdk45/openram_sram_8x64_b1_wpr1_freepdk45.sp,E:\njust\keyan\SRAM Compiler_V2\OpenRAM-stable\build\openram_opt_8x64_singlebank\openram_sram_8x64_b1_wpr1_freepdk45\openram_sram_8x64_b1_wpr1_freepdk45.sp,.sp,150552,14
openram,build/openram_opt_8x64_singlebank/openram_sram_8x64_b1_wpr2_freepdk45/openram_sram_8x64_b1_wpr2_freepdk45.sp,E:\njust\keyan\SRAM Compiler_V2\OpenRAM-stable\build\openram_opt_8x64_singlebank\openram_sram_8x64_b1_wpr2_freepdk45\openram_sram_8x64_b1_wpr2_freepdk45.sp,.sp,137990,14
openram,build/openram_opt_8x64_singlebank/openram_sram_8x64_b1_wpr4_freepdk45/openram_sram_8x64_b1_wpr4_freepdk45.sp,E:\njust\keyan\SRAM Compiler_V2\OpenRAM-stable\build\openram_opt_8x64_singlebank\openram_sram_8x64_b1_wpr4_freepdk45\openram_sram_8x64_b1_wpr4_freepdk45.sp,.sp,140538,14
openram,build/openram_original_delay_perim_8x64/openram_sram_8x64_b1_wpr1_control_logic_delay_freepdk45/openram_sram_8x64_b1_wpr1_control_logic_delay_freepdk45.sp,E:\njust\keyan\SRAM Compiler_V2\OpenRAM-stable\build\openram_original_delay_perim_8x64\openram_sram_8x64_b1_wpr1_control_logic_delay_freepdk45\openram_sram_8x64_b1_wpr1_control_logic_delay_freepdk45.sp,.sp,131494,14
openram,build/openram_original_delay_perim_8x64/openram_sram_8x64_b1_wpr2_control_logic_delay_freepdk45/openram_sram_8x64_b1_wpr2_control_logic_delay_freepdk45.sp,E:\njust\keyan\SRAM Compiler_V2\OpenRAM-stable\build\openram_original_delay_perim_8x64\openram_sram_8x64_b1_wpr2_control_logic_delay_freepdk45\openram_sram_8x64_b1_wpr2_control_logic_delay_freepdk45.sp,.sp,123323,14
openram,build/openram_original_delay_perim_8x64/openram_sram_8x64_b1_wpr4_control_logic_delay_freepdk45/openram_sram_8x64_b1_wpr4_control_logic_delay_freepdk45.sp,E:\njust\keyan\SRAM Compiler_V2\OpenRAM-stable\build\openram_original_delay_perim_8x64\openram_sram_8x64_b1_wpr4_control_logic_delay_freepdk45\openram_sram_8x64_b1_wpr4_control_logic_delay_freepdk45.sp,.sp,124733,14
openram,.venv/Lib/site-packages/openram-1.2.49-py3.11.egg/openram/compiler/tests/golden/sram_2_16_1_freepdk45.sp,E:\njust\keyan\SRAM Compiler_V2\OpenRAM-stable\.venv\Lib\site-packages\openram-1.2.49-py3.11.egg\openram\compiler\tests\golden\sram_2_16_1_freepdk45.sp,.sp,24717,13
openram,.venv/Lib/site-packages/openram-1.2.49-py3.11.egg/openram/compiler/tests/golden/sram_2_16_1_freepdk45.v,E:\njust\keyan\SRAM Compiler_V2\OpenRAM-stable\.venv\Lib\site-packages\openram-1.2.49-py3.11.egg\openram\compiler\tests\golden\sram_2_16_1_freepdk45.v,.v,1807,13
openram,.venv/Lib/site-packages/openram-1.2.49-py3.11.egg/openram/compiler/tests/golden/sram_2_16_2_freepdk45.v,E:\njust\keyan\SRAM Compiler_V2\OpenRAM-stable\.venv\Lib\site-packages\openram-1.2.49-py3.11.egg\openram\compiler\tests\golden\sram_2_16_2_freepdk45.v,.v,1807,13
openram,.venv/Lib/site-packages/openram-1.2.49-py3.11.egg/openram/compiler/tests/golden/sram_2_16_2_freepdk45_top.v,E:\njust\keyan\SRAM Compiler_V2\OpenRAM-stable\.venv\Lib\site-packages\openram-1.2.49-py3.11.egg\openram\compiler\tests\golden\sram_2_16_2_freepdk45_top.v,.v,1796,13
openram,.venv/Lib/site-packages/openram-1.2.49-py3.11.egg/openram/compiler/tests/sp_files/sram_2_16_1_freepdk45.sp,E:\njust\keyan\SRAM Compiler_V2\OpenRAM-stable\.venv\Lib\site-packages\openram-1.2.49-py3.11.egg\openram\compiler\tests\sp_files\sram_2_16_1_freepdk45.sp,.sp,44392,13
openram,build/lib/openram/compiler/tests/golden/sram_2_16_1_freepdk45.sp,E:\njust\keyan\SRAM Compiler_V2\OpenRAM-stable\build\lib\openram\compiler\tests\golden\sram_2_16_1_freepdk45.sp,.sp,24717,13
openram,build/lib/openram/compiler/tests/golden/sram_2_16_1_freepdk45.v,E:\njust\keyan\SRAM Compiler_V2\OpenRAM-stable\build\lib\openram\compiler\tests\golden\sram_2_16_1_freepdk45.v,.v,1807,13
openram,build/lib/openram/compiler/tests/golden/sram_2_16_2_freepdk45.v,E:\njust\keyan\SRAM Compiler_V2\OpenRAM-stable\build\lib\openram\compiler\tests\golden\sram_2_16_2_freepdk45.v,.v,1807,13
openram,build/lib/openram/compiler/tests/golden/sram_2_16_2_freepdk45_top.v,E:\njust\keyan\SRAM Compiler_V2\OpenRAM-stable\build\lib\openram\compiler\tests\golden\sram_2_16_2_freepdk45_top.v,.v,1796,13
openram,build/lib/openram/compiler/tests/sp_files/sram_2_16_1_freepdk45.sp,E:\njust\keyan\SRAM Compiler_V2\OpenRAM-stable\build\lib\openram\compiler\tests\sp_files\sram_2_16_1_freepdk45.sp,.sp,44392,13
openram,build/openram_placement_test_compact_8x64/openram_sram_8x64_b1_wpr2_control_logic_delay_ptcompact_freepdk45.sp,E:\njust\keyan\SRAM Compiler_V2\OpenRAM-stable\build\openram_placement_test_compact_8x64\openram_sram_8x64_b1_wpr2_control_logic_delay_ptcompact_freepdk45.sp,.sp,128033,13
openram,build/openram_placement_test_sweep_8x64_delay/openram_sram_8x64_b1_wpr1_control_logic_delay_ptcompact_freepdk45/openram_sram_8x64_b1_wpr1_control_logic_delay_ptcompact_freepdk45.sp,E:\njust\keyan\SRAM Compiler_V2\OpenRAM-stable\build\openram_placement_test_sweep_8x64_delay\openram_sram_8x64_b1_wpr1_control_logic_delay_ptcompact_freepdk45\openram_sram_8x64_b1_wpr1_control_logic_delay_ptcompact_freepdk45.sp,.sp,136284,13
openram,build/openram_placement_test_sweep_8x64_delay/openram_sram_8x64_b1_wpr2_control_logic_delay_ptcompact_freepdk45/openram_sram_8x64_b1_wpr2_control_logic_delay_ptcompact_freepdk45.sp,E:\njust\keyan\SRAM Compiler_V2\OpenRAM-stable\build\openram_placement_test_sweep_8x64_delay\openram_sram_8x64_b1_wpr2_control_logic_delay_ptcompact_freepdk45\openram_sram_8x64_b1_wpr2_control_logic_delay_ptcompact_freepdk45.sp,.sp,128033,13
openram,build/openram_placement_test_sweep_8x64_delay/openram_sram_8x64_b1_wpr4_control_logic_delay_ptcompact_freepdk45/openram_sram_8x64_b1_wpr4_control_logic_delay_ptcompact_freepdk45.sp,E:\njust\keyan\SRAM Compiler_V2\OpenRAM-stable\build\openram_placement_test_sweep_8x64_delay\openram_sram_8x64_b1_wpr4_control_logic_delay_ptcompact_freepdk45\openram_sram_8x64_b1_wpr4_control_logic_delay_ptcompact_freepdk45.sp,.sp,129313,13
openram,build/openram_placement_test_sweep_8x64_delay_perim/openram_sram_8x64_b1_wpr1_control_logic_delay_ptcompact_freepdk45/openram_sram_8x64_b1_wpr1_control_logic_delay_ptcompact_freepdk45.sp,E:\njust\keyan\SRAM Compiler_V2\OpenRAM-stable\build\openram_placement_test_sweep_8x64_delay_perim\openram_sram_8x64_b1_wpr1_control_logic_delay_ptcompact_freepdk45\openram_sram_8x64_b1_wpr1_control_logic_delay_ptcompact_freepdk45.sp,.sp,136284,13
openram,build/openram_placement_test_sweep_8x64_delay_perim/openram_sram_8x64_b1_wpr2_control_logic_delay_ptcompact_freepdk45/openram_sram_8x64_b1_wpr2_control_logic_delay_ptcompact_freepdk45.sp,E:\njust\keyan\SRAM Compiler_V2\OpenRAM-stable\build\openram_placement_test_sweep_8x64_delay_perim\openram_sram_8x64_b1_wpr2_control_logic_delay_ptcompact_freepdk45\openram_sram_8x64_b1_wpr2_control_logic_delay_ptcompact_freepdk45.sp,.sp,128033,13
openram,build/openram_placement_test_sweep_8x64_delay_perim/openram_sram_8x64_b1_wpr4_control_logic_delay_ptcompact_freepdk45/openram_sram_8x64_b1_wpr4_control_logic_delay_ptcompact_freepdk45.sp,E:\njust\keyan\SRAM Compiler_V2\OpenRAM-stable\build\openram_placement_test_sweep_8x64_delay_perim\openram_sram_8x64_b1_wpr4_control_logic_delay_ptcompact_freepdk45\openram_sram_8x64_b1_wpr4_control_logic_delay_ptcompact_freepdk45.sp,.sp,129313,13
openram,deliverables/sram_layoutgen_standalone/build/compare_openram_32x16/ours_32x16_abut_align_audit/sram_16x32_wpr2_fd45.sp,E:\njust\keyan\SRAM Compiler_V2\OpenRAM-stable\deliverables\sram_layoutgen_standalone\build\compare_openram_32x16\ours_32x16_abut_align_audit\sram_16x32_wpr2_fd45.sp,.sp,42755,13
openram,deliverables/sram_layoutgen_standalone/build/compare_openram_32x16/ours_32x16_compact_rbl/sram_16x32_wpr2_fd45.sp,E:\njust\keyan\SRAM Compiler_V2\OpenRAM-stable\deliverables\sram_layoutgen_standalone\build\compare_openram_32x16\ours_32x16_compact_rbl\sram_16x32_wpr2_fd45.sp,.sp,42755,13
openram,deliverables/sram_layoutgen_standalone/build/compare_openram_32x16/ours_32x16_compact_rbl_safe/sram_16x32_wpr2_fd45.extracted.sp,E:\njust\keyan\SRAM Compiler_V2\OpenRAM-stable\deliverables\sram_layoutgen_standalone\build\compare_openram_32x16\ours_32x16_compact_rbl_safe\sram_16x32_wpr2_fd45.extracted.sp,.sp,68696,13
openram,deliverables/sram_layoutgen_standalone/build/compare_openram_32x16/ours_32x16_compact_rbl_safe/sram_16x32_wpr2_fd45.sp,E:\njust\keyan\SRAM Compiler_V2\OpenRAM-stable\deliverables\sram_layoutgen_standalone\build\compare_openram_32x16\ours_32x16_compact_rbl_safe\sram_16x32_wpr2_fd45.sp,.sp,42755,13
openram,deliverables/sram_layoutgen_standalone/build/compare_openram_32x16/ours_32x16_contiguous_rbl_minwell/sram_16x32_wpr2_fd45.sp,E:\njust\keyan\SRAM Compiler_V2\OpenRAM-stable\deliverables\sram_layoutgen_standalone\build\compare_openram_32x16\ours_32x16_contiguous_rbl_minwell\sram_16x32_wpr2_fd45.sp,.sp,42755,13
openram,deliverables/sram_layoutgen_standalone/build/compare_openram_32x16/ours_32x16_contiguous_rbl_minwell_margin/sram_16x32_wpr2_fd45.sp,E:\njust\keyan\SRAM Compiler_V2\OpenRAM-stable\deliverables\sram_layoutgen_standalone\build\compare_openram_32x16\ours_32x16_contiguous_rbl_minwell_margin\sram_16x32_wpr2_fd45.sp,.sp,42755,13
openram,deliverables/sram_layoutgen_standalone/build/compare_openram_32x16/ours_32x16_contiguous_rbl_signoff/sram_16x32_wpr2_fd45.extracted.sp,E:\njust\keyan\SRAM Compiler_V2\OpenRAM-stable\deliverables\sram_layoutgen_standalone\build\compare_openram_32x16\ours_32x16_contiguous_rbl_signoff\sram_16x32_wpr2_fd45.extracted.sp,.sp,62735,13
openram,deliverables/sram_layoutgen_standalone/build/compare_openram_32x16/ours_32x16_contiguous_rbl_signoff/sram_16x32_wpr2_fd45.sp,E:\njust\keyan\SRAM Compiler_V2\OpenRAM-stable\deliverables\sram_layoutgen_standalone\build\compare_openram_32x16\ours_32x16_contiguous_rbl_signoff\sram_16x32_wpr2_fd45.sp,.sp,42755,13
openram,deliverables/sram_layoutgen_standalone/build/compare_openram_32x16/ours_32x16_contiguous_rbl_stackwell/sram_16x32_wpr2_fd45.extracted.sp,E:\njust\keyan\SRAM Compiler_V2\OpenRAM-stable\deliverables\sram_layoutgen_standalone\build\compare_openram_32x16\ours_32x16_contiguous_rbl_stackwell\sram_16x32_wpr2_fd45.extracted.sp,.sp,62735,13
openram,deliverables/sram_layoutgen_standalone/build/compare_openram_32x16/ours_32x16_contiguous_rbl_stackwell/sram_16x32_wpr2_fd45.sp,E:\njust\keyan\SRAM Compiler_V2\OpenRAM-stable\deliverables\sram_layoutgen_standalone\build\compare_openram_32x16\ours_32x16_contiguous_rbl_stackwell\sram_16x32_wpr2_fd45.sp,.sp,42755,13
openram,deliverables/sram_layoutgen_standalone/build/compare_openram_32x16/ours_32x16_exact_array_gap030/sram_16x32_wpr2_fd45.sp,E:\njust\keyan\SRAM Compiler_V2\OpenRAM-stable\deliverables\sram_layoutgen_standalone\build\compare_openram_32x16\ours_32x16_exact_array_gap030\sram_16x32_wpr2_fd45.sp,.sp,42755,13
openram,deliverables/sram_layoutgen_standalone/build/compare_openram_32x16/ours_32x16_exact_array_gap035/sram_16x32_wpr2_fd45.sp,E:\njust\keyan\SRAM Compiler_V2\OpenRAM-stable\deliverables\sram_layoutgen_standalone\build\compare_openram_32x16\ours_32x16_exact_array_gap035\sram_16x32_wpr2_fd45.sp,.sp,42755,13
openram,deliverables/sram_layoutgen_standalone/build/compare_openram_32x16/ours_32x16_exact_array_gap045/sram_16x32_wpr2_fd45.sp,E:\njust\keyan\SRAM Compiler_V2\OpenRAM-stable\deliverables\sram_layoutgen_standalone\build\compare_openram_32x16\ours_32x16_exact_array_gap045\sram_16x32_wpr2_fd45.sp,.sp,42755,13
openram,deliverables/sram_layoutgen_standalone/build/compare_openram_32x16/ours_32x16_exact_array_gap04625/sram_16x32_wpr2_fd45.sp,E:\njust\keyan\SRAM Compiler_V2\OpenRAM-stable\deliverables\sram_layoutgen_standalone\build\compare_openram_32x16\ours_32x16_exact_array_gap04625\sram_16x32_wpr2_fd45.sp,.sp,42755,13
openram,deliverables/sram_layoutgen_standalone/build/compare_openram_32x16/ours_32x16_exact_array_gap0475/sram_16x32_wpr2_fd45.extracted.sp,E:\njust\keyan\SRAM Compiler_V2\OpenRAM-stable\deliverables\sram_layoutgen_standalone\build\compare_openram_32x16\ours_32x16_exact_array_gap0475\sram_16x32_wpr2_fd45.extracted.sp,.sp,62968,13
openram,deliverables/sram_layoutgen_standalone/build/compare_openram_32x16/ours_32x16_exact_array_gap0475/sram_16x32_wpr2_fd45.sp,E:\njust\keyan\SRAM Compiler_V2\OpenRAM-stable\deliverables\sram_layoutgen_standalone\build\compare_openram_32x16\ours_32x16_exact_array_gap0475\sram_16x32_wpr2_fd45.sp,.sp,42755,13
openram,deliverables/sram_layoutgen_standalone/build/compare_openram_32x16/ours_32x16_exact_array_gap050/sram_16x32_wpr2_fd45.extracted.sp,E:\njust\keyan\SRAM Compiler_V2\OpenRAM-stable\deliverables\sram_layoutgen_standalone\build\compare_openram_32x16\ours_32x16_exact_array_gap050\sram_16x32_wpr2_fd45.extracted.sp,.sp,62218,13
openram,deliverables/sram_layoutgen_standalone/build/compare_openram_32x16/ours_32x16_exact_array_gap050/sram_16x32_wpr2_fd45.sp,E:\njust\keyan\SRAM Compiler_V2\OpenRAM-stable\deliverables\sram_layoutgen_standalone\build\compare_openram_32x16\ours_32x16_exact_array_gap050\sram_16x32_wpr2_fd45.sp,.sp,42755,13
openram,deliverables/sram_layoutgen_standalone/build/compare_openram_32x16/ours_32x16_exact_array_stackmargin/sram_16x32_wpr2_fd45.extracted.sp,E:\njust\keyan\SRAM Compiler_V2\OpenRAM-stable\deliverables\sram_layoutgen_standalone\build\compare_openram_32x16\ours_32x16_exact_array_stackmargin\sram_16x32_wpr2_fd45.extracted.sp,.sp,62255,13
openram,deliverables/sram_layoutgen_standalone/build/compare_openram_32x16/ours_32x16_exact_array_stackmargin/sram_16x32_wpr2_fd45.sp,E:\njust\keyan\SRAM Compiler_V2\OpenRAM-stable\deliverables\sram_layoutgen_standalone\build\compare_openram_32x16\ours_32x16_exact_array_stackmargin\sram_16x32_wpr2_fd45.sp,.sp,42755,13
openram,deliverables/sram_layoutgen_standalone/build/compare_openram_32x16/ours_32x16_final_strict/sram_16x32_wpr2_fd45.extracted.sp,E:\njust\keyan\SRAM Compiler_V2\OpenRAM-stable\deliverables\sram_layoutgen_standalone\build\compare_openram_32x16\ours_32x16_final_strict\sram_16x32_wpr2_fd45.extracted.sp,.sp,68696,13
openram,deliverables/sram_layoutgen_standalone/build/compare_openram_32x16/ours_32x16_final_strict/sram_16x32_wpr2_fd45.sp,E:\njust\keyan\SRAM Compiler_V2\OpenRAM-stable\deliverables\sram_layoutgen_standalone\build\compare_openram_32x16\ours_32x16_final_strict\sram_16x32_wpr2_fd45.sp,.sp,42755,13
openram,deliverables/sram_layoutgen_standalone/build/compare_openram_32x16/ours_32x16_minlegal_align_audit/sram_16x32_wpr2_fd45.sp,E:\njust\keyan\SRAM Compiler_V2\OpenRAM-stable\deliverables\sram_layoutgen_standalone\build\compare_openram_32x16\ours_32x16_minlegal_align_audit\sram_16x32_wpr2_fd45.sp,.sp,42755,13
openram,deliverables/sram_layoutgen_standalone/build/compare_openram_32x16/ours_32x16_minlegal_align_audit2/sram_16x32_wpr2_fd45.sp,E:\njust\keyan\SRAM Compiler_V2\OpenRAM-stable\deliverables\sram_layoutgen_standalone\build\compare_openram_32x16\ours_32x16_minlegal_align_audit2\sram_16x32_wpr2_fd45.sp,.sp,42755,13
openram,deliverables/sram_layoutgen_standalone/build/compare_openram_32x16/ours_32x16_no_array_overlap/sram_16x32_wpr2_fd45.extracted.sp,E:\njust\keyan\SRAM Compiler_V2\OpenRAM-stable\deliverables\sram_layoutgen_standalone\build\compare_openram_32x16\ours_32x16_no_array_overlap\sram_16x32_wpr2_fd45.extracted.sp,.sp,62416,13
openram,deliverables/sram_layoutgen_standalone/build/compare_openram_32x16/ours_32x16_no_array_overlap/sram_16x32_wpr2_fd45.sp,E:\njust\keyan\SRAM Compiler_V2\OpenRAM-stable\deliverables\sram_layoutgen_standalone\build\compare_openram_32x16\ours_32x16_no_array_overlap\sram_16x32_wpr2_fd45.sp,.sp,42755,13
openram,deliverables/sram_layoutgen_standalone/build/compare_openram_32x16/ours_32x16_openram_pitch/sram_16x32_wpr2_fd45.sp,E:\njust\keyan\SRAM Compiler_V2\OpenRAM-stable\deliverables\sram_layoutgen_standalone\build\compare_openram_32x16\ours_32x16_openram_pitch\sram_16x32_wpr2_fd45.sp,.sp,42755,13
openram,deliverables/sram_layoutgen_standalone/build/compare_openram_32x16/ours_32x16_openram_pitch_channelwl/sram_16x32_wpr2_fd45.sp,E:\njust\keyan\SRAM Compiler_V2\OpenRAM-stable\deliverables\sram_layoutgen_standalone\build\compare_openram_32x16\ours_32x16_openram_pitch_channelwl\sram_16x32_wpr2_fd45.sp,.sp,42755,13
openram,deliverables/sram_layoutgen_standalone/build/compare_openram_32x16/ours_32x16_openram_pitch_entryfix/sram_16x32_wpr2_fd45.sp,E:\njust\keyan\SRAM Compiler_V2\OpenRAM-stable\deliverables\sram_layoutgen_standalone\build\compare_openram_32x16\ours_32x16_openram_pitch_entryfix\sram_16x32_wpr2_fd45.sp,.sp,42755,13
openram,deliverables/sram_layoutgen_standalone/build/compare_openram_32x16/ours_32x16_openram_pitch_entryfix_extdrc/sram_16x32_wpr2_fd45.sp,E:\njust\keyan\SRAM Compiler_V2\OpenRAM-stable\deliverables\sram_layoutgen_standalone\build\compare_openram_32x16\ours_32x16_openram_pitch_entryfix_extdrc\sram_16x32_wpr2_fd45.sp,.sp,42755,13
openram,deliverables/sram_layoutgen_standalone/build/compare_openram_32x16/ours_32x16_openram_pitch_extdrc/sram_16x32_wpr2_fd45.sp,E:\njust\keyan\SRAM Compiler_V2\OpenRAM-stable\deliverables\sram_layoutgen_standalone\build\compare_openram_32x16\ours_32x16_openram_pitch_extdrc\sram_16x32_wpr2_fd45.sp,.sp,42755,13
openram,deliverables/sram_layoutgen_standalone/build/compare_openram_32x16/ours_32x16_openram_pitch_m1wl/sram_16x32_wpr2_fd45.sp,E:\njust\keyan\SRAM Compiler_V2\OpenRAM-stable\deliverables\sram_layoutgen_standalone\build\compare_openram_32x16\ours_32x16_openram_pitch_m1wl\sram_16x32_wpr2_fd45.sp,.sp,42755,13
openram,deliverables/sram_layoutgen_standalone/build/compare_openram_32x16/ours_32x16_openram_pitch_m1wl_extdrc/sram_16x32_wpr2_fd45.sp,E:\njust\keyan\SRAM Compiler_V2\OpenRAM-stable\deliverables\sram_layoutgen_standalone\build\compare_openram_32x16\ours_32x16_openram_pitch_m1wl_extdrc\sram_16x32_wpr2_fd45.sp,.sp,42755,13
openram,deliverables/sram_layoutgen_standalone/build/compare_openram_32x16/ours_32x16_openram_pitch_m3wl/sram_16x32_wpr2_fd45.sp,E:\njust\keyan\SRAM Compiler_V2\OpenRAM-stable\deliverables\sram_layoutgen_standalone\build\compare_openram_32x16\ours_32x16_openram_pitch_m3wl\sram_16x32_wpr2_fd45.sp,.sp,42755,13
openram,deliverables/sram_layoutgen_standalone/build/compare_openram_32x16/ours_32x16_openram_pitch_m3wl_extdrc/sram_16x32_wpr2_fd45.sp,E:\njust\keyan\SRAM Compiler_V2\OpenRAM-stable\deliverables\sram_layoutgen_standalone\build\compare_openram_32x16\ours_32x16_openram_pitch_m3wl_extdrc\sram_16x32_wpr2_fd45.sp,.sp,42755,13
openram,deliverables/sram_layoutgen_standalone/build/compare_openram_32x16/ours_32x16_openram_pitch_widewl/sram_16x32_wpr2_fd45.sp,E:\njust\keyan\SRAM Compiler_V2\OpenRAM-stable\deliverables\sram_layoutgen_standalone\build\compare_openram_32x16\ours_32x16_openram_pitch_widewl\sram_16x32_wpr2_fd45.sp,.sp,42755,13
openram,deliverables/sram_layoutgen_standalone/build/compare_openram_32x16/ours_32x16_openram_pitch_widewl_extdrc/sram_16x32_wpr2_fd45.sp,E:\njust\keyan\SRAM Compiler_V2\OpenRAM-stable\deliverables\sram_layoutgen_standalone\build\compare_openram_32x16\ours_32x16_openram_pitch_widewl_extdrc\sram_16x32_wpr2_fd45.sp,.sp,42755,13
openram,deliverables/sram_layoutgen_standalone/build/compare_openram_32x16/ours_32x16_openram_pitch_widewl_full/sram_16x32_wpr2_fd45.extracted.sp,E:\njust\keyan\SRAM Compiler_V2\OpenRAM-stable\deliverables\sram_layoutgen_standalone\build\compare_openram_32x16\ours_32x16_openram_pitch_widewl_full\sram_16x32_wpr2_fd45.extracted.sp,.sp,69493,13
openram,deliverables/sram_layoutgen_standalone/build/compare_openram_32x16/ours_32x16_openram_pitch_widewl_full/sram_16x32_wpr2_fd45.sp,E:\njust\keyan\SRAM Compiler_V2\OpenRAM-stable\deliverables\sram_layoutgen_standalone\build\compare_openram_32x16\ours_32x16_openram_pitch_widewl_full\sram_16x32_wpr2_fd45.sp,.sp,42755,13
openram,deliverables/sram_layoutgen_standalone/build/compare_openram_32x16/ours_32x16_pinlanding_realpin/sram_16x32_wpr2_fd45.extracted.sp,E:\njust\keyan\SRAM Compiler_V2\OpenRAM-stable\deliverables\sram_layoutgen_standalone\build\compare_openram_32x16\ours_32x16_pinlanding_realpin\sram_16x32_wpr2_fd45.extracted.sp,.sp,68126,13
openram,deliverables/sram_layoutgen_standalone/build/compare_openram_32x16/ours_32x16_pinlanding_realpin/sram_16x32_wpr2_fd45.sp,E:\njust\keyan\SRAM Compiler_V2\OpenRAM-stable\deliverables\sram_layoutgen_standalone\build\compare_openram_32x16\ours_32x16_pinlanding_realpin\sram_16x32_wpr2_fd45.sp,.sp,42755,13
openram,deliverables/sram_layoutgen_standalone/build/compare_openram_32x16/ours_32x16_realpin_complete/sram_16x32_wpr2_fd45.extracted.sp,E:\njust\keyan\SRAM Compiler_V2\OpenRAM-stable\deliverables\sram_layoutgen_standalone\build\compare_openram_32x16\ours_32x16_realpin_complete\sram_16x32_wpr2_fd45.extracted.sp,.sp,62830,13
openram,deliverables/sram_layoutgen_standalone/build/compare_openram_32x16/ours_32x16_realpin_complete/sram_16x32_wpr2_fd45.sp,E:\njust\keyan\SRAM Compiler_V2\OpenRAM-stable\deliverables\sram_layoutgen_standalone\build\compare_openram_32x16\ours_32x16_realpin_complete\sram_16x32_wpr2_fd45.sp,.sp,42755,13
openram,deliverables/sram_layoutgen_standalone/build/compare_openram_32x16/ours_32x16_realpin_strict/sram_16x32_wpr2_fd45.extracted.sp,E:\njust\keyan\SRAM Compiler_V2\OpenRAM-stable\deliverables\sram_layoutgen_standalone\build\compare_openram_32x16\ours_32x16_realpin_strict\sram_16x32_wpr2_fd45.extracted.sp,.sp,68696,13
openram,deliverables/sram_layoutgen_standalone/build/compare_openram_32x16/ours_32x16_realpin_strict/sram_16x32_wpr2_fd45.sp,E:\njust\keyan\SRAM Compiler_V2\OpenRAM-stable\deliverables\sram_layoutgen_standalone\build\compare_openram_32x16\ours_32x16_realpin_strict\sram_16x32_wpr2_fd45.sp,.sp,42755,13
openram,deliverables/sram_layoutgen_standalone/build/compare_openram_32x16/ours_32x16_storage_rows_connected/sram_16x32_wpr2_fd45.extracted.sp,E:\njust\keyan\SRAM Compiler_V2\OpenRAM-stable\deliverables\sram_layoutgen_standalone\build\compare_openram_32x16\ours_32x16_storage_rows_connected\sram_16x32_wpr2_fd45.extracted.sp,.sp,69493,13
openram,deliverables/sram_layoutgen_standalone/build/compare_openram_32x16/ours_32x16_storage_rows_connected/sram_16x32_wpr2_fd45.sp,E:\njust\keyan\SRAM Compiler_V2\OpenRAM-stable\deliverables\sram_layoutgen_standalone\build\compare_openram_32x16\ours_32x16_storage_rows_connected\sram_16x32_wpr2_fd45.sp,.sp,42755,13
openram,deliverables/sram_layoutgen_standalone/build/compare_openram_32x16/ours_32x16_storage_rows_connected_v2/sram_16x32_wpr2_fd45.extracted.sp,E:\njust\keyan\SRAM Compiler_V2\OpenRAM-stable\deliverables\sram_layoutgen_standalone\build\compare_openram_32x16\ours_32x16_storage_rows_connected_v2\sram_16x32_wpr2_fd45.extracted.sp,.sp,69493,13
openram,deliverables/sram_layoutgen_standalone/build/compare_openram_32x16/ours_32x16_storage_rows_connected_v2/sram_16x32_wpr2_fd45.sp,E:\njust\keyan\SRAM Compiler_V2\OpenRAM-stable\deliverables\sram_layoutgen_standalone\build\compare_openram_32x16\ours_32x16_storage_rows_connected_v2\sram_16x32_wpr2_fd45.sp,.sp,42755,13
openram,deliverables/sram_layoutgen_standalone/build/compare_openram_32x16/ours_32x16_strict_fullpin/sram_16x32_wpr2_fd45.extracted.sp,E:\njust\keyan\SRAM Compiler_V2\OpenRAM-stable\deliverables\sram_layoutgen_standalone\build\compare_openram_32x16\ours_32x16_strict_fullpin\sram_16x32_wpr2_fd45.extracted.sp,.sp,68696,13
openram,deliverables/sram_layoutgen_standalone/build/compare_openram_32x16/ours_32x16_strict_fullpin/sram_16x32_wpr2_fd45.sp,E:\njust\keyan\SRAM Compiler_V2\OpenRAM-stable\deliverables\sram_layoutgen_standalone\build\compare_openram_32x16\ours_32x16_strict_fullpin\sram_16x32_wpr2_fd45.sp,.sp,42755,13
openram,deliverables/sram_layoutgen_standalone/build/compare_openram_32x16/ours_32x16_strict_openram_cells/sram_16x32_wpr2_fd45.extracted.sp,E:\njust\keyan\SRAM Compiler_V2\OpenRAM-stable\deliverables\sram_layoutgen_standalone\build\compare_openram_32x16\ours_32x16_strict_openram_cells\sram_16x32_wpr2_fd45.extracted.sp,.sp,67977,13
openram,deliverables/sram_layoutgen_standalone/build/compare_openram_32x16/ours_32x16_strict_openram_cells/sram_16x32_wpr2_fd45.sp,E:\njust\keyan\SRAM Compiler_V2\OpenRAM-stable\deliverables\sram_layoutgen_standalone\build\compare_openram_32x16\ours_32x16_strict_openram_cells\sram_16x32_wpr2_fd45.sp,.sp,42755,13
openram,deliverables/sram_layoutgen_standalone/build/compare_openram_32x16/ours_32x16_wl_connected/sram_16x32_wpr2_fd45.sp,E:\njust\keyan\SRAM Compiler_V2\OpenRAM-stable\deliverables\sram_layoutgen_standalone\build\compare_openram_32x16\ours_32x16_wl_connected\sram_16x32_wpr2_fd45.sp,.sp,42755,13
openram,deliverables/sram_layoutgen_standalone/build/compare_openram_32x16/ours_32x16_wl_connected_signoff/sram_16x32_wpr2_fd45.sp,E:\njust\keyan\SRAM Compiler_V2\OpenRAM-stable\deliverables\sram_layoutgen_standalone\build\compare_openram_32x16\ours_32x16_wl_connected_signoff\sram_16x32_wpr2_fd45.sp,.sp,42755,13
openram,deliverables/sram_layoutgen_standalone/build/compare_openram_32x16/ours_32x16_wpr2/sram_16x32_wpr2_fd45.extracted.sp,E:\njust\keyan\SRAM Compiler_V2\OpenRAM-stable\deliverables\sram_layoutgen_standalone\build\compare_openram_32x16\ours_32x16_wpr2\sram_16x32_wpr2_fd45.extracted.sp,.sp,62818,13
openram,deliverables/sram_layoutgen_standalone/build/compare_openram_32x16/ours_32x16_wpr2/sram_16x32_wpr2_fd45.sp,E:\njust\keyan\SRAM Compiler_V2\OpenRAM-stable\deliverables\sram_layoutgen_standalone\build\compare_openram_32x16\ours_32x16_wpr2\sram_16x32_wpr2_fd45.sp,.sp,42755,13
openram,deliverables/sram_layoutgen_standalone/build/compare_openram_32x16/ours_32x16_wpr2_decoder_aligned/sram_16x32_wpr2_fd45.extracted.sp,E:\njust\keyan\SRAM Compiler_V2\OpenRAM-stable\deliverables\sram_layoutgen_standalone\build\compare_openram_32x16\ours_32x16_wpr2_decoder_aligned\sram_16x32_wpr2_fd45.extracted.sp,.sp,62830,13
openram,deliverables/sram_layoutgen_standalone/build/compare_openram_32x16/ours_32x16_wpr2_decoder_aligned/sram_16x32_wpr2_fd45.sp,E:\njust\keyan\SRAM Compiler_V2\OpenRAM-stable\deliverables\sram_layoutgen_standalone\build\compare_openram_32x16\ours_32x16_wpr2_decoder_aligned\sram_16x32_wpr2_fd45.sp,.sp,42755,13
openram,deliverables/sram_layoutgen_standalone/build/compare_openram_32x16/ours_32x16_wpr2_safe_promotion/sram_16x32_wpr2_fd45.extracted.sp,E:\njust\keyan\SRAM Compiler_V2\OpenRAM-stable\deliverables\sram_layoutgen_standalone\build\compare_openram_32x16\ours_32x16_wpr2_safe_promotion\sram_16x32_wpr2_fd45.extracted.sp,.sp,62830,13
openram,deliverables/sram_layoutgen_standalone/build/compare_openram_32x16/ours_32x16_wpr2_safe_promotion/sram_16x32_wpr2_fd45.sp,E:\njust\keyan\SRAM Compiler_V2\OpenRAM-stable\deliverables\sram_layoutgen_standalone\build\compare_openram_32x16\ours_32x16_wpr2_safe_promotion\sram_16x32_wpr2_fd45.sp,.sp,42755,13
openram,deliverables/sram_layoutgen_standalone/build/external_signoff_32x16_wpr1_openram_placer/sram_32x16_wpr1_fd45.sp,E:\njust\keyan\SRAM Compiler_V2\OpenRAM-stable\deliverables\sram_layoutgen_standalone\build\external_signoff_32x16_wpr1_openram_placer\sram_32x16_wpr1_fd45.sp,.sp,46926,13
openram,deliverables/sram_layoutgen_standalone/build/external_signoff_32x16_wpr1_openram_placer2/sram_32x16_wpr1_fd45.sp,E:\njust\keyan\SRAM Compiler_V2\OpenRAM-stable\deliverables\sram_layoutgen_standalone\build\external_signoff_32x16_wpr1_openram_placer2\sram_32x16_wpr1_fd45.sp,.sp,46926,13
openram,.venv/Lib/site-packages/openram-1.2.49-py3.11.egg/openram/compiler/modules/sram_multibank_template.v,E:\njust\keyan\SRAM Compiler_V2\OpenRAM-stable\.venv\Lib\site-packages\openram-1.2.49-py3.11.egg\openram\compiler\modules\sram_multibank_template.v,.v,4694,10
openram,build/lib/openram/compiler/modules/sram_multibank_template.v,E:\njust\keyan\SRAM Compiler_V2\OpenRAM-stable\build\lib\openram\compiler\modules\sram_multibank_template.v,.v,4694,10
openram,deliverables/sram_layoutgen_standalone/build/codex_openram_macro_only_quick/4x32_wpr1/sram_4x32_wpr1_fd45.sp,E:\njust\keyan\SRAM Compiler_V2\OpenRAM-stable\deliverables\sram_layoutgen_standalone\build\codex_openram_macro_only_quick\4x32_wpr1\sram_4x32_wpr1_fd45.sp,.sp,21857,10
openram,deliverables/sram_layoutgen_standalone/build/codex_openram_macro_only_quick/4x32_wpr2/sram_4x32_wpr2_fd45.sp,E:\njust\keyan\SRAM Compiler_V2\OpenRAM-stable\deliverables\sram_layoutgen_standalone\build\codex_openram_macro_only_quick\4x32_wpr2\sram_4x32_wpr2_fd45.sp,.sp,17329,10
openram,deliverables/sram_layoutgen_standalone/build/codex_openram_macro_only_quick/8x64_wpr4/sram_8x64_wpr4_fd45.sp,E:\njust\keyan\SRAM Compiler_V2\OpenRAM-stable\deliverables\sram_layoutgen_standalone\build\codex_openram_macro_only_quick\8x64_wpr4\sram_8x64_wpr4_fd45.sp,.sp,40901,10
openram,deliverables/sram_layoutgen_standalone/build/codex_openram_macros_quick/4x32_wpr1/sram_4x32_wpr1_fd45.sp,E:\njust\keyan\SRAM Compiler_V2\OpenRAM-stable\deliverables\sram_layoutgen_standalone\build\codex_openram_macros_quick\4x32_wpr1\sram_4x32_wpr1_fd45.sp,.sp,22559,10
openram,deliverables/sram_layoutgen_standalone/build/codex_openram_macros_quick/4x32_wpr2/sram_4x32_wpr2_fd45.sp,E:\njust\keyan\SRAM Compiler_V2\OpenRAM-stable\deliverables\sram_layoutgen_standalone\build\codex_openram_macros_quick\4x32_wpr2\sram_4x32_wpr2_fd45.sp,.sp,17679,10
openram,deliverables/sram_layoutgen_standalone/build/codex_openram_macros_quick/8x64_wpr4/sram_8x64_wpr4_fd45.sp,E:\njust\keyan\SRAM Compiler_V2\OpenRAM-stable\deliverables\sram_layoutgen_standalone\build\codex_openram_macros_quick\8x64_wpr4\sram_8x64_wpr4_fd45.sp,.sp,41251,10
openram,deliverables/sram_layoutgen_standalone/build/codex_openram_macros_quick_final/4x32_wpr1/sram_4x32_wpr1_fd45.sp,E:\njust\keyan\SRAM Compiler_V2\OpenRAM-stable\deliverables\sram_layoutgen_standalone\build\codex_openram_macros_quick_final\4x32_wpr1\sram_4x32_wpr1_fd45.sp,.sp,22559,10
openram,deliverables/sram_layoutgen_standalone/build/codex_openram_macros_quick_final/4x32_wpr2/sram_4x32_wpr2_fd45.sp,E:\njust\keyan\SRAM Compiler_V2\OpenRAM-stable\deliverables\sram_layoutgen_standalone\build\codex_openram_macros_quick_final\4x32_wpr2\sram_4x32_wpr2_fd45.sp,.sp,17679,10
openram,deliverables/sram_layoutgen_standalone/build/codex_openram_macros_quick_final/8x64_wpr4/sram_8x64_wpr4_fd45.sp,E:\njust\keyan\SRAM Compiler_V2\OpenRAM-stable\deliverables\sram_layoutgen_standalone\build\codex_openram_macros_quick_final\8x64_wpr4\sram_8x64_wpr4_fd45.sp,.sp,41251,10
openram,deliverables/sram_layoutgen_standalone/build/codex_openram_mirror_quick/4x32_wpr1/sram_4x32_wpr1_fd45.sp,E:\njust\keyan\SRAM Compiler_V2\OpenRAM-stable\deliverables\sram_layoutgen_standalone\build\codex_openram_mirror_quick\4x32_wpr1\sram_4x32_wpr1_fd45.sp,.sp,22474,10
openram,deliverables/sram_layoutgen_standalone/build/codex_openram_mirror_quick/4x32_wpr2/sram_4x32_wpr2_fd45.sp,E:\njust\keyan\SRAM Compiler_V2\OpenRAM-stable\deliverables\sram_layoutgen_standalone\build\codex_openram_mirror_quick\4x32_wpr2\sram_4x32_wpr2_fd45.sp,.sp,17594,10
openram,deliverables/sram_layoutgen_standalone/build/codex_openram_mirror_quick/8x64_wpr4/sram_8x64_wpr4_fd45.sp,E:\njust\keyan\SRAM Compiler_V2\OpenRAM-stable\deliverables\sram_layoutgen_standalone\build\codex_openram_mirror_quick\8x64_wpr4\sram_8x64_wpr4_fd45.sp,.sp,41166,10
openram,deliverables/sram_layoutgen_standalone/build/codex_openram_placer_quick/4x32_wpr1/sram_4x32_wpr1_fd45.sp,E:\njust\keyan\SRAM Compiler_V2\OpenRAM-stable\deliverables\sram_layoutgen_standalone\build\codex_openram_placer_quick\4x32_wpr1\sram_4x32_wpr1_fd45.sp,.sp,22474,10
openram,deliverables/sram_layoutgen_standalone/build/codex_openram_placer_quick/4x32_wpr2/sram_4x32_wpr2_fd45.sp,E:\njust\keyan\SRAM Compiler_V2\OpenRAM-stable\deliverables\sram_layoutgen_standalone\build\codex_openram_placer_quick\4x32_wpr2\sram_4x32_wpr2_fd45.sp,.sp,17594,10
openram,deliverables/sram_layoutgen_standalone/build/codex_openram_placer_quick/8x64_wpr4/sram_8x64_wpr4_fd45.sp,E:\njust\keyan\SRAM Compiler_V2\OpenRAM-stable\deliverables\sram_layoutgen_standalone\build\codex_openram_placer_quick\8x64_wpr4\sram_8x64_wpr4_fd45.sp,.sp,41166,10
openram,deliverables/sram_layoutgen_standalone/build/codex_openram_placer_quick2/4x32_wpr1/sram_4x32_wpr1_fd45.sp,E:\njust\keyan\SRAM Compiler_V2\OpenRAM-stable\deliverables\sram_layoutgen_standalone\build\codex_openram_placer_quick2\4x32_wpr1\sram_4x32_wpr1_fd45.sp,.sp,22474,10
openram,deliverables/sram_layoutgen_standalone/build/codex_openram_placer_quick2/4x32_wpr2/sram_4x32_wpr2_fd45.sp,E:\njust\keyan\SRAM Compiler_V2\OpenRAM-stable\deliverables\sram_layoutgen_standalone\build\codex_openram_placer_quick2\4x32_wpr2\sram_4x32_wpr2_fd45.sp,.sp,17594,10
openram,deliverables/sram_layoutgen_standalone/build/codex_openram_placer_quick2/8x64_wpr4/sram_8x64_wpr4_fd45.sp,E:\njust\keyan\SRAM Compiler_V2\OpenRAM-stable\deliverables\sram_layoutgen_standalone\build\codex_openram_placer_quick2\8x64_wpr4\sram_8x64_wpr4_fd45.sp,.sp,41166,10
openram,deliverables/sram_layoutgen_standalone/build/external_signoff_16x32_wpr2_openram_macro_only/sram_16x32_wpr2_fd45.sp,E:\njust\keyan\SRAM Compiler_V2\OpenRAM-stable\deliverables\sram_layoutgen_standalone\build\external_signoff_16x32_wpr2_openram_macro_only\sram_16x32_wpr2_fd45.sp,.sp,42755,10
openram,deliverables/sram_layoutgen_standalone/build/external_signoff_16x32_wpr2_openram_macro_only_final/sram_16x32_wpr2_fd45.sp,E:\njust\keyan\SRAM Compiler_V2\OpenRAM-stable\deliverables\sram_layoutgen_standalone\build\external_signoff_16x32_wpr2_openram_macro_only_final\sram_16x32_wpr2_fd45.sp,.sp,42755,10
openram,deliverables/sram_layoutgen_standalone/build/external_signoff_16x32_wpr2_openram_macros_final/sram_16x32_wpr2_fd45.sp,E:\njust\keyan\SRAM Compiler_V2\OpenRAM-stable\deliverables\sram_layoutgen_standalone\build\external_signoff_16x32_wpr2_openram_macros_final\sram_16x32_wpr2_fd45.sp,.sp,43105,10
openram,deliverables/sram_layoutgen_standalone/build/external_signoff_16x32_wpr2_openram_macros_pitchfix/sram_16x32_wpr2_fd45.sp,E:\njust\keyan\SRAM Compiler_V2\OpenRAM-stable\deliverables\sram_layoutgen_standalone\build\external_signoff_16x32_wpr2_openram_macros_pitchfix\sram_16x32_wpr2_fd45.sp,.sp,43105,10
openram,deliverables/sram_layoutgen_standalone/build/external_signoff_16x32_wpr2_openram_quadrant_compact/sram_16x32_wpr2_fd45.sp,E:\njust\keyan\SRAM Compiler_V2\OpenRAM-stable\deliverables\sram_layoutgen_standalone\build\external_signoff_16x32_wpr2_openram_quadrant_compact\sram_16x32_wpr2_fd45.sp,.sp,42755,10
openram,deliverables/sram_layoutgen_standalone/build/external_signoff_4x32_strict_openram_cells/sram_4x32_wpr2_fd45.extracted.sp,E:\njust\keyan\SRAM Compiler_V2\OpenRAM-stable\deliverables\sram_layoutgen_standalone\build\external_signoff_4x32_strict_openram_cells\sram_4x32_wpr2_fd45.extracted.sp,.sp,32440,10
openram,deliverables/sram_layoutgen_standalone/build/external_signoff_4x32_strict_openram_cells/sram_4x32_wpr2_fd45.sp,E:\njust\keyan\SRAM Compiler_V2\OpenRAM-stable\deliverables\sram_layoutgen_standalone\build\external_signoff_4x32_strict_openram_cells\sram_4x32_wpr2_fd45.sp,.sp,17329,10
openram,deliverables/sram_layoutgen_standalone/build/external_signoff_4x32_wpr2_openram_anchor_compact/sram_4x32_wpr2_fd45.sp,E:\njust\keyan\SRAM Compiler_V2\OpenRAM-stable\deliverables\sram_layoutgen_standalone\build\external_signoff_4x32_wpr2_openram_anchor_compact\sram_4x32_wpr2_fd45.sp,.sp,17329,10
openram,deliverables/sram_layoutgen_standalone/build/external_signoff_4x32_wpr2_openram_array_origin_integration/sram_4x32_wpr2_fd45.sp,E:\njust\keyan\SRAM Compiler_V2\OpenRAM-stable\deliverables\sram_layoutgen_standalone\build\external_signoff_4x32_wpr2_openram_array_origin_integration\sram_4x32_wpr2_fd45.sp,.sp,17329,10
openram,deliverables/sram_layoutgen_standalone/build/external_signoff_4x32_wpr2_openram_macro_full_drc/sram_4x32_wpr2_fd45.sp,E:\njust\keyan\SRAM Compiler_V2\OpenRAM-stable\deliverables\sram_layoutgen_standalone\build\external_signoff_4x32_wpr2_openram_macro_full_drc\sram_4x32_wpr2_fd45.sp,.sp,17329,10
openram,deliverables/sram_layoutgen_standalone/build/external_signoff_4x32_wpr2_openram_macro_only/sram_4x32_wpr2_fd45.sp,E:\njust\keyan\SRAM Compiler_V2\OpenRAM-stable\deliverables\sram_layoutgen_standalone\build\external_signoff_4x32_wpr2_openram_macro_only\sram_4x32_wpr2_fd45.sp,.sp,17329,10
openram,deliverables/sram_layoutgen_standalone/build/external_signoff_4x32_wpr2_openram_macro_only_final/sram_4x32_wpr2_fd45.sp,E:\njust\keyan\SRAM Compiler_V2\OpenRAM-stable\deliverables\sram_layoutgen_standalone\build\external_signoff_4x32_wpr2_openram_macro_only_final\sram_4x32_wpr2_fd45.sp,.sp,17329,10
openram,deliverables/sram_layoutgen_standalone/build/external_signoff_4x32_wpr2_openram_macros/sram_4x32_wpr2_fd45.sp,E:\njust\keyan\SRAM Compiler_V2\OpenRAM-stable\deliverables\sram_layoutgen_standalone\build\external_signoff_4x32_wpr2_openram_macros\sram_4x32_wpr2_fd45.sp,.sp,17679,10
openram,deliverables/sram_layoutgen_standalone/build/external_signoff_4x32_wpr2_openram_macros_final/sram_4x32_wpr2_fd45.sp,E:\njust\keyan\SRAM Compiler_V2\OpenRAM-stable\deliverables\sram_layoutgen_standalone\build\external_signoff_4x32_wpr2_openram_macros_final\sram_4x32_wpr2_fd45.sp,.sp,17679,10
openram,deliverables/sram_layoutgen_standalone/build/external_signoff_4x32_wpr2_openram_macros_pitchfix/sram_4x32_wpr2_fd45.sp,E:\njust\keyan\SRAM Compiler_V2\OpenRAM-stable\deliverables\sram_layoutgen_standalone\build\external_signoff_4x32_wpr2_openram_macros_pitchfix\sram_4x32_wpr2_fd45.sp,.sp,17679,10
openram,deliverables/sram_layoutgen_standalone/build/external_signoff_4x32_wpr2_openram_macros_pitchfix2/sram_4x32_wpr2_fd45.sp,E:\njust\keyan\SRAM Compiler_V2\OpenRAM-stable\deliverables\sram_layoutgen_standalone\build\external_signoff_4x32_wpr2_openram_macros_pitchfix2\sram_4x32_wpr2_fd45.sp,.sp,17679,10
openram,deliverables/sram_layoutgen_standalone/build/external_signoff_4x32_wpr2_openram_macros_pitchfix3/sram_4x32_wpr2_fd45.sp,E:\njust\keyan\SRAM Compiler_V2\OpenRAM-stable\deliverables\sram_layoutgen_standalone\build\external_signoff_4x32_wpr2_openram_macros_pitchfix3\sram_4x32_wpr2_fd45.sp,.sp,17679,10
openram,deliverables/sram_layoutgen_standalone/build/external_signoff_4x32_wpr2_openram_macros_pitchfix4/sram_4x32_wpr2_fd45.sp,E:\njust\keyan\SRAM Compiler_V2\OpenRAM-stable\deliverables\sram_layoutgen_standalone\build\external_signoff_4x32_wpr2_openram_macros_pitchfix4\sram_4x32_wpr2_fd45.sp,.sp,17679,10
openram,deliverables/sram_layoutgen_standalone/build/external_signoff_4x32_wpr2_openram_macros_pitchfix5/sram_4x32_wpr2_fd45.sp,E:\njust\keyan\SRAM Compiler_V2\OpenRAM-stable\deliverables\sram_layoutgen_standalone\build\external_signoff_4x32_wpr2_openram_macros_pitchfix5\sram_4x32_wpr2_fd45.sp,.sp,17679,10
openram,deliverables/sram_layoutgen_standalone/build/external_signoff_4x32_wpr2_openram_macros_pitchfix6/sram_4x32_wpr2_fd45.sp,E:\njust\keyan\SRAM Compiler_V2\OpenRAM-stable\deliverables\sram_layoutgen_standalone\build\external_signoff_4x32_wpr2_openram_macros_pitchfix6\sram_4x32_wpr2_fd45.sp,.sp,17679,10
openram,deliverables/sram_layoutgen_standalone/build/external_signoff_4x32_wpr2_openram_mirror/sram_4x32_wpr2_fd45.sp,E:\njust\keyan\SRAM Compiler_V2\OpenRAM-stable\deliverables\sram_layoutgen_standalone\build\external_signoff_4x32_wpr2_openram_mirror\sram_4x32_wpr2_fd45.sp,.sp,17594,10
openram,deliverables/sram_layoutgen_standalone/build/external_signoff_4x32_wpr2_openram_mirror_report/sram_4x32_wpr2_fd45.sp,E:\njust\keyan\SRAM Compiler_V2\OpenRAM-stable\deliverables\sram_layoutgen_standalone\build\external_signoff_4x32_wpr2_openram_mirror_report\sram_4x32_wpr2_fd45.sp,.sp,17594,10
openram,deliverables/sram_layoutgen_standalone/build/external_signoff_4x32_wpr2_openram_origin_macros/sram_4x32_wpr2_fd45.sp,E:\njust\keyan\SRAM Compiler_V2\OpenRAM-stable\deliverables\sram_layoutgen_standalone\build\external_signoff_4x32_wpr2_openram_origin_macros\sram_4x32_wpr2_fd45.sp,.sp,17329,10
openram,deliverables/sram_layoutgen_standalone/build/external_signoff_4x32_wpr2_openram_origin_macros_full_drc/sram_4x32_wpr2_fd45.sp,E:\njust\keyan\SRAM Compiler_V2\OpenRAM-stable\deliverables\sram_layoutgen_standalone\build\external_signoff_4x32_wpr2_openram_origin_macros_full_drc\sram_4x32_wpr2_fd45.sp,.sp,17329,10
openram,deliverables/sram_layoutgen_standalone/build/external_signoff_4x32_wpr2_openram_placer/sram_4x32_wpr2_fd45.sp,E:\njust\keyan\SRAM Compiler_V2\OpenRAM-stable\deliverables\sram_layoutgen_standalone\build\external_signoff_4x32_wpr2_openram_placer\sram_4x32_wpr2_fd45.sp,.sp,17594,10
openram,deliverables/sram_layoutgen_standalone/build/external_signoff_4x32_wpr2_openram_placer2/sram_4x32_wpr2_fd45.sp,E:\njust\keyan\SRAM Compiler_V2\OpenRAM-stable\deliverables\sram_layoutgen_standalone\build\external_signoff_4x32_wpr2_openram_placer2\sram_4x32_wpr2_fd45.sp,.sp,17594,10
openram,deliverables/sram_layoutgen_standalone/build/external_signoff_4x32_wpr2_openram_placer3/sram_4x32_wpr2_fd45.sp,E:\njust\keyan\SRAM Compiler_V2\OpenRAM-stable\deliverables\sram_layoutgen_standalone\build\external_signoff_4x32_wpr2_openram_placer3\sram_4x32_wpr2_fd45.sp,.sp,17594,10
openram,deliverables/sram_layoutgen_standalone/build/external_signoff_4x32_wpr2_openram_quadrant_compact/sram_4x32_wpr2_fd45.sp,E:\njust\keyan\SRAM Compiler_V2\OpenRAM-stable\deliverables\sram_layoutgen_standalone\build\external_signoff_4x32_wpr2_openram_quadrant_compact\sram_4x32_wpr2_fd45.sp,.sp,17329,10
openram,deliverables/sram_layoutgen_standalone/build/external_signoff_4x32_wpr2_openram_quadrant_full_drc/sram_4x32_wpr2_fd45.sp,E:\njust\keyan\SRAM Compiler_V2\OpenRAM-stable\deliverables\sram_layoutgen_standalone\build\external_signoff_4x32_wpr2_openram_quadrant_full_drc\sram_4x32_wpr2_fd45.sp,.sp,17329,10
openram,deliverables/sram_layoutgen_standalone/build/external_signoff_openram_ref_16x32_wpr2_abstractmacros/sram_16x32_wpr2_fd45.sp,E:\njust\keyan\SRAM Compiler_V2\OpenRAM-stable\deliverables\sram_layoutgen_standalone\build\external_signoff_openram_ref_16x32_wpr2_abstractmacros\sram_16x32_wpr2_fd45.sp,.sp,43020,10
openram,deliverables/sram_layoutgen_standalone/build/external_signoff_openram_ref_16x32_wpr2_placer/sram_16x32_wpr2_fd45.sp,E:\njust\keyan\SRAM Compiler_V2\OpenRAM-stable\deliverables\sram_layoutgen_standalone\build\external_signoff_openram_ref_16x32_wpr2_placer\sram_16x32_wpr2_fd45.sp,.sp,43020,10
openram,deliverables/sram_layoutgen_standalone/build/external_signoff_openram_ref_16x32_wpr2_placer2/sram_16x32_wpr2_fd45.sp,E:\njust\keyan\SRAM Compiler_V2\OpenRAM-stable\deliverables\sram_layoutgen_standalone\build\external_signoff_openram_ref_16x32_wpr2_placer2\sram_16x32_wpr2_fd45.sp,.sp,43020,10
openram,deliverables/sram_layoutgen_standalone/build/external_signoff_openram_ref_16x32_wpr2_placer3/sram_16x32_wpr2_fd45.sp,E:\njust\keyan\SRAM Compiler_V2\OpenRAM-stable\deliverables\sram_layoutgen_standalone\build\external_signoff_openram_ref_16x32_wpr2_placer3\sram_16x32_wpr2_fd45.sp,.sp,43020,10
openram,deliverables/sram_layoutgen_standalone/build/openram_wl_driver_column_16x32/sram_16x32_wpr2_fd45.sp,E:\njust\keyan\SRAM Compiler_V2\OpenRAM-stable\deliverables\sram_layoutgen_standalone\build\openram_wl_driver_column_16x32\sram_16x32_wpr2_fd45.sp,.sp,42741,10
openram,deliverables/sram_layoutgen_standalone/build/openram_wl_driver_column_4x32/sram_4x32_wpr2_fd45.sp,E:\njust\keyan\SRAM Compiler_V2\OpenRAM-stable\deliverables\sram_layoutgen_standalone\build\openram_wl_driver_column_4x32\sram_4x32_wpr2_fd45.sp,.sp,17291,10
openram,deliverables/sram_layoutgen_standalone/build/openram_wl_driver_column_4x32_wpr1/sram_4x32_wpr1_fd45.sp,E:\njust\keyan\SRAM Compiler_V2\OpenRAM-stable\deliverables\sram_layoutgen_standalone\build\openram_wl_driver_column_4x32_wpr1\sram_4x32_wpr1_fd45.sp,.sp,21849,10
openram,deliverables/sram_layoutgen_standalone/build/openram_wl_driver_column_sweep/4x32_wpr1/sram_4x32_wpr1_fd45.sp,E:\njust\keyan\SRAM Compiler_V2\OpenRAM-stable\deliverables\sram_layoutgen_standalone\build\openram_wl_driver_column_sweep\4x32_wpr1\sram_4x32_wpr1_fd45.sp,.sp,21849,10
openram,deliverables/sram_layoutgen_standalone/build/openram_wl_driver_column_sweep/4x32_wpr2/sram_4x32_wpr2_fd45.sp,E:\njust\keyan\SRAM Compiler_V2\OpenRAM-stable\deliverables\sram_layoutgen_standalone\build\openram_wl_driver_column_sweep\4x32_wpr2\sram_4x32_wpr2_fd45.sp,.sp,17291,10
openram,deliverables/sram_layoutgen_standalone/build/openram_wl_driver_column_sweep/8x64_wpr4/sram_8x64_wpr4_fd45.sp,E:\njust\keyan\SRAM Compiler_V2\OpenRAM-stable\deliverables\sram_layoutgen_standalone\build\openram_wl_driver_column_sweep\8x64_wpr4\sram_8x64_wpr4_fd45.sp,.sp,40926,10
openram,.venv/Lib/site-packages/openram-1.2.49-py3.11.egg/openram/compiler/tests/golden/sram_2_16_1_scn4m_subm.sp,E:\njust\keyan\SRAM Compiler_V2\OpenRAM-stable\.venv\Lib\site-packages\openram-1.2.49-py3.11.egg\openram\compiler\tests\golden\sram_2_16_1_scn4m_subm.sp,.sp,24481,9
openram,.venv/Lib/site-packages/openram-1.2.49-py3.11.egg/openram/compiler/tests/golden/sram_2_16_1_scn4m_subm.v,E:\njust\keyan\SRAM Compiler_V2\OpenRAM-stable\.venv\Lib\site-packages\openram-1.2.49-py3.11.egg\openram\compiler\tests\golden\sram_2_16_1_scn4m_subm.v,.v,1808,9
openram,.venv/Lib/site-packages/openram-1.2.49-py3.11.egg/openram/compiler/tests/golden/sram_2_16_1_sky130.sp,E:\njust\keyan\SRAM Compiler_V2\OpenRAM-stable\.venv\Lib\site-packages\openram-1.2.49-py3.11.egg\openram\compiler\tests\golden\sram_2_16_1_sky130.sp,.sp,69849,9
openram,.venv/Lib/site-packages/openram-1.2.49-py3.11.egg/openram/compiler/tests/golden/sram_2_16_2_scn4m_subm.v,E:\njust\keyan\SRAM Compiler_V2\OpenRAM-stable\.venv\Lib\site-packages\openram-1.2.49-py3.11.egg\openram\compiler\tests\golden\sram_2_16_2_scn4m_subm.v,.v,1808,9
openram,.venv/Lib/site-packages/openram-1.2.49-py3.11.egg/openram/compiler/tests/golden/sram_2_16_2_scn4m_subm_top.v,E:\njust\keyan\SRAM Compiler_V2\OpenRAM-stable\.venv\Lib\site-packages\openram-1.2.49-py3.11.egg\openram\compiler\tests\golden\sram_2_16_2_scn4m_subm_top.v,.v,1799,9
openram,.venv/Lib/site-packages/openram-1.2.49-py3.11.egg/openram/compiler/tests/sp_files/sram_2_16_1_scn4m_subm.sp,E:\njust\keyan\SRAM Compiler_V2\OpenRAM-stable\.venv\Lib\site-packages\openram-1.2.49-py3.11.egg\openram\compiler\tests\sp_files\sram_2_16_1_scn4m_subm.sp,.sp,44365,9
openram,.venv/Lib/site-packages/openram-1.2.49-py3.11.egg/openram/compiler/tests/sp_files/sram_2_16_1_sky130.sp,E:\njust\keyan\SRAM Compiler_V2\OpenRAM-stable\.venv\Lib\site-packages\openram-1.2.49-py3.11.egg\openram\compiler\tests\sp_files\sram_2_16_1_sky130.sp,.sp,69849,9
openram,.venv/Lib/site-packages/openram-1.2.49-py3.11.egg/openram/compiler/tests/sram_1rw_1r_tb.v,E:\njust\keyan\SRAM Compiler_V2\OpenRAM-stable\.venv\Lib\site-packages\openram-1.2.49-py3.11.egg\openram\compiler\tests\sram_1rw_1r_tb.v,.v,2060,9
openram,.venv/Lib/site-packages/openram-1.2.49-py3.11.egg/openram/compiler/tests/sram_1rw_tb.v,E:\njust\keyan\SRAM Compiler_V2\OpenRAM-stable\.venv\Lib\site-packages\openram-1.2.49-py3.11.egg\openram\compiler\tests\sram_1rw_tb.v,.v,1382,9
openram,.venv/Lib/site-packages/openram-1.2.49-py3.11.egg/openram/compiler/tests/sram_1rw_wmask_tb.v,E:\njust\keyan\SRAM Compiler_V2\OpenRAM-stable\.venv\Lib\site-packages\openram-1.2.49-py3.11.egg\openram\compiler\tests\sram_1rw_wmask_tb.v,.v,1476,9
openram,build/lib/openram/compiler/tests/golden/sram_2_16_1_scn4m_subm.sp,E:\njust\keyan\SRAM Compiler_V2\OpenRAM-stable\build\lib\openram\compiler\tests\golden\sram_2_16_1_scn4m_subm.sp,.sp,24481,9
openram,build/lib/openram/compiler/tests/golden/sram_2_16_1_scn4m_subm.v,E:\njust\keyan\SRAM Compiler_V2\OpenRAM-stable\build\lib\openram\compiler\tests\golden\sram_2_16_1_scn4m_subm.v,.v,1808,9
openram,build/lib/openram/compiler/tests/golden/sram_2_16_1_sky130.sp,E:\njust\keyan\SRAM Compiler_V2\OpenRAM-stable\build\lib\openram\compiler\tests\golden\sram_2_16_1_sky130.sp,.sp,69849,9
openram,build/lib/openram/compiler/tests/golden/sram_2_16_2_scn4m_subm.v,E:\njust\keyan\SRAM Compiler_V2\OpenRAM-stable\build\lib\openram\compiler\tests\golden\sram_2_16_2_scn4m_subm.v,.v,1808,9
openram,build/lib/openram/compiler/tests/golden/sram_2_16_2_scn4m_subm_top.v,E:\njust\keyan\SRAM Compiler_V2\OpenRAM-stable\build\lib\openram\compiler\tests\golden\sram_2_16_2_scn4m_subm_top.v,.v,1799,9
openram,build/lib/openram/compiler/tests/sp_files/sram_2_16_1_scn4m_subm.sp,E:\njust\keyan\SRAM Compiler_V2\OpenRAM-stable\build\lib\openram\compiler\tests\sp_files\sram_2_16_1_scn4m_subm.sp,.sp,44365,9
openram,build/lib/openram/compiler/tests/sp_files/sram_2_16_1_sky130.sp,E:\njust\keyan\SRAM Compiler_V2\OpenRAM-stable\build\lib\openram\compiler\tests\sp_files\sram_2_16_1_sky130.sp,.sp,69849,9
openram,build/lib/openram/compiler/tests/sram_1rw_1r_tb.v,E:\njust\keyan\SRAM Compiler_V2\OpenRAM-stable\build\lib\openram\compiler\tests\sram_1rw_1r_tb.v,.v,2060,9
openram,build/lib/openram/compiler/tests/sram_1rw_tb.v,E:\njust\keyan\SRAM Compiler_V2\OpenRAM-stable\build\lib\openram\compiler\tests\sram_1rw_tb.v,.v,1382,9
openram,build/lib/openram/compiler/tests/sram_1rw_wmask_tb.v,E:\njust\keyan\SRAM Compiler_V2\OpenRAM-stable\build\lib\openram\compiler\tests\sram_1rw_wmask_tb.v,.v,1476,9
openram,compiler/tests/golden/sram_2_16_1_freepdk45.sp,E:\njust\keyan\SRAM Compiler_V2\OpenRAM-stable\compiler\tests\golden\sram_2_16_1_freepdk45.sp,.sp,24717,8
openram,compiler/tests/golden/sram_2_16_1_freepdk45.v,E:\njust\keyan\SRAM Compiler_V2\OpenRAM-stable\compiler\tests\golden\sram_2_16_1_freepdk45.v,.v,1807,8
openram,compiler/tests/golden/sram_2_16_2_freepdk45.v,E:\njust\keyan\SRAM Compiler_V2\OpenRAM-stable\compiler\tests\golden\sram_2_16_2_freepdk45.v,.v,1807,8
openram,compiler/tests/golden/sram_2_16_2_freepdk45_top.v,E:\njust\keyan\SRAM Compiler_V2\OpenRAM-stable\compiler\tests\golden\sram_2_16_2_freepdk45_top.v,.v,1796,8
openram,compiler/tests/sp_files/sram_2_16_1_freepdk45.sp,E:\njust\keyan\SRAM Compiler_V2\OpenRAM-stable\compiler\tests\sp_files\sram_2_16_1_freepdk45.sp,.sp,44392,8
openram,.venv/Lib/site-packages/openram-1.2.49-py3.11.egg/openram/technology/freepdk45/sp_lib/cell_1rw.sp,E:\njust\keyan\SRAM Compiler_V2\OpenRAM-stable\.venv\Lib\site-packages\openram-1.2.49-py3.11.egg\openram\technology\freepdk45\sp_lib\cell_1rw.sp,.sp,359,7
openram,.venv/Lib/site-packages/openram-1.2.49-py3.11.egg/openram/technology/freepdk45/sp_lib/cell_2rw.sp,E:\njust\keyan\SRAM Compiler_V2\OpenRAM-stable\.venv\Lib\site-packages\openram-1.2.49-py3.11.egg\openram\technology\freepdk45\sp_lib\cell_2rw.sp,.sp,571,7
openram,.venv/Lib/site-packages/openram-1.2.49-py3.11.egg/openram/technology/freepdk45/sp_lib/dff.sp,E:\njust\keyan\SRAM Compiler_V2\OpenRAM-stable\.venv\Lib\site-packages\openram-1.2.49-py3.11.egg\openram\technology\freepdk45\sp_lib\dff.sp,.sp,1647,7
openram,.venv/Lib/site-packages/openram-1.2.49-py3.11.egg/openram/technology/freepdk45/sp_lib/dummy_cell_1rw.sp,E:\njust\keyan\SRAM Compiler_V2\OpenRAM-stable\.venv\Lib\site-packages\openram-1.2.49-py3.11.egg\openram\technology\freepdk45\sp_lib\dummy_cell_1rw.sp,.sp,385,7
openram,.venv/Lib/site-packages/openram-1.2.49-py3.11.egg/openram/technology/freepdk45/sp_lib/dummy_cell_2rw.sp,E:\njust\keyan\SRAM Compiler_V2\OpenRAM-stable\.venv\Lib\site-packages\openram-1.2.49-py3.11.egg\openram\technology\freepdk45\sp_lib\dummy_cell_2rw.sp,.sp,605,7
openram,.venv/Lib/site-packages/openram-1.2.49-py3.11.egg/openram/technology/freepdk45/sp_lib/replica_cell_1rw.sp,E:\njust\keyan\SRAM Compiler_V2\OpenRAM-stable\.venv\Lib\site-packages\openram-1.2.49-py3.11.egg\openram\technology\freepdk45\sp_lib\replica_cell_1rw.sp,.sp,357,7
openram,.venv/Lib/site-packages/openram-1.2.49-py3.11.egg/openram/technology/freepdk45/sp_lib/replica_cell_2rw.sp,E:\njust\keyan\SRAM Compiler_V2\OpenRAM-stable\.venv\Lib\site-packages\openram-1.2.49-py3.11.egg\openram\technology\freepdk45\sp_lib\replica_cell_2rw.sp,.sp,567,7
openram,.venv/Lib/site-packages/openram-1.2.49-py3.11.egg/openram/technology/freepdk45/sp_lib/sense_amp.sp,E:\njust\keyan\SRAM Compiler_V2\OpenRAM-stable\.venv\Lib\site-packages\openram-1.2.49-py3.11.egg\openram\technology\freepdk45\sp_lib\sense_amp.sp,.sp,607,7
openram,.venv/Lib/site-packages/openram-1.2.49-py3.11.egg/openram/technology/freepdk45/sp_lib/tri_gate.sp,E:\njust\keyan\SRAM Compiler_V2\OpenRAM-stable\.venv\Lib\site-packages\openram-1.2.49-py3.11.egg\openram\technology\freepdk45\sp_lib\tri_gate.sp,.sp,405,7
openram,.venv/Lib/site-packages/openram-1.2.49-py3.11.egg/openram/technology/freepdk45/sp_lib/write_driver.sp,E:\njust\keyan\SRAM Compiler_V2\OpenRAM-stable\.venv\Lib\site-packages\openram-1.2.49-py3.11.egg\openram\technology\freepdk45\sp_lib\write_driver.sp,.sp,866,7
openram,build/lib/openram/technology/freepdk45/sp_lib/cell_1rw.sp,E:\njust\keyan\SRAM Compiler_V2\OpenRAM-stable\build\lib\openram\technology\freepdk45\sp_lib\cell_1rw.sp,.sp,359,7
openram,build/lib/openram/technology/freepdk45/sp_lib/cell_2rw.sp,E:\njust\keyan\SRAM Compiler_V2\OpenRAM-stable\build\lib\openram\technology\freepdk45\sp_lib\cell_2rw.sp,.sp,571,7
openram,build/lib/openram/technology/freepdk45/sp_lib/dff.sp,E:\njust\keyan\SRAM Compiler_V2\OpenRAM-stable\build\lib\openram\technology\freepdk45\sp_lib\dff.sp,.sp,1647,7
openram,build/lib/openram/technology/freepdk45/sp_lib/dummy_cell_1rw.sp,E:\njust\keyan\SRAM Compiler_V2\OpenRAM-stable\build\lib\openram\technology\freepdk45\sp_lib\dummy_cell_1rw.sp,.sp,385,7
openram,build/lib/openram/technology/freepdk45/sp_lib/dummy_cell_2rw.sp,E:\njust\keyan\SRAM Compiler_V2\OpenRAM-stable\build\lib\openram\technology\freepdk45\sp_lib\dummy_cell_2rw.sp,.sp,605,7
openram,build/lib/openram/technology/freepdk45/sp_lib/replica_cell_1rw.sp,E:\njust\keyan\SRAM Compiler_V2\OpenRAM-stable\build\lib\openram\technology\freepdk45\sp_lib\replica_cell_1rw.sp,.sp,357,7
openram,build/lib/openram/technology/freepdk45/sp_lib/replica_cell_2rw.sp,E:\njust\keyan\SRAM Compiler_V2\OpenRAM-stable\build\lib\openram\technology\freepdk45\sp_lib\replica_cell_2rw.sp,.sp,567,7
openram,build/lib/openram/technology/freepdk45/sp_lib/sense_amp.sp,E:\njust\keyan\SRAM Compiler_V2\OpenRAM-stable\build\lib\openram\technology\freepdk45\sp_lib\sense_amp.sp,.sp,607,7
openram,build/lib/openram/technology/freepdk45/sp_lib/tri_gate.sp,E:\njust\keyan\SRAM Compiler_V2\OpenRAM-stable\build\lib\openram\technology\freepdk45\sp_lib\tri_gate.sp,.sp,405,7
openram,build/lib/openram/technology/freepdk45/sp_lib/write_driver.sp,E:\njust\keyan\SRAM Compiler_V2\OpenRAM-stable\build\lib\openram\technology\freepdk45\sp_lib\write_driver.sp,.sp,866,7
openram,compiler/tests/golden/sram_2_16_1_scn4m_subm.sp,E:\njust\keyan\SRAM Compiler_V2\OpenRAM-stable\compiler\tests\golden\sram_2_16_1_scn4m_subm.sp,.sp,24481,4
openram,compiler/tests/golden/sram_2_16_1_scn4m_subm.v,E:\njust\keyan\SRAM Compiler_V2\OpenRAM-stable\compiler\tests\golden\sram_2_16_1_scn4m_subm.v,.v,1808,4
openram,compiler/tests/golden/sram_2_16_1_sky130.sp,E:\njust\keyan\SRAM Compiler_V2\OpenRAM-stable\compiler\tests\golden\sram_2_16_1_sky130.sp,.sp,69849,4
openram,compiler/tests/golden/sram_2_16_2_scn4m_subm.v,E:\njust\keyan\SRAM Compiler_V2\OpenRAM-stable\compiler\tests\golden\sram_2_16_2_scn4m_subm.v,.v,1808,4
openram,compiler/tests/golden/sram_2_16_2_scn4m_subm_top.v,E:\njust\keyan\SRAM Compiler_V2\OpenRAM-stable\compiler\tests\golden\sram_2_16_2_scn4m_subm_top.v,.v,1799,4
openram,compiler/tests/sp_files/sram_2_16_1_scn4m_subm.sp,E:\njust\keyan\SRAM Compiler_V2\OpenRAM-stable\compiler\tests\sp_files\sram_2_16_1_scn4m_subm.sp,.sp,44365,4
openram,compiler/tests/sp_files/sram_2_16_1_sky130.sp,E:\njust\keyan\SRAM Compiler_V2\OpenRAM-stable\compiler\tests\sp_files\sram_2_16_1_sky130.sp,.sp,69849,4
openram,.venv/Lib/site-packages/openram-1.2.49-py3.11.egg/openram/technology/gf180mcu/sp_lib/cell1rw.sp,E:\njust\keyan\SRAM Compiler_V2\OpenRAM-stable\.venv\Lib\site-packages\openram-1.2.49-py3.11.egg\openram\technology\gf180mcu\sp_lib\cell1rw.sp,.sp,645,3
openram,.venv/Lib/site-packages/openram-1.2.49-py3.11.egg/openram/technology/gf180mcu/sp_lib/gf180mcu_3v3__nand2_1_dec.sp,E:\njust\keyan\SRAM Compiler_V2\OpenRAM-stable\.venv\Lib\site-packages\openram-1.2.49-py3.11.egg\openram\technology\gf180mcu\sp_lib\gf180mcu_3v3__nand2_1_dec.sp,.sp,224,3
openram,.venv/Lib/site-packages/openram-1.2.49-py3.11.egg/openram/technology/scn3me_subm/models/ff/nmos.sp,E:\njust\keyan\SRAM Compiler_V2\OpenRAM-stable\.venv\Lib\site-packages\openram-1.2.49-py3.11.egg\openram\technology\scn3me_subm\models\ff\nmos.sp,.sp,326,3
openram,.venv/Lib/site-packages/openram-1.2.49-py3.11.egg/openram/technology/scn3me_subm/models/ff/pmos.sp,E:\njust\keyan\SRAM Compiler_V2\OpenRAM-stable\.venv\Lib\site-packages\openram-1.2.49-py3.11.egg\openram\technology\scn3me_subm\models\ff\pmos.sp,.sp,326,3
openram,.venv/Lib/site-packages/openram-1.2.49-py3.11.egg/openram/technology/scn3me_subm/models/nom/nmos.sp,E:\njust\keyan\SRAM Compiler_V2\OpenRAM-stable\.venv\Lib\site-packages\openram-1.2.49-py3.11.egg\openram\technology\scn3me_subm\models\nom\nmos.sp,.sp,325,3
openram,.venv/Lib/site-packages/openram-1.2.49-py3.11.egg/openram/technology/scn3me_subm/models/nom/pmos.sp,E:\njust\keyan\SRAM Compiler_V2\OpenRAM-stable\.venv\Lib\site-packages\openram-1.2.49-py3.11.egg\openram\technology\scn3me_subm\models\nom\pmos.sp,.sp,327,3
openram,.venv/Lib/site-packages/openram-1.2.49-py3.11.egg/openram/technology/scn3me_subm/models/ss/nmos.sp,E:\njust\keyan\SRAM Compiler_V2\OpenRAM-stable\.venv\Lib\site-packages\openram-1.2.49-py3.11.egg\openram\technology\scn3me_subm\models\ss\nmos.sp,.sp,326,3
openram,.venv/Lib/site-packages/openram-1.2.49-py3.11.egg/openram/technology/scn3me_subm/models/ss/pmos.sp,E:\njust\keyan\SRAM Compiler_V2\OpenRAM-stable\.venv\Lib\site-packages\openram-1.2.49-py3.11.egg\openram\technology\scn3me_subm\models\ss\pmos.sp,.sp,326,3
openram,.venv/Lib/site-packages/openram-1.2.49-py3.11.egg/openram/technology/scn3me_subm/sp_lib/cell_1rw_1r.sp,E:\njust\keyan\SRAM Compiler_V2\OpenRAM-stable\.venv\Lib\site-packages\openram-1.2.49-py3.11.egg\openram\technology\scn3me_subm\sp_lib\cell_1rw_1r.sp,.sp,458,3
openram,.venv/Lib/site-packages/openram-1.2.49-py3.11.egg/openram/technology/scn3me_subm/sp_lib/cell_1w_1r.sp,E:\njust\keyan\SRAM Compiler_V2\OpenRAM-stable\.venv\Lib\site-packages\openram-1.2.49-py3.11.egg\openram\technology\scn3me_subm\sp_lib\cell_1w_1r.sp,.sp,457,3
openram,.venv/Lib/site-packages/openram-1.2.49-py3.11.egg/openram/technology/scn3me_subm/sp_lib/cell_6t.sp,E:\njust\keyan\SRAM Compiler_V2\OpenRAM-stable\.venv\Lib\site-packages\openram-1.2.49-py3.11.egg\openram\technology\scn3me_subm\sp_lib\cell_6t.sp,.sp,332,3
openram,.venv/Lib/site-packages/openram-1.2.49-py3.11.egg/openram/technology/scn3me_subm/sp_lib/dff.sp,E:\njust\keyan\SRAM Compiler_V2\OpenRAM-stable\.venv\Lib\site-packages\openram-1.2.49-py3.11.egg\openram\technology\scn3me_subm\sp_lib\dff.sp,.sp,1019,3
openram,.venv/Lib/site-packages/openram-1.2.49-py3.11.egg/openram/technology/scn3me_subm/sp_lib/incorrect/cell_1rw_1r.sp,E:\njust\keyan\SRAM Compiler_V2\OpenRAM-stable\.venv\Lib\site-packages\openram-1.2.49-py3.11.egg\openram\technology\scn3me_subm\sp_lib\incorrect\cell_1rw_1r.sp,.sp,458,3
openram,.venv/Lib/site-packages/openram-1.2.49-py3.11.egg/openram/technology/scn3me_subm/sp_lib/incorrect/cell_1w_1r.sp,E:\njust\keyan\SRAM Compiler_V2\OpenRAM-stable\.venv\Lib\site-packages\openram-1.2.49-py3.11.egg\openram\technology\scn3me_subm\sp_lib\incorrect\cell_1w_1r.sp,.sp,457,3
openram,.venv/Lib/site-packages/openram-1.2.49-py3.11.egg/openram/technology/scn3me_subm/sp_lib/incorrect/replica_cell_1rw_1r.sp,E:\njust\keyan\SRAM Compiler_V2\OpenRAM-stable\.venv\Lib\site-packages\openram-1.2.49-py3.11.egg\openram\technology\scn3me_subm\sp_lib\incorrect\replica_cell_1rw_1r.sp,.sp,454,3
openram,.venv/Lib/site-packages/openram-1.2.49-py3.11.egg/openram/technology/scn3me_subm/sp_lib/incorrect/replica_cell_1w_1r.sp,E:\njust\keyan\SRAM Compiler_V2\OpenRAM-stable\.venv\Lib\site-packages\openram-1.2.49-py3.11.egg\openram\technology\scn3me_subm\sp_lib\incorrect\replica_cell_1w_1r.sp,.sp,453,3
openram,.venv/Lib/site-packages/openram-1.2.49-py3.11.egg/openram/technology/scn3me_subm/sp_lib/ms_flop.sp,E:\njust\keyan\SRAM Compiler_V2\OpenRAM-stable\.venv\Lib\site-packages\openram-1.2.49-py3.11.egg\openram\technology\scn3me_subm\sp_lib\ms_flop.sp,.sp,861,3
openram,.venv/Lib/site-packages/openram-1.2.49-py3.11.egg/openram/technology/scn3me_subm/sp_lib/replica_cell_1rw_1r.sp,E:\njust\keyan\SRAM Compiler_V2\OpenRAM-stable\.venv\Lib\site-packages\openram-1.2.49-py3.11.egg\openram\technology\scn3me_subm\sp_lib\replica_cell_1rw_1r.sp,.sp,454,3
openram,.venv/Lib/site-packages/openram-1.2.49-py3.11.egg/openram/technology/scn3me_subm/sp_lib/replica_cell_1w_1r.sp,E:\njust\keyan\SRAM Compiler_V2\OpenRAM-stable\.venv\Lib\site-packages\openram-1.2.49-py3.11.egg\openram\technology\scn3me_subm\sp_lib\replica_cell_1w_1r.sp,.sp,453,3
openram,.venv/Lib/site-packages/openram-1.2.49-py3.11.egg/openram/technology/scn3me_subm/sp_lib/replica_cell_6t.sp,E:\njust\keyan\SRAM Compiler_V2\OpenRAM-stable\.venv\Lib\site-packages\openram-1.2.49-py3.11.egg\openram\technology\scn3me_subm\sp_lib\replica_cell_6t.sp,.sp,373,3
openram,.venv/Lib/site-packages/openram-1.2.49-py3.11.egg/openram/technology/scn3me_subm/sp_lib/sense_amp.sp,E:\njust\keyan\SRAM Compiler_V2\OpenRAM-stable\.venv\Lib\site-packages\openram-1.2.49-py3.11.egg\openram\technology\scn3me_subm\sp_lib\sense_amp.sp,.sp,435,3
openram,.venv/Lib/site-packages/openram-1.2.49-py3.11.egg/openram/technology/scn3me_subm/sp_lib/tri_gate.sp,E:\njust\keyan\SRAM Compiler_V2\OpenRAM-stable\.venv\Lib\site-packages\openram-1.2.49-py3.11.egg\openram\technology\scn3me_subm\sp_lib\tri_gate.sp,.sp,380,3
openram,.venv/Lib/site-packages/openram-1.2.49-py3.11.egg/openram/technology/scn3me_subm/sp_lib/write_driver.sp,E:\njust\keyan\SRAM Compiler_V2\OpenRAM-stable\.venv\Lib\site-packages\openram-1.2.49-py3.11.egg\openram\technology\scn3me_subm\sp_lib\write_driver.sp,.sp,1357,3
openram,.venv/Lib/site-packages/openram-1.2.49-py3.11.egg/openram/technology/scn4m_subm/models/ff/nmos.sp,E:\njust\keyan\SRAM Compiler_V2\OpenRAM-stable\.venv\Lib\site-packages\openram-1.2.49-py3.11.egg\openram\technology\scn4m_subm\models\ff\nmos.sp,.sp,2440,3
openram,.venv/Lib/site-packages/openram-1.2.49-py3.11.egg/openram/technology/scn4m_subm/models/ff/pmos.sp,E:\njust\keyan\SRAM Compiler_V2\OpenRAM-stable\.venv\Lib\site-packages\openram-1.2.49-py3.11.egg\openram\technology\scn4m_subm\models\ff\pmos.sp,.sp,2440,3
openram,.venv/Lib/site-packages/openram-1.2.49-py3.11.egg/openram/technology/scn4m_subm/models/nom/nmos.sp,E:\njust\keyan\SRAM Compiler_V2\OpenRAM-stable\.venv\Lib\site-packages\openram-1.2.49-py3.11.egg\openram\technology\scn4m_subm\models\nom\nmos.sp,.sp,2387,3
openram,.venv/Lib/site-packages/openram-1.2.49-py3.11.egg/openram/technology/scn4m_subm/models/nom/pmos.sp,E:\njust\keyan\SRAM Compiler_V2\OpenRAM-stable\.venv\Lib\site-packages\openram-1.2.49-py3.11.egg\openram\technology\scn4m_subm\models\nom\pmos.sp,.sp,2386,3
openram,.venv/Lib/site-packages/openram-1.2.49-py3.11.egg/openram/technology/scn4m_subm/models/ss/nmos.sp,E:\njust\keyan\SRAM Compiler_V2\OpenRAM-stable\.venv\Lib\site-packages\openram-1.2.49-py3.11.egg\openram\technology\scn4m_subm\models\ss\nmos.sp,.sp,2440,3
openram,.venv/Lib/site-packages/openram-1.2.49-py3.11.egg/openram/technology/scn4m_subm/models/ss/pmos.sp,E:\njust\keyan\SRAM Compiler_V2\OpenRAM-stable\.venv\Lib\site-packages\openram-1.2.49-py3.11.egg\openram\technology\scn4m_subm\models\ss\pmos.sp,.sp,2439,3
openram,.venv/Lib/site-packages/openram-1.2.49-py3.11.egg/openram/technology/scn4m_subm/sp_lib/cell_1rw.sp,E:\njust\keyan\SRAM Compiler_V2\OpenRAM-stable\.venv\Lib\site-packages\openram-1.2.49-py3.11.egg\openram\technology\scn4m_subm\sp_lib\cell_1rw.sp,.sp,442,3
openram,.venv/Lib/site-packages/openram-1.2.49-py3.11.egg/openram/technology/scn4m_subm/sp_lib/cell_2rw.sp,E:\njust\keyan\SRAM Compiler_V2\OpenRAM-stable\.venv\Lib\site-packages\openram-1.2.49-py3.11.egg\openram\technology\scn4m_subm\sp_lib\cell_2rw.sp,.sp,455,3
openram,.venv/Lib/site-packages/openram-1.2.49-py3.11.egg/openram/technology/scn4m_subm/sp_lib/dff.sp,E:\njust\keyan\SRAM Compiler_V2\OpenRAM-stable\.venv\Lib\site-packages\openram-1.2.49-py3.11.egg\openram\technology\scn4m_subm\sp_lib\dff.sp,.sp,1200,3
openram,.venv/Lib/site-packages/openram-1.2.49-py3.11.egg/openram/technology/scn4m_subm/sp_lib/dummy_cell_1rw.sp,E:\njust\keyan\SRAM Compiler_V2\OpenRAM-stable\.venv\Lib\site-packages\openram-1.2.49-py3.11.egg\openram\technology\scn4m_subm\sp_lib\dummy_cell_1rw.sp,.sp,408,3
openram,.venv/Lib/site-packages/openram-1.2.49-py3.11.egg/openram/technology/scn4m_subm/sp_lib/dummy_cell_2rw.sp,E:\njust\keyan\SRAM Compiler_V2\OpenRAM-stable\.venv\Lib\site-packages\openram-1.2.49-py3.11.egg\openram\technology\scn4m_subm\sp_lib\dummy_cell_2rw.sp,.sp,489,3
openram,.venv/Lib/site-packages/openram-1.2.49-py3.11.egg/openram/technology/scn4m_subm/sp_lib/replica_cell_1rw.sp,E:\njust\keyan\SRAM Compiler_V2\OpenRAM-stable\.venv\Lib\site-packages\openram-1.2.49-py3.11.egg\openram\technology\scn4m_subm\sp_lib\replica_cell_1rw.sp,.sp,440,3
openram,.venv/Lib/site-packages/openram-1.2.49-py3.11.egg/openram/technology/scn4m_subm/sp_lib/replica_cell_2rw.sp,E:\njust\keyan\SRAM Compiler_V2\OpenRAM-stable\.venv\Lib\site-packages\openram-1.2.49-py3.11.egg\openram\technology\scn4m_subm\sp_lib\replica_cell_2rw.sp,.sp,451,3
openram,.venv/Lib/site-packages/openram-1.2.49-py3.11.egg/openram/technology/scn4m_subm/sp_lib/sense_amp.sp,E:\njust\keyan\SRAM Compiler_V2\OpenRAM-stable\.venv\Lib\site-packages\openram-1.2.49-py3.11.egg\openram\technology\scn4m_subm\sp_lib\sense_amp.sp,.sp,668,3
openram,.venv/Lib/site-packages/openram-1.2.49-py3.11.egg/openram/technology/scn4m_subm/sp_lib/tri_gate.sp,E:\njust\keyan\SRAM Compiler_V2\OpenRAM-stable\.venv\Lib\site-packages\openram-1.2.49-py3.11.egg\openram\technology\scn4m_subm\sp_lib\tri_gate.sp,.sp,452,3
openram,.venv/Lib/site-packages/openram-1.2.49-py3.11.egg/openram/technology/scn4m_subm/sp_lib/write_driver.sp,E:\njust\keyan\SRAM Compiler_V2\OpenRAM-stable\.venv\Lib\site-packages\openram-1.2.49-py3.11.egg\openram\technology\scn4m_subm\sp_lib\write_driver.sp,.sp,1303,3
openram,build/lib/openram/technology/gf180mcu/sp_lib/cell1rw.sp,E:\njust\keyan\SRAM Compiler_V2\OpenRAM-stable\build\lib\openram\technology\gf180mcu\sp_lib\cell1rw.sp,.sp,645,3
openram,build/lib/openram/technology/gf180mcu/sp_lib/gf180mcu_3v3__nand2_1_dec.sp,E:\njust\keyan\SRAM Compiler_V2\OpenRAM-stable\build\lib\openram\technology\gf180mcu\sp_lib\gf180mcu_3v3__nand2_1_dec.sp,.sp,224,3
openram,build/lib/openram/technology/scn3me_subm/models/ff/nmos.sp,E:\njust\keyan\SRAM Compiler_V2\OpenRAM-stable\build\lib\openram\technology\scn3me_subm\models\ff\nmos.sp,.sp,326,3
openram,build/lib/openram/technology/scn3me_subm/models/ff/pmos.sp,E:\njust\keyan\SRAM Compiler_V2\OpenRAM-stable\build\lib\openram\technology\scn3me_subm\models\ff\pmos.sp,.sp,326,3
openram,build/lib/openram/technology/scn3me_subm/models/nom/nmos.sp,E:\njust\keyan\SRAM Compiler_V2\OpenRAM-stable\build\lib\openram\technology\scn3me_subm\models\nom\nmos.sp,.sp,325,3
openram,build/lib/openram/technology/scn3me_subm/models/nom/pmos.sp,E:\njust\keyan\SRAM Compiler_V2\OpenRAM-stable\build\lib\openram\technology\scn3me_subm\models\nom\pmos.sp,.sp,327,3
openram,build/lib/openram/technology/scn3me_subm/models/ss/nmos.sp,E:\njust\keyan\SRAM Compiler_V2\OpenRAM-stable\build\lib\openram\technology\scn3me_subm\models\ss\nmos.sp,.sp,326,3
openram,build/lib/openram/technology/scn3me_subm/models/ss/pmos.sp,E:\njust\keyan\SRAM Compiler_V2\OpenRAM-stable\build\lib\openram\technology\scn3me_subm\models\ss\pmos.sp,.sp,326,3
openram,build/lib/openram/technology/scn3me_subm/sp_lib/cell_1rw_1r.sp,E:\njust\keyan\SRAM Compiler_V2\OpenRAM-stable\build\lib\openram\technology\scn3me_subm\sp_lib\cell_1rw_1r.sp,.sp,458,3
openram,build/lib/openram/technology/scn3me_subm/sp_lib/cell_1w_1r.sp,E:\njust\keyan\SRAM Compiler_V2\OpenRAM-stable\build\lib\openram\technology\scn3me_subm\sp_lib\cell_1w_1r.sp,.sp,457,3
openram,build/lib/openram/technology/scn3me_subm/sp_lib/cell_6t.sp,E:\njust\keyan\SRAM Compiler_V2\OpenRAM-stable\build\lib\openram\technology\scn3me_subm\sp_lib\cell_6t.sp,.sp,332,3
openram,build/lib/openram/technology/scn3me_subm/sp_lib/dff.sp,E:\njust\keyan\SRAM Compiler_V2\OpenRAM-stable\build\lib\openram\technology\scn3me_subm\sp_lib\dff.sp,.sp,1019,3
openram,build/lib/openram/technology/scn3me_subm/sp_lib/incorrect/cell_1rw_1r.sp,E:\njust\keyan\SRAM Compiler_V2\OpenRAM-stable\build\lib\openram\technology\scn3me_subm\sp_lib\incorrect\cell_1rw_1r.sp,.sp,458,3
openram,build/lib/openram/technology/scn3me_subm/sp_lib/incorrect/cell_1w_1r.sp,E:\njust\keyan\SRAM Compiler_V2\OpenRAM-stable\build\lib\openram\technology\scn3me_subm\sp_lib\incorrect\cell_1w_1r.sp,.sp,457,3
openram,build/lib/openram/technology/scn3me_subm/sp_lib/incorrect/replica_cell_1rw_1r.sp,E:\njust\keyan\SRAM Compiler_V2\OpenRAM-stable\build\lib\openram\technology\scn3me_subm\sp_lib\incorrect\replica_cell_1rw_1r.sp,.sp,454,3
openram,build/lib/openram/technology/scn3me_subm/sp_lib/incorrect/replica_cell_1w_1r.sp,E:\njust\keyan\SRAM Compiler_V2\OpenRAM-stable\build\lib\openram\technology\scn3me_subm\sp_lib\incorrect\replica_cell_1w_1r.sp,.sp,453,3
openram,build/lib/openram/technology/scn3me_subm/sp_lib/ms_flop.sp,E:\njust\keyan\SRAM Compiler_V2\OpenRAM-stable\build\lib\openram\technology\scn3me_subm\sp_lib\ms_flop.sp,.sp,861,3
openram,build/lib/openram/technology/scn3me_subm/sp_lib/replica_cell_1rw_1r.sp,E:\njust\keyan\SRAM Compiler_V2\OpenRAM-stable\build\lib\openram\technology\scn3me_subm\sp_lib\replica_cell_1rw_1r.sp,.sp,454,3
openram,build/lib/openram/technology/scn3me_subm/sp_lib/replica_cell_1w_1r.sp,E:\njust\keyan\SRAM Compiler_V2\OpenRAM-stable\build\lib\openram\technology\scn3me_subm\sp_lib\replica_cell_1w_1r.sp,.sp,453,3
openram,build/lib/openram/technology/scn3me_subm/sp_lib/replica_cell_6t.sp,E:\njust\keyan\SRAM Compiler_V2\OpenRAM-stable\build\lib\openram\technology\scn3me_subm\sp_lib\replica_cell_6t.sp,.sp,373,3
openram,build/lib/openram/technology/scn3me_subm/sp_lib/sense_amp.sp,E:\njust\keyan\SRAM Compiler_V2\OpenRAM-stable\build\lib\openram\technology\scn3me_subm\sp_lib\sense_amp.sp,.sp,435,3
openram,build/lib/openram/technology/scn3me_subm/sp_lib/tri_gate.sp,E:\njust\keyan\SRAM Compiler_V2\OpenRAM-stable\build\lib\openram\technology\scn3me_subm\sp_lib\tri_gate.sp,.sp,380,3
openram,build/lib/openram/technology/scn3me_subm/sp_lib/write_driver.sp,E:\njust\keyan\SRAM Compiler_V2\OpenRAM-stable\build\lib\openram\technology\scn3me_subm\sp_lib\write_driver.sp,.sp,1357,3
openram,build/lib/openram/technology/scn4m_subm/models/ff/nmos.sp,E:\njust\keyan\SRAM Compiler_V2\OpenRAM-stable\build\lib\openram\technology\scn4m_subm\models\ff\nmos.sp,.sp,2440,3
openram,build/lib/openram/technology/scn4m_subm/models/ff/pmos.sp,E:\njust\keyan\SRAM Compiler_V2\OpenRAM-stable\build\lib\openram\technology\scn4m_subm\models\ff\pmos.sp,.sp,2440,3
openram,build/lib/openram/technology/scn4m_subm/models/nom/nmos.sp,E:\njust\keyan\SRAM Compiler_V2\OpenRAM-stable\build\lib\openram\technology\scn4m_subm\models\nom\nmos.sp,.sp,2387,3
openram,build/lib/openram/technology/scn4m_subm/models/nom/pmos.sp,E:\njust\keyan\SRAM Compiler_V2\OpenRAM-stable\build\lib\openram\technology\scn4m_subm\models\nom\pmos.sp,.sp,2386,3
openram,build/lib/openram/technology/scn4m_subm/models/ss/nmos.sp,E:\njust\keyan\SRAM Compiler_V2\OpenRAM-stable\build\lib\openram\technology\scn4m_subm\models\ss\nmos.sp,.sp,2440,3
openram,build/lib/openram/technology/scn4m_subm/models/ss/pmos.sp,E:\njust\keyan\SRAM Compiler_V2\OpenRAM-stable\build\lib\openram\technology\scn4m_subm\models\ss\pmos.sp,.sp,2439,3
openram,build/lib/openram/technology/scn4m_subm/sp_lib/cell_1rw.sp,E:\njust\keyan\SRAM Compiler_V2\OpenRAM-stable\build\lib\openram\technology\scn4m_subm\sp_lib\cell_1rw.sp,.sp,442,3
openram,build/lib/openram/technology/scn4m_subm/sp_lib/cell_2rw.sp,E:\njust\keyan\SRAM Compiler_V2\OpenRAM-stable\build\lib\openram\technology\scn4m_subm\sp_lib\cell_2rw.sp,.sp,455,3
openram,build/lib/openram/technology/scn4m_subm/sp_lib/dff.sp,E:\njust\keyan\SRAM Compiler_V2\OpenRAM-stable\build\lib\openram\technology\scn4m_subm\sp_lib\dff.sp,.sp,1200,3
openram,build/lib/openram/technology/scn4m_subm/sp_lib/dummy_cell_1rw.sp,E:\njust\keyan\SRAM Compiler_V2\OpenRAM-stable\build\lib\openram\technology\scn4m_subm\sp_lib\dummy_cell_1rw.sp,.sp,408,3
openram,build/lib/openram/technology/scn4m_subm/sp_lib/dummy_cell_2rw.sp,E:\njust\keyan\SRAM Compiler_V2\OpenRAM-stable\build\lib\openram\technology\scn4m_subm\sp_lib\dummy_cell_2rw.sp,.sp,489,3
openram,build/lib/openram/technology/scn4m_subm/sp_lib/replica_cell_1rw.sp,E:\njust\keyan\SRAM Compiler_V2\OpenRAM-stable\build\lib\openram\technology\scn4m_subm\sp_lib\replica_cell_1rw.sp,.sp,440,3
openram,build/lib/openram/technology/scn4m_subm/sp_lib/replica_cell_2rw.sp,E:\njust\keyan\SRAM Compiler_V2\OpenRAM-stable\build\lib\openram\technology\scn4m_subm\sp_lib\replica_cell_2rw.sp,.sp,451,3
openram,build/lib/openram/technology/scn4m_subm/sp_lib/sense_amp.sp,E:\njust\keyan\SRAM Compiler_V2\OpenRAM-stable\build\lib\openram\technology\scn4m_subm\sp_lib\sense_amp.sp,.sp,668,3
openram,build/lib/openram/technology/scn4m_subm/sp_lib/tri_gate.sp,E:\njust\keyan\SRAM Compiler_V2\OpenRAM-stable\build\lib\openram\technology\scn4m_subm\sp_lib\tri_gate.sp,.sp,452,3
openram,build/lib/openram/technology/scn4m_subm/sp_lib/write_driver.sp,E:\njust\keyan\SRAM Compiler_V2\OpenRAM-stable\build\lib\openram\technology\scn4m_subm\sp_lib\write_driver.sp,.sp,1303,3
openyield,third_party/OpenYield/size_optimization/model_lib/models.spice,E:\njust\keyan\SRAM Compiler_V2\OpenRAM-stable\third_party\OpenYield\size_optimization\model_lib\models.spice,.spice,11168,-2
openyield,third_party/OpenYield/tran_models/models_FF.spice,E:\njust\keyan\SRAM Compiler_V2\OpenRAM-stable\third_party\OpenYield\tran_models\models_FF.spice,.spice,33457,-5
openyield,third_party/OpenYield/tran_models/models_FS.spice,E:\njust\keyan\SRAM Compiler_V2\OpenRAM-stable\third_party\OpenYield\tran_models\models_FS.spice,.spice,33424,-5
openyield,third_party/OpenYield/tran_models/models_SF.spice,E:\njust\keyan\SRAM Compiler_V2\OpenRAM-stable\third_party\OpenYield\tran_models\models_SF.spice,.spice,33430,-5
openyield,third_party/OpenYield/tran_models/models_SS.spice,E:\njust\keyan\SRAM Compiler_V2\OpenRAM-stable\third_party\OpenYield\tran_models\models_SS.spice,.spice,33433,-5
openyield,third_party/OpenYield/tran_models/models_TT.spice,E:\njust\keyan\SRAM Compiler_V2\OpenRAM-stable\third_party\OpenYield\tran_models\models_TT.spice,.spice,33444,-5
other,build/deliverable_smoke2_2x16/sram_2x16_b1_wpr1_ctrl2col_freepdk45.sp,E:\njust\keyan\SRAM Compiler_V2\OpenRAM-stable\build\deliverable_smoke2_2x16\sram_2x16_b1_wpr1_ctrl2col_freepdk45.sp,.sp,54031,12
other,build/deliverable_smoke_2x16/sram_2x16_b1_wpr1_ctrl2col_freepdk45.sp,E:\njust\keyan\SRAM Compiler_V2\OpenRAM-stable\build\deliverable_smoke_2x16\sram_2x16_b1_wpr1_ctrl2col_freepdk45.sp,.sp,54031,12
other,build/light_benchmarks_small/2x16/compact_delay_two_column/sram_2x16_b1_wpr1_ctrl2col_freepdk45.sp,E:\njust\keyan\SRAM Compiler_V2\OpenRAM-stable\build\light_benchmarks_small\2x16\compact_delay_two_column\sram_2x16_b1_wpr1_ctrl2col_freepdk45.sp,.sp,54031,12
other,build/light_layoutgen_smoke_2x16/sram_2x16_b1_wpr1_ctrl2col_freepdk45.sp,E:\njust\keyan\SRAM Compiler_V2\OpenRAM-stable\build\light_layoutgen_smoke_2x16\sram_2x16_b1_wpr1_ctrl2col_freepdk45.sp,.sp,54031,12
other,build/light_benchmarks_small/4x32/compact_delay_two_column/sram_4x32_b1_wpr2_ctrl2col_freepdk45.sp,E:\njust\keyan\SRAM Compiler_V2\OpenRAM-stable\build\light_benchmarks_small\4x32\compact_delay_two_column\sram_4x32_b1_wpr2_ctrl2col_freepdk45.sp,.sp,69387,9
other,build/light_benchmarks_small/8x64/compact_delay_two_column/sram_8x64_b1_wpr4_ctrl2col_freepdk45.sp,E:\njust\keyan\SRAM Compiler_V2\OpenRAM-stable\build\light_benchmarks_small\8x64\compact_delay_two_column\sram_8x64_b1_wpr4_ctrl2col_freepdk45.sp,.sp,116031,9
other,compiler/modules/sram_multibank_template.v,E:\njust\keyan\SRAM Compiler_V2\OpenRAM-stable\compiler\modules\sram_multibank_template.v,.v,4694,5
other,compiler/tests/sram_1rw_1r_tb.v,E:\njust\keyan\SRAM Compiler_V2\OpenRAM-stable\compiler\tests\sram_1rw_1r_tb.v,.v,2060,4
other,compiler/tests/sram_1rw_tb.v,E:\njust\keyan\SRAM Compiler_V2\OpenRAM-stable\compiler\tests\sram_1rw_tb.v,.v,1382,4
other,compiler/tests/sram_1rw_wmask_tb.v,E:\njust\keyan\SRAM Compiler_V2\OpenRAM-stable\compiler\tests\sram_1rw_wmask_tb.v,.v,1476,4
other,technology/freepdk45/sp_lib/cell_1rw.sp,E:\njust\keyan\SRAM Compiler_V2\OpenRAM-stable\technology\freepdk45\sp_lib\cell_1rw.sp,.sp,359,2
other,technology/freepdk45/sp_lib/cell_2rw.sp,E:\njust\keyan\SRAM Compiler_V2\OpenRAM-stable\technology\freepdk45\sp_lib\cell_2rw.sp,.sp,571,2
other,technology/freepdk45/sp_lib/dff.sp,E:\njust\keyan\SRAM Compiler_V2\OpenRAM-stable\technology\freepdk45\sp_lib\dff.sp,.sp,1647,2
other,technology/freepdk45/sp_lib/dummy_cell_1rw.sp,E:\njust\keyan\SRAM Compiler_V2\OpenRAM-stable\technology\freepdk45\sp_lib\dummy_cell_1rw.sp,.sp,385,2
other,technology/freepdk45/sp_lib/dummy_cell_2rw.sp,E:\njust\keyan\SRAM Compiler_V2\OpenRAM-stable\technology\freepdk45\sp_lib\dummy_cell_2rw.sp,.sp,605,2
other,technology/freepdk45/sp_lib/replica_cell_1rw.sp,E:\njust\keyan\SRAM Compiler_V2\OpenRAM-stable\technology\freepdk45\sp_lib\replica_cell_1rw.sp,.sp,357,2
other,technology/freepdk45/sp_lib/replica_cell_2rw.sp,E:\njust\keyan\SRAM Compiler_V2\OpenRAM-stable\technology\freepdk45\sp_lib\replica_cell_2rw.sp,.sp,567,2
other,technology/freepdk45/sp_lib/sense_amp.sp,E:\njust\keyan\SRAM Compiler_V2\OpenRAM-stable\technology\freepdk45\sp_lib\sense_amp.sp,.sp,607,2
other,technology/freepdk45/sp_lib/tri_gate.sp,E:\njust\keyan\SRAM Compiler_V2\OpenRAM-stable\technology\freepdk45\sp_lib\tri_gate.sp,.sp,405,2
other,technology/freepdk45/sp_lib/write_driver.sp,E:\njust\keyan\SRAM Compiler_V2\OpenRAM-stable\technology\freepdk45\sp_lib\write_driver.sp,.sp,866,2
other,technology/gf180mcu/sp_lib/cell1rw.sp,E:\njust\keyan\SRAM Compiler_V2\OpenRAM-stable\technology\gf180mcu\sp_lib\cell1rw.sp,.sp,645,-2
other,technology/gf180mcu/sp_lib/gf180mcu_3v3__nand2_1_dec.sp,E:\njust\keyan\SRAM Compiler_V2\OpenRAM-stable\technology\gf180mcu\sp_lib\gf180mcu_3v3__nand2_1_dec.sp,.sp,224,-2
other,technology/scn3me_subm/models/ff/nmos.sp,E:\njust\keyan\SRAM Compiler_V2\OpenRAM-stable\technology\scn3me_subm\models\ff\nmos.sp,.sp,326,-2
other,technology/scn3me_subm/models/ff/pmos.sp,E:\njust\keyan\SRAM Compiler_V2\OpenRAM-stable\technology\scn3me_subm\models\ff\pmos.sp,.sp,326,-2
other,technology/scn3me_subm/models/nom/nmos.sp,E:\njust\keyan\SRAM Compiler_V2\OpenRAM-stable\technology\scn3me_subm\models\nom\nmos.sp,.sp,325,-2
other,technology/scn3me_subm/models/nom/pmos.sp,E:\njust\keyan\SRAM Compiler_V2\OpenRAM-stable\technology\scn3me_subm\models\nom\pmos.sp,.sp,327,-2
other,technology/scn3me_subm/models/ss/nmos.sp,E:\njust\keyan\SRAM Compiler_V2\OpenRAM-stable\technology\scn3me_subm\models\ss\nmos.sp,.sp,326,-2
other,technology/scn3me_subm/models/ss/pmos.sp,E:\njust\keyan\SRAM Compiler_V2\OpenRAM-stable\technology\scn3me_subm\models\ss\pmos.sp,.sp,326,-2
other,technology/scn3me_subm/sp_lib/cell_1rw_1r.sp,E:\njust\keyan\SRAM Compiler_V2\OpenRAM-stable\technology\scn3me_subm\sp_lib\cell_1rw_1r.sp,.sp,458,-2
other,technology/scn3me_subm/sp_lib/cell_1w_1r.sp,E:\njust\keyan\SRAM Compiler_V2\OpenRAM-stable\technology\scn3me_subm\sp_lib\cell_1w_1r.sp,.sp,457,-2
other,technology/scn3me_subm/sp_lib/cell_6t.sp,E:\njust\keyan\SRAM Compiler_V2\OpenRAM-stable\technology\scn3me_subm\sp_lib\cell_6t.sp,.sp,332,-2
other,technology/scn3me_subm/sp_lib/dff.sp,E:\njust\keyan\SRAM Compiler_V2\OpenRAM-stable\technology\scn3me_subm\sp_lib\dff.sp,.sp,1019,-2
other,technology/scn3me_subm/sp_lib/incorrect/cell_1rw_1r.sp,E:\njust\keyan\SRAM Compiler_V2\OpenRAM-stable\technology\scn3me_subm\sp_lib\incorrect\cell_1rw_1r.sp,.sp,458,-2
other,technology/scn3me_subm/sp_lib/incorrect/cell_1w_1r.sp,E:\njust\keyan\SRAM Compiler_V2\OpenRAM-stable\technology\scn3me_subm\sp_lib\incorrect\cell_1w_1r.sp,.sp,457,-2
other,technology/scn3me_subm/sp_lib/incorrect/replica_cell_1rw_1r.sp,E:\njust\keyan\SRAM Compiler_V2\OpenRAM-stable\technology\scn3me_subm\sp_lib\incorrect\replica_cell_1rw_1r.sp,.sp,454,-2
other,technology/scn3me_subm/sp_lib/incorrect/replica_cell_1w_1r.sp,E:\njust\keyan\SRAM Compiler_V2\OpenRAM-stable\technology\scn3me_subm\sp_lib\incorrect\replica_cell_1w_1r.sp,.sp,453,-2
other,technology/scn3me_subm/sp_lib/ms_flop.sp,E:\njust\keyan\SRAM Compiler_V2\OpenRAM-stable\technology\scn3me_subm\sp_lib\ms_flop.sp,.sp,861,-2
other,technology/scn3me_subm/sp_lib/replica_cell_1rw_1r.sp,E:\njust\keyan\SRAM Compiler_V2\OpenRAM-stable\technology\scn3me_subm\sp_lib\replica_cell_1rw_1r.sp,.sp,454,-2
other,technology/scn3me_subm/sp_lib/replica_cell_1w_1r.sp,E:\njust\keyan\SRAM Compiler_V2\OpenRAM-stable\technology\scn3me_subm\sp_lib\replica_cell_1w_1r.sp,.sp,453,-2
other,technology/scn3me_subm/sp_lib/replica_cell_6t.sp,E:\njust\keyan\SRAM Compiler_V2\OpenRAM-stable\technology\scn3me_subm\sp_lib\replica_cell_6t.sp,.sp,373,-2
other,technology/scn3me_subm/sp_lib/sense_amp.sp,E:\njust\keyan\SRAM Compiler_V2\OpenRAM-stable\technology\scn3me_subm\sp_lib\sense_amp.sp,.sp,435,-2
other,technology/scn3me_subm/sp_lib/tri_gate.sp,E:\njust\keyan\SRAM Compiler_V2\OpenRAM-stable\technology\scn3me_subm\sp_lib\tri_gate.sp,.sp,380,-2
other,technology/scn3me_subm/sp_lib/write_driver.sp,E:\njust\keyan\SRAM Compiler_V2\OpenRAM-stable\technology\scn3me_subm\sp_lib\write_driver.sp,.sp,1357,-2
other,technology/scn4m_subm/models/ff/nmos.sp,E:\njust\keyan\SRAM Compiler_V2\OpenRAM-stable\technology\scn4m_subm\models\ff\nmos.sp,.sp,2440,-2
other,technology/scn4m_subm/models/ff/pmos.sp,E:\njust\keyan\SRAM Compiler_V2\OpenRAM-stable\technology\scn4m_subm\models\ff\pmos.sp,.sp,2440,-2
other,technology/scn4m_subm/models/nom/nmos.sp,E:\njust\keyan\SRAM Compiler_V2\OpenRAM-stable\technology\scn4m_subm\models\nom\nmos.sp,.sp,2387,-2
other,technology/scn4m_subm/models/nom/pmos.sp,E:\njust\keyan\SRAM Compiler_V2\OpenRAM-stable\technology\scn4m_subm\models\nom\pmos.sp,.sp,2386,-2
other,technology/scn4m_subm/models/ss/nmos.sp,E:\njust\keyan\SRAM Compiler_V2\OpenRAM-stable\technology\scn4m_subm\models\ss\nmos.sp,.sp,2440,-2
other,technology/scn4m_subm/models/ss/pmos.sp,E:\njust\keyan\SRAM Compiler_V2\OpenRAM-stable\technology\scn4m_subm\models\ss\pmos.sp,.sp,2439,-2
other,technology/scn4m_subm/sp_lib/cell_1rw.sp,E:\njust\keyan\SRAM Compiler_V2\OpenRAM-stable\technology\scn4m_subm\sp_lib\cell_1rw.sp,.sp,442,-2
other,technology/scn4m_subm/sp_lib/cell_2rw.sp,E:\njust\keyan\SRAM Compiler_V2\OpenRAM-stable\technology\scn4m_subm\sp_lib\cell_2rw.sp,.sp,455,-2
other,technology/scn4m_subm/sp_lib/dff.sp,E:\njust\keyan\SRAM Compiler_V2\OpenRAM-stable\technology\scn4m_subm\sp_lib\dff.sp,.sp,1200,-2
other,technology/scn4m_subm/sp_lib/dummy_cell_1rw.sp,E:\njust\keyan\SRAM Compiler_V2\OpenRAM-stable\technology\scn4m_subm\sp_lib\dummy_cell_1rw.sp,.sp,408,-2
other,technology/scn4m_subm/sp_lib/dummy_cell_2rw.sp,E:\njust\keyan\SRAM Compiler_V2\OpenRAM-stable\technology\scn4m_subm\sp_lib\dummy_cell_2rw.sp,.sp,489,-2
other,technology/scn4m_subm/sp_lib/replica_cell_1rw.sp,E:\njust\keyan\SRAM Compiler_V2\OpenRAM-stable\technology\scn4m_subm\sp_lib\replica_cell_1rw.sp,.sp,440,-2
other,technology/scn4m_subm/sp_lib/replica_cell_2rw.sp,E:\njust\keyan\SRAM Compiler_V2\OpenRAM-stable\technology\scn4m_subm\sp_lib\replica_cell_2rw.sp,.sp,451,-2
other,technology/scn4m_subm/sp_lib/sense_amp.sp,E:\njust\keyan\SRAM Compiler_V2\OpenRAM-stable\technology\scn4m_subm\sp_lib\sense_amp.sp,.sp,668,-2
other,technology/scn4m_subm/sp_lib/tri_gate.sp,E:\njust\keyan\SRAM Compiler_V2\OpenRAM-stable\technology\scn4m_subm\sp_lib\tri_gate.sp,.sp,452,-2
other,technology/scn4m_subm/sp_lib/write_driver.sp,E:\njust\keyan\SRAM Compiler_V2\OpenRAM-stable\technology\scn4m_subm\sp_lib\write_driver.sp,.sp,1303,-2
